USE openiam;

DELETE FROM res_to_res_membership WHERE MEMBER_RESOURCE_ID IN('AUTHENTICATION_POLICY', 'NEW_AUTHENTICATION_POLICY', 'PASSWORD_POLICY', 'NEW_PASSWORD_POLICY', 'ASSOC_POLICY', 'UPLOAD_CUST_PSWD_POLICY', 'POLICY_ATTR_ROOT', 'POLICY_ATTR_EDIT_ROOT', 'PASSWORD_POLICY_EDIT', 'EDIT_POLICY_ATTR_SRCH_BCK', 'NEW_EDIT_POLICY_ATTR', 'NEW_POLICY_ATTR', 'ATTRIBUTE_POLICY');

DELETE FROM RESOURCE_PROP WHERE RESOURCE_ID IN ('AUTHENTICATION_POLICY', 'NEW_AUTHENTICATION_POLICY', 'PASSWORD_POLICY', 'NEW_PASSWORD_POLICY', 'PASSWORD_POLICY_ROOT_MENU', 'AUTHENTICATION_POLICY_ROOT_MENU', 'ASSOC_POLICY', 'UPLOAD_CUST_PSWD_POLICY', 'POLICY_ATTR_ROOT', 'POLICY_ATTR_EDIT_ROOT', 'PASSWORD_POLICY_EDIT', 'EDIT_POLICY_ATTR_SRCH_BCK', 'NEW_EDIT_POLICY_ATTR', 'NEW_POLICY_ATTR', 'ATTRIBUTE_POLICY');

DELETE FROM RESOURCE_ROLE WHERE RESOURCE_ID IN ('AUTHENTICATION_POLICY', 'NEW_AUTHENTICATION_POLICY', 'PASSWORD_POLICY', 'NEW_PASSWORD_POLICY', 'PASSWORD_POLICY_ROOT_MENU', 'AUTHENTICATION_POLICY_ROOT_MENU', 'ASSOC_POLICY', 'UPLOAD_CUST_PSWD_POLICY', 'POLICY_ATTR_ROOT', 'POLICY_ATTR_EDIT_ROOT', 'PASSWORD_POLICY_EDIT', 'EDIT_POLICY_ATTR_SRCH_BCK', 'NEW_EDIT_POLICY_ATTR', 'NEW_POLICY_ATTR', 'ATTRIBUTE_POLICY');

DELETE FROM RES WHERE RESOURCE_ID IN('AUTHENTICATION_POLICY', 'NEW_AUTHENTICATION_POLICY', 'PASSWORD_POLICY', 'NEW_PASSWORD_POLICY', 'PASSWORD_POLICY_ROOT_MENU', 'AUTHENTICATION_POLICY_ROOT_MENU', 'ASSOC_POLICY', 'UPLOAD_CUST_PSWD_POLICY', 'POLICY_ATTR_ROOT', 'POLICY_ATTR_EDIT_ROOT', 'PASSWORD_POLICY_EDIT', 'EDIT_POLICY_ATTR_SRCH_BCK', 'NEW_EDIT_POLICY_ATTR', 'NEW_POLICY_ATTR', 'ATTRIBUTE_POLICY');

INSERT INTO RES (RESOURCE_ID, RESOURCE_TYPE_ID, DESCRIPTION, NAME, DISPLAY_ORDER, URL, IS_PUBLIC, IS_SSL) VALUES ('PASSWORD_POLICY', 'MENU_ITEM', 'Password policy', 'PASSWORD_POLICY', 1, '/webconsole/passwordPolicy.html', 'Y', 'N');

INSERT INTO RESOURCE_PROP (RESOURCE_PROP_ID, RESOURCE_ID, NAME, PROP_VALUE) VALUES ('POLICY_MENU_PUB', 'PASSWORD_POLICY', 'MENU_IS_PUBLIC', 'true');

INSERT INTO RESOURCE_PROP (RESOURCE_PROP_ID, RESOURCE_ID, NAME, PROP_VALUE) VALUES ('POLICY_MENU_DESC', 'PASSWORD_POLICY', 'MENU_DISPLAY_NAME', 'Password Policy');


INSERT INTO RES (RESOURCE_ID, RESOURCE_TYPE_ID, DESCRIPTION, NAME, DISPLAY_ORDER, IS_PUBLIC, IS_SSL) VALUES ('PASSWORD_POLICY_ROOT_MENU', 'MENU_ITEM', 'Root for Password policy Context Menu', 'PASSWORD_POLICY_ROOT_MENU', 1, 'Y', 'N');

INSERT INTO RESOURCE_PROP (RESOURCE_PROP_ID, RESOURCE_ID, NAME, PROP_VALUE) VALUES ('POLICY_ROOT_MENU_PUB', 'PASSWORD_POLICY_ROOT_MENU', 'MENU_IS_PUBLIC', 'true');

INSERT INTO RESOURCE_PROP (RESOURCE_PROP_ID, RESOURCE_ID, NAME, PROP_VALUE) VALUES ('POLICY_ROOT_MENU_DESC', 'PASSWORD_POLICY_ROOT_MENU', 'MENU_DISPLAY_NAME', 'Password Policy Root Menu');


INSERT INTO RES (RESOURCE_ID, RESOURCE_TYPE_ID, NAME, DESCRIPTION, URL, DISPLAY_ORDER, IS_PUBLIC, IS_SSL) VALUES('NEW_PASSWORD_POLICY', 'MENU_ITEM', 'NEW_PASSWORD_POLICY', 'Create New Password Policy ','/webconsole/editPolicy.html', 1, 'Y', 'N');
INSERT INTO RESOURCE_PROP (RESOURCE_PROP_ID, RESOURCE_ID, NAME, PROP_VALUE) VALUES ('NEW_PASSWORD_POLICY_PUB', 'NEW_PASSWORD_POLICY', 'MENU_IS_PUBLIC', 'true');
INSERT INTO RESOURCE_PROP (RESOURCE_PROP_ID, RESOURCE_ID, NAME, PROP_VALUE) VALUES ('NEW_PASSWORD_POLICY_DESC', 'NEW_PASSWORD_POLICY', 'MENU_DISPLAY_NAME', 'Create New Pswd Policy');



INSERT INTO res_to_res_membership (RESOURCE_ID, MEMBER_RESOURCE_ID) VALUES('SECURITY_POLICY', 'PASSWORD_POLICY');
INSERT INTO res_to_res_membership (RESOURCE_ID, MEMBER_RESOURCE_ID) VALUES('PASSWORD_POLICY_ROOT_MENU', 'NEW_PASSWORD_POLICY');


INSERT INTO RES (RESOURCE_ID, RESOURCE_TYPE_ID, DESCRIPTION, NAME, DISPLAY_ORDER, URL, IS_PUBLIC, IS_SSL) VALUES ('AUTHENTICATION_POLICY', 'MENU_ITEM', 'Authentication policy', 'AUTHENTICATION_POLICY', 2, '/webconsole/authenticationPolicy.html', 'Y', 'N');

INSERT INTO RESOURCE_PROP (RESOURCE_PROP_ID, RESOURCE_ID, NAME, PROP_VALUE) VALUES ('AUTHENTICATION_POLICY_MENU_PUB', 'AUTHENTICATION_POLICY', 'MENU_IS_PUBLIC', 'true');

INSERT INTO RESOURCE_PROP (RESOURCE_PROP_ID, RESOURCE_ID, NAME, PROP_VALUE) VALUES ('AUTHENTICATION_POLICY_MENU_DESC', 'AUTHENTICATION_POLICY', 'MENU_DISPLAY_NAME', 'Authenticaton Policy');


INSERT INTO RES (RESOURCE_ID, RESOURCE_TYPE_ID, DESCRIPTION, NAME, DISPLAY_ORDER, IS_PUBLIC, IS_SSL) VALUES ('AUTHENTICATION_POLICY_ROOT_MENU', 'MENU_ITEM', 'Root for Authentication policy Context Menu', 'AUTHENTICATION_POLICY_ROOT_MENU', 1, 'Y', 'N');

INSERT INTO RESOURCE_PROP (RESOURCE_PROP_ID, RESOURCE_ID, NAME, PROP_VALUE) VALUES ('AUTH_POLICY_ROOT_MENU_PUB', 'AUTHENTICATION_POLICY_ROOT_MENU', 'MENU_IS_PUBLIC', 'true');

INSERT INTO RESOURCE_PROP (RESOURCE_PROP_ID, RESOURCE_ID, NAME, PROP_VALUE) VALUES ('AUTH_POLICY_ROOT_MENU_DESC', 'AUTHENTICATION_POLICY_ROOT_MENU', 'MENU_DISPLAY_NAME', 'Authentication Policy Root Menu');


INSERT INTO RES (RESOURCE_ID, RESOURCE_TYPE_ID, NAME, DESCRIPTION, URL, DISPLAY_ORDER, IS_PUBLIC, IS_SSL) VALUES('NEW_AUTHENTICATION_POLICY', 'MENU_ITEM', 'NEW_AUTHENTICATION_POLICY', 'Create New Authentication Policy ','/webconsole/editAuthenticationPolicy.html' , 1, 'Y', 'N');

INSERT INTO RESOURCE_PROP (RESOURCE_PROP_ID, RESOURCE_ID, NAME, PROP_VALUE) VALUES ('NEW_AUTHENTICATION_POLICY_PUB', 'NEW_AUTHENTICATION_POLICY', 'MENU_IS_PUBLIC', 'true');

INSERT INTO RESOURCE_PROP (RESOURCE_PROP_ID, RESOURCE_ID, NAME, PROP_VALUE) VALUES ('NEW_AUTHENTICATION_POLICY_DESC', 'NEW_AUTHENTICATION_POLICY', 'MENU_DISPLAY_NAME', 'Create New Auth Policy');

INSERT INTO  res_to_res_membership(RESOURCE_ID, MEMBER_RESOURCE_ID) VALUES('SECURITY_POLICY', 'AUTHENTICATION_POLICY');

INSERT INTO res_to_res_membership (RESOURCE_ID, MEMBER_RESOURCE_ID) VALUES('AUTHENTICATION_POLICY_ROOT_MENU', 'NEW_AUTHENTICATION_POLICY');

/* for assoc password*/

INSERT INTO RES (RESOURCE_ID, RESOURCE_TYPE_ID, NAME, DESCRIPTION, URL, DISPLAY_ORDER, IS_PUBLIC, IS_SSL) VALUES('ASSOC_POLICY', 'MENU_ITEM', 'ASSOC_POLICY', 'Associate Policy','/webconsole/assocPasswordPolicy.html' , 1, 'Y', 'N');

INSERT INTO RESOURCE_PROP (RESOURCE_PROP_ID, RESOURCE_ID, NAME, PROP_VALUE) VALUES ('ASSOC_POLICY_PUB', 'ASSOC_POLICY', 'MENU_IS_PUBLIC', 'true');

INSERT INTO RESOURCE_PROP (RESOURCE_PROP_ID, RESOURCE_ID, NAME, PROP_VALUE) VALUES ('ASSOC_POLICY_DESC', 'ASSOC_POLICY', 'MENU_DISPLAY_NAME', 'Associate Policy');

INSERT INTO RES (RESOURCE_ID, RESOURCE_TYPE_ID, DESCRIPTION, NAME, DISPLAY_ORDER, IS_PUBLIC, IS_SSL) VALUES ('PASSWORD_POLICY_EDIT', 'MENU_ITEM', 'Root for edit policy Context Menu', 'PASSWORD_POLICY_EDIT', 1, 'Y', 'N');

INSERT INTO RESOURCE_PROP  (RESOURCE_PROP_ID, RESOURCE_ID, NAME, PROP_VALUE) VALUES ('PASSWORD_POLICY_EDIT_PUB', 'PASSWORD_POLICY_EDIT', 'MENU_IS_PUBLIC', 'true');

INSERT INTO RESOURCE_PROP  (RESOURCE_PROP_ID, RESOURCE_ID, NAME, PROP_VALUE) VALUES ('PASSWORD_POLICY_EDIT_DESC', 'PASSWORD_POLICY_EDIT', 'MENU_DISPLAY_NAME', 'Associate Policy Root Menu');

INSERT INTO res_to_res_membership (RESOURCE_ID, MEMBER_RESOURCE_ID) VALUES('PASSWORD_POLICY_EDIT', 'ASSOC_POLICY');

/*Upload Custom Password Policy Menu*/

INSERT INTO RES (RESOURCE_ID, RESOURCE_TYPE_ID, NAME, DESCRIPTION, URL, DISPLAY_ORDER, IS_PUBLIC, IS_SSL) VALUES('UPLOAD_CUST_PSWD_POLICY', 'MENU_ITEM', 'UPLOAD_CUST_PSWD_POLICY', 'Upload Custom Password Policy','/webconsole/uploadCustomPswdPolicy.html',2, 'Y', 'N');
INSERT INTO RESOURCE_PROP (RESOURCE_PROP_ID, RESOURCE_ID, NAME, PROP_VALUE) VALUES ('UPLOAD_CUST_PSWD_POLICY_PUB', 'UPLOAD_CUST_PSWD_POLICY', 'MENU_IS_PUBLIC', 'true');
INSERT INTO RESOURCE_PROP (RESOURCE_PROP_ID, RESOURCE_ID, NAME, PROP_VALUE) VALUES ('UPLOAD_CUST_PSWD_POLICY_DESC', 'UPLOAD_CUST_PSWD_POLICY', 'MENU_DISPLAY_NAME', 'Custom Pswd Policy');

INSERT INTO res_to_res_membership (RESOURCE_ID, MEMBER_RESOURCE_ID) VALUES('PASSWORD_POLICY_ROOT_MENU', 'UPLOAD_CUST_PSWD_POLICY');



INSERT INTO RES (RESOURCE_ID, RESOURCE_TYPE_ID, DESCRIPTION, NAME, DISPLAY_ORDER, URL, IS_PUBLIC, IS_SSL) VALUES ('ATTRIBUTE_POLICY', 'MENU_ITEM', 'Attribute policy', 'ATTRIBUTE_POLICY', 2, '/webconsole/attributePolicy.html', 'Y', 'N');
INSERT INTO RESOURCE_PROP (RESOURCE_PROP_ID, RESOURCE_ID, NAME, PROP_VALUE) VALUES ('ATTRIBUTE_POLICY_PUB', 'ATTRIBUTE_POLICY', 'MENU_IS_PUBLIC', 'true');
INSERT INTO RESOURCE_PROP (RESOURCE_PROP_ID, RESOURCE_ID, NAME, PROP_VALUE) VALUES ('ATTRIBUTE_POLICY_DESC', 'ATTRIBUTE_POLICY', 'MENU_DISPLAY_NAME', 'Attribute Policy');
INSERT INTO  res_to_res_membership(RESOURCE_ID, MEMBER_RESOURCE_ID) VALUES('SECURITY_POLICY', 'ATTRIBUTE_POLICY');

INSERT INTO RES (RESOURCE_ID, RESOURCE_TYPE_ID, DESCRIPTION, NAME, DISPLAY_ORDER, IS_PUBLIC, IS_SSL) VALUES ('POLICY_ATTR_ROOT', 'MENU_ITEM', 'Root for Attribute policy Context Menu', 'POLICY_ATTR_ROOT', 1, 'Y', 'N');
INSERT INTO RESOURCE_PROP (RESOURCE_PROP_ID, RESOURCE_ID, NAME, PROP_VALUE) VALUES ('POLICY_ATTR_ROOT_PUB', 'POLICY_ATTR_ROOT', 'MENU_IS_PUBLIC', 'true');
INSERT INTO RESOURCE_PROP (RESOURCE_PROP_ID, RESOURCE_ID, NAME, PROP_VALUE) VALUES ('POLICY_ATTR_ROOT_DESC', 'POLICY_ATTR_ROOT', 'MENU_DISPLAY_NAME', 'Attribute Policy Root Menu');

INSERT INTO RES (RESOURCE_ID, RESOURCE_TYPE_ID, DESCRIPTION, NAME, DISPLAY_ORDER, URL, IS_PUBLIC, IS_SSL) VALUES ('NEW_POLICY_ATTR', 'MENU_ITEM', 'New Attribute policy', 'NEW_POLICY_ATTR', 2, '/webconsole/editAttributePolicy.html', 'Y', 'N');
INSERT INTO RESOURCE_PROP (RESOURCE_PROP_ID, RESOURCE_ID, NAME, PROP_VALUE) VALUES ('NEW_POLICY_ATTR_PUB', 'NEW_POLICY_ATTR', 'MENU_IS_PUBLIC', 'true');
INSERT INTO RESOURCE_PROP (RESOURCE_PROP_ID, RESOURCE_ID, NAME, PROP_VALUE) VALUES ('NEW_POLICY_ATTR_DESC', 'NEW_POLICY_ATTR', 'MENU_DISPLAY_NAME', 'New Attribute Policy');
INSERT INTO res_to_res_membership (RESOURCE_ID, MEMBER_RESOURCE_ID) VALUES('POLICY_ATTR_ROOT', 'NEW_POLICY_ATTR');



INSERT INTO RES (RESOURCE_ID, RESOURCE_TYPE_ID, DESCRIPTION, NAME, DISPLAY_ORDER, IS_PUBLIC, IS_SSL) VALUES ('POLICY_ATTR_EDIT_ROOT', 'MENU_ITEM', 'Root for Edit Attribute policy Context Menu', 'POLICY_ATTR_EDIT_ROOT', 1, 'Y', 'N');
INSERT INTO RESOURCE_PROP (RESOURCE_PROP_ID, RESOURCE_ID, NAME, PROP_VALUE) VALUES ('POLICY_ATTR_EDIT_ROOT_PUB', 'POLICY_ATTR_EDIT_ROOT', 'MENU_IS_PUBLIC', 'true');
INSERT INTO RESOURCE_PROP (RESOURCE_PROP_ID, RESOURCE_ID, NAME, PROP_VALUE) VALUES ('POLICY_ATTR_EDIT_ROOTT_DESC', 'POLICY_ATTR_EDIT_ROOT', 'MENU_DISPLAY_NAME', 'Attribute Policy Edit Root Menu');

INSERT INTO RES (RESOURCE_ID, RESOURCE_TYPE_ID, DESCRIPTION, NAME, DISPLAY_ORDER, URL, IS_PUBLIC, IS_SSL) VALUES ('EDIT_POLICY_ATTR_SRCH_BCK', 'MENU_ITEM', 'Back to Search', 'EDIT_POLICY_ATTR_SRCH_BCK', 2, '/webconsole/attributePolicy.html', 'Y', 'N');
INSERT INTO RESOURCE_PROP (RESOURCE_PROP_ID, RESOURCE_ID, NAME, PROP_VALUE) VALUES ('EDIT_POLICY_ATTR_SRCH_BCK_PUB', 'EDIT_POLICY_ATTR_SRCH_BCK', 'MENU_IS_PUBLIC', 'true');
INSERT INTO RESOURCE_PROP (RESOURCE_PROP_ID, RESOURCE_ID, NAME, PROP_VALUE) VALUES ('EDIT_POLICY_ATTR_SRCH_BCK_DESC', 'EDIT_POLICY_ATTR_SRCH_BCK', 'MENU_DISPLAY_NAME', 'Back to Search');
INSERT INTO res_to_res_membership (RESOURCE_ID, MEMBER_RESOURCE_ID) VALUES('POLICY_ATTR_EDIT_ROOT', 'EDIT_POLICY_ATTR_SRCH_BCK');


