use openiam;

DELETE FROM RESOURCE_PROP WHERE RESOURCE_ID IN('AUTH_LVL_GRP_NEW_ROOT', 'NEW_AUTH_LVL_GRP', 'AUTH_LVL_GRP_EDIT_ROOT', 'BACK_TO_AUTH_LVL_GRP_SRH', 'AUTH_LVL_GRP_ATTR', 'BACK_TO_AUTH_LVL', 'AUTH_LEVEL_GRP');
DELETE FROM res_to_res_membership WHERE MEMBER_RESOURCE_ID IN('AUTH_LVL_GRP_NEW_ROOT', 'NEW_AUTH_LVL_GRP', 'AUTH_LVL_GRP_EDIT_ROOT', 'BACK_TO_AUTH_LVL_GRP_SRH', 'AUTH_LVL_GRP_ATTR', 'BACK_TO_AUTH_LVL', 'AUTH_LEVEL_GRP');
DELETE FROM res_to_res_membership WHERE RESOURCE_ID IN('AUTH_LVL_GRP_NEW_ROOT', 'NEW_AUTH_LVL_GRP', 'AUTH_LVL_GRP_EDIT_ROOT', 'BACK_TO_AUTH_LVL_GRP_SRH', 'AUTH_LVL_GRP_ATTR', 'BACK_TO_AUTH_LVL', 'AUTH_LEVEL_GRP');
DELETE FROM RES WHERE RESOURCE_ID IN('AUTH_LVL_GRP_NEW_ROOT', 'NEW_AUTH_LVL_GRP', 'AUTH_LVL_GRP_EDIT_ROOT', 'BACK_TO_AUTH_LVL_GRP_SRH', 'AUTH_LVL_GRP_ATTR', 'BACK_TO_AUTH_LVL', 'AUTH_LEVEL_GRP');


INSERT INTO RES (RESOURCE_ID, RESOURCE_TYPE_ID, NAME, DESCRIPTION) VALUES('AUTH_LVL_GRP_NEW_ROOT', 'MENU_ITEM', 'AUTH_LVL_GRP_NEW_ROOT', 'Auth Level Grouping Root');
INSERT INTO RESOURCE_PROP (RESOURCE_PROP_ID, RESOURCE_ID, NAME, PROP_VALUE) VALUES ('AUTH_LVL_GRP_NEW_ROOT_PB', 'AUTH_LVL_GRP_NEW_ROOT', 'MENU_IS_PUBLIC', 'true');
INSERT INTO RESOURCE_PROP (RESOURCE_PROP_ID, RESOURCE_ID, NAME, PROP_VALUE) VALUES ('AUTH_LVL_GRP_NEW_ROOT_DN', 'AUTH_LVL_GRP_NEW_ROOT', 'MENU_DISPLAY_NAME', 'Auth Level Grouping Root');


INSERT INTO RES (RESOURCE_ID, RESOURCE_TYPE_ID, NAME, DESCRIPTION, URL) VALUES ('NEW_AUTH_LVL_GRP', 'MENU_ITEM', 'NEW_AUTH_LVL_GRP', 'Create New Grouping', '/webconsole-am/editAuthLevelGrouping.html');
INSERT INTO RESOURCE_PROP (RESOURCE_PROP_ID, RESOURCE_ID, NAME, PROP_VALUE) VALUES ('NEW_AUTH_LVL_GRP_DN', 'NEW_AUTH_LVL_GRP', 'MENU_DISPLAY_NAME', 'Create New Grouping');
INSERT INTO RESOURCE_PROP (RESOURCE_PROP_ID, RESOURCE_ID, NAME, PROP_VALUE) VALUES ('NEW_AUTH_LVL_GRP_PB', 'NEW_AUTH_LVL_GRP', 'MENU_IS_PUBLIC', 'true');

INSERT INTO res_to_res_membership (RESOURCE_ID, MEMBER_RESOURCE_ID) VALUES ('AUTH_LVL_GRP_NEW_ROOT', 'NEW_AUTH_LVL_GRP');


INSERT INTO RES (RESOURCE_ID, RESOURCE_TYPE_ID, NAME, DESCRIPTION) VALUES('AUTH_LVL_GRP_EDIT_ROOT', 'MENU_ITEM', 'AUTH_LVL_GRP_EDIT_ROOT', 'Auth Level Grouping Edit Root');
INSERT INTO RESOURCE_PROP (RESOURCE_PROP_ID, RESOURCE_ID, NAME, PROP_VALUE) VALUES ('AUTH_LVL_GRP_EDIT_ROOT_PB', 'AUTH_LVL_GRP_EDIT_ROOT', 'MENU_IS_PUBLIC', 'true');
INSERT INTO RESOURCE_PROP (RESOURCE_PROP_ID, RESOURCE_ID, NAME, PROP_VALUE) VALUES ('AUTH_LVL_GRP_EDIT_ROOT_DN', 'AUTH_LVL_GRP_EDIT_ROOT', 'MENU_DISPLAY_NAME', 'Auth Level Grouping Edit Root');

INSERT INTO RES (RESOURCE_ID, RESOURCE_TYPE_ID, NAME, DESCRIPTION, URL) VALUES ('BACK_TO_AUTH_LVL_GRP_SRH', 'MENU_ITEM', 'BACK_TO_AUTH_LVL_GRP_SRH', 'Back to Search', '/webconsole-am/authLevelGroupings.html');
INSERT INTO RESOURCE_PROP (RESOURCE_PROP_ID, RESOURCE_ID, NAME, PROP_VALUE) VALUES ('BACK_TO_AUTH_LVL_GRP_SRH_DN', 'BACK_TO_AUTH_LVL_GRP_SRH', 'MENU_DISPLAY_NAME', 'Back to Search');
INSERT INTO RESOURCE_PROP (RESOURCE_PROP_ID, RESOURCE_ID, NAME, PROP_VALUE) VALUES ('BACK_TO_AUTH_LVL_GRP_SRH_PUB', 'BACK_TO_AUTH_LVL_GRP_SRH', 'MENU_IS_PUBLIC', 'true');

INSERT INTO res_to_res_membership (RESOURCE_ID, MEMBER_RESOURCE_ID) VALUES ('AUTH_LVL_GRP_EDIT_ROOT', 'BACK_TO_AUTH_LVL_GRP_SRH');


INSERT INTO RES (RESOURCE_ID, RESOURCE_TYPE_ID, NAME, DESCRIPTION) VALUES('AUTH_LVL_GRP_ATTR', 'MENU_ITEM', 'AUTH_LVL_GRP_ATTR', 'Auth Level Grouping Attribute Root');
INSERT INTO RESOURCE_PROP (RESOURCE_PROP_ID, RESOURCE_ID, NAME, PROP_VALUE) VALUES ('AUTH_LVL_GRP_ATTR_PB', 'AUTH_LVL_GRP_ATTR', 'MENU_IS_PUBLIC', 'true');
INSERT INTO RESOURCE_PROP (RESOURCE_PROP_ID, RESOURCE_ID, NAME, PROP_VALUE) VALUES ('AUTH_LVL_GRP_ATTR_DN', 'AUTH_LVL_GRP_ATTR', 'MENU_DISPLAY_NAME', 'Auth Level Grouping Attribute Root');

INSERT INTO RES (RESOURCE_ID, RESOURCE_TYPE_ID, NAME, DESCRIPTION, URL) VALUES ('BACK_TO_AUTH_LVL', 'MENU_ITEM', 'BACK_TO_AUTH_LVL', 'Back to Grouping', '/webconsole-am/editAuthLevelGrouping.html');
INSERT INTO RESOURCE_PROP (RESOURCE_PROP_ID, RESOURCE_ID, NAME, PROP_VALUE) VALUES ('BACK_TO_AUTH_LVL_DN', 'BACK_TO_AUTH_LVL', 'MENU_DISPLAY_NAME', 'Back to Grouping');
INSERT INTO RESOURCE_PROP (RESOURCE_PROP_ID, RESOURCE_ID, NAME, PROP_VALUE) VALUES ('BACK_TO_AUTH_LVL_PUB', 'BACK_TO_AUTH_LVL', 'MENU_IS_PUBLIC', 'true');

INSERT INTO res_to_res_membership (RESOURCE_ID, MEMBER_RESOURCE_ID) VALUES ('AUTH_LVL_GRP_ATTR', 'BACK_TO_AUTH_LVL');

INSERT INTO RES (RESOURCE_ID, RESOURCE_TYPE_ID, NAME, DESCRIPTION, URL) VALUES('AUTH_LEVEL_GRP', 'MENU_ITEM', 'AUTH_LEVEL_GRP', 'Authentication Levels', '/webconsole-am/authLevelGroupings.html');
INSERT INTO RESOURCE_PROP (RESOURCE_PROP_ID, RESOURCE_ID, NAME, PROP_VALUE) VALUES ('AUTH_LEVEL_GRP_PB', 'AUTH_LEVEL_GRP', 'MENU_IS_PUBLIC', 'true');
INSERT INTO RESOURCE_PROP (RESOURCE_PROP_ID, RESOURCE_ID, NAME, PROP_VALUE) VALUES ('AUTH_LEVEL_GRP_DN', 'AUTH_LEVEL_GRP', 'MENU_DISPLAY_NAME', 'Authentication Groupings');

INSERT INTO res_to_res_membership (RESOURCE_ID, MEMBER_RESOURCE_ID) VALUES ('ACC_CONTROL', 'AUTH_LEVEL_GRP');