use openiam;

DELETE FROM  res_to_res_membership WHERE MEMBER_RESOURCE_ID IN('SELFSERVICE_REPORT', 'SUBSCRIBE',  'VIEW', 'SELF_SUB_REPORT_NEW', 'SELF_VIEW_REPORT_NEW','SELF_SUB_REPORT_NEW','SELF_VIEW_REPORT_ROOT');

DELETE FROM RESOURCE_PROP WHERE RESOURCE_ID IN('SELFSERVICE_REPORT', 'SUBSCRIBE',  'VIEW', 'SELF_SUB_REPORT_ROOT', 'SELF_VIEW_REPORT_NEW','SELF_SUB_REPORT_NEW','SELF_VIEW_REPORT_ROOT');

DELETE FROM RESOURCE_ROLE WHERE RESOURCE_ID IN ('SELFSERVICE_REPORT', 'SUBSCRIBE',  'VIEW', 'SELF_SUB_REPORT_ROOT', 'SELF_VIEW_REPORT_NEW','SELF_SUB_REPORT_NEW','SELF_VIEW_REPORT_ROOT');

DELETE FROM RES WHERE RESOURCE_ID IN('SELFSERVICE_REPORT', 'SUBSCRIBE',  'VIEW', 'SELF_SUB_REPORT_ROOT', 'SELF_VIEW_REPORT_NEW','SELF_SUB_REPORT_NEW','SELF_VIEW_REPORT_ROOT');

/* Selfservice Report Menu */

INSERT INTO RES (RESOURCE_ID, RESOURCE_TYPE_ID, NAME, DESCRIPTION,  DISPLAY_ORDER, IS_PUBLIC, IS_SSL) VALUES('SELFSERVICE_REPORT', 'MENU_ITEM', 'SELFSERVICE_REPORT', 'Report', 5, 'Y', 'N');
INSERT INTO RESOURCE_PROP (RESOURCE_PROP_ID, RESOURCE_ID, NAME, PROP_VALUE) VALUES ('SELFSERVICE_REPORT_PUB', 'SELFSERVICE_REPORT', 'MENU_IS_PUBLIC', 'true');
INSERT INTO RESOURCE_PROP (RESOURCE_PROP_ID, RESOURCE_ID, NAME, PROP_VALUE) VALUES ('SELFSERVICE_REPORT_DESC', 'SELFSERVICE_REPORT', 'MENU_DISPLAY_NAME', 'Report');
INSERT INTO res_to_res_membership (RESOURCE_ID, MEMBER_RESOURCE_ID) VALUES('SELFSERVICE', 'SELFSERVICE_REPORT');

/* SelfService Report Subscibe SubMenu */

INSERT INTO RES (RESOURCE_ID, RESOURCE_TYPE_ID, DESCRIPTION, NAME, DISPLAY_ORDER, URL, IS_PUBLIC, IS_SSL) VALUES ('SUBSCRIBE', 'MENU_ITEM', 'Subscribe', 'SUBSCRIBE', 1, '/selfservice/subscribe.html', 'Y', 'N');

INSERT INTO RESOURCE_PROP (RESOURCE_PROP_ID, RESOURCE_ID, NAME, PROP_VALUE) VALUES ('SUBSCRIBE_MENU_PUB', 'SUBSCRIBE', 'MENU_IS_PUBLIC', 'true');

INSERT INTO RESOURCE_PROP (RESOURCE_PROP_ID, RESOURCE_ID, NAME, PROP_VALUE) VALUES ('SUBSCRIBE_MENU_DESC', 'SUBSCRIBE', 'MENU_DISPLAY_NAME', 'Subscribe');

INSERT INTO  res_to_res_membership (RESOURCE_ID, MEMBER_RESOURCE_ID) VALUES('SELFSERVICE_REPORT', 'SUBSCRIBE');


INSERT INTO RES (RESOURCE_ID, RESOURCE_TYPE_ID, DESCRIPTION, NAME, DISPLAY_ORDER, URL, IS_PUBLIC, IS_SSL) VALUES ('VIEW', 'MENU_ITEM', 'View', 'VIEW', 2, '/selfservice/view.html', 'Y', 'N');

INSERT INTO RESOURCE_PROP (RESOURCE_PROP_ID, RESOURCE_ID, NAME, PROP_VALUE) VALUES ('VIEW_MENU_PUB', 'VIEW', 'MENU_IS_PUBLIC', 'true');

INSERT INTO RESOURCE_PROP (RESOURCE_PROP_ID, RESOURCE_ID, NAME, PROP_VALUE) VALUES ('VIEW_MENU_DESC', 'VIEW', 'MENU_DISPLAY_NAME', 'View');

INSERT INTO  res_to_res_membership (RESOURCE_ID, MEMBER_RESOURCE_ID) VALUES('SELFSERVICE_REPORT', 'VIEW');

/*subscribe report sub root menu*/

INSERT INTO RES (RESOURCE_ID, RESOURCE_TYPE_ID, NAME, DESCRIPTION) VALUES('SELF_SUB_REPORT_ROOT', 'MENU_ITEM', 'SELF_SUB_REPORT_ROOT', 'Subscribe Report Root Menu');
INSERT INTO RESOURCE_PROP (RESOURCE_PROP_ID, RESOURCE_ID, NAME, PROP_VALUE) VALUES ('SELF_SUB_REPORT_ROOT_PUB', 'SELF_SUB_REPORT_ROOT', 'MENU_IS_PUBLIC', 'true');
INSERT INTO RESOURCE_PROP (RESOURCE_PROP_ID, RESOURCE_ID, NAME, PROP_VALUE) VALUES ('SELF_SUB_REPORT_ROOT_DESC', 'SELF_SUB_REPORT_ROOT', 'MENU_DISPLAY_NAME', 'Subscribe Report Root Menu');


INSERT INTO RES (RESOURCE_ID, RESOURCE_TYPE_ID, NAME, DESCRIPTION, URL) VALUES('SELF_SUB_REPORT_NEW', 'MENU_ITEM', 'SELF_SUB_REPORT_NEW', 'New Subscribe Report', '/selfservice/editSubscribeReport.html');
INSERT INTO RESOURCE_PROP (RESOURCE_PROP_ID, RESOURCE_ID, NAME, PROP_VALUE) VALUES ('SELF_SUB_REPORT_NEW_PUB', 'SELF_SUB_REPORT_NEW', 'MENU_IS_PUBLIC', 'true');
INSERT INTO RESOURCE_PROP (RESOURCE_PROP_ID, RESOURCE_ID, NAME, PROP_VALUE) VALUES ('SELF_SUB_REPORT_NEW_DSC', 'SELF_SUB_REPORT_NEW', 'MENU_DISPLAY_NAME', 'Subscribe Report');

INSERT INTO  res_to_res_membership (RESOURCE_ID, MEMBER_RESOURCE_ID) VALUES('SELF_SUB_REPORT_ROOT', 'SELF_SUB_REPORT_NEW');

/* View Report sub root menu */

INSERT INTO RES (RESOURCE_ID, RESOURCE_TYPE_ID, NAME, DESCRIPTION) VALUES('SELF_VIEW_REPORT_ROOT', 'MENU_ITEM', 'SELF_VIEW_REPORT_ROOT', 'View Report Root Menu');
INSERT INTO RESOURCE_PROP (RESOURCE_PROP_ID, RESOURCE_ID, NAME, PROP_VALUE) VALUES ('SELF_VIEW_REPORT_ROOT_PUB', 'SELF_VIEW_REPORT_ROOT', 'MENU_IS_PUBLIC', 'true');
INSERT INTO RESOURCE_PROP (RESOURCE_PROP_ID, RESOURCE_ID, NAME, PROP_VALUE) VALUES ('SELF_VIEW_REPORT_ROOT_DESC', 'SELF_VIEW_REPORT_ROOT', 'MENU_DISPLAY_NAME', 'View Report Root Menu');


INSERT INTO RES (RESOURCE_ID, RESOURCE_TYPE_ID, NAME, DESCRIPTION, URL) VALUES('SELF_VIEW_REPORT_NEW', 'MENU_ITEM', 'SELF_VIEW_REPORT_NEW', 'New Subscribe Report', '/selfservice/editViewReport.html');
INSERT INTO RESOURCE_PROP (RESOURCE_PROP_ID, RESOURCE_ID, NAME, PROP_VALUE) VALUES ('SELF_VIEW_REPORT_NEW_PUB', 'SELF_VIEW_REPORT_NEW', 'MENU_IS_PUBLIC', 'true');
INSERT INTO RESOURCE_PROP (RESOURCE_PROP_ID, RESOURCE_ID, NAME, PROP_VALUE) VALUES ('SELF_VIEW_REPORT_NEW_DSC', 'SELF_VIEW_REPORT_NEW', 'MENU_DISPLAY_NAME', 'Create New View Report');

INSERT INTO res_to_res_membership(RESOURCE_ID, MEMBER_RESOURCE_ID) VALUES('SELF_VIEW_REPORT_ROOT', 'SELF_VIEW_REPORT_NEW');

