
CREATE TABLE ADDRESS (
  ADDRESS_ID varchar(32) NOT NULL,
  NAME varchar(100) DEFAULT NULL,
  COUNTRY varchar(100) DEFAULT NULL,
  BLDG_NUM varchar(100) DEFAULT NULL,
  STREET_DIRECTION varchar(20) DEFAULT NULL,
  SUITE varchar(20) DEFAULT NULL,
  ADDRESS1 varchar(45) DEFAULT NULL,
  ADDRESS2 varchar(45) DEFAULT NULL,
  ADDRESS3 varchar(45) DEFAULT NULL,
  ADDRESS4 varchar(45) DEFAULT NULL,
  ADDRESS5 varchar(45) DEFAULT NULL,
  ADDRESS6 varchar(45) DEFAULT NULL,
  ADDRESS7 varchar(45) DEFAULT NULL,
  CITY varchar(100) DEFAULT NULL,
  STATE varchar(100) DEFAULT NULL,
  POSTAL_CD varchar(100) DEFAULT NULL,
  IS_DEFAULT char(1) DEFAULT 'N',
  DESCRIPTION varchar(100) DEFAULT NULL,
  ACTIVE char(1) DEFAULT 'Y',
  PARENT_ID varchar(32) DEFAULT NULL,
  LAST_UPDATE timestamp NULL DEFAULT NULL,
  CREATE_DATE timestamp NULL DEFAULT CURRENT_TIMESTAMP,
  TYPE_ID varchar(32) DEFAULT NULL,
  PRIMARY KEY (ADDRESS_ID)  
);


CREATE TABLE APPROVER_ASSOC (
  APPROVER_ASSOC_ID varchar(32) NOT NULL,
  REQUEST_TYPE varchar(32) DEFAULT NULL,
  APPROVER_LEVEL NUMERIC(11) DEFAULT '1',
  ASSOCIATION_TYPE varchar(20) DEFAULT NULL,
  ASSOCIATION_ENTITY_ID varchar(32) DEFAULT NULL,
  ON_APPROVE_ENTITY_ID varchar(32) DEFAULT NULL,
  ON_REJECT_ENTITY_ID varchar(32) DEFAULT NULL,
  ON_APPROVE_ENTITY_TYPE varchar(20) DEFAULT NULL,
  ON_REJECT_ENTITY_TYPE varchar(20) DEFAULT NULL,
  APPROVER_ENTITY_TYPE varchar(20) DEFAULT NULL,
  APPROVER_ENTITY_ID varchar(32) DEFAULT NULL,
  APPLY_DELEGATION_FILTER char(1) NOT NULL DEFAULT 'N',
  PRIMARY KEY (APPROVER_ASSOC_ID)
);


CREATE TABLE ATTRIBUTE_MAP (
  ATTRIBUTE_MAP_ID varchar(32) NOT NULL,
  MANAGED_SYS_ID varchar(32) DEFAULT NULL,
  RESOURCE_ID varchar(32) DEFAULT NULL,
  MAP_FOR_OBJECT_TYPE varchar(20) DEFAULT 'USER',
  ATTRIBUTE_NAME varchar(50) DEFAULT NULL,
  TARGET_ATTRIBUTE_NAME varchar(50) DEFAULT NULL,
  AUTHORITATIVE_SRC NUMERIC(11) DEFAULT '0',
  ATTRIBUTE_POLICY_ID varchar(32) DEFAULT NULL,
  RULE_TEXT text,
  STATUS varchar(20) DEFAULT 'ACTIVE',
  START_DATE date DEFAULT NULL,
  END_DATE date DEFAULT NULL,
  STORE_IN_IAMDB NUMERIC(11) DEFAULT '0',
  DATA_TYPE varchar(20) DEFAULT NULL,
  DEFAULT_VALUE varchar(32) DEFAULT NULL,
  SYNCH_CONFIG_ID varchar(32) DEFAULT NULL,
  PRIMARY KEY (ATTRIBUTE_MAP_ID)
);


CREATE TABLE AUTH_ATTRIBUTE (
  AUTH_ATTRIBUTE_ID varchar(32) NOT NULL,
  ATTRIBUTE_NAME varchar(100) NOT NULL,
  PROVIDER_TYPE varchar(32) NOT NULL,
  DESCRIPTION varchar(255) DEFAULT NULL,
  REQUIRED char(1) DEFAULT 'N',
  DATA_TYPE varchar(20) NOT NULL DEFAULT 'singleValue',
  DEFAULT_VALUE varchar(4096) DEFAULT NULL,
  PRIMARY KEY (AUTH_ATTRIBUTE_ID)
);


CREATE TABLE AUTH_LEVEL (
  AUTH_LEVEL_ID varchar(32) NOT NULL,
  AUTH_LEVEL_NAME varchar(100) NOT NULL,
  REQUIRES_AUTHENTICATION char(1) NOT NULL DEFAULT 'Y',
  PRIMARY KEY (AUTH_LEVEL_ID)
);


CREATE TABLE AUTH_LEVEL_ATTRIBUTE (
  AUTH_LEVEL_ATTRIBUTE_ID varchar(32) NOT NULL,
  AUTH_LEVEL_GROUPING_ID varchar(32) NOT NULL,
  TYPE_ID varchar(32) NOT NULL,
  NAME varchar(100) NOT NULL,
  VALUE_AS_BYTE_ARRAY oid,
  VALUE_AS_STRING varchar(4096) DEFAULT NULL,
  PRIMARY KEY (AUTH_LEVEL_ATTRIBUTE_ID)
);


CREATE TABLE AUTH_LEVEL_GROUPING (
  AUTH_LEVEL_GROUPING_ID varchar(32) NOT NULL,
  AUTH_LEVEL_ID varchar(32) NOT NULL,
  NAME varchar(100) NOT NULL,
  PRIMARY KEY (AUTH_LEVEL_GROUPING_ID)
);


CREATE TABLE AUTH_PROVIDER (
  PROVIDER_ID varchar(32) NOT NULL,
  PROVIDER_TYPE varchar(32) NOT NULL,
  MANAGED_SYS_ID varchar(32) NOT NULL,
  RESOURCE_ID varchar(32) NOT NULL,
  NAME varchar(50) NOT NULL,
  DESCRIPTION varchar(255) DEFAULT NULL,
  SIGN_REQUEST char(1) NOT NULL DEFAULT 'N',
  PUBLIC_KEY oid,
  PRIVATE_KEY oid,
  PRIMARY KEY (PROVIDER_ID)
);


CREATE TABLE AUTH_PROVIDER_ATTRIBUTE (
  PROVIDER_ATTRIBUTE_ID varchar(32) NOT NULL,
  PROVIDER_ID varchar(32) NOT NULL,
  AUTH_ATTRIBUTE_ID varchar(32) NOT NULL,
  VALUE varchar(4096) DEFAULT NULL,
  DATA_TYPE varchar(20) NOT NULL DEFAULT 'singleValue',
  PRIMARY KEY (PROVIDER_ATTRIBUTE_ID)
);


CREATE TABLE AUTH_PROVIDER_TYPE (
  PROVIDER_TYPE varchar(32) NOT NULL,
  DESCRIPTION varchar(40) DEFAULT NULL,
  ACTIVE char(1) DEFAULT 'Y',
  HAS_PUBLIC_KEY char(1) NOT NULL DEFAULT 'Y',
  HAS_PRIVATE_KEY char(1) NOT NULL DEFAULT 'Y',
  PRIMARY KEY (PROVIDER_TYPE)
);


CREATE TABLE AUTH_RESOURCE_AM_ATTRIBUTE (
  REFLECTION_KEY varchar(255) NOT NULL,
  ATTRIBUTE_NAME varchar(100) NOT NULL,
  AM_RES_ATTRIBUTE_ID varchar(32) NOT NULL,
  PRIMARY KEY (AM_RES_ATTRIBUTE_ID)
);


CREATE TABLE AUTH_RESOURCE_ATTRIBUTE_MAP (
  ATTRIBUTE_MAP_ID varchar(32) NOT NULL,
  PROVIDER_ID varchar(32) NOT NULL,
  TARGET_ATTRIBUTE_NAME varchar(100) NOT NULL,
  AM_RES_ATTRIBUTE_ID varchar(32) DEFAULT NULL,
  AM_POLICY_URL varchar(100) DEFAULT NULL,
  ATTRIBUTE_VALUE varchar(100) DEFAULT NULL,
  ATTRIBUTE_TYPE varchar(32) NOT NULL,
  PRIMARY KEY (ATTRIBUTE_MAP_ID)
);


CREATE TABLE AUTH_STATE (
  USER_ID varchar(32) NOT NULL,
  AUTH_STATE decimal(5,1) DEFAULT NULL,
  TOKEN varchar(2000) DEFAULT NULL,
  AA varchar(20) DEFAULT NULL,
  EXPIRATION decimal(18,0) DEFAULT NULL,
  LAST_LOGIN timestamp DEFAULT NULL,
  IP_ADDRESS varchar(20) DEFAULT NULL,
  TOKEN_TYPE varchar(32) NOT NULL,
  PRIMARY KEY (USER_ID,TOKEN_TYPE)
);


CREATE TABLE BATCH_CONFIG (
  TASK_ID varchar(32) NOT NULL,
  TASK_NAME varchar(50) DEFAULT NULL,
  LAST_EXEC_TIME timestamp DEFAULT NULL,
  TASK_URL varchar(255) DEFAULT NULL,
  EXECUTION_ORDER NUMERIC(11) DEFAULT '1',
  STATUS varchar(20) DEFAULT NULL,
  PARAM1 varchar(255) DEFAULT NULL,
  PARAM2 varchar(255) DEFAULT NULL,
  PARAM3 varchar(255) DEFAULT NULL,
  PARAM4 varchar(255) DEFAULT NULL,
  RULE_TYPE varchar(20) DEFAULT NULL,
  ENABLED char(1) NOT NULL DEFAULT 'N',
  LAST_MODIFIED_DATETIME timestamp DEFAULT NULL,
  RUN_ON timestamp DEFAULT NULL,
  CRON_EXPRESSION varchar(100) DEFAULT NULL,
  SPRING_BEAN varchar(100) DEFAULT NULL,
  SPRING_BEAN_METHOD varchar(100) DEFAULT NULL,
  PRIMARY KEY (TASK_ID)
);


CREATE TABLE CATEGORY (
  CATEGORY_ID varchar(32) NOT NULL,
  PARENT_ID varchar(32) DEFAULT NULL,
  CATEGORY_NAME varchar(40) DEFAULT NULL,
  CATEGORY_DESC varchar(80) DEFAULT NULL,
  CREATE_DATE timestamp DEFAULT NULL,
  CREATED_BY varchar(20) DEFAULT NULL,
  SHOW_LIST NUMERIC(11) DEFAULT '0',
  DISPLAY_ORDER NUMERIC(11) DEFAULT '0',
  PRIMARY KEY (CATEGORY_ID)
);


CREATE TABLE CATEGORY_LANGUAGE (
  CATEGORY_ID varchar(32) NOT NULL,
  LANGUAGE_ID varchar(32) NOT NULL,
  CATEGORY_NAME varchar(40) DEFAULT NULL,
  PRIMARY KEY (CATEGORY_ID,LANGUAGE_ID)
);


CREATE TABLE CATEGORY_TYPE (
  CATEGORY_ID varchar(32) NOT NULL,
  TYPE_ID varchar(32) NOT NULL,
  PRIMARY KEY (TYPE_ID,CATEGORY_ID)
);


CREATE TABLE COMPANY (
  COMPANY_ID varchar(32) NOT NULL,
  COMPANY_NAME varchar(200) DEFAULT NULL,
  LST_UPDATE timestamp DEFAULT NULL,
  LST_UPDATED_BY varchar(32) DEFAULT NULL,
  PARENT_ID varchar(32) DEFAULT NULL,
  STATUS varchar(20) DEFAULT NULL,
  CREATE_DATE timestamp DEFAULT NULL,
  CREATED_BY varchar(32) DEFAULT NULL,
  ALIAS varchar(200) DEFAULT NULL,
  DESCRIPTION varchar(512) DEFAULT NULL,
  DOMAIN_NAME varchar(250) DEFAULT NULL,
  LDAP_STR varchar(255) DEFAULT NULL,
  CLASSIFICATION varchar(40) DEFAULT NULL,
  INTERNAL_COMPANY_ID varchar(200) DEFAULT NULL,
  ABBREVIATION varchar(20) DEFAULT NULL,
  SYMBOL varchar(10) DEFAULT NULL,
  ORG_TYPE_ID varchar(32) DEFAULT NULL,
  ADMIN_RESOURCE_ID varchar(32) DEFAULT NULL,
  IS_SELECTABLE char(1) NOT NULL DEFAULT 'Y',
  TYPE_ID varchar(32) DEFAULT NULL,
  PRIMARY KEY (COMPANY_ID)
);


CREATE TABLE COMPANY_ATTRIBUTE (
  COMPANY_ATTR_ID varchar(32) NOT NULL,
  COMPANY_ID varchar(32) NOT NULL,
  NAME varchar(100) DEFAULT NULL,
  ATTR_VALUE varchar(4096) DEFAULT NULL,
  METADATA_ID varchar(32) DEFAULT NULL,
  IS_MULTIVALUED char(1) NOT NULL DEFAULT 'N',
  PRIMARY KEY (COMPANY_ATTR_ID)
);


CREATE TABLE COMPANY_ATTRIBUTE_VALUES (
  COMPANY_ATTRIBUTE_ID varchar(32) NOT NULL,
  VALUE varchar(255) DEFAULT NULL
);


CREATE TABLE COMPANY_TO_COMPANY_MEMBERSHIP (
  COMPANY_ID varchar(32) NOT NULL,
  MEMBER_COMPANY_ID varchar(32) NOT NULL,
  CREATE_DATE timestamp NULL DEFAULT NULL,
  UPDATE_DATE timestamp NULL DEFAULT NULL,
  CREATED_BY varchar(32) DEFAULT NULL,
  UPDATED_BY varchar(32) DEFAULT NULL
);


CREATE TABLE CONTENT_PROVIDER (
  CONTENT_PROVIDER_ID varchar(32) NOT NULL,
  CONTENT_PROVIDER_NAME varchar(100) NOT NULL,
  IS_PUBLIC char(1) NOT NULL DEFAULT 'N',
  DOMAIN_PATTERN varchar(100) NOT NULL,
  IS_SSL char(1) DEFAULT NULL,
  RESOURCE_ID varchar(32) NOT NULL,
  MANAGED_SYS_ID varchar(32) NOT NULL,
  UI_THEME_ID varchar(32) DEFAULT NULL,
  SHOW_ON_APP_PAGE char(1) NOT NULL DEFAULT 'Y',
  PRIMARY KEY (CONTENT_PROVIDER_ID)
);


CREATE TABLE CONTENT_PROVIDER_SERVER (
  CONTENT_PROVIDER_SERVER_ID varchar(32) NOT NULL,
  CONTENT_PROVIDER_ID varchar(32) NOT NULL,
  SERVER_URL varchar(100) NOT NULL,
  PRIMARY KEY (CONTENT_PROVIDER_SERVER_ID)
);


CREATE TABLE CP_AUTH_LEVEL_GRP_XREF (
  CONTENT_PROVIDER_ID varchar(32) NOT NULL,
  AUTH_LEVEL_GROUPING_ID varchar(32) NOT NULL,
  EXEC_ORDER NUMERIC(3) NOT NULL
);


CREATE TABLE CREDENTIALS (
  USER_ID varchar(32) NOT NULL,
  CREDENTIAL_TYPE varchar(20) NOT NULL,
  VALUE varchar(100) DEFAULT NULL,
  IS_PUBLIC bit(1) DEFAULT NULL,
  PRIMARY KEY (USER_ID,CREDENTIAL_TYPE)
);


CREATE TABLE DEF_RECON_ATTR_MAP (
  DEF_ATTR_MAP_ID varchar(32) NOT NULL,
  DEF_ATTR_MAP_NAME varchar(100) NOT NULL,
  PRIMARY KEY (DEF_ATTR_MAP_ID)
);


CREATE TABLE EMAIL_ADDRESS (
  EMAIL_ID varchar(32) NOT NULL,
  NAME varchar(100) DEFAULT NULL,
  DESCRIPTION varchar(100) DEFAULT NULL,
  EMAIL_ADDRESS varchar(320) DEFAULT NULL,
  IS_DEFAULT char(1) DEFAULT 'N',
  ACTIVE char(1) DEFAULT 'Y',
  PARENT_ID varchar(32) DEFAULT NULL,
  LAST_UPDATE timestamp NULL DEFAULT NULL,
  CREATE_DATE timestamp NULL DEFAULT CURRENT_TIMESTAMP,
  TYPE_ID varchar(32) DEFAULT NULL,
  PRIMARY KEY (EMAIL_ID)
);


CREATE TABLE ENTITLEMENT (
  ENTITLEMENT_ID varchar(32) NOT NULL,
  ENTITLEMENT_NAME varchar(40) DEFAULT NULL,
  ENTITLEMENT_VALUE varchar(80) DEFAULT NULL,
  DESCRIPTION varchar(255) DEFAULT NULL,
  CREATE_DATE timestamp DEFAULT NULL,
  CREATED_BY varchar(20) DEFAULT NULL,
  PRIMARY KEY (ENTITLEMENT_ID)
);


CREATE TABLE EXCLUDE_WORD_LIST (
  WORD varchar(30) NOT NULL,
  LANGUAGE_ID varchar(32) NOT NULL,
  PRIMARY KEY (WORD,LANGUAGE_ID)
);


CREATE TABLE GROUP_ATTRIBUTE_VALUES (
  GROUP_ATTRIBUTE_ID varchar(32) NOT NULL,
  VALUE varchar(255) DEFAULT NULL
);


CREATE TABLE GRP (
  GRP_ID varchar(32) NOT NULL,
  GRP_NAME varchar(255) NOT NULL,
  CREATE_DATE timestamp DEFAULT NULL,
  CREATED_BY varchar(32) DEFAULT NULL,
  COMPANY_ID varchar(32) DEFAULT NULL,
  GROUP_DESC varchar(512) DEFAULT NULL,
  STATUS varchar(20) DEFAULT NULL,
  LAST_UPDATE timestamp DEFAULT NULL,
  LAST_UPDATED_BY varchar(32) DEFAULT NULL,
  MANAGED_SYS_ID varchar(32) DEFAULT NULL,
  ADMIN_RESOURCE_ID varchar(32) DEFAULT NULL,
  TYPE_ID varchar(32) DEFAULT NULL,
  PRIMARY KEY (GRP_ID)
);


CREATE TABLE GRP_ATTRIBUTES (
  ID varchar(32) NOT NULL,
  GRP_ID varchar(32) NOT NULL,
  METADATA_ID varchar(32) DEFAULT NULL,
  NAME varchar(100) DEFAULT NULL,
  ATTR_VALUE varchar(4096) DEFAULT NULL,
  IS_MULTIVALUED char(1) NOT NULL DEFAULT 'N',
  PRIMARY KEY (ID)
);


CREATE TABLE GRP_ROLE (
  GRP_ID varchar(32) NOT NULL,
  ROLE_ID varchar(32) NOT NULL,
  PRIMARY KEY (GRP_ID,ROLE_ID)
);


CREATE TABLE IDENTIFICATION (
  IDENTITY_ID varchar(32) NOT NULL,
  MANAGED_SYS_ID varchar(32) NOT NULL,
  IDENTIFICATION varchar(320) NOT NULL,
  REFERRED_OBJECT_ID varchar(32) NOT NULL,
  IDENTITY_TYPE varchar(20) DEFAULT NULL,
  CREATE_DATE timestamp DEFAULT NULL,
  CREATED_BY varchar(32) DEFAULT NULL,
  STATUS varchar(20) DEFAULT NULL,
  PROV_STATUS varchar(20) DEFAULT NULL,
  LAST_UPDATE timestamp NULL DEFAULT NULL
);


CREATE TABLE IDENTITY_QUESTION (
  IDENTITY_QUESTION_ID varchar(32) NOT NULL,
  IDENTITY_QUEST_GRP_ID varchar(32) DEFAULT NULL,
  ACTIVE char(1) DEFAULT 'Y',
  PRIMARY KEY (IDENTITY_QUESTION_ID)
);


CREATE TABLE IDENTITY_QUEST_GRP (
  IDENTITY_QUEST_GRP_ID varchar(32) NOT NULL,
  NAME varchar(60) DEFAULT NULL,
  STATUS varchar(20) DEFAULT NULL,
  COMPANY_OWNER_ID varchar(32) DEFAULT NULL,
  CREATE_DATE timestamp DEFAULT NULL,
  CREATED_BY varchar(20) DEFAULT NULL,
  LAST_UPDATE timestamp DEFAULT NULL,
  LAST_UPDATED_BY varchar(20) DEFAULT NULL,
  PRIMARY KEY (IDENTITY_QUEST_GRP_ID)
);


CREATE TABLE IMAGE (
  IMAGE_ID varchar(20) NOT NULL,
  IMAGE_FILE varchar(80) DEFAULT NULL,
  IMAGE_TYPE varchar(20) DEFAULT NULL,
  DESCRIPTION varchar(250) DEFAULT NULL,
  MIME_TYPE varchar(30) DEFAULT NULL,
  URL varchar(100) DEFAULT NULL,
  FILE_SIZE NUMERIC(11) DEFAULT NULL,
  IMAGE_BLOB bytea,
  PRIMARY KEY (IMAGE_ID)
);


CREATE TABLE IT_POLICY (
  IT_POLICY_ID varchar(32) NOT NULL,
  APPROVE_TYPE varchar(64) NOT NULL DEFAULT 'Once',
  ACTIVE char(1) NOT NULL DEFAULT 'N',
  CREATE_DATE timestamp NULL DEFAULT NULL,
  UPDATE_DATE timestamp NULL DEFAULT NULL,
  CREATED_BY varchar(32) DEFAULT NULL,
  UPDATED_BY varchar(32) DEFAULT NULL,
  POLICY_CONTENT text,
  CONFIRMATION varchar(255) DEFAULT NULL,
  PRIMARY KEY (IT_POLICY_ID)
);


CREATE TABLE LANGUAGE (
  ID varchar(32) NOT NULL,
  LANGUAGE varchar(20) DEFAULT NULL,
  IS_USED varchar(1) NOT NULL DEFAULT 'N',
  LANGUAGE_CODE varchar(2) NOT NULL,
  IS_DEFAULT char(1) NOT NULL DEFAULT 'N',
  PRIMARY KEY (ID)
);


CREATE TABLE LANGUAGE_LOCALE (
  ID varchar(32) NOT NULL,
  LANGUAGE_ID varchar(32) NOT NULL,
  LOCALE varchar(32) NOT NULL
);


CREATE TABLE LANGUAGE_MAPPING (
  ID varchar(32) NOT NULL,
  LANGUAGE_ID varchar(32) NOT NULL,
  REFERENCE_ID varchar(32) NOT NULL,
  REFERENCE_TYPE varchar(100) NOT NULL,
  TEXT_VALUE varchar(400) NOT NULL,
  PRIMARY KEY (ID)
);


CREATE TABLE LOCATION (
  LOCATION_ID varchar(32) NOT NULL,
  NAME varchar(80) DEFAULT NULL,
  DESCRIPTION varchar(255) DEFAULT NULL,
  COUNTRY varchar(30) DEFAULT NULL,
  BLDG_NUM varchar(10) DEFAULT NULL,
  STREET_DIRECTION varchar(20) DEFAULT NULL,
  ADDRESS1 varchar(45) DEFAULT NULL,
  ADDRESS2 varchar(45) DEFAULT NULL,
  ADDRESS3 varchar(45) DEFAULT NULL,
  CITY varchar(30) DEFAULT NULL,
  STATE varchar(15) DEFAULT NULL,
  POSTAL_CD varchar(10) DEFAULT NULL,
  ORGANIZATION_ID varchar(32) DEFAULT NULL,
  INTERNAL_LOCATION_ID varchar(32) DEFAULT NULL,
  ACTIVE NUMERIC(11) DEFAULT '1',
  SENSITIVE_LOCATION NUMERIC(11) DEFAULT '0',
  PRIMARY KEY (LOCATION_ID)
);


CREATE TABLE LOGIN (
  LOGIN varchar(320) NOT NULL,
  MANAGED_SYS_ID varchar(32) NOT NULL,
  IDENTITY_TYPE varchar(20) DEFAULT NULL,
  CANONICAL_NAME varchar(100) DEFAULT NULL,
  USER_ID varchar(32) DEFAULT NULL,
  PASSWORD varchar(255) DEFAULT NULL,
  PWD_EQUIVALENT_TOKEN varchar(255) DEFAULT NULL,
  PWD_CHANGED timestamp DEFAULT NULL,
  PWD_EXP timestamp DEFAULT NULL,
  RESET_PWD NUMERIC(11) NOT NULL DEFAULT '0',
  FIRST_TIME_LOGIN NUMERIC(11) NOT NULL DEFAULT '1',
  IS_LOCKED NUMERIC(11) NOT NULL DEFAULT '0',
  STATUS varchar(20) DEFAULT NULL,
  GRACE_PERIOD timestamp DEFAULT NULL,
  CREATE_DATE timestamp DEFAULT NULL,
  CREATED_BY varchar(32) DEFAULT NULL,
  CURRENT_LOGIN_HOST varchar(40) DEFAULT NULL,
  AUTH_FAIL_COUNT NUMERIC(11) NOT NULL DEFAULT '0',
  LAST_AUTH_ATTEMPT timestamp DEFAULT NULL,
  LAST_LOGIN timestamp DEFAULT NULL,
  LAST_LOGIN_IP varchar(60) DEFAULT NULL,
  PREV_LOGIN timestamp DEFAULT NULL,
  PREV_LOGIN_IP varchar(60) DEFAULT NULL,
  IS_DEFAULT NUMERIC(11) DEFAULT '0',
  PWD_CHANGE_COUNT NUMERIC(11) DEFAULT '0',
  PSWD_RESET_TOKEN varchar(80) DEFAULT NULL,
  PSWD_RESET_TOKEN_EXP timestamp DEFAULT NULL,
  LOGIN_ID varchar(32) NOT NULL DEFAULT '',
  LAST_UPDATE timestamp NULL DEFAULT NULL,
  LOWERCASE_LOGIN varchar(320) NOT NULL,
  PROV_STATUS varchar(20) DEFAULT NULL,
  PRIMARY KEY (LOGIN_ID)
);


CREATE TABLE LOGIN_ATTRIBUTE (
  LOGIN_ATTR_ID varchar(32) NOT NULL,
  NAME varchar(100) DEFAULT NULL,
  VALUE varchar(4096) DEFAULT NULL,
  METADATA_ID varchar(20) DEFAULT NULL,
  LOGIN_ID varchar(32) NOT NULL,
  PRIMARY KEY (LOGIN_ATTR_ID)
);


CREATE TABLE MANAGED_SYS (
  MANAGED_SYS_ID varchar(32) NOT NULL,
  NAME varchar(40) DEFAULT NULL,
  DESCRIPTION varchar(80) DEFAULT NULL,
  STATUS varchar(20) DEFAULT NULL,
  CONNECTOR_ID varchar(32) DEFAULT NULL,
  HOST_URL varchar(80) DEFAULT NULL,
  APPL_URL varchar(80) DEFAULT NULL,
  PORT NUMERIC(11) DEFAULT NULL,
  COMM_PROTOCOL varchar(20) DEFAULT NULL,
  USER_ID varchar(150) DEFAULT NULL,
  PSWD varchar(512) DEFAULT NULL,
  START_DATE date DEFAULT NULL,
  END_DATE date DEFAULT NULL,
  RESOURCE_ID varchar(32) DEFAULT NULL,
  PRIMARY_REPOSITORY NUMERIC(11) DEFAULT NULL,
  SECONDARY_REPOSITORY_ID varchar(32) DEFAULT NULL,
  ALWAYS_UPDATE_SECONDARY NUMERIC(11) DEFAULT NULL,
  RES_DEPENDENCY varchar(32) DEFAULT NULL,
  ADD_HNDLR varchar(100) DEFAULT NULL,
  MODIFY_HNDLR varchar(100) DEFAULT NULL,
  DELETE_HNDLR varchar(100) DEFAULT NULL,
  SETPASS_HNDLR varchar(100) DEFAULT NULL,
  SUSPEND_HNDLR varchar(100) DEFAULT NULL,
  SEARCH_HNDLR varchar(100) DEFAULT NULL,
  LOOKUP_HNDLR varchar(100) DEFAULT NULL,
  TEST_CONNECTION_HNDLR varchar(100) DEFAULT NULL,
  RECONCILE_RESOURCE_HNDLR varchar(100) DEFAULT NULL,
  HNDLR_5 varchar(100) DEFAULT NULL,
  DRIVER_URL varchar(100) DEFAULT NULL,
  CONNECTION_STRING varchar(100) DEFAULT NULL,
  ATTRIBUTE_NAMES_LOOKUP varchar(120) DEFAULT NULL,
  ATTRIBUTE_NAMES_HNDLR varchar(100) DEFAULT NULL,
  SEARCH_SCOPE NUMERIC(11) NOT NULL DEFAULT '2',
  RESUME_HNDLR varchar(100) DEFAULT NULL,
  SKIP_GROUP_PROV char(1) NOT NULL DEFAULT 'Y',
  PRIMARY KEY (MANAGED_SYS_ID)
);


CREATE TABLE MANAGED_SYS_ATTRIBUTE (
  MNG_SYS_ATTR_ID varchar(32) NOT NULL,
  NAME varchar(60) DEFAULT NULL,
  VALUE1 varchar(255) DEFAULT NULL,
  VALUE2 varchar(255) DEFAULT NULL,
  MANAGED_SYS_ID varchar(32) DEFAULT NULL,
  PRIMARY KEY (MNG_SYS_ATTR_ID)
);


CREATE TABLE MANAGED_SYS_RULE (
  MANAGED_SYS_RULE_ID varchar(32) NOT NULL,
  MANAGED_SYS_ID varchar(32) NOT NULL,
  MANAGED_SYS_RULE_NAME varchar(45) DEFAULT NULL,
  MANAGED_SYS_RULE_VALUE varchar(45) DEFAULT NULL,
  PRIMARY KEY (MANAGED_SYS_RULE_ID)
);


CREATE TABLE MD_ELEMENT_VALID_VALUES (
  ID varchar(32) NOT NULL,
  METADATA_ELEMENT_ID varchar(32) NOT NULL,
  UI_VALUE varchar(200) NOT NULL,
  DISPLAY_ORDER NUMERIC(11) NOT NULL,
  PRIMARY KEY (ID)
);


CREATE TABLE METADATA_ELEMENT (
  METADATA_ID varchar(32) NOT NULL,
  TYPE_ID varchar(32) NOT NULL,
  ATTRIBUTE_NAME varchar(100) DEFAULT NULL,
  DESCRIPTION varchar(40) DEFAULT NULL,
  DATA_TYPE varchar(20) DEFAULT NULL,
  AUDITABLE char(1) NOT NULL DEFAULT 'Y',
  REQUIRED char(1) NOT NULL DEFAULT 'N',
  SELF_EDITABLE char(1) NOT NULL DEFAULT 'N',
  TEMPLATE_ID varchar(32) DEFAULT NULL,
  RESOURCE_ID varchar(32) DEFAULT NULL,
  VALIDATOR varchar(150) DEFAULT NULL,
  STATIC_DEFAULT_VALUE varchar(4096) DEFAULT NULL,
  IS_PUBLIC char(1) NOT NULL DEFAULT 'Y',
  PRIMARY KEY (METADATA_ID)
);


CREATE TABLE METADATA_ELEMENT_PAGE_TEMPLATE (
  ID varchar(32) NOT NULL,
  NAME varchar(40) NOT NULL,
  RESOURCE_ID varchar(32) NOT NULL,
  IS_PUBLIC char(1) NOT NULL DEFAULT 'Y',
  TEMPLATE_TYPE_ID varchar(32) NOT NULL,
  PRIMARY KEY (ID)
);


CREATE TABLE METADATA_TYPE (
  TYPE_ID varchar(32) NOT NULL,
  DESCRIPTION varchar(40) DEFAULT NULL,
  ACTIVE char(1) NOT NULL DEFAULT 'N',
  SYNC_MANAGED_SYS char(1) NOT NULL DEFAULT 'N',
  GROUPING varchar(100) DEFAULT NULL,
  IS_BINARY char(1) NOT NULL DEFAULT 'N',
  IS_SENSITIVE char(1) NOT NULL DEFAULT 'N',
  PRIMARY KEY (TYPE_ID)
);


CREATE TABLE METADATA_URI_XREF (
  TEMPLATE_ID varchar(32) NOT NULL,
  URI_PATTERN_ID varchar(32) NOT NULL
);


CREATE TABLE MNG_SYS_GROUP (
  MNG_SYS_GROUP_ID varchar(32) NOT NULL,
  MANAGED_SYS_ID varchar(32) NOT NULL,
  PRIMARY KEY (MANAGED_SYS_ID,MNG_SYS_GROUP_ID)
);


CREATE TABLE MNG_SYS_LIST (
  MANAGED_SYS_ID varchar(32) NOT NULL,
  REQUEST_ID varchar(32) NOT NULL,
  PRIMARY KEY (MANAGED_SYS_ID,REQUEST_ID)
);


CREATE TABLE MNG_SYS_OBJECT_MATCH (
  OBJECT_SEARCH_ID varchar(32) NOT NULL,
  MANAGED_SYS_ID varchar(32) NOT NULL,
  OBJECT_TYPE varchar(20) DEFAULT 'USER',
  MATCH_METHOD varchar(20) DEFAULT 'BASE_DN',
  BASE_DN varchar(200) DEFAULT NULL,
  SEARCH_BASE_DN varchar(200) DEFAULT NULL,
  SEARCH_FILTER varchar(1000) DEFAULT NULL,
  KEY_FIELD varchar(40) DEFAULT NULL,
  PRIMARY KEY (OBJECT_SEARCH_ID)
);


CREATE TABLE NOTIFICATION_CONFIG (
  NOTIFICATION_CONFIG_ID varchar(32) NOT NULL,
  NAME varchar(40) DEFAULT NULL,
  SELECTION_PARAM_XML text,
  MSG_SUBJECT varchar(100) DEFAULT NULL,
  MSG_TEMPLATE_URL varchar(100) DEFAULT NULL,
  MSG_FROM varchar(100) DEFAULT NULL,
  MSG_BCC varchar(100) DEFAULT NULL,
  PRIMARY KEY (NOTIFICATION_CONFIG_ID)
);


CREATE TABLE OPENIAM_LOG (
  OPENIAM_LOG_ID varchar(32)  NOT NULL,
  USER_ID varchar(32) DEFAULT NULL,
  PRINCIPAL varchar(320) DEFAULT NULL,
  MANAGED_SYS_ID varchar(32) DEFAULT NULL,
  CREATED_DATETIME timestamp DEFAULT NULL,
  SOURCE varchar(50) DEFAULT NULL,
  CLIENT_IP varchar(50) DEFAULT NULL,
  NODE_ID varchar(50) DEFAULT NULL,
  LOG_ACTION varchar(50) DEFAULT NULL,
  RESULT varchar(50) DEFAULT NULL,
  SESSION_ID varchar(100) DEFAULT NULL,
  HASH varchar(100) NOT NULL,
  CORRELATION_ID varchar(32) DEFAULT NULL,
  PRIMARY KEY (OPENIAM_LOG_ID)
);


CREATE TABLE OPENIAM_LOG_ATTRIBUTE (
  OPENIAM_LOG_ATTRIBUTE_ID varchar(32) NOT NULL,
  OPENIAM_LOG_ID varchar(32) NOT NULL,
  NAME varchar(100) DEFAULT NULL,
  VALUE text,
  CREATED_TIMESTAMP text,
  PRIMARY KEY (OPENIAM_LOG_ATTRIBUTE_ID)
);


CREATE TABLE OPENIAM_LOG_LOG_MEMBERSHIP (
  OPENIAM_LOG_ID varchar(32) NOT NULL,
  OPENIAM_MEMBER_LOG_ID varchar(32) NOT NULL
);


CREATE TABLE OPENIAM_LOG_TARGET (
  OPENIAM_LOG_TARGET_ID varchar(32) NOT NULL,
  OPENIAM_LOG_ID varchar(32) NOT NULL,
  TARGET_ID varchar(32) DEFAULT NULL,
  TARGET_TYPE varchar(70) DEFAULT NULL,
  OBJECT_PRINCIPAL varchar(255) DEFAULT NULL,
  PRIMARY KEY (OPENIAM_LOG_TARGET_ID)
);


CREATE TABLE ORGANIZATION_TYPE (
  ORG_TYPE_ID varchar(32) NOT NULL,
  NAME varchar(100) NOT NULL,
  DESCRIPTION varchar(100) DEFAULT NULL,
  PRIMARY KEY (ORG_TYPE_ID)
);


CREATE TABLE ORG_POLICY (
  ORG_POLICY_ID varchar(32) NOT NULL,
  NAME varchar(40) DEFAULT NULL,
  TARGET_AUDIENCE_TYPE varchar(20) DEFAULT NULL,
  TARGET_AUDIENCE varchar(255) DEFAULT NULL,
  START_DATE date DEFAULT NULL,
  END_DATE date DEFAULT NULL,
  POLICY_TEXT text,
  PRIMARY KEY (ORG_POLICY_ID)
);


CREATE TABLE ORG_POLICY_USER_LOG (
  ORG_POLICY_LOG_ID varchar(32) NOT NULL,
  ORG_POLICY_ID varchar(32) NOT NULL,
  USER_ID varchar(32) NOT NULL,
  TIME_STAMP timestamp NOT NULL,
  RESPONSE varchar(255) DEFAULT NULL,
  PRIMARY KEY (ORG_POLICY_LOG_ID)
);


CREATE TABLE ORG_STRUCTURE (
  SUPERVISOR_ID varchar(32) NOT NULL,
  STAFF_ID varchar(32) NOT NULL,
  IS_PRIMARY_SUPER varchar(1) NOT NULL DEFAULT 'N',
  PRIMARY KEY (SUPERVISOR_ID,STAFF_ID)
);


CREATE TABLE ORG_TYPE_VALID_MEMBERSHIP (
  ORG_TYPE_ID varchar(32) NOT NULL,
  MEMBER_ORG_TYPE_ID varchar(32) NOT NULL
);


CREATE TABLE PAGE_TEMPLATE_XREF (
  TEMPLATE_ID varchar(32) NOT NULL,
  METADATA_ELEMENT_ID varchar(32) NOT NULL,
  DISPLAY_ORDER NUMERIC(11) NOT NULL,
  PRIMARY KEY (TEMPLATE_ID,METADATA_ELEMENT_ID)
);


CREATE TABLE PHONE (
  PHONE_ID varchar(32) NOT NULL,
  NAME varchar(40) DEFAULT NULL,
  AREA_CD varchar(10) DEFAULT NULL,
  COUNTRY_CD varchar(3) DEFAULT NULL,
  DESCRIPTION varchar(100) DEFAULT NULL,
  PHONE_NBR varchar(50) DEFAULT NULL,
  PHONE_EXT varchar(20) DEFAULT NULL,
  IS_DEFAULT char(1) DEFAULT 'N',
  ACTIVE char(1) DEFAULT 'Y',
  PARENT_ID varchar(32) DEFAULT NULL,
  LAST_UPDATE timestamp NULL DEFAULT NULL,
  CREATE_DATE timestamp NULL DEFAULT CURRENT_TIMESTAMP,
  TYPE_ID varchar(32) DEFAULT NULL,
  PRIMARY KEY (PHONE_ID)
);


CREATE TABLE POLICY (
  POLICY_ID varchar(32) NOT NULL,
  POLICY_DEF_ID varchar(32) DEFAULT NULL,
  NAME varchar(60) DEFAULT NULL,
  DESCRIPTION varchar(255) DEFAULT NULL,
  STATUS NUMERIC(11) DEFAULT NULL,
  CREATE_DATE timestamp DEFAULT NULL,
  CREATED_BY varchar(20) DEFAULT NULL,
  LAST_UPDATE timestamp DEFAULT NULL,
  LAST_UPDATED_BY varchar(20) DEFAULT NULL,
  RULE_SRC_URL varchar(80) DEFAULT NULL,
  RULE_TEXT text,
  ENABLEMENT NUMERIC(11) DEFAULT '1',
  PRIMARY KEY (POLICY_ID)
);


CREATE TABLE POLICY_ATTRIBUTE (
  POLICY_ATTR_ID varchar(32) NOT NULL,
  DEF_PARAM_ID varchar(32) DEFAULT NULL,
  POLICY_ID varchar(32) DEFAULT NULL,
  VALUE1 varchar(3072) DEFAULT NULL,
  VALUE2 varchar(3072) DEFAULT NULL,
  RULE_TEXT text,
  REQUIRED char(1) NOT NULL DEFAULT 'Y',
  PRIMARY KEY (POLICY_ATTR_ID)
);


CREATE TABLE POLICY_DEF (
  POLICY_DEF_ID varchar(32) NOT NULL,
  NAME varchar(60) DEFAULT NULL,
  DESCRIPTION varchar(255) DEFAULT NULL,
  POLICY_TYPE varchar(20) DEFAULT NULL,
  LOCATION_TYPE varchar(20) DEFAULT NULL,
  POLICY_RULE varchar(500) DEFAULT NULL,
  POLICY_HANDLER varchar(255) DEFAULT NULL,
  POLICY_ADVISE_HANDLER varchar(255) DEFAULT NULL,
  PRIMARY KEY (POLICY_DEF_ID)
);


CREATE TABLE POLICY_DEF_PARAM (
  DEF_PARAM_ID varchar(32) NOT NULL,
  POLICY_DEF_ID varchar(32) DEFAULT NULL,
  NAME varchar(60) DEFAULT NULL,
  DESCRIPTION varchar(255) DEFAULT NULL,
  OPERATION varchar(20) DEFAULT NULL,
  VALUE1 varchar(3072) DEFAULT NULL,
  VALUE2 varchar(3072) DEFAULT NULL,
  REPEATS NUMERIC(11) DEFAULT NULL,
  PARAM_GROUP varchar(20) DEFAULT NULL,
  HANDLER_LANGUAGE varchar(20) DEFAULT NULL,
  POLICY_PARAM_HANDLER varchar(255) DEFAULT NULL,
  PRIMARY KEY (DEF_PARAM_ID)
);


CREATE TABLE POLICY_OBJECT_ASSOC (
  POLICY_OBJECT_ID varchar(32) NOT NULL,
  POLICY_ID varchar(32) DEFAULT NULL,
  ASSOCIATION_LEVEL varchar(20) DEFAULT NULL,
  ASSOCIATION_VALUE varchar(255) DEFAULT NULL,
  OBJECT_TYPE varchar(100) DEFAULT NULL,
  OBJECT_ID varchar(32) DEFAULT NULL,
  PARENT_ASSOC_ID varchar(32) DEFAULT NULL,
  PRIMARY KEY (POLICY_OBJECT_ID)
);


CREATE TABLE PRIVILEGE (
  PRIVILEGE_ID varchar(32) NOT NULL,
  RESOURCE_ID varchar(32) NOT NULL,
  ABBRV varchar(3) NOT NULL,
  DESCRIPTION varchar(40) DEFAULT NULL,
  PRIMARY KEY (PRIVILEGE_ID)
);


CREATE TABLE PROFILE_PIC (
  PROFILE_PIC_ID varchar(32) NOT NULL,
  USER_ID varchar(32) NOT NULL,
  NAME varchar(256) DEFAULT NULL,
  PICTURE oid NOT NULL,
  PRIMARY KEY (PROFILE_PIC_ID)
);


CREATE TABLE PROVISION_CONNECTOR (
  CONNECTOR_ID varchar(32) NOT NULL,
  NAME varchar(40) DEFAULT NULL,
  METADATA_TYPE_ID varchar(20) DEFAULT NULL,
  STD_COMPLIANCE_LEVEL varchar(20) DEFAULT NULL,
  CLIENT_COMM_PROTOCOL varchar(20) DEFAULT NULL,
  SERVICE_URL varchar(100) DEFAULT NULL,
  SERVICE_NAMESPACE varchar(100) DEFAULT NULL,
  SERVICE_PORT varchar(100) DEFAULT NULL,
  SERVICE_WSDL varchar(100) DEFAULT NULL,
  CLASS_NAME varchar(60) DEFAULT NULL,
  HOST varchar(60) DEFAULT NULL,
  PORT varchar(10) DEFAULT NULL,
  CONNECTOR_INTERFACE varchar(20) DEFAULT NULL,
  PRIMARY KEY (CONNECTOR_ID)
);


CREATE TABLE PROV_REQUEST (
  REQUEST_ID varchar(32) NOT NULL,
  REQUESTOR_ID varchar(100) DEFAULT NULL,
  REQUEST_DATE timestamp DEFAULT NULL,
  STATUS varchar(20) DEFAULT NULL,
  STATUS_DATE timestamp DEFAULT NULL,
  REQUEST_REASON varchar(500) DEFAULT NULL,
  REQUEST_TYPE varchar(20) DEFAULT NULL,
  CHANGE_ACCESS_BY varchar(32) DEFAULT NULL,
  REQUEST_XML text,
  NEW_ROLE_ID varchar(32) DEFAULT NULL,
  NEW_SERVICE_ID varchar(20) DEFAULT NULL,
  MANAGED_RESOURCE_ID varchar(32) DEFAULT NULL,
  REQUEST_FOR_ORG_ID varchar(32) DEFAULT NULL,
  PRIMARY KEY (REQUEST_ID)
);


CREATE TABLE PWD_HISTORY (
  PWD_HISTORY_ID varchar(32) NOT NULL,
  DATE_CREATED timestamp NOT NULL,
  PASSWORD varchar(255) DEFAULT NULL,
  LOGIN_ID varchar(32) NOT NULL,
  PRIMARY KEY (PWD_HISTORY_ID)
);


CREATE TABLE RECONCILIATION_CONFIG (
  RECON_CONFIG_ID varchar(32) NOT NULL,
  RESOURCE_ID varchar(32) DEFAULT NULL,
  FREQUENCY varchar(20) DEFAULT NULL,
  STATUS varchar(20) DEFAULT 'ACTIVE',
  CSV_LINE_SEPARATOR varchar(10) DEFAULT 'comma',
  CSV_END_OF_LINE varchar(10) DEFAULT 'enter',
  NOTIFICATION_EMAIL_ADDRESS varchar(120) DEFAULT NULL,
  TARGET_SYS_MATCH_SCRIPT varchar(120) DEFAULT NULL,
  MANUAL_RECONCILIATION_FLAG char(1) NOT NULL DEFAULT 'N',
  CUSTOM_IDENTITY_MATCH_SCRIPT varchar(120) DEFAULT NULL,
  MATCH_FIELD_NAME varchar(40) DEFAULT NULL,
  CUSTOM_MATCH_ATTR varchar(40) DEFAULT NULL,
  CUSTOM_MATCH_SRC_ATTR varchar(40) DEFAULT NULL,
  MANAGED_SYS_ID varchar(32) DEFAULT NULL,
  SEARCH_FILTER varchar(200) DEFAULT NULL,
  UPDATED_SINCE timestamp DEFAULT NULL,
  TARGET_SYS_SEARCH_FILTER varchar(200) DEFAULT NULL,
  MATCH_SCRIPT varchar(120) DEFAULT NULL,
  EXEC_STATUS varchar(20) DEFAULT NULL,
  LAST_EXEC_TIME timestamp DEFAULT NULL,
  RECON_CUSTOM_PROCESSOR varchar(255) DEFAULT NULL,
  RECON_TYPE varchar(32) NOT NULL DEFAULT 'USER',
  NAME varchar(40) DEFAULT NULL,
  PRE_PROCESSOR varchar(255) DEFAULT NULL,
  POST_PROCESSOR varchar(255) DEFAULT NULL,
  PRIMARY KEY (RECON_CONFIG_ID)
);


CREATE TABLE RECONCILIATION_SITUATION (
  RECON_SITUATION_ID varchar(32) NOT NULL,
  RECON_CONFIG_ID varchar(32) DEFAULT NULL,
  SITUATION varchar(40) DEFAULT NULL,
  SITUATION_RESP varchar(40) DEFAULT NULL,
  SCRIPT varchar(80) DEFAULT NULL,
  CUSTOM_COMMAND_SCRIPT varchar(255) DEFAULT NULL,
  PRIMARY KEY (RECON_SITUATION_ID)
);


CREATE TABLE RECON_RES_ATTR_MAP (
  RECON_RES_ATTR_MAP_ID varchar(32) NOT NULL,
  ATTR_POLICY_ID varchar(32) DEFAULT NULL,
  DEF_RECON_ATTR_MAP_ID varchar(32) DEFAULT NULL,
  PRIMARY KEY (RECON_RES_ATTR_MAP_ID)
);


CREATE TABLE RELATIONSHIP (
  RELATIONSHIP_ID varchar(20) NOT NULL,
  RELATION_SET_ID varchar(20) DEFAULT NULL,
  ITEM_OBJ varchar(20) DEFAULT NULL,
  ITEM_ID varchar(20) DEFAULT NULL,
  RANK NUMERIC(11) DEFAULT NULL,
  ACTIVE bit(1) DEFAULT NULL,
  PRIMARY KEY (RELATIONSHIP_ID)
);


CREATE TABLE RELATION_CATEGORY (
  RELATION_SET_ID varchar(20) NOT NULL,
  CATEGORY_ID varchar(20) NOT NULL,
  PRIMARY KEY (RELATION_SET_ID,CATEGORY_ID)
);


CREATE TABLE RELATION_SET (
  RELATION_SET_ID varchar(20) NOT NULL,
  DESCRIPTION varchar(80) DEFAULT NULL,
  PRIMARY KEY (RELATION_SET_ID)
);


CREATE TABLE RELATION_SOURCE (
  RELATION_TYPE_ID varchar(20) NOT NULL,
  SOURCE_OBJ varchar(20) NOT NULL,
  SOURCE_ID varchar(20) NOT NULL,
  RELATION_SET_ID varchar(20) DEFAULT NULL,
  PRIMARY KEY (RELATION_TYPE_ID,SOURCE_OBJ,SOURCE_ID)
);


CREATE TABLE RELATION_TYPE (
  RELATION_TYPE_ID varchar(20) NOT NULL,
  DESCRIPTION varchar(80) NOT NULL,
  PRIMARY KEY (RELATION_TYPE_ID)
);


CREATE TABLE REPORT_CRITERIA_PARAMETER (
  RCP_ID varchar(32) NOT NULL,
  REPORT_INFO_ID varchar(32) NOT NULL,
  PARAM_NAME varchar(64) NOT NULL,
  PARAM_VALUE varchar(64) DEFAULT NULL,
  RCPT_ID varchar(100) DEFAULT NULL,
  PARAM_META_TYPE_ID varchar(32) DEFAULT NULL,
  IS_MULTIPLE char(1) NOT NULL DEFAULT 'N',
  IS_REQUIRED char(1) NOT NULL DEFAULT 'N',
  CAPTION varchar(100) NOT NULL,
  DISPLAY_ORDER NUMERIC(11) NOT NULL,
  REQUEST_PARAMS varchar(512) DEFAULT NULL,
  PRIMARY KEY (RCP_ID)
);


CREATE TABLE REPORT_INFO (
  REPORT_INFO_ID varchar(32) NOT NULL,
  REPORT_NAME varchar(64) NOT NULL,
  DATASOURCE_FILE_PATH varchar(255) NOT NULL,
  REPORT_FILE_PATH varchar(255) DEFAULT NULL,
  BUILT_IN char(1) NOT NULL DEFAULT 'N',
  RESOURCE_ID varchar(32) DEFAULT NULL,
  PRIMARY KEY (REPORT_INFO_ID)
);


CREATE TABLE REPORT_PARAMETER_METATYPE (
  PARAM_METATYPE_ID varchar(32) NOT NULL,
  PARAM_METATYPE_NAME varchar(45) NOT NULL,
  IS_MULTIPLE char(1) NOT NULL DEFAULT 'N',
  PRIMARY KEY (PARAM_METATYPE_ID)
);


CREATE TABLE REPORT_PARAMETER_TYPE (
  RCPT_ID varchar(100) DEFAULT NULL,
  TYPE_NAME varchar(100) DEFAULT NULL,
  TYPE_DESCRIPTION varchar(100) DEFAULT NULL
);


CREATE TABLE REPORT_SUBSCRIPTIONS (
  REPORT_SUB_ID varchar(32) NOT NULL,
  REPORT_INFO_ID varchar(45) DEFAULT NULL,
  REPORT_NAME varchar(64) NOT NULL,
  DELIVERY_METHOD varchar(45) DEFAULT NULL,
  DELIVERY_FORMAT varchar(45) DEFAULT NULL,
  DELIVERY_AUDIENCE varchar(45) DEFAULT NULL,
  STATUS varchar(45) DEFAULT NULL,
  USERID varchar(45) DEFAULT NULL,
  PRIMARY KEY (REPORT_SUB_ID)
);


CREATE TABLE REPORT_SUB_CRITERIA_PARAM (
  RSCP_ID varchar(45) NOT NULL,
  RCP_ID varchar(32) DEFAULT NULL,
  REPORT_SUB_ID varchar(32) DEFAULT NULL,
  PARAM_NAME varchar(64) DEFAULT NULL,
  PARAM_VALUE varchar(64) DEFAULT NULL,
  PRIMARY KEY (RSCP_ID)
);


CREATE TABLE REQUEST_ATTACHMENT (
  REQUEST_ATTACHMENT_ID varchar(32) NOT NULL,
  NAME varchar(20) DEFAULT NULL,
  ATTACHMENT varchar(20) DEFAULT NULL,
  USER_ID varchar(32) DEFAULT NULL,
  ATTACHMENT_DATE timestamp DEFAULT NULL,
  REQUEST_ID varchar(32) NOT NULL,
  PRIMARY KEY (REQUEST_ATTACHMENT_ID)
);


CREATE TABLE REQUEST_ATTRIBUTE (
  REQUEST_ATTR_ID varchar(32) NOT NULL,
  NAME varchar(100) DEFAULT NULL,
  VALUE varchar(4096) DEFAULT NULL,
  METADATA_ID varchar(32) DEFAULT NULL,
  REQUEST_ID varchar(32) DEFAULT NULL,
  PRIMARY KEY (REQUEST_ATTR_ID)
);


CREATE TABLE REQUEST_USER (
  REQ_USER_ID varchar(32) NOT NULL,
  USER_ID varchar(32) DEFAULT NULL,
  FIRST_NAME varchar(20) DEFAULT NULL,
  LAST_NAME varchar(20) DEFAULT NULL,
  MIDDLE_INIT varchar(20) DEFAULT NULL,
  DEPT_CD varchar(20) DEFAULT NULL,
  DIVISION varchar(20) DEFAULT NULL,
  LOCATION_CD varchar(20) DEFAULT NULL,
  AFFILIATION varchar(20) DEFAULT NULL,
  REQUEST_ID varchar(32) DEFAULT NULL,
  PRIMARY KEY (REQ_USER_ID)
);


CREATE TABLE REQ_APPROVER (
  REQ_APPROVER_ID varchar(32) NOT NULL,
  APPROVER_ID varchar(32) DEFAULT NULL,
  APPROVER_TYPE varchar(20) DEFAULT NULL,
  APPROVER_LEVEL NUMERIC(11) DEFAULT NULL,
  REQUEST_ID varchar(32) DEFAULT NULL,
  ACTION_DATE timestamp DEFAULT NULL,
  STATUS varchar(20) DEFAULT NULL,
  ACTION varchar(20) DEFAULT NULL,
  CMT varchar(1000) DEFAULT NULL,
  MANAGED_SYS_ID varchar(32) DEFAULT NULL,
  MNG_SYS_GROUP_ID varchar(32) DEFAULT NULL,
  ROLE_DOMAIN varchar(20) DEFAULT NULL,
  PRIMARY KEY (REQ_APPROVER_ID)
);


CREATE TABLE RES (
  RESOURCE_ID varchar(32) NOT NULL,
  RESOURCE_TYPE_ID varchar(32) NOT NULL,
  DESCRIPTION varchar(512) DEFAULT NULL,
  NAME varchar(255) NOT NULL,
  DISPLAY_ORDER NUMERIC(11) DEFAULT '1',
  URL varchar(255) DEFAULT NULL,
  MIN_AUTH_LEVEL varchar(32) DEFAULT NULL,
  IS_PUBLIC char(1) DEFAULT 'Y',
  ADMIN_RESOURCE_ID varchar(32) DEFAULT NULL,
  RISK varchar(10) DEFAULT NULL,
  TYPE_ID varchar(32) DEFAULT NULL,
  COORELATED_NAME varchar(250) DEFAULT NULL,
  PRIMARY KEY (RESOURCE_ID)
);


CREATE TABLE RESOURCE_GROUP (
  RESOURCE_ID varchar(32) NOT NULL,
  GRP_ID varchar(32) NOT NULL,
  START_DATE timestamp DEFAULT NULL,
  PRIMARY KEY (RESOURCE_ID,GRP_ID)
);


CREATE TABLE RESOURCE_POLICY (
  RESOURCE_POLICY_ID varchar(32) NOT NULL,
  RESOURCE_ID varchar(32) DEFAULT NULL,
  POLICY_START timestamp DEFAULT NULL,
  POLICY_END timestamp DEFAULT NULL,
  APPLY_TO_CHILDREN NUMERIC(11) DEFAULT NULL,
  ROLE_ID varchar(32) NOT NULL,
  PRIMARY KEY (RESOURCE_POLICY_ID)
);


CREATE TABLE RESOURCE_PRIVILEGE (
  RESOURCE_PRIVLEGE_ID varchar(32) NOT NULL,
  RESOURCE_ID varchar(32) DEFAULT NULL,
  PRIVILEGE_NAME varchar(32) DEFAULT NULL,
  PRIVILEGE_TYPE varchar(20) DEFAULT NULL,
  DESCRIPTION varchar(40) DEFAULT NULL,
  PRIMARY KEY (RESOURCE_PRIVLEGE_ID)
);


CREATE TABLE RESOURCE_PROP (
  RESOURCE_PROP_ID varchar(32) NOT NULL,
  RESOURCE_ID varchar(32) DEFAULT NULL,
  METADATA_ID varchar(32) DEFAULT NULL,
  NAME varchar(100) DEFAULT NULL,
  ATTR_VALUE varchar(4096) DEFAULT NULL,
  PROP_GROUP varchar(20) DEFAULT NULL,
  IS_MULTIVALUED char(1) NOT NULL DEFAULT 'N',
  PRIMARY KEY (RESOURCE_PROP_ID)
);


CREATE TABLE RESOURCE_ROLE (
  RESOURCE_ID varchar(32) NOT NULL,
  START_DATE timestamp DEFAULT NULL,
  ROLE_ID varchar(32) NOT NULL,
  PRIMARY KEY (RESOURCE_ID,ROLE_ID)
);


CREATE TABLE RESOURCE_TYPE (
  RESOURCE_TYPE_ID varchar(32) NOT NULL,
  DESCRIPTION varchar(100) DEFAULT NULL,
  PROVISION_RESOURCE NUMERIC(11) DEFAULT NULL,
  PROCESS_NAME varchar(80) DEFAULT NULL,
  SUPPORTS_HIERARCHY char(1) NOT NULL DEFAULT 'Y',
  SEARCHABLE char(1) DEFAULT 'Y',
  URL text,
  IMAGE_TYPE varchar(16) DEFAULT NULL,
  PRIMARY KEY (RESOURCE_TYPE_ID)
);


CREATE TABLE RESOURCE_USER (
  RESOURCE_ID varchar(32) NOT NULL,
  USER_ID varchar(32) NOT NULL,
  START_DATE timestamp DEFAULT NULL,
  PRIMARY KEY (RESOURCE_ID,USER_ID)
);


CREATE TABLE ROLE (
  ROLE_NAME varchar(80) NOT NULL,
  CREATE_DATE timestamp DEFAULT NULL,
  CREATED_BY varchar(32) DEFAULT NULL,
  DESCRIPTION varchar(255) DEFAULT NULL,
  STATUS varchar(20) DEFAULT NULL,
  ROLE_ID varchar(32) NOT NULL,
  MANAGED_SYS_ID varchar(32) DEFAULT NULL,
  ADMIN_RESOURCE_ID varchar(32) DEFAULT NULL,
  TYPE_ID varchar(32) DEFAULT NULL,
  PRIMARY KEY (ROLE_ID)
);


CREATE TABLE ROLE_ATTRIBUTE (
  ROLE_ATTR_ID varchar(32) NOT NULL,
  NAME varchar(100) DEFAULT NULL,
  ATTR_VALUE varchar(4096) DEFAULT NULL,
  METADATA_ID varchar(32) DEFAULT NULL,
  ROLE_ID varchar(32) NOT NULL,
  IS_MULTIVALUED char(1) NOT NULL DEFAULT 'N',
  PRIMARY KEY (ROLE_ATTR_ID)
);


CREATE TABLE ROLE_ATTRIBUTE_VALUES (
  ROLE_ATTRIBUTE_ID varchar(32) NOT NULL,
  VALUE varchar(255) DEFAULT NULL
);


CREATE TABLE ROLE_POLICY (
  ROLE_POLICY_ID varchar(32) NOT NULL,
  ACTION varchar(20) DEFAULT NULL,
  NAME varchar(40) DEFAULT NULL,
  VALUE1 varchar(40) DEFAULT NULL,
  VALUE2 varchar(40) DEFAULT NULL,
  ACTION_QUALIFIER varchar(20) DEFAULT NULL,
  EXECUTION_ORDER NUMERIC(11) DEFAULT NULL,
  POLICY_SCRIPT varchar(100) DEFAULT NULL,
  ROLE_ID varchar(32) NOT NULL,
  PRIMARY KEY (ROLE_POLICY_ID)
);


CREATE TABLE SEQUENCE_GEN (
  ATTRIBUTE varchar(32) NOT NULL,
  NEXT_ID NUMERIC(11) DEFAULT NULL,
  PRIMARY KEY (ATTRIBUTE)
);


CREATE TABLE SERVICE (
  SERVICE_ID varchar(20) NOT NULL,
  SERVICE_NAME varchar(40) DEFAULT NULL,
  STATUS varchar(20) DEFAULT NULL,
  LOCATION_IP_ADDRESS varchar(80) DEFAULT NULL,
  COMPANY_OWNER_ID varchar(20) DEFAULT NULL,
  START_DATE timestamp DEFAULT NULL,
  END_DATE timestamp DEFAULT NULL,
  LICENSE_KEY varchar(255) DEFAULT NULL,
  SERVICE_TYPE varchar(20) DEFAULT NULL,
  PARENT_SERVICE_ID varchar(20) DEFAULT NULL,
  ROOT_RESOURCE_ID varchar(20) DEFAULT NULL,
  ACCESS_CONTROL_MODEL varchar(20) DEFAULT NULL,
  PARAM1 varchar(20) DEFAULT NULL,
  PARAM2 varchar(20) DEFAULT NULL,
  PARAM3 varchar(20) DEFAULT NULL,
  PARAM4 varchar(20) DEFAULT NULL,
  PARAM5 varchar(20) DEFAULT NULL,
  PRIMARY KEY (SERVICE_ID)
);


CREATE TABLE SERVICE_CONFIG (
  SERVICE_CONFIG_ID varchar(20) NOT NULL,
  SERVICE_ID varchar(20) DEFAULT NULL,
  NAME varchar(40) DEFAULT NULL,
  VALUE varchar(40) DEFAULT NULL,
  PRIMARY KEY (SERVICE_CONFIG_ID)
);


CREATE TABLE STATUS (
  STATUS_CD varchar(40) NOT NULL,
  STATUS_TYPE varchar(20) DEFAULT NULL,
  DESCRIPTION varchar(80) DEFAULT NULL,
  CODE_GROUP varchar(40) NOT NULL,
  LANGUAGE_CD varchar(2) NOT NULL,
  COMPANY_OWNER_ID varchar(32) NOT NULL,
  SERVICE_ID varchar(20) NOT NULL,
  WEIGHT NUMERIC(11) DEFAULT NULL,
  PRIMARY KEY (CODE_GROUP,STATUS_CD,LANGUAGE_CD)
);


CREATE TABLE SYNCH_CONFIG (
  SYNCH_CONFIG_ID varchar(32) NOT NULL,
  NAME varchar(60) DEFAULT NULL,
  STATUS varchar(20) DEFAULT NULL,
  SYNCH_SRC varchar(20) DEFAULT NULL,
  FILE_NAME varchar(80) DEFAULT NULL,
  SRC_LOGIN_ID varchar(100) DEFAULT NULL,
  SRC_PASSWORD varchar(100) DEFAULT NULL,
  SRC_HOST varchar(100) DEFAULT NULL,
  DRIVER varchar(100) DEFAULT NULL,
  CONNECTION_URL varchar(100) DEFAULT NULL,
  QUERY varchar(1000) DEFAULT NULL,
  QUERY_TIME_FIELD varchar(50) DEFAULT NULL,
  BASE_DN varchar(50) DEFAULT NULL,
  LAST_EXEC_TIME timestamp DEFAULT NULL,
  LAST_REC_PROCESSED varchar(32) DEFAULT NULL,
  MANAGED_SYS_ID varchar(32) DEFAULT NULL,
  LOAD_MATCH_ONLY NUMERIC(11) DEFAULT '0',
  UPDATE_ATTRIBUTE NUMERIC(11) DEFAULT '1',
  SYNCH_FREQUENCY varchar(20) DEFAULT NULL,
  SYNCH_TYPE varchar(20) DEFAULT NULL,
  DELETE_RULE varchar(80) DEFAULT NULL,
  PROCESS_RULE varchar(80) DEFAULT NULL,
  VALIDATION_RULE varchar(80) DEFAULT NULL,
  TRANSFORMATION_RULE varchar(80) DEFAULT NULL,
  MATCH_FIELD_NAME varchar(40) DEFAULT NULL,
  MATCH_MANAGED_SYS_ID varchar(32) DEFAULT NULL,
  MATCH_SRC_FIELD_NAME varchar(40) DEFAULT NULL,
  CUSTOM_MATCH_RULE varchar(100) DEFAULT NULL,
  CUSTOM_ADAPTER_SCRIPT varchar(100) DEFAULT NULL,
  CUSTOM_MATCH_ATTR varchar(40) DEFAULT NULL,
  WS_URL varchar(100) DEFAULT NULL,
  WS_SCRIPT varchar(100) DEFAULT NULL,
  USE_POLICY_MAP char(1) DEFAULT 'Y',
  USE_TRANSFORM_SCRIPT char(1) DEFAULT 'Y',
  POLICY_MAP_BEFORE_TRANSFORM char(1) DEFAULT 'Y',
  USE_SYSTEM_PATH char(1) DEFAULT 'N',
  PRE_SYNC_SCRIPT varchar(80) DEFAULT NULL,
  POST_SYNC_SCRIPT varchar(80) DEFAULT NULL,
  COMPANY_ID varchar(32) DEFAULT NULL,
  ATTRIBUTE_NAMES_LOOKUP varchar(120) DEFAULT NULL,
  SEARCH_SCOPE NUMERIC(11) NOT NULL DEFAULT '2',
  PRIMARY KEY (SYNCH_CONFIG_ID)
);


CREATE TABLE SYNCH_CONFIG_DATA_MAPPING (
  MAPPING_ID varchar(32) NOT NULL,
  SYNCH_CONFIG_ID varchar(32) DEFAULT NULL,
  IDM_FIELD_NAME varchar(40) DEFAULT NULL,
  SRC_FIELD_NAME varchar(40) DEFAULT NULL,
  MULTIVALUED NUMERIC(11) DEFAULT NULL,
  PRIMARY KEY (MAPPING_ID)
);


CREATE TABLE SYNCH_REVIEW (
  SYNCH_REVIEW_ID varchar(32) NOT NULL,
  SYNCH_CONFIG_ID varchar(32) NOT NULL,
  SRC_REJECTED varchar(1) NOT NULL DEFAULT 'N',
  SKIP_SRC_VALID varchar(1) NOT NULL DEFAULT 'N',
  SKIP_REC_VALID varchar(1) NOT NULL DEFAULT 'N',
  CREATE_TIME timestamp NOT NULL,
  MODIFY_TIME timestamp DEFAULT NULL,
  EXEC_TIME timestamp DEFAULT NULL,
  PRIMARY KEY (SYNCH_REVIEW_ID)
);


CREATE TABLE SYNCH_REVIEW_RECORD (
  SYNCH_REVIEW_RECORD_ID varchar(32) NOT NULL,
  SYNCH_REVIEW_ID varchar(32) NOT NULL,
  HEADER varchar(1) NOT NULL DEFAULT 'N',
  PRIMARY KEY (SYNCH_REVIEW_RECORD_ID)
);


CREATE TABLE SYNCH_REVIEW_RECORD_VALUE (
  SYNCH_REVIEW_RECORD_VALUE_ID varchar(32) NOT NULL,
  SYNCH_REVIEW_RECORD_ID varchar(32) NOT NULL,
  VALUE varchar(4096) DEFAULT NULL,
  PRIMARY KEY (SYNCH_REVIEW_RECORD_VALUE_ID)
);


CREATE TABLE UI_FIELD_TEMPLATE_XREF (
  UI_FIELD_ID varchar(32) NOT NULL,
  TEMPLATE_ID varchar(32) NOT NULL,
  IS_REQUIRED char(1) NOT NULL DEFAULT 'N',
  IS_EDITABLE char(1) NOT NULL DEFAULT 'Y',
  DISPLAY_ORDER NUMERIC(3) NOT NULL,
  XREF_ID varchar(32) NOT NULL,
  PRIMARY KEY (XREF_ID)
);


CREATE TABLE UI_TEMPLATE_FIELDS (
  UI_FIELD_ID varchar(32) NOT NULL,
  NAME varchar(100) NOT NULL,
  DESCRIPTION varchar(200) DEFAULT NULL,
  TEMPLATE_TYPE_ID varchar(32) NOT NULL,
  IS_REQUIRED char(1) NOT NULL DEFAULT 'N',
  PRIMARY KEY (UI_FIELD_ID)
);


CREATE TABLE UI_TEMPLATE_TYPE (
  TEMPLATE_TYPE_ID varchar(32) NOT NULL,
  NAME varchar(100) NOT NULL,
  DESCRIPTION varchar(200) DEFAULT NULL,
  PRIMARY KEY (TEMPLATE_TYPE_ID)
);


CREATE TABLE UI_THEME (
  UI_THEME_ID varchar(32) NOT NULL,
  UI_THEME_NAME varchar(100) NOT NULL,
  URL varchar(300) NOT NULL,
  PRIMARY KEY (UI_THEME_ID)
);


CREATE TABLE URI_AUTH_LEVEL_GRP_XREF (
  URI_PATTERN_ID varchar(32) NOT NULL,
  AUTH_LEVEL_GROUPING_ID varchar(32) NOT NULL,
  EXEC_ORDER NUMERIC(3) NOT NULL
);


CREATE TABLE URI_PATTERN (
  URI_PATTERN_ID varchar(32) NOT NULL,
  CONTENT_PROVIDER_ID varchar(32) NOT NULL,
  PATTERN varchar(100) NOT NULL,
  IS_PUBLIC char(1) NOT NULL DEFAULT 'N',
  RESOURCE_ID varchar(32) NOT NULL,
  UI_THEME_ID varchar(32) DEFAULT NULL,
  PRIMARY KEY (URI_PATTERN_ID)
);


CREATE TABLE URI_PATTERN_META (
  URI_PATTERN_META_ID varchar(32) NOT NULL,
  URI_PATTERN_ID varchar(32) NOT NULL,
  URI_PATTERN_META_TYPE_ID varchar(32) NOT NULL,
  URI_PATTERN_NAME varchar(100) NOT NULL,
  PRIMARY KEY (URI_PATTERN_META_ID)
);


CREATE TABLE URI_PATTERN_META_TYPE (
  URI_PATTERN_META_TYPE_ID varchar(32) NOT NULL,
  METADATA_TYPE_NAME varchar(100) NOT NULL,
  SPRING_BEAN_NAME varchar(100) NOT NULL,
  PRIMARY KEY (URI_PATTERN_META_TYPE_ID)
);


CREATE TABLE URI_PATTERN_META_VALUE (
  URI_PATTERN_META_VALUE_ID varchar(32) NOT NULL,
  URI_PATTERN_META_ID varchar(32) NOT NULL,
  META_ATTRIBUTE_NAME varchar(100) NOT NULL,
  AM_RES_ATTRIBUTE_ID varchar(32) DEFAULT NULL,
  STATIC_VALUE varchar(4096) DEFAULT NULL,
  GROOVY_SCRIPT varchar(200) DEFAULT NULL,
  PROPAGETE_THROUGH_PROXY char(1) NOT NULL DEFAULT 'Y',
  IS_EMPTY_VALUE char(1) NOT NULL DEFAULT 'N',
  PRIMARY KEY (URI_PATTERN_META_VALUE_ID)
);


CREATE TABLE USERS (
  USER_ID varchar(32) NOT NULL,
  FIRST_NAME varchar(50) DEFAULT NULL,
  LAST_NAME varchar(50) DEFAULT NULL,
  MIDDLE_INIT varchar(50) DEFAULT NULL,
  TYPE_ID varchar(32) DEFAULT NULL,
  CLASSIFICATION varchar(20) DEFAULT NULL,
  TITLE varchar(100) DEFAULT NULL,
  MAIL_CODE varchar(100) DEFAULT NULL,
  COST_CENTER varchar(20) DEFAULT NULL,
  STATUS varchar(40) DEFAULT NULL,
  SECONDARY_STATUS varchar(40) DEFAULT NULL,
  BIRTHDATE timestamp DEFAULT NULL,
  SEX char(1) DEFAULT NULL,
  CREATE_DATE timestamp DEFAULT NULL,
  CREATED_BY varchar(40) DEFAULT NULL,
  LAST_UPDATE timestamp DEFAULT NULL,
  LAST_UPDATED_BY varchar(40) DEFAULT NULL,
  PREFIX varchar(4) DEFAULT NULL,
  SUFFIX varchar(20) DEFAULT NULL,
  USER_TYPE_IND varchar(20) DEFAULT NULL,
  EMPLOYEE_ID varchar(32) DEFAULT NULL,
  EMPLOYEE_TYPE varchar(32) DEFAULT NULL,
  LOCATION_CD varchar(50) DEFAULT NULL,
  LOCATION_NAME varchar(100) DEFAULT NULL,
  COMPANY_OWNER_ID varchar(32) DEFAULT NULL,
  JOB_CODE varchar(32) DEFAULT NULL,
  ALTERNATE_ID varchar(32) DEFAULT NULL,
  START_DATE date DEFAULT NULL,
  LAST_DATE date DEFAULT NULL,
  MAIDEN_NAME varchar(40) DEFAULT NULL,
  NICKNAME varchar(40) DEFAULT NULL,
  PASSWORD_THEME varchar(20) DEFAULT NULL,
  SHOW_IN_SEARCH NUMERIC(11) DEFAULT NULL,
  USER_OWNER_ID varchar(32) DEFAULT NULL,
  DATE_PASSWORD_CHANGED timestamp DEFAULT NULL,
  DATE_CHALLENGE_RESP_CHANGED timestamp DEFAULT NULL,
  SYSTEM_FLAG varchar(1) DEFAULT NULL,
  DATE_IT_POLICY_APPROVED timestamp NULL DEFAULT NULL,
  CLAIM_DATE date DEFAULT NULL,
  PRIMARY KEY (USER_ID)
);


CREATE TABLE USER_AFFILIATION (
  COMPANY_ID varchar(32) NOT NULL,
  USER_ID varchar(32) NOT NULL,
  CREATE_DATE timestamp DEFAULT NULL,
  PRIMARY KEY (COMPANY_ID,USER_ID)
);


CREATE TABLE USER_ATTACHMENT_REF (
  USER_ATTACH_REF_ID varchar(20) NOT NULL,
  USER_ID varchar(20) DEFAULT NULL,
  NAME varchar(20) DEFAULT NULL,
  VALUE varchar(50) DEFAULT NULL,
  URL varchar(50) DEFAULT NULL,
  PRIMARY KEY (USER_ATTACH_REF_ID)
);


CREATE TABLE USER_ATTRIBUTES (
  ID varchar(32) NOT NULL,
  USER_ID varchar(32) DEFAULT NULL,
  METADATA_ID varchar(32) DEFAULT NULL,
  NAME varchar(100) DEFAULT NULL,
  VALUE varchar(4096) DEFAULT NULL,
  VALUE_AS_BYTE_ARRAY bytea,
  IS_MULTIVALUED char(1) NOT NULL DEFAULT 'N',
  PRIMARY KEY (ID)
);


CREATE TABLE USER_ATTRIBUTE_VALUES (
  USER_ATTRIBUTE_ID varchar(32) NOT NULL,
  VALUE varchar(255) DEFAULT NULL
);


CREATE TABLE USER_DELEGATION_ATTRIBUTE (
  ID varchar(32) NOT NULL,
  USER_ID varchar(32) DEFAULT NULL,
  OBJ_TYPE varchar(50) DEFAULT NULL,
  NAME varchar(50) DEFAULT NULL,
  VALUE varchar(255) DEFAULT NULL,
  PRIMARY KEY (ID)
);


CREATE TABLE USER_GRP (
  GRP_ID varchar(32) NOT NULL,
  USER_ID varchar(32) NOT NULL
);


CREATE TABLE USER_IDENTITY_ANS (
  IDENTITY_ANS_ID varchar(32) NOT NULL,
  IDENTITY_QUESTION_ID varchar(32) NOT NULL,
  USER_ID varchar(32) DEFAULT NULL,
  QUESTION_ANSWER varchar(1024) DEFAULT NULL,
  IS_ENCRYPTED varchar(1) NOT NULL DEFAULT 'N',
  PRIMARY KEY (IDENTITY_ANS_ID)
);


CREATE TABLE USER_KEY (
  USER_KEY_ID varchar(32) NOT NULL,
  USER_ID varchar(32) NOT NULL,
  NAME varchar(40) NOT NULL,
  KEY_VALUE varchar(255) NOT NULL,
  PRIMARY KEY (USER_KEY_ID)
);


CREATE TABLE USER_NOTE (
  USER_NOTE_ID varchar(32) NOT NULL,
  USER_ID varchar(32) DEFAULT NULL,
  NOTE_TYPE varchar(20) DEFAULT NULL,
  DESCRIPTION varchar(2000) DEFAULT NULL,
  CREATE_DATE timestamp DEFAULT NULL,
  CREATED_BY varchar(20) DEFAULT NULL,
  PRIMARY KEY (USER_NOTE_ID)
);


CREATE TABLE USER_ROLE (
  USER_ID varchar(32) NOT NULL,
  ROLE_ID varchar(32) NOT NULL,
  PRIMARY KEY (ROLE_ID,USER_ID)
);


CREATE TABLE WEB_RESOURCE_ATTRIBUTE (
  ATTRIBUTE_MAP_ID varchar(32) NOT NULL,
  RESOURCE_ID varchar(32) NOT NULL,
  TARGET_ATTRIBUTE_NAME varchar(100) NOT NULL,
  AM_ATTRIBUTE_NAME varchar(100) DEFAULT NULL,
  AM_POLICY_URL varchar(100) DEFAULT NULL,
  PRIMARY KEY (ATTRIBUTE_MAP_ID)
);


CREATE TABLE grp_to_grp_membership (
  GROUP_ID varchar(32) NOT NULL,
  MEMBER_GROUP_ID varchar(32) NOT NULL,
  CREATE_DATE timestamp NULL DEFAULT NULL,
  UPDATE_DATE timestamp NULL DEFAULT NULL,
  CREATED_BY varchar(32) DEFAULT NULL,
  UPDATED_BY varchar(32) DEFAULT NULL
);


CREATE TABLE res_to_res_membership (
  RESOURCE_ID varchar(32) NOT NULL,
  MEMBER_RESOURCE_ID varchar(32) NOT NULL,
  CREATE_DATE timestamp NULL DEFAULT NULL,
  UPDATE_DATE timestamp NULL DEFAULT NULL,
  CREATED_BY varchar(32) DEFAULT NULL,
  UPDATED_BY varchar(32) DEFAULT NULL
);


CREATE TABLE role_to_role_membership (
  ROLE_ID varchar(32) NOT NULL,
  MEMBER_ROLE_ID varchar(32) NOT NULL,
  CREATE_DATE timestamp NULL DEFAULT NULL,
  UPDATE_DATE timestamp NULL DEFAULT NULL,
  CREATED_BY varchar(32) DEFAULT NULL,
  UPDATED_BY varchar(32) DEFAULT NULL
);


CREATE OR REPLACE VIEW USER_PSWD_EXPIRED_YESTERDAY_VW ("LOGIN", "MANAGED_SYS_ID", "USER_ID", "EXPIRATION_DATE", "FIRST_NAME", "LAST_NAME", "STATUS") AS 
  select
    l.LOGIN AS LOGIN,
    l.MANAGED_SYS_ID AS MANAGED_SYS_ID,
    l.USER_ID AS USER_ID,
    l.GRACE_PERIOD AS EXPIRATION_DATE,
    u.FIRST_NAME AS FIRST_NAME,
    u.LAST_NAME AS LAST_NAME,
    u.STATUS AS STATUS
  from LOGIN l, USERS u 
    where
    ((l.USER_ID = u.USER_ID)
     and (l.MANAGED_SYS_ID = '0')
     and (
      ((l.GRACE_PERIOD is not null)
       and (cast(l.GRACE_PERIOD as date) = (CURRENT_DATE - 1))
      ) 
      or
      (
        (l.PWD_EXP is not null)
        and (coalesce(l.GRACE_PERIOD, NULL) = NULL)
        and (cast(l.PWD_EXP as date) = (CURRENT_DATE - 1))
               
      )     
     )
    );



-- CREATE LANGUAGE plpgsql;




CREATE OR REPLACE FUNCTION cr_upd_trig_func() RETURNS trigger AS '
BEGIN
	NEW.CREATE_DATE := NOW();
	NEW.UPDATE_DATE := NOW();
	RETURN NEW;
END
' LANGUAGE plpgsql;

CREATE OR REPLACE FUNCTION cr_l_upd_trig_func() RETURNS trigger AS '
BEGIN
	NEW.CREATE_DATE := NOW();
	NEW.LAST_UPDATE := NOW();
	RETURN NEW;
END
' LANGUAGE plpgsql;

CREATE OR REPLACE FUNCTION l_upd_trig_func() RETURNS trigger AS '
BEGIN
	NEW.LAST_UPDATE := NOW();
	RETURN NEW;
END
' LANGUAGE plpgsql;

CREATE OR REPLACE FUNCTION l_m_dt_trig_func() RETURNS trigger AS '
BEGIN
	NEW.LAST_MODIFIED_DATETIME := CURRENT_TIMESTAMP;
	RETURN NEW;
END
' LANGUAGE plpgsql;
--------------------------------------------------------
--  DDL for Trigger GRP_GRP_MEM_INSERT
--------------------------------------------------------

  CREATE TRIGGER GRP_GRP_MEM_INSERT 
BEFORE 
INSERT ON grp_to_grp_membership 
	FOR EACH ROW
	EXECUTE PROCEDURE cr_upd_trig_func();
--------------------------------------------------------
--  DDL for Trigger ON_ADDRESS_INSERT
--------------------------------------------------------

  CREATE TRIGGER ON_ADDRESS_INSERT 
BEFORE 
INSERT ON ADDRESS 
	FOR EACH ROW
	EXECUTE PROCEDURE cr_l_upd_trig_func();
--------------------------------------------------------
--  DDL for Trigger ON_ADDRESS_UPDATE
--------------------------------------------------------

  CREATE TRIGGER ON_ADDRESS_UPDATE 
BEFORE 
UPDATE ON ADDRESS 
	FOR EACH ROW
	EXECUTE PROCEDURE l_upd_trig_func();
--------------------------------------------------------
--  DDL for Trigger ON_BATCH_TASK_INSERT
--------------------------------------------------------

  CREATE TRIGGER ON_BATCH_TASK_INSERT 
BEFORE 
INSERT ON BATCH_CONFIG 
	FOR EACH ROW
	EXECUTE PROCEDURE l_m_dt_trig_func();
--------------------------------------------------------
--  DDL for Trigger ON_BATCH_TASK_UPDATE
--------------------------------------------------------

  CREATE TRIGGER ON_BATCH_TASK_UPDATE 
BEFORE 
UPDATE ON BATCH_CONFIG 
	FOR EACH ROW
	EXECUTE PROCEDURE l_m_dt_trig_func();
--------------------------------------------------------
--  DDL for Trigger ON_COMPANY_XREF_INSERT
--------------------------------------------------------

  CREATE TRIGGER ON_COMPANY_XREF_INSERT 
BEFORE
INSERT ON COMPANY_TO_COMPANY_MEMBERSHIP
	FOR EACH ROW
	EXECUTE PROCEDURE cr_upd_trig_func();
--------------------------------------------------------
--  DDL for Trigger ON_EMAIL_INSERT
--------------------------------------------------------

  CREATE TRIGGER ON_EMAIL_INSERT 
BEFORE 
INSERT ON EMAIL_ADDRESS 
	FOR EACH ROW
	EXECUTE PROCEDURE cr_l_upd_trig_func();
--------------------------------------------------------
--  DDL for Trigger ON_EMAIL_UPDATE
--------------------------------------------------------

  CREATE TRIGGER ON_EMAIL_UPDATE 
BEFORE 
UPDATE ON EMAIL_ADDRESS 
	FOR EACH ROW
	EXECUTE PROCEDURE l_upd_trig_func();
--------------------------------------------------------
--  DDL for Trigger ON_IDENTITY_INSERT
--------------------------------------------------------

  CREATE TRIGGER ON_IDENTITY_INSERT 
BEFORE 
INSERT ON IDENTIFICATION 
	FOR EACH ROW
	EXECUTE PROCEDURE cr_l_upd_trig_func();
--------------------------------------------------------
--  DDL for Trigger ON_IDENTITY_UPDATE
--------------------------------------------------------

  CREATE TRIGGER ON_IDENTITY_UPDATE 
BEFORE 
INSERT ON IDENTIFICATION 
	FOR EACH ROW
	EXECUTE PROCEDURE l_upd_trig_func();
--------------------------------------------------------
--  DDL for Trigger ON_LOGIN_INSERT
--------------------------------------------------------

  CREATE TRIGGER ON_LOGIN_INSERT 
BEFORE 
INSERT ON LOGIN 
	FOR EACH ROW
	EXECUTE PROCEDURE cr_l_upd_trig_func();
--------------------------------------------------------
--  DDL for Trigger ON_LOGIN_UPDATE
--------------------------------------------------------

  CREATE TRIGGER ON_LOGIN_UPDATE 
BEFORE 
UPDATE ON LOGIN 
	FOR EACH ROW
	EXECUTE PROCEDURE l_upd_trig_func();
--------------------------------------------------------
--  DDL for Trigger ON_PHONE_INSERT
--------------------------------------------------------

  CREATE TRIGGER ON_PHONE_INSERT 
BEFORE 
INSERT ON PHONE 
	FOR EACH ROW
	EXECUTE PROCEDURE cr_l_upd_trig_func();
--------------------------------------------------------
--  DDL for Trigger ON_PHONE_UPDATE
--------------------------------------------------------

  CREATE TRIGGER ON_PHONE_UPDATE 
BEFORE 
UPDATE ON PHONE 
	FOR EACH ROW
	EXECUTE PROCEDURE l_upd_trig_func();
--------------------------------------------------------
--  DDL for Trigger ON_USER_INSERT
--------------------------------------------------------

  CREATE TRIGGER ON_USER_INSERT 
BEFORE 
INSERT ON USERS 
	FOR EACH ROW
	EXECUTE PROCEDURE cr_l_upd_trig_func();
--------------------------------------------------------
--  DDL for Trigger ON_USER_UPDATE
--------------------------------------------------------

  CREATE TRIGGER ON_USER_UPDATE 
BEFORE 
UPDATE ON USERS 
	FOR EACH ROW
	EXECUTE PROCEDURE l_upd_trig_func();
--------------------------------------------------------
--  DDL for Trigger RES_RES_MEM_INSERT
--------------------------------------------------------

  CREATE TRIGGER RES_RES_MEM_INSERT 
BEFORE
INSERT ON res_to_res_membership
	FOR EACH ROW
	EXECUTE PROCEDURE cr_upd_trig_func();
--------------------------------------------------------
--  DDL for Trigger ROLE_ROLE_MEM_INSERT
--------------------------------------------------------

  CREATE TRIGGER ROLE_ROLE_MEM_INSERT 
BEFORE 
INSERT ON role_to_role_membership 
	FOR EACH ROW
	EXECUTE PROCEDURE cr_upd_trig_func();

	

Insert into APPROVER_ASSOC (APPROVER_ASSOC_ID,REQUEST_TYPE,APPROVER_LEVEL,ASSOCIATION_TYPE,ASSOCIATION_ENTITY_ID,ON_APPROVE_ENTITY_ID,ON_REJECT_ENTITY_ID,ON_APPROVE_ENTITY_TYPE,ON_REJECT_ENTITY_TYPE,APPROVER_ENTITY_TYPE,APPROVER_ENTITY_ID,APPLY_DELEGATION_FILTER) values ('100','NEW_HIRE',1,'SUPERVISOR',null,null,null,null,null,null,null,'N');
Insert into APPROVER_ASSOC (APPROVER_ASSOC_ID,REQUEST_TYPE,APPROVER_LEVEL,ASSOCIATION_TYPE,ASSOCIATION_ENTITY_ID,ON_APPROVE_ENTITY_ID,ON_REJECT_ENTITY_ID,ON_APPROVE_ENTITY_TYPE,ON_REJECT_ENTITY_TYPE,APPROVER_ENTITY_TYPE,APPROVER_ENTITY_ID,APPLY_DELEGATION_FILTER) values ('101','254',1,'RESOURCE','254',null,null,null,null,'USER','3000','N');

INSERT INTO  ATTRIBUTE_MAP  VALUES ('201','101','101','USER','cn',NULL,0,'1',NULL,'ACTIVE',NULL,NULL,0,'STRING',NULL,NULL),('202','101','101','USER','mail',NULL,0,'2',NULL,'ACTIVE',NULL,NULL,0,'STRING',NULL,NULL),('203','101','101','USER','o',NULL,0,'3',NULL,'ACTIVE',NULL,NULL,0,'STRING',NULL,NULL),('204','101','101','USER','ou',NULL,0,'4',NULL,'ACTIVE',NULL,NULL,0,'STRING',NULL,NULL),('205','101','101','USER','postalCode',NULL,0,'5',NULL,'ACTIVE',NULL,NULL,0,'STRING',NULL,NULL),('206','101','101','USER','sn',NULL,0,'6',NULL,'ACTIVE',NULL,NULL,0,'STRING',NULL,NULL),('207','101','101','USER','st',NULL,0,'7',NULL,'ACTIVE',NULL,NULL,0,'STRING',NULL,NULL),('208','101','101','USER','street',NULL,0,'8',NULL,'ACTIVE',NULL,NULL,0,'STRING',NULL,NULL),('209','101','101','USER','userPassword',NULL,0,'9',NULL,'ACTIVE',NULL,NULL,0,'STRING',NULL,NULL),('210','101','101','USER','postalAddress',NULL,0,'10',NULL,'ACTIVE',NULL,NULL,0,'STRING',NULL,NULL),('211','101','101','USER','telephoneNumber',NULL,0,'11',NULL,'ACTIVE',NULL,NULL,0,'STRING',NULL,NULL),('212','101','101','USER','facsimileTelephoneNumber',NULL,0,'12',NULL,'ACTIVE',NULL,NULL,0,'STRING',NULL,NULL),('213','101','101','USER','mobileTelephoneNumber',NULL,0,'13',NULL,'ACTIVE',NULL,NULL,0,'STRING',NULL,NULL),('215','101','101','PRINCIPAL','uid',NULL,0,'14',NULL,'ACTIVE',NULL,NULL,0,'STRING',NULL,NULL),('216','101','101','USER','departmentNumber',NULL,0,'15',NULL,'ACTIVE',NULL,NULL,0,'STRING',NULL,NULL),('217','101','101','USER','displayName',NULL,0,'16',NULL,'ACTIVE',NULL,NULL,0,'STRING',NULL,NULL),('218','101','101','USER','employeeType',NULL,0,'17',NULL,'ACTIVE',NULL,NULL,0,'STRING',NULL,NULL),('221','101','101','USER','objectClass',NULL,0,'18',NULL,'ACTIVE',NULL,NULL,0,'STRING',NULL,NULL),('222','101','101','USER','title',NULL,0,'19',NULL,'ACTIVE',NULL,NULL,0,'STRING',NULL,NULL),('223','101','101','USER','givenName',NULL,0,'20',NULL,'ACTIVE',NULL,NULL,0,'STRING',NULL,NULL),('224','101','101','USER','uniqueMember',NULL,0,'21',NULL,'IN-ACTIVE',NULL,NULL,0,'MEMBER_OF',NULL,NULL),('230','0','0','PRINCIPAL','PRINCIPAL',NULL,0,'22',NULL,'ACTIVE',NULL,NULL,0,NULL,NULL,NULL),('231','0','0','PRINCIPAL','PASSWORD',NULL,0,'23',NULL,'ACTIVE',NULL,NULL,0,NULL,NULL,NULL),('232','0','0','EMAIL','EMAIL',NULL,0,'24',NULL,'ACTIVE',NULL,NULL,0,NULL,NULL,NULL),('400','103','103','PRINCIPAL','login',NULL,0,'26',NULL,'ACTIVE',NULL,NULL,0,'STRING',NULL,NULL),('401','103','103','USER','firstName',NULL,0,'27',NULL,'ACTIVE',NULL,NULL,0,'STRING',NULL,NULL),('402','103','103','USER','lastName',NULL,0,'28',NULL,'ACTIVE',NULL,NULL,0,'STRING',NULL,NULL),('403','103','103','USER','password',NULL,0,'29',NULL,'ACTIVE',NULL,NULL,0,'STRING',NULL,NULL),('501','110','110','PRINCIPAL','CN',NULL,0,'30',NULL,'ACTIVE',NULL,NULL,0,'STRING',NULL,NULL),('502','110','110','USER','sAMAccountName',NULL,0,'31',NULL,'ACTIVE',NULL,NULL,0,'STRING',NULL,NULL),('503','110','110','USER','sn',NULL,0,'32',NULL,'ACTIVE',NULL,NULL,0,'STRING',NULL,NULL),('504','110','110','USER','givenName',NULL,0,'33',NULL,'ACTIVE',NULL,NULL,0,'STRING',NULL,NULL),('505','110','110','USER','displayName',NULL,0,'34',NULL,'ACTIVE',NULL,NULL,0,'STRING',NULL,NULL),('506','110','110','USER','ou',NULL,0,'35',NULL,'ACTIVE',NULL,NULL,0,'STRING',NULL,NULL),('507','110','110','USER','objectClass',NULL,0,'36',NULL,'ACTIVE',NULL,NULL,0,'STRING',NULL,NULL),('508','110','110','USER','profilePath',NULL,0,'37',NULL,'ACTIVE',NULL,NULL,0,'STRING',NULL,NULL),('509','110','110','USER','homeDirectory',NULL,0,'38',NULL,'ACTIVE',NULL,NULL,0,'STRING',NULL,NULL),('510','110','110','USER','homeDrive',NULL,0,'39',NULL,'ACTIVE',NULL,NULL,0,'STRING',NULL,NULL),('511','110','110','USER','scriptPath',NULL,0,'40',NULL,'ACTIVE',NULL,NULL,0,'STRING',NULL,NULL),('512','110','110','USER','company',NULL,0,'41',NULL,'ACTIVE',NULL,NULL,0,'STRING',NULL,NULL),('513','110','110','USER','initials',NULL,0,'42',NULL,'ACTIVE',NULL,NULL,0,'STRING',NULL,NULL),('514','110','110','USER','department',NULL,0,'43',NULL,'ACTIVE',NULL,NULL,0,'STRING',NULL,NULL),('515','110','110','USER','telephoneNumber',NULL,0,'44',NULL,'ACTIVE',NULL,NULL,0,'STRING',NULL,NULL),('516','110','110','USER','title',NULL,0,'45',NULL,'ACTIVE',NULL,NULL,0,'STRING',NULL,NULL),('517','110','110','USER','unicodePwd',NULL,0,'46',NULL,'ACTIVE',NULL,NULL,0,'STRING',NULL,NULL),('518','110','110','USER','userAccountControl',NULL,0,'47',NULL,'ACTIVE',NULL,NULL,0,'STRING',NULL,NULL),('519','110','110','USER','userPrincipalName',NULL,0,'48',NULL,'ACTIVE',NULL,NULL,0,'STRING',NULL,NULL),('521','110','110','USER','streetAddress',NULL,0,'49',NULL,'ACTIVE',NULL,NULL,0,'STRING',NULL,NULL),('522','110','110','USER','l',NULL,0,'50',NULL,'ACTIVE',NULL,NULL,0,'STRING',NULL,NULL),('523','110','110','USER','st',NULL,0,'51',NULL,'ACTIVE',NULL,NULL,0,'STRING',NULL,NULL),('524','110','110','USER','postalCode',NULL,0,'52',NULL,'ACTIVE',NULL,NULL,0,'STRING',NULL,NULL),('550','106','106','PRINCIPAL','userName',NULL,0,'53',NULL,'ACTIVE',NULL,NULL,0,NULL,NULL,NULL),('553','106','106','USER','password',NULL,0,'54',NULL,'ACTIVE',NULL,NULL,0,NULL,NULL,NULL),('600','105','105','PRINCIPAL','login',NULL,0,'55',NULL,'ACTIVE',NULL,NULL,0,'STRING',NULL,NULL),('601','105','105','USER','name',NULL,0,'56',NULL,'ACTIVE',NULL,NULL,0,'STRING',NULL,NULL),('602','105','105','USER','surname',NULL,0,'57',NULL,'ACTIVE',NULL,NULL,0,'STRING',NULL,NULL),('603','105','105','USER','password',NULL,0,'58',NULL,'ACTIVE',NULL,NULL,0,'STRING',NULL,NULL),('604','105','105','USER','homePhone',NULL,0,'59',NULL,'ACTIVE',NULL,NULL,0,'STRING',NULL,NULL),('605','105','105','USER','workPhone',NULL,0,'60',NULL,'ACTIVE',NULL,NULL,0,'STRING',NULL,NULL),('606','105','105','USER','roomNumber',NULL,0,'61',NULL,'ACTIVE',NULL,NULL,0,'STRING',NULL,NULL),('607','105','105','USER','groups',NULL,0,'62',NULL,'ACTIVE',NULL,NULL,0,'STRING',NULL,NULL),('610','103','103','USER','userEmail',NULL,0,'63',NULL,'ACTIVE',NULL,NULL,0,'STRING',NULL,NULL),('611','103','103','USER','groups',NULL,0,'64',NULL,'ACTIVE',NULL,NULL,0,'STRING',NULL,NULL),('612','113','113','PRINCIPAL','LOGIN_ID',NULL,NULL,'65',NULL,'ACTIVE',NULL,NULL,NULL,'STRING',NULL,NULL),('613','113','113','USER','USER_PASSWORD',NULL,NULL,'66',NULL,'ACTIVE',NULL,NULL,NULL,'STRING',NULL,NULL),('614','113','113','USER','FIRST_NAME',NULL,NULL,'67',NULL,'ACTIVE',NULL,NULL,NULL,'STRING',NULL,NULL),('615','113','113','USER','LAST_NAME',NULL,NULL,'68',NULL,'ACTIVE',NULL,NULL,NULL,'STRING',NULL,NULL),('616','113','113','USER','EMPLOYEE_ID',NULL,NULL,'69',NULL,'ACTIVE',NULL,NULL,NULL,'STRING',NULL,NULL),('617','113','113','USER','DOB',NULL,NULL,'70',NULL,'ACTIVE',NULL,NULL,NULL,'DATE',NULL,NULL),('618','113','113','USER','CREATE_DATE',NULL,NULL,'71',NULL,'ACTIVE',NULL,NULL,NULL,'DATE',NULL,NULL),('619','113','113','USER','PHONE_EXT',NULL,NULL,'72',NULL,'ACTIVE',NULL,NULL,NULL,'INT',NULL,NULL),('620','113','113','USER','PHONE_NBR',NULL,NULL,'73',NULL,'ACTIVE',NULL,NULL,NULL,'STRING',NULL,NULL),('621','104','104','PRINCIPAL','principal',NULL,0,'26',NULL,'ACTIVE',NULL,NULL,0,'STRING',NULL,NULL),('622','104','104','USER','firstname',NULL,0,'27',NULL,'ACTIVE',NULL,NULL,0,'STRING',NULL,NULL),('623','113','113','GROUP','GRP_ID',NULL,NULL,'74',NULL,'ACTIVE',NULL,NULL,NULL,'STRING',NULL,NULL),('624','150','150','PRINCIPAL','principal',NULL,NULL,'65',NULL,'ACTIVE',NULL,NULL,NULL,'STRING',NULL,NULL),('625','150','150','USER','displayName',NULL,NULL,'76',NULL,'ACTIVE',NULL,NULL,NULL,'STRING',NULL,NULL),('626','150','150','USER','role',NULL,NULL,'75',NULL,'ACTIVE',NULL,NULL,NULL,'STRING',NULL,NULL),('627','150','150','USER','email',NULL,NULL,'2',NULL,'ACTIVE',NULL,NULL,NULL,'STRING',NULL,NULL),('628','150','150','USER','employeeId',NULL,NULL,'77',NULL,'ACTIVE',NULL,NULL,NULL,'STRING',NULL,NULL),('629','150','150','USER','password',NULL,NULL,'58',NULL,'ACTIVE',NULL,NULL,NULL,'DATE',NULL,NULL),('8a70a63f3f13d3e2013f13ecc1d40005','active_dir_win02_managed_sys_id','active_dir_win02_mng_sys_res_id','PRINCIPAL','sAMAccountName',NULL,NULL,'8a70a63f3f13d3e2013f13ecc1cc0004',NULL,'ACTIVE',NULL,NULL,NULL,'STRING',NULL,NULL),('8a70a63f3f13d3e2013f13ecf5f8000b','active_dir_win02_managed_sys_id','active_dir_win02_mng_sys_res_id','USER','SamAccountName',NULL,NULL,'8a70a63f3f13d3e2013f13ecf5f1000a',NULL,'ACTIVE',NULL,NULL,NULL,'STRING',NULL,NULL),('8a70a63f3f1c34b4013f1eb31c14002a','active_dir_win02_managed_sys_id','active_dir_win02_mng_sys_res_id','USER','Surname',NULL,NULL,'8a70a63f3f1c34b4013f1eb31bf20029',NULL,'ACTIVE',NULL,NULL,NULL,'STRING',NULL,NULL),('8a70a63f3f1c34b4013f1eb432220034','active_dir_win02_managed_sys_id','active_dir_win02_mng_sys_res_id','USER','GivenName',NULL,NULL,'8a70a63f3f1c34b4013f1eb432050033',NULL,'ACTIVE',NULL,NULL,NULL,'STRING',NULL,NULL),('8a70a63f3f1c34b4013f1eb4f2470040','active_dir_win02_managed_sys_id','active_dir_win02_mng_sys_res_id','USER','DisplayName',NULL,NULL,'8a70a63f3f1c34b4013f1eb4f22a003f',NULL,'ACTIVE',NULL,NULL,NULL,'STRING',NULL,NULL),('8a70a63f3f1c34b4013f1eb5a40e004e','active_dir_win02_managed_sys_id','active_dir_win02_mng_sys_res_id','USER','HomeDirectory',NULL,NULL,'8a70a63f3f1c34b4013f1eb5a3ec004d',NULL,'ACTIVE',NULL,NULL,NULL,'STRING',NULL,NULL),('8a70a63f3f1c34b4013f1eb6ee5e006a','active_dir_win02_managed_sys_id','active_dir_win02_mng_sys_res_id','USER','Path',NULL,NULL,'8a70a63f3f1c34b4013f1eb6ee580069',NULL,'ACTIVE',NULL,NULL,NULL,'STRING',NULL,NULL),('8a70a63f3f1c34b4013f1eb7babd007c','active_dir_win02_managed_sys_id','active_dir_win02_mng_sys_res_id','USER','ProfilePath',NULL,NULL,'8a70a63f3f1c34b4013f1eb7bab7007b',NULL,'ACTIVE',NULL,NULL,NULL,'STRING',NULL,NULL),('8a70a63f3f1c34b4013f1ebd84a10090','active_dir_win02_managed_sys_id','active_dir_win02_mng_sys_res_id','USER','HomeDrive',NULL,NULL,'8a70a63f3f1c34b4013f1ebd849b008f',NULL,'ACTIVE',NULL,NULL,NULL,'STRING',NULL,NULL),('8a70a63f3f1c34b4013f1ebe819b00a6','active_dir_win02_managed_sys_id','active_dir_win02_mng_sys_res_id','USER','ScriptPath',NULL,NULL,'8a70a63f3f1c34b4013f1ebe819500a5',NULL,'ACTIVE',NULL,NULL,NULL,'STRING',NULL,NULL),('8a70a63f3f1c34b4013f1ebed6df00be','active_dir_win02_managed_sys_id','active_dir_win02_mng_sys_res_id','USER','Company',NULL,NULL,'8a70a63f3f1c34b4013f1ebed6d800bd',NULL,'ACTIVE',NULL,NULL,NULL,'STRING',NULL,NULL),('8a70a63f3f1c34b4013f1ebf472300d8','active_dir_win02_managed_sys_id','active_dir_win02_mng_sys_res_id','USER','Initials',NULL,NULL,'8a70a63f3f1c34b4013f1ebf471e00d7',NULL,'ACTIVE',NULL,NULL,NULL,'STRING',NULL,NULL),('8a70a63f3f1c34b4013f1ebf984b00f4','active_dir_win02_managed_sys_id','active_dir_win02_mng_sys_res_id','USER','Department',NULL,NULL,'8a70a63f3f1c34b4013f1ebf984500f3',NULL,'ACTIVE',NULL,NULL,NULL,'STRING',NULL,NULL),('8a70a63f3f1c34b4013f1ec143510112','active_dir_win02_managed_sys_id','active_dir_win02_mng_sys_res_id','USER','Title',NULL,NULL,'8a70a63f3f1c34b4013f1ec1434c0111',NULL,'ACTIVE',NULL,NULL,NULL,'STRING',NULL,NULL),('8a70a63f3f1c34b4013f1ec2f0730132','active_dir_win02_managed_sys_id','active_dir_win02_mng_sys_res_id','USER','UserPrincipalName',NULL,NULL,'8a70a63f3f1c34b4013f1ec2f06e0131',NULL,'ACTIVE',NULL,NULL,NULL,'STRING',NULL,NULL),('8a70a63f3f1c34b4013f1ec6c7a70154','active_dir_win02_managed_sys_id','active_dir_win02_mng_sys_res_id','USER','StreetAddress',NULL,NULL,'8a70a63f3f1c34b4013f1ec6c7a30153',NULL,'ACTIVE',NULL,NULL,NULL,'STRING',NULL,NULL),('8a70a63f3f1c34b4013f1ec7fa1b0178','active_dir_win02_managed_sys_id','active_dir_win02_mng_sys_res_id','USER','City',NULL,NULL,'8a70a63f3f1c34b4013f1ec7fa170177',NULL,'ACTIVE',NULL,NULL,NULL,'STRING',NULL,NULL),('8a70a63f3f1c34b4013f1ec88057019e','active_dir_win02_managed_sys_id','active_dir_win02_mng_sys_res_id','USER','State',NULL,NULL,'8a70a63f3f1c34b4013f1ec8803d019d',NULL,'ACTIVE',NULL,NULL,NULL,'STRING',NULL,NULL),('8a70a63f3f1c34b4013f1ec996af01c6','active_dir_win02_managed_sys_id','active_dir_win02_mng_sys_res_id','USER','PostalCode',NULL,NULL,'8a70a63f3f1c34b4013f1ec996a001c5',NULL,'ACTIVE',NULL,NULL,NULL,'STRING',NULL,NULL),('8a70a63f3f1c34b4013f1eca30fb01f0','active_dir_win02_managed_sys_id','active_dir_win02_mng_sys_res_id','USER','OfficePhone',NULL,NULL,'8a70a63f3f1c34b4013f1eca30f601ef',NULL,'ACTIVE',NULL,NULL,NULL,'STRING',NULL,NULL),('8a70a63f3f1c34b4013f1eca8128021c','active_dir_win02_managed_sys_id','active_dir_win02_mng_sys_res_id','USER','Name',NULL,NULL,'8a70a63f3f1c34b4013f1eca8122021b',NULL,'ACTIVE',NULL,NULL,NULL,'STRING',NULL,NULL),('8a70a63f3f1c34b4013f1eccbd77024a','active_dir_win02_managed_sys_id','active_dir_win02_mng_sys_res_id','USER','AccountPassword',NULL,NULL,'8a70a63f3f1c34b4013f1eccbd720249',NULL,'ACTIVE',NULL,NULL,NULL,'STRING',NULL,NULL),('8a70a63f3f1c34b4013f1ecd3a2c027a','active_dir_win02_managed_sys_id','active_dir_win02_mng_sys_res_id','USER','EmployeeID',NULL,NULL,'8a70a63f3f1c34b4013f1ecd3a280279',NULL,'ACTIVE',NULL,NULL,NULL,'STRING',NULL,NULL),('8a70a63f3f1c34b4013f1ecf05b002ac','active_dir_win02_managed_sys_id','active_dir_win02_mng_sys_res_id','USER','Manager',NULL,NULL,'8a70a63f3f1c34b4013f1ecf05ac02ab',NULL,'ACTIVE',NULL,NULL,NULL,'STRING',NULL,NULL),('8a70a63f3f1c34b4013f1ecf6bce02e0','active_dir_win02_managed_sys_id','active_dir_win02_mng_sys_res_id','USER','Office',NULL,NULL,'8a70a63f3f1c34b4013f1ecf6bc902df',NULL,'ACTIVE',NULL,NULL,NULL,'STRING',NULL,NULL),('8a70a63f3f1c34b4013f1ed092a80348','active_dir_win02_managed_sys_id','active_dir_win02_mng_sys_res_id','USER','EmailAddress',NULL,NULL,'8a70a63f3f1c34b4013f1ed0926e0347',NULL,'ACTIVE',NULL,NULL,NULL,'STRING',NULL,NULL),('8a70a63f3f5841b5013f587586110023','active_dir_win02_managed_sys_id','active_dir_win02_mng_sys_res_id','EMAIL','Enabled',NULL,NULL,'8a70a63f3f5841b5013f5875860a0022',NULL,'ACTIVE',NULL,NULL,NULL,'STRING',NULL,NULL);

INSERT INTO  AUTH_ATTRIBUTE  VALUES ('1','Request Issuer','SAML_PROVIDER','The Issuer element to look for in the SAMLRequest','Y','singleValue',NULL),('2','Response Issuer','SAML_PROVIDER','The Issuer element to send in the SAMLResponse.  Default is the SAML Login Page URL','N','singleValue',NULL),('3','Assertion Consumer URL','SAML_PROVIDER','Where the SAMLResponse will be POSTed to','Y','singleValue',NULL),('4','Audiences','SAML_PROVIDER','The Audience value(s) to send in the SAMLResponse','N','listValue',NULL),('AuthnContextClassRef','Authentication Context Class','SAML_PROVIDER','The Value of the AuthnContextClassRef attribute','N','singleValue','urn:oasis:names:tc:SAML:2.0:ac:classes:Password'),('METADATA_EXPOSED','Metdata Exposed','SAML_PROVIDER','Is the metadata for this SAML Provider exposed?  Some Service Providers require a URL that defines the Identity Provider Metadata','N','booleanValue',NULL),('NameIdFormat','Name ID Format','SAML_PROVIDER','The Value of the Format attribute in the NameID element','N','singleValue','urn:oasis:names:tc:SAML:1.1:nameid-format:emailAddress'),('NameQualifier','Name Qualifier','SAML_PROVIDER','Value of the NameQualifier attribute in the NameID element','N','singleValue',NULL),('SamlSPIssuerName','SAML Issuer Name','SAML_SP_PROVIDER','The Issuer to use.  This will be the Request Issuer in the IDP','Y','singleValue',NULL),('SamlSPLoginURL','Sign-in page URL','SAML_SP_PROVIDER','URL for signing in to your system','Y','singleValue',NULL),('SamlSPLogoutURL','Sign-out page URL','SAML_SP_PROVIDER','URL to redirect users to when they sign out','Y','singleValue',NULL),('SPNameQualifier','SP Name Qualifier','SAML_PROVIDER','Value of the SPNameQualifier attribute in the NameID element','N','singleValue',NULL);


Insert into AUTH_LEVEL (AUTH_LEVEL_ID,AUTH_LEVEL_NAME,REQUIRES_AUTHENTICATION) values ('PASSWORD_AUTH','Password Authentication','Y');
Insert into AUTH_LEVEL (AUTH_LEVEL_ID,AUTH_LEVEL_NAME,REQUIRES_AUTHENTICATION) values ('NONE','No Authentication Required','N');
Insert into AUTH_LEVEL (AUTH_LEVEL_ID,AUTH_LEVEL_NAME,REQUIRES_AUTHENTICATION) values ('KERB_AUTH','Kerberos Authentication','Y');

Insert into AUTH_LEVEL_GROUPING (AUTH_LEVEL_GROUPING_ID,AUTH_LEVEL_ID,NAME) values ('NONE','NONE','None');
Insert into AUTH_LEVEL_GROUPING (AUTH_LEVEL_GROUPING_ID,AUTH_LEVEL_ID,NAME) values ('PASSWORD_AUTH','PASSWORD_AUTH','Password Authentication');
Insert into AUTH_LEVEL_GROUPING (AUTH_LEVEL_GROUPING_ID,AUTH_LEVEL_ID,NAME) values ('KERB_AUTH','KERB_AUTH','Kerberos Authentication');

Insert into AUTH_PROVIDER_TYPE (PROVIDER_TYPE,DESCRIPTION,ACTIVE,HAS_PUBLIC_KEY,HAS_PRIVATE_KEY) values ('SAML_PROVIDER','SAML IDP Provider','Y','Y','Y');
Insert into AUTH_PROVIDER_TYPE (PROVIDER_TYPE,DESCRIPTION,ACTIVE,HAS_PUBLIC_KEY,HAS_PRIVATE_KEY) values ('SAML_SP_PROVIDER','SAML Service Provider','Y','Y','N');

Insert into AUTH_RESOURCE_AM_ATTRIBUTE (AM_RES_ATTRIBUTE_ID,REFLECTION_KEY,ATTRIBUTE_NAME) values ('1,','Login.login','Principal');
Insert into AUTH_RESOURCE_AM_ATTRIBUTE (AM_RES_ATTRIBUTE_ID,REFLECTION_KEY,ATTRIBUTE_NAME) values ('2','User.title','Functional Title');
Insert into AUTH_RESOURCE_AM_ATTRIBUTE (AM_RES_ATTRIBUTE_ID,REFLECTION_KEY,ATTRIBUTE_NAME) values ('3','Login.password','Password');

Insert into AUTH_STATE (USER_ID,AUTH_STATE,TOKEN,AA,EXPIRATION,LAST_LOGIN,IP_ADDRESS,TOKEN_TYPE) values ('3000',0,null,'OPENIAM',0,null,null,'OPENIAM');
Insert into AUTH_STATE (USER_ID,AUTH_STATE,TOKEN,AA,EXPIRATION,LAST_LOGIN,IP_ADDRESS,TOKEN_TYPE) values ('3001',0,null,'OPENIAM',0,null,null,'OPENIAM');
Insert into AUTH_STATE (USER_ID,AUTH_STATE,TOKEN,AA,EXPIRATION,LAST_LOGIN,IP_ADDRESS,TOKEN_TYPE) values ('3006',0,null,'OPENIAM',0,null,null,'OPENIAM');
Insert into AUTH_STATE (USER_ID,AUTH_STATE,TOKEN,AA,EXPIRATION,LAST_LOGIN,IP_ADDRESS,TOKEN_TYPE) values ('3007',0,null,'OPENIAM',0,null,null,'OPENIAM');
Insert into AUTH_STATE (USER_ID,AUTH_STATE,TOKEN,AA,EXPIRATION,LAST_LOGIN,IP_ADDRESS,TOKEN_TYPE) values ('3008',0,null,'OPENIAM',0,null,null,'OPENIAM');
Insert into AUTH_STATE (USER_ID,AUTH_STATE,TOKEN,AA,EXPIRATION,LAST_LOGIN,IP_ADDRESS,TOKEN_TYPE) values ('3009',0,null,'OPENIAM',0,null,null,'OPENIAM');

Insert into BATCH_CONFIG (TASK_ID,TASK_NAME,LAST_EXEC_TIME,TASK_URL,EXECUTION_ORDER,STATUS,PARAM1,PARAM2,PARAM3,PARAM4,RULE_TYPE,ENABLED,LAST_MODIFIED_DATETIME,RUN_ON,CRON_EXPRESSION,SPRING_BEAN,SPRING_BEAN_METHOD) values ('100','ACCOUNT_LOCKED_NOTIFICATION',null,'batch/accountLockedNotification.groovy',2,null,null,null,null,null,null,'N',null,null,'0 0/1 * * * ?',null,null);
Insert into BATCH_CONFIG (TASK_ID,TASK_NAME,LAST_EXEC_TIME,TASK_URL,EXECUTION_ORDER,STATUS,PARAM1,PARAM2,PARAM3,PARAM4,RULE_TYPE,ENABLED,LAST_MODIFIED_DATETIME,RUN_ON,CRON_EXPRESSION,SPRING_BEAN,SPRING_BEAN_METHOD) values ('101','INACTIVE_USER',null,'batch/inactiveUser.groovy',1,null,null,null,null,null,null,'N',null,null,'0 0 0 1/1 * ?',null,null);
Insert into BATCH_CONFIG (TASK_ID,TASK_NAME,LAST_EXEC_TIME,TASK_URL,EXECUTION_ORDER,STATUS,PARAM1,PARAM2,PARAM3,PARAM4,RULE_TYPE,ENABLED,LAST_MODIFIED_DATETIME,RUN_ON,CRON_EXPRESSION,SPRING_BEAN,SPRING_BEAN_METHOD) values ('102','PASSWORD_NEAR_EXP',null,'batch/passwordNearExpNotification.groovy',2,null,null,null,null,null,null,'N',null,null,'0 0 0 1/1 * ?',null,null);
Insert into BATCH_CONFIG (TASK_ID,TASK_NAME,LAST_EXEC_TIME,TASK_URL,EXECUTION_ORDER,STATUS,PARAM1,PARAM2,PARAM3,PARAM4,RULE_TYPE,ENABLED,LAST_MODIFIED_DATETIME,RUN_ON,CRON_EXPRESSION,SPRING_BEAN,SPRING_BEAN_METHOD) values ('103','TERMINATE_EXP_ACCT',null,'batch/terminateOnExpiration.groovy',3,null,null,null,null,null,null,'N',null,null,'0 0 0 1/1 * ?',null,null);
Insert into BATCH_CONFIG (TASK_ID,TASK_NAME,LAST_EXEC_TIME,TASK_URL,EXECUTION_ORDER,STATUS,PARAM1,PARAM2,PARAM3,PARAM4,RULE_TYPE,ENABLED,LAST_MODIFIED_DATETIME,RUN_ON,CRON_EXPRESSION,SPRING_BEAN,SPRING_BEAN_METHOD) values ('104','AUTO_UNLOCK',null,'batch/autoUnlock.groovy',1,null,null,null,null,null,null,'N',null,null,'0 0/1 * * * ?',null,null);
Insert into BATCH_CONFIG (TASK_ID,TASK_NAME,LAST_EXEC_TIME,TASK_URL,EXECUTION_ORDER,STATUS,PARAM1,PARAM2,PARAM3,PARAM4,RULE_TYPE,ENABLED,LAST_MODIFIED_DATETIME,RUN_ON,CRON_EXPRESSION,SPRING_BEAN,SPRING_BEAN_METHOD) values ('105','RESET_PSWD_CHNG_COUNT',null,'batch/resetPasswordChangeCount.groovy',2,null,null,null,null,null,null,'N',null,null,'0 0/1 * * * ?',null,null);
Insert into BATCH_CONFIG (TASK_ID,TASK_NAME,LAST_EXEC_TIME,TASK_URL,EXECUTION_ORDER,STATUS,PARAM1,PARAM2,PARAM3,PARAM4,RULE_TYPE,ENABLED,LAST_MODIFIED_DATETIME,RUN_ON,CRON_EXPRESSION,SPRING_BEAN,SPRING_BEAN_METHOD) values ('106','PUBLISH_AUDIT_EVENT',null,'batch/publishAuditEvent.groovy',3,null,null,null,null,null,null,'N',null,null,'0 0 0 1/1 * ?',null,null);
Insert into BATCH_CONFIG (TASK_ID,TASK_NAME,LAST_EXEC_TIME,TASK_URL,EXECUTION_ORDER,STATUS,PARAM1,PARAM2,PARAM3,PARAM4,RULE_TYPE,ENABLED,LAST_MODIFIED_DATETIME,RUN_ON,CRON_EXPRESSION,SPRING_BEAN,SPRING_BEAN_METHOD) values ('107','PASSWORD_EXPIRED',null,'batch/passwordExpiredNotification.groovy',4,null,null,null,null,null,null,'N',null,null,'0 0 0 1/1 * ?',null,null);
Insert into BATCH_CONFIG (TASK_ID,TASK_NAME,LAST_EXEC_TIME,TASK_URL,EXECUTION_ORDER,STATUS,PARAM1,PARAM2,PARAM3,PARAM4,RULE_TYPE,ENABLED,LAST_MODIFIED_DATETIME,RUN_ON,CRON_EXPRESSION,SPRING_BEAN,SPRING_BEAN_METHOD) values ('108','PROV_ON_STARTDATE',null,'batch/provisionOnStartDate.groovy',4,null,null,null,null,null,null,'N',null,null,'0 0 0 1/1 * ?',null,null);
Insert into BATCH_CONFIG (TASK_ID,TASK_NAME,LAST_EXEC_TIME,TASK_URL,EXECUTION_ORDER,STATUS,PARAM1,PARAM2,PARAM3,PARAM4,RULE_TYPE,ENABLED,LAST_MODIFIED_DATETIME,RUN_ON,CRON_EXPRESSION,SPRING_BEAN,SPRING_BEAN_METHOD) values ('ATTESTATION','Re-Certification',null,null,1,null,null,null,null,null,null,'N',to_timestamp('16-DEC-14 11.14.32.444 PM','DD-MON-RR HH.MI.SS.FF AM'),null,'0 0 0 1 1/3 ?','attestationInitializer','initializeAttestation');
Insert into BATCH_CONFIG (TASK_ID,TASK_NAME,LAST_EXEC_TIME,TASK_URL,EXECUTION_ORDER,STATUS,PARAM1,PARAM2,PARAM3,PARAM4,RULE_TYPE,ENABLED,LAST_MODIFIED_DATETIME,RUN_ON,CRON_EXPRESSION,SPRING_BEAN,SPRING_BEAN_METHOD) values ('109','GENERATE_REPORTS',null,'batch/reportsGeneration.groovy',5,null,null,null,null,null,null,'N',to_timestamp('28-MAR-14 09.32.07.641 PM','DD-MON-RR HH.MI.SS.FF AM'),null,'0 15 0 * * ?',null,null);
Insert into BATCH_CONFIG (TASK_ID,TASK_NAME,LAST_EXEC_TIME,TASK_URL,EXECUTION_ORDER,STATUS,PARAM1,PARAM2,PARAM3,PARAM4,RULE_TYPE,ENABLED,LAST_MODIFIED_DATETIME,RUN_ON,CRON_EXPRESSION,SPRING_BEAN,SPRING_BEAN_METHOD) values ('TASK_EMAIL_NOTIFICATION','Task Email Notification',null,null,1,null,null,null,null,null,null,'N',to_timestamp('16-DEC-14 11.14.33.017 PM','DD-MON-RR HH.MI.SS.FF AM'),null,'0 0 0 1 1/3 ?','taskEmailNotifier','sweep');

Insert into CATEGORY (CATEGORY_ID,PARENT_ID,CATEGORY_NAME,CATEGORY_DESC,CREATE_DATE,CREATED_BY,SHOW_LIST,DISPLAY_ORDER) values ('ACL',null,'ACL Root',null,null,null,0,0);
Insert into CATEGORY (CATEGORY_ID,PARENT_ID,CATEGORY_NAME,CATEGORY_DESC,CREATE_DATE,CREATED_BY,SHOW_LIST,DISPLAY_ORDER) values ('Application',null,'ACL',null,null,null,0,0);
Insert into CATEGORY (CATEGORY_ID,PARENT_ID,CATEGORY_NAME,CATEGORY_DESC,CREATE_DATE,CREATED_BY,SHOW_LIST,DISPLAY_ORDER) values ('CONNECTOR_TYPE','ROOT','Provisioning Connectors',null,null,null,0,0);
Insert into CATEGORY (CATEGORY_ID,PARENT_ID,CATEGORY_NAME,CATEGORY_DESC,CREATE_DATE,CREATED_BY,SHOW_LIST,DISPLAY_ORDER) values ('GROUP_TYPE','ROOT','Group Type',null,null,null,0,0);
Insert into CATEGORY (CATEGORY_ID,PARENT_ID,CATEGORY_NAME,CATEGORY_DESC,CREATE_DATE,CREATED_BY,SHOW_LIST,DISPLAY_ORDER) values ('MANAGED_SYS_TYPE','ROOT','Managed System Types',null,null,null,0,0);
Insert into CATEGORY (CATEGORY_ID,PARENT_ID,CATEGORY_NAME,CATEGORY_DESC,CREATE_DATE,CREATED_BY,SHOW_LIST,DISPLAY_ORDER) values ('ORG_TYPE','ROOT','ORGANIZATION Types',null,null,null,0,0);
Insert into CATEGORY (CATEGORY_ID,PARENT_ID,CATEGORY_NAME,CATEGORY_DESC,CREATE_DATE,CREATED_BY,SHOW_LIST,DISPLAY_ORDER) values ('ROOT',null,'ROOT',null,null,null,0,0);
Insert into CATEGORY (CATEGORY_ID,PARENT_ID,CATEGORY_NAME,CATEGORY_DESC,CREATE_DATE,CREATED_BY,SHOW_LIST,DISPLAY_ORDER) values ('SECURITY',null,'SECURITY',null,null,null,0,0);
Insert into CATEGORY (CATEGORY_ID,PARENT_ID,CATEGORY_NAME,CATEGORY_DESC,CREATE_DATE,CREATED_BY,SHOW_LIST,DISPLAY_ORDER) values ('USER_TYPE','ROOT','User Types',null,null,null,0,0);
Insert into CATEGORY (CATEGORY_ID,PARENT_ID,CATEGORY_NAME,CATEGORY_DESC,CREATE_DATE,CREATED_BY,SHOW_LIST,DISPLAY_ORDER) values ('WebSite',null,'ACL',null,null,null,0,0);

Insert into CATEGORY_TYPE (CATEGORY_ID,TYPE_ID) values ('MANAGED_SYS_TYPE','ADGroup');
Insert into CATEGORY_TYPE (CATEGORY_ID,TYPE_ID) values ('MANAGED_SYS_TYPE','ADUser');
Insert into CATEGORY_TYPE (CATEGORY_ID,TYPE_ID) values ('CONNECTOR_TYPE','AD_Connector');
Insert into CATEGORY_TYPE (CATEGORY_ID,TYPE_ID) values ('GROUP_TYPE','AD_GROUP_TYPE');
Insert into CATEGORY_TYPE (CATEGORY_ID,TYPE_ID) values ('USER_TYPE','Contractor');
Insert into CATEGORY_TYPE (CATEGORY_ID,TYPE_ID) values ('GROUP_TYPE','DEFAULT_GROUP');
Insert into CATEGORY_TYPE (CATEGORY_ID,TYPE_ID) values ('ACL','DIRECTORY');
Insert into CATEGORY_TYPE (CATEGORY_ID,TYPE_ID) values ('ACL','FILE');
Insert into CATEGORY_TYPE (CATEGORY_ID,TYPE_ID) values ('USER_TYPE','InetOrgPerson');
Insert into CATEGORY_TYPE (CATEGORY_ID,TYPE_ID) values ('CONNECTOR_TYPE','LDAP_Connector');
Insert into CATEGORY_TYPE (CATEGORY_ID,TYPE_ID) values ('GROUP_TYPE','LDAP_GROUP_TYPE');
Insert into CATEGORY_TYPE (CATEGORY_ID,TYPE_ID) values ('CONNECTOR_TYPE','LINUX_Connector');
Insert into CATEGORY_TYPE (CATEGORY_ID,TYPE_ID) values ('MANAGED_SYS_TYPE','LdapOrgPerson');
Insert into CATEGORY_TYPE (CATEGORY_ID,TYPE_ID) values ('CONNECTOR_TYPE','RDBMS_Connector');
Insert into CATEGORY_TYPE (CATEGORY_ID,TYPE_ID) values ('CONNECTOR_TYPE','SCRIPT_Connector');
Insert into CATEGORY_TYPE (CATEGORY_ID,TYPE_ID) values ('CONNECTOR_TYPE','SOAP_Connector');
Insert into CATEGORY_TYPE (CATEGORY_ID,TYPE_ID) values ('USER_TYPE','SystemAccount');
Insert into CATEGORY_TYPE (CATEGORY_ID,TYPE_ID) values ('ACL','URL');
Insert into CATEGORY_TYPE (CATEGORY_ID,TYPE_ID) values ('ORG_TYPE','departmentType');
Insert into CATEGORY_TYPE (CATEGORY_ID,TYPE_ID) values ('ORG_TYPE','divisionType');

Insert into COMPANY (COMPANY_ID,COMPANY_NAME,LST_UPDATE,LST_UPDATED_BY,PARENT_ID,STATUS,CREATE_DATE,CREATED_BY,ALIAS,DESCRIPTION,DOMAIN_NAME,LDAP_STR,CLASSIFICATION,INTERNAL_COMPANY_ID,ABBREVIATION,SYMBOL,ORG_TYPE_ID,ADMIN_RESOURCE_ID,IS_SELECTABLE,TYPE_ID) values ('100','OpenIAM',null,null,null,'ACTIVE',null,null,null,null,'openiam.com',null,'ORGANIZATION',null,null,null,'ORGANIZATION',null,'Y',null);
Insert into COMPANY (COMPANY_ID,COMPANY_NAME,LST_UPDATE,LST_UPDATED_BY,PARENT_ID,STATUS,CREATE_DATE,CREATED_BY,ALIAS,DESCRIPTION,DOMAIN_NAME,LDAP_STR,CLASSIFICATION,INTERNAL_COMPANY_ID,ABBREVIATION,SYMBOL,ORG_TYPE_ID,ADMIN_RESOURCE_ID,IS_SELECTABLE,TYPE_ID) values ('101','Sales',null,null,'100','ACTIVE',null,null,null,null,null,null,'DEPARTMENT',null,null,null,'DEPARTMENT',null,'Y',null);
Insert into COMPANY (COMPANY_ID,COMPANY_NAME,LST_UPDATE,LST_UPDATED_BY,PARENT_ID,STATUS,CREATE_DATE,CREATED_BY,ALIAS,DESCRIPTION,DOMAIN_NAME,LDAP_STR,CLASSIFICATION,INTERNAL_COMPANY_ID,ABBREVIATION,SYMBOL,ORG_TYPE_ID,ADMIN_RESOURCE_ID,IS_SELECTABLE,TYPE_ID) values ('102','Finance',null,null,'100','ACTIVE',null,null,null,null,null,null,'DEPARTMENT',null,null,null,'DEPARTMENT',null,'Y',null);
Insert into COMPANY (COMPANY_ID,COMPANY_NAME,LST_UPDATE,LST_UPDATED_BY,PARENT_ID,STATUS,CREATE_DATE,CREATED_BY,ALIAS,DESCRIPTION,DOMAIN_NAME,LDAP_STR,CLASSIFICATION,INTERNAL_COMPANY_ID,ABBREVIATION,SYMBOL,ORG_TYPE_ID,ADMIN_RESOURCE_ID,IS_SELECTABLE,TYPE_ID) values ('103','Customer Service',null,null,'100','ACTIVE',null,null,null,null,null,null,'DEPARTMENT',null,null,null,'DEPARTMENT',null,'Y',null);
Insert into COMPANY (COMPANY_ID,COMPANY_NAME,LST_UPDATE,LST_UPDATED_BY,PARENT_ID,STATUS,CREATE_DATE,CREATED_BY,ALIAS,DESCRIPTION,DOMAIN_NAME,LDAP_STR,CLASSIFICATION,INTERNAL_COMPANY_ID,ABBREVIATION,SYMBOL,ORG_TYPE_ID,ADMIN_RESOURCE_ID,IS_SELECTABLE,TYPE_ID) values ('104','IT',null,null,'100','ACTIVE',null,null,null,null,null,null,'DEPARTMENT',null,null,null,'DEPARTMENT',null,'Y',null);

Insert into COMPANY_TO_COMPANY_MEMBERSHIP (COMPANY_ID,MEMBER_COMPANY_ID,CREATE_DATE,UPDATE_DATE,CREATED_BY,UPDATED_BY) values ('100','101',to_date('28-MAR-14','DD-MON-RR'),to_date('28-MAR-14','DD-MON-RR'),null,null);
Insert into COMPANY_TO_COMPANY_MEMBERSHIP (COMPANY_ID,MEMBER_COMPANY_ID,CREATE_DATE,UPDATE_DATE,CREATED_BY,UPDATED_BY) values ('100','102',to_date('28-MAR-14','DD-MON-RR'),to_date('28-MAR-14','DD-MON-RR'),null,null);
Insert into COMPANY_TO_COMPANY_MEMBERSHIP (COMPANY_ID,MEMBER_COMPANY_ID,CREATE_DATE,UPDATE_DATE,CREATED_BY,UPDATED_BY) values ('100','103',to_date('28-MAR-14','DD-MON-RR'),to_date('28-MAR-14','DD-MON-RR'),null,null);
Insert into COMPANY_TO_COMPANY_MEMBERSHIP (COMPANY_ID,MEMBER_COMPANY_ID,CREATE_DATE,UPDATE_DATE,CREATED_BY,UPDATED_BY) values ('100','104',to_date('28-MAR-14','DD-MON-RR'),to_date('28-MAR-14','DD-MON-RR'),null,null);

Insert into DEF_RECON_ATTR_MAP (DEF_ATTR_MAP_ID,DEF_ATTR_MAP_NAME) values ('Login.login','Principal');
Insert into DEF_RECON_ATTR_MAP (DEF_ATTR_MAP_ID,DEF_ATTR_MAP_NAME) values ('User.title','Functional Title');

Insert into GRP (GRP_ID,GRP_NAME,CREATE_DATE,CREATED_BY,COMPANY_ID,GROUP_DESC,STATUS,LAST_UPDATE,LAST_UPDATED_BY,MANAGED_SYS_ID,ADMIN_RESOURCE_ID,TYPE_ID) values ('HR_GRP','HR Group',null,null,null,null,null,null,null,null,null,null);
Insert into GRP (GRP_ID,GRP_NAME,CREATE_DATE,CREATED_BY,COMPANY_ID,GROUP_DESC,STATUS,LAST_UPDATE,LAST_UPDATED_BY,MANAGED_SYS_ID,ADMIN_RESOURCE_ID,TYPE_ID) values ('SECURITY_GRP','Security Group',null,null,null,null,null,null,null,null,null,null);
Insert into GRP (GRP_ID,GRP_NAME,CREATE_DATE,CREATED_BY,COMPANY_ID,GROUP_DESC,STATUS,LAST_UPDATE,LAST_UPDATED_BY,MANAGED_SYS_ID,ADMIN_RESOURCE_ID,TYPE_ID) values ('SUPER_SEC_ADMIN_GRP','Super Admin Group',null,null,null,null,null,null,null,null,null,null);

Insert into GRP_ROLE (GRP_ID,ROLE_ID) values ('HR_GRP','3');
Insert into GRP_ROLE (GRP_ID,ROLE_ID) values ('SECURITY_GRP','5');
Insert into GRP_ROLE (GRP_ID,ROLE_ID) values ('SUPER_SEC_ADMIN_GRP','9');

Insert into IDENTIFICATION (IDENTITY_ID,MANAGED_SYS_ID,IDENTIFICATION,REFERRED_OBJECT_ID,IDENTITY_TYPE,CREATE_DATE,CREATED_BY,STATUS,PROV_STATUS,LAST_UPDATE) values ('Security Group_0_GROUP','0','Security Group','SECURITY_GRP','GROUP',to_date('16-DEC-14','DD-MON-RR'),'3000','ACTIVE',null,to_timestamp('16-DEC-14 03.15.00.000 PM','DD-MON-RR HH.MI.SS.FF AM'));
Insert into IDENTIFICATION (IDENTITY_ID,MANAGED_SYS_ID,IDENTIFICATION,REFERRED_OBJECT_ID,IDENTITY_TYPE,CREATE_DATE,CREATED_BY,STATUS,PROV_STATUS,LAST_UPDATE) values ('HR Group_0_GROUP','0','HR Group','HR_GRP','GROUP',to_date('16-DEC-14','DD-MON-RR'),'3000','ACTIVE',null,to_timestamp('16-DEC-14 03.15.00.000 PM','DD-MON-RR HH.MI.SS.FF AM'));
Insert into IDENTIFICATION (IDENTITY_ID,MANAGED_SYS_ID,IDENTIFICATION,REFERRED_OBJECT_ID,IDENTITY_TYPE,CREATE_DATE,CREATED_BY,STATUS,PROV_STATUS,LAST_UPDATE) values ('Super Admin Group_0_GROUP','0','Super Admin Group','SUPER_SEC_ADMIN_GRP','GROUP',to_date('16-DEC-14','DD-MON-RR'),'3000','ACTIVE',null,to_timestamp('16-DEC-14 03.15.00.000 PM','DD-MON-RR HH.MI.SS.FF AM')); -- REM INSERTING into IDENTITY_QUESTION

Insert into IDENTITY_QUESTION (IDENTITY_QUESTION_ID,IDENTITY_QUEST_GRP_ID,ACTIVE) values ('200','GLOBAL','Y');
Insert into IDENTITY_QUESTION (IDENTITY_QUESTION_ID,IDENTITY_QUEST_GRP_ID,ACTIVE) values ('201','GLOBAL','Y');
Insert into IDENTITY_QUESTION (IDENTITY_QUESTION_ID,IDENTITY_QUEST_GRP_ID,ACTIVE) values ('202','GLOBAL','Y');
Insert into IDENTITY_QUESTION (IDENTITY_QUESTION_ID,IDENTITY_QUEST_GRP_ID,ACTIVE) values ('203','GLOBAL','Y');
Insert into IDENTITY_QUESTION (IDENTITY_QUESTION_ID,IDENTITY_QUEST_GRP_ID,ACTIVE) values ('204','GLOBAL','Y');
Insert into IDENTITY_QUESTION (IDENTITY_QUESTION_ID,IDENTITY_QUEST_GRP_ID,ACTIVE) values ('205','GLOBAL','Y');
Insert into IDENTITY_QUESTION (IDENTITY_QUESTION_ID,IDENTITY_QUEST_GRP_ID,ACTIVE) values ('206','GLOBAL','Y');
Insert into IDENTITY_QUESTION (IDENTITY_QUESTION_ID,IDENTITY_QUEST_GRP_ID,ACTIVE) values ('207','GLOBAL','Y');
Insert into IDENTITY_QUESTION (IDENTITY_QUESTION_ID,IDENTITY_QUEST_GRP_ID,ACTIVE) values ('209','GLOBAL','Y');
Insert into IDENTITY_QUESTION (IDENTITY_QUESTION_ID,IDENTITY_QUEST_GRP_ID,ACTIVE) values ('210','GLOBAL','Y');
Insert into IDENTITY_QUESTION (IDENTITY_QUESTION_ID,IDENTITY_QUEST_GRP_ID,ACTIVE) values ('211','GLOBAL','Y');
Insert into IDENTITY_QUESTION (IDENTITY_QUESTION_ID,IDENTITY_QUEST_GRP_ID,ACTIVE) values ('212','GLOBAL','Y');
Insert into IDENTITY_QUESTION (IDENTITY_QUESTION_ID,IDENTITY_QUEST_GRP_ID,ACTIVE) values ('213','GLOBAL','Y');
Insert into IDENTITY_QUESTION (IDENTITY_QUESTION_ID,IDENTITY_QUEST_GRP_ID,ACTIVE) values ('214','GLOBAL','Y');
Insert into IDENTITY_QUESTION (IDENTITY_QUESTION_ID,IDENTITY_QUEST_GRP_ID,ACTIVE) values ('215','GLOBAL','Y');
Insert into IDENTITY_QUESTION (IDENTITY_QUESTION_ID,IDENTITY_QUEST_GRP_ID,ACTIVE) values ('216','GLOBAL','Y');
Insert into IDENTITY_QUESTION (IDENTITY_QUESTION_ID,IDENTITY_QUEST_GRP_ID,ACTIVE) values ('217','GLOBAL','Y');
Insert into IDENTITY_QUESTION (IDENTITY_QUESTION_ID,IDENTITY_QUEST_GRP_ID,ACTIVE) values ('218','GLOBAL','Y');

Insert into IDENTITY_QUEST_GRP (IDENTITY_QUEST_GRP_ID,NAME,STATUS,COMPANY_OWNER_ID,CREATE_DATE,CREATED_BY,LAST_UPDATE,LAST_UPDATED_BY) values ('GLOBAL','GLOBAL IDENTITY QUESTIONS','ACTIVE','GLOBAL',null,null,null,null);

Insert into LANGUAGE (ID,LANGUAGE,IS_USED,LANGUAGE_CODE,IS_DEFAULT) values ('1','English','Y','en','Y');
Insert into LANGUAGE (ID,LANGUAGE,IS_USED,LANGUAGE_CODE,IS_DEFAULT) values ('4','Spanish','Y','es','N');
Insert into LANGUAGE (ID,LANGUAGE,IS_USED,LANGUAGE_CODE,IS_DEFAULT) values ('10','Chinese','Y','zh','N');
Insert into LANGUAGE (ID,LANGUAGE,IS_USED,LANGUAGE_CODE,IS_DEFAULT) values ('2','German','Y','de','N');
Insert into LANGUAGE (ID,LANGUAGE,IS_USED,LANGUAGE_CODE,IS_DEFAULT) values ('8','Russian','Y','ru','N');
Insert into LANGUAGE (ID,LANGUAGE,IS_USED,LANGUAGE_CODE,IS_DEFAULT) values ('9','Japanese','Y','ja','N');

Insert into LANGUAGE_LOCALE (ID,LANGUAGE_ID,LOCALE) values ('2','1','en_US');
Insert into LANGUAGE_LOCALE (ID,LANGUAGE_ID,LOCALE) values ('6','4','es_ES');
Insert into LANGUAGE_LOCALE (ID,LANGUAGE_ID,LOCALE) values ('11','2','de_DE');
Insert into LANGUAGE_LOCALE (ID,LANGUAGE_ID,LOCALE) values ('10','8','ru_RU');
Insert into LANGUAGE_LOCALE (ID,LANGUAGE_ID,LOCALE) values ('12','9','ja_JP');
Insert into LANGUAGE_LOCALE (ID,LANGUAGE_ID,LOCALE) values ('13','10','zh_CN');

Insert into LANGUAGE_MAPPING (ID,LANGUAGE_ID,REFERENCE_ID,REFERENCE_TYPE,TEXT_VALUE) values ('MetadataTypeEntity84','1','PERM FULL TIME','MetadataTypeEntity.displayNameMap','PERMANENT FULL TIME');
Insert into LANGUAGE_MAPPING (ID,LANGUAGE_ID,REFERENCE_ID,REFERENCE_TYPE,TEXT_VALUE) values ('MetadataTypeEntity85','1','PERM PART TIME','MetadataTypeEntity.displayNameMap','PERMANENT PART TIME');
Insert into LANGUAGE_MAPPING (ID,LANGUAGE_ID,REFERENCE_ID,REFERENCE_TYPE,TEXT_VALUE) values ('MetadataTypeEntity87','1','VENDOR','MetadataTypeEntity.displayNameMap','VENDOR');
Insert into LANGUAGE_MAPPING (ID,LANGUAGE_ID,REFERENCE_ID,REFERENCE_TYPE,TEXT_VALUE) values ('LanguageEntity1','1','1','LanguageEntity.displayNameMap','English');
Insert into LANGUAGE_MAPPING (ID,LANGUAGE_ID,REFERENCE_ID,REFERENCE_TYPE,TEXT_VALUE) values ('ACONTENT_PROV_NEW_EDIT_PUB_DESC','1','CONTENT_PROV_NEW_EDIT','ResourceEntity.displayNameMap','Create New Provider');
Insert into LANGUAGE_MAPPING (ID,LANGUAGE_ID,REFERENCE_ID,REFERENCE_TYPE,TEXT_VALUE) values ('AM_PROV_AM_ATTR_DESC','1','AM_PROV_AM_ATTR','ResourceEntity.displayNameMap','Request Attributes');
Insert into LANGUAGE_MAPPING (ID,LANGUAGE_ID,REFERENCE_ID,REFERENCE_TYPE,TEXT_VALUE) values ('AM_PROV_EDIT_CURRENT_DESC','1','AM_PROV_EDIT_CURRENT','ResourceEntity.displayNameMap','Edit Provider');
Insert into LANGUAGE_MAPPING (ID,LANGUAGE_ID,REFERENCE_ID,REFERENCE_TYPE,TEXT_VALUE) values ('AM_PROV_EDIT_DESC','1','AM_PROV_EDIT','ResourceEntity.displayNameMap','Authentication Provider Edit Menu');
Insert into LANGUAGE_MAPPING (ID,LANGUAGE_ID,REFERENCE_ID,REFERENCE_TYPE,TEXT_VALUE) values ('AM_PROV_NEW_DSC','1','AM_PROV_NEW','ResourceEntity.displayNameMap','Create New Provider');
Insert into LANGUAGE_MAPPING (ID,LANGUAGE_ID,REFERENCE_ID,REFERENCE_TYPE,TEXT_VALUE) values ('AM_PROV_NEW_EDIT_PUB_DESC','1','AM_PROV_NEW_EDIT','ResourceEntity.displayNameMap','Create New Provider');
Insert into LANGUAGE_MAPPING (ID,LANGUAGE_ID,REFERENCE_ID,REFERENCE_TYPE,TEXT_VALUE) values ('AM_PROV_ROOT_DESC','1','AM_PROV_ROOT','ResourceEntity.displayNameMap','Authentication Provider Root Menu');
Insert into LANGUAGE_MAPPING (ID,LANGUAGE_ID,REFERENCE_ID,REFERENCE_TYPE,TEXT_VALUE) values ('AM_PROV_SEARCH_CHILD_PUB_DESC','1','AM_PROV_SEARCH_CHILD','ResourceEntity.displayNameMap','Authentication Providers');
Insert into LANGUAGE_MAPPING (ID,LANGUAGE_ID,REFERENCE_ID,REFERENCE_TYPE,TEXT_VALUE) values ('AM_PROV_SEARCH_DESC','1','AM_PROV_SEARCH','ResourceEntity.displayNameMap','Search Providers');
Insert into LANGUAGE_MAPPING (ID,LANGUAGE_ID,REFERENCE_ID,REFERENCE_TYPE,TEXT_VALUE) values ('AUDITREPORT_MENU_DISPLAY','1','AUDITREPORT','ResourceEntity.displayNameMap','Audit Reports');
Insert into LANGUAGE_MAPPING (ID,LANGUAGE_ID,REFERENCE_ID,REFERENCE_TYPE,TEXT_VALUE) values ('AUDIT_RPT_MENU_DISPLAY','1','AUDIT_RPT','ResourceEntity.displayNameMap','Audit Report');
Insert into LANGUAGE_MAPPING (ID,LANGUAGE_ID,REFERENCE_ID,REFERENCE_TYPE,TEXT_VALUE) values ('BACK_TO_CP_DESC','1','BACK_TO_CP','ResourceEntity.displayNameMap','Back To Content Provider');
Insert into LANGUAGE_MAPPING (ID,LANGUAGE_ID,REFERENCE_ID,REFERENCE_TYPE,TEXT_VALUE) values ('BATCH_PROC_MENU_DISPLAY','1','BATCH_PROC','ResourceEntity.displayNameMap','Batch Processes');
Insert into LANGUAGE_MAPPING (ID,LANGUAGE_ID,REFERENCE_ID,REFERENCE_TYPE,TEXT_VALUE) values ('CHALLENGE_MENU_DISPLAY','1','CHALLENGE','ResourceEntity.displayNameMap','Challenge Quest');
Insert into LANGUAGE_MAPPING (ID,LANGUAGE_ID,REFERENCE_ID,REFERENCE_TYPE,TEXT_VALUE) values ('CHNGPSWD_MENU_DISPLAY','1','CHNGPSWD','ResourceEntity.displayNameMap','Change Password');
Insert into LANGUAGE_MAPPING (ID,LANGUAGE_ID,REFERENCE_ID,REFERENCE_TYPE,TEXT_VALUE) values ('CONTENT_PROV_EDIT_CURRENT_DESC','1','CONTENT_PROV_EDIT_CURRENT','ResourceEntity.displayNameMap','Edit Provider');
Insert into LANGUAGE_MAPPING (ID,LANGUAGE_ID,REFERENCE_ID,REFERENCE_TYPE,TEXT_VALUE) values ('CONTENT_PROV_EDIT_DESC','1','CONTENT_PROV_EDIT','ResourceEntity.displayNameMap','Content Provider Edit Menu');
Insert into LANGUAGE_MAPPING (ID,LANGUAGE_ID,REFERENCE_ID,REFERENCE_TYPE,TEXT_VALUE) values ('CONTENT_PROV_EDIT_SEARCH_DESC','1','CONTENT_PROV_EDIT_SEARCH','ResourceEntity.displayNameMap','Back to Search');
Insert into LANGUAGE_MAPPING (ID,LANGUAGE_ID,REFERENCE_ID,REFERENCE_TYPE,TEXT_VALUE) values ('CONTENT_PROV_NEW_DSC','1','CONTENT_PROV_NEW','ResourceEntity.displayNameMap','Create New Provider');
Insert into LANGUAGE_MAPPING (ID,LANGUAGE_ID,REFERENCE_ID,REFERENCE_TYPE,TEXT_VALUE) values ('CONTENT_PROV_ROOT_DESC','1','CONTENT_PROV_ROOT','ResourceEntity.displayNameMap','Content Provider Root Menu');
Insert into LANGUAGE_MAPPING (ID,LANGUAGE_ID,REFERENCE_ID,REFERENCE_TYPE,TEXT_VALUE) values ('CONTENT_PROV_SEARCH_CHILD_PUB_DE','1','CONTENT_PROV_SEARCH_CHILD','ResourceEntity.displayNameMap','Content Providers');
Insert into LANGUAGE_MAPPING (ID,LANGUAGE_ID,REFERENCE_ID,REFERENCE_TYPE,TEXT_VALUE) values ('CONTENT_PROV_SEARCH_DESC','1','CONTENT_PROV_SEARCH','ResourceEntity.displayNameMap','Search Content Providers');
Insert into LANGUAGE_MAPPING (ID,LANGUAGE_ID,REFERENCE_ID,REFERENCE_TYPE,TEXT_VALUE) values ('CREATEREQ_MENU_DISPLAY','1','CREATEREQ','ResourceEntity.displayNameMap','Create Request');
Insert into LANGUAGE_MAPPING (ID,LANGUAGE_ID,REFERENCE_ID,REFERENCE_TYPE,TEXT_VALUE) values ('CR_RES_DISP_NAME','1','CREATE_RESOURCE_MENU','ResourceEntity.displayNameMap','Create New Resource');
Insert into LANGUAGE_MAPPING (ID,LANGUAGE_ID,REFERENCE_ID,REFERENCE_TYPE,TEXT_VALUE) values ('CUSTOM_FIELD_EDIT_DESC','1','CUSTOM_FIELD_EDIT','ResourceEntity.displayNameMap','Custom Field Edit Menu');
Insert into LANGUAGE_MAPPING (ID,LANGUAGE_ID,REFERENCE_ID,REFERENCE_TYPE,TEXT_VALUE) values ('CUSTOM_FIELD_EDIT_NEW_DESC','1','CUSTOM_FIELD_EDIT_NEW','ResourceEntity.displayNameMap','Create New Custom Field');
Insert into LANGUAGE_MAPPING (ID,LANGUAGE_ID,REFERENCE_ID,REFERENCE_TYPE,TEXT_VALUE) values ('CUSTOM_FIELD_EDIT_SEARCH_DESC','1','CUSTOM_FIELD_EDIT_SEARCH','ResourceEntity.displayNameMap','Back to Search');
Insert into LANGUAGE_MAPPING (ID,LANGUAGE_ID,REFERENCE_ID,REFERENCE_TYPE,TEXT_VALUE) values ('CUSTOM_FIELD_NEW_DSC','1','CUSTOM_FIELD_NEW','ResourceEntity.displayNameMap','Create New Custom Field');
Insert into LANGUAGE_MAPPING (ID,LANGUAGE_ID,REFERENCE_ID,REFERENCE_TYPE,TEXT_VALUE) values ('CUSTOM_FIELD_ROOT_DESC','1','CUSTOM_FIELD_ROOT','ResourceEntity.displayNameMap','Custom Field Root Menu');
Insert into LANGUAGE_MAPPING (ID,LANGUAGE_ID,REFERENCE_ID,REFERENCE_TYPE,TEXT_VALUE) values ('CUSTOM_FIELD_SEARCH_CHILD_DESC','1','CUSTOM_FIELD_SEARCH_CHILD','ResourceEntity.displayNameMap','Custom Fields');
Insert into LANGUAGE_MAPPING (ID,LANGUAGE_ID,REFERENCE_ID,REFERENCE_TYPE,TEXT_VALUE) values ('CUSTOM_FIELD_SEARCH_DESC','1','CUSTOM_FIELD_SEARCH','ResourceEntity.displayNameMap','Search Custom Fields');
Insert into LANGUAGE_MAPPING (ID,LANGUAGE_ID,REFERENCE_ID,REFERENCE_TYPE,TEXT_VALUE) values ('DELG_FILTER_MENU_DISPLAY','1','DELG_FILTER','ResourceEntity.displayNameMap','Delegation Filter');
Insert into LANGUAGE_MAPPING (ID,LANGUAGE_ID,REFERENCE_ID,REFERENCE_TYPE,TEXT_VALUE) values ('DIRECTORY_MENU_DISPLAY','1','DIRECTORY','ResourceEntity.displayNameMap','Directory Lookup');
Insert into LANGUAGE_MAPPING (ID,LANGUAGE_ID,REFERENCE_ID,REFERENCE_TYPE,TEXT_VALUE) values ('EDIT_GROUP_DESC','1','EDIT_GROUP','ResourceEntity.displayNameMap','Edit Group');
Insert into LANGUAGE_MAPPING (ID,LANGUAGE_ID,REFERENCE_ID,REFERENCE_TYPE,TEXT_VALUE) values ('EDIT_ORG_DESC','1','EDIT_ORG','ResourceEntity.displayNameMap','Edit Organization');
Insert into LANGUAGE_MAPPING (ID,LANGUAGE_ID,REFERENCE_ID,REFERENCE_TYPE,TEXT_VALUE) values ('EDIT_RESOURCE_DIS','1','EDIT_RESOURCE','ResourceEntity.displayNameMap','Edit Resource');
Insert into LANGUAGE_MAPPING (ID,LANGUAGE_ID,REFERENCE_ID,REFERENCE_TYPE,TEXT_VALUE) values ('EDIT_ROLE_DESC','1','EDIT_ROLE','ResourceEntity.displayNameMap','Edit Role');
Insert into LANGUAGE_MAPPING (ID,LANGUAGE_ID,REFERENCE_ID,REFERENCE_TYPE,TEXT_VALUE) values ('GROUP_EDIT_MENU_DESC','1','GROUP_EDIT_MENU','ResourceEntity.displayNameMap','Group Root Edit Menu');
Insert into LANGUAGE_MAPPING (ID,LANGUAGE_ID,REFERENCE_ID,REFERENCE_TYPE,TEXT_VALUE) values ('GROUP_ENTITLEMENTS_DESC','1','GROUP_ENTITLEMENTS','ResourceEntity.displayNameMap','Group Entitlements');
Insert into LANGUAGE_MAPPING (ID,LANGUAGE_ID,REFERENCE_ID,REFERENCE_TYPE,TEXT_VALUE) values ('GROUP_MENUS_DESC','1','GROUP_MENUS','ResourceEntity.displayNameMap','Menus');
Insert into LANGUAGE_MAPPING (ID,LANGUAGE_ID,REFERENCE_ID,REFERENCE_TYPE,TEXT_VALUE) values ('SS_ACCESS_REVIEW_DESC','1','SELFSERV_ACCESS_REVIEW','ResourceEntity.displayNameMap','Access Review');
Insert into LANGUAGE_MAPPING (ID,LANGUAGE_ID,REFERENCE_ID,REFERENCE_TYPE,TEXT_VALUE) values ('REQUEST_APPROVAL_DESC','1','REQUEST_APPROVAL','ResourceEntity.displayNameMap','Request Approval');
Insert into LANGUAGE_MAPPING (ID,LANGUAGE_ID,REFERENCE_ID,REFERENCE_TYPE,TEXT_VALUE) values ('SELFSERVICE_GROUPS_DN','1','SELFSERVICE_GROUPS','ResourceEntity.displayNameMap','Groups');
Insert into LANGUAGE_MAPPING (ID,LANGUAGE_ID,REFERENCE_ID,REFERENCE_TYPE,TEXT_VALUE) values ('SELFSERVICE_ROLES_DN','1','SELFSERVICE_ROLES','ResourceEntity.displayNameMap','Roles');
Insert into LANGUAGE_MAPPING (ID,LANGUAGE_ID,REFERENCE_ID,REFERENCE_TYPE,TEXT_VALUE) values ('SELFSERVICE_RESOURCES_DN','1','SELFSERVICE_RESOURCES','ResourceEntity.displayNameMap','Resources');
Insert into LANGUAGE_MAPPING (ID,LANGUAGE_ID,REFERENCE_ID,REFERENCE_TYPE,TEXT_VALUE) values ('SS_ORG_BACK_SEARCH_DN','1','SS_ORG_BACK_SEARCH','ResourceEntity.displayNameMap','Back to Search');
Insert into LANGUAGE_MAPPING (ID,LANGUAGE_ID,REFERENCE_ID,REFERENCE_TYPE,TEXT_VALUE) values ('SELFSRV_GRP_SRCH_ROOT_DESC','1','SELFSRV_GRP_SRCH_ROOT','ResourceEntity.displayNameMap','SelfService Group Root');
Insert into LANGUAGE_MAPPING (ID,LANGUAGE_ID,REFERENCE_ID,REFERENCE_TYPE,TEXT_VALUE) values ('SELFSERV_GRP_NEW_DN','1','SELFSERV_GRP_NEW','ResourceEntity.displayNameMap','Create New Group');
Insert into LANGUAGE_MAPPING (ID,LANGUAGE_ID,REFERENCE_ID,REFERENCE_TYPE,TEXT_VALUE) values ('SELFSRV_GRP_EDIT_ROOT_DESC','1','SELFSRV_GRP_EDIT_ROOT','ResourceEntity.displayNameMap','SelfService Group Edit Root');
Insert into LANGUAGE_MAPPING (ID,LANGUAGE_ID,REFERENCE_ID,REFERENCE_TYPE,TEXT_VALUE) values ('SELFSERV_GRP_EDIT_DN','1','SELFSERV_GRP_EDIT','ResourceEntity.displayNameMap','Edit Group');
Insert into LANGUAGE_MAPPING (ID,LANGUAGE_ID,REFERENCE_ID,REFERENCE_TYPE,TEXT_VALUE) values ('SELFSERV_GRP_BACK_SRCH_DN','1','SELFSERV_GRP_BACK_SRCH','ResourceEntity.displayNameMap','Back to Search');
Insert into LANGUAGE_MAPPING (ID,LANGUAGE_ID,REFERENCE_ID,REFERENCE_TYPE,TEXT_VALUE) values ('SELFSRV_ROLE_SRCH_ROOT_DN','1','SELFSRV_ROLE_SRCH_ROOT','ResourceEntity.displayNameMap','SelfService Role Root');
Insert into LANGUAGE_MAPPING (ID,LANGUAGE_ID,REFERENCE_ID,REFERENCE_TYPE,TEXT_VALUE) values ('SELFSERV_ROLE_NEW_DN','1','SELFSERV_ROLE_NEW','ResourceEntity.displayNameMap','Create New Role');
Insert into LANGUAGE_MAPPING (ID,LANGUAGE_ID,REFERENCE_ID,REFERENCE_TYPE,TEXT_VALUE) values ('SELFSRV_ROLE_EDIT_ROOT_DESC','1','SELFSRV_ROLE_EDIT_ROOT','ResourceEntity.displayNameMap','SelfService Role Edit Root');
Insert into LANGUAGE_MAPPING (ID,LANGUAGE_ID,REFERENCE_ID,REFERENCE_TYPE,TEXT_VALUE) values ('SELFSRV_ROLE_EDIT_DN','1','SELFSRV_ROLE_EDIT','ResourceEntity.displayNameMap','Edit Role');
Insert into LANGUAGE_MAPPING (ID,LANGUAGE_ID,REFERENCE_ID,REFERENCE_TYPE,TEXT_VALUE) values ('SELFSRV_ROLE_BACK_SRCH_DN','1','SELFSRV_ROLE_BACK_SRCH','ResourceEntity.displayNameMap','Back to Search');
Insert into LANGUAGE_MAPPING (ID,LANGUAGE_ID,REFERENCE_ID,REFERENCE_TYPE,TEXT_VALUE) values ('SELFSRV_RES_SRCH_ROOT_DN','1','SELFSRV_RES_SRCH_ROOT','ResourceEntity.displayNameMap','SelfService Resource Root');
Insert into LANGUAGE_MAPPING (ID,LANGUAGE_ID,REFERENCE_ID,REFERENCE_TYPE,TEXT_VALUE) values ('SELFSRV_RES_NEW_DN','1','SELFSRV_RES_NEW','ResourceEntity.displayNameMap','Create New Resource');
Insert into LANGUAGE_MAPPING (ID,LANGUAGE_ID,REFERENCE_ID,REFERENCE_TYPE,TEXT_VALUE) values ('SELFSRV_RES_EDIT_ROOT_DESC','1','SELFSRV_RES_EDIT_ROOT','ResourceEntity.displayNameMap','SelfService Resource Edit Root');
Insert into LANGUAGE_MAPPING (ID,LANGUAGE_ID,REFERENCE_ID,REFERENCE_TYPE,TEXT_VALUE) values ('SELFSRV_RES_EDIT_DN','1','SELFSRV_RES_EDIT','ResourceEntity.displayNameMap','Edit Resource');
Insert into LANGUAGE_MAPPING (ID,LANGUAGE_ID,REFERENCE_ID,REFERENCE_TYPE,TEXT_VALUE) values ('SELFSRV_RES_BACK_SRCH_DN','1','SELFSRV_RES_BACK_SRCH','ResourceEntity.displayNameMap','Back to Search');
Insert into LANGUAGE_MAPPING (ID,LANGUAGE_ID,REFERENCE_ID,REFERENCE_TYPE,TEXT_VALUE) values ('MENUS_SEARCH_DC','1','MENUS_SEARCH','ResourceEntity.displayNameMap','Menus');
Insert into LANGUAGE_MAPPING (ID,LANGUAGE_ID,REFERENCE_ID,REFERENCE_TYPE,TEXT_VALUE) values ('UI_THEME_ROOT_DN','1','UI_THEME_ROOT','ResourceEntity.displayNameMap','UI Theme Root');
Insert into LANGUAGE_MAPPING (ID,LANGUAGE_ID,REFERENCE_ID,REFERENCE_TYPE,TEXT_VALUE) values ('UI_THEME_ROOT_SRCH_DN','1','UI_THEME_ROOT_SRCH','ResourceEntity.displayNameMap','Search UI Themes');
Insert into LANGUAGE_MAPPING (ID,LANGUAGE_ID,REFERENCE_ID,REFERENCE_TYPE,TEXT_VALUE) values ('NEW_UI_THEME_DN','1','NEW_UI_THEME','ResourceEntity.displayNameMap','New UI Theme');
Insert into LANGUAGE_MAPPING (ID,LANGUAGE_ID,REFERENCE_ID,REFERENCE_TYPE,TEXT_VALUE) values ('UI_THEME_EDIT_DN','1','UI_THEME_EDIT','ResourceEntity.displayNameMap','UI Theme Edit');
Insert into LANGUAGE_MAPPING (ID,LANGUAGE_ID,REFERENCE_ID,REFERENCE_TYPE,TEXT_VALUE) values ('UI_THEME_EDIT_MODIFY_DN','1','UI_THEME_EDIT_MODIFY','ResourceEntity.displayNameMap','Edit UI Theme');
Insert into LANGUAGE_MAPPING (ID,LANGUAGE_ID,REFERENCE_ID,REFERENCE_TYPE,TEXT_VALUE) values ('UI_THEMES_DN','1','UI_THEMES','ResourceEntity.displayNameMap','UI Themes');
Insert into LANGUAGE_MAPPING (ID,LANGUAGE_ID,REFERENCE_ID,REFERENCE_TYPE,TEXT_VALUE) values ('SS_GRP_ENT_DN','1','SS_GRP_ENT','ResourceEntity.displayNameMap','Entitlements');
Insert into LANGUAGE_MAPPING (ID,LANGUAGE_ID,REFERENCE_ID,REFERENCE_TYPE,TEXT_VALUE) values ('SS_ROLE_ENT_DN','1','SS_ROLE_ENT','ResourceEntity.displayNameMap','Entitlements');
Insert into LANGUAGE_MAPPING (ID,LANGUAGE_ID,REFERENCE_ID,REFERENCE_TYPE,TEXT_VALUE) values ('META_ADMIN_DESC','1','META_ADMIN','ResourceEntity.displayNameMap','Metadata Elements');
Insert into LANGUAGE_MAPPING (ID,LANGUAGE_ID,REFERENCE_ID,REFERENCE_TYPE,TEXT_VALUE) values ('META_TYPE_ADMIN_DESC','1','META_TYPE_ADMIN','ResourceEntity.displayNameMap','Metadata Types');
Insert into LANGUAGE_MAPPING (ID,LANGUAGE_ID,REFERENCE_ID,REFERENCE_TYPE,TEXT_VALUE) values ('META_TYPE_EDIT_DESC','1','META_TYPE_EDIT','ResourceEntity.displayNameMap','New MetaData Type');
Insert into LANGUAGE_MAPPING (ID,LANGUAGE_ID,REFERENCE_ID,REFERENCE_TYPE,TEXT_VALUE) values ('META_EDIT_DESC','1','META_EDIT','ResourceEntity.displayNameMap','New MetaData');
Insert into LANGUAGE_MAPPING (ID,LANGUAGE_ID,REFERENCE_ID,REFERENCE_TYPE,TEXT_VALUE) values ('META_SEARCH_DESC','1','META_SEARCH','ResourceEntity.displayNameMap','MetaData Search');
Insert into LANGUAGE_MAPPING (ID,LANGUAGE_ID,REFERENCE_ID,REFERENCE_TYPE,TEXT_VALUE) values ('RES_TYPE_DESC','1','RES_TYPE_ITEM','ResourceEntity.displayNameMap','Resource Type');
Insert into LANGUAGE_MAPPING (ID,LANGUAGE_ID,REFERENCE_ID,REFERENCE_TYPE,TEXT_VALUE) values ('RES_TYPE_NEW_DESC','1','RES_TYPE_NEW','ResourceEntity.displayNameMap','New Resource Type');
Insert into LANGUAGE_MAPPING (ID,LANGUAGE_ID,REFERENCE_ID,REFERENCE_TYPE,TEXT_VALUE) values ('AUTH_LVL_GRP_NEW_ROOT_DN','1','AUTH_LVL_GRP_NEW_ROOT','ResourceEntity.displayNameMap','Auth Level Grouping Root');
Insert into LANGUAGE_MAPPING (ID,LANGUAGE_ID,REFERENCE_ID,REFERENCE_TYPE,TEXT_VALUE) values ('AUTH_LVL_GRP_EDIT_ROOT_DN','1','AUTH_LVL_GRP_EDIT_ROOT','ResourceEntity.displayNameMap','Auth Level Grouping Edit Root');
Insert into LANGUAGE_MAPPING (ID,LANGUAGE_ID,REFERENCE_ID,REFERENCE_TYPE,TEXT_VALUE) values ('BACK_TO_AUTH_LVL_GRP_SRH_DN','1','BACK_TO_AUTH_LVL_GRP_SRH','ResourceEntity.displayNameMap','Back to Search');
Insert into LANGUAGE_MAPPING (ID,LANGUAGE_ID,REFERENCE_ID,REFERENCE_TYPE,TEXT_VALUE) values ('AUTH_LVL_GRP_ATTR_DN','1','AUTH_LVL_GRP_ATTR','ResourceEntity.displayNameMap','Auth Level Grouping Attribute Root');
Insert into LANGUAGE_MAPPING (ID,LANGUAGE_ID,REFERENCE_ID,REFERENCE_TYPE,TEXT_VALUE) values ('BACK_TO_AUTH_LVL_DN','1','BACK_TO_AUTH_LVL','ResourceEntity.displayNameMap','Back to Grouping');
Insert into LANGUAGE_MAPPING (ID,LANGUAGE_ID,REFERENCE_ID,REFERENCE_TYPE,TEXT_VALUE) values ('AUTH_LEVEL_GRP_DN','1','AUTH_LEVEL_GRP','ResourceEntity.displayNameMap','Authentication Groupings');
Insert into LANGUAGE_MAPPING (ID,LANGUAGE_ID,REFERENCE_ID,REFERENCE_TYPE,TEXT_VALUE) values ('SELFSERVICE_EXT_DN','1','SELFSERVICE_EXT','ResourceEntity.displayNameMap','SelfService Extension Root');
Insert into LANGUAGE_MAPPING (ID,LANGUAGE_ID,REFERENCE_ID,REFERENCE_TYPE,TEXT_VALUE) values ('SELFSRV_EXAMPLE_DN','1','SELFSRV_EXAMPLE','ResourceEntity.displayNameMap','Example');
Insert into LANGUAGE_MAPPING (ID,LANGUAGE_ID,REFERENCE_ID,REFERENCE_TYPE,TEXT_VALUE) values ('GROUP_ROOT_MENU_DESC','1','GROUP_ROOT_MENU','ResourceEntity.displayNameMap','Group Root Menu');
Insert into LANGUAGE_MAPPING (ID,LANGUAGE_ID,REFERENCE_ID,REFERENCE_TYPE,TEXT_VALUE) values ('GROUP_SEARCH_DESC','1','GROUP_SEARCH','ResourceEntity.displayNameMap','Group Search');
Insert into LANGUAGE_MAPPING (ID,LANGUAGE_ID,REFERENCE_ID,REFERENCE_TYPE,TEXT_VALUE) values ('IDM_MENU_DISPLAY','1','IDM','ResourceEntity.displayNameMap','Identity');
Insert into LANGUAGE_MAPPING (ID,LANGUAGE_ID,REFERENCE_ID,REFERENCE_TYPE,TEXT_VALUE) values ('IDQUEST_MENU_DISPLAY','1','IDQUEST','ResourceEntity.displayNameMap','Challenge Response');
Insert into LANGUAGE_MAPPING (ID,LANGUAGE_ID,REFERENCE_ID,REFERENCE_TYPE,TEXT_VALUE) values ('LOCATION_MENU_DISPLAY','1','LOCATION','ResourceEntity.displayNameMap','Location');
Insert into LANGUAGE_MAPPING (ID,LANGUAGE_ID,REFERENCE_ID,REFERENCE_TYPE,TEXT_VALUE) values ('MANAGEREQ_MENU_DISPLAY','1','MANAGEREQ','ResourceEntity.displayNameMap','Request History');
Insert into LANGUAGE_MAPPING (ID,LANGUAGE_ID,REFERENCE_ID,REFERENCE_TYPE,TEXT_VALUE) values ('METADATA_MENU_DISPLAY','1','METADATA','ResourceEntity.displayNameMap','Metadata');
Insert into LANGUAGE_MAPPING (ID,LANGUAGE_ID,REFERENCE_ID,REFERENCE_TYPE,TEXT_VALUE) values ('MNGSYS_DESC','1','MNGSYS_MENU_ITEM','ResourceEntity.displayNameMap','Managed Systems');
Insert into LANGUAGE_MAPPING (ID,LANGUAGE_ID,REFERENCE_ID,REFERENCE_TYPE,TEXT_VALUE) values ('MNGSYS_DSC','1','MNGSYS_NEW','ResourceEntity.displayNameMap','Create Managed System');
Insert into LANGUAGE_MAPPING (ID,LANGUAGE_ID,REFERENCE_ID,REFERENCE_TYPE,TEXT_VALUE) values ('MNGSYS_MENU_DISPLAY','1','MNGSYS','ResourceEntity.displayNameMap','Managed System');
Insert into LANGUAGE_MAPPING (ID,LANGUAGE_ID,REFERENCE_ID,REFERENCE_TYPE,TEXT_VALUE) values ('NEWUSER-NOAPPRV_MENU_DISPLAY','1','NEWUSER-NOAPPRV','ResourceEntity.displayNameMap','New User-NO Approver');
Insert into LANGUAGE_MAPPING (ID,LANGUAGE_ID,REFERENCE_ID,REFERENCE_TYPE,TEXT_VALUE) values ('NEWUSER_MENU_DISPLAY','1','NEWUSER','ResourceEntity.displayNameMap','New User');
Insert into LANGUAGE_MAPPING (ID,LANGUAGE_ID,REFERENCE_ID,REFERENCE_TYPE,TEXT_VALUE) values ('NEW_GROUP_DESC','1','NEW_GROUP','ResourceEntity.displayNameMap','Create New Group');
Insert into LANGUAGE_MAPPING (ID,LANGUAGE_ID,REFERENCE_ID,REFERENCE_TYPE,TEXT_VALUE) values ('NEW_ORG_DESC','1','NEW_ORG','ResourceEntity.displayNameMap','Create New Organization');
Insert into LANGUAGE_MAPPING (ID,LANGUAGE_ID,REFERENCE_ID,REFERENCE_TYPE,TEXT_VALUE) values ('NEW_ROLE_DESC','1','NEW_ROLE','ResourceEntity.displayNameMap','Create New Role');
Insert into LANGUAGE_MAPPING (ID,LANGUAGE_ID,REFERENCE_ID,REFERENCE_TYPE,TEXT_VALUE) values ('NEW_USER_DESC','1','NEW_USER','ResourceEntity.displayNameMap','Create New User');
Insert into LANGUAGE_MAPPING (ID,LANGUAGE_ID,REFERENCE_ID,REFERENCE_TYPE,TEXT_VALUE) values ('ORGANIZATION_EDIT_ID_DESC','1','ORGANIZATION_EDIT_ID','ResourceEntity.displayNameMap','Organization Edit Menus');
Insert into LANGUAGE_MAPPING (ID,LANGUAGE_ID,REFERENCE_ID,REFERENCE_TYPE,TEXT_VALUE) values ('ORGANIZATION_ROOT_ID_DESC','1','ORGANIZATION_ROOT_ID','ResourceEntity.displayNameMap','Organization Root Menus');
Insert into LANGUAGE_MAPPING (ID,LANGUAGE_ID,REFERENCE_ID,REFERENCE_TYPE,TEXT_VALUE) values ('ORG_MEMBERSHIP_DESC','1','ORG_MEMBERSHIP','ResourceEntity.displayNameMap','Organization Membership');
Insert into LANGUAGE_MAPPING (ID,LANGUAGE_ID,REFERENCE_ID,REFERENCE_TYPE,TEXT_VALUE) values ('ORG_MENU_DISPLAY','1','ORG','ResourceEntity.displayNameMap','Organization');
Insert into LANGUAGE_MAPPING (ID,LANGUAGE_ID,REFERENCE_ID,REFERENCE_TYPE,TEXT_VALUE) values ('ORG_SEARCH_DESC','1','ORG_SEARCH','ResourceEntity.displayNameMap','Organization Search');
Insert into LANGUAGE_MAPPING (ID,LANGUAGE_ID,REFERENCE_ID,REFERENCE_TYPE,TEXT_VALUE) values ('PAGE_TEMPLATE_EDIT_DESC','1','PAGE_TEMPLATE_EDIT','ResourceEntity.displayNameMap','Page Template Edit Menu');
Insert into LANGUAGE_MAPPING (ID,LANGUAGE_ID,REFERENCE_ID,REFERENCE_TYPE,TEXT_VALUE) values ('PAGE_TEMPLATE_EDIT_NEW_DESC','1','PAGE_TEMPLATE_EDIT_NEW','ResourceEntity.displayNameMap','Create New Template');
Insert into LANGUAGE_MAPPING (ID,LANGUAGE_ID,REFERENCE_ID,REFERENCE_TYPE,TEXT_VALUE) values ('PAGE_TEMPLATE_EDIT_SEARCH_DESC','1','PAGE_TEMPLATE_EDIT_SEARCH','ResourceEntity.displayNameMap','Back to Search');
Insert into LANGUAGE_MAPPING (ID,LANGUAGE_ID,REFERENCE_ID,REFERENCE_TYPE,TEXT_VALUE) values ('PAGE_TEMPLATE_NEW_DSC','1','PAGE_TEMPLATE_NEW','ResourceEntity.displayNameMap','Create New Template');
Insert into LANGUAGE_MAPPING (ID,LANGUAGE_ID,REFERENCE_ID,REFERENCE_TYPE,TEXT_VALUE) values ('PAGE_TEMPLATE_ROOT_DESC','1','PAGE_TEMPLATE_ROOT','ResourceEntity.displayNameMap','Page Template Root Menu');
Insert into LANGUAGE_MAPPING (ID,LANGUAGE_ID,REFERENCE_ID,REFERENCE_TYPE,TEXT_VALUE) values ('PAGE_TEMPLATE_SEARCH_DESC','1','PAGE_TEMPLATE_SEARCH','ResourceEntity.displayNameMap','Search Page Templates');
Insert into LANGUAGE_MAPPING (ID,LANGUAGE_ID,REFERENCE_ID,REFERENCE_TYPE,TEXT_VALUE) values ('PROFILE_MENU_DISPLAY','1','PROFILE','ResourceEntity.displayNameMap','Edit Your Profile');
Insert into LANGUAGE_MAPPING (ID,LANGUAGE_ID,REFERENCE_ID,REFERENCE_TYPE,TEXT_VALUE) values ('PROVCONNECT_DESC','1','PROVCONNECT_MENU_ITEM','ResourceEntity.displayNameMap','Provisioning Connectors');
Insert into LANGUAGE_MAPPING (ID,LANGUAGE_ID,REFERENCE_ID,REFERENCE_TYPE,TEXT_VALUE) values ('PROVCONNECT_MENU_DISPLAY','1','PROVCONNECT','ResourceEntity.displayNameMap','Connectors');
Insert into LANGUAGE_MAPPING (ID,LANGUAGE_ID,REFERENCE_ID,REFERENCE_TYPE,TEXT_VALUE) values ('PROVISIONING_MENU_DISPLAY','1','PROVISIONING','ResourceEntity.displayNameMap','Provisioning');
Insert into LANGUAGE_MAPPING (ID,LANGUAGE_ID,REFERENCE_ID,REFERENCE_TYPE,TEXT_VALUE) values ('PROV_CONNECTOR_DSC','1','PROV_CONNECTOR_NEW','ResourceEntity.displayNameMap','Create New Connector');
Insert into LANGUAGE_MAPPING (ID,LANGUAGE_ID,REFERENCE_ID,REFERENCE_TYPE,TEXT_VALUE) values ('REPORT_MENU_DISPLAY','1','REPORT','ResourceEntity.displayNameMap','Manage Reports');
Insert into LANGUAGE_MAPPING (ID,LANGUAGE_ID,REFERENCE_ID,REFERENCE_TYPE,TEXT_VALUE) values ('REQINBOX_MENU_DISPLAY','1','REQINBOX','ResourceEntity.displayNameMap','In-Box');
Insert into LANGUAGE_MAPPING (ID,LANGUAGE_ID,REFERENCE_ID,REFERENCE_TYPE,TEXT_VALUE) values ('RESOURCE_EDIT_PAGE_ROOT_DIS','1','RESOURCE_EDIT_PAGE_ROOT','ResourceEntity.displayNameMap','Resource Edit Page Root');
Insert into LANGUAGE_MAPPING (ID,LANGUAGE_ID,REFERENCE_ID,REFERENCE_TYPE,TEXT_VALUE) values ('RESPOLICYMAP_MENU_DISPLAY','1','RESPOLICYMAP','ResourceEntity.displayNameMap','Policy Map');
Insert into LANGUAGE_MAPPING (ID,LANGUAGE_ID,REFERENCE_ID,REFERENCE_TYPE,TEXT_VALUE) values ('RESRECONCILE_MENU_DISPLAY','1','RESRECONCILE','ResourceEntity.displayNameMap','Reconciliation');
Insert into LANGUAGE_MAPPING (ID,LANGUAGE_ID,REFERENCE_ID,REFERENCE_TYPE,TEXT_VALUE) values ('RESSUMMARY_MENU_DISPLAY','1','RESSUMMARY','ResourceEntity.displayNameMap','Resource Details');
Insert into LANGUAGE_MAPPING (ID,LANGUAGE_ID,REFERENCE_ID,REFERENCE_TYPE,TEXT_VALUE) values ('RES_ENT_SUB_DIS','1','RES_ENT_SUB','ResourceEntity.displayNameMap','Entitlements');
Insert into LANGUAGE_MAPPING (ID,LANGUAGE_ID,REFERENCE_ID,REFERENCE_TYPE,TEXT_VALUE) values ('ROLE_EDIT_MENU_DESC','1','ROLE_EDIT_MENU','ResourceEntity.displayNameMap','Role Root Edit Menu');
Insert into LANGUAGE_MAPPING (ID,LANGUAGE_ID,REFERENCE_ID,REFERENCE_TYPE,TEXT_VALUE) values ('ROLE_ENTITLEMENTS_DESC','1','ROLE_ENTITLEMENTS','ResourceEntity.displayNameMap','Role Entitlements');
Insert into LANGUAGE_MAPPING (ID,LANGUAGE_ID,REFERENCE_ID,REFERENCE_TYPE,TEXT_VALUE) values ('ROLE_MENUS_DESC','1','ROLE_MENUS','ResourceEntity.displayNameMap','Menus');
Insert into LANGUAGE_MAPPING (ID,LANGUAGE_ID,REFERENCE_ID,REFERENCE_TYPE,TEXT_VALUE) values ('ROLE_ROOT_MENU_DESC','1','ROLE_ROOT_MENU','ResourceEntity.displayNameMap','Role Root Menu');
Insert into LANGUAGE_MAPPING (ID,LANGUAGE_ID,REFERENCE_ID,REFERENCE_TYPE,TEXT_VALUE) values ('ROLE_SEARCH_DESC','1','ROLE_SEARCH','ResourceEntity.displayNameMap','Role Search');
Insert into LANGUAGE_MAPPING (ID,LANGUAGE_ID,REFERENCE_ID,REFERENCE_TYPE,TEXT_VALUE) values ('SECURITY_GROUP_MENU_DISPLAY','1','SECURITY_GROUP','ResourceEntity.displayNameMap','Group');
Insert into LANGUAGE_MAPPING (ID,LANGUAGE_ID,REFERENCE_ID,REFERENCE_TYPE,TEXT_VALUE) values ('SECURITY_POLICY_MENU_DISPLAY','1','SECURITY_POLICY','ResourceEntity.displayNameMap','Policy');
Insert into LANGUAGE_MAPPING (ID,LANGUAGE_ID,REFERENCE_ID,REFERENCE_TYPE,TEXT_VALUE) values ('SECURITY_RES_MENU_DISPLAY','1','SECURITY_RES','ResourceEntity.displayNameMap','Resource');
Insert into LANGUAGE_MAPPING (ID,LANGUAGE_ID,REFERENCE_ID,REFERENCE_TYPE,TEXT_VALUE) values ('SECURITY_ROLE_MENU_DISPLAY','1','SECURITY_ROLE','ResourceEntity.displayNameMap','Role');
Insert into LANGUAGE_MAPPING (ID,LANGUAGE_ID,REFERENCE_ID,REFERENCE_TYPE,TEXT_VALUE) values ('SELFCENTER_MENU_DISPLAY','1','SELFCENTER','ResourceEntity.displayNameMap','Self Service Center');
Insert into LANGUAGE_MAPPING (ID,LANGUAGE_ID,REFERENCE_ID,REFERENCE_TYPE,TEXT_VALUE) values ('SELFSERVICE_MENU_DISPLAY','1','SELFSERVICE','ResourceEntity.displayNameMap','SELF SERVICE');
Insert into LANGUAGE_MAPPING (ID,LANGUAGE_ID,REFERENCE_ID,REFERENCE_TYPE,TEXT_VALUE) values ('SELFSERVICE_MYAPPS_DESC','1','SELFSERVICE_MYAPPS','ResourceEntity.displayNameMap','My Applications');
Insert into LANGUAGE_MAPPING (ID,LANGUAGE_ID,REFERENCE_ID,REFERENCE_TYPE,TEXT_VALUE) values ('SELFSERVICE_MYINFO_DESC','1','SELFSERVICE_MYINFO','ResourceEntity.displayNameMap','My Info');
Insert into LANGUAGE_MAPPING (ID,LANGUAGE_ID,REFERENCE_ID,REFERENCE_TYPE,TEXT_VALUE) values ('SELF_QUERYUSER_MENU_DISPLAY','1','SELF_QUERYUSER','ResourceEntity.displayNameMap','Manage User');
Insert into LANGUAGE_MAPPING (ID,LANGUAGE_ID,REFERENCE_ID,REFERENCE_TYPE,TEXT_VALUE) values ('SYNCUSER_MENU_DISPLAY','1','SYNCUSER','ResourceEntity.displayNameMap','Synchronization');
Insert into LANGUAGE_MAPPING (ID,LANGUAGE_ID,REFERENCE_ID,REFERENCE_TYPE,TEXT_VALUE) values ('TEMPLATE_SEARCH_CHILD_DESC','1','TEMPLATE_SEARCH_CHILD','ResourceEntity.displayNameMap','Page Template');
Insert into LANGUAGE_MAPPING (ID,LANGUAGE_ID,REFERENCE_ID,REFERENCE_TYPE,TEXT_VALUE) values ('URI_META_BACK_DESC','1','URI_META_BACK','ResourceEntity.displayNameMap','Back To Pattern');
Insert into LANGUAGE_MAPPING (ID,LANGUAGE_ID,REFERENCE_ID,REFERENCE_TYPE,TEXT_VALUE) values ('URI_META_EDIT_DESC','1','URI_META_EDIT','ResourceEntity.displayNameMap','URI Meta Root Item');
Insert into LANGUAGE_MAPPING (ID,LANGUAGE_ID,REFERENCE_ID,REFERENCE_TYPE,TEXT_VALUE) values ('URI_PATTERN_EDIT_DESC','1','URI_PATTERN_EDIT','ResourceEntity.displayNameMap','URI Pattern Edit Menu');
Insert into LANGUAGE_MAPPING (ID,LANGUAGE_ID,REFERENCE_ID,REFERENCE_TYPE,TEXT_VALUE) values ('URI_PATTERN_EDIT_NEW_PATTERN_DES','1','URI_PATTERN_EDIT_NEW_PATTERN','ResourceEntity.displayNameMap','Create URI Pattern');
Insert into LANGUAGE_MAPPING (ID,LANGUAGE_ID,REFERENCE_ID,REFERENCE_TYPE,TEXT_VALUE) values ('URI_PATTERN_EDIT_PATTERN_DESC','1','URI_PATTERN_EDIT_PATTERN','ResourceEntity.displayNameMap','Edit URI Pattern');
Insert into LANGUAGE_MAPPING (ID,LANGUAGE_ID,REFERENCE_ID,REFERENCE_TYPE,TEXT_VALUE) values ('USER_ATTRIBUTES_DESC','1','USER_ATTRIBUTES','ResourceEntity.displayNameMap','User Attributes');
Insert into LANGUAGE_MAPPING (ID,LANGUAGE_ID,REFERENCE_ID,REFERENCE_TYPE,TEXT_VALUE) values ('USER_BULK_MENU_DISPLAY','1','USER_BULK','ResourceEntity.displayNameMap','User Bulk Ops');
Insert into LANGUAGE_MAPPING (ID,LANGUAGE_ID,REFERENCE_ID,REFERENCE_TYPE,TEXT_VALUE) values ('USER_DELEGATION_DESC','1','USER_DELEGATION','ResourceEntity.displayNameMap','User Delegation Filter');
Insert into LANGUAGE_MAPPING (ID,LANGUAGE_ID,REFERENCE_ID,REFERENCE_TYPE,TEXT_VALUE) values ('USER_EDIT_CONTACT_INFO_DESC','1','USER_EDIT_CONTACT_INFO','ResourceEntity.displayNameMap','Contact Info');
Insert into LANGUAGE_MAPPING (ID,LANGUAGE_ID,REFERENCE_ID,REFERENCE_TYPE,TEXT_VALUE) values ('SELFSERV_USER_EDIT_DESC','1','SELFSERV_USER_EDIT','ResourceEntity.displayNameMap','Edit User');
Insert into LANGUAGE_MAPPING (ID,LANGUAGE_ID,REFERENCE_ID,REFERENCE_TYPE,TEXT_VALUE) values ('SELFSERV_USER_MEMSHP_DES','1','SELFSERV_USER_MEMSHP','ResourceEntity.displayNameMap','User Entitlements');
Insert into LANGUAGE_MAPPING (ID,LANGUAGE_ID,REFERENCE_ID,REFERENCE_TYPE,TEXT_VALUE) values ('CHALLENGE_RESPONSE_QUESTION_DESC','1','CHALLENGE_RESPONSE_QUESTION','ResourceEntity.displayNameMap','Challenge Response Question');
Insert into LANGUAGE_MAPPING (ID,LANGUAGE_ID,REFERENCE_ID,REFERENCE_TYPE,TEXT_VALUE) values ('CHALLENGE_RESP_QUEST_ROOT_DESC','1','CHALLENGE_RESPONSE_QUESTION_ROOT','ResourceEntity.displayNameMap','Challenge Response Question Root Menu');
Insert into LANGUAGE_MAPPING (ID,LANGUAGE_ID,REFERENCE_ID,REFERENCE_TYPE,TEXT_VALUE) values ('CHALLENGE_RESP_QUESTION_NEW_DSC','1','CHALLENGE_RESPONSE_QUESTION_NEW','ResourceEntity.displayNameMap','Create New Question');
Insert into LANGUAGE_MAPPING (ID,LANGUAGE_ID,REFERENCE_ID,REFERENCE_TYPE,TEXT_VALUE) values ('SYNCUSER_EDIT_DESC','1','SYNCUSER_EDIT','ResourceEntity.displayNameMap','Edit Synchronization');
Insert into LANGUAGE_MAPPING (ID,LANGUAGE_ID,REFERENCE_ID,REFERENCE_TYPE,TEXT_VALUE) values ('SYNCUSER_POLICYMAP_DESC','1','SYNCUSER_POLICYMAP','ResourceEntity.displayNameMap','Policy Map');
Insert into LANGUAGE_MAPPING (ID,LANGUAGE_ID,REFERENCE_ID,REFERENCE_TYPE,TEXT_VALUE) values ('WEB_REPORT_ROOT_DESC','1','WEB_REPORT_ROOT','ResourceEntity.displayNameMap','Report Root Menu');
Insert into LANGUAGE_MAPPING (ID,LANGUAGE_ID,REFERENCE_ID,REFERENCE_TYPE,TEXT_VALUE) values ('WEB_REPORT_NEW_DSC','1','WEB_REPORT_NEW','ResourceEntity.displayNameMap','Create New Report');
Insert into LANGUAGE_MAPPING (ID,LANGUAGE_ID,REFERENCE_ID,REFERENCE_TYPE,TEXT_VALUE) values ('CONF_POLICY_PAGE_DIS','1','CONF_POLICY_PAGE','ResourceEntity.displayNameMap','Configure IT Policy');
Insert into LANGUAGE_MAPPING (ID,LANGUAGE_ID,REFERENCE_ID,REFERENCE_TYPE,TEXT_VALUE) values ('ORG_TYPE_SUBMENU_ROOT_DESC','1','ORG_TYPE_SUBMENU_ROOT','ResourceEntity.displayNameMap','Organization Type Root');
Insert into LANGUAGE_MAPPING (ID,LANGUAGE_ID,REFERENCE_ID,REFERENCE_TYPE,TEXT_VALUE) values ('ORG_TYPE_SUBMENU_EDIT_DESC','1','ORG_TYPE_SUBMENU_EDIT','ResourceEntity.displayNameMap','Organization Type Edit');
Insert into LANGUAGE_MAPPING (ID,LANGUAGE_ID,REFERENCE_ID,REFERENCE_TYPE,TEXT_VALUE) values ('ORG_TYPE_SEARCH_DESC','1','ORG_TYPE_SEARCH','ResourceEntity.displayNameMap','Search Organization Types');
Insert into LANGUAGE_MAPPING (ID,LANGUAGE_ID,REFERENCE_ID,REFERENCE_TYPE,TEXT_VALUE) values ('NEW_ORG_TYPE_DESC','1','NEW_ORG_TYPE','ResourceEntity.displayNameMap','New Organization Type');
Insert into LANGUAGE_MAPPING (ID,LANGUAGE_ID,REFERENCE_ID,REFERENCE_TYPE,TEXT_VALUE) values ('EDIT_ORG_MEMBERSHIP_DESC','1','EDIT_ORG_MEMBERSHIP','ResourceEntity.displayNameMap','Membership');
Insert into LANGUAGE_MAPPING (ID,LANGUAGE_ID,REFERENCE_ID,REFERENCE_TYPE,TEXT_VALUE) values ('ORG_TYPE_EDIT_SEARCH_DESC','1','ORG_TYPE_EDIT_SEARCH','ResourceEntity.displayNameMap','Search Organization Types');
Insert into LANGUAGE_MAPPING (ID,LANGUAGE_ID,REFERENCE_ID,REFERENCE_TYPE,TEXT_VALUE) values ('EDIT_ORG_TYPE_IDMAN_DESC','1','EDIT_ORG_TYPE_IDMAN','ResourceEntity.displayNameMap','Organization Types');
Insert into LANGUAGE_MAPPING (ID,LANGUAGE_ID,REFERENCE_ID,REFERENCE_TYPE,TEXT_VALUE) values ('SUP_SUB_PAGE_DIS','1','SUP_SUB_PAGE','ResourceEntity.displayNameMap','Superiors and Subordinates');
Insert into LANGUAGE_MAPPING (ID,LANGUAGE_ID,REFERENCE_ID,REFERENCE_TYPE,TEXT_VALUE) values ('SEARCH_BATCH_NEW_DESC','1','SEARCH_BATCH_NEW','ResourceEntity.displayNameMap','Search Batch Tasks');
Insert into LANGUAGE_MAPPING (ID,LANGUAGE_ID,REFERENCE_ID,REFERENCE_TYPE,TEXT_VALUE) values ('NEW_BATCH_TASK_DESC','1','NEW_BATCH_TASK','ResourceEntity.displayNameMap','New Batch Task');
Insert into LANGUAGE_MAPPING (ID,LANGUAGE_ID,REFERENCE_ID,REFERENCE_TYPE,TEXT_VALUE) values ('BATCH_TASK_EDIT_DESC','1','BATCH_TASK_EDIT','ResourceEntity.displayNameMap','Batch Task Edit');
Insert into LANGUAGE_MAPPING (ID,LANGUAGE_ID,REFERENCE_ID,REFERENCE_TYPE,TEXT_VALUE) values ('SEARCH_BATCH_EDIT_DESC','1','SEARCH_BATCH_EDIT','ResourceEntity.displayNameMap','Search Batch Tasks');
Insert into LANGUAGE_MAPPING (ID,LANGUAGE_ID,REFERENCE_ID,REFERENCE_TYPE,TEXT_VALUE) values ('ADMIN_BATCH_TASKS_DESC','1','ADMIN_BATCH_TASKS','ResourceEntity.displayNameMap','Batch Tasks');
Insert into LANGUAGE_MAPPING (ID,LANGUAGE_ID,REFERENCE_ID,REFERENCE_TYPE,TEXT_VALUE) values ('DIR_LOOKUP_PAGE_DIS','1','DIR_LOOKUP_PAGE','ResourceEntity.displayNameMap','Directory Lookup');
Insert into LANGUAGE_MAPPING (ID,LANGUAGE_ID,REFERENCE_ID,REFERENCE_TYPE,TEXT_VALUE) values ('MANUALRECON_DESC','1','MANUALRECON','ResourceEntity.displayNameMap','Manual reconciliation');
Insert into LANGUAGE_MAPPING (ID,LANGUAGE_ID,REFERENCE_ID,REFERENCE_TYPE,TEXT_VALUE) values ('SUBSCRIBE_MENU_DESC','1','SUBSCRIBE','ResourceEntity.displayNameMap','Subscribe');
Insert into LANGUAGE_MAPPING (ID,LANGUAGE_ID,REFERENCE_ID,REFERENCE_TYPE,TEXT_VALUE) values ('VIEW_MENU_DESC','1','VIEW','ResourceEntity.displayNameMap','View Files');
Insert into LANGUAGE_MAPPING (ID,LANGUAGE_ID,REFERENCE_ID,REFERENCE_TYPE,TEXT_VALUE) values ('SELF_SUB_REPORT_NEW_DSC','1','SELF_SUB_REPORT_NEW','ResourceEntity.displayNameMap','Subscribe Report');
Insert into LANGUAGE_MAPPING (ID,LANGUAGE_ID,REFERENCE_ID,REFERENCE_TYPE,TEXT_VALUE) values ('SELF_VIEW_REPORT_ROOT_DESC','1','SELF_VIEW_REPORT_ROOT','ResourceEntity.displayNameMap','View Report Root Menu');
Insert into LANGUAGE_MAPPING (ID,LANGUAGE_ID,REFERENCE_ID,REFERENCE_TYPE,TEXT_VALUE) values ('SELF_VIEW_REPORT_NEW_DSC','1','SELF_VIEW_REPORT_NEW','ResourceEntity.displayNameMap','Create New View Report');
Insert into LANGUAGE_MAPPING (ID,LANGUAGE_ID,REFERENCE_ID,REFERENCE_TYPE,TEXT_VALUE) values ('SELFSERVE_SUP_SUB_DESC','1','SELFSERVE_SUP_SUB','ResourceEntity.displayNameMap','Superiors and Subordinates');
Insert into LANGUAGE_MAPPING (ID,LANGUAGE_ID,REFERENCE_ID,REFERENCE_TYPE,TEXT_VALUE) values ('SELFSER_USER_LOGIN_DESC','1','SELFSER_USER_LOGIN','ResourceEntity.displayNameMap','Identities');
Insert into LANGUAGE_MAPPING (ID,LANGUAGE_ID,REFERENCE_ID,REFERENCE_TYPE,TEXT_VALUE) values ('ACCESSCENTER_MENU_DISPLAY','1','ACCESSCENTER','ResourceEntity.displayNameMap','Access Management');
Insert into LANGUAGE_MAPPING (ID,LANGUAGE_ID,REFERENCE_ID,REFERENCE_TYPE,TEXT_VALUE) values ('WEB_REPORT_DESC','1','WEB_REPORT','ResourceEntity.displayNameMap','Report');
Insert into LANGUAGE_MAPPING (ID,LANGUAGE_ID,REFERENCE_ID,REFERENCE_TYPE,TEXT_VALUE) values ('SELFSERVICE_REPORT_DESC','1','SELFSERVICE_REPORT','ResourceEntity.displayNameMap','Report');
Insert into LANGUAGE_MAPPING (ID,LANGUAGE_ID,REFERENCE_ID,REFERENCE_TYPE,TEXT_VALUE) values ('SELFSRVS_ACCESS_MNGMNT_ORG_DESC','1','SELFSRVS_ACCESS_MNGMNT_ORG','ResourceEntity.displayNameMap','Organizations');
Insert into LANGUAGE_MAPPING (ID,LANGUAGE_ID,REFERENCE_ID,REFERENCE_TYPE,TEXT_VALUE) values ('SS_ACC_MNGMNT_ORG_NEW_DESC','1','SELF_SUB_ORGS_NEW','ResourceEntity.displayNameMap','New Organization');
Insert into LANGUAGE_MAPPING (ID,LANGUAGE_ID,REFERENCE_ID,REFERENCE_TYPE,TEXT_VALUE) values ('SS_ACC_MG_ORG_SEARCH_DESC','1','SELF_SUB_ORGS_SEARCH','ResourceEntity.displayNameMap','Search Organization');
Insert into LANGUAGE_MAPPING (ID,LANGUAGE_ID,REFERENCE_ID,REFERENCE_TYPE,TEXT_VALUE) values ('SYNCLOG_ADMIN_DESC','1','SYNCLOG','ResourceEntity.displayNameMap','Log Viewer');
Insert into LANGUAGE_MAPPING (ID,LANGUAGE_ID,REFERENCE_ID,REFERENCE_TYPE,TEXT_VALUE) values ('ACC_CONTROL_MENU_DISPLAY','1','ACC_CONTROL','ResourceEntity.displayNameMap','Access Control');
Insert into LANGUAGE_MAPPING (ID,LANGUAGE_ID,REFERENCE_ID,REFERENCE_TYPE,TEXT_VALUE) values ('ElementMigrate101','1','101','MetadataElementEntity.languageMap','Display Name');
Insert into LANGUAGE_MAPPING (ID,LANGUAGE_ID,REFERENCE_ID,REFERENCE_TYPE,TEXT_VALUE) values ('ElementMigrate104','1','104','MetadataElementEntity.languageMap','Preferred Language');
Insert into LANGUAGE_MAPPING (ID,LANGUAGE_ID,REFERENCE_ID,REFERENCE_TYPE,TEXT_VALUE) values ('ElementMigrate105','1','105','MetadataElementEntity.languageMap','VehicleLicense');
Insert into LANGUAGE_MAPPING (ID,LANGUAGE_ID,REFERENCE_ID,REFERENCE_TYPE,TEXT_VALUE) values ('ElementMigrate106','1','106','MetadataElementEntity.languageMap','Given Name');
Insert into LANGUAGE_MAPPING (ID,LANGUAGE_ID,REFERENCE_ID,REFERENCE_TYPE,TEXT_VALUE) values ('ElementMigrate107','1','107','MetadataElementEntity.languageMap','LabeledURI');
Insert into LANGUAGE_MAPPING (ID,LANGUAGE_ID,REFERENCE_ID,REFERENCE_TYPE,TEXT_VALUE) values ('ElementMigrate108','1','108','MetadataElementEntity.languageMap','Initials');
Insert into LANGUAGE_MAPPING (ID,LANGUAGE_ID,REFERENCE_ID,REFERENCE_TYPE,TEXT_VALUE) values ('ElementMigrate110','1','110','MetadataElementEntity.languageMap','BusinessCategory');
Insert into LANGUAGE_MAPPING (ID,LANGUAGE_ID,REFERENCE_ID,REFERENCE_TYPE,TEXT_VALUE) values ('ElementMigrate131','1','131','MetadataElementEntity.languageMap','Display Name');
Insert into LANGUAGE_MAPPING (ID,LANGUAGE_ID,REFERENCE_ID,REFERENCE_TYPE,TEXT_VALUE) values ('ElementMigrate134','1','134','MetadataElementEntity.languageMap','Preferred Language');
Insert into LANGUAGE_MAPPING (ID,LANGUAGE_ID,REFERENCE_ID,REFERENCE_TYPE,TEXT_VALUE) values ('ElementMigrate135','1','135','MetadataElementEntity.languageMap','VehicleLicense');
Insert into LANGUAGE_MAPPING (ID,LANGUAGE_ID,REFERENCE_ID,REFERENCE_TYPE,TEXT_VALUE) values ('ElementMigrate136','1','136','MetadataElementEntity.languageMap','Given Name');
Insert into LANGUAGE_MAPPING (ID,LANGUAGE_ID,REFERENCE_ID,REFERENCE_TYPE,TEXT_VALUE) values ('ElementMigrate137','1','137','MetadataElementEntity.languageMap','LabeledURI');
Insert into LANGUAGE_MAPPING (ID,LANGUAGE_ID,REFERENCE_ID,REFERENCE_TYPE,TEXT_VALUE) values ('ElementMigrate138','1','138','MetadataElementEntity.languageMap','Initials');
Insert into LANGUAGE_MAPPING (ID,LANGUAGE_ID,REFERENCE_ID,REFERENCE_TYPE,TEXT_VALUE) values ('ElementMigrate140','1','140','MetadataElementEntity.languageMap','Display Name');
Insert into LANGUAGE_MAPPING (ID,LANGUAGE_ID,REFERENCE_ID,REFERENCE_TYPE,TEXT_VALUE) values ('ElementMigrate150','1','150','MetadataElementEntity.languageMap','Display Name');
Insert into LANGUAGE_MAPPING (ID,LANGUAGE_ID,REFERENCE_ID,REFERENCE_TYPE,TEXT_VALUE) values ('ElementMigrate160','1','160','MetadataElementEntity.languageMap','Display Name');
Insert into LANGUAGE_MAPPING (ID,LANGUAGE_ID,REFERENCE_ID,REFERENCE_TYPE,TEXT_VALUE) values ('ElementMigrate260','1','260','MetadataElementEntity.languageMap','BusinessCategory');
Insert into LANGUAGE_MAPPING (ID,LANGUAGE_ID,REFERENCE_ID,REFERENCE_TYPE,TEXT_VALUE) values ('ElementMigrate261','1','261','MetadataElementEntity.languageMap','StartDate');
Insert into LANGUAGE_MAPPING (ID,LANGUAGE_ID,REFERENCE_ID,REFERENCE_TYPE,TEXT_VALUE) values ('ElementMigrate262','1','262','MetadataElementEntity.languageMap','EndDate');
Insert into LANGUAGE_MAPPING (ID,LANGUAGE_ID,REFERENCE_ID,REFERENCE_TYPE,TEXT_VALUE) values ('ElementMigrate300','1','300','MetadataElementEntity.languageMap','name');
Insert into LANGUAGE_MAPPING (ID,LANGUAGE_ID,REFERENCE_ID,REFERENCE_TYPE,TEXT_VALUE) values ('ElementMigrate301','1','301','MetadataElementEntity.languageMap','distinguishedName');
Insert into LANGUAGE_MAPPING (ID,LANGUAGE_ID,REFERENCE_ID,REFERENCE_TYPE,TEXT_VALUE) values ('ElementMigrate302','1','302','MetadataElementEntity.languageMap','objectclass');
Insert into LANGUAGE_MAPPING (ID,LANGUAGE_ID,REFERENCE_ID,REFERENCE_TYPE,TEXT_VALUE) values ('ElementMigrate303','1','303','MetadataElementEntity.languageMap','aliasedObjectName');
Insert into LANGUAGE_MAPPING (ID,LANGUAGE_ID,REFERENCE_ID,REFERENCE_TYPE,TEXT_VALUE) values ('ElementMigrate304','1','304','MetadataElementEntity.languageMap','cn');
Insert into LANGUAGE_MAPPING (ID,LANGUAGE_ID,REFERENCE_ID,REFERENCE_TYPE,TEXT_VALUE) values ('ElementMigrate305','1','305','MetadataElementEntity.languageMap','sn');
Insert into LANGUAGE_MAPPING (ID,LANGUAGE_ID,REFERENCE_ID,REFERENCE_TYPE,TEXT_VALUE) values ('ElementMigrate306','1','306','MetadataElementEntity.languageMap','serialNumber');
Insert into LANGUAGE_MAPPING (ID,LANGUAGE_ID,REFERENCE_ID,REFERENCE_TYPE,TEXT_VALUE) values ('ElementMigrate307','1','307','MetadataElementEntity.languageMap','c');
Insert into LANGUAGE_MAPPING (ID,LANGUAGE_ID,REFERENCE_ID,REFERENCE_TYPE,TEXT_VALUE) values ('ElementMigrate308','1','308','MetadataElementEntity.languageMap','l');
Insert into LANGUAGE_MAPPING (ID,LANGUAGE_ID,REFERENCE_ID,REFERENCE_TYPE,TEXT_VALUE) values ('ElementMigrate309','1','309','MetadataElementEntity.languageMap','st');
Insert into LANGUAGE_MAPPING (ID,LANGUAGE_ID,REFERENCE_ID,REFERENCE_TYPE,TEXT_VALUE) values ('ElementMigrate310','1','310','MetadataElementEntity.languageMap','street');
Insert into LANGUAGE_MAPPING (ID,LANGUAGE_ID,REFERENCE_ID,REFERENCE_TYPE,TEXT_VALUE) values ('ElementMigrate311','1','311','MetadataElementEntity.languageMap','o');
Insert into LANGUAGE_MAPPING (ID,LANGUAGE_ID,REFERENCE_ID,REFERENCE_TYPE,TEXT_VALUE) values ('ElementMigrate312','1','312','MetadataElementEntity.languageMap','ou');
Insert into LANGUAGE_MAPPING (ID,LANGUAGE_ID,REFERENCE_ID,REFERENCE_TYPE,TEXT_VALUE) values ('ElementMigrate313','1','313','MetadataElementEntity.languageMap','title');
Insert into LANGUAGE_MAPPING (ID,LANGUAGE_ID,REFERENCE_ID,REFERENCE_TYPE,TEXT_VALUE) values ('ElementMigrate314','1','314','MetadataElementEntity.languageMap','description');
Insert into LANGUAGE_MAPPING (ID,LANGUAGE_ID,REFERENCE_ID,REFERENCE_TYPE,TEXT_VALUE) values ('ElementMigrate315','1','315','MetadataElementEntity.languageMap','businessCategory');
Insert into LANGUAGE_MAPPING (ID,LANGUAGE_ID,REFERENCE_ID,REFERENCE_TYPE,TEXT_VALUE) values ('ElementMigrate316','1','316','MetadataElementEntity.languageMap','postalAddress');
Insert into LANGUAGE_MAPPING (ID,LANGUAGE_ID,REFERENCE_ID,REFERENCE_TYPE,TEXT_VALUE) values ('ElementMigrate317','1','317','MetadataElementEntity.languageMap','postalCode');
Insert into LANGUAGE_MAPPING (ID,LANGUAGE_ID,REFERENCE_ID,REFERENCE_TYPE,TEXT_VALUE) values ('ElementMigrate318','1','318','MetadataElementEntity.languageMap','postOfficeBox');
Insert into LANGUAGE_MAPPING (ID,LANGUAGE_ID,REFERENCE_ID,REFERENCE_TYPE,TEXT_VALUE) values ('ElementMigrate319','1','319','MetadataElementEntity.languageMap','physicalDeliveryOfficeName');
Insert into LANGUAGE_MAPPING (ID,LANGUAGE_ID,REFERENCE_ID,REFERENCE_TYPE,TEXT_VALUE) values ('ElementMigrate320','1','320','MetadataElementEntity.languageMap','telephoneNumber');
Insert into LANGUAGE_MAPPING (ID,LANGUAGE_ID,REFERENCE_ID,REFERENCE_TYPE,TEXT_VALUE) values ('ElementMigrate321','1','321','MetadataElementEntity.languageMap','telexNumber');
Insert into LANGUAGE_MAPPING (ID,LANGUAGE_ID,REFERENCE_ID,REFERENCE_TYPE,TEXT_VALUE) values ('ElementMigrate322','1','322','MetadataElementEntity.languageMap','teletexTerminalIdentifier');
Insert into LANGUAGE_MAPPING (ID,LANGUAGE_ID,REFERENCE_ID,REFERENCE_TYPE,TEXT_VALUE) values ('ElementMigrate323','1','323','MetadataElementEntity.languageMap','facsimileTelephoneNumber');
Insert into LANGUAGE_MAPPING (ID,LANGUAGE_ID,REFERENCE_ID,REFERENCE_TYPE,TEXT_VALUE) values ('ElementMigrate324','1','324','MetadataElementEntity.languageMap','x121Address');
Insert into LANGUAGE_MAPPING (ID,LANGUAGE_ID,REFERENCE_ID,REFERENCE_TYPE,TEXT_VALUE) values ('ElementMigrate325','1','325','MetadataElementEntity.languageMap','internationaliSDNNumber');
Insert into LANGUAGE_MAPPING (ID,LANGUAGE_ID,REFERENCE_ID,REFERENCE_TYPE,TEXT_VALUE) values ('ElementMigrate326','1','326','MetadataElementEntity.languageMap','registeredAddress');
Insert into LANGUAGE_MAPPING (ID,LANGUAGE_ID,REFERENCE_ID,REFERENCE_TYPE,TEXT_VALUE) values ('ElementMigrate327','1','327','MetadataElementEntity.languageMap','destinationIndicator');
Insert into LANGUAGE_MAPPING (ID,LANGUAGE_ID,REFERENCE_ID,REFERENCE_TYPE,TEXT_VALUE) values ('ElementMigrate328','1','328','MetadataElementEntity.languageMap','preferredDeliveryMethod');
Insert into LANGUAGE_MAPPING (ID,LANGUAGE_ID,REFERENCE_ID,REFERENCE_TYPE,TEXT_VALUE) values ('ElementMigrate329','1','329','MetadataElementEntity.languageMap','presentationAddress');
Insert into LANGUAGE_MAPPING (ID,LANGUAGE_ID,REFERENCE_ID,REFERENCE_TYPE,TEXT_VALUE) values ('ElementMigrate330','1','330','MetadataElementEntity.languageMap','supportedApplicationContext');
Insert into LANGUAGE_MAPPING (ID,LANGUAGE_ID,REFERENCE_ID,REFERENCE_TYPE,TEXT_VALUE) values ('ElementMigrate331','1','331','MetadataElementEntity.languageMap','member');
Insert into LANGUAGE_MAPPING (ID,LANGUAGE_ID,REFERENCE_ID,REFERENCE_TYPE,TEXT_VALUE) values ('ElementMigrate332','1','332','MetadataElementEntity.languageMap','owner');
Insert into LANGUAGE_MAPPING (ID,LANGUAGE_ID,REFERENCE_ID,REFERENCE_TYPE,TEXT_VALUE) values ('ElementMigrate333','1','333','MetadataElementEntity.languageMap','roleOccupant');
Insert into LANGUAGE_MAPPING (ID,LANGUAGE_ID,REFERENCE_ID,REFERENCE_TYPE,TEXT_VALUE) values ('ElementMigrate334','1','334','MetadataElementEntity.languageMap','seeAlso');
Insert into LANGUAGE_MAPPING (ID,LANGUAGE_ID,REFERENCE_ID,REFERENCE_TYPE,TEXT_VALUE) values ('ElementMigrate335','1','335','MetadataElementEntity.languageMap','userPassword');
Insert into LANGUAGE_MAPPING (ID,LANGUAGE_ID,REFERENCE_ID,REFERENCE_TYPE,TEXT_VALUE) values ('ElementMigrate336','1','336','MetadataElementEntity.languageMap','userCertificate');
Insert into LANGUAGE_MAPPING (ID,LANGUAGE_ID,REFERENCE_ID,REFERENCE_TYPE,TEXT_VALUE) values ('ElementMigrate337','1','337','MetadataElementEntity.languageMap','cACertificate');
Insert into LANGUAGE_MAPPING (ID,LANGUAGE_ID,REFERENCE_ID,REFERENCE_TYPE,TEXT_VALUE) values ('ElementMigrate338','1','338','MetadataElementEntity.languageMap','authorityRevocationList');
Insert into LANGUAGE_MAPPING (ID,LANGUAGE_ID,REFERENCE_ID,REFERENCE_TYPE,TEXT_VALUE) values ('ElementMigrate339','1','339','MetadataElementEntity.languageMap','certificateRevocationList');
Insert into LANGUAGE_MAPPING (ID,LANGUAGE_ID,REFERENCE_ID,REFERENCE_TYPE,TEXT_VALUE) values ('ElementMigrate340','1','340','MetadataElementEntity.languageMap','crossCertificatePair');
Insert into LANGUAGE_MAPPING (ID,LANGUAGE_ID,REFERENCE_ID,REFERENCE_TYPE,TEXT_VALUE) values ('ElementMigrate341','1','341','MetadataElementEntity.languageMap','givenName');
Insert into LANGUAGE_MAPPING (ID,LANGUAGE_ID,REFERENCE_ID,REFERENCE_TYPE,TEXT_VALUE) values ('ElementMigrate342','1','342','MetadataElementEntity.languageMap','initials');
Insert into LANGUAGE_MAPPING (ID,LANGUAGE_ID,REFERENCE_ID,REFERENCE_TYPE,TEXT_VALUE) values ('ElementMigrate343','1','343','MetadataElementEntity.languageMap','generationQualifier');
Insert into LANGUAGE_MAPPING (ID,LANGUAGE_ID,REFERENCE_ID,REFERENCE_TYPE,TEXT_VALUE) values ('ElementMigrate344','1','344','MetadataElementEntity.languageMap','x500UniqueIdentifier');
Insert into LANGUAGE_MAPPING (ID,LANGUAGE_ID,REFERENCE_ID,REFERENCE_TYPE,TEXT_VALUE) values ('ElementMigrate346','1','346','MetadataElementEntity.languageMap','uniqueMember');
Insert into LANGUAGE_MAPPING (ID,LANGUAGE_ID,REFERENCE_ID,REFERENCE_TYPE,TEXT_VALUE) values ('ElementMigrate347','1','347','MetadataElementEntity.languageMap','houseIdentifier');
Insert into LANGUAGE_MAPPING (ID,LANGUAGE_ID,REFERENCE_ID,REFERENCE_TYPE,TEXT_VALUE) values ('ElementMigrate348','1','348','MetadataElementEntity.languageMap','uid');
Insert into LANGUAGE_MAPPING (ID,LANGUAGE_ID,REFERENCE_ID,REFERENCE_TYPE,TEXT_VALUE) values ('ElementMigrate349','1','349','MetadataElementEntity.languageMap','mail');
Insert into LANGUAGE_MAPPING (ID,LANGUAGE_ID,REFERENCE_ID,REFERENCE_TYPE,TEXT_VALUE) values ('ElementMigrate350','1','350','MetadataElementEntity.languageMap','ref');
Insert into LANGUAGE_MAPPING (ID,LANGUAGE_ID,REFERENCE_ID,REFERENCE_TYPE,TEXT_VALUE) values ('ElementMigrate351','1','351','MetadataElementEntity.languageMap','referral');
Insert into LANGUAGE_MAPPING (ID,LANGUAGE_ID,REFERENCE_ID,REFERENCE_TYPE,TEXT_VALUE) values ('ElementMigrate352','1','352','MetadataElementEntity.languageMap','krbName');
Insert into LANGUAGE_MAPPING (ID,LANGUAGE_ID,REFERENCE_ID,REFERENCE_TYPE,TEXT_VALUE) values ('ElementMigrate401','1','401','MetadataElementEntity.languageMap','SUBMIT_USER_TO_CONNECTOR');
Insert into LANGUAGE_MAPPING (ID,LANGUAGE_ID,REFERENCE_ID,REFERENCE_TYPE,TEXT_VALUE) values ('ElementMigrate402','1','402','MetadataElementEntity.languageMap','INCLUDE_IN_PASSWORD_SYNC');
Insert into LANGUAGE_MAPPING (ID,LANGUAGE_ID,REFERENCE_ID,REFERENCE_TYPE,TEXT_VALUE) values ('ElementMigrate405','1','405','MetadataElementEntity.languageMap','INCLUDE_IN_SYNC');
Insert into LANGUAGE_MAPPING (ID,LANGUAGE_ID,REFERENCE_ID,REFERENCE_TYPE,TEXT_VALUE) values ('ElementMigrate406','1','406','MetadataElementEntity.languageMap','TABLE_NAME');
Insert into LANGUAGE_MAPPING (ID,LANGUAGE_ID,REFERENCE_ID,REFERENCE_TYPE,TEXT_VALUE) values ('ElementMigrate407','1','407','MetadataElementEntity.languageMap','GROUP_MEMBERSHIP_ENABLED');
Insert into LANGUAGE_MAPPING (ID,LANGUAGE_ID,REFERENCE_ID,REFERENCE_TYPE,TEXT_VALUE) values ('ElementMigrate408','1','408','MetadataElementEntity.languageMap','ON_DELETE');
Insert into LANGUAGE_MAPPING (ID,LANGUAGE_ID,REFERENCE_ID,REFERENCE_TYPE,TEXT_VALUE) values ('ElementMigrate409','1','409','MetadataElementEntity.languageMap','PRE_PROCESS');
Insert into LANGUAGE_MAPPING (ID,LANGUAGE_ID,REFERENCE_ID,REFERENCE_TYPE,TEXT_VALUE) values ('ElementMigrate410','1','410','MetadataElementEntity.languageMap','POST_PROCESS');
Insert into LANGUAGE_MAPPING (ID,LANGUAGE_ID,REFERENCE_ID,REFERENCE_TYPE,TEXT_VALUE) values ('ElementMigrate411','1','411','MetadataElementEntity.languageMap','HOST_URL');
Insert into LANGUAGE_MAPPING (ID,LANGUAGE_ID,REFERENCE_ID,REFERENCE_TYPE,TEXT_VALUE) values ('ElementMigrate412','1','412','MetadataElementEntity.languageMap','BASE_DN');
Insert into LANGUAGE_MAPPING (ID,LANGUAGE_ID,REFERENCE_ID,REFERENCE_TYPE,TEXT_VALUE) values ('ElementMigrate413','1','413','MetadataElementEntity.languageMap','HOST_LOGIN ID');
Insert into LANGUAGE_MAPPING (ID,LANGUAGE_ID,REFERENCE_ID,REFERENCE_TYPE,TEXT_VALUE) values ('ElementMigrate415','1','415','MetadataElementEntity.languageMap','COMMUNICATION_PROTOCOL');
Insert into LANGUAGE_MAPPING (ID,LANGUAGE_ID,REFERENCE_ID,REFERENCE_TYPE,TEXT_VALUE) values ('ElementMigrate416','1','416','MetadataElementEntity.languageMap','OBJECT_CLASS');
Insert into LANGUAGE_MAPPING (ID,LANGUAGE_ID,REFERENCE_ID,REFERENCE_TYPE,TEXT_VALUE) values ('ElementMigrate418','1','418','MetadataElementEntity.languageMap','SEARCH_ATTRIBUTE');
Insert into LANGUAGE_MAPPING (ID,LANGUAGE_ID,REFERENCE_ID,REFERENCE_TYPE,TEXT_VALUE) values ('ElementMigrate419','1','419','MetadataElementEntity.languageMap','MANAGED_SYS_ID');
Insert into LANGUAGE_MAPPING (ID,LANGUAGE_ID,REFERENCE_ID,REFERENCE_TYPE,TEXT_VALUE) values ('ElementMigrate420','1','420','MetadataElementEntity.languageMap','DN_ATTRIBUTE');
Insert into LANGUAGE_MAPPING (ID,LANGUAGE_ID,REFERENCE_ID,REFERENCE_TYPE,TEXT_VALUE) values ('ElementMigrate421','1','421','MetadataElementEntity.languageMap','PASSWORD');
Insert into LANGUAGE_MAPPING (ID,LANGUAGE_ID,REFERENCE_ID,REFERENCE_TYPE,TEXT_VALUE) values ('ElementMigrate430','1','430','MetadataElementEntity.languageMap','END_POINT');
Insert into LANGUAGE_MAPPING (ID,LANGUAGE_ID,REFERENCE_ID,REFERENCE_TYPE,TEXT_VALUE) values ('ElementMigrate440','1','440','MetadataElementEntity.languageMap','OPERATION_NAME');
Insert into LANGUAGE_MAPPING (ID,LANGUAGE_ID,REFERENCE_ID,REFERENCE_TYPE,TEXT_VALUE) values ('ElementMigrate450','1','450','MetadataElementEntity.languageMap','URL');
Insert into LANGUAGE_MAPPING (ID,LANGUAGE_ID,REFERENCE_ID,REFERENCE_TYPE,TEXT_VALUE) values ('DEPARTMENT','1','DEPARTMENT','OrganizationTypeEntity.displayNameMap','Department');
Insert into LANGUAGE_MAPPING (ID,LANGUAGE_ID,REFERENCE_ID,REFERENCE_TYPE,TEXT_VALUE) values ('DIVISION','1','DIVISION','OrganizationTypeEntity.displayNameMap','Division');
Insert into LANGUAGE_MAPPING (ID,LANGUAGE_ID,REFERENCE_ID,REFERENCE_TYPE,TEXT_VALUE) values ('ORGANIZATION','1','ORGANIZATION','OrganizationTypeEntity.displayNameMap','Organization');
Insert into LANGUAGE_MAPPING (ID,LANGUAGE_ID,REFERENCE_ID,REFERENCE_TYPE,TEXT_VALUE) values ('SUBSIDIARY','1','SUBSIDIARY','OrganizationTypeEntity.displayNameMap','Subsidiary');
Insert into LANGUAGE_MAPPING (ID,LANGUAGE_ID,REFERENCE_ID,REFERENCE_TYPE,TEXT_VALUE) values ('SYS_ACTION','1','SYS_ACTION','ResourceTypeEntity.displayNameMap','System Action');
Insert into LANGUAGE_MAPPING (ID,LANGUAGE_ID,REFERENCE_ID,REFERENCE_TYPE,TEXT_VALUE) values ('UI_TEMPLATE','1','UI_TEMPLATE','ResourceTypeEntity.displayNameMap','UI Template');
Insert into LANGUAGE_MAPPING (ID,LANGUAGE_ID,REFERENCE_ID,REFERENCE_TYPE,TEXT_VALUE) values ('URL_PATTERN','1','URL_PATTERN','ResourceTypeEntity.displayNameMap','Url Pattern');
Insert into LANGUAGE_MAPPING (ID,LANGUAGE_ID,REFERENCE_ID,REFERENCE_TYPE,TEXT_VALUE) values ('AUTH_PROVIDER','1','AUTH_PROVIDER','ResourceTypeEntity.displayNameMap','Authentication Provider');
Insert into LANGUAGE_MAPPING (ID,LANGUAGE_ID,REFERENCE_ID,REFERENCE_TYPE,TEXT_VALUE) values ('AUTH_REPO','1','AUTH_REPO','ResourceTypeEntity.displayNameMap','Authentication Repository');
Insert into LANGUAGE_MAPPING (ID,LANGUAGE_ID,REFERENCE_ID,REFERENCE_TYPE,TEXT_VALUE) values ('UI_WIDGET','1','UI_WIDGET','ResourceTypeEntity.displayNameMap','UI Widget');
Insert into LANGUAGE_MAPPING (ID,LANGUAGE_ID,REFERENCE_ID,REFERENCE_TYPE,TEXT_VALUE) values ('ADMIN_RESOURCE','1','ADMIN_RESOURCE','ResourceTypeEntity.displayNameMap','Admin Resource');
Insert into LANGUAGE_MAPPING (ID,LANGUAGE_ID,REFERENCE_ID,REFERENCE_TYPE,TEXT_VALUE) values ('CONTENT_PROVIDER','1','CONTENT_PROVIDER','ResourceTypeEntity.displayNameMap','Content Provider');
Insert into LANGUAGE_MAPPING (ID,LANGUAGE_ID,REFERENCE_ID,REFERENCE_TYPE,TEXT_VALUE) values ('MANAGED_SYS','1','MANAGED_SYS','ResourceTypeEntity.displayNameMap','Managed Systems');
Insert into LANGUAGE_MAPPING (ID,LANGUAGE_ID,REFERENCE_ID,REFERENCE_TYPE,TEXT_VALUE) values ('MENU_ITEM','1','MENU_ITEM','ResourceTypeEntity.displayNameMap','Menus');
Insert into LANGUAGE_MAPPING (ID,LANGUAGE_ID,REFERENCE_ID,REFERENCE_TYPE,TEXT_VALUE) values ('200','1','200','IdentityQuestionEntity.displayNameMap','What are the last four digits of your social security number?');
Insert into LANGUAGE_MAPPING (ID,LANGUAGE_ID,REFERENCE_ID,REFERENCE_TYPE,TEXT_VALUE) values ('201','1','201','IdentityQuestionEntity.displayNameMap','What is your mothers maiden name?');
Insert into LANGUAGE_MAPPING (ID,LANGUAGE_ID,REFERENCE_ID,REFERENCE_TYPE,TEXT_VALUE) values ('202','1','202','IdentityQuestionEntity.displayNameMap','Where did you go to school?');
Insert into LANGUAGE_MAPPING (ID,LANGUAGE_ID,REFERENCE_ID,REFERENCE_TYPE,TEXT_VALUE) values ('203','1','203','IdentityQuestionEntity.displayNameMap','What is your pets name?');
Insert into LANGUAGE_MAPPING (ID,LANGUAGE_ID,REFERENCE_ID,REFERENCE_TYPE,TEXT_VALUE) values ('204','1','204','IdentityQuestionEntity.displayNameMap','What is your favorite food?');
Insert into LANGUAGE_MAPPING (ID,LANGUAGE_ID,REFERENCE_ID,REFERENCE_TYPE,TEXT_VALUE) values ('205','1','205','IdentityQuestionEntity.displayNameMap','What is your favorite color?');
Insert into LANGUAGE_MAPPING (ID,LANGUAGE_ID,REFERENCE_ID,REFERENCE_TYPE,TEXT_VALUE) values ('206','1','206','IdentityQuestionEntity.displayNameMap','Which city were you born in?');
Insert into LANGUAGE_MAPPING (ID,LANGUAGE_ID,REFERENCE_ID,REFERENCE_TYPE,TEXT_VALUE) values ('207','1','207','IdentityQuestionEntity.displayNameMap','What is your favorite sport?');
Insert into LANGUAGE_MAPPING (ID,LANGUAGE_ID,REFERENCE_ID,REFERENCE_TYPE,TEXT_VALUE) values ('209','1','209','IdentityQuestionEntity.displayNameMap','What are the last four digits of your drivers license?');
Insert into LANGUAGE_MAPPING (ID,LANGUAGE_ID,REFERENCE_ID,REFERENCE_TYPE,TEXT_VALUE) values ('210','1','210','IdentityQuestionEntity.displayNameMap','What is the name of your favorite school?');
Insert into LANGUAGE_MAPPING (ID,LANGUAGE_ID,REFERENCE_ID,REFERENCE_TYPE,TEXT_VALUE) values ('211','1','211','IdentityQuestionEntity.displayNameMap','What is the name of your first pet');
Insert into LANGUAGE_MAPPING (ID,LANGUAGE_ID,REFERENCE_ID,REFERENCE_TYPE,TEXT_VALUE) values ('212','1','212','IdentityQuestionEntity.displayNameMap','What is the name of your favorite movie, play or song?');
Insert into LANGUAGE_MAPPING (ID,LANGUAGE_ID,REFERENCE_ID,REFERENCE_TYPE,TEXT_VALUE) values ('213','1','213','IdentityQuestionEntity.displayNameMap','What is the title of your favorite book?');
Insert into LANGUAGE_MAPPING (ID,LANGUAGE_ID,REFERENCE_ID,REFERENCE_TYPE,TEXT_VALUE) values ('214','1','214','IdentityQuestionEntity.displayNameMap','What is the name of your first boy or girl friend?');
Insert into LANGUAGE_MAPPING (ID,LANGUAGE_ID,REFERENCE_ID,REFERENCE_TYPE,TEXT_VALUE) values ('215','1','215','IdentityQuestionEntity.displayNameMap','What is the name of your favorite school teacher?');
Insert into LANGUAGE_MAPPING (ID,LANGUAGE_ID,REFERENCE_ID,REFERENCE_TYPE,TEXT_VALUE) values ('216','1','216','IdentityQuestionEntity.displayNameMap','What is the year and nick name of your first car (Year-Name)?');
Insert into LANGUAGE_MAPPING (ID,LANGUAGE_ID,REFERENCE_ID,REFERENCE_TYPE,TEXT_VALUE) values ('217','1','217','IdentityQuestionEntity.displayNameMap','Where did you meet your significant other?');
Insert into LANGUAGE_MAPPING (ID,LANGUAGE_ID,REFERENCE_ID,REFERENCE_TYPE,TEXT_VALUE) values ('218','1','218','IdentityQuestionEntity.displayNameMap','What is the type and name of your first pet (Type-Name)?');
Insert into LANGUAGE_MAPPING (ID,LANGUAGE_ID,REFERENCE_ID,REFERENCE_TYPE,TEXT_VALUE) values ('LANGUAGE_ADMIN1','1','LANGUAGE_ADMIN','ResourceEntity.displayNameMap','Languages');
Insert into LANGUAGE_MAPPING (ID,LANGUAGE_ID,REFERENCE_ID,REFERENCE_TYPE,TEXT_VALUE) values ('LANGUAGE_EDIT1','1','LANGUAGE_EDIT','ResourceEntity.displayNameMap','New Language');
Insert into LANGUAGE_MAPPING (ID,LANGUAGE_ID,REFERENCE_ID,REFERENCE_TYPE,TEXT_VALUE) values ('LANGUAGE_SEARCH1','1','LANGUAGE_SEARCH','ResourceEntity.displayNameMap','Languages');
Insert into LANGUAGE_MAPPING (ID,LANGUAGE_ID,REFERENCE_ID,REFERENCE_TYPE,TEXT_VALUE) values ('BULK_OPS_DESC','1','BULK_OPS','ResourceEntity.displayNameMap','User Bulk Operations');
Insert into LANGUAGE_MAPPING (ID,LANGUAGE_ID,REFERENCE_ID,REFERENCE_TYPE,TEXT_VALUE) values ('MetadataTypeEntity56','1','SECURITY MANAGER','MetadataTypeEntity.displayNameMap','SECURITY MANAGER');
Insert into LANGUAGE_MAPPING (ID,LANGUAGE_ID,REFERENCE_ID,REFERENCE_TYPE,TEXT_VALUE) values ('MetadataTypeEntity61','1','ATTR','MetadataTypeEntity.displayNameMap','Attribute');
Insert into LANGUAGE_MAPPING (ID,LANGUAGE_ID,REFERENCE_ID,REFERENCE_TYPE,TEXT_VALUE) values ('MetadataTypeEntity66','1','OFF-LINE','MetadataTypeEntity.displayNameMap','OFF-LINE');
Insert into LANGUAGE_MAPPING (ID,LANGUAGE_ID,REFERENCE_ID,REFERENCE_TYPE,TEXT_VALUE) values ('MetadataTypeEntity70','1','DELETED','MetadataTypeEntity.displayNameMap','DELETED');
Insert into LANGUAGE_MAPPING (ID,LANGUAGE_ID,REFERENCE_ID,REFERENCE_TYPE,TEXT_VALUE) values ('MetadataTypeEntity75','1','PENDING_START_DATE','MetadataTypeEntity.displayNameMap','PENDING_START_DATE');
Insert into LANGUAGE_MAPPING (ID,LANGUAGE_ID,REFERENCE_ID,REFERENCE_TYPE,TEXT_VALUE) values ('MetadataTypeEntity81','1','LOCKED_ADMIN','MetadataTypeEntity.displayNameMap','LOCKED_ADMIN');
Insert into LANGUAGE_MAPPING (ID,LANGUAGE_ID,REFERENCE_ID,REFERENCE_TYPE,TEXT_VALUE) values ('MetadataTypeEntity86','1','SYS ACCOUNT','MetadataTypeEntity.displayNameMap','SYSTEM ACCOUNT');
Insert into LANGUAGE_MAPPING (ID,LANGUAGE_ID,REFERENCE_ID,REFERENCE_TYPE,TEXT_VALUE) values ('LanguageEntity4','1','4','LanguageEntity.displayNameMap','Spanish');
Insert into LANGUAGE_MAPPING (ID,LANGUAGE_ID,REFERENCE_ID,REFERENCE_TYPE,TEXT_VALUE) values ('EDIT_ORG_TYPE_DESC','1','EDIT_ORG_TYPE','ResourceEntity.displayNameMap','Edit Organization Type');
Insert into LANGUAGE_MAPPING (ID,LANGUAGE_ID,REFERENCE_ID,REFERENCE_TYPE,TEXT_VALUE) values ('BATCH_TASK_ROOT_DESC','1','BATCH_TASK_ROOT','ResourceEntity.displayNameMap','Batch Task Root');
Insert into LANGUAGE_MAPPING (ID,LANGUAGE_ID,REFERENCE_ID,REFERENCE_TYPE,TEXT_VALUE) values ('EDIT_BATCH_TASK_DESC','1','EDIT_BATCH_TASK','ResourceEntity.displayNameMap','Edit Batch Task');
Insert into LANGUAGE_MAPPING (ID,LANGUAGE_ID,REFERENCE_ID,REFERENCE_TYPE,TEXT_VALUE) values ('MetadataTypeEntity1','1','ADGroup','MetadataTypeEntity.displayNameMap','AD User type');
Insert into LANGUAGE_MAPPING (ID,LANGUAGE_ID,REFERENCE_ID,REFERENCE_TYPE,TEXT_VALUE) values ('MetadataTypeEntity2','1','ADUser','MetadataTypeEntity.displayNameMap','AD User type');
Insert into LANGUAGE_MAPPING (ID,LANGUAGE_ID,REFERENCE_ID,REFERENCE_TYPE,TEXT_VALUE) values ('MetadataTypeEntity3','1','AD_Connector','MetadataTypeEntity.displayNameMap','Active Directory Connector');
Insert into LANGUAGE_MAPPING (ID,LANGUAGE_ID,REFERENCE_ID,REFERENCE_TYPE,TEXT_VALUE) values ('MetadataTypeEntity4','1','AD_GROUP_TYPE','MetadataTypeEntity.displayNameMap','AD GROUP TYPE');
Insert into LANGUAGE_MAPPING (ID,LANGUAGE_ID,REFERENCE_ID,REFERENCE_TYPE,TEXT_VALUE) values ('MetadataTypeEntity5','1','AUTHENTICATION_PROVIDER','MetadataTypeEntity.displayNameMap','Authentication Provider');
Insert into LANGUAGE_MAPPING (ID,LANGUAGE_ID,REFERENCE_ID,REFERENCE_TYPE,TEXT_VALUE) values ('MetadataTypeEntity6','1','AUTH_REPO','MetadataTypeEntity.displayNameMap','Authentication Repository');
Insert into LANGUAGE_MAPPING (ID,LANGUAGE_ID,REFERENCE_ID,REFERENCE_TYPE,TEXT_VALUE) values ('MetadataTypeEntity7','1','CHECKBOX','MetadataTypeEntity.displayNameMap','Single select checkbox');
Insert into LANGUAGE_MAPPING (ID,LANGUAGE_ID,REFERENCE_ID,REFERENCE_TYPE,TEXT_VALUE) values ('MetadataTypeEntity8','1','CONTENT_PROVIDER','MetadataTypeEntity.displayNameMap','Content Provider');
Insert into LANGUAGE_MAPPING (ID,LANGUAGE_ID,REFERENCE_ID,REFERENCE_TYPE,TEXT_VALUE) values ('MetadataTypeEntity9','1','Contractor','MetadataTypeEntity.displayNameMap','Contractor user type');
Insert into LANGUAGE_MAPPING (ID,LANGUAGE_ID,REFERENCE_ID,REFERENCE_TYPE,TEXT_VALUE) values ('MetadataTypeEntity10','1','DATE','MetadataTypeEntity.displayNameMap','Date field');
Insert into LANGUAGE_MAPPING (ID,LANGUAGE_ID,REFERENCE_ID,REFERENCE_TYPE,TEXT_VALUE) values ('MetadataTypeEntity11','1','DEFAULT_GROUP','MetadataTypeEntity.displayNameMap','DEFAULT GROUP TYPE');
Insert into LANGUAGE_MAPPING (ID,LANGUAGE_ID,REFERENCE_ID,REFERENCE_TYPE,TEXT_VALUE) values ('MetadataTypeEntity12','1','departmentType','MetadataTypeEntity.displayNameMap','Department');
Insert into LANGUAGE_MAPPING (ID,LANGUAGE_ID,REFERENCE_ID,REFERENCE_TYPE,TEXT_VALUE) values ('MetadataTypeEntity13','1','DIRECTORY','MetadataTypeEntity.displayNameMap','Directory');
Insert into LANGUAGE_MAPPING (ID,LANGUAGE_ID,REFERENCE_ID,REFERENCE_TYPE,TEXT_VALUE) values ('MetadataTypeEntity14','1','divisionType','MetadataTypeEntity.displayNameMap','Division');
Insert into LANGUAGE_MAPPING (ID,LANGUAGE_ID,REFERENCE_ID,REFERENCE_TYPE,TEXT_VALUE) values ('MetadataTypeEntity15','1','FILE','MetadataTypeEntity.displayNameMap','File');
Insert into LANGUAGE_MAPPING (ID,LANGUAGE_ID,REFERENCE_ID,REFERENCE_TYPE,TEXT_VALUE) values ('MetadataTypeEntity16','1','GOOGLE_Connector','MetadataTypeEntity.displayNameMap','GOOGLE APPS Connector');
Insert into LANGUAGE_MAPPING (ID,LANGUAGE_ID,REFERENCE_ID,REFERENCE_TYPE,TEXT_VALUE) values ('MetadataTypeEntity17','1','InetOrgPerson','MetadataTypeEntity.displayNameMap','InetOrgPerson user type');
Insert into LANGUAGE_MAPPING (ID,LANGUAGE_ID,REFERENCE_ID,REFERENCE_TYPE,TEXT_VALUE) values ('MetadataTypeEntity18','1','LdapOrgPerson','MetadataTypeEntity.displayNameMap','LdapOrgPerson User type');
Insert into LANGUAGE_MAPPING (ID,LANGUAGE_ID,REFERENCE_ID,REFERENCE_TYPE,TEXT_VALUE) values ('MetadataTypeEntity19','1','LDAP_Connector','MetadataTypeEntity.displayNameMap','LDAP Connector');
Insert into LANGUAGE_MAPPING (ID,LANGUAGE_ID,REFERENCE_ID,REFERENCE_TYPE,TEXT_VALUE) values ('MetadataTypeEntity20','1','LDAP_GROUP_TYPE','MetadataTypeEntity.displayNameMap','LDAP GROUP TYPE');
Insert into LANGUAGE_MAPPING (ID,LANGUAGE_ID,REFERENCE_ID,REFERENCE_TYPE,TEXT_VALUE) values ('MetadataTypeEntity21','1','LINUX_Connector','MetadataTypeEntity.displayNameMap','Linux Connector');
Insert into LANGUAGE_MAPPING (ID,LANGUAGE_ID,REFERENCE_ID,REFERENCE_TYPE,TEXT_VALUE) values ('MetadataTypeEntity22','1','MANAGED_SYS','MetadataTypeEntity.displayNameMap','Managed System');
Insert into LANGUAGE_MAPPING (ID,LANGUAGE_ID,REFERENCE_ID,REFERENCE_TYPE,TEXT_VALUE) values ('MetadataTypeEntity23','1','MENU_ITEM','MetadataTypeEntity.displayNameMap','Menu Item Type');
Insert into LANGUAGE_MAPPING (ID,LANGUAGE_ID,REFERENCE_ID,REFERENCE_TYPE,TEXT_VALUE) values ('MetadataTypeEntity25','1','NO-PROVISION-APP','MetadataTypeEntity.displayNameMap','Un-Provisionable Apps');
Insert into LANGUAGE_MAPPING (ID,LANGUAGE_ID,REFERENCE_ID,REFERENCE_TYPE,TEXT_VALUE) values ('MetadataTypeEntity26','1','OrgOpenIAM','MetadataTypeEntity.displayNameMap','OpenIAM');
Insert into LANGUAGE_MAPPING (ID,LANGUAGE_ID,REFERENCE_ID,REFERENCE_TYPE,TEXT_VALUE) values ('MetadataTypeEntity27','1','PASSWORD','MetadataTypeEntity.displayNameMap','Password field');
Insert into LANGUAGE_MAPPING (ID,LANGUAGE_ID,REFERENCE_ID,REFERENCE_TYPE,TEXT_VALUE) values ('MetadataTypeEntity28','1','RADIO','MetadataTypeEntity.displayNameMap','Radio button');
Insert into LANGUAGE_MAPPING (ID,LANGUAGE_ID,REFERENCE_ID,REFERENCE_TYPE,TEXT_VALUE) values ('MetadataTypeEntity29','1','RDBMS_Connector','MetadataTypeEntity.displayNameMap','RDBMS Connector');
Insert into LANGUAGE_MAPPING (ID,LANGUAGE_ID,REFERENCE_ID,REFERENCE_TYPE,TEXT_VALUE) values ('MetadataTypeEntity30','1','SCRIPT_Connector','MetadataTypeEntity.displayNameMap','Script Connector');
Insert into LANGUAGE_MAPPING (ID,LANGUAGE_ID,REFERENCE_ID,REFERENCE_TYPE,TEXT_VALUE) values ('MetadataTypeEntity32','1','SOAP_Connector','MetadataTypeEntity.displayNameMap','SOAP Connector');
Insert into LANGUAGE_MAPPING (ID,LANGUAGE_ID,REFERENCE_ID,REFERENCE_TYPE,TEXT_VALUE) values ('MetadataTypeEntity33','1','SystemAccount','MetadataTypeEntity.displayNameMap','System Account type');
Insert into LANGUAGE_MAPPING (ID,LANGUAGE_ID,REFERENCE_ID,REFERENCE_TYPE,TEXT_VALUE) values ('MetadataTypeEntity34','1','SYS_ACTION','MetadataTypeEntity.displayNameMap','System Actions');
Insert into LANGUAGE_MAPPING (ID,LANGUAGE_ID,REFERENCE_ID,REFERENCE_TYPE,TEXT_VALUE) values ('MetadataTypeEntity36','1','TEXTAREA','MetadataTypeEntity.displayNameMap','Multiline text field');
Insert into LANGUAGE_MAPPING (ID,LANGUAGE_ID,REFERENCE_ID,REFERENCE_TYPE,TEXT_VALUE) values ('MetadataTypeEntity37','1','UI_TEMPLATE','MetadataTypeEntity.displayNameMap','UI_TEMPLATE');
Insert into LANGUAGE_MAPPING (ID,LANGUAGE_ID,REFERENCE_ID,REFERENCE_TYPE,TEXT_VALUE) values ('MetadataTypeEntity38','1','UI_WIDGET','MetadataTypeEntity.displayNameMap','UI_WIDGET');
Insert into LANGUAGE_MAPPING (ID,LANGUAGE_ID,REFERENCE_ID,REFERENCE_TYPE,TEXT_VALUE) values ('MetadataTypeEntity39','1','URL','MetadataTypeEntity.displayNameMap','URL');
Insert into LANGUAGE_MAPPING (ID,LANGUAGE_ID,REFERENCE_ID,REFERENCE_TYPE,TEXT_VALUE) values ('MetadataTypeEntity40','1','URL_PATTERN','MetadataTypeEntity.displayNameMap','Url Pattern');
Insert into LANGUAGE_MAPPING (ID,LANGUAGE_ID,REFERENCE_ID,REFERENCE_TYPE,TEXT_VALUE) values ('MetadataTypeEntity41','1','WEBSERVICE','MetadataTypeEntity.displayNameMap','Web Service');
Insert into LANGUAGE_MAPPING (ID,LANGUAGE_ID,REFERENCE_ID,REFERENCE_TYPE,TEXT_VALUE) values ('MetadataTypeEntity42','1','WEBSERVICE_OP','MetadataTypeEntity.displayNameMap','Web Service Operation');
Insert into LANGUAGE_MAPPING (ID,LANGUAGE_ID,REFERENCE_ID,REFERENCE_TYPE,TEXT_VALUE) values ('MetadataTypeEntity43','1','WORK_EMAIL','MetadataTypeEntity.displayNameMap','Work Email');
Insert into LANGUAGE_MAPPING (ID,LANGUAGE_ID,REFERENCE_ID,REFERENCE_TYPE,TEXT_VALUE) values ('MetadataTypeEntity44','1','PRIMARY_EMAIL','MetadataTypeEntity.displayNameMap','Primary Email');
Insert into LANGUAGE_MAPPING (ID,LANGUAGE_ID,REFERENCE_ID,REFERENCE_TYPE,TEXT_VALUE) values ('MetadataTypeEntity45','1','HOME_EMAIL','MetadataTypeEntity.displayNameMap','Home Email');
Insert into LANGUAGE_MAPPING (ID,LANGUAGE_ID,REFERENCE_ID,REFERENCE_TYPE,TEXT_VALUE) values ('MetadataTypeEntity46','1','OFFICE_PHONE','MetadataTypeEntity.displayNameMap','Office phone');
Insert into LANGUAGE_MAPPING (ID,LANGUAGE_ID,REFERENCE_ID,REFERENCE_TYPE,TEXT_VALUE) values ('MetadataTypeEntity47','1','CELL_PHONE','MetadataTypeEntity.displayNameMap','Cell phone');
Insert into LANGUAGE_MAPPING (ID,LANGUAGE_ID,REFERENCE_ID,REFERENCE_TYPE,TEXT_VALUE) values ('MetadataTypeEntity48','1','HOME_PHONE','MetadataTypeEntity.displayNameMap','Home phone');
Insert into LANGUAGE_MAPPING (ID,LANGUAGE_ID,REFERENCE_ID,REFERENCE_TYPE,TEXT_VALUE) values ('MetadataTypeEntity49','1','OFFICE_ADDRESS','MetadataTypeEntity.displayNameMap','Office Address');
Insert into LANGUAGE_MAPPING (ID,LANGUAGE_ID,REFERENCE_ID,REFERENCE_TYPE,TEXT_VALUE) values ('MetadataTypeEntity50','1','HOME_ADDRESS','MetadataTypeEntity.displayNameMap','Home Address');
Insert into LANGUAGE_MAPPING (ID,LANGUAGE_ID,REFERENCE_ID,REFERENCE_TYPE,TEXT_VALUE) values ('MetadataTypeEntity51','1','ADMIN_RESOURCE','MetadataTypeEntity.displayNameMap','Admin Resource');
Insert into LANGUAGE_MAPPING (ID,LANGUAGE_ID,REFERENCE_ID,REFERENCE_TYPE,TEXT_VALUE) values ('MetadataTypeEntity52','1','KERBEROS_SERVICE_NAME','MetadataTypeEntity.displayNameMap','Kerberos Service Name');
Insert into LANGUAGE_MAPPING (ID,LANGUAGE_ID,REFERENCE_ID,REFERENCE_TYPE,TEXT_VALUE) values ('MetadataTypeEntity53','1','KERBEROS_KEYTAB_FILE','MetadataTypeEntity.displayNameMap','Kerberos Keytab File');
Insert into LANGUAGE_MAPPING (ID,LANGUAGE_ID,REFERENCE_ID,REFERENCE_TYPE,TEXT_VALUE) values ('MetadataTypeEntity54','1','MANAGER','MetadataTypeEntity.displayNameMap','MANAGER');
Insert into LANGUAGE_MAPPING (ID,LANGUAGE_ID,REFERENCE_ID,REFERENCE_TYPE,TEXT_VALUE) values ('MetadataTypeEntity55','1','SALES REP','MetadataTypeEntity.displayNameMap','SALES REP');
Insert into LANGUAGE_MAPPING (ID,LANGUAGE_ID,REFERENCE_ID,REFERENCE_TYPE,TEXT_VALUE) values ('MetadataTypeEntity57','1','SERVICE REP','MetadataTypeEntity.displayNameMap','SERVICE REP');
Insert into LANGUAGE_MAPPING (ID,LANGUAGE_ID,REFERENCE_ID,REFERENCE_TYPE,TEXT_VALUE) values ('MetadataTypeEntity58','1','ACCNT','MetadataTypeEntity.displayNameMap','Account');
Insert into LANGUAGE_MAPPING (ID,LANGUAGE_ID,REFERENCE_ID,REFERENCE_TYPE,TEXT_VALUE) values ('MetadataTypeEntity59','1','ADMGP','MetadataTypeEntity.displayNameMap','Admin Group');
Insert into LANGUAGE_MAPPING (ID,LANGUAGE_ID,REFERENCE_ID,REFERENCE_TYPE,TEXT_VALUE) values ('MetadataTypeEntity60','1','ADMIN','MetadataTypeEntity.displayNameMap','Administrator');
Insert into LANGUAGE_MAPPING (ID,LANGUAGE_ID,REFERENCE_ID,REFERENCE_TYPE,TEXT_VALUE) values ('MetadataTypeEntity62','1','BL','MetadataTypeEntity.displayNameMap','DISABLE');
Insert into LANGUAGE_MAPPING (ID,LANGUAGE_ID,REFERENCE_ID,REFERENCE_TYPE,TEXT_VALUE) values ('MetadataTypeEntity63','1','DL','MetadataTypeEntity.displayNameMap','DELETE');
Insert into LANGUAGE_MAPPING (ID,LANGUAGE_ID,REFERENCE_ID,REFERENCE_TYPE,TEXT_VALUE) values ('MetadataTypeEntity64','1','RJ','MetadataTypeEntity.displayNameMap','REJECT');
Insert into LANGUAGE_MAPPING (ID,LANGUAGE_ID,REFERENCE_ID,REFERENCE_TYPE,TEXT_VALUE) values ('MetadataTypeEntity65','1','UB','MetadataTypeEntity.displayNameMap','UN-DISABLE');
Insert into LANGUAGE_MAPPING (ID,LANGUAGE_ID,REFERENCE_ID,REFERENCE_TYPE,TEXT_VALUE) values ('MetadataTypeEntity67','1','READY','MetadataTypeEntity.displayNameMap','READY');
Insert into LANGUAGE_MAPPING (ID,LANGUAGE_ID,REFERENCE_ID,REFERENCE_TYPE,TEXT_VALUE) values ('MetadataTypeEntity68','1','ACTIVE','MetadataTypeEntity.displayNameMap','ACTIVE');
Insert into LANGUAGE_MAPPING (ID,LANGUAGE_ID,REFERENCE_ID,REFERENCE_TYPE,TEXT_VALUE) values ('MetadataTypeEntity69','1','APPROVAL_DECLINED','MetadataTypeEntity.displayNameMap','APPROVAL_DECLINED');
Insert into LANGUAGE_MAPPING (ID,LANGUAGE_ID,REFERENCE_ID,REFERENCE_TYPE,TEXT_VALUE) values ('MetadataTypeEntity71','1','INACTIVE','MetadataTypeEntity.displayNameMap','INACTIVE');
Insert into LANGUAGE_MAPPING (ID,LANGUAGE_ID,REFERENCE_ID,REFERENCE_TYPE,TEXT_VALUE) values ('MetadataTypeEntity72','1','TERMINATED','MetadataTypeEntity.displayNameMap','TERMINATED');
Insert into LANGUAGE_MAPPING (ID,LANGUAGE_ID,REFERENCE_ID,REFERENCE_TYPE,TEXT_VALUE) values ('MetadataTypeEntity73','1','PENDING_APPROVAL','MetadataTypeEntity.displayNameMap','PENDING_APPROVAL');
Insert into LANGUAGE_MAPPING (ID,LANGUAGE_ID,REFERENCE_ID,REFERENCE_TYPE,TEXT_VALUE) values ('MetadataTypeEntity74','1','PENDING_INITIAL_LOGIN','MetadataTypeEntity.displayNameMap','PENDING_INITIAL_LOGIN');
Insert into LANGUAGE_MAPPING (ID,LANGUAGE_ID,REFERENCE_ID,REFERENCE_TYPE,TEXT_VALUE) values ('MetadataTypeEntity76','1','PENDING_USER_VALIDATION','MetadataTypeEntity.displayNameMap','PENDING_USER_VALIDATION');
Insert into LANGUAGE_MAPPING (ID,LANGUAGE_ID,REFERENCE_ID,REFERENCE_TYPE,TEXT_VALUE) values ('MetadataTypeEntity77','1','RETIRED','MetadataTypeEntity.displayNameMap','RETIRED');
Insert into LANGUAGE_MAPPING (ID,LANGUAGE_ID,REFERENCE_ID,REFERENCE_TYPE,TEXT_VALUE) values ('MetadataTypeEntity78','1','TERMINATE','MetadataTypeEntity.displayNameMap','TERMINATE');
Insert into LANGUAGE_MAPPING (ID,LANGUAGE_ID,REFERENCE_ID,REFERENCE_TYPE,TEXT_VALUE) values ('MetadataTypeEntity79','1','DISABLED','MetadataTypeEntity.displayNameMap','DISABLED');
Insert into LANGUAGE_MAPPING (ID,LANGUAGE_ID,REFERENCE_ID,REFERENCE_TYPE,TEXT_VALUE) values ('MetadataTypeEntity80','1','LOCKED','MetadataTypeEntity.displayNameMap','LOCKED');
Insert into LANGUAGE_MAPPING (ID,LANGUAGE_ID,REFERENCE_ID,REFERENCE_TYPE,TEXT_VALUE) values ('MetadataTypeEntity82','1','AFFILIATE','MetadataTypeEntity.displayNameMap','AFFILIATE');
Insert into LANGUAGE_MAPPING (ID,LANGUAGE_ID,REFERENCE_ID,REFERENCE_TYPE,TEXT_VALUE) values ('MetadataTypeEntity83','1','CONTRACTOR TYPE','MetadataTypeEntity.displayNameMap','CONTRACTOR');
Insert into LANGUAGE_MAPPING (ID,LANGUAGE_ID,REFERENCE_ID,REFERENCE_TYPE,TEXT_VALUE) values ('ESMetadataTypeEntity67','4','SALES REP','MetadataTypeEntity.displayNameMap','Representante de Ventas');
Insert into LANGUAGE_MAPPING (ID,LANGUAGE_ID,REFERENCE_ID,REFERENCE_TYPE,TEXT_VALUE) values ('ESMetadataTypeEntity68','4','SCRIPT_Connector','MetadataTypeEntity.displayNameMap','Conector de Script');
Insert into LANGUAGE_MAPPING (ID,LANGUAGE_ID,REFERENCE_ID,REFERENCE_TYPE,TEXT_VALUE) values ('ESSEARCH_BATCH_EDIT_DESC','4','SEARCH_BATCH_EDIT','ResourceEntity.displayNameMap','Buscar Tareas Prog.');
Insert into LANGUAGE_MAPPING (ID,LANGUAGE_ID,REFERENCE_ID,REFERENCE_TYPE,TEXT_VALUE) values ('ESSEARCH_BATCH_NEW_DESC','4','SEARCH_BATCH_NEW','ResourceEntity.displayNameMap','Buscar Tareas Prog.');
Insert into LANGUAGE_MAPPING (ID,LANGUAGE_ID,REFERENCE_ID,REFERENCE_TYPE,TEXT_VALUE) values ('ESMetadataTypeEntity69','4','SECURITY MANAGER','MetadataTypeEntity.displayNameMap','GESTOR DE SEGURIDAD');
Insert into LANGUAGE_MAPPING (ID,LANGUAGE_ID,REFERENCE_ID,REFERENCE_TYPE,TEXT_VALUE) values ('ESSECURITY_GROUP_MENU_DISPLAY','4','SECURITY_GROUP','ResourceEntity.displayNameMap','Grupo');
Insert into LANGUAGE_MAPPING (ID,LANGUAGE_ID,REFERENCE_ID,REFERENCE_TYPE,TEXT_VALUE) values ('ESSECURITY_POLICY_MENU_DISPLAY','4','SECURITY_POLICY','ResourceEntity.displayNameMap','Política');
Insert into LANGUAGE_MAPPING (ID,LANGUAGE_ID,REFERENCE_ID,REFERENCE_TYPE,TEXT_VALUE) values ('ESSECURITY_RES_MENU_DISPLAY','4','SECURITY_RES','ResourceEntity.displayNameMap','Recurso');
Insert into LANGUAGE_MAPPING (ID,LANGUAGE_ID,REFERENCE_ID,REFERENCE_TYPE,TEXT_VALUE) values ('ESSECURITY_ROLE_MENU_DISPLAY','4','SECURITY_ROLE','ResourceEntity.displayNameMap','Rol');
Insert into LANGUAGE_MAPPING (ID,LANGUAGE_ID,REFERENCE_ID,REFERENCE_TYPE,TEXT_VALUE) values ('ESSELFCENTER_MENU_DISPLAY','4','SELFCENTER','ResourceEntity.displayNameMap','Centro de AutoServicio');
Insert into LANGUAGE_MAPPING (ID,LANGUAGE_ID,REFERENCE_ID,REFERENCE_TYPE,TEXT_VALUE) values ('ESSELFSERVE_SUP_SUB_DESC','4','SELFSERVE_SUP_SUB','ResourceEntity.displayNameMap','Superiores y Subordinados');
Insert into LANGUAGE_MAPPING (ID,LANGUAGE_ID,REFERENCE_ID,REFERENCE_TYPE,TEXT_VALUE) values ('ESSELFSERVICE_MENU_DISPLAY','4','SELFSERVICE','ResourceEntity.displayNameMap','AUTO SERVICIO');
Insert into LANGUAGE_MAPPING (ID,LANGUAGE_ID,REFERENCE_ID,REFERENCE_TYPE,TEXT_VALUE) values ('ESSELFSERVICE_EXT_DN','4','SELFSERVICE_EXT','ResourceEntity.displayNameMap','Extension Root De AutoServicio');
Insert into LANGUAGE_MAPPING (ID,LANGUAGE_ID,REFERENCE_ID,REFERENCE_TYPE,TEXT_VALUE) values ('ESSELFSERVICE_GROUPS_DN','4','SELFSERVICE_GROUPS','ResourceEntity.displayNameMap','Grupos');
Insert into LANGUAGE_MAPPING (ID,LANGUAGE_ID,REFERENCE_ID,REFERENCE_TYPE,TEXT_VALUE) values ('ESSELFSERVICE_MYAPPS_DESC','4','SELFSERVICE_MYAPPS','ResourceEntity.displayNameMap','Mis Aplicaciones');
Insert into LANGUAGE_MAPPING (ID,LANGUAGE_ID,REFERENCE_ID,REFERENCE_TYPE,TEXT_VALUE) values ('ESSELFSERVICE_MYINFO_DESC','4','SELFSERVICE_MYINFO','ResourceEntity.displayNameMap','Mi Información');
Insert into LANGUAGE_MAPPING (ID,LANGUAGE_ID,REFERENCE_ID,REFERENCE_TYPE,TEXT_VALUE) values ('ESSELFSERVICE_REPORT_DESC','4','SELFSERVICE_REPORT','ResourceEntity.displayNameMap','Informe');
Insert into LANGUAGE_MAPPING (ID,LANGUAGE_ID,REFERENCE_ID,REFERENCE_TYPE,TEXT_VALUE) values ('ESSELFSERVICE_RESOURCES_DN','4','SELFSERVICE_RESOURCES','ResourceEntity.displayNameMap','Recruso');
Insert into LANGUAGE_MAPPING (ID,LANGUAGE_ID,REFERENCE_ID,REFERENCE_TYPE,TEXT_VALUE) values ('ESSELFSERVICE_ROLES_DN','4','SELFSERVICE_ROLES','ResourceEntity.displayNameMap','Roles');
Insert into LANGUAGE_MAPPING (ID,LANGUAGE_ID,REFERENCE_ID,REFERENCE_TYPE,TEXT_VALUE) values ('ESSS_ACCESS_REVIEW_DESC','4','SELFSERV_ACCESS_REVIEW','ResourceEntity.displayNameMap','Revisión de Acceso');
Insert into LANGUAGE_MAPPING (ID,LANGUAGE_ID,REFERENCE_ID,REFERENCE_TYPE,TEXT_VALUE) values ('ESSELFSERV_GRP_BACK_SRCH_DN','4','SELFSERV_GRP_BACK_SRCH','ResourceEntity.displayNameMap','Volver a la Busqueda');
Insert into LANGUAGE_MAPPING (ID,LANGUAGE_ID,REFERENCE_ID,REFERENCE_TYPE,TEXT_VALUE) values ('ESSELFSERV_GRP_EDIT_DN','4','SELFSERV_GRP_EDIT','ResourceEntity.displayNameMap','Edit Grupo');
Insert into LANGUAGE_MAPPING (ID,LANGUAGE_ID,REFERENCE_ID,REFERENCE_TYPE,TEXT_VALUE) values ('ESSELFSERV_GRP_NEW_DN','4','SELFSERV_GRP_NEW','ResourceEntity.displayNameMap','Create Nuevo Grupo');
Insert into LANGUAGE_MAPPING (ID,LANGUAGE_ID,REFERENCE_ID,REFERENCE_TYPE,TEXT_VALUE) values ('ESSELFSERV_ROLE_NEW_DN','4','SELFSERV_ROLE_NEW','ResourceEntity.displayNameMap','Crear Nuevo Rol');
Insert into LANGUAGE_MAPPING (ID,LANGUAGE_ID,REFERENCE_ID,REFERENCE_TYPE,TEXT_VALUE) values ('ESSELFSERV_USER_EDIT_DESC','4','SELFSERV_USER_EDIT','ResourceEntity.displayNameMap','Edit User');
Insert into LANGUAGE_MAPPING (ID,LANGUAGE_ID,REFERENCE_ID,REFERENCE_TYPE,TEXT_VALUE) values ('ESSS_USR_EDIT_RT_DESC','4','SELFSERV_USER_EDIT_ROOT','ResourceEntity.displayNameMap','Editar Usuario Root de AutoServicio');
Insert into LANGUAGE_MAPPING (ID,LANGUAGE_ID,REFERENCE_ID,REFERENCE_TYPE,TEXT_VALUE) values ('ESSELFSERV_USER_MEMSHP_DES','4','SELFSERV_USER_MEMSHP','ResourceEntity.displayNameMap','Derechos de Usuario');
Insert into LANGUAGE_MAPPING (ID,LANGUAGE_ID,REFERENCE_ID,REFERENCE_TYPE,TEXT_VALUE) values ('ESSELFSER_USER_LOGIN_DESC','4','SELFSER_USER_LOGIN','ResourceEntity.displayNameMap','Identidades');
Insert into LANGUAGE_MAPPING (ID,LANGUAGE_ID,REFERENCE_ID,REFERENCE_TYPE,TEXT_VALUE) values ('ESSELFSER_USER_NEW_LOGIN_DESC','4','SELFSER_USER_NEW_LOGIN','ResourceEntity.displayNameMap','Crear Nueva Identidad');
Insert into LANGUAGE_MAPPING (ID,LANGUAGE_ID,REFERENCE_ID,REFERENCE_TYPE,TEXT_VALUE) values ('ESSELFSRVS_ACCESS_MNG_ORG_DESC','4','SELFSRVS_ACCESS_MNGMNT_ORG','ResourceEntity.displayNameMap','Organizaciones');
Insert into LANGUAGE_MAPPING (ID,LANGUAGE_ID,REFERENCE_ID,REFERENCE_TYPE,TEXT_VALUE) values ('ESSELFSRV_EXAMPLE_DN','4','SELFSRV_EXAMPLE','ResourceEntity.displayNameMap','Ejemplo');
Insert into LANGUAGE_MAPPING (ID,LANGUAGE_ID,REFERENCE_ID,REFERENCE_TYPE,TEXT_VALUE) values ('ESSELFSRV_GRP_EDIT_ROOT_DESC','4','SELFSRV_GRP_EDIT_ROOT','ResourceEntity.displayNameMap','Edición Grupo AutoServicio Root');
Insert into LANGUAGE_MAPPING (ID,LANGUAGE_ID,REFERENCE_ID,REFERENCE_TYPE,TEXT_VALUE) values ('ESSELFSRV_GRP_SRCH_ROOT_DESC','4','SELFSRV_GRP_SRCH_ROOT','ResourceEntity.displayNameMap','Grupo AutoServicio Root');
Insert into LANGUAGE_MAPPING (ID,LANGUAGE_ID,REFERENCE_ID,REFERENCE_TYPE,TEXT_VALUE) values ('ESSELFSRV_RES_BACK_SRCH_DN','4','SELFSRV_RES_BACK_SRCH','ResourceEntity.displayNameMap','Volver a la Busqueda');
Insert into LANGUAGE_MAPPING (ID,LANGUAGE_ID,REFERENCE_ID,REFERENCE_TYPE,TEXT_VALUE) values ('ESSELFSRV_RES_EDIT_DN','4','SELFSRV_RES_EDIT','ResourceEntity.displayNameMap','Edit Recurso');
Insert into LANGUAGE_MAPPING (ID,LANGUAGE_ID,REFERENCE_ID,REFERENCE_TYPE,TEXT_VALUE) values ('ESSELFSRV_RES_EDIT_ROOT_DESC','4','SELFSRV_RES_EDIT_ROOT','ResourceEntity.displayNameMap','Edición de AutoServicio de Recursos Root');
Insert into LANGUAGE_MAPPING (ID,LANGUAGE_ID,REFERENCE_ID,REFERENCE_TYPE,TEXT_VALUE) values ('ESSELFSRV_RES_NEW_DN','4','SELFSRV_RES_NEW','ResourceEntity.displayNameMap','Crear Recurso Nuevo');
Insert into LANGUAGE_MAPPING (ID,LANGUAGE_ID,REFERENCE_ID,REFERENCE_TYPE,TEXT_VALUE) values ('ESSELFSRV_RES_SRCH_ROOT_DN','4','SELFSRV_RES_SRCH_ROOT','ResourceEntity.displayNameMap','Recurso de AutoServicio Root');
Insert into LANGUAGE_MAPPING (ID,LANGUAGE_ID,REFERENCE_ID,REFERENCE_TYPE,TEXT_VALUE) values ('ESSELFSRV_ROLE_BACK_SRCH_DN','4','SELFSRV_ROLE_BACK_SRCH','ResourceEntity.displayNameMap','Volver a la Busqueda');
Insert into LANGUAGE_MAPPING (ID,LANGUAGE_ID,REFERENCE_ID,REFERENCE_TYPE,TEXT_VALUE) values ('ESSELFSRV_ROLE_EDIT_DN','4','SELFSRV_ROLE_EDIT','ResourceEntity.displayNameMap','Editar Rol');
Insert into LANGUAGE_MAPPING (ID,LANGUAGE_ID,REFERENCE_ID,REFERENCE_TYPE,TEXT_VALUE) values ('ESSELFSRV_ROLE_EDIT_ROOT_DESC','4','SELFSRV_ROLE_EDIT_ROOT','ResourceEntity.displayNameMap','Editar Rol de AutoServicio Root');
Insert into LANGUAGE_MAPPING (ID,LANGUAGE_ID,REFERENCE_ID,REFERENCE_TYPE,TEXT_VALUE) values ('ESSELFSRV_ROLE_SRCH_ROOT_DN','4','SELFSRV_ROLE_SRCH_ROOT','ResourceEntity.displayNameMap','Rol AutoServicio Root');
Insert into LANGUAGE_MAPPING (ID,LANGUAGE_ID,REFERENCE_ID,REFERENCE_TYPE,TEXT_VALUE) values ('ESSELF_QUERYUSER_MENU_DISPLAY','4','SELF_QUERYUSER','ResourceEntity.displayNameMap','Administrar Usuaruio');
Insert into LANGUAGE_MAPPING (ID,LANGUAGE_ID,REFERENCE_ID,REFERENCE_TYPE,TEXT_VALUE) values ('ESSELF_SUB_ORGS_EDIT_DESC','4','SELF_SUB_ORGS_EDIT','ResourceEntity.displayNameMap','Editar Organización');
Insert into LANGUAGE_MAPPING (ID,LANGUAGE_ID,REFERENCE_ID,REFERENCE_TYPE,TEXT_VALUE) values ('ESSELF_SUB_ORGS_NEW_DESC','4','SELF_SUB_ORGS_NEW','ResourceEntity.displayNameMap','Nueva Organización');
Insert into LANGUAGE_MAPPING (ID,LANGUAGE_ID,REFERENCE_ID,REFERENCE_TYPE,TEXT_VALUE) values ('ESSELF_SUB_ORGS_SEARCH_DESC','4','SELF_SUB_ORGS_SEARCH','ResourceEntity.displayNameMap','Buscar Organización');
Insert into LANGUAGE_MAPPING (ID,LANGUAGE_ID,REFERENCE_ID,REFERENCE_TYPE,TEXT_VALUE) values ('ESSELF_SUB_REPORT_NEW_DSC','4','SELF_SUB_REPORT_NEW','ResourceEntity.displayNameMap','Subscribirse al Informe');
Insert into LANGUAGE_MAPPING (ID,LANGUAGE_ID,REFERENCE_ID,REFERENCE_TYPE,TEXT_VALUE) values ('ESSELF_SUB_REPORT_ROOT_DESC','4','SELF_SUB_REPORT_ROOT','ResourceEntity.displayNameMap','Menú Root Subscribirse al Informe');
Insert into LANGUAGE_MAPPING (ID,LANGUAGE_ID,REFERENCE_ID,REFERENCE_TYPE,TEXT_VALUE) values ('ESSELF_VIEW_REPORT_NEW_DSC','4','SELF_VIEW_REPORT_NEW','ResourceEntity.displayNameMap','Crear Nueva Vista de Informe');
Insert into LANGUAGE_MAPPING (ID,LANGUAGE_ID,REFERENCE_ID,REFERENCE_TYPE,TEXT_VALUE) values ('ESSELF_VIEW_REPORT_ROOT_DESC','4','SELF_VIEW_REPORT_ROOT','ResourceEntity.displayNameMap','Menú Root Ver Informe');
Insert into LANGUAGE_MAPPING (ID,LANGUAGE_ID,REFERENCE_ID,REFERENCE_TYPE,TEXT_VALUE) values ('ESMetadataTypeEntity71','4','SERVICE REP','MetadataTypeEntity.displayNameMap','REPRESENTANTE DE SERVICIO');
Insert into LANGUAGE_MAPPING (ID,LANGUAGE_ID,REFERENCE_ID,REFERENCE_TYPE,TEXT_VALUE) values ('ESMetadataTypeEntity72','4','SOAP_Connector','MetadataTypeEntity.displayNameMap','Conector SOAP');
Insert into LANGUAGE_MAPPING (ID,LANGUAGE_ID,REFERENCE_ID,REFERENCE_TYPE,TEXT_VALUE) values ('ESSS_GRP_ENT_DN','4','SS_GRP_ENT','ResourceEntity.displayNameMap','Derechos');
Insert into LANGUAGE_MAPPING (ID,LANGUAGE_ID,REFERENCE_ID,REFERENCE_TYPE,TEXT_VALUE) values ('ESSS_ORG_BACK_SEARCH_DN','4','SS_ORG_BACK_SEARCH','ResourceEntity.displayNameMap','Volver a la Busqueda');
Insert into LANGUAGE_MAPPING (ID,LANGUAGE_ID,REFERENCE_ID,REFERENCE_TYPE,TEXT_VALUE) values ('ESSS_RES_ENT_DN','4','SS_RES_ENT','ResourceEntity.displayNameMap','Derechos');
Insert into LANGUAGE_MAPPING (ID,LANGUAGE_ID,REFERENCE_ID,REFERENCE_TYPE,TEXT_VALUE) values ('ESSS_ROLE_ENT_DN','4','SS_ROLE_ENT','ResourceEntity.displayNameMap','Derechos');
Insert into LANGUAGE_MAPPING (ID,LANGUAGE_ID,REFERENCE_ID,REFERENCE_TYPE,TEXT_VALUE) values ('ESSUBSCRIBE_MENU_DESC','4','SUBSCRIBE','ResourceEntity.displayNameMap','Subscribirse');
Insert into LANGUAGE_MAPPING (ID,LANGUAGE_ID,REFERENCE_ID,REFERENCE_TYPE,TEXT_VALUE) values ('ESSUBSIDIARY','4','SUBSIDIARY','OrganizationTypeEntity.displayNameMap','Subsidiario');
Insert into LANGUAGE_MAPPING (ID,LANGUAGE_ID,REFERENCE_ID,REFERENCE_TYPE,TEXT_VALUE) values ('ESSUP_SUB_PAGE_DIS','4','SUP_SUB_PAGE','ResourceEntity.displayNameMap','Superiores y Subordinados');
Insert into LANGUAGE_MAPPING (ID,LANGUAGE_ID,REFERENCE_ID,REFERENCE_TYPE,TEXT_VALUE) values ('ESSYNCLOG_ADMIN_DESC','4','SYNCLOG','ResourceEntity.displayNameMap','Visor de Log');
Insert into LANGUAGE_MAPPING (ID,LANGUAGE_ID,REFERENCE_ID,REFERENCE_TYPE,TEXT_VALUE) values ('ESSYNCLOG_DESC','4','SYNCLOG_MENU_ITEM','ResourceEntity.displayNameMap','Transacción de Sincronización de Visor de Log');
Insert into LANGUAGE_MAPPING (ID,LANGUAGE_ID,REFERENCE_ID,REFERENCE_TYPE,TEXT_VALUE) values ('ESSYNCUSER_MENU_DISPLAY','4','SYNCUSER','ResourceEntity.displayNameMap','Sincronización');
Insert into LANGUAGE_MAPPING (ID,LANGUAGE_ID,REFERENCE_ID,REFERENCE_TYPE,TEXT_VALUE) values ('ESSYNCUSER_EDIT_DESC','4','SYNCUSER_EDIT','ResourceEntity.displayNameMap','Editar Sincronización');
Insert into LANGUAGE_MAPPING (ID,LANGUAGE_ID,REFERENCE_ID,REFERENCE_TYPE,TEXT_VALUE) values ('ESSYNCUSER_DESC','4','SYNCUSER_MENU_ITEM','ResourceEntity.displayNameMap','Sincronización');
Insert into LANGUAGE_MAPPING (ID,LANGUAGE_ID,REFERENCE_ID,REFERENCE_TYPE,TEXT_VALUE) values ('ESSYNCUSER_NEW_DESC','4','SYNCUSER_NEW','ResourceEntity.displayNameMap','Crear Sincronización');
Insert into LANGUAGE_MAPPING (ID,LANGUAGE_ID,REFERENCE_ID,REFERENCE_TYPE,TEXT_VALUE) values ('ESSYNCUSER_POLICYMAP_DESC','4','SYNCUSER_POLICYMAP','ResourceEntity.displayNameMap','Mapa de Política');
Insert into LANGUAGE_MAPPING (ID,LANGUAGE_ID,REFERENCE_ID,REFERENCE_TYPE,TEXT_VALUE) values ('ESMetadataTypeEntity73','4','SYS ACCOUNT','MetadataTypeEntity.displayNameMap','CUENTA DE SISTEMA');
Insert into LANGUAGE_MAPPING (ID,LANGUAGE_ID,REFERENCE_ID,REFERENCE_TYPE,TEXT_VALUE) values ('ESMetadataTypeEntity74','4','SystemAccount','MetadataTypeEntity.displayNameMap','Tipo de Cuenta de Sistema');
Insert into LANGUAGE_MAPPING (ID,LANGUAGE_ID,REFERENCE_ID,REFERENCE_TYPE,TEXT_VALUE) values ('ESMetadataTypeEntity75','4','SYS_ACTION','MetadataTypeEntity.displayNameMap','Acciones de Sistema');
Insert into LANGUAGE_MAPPING (ID,LANGUAGE_ID,REFERENCE_ID,REFERENCE_TYPE,TEXT_VALUE) values ('ESSYS_ACTION','4','SYS_ACTION','ResourceTypeEntity.displayNameMap','Acción de Sistema');
Insert into LANGUAGE_MAPPING (ID,LANGUAGE_ID,REFERENCE_ID,REFERENCE_TYPE,TEXT_VALUE) values ('ESTEMPLATE_SEARCH_CHILD_DESC','4','TEMPLATE_SEARCH_CHILD','ResourceEntity.displayNameMap','Plantilla de página');
Insert into LANGUAGE_MAPPING (ID,LANGUAGE_ID,REFERENCE_ID,REFERENCE_TYPE,TEXT_VALUE) values ('ESMetadataTypeEntity76','4','TERMINATED','MetadataTypeEntity.displayNameMap','FINALIZAR');
Insert into LANGUAGE_MAPPING (ID,LANGUAGE_ID,REFERENCE_ID,REFERENCE_TYPE,TEXT_VALUE) values ('ESMetadataTypeEntity78','4','TEXTAREA','MetadataTypeEntity.displayNameMap','Campo Multilinea de Texto');
Insert into LANGUAGE_MAPPING (ID,LANGUAGE_ID,REFERENCE_ID,REFERENCE_TYPE,TEXT_VALUE) values ('ESMetadataTypeEntity79','4','UB','MetadataTypeEntity.displayNameMap','NO-DESHABILITADO');
Insert into LANGUAGE_MAPPING (ID,LANGUAGE_ID,REFERENCE_ID,REFERENCE_TYPE,TEXT_VALUE) values ('ESMetadataTypeEntity80','4','UI_TEMPLATE','MetadataTypeEntity.displayNameMap','UI_Plantilla');
Insert into LANGUAGE_MAPPING (ID,LANGUAGE_ID,REFERENCE_ID,REFERENCE_TYPE,TEXT_VALUE) values ('ESUI_TEMPLATE','4','UI_TEMPLATE','ResourceTypeEntity.displayNameMap','UI Plantilla');
Insert into LANGUAGE_MAPPING (ID,LANGUAGE_ID,REFERENCE_ID,REFERENCE_TYPE,TEXT_VALUE) values ('ESUI_THEMES_DN','4','UI_THEMES','ResourceEntity.displayNameMap','UI Temas');
Insert into LANGUAGE_MAPPING (ID,LANGUAGE_ID,REFERENCE_ID,REFERENCE_TYPE,TEXT_VALUE) values ('ESUI_THEME_BACK_SRCH_DN','4','UI_THEME_BACK_SRCH','ResourceEntity.displayNameMap','Volver a la Busqueda');
Insert into LANGUAGE_MAPPING (ID,LANGUAGE_ID,REFERENCE_ID,REFERENCE_TYPE,TEXT_VALUE) values ('ESUI_THEME_EDIT_DN','4','UI_THEME_EDIT','ResourceEntity.displayNameMap','Editar Tema UI');
Insert into LANGUAGE_MAPPING (ID,LANGUAGE_ID,REFERENCE_ID,REFERENCE_TYPE,TEXT_VALUE) values ('ESUI_THEME_EDIT_MODIFY_DN','4','UI_THEME_EDIT_MODIFY','ResourceEntity.displayNameMap','Editar Tema UI');
Insert into LANGUAGE_MAPPING (ID,LANGUAGE_ID,REFERENCE_ID,REFERENCE_TYPE,TEXT_VALUE) values ('ESUI_THEME_ROOT_DN','4','UI_THEME_ROOT','ResourceEntity.displayNameMap','Tema Root UI');
Insert into LANGUAGE_MAPPING (ID,LANGUAGE_ID,REFERENCE_ID,REFERENCE_TYPE,TEXT_VALUE) values ('ESUI_THEME_ROOT_SRCH_DN','4','UI_THEME_ROOT_SRCH','ResourceEntity.displayNameMap','Buscar Tema UI');
Insert into LANGUAGE_MAPPING (ID,LANGUAGE_ID,REFERENCE_ID,REFERENCE_TYPE,TEXT_VALUE) values ('ESMetadataTypeEntity81','4','UI_WIDGET','MetadataTypeEntity.displayNameMap','UI_WIDGET');
Insert into LANGUAGE_MAPPING (ID,LANGUAGE_ID,REFERENCE_ID,REFERENCE_TYPE,TEXT_VALUE) values ('ESUI_WIDGET','4','UI_WIDGET','ResourceTypeEntity.displayNameMap','UI Widget');
Insert into LANGUAGE_MAPPING (ID,LANGUAGE_ID,REFERENCE_ID,REFERENCE_TYPE,TEXT_VALUE) values ('ESUPLOAD_CUST_PSWD_POLICY_DESC','4','UPLOAD_CUST_PSWD_POLICY','ResourceEntity.displayNameMap','Config. Pol. de Contraseña');
Insert into LANGUAGE_MAPPING (ID,LANGUAGE_ID,REFERENCE_ID,REFERENCE_TYPE,TEXT_VALUE) values ('ESURI_META_BACK_DESC','4','URI_META_BACK','ResourceEntity.displayNameMap','Volver al Patrón');
Insert into LANGUAGE_MAPPING (ID,LANGUAGE_ID,REFERENCE_ID,REFERENCE_TYPE,TEXT_VALUE) values ('ESURI_META_EDIT_DESC','4','URI_META_EDIT','ResourceEntity.displayNameMap','URI Meta Root Item');
Insert into LANGUAGE_MAPPING (ID,LANGUAGE_ID,REFERENCE_ID,REFERENCE_TYPE,TEXT_VALUE) values ('ESURI_PATTERN_EDIT_DESC','4','URI_PATTERN_EDIT','ResourceEntity.displayNameMap','URI Ptrón de Edición Menú');
Insert into LANGUAGE_MAPPING (ID,LANGUAGE_ID,REFERENCE_ID,REFERENCE_TYPE,TEXT_VALUE) values ('ESURI_PATTERN_EDNW_PATTERN_DESC','4','URI_PATTERN_EDIT_NEW_PATTERN','ResourceEntity.displayNameMap','Crear Patrón URI');
Insert into LANGUAGE_MAPPING (ID,LANGUAGE_ID,REFERENCE_ID,REFERENCE_TYPE,TEXT_VALUE) values ('ESURI_PATTERN_EDIT_PATTERN_DESC','4','URI_PATTERN_EDIT_PATTERN','ResourceEntity.displayNameMap','Editar Patrón URI');
Insert into LANGUAGE_MAPPING (ID,LANGUAGE_ID,REFERENCE_ID,REFERENCE_TYPE,TEXT_VALUE) values ('ESURI_PATRN_EDT_PROV_SEARCH_DESC','4','URI_PATTERN_EDT_PROV_SEARCH','ResourceEntity.displayNameMap','Buscar Proveedor');
Insert into LANGUAGE_MAPPING (ID,LANGUAGE_ID,REFERENCE_ID,REFERENCE_TYPE,TEXT_VALUE) values ('ESMetadataTypeEntity82','4','URL','MetadataTypeEntity.displayNameMap','URL');
Insert into LANGUAGE_MAPPING (ID,LANGUAGE_ID,REFERENCE_ID,REFERENCE_TYPE,TEXT_VALUE) values ('ESMetadataTypeEntity83','4','URL_PATTERN','MetadataTypeEntity.displayNameMap','Patrón Url');
Insert into LANGUAGE_MAPPING (ID,LANGUAGE_ID,REFERENCE_ID,REFERENCE_TYPE,TEXT_VALUE) values ('ESURL_PATTERN','4','URL_PATTERN','ResourceTypeEntity.displayNameMap','Patrón Url');
Insert into LANGUAGE_MAPPING (ID,LANGUAGE_ID,REFERENCE_ID,REFERENCE_TYPE,TEXT_VALUE) values ('ESUSER_MENU_DESC','4','USER','ResourceEntity.displayNameMap','Usuario');
Insert into LANGUAGE_MAPPING (ID,LANGUAGE_ID,REFERENCE_ID,REFERENCE_TYPE,TEXT_VALUE) values ('ESUSER_ATTRIBUTES_DESC','4','USER_ATTRIBUTES','ResourceEntity.displayNameMap','Atributos de Usuario');
Insert into LANGUAGE_MAPPING (ID,LANGUAGE_ID,REFERENCE_ID,REFERENCE_TYPE,TEXT_VALUE) values ('ESUSER_BULK_MENU_DISPLAY','4','USER_BULK','ResourceEntity.displayNameMap','Operaciones masivas');
Insert into LANGUAGE_MAPPING (ID,LANGUAGE_ID,REFERENCE_ID,REFERENCE_TYPE,TEXT_VALUE) values ('ESUSER_DELEGATION_DESC','4','USER_DELEGATION','ResourceEntity.displayNameMap','Administración delegada');
Insert into LANGUAGE_MAPPING (ID,LANGUAGE_ID,REFERENCE_ID,REFERENCE_TYPE,TEXT_VALUE) values ('ESUSER_EDIT_CONTACT_INFO_DESC','4','USER_EDIT_CONTACT_INFO','ResourceEntity.displayNameMap','Información de Contacto');
Insert into LANGUAGE_MAPPING (ID,LANGUAGE_ID,REFERENCE_ID,REFERENCE_TYPE,TEXT_VALUE) values ('ESUSER_EDIT_INFO_DESC','4','USER_EDIT_INFO','ResourceEntity.displayNameMap','Información de Usuario');
Insert into LANGUAGE_MAPPING (ID,LANGUAGE_ID,REFERENCE_ID,REFERENCE_TYPE,TEXT_VALUE) values ('ESUSER_EDIT_MENU_DESC','4','USER_EDIT_MENU','ResourceEntity.displayNameMap','Menú Root Edición de Usuario');
Insert into LANGUAGE_MAPPING (ID,LANGUAGE_ID,REFERENCE_ID,REFERENCE_TYPE,TEXT_VALUE) values ('ESUSER_ENTITLEMENTS_DESC','4','USER_ENTITLEMENTS','ResourceEntity.displayNameMap','Derechos de Usuario');
Insert into LANGUAGE_MAPPING (ID,LANGUAGE_ID,REFERENCE_ID,REFERENCE_TYPE,TEXT_VALUE) values ('ESUSER_HISTORY_DESC','4','USER_HISTORY','ResourceEntity.displayNameMap','Historial de Usuario');
Insert into LANGUAGE_MAPPING (ID,LANGUAGE_ID,REFERENCE_ID,REFERENCE_TYPE,TEXT_VALUE) values ('ESUSER_IDENTITY_DESC','4','USER_IDENTITY','ResourceEntity.displayNameMap','Identidades de Usuario');
Insert into LANGUAGE_MAPPING (ID,LANGUAGE_ID,REFERENCE_ID,REFERENCE_TYPE,TEXT_VALUE) values ('ESUSER_MENUS_DESC','4','USER_MENUS','ResourceEntity.displayNameMap','Menús');
Insert into LANGUAGE_MAPPING (ID,LANGUAGE_ID,REFERENCE_ID,REFERENCE_TYPE,TEXT_VALUE) values ('ESUSER_RESET_PASSWORD_DESC','4','USER_RESET_PASSWORD','ResourceEntity.displayNameMap','Resetear Contraseña');
Insert into LANGUAGE_MAPPING (ID,LANGUAGE_ID,REFERENCE_ID,REFERENCE_TYPE,TEXT_VALUE) values ('ESUSER_ROOT_MENU_DESC','4','USER_ROOT_MENU','ResourceEntity.displayNameMap','Menú Root de Usuario');
Insert into LANGUAGE_MAPPING (ID,LANGUAGE_ID,REFERENCE_ID,REFERENCE_TYPE,TEXT_VALUE) values ('ESUSER_SEARCH_DESC','4','USER_SEARCH','ResourceEntity.displayNameMap','Buscar Usuario');
Insert into LANGUAGE_MAPPING (ID,LANGUAGE_ID,REFERENCE_ID,REFERENCE_TYPE,TEXT_VALUE) values ('ESVIEW_MENU_DESC','4','VIEW','ResourceEntity.displayNameMap','Ver archivos');
Insert into LANGUAGE_MAPPING (ID,LANGUAGE_ID,REFERENCE_ID,REFERENCE_TYPE,TEXT_VALUE) values ('ESMetadataTypeEntity85','4','WEBSERVICE','MetadataTypeEntity.displayNameMap','Servicio Web');
Insert into LANGUAGE_MAPPING (ID,LANGUAGE_ID,REFERENCE_ID,REFERENCE_TYPE,TEXT_VALUE) values ('ESMetadataTypeEntity86','4','WEBSERVICE_OP','MetadataTypeEntity.displayNameMap','Operación de Servicio Web');
Insert into LANGUAGE_MAPPING (ID,LANGUAGE_ID,REFERENCE_ID,REFERENCE_TYPE,TEXT_VALUE) values ('ESWEB_REPORT_DESC','4','WEB_REPORT','ResourceEntity.displayNameMap','Informe');
Insert into LANGUAGE_MAPPING (ID,LANGUAGE_ID,REFERENCE_ID,REFERENCE_TYPE,TEXT_VALUE) values ('ESWEB_REPORT_NEW_DSC','4','WEB_REPORT_NEW','ResourceEntity.displayNameMap','Crear Nuevo Informe');
Insert into LANGUAGE_MAPPING (ID,LANGUAGE_ID,REFERENCE_ID,REFERENCE_TYPE,TEXT_VALUE) values ('ESWEB_REPORT_ROOT_DESC','4','WEB_REPORT_ROOT','ResourceEntity.displayNameMap','Menú Root de Informe');
Insert into LANGUAGE_MAPPING (ID,LANGUAGE_ID,REFERENCE_ID,REFERENCE_TYPE,TEXT_VALUE) values ('ESMetadataTypeEntity87','4','WORK_EMAIL','MetadataTypeEntity.displayNameMap','Email de Trabajo');
Insert into LANGUAGE_MAPPING (ID,LANGUAGE_ID,REFERENCE_ID,REFERENCE_TYPE,TEXT_VALUE) values ('DELanguageEntity1','2','1','LanguageEntity.displayNameMap','Englisch');
Insert into LANGUAGE_MAPPING (ID,LANGUAGE_ID,REFERENCE_ID,REFERENCE_TYPE,TEXT_VALUE) values ('DELanguageEntity2','2','2','LanguageEntity.displayNameMap','Deutsch');
Insert into LANGUAGE_MAPPING (ID,LANGUAGE_ID,REFERENCE_ID,REFERENCE_TYPE,TEXT_VALUE) values ('DEElementMigrate101','2','101','MetadataElementEntity.languageMap','Anzeigename');
Insert into LANGUAGE_MAPPING (ID,LANGUAGE_ID,REFERENCE_ID,REFERENCE_TYPE,TEXT_VALUE) values ('DEElementMigrate104','2','104','MetadataElementEntity.languageMap','Sprache');
Insert into LANGUAGE_MAPPING (ID,LANGUAGE_ID,REFERENCE_ID,REFERENCE_TYPE,TEXT_VALUE) values ('DEElementMigrate105','2','105','MetadataElementEntity.languageMap','Kraftfahrzeugzulassung');
Insert into LANGUAGE_MAPPING (ID,LANGUAGE_ID,REFERENCE_ID,REFERENCE_TYPE,TEXT_VALUE) values ('DEElementMigrate106','2','106','MetadataElementEntity.languageMap','Vorname');
Insert into LANGUAGE_MAPPING (ID,LANGUAGE_ID,REFERENCE_ID,REFERENCE_TYPE,TEXT_VALUE) values ('DEElementMigrate107','2','107','MetadataElementEntity.languageMap','LabeledURI');
Insert into LANGUAGE_MAPPING (ID,LANGUAGE_ID,REFERENCE_ID,REFERENCE_TYPE,TEXT_VALUE) values ('DEElementMigrate108','2','108','MetadataElementEntity.languageMap','Initialen');
Insert into LANGUAGE_MAPPING (ID,LANGUAGE_ID,REFERENCE_ID,REFERENCE_TYPE,TEXT_VALUE) values ('DEElementMigrate110','2','110','MetadataElementEntity.languageMap','Geschaftskategorie');
Insert into LANGUAGE_MAPPING (ID,LANGUAGE_ID,REFERENCE_ID,REFERENCE_TYPE,TEXT_VALUE) values ('DEElementMigrate131','2','131','MetadataElementEntity.languageMap','Anzeigename');
Insert into LANGUAGE_MAPPING (ID,LANGUAGE_ID,REFERENCE_ID,REFERENCE_TYPE,TEXT_VALUE) values ('DEElementMigrate134','2','134','MetadataElementEntity.languageMap','Sprache');
Insert into LANGUAGE_MAPPING (ID,LANGUAGE_ID,REFERENCE_ID,REFERENCE_TYPE,TEXT_VALUE) values ('DEElementMigrate135','2','135','MetadataElementEntity.languageMap','Kraftfahrzeugzulassung');
Insert into LANGUAGE_MAPPING (ID,LANGUAGE_ID,REFERENCE_ID,REFERENCE_TYPE,TEXT_VALUE) values ('DEElementMigrate136','2','136','MetadataElementEntity.languageMap','Vorname');
Insert into LANGUAGE_MAPPING (ID,LANGUAGE_ID,REFERENCE_ID,REFERENCE_TYPE,TEXT_VALUE) values ('DEElementMigrate137','2','137','MetadataElementEntity.languageMap','+++LabeledURI');
Insert into LANGUAGE_MAPPING (ID,LANGUAGE_ID,REFERENCE_ID,REFERENCE_TYPE,TEXT_VALUE) values ('DEElementMigrate138','2','138','MetadataElementEntity.languageMap','Initialen');
Insert into LANGUAGE_MAPPING (ID,LANGUAGE_ID,REFERENCE_ID,REFERENCE_TYPE,TEXT_VALUE) values ('DEElementMigrate140','2','140','MetadataElementEntity.languageMap','Anzeigename');
Insert into LANGUAGE_MAPPING (ID,LANGUAGE_ID,REFERENCE_ID,REFERENCE_TYPE,TEXT_VALUE) values ('DEElementMigrate150','2','150','MetadataElementEntity.languageMap','Anzeigename');
Insert into LANGUAGE_MAPPING (ID,LANGUAGE_ID,REFERENCE_ID,REFERENCE_TYPE,TEXT_VALUE) values ('DEElementMigrate160','2','160','MetadataElementEntity.languageMap','Anzeigename');
Insert into LANGUAGE_MAPPING (ID,LANGUAGE_ID,REFERENCE_ID,REFERENCE_TYPE,TEXT_VALUE) values ('DE200','2','200','IdentityQuestionEntity.displayNameMap','Welches sind die letzten vier Zahlen Ihrer Reisepass-Nummer?');
Insert into LANGUAGE_MAPPING (ID,LANGUAGE_ID,REFERENCE_ID,REFERENCE_TYPE,TEXT_VALUE) values ('DE201','2','201','IdentityQuestionEntity.displayNameMap','Wie ist der Mädchenname Ihrer Mutter?');
Insert into LANGUAGE_MAPPING (ID,LANGUAGE_ID,REFERENCE_ID,REFERENCE_TYPE,TEXT_VALUE) values ('DE202','2','202','IdentityQuestionEntity.displayNameMap','Wo gingen Sie zur Schule?');
Insert into LANGUAGE_MAPPING (ID,LANGUAGE_ID,REFERENCE_ID,REFERENCE_TYPE,TEXT_VALUE) values ('DE203','2','203','IdentityQuestionEntity.displayNameMap','Wie ist der name Ihres Haustiers?');
Insert into LANGUAGE_MAPPING (ID,LANGUAGE_ID,REFERENCE_ID,REFERENCE_TYPE,TEXT_VALUE) values ('DE204','2','204','IdentityQuestionEntity.displayNameMap','Was ist Ihr Lieblingsessen?');
Insert into LANGUAGE_MAPPING (ID,LANGUAGE_ID,REFERENCE_ID,REFERENCE_TYPE,TEXT_VALUE) values ('DE205','2','205','IdentityQuestionEntity.displayNameMap','Welches ist Ihre Lieblingsfarbe?');
Insert into LANGUAGE_MAPPING (ID,LANGUAGE_ID,REFERENCE_ID,REFERENCE_TYPE,TEXT_VALUE) values ('DE206','2','206','IdentityQuestionEntity.displayNameMap','Wo ist Ihr Geburtsort?');
Insert into LANGUAGE_MAPPING (ID,LANGUAGE_ID,REFERENCE_ID,REFERENCE_TYPE,TEXT_VALUE) values ('DE207','2','207','IdentityQuestionEntity.displayNameMap','Welches ist Ihre Lieblingssportart?');
Insert into LANGUAGE_MAPPING (ID,LANGUAGE_ID,REFERENCE_ID,REFERENCE_TYPE,TEXT_VALUE) values ('DE209','2','209','IdentityQuestionEntity.displayNameMap','Welches sind die letzten vier Zahlen Ihrer Fahrerlaubnis-Nummer?');
Insert into LANGUAGE_MAPPING (ID,LANGUAGE_ID,REFERENCE_ID,REFERENCE_TYPE,TEXT_VALUE) values ('DE210','2','210','IdentityQuestionEntity.displayNameMap','Wie ist der Name Ihrer Lieblingsschule?');
Insert into LANGUAGE_MAPPING (ID,LANGUAGE_ID,REFERENCE_ID,REFERENCE_TYPE,TEXT_VALUE) values ('DE211','2','211','IdentityQuestionEntity.displayNameMap','Wie ist der Name Ihres Lieblingshaustiers?');
Insert into LANGUAGE_MAPPING (ID,LANGUAGE_ID,REFERENCE_ID,REFERENCE_TYPE,TEXT_VALUE) values ('DE212','2','212','IdentityQuestionEntity.displayNameMap','Wie ist der Name Ihres Lieblingsfilm, -theaterstück oder -lied?');
Insert into LANGUAGE_MAPPING (ID,LANGUAGE_ID,REFERENCE_ID,REFERENCE_TYPE,TEXT_VALUE) values ('DE213','2','213','IdentityQuestionEntity.displayNameMap','Wie ist der Titel Ihres Lieblingsbuch?');
Insert into LANGUAGE_MAPPING (ID,LANGUAGE_ID,REFERENCE_ID,REFERENCE_TYPE,TEXT_VALUE) values ('DE214','2','214','IdentityQuestionEntity.displayNameMap','Wie ist der Name Ihrer(s) ersten Freundin(es)?');
Insert into LANGUAGE_MAPPING (ID,LANGUAGE_ID,REFERENCE_ID,REFERENCE_TYPE,TEXT_VALUE) values ('DE215','2','215','IdentityQuestionEntity.displayNameMap','Wie ist der Name Ihres Lieblingslehrers während der Schulzeit?');
Insert into LANGUAGE_MAPPING (ID,LANGUAGE_ID,REFERENCE_ID,REFERENCE_TYPE,TEXT_VALUE) values ('DE216','2','216','IdentityQuestionEntity.displayNameMap','Wie war der Spitzname Ihres ersten Fahrzeuges?');
Insert into LANGUAGE_MAPPING (ID,LANGUAGE_ID,REFERENCE_ID,REFERENCE_TYPE,TEXT_VALUE) values ('DE217','2','217','IdentityQuestionEntity.displayNameMap','Wo traffen Sie Ihre bessere Hälfte?');
Insert into LANGUAGE_MAPPING (ID,LANGUAGE_ID,REFERENCE_ID,REFERENCE_TYPE,TEXT_VALUE) values ('DE218','2','218','IdentityQuestionEntity.displayNameMap','Welcher Art war Ihr erstes Haustier?');
Insert into LANGUAGE_MAPPING (ID,LANGUAGE_ID,REFERENCE_ID,REFERENCE_TYPE,TEXT_VALUE) values ('DEElementMigrate260','2','260','MetadataElementEntity.languageMap','BusinessCategory');
Insert into LANGUAGE_MAPPING (ID,LANGUAGE_ID,REFERENCE_ID,REFERENCE_TYPE,TEXT_VALUE) values ('DEElementMigrate261','2','261','MetadataElementEntity.languageMap','StartDate');
Insert into LANGUAGE_MAPPING (ID,LANGUAGE_ID,REFERENCE_ID,REFERENCE_TYPE,TEXT_VALUE) values ('DEElementMigrate262','2','262','MetadataElementEntity.languageMap','EndDate');
Insert into LANGUAGE_MAPPING (ID,LANGUAGE_ID,REFERENCE_ID,REFERENCE_TYPE,TEXT_VALUE) values ('DEElementMigrate300','2','300','MetadataElementEntity.languageMap','name');
Insert into LANGUAGE_MAPPING (ID,LANGUAGE_ID,REFERENCE_ID,REFERENCE_TYPE,TEXT_VALUE) values ('DEElementMigrate301','2','301','MetadataElementEntity.languageMap','distinguishedName');
Insert into LANGUAGE_MAPPING (ID,LANGUAGE_ID,REFERENCE_ID,REFERENCE_TYPE,TEXT_VALUE) values ('DEElementMigrate302','2','302','MetadataElementEntity.languageMap','objectclass');
Insert into LANGUAGE_MAPPING (ID,LANGUAGE_ID,REFERENCE_ID,REFERENCE_TYPE,TEXT_VALUE) values ('DEElementMigrate303','2','303','MetadataElementEntity.languageMap','aliasedObjectName');
Insert into LANGUAGE_MAPPING (ID,LANGUAGE_ID,REFERENCE_ID,REFERENCE_TYPE,TEXT_VALUE) values ('DEElementMigrate304','2','304','MetadataElementEntity.languageMap','cn');
Insert into LANGUAGE_MAPPING (ID,LANGUAGE_ID,REFERENCE_ID,REFERENCE_TYPE,TEXT_VALUE) values ('DEElementMigrate305','2','305','MetadataElementEntity.languageMap','sn');
Insert into LANGUAGE_MAPPING (ID,LANGUAGE_ID,REFERENCE_ID,REFERENCE_TYPE,TEXT_VALUE) values ('DEElementMigrate306','2','306','MetadataElementEntity.languageMap','serialNumber');
Insert into LANGUAGE_MAPPING (ID,LANGUAGE_ID,REFERENCE_ID,REFERENCE_TYPE,TEXT_VALUE) values ('DEElementMigrate307','2','307','MetadataElementEntity.languageMap','c');
Insert into LANGUAGE_MAPPING (ID,LANGUAGE_ID,REFERENCE_ID,REFERENCE_TYPE,TEXT_VALUE) values ('DEElementMigrate308','2','308','MetadataElementEntity.languageMap','l');
Insert into LANGUAGE_MAPPING (ID,LANGUAGE_ID,REFERENCE_ID,REFERENCE_TYPE,TEXT_VALUE) values ('DEElementMigrate309','2','309','MetadataElementEntity.languageMap','st');
Insert into LANGUAGE_MAPPING (ID,LANGUAGE_ID,REFERENCE_ID,REFERENCE_TYPE,TEXT_VALUE) values ('DEElementMigrate310','2','310','MetadataElementEntity.languageMap','street');
Insert into LANGUAGE_MAPPING (ID,LANGUAGE_ID,REFERENCE_ID,REFERENCE_TYPE,TEXT_VALUE) values ('DEElementMigrate311','2','311','MetadataElementEntity.languageMap','o');
Insert into LANGUAGE_MAPPING (ID,LANGUAGE_ID,REFERENCE_ID,REFERENCE_TYPE,TEXT_VALUE) values ('DEElementMigrate312','2','312','MetadataElementEntity.languageMap','ou');
Insert into LANGUAGE_MAPPING (ID,LANGUAGE_ID,REFERENCE_ID,REFERENCE_TYPE,TEXT_VALUE) values ('DEElementMigrate313','2','313','MetadataElementEntity.languageMap','title');
Insert into LANGUAGE_MAPPING (ID,LANGUAGE_ID,REFERENCE_ID,REFERENCE_TYPE,TEXT_VALUE) values ('DEElementMigrate314','2','314','MetadataElementEntity.languageMap','description');
Insert into LANGUAGE_MAPPING (ID,LANGUAGE_ID,REFERENCE_ID,REFERENCE_TYPE,TEXT_VALUE) values ('DEElementMigrate315','2','315','MetadataElementEntity.languageMap','businessCategory');
Insert into LANGUAGE_MAPPING (ID,LANGUAGE_ID,REFERENCE_ID,REFERENCE_TYPE,TEXT_VALUE) values ('DEElementMigrate316','2','316','MetadataElementEntity.languageMap','postalAddress');
Insert into LANGUAGE_MAPPING (ID,LANGUAGE_ID,REFERENCE_ID,REFERENCE_TYPE,TEXT_VALUE) values ('DEElementMigrate317','2','317','MetadataElementEntity.languageMap','postalCode');
Insert into LANGUAGE_MAPPING (ID,LANGUAGE_ID,REFERENCE_ID,REFERENCE_TYPE,TEXT_VALUE) values ('DEElementMigrate318','2','318','MetadataElementEntity.languageMap','postOfficeBox');
Insert into LANGUAGE_MAPPING (ID,LANGUAGE_ID,REFERENCE_ID,REFERENCE_TYPE,TEXT_VALUE) values ('DEElementMigrate319','2','319','MetadataElementEntity.languageMap','physicalDeliveryOfficeName');
Insert into LANGUAGE_MAPPING (ID,LANGUAGE_ID,REFERENCE_ID,REFERENCE_TYPE,TEXT_VALUE) values ('DEElementMigrate320','2','320','MetadataElementEntity.languageMap','telephoneNumber');
Insert into LANGUAGE_MAPPING (ID,LANGUAGE_ID,REFERENCE_ID,REFERENCE_TYPE,TEXT_VALUE) values ('DEElementMigrate321','2','321','MetadataElementEntity.languageMap','telexNumber');
Insert into LANGUAGE_MAPPING (ID,LANGUAGE_ID,REFERENCE_ID,REFERENCE_TYPE,TEXT_VALUE) values ('DEElementMigrate322','2','322','MetadataElementEntity.languageMap','teletexTerminalIdentifier');
Insert into LANGUAGE_MAPPING (ID,LANGUAGE_ID,REFERENCE_ID,REFERENCE_TYPE,TEXT_VALUE) values ('DEElementMigrate323','2','323','MetadataElementEntity.languageMap','facsimileTelephoneNumber');
Insert into LANGUAGE_MAPPING (ID,LANGUAGE_ID,REFERENCE_ID,REFERENCE_TYPE,TEXT_VALUE) values ('DEElementMigrate324','2','324','MetadataElementEntity.languageMap','x121Address');
Insert into LANGUAGE_MAPPING (ID,LANGUAGE_ID,REFERENCE_ID,REFERENCE_TYPE,TEXT_VALUE) values ('DEElementMigrate325','2','325','MetadataElementEntity.languageMap','internationaliSDNNumber');
Insert into LANGUAGE_MAPPING (ID,LANGUAGE_ID,REFERENCE_ID,REFERENCE_TYPE,TEXT_VALUE) values ('DEElementMigrate326','2','326','MetadataElementEntity.languageMap','registeredAddress');
Insert into LANGUAGE_MAPPING (ID,LANGUAGE_ID,REFERENCE_ID,REFERENCE_TYPE,TEXT_VALUE) values ('DEElementMigrate327','2','327','MetadataElementEntity.languageMap','destinationIndicator');
Insert into LANGUAGE_MAPPING (ID,LANGUAGE_ID,REFERENCE_ID,REFERENCE_TYPE,TEXT_VALUE) values ('DEElementMigrate328','2','328','MetadataElementEntity.languageMap','preferredDeliveryMethod');
Insert into LANGUAGE_MAPPING (ID,LANGUAGE_ID,REFERENCE_ID,REFERENCE_TYPE,TEXT_VALUE) values ('DEElementMigrate329','2','329','MetadataElementEntity.languageMap','presentationAddress');
Insert into LANGUAGE_MAPPING (ID,LANGUAGE_ID,REFERENCE_ID,REFERENCE_TYPE,TEXT_VALUE) values ('DEElementMigrate330','2','330','MetadataElementEntity.languageMap','supportedApplicationContext');
Insert into LANGUAGE_MAPPING (ID,LANGUAGE_ID,REFERENCE_ID,REFERENCE_TYPE,TEXT_VALUE) values ('DEElementMigrate331','2','331','MetadataElementEntity.languageMap','member');
Insert into LANGUAGE_MAPPING (ID,LANGUAGE_ID,REFERENCE_ID,REFERENCE_TYPE,TEXT_VALUE) values ('DEElementMigrate332','2','332','MetadataElementEntity.languageMap','owner');
Insert into LANGUAGE_MAPPING (ID,LANGUAGE_ID,REFERENCE_ID,REFERENCE_TYPE,TEXT_VALUE) values ('DEElementMigrate333','2','333','MetadataElementEntity.languageMap','roleOccupant');
Insert into LANGUAGE_MAPPING (ID,LANGUAGE_ID,REFERENCE_ID,REFERENCE_TYPE,TEXT_VALUE) values ('DEElementMigrate334','2','334','MetadataElementEntity.languageMap','seeAlso');
Insert into LANGUAGE_MAPPING (ID,LANGUAGE_ID,REFERENCE_ID,REFERENCE_TYPE,TEXT_VALUE) values ('DEElementMigrate335','2','335','MetadataElementEntity.languageMap','userPassword');
Insert into LANGUAGE_MAPPING (ID,LANGUAGE_ID,REFERENCE_ID,REFERENCE_TYPE,TEXT_VALUE) values ('DEElementMigrate336','2','336','MetadataElementEntity.languageMap','userCertificate');
Insert into LANGUAGE_MAPPING (ID,LANGUAGE_ID,REFERENCE_ID,REFERENCE_TYPE,TEXT_VALUE) values ('DEElementMigrate337','2','337','MetadataElementEntity.languageMap','cACertificate');
Insert into LANGUAGE_MAPPING (ID,LANGUAGE_ID,REFERENCE_ID,REFERENCE_TYPE,TEXT_VALUE) values ('DEElementMigrate338','2','338','MetadataElementEntity.languageMap','authorityRevocationList');
Insert into LANGUAGE_MAPPING (ID,LANGUAGE_ID,REFERENCE_ID,REFERENCE_TYPE,TEXT_VALUE) values ('DEElementMigrate339','2','339','MetadataElementEntity.languageMap','certificateRevocationList');
Insert into LANGUAGE_MAPPING (ID,LANGUAGE_ID,REFERENCE_ID,REFERENCE_TYPE,TEXT_VALUE) values ('DEElementMigrate340','2','340','MetadataElementEntity.languageMap','crossCertificatePair');
Insert into LANGUAGE_MAPPING (ID,LANGUAGE_ID,REFERENCE_ID,REFERENCE_TYPE,TEXT_VALUE) values ('DEElementMigrate341','2','341','MetadataElementEntity.languageMap','givenName');
Insert into LANGUAGE_MAPPING (ID,LANGUAGE_ID,REFERENCE_ID,REFERENCE_TYPE,TEXT_VALUE) values ('DEElementMigrate342','2','342','MetadataElementEntity.languageMap','initials');
Insert into LANGUAGE_MAPPING (ID,LANGUAGE_ID,REFERENCE_ID,REFERENCE_TYPE,TEXT_VALUE) values ('DEElementMigrate343','2','343','MetadataElementEntity.languageMap','generationQualifier');
Insert into LANGUAGE_MAPPING (ID,LANGUAGE_ID,REFERENCE_ID,REFERENCE_TYPE,TEXT_VALUE) values ('DEElementMigrate344','2','344','MetadataElementEntity.languageMap','x500UniqueIdentifier');
Insert into LANGUAGE_MAPPING (ID,LANGUAGE_ID,REFERENCE_ID,REFERENCE_TYPE,TEXT_VALUE) values ('DEElementMigrate346','2','346','MetadataElementEntity.languageMap','uniqueMember');
Insert into LANGUAGE_MAPPING (ID,LANGUAGE_ID,REFERENCE_ID,REFERENCE_TYPE,TEXT_VALUE) values ('DEElementMigrate347','2','347','MetadataElementEntity.languageMap','houseIdentifier');
Insert into LANGUAGE_MAPPING (ID,LANGUAGE_ID,REFERENCE_ID,REFERENCE_TYPE,TEXT_VALUE) values ('DEElementMigrate348','2','348','MetadataElementEntity.languageMap','uid');
Insert into LANGUAGE_MAPPING (ID,LANGUAGE_ID,REFERENCE_ID,REFERENCE_TYPE,TEXT_VALUE) values ('DEElementMigrate349','2','349','MetadataElementEntity.languageMap','mail');
Insert into LANGUAGE_MAPPING (ID,LANGUAGE_ID,REFERENCE_ID,REFERENCE_TYPE,TEXT_VALUE) values ('DEElementMigrate350','2','350','MetadataElementEntity.languageMap','ref');
Insert into LANGUAGE_MAPPING (ID,LANGUAGE_ID,REFERENCE_ID,REFERENCE_TYPE,TEXT_VALUE) values ('DEElementMigrate351','2','351','MetadataElementEntity.languageMap','referral');
Insert into LANGUAGE_MAPPING (ID,LANGUAGE_ID,REFERENCE_ID,REFERENCE_TYPE,TEXT_VALUE) values ('DEElementMigrate352','2','352','MetadataElementEntity.languageMap','krbName');
Insert into LANGUAGE_MAPPING (ID,LANGUAGE_ID,REFERENCE_ID,REFERENCE_TYPE,TEXT_VALUE) values ('DELanguageEntity4','2','4','LanguageEntity.displayNameMap','Spanisch');
Insert into LANGUAGE_MAPPING (ID,LANGUAGE_ID,REFERENCE_ID,REFERENCE_TYPE,TEXT_VALUE) values ('DEElementMigrate401','2','401','MetadataElementEntity.languageMap','SUBMIT_USER_TO_CONNECTOR');
Insert into LANGUAGE_MAPPING (ID,LANGUAGE_ID,REFERENCE_ID,REFERENCE_TYPE,TEXT_VALUE) values ('DEElementMigrate402','2','402','MetadataElementEntity.languageMap','INCLUDE_IN_PASSWORD_SYNC');
Insert into LANGUAGE_MAPPING (ID,LANGUAGE_ID,REFERENCE_ID,REFERENCE_TYPE,TEXT_VALUE) values ('DEElementMigrate405','2','405','MetadataElementEntity.languageMap','INCLUDE_IN_SYNC');
Insert into LANGUAGE_MAPPING (ID,LANGUAGE_ID,REFERENCE_ID,REFERENCE_TYPE,TEXT_VALUE) values ('DEElementMigrate406','2','406','MetadataElementEntity.languageMap','TABLE_NAME');
Insert into LANGUAGE_MAPPING (ID,LANGUAGE_ID,REFERENCE_ID,REFERENCE_TYPE,TEXT_VALUE) values ('DEElementMigrate407','2','407','MetadataElementEntity.languageMap','GROUP_MEMBERSHIP_ENABLED');
Insert into LANGUAGE_MAPPING (ID,LANGUAGE_ID,REFERENCE_ID,REFERENCE_TYPE,TEXT_VALUE) values ('DEElementMigrate408','2','408','MetadataElementEntity.languageMap','ON_DELETE');
Insert into LANGUAGE_MAPPING (ID,LANGUAGE_ID,REFERENCE_ID,REFERENCE_TYPE,TEXT_VALUE) values ('DEElementMigrate409','2','409','MetadataElementEntity.languageMap','PRE_PROCESS');
Insert into LANGUAGE_MAPPING (ID,LANGUAGE_ID,REFERENCE_ID,REFERENCE_TYPE,TEXT_VALUE) values ('DEElementMigrate410','2','410','MetadataElementEntity.languageMap','POST_PROCESS');
Insert into LANGUAGE_MAPPING (ID,LANGUAGE_ID,REFERENCE_ID,REFERENCE_TYPE,TEXT_VALUE) values ('DEElementMigrate411','2','411','MetadataElementEntity.languageMap','HOST_URL');
Insert into LANGUAGE_MAPPING (ID,LANGUAGE_ID,REFERENCE_ID,REFERENCE_TYPE,TEXT_VALUE) values ('DEElementMigrate412','2','412','MetadataElementEntity.languageMap','BASE_DN');
Insert into LANGUAGE_MAPPING (ID,LANGUAGE_ID,REFERENCE_ID,REFERENCE_TYPE,TEXT_VALUE) values ('DEElementMigrate413','2','413','MetadataElementEntity.languageMap','HOST_LOGIN ID');
Insert into LANGUAGE_MAPPING (ID,LANGUAGE_ID,REFERENCE_ID,REFERENCE_TYPE,TEXT_VALUE) values ('DEElementMigrate415','2','415','MetadataElementEntity.languageMap','COMMUNICATION_PROTOCOL');
Insert into LANGUAGE_MAPPING (ID,LANGUAGE_ID,REFERENCE_ID,REFERENCE_TYPE,TEXT_VALUE) values ('DEElementMigrate416','2','416','MetadataElementEntity.languageMap','OBJECT_CLASS');
Insert into LANGUAGE_MAPPING (ID,LANGUAGE_ID,REFERENCE_ID,REFERENCE_TYPE,TEXT_VALUE) values ('DEElementMigrate418','2','418','MetadataElementEntity.languageMap','SEARCH_ATTRIBUTE');
Insert into LANGUAGE_MAPPING (ID,LANGUAGE_ID,REFERENCE_ID,REFERENCE_TYPE,TEXT_VALUE) values ('DEElementMigrate419','2','419','MetadataElementEntity.languageMap','MANAGED_SYS_ID');
Insert into LANGUAGE_MAPPING (ID,LANGUAGE_ID,REFERENCE_ID,REFERENCE_TYPE,TEXT_VALUE) values ('DEElementMigrate420','2','420','MetadataElementEntity.languageMap','DN_ATTRIBUTE');
Insert into LANGUAGE_MAPPING (ID,LANGUAGE_ID,REFERENCE_ID,REFERENCE_TYPE,TEXT_VALUE) values ('DEElementMigrate421','2','421','MetadataElementEntity.languageMap','PASSWORD');
Insert into LANGUAGE_MAPPING (ID,LANGUAGE_ID,REFERENCE_ID,REFERENCE_TYPE,TEXT_VALUE) values ('DEElementMigrate430','2','430','MetadataElementEntity.languageMap','END_POINT');
Insert into LANGUAGE_MAPPING (ID,LANGUAGE_ID,REFERENCE_ID,REFERENCE_TYPE,TEXT_VALUE) values ('DEElementMigrate440','2','440','MetadataElementEntity.languageMap','OPERATION_NAME');
Insert into LANGUAGE_MAPPING (ID,LANGUAGE_ID,REFERENCE_ID,REFERENCE_TYPE,TEXT_VALUE) values ('DEElementMigrate450','2','450','MetadataElementEntity.languageMap','URL');
Insert into LANGUAGE_MAPPING (ID,LANGUAGE_ID,REFERENCE_ID,REFERENCE_TYPE,TEXT_VALUE) values ('DEABOUT_DESC','2','ABOUT','ResourceEntity.displayNameMap','Über OpenIAM');
Insert into LANGUAGE_MAPPING (ID,LANGUAGE_ID,REFERENCE_ID,REFERENCE_TYPE,TEXT_VALUE) values ('DEABOUT_ROOT_MENU_DESC','2','ABOUT_ROOT_MENU','ResourceEntity.displayNameMap','Über OpenIAM');
Insert into LANGUAGE_MAPPING (ID,LANGUAGE_ID,REFERENCE_ID,REFERENCE_TYPE,TEXT_VALUE) values ('DEACCESSCENTER_MENU_DISPLAY','2','ACCESSCENTER','ResourceEntity.displayNameMap','Zugriffs-Verwaltung');
Insert into LANGUAGE_MAPPING (ID,LANGUAGE_ID,REFERENCE_ID,REFERENCE_TYPE,TEXT_VALUE) values ('DEMetadataTypeEntity1','2','ACCNT','MetadataTypeEntity.displayNameMap','Konto');
Insert into LANGUAGE_MAPPING (ID,LANGUAGE_ID,REFERENCE_ID,REFERENCE_TYPE,TEXT_VALUE) values ('DEACC_CONTROL_MENU_DISPLAY','2','ACC_CONTROL','ResourceEntity.displayNameMap','Zugriffs-Kontrolle');
Insert into LANGUAGE_MAPPING (ID,LANGUAGE_ID,REFERENCE_ID,REFERENCE_TYPE,TEXT_VALUE) values ('DEMetadataTypeEntity2','2','ACTIVE','MetadataTypeEntity.displayNameMap','AKTIV');
Insert into LANGUAGE_MAPPING (ID,LANGUAGE_ID,REFERENCE_ID,REFERENCE_TYPE,TEXT_VALUE) values ('DEMetadataTypeEntity3','2','ADGroup','MetadataTypeEntity.displayNameMap','AD Benutzertyp');
Insert into LANGUAGE_MAPPING (ID,LANGUAGE_ID,REFERENCE_ID,REFERENCE_TYPE,TEXT_VALUE) values ('DEMetadataTypeEntity4','2','ADMGP','MetadataTypeEntity.displayNameMap','Admin Gruppe');
Insert into LANGUAGE_MAPPING (ID,LANGUAGE_ID,REFERENCE_ID,REFERENCE_TYPE,TEXT_VALUE) values ('DEMetadataTypeEntity5','2','ADMIN','MetadataTypeEntity.displayNameMap','Administrator');
Insert into LANGUAGE_MAPPING (ID,LANGUAGE_ID,REFERENCE_ID,REFERENCE_TYPE,TEXT_VALUE) values ('DEADMIN_MENU_DISPLAY','2','ADMIN','ResourceEntity.displayNameMap','Administration');
Insert into LANGUAGE_MAPPING (ID,LANGUAGE_ID,REFERENCE_ID,REFERENCE_TYPE,TEXT_VALUE) values ('DEADMIN_BATCH_TASKS_DESC','2','ADMIN_BATCH_TASKS','ResourceEntity.displayNameMap','Stapelverarbeitungsaufgaben');
Insert into LANGUAGE_MAPPING (ID,LANGUAGE_ID,REFERENCE_ID,REFERENCE_TYPE,TEXT_VALUE) values ('DEMetadataTypeEntity6','2','ADMIN_RESOURCE','MetadataTypeEntity.displayNameMap','Admin Ressource');
Insert into LANGUAGE_MAPPING (ID,LANGUAGE_ID,REFERENCE_ID,REFERENCE_TYPE,TEXT_VALUE) values ('DEADMIN_RESOURCE','2','ADMIN_RESOURCE','ResourceTypeEntity.displayNameMap','Admin Ressource');
Insert into LANGUAGE_MAPPING (ID,LANGUAGE_ID,REFERENCE_ID,REFERENCE_TYPE,TEXT_VALUE) values ('DEMetadataTypeEntity7','2','ADUser','MetadataTypeEntity.displayNameMap','AD Benutzertyp');
Insert into LANGUAGE_MAPPING (ID,LANGUAGE_ID,REFERENCE_ID,REFERENCE_TYPE,TEXT_VALUE) values ('DEMetadataTypeEntity8','2','AD_Connector','MetadataTypeEntity.displayNameMap','Active Directory Konnektor');
Insert into LANGUAGE_MAPPING (ID,LANGUAGE_ID,REFERENCE_ID,REFERENCE_TYPE,TEXT_VALUE) values ('USER_EDIT_INFO_DESC','1','USER_EDIT_INFO','ResourceEntity.displayNameMap','User Info');
Insert into LANGUAGE_MAPPING (ID,LANGUAGE_ID,REFERENCE_ID,REFERENCE_TYPE,TEXT_VALUE) values ('USER_EDIT_MENU_DESC','1','USER_EDIT_MENU','ResourceEntity.displayNameMap','User Root Edit Menu');
Insert into LANGUAGE_MAPPING (ID,LANGUAGE_ID,REFERENCE_ID,REFERENCE_TYPE,TEXT_VALUE) values ('USER_ENTITLEMENTS_DESC','1','USER_ENTITLEMENTS','ResourceEntity.displayNameMap','User Entitlements');
Insert into LANGUAGE_MAPPING (ID,LANGUAGE_ID,REFERENCE_ID,REFERENCE_TYPE,TEXT_VALUE) values ('USER_IDENTITY_DESC','1','USER_IDENTITY','ResourceEntity.displayNameMap','User Identities');
Insert into LANGUAGE_MAPPING (ID,LANGUAGE_ID,REFERENCE_ID,REFERENCE_TYPE,TEXT_VALUE) values ('USER_MENUS_DESC','1','USER_MENUS','ResourceEntity.displayNameMap','Menus');
Insert into LANGUAGE_MAPPING (ID,LANGUAGE_ID,REFERENCE_ID,REFERENCE_TYPE,TEXT_VALUE) values ('USER_MENU_DESC','1','USER','ResourceEntity.displayNameMap','User');
Insert into LANGUAGE_MAPPING (ID,LANGUAGE_ID,REFERENCE_ID,REFERENCE_TYPE,TEXT_VALUE) values ('USER_ROOT_MENU_DESC','1','USER_ROOT_MENU','ResourceEntity.displayNameMap','User Root Menu');
Insert into LANGUAGE_MAPPING (ID,LANGUAGE_ID,REFERENCE_ID,REFERENCE_TYPE,TEXT_VALUE) values ('USER_SEARCH_DESC','1','USER_SEARCH','ResourceEntity.displayNameMap','User Search');
Insert into LANGUAGE_MAPPING (ID,LANGUAGE_ID,REFERENCE_ID,REFERENCE_TYPE,TEXT_VALUE) values ('SYNCUSER_DESC','1','SYNCUSER_MENU_ITEM','ResourceEntity.displayNameMap','Synchronization');
Insert into LANGUAGE_MAPPING (ID,LANGUAGE_ID,REFERENCE_ID,REFERENCE_TYPE,TEXT_VALUE) values ('SYNCUSER_NEW_DESC','1','SYNCUSER_NEW','ResourceEntity.displayNameMap','Create Synchronization');
Insert into LANGUAGE_MAPPING (ID,LANGUAGE_ID,REFERENCE_ID,REFERENCE_TYPE,TEXT_VALUE) values ('MNGSYS_EDIT_DESC','1','MNGSYS_EDIT','ResourceEntity.displayNameMap','Edit managed system');
Insert into LANGUAGE_MAPPING (ID,LANGUAGE_ID,REFERENCE_ID,REFERENCE_TYPE,TEXT_VALUE) values ('POLICY_ROOT_MENU_DESC','1','PASSWORD_POLICY_ROOT_MENU','ResourceEntity.displayNameMap','Password Policy Root Menu');
Insert into LANGUAGE_MAPPING (ID,LANGUAGE_ID,REFERENCE_ID,REFERENCE_TYPE,TEXT_VALUE) values ('NEW_PASSWORD_POLICY_DESC','1','NEW_PASSWORD_POLICY','ResourceEntity.displayNameMap','Create New Pswd Policy');
Insert into LANGUAGE_MAPPING (ID,LANGUAGE_ID,REFERENCE_ID,REFERENCE_TYPE,TEXT_VALUE) values ('AUTHENTICATION_POLICY_MENU_DESC','1','AUTHENTICATION_POLICY','ResourceEntity.displayNameMap','Authenticaton Policy');
Insert into LANGUAGE_MAPPING (ID,LANGUAGE_ID,REFERENCE_ID,REFERENCE_TYPE,TEXT_VALUE) values ('AUTH_POLICY_ROOT_MENU_DESC','1','AUTHENTICATION_POLICY_ROOT_MENU','ResourceEntity.displayNameMap','Authentication Policy Root Menu');
Insert into LANGUAGE_MAPPING (ID,LANGUAGE_ID,REFERENCE_ID,REFERENCE_TYPE,TEXT_VALUE) values ('ASSOC_POLICY_DESC','1','ASSOC_POLICY','ResourceEntity.displayNameMap','Associate Policy');
Insert into LANGUAGE_MAPPING (ID,LANGUAGE_ID,REFERENCE_ID,REFERENCE_TYPE,TEXT_VALUE) values ('PASSWORD_POLICY_EDIT_DESC','1','PASSWORD_POLICY_EDIT','ResourceEntity.displayNameMap','Associate Policy Root Menu');
Insert into LANGUAGE_MAPPING (ID,LANGUAGE_ID,REFERENCE_ID,REFERENCE_TYPE,TEXT_VALUE) values ('UPLOAD_CUST_PSWD_POLICY_DESC','1','UPLOAD_CUST_PSWD_POLICY','ResourceEntity.displayNameMap','Custom Pswd Policy');
Insert into LANGUAGE_MAPPING (ID,LANGUAGE_ID,REFERENCE_ID,REFERENCE_TYPE,TEXT_VALUE) values ('ATTRIBUTE_POLICY_DESC','1','ATTRIBUTE_POLICY','ResourceEntity.displayNameMap','Attribute Policy');
Insert into LANGUAGE_MAPPING (ID,LANGUAGE_ID,REFERENCE_ID,REFERENCE_TYPE,TEXT_VALUE) values ('POLICY_ATTR_ROOT_DESC','1','POLICY_ATTR_ROOT','ResourceEntity.displayNameMap','Attribute Policy Root Menu');
Insert into LANGUAGE_MAPPING (ID,LANGUAGE_ID,REFERENCE_ID,REFERENCE_TYPE,TEXT_VALUE) values ('NEW_POLICY_ATTR_DESC','1','NEW_POLICY_ATTR','ResourceEntity.displayNameMap','New Attribute Policy');
Insert into LANGUAGE_MAPPING (ID,LANGUAGE_ID,REFERENCE_ID,REFERENCE_TYPE,TEXT_VALUE) values ('EDIT_POLICY_ATTR_SRCH_BCK_DESC','1','EDIT_POLICY_ATTR_SRCH_BCK','ResourceEntity.displayNameMap','Back to Search');
Insert into LANGUAGE_MAPPING (ID,LANGUAGE_ID,REFERENCE_ID,REFERENCE_TYPE,TEXT_VALUE) values ('RES_APROVER_ASSOC_DN','1','RES_APROVER_ASSOC','ResourceEntity.displayNameMap','Approver Associations');
Insert into LANGUAGE_MAPPING (ID,LANGUAGE_ID,REFERENCE_ID,REFERENCE_TYPE,TEXT_VALUE) values ('GRP_APROVER_ASSOC_DN','1','GRP_APROVER_ASSOC','ResourceEntity.displayNameMap','Approver Associations');
Insert into LANGUAGE_MAPPING (ID,LANGUAGE_ID,REFERENCE_ID,REFERENCE_TYPE,TEXT_VALUE) values ('ROLE_APROVER_ASSOC_DN','1','ROLE_APROVER_ASSOC','ResourceEntity.displayNameMap','Approver Associations');
Insert into LANGUAGE_MAPPING (ID,LANGUAGE_ID,REFERENCE_ID,REFERENCE_TYPE,TEXT_VALUE) values ('SYNCLOG_DESC','1','SYNCLOG_MENU_ITEM','ResourceEntity.displayNameMap','Synchronization Transaction Log Viewer');
Insert into LANGUAGE_MAPPING (ID,LANGUAGE_ID,REFERENCE_ID,REFERENCE_TYPE,TEXT_VALUE) values ('SELF_SUB_REPORT_ROOT_DESC','1','SELF_SUB_REPORT_ROOT','ResourceEntity.displayNameMap','Subscribe Report Root Menu');
Insert into LANGUAGE_MAPPING (ID,LANGUAGE_ID,REFERENCE_ID,REFERENCE_TYPE,TEXT_VALUE) values ('SELFSER_USER_NEW_LOGIN_DESC','1','SELFSER_USER_NEW_LOGIN','ResourceEntity.displayNameMap','Create New Identity');
Insert into LANGUAGE_MAPPING (ID,LANGUAGE_ID,REFERENCE_ID,REFERENCE_TYPE,TEXT_VALUE) values ('SS_ACC_MNGMNT_ORG_EDIT_DESC','1','SELF_SUB_ORGS_EDIT','ResourceEntity.displayNameMap','Edit Organization');
Insert into LANGUAGE_MAPPING (ID,LANGUAGE_ID,REFERENCE_ID,REFERENCE_TYPE,TEXT_VALUE) values ('ADMIN_MENU_DISPLAY','1','ADMIN','ResourceEntity.displayNameMap','Administration');
Insert into LANGUAGE_MAPPING (ID,LANGUAGE_ID,REFERENCE_ID,REFERENCE_TYPE,TEXT_VALUE) values ('AM_PROV_EDIT_SEARCH_DESC','1','AM_PROV_EDIT_SEARCH','ResourceEntity.displayNameMap','Back to Search');
Insert into LANGUAGE_MAPPING (ID,LANGUAGE_ID,REFERENCE_ID,REFERENCE_TYPE,TEXT_VALUE) values ('ORG_APROVER_ASSOC_DN','1','ORG_APROVER_ASSOC','ResourceEntity.displayNameMap','Approver Associations');
Insert into LANGUAGE_MAPPING (ID,LANGUAGE_ID,REFERENCE_ID,REFERENCE_TYPE,TEXT_VALUE) values ('UI_THEME_BACK_SRCH_DN','1','UI_THEME_BACK_SRCH','ResourceEntity.displayNameMap','Back to Search');
Insert into LANGUAGE_MAPPING (ID,LANGUAGE_ID,REFERENCE_ID,REFERENCE_TYPE,TEXT_VALUE) values ('SS_RES_ENT_DN','1','SS_RES_ENT','ResourceEntity.displayNameMap','Entitlements');
Insert into LANGUAGE_MAPPING (ID,LANGUAGE_ID,REFERENCE_ID,REFERENCE_TYPE,TEXT_VALUE) values ('META_TYPE_SEARCH_DESC','1','META_TYPE_SEARCH','ResourceEntity.displayNameMap','MetaData Type Search');
Insert into LANGUAGE_MAPPING (ID,LANGUAGE_ID,REFERENCE_ID,REFERENCE_TYPE,TEXT_VALUE) values ('NEW_AUTH_LVL_GRP_DN','1','NEW_AUTH_LVL_GRP','ResourceEntity.displayNameMap','Create New Grouping');
Insert into LANGUAGE_MAPPING (ID,LANGUAGE_ID,REFERENCE_ID,REFERENCE_TYPE,TEXT_VALUE) values ('IMPERSIONATION_MENU_DESC','1','IMPERSIONATION_MENU','ResourceEntity.displayNameMap','Impersonation');
Insert into LANGUAGE_MAPPING (ID,LANGUAGE_ID,REFERENCE_ID,REFERENCE_TYPE,TEXT_VALUE) values ('IDMAN_MENU_DISPLAY','1','IDMAN','ResourceEntity.displayNameMap','User Admin');
Insert into LANGUAGE_MAPPING (ID,LANGUAGE_ID,REFERENCE_ID,REFERENCE_TYPE,TEXT_VALUE) values ('URI_PATTERN_EDT_PROV_SEARCH_DESC','1','URI_PATTERN_EDT_PROV_SEARCH','ResourceEntity.displayNameMap','Content Provider Search');
Insert into LANGUAGE_MAPPING (ID,LANGUAGE_ID,REFERENCE_ID,REFERENCE_TYPE,TEXT_VALUE) values ('USER_HISTORY_DESC','1','USER_HISTORY','ResourceEntity.displayNameMap','User History');
Insert into LANGUAGE_MAPPING (ID,LANGUAGE_ID,REFERENCE_ID,REFERENCE_TYPE,TEXT_VALUE) values ('USER_RESET_PASSWORD_DESC','1','USER_RESET_PASSWORD','ResourceEntity.displayNameMap','Reset Password');
Insert into LANGUAGE_MAPPING (ID,LANGUAGE_ID,REFERENCE_ID,REFERENCE_TYPE,TEXT_VALUE) values ('POLICY_MENU_DESC','1','PASSWORD_POLICY','ResourceEntity.displayNameMap','Password Policy');
Insert into LANGUAGE_MAPPING (ID,LANGUAGE_ID,REFERENCE_ID,REFERENCE_TYPE,TEXT_VALUE) values ('NEW_AUTHENTICATION_POLICY_DESC','1','NEW_AUTHENTICATION_POLICY','ResourceEntity.displayNameMap','Create New Auth Policy');
Insert into LANGUAGE_MAPPING (ID,LANGUAGE_ID,REFERENCE_ID,REFERENCE_TYPE,TEXT_VALUE) values ('POLICY_ATTR_EDIT_ROOTT_DESC','1','POLICY_ATTR_EDIT_ROOT','ResourceEntity.displayNameMap','Attribute Policy Edit Root Menu');
Insert into LANGUAGE_MAPPING (ID,LANGUAGE_ID,REFERENCE_ID,REFERENCE_TYPE,TEXT_VALUE) values ('SS_USR_EDIT_RT_DESC','1','SELFSERV_USER_EDIT_ROOT','ResourceEntity.displayNameMap','SelfService Edit User Root');
Insert into LANGUAGE_MAPPING (ID,LANGUAGE_ID,REFERENCE_ID,REFERENCE_TYPE,TEXT_VALUE) values ('MNG_SYS_VIEWER_DESC','1','MNG_SYS_VIEWER','ResourceEntity.displayNameMap','Managed System Viewer');
Insert into LANGUAGE_MAPPING (ID,LANGUAGE_ID,REFERENCE_ID,REFERENCE_TYPE,TEXT_VALUE) values ('DEFAULT_USER_TYPE','1','DEFAULT_USER','MetadataTypeEntity.displayNameMap','Default User');
Insert into LANGUAGE_MAPPING (ID,LANGUAGE_ID,REFERENCE_ID,REFERENCE_TYPE,TEXT_VALUE) values ('INTERNAL_USER_TYPE','1','INTERNAL_USER','MetadataTypeEntity.displayNameMap','Internal User');
Insert into LANGUAGE_MAPPING (ID,LANGUAGE_ID,REFERENCE_ID,REFERENCE_TYPE,TEXT_VALUE) values ('META_TYPE_EDIT_RETURN_DESC','1','META_TYPE_EDIT_RETURN','ResourceEntity.displayNameMap','Return to Metadata type');
Insert into LANGUAGE_MAPPING (ID,LANGUAGE_ID,REFERENCE_ID,REFERENCE_TYPE,TEXT_VALUE) values ('ESLanguageEntity1','4','1','LanguageEntity.displayNameMap','Inglés');
Insert into LANGUAGE_MAPPING (ID,LANGUAGE_ID,REFERENCE_ID,REFERENCE_TYPE,TEXT_VALUE) values ('ESElementMigrate101','4','101','MetadataElementEntity.languageMap','Nombre de Vista');
Insert into LANGUAGE_MAPPING (ID,LANGUAGE_ID,REFERENCE_ID,REFERENCE_TYPE,TEXT_VALUE) values ('ESElementMigrate104','4','104','MetadataElementEntity.languageMap','Idioma preferido');
Insert into LANGUAGE_MAPPING (ID,LANGUAGE_ID,REFERENCE_ID,REFERENCE_TYPE,TEXT_VALUE) values ('ESElementMigrate105','4','105','MetadataElementEntity.languageMap','VehicleLicense');
Insert into LANGUAGE_MAPPING (ID,LANGUAGE_ID,REFERENCE_ID,REFERENCE_TYPE,TEXT_VALUE) values ('ESElementMigrate106','4','106','MetadataElementEntity.languageMap','Nombre');
Insert into LANGUAGE_MAPPING (ID,LANGUAGE_ID,REFERENCE_ID,REFERENCE_TYPE,TEXT_VALUE) values ('ESElementMigrate107','4','107','MetadataElementEntity.languageMap','LabeledURI');
Insert into LANGUAGE_MAPPING (ID,LANGUAGE_ID,REFERENCE_ID,REFERENCE_TYPE,TEXT_VALUE) values ('ESElementMigrate108','4','108','MetadataElementEntity.languageMap','Iniciales');
Insert into LANGUAGE_MAPPING (ID,LANGUAGE_ID,REFERENCE_ID,REFERENCE_TYPE,TEXT_VALUE) values ('ESElementMigrate110','4','110','MetadataElementEntity.languageMap','BusinessCategory');
Insert into LANGUAGE_MAPPING (ID,LANGUAGE_ID,REFERENCE_ID,REFERENCE_TYPE,TEXT_VALUE) values ('ESElementMigrate131','4','131','MetadataElementEntity.languageMap','Nombre de Vista');
Insert into LANGUAGE_MAPPING (ID,LANGUAGE_ID,REFERENCE_ID,REFERENCE_TYPE,TEXT_VALUE) values ('ESElementMigrate134','4','134','MetadataElementEntity.languageMap','Idioma preferido');
Insert into LANGUAGE_MAPPING (ID,LANGUAGE_ID,REFERENCE_ID,REFERENCE_TYPE,TEXT_VALUE) values ('ESElementMigrate135','4','135','MetadataElementEntity.languageMap','VehicleLicense');
Insert into LANGUAGE_MAPPING (ID,LANGUAGE_ID,REFERENCE_ID,REFERENCE_TYPE,TEXT_VALUE) values ('ESElementMigrate136','4','136','MetadataElementEntity.languageMap','Nombre');
Insert into LANGUAGE_MAPPING (ID,LANGUAGE_ID,REFERENCE_ID,REFERENCE_TYPE,TEXT_VALUE) values ('ESElementMigrate137','4','137','MetadataElementEntity.languageMap','LabeledURI');
Insert into LANGUAGE_MAPPING (ID,LANGUAGE_ID,REFERENCE_ID,REFERENCE_TYPE,TEXT_VALUE) values ('ESElementMigrate138','4','138','MetadataElementEntity.languageMap','Iniciales');
Insert into LANGUAGE_MAPPING (ID,LANGUAGE_ID,REFERENCE_ID,REFERENCE_TYPE,TEXT_VALUE) values ('ESElementMigrate140','4','140','MetadataElementEntity.languageMap','Nombre de Vista');
Insert into LANGUAGE_MAPPING (ID,LANGUAGE_ID,REFERENCE_ID,REFERENCE_TYPE,TEXT_VALUE) values ('ESElementMigrate150','4','150','MetadataElementEntity.languageMap','Nombre de Vista');
Insert into LANGUAGE_MAPPING (ID,LANGUAGE_ID,REFERENCE_ID,REFERENCE_TYPE,TEXT_VALUE) values ('ESElementMigrate160','4','160','MetadataElementEntity.languageMap','Nombre de Vista');
Insert into LANGUAGE_MAPPING (ID,LANGUAGE_ID,REFERENCE_ID,REFERENCE_TYPE,TEXT_VALUE) values ('ES200','4','200','IdentityQuestionEntity.displayNameMap','Cuáles son los últimos cuatro dígitos de su número de la seguridad social?');
Insert into LANGUAGE_MAPPING (ID,LANGUAGE_ID,REFERENCE_ID,REFERENCE_TYPE,TEXT_VALUE) values ('ES201','4','201','IdentityQuestionEntity.displayNameMap','Cuál es su apellido materno?');
Insert into LANGUAGE_MAPPING (ID,LANGUAGE_ID,REFERENCE_ID,REFERENCE_TYPE,TEXT_VALUE) values ('ES202','4','202','IdentityQuestionEntity.displayNameMap','Dónde estuidaste?');
Insert into LANGUAGE_MAPPING (ID,LANGUAGE_ID,REFERENCE_ID,REFERENCE_TYPE,TEXT_VALUE) values ('ES203','4','203','IdentityQuestionEntity.displayNameMap','Cuál es el nombre de tu mascota?');
Insert into LANGUAGE_MAPPING (ID,LANGUAGE_ID,REFERENCE_ID,REFERENCE_TYPE,TEXT_VALUE) values ('ES204','4','204','IdentityQuestionEntity.displayNameMap','Cuál es tu comida favorita?');
Insert into LANGUAGE_MAPPING (ID,LANGUAGE_ID,REFERENCE_ID,REFERENCE_TYPE,TEXT_VALUE) values ('ES205','4','205','IdentityQuestionEntity.displayNameMap','Cuál es tu color favorito?');
Insert into LANGUAGE_MAPPING (ID,LANGUAGE_ID,REFERENCE_ID,REFERENCE_TYPE,TEXT_VALUE) values ('ES206','4','206','IdentityQuestionEntity.displayNameMap','En qué ciudad naciste?');
Insert into LANGUAGE_MAPPING (ID,LANGUAGE_ID,REFERENCE_ID,REFERENCE_TYPE,TEXT_VALUE) values ('ES207','4','207','IdentityQuestionEntity.displayNameMap','Cual es tu deporte favorito?');
Insert into LANGUAGE_MAPPING (ID,LANGUAGE_ID,REFERENCE_ID,REFERENCE_TYPE,TEXT_VALUE) values ('ES209','4','209','IdentityQuestionEntity.displayNameMap','Cuáles son los últimos digitos de tu licencia de conducir?');
Insert into LANGUAGE_MAPPING (ID,LANGUAGE_ID,REFERENCE_ID,REFERENCE_TYPE,TEXT_VALUE) values ('ES210','4','210','IdentityQuestionEntity.displayNameMap','Cuál es el nombre de tu escuela favorita?');
Insert into LANGUAGE_MAPPING (ID,LANGUAGE_ID,REFERENCE_ID,REFERENCE_TYPE,TEXT_VALUE) values ('ES211','4','211','IdentityQuestionEntity.displayNameMap','Cuál es el nombre de tu primera mascota?');
Insert into LANGUAGE_MAPPING (ID,LANGUAGE_ID,REFERENCE_ID,REFERENCE_TYPE,TEXT_VALUE) values ('ES212','4','212','IdentityQuestionEntity.displayNameMap','Cuál es el nombre de tu película, juego o canción favorita?');
Insert into LANGUAGE_MAPPING (ID,LANGUAGE_ID,REFERENCE_ID,REFERENCE_TYPE,TEXT_VALUE) values ('ES213','4','213','IdentityQuestionEntity.displayNameMap','Cuál es el título de tu libro preferido?');
Insert into LANGUAGE_MAPPING (ID,LANGUAGE_ID,REFERENCE_ID,REFERENCE_TYPE,TEXT_VALUE) values ('ES214','4','214','IdentityQuestionEntity.displayNameMap','Cuál es el nombre de tu primer novio/a?');
Insert into LANGUAGE_MAPPING (ID,LANGUAGE_ID,REFERENCE_ID,REFERENCE_TYPE,TEXT_VALUE) values ('ES215','4','215','IdentityQuestionEntity.displayNameMap','Cuál es el nombre de tu profesor preferido?');
Insert into LANGUAGE_MAPPING (ID,LANGUAGE_ID,REFERENCE_ID,REFERENCE_TYPE,TEXT_VALUE) values ('ES216','4','216','IdentityQuestionEntity.displayNameMap','Cuál es el año y apodo de tu primer coche(Año-Nombre)?');
Insert into LANGUAGE_MAPPING (ID,LANGUAGE_ID,REFERENCE_ID,REFERENCE_TYPE,TEXT_VALUE) values ('ES217','4','217','IdentityQuestionEntity.displayNameMap','Dónde conociste a tu pareja?');
Insert into LANGUAGE_MAPPING (ID,LANGUAGE_ID,REFERENCE_ID,REFERENCE_TYPE,TEXT_VALUE) values ('ES218','4','218','IdentityQuestionEntity.displayNameMap','Cuál es el tipo y nombre de su primera mascota(Tipo-Nombre)?');
Insert into LANGUAGE_MAPPING (ID,LANGUAGE_ID,REFERENCE_ID,REFERENCE_TYPE,TEXT_VALUE) values ('ESElementMigrate260','4','260','MetadataElementEntity.languageMap','BusinessCategory');
Insert into LANGUAGE_MAPPING (ID,LANGUAGE_ID,REFERENCE_ID,REFERENCE_TYPE,TEXT_VALUE) values ('ESElementMigrate261','4','261','MetadataElementEntity.languageMap','StartDate');
Insert into LANGUAGE_MAPPING (ID,LANGUAGE_ID,REFERENCE_ID,REFERENCE_TYPE,TEXT_VALUE) values ('ESElementMigrate262','4','262','MetadataElementEntity.languageMap','EndDate');
Insert into LANGUAGE_MAPPING (ID,LANGUAGE_ID,REFERENCE_ID,REFERENCE_TYPE,TEXT_VALUE) values ('ESElementMigrate300','4','300','MetadataElementEntity.languageMap','name');
Insert into LANGUAGE_MAPPING (ID,LANGUAGE_ID,REFERENCE_ID,REFERENCE_TYPE,TEXT_VALUE) values ('ESElementMigrate301','4','301','MetadataElementEntity.languageMap','distinguishedName');
Insert into LANGUAGE_MAPPING (ID,LANGUAGE_ID,REFERENCE_ID,REFERENCE_TYPE,TEXT_VALUE) values ('ESElementMigrate302','4','302','MetadataElementEntity.languageMap','objectclass');
Insert into LANGUAGE_MAPPING (ID,LANGUAGE_ID,REFERENCE_ID,REFERENCE_TYPE,TEXT_VALUE) values ('ESElementMigrate303','4','303','MetadataElementEntity.languageMap','aliasedObjectName');
Insert into LANGUAGE_MAPPING (ID,LANGUAGE_ID,REFERENCE_ID,REFERENCE_TYPE,TEXT_VALUE) values ('ESElementMigrate304','4','304','MetadataElementEntity.languageMap','cn');
Insert into LANGUAGE_MAPPING (ID,LANGUAGE_ID,REFERENCE_ID,REFERENCE_TYPE,TEXT_VALUE) values ('ESElementMigrate305','4','305','MetadataElementEntity.languageMap','sn');
Insert into LANGUAGE_MAPPING (ID,LANGUAGE_ID,REFERENCE_ID,REFERENCE_TYPE,TEXT_VALUE) values ('ESElementMigrate306','4','306','MetadataElementEntity.languageMap','serialNumber');
Insert into LANGUAGE_MAPPING (ID,LANGUAGE_ID,REFERENCE_ID,REFERENCE_TYPE,TEXT_VALUE) values ('ESElementMigrate307','4','307','MetadataElementEntity.languageMap','c');
Insert into LANGUAGE_MAPPING (ID,LANGUAGE_ID,REFERENCE_ID,REFERENCE_TYPE,TEXT_VALUE) values ('ESElementMigrate308','4','308','MetadataElementEntity.languageMap','l');
Insert into LANGUAGE_MAPPING (ID,LANGUAGE_ID,REFERENCE_ID,REFERENCE_TYPE,TEXT_VALUE) values ('ESElementMigrate309','4','309','MetadataElementEntity.languageMap','st');
Insert into LANGUAGE_MAPPING (ID,LANGUAGE_ID,REFERENCE_ID,REFERENCE_TYPE,TEXT_VALUE) values ('ESElementMigrate310','4','310','MetadataElementEntity.languageMap','street');
Insert into LANGUAGE_MAPPING (ID,LANGUAGE_ID,REFERENCE_ID,REFERENCE_TYPE,TEXT_VALUE) values ('ESElementMigrate311','4','311','MetadataElementEntity.languageMap','o');
Insert into LANGUAGE_MAPPING (ID,LANGUAGE_ID,REFERENCE_ID,REFERENCE_TYPE,TEXT_VALUE) values ('ESElementMigrate312','4','312','MetadataElementEntity.languageMap','ou');
Insert into LANGUAGE_MAPPING (ID,LANGUAGE_ID,REFERENCE_ID,REFERENCE_TYPE,TEXT_VALUE) values ('ESElementMigrate313','4','313','MetadataElementEntity.languageMap','title');
Insert into LANGUAGE_MAPPING (ID,LANGUAGE_ID,REFERENCE_ID,REFERENCE_TYPE,TEXT_VALUE) values ('ESElementMigrate314','4','314','MetadataElementEntity.languageMap','description');
Insert into LANGUAGE_MAPPING (ID,LANGUAGE_ID,REFERENCE_ID,REFERENCE_TYPE,TEXT_VALUE) values ('ESElementMigrate315','4','315','MetadataElementEntity.languageMap','BusinessCategory');
Insert into LANGUAGE_MAPPING (ID,LANGUAGE_ID,REFERENCE_ID,REFERENCE_TYPE,TEXT_VALUE) values ('ESElementMigrate316','4','316','MetadataElementEntity.languageMap','postalAddress');
Insert into LANGUAGE_MAPPING (ID,LANGUAGE_ID,REFERENCE_ID,REFERENCE_TYPE,TEXT_VALUE) values ('ESElementMigrate317','4','317','MetadataElementEntity.languageMap','postalCode');
Insert into LANGUAGE_MAPPING (ID,LANGUAGE_ID,REFERENCE_ID,REFERENCE_TYPE,TEXT_VALUE) values ('ESElementMigrate318','4','318','MetadataElementEntity.languageMap','postOficinaBox');
Insert into LANGUAGE_MAPPING (ID,LANGUAGE_ID,REFERENCE_ID,REFERENCE_TYPE,TEXT_VALUE) values ('ESElementMigrate319','4','319','MetadataElementEntity.languageMap','physicalDeliveryOficinaName');
Insert into LANGUAGE_MAPPING (ID,LANGUAGE_ID,REFERENCE_ID,REFERENCE_TYPE,TEXT_VALUE) values ('ESElementMigrate320','4','320','MetadataElementEntity.languageMap','telephoneNumber');
Insert into LANGUAGE_MAPPING (ID,LANGUAGE_ID,REFERENCE_ID,REFERENCE_TYPE,TEXT_VALUE) values ('ESElementMigrate321','4','321','MetadataElementEntity.languageMap','telexNumber');
Insert into LANGUAGE_MAPPING (ID,LANGUAGE_ID,REFERENCE_ID,REFERENCE_TYPE,TEXT_VALUE) values ('ESElementMigrate322','4','322','MetadataElementEntity.languageMap','teletexTerminalIdentifier');
Insert into LANGUAGE_MAPPING (ID,LANGUAGE_ID,REFERENCE_ID,REFERENCE_TYPE,TEXT_VALUE) values ('ESElementMigrate323','4','323','MetadataElementEntity.languageMap','facsimileTelephoneNumber');
Insert into LANGUAGE_MAPPING (ID,LANGUAGE_ID,REFERENCE_ID,REFERENCE_TYPE,TEXT_VALUE) values ('ESElementMigrate324','4','324','MetadataElementEntity.languageMap','x121Address');
Insert into LANGUAGE_MAPPING (ID,LANGUAGE_ID,REFERENCE_ID,REFERENCE_TYPE,TEXT_VALUE) values ('ESElementMigrate325','4','325','MetadataElementEntity.languageMap','internationaliSDNNumber');
Insert into LANGUAGE_MAPPING (ID,LANGUAGE_ID,REFERENCE_ID,REFERENCE_TYPE,TEXT_VALUE) values ('ESElementMigrate326','4','326','MetadataElementEntity.languageMap','registeredAddress');
Insert into LANGUAGE_MAPPING (ID,LANGUAGE_ID,REFERENCE_ID,REFERENCE_TYPE,TEXT_VALUE) values ('ESElementMigrate327','4','327','MetadataElementEntity.languageMap','destinationIndicator');
Insert into LANGUAGE_MAPPING (ID,LANGUAGE_ID,REFERENCE_ID,REFERENCE_TYPE,TEXT_VALUE) values ('ESElementMigrate328','4','328','MetadataElementEntity.languageMap','preferredDeliveryMethod');
Insert into LANGUAGE_MAPPING (ID,LANGUAGE_ID,REFERENCE_ID,REFERENCE_TYPE,TEXT_VALUE) values ('ESElementMigrate329','4','329','MetadataElementEntity.languageMap','presentationAddress');
Insert into LANGUAGE_MAPPING (ID,LANGUAGE_ID,REFERENCE_ID,REFERENCE_TYPE,TEXT_VALUE) values ('ESElementMigrate330','4','330','MetadataElementEntity.languageMap','supportedApplicationContext');
Insert into LANGUAGE_MAPPING (ID,LANGUAGE_ID,REFERENCE_ID,REFERENCE_TYPE,TEXT_VALUE) values ('ESElementMigrate331','4','331','MetadataElementEntity.languageMap','member');
Insert into LANGUAGE_MAPPING (ID,LANGUAGE_ID,REFERENCE_ID,REFERENCE_TYPE,TEXT_VALUE) values ('ESElementMigrate332','4','332','MetadataElementEntity.languageMap','owner');
Insert into LANGUAGE_MAPPING (ID,LANGUAGE_ID,REFERENCE_ID,REFERENCE_TYPE,TEXT_VALUE) values ('ESElementMigrate333','4','333','MetadataElementEntity.languageMap','roleOccupant');
Insert into LANGUAGE_MAPPING (ID,LANGUAGE_ID,REFERENCE_ID,REFERENCE_TYPE,TEXT_VALUE) values ('ESElementMigrate334','4','334','MetadataElementEntity.languageMap','seeAlso');
Insert into LANGUAGE_MAPPING (ID,LANGUAGE_ID,REFERENCE_ID,REFERENCE_TYPE,TEXT_VALUE) values ('ESElementMigrate335','4','335','MetadataElementEntity.languageMap','userPassword');
Insert into LANGUAGE_MAPPING (ID,LANGUAGE_ID,REFERENCE_ID,REFERENCE_TYPE,TEXT_VALUE) values ('ESElementMigrate336','4','336','MetadataElementEntity.languageMap','userCertificate');
Insert into LANGUAGE_MAPPING (ID,LANGUAGE_ID,REFERENCE_ID,REFERENCE_TYPE,TEXT_VALUE) values ('ESElementMigrate337','4','337','MetadataElementEntity.languageMap','cACertificate');
Insert into LANGUAGE_MAPPING (ID,LANGUAGE_ID,REFERENCE_ID,REFERENCE_TYPE,TEXT_VALUE) values ('ESElementMigrate338','4','338','MetadataElementEntity.languageMap','authorityRevocationList');
Insert into LANGUAGE_MAPPING (ID,LANGUAGE_ID,REFERENCE_ID,REFERENCE_TYPE,TEXT_VALUE) values ('ESElementMigrate339','4','339','MetadataElementEntity.languageMap','certificateRevocationList');
Insert into LANGUAGE_MAPPING (ID,LANGUAGE_ID,REFERENCE_ID,REFERENCE_TYPE,TEXT_VALUE) values ('ESElementMigrate340','4','340','MetadataElementEntity.languageMap','crossCertificatePair');
Insert into LANGUAGE_MAPPING (ID,LANGUAGE_ID,REFERENCE_ID,REFERENCE_TYPE,TEXT_VALUE) values ('ESElementMigrate341','4','341','MetadataElementEntity.languageMap','givenName');
Insert into LANGUAGE_MAPPING (ID,LANGUAGE_ID,REFERENCE_ID,REFERENCE_TYPE,TEXT_VALUE) values ('ESElementMigrate342','4','342','MetadataElementEntity.languageMap','Iniciales');
Insert into LANGUAGE_MAPPING (ID,LANGUAGE_ID,REFERENCE_ID,REFERENCE_TYPE,TEXT_VALUE) values ('ESElementMigrate343','4','343','MetadataElementEntity.languageMap','generationQualifier');
Insert into LANGUAGE_MAPPING (ID,LANGUAGE_ID,REFERENCE_ID,REFERENCE_TYPE,TEXT_VALUE) values ('ESElementMigrate344','4','344','MetadataElementEntity.languageMap','x500UniqueIdentifier');
Insert into LANGUAGE_MAPPING (ID,LANGUAGE_ID,REFERENCE_ID,REFERENCE_TYPE,TEXT_VALUE) values ('ESElementMigrate346','4','346','MetadataElementEntity.languageMap','uniqueMember');
Insert into LANGUAGE_MAPPING (ID,LANGUAGE_ID,REFERENCE_ID,REFERENCE_TYPE,TEXT_VALUE) values ('ESElementMigrate347','4','347','MetadataElementEntity.languageMap','houseIdentifier');
Insert into LANGUAGE_MAPPING (ID,LANGUAGE_ID,REFERENCE_ID,REFERENCE_TYPE,TEXT_VALUE) values ('ESElementMigrate348','4','348','MetadataElementEntity.languageMap','uid');
Insert into LANGUAGE_MAPPING (ID,LANGUAGE_ID,REFERENCE_ID,REFERENCE_TYPE,TEXT_VALUE) values ('ESElementMigrate349','4','349','MetadataElementEntity.languageMap','mail');
Insert into LANGUAGE_MAPPING (ID,LANGUAGE_ID,REFERENCE_ID,REFERENCE_TYPE,TEXT_VALUE) values ('ESElementMigrate350','4','350','MetadataElementEntity.languageMap','ref');
Insert into LANGUAGE_MAPPING (ID,LANGUAGE_ID,REFERENCE_ID,REFERENCE_TYPE,TEXT_VALUE) values ('ESElementMigrate351','4','351','MetadataElementEntity.languageMap','referral');
Insert into LANGUAGE_MAPPING (ID,LANGUAGE_ID,REFERENCE_ID,REFERENCE_TYPE,TEXT_VALUE) values ('ESElementMigrate352','4','352','MetadataElementEntity.languageMap','krbName');
Insert into LANGUAGE_MAPPING (ID,LANGUAGE_ID,REFERENCE_ID,REFERENCE_TYPE,TEXT_VALUE) values ('ESLanguageEntity4','4','4','LanguageEntity.displayNameMap','Español');
Insert into LANGUAGE_MAPPING (ID,LANGUAGE_ID,REFERENCE_ID,REFERENCE_TYPE,TEXT_VALUE) values ('ESElementMigrate401','4','401','MetadataElementEntity.languageMap','SUBMIT_USER_TO_CONNECTOR');
Insert into LANGUAGE_MAPPING (ID,LANGUAGE_ID,REFERENCE_ID,REFERENCE_TYPE,TEXT_VALUE) values ('ESElementMigrate402','4','402','MetadataElementEntity.languageMap','INCLUDE_IN_PASSWORD_SYNC');
Insert into LANGUAGE_MAPPING (ID,LANGUAGE_ID,REFERENCE_ID,REFERENCE_TYPE,TEXT_VALUE) values ('ESElementMigrate405','4','405','MetadataElementEntity.languageMap','INCLUDE_IN_SYNC');
Insert into LANGUAGE_MAPPING (ID,LANGUAGE_ID,REFERENCE_ID,REFERENCE_TYPE,TEXT_VALUE) values ('ESElementMigrate406','4','406','MetadataElementEntity.languageMap','TABLE_NAME');
Insert into LANGUAGE_MAPPING (ID,LANGUAGE_ID,REFERENCE_ID,REFERENCE_TYPE,TEXT_VALUE) values ('ESElementMigrate407','4','407','MetadataElementEntity.languageMap','GROUP_MEMBERSHIP_ENABLED');
Insert into LANGUAGE_MAPPING (ID,LANGUAGE_ID,REFERENCE_ID,REFERENCE_TYPE,TEXT_VALUE) values ('ESElementMigrate408','4','408','MetadataElementEntity.languageMap','ON_DELETE');
Insert into LANGUAGE_MAPPING (ID,LANGUAGE_ID,REFERENCE_ID,REFERENCE_TYPE,TEXT_VALUE) values ('ESElementMigrate409','4','409','MetadataElementEntity.languageMap','PRE_PROCESS');
Insert into LANGUAGE_MAPPING (ID,LANGUAGE_ID,REFERENCE_ID,REFERENCE_TYPE,TEXT_VALUE) values ('ESElementMigrate410','4','410','MetadataElementEntity.languageMap','POST_PROCESS');
Insert into LANGUAGE_MAPPING (ID,LANGUAGE_ID,REFERENCE_ID,REFERENCE_TYPE,TEXT_VALUE) values ('ESElementMigrate411','4','411','MetadataElementEntity.languageMap','HOST_URL');
Insert into LANGUAGE_MAPPING (ID,LANGUAGE_ID,REFERENCE_ID,REFERENCE_TYPE,TEXT_VALUE) values ('ESElementMigrate412','4','412','MetadataElementEntity.languageMap','BASE_DN');
Insert into LANGUAGE_MAPPING (ID,LANGUAGE_ID,REFERENCE_ID,REFERENCE_TYPE,TEXT_VALUE) values ('ESElementMigrate413','4','413','MetadataElementEntity.languageMap','HOST_LOGIN ID');
Insert into LANGUAGE_MAPPING (ID,LANGUAGE_ID,REFERENCE_ID,REFERENCE_TYPE,TEXT_VALUE) values ('ESElementMigrate415','4','415','MetadataElementEntity.languageMap','COMMUNICATION_PROTOCOL');
Insert into LANGUAGE_MAPPING (ID,LANGUAGE_ID,REFERENCE_ID,REFERENCE_TYPE,TEXT_VALUE) values ('ESElementMigrate416','4','416','MetadataElementEntity.languageMap','OBJECT_CLASS');
Insert into LANGUAGE_MAPPING (ID,LANGUAGE_ID,REFERENCE_ID,REFERENCE_TYPE,TEXT_VALUE) values ('ESElementMigrate418','4','418','MetadataElementEntity.languageMap','SEARCH_ATTRIBUTE');
Insert into LANGUAGE_MAPPING (ID,LANGUAGE_ID,REFERENCE_ID,REFERENCE_TYPE,TEXT_VALUE) values ('ESElementMigrate419','4','419','MetadataElementEntity.languageMap','MANAGED_SYS_ID');
Insert into LANGUAGE_MAPPING (ID,LANGUAGE_ID,REFERENCE_ID,REFERENCE_TYPE,TEXT_VALUE) values ('ESElementMigrate420','4','420','MetadataElementEntity.languageMap','DN_ATTRIBUTE');
Insert into LANGUAGE_MAPPING (ID,LANGUAGE_ID,REFERENCE_ID,REFERENCE_TYPE,TEXT_VALUE) values ('ESElementMigrate421','4','421','MetadataElementEntity.languageMap','PASSWORD');
Insert into LANGUAGE_MAPPING (ID,LANGUAGE_ID,REFERENCE_ID,REFERENCE_TYPE,TEXT_VALUE) values ('ESElementMigrate430','4','430','MetadataElementEntity.languageMap','END_POINT');
Insert into LANGUAGE_MAPPING (ID,LANGUAGE_ID,REFERENCE_ID,REFERENCE_TYPE,TEXT_VALUE) values ('ESElementMigrate440','4','440','MetadataElementEntity.languageMap','OPERATION_NAME');
Insert into LANGUAGE_MAPPING (ID,LANGUAGE_ID,REFERENCE_ID,REFERENCE_TYPE,TEXT_VALUE) values ('ESElementMigrate450','4','450','MetadataElementEntity.languageMap','URL');
Insert into LANGUAGE_MAPPING (ID,LANGUAGE_ID,REFERENCE_ID,REFERENCE_TYPE,TEXT_VALUE) values ('ESABOUT_DESC','4','ABOUT','ResourceEntity.displayNameMap','Acerca de OpenIAM');
Insert into LANGUAGE_MAPPING (ID,LANGUAGE_ID,REFERENCE_ID,REFERENCE_TYPE,TEXT_VALUE) values ('ESABOUT_ROOT_MENU_DESC','4','ABOUT_ROOT_MENU','ResourceEntity.displayNameMap','Acerca de OpenIAM');
Insert into LANGUAGE_MAPPING (ID,LANGUAGE_ID,REFERENCE_ID,REFERENCE_TYPE,TEXT_VALUE) values ('ESACCESSCENTER_MENU_DISPLAY','4','ACCESSCENTER','ResourceEntity.displayNameMap','Gestión de Acceso');
Insert into LANGUAGE_MAPPING (ID,LANGUAGE_ID,REFERENCE_ID,REFERENCE_TYPE,TEXT_VALUE) values ('ESMetadataTypeEntity1','4','ACCNT','MetadataTypeEntity.displayNameMap','Cuenta');
Insert into LANGUAGE_MAPPING (ID,LANGUAGE_ID,REFERENCE_ID,REFERENCE_TYPE,TEXT_VALUE) values ('ESACC_CONTROL_MENU_DISPLAY','4','ACC_CONTROL','ResourceEntity.displayNameMap','Control de Acceso');
Insert into LANGUAGE_MAPPING (ID,LANGUAGE_ID,REFERENCE_ID,REFERENCE_TYPE,TEXT_VALUE) values ('ESMetadataTypeEntity2','4','ACTIVE','MetadataTypeEntity.displayNameMap','ACTIVO');
Insert into LANGUAGE_MAPPING (ID,LANGUAGE_ID,REFERENCE_ID,REFERENCE_TYPE,TEXT_VALUE) values ('ESMetadataTypeEntity3','4','ADGroup','MetadataTypeEntity.displayNameMap','Tipo de uario AD');
Insert into LANGUAGE_MAPPING (ID,LANGUAGE_ID,REFERENCE_ID,REFERENCE_TYPE,TEXT_VALUE) values ('ESMetadataTypeEntity4','4','ADMGP','MetadataTypeEntity.displayNameMap','Grupo Admin');
Insert into LANGUAGE_MAPPING (ID,LANGUAGE_ID,REFERENCE_ID,REFERENCE_TYPE,TEXT_VALUE) values ('ESMetadataTypeEntity5','4','ADMIN','MetadataTypeEntity.displayNameMap','Administrador');
Insert into LANGUAGE_MAPPING (ID,LANGUAGE_ID,REFERENCE_ID,REFERENCE_TYPE,TEXT_VALUE) values ('ESADMIN_MENU_DISPLAY','4','ADMIN','ResourceEntity.displayNameMap','Administración');
Insert into LANGUAGE_MAPPING (ID,LANGUAGE_ID,REFERENCE_ID,REFERENCE_TYPE,TEXT_VALUE) values ('ESADMIN_BATCH_TASKS_DESC','4','ADMIN_BATCH_TASKS','ResourceEntity.displayNameMap','Tareas Programadas');
Insert into LANGUAGE_MAPPING (ID,LANGUAGE_ID,REFERENCE_ID,REFERENCE_TYPE,TEXT_VALUE) values ('ESMetadataTypeEntity6','4','ADMIN_RESOURCE','MetadataTypeEntity.displayNameMap','Recurso Admin');
Insert into LANGUAGE_MAPPING (ID,LANGUAGE_ID,REFERENCE_ID,REFERENCE_TYPE,TEXT_VALUE) values ('ESADMIN_RESOURCE','4','ADMIN_RESOURCE','ResourceTypeEntity.displayNameMap','Recurso Admin');
Insert into LANGUAGE_MAPPING (ID,LANGUAGE_ID,REFERENCE_ID,REFERENCE_TYPE,TEXT_VALUE) values ('ESMetadataTypeEntity7','4','ADUser','MetadataTypeEntity.displayNameMap','Tipo de usuario AD');
Insert into LANGUAGE_MAPPING (ID,LANGUAGE_ID,REFERENCE_ID,REFERENCE_TYPE,TEXT_VALUE) values ('ESMetadataTypeEntity8','4','AD_Connector','MetadataTypeEntity.displayNameMap','Conector Active Directorio');
Insert into LANGUAGE_MAPPING (ID,LANGUAGE_ID,REFERENCE_ID,REFERENCE_TYPE,TEXT_VALUE) values ('ESMetadataTypeEntity9','4','AD_GROUP_TYPE','MetadataTypeEntity.displayNameMap','TIPO DE GRUPO AD');
Insert into LANGUAGE_MAPPING (ID,LANGUAGE_ID,REFERENCE_ID,REFERENCE_TYPE,TEXT_VALUE) values ('ESAM_PROV_AM_ATTR_DESC','4','AM_PROV_AM_ATTR','ResourceEntity.displayNameMap','Solicitud de Atributos');
Insert into LANGUAGE_MAPPING (ID,LANGUAGE_ID,REFERENCE_ID,REFERENCE_TYPE,TEXT_VALUE) values ('ESAM_PROV_EDIT_DESC','4','AM_PROV_EDIT','ResourceEntity.displayNameMap','Proveedor de autenticación de edición de Menu');
Insert into LANGUAGE_MAPPING (ID,LANGUAGE_ID,REFERENCE_ID,REFERENCE_TYPE,TEXT_VALUE) values ('ESAM_PROV_EDIT_CURRENT_DESC','4','AM_PROV_EDIT_CURRENT','ResourceEntity.displayNameMap','Editar Proveedor');
Insert into LANGUAGE_MAPPING (ID,LANGUAGE_ID,REFERENCE_ID,REFERENCE_TYPE,TEXT_VALUE) values ('ESAM_PROV_EDIT_SEARCH_DESC','4','AM_PROV_EDIT_SEARCH','ResourceEntity.displayNameMap','Volver a buscar');
Insert into LANGUAGE_MAPPING (ID,LANGUAGE_ID,REFERENCE_ID,REFERENCE_TYPE,TEXT_VALUE) values ('ESAM_PROV_NEW_DSC','4','AM_PROV_NEW','ResourceEntity.displayNameMap','Crear Nuevo Proveedor');
Insert into LANGUAGE_MAPPING (ID,LANGUAGE_ID,REFERENCE_ID,REFERENCE_TYPE,TEXT_VALUE) values ('ESAM_PROV_NEW_EDIT_PUB_DESC','4','AM_PROV_NEW_EDIT','ResourceEntity.displayNameMap','Crear Nuevo Proveedor');
Insert into LANGUAGE_MAPPING (ID,LANGUAGE_ID,REFERENCE_ID,REFERENCE_TYPE,TEXT_VALUE) values ('ESAM_PROV_ROOT_DESC','4','AM_PROV_ROOT','ResourceEntity.displayNameMap','Proveedor autenticación Menú raíz');
Insert into LANGUAGE_MAPPING (ID,LANGUAGE_ID,REFERENCE_ID,REFERENCE_TYPE,TEXT_VALUE) values ('ESAM_PROV_SEARCH_DESC','4','AM_PROV_SEARCH','ResourceEntity.displayNameMap','Buscar Proveedores');
Insert into LANGUAGE_MAPPING (ID,LANGUAGE_ID,REFERENCE_ID,REFERENCE_TYPE,TEXT_VALUE) values ('ESAM_PROV_SEARCH_CHILD_PUB_DESC','4','AM_PROV_SEARCH_CHILD','ResourceEntity.displayNameMap','Proveedor autenticación');
Insert into LANGUAGE_MAPPING (ID,LANGUAGE_ID,REFERENCE_ID,REFERENCE_TYPE,TEXT_VALUE) values ('ESMetadataTypeEntity11','4','APPROVAL_DECLINED','MetadataTypeEntity.displayNameMap','APPROVAL_DECLINED');
Insert into LANGUAGE_MAPPING (ID,LANGUAGE_ID,REFERENCE_ID,REFERENCE_TYPE,TEXT_VALUE) values ('ESASSOC_POLICY_DESC','4','ASSOC_POLICY','ResourceEntity.displayNameMap','Política Asociada');
Insert into LANGUAGE_MAPPING (ID,LANGUAGE_ID,REFERENCE_ID,REFERENCE_TYPE,TEXT_VALUE) values ('ESMetadataTypeEntity12','4','ATTR','MetadataTypeEntity.displayNameMap','Atributo');
Insert into LANGUAGE_MAPPING (ID,LANGUAGE_ID,REFERENCE_ID,REFERENCE_TYPE,TEXT_VALUE) values ('ESATTRIBUTE_POLICY_DESC','4','ATTRIBUTE_POLICY','ResourceEntity.displayNameMap','Política de Atributo');
Insert into LANGUAGE_MAPPING (ID,LANGUAGE_ID,REFERENCE_ID,REFERENCE_TYPE,TEXT_VALUE) values ('ESAUDITREPORT_MENU_DISPLAY','4','AUDITREPORT','ResourceEntity.displayNameMap','Informes de Auditoría');
Insert into LANGUAGE_MAPPING (ID,LANGUAGE_ID,REFERENCE_ID,REFERENCE_TYPE,TEXT_VALUE) values ('ESAUDIT_RPT_MENU_DISPLAY','4','AUDIT_RPT','ResourceEntity.displayNameMap','Informe de Auditoría');
Insert into LANGUAGE_MAPPING (ID,LANGUAGE_ID,REFERENCE_ID,REFERENCE_TYPE,TEXT_VALUE) values ('ESAUTH_POLICY_MENU_DESC','4','AUTHENTICATION_POLICY','ResourceEntity.displayNameMap','Política de Autenticación');
Insert into LANGUAGE_MAPPING (ID,LANGUAGE_ID,REFERENCE_ID,REFERENCE_TYPE,TEXT_VALUE) values ('ESAUTH_POLICY_ROOT_MENU_DESC','4','AUTHENTICATION_POLICY_ROOT_MENU','ResourceEntity.displayNameMap','Política autenticación Menú raíz');
Insert into LANGUAGE_MAPPING (ID,LANGUAGE_ID,REFERENCE_ID,REFERENCE_TYPE,TEXT_VALUE) values ('ESMetadataTypeEntity13','4','AUTHENTICATION_PROVIDER','MetadataTypeEntity.displayNameMap','Proveedor autenticación');
Insert into LANGUAGE_MAPPING (ID,LANGUAGE_ID,REFERENCE_ID,REFERENCE_TYPE,TEXT_VALUE) values ('ESAUTH_LEVEL_GRP_DN','4','AUTH_LEVEL_GRP','ResourceEntity.displayNameMap','Grupos autenticación');
Insert into LANGUAGE_MAPPING (ID,LANGUAGE_ID,REFERENCE_ID,REFERENCE_TYPE,TEXT_VALUE) values ('ESAUTH_LVL_GRP_ATTR_DN','4','AUTH_LVL_GRP_ATTR','ResourceEntity.displayNameMap','Atributo de Nivel de Agrupación de Autenticación Root');
Insert into LANGUAGE_MAPPING (ID,LANGUAGE_ID,REFERENCE_ID,REFERENCE_TYPE,TEXT_VALUE) values ('ESAUTH_LVL_GRP_EDIT_ROOT_DN','4','AUTH_LVL_GRP_EDIT_ROOT','ResourceEntity.displayNameMap','Edición de Nivel de Agrupación de Autenticación Root');
Insert into LANGUAGE_MAPPING (ID,LANGUAGE_ID,REFERENCE_ID,REFERENCE_TYPE,TEXT_VALUE) values ('ESAUTH_LVL_GRP_NEW_ROOT_DN','4','AUTH_LVL_GRP_NEW_ROOT','ResourceEntity.displayNameMap','Autenticación de Nivel de Agrupación Root');
Insert into LANGUAGE_MAPPING (ID,LANGUAGE_ID,REFERENCE_ID,REFERENCE_TYPE,TEXT_VALUE) values ('ESAUTH_PROVIDER','4','AUTH_PROVIDER','ResourceTypeEntity.displayNameMap','Proveedor autenticación');
Insert into LANGUAGE_MAPPING (ID,LANGUAGE_ID,REFERENCE_ID,REFERENCE_TYPE,TEXT_VALUE) values ('ESMetadataTypeEntity14','4','AUTH_REPO','MetadataTypeEntity.displayNameMap','Repositorio autenticación');
Insert into LANGUAGE_MAPPING (ID,LANGUAGE_ID,REFERENCE_ID,REFERENCE_TYPE,TEXT_VALUE) values ('ESAUTH_REPO','4','AUTH_REPO','ResourceTypeEntity.displayNameMap','Repositorio autenticación');
Insert into LANGUAGE_MAPPING (ID,LANGUAGE_ID,REFERENCE_ID,REFERENCE_TYPE,TEXT_VALUE) values ('ESBACK_TO_AUTH_LVL_DN','4','BACK_TO_AUTH_LVL','ResourceEntity.displayNameMap','Volver a la Agrupación');
Insert into LANGUAGE_MAPPING (ID,LANGUAGE_ID,REFERENCE_ID,REFERENCE_TYPE,TEXT_VALUE) values ('ESBACK_TO_AUTH_LVL_GRP_SRH_DN','4','BACK_TO_AUTH_LVL_GRP_SRH','ResourceEntity.displayNameMap','Volver a la Busqueda');
Insert into LANGUAGE_MAPPING (ID,LANGUAGE_ID,REFERENCE_ID,REFERENCE_TYPE,TEXT_VALUE) values ('ESBACK_TO_CP_DESC','4','BACK_TO_CP','ResourceEntity.displayNameMap','Volver al Proveedor de Contenido');
Insert into LANGUAGE_MAPPING (ID,LANGUAGE_ID,REFERENCE_ID,REFERENCE_TYPE,TEXT_VALUE) values ('ESBATCH_PROC_MENU_DISPLAY','4','BATCH_PROC','ResourceEntity.displayNameMap','Tareas Programadas');
Insert into LANGUAGE_MAPPING (ID,LANGUAGE_ID,REFERENCE_ID,REFERENCE_TYPE,TEXT_VALUE) values ('ESBATCH_TASK_EDIT_DESC','4','BATCH_TASK_EDIT','ResourceEntity.displayNameMap','Editar Tareas Programadas');
Insert into LANGUAGE_MAPPING (ID,LANGUAGE_ID,REFERENCE_ID,REFERENCE_TYPE,TEXT_VALUE) values ('ESBATCH_TASK_ROOT_DESC','4','BATCH_TASK_ROOT','ResourceEntity.displayNameMap','Tareas Programadas Root');
Insert into LANGUAGE_MAPPING (ID,LANGUAGE_ID,REFERENCE_ID,REFERENCE_TYPE,TEXT_VALUE) values ('ESMetadataTypeEntity15','4','BL','MetadataTypeEntity.displayNameMap','Desabilitado');
Insert into LANGUAGE_MAPPING (ID,LANGUAGE_ID,REFERENCE_ID,REFERENCE_TYPE,TEXT_VALUE) values ('ESBULK_OPS_DESC','4','BULK_OPS','ResourceEntity.displayNameMap','Operaciones masivas');
Insert into LANGUAGE_MAPPING (ID,LANGUAGE_ID,REFERENCE_ID,REFERENCE_TYPE,TEXT_VALUE) values ('ESMetadataTypeEntity16','4','CELL_PHONE','MetadataTypeEntity.displayNameMap','Móvil');
Insert into LANGUAGE_MAPPING (ID,LANGUAGE_ID,REFERENCE_ID,REFERENCE_TYPE,TEXT_VALUE) values ('ESCHALLENGE_MENU_DISPLAY','4','CHALLENGE','ResourceEntity.displayNameMap','Pregunta de Seguridad');
Insert into LANGUAGE_MAPPING (ID,LANGUAGE_ID,REFERENCE_ID,REFERENCE_TYPE,TEXT_VALUE) values ('ESCHALLENGE_RESP_QUESTION_DESC','4','CHALLENGE_RESPONSE_QUESTION','ResourceEntity.displayNameMap','Pregunta de Seguridad');
Insert into LANGUAGE_MAPPING (ID,LANGUAGE_ID,REFERENCE_ID,REFERENCE_TYPE,TEXT_VALUE) values ('ESCHALL_RESP_QUESTION_NEW_DSC','4','CHALLENGE_RESPONSE_QUESTION_NEW','ResourceEntity.displayNameMap','Crear Nueva Pregunta');
Insert into LANGUAGE_MAPPING (ID,LANGUAGE_ID,REFERENCE_ID,REFERENCE_TYPE,TEXT_VALUE) values ('ESCHALLENGE_RESP_QUEST_ROOT_DESC','4','CHALLENGE_RESPONSE_QUESTION_ROOT','ResourceEntity.displayNameMap','Menu Root de Pregunta de Seguridad');
Insert into LANGUAGE_MAPPING (ID,LANGUAGE_ID,REFERENCE_ID,REFERENCE_TYPE,TEXT_VALUE) values ('ESMetadataTypeEntity17','4','CHECKBOX','MetadataTypeEntity.displayNameMap','Checkbox');
Insert into LANGUAGE_MAPPING (ID,LANGUAGE_ID,REFERENCE_ID,REFERENCE_TYPE,TEXT_VALUE) values ('ESCHNGPSWD_MENU_DISPLAY','4','CHNGPSWD','ResourceEntity.displayNameMap','Cambiar Password');
Insert into LANGUAGE_MAPPING (ID,LANGUAGE_ID,REFERENCE_ID,REFERENCE_TYPE,TEXT_VALUE) values ('ESCONF_POLICY_PAGE_DIS','4','CONF_POLICY_PAGE','ResourceEntity.displayNameMap','Configurar Política TI');
Insert into LANGUAGE_MAPPING (ID,LANGUAGE_ID,REFERENCE_ID,REFERENCE_TYPE,TEXT_VALUE) values ('ESMetadataTypeEntity18','4','CONTENT_PROVIDER','MetadataTypeEntity.displayNameMap','Proveedor de Contenido');
Insert into LANGUAGE_MAPPING (ID,LANGUAGE_ID,REFERENCE_ID,REFERENCE_TYPE,TEXT_VALUE) values ('ESCONTENT_PROVIDER','4','CONTENT_PROVIDER','ResourceTypeEntity.displayNameMap','Proveedor de Contenido');
Insert into LANGUAGE_MAPPING (ID,LANGUAGE_ID,REFERENCE_ID,REFERENCE_TYPE,TEXT_VALUE) values ('ESCONTENT_PROV_EDIT_DESC','4','CONTENT_PROV_EDIT','ResourceEntity.displayNameMap','Edición de Menú de Proveedor de Contenido');
Insert into LANGUAGE_MAPPING (ID,LANGUAGE_ID,REFERENCE_ID,REFERENCE_TYPE,TEXT_VALUE) values ('ESCONTENT_PROV_EDIT_CURRENT_DESC','4','CONTENT_PROV_EDIT_CURRENT','ResourceEntity.displayNameMap','Editar Proveedor');
Insert into LANGUAGE_MAPPING (ID,LANGUAGE_ID,REFERENCE_ID,REFERENCE_TYPE,TEXT_VALUE) values ('ESCONTENT_PROV_EDIT_SEARCH_DESC','4','CONTENT_PROV_EDIT_SEARCH','ResourceEntity.displayNameMap','Volver a la Busqueda');
Insert into LANGUAGE_MAPPING (ID,LANGUAGE_ID,REFERENCE_ID,REFERENCE_TYPE,TEXT_VALUE) values ('ESCONTENT_PROV_NEW_DSC','4','CONTENT_PROV_NEW','ResourceEntity.displayNameMap','Crear Proveedor Nuevo');
Insert into LANGUAGE_MAPPING (ID,LANGUAGE_ID,REFERENCE_ID,REFERENCE_TYPE,TEXT_VALUE) values ('ESCONTENT_PROV_NEW_EDIT_DESC','4','CONTENT_PROV_NEW_EDIT','ResourceEntity.displayNameMap','Crear Proveedor Nuevo');
Insert into LANGUAGE_MAPPING (ID,LANGUAGE_ID,REFERENCE_ID,REFERENCE_TYPE,TEXT_VALUE) values ('ESCONTENT_PROV_ROOT_DESC','4','CONTENT_PROV_ROOT','ResourceEntity.displayNameMap','Menú Root de Proveedor de Contenido');
Insert into LANGUAGE_MAPPING (ID,LANGUAGE_ID,REFERENCE_ID,REFERENCE_TYPE,TEXT_VALUE) values ('ESCONTENT_PROV_SEARCH_DESC','4','CONTENT_PROV_SEARCH','ResourceEntity.displayNameMap','Buscar Proveedor');
Insert into LANGUAGE_MAPPING (ID,LANGUAGE_ID,REFERENCE_ID,REFERENCE_TYPE,TEXT_VALUE) values ('ESCONTENT_PROV_SEARCH_CHILD_DESC','4','CONTENT_PROV_SEARCH_CHILD','ResourceEntity.displayNameMap','Proveedor de Contenidos');
Insert into LANGUAGE_MAPPING (ID,LANGUAGE_ID,REFERENCE_ID,REFERENCE_TYPE,TEXT_VALUE) values ('ESMetadataTypeEntity19','4','Contractor','MetadataTypeEntity.displayNameMap','Tipo de Usario Contratista');
Insert into LANGUAGE_MAPPING (ID,LANGUAGE_ID,REFERENCE_ID,REFERENCE_TYPE,TEXT_VALUE) values ('ESCREATEREQ_MENU_DISPLAY','4','CREATEREQ','ResourceEntity.displayNameMap','Crear Solicitud');
Insert into LANGUAGE_MAPPING (ID,LANGUAGE_ID,REFERENCE_ID,REFERENCE_TYPE,TEXT_VALUE) values ('ESCR_RES_DISP_NAME','4','CREATE_RESOURCE_MENU','ResourceEntity.displayNameMap','Crear Recurso Nuevo');
Insert into LANGUAGE_MAPPING (ID,LANGUAGE_ID,REFERENCE_ID,REFERENCE_TYPE,TEXT_VALUE) values ('ESCUSTOM_FIELD_EDIT_DESC','4','CUSTOM_FIELD_EDIT','ResourceEntity.displayNameMap','Menú de Edición de Campo Personalizado');
Insert into LANGUAGE_MAPPING (ID,LANGUAGE_ID,REFERENCE_ID,REFERENCE_TYPE,TEXT_VALUE) values ('ESCUSTOM_FIELD_EDIT_NEW_DESC','4','CUSTOM_FIELD_EDIT_NEW','ResourceEntity.displayNameMap','Crear Campo Pers.');
Insert into LANGUAGE_MAPPING (ID,LANGUAGE_ID,REFERENCE_ID,REFERENCE_TYPE,TEXT_VALUE) values ('ESCUSTOM_FIELD_EDIT_SEARCH_DESC','4','CUSTOM_FIELD_EDIT_SEARCH','ResourceEntity.displayNameMap','Volver a la Busqueda');
Insert into LANGUAGE_MAPPING (ID,LANGUAGE_ID,REFERENCE_ID,REFERENCE_TYPE,TEXT_VALUE) values ('ESCUSTOM_FIELD_NEW_DSC','4','CUSTOM_FIELD_NEW','ResourceEntity.displayNameMap','Crear Campo Pers.');
Insert into LANGUAGE_MAPPING (ID,LANGUAGE_ID,REFERENCE_ID,REFERENCE_TYPE,TEXT_VALUE) values ('ESCUSTOM_FIELD_ROOT_DESC','4','CUSTOM_FIELD_ROOT','ResourceEntity.displayNameMap','Menú Root de Campo Personalizado');
Insert into LANGUAGE_MAPPING (ID,LANGUAGE_ID,REFERENCE_ID,REFERENCE_TYPE,TEXT_VALUE) values ('ESCUSTOM_FIELD_SEARCH_DESC','4','CUSTOM_FIELD_SEARCH','ResourceEntity.displayNameMap','Buscar Campos Pers.');
Insert into LANGUAGE_MAPPING (ID,LANGUAGE_ID,REFERENCE_ID,REFERENCE_TYPE,TEXT_VALUE) values ('ESCUSTOM_FIELD_SEARCH_CHILD_DESC','4','CUSTOM_FIELD_SEARCH_CHILD','ResourceEntity.displayNameMap','Campos Personalizados');
Insert into LANGUAGE_MAPPING (ID,LANGUAGE_ID,REFERENCE_ID,REFERENCE_TYPE,TEXT_VALUE) values ('ESMetadataTypeEntity21','4','DATE','MetadataTypeEntity.displayNameMap','Fecha de Campo');
Insert into LANGUAGE_MAPPING (ID,LANGUAGE_ID,REFERENCE_ID,REFERENCE_TYPE,TEXT_VALUE) values ('ESMetadataTypeEntity22','4','DEFAULT_GROUP','MetadataTypeEntity.displayNameMap','TIPO DE GRUPO PREDETERMINADO');
Insert into LANGUAGE_MAPPING (ID,LANGUAGE_ID,REFERENCE_ID,REFERENCE_TYPE,TEXT_VALUE) values ('ESDEFAULT_USER_TYPE','4','DEFAULT_USER','MetadataTypeEntity.displayNameMap','Usuario Predeterminado');
Insert into LANGUAGE_MAPPING (ID,LANGUAGE_ID,REFERENCE_ID,REFERENCE_TYPE,TEXT_VALUE) values ('ESMetadataTypeEntity23','4','DELETED','MetadataTypeEntity.displayNameMap','BORRADO');
Insert into LANGUAGE_MAPPING (ID,LANGUAGE_ID,REFERENCE_ID,REFERENCE_TYPE,TEXT_VALUE) values ('ESDELG_FILTER_MENU_DISPLAY','4','DELG_FILTER','ResourceEntity.displayNameMap','Administración delegada');
Insert into LANGUAGE_MAPPING (ID,LANGUAGE_ID,REFERENCE_ID,REFERENCE_TYPE,TEXT_VALUE) values ('ESDEPARTMENT','4','DEPARTMENT','OrganizationTypeEntity.displayNameMap','Departamento');
Insert into LANGUAGE_MAPPING (ID,LANGUAGE_ID,REFERENCE_ID,REFERENCE_TYPE,TEXT_VALUE) values ('ESMetadataTypeEntity24','4','departmentType','MetadataTypeEntity.displayNameMap','Departamento');
Insert into LANGUAGE_MAPPING (ID,LANGUAGE_ID,REFERENCE_ID,REFERENCE_TYPE,TEXT_VALUE) values ('ESMetadataTypeEntity25','4','DIRECTORY','MetadataTypeEntity.displayNameMap','Directorio');
Insert into LANGUAGE_MAPPING (ID,LANGUAGE_ID,REFERENCE_ID,REFERENCE_TYPE,TEXT_VALUE) values ('ESDIRECTORY_MENU_DISPLAY','4','DIRECTORY','ResourceEntity.displayNameMap','Busqueda en el Directorio');
Insert into LANGUAGE_MAPPING (ID,LANGUAGE_ID,REFERENCE_ID,REFERENCE_TYPE,TEXT_VALUE) values ('ESDIR_LOOKUP_PAGE_DIS','4','DIR_LOOKUP_PAGE','ResourceEntity.displayNameMap','Busqueda en el Directorio');
Insert into LANGUAGE_MAPPING (ID,LANGUAGE_ID,REFERENCE_ID,REFERENCE_TYPE,TEXT_VALUE) values ('ESMetadataTypeEntity26','4','DISABLED','MetadataTypeEntity.displayNameMap','Deshabilitado');
Insert into LANGUAGE_MAPPING (ID,LANGUAGE_ID,REFERENCE_ID,REFERENCE_TYPE,TEXT_VALUE) values ('ESDIVISION','4','DIVISION','OrganizationTypeEntity.displayNameMap','Division');
Insert into LANGUAGE_MAPPING (ID,LANGUAGE_ID,REFERENCE_ID,REFERENCE_TYPE,TEXT_VALUE) values ('ESMetadataTypeEntity27','4','divisionType','MetadataTypeEntity.displayNameMap','Division');
Insert into LANGUAGE_MAPPING (ID,LANGUAGE_ID,REFERENCE_ID,REFERENCE_TYPE,TEXT_VALUE) values ('ESMetadataTypeEntity28','4','DL','MetadataTypeEntity.displayNameMap','BORRAR');
Insert into LANGUAGE_MAPPING (ID,LANGUAGE_ID,REFERENCE_ID,REFERENCE_TYPE,TEXT_VALUE) values ('ESEDIT_BATCH_TASK_DESC','4','EDIT_BATCH_TASK','ResourceEntity.displayNameMap','Editar Tarea Programada');
Insert into LANGUAGE_MAPPING (ID,LANGUAGE_ID,REFERENCE_ID,REFERENCE_TYPE,TEXT_VALUE) values ('ESEDIT_GROUP_DESC','4','EDIT_GROUP','ResourceEntity.displayNameMap','Editar Grupo');
Insert into LANGUAGE_MAPPING (ID,LANGUAGE_ID,REFERENCE_ID,REFERENCE_TYPE,TEXT_VALUE) values ('ESEDIT_ORG_DESC','4','EDIT_ORG','ResourceEntity.displayNameMap','Editar Organización');
Insert into LANGUAGE_MAPPING (ID,LANGUAGE_ID,REFERENCE_ID,REFERENCE_TYPE,TEXT_VALUE) values ('ESEDIT_ORG_MEMBERSHIP_DESC','4','EDIT_ORG_MEMBERSHIP','ResourceEntity.displayNameMap','Mimembro de');
Insert into LANGUAGE_MAPPING (ID,LANGUAGE_ID,REFERENCE_ID,REFERENCE_TYPE,TEXT_VALUE) values ('ESEDIT_ORG_TYPE_DESC','4','EDIT_ORG_TYPE','ResourceEntity.displayNameMap','Editar Tipo de Organización');
Insert into LANGUAGE_MAPPING (ID,LANGUAGE_ID,REFERENCE_ID,REFERENCE_TYPE,TEXT_VALUE) values ('ESEDIT_ORG_TYPE_IDMAN_DESC','4','EDIT_ORG_TYPE_IDMAN','ResourceEntity.displayNameMap','Tipos de Organización');
Insert into LANGUAGE_MAPPING (ID,LANGUAGE_ID,REFERENCE_ID,REFERENCE_TYPE,TEXT_VALUE) values ('ESEDIT_POLICY_ATTR_SRCH_BCK_DESC','4','EDIT_POLICY_ATTR_SRCH_BCK','ResourceEntity.displayNameMap','Volver a la Busqueda');
Insert into LANGUAGE_MAPPING (ID,LANGUAGE_ID,REFERENCE_ID,REFERENCE_TYPE,TEXT_VALUE) values ('ESEDIT_RESOURCE_DIS','4','EDIT_RESOURCE','ResourceEntity.displayNameMap','Edit Resource');
Insert into LANGUAGE_MAPPING (ID,LANGUAGE_ID,REFERENCE_ID,REFERENCE_TYPE,TEXT_VALUE) values ('ESEDIT_ROLE_DESC','4','EDIT_ROLE','ResourceEntity.displayNameMap','Editar Rol');
Insert into LANGUAGE_MAPPING (ID,LANGUAGE_ID,REFERENCE_ID,REFERENCE_TYPE,TEXT_VALUE) values ('ESMetadataTypeEntity29','4','FILE','MetadataTypeEntity.displayNameMap','Archivo');
Insert into LANGUAGE_MAPPING (ID,LANGUAGE_ID,REFERENCE_ID,REFERENCE_TYPE,TEXT_VALUE) values ('ESMetadataTypeEntity30','4','GOOGLE_Connector','MetadataTypeEntity.displayNameMap','Conector GOOGLE APPS');
Insert into LANGUAGE_MAPPING (ID,LANGUAGE_ID,REFERENCE_ID,REFERENCE_TYPE,TEXT_VALUE) values ('ESGROUP_EDIT_MENU_DESC','4','GROUP_EDIT_MENU','ResourceEntity.displayNameMap','Menú Root Edición de Grupos');
Insert into LANGUAGE_MAPPING (ID,LANGUAGE_ID,REFERENCE_ID,REFERENCE_TYPE,TEXT_VALUE) values ('ESGROUP_ENTITLEMENTS_DESC','4','GROUP_ENTITLEMENTS','ResourceEntity.displayNameMap','Derechos de Grupo');
Insert into LANGUAGE_MAPPING (ID,LANGUAGE_ID,REFERENCE_ID,REFERENCE_TYPE,TEXT_VALUE) values ('ESGROUP_MENUS_DESC','4','GROUP_MENUS','ResourceEntity.displayNameMap','Menus');
Insert into LANGUAGE_MAPPING (ID,LANGUAGE_ID,REFERENCE_ID,REFERENCE_TYPE,TEXT_VALUE) values ('ESGROUP_ROOT_MENU_DESC','4','GROUP_ROOT_MENU','ResourceEntity.displayNameMap','Menu Root de Grupos');
Insert into LANGUAGE_MAPPING (ID,LANGUAGE_ID,REFERENCE_ID,REFERENCE_TYPE,TEXT_VALUE) values ('ESGROUP_SEARCH_DESC','4','GROUP_SEARCH','ResourceEntity.displayNameMap','Busqueda de Grupo');
Insert into LANGUAGE_MAPPING (ID,LANGUAGE_ID,REFERENCE_ID,REFERENCE_TYPE,TEXT_VALUE) values ('ESGRP_APROVER_ASSOC_DN','4','GRP_APROVER_ASSOC','ResourceEntity.displayNameMap','Aprobador de Asociaciones');
Insert into LANGUAGE_MAPPING (ID,LANGUAGE_ID,REFERENCE_ID,REFERENCE_TYPE,TEXT_VALUE) values ('ESMetadataTypeEntity31','4','HOME_ADDRESS','MetadataTypeEntity.displayNameMap','Dirección de Casa Particular');
Insert into LANGUAGE_MAPPING (ID,LANGUAGE_ID,REFERENCE_ID,REFERENCE_TYPE,TEXT_VALUE) values ('ESMetadataTypeEntity32','4','HOME_EMAIL','MetadataTypeEntity.displayNameMap','Email Personal');
Insert into LANGUAGE_MAPPING (ID,LANGUAGE_ID,REFERENCE_ID,REFERENCE_TYPE,TEXT_VALUE) values ('ESMetadataTypeEntity33','4','HOME_PHONE','MetadataTypeEntity.displayNameMap','Teléfono Personal');
Insert into LANGUAGE_MAPPING (ID,LANGUAGE_ID,REFERENCE_ID,REFERENCE_TYPE,TEXT_VALUE) values ('ESIDM_MENU_DISPLAY','4','IDM','ResourceEntity.displayNameMap','Identidad');
Insert into LANGUAGE_MAPPING (ID,LANGUAGE_ID,REFERENCE_ID,REFERENCE_TYPE,TEXT_VALUE) values ('ESIDMAN_MENU_DISPLAY','4','IDMAN','ResourceEntity.displayNameMap','Usuario Administrador');
Insert into LANGUAGE_MAPPING (ID,LANGUAGE_ID,REFERENCE_ID,REFERENCE_TYPE,TEXT_VALUE) values ('ESIDQUEST_MENU_DISPLAY','4','IDQUEST','ResourceEntity.displayNameMap','Pregunta de seguridad');
Insert into LANGUAGE_MAPPING (ID,LANGUAGE_ID,REFERENCE_ID,REFERENCE_TYPE,TEXT_VALUE) values ('ESIMPERSIONATION_MENU_DESC','4','IMPERSIONATION_MENU','ResourceEntity.displayNameMap','Suplantación');
Insert into LANGUAGE_MAPPING (ID,LANGUAGE_ID,REFERENCE_ID,REFERENCE_TYPE,TEXT_VALUE) values ('ESMetadataTypeEntity34','4','INACTIVE','MetadataTypeEntity.displayNameMap','INACTIVO');
Insert into LANGUAGE_MAPPING (ID,LANGUAGE_ID,REFERENCE_ID,REFERENCE_TYPE,TEXT_VALUE) values ('ESMetadataTypeEntity35','4','InetOrgPerson','MetadataTypeEntity.displayNameMap','InetOrgPerson Tipo de Usuario');
Insert into LANGUAGE_MAPPING (ID,LANGUAGE_ID,REFERENCE_ID,REFERENCE_TYPE,TEXT_VALUE) values ('ESINTERNAL_USER_TYPE','4','INTERNAL_USER','MetadataTypeEntity.displayNameMap','Usuario Interno');
Insert into LANGUAGE_MAPPING (ID,LANGUAGE_ID,REFERENCE_ID,REFERENCE_TYPE,TEXT_VALUE) values ('ESMetadataTypeEntity36','4','KERBEROS_KEYTAB_FILE','MetadataTypeEntity.displayNameMap','Archivo Keytab Kerberos');
Insert into LANGUAGE_MAPPING (ID,LANGUAGE_ID,REFERENCE_ID,REFERENCE_TYPE,TEXT_VALUE) values ('ESMetadataTypeEntity37','4','KERBEROS_SERVICE_NAME','MetadataTypeEntity.displayNameMap','Nombre de Servicio Kerberos');
Insert into LANGUAGE_MAPPING (ID,LANGUAGE_ID,REFERENCE_ID,REFERENCE_TYPE,TEXT_VALUE) values ('ESLANGUAGE_ADMIN1','4','LANGUAGE_ADMIN','ResourceEntity.displayNameMap','Lenguaje');
Insert into LANGUAGE_MAPPING (ID,LANGUAGE_ID,REFERENCE_ID,REFERENCE_TYPE,TEXT_VALUE) values ('ESLANGUAGE_EDIT1','4','LANGUAGE_EDIT','ResourceEntity.displayNameMap','Nuevo Lenguaje');
Insert into LANGUAGE_MAPPING (ID,LANGUAGE_ID,REFERENCE_ID,REFERENCE_TYPE,TEXT_VALUE) values ('ESLANGUAGE_SEARCH1','4','LANGUAGE_SEARCH','ResourceEntity.displayNameMap','Lenguaje');
Insert into LANGUAGE_MAPPING (ID,LANGUAGE_ID,REFERENCE_ID,REFERENCE_TYPE,TEXT_VALUE) values ('ESMetadataTypeEntity38','4','LdapOrgPerson','MetadataTypeEntity.displayNameMap','Tipo de Usuario LdapOrgPerson');
Insert into LANGUAGE_MAPPING (ID,LANGUAGE_ID,REFERENCE_ID,REFERENCE_TYPE,TEXT_VALUE) values ('ESMetadataTypeEntity39','4','LDAP_Connector','MetadataTypeEntity.displayNameMap','Conector LDAP');
Insert into LANGUAGE_MAPPING (ID,LANGUAGE_ID,REFERENCE_ID,REFERENCE_TYPE,TEXT_VALUE) values ('ESMetadataTypeEntity40','4','LDAP_GROUP_TYPE','MetadataTypeEntity.displayNameMap','TIPO DE GRUPO LDAP');
Insert into LANGUAGE_MAPPING (ID,LANGUAGE_ID,REFERENCE_ID,REFERENCE_TYPE,TEXT_VALUE) values ('ESMetadataTypeEntity41','4','LEAVE','MetadataTypeEntity.displayNameMap','DEJAR');
Insert into LANGUAGE_MAPPING (ID,LANGUAGE_ID,REFERENCE_ID,REFERENCE_TYPE,TEXT_VALUE) values ('ESMetadataTypeEntity42','4','LINUX_Connector','MetadataTypeEntity.displayNameMap','Conector Linux');
Insert into LANGUAGE_MAPPING (ID,LANGUAGE_ID,REFERENCE_ID,REFERENCE_TYPE,TEXT_VALUE) values ('ESLOCATION_MENU_DISPLAY','4','LOCATION','ResourceEntity.displayNameMap','Localización');
Insert into LANGUAGE_MAPPING (ID,LANGUAGE_ID,REFERENCE_ID,REFERENCE_TYPE,TEXT_VALUE) values ('ESMetadataTypeEntity43','4','LOCKED','MetadataTypeEntity.displayNameMap','BLOQUEADO');
Insert into LANGUAGE_MAPPING (ID,LANGUAGE_ID,REFERENCE_ID,REFERENCE_TYPE,TEXT_VALUE) values ('ESMetadataTypeEntity44','4','LOCKED_ADMIN','MetadataTypeEntity.displayNameMap','LOCKED_ADMIN');
Insert into LANGUAGE_MAPPING (ID,LANGUAGE_ID,REFERENCE_ID,REFERENCE_TYPE,TEXT_VALUE) values ('ESMetadataTypeEntity45','4','MANAGED_SYS','MetadataTypeEntity.displayNameMap','Sistema Gestionado');
Insert into LANGUAGE_MAPPING (ID,LANGUAGE_ID,REFERENCE_ID,REFERENCE_TYPE,TEXT_VALUE) values ('ESMANAGED_SYS','4','MANAGED_SYS','ResourceTypeEntity.displayNameMap','Sistemas Gestionados');
Insert into LANGUAGE_MAPPING (ID,LANGUAGE_ID,REFERENCE_ID,REFERENCE_TYPE,TEXT_VALUE) values ('ESMetadataTypeEntity46','4','MANAGER','MetadataTypeEntity.displayNameMap','MANAGER');
Insert into LANGUAGE_MAPPING (ID,LANGUAGE_ID,REFERENCE_ID,REFERENCE_TYPE,TEXT_VALUE) values ('ESMANAGEREQ_MENU_DISPLAY','4','MANAGEREQ','ResourceEntity.displayNameMap','Consulta de Historial');
Insert into LANGUAGE_MAPPING (ID,LANGUAGE_ID,REFERENCE_ID,REFERENCE_TYPE,TEXT_VALUE) values ('ESMANUALRECON_DESC','4','MANUALRECON','ResourceEntity.displayNameMap','Conciliación Manual');
Insert into LANGUAGE_MAPPING (ID,LANGUAGE_ID,REFERENCE_ID,REFERENCE_TYPE,TEXT_VALUE) values ('ESMENUS_SEARCH_DC','4','MENUS_SEARCH','ResourceEntity.displayNameMap','Menus');
Insert into LANGUAGE_MAPPING (ID,LANGUAGE_ID,REFERENCE_ID,REFERENCE_TYPE,TEXT_VALUE) values ('ESMetadataTypeEntity47','4','MENU_ITEM','MetadataTypeEntity.displayNameMap','Tipo de elemento de Menú');
Insert into LANGUAGE_MAPPING (ID,LANGUAGE_ID,REFERENCE_ID,REFERENCE_TYPE,TEXT_VALUE) values ('ESMENU_ITEM','4','MENU_ITEM','ResourceTypeEntity.displayNameMap','Menus');
Insert into LANGUAGE_MAPPING (ID,LANGUAGE_ID,REFERENCE_ID,REFERENCE_TYPE,TEXT_VALUE) values ('ESMETADATA_MENU_DISPLAY','4','METADATA','ResourceEntity.displayNameMap','Metadata');
Insert into LANGUAGE_MAPPING (ID,LANGUAGE_ID,REFERENCE_ID,REFERENCE_TYPE,TEXT_VALUE) values ('ESMETA_ADMIN_DESC','4','META_ADMIN','ResourceEntity.displayNameMap','Elementos Metadata');
Insert into LANGUAGE_MAPPING (ID,LANGUAGE_ID,REFERENCE_ID,REFERENCE_TYPE,TEXT_VALUE) values ('ESMETA_EDIT_DESC','4','META_EDIT','ResourceEntity.displayNameMap','Nuevo MetaData');
Insert into LANGUAGE_MAPPING (ID,LANGUAGE_ID,REFERENCE_ID,REFERENCE_TYPE,TEXT_VALUE) values ('ESMETA_SEARCH_DESC','4','META_SEARCH','ResourceEntity.displayNameMap','Buscar MetaData');
Insert into LANGUAGE_MAPPING (ID,LANGUAGE_ID,REFERENCE_ID,REFERENCE_TYPE,TEXT_VALUE) values ('ESMETA_TYPE_ADMIN_DESC','4','META_TYPE_ADMIN','ResourceEntity.displayNameMap','Tipos Metadata');
Insert into LANGUAGE_MAPPING (ID,LANGUAGE_ID,REFERENCE_ID,REFERENCE_TYPE,TEXT_VALUE) values ('ESMETA_TYPE_EDIT_DESC','4','META_TYPE_EDIT','ResourceEntity.displayNameMap','Nuevo Tipo MetaData');
Insert into LANGUAGE_MAPPING (ID,LANGUAGE_ID,REFERENCE_ID,REFERENCE_TYPE,TEXT_VALUE) values ('ESMETA_TYPE_EDIT_RETURN_DESC','4','META_TYPE_EDIT_RETURN','ResourceEntity.displayNameMap','Volver a Tipo Metadata');
Insert into LANGUAGE_MAPPING (ID,LANGUAGE_ID,REFERENCE_ID,REFERENCE_TYPE,TEXT_VALUE) values ('ESMETA_TYPE_SEARCH_DESC','4','META_TYPE_SEARCH','ResourceEntity.displayNameMap','Buscar Tipo MetaData');
Insert into LANGUAGE_MAPPING (ID,LANGUAGE_ID,REFERENCE_ID,REFERENCE_TYPE,TEXT_VALUE) values ('ESMNGSYS_MENU_DISPLAY','4','MNGSYS','ResourceEntity.displayNameMap','Sistema Gestionado');
Insert into LANGUAGE_MAPPING (ID,LANGUAGE_ID,REFERENCE_ID,REFERENCE_TYPE,TEXT_VALUE) values ('ESMNGSYS_EDIT_DESC','4','MNGSYS_EDIT','ResourceEntity.displayNameMap','Editar Sist. Gest.');
Insert into LANGUAGE_MAPPING (ID,LANGUAGE_ID,REFERENCE_ID,REFERENCE_TYPE,TEXT_VALUE) values ('ESMNGSYS_DESC','4','MNGSYS_MENU_ITEM','ResourceEntity.displayNameMap','Sistemas Gestionados');
Insert into LANGUAGE_MAPPING (ID,LANGUAGE_ID,REFERENCE_ID,REFERENCE_TYPE,TEXT_VALUE) values ('ESMNGSYS_DSC','4','MNGSYS_NEW','ResourceEntity.displayNameMap','Crear Sist. Gestionado');
Insert into LANGUAGE_MAPPING (ID,LANGUAGE_ID,REFERENCE_ID,REFERENCE_TYPE,TEXT_VALUE) values ('ESMNG_SYS_VIEWER_DESC','4','MNG_SYS_VIEWER','ResourceEntity.displayNameMap','Visor sist. gestionado');
Insert into LANGUAGE_MAPPING (ID,LANGUAGE_ID,REFERENCE_ID,REFERENCE_TYPE,TEXT_VALUE) values ('ESNEWUSER_MENU_DISPLAY','4','NEWUSER','ResourceEntity.displayNameMap','Nuevo Usuario');
Insert into LANGUAGE_MAPPING (ID,LANGUAGE_ID,REFERENCE_ID,REFERENCE_TYPE,TEXT_VALUE) values ('ESNEWUSER-NOAPPRV_MENU_DISPLAY','4','NEWUSER-NOAPPRV','ResourceEntity.displayNameMap','Nuevo Usuario-NO Aprovador');
Insert into LANGUAGE_MAPPING (ID,LANGUAGE_ID,REFERENCE_ID,REFERENCE_TYPE,TEXT_VALUE) values ('ESNEW_AUTHENTICATION_POLICY_DESC','4','NEW_AUTHENTICATION_POLICY','ResourceEntity.displayNameMap','Nueva Pol. Autenticación');
Insert into LANGUAGE_MAPPING (ID,LANGUAGE_ID,REFERENCE_ID,REFERENCE_TYPE,TEXT_VALUE) values ('ESNEW_AUTH_LVL_GRP_DN','4','NEW_AUTH_LVL_GRP','ResourceEntity.displayNameMap','Crear Nueva Agrupación');
Insert into LANGUAGE_MAPPING (ID,LANGUAGE_ID,REFERENCE_ID,REFERENCE_TYPE,TEXT_VALUE) values ('ESNEW_BATCH_TASK_DESC','4','NEW_BATCH_TASK','ResourceEntity.displayNameMap','Nueva Tarea Programada');
Insert into LANGUAGE_MAPPING (ID,LANGUAGE_ID,REFERENCE_ID,REFERENCE_TYPE,TEXT_VALUE) values ('ESNEW_GROUP_DESC','4','NEW_GROUP','ResourceEntity.displayNameMap','Crear Nuevo Grupo');
Insert into LANGUAGE_MAPPING (ID,LANGUAGE_ID,REFERENCE_ID,REFERENCE_TYPE,TEXT_VALUE) values ('ESNEW_ORG_DESC','4','NEW_ORG','ResourceEntity.displayNameMap','Crear Nueva Organización');
Insert into LANGUAGE_MAPPING (ID,LANGUAGE_ID,REFERENCE_ID,REFERENCE_TYPE,TEXT_VALUE) values ('ESNEW_ORG_TYPE_DESC','4','NEW_ORG_TYPE','ResourceEntity.displayNameMap','Nuevo Tipo Org.');
Insert into LANGUAGE_MAPPING (ID,LANGUAGE_ID,REFERENCE_ID,REFERENCE_TYPE,TEXT_VALUE) values ('ESNEW_PASSWORD_POLICY_DESC','4','NEW_PASSWORD_POLICY','ResourceEntity.displayNameMap',' Nueva Pol. de Contraseñas');
Insert into LANGUAGE_MAPPING (ID,LANGUAGE_ID,REFERENCE_ID,REFERENCE_TYPE,TEXT_VALUE) values ('ESNEW_POLICY_ATTR_DESC','4','NEW_POLICY_ATTR','ResourceEntity.displayNameMap','Nueva Política de Atributos');
Insert into LANGUAGE_MAPPING (ID,LANGUAGE_ID,REFERENCE_ID,REFERENCE_TYPE,TEXT_VALUE) values ('ESNEW_ROLE_DESC','4','NEW_ROLE','ResourceEntity.displayNameMap','Crear Nuevo Rol');
Insert into LANGUAGE_MAPPING (ID,LANGUAGE_ID,REFERENCE_ID,REFERENCE_TYPE,TEXT_VALUE) values ('ESNEW_UI_THEME_DN','4','NEW_UI_THEME','ResourceEntity.displayNameMap','Nuevo Tema UI');
Insert into LANGUAGE_MAPPING (ID,LANGUAGE_ID,REFERENCE_ID,REFERENCE_TYPE,TEXT_VALUE) values ('ESNEW_USER_DESC','4','NEW_USER','ResourceEntity.displayNameMap','Crear Nuevo Usuario');
Insert into LANGUAGE_MAPPING (ID,LANGUAGE_ID,REFERENCE_ID,REFERENCE_TYPE,TEXT_VALUE) values ('ESMetadataTypeEntity49','4','NO-PROVISION-APP','MetadataTypeEntity.displayNameMap','Aplicacions No Provisionables');
Insert into LANGUAGE_MAPPING (ID,LANGUAGE_ID,REFERENCE_ID,REFERENCE_TYPE,TEXT_VALUE) values ('ESMetadataTypeEntity50','4','OFF-LINE','MetadataTypeEntity.displayNameMap','OFF-LINE');
Insert into LANGUAGE_MAPPING (ID,LANGUAGE_ID,REFERENCE_ID,REFERENCE_TYPE,TEXT_VALUE) values ('ESMetadataTypeEntity51','4','OFFICE_ADDRESS','MetadataTypeEntity.displayNameMap','Dirección Oficina');
Insert into LANGUAGE_MAPPING (ID,LANGUAGE_ID,REFERENCE_ID,REFERENCE_TYPE,TEXT_VALUE) values ('ESMetadataTypeEntity52','4','OFFICE_PHONE','MetadataTypeEntity.displayNameMap','Teléfono Oficina');
Insert into LANGUAGE_MAPPING (ID,LANGUAGE_ID,REFERENCE_ID,REFERENCE_TYPE,TEXT_VALUE) values ('ESORG_MENU_DISPLAY','4','ORG','ResourceEntity.displayNameMap','Organización');
Insert into LANGUAGE_MAPPING (ID,LANGUAGE_ID,REFERENCE_ID,REFERENCE_TYPE,TEXT_VALUE) values ('ESORGANIZATION','4','ORGANIZATION','OrganizationTypeEntity.displayNameMap','Organización');
Insert into LANGUAGE_MAPPING (ID,LANGUAGE_ID,REFERENCE_ID,REFERENCE_TYPE,TEXT_VALUE) values ('ESORGANIZATION_EDIT_ID_DESC','4','ORGANIZATION_EDIT_ID','ResourceEntity.displayNameMap','Menús Edición de Organización');
Insert into LANGUAGE_MAPPING (ID,LANGUAGE_ID,REFERENCE_ID,REFERENCE_TYPE,TEXT_VALUE) values ('ESORGANIZATION_ROOT_ID_DESC','4','ORGANIZATION_ROOT_ID','ResourceEntity.displayNameMap','Menús Root de Organización');
Insert into LANGUAGE_MAPPING (ID,LANGUAGE_ID,REFERENCE_ID,REFERENCE_TYPE,TEXT_VALUE) values ('ESMetadataTypeEntity53','4','OrgOpenIAM','MetadataTypeEntity.displayNameMap','OpenIAM');
Insert into LANGUAGE_MAPPING (ID,LANGUAGE_ID,REFERENCE_ID,REFERENCE_TYPE,TEXT_VALUE) values ('ESORG_APROVER_ASSOC_DN','4','ORG_APROVER_ASSOC','ResourceEntity.displayNameMap','Validadores');
Insert into LANGUAGE_MAPPING (ID,LANGUAGE_ID,REFERENCE_ID,REFERENCE_TYPE,TEXT_VALUE) values ('ESORG_MEMBERSHIP_DESC','4','ORG_MEMBERSHIP','ResourceEntity.displayNameMap','Miembro de Organización');
Insert into LANGUAGE_MAPPING (ID,LANGUAGE_ID,REFERENCE_ID,REFERENCE_TYPE,TEXT_VALUE) values ('ESORG_SEARCH_DESC','4','ORG_SEARCH','ResourceEntity.displayNameMap','Buscar Organización');
Insert into LANGUAGE_MAPPING (ID,LANGUAGE_ID,REFERENCE_ID,REFERENCE_TYPE,TEXT_VALUE) values ('ESORG_TYPE_EDIT_SEARCH_DESC','4','ORG_TYPE_EDIT_SEARCH','ResourceEntity.displayNameMap','Buscar Tipos Org.');
Insert into LANGUAGE_MAPPING (ID,LANGUAGE_ID,REFERENCE_ID,REFERENCE_TYPE,TEXT_VALUE) values ('ESORG_TYPE_SEARCH_DESC','4','ORG_TYPE_SEARCH','ResourceEntity.displayNameMap','Buscar Tipos Org.');
Insert into LANGUAGE_MAPPING (ID,LANGUAGE_ID,REFERENCE_ID,REFERENCE_TYPE,TEXT_VALUE) values ('ESORG_TYPE_SUBMENU_EDIT_DESC','4','ORG_TYPE_SUBMENU_EDIT','ResourceEntity.displayNameMap','Editar Tipo de Organización');
Insert into LANGUAGE_MAPPING (ID,LANGUAGE_ID,REFERENCE_ID,REFERENCE_TYPE,TEXT_VALUE) values ('ESORG_TYPE_SUBMENU_ROOT_DESC','4','ORG_TYPE_SUBMENU_ROOT','ResourceEntity.displayNameMap','Tipo Root de Organización');
Insert into LANGUAGE_MAPPING (ID,LANGUAGE_ID,REFERENCE_ID,REFERENCE_TYPE,TEXT_VALUE) values ('ESPAGE_TEMPLATE_EDIT_DESC','4','PAGE_TEMPLATE_EDIT','ResourceEntity.displayNameMap','Menú Edición de Plantilla de Página');
Insert into LANGUAGE_MAPPING (ID,LANGUAGE_ID,REFERENCE_ID,REFERENCE_TYPE,TEXT_VALUE) values ('ESPAGE_TEMPLATE_EDIT_NEW_DESC','4','PAGE_TEMPLATE_EDIT_NEW','ResourceEntity.displayNameMap','Crear Nueva Plantilla');
Insert into LANGUAGE_MAPPING (ID,LANGUAGE_ID,REFERENCE_ID,REFERENCE_TYPE,TEXT_VALUE) values ('ESPAGE_TEMPLATE_EDIT_SEARCH_DESC','4','PAGE_TEMPLATE_EDIT_SEARCH','ResourceEntity.displayNameMap','Volver a la Busqueda');
Insert into LANGUAGE_MAPPING (ID,LANGUAGE_ID,REFERENCE_ID,REFERENCE_TYPE,TEXT_VALUE) values ('ESPAGE_TEMPLATE_NEW_DSC','4','PAGE_TEMPLATE_NEW','ResourceEntity.displayNameMap','Create New Plantilla');
Insert into LANGUAGE_MAPPING (ID,LANGUAGE_ID,REFERENCE_ID,REFERENCE_TYPE,TEXT_VALUE) values ('ESPAGE_TEMPLATE_ROOT_DESC','4','PAGE_TEMPLATE_ROOT','ResourceEntity.displayNameMap','Menu Root de Plantilla de Página');
Insert into LANGUAGE_MAPPING (ID,LANGUAGE_ID,REFERENCE_ID,REFERENCE_TYPE,TEXT_VALUE) values ('ESPAGE_TEMPLATE_SEARCH_DESC','4','PAGE_TEMPLATE_SEARCH','ResourceEntity.displayNameMap','Buscar Plantillas de Página');
Insert into LANGUAGE_MAPPING (ID,LANGUAGE_ID,REFERENCE_ID,REFERENCE_TYPE,TEXT_VALUE) values ('ESMetadataTypeEntity54','4','PASSWORD','MetadataTypeEntity.displayNameMap','Campo Contraseña');
Insert into LANGUAGE_MAPPING (ID,LANGUAGE_ID,REFERENCE_ID,REFERENCE_TYPE,TEXT_VALUE) values ('ESPOLICY_MENU_DESC','4','PASSWORD_POLICY','ResourceEntity.displayNameMap','Política Contraseña');
Insert into LANGUAGE_MAPPING (ID,LANGUAGE_ID,REFERENCE_ID,REFERENCE_TYPE,TEXT_VALUE) values ('ESPASSWORD_POLICY_EDIT_DESC','4','PASSWORD_POLICY_EDIT','ResourceEntity.displayNameMap','Menú Root de Asociación de Política');
Insert into LANGUAGE_MAPPING (ID,LANGUAGE_ID,REFERENCE_ID,REFERENCE_TYPE,TEXT_VALUE) values ('ESPOLICY_ROOT_MENU_DESC','4','PASSWORD_POLICY_ROOT_MENU','ResourceEntity.displayNameMap','Menú Root de Política de Contraseña');
Insert into LANGUAGE_MAPPING (ID,LANGUAGE_ID,REFERENCE_ID,REFERENCE_TYPE,TEXT_VALUE) values ('ESMetadataTypeEntity55','4','PENDING_APPROVAL','MetadataTypeEntity.displayNameMap','PENDING_APPROVAL');
Insert into LANGUAGE_MAPPING (ID,LANGUAGE_ID,REFERENCE_ID,REFERENCE_TYPE,TEXT_VALUE) values ('ESMetadataTypeEntity56','4','PENDING_INITIAL_LOGIN','MetadataTypeEntity.displayNameMap','PENDING_INITIAL_LOGIN');
Insert into LANGUAGE_MAPPING (ID,LANGUAGE_ID,REFERENCE_ID,REFERENCE_TYPE,TEXT_VALUE) values ('ESMetadataTypeEntity57','4','PENDING_START_DATE','MetadataTypeEntity.displayNameMap','PENDING_START_DATE');
Insert into LANGUAGE_MAPPING (ID,LANGUAGE_ID,REFERENCE_ID,REFERENCE_TYPE,TEXT_VALUE) values ('ESMetadataTypeEntity58','4','PENDING_USER_VALIDATION','MetadataTypeEntity.displayNameMap','PENDING_USER_VALIDATION');
Insert into LANGUAGE_MAPPING (ID,LANGUAGE_ID,REFERENCE_ID,REFERENCE_TYPE,TEXT_VALUE) values ('ESPOLICY_ATTR_EDIT_ROOTT_DESC','4','POLICY_ATTR_EDIT_ROOT','ResourceEntity.displayNameMap','Menú Root de Edición de Política de Atributo');
Insert into LANGUAGE_MAPPING (ID,LANGUAGE_ID,REFERENCE_ID,REFERENCE_TYPE,TEXT_VALUE) values ('ESPOLICY_ATTR_ROOT_DESC','4','POLICY_ATTR_ROOT','ResourceEntity.displayNameMap','Menu Root de Política de Atributo');
Insert into LANGUAGE_MAPPING (ID,LANGUAGE_ID,REFERENCE_ID,REFERENCE_TYPE,TEXT_VALUE) values ('ESMetadataTypeEntity61','4','PRIMARY_EMAIL','MetadataTypeEntity.displayNameMap','Email Primario');
Insert into LANGUAGE_MAPPING (ID,LANGUAGE_ID,REFERENCE_ID,REFERENCE_TYPE,TEXT_VALUE) values ('ESPROFILE_MENU_DISPLAY','4','PROFILE','ResourceEntity.displayNameMap','Editar su Perfil');
Insert into LANGUAGE_MAPPING (ID,LANGUAGE_ID,REFERENCE_ID,REFERENCE_TYPE,TEXT_VALUE) values ('ESPROVCONNECT_MENU_DISPLAY','4','PROVCONNECT','ResourceEntity.displayNameMap','Conectores');
Insert into LANGUAGE_MAPPING (ID,LANGUAGE_ID,REFERENCE_ID,REFERENCE_TYPE,TEXT_VALUE) values ('ESPROVCONNECT_DESC','4','PROVCONNECT_MENU_ITEM','ResourceEntity.displayNameMap','Aprovisionamiento de Conectores');
Insert into LANGUAGE_MAPPING (ID,LANGUAGE_ID,REFERENCE_ID,REFERENCE_TYPE,TEXT_VALUE) values ('ESPROVISIONING_MENU_DISPLAY','4','PROVISIONING','ResourceEntity.displayNameMap','Aprovisionamiento');
Insert into LANGUAGE_MAPPING (ID,LANGUAGE_ID,REFERENCE_ID,REFERENCE_TYPE,TEXT_VALUE) values ('ESPROV_CONNECTOR_DSC','4','PROV_CONNECTOR_NEW','ResourceEntity.displayNameMap','Crear Nuevo Conector');
Insert into LANGUAGE_MAPPING (ID,LANGUAGE_ID,REFERENCE_ID,REFERENCE_TYPE,TEXT_VALUE) values ('ESMetadataTypeEntity62','4','RADIO','MetadataTypeEntity.displayNameMap','Botón Radio');
Insert into LANGUAGE_MAPPING (ID,LANGUAGE_ID,REFERENCE_ID,REFERENCE_TYPE,TEXT_VALUE) values ('ESMetadataTypeEntity63','4','RDBMS_Connector','MetadataTypeEntity.displayNameMap','Conector RDBMS');
Insert into LANGUAGE_MAPPING (ID,LANGUAGE_ID,REFERENCE_ID,REFERENCE_TYPE,TEXT_VALUE) values ('ESMetadataTypeEntity64','4','READY','MetadataTypeEntity.displayNameMap','LISTO');
Insert into LANGUAGE_MAPPING (ID,LANGUAGE_ID,REFERENCE_ID,REFERENCE_TYPE,TEXT_VALUE) values ('ESREPORT_MENU_DISPLAY','4','REPORT','ResourceEntity.displayNameMap','Administrar Informes');
Insert into LANGUAGE_MAPPING (ID,LANGUAGE_ID,REFERENCE_ID,REFERENCE_TYPE,TEXT_VALUE) values ('ESREQINBOX_MENU_DISPLAY','4','REQINBOX','ResourceEntity.displayNameMap','In-Box');
Insert into LANGUAGE_MAPPING (ID,LANGUAGE_ID,REFERENCE_ID,REFERENCE_TYPE,TEXT_VALUE) values ('ESREQUEST_APPROVAL_DESC','4','REQUEST_APPROVAL','ResourceEntity.displayNameMap','Solicitud de Aprovación');
Insert into LANGUAGE_MAPPING (ID,LANGUAGE_ID,REFERENCE_ID,REFERENCE_TYPE,TEXT_VALUE) values ('ESRESOURCE_EDIT_PAGE_ROOT_DIS','4','RESOURCE_EDIT_PAGE_ROOT','ResourceEntity.displayNameMap','Recurso de Edción de Página Root');
Insert into LANGUAGE_MAPPING (ID,LANGUAGE_ID,REFERENCE_ID,REFERENCE_TYPE,TEXT_VALUE) values ('ESRESPOLICYMAP_MENU_DISPLAY','4','RESPOLICYMAP','ResourceEntity.displayNameMap','Mapa de Política');
Insert into LANGUAGE_MAPPING (ID,LANGUAGE_ID,REFERENCE_ID,REFERENCE_TYPE,TEXT_VALUE) values ('ESRESRECONCILE_MENU_DISPLAY','4','RESRECONCILE','ResourceEntity.displayNameMap','Reconciliación');
Insert into LANGUAGE_MAPPING (ID,LANGUAGE_ID,REFERENCE_ID,REFERENCE_TYPE,TEXT_VALUE) values ('ESRESSUMMARY_MENU_DISPLAY','4','RESSUMMARY','ResourceEntity.displayNameMap','Buscar Recurso');
Insert into LANGUAGE_MAPPING (ID,LANGUAGE_ID,REFERENCE_ID,REFERENCE_TYPE,TEXT_VALUE) values ('ESRES_APROVER_ASSOC_DN','4','RES_APROVER_ASSOC','ResourceEntity.displayNameMap','Validadores');
Insert into LANGUAGE_MAPPING (ID,LANGUAGE_ID,REFERENCE_ID,REFERENCE_TYPE,TEXT_VALUE) values ('ESRES_ENT_SUB_DIS','4','RES_ENT_SUB','ResourceEntity.displayNameMap','Derechos');
Insert into LANGUAGE_MAPPING (ID,LANGUAGE_ID,REFERENCE_ID,REFERENCE_TYPE,TEXT_VALUE) values ('ESRES_TYPE_DESC','4','RES_TYPE_ITEM','ResourceEntity.displayNameMap','Tipos de Recurso');
Insert into LANGUAGE_MAPPING (ID,LANGUAGE_ID,REFERENCE_ID,REFERENCE_TYPE,TEXT_VALUE) values ('ESRES_TYPE_NEW_DESC','4','RES_TYPE_NEW','ResourceEntity.displayNameMap','Nuevo Tipo de Recurso');
Insert into LANGUAGE_MAPPING (ID,LANGUAGE_ID,REFERENCE_ID,REFERENCE_TYPE,TEXT_VALUE) values ('ESMetadataTypeEntity65','4','RETIRED','MetadataTypeEntity.displayNameMap','RETIRADO');
Insert into LANGUAGE_MAPPING (ID,LANGUAGE_ID,REFERENCE_ID,REFERENCE_TYPE,TEXT_VALUE) values ('ESMetadataTypeEntity66','4','RJ','MetadataTypeEntity.displayNameMap','RECHAZADO');
Insert into LANGUAGE_MAPPING (ID,LANGUAGE_ID,REFERENCE_ID,REFERENCE_TYPE,TEXT_VALUE) values ('ESROLE_APROVER_ASSOC_DN','4','ROLE_APROVER_ASSOC','ResourceEntity.displayNameMap','Validadores');
Insert into LANGUAGE_MAPPING (ID,LANGUAGE_ID,REFERENCE_ID,REFERENCE_TYPE,TEXT_VALUE) values ('ESROLE_EDIT_MENU_DESC','4','ROLE_EDIT_MENU','ResourceEntity.displayNameMap','Menú Edición de Rol Root');
Insert into LANGUAGE_MAPPING (ID,LANGUAGE_ID,REFERENCE_ID,REFERENCE_TYPE,TEXT_VALUE) values ('ESROLE_ENTITLEMENTS_DESC','4','ROLE_ENTITLEMENTS','ResourceEntity.displayNameMap','Derechos de Rol');
Insert into LANGUAGE_MAPPING (ID,LANGUAGE_ID,REFERENCE_ID,REFERENCE_TYPE,TEXT_VALUE) values ('ESROLE_MENUS_DESC','4','ROLE_MENUS','ResourceEntity.displayNameMap','Menús');
Insert into LANGUAGE_MAPPING (ID,LANGUAGE_ID,REFERENCE_ID,REFERENCE_TYPE,TEXT_VALUE) values ('ESROLE_ROOT_MENU_DESC','4','ROLE_ROOT_MENU','ResourceEntity.displayNameMap','Menú Root de Rol');
Insert into LANGUAGE_MAPPING (ID,LANGUAGE_ID,REFERENCE_ID,REFERENCE_TYPE,TEXT_VALUE) values ('ESROLE_SEARCH_DESC','4','ROLE_SEARCH','ResourceEntity.displayNameMap','Busqueda de Rol');
Insert into LANGUAGE_MAPPING (ID,LANGUAGE_ID,REFERENCE_ID,REFERENCE_TYPE,TEXT_VALUE) values ('DEMetadataTypeEntity25','2','DIRECTORY','MetadataTypeEntity.displayNameMap','Directory');
Insert into LANGUAGE_MAPPING (ID,LANGUAGE_ID,REFERENCE_ID,REFERENCE_TYPE,TEXT_VALUE) values ('DEDIRECTORY_MENU_DISPLAY','2','DIRECTORY','ResourceEntity.displayNameMap','Directory Suche');
Insert into LANGUAGE_MAPPING (ID,LANGUAGE_ID,REFERENCE_ID,REFERENCE_TYPE,TEXT_VALUE) values ('DEDIR_LOOKUP_PAGE_DIS','2','DIR_LOOKUP_PAGE','ResourceEntity.displayNameMap','Directory Suche');
Insert into LANGUAGE_MAPPING (ID,LANGUAGE_ID,REFERENCE_ID,REFERENCE_TYPE,TEXT_VALUE) values ('DEMetadataTypeEntity26','2','DISABLED','MetadataTypeEntity.displayNameMap','DEAKTIVIERT');
Insert into LANGUAGE_MAPPING (ID,LANGUAGE_ID,REFERENCE_ID,REFERENCE_TYPE,TEXT_VALUE) values ('DEDIVISION','2','DIVISION','OrganizationTypeEntity.displayNameMap','Division');
Insert into LANGUAGE_MAPPING (ID,LANGUAGE_ID,REFERENCE_ID,REFERENCE_TYPE,TEXT_VALUE) values ('DEMetadataTypeEntity27','2','divisionType','MetadataTypeEntity.displayNameMap','Division');
Insert into LANGUAGE_MAPPING (ID,LANGUAGE_ID,REFERENCE_ID,REFERENCE_TYPE,TEXT_VALUE) values ('DEMetadataTypeEntity28','2','DL','MetadataTypeEntity.displayNameMap','LÖSCHEN');
Insert into LANGUAGE_MAPPING (ID,LANGUAGE_ID,REFERENCE_ID,REFERENCE_TYPE,TEXT_VALUE) values ('DEEDIT_BATCH_TASK_DESC','2','EDIT_BATCH_TASK','ResourceEntity.displayNameMap','Stapelverarbeitungsaufgaben editieren');
Insert into LANGUAGE_MAPPING (ID,LANGUAGE_ID,REFERENCE_ID,REFERENCE_TYPE,TEXT_VALUE) values ('DEEDIT_GROUP_DESC','2','EDIT_GROUP','ResourceEntity.displayNameMap','Gruppe editieren');
Insert into LANGUAGE_MAPPING (ID,LANGUAGE_ID,REFERENCE_ID,REFERENCE_TYPE,TEXT_VALUE) values ('DEEDIT_ORG_DESC','2','EDIT_ORG','ResourceEntity.displayNameMap','Organisation editieren');
Insert into LANGUAGE_MAPPING (ID,LANGUAGE_ID,REFERENCE_ID,REFERENCE_TYPE,TEXT_VALUE) values ('DEEDIT_ORG_MEMBERSHIP_DESC','2','EDIT_ORG_MEMBERSHIP','ResourceEntity.displayNameMap','Mitglieder');
Insert into LANGUAGE_MAPPING (ID,LANGUAGE_ID,REFERENCE_ID,REFERENCE_TYPE,TEXT_VALUE) values ('DEEDIT_ORG_TYPE_DESC','2','EDIT_ORG_TYPE','ResourceEntity.displayNameMap','Organisationstyp editieren');
Insert into LANGUAGE_MAPPING (ID,LANGUAGE_ID,REFERENCE_ID,REFERENCE_TYPE,TEXT_VALUE) values ('DEEDIT_ORG_TYPE_IDMAN_DESC','2','EDIT_ORG_TYPE_IDMAN','ResourceEntity.displayNameMap','Organisationstypen');
Insert into LANGUAGE_MAPPING (ID,LANGUAGE_ID,REFERENCE_ID,REFERENCE_TYPE,TEXT_VALUE) values ('DEEDIT_POL_ATTR_SRCH_BCK_DESC','2','EDIT_POLICY_ATTR_SRCH_BCK','ResourceEntity.displayNameMap','Zurück zur Suche');
Insert into LANGUAGE_MAPPING (ID,LANGUAGE_ID,REFERENCE_ID,REFERENCE_TYPE,TEXT_VALUE) values ('DEEDIT_RESOURCE_DIS','2','EDIT_RESOURCE','ResourceEntity.displayNameMap','Ressourcen editieren');
Insert into LANGUAGE_MAPPING (ID,LANGUAGE_ID,REFERENCE_ID,REFERENCE_TYPE,TEXT_VALUE) values ('DEEDIT_ROLE_DESC','2','EDIT_ROLE','ResourceEntity.displayNameMap','Rolle editieren');
Insert into LANGUAGE_MAPPING (ID,LANGUAGE_ID,REFERENCE_ID,REFERENCE_TYPE,TEXT_VALUE) values ('DEMetadataTypeEntity29','2','FILE','MetadataTypeEntity.displayNameMap','Datei');
Insert into LANGUAGE_MAPPING (ID,LANGUAGE_ID,REFERENCE_ID,REFERENCE_TYPE,TEXT_VALUE) values ('DEMetadataTypeEntity30','2','GOOGLE_Connector','MetadataTypeEntity.displayNameMap','GOOGLE APPS Connector');
Insert into LANGUAGE_MAPPING (ID,LANGUAGE_ID,REFERENCE_ID,REFERENCE_TYPE,TEXT_VALUE) values ('DEGROUP_EDIT_MENU_DESC','2','GROUP_EDIT_MENU','ResourceEntity.displayNameMap','Gruppen Root Menu editieren');
Insert into LANGUAGE_MAPPING (ID,LANGUAGE_ID,REFERENCE_ID,REFERENCE_TYPE,TEXT_VALUE) values ('DEGROUP_ENTITLEMENTS_DESC','2','GROUP_ENTITLEMENTS','ResourceEntity.displayNameMap','Gruppenberechtigungen');
Insert into LANGUAGE_MAPPING (ID,LANGUAGE_ID,REFERENCE_ID,REFERENCE_TYPE,TEXT_VALUE) values ('DEGROUP_MENUS_DESC','2','GROUP_MENUS','ResourceEntity.displayNameMap','Menus');
Insert into LANGUAGE_MAPPING (ID,LANGUAGE_ID,REFERENCE_ID,REFERENCE_TYPE,TEXT_VALUE) values ('DEGROUP_ROOT_MENU_DESC','2','GROUP_ROOT_MENU','ResourceEntity.displayNameMap','Gruppen Root Menu');
Insert into LANGUAGE_MAPPING (ID,LANGUAGE_ID,REFERENCE_ID,REFERENCE_TYPE,TEXT_VALUE) values ('DEGROUP_SEARCH_DESC','2','GROUP_SEARCH','ResourceEntity.displayNameMap','Gruppen Suche');
Insert into LANGUAGE_MAPPING (ID,LANGUAGE_ID,REFERENCE_ID,REFERENCE_TYPE,TEXT_VALUE) values ('DEGRP_APROVER_ASSOC_DN','2','GRP_APROVER_ASSOC','ResourceEntity.displayNameMap','++++Zuordnung zu Genehmigende');
Insert into LANGUAGE_MAPPING (ID,LANGUAGE_ID,REFERENCE_ID,REFERENCE_TYPE,TEXT_VALUE) values ('DEMetadataTypeEntity31','2','HOME_ADDRESS','MetadataTypeEntity.displayNameMap','Adresse privat');
Insert into LANGUAGE_MAPPING (ID,LANGUAGE_ID,REFERENCE_ID,REFERENCE_TYPE,TEXT_VALUE) values ('DEMetadataTypeEntity32','2','HOME_EMAIL','MetadataTypeEntity.displayNameMap','E-Mail privat');
Insert into LANGUAGE_MAPPING (ID,LANGUAGE_ID,REFERENCE_ID,REFERENCE_TYPE,TEXT_VALUE) values ('DEMetadataTypeEntity33','2','HOME_PHONE','MetadataTypeEntity.displayNameMap','Telefon privat');
Insert into LANGUAGE_MAPPING (ID,LANGUAGE_ID,REFERENCE_ID,REFERENCE_TYPE,TEXT_VALUE) values ('DEIDM_MENU_DISPLAY','2','IDM','ResourceEntity.displayNameMap','Identität');
Insert into LANGUAGE_MAPPING (ID,LANGUAGE_ID,REFERENCE_ID,REFERENCE_TYPE,TEXT_VALUE) values ('DEIDMAN_MENU_DISPLAY','2','IDMAN','ResourceEntity.displayNameMap','Benutzer Admin');
Insert into LANGUAGE_MAPPING (ID,LANGUAGE_ID,REFERENCE_ID,REFERENCE_TYPE,TEXT_VALUE) values ('DEIDQUEST_MENU_DISPLAY','2','IDQUEST','ResourceEntity.displayNameMap','Anfrage/Antwort');
Insert into LANGUAGE_MAPPING (ID,LANGUAGE_ID,REFERENCE_ID,REFERENCE_TYPE,TEXT_VALUE) values ('DEIMPERSIONATION_MENU_DESC','2','IMPERSIONATION_MENU','ResourceEntity.displayNameMap','Als anderen Benutzer ausgeben');
Insert into LANGUAGE_MAPPING (ID,LANGUAGE_ID,REFERENCE_ID,REFERENCE_TYPE,TEXT_VALUE) values ('DEMetadataTypeEntity34','2','INACTIVE','MetadataTypeEntity.displayNameMap','INAKTIV');
Insert into LANGUAGE_MAPPING (ID,LANGUAGE_ID,REFERENCE_ID,REFERENCE_TYPE,TEXT_VALUE) values ('DEMetadataTypeEntity35','2','InetOrgPerson','MetadataTypeEntity.displayNameMap','InetOrgPerson Benutzertyp');
Insert into LANGUAGE_MAPPING (ID,LANGUAGE_ID,REFERENCE_ID,REFERENCE_TYPE,TEXT_VALUE) values ('DEINTERNAL_USER_TYPE','2','INTERNAL_USER','MetadataTypeEntity.displayNameMap','Interner Benutzer');
Insert into LANGUAGE_MAPPING (ID,LANGUAGE_ID,REFERENCE_ID,REFERENCE_TYPE,TEXT_VALUE) values ('DEMetadataTypeEntity36','2','KERBEROS_KEYTAB_FILE','MetadataTypeEntity.displayNameMap','Kerberos Keytab File');
Insert into LANGUAGE_MAPPING (ID,LANGUAGE_ID,REFERENCE_ID,REFERENCE_TYPE,TEXT_VALUE) values ('DEMetadataTypeEntity37','2','KERBEROS_SERVICE_NAME','MetadataTypeEntity.displayNameMap','Kerberos Service Name');
Insert into LANGUAGE_MAPPING (ID,LANGUAGE_ID,REFERENCE_ID,REFERENCE_TYPE,TEXT_VALUE) values ('DELANGUAGE_ADMIN1','2','LANGUAGE_ADMIN','ResourceEntity.displayNameMap','Sprachen');
Insert into LANGUAGE_MAPPING (ID,LANGUAGE_ID,REFERENCE_ID,REFERENCE_TYPE,TEXT_VALUE) values ('DELANGUAGE_EDIT1','2','LANGUAGE_EDIT','ResourceEntity.displayNameMap','Neue Sprache');
Insert into LANGUAGE_MAPPING (ID,LANGUAGE_ID,REFERENCE_ID,REFERENCE_TYPE,TEXT_VALUE) values ('DELANGUAGE_SEARCH1','2','LANGUAGE_SEARCH','ResourceEntity.displayNameMap','Sprachen');
Insert into LANGUAGE_MAPPING (ID,LANGUAGE_ID,REFERENCE_ID,REFERENCE_TYPE,TEXT_VALUE) values ('DEMetadataTypeEntity38','2','LdapOrgPerson','MetadataTypeEntity.displayNameMap','LdapOrgPerson Benutzertyp');
Insert into LANGUAGE_MAPPING (ID,LANGUAGE_ID,REFERENCE_ID,REFERENCE_TYPE,TEXT_VALUE) values ('DEMetadataTypeEntity39','2','LDAP_Connector','MetadataTypeEntity.displayNameMap','LDAP Konnektor');
Insert into LANGUAGE_MAPPING (ID,LANGUAGE_ID,REFERENCE_ID,REFERENCE_TYPE,TEXT_VALUE) values ('DEMetadataTypeEntity40','2','LDAP_GROUP_TYPE','MetadataTypeEntity.displayNameMap','LDAP GROUP TYPE');
Insert into LANGUAGE_MAPPING (ID,LANGUAGE_ID,REFERENCE_ID,REFERENCE_TYPE,TEXT_VALUE) values ('DEMetadataTypeEntity41','2','LEAVE','MetadataTypeEntity.displayNameMap','LEAVE');
Insert into LANGUAGE_MAPPING (ID,LANGUAGE_ID,REFERENCE_ID,REFERENCE_TYPE,TEXT_VALUE) values ('DEMetadataTypeEntity42','2','LINUX_Connector','MetadataTypeEntity.displayNameMap','Linux Konnektor');
Insert into LANGUAGE_MAPPING (ID,LANGUAGE_ID,REFERENCE_ID,REFERENCE_TYPE,TEXT_VALUE) values ('DELOCATION_MENU_DISPLAY','2','LOCATION','ResourceEntity.displayNameMap','Ort');
Insert into LANGUAGE_MAPPING (ID,LANGUAGE_ID,REFERENCE_ID,REFERENCE_TYPE,TEXT_VALUE) values ('DEMetadataTypeEntity43','2','LOCKED','MetadataTypeEntity.displayNameMap','LOCKED');
Insert into LANGUAGE_MAPPING (ID,LANGUAGE_ID,REFERENCE_ID,REFERENCE_TYPE,TEXT_VALUE) values ('DEMetadataTypeEntity44','2','LOCKED_ADMIN','MetadataTypeEntity.displayNameMap','LOCKED_ADMIN');
Insert into LANGUAGE_MAPPING (ID,LANGUAGE_ID,REFERENCE_ID,REFERENCE_TYPE,TEXT_VALUE) values ('DEMetadataTypeEntity45','2','MANAGED_SYS','MetadataTypeEntity.displayNameMap','Verwaltetes System');
Insert into LANGUAGE_MAPPING (ID,LANGUAGE_ID,REFERENCE_ID,REFERENCE_TYPE,TEXT_VALUE) values ('DEMANAGED_SYS','2','MANAGED_SYS','ResourceTypeEntity.displayNameMap','Verwaltetes System');
Insert into LANGUAGE_MAPPING (ID,LANGUAGE_ID,REFERENCE_ID,REFERENCE_TYPE,TEXT_VALUE) values ('DEMetadataTypeEntity46','2','MANAGER','MetadataTypeEntity.displayNameMap','MANAGER');
Insert into LANGUAGE_MAPPING (ID,LANGUAGE_ID,REFERENCE_ID,REFERENCE_TYPE,TEXT_VALUE) values ('DEMANAGEREQ_MENU_DISPLAY','2','MANAGEREQ','ResourceEntity.displayNameMap','Verlauf der Anforderungen');
Insert into LANGUAGE_MAPPING (ID,LANGUAGE_ID,REFERENCE_ID,REFERENCE_TYPE,TEXT_VALUE) values ('DEMANUALRECON_DESC','2','MANUALRECON','ResourceEntity.displayNameMap','Manuelle Reconciliation');
Insert into LANGUAGE_MAPPING (ID,LANGUAGE_ID,REFERENCE_ID,REFERENCE_TYPE,TEXT_VALUE) values ('DEMENUS_SEARCH_DC','2','MENUS_SEARCH','ResourceEntity.displayNameMap','Menus');
Insert into LANGUAGE_MAPPING (ID,LANGUAGE_ID,REFERENCE_ID,REFERENCE_TYPE,TEXT_VALUE) values ('DEMetadataTypeEntity47','2','MENU_ITEM','MetadataTypeEntity.displayNameMap','Menu Element Type');
Insert into LANGUAGE_MAPPING (ID,LANGUAGE_ID,REFERENCE_ID,REFERENCE_TYPE,TEXT_VALUE) values ('DEMENU_ITEM','2','MENU_ITEM','ResourceTypeEntity.displayNameMap','Menus');
Insert into LANGUAGE_MAPPING (ID,LANGUAGE_ID,REFERENCE_ID,REFERENCE_TYPE,TEXT_VALUE) values ('DEMETADATA_MENU_DISPLAY','2','METADATA','ResourceEntity.displayNameMap','Metadaten');
Insert into LANGUAGE_MAPPING (ID,LANGUAGE_ID,REFERENCE_ID,REFERENCE_TYPE,TEXT_VALUE) values ('DEMETA_ADMIN_DESC','2','META_ADMIN','ResourceEntity.displayNameMap','Metadatenelemente');
Insert into LANGUAGE_MAPPING (ID,LANGUAGE_ID,REFERENCE_ID,REFERENCE_TYPE,TEXT_VALUE) values ('DEMETA_EDIT_DESC','2','META_EDIT','ResourceEntity.displayNameMap','Neue Metadaten');
Insert into LANGUAGE_MAPPING (ID,LANGUAGE_ID,REFERENCE_ID,REFERENCE_TYPE,TEXT_VALUE) values ('DEMETA_SEARCH_DESC','2','META_SEARCH','ResourceEntity.displayNameMap','Metadaten Suche');
Insert into LANGUAGE_MAPPING (ID,LANGUAGE_ID,REFERENCE_ID,REFERENCE_TYPE,TEXT_VALUE) values ('DEMETA_TYPE_ADMIN_DESC','2','META_TYPE_ADMIN','ResourceEntity.displayNameMap','Metadatentypen');
Insert into LANGUAGE_MAPPING (ID,LANGUAGE_ID,REFERENCE_ID,REFERENCE_TYPE,TEXT_VALUE) values ('DEMETA_TYPE_EDIT_DESC','2','META_TYPE_EDIT','ResourceEntity.displayNameMap','Neuer Metadatentyp');
Insert into LANGUAGE_MAPPING (ID,LANGUAGE_ID,REFERENCE_ID,REFERENCE_TYPE,TEXT_VALUE) values ('DEMETA_TYPE_EDIT_RETURN_DESC','2','META_TYPE_EDIT_RETURN','ResourceEntity.displayNameMap','Zurück zu den Metadatentypen');
Insert into LANGUAGE_MAPPING (ID,LANGUAGE_ID,REFERENCE_ID,REFERENCE_TYPE,TEXT_VALUE) values ('DEMETA_TYPE_SEARCH_DESC','2','META_TYPE_SEARCH','ResourceEntity.displayNameMap','Metadatentypen suche');
Insert into LANGUAGE_MAPPING (ID,LANGUAGE_ID,REFERENCE_ID,REFERENCE_TYPE,TEXT_VALUE) values ('DEMNGSYS_MENU_DISPLAY','2','MNGSYS','ResourceEntity.displayNameMap','Verwaltetes System');
Insert into LANGUAGE_MAPPING (ID,LANGUAGE_ID,REFERENCE_ID,REFERENCE_TYPE,TEXT_VALUE) values ('DEMNGSYS_EDIT_DESC','2','MNGSYS_EDIT','ResourceEntity.displayNameMap','Verwaltetes System editieren');
Insert into LANGUAGE_MAPPING (ID,LANGUAGE_ID,REFERENCE_ID,REFERENCE_TYPE,TEXT_VALUE) values ('DEMNGSYS_DESC','2','MNGSYS_MENU_ITEM','ResourceEntity.displayNameMap','Verwaltete Systeme');
Insert into LANGUAGE_MAPPING (ID,LANGUAGE_ID,REFERENCE_ID,REFERENCE_TYPE,TEXT_VALUE) values ('DEMNGSYS_DSC','2','MNGSYS_NEW','ResourceEntity.displayNameMap','Verwaltetes System erstellen');
Insert into LANGUAGE_MAPPING (ID,LANGUAGE_ID,REFERENCE_ID,REFERENCE_TYPE,TEXT_VALUE) values ('DEMNG_SYS_VIEWER_DESC','2','MNG_SYS_VIEWER','ResourceEntity.displayNameMap','Ansicht der verwalteten Systeme');
Insert into LANGUAGE_MAPPING (ID,LANGUAGE_ID,REFERENCE_ID,REFERENCE_TYPE,TEXT_VALUE) values ('DENEWUSER_MENU_DISPLAY','2','NEWUSER','ResourceEntity.displayNameMap','Neuer Benutzer');
Insert into LANGUAGE_MAPPING (ID,LANGUAGE_ID,REFERENCE_ID,REFERENCE_TYPE,TEXT_VALUE) values ('DENEWUSER-NOAPPRV_MENU_DISPLAY','2','NEWUSER-NOAPPRV','ResourceEntity.displayNameMap','Neuer Benutzer ohne Bewilligungsverfahren');
Insert into LANGUAGE_MAPPING (ID,LANGUAGE_ID,REFERENCE_ID,REFERENCE_TYPE,TEXT_VALUE) values ('DENEW_AUTH_POLICY_DESC','2','NEW_AUTHENTICATION_POLICY','ResourceEntity.displayNameMap','Neue Auth Richtline erstellen');
Insert into LANGUAGE_MAPPING (ID,LANGUAGE_ID,REFERENCE_ID,REFERENCE_TYPE,TEXT_VALUE) values ('DENEW_AUTH_LVL_GRP_DN','2','NEW_AUTH_LVL_GRP','ResourceEntity.displayNameMap','Neue Gruppierung erstellen');
Insert into LANGUAGE_MAPPING (ID,LANGUAGE_ID,REFERENCE_ID,REFERENCE_TYPE,TEXT_VALUE) values ('DENEW_BATCH_TASK_DESC','2','NEW_BATCH_TASK','ResourceEntity.displayNameMap','Neue Stapelverarbeitungsaufgabe');
Insert into LANGUAGE_MAPPING (ID,LANGUAGE_ID,REFERENCE_ID,REFERENCE_TYPE,TEXT_VALUE) values ('DENEW_GROUP_DESC','2','NEW_GROUP','ResourceEntity.displayNameMap','Neue Gruppe erstellen');
Insert into LANGUAGE_MAPPING (ID,LANGUAGE_ID,REFERENCE_ID,REFERENCE_TYPE,TEXT_VALUE) values ('DENEW_ORG_DESC','2','NEW_ORG','ResourceEntity.displayNameMap','Neue Organisation erstellen');
Insert into LANGUAGE_MAPPING (ID,LANGUAGE_ID,REFERENCE_ID,REFERENCE_TYPE,TEXT_VALUE) values ('DENEW_ORG_TYPE_DESC','2','NEW_ORG_TYPE','ResourceEntity.displayNameMap','Neuer Organisationstyp');
Insert into LANGUAGE_MAPPING (ID,LANGUAGE_ID,REFERENCE_ID,REFERENCE_TYPE,TEXT_VALUE) values ('DENEW_PASSWORD_POLICY_DESC','2','NEW_PASSWORD_POLICY','ResourceEntity.displayNameMap','Neue Passwortrichtline erstellen');
Insert into LANGUAGE_MAPPING (ID,LANGUAGE_ID,REFERENCE_ID,REFERENCE_TYPE,TEXT_VALUE) values ('DENEW_POLICY_ATTR_DESC','2','NEW_POLICY_ATTR','ResourceEntity.displayNameMap','Neue Attributrichtlinie');
Insert into LANGUAGE_MAPPING (ID,LANGUAGE_ID,REFERENCE_ID,REFERENCE_TYPE,TEXT_VALUE) values ('DEUI_THEME_ROOT_SRCH_DN','2','UI_THEME_ROOT_SRCH','ResourceEntity.displayNameMap','UI Themen suchen');
Insert into LANGUAGE_MAPPING (ID,LANGUAGE_ID,REFERENCE_ID,REFERENCE_TYPE,TEXT_VALUE) values ('DEMetadataTypeEntity81','2','UI_WIDGET','MetadataTypeEntity.displayNameMap','UI_WIDGET');
Insert into LANGUAGE_MAPPING (ID,LANGUAGE_ID,REFERENCE_ID,REFERENCE_TYPE,TEXT_VALUE) values ('DEUI_WIDGET','2','UI_WIDGET','ResourceTypeEntity.displayNameMap','UI Widget');
Insert into LANGUAGE_MAPPING (ID,LANGUAGE_ID,REFERENCE_ID,REFERENCE_TYPE,TEXT_VALUE) values ('DEUPLOAD_CUST_PSWD_POLICY_DESC','2','UPLOAD_CUST_PSWD_POLICY','ResourceEntity.displayNameMap','Benutzerdefinierte Passwort Richtlinien');
Insert into LANGUAGE_MAPPING (ID,LANGUAGE_ID,REFERENCE_ID,REFERENCE_TYPE,TEXT_VALUE) values ('DEURI_META_BACK_DESC','2','URI_META_BACK','ResourceEntity.displayNameMap','Zurüch zu den Pattern');
Insert into LANGUAGE_MAPPING (ID,LANGUAGE_ID,REFERENCE_ID,REFERENCE_TYPE,TEXT_VALUE) values ('DEURI_META_EDIT_DESC','2','URI_META_EDIT','ResourceEntity.displayNameMap','URI Meta Root Einheit');
Insert into LANGUAGE_MAPPING (ID,LANGUAGE_ID,REFERENCE_ID,REFERENCE_TYPE,TEXT_VALUE) values ('DEURI_PATTERN_EDIT_DESC','2','URI_PATTERN_EDIT','ResourceEntity.displayNameMap','URI Pattern Menu editieren');
Insert into LANGUAGE_MAPPING (ID,LANGUAGE_ID,REFERENCE_ID,REFERENCE_TYPE,TEXT_VALUE) values ('DEURI_PATTERN_EDNW_PATTERN_DESC','2','URI_PATTERN_EDIT_NEW_PATTERN','ResourceEntity.displayNameMap','URI Pattern erstellen');
Insert into LANGUAGE_MAPPING (ID,LANGUAGE_ID,REFERENCE_ID,REFERENCE_TYPE,TEXT_VALUE) values ('DEURI_PATTERN_EDIT_PATTERN_DESC','2','URI_PATTERN_EDIT_PATTERN','ResourceEntity.displayNameMap','URI Pattern editieren');
Insert into LANGUAGE_MAPPING (ID,LANGUAGE_ID,REFERENCE_ID,REFERENCE_TYPE,TEXT_VALUE) values ('DEURI_PTRN_EDT_PROV_SEARCH_DESC','2','URI_PATTERN_EDT_PROV_SEARCH','ResourceEntity.displayNameMap','Content Provider Suche');
Insert into LANGUAGE_MAPPING (ID,LANGUAGE_ID,REFERENCE_ID,REFERENCE_TYPE,TEXT_VALUE) values ('DEMetadataTypeEntity82','2','URL','MetadataTypeEntity.displayNameMap','URL');
Insert into LANGUAGE_MAPPING (ID,LANGUAGE_ID,REFERENCE_ID,REFERENCE_TYPE,TEXT_VALUE) values ('DEMetadataTypeEntity83','2','URL_PATTERN','MetadataTypeEntity.displayNameMap','Url Pattern');
Insert into LANGUAGE_MAPPING (ID,LANGUAGE_ID,REFERENCE_ID,REFERENCE_TYPE,TEXT_VALUE) values ('DEURL_PATTERN','2','URL_PATTERN','ResourceTypeEntity.displayNameMap','Url Pattern');
Insert into LANGUAGE_MAPPING (ID,LANGUAGE_ID,REFERENCE_ID,REFERENCE_TYPE,TEXT_VALUE) values ('DEUSER_MENU_DESC','2','USER','ResourceEntity.displayNameMap','Benutzer');
Insert into LANGUAGE_MAPPING (ID,LANGUAGE_ID,REFERENCE_ID,REFERENCE_TYPE,TEXT_VALUE) values ('DEUSER_ATTRIBUTES_DESC','2','USER_ATTRIBUTES','ResourceEntity.displayNameMap','Benutzer Attribute');
Insert into LANGUAGE_MAPPING (ID,LANGUAGE_ID,REFERENCE_ID,REFERENCE_TYPE,TEXT_VALUE) values ('DEUSER_BULK_MENU_DISPLAY','2','USER_BULK','ResourceEntity.displayNameMap','Benutzer Stapeloperationen');
Insert into LANGUAGE_MAPPING (ID,LANGUAGE_ID,REFERENCE_ID,REFERENCE_TYPE,TEXT_VALUE) values ('DEUSER_DELEGATION_DESC','2','USER_DELEGATION','ResourceEntity.displayNameMap','Benutzer Delegation Filter');
Insert into LANGUAGE_MAPPING (ID,LANGUAGE_ID,REFERENCE_ID,REFERENCE_TYPE,TEXT_VALUE) values ('DEUSER_EDIT_CONTACT_INFO_DESC','2','USER_EDIT_CONTACT_INFO','ResourceEntity.displayNameMap','Kontakt Info');
Insert into LANGUAGE_MAPPING (ID,LANGUAGE_ID,REFERENCE_ID,REFERENCE_TYPE,TEXT_VALUE) values ('DEUSER_EDIT_INFO_DESC','2','USER_EDIT_INFO','ResourceEntity.displayNameMap','Benutzer Info');
Insert into LANGUAGE_MAPPING (ID,LANGUAGE_ID,REFERENCE_ID,REFERENCE_TYPE,TEXT_VALUE) values ('DEUSER_EDIT_MENU_DESC','2','USER_EDIT_MENU','ResourceEntity.displayNameMap','Benutzer Root Menu editieren');
Insert into LANGUAGE_MAPPING (ID,LANGUAGE_ID,REFERENCE_ID,REFERENCE_TYPE,TEXT_VALUE) values ('DEUSER_ENTITLEMENTS_DESC','2','USER_ENTITLEMENTS','ResourceEntity.displayNameMap','Benutzer Berechtigungen');
Insert into LANGUAGE_MAPPING (ID,LANGUAGE_ID,REFERENCE_ID,REFERENCE_TYPE,TEXT_VALUE) values ('DEUSER_HISTORY_DESC','2','USER_HISTORY','ResourceEntity.displayNameMap','Benutzer Historie');
Insert into LANGUAGE_MAPPING (ID,LANGUAGE_ID,REFERENCE_ID,REFERENCE_TYPE,TEXT_VALUE) values ('DEUSER_IDENTITY_DESC','2','USER_IDENTITY','ResourceEntity.displayNameMap','Benutzer Identitäten');
Insert into LANGUAGE_MAPPING (ID,LANGUAGE_ID,REFERENCE_ID,REFERENCE_TYPE,TEXT_VALUE) values ('DEUSER_MENUS_DESC','2','USER_MENUS','ResourceEntity.displayNameMap','Menus');
Insert into LANGUAGE_MAPPING (ID,LANGUAGE_ID,REFERENCE_ID,REFERENCE_TYPE,TEXT_VALUE) values ('DEUSER_RESET_PASSWORD_DESC','2','USER_RESET_PASSWORD','ResourceEntity.displayNameMap','Passwort zurücksetzen');
Insert into LANGUAGE_MAPPING (ID,LANGUAGE_ID,REFERENCE_ID,REFERENCE_TYPE,TEXT_VALUE) values ('DEUSER_ROOT_MENU_DESC','2','USER_ROOT_MENU','ResourceEntity.displayNameMap','Benutzer Root Menu');
Insert into LANGUAGE_MAPPING (ID,LANGUAGE_ID,REFERENCE_ID,REFERENCE_TYPE,TEXT_VALUE) values ('DEUSER_SEARCH_DESC','2','USER_SEARCH','ResourceEntity.displayNameMap','Benutzersuche');
Insert into LANGUAGE_MAPPING (ID,LANGUAGE_ID,REFERENCE_ID,REFERENCE_TYPE,TEXT_VALUE) values ('DEVIEW_MENU_DESC','2','VIEW','ResourceEntity.displayNameMap','Dateien anzeigen');
Insert into LANGUAGE_MAPPING (ID,LANGUAGE_ID,REFERENCE_ID,REFERENCE_TYPE,TEXT_VALUE) values ('DEMetadataTypeEntity85','2','WEBSERVICE','MetadataTypeEntity.displayNameMap','Web Service');
Insert into LANGUAGE_MAPPING (ID,LANGUAGE_ID,REFERENCE_ID,REFERENCE_TYPE,TEXT_VALUE) values ('DEMetadataTypeEntity86','2','WEBSERVICE_OP','MetadataTypeEntity.displayNameMap','Web Service Operation');
Insert into LANGUAGE_MAPPING (ID,LANGUAGE_ID,REFERENCE_ID,REFERENCE_TYPE,TEXT_VALUE) values ('DEWEB_REPORT_DESC','2','WEB_REPORT','ResourceEntity.displayNameMap','Bericht');
Insert into LANGUAGE_MAPPING (ID,LANGUAGE_ID,REFERENCE_ID,REFERENCE_TYPE,TEXT_VALUE) values ('DEWEB_REPORT_NEW_DSC','2','WEB_REPORT_NEW','ResourceEntity.displayNameMap','Neuen Bericht erstellen');
Insert into LANGUAGE_MAPPING (ID,LANGUAGE_ID,REFERENCE_ID,REFERENCE_TYPE,TEXT_VALUE) values ('DEWEB_REPORT_ROOT_DESC','2','WEB_REPORT_ROOT','ResourceEntity.displayNameMap','Bericht Root Menu');
Insert into LANGUAGE_MAPPING (ID,LANGUAGE_ID,REFERENCE_ID,REFERENCE_TYPE,TEXT_VALUE) values ('DEMetadataTypeEntity87','2','WORK_EMAIL','MetadataTypeEntity.displayNameMap','Email Geschäft');
Insert into LANGUAGE_MAPPING (ID,LANGUAGE_ID,REFERENCE_ID,REFERENCE_TYPE,TEXT_VALUE) values ('LanguageEntity2','1','2','LanguageEntity.displayNameMap','German');
Insert into LANGUAGE_MAPPING (ID,LANGUAGE_ID,REFERENCE_ID,REFERENCE_TYPE,TEXT_VALUE) values ('ESLanguageEntity2','4','2','LanguageEntity.displayNameMap','Alemán');
Insert into LANGUAGE_MAPPING (ID,LANGUAGE_ID,REFERENCE_ID,REFERENCE_TYPE,TEXT_VALUE) values ('RUElementMigrate326','8','326','MetadataElementEntity.languageMap','registeredAddress');
Insert into LANGUAGE_MAPPING (ID,LANGUAGE_ID,REFERENCE_ID,REFERENCE_TYPE,TEXT_VALUE) values ('RUElementMigrate327','8','327','MetadataElementEntity.languageMap','destinationIndicator');
Insert into LANGUAGE_MAPPING (ID,LANGUAGE_ID,REFERENCE_ID,REFERENCE_TYPE,TEXT_VALUE) values ('RUElementMigrate328','8','328','MetadataElementEntity.languageMap','preferredDeliveryMethod');
Insert into LANGUAGE_MAPPING (ID,LANGUAGE_ID,REFERENCE_ID,REFERENCE_TYPE,TEXT_VALUE) values ('RUElementMigrate329','8','329','MetadataElementEntity.languageMap','presentationAddress');
Insert into LANGUAGE_MAPPING (ID,LANGUAGE_ID,REFERENCE_ID,REFERENCE_TYPE,TEXT_VALUE) values ('RUElementMigrate330','8','330','MetadataElementEntity.languageMap','supportedApplicationContext');
Insert into LANGUAGE_MAPPING (ID,LANGUAGE_ID,REFERENCE_ID,REFERENCE_TYPE,TEXT_VALUE) values ('RUElementMigrate331','8','331','MetadataElementEntity.languageMap','member');
Insert into LANGUAGE_MAPPING (ID,LANGUAGE_ID,REFERENCE_ID,REFERENCE_TYPE,TEXT_VALUE) values ('RUElementMigrate332','8','332','MetadataElementEntity.languageMap','owner');
Insert into LANGUAGE_MAPPING (ID,LANGUAGE_ID,REFERENCE_ID,REFERENCE_TYPE,TEXT_VALUE) values ('RUElementMigrate333','8','333','MetadataElementEntity.languageMap','roleOccupant');
Insert into LANGUAGE_MAPPING (ID,LANGUAGE_ID,REFERENCE_ID,REFERENCE_TYPE,TEXT_VALUE) values ('RUElementMigrate334','8','334','MetadataElementEntity.languageMap','seeAlso');
Insert into LANGUAGE_MAPPING (ID,LANGUAGE_ID,REFERENCE_ID,REFERENCE_TYPE,TEXT_VALUE) values ('RUElementMigrate335','8','335','MetadataElementEntity.languageMap','userPassword');
Insert into LANGUAGE_MAPPING (ID,LANGUAGE_ID,REFERENCE_ID,REFERENCE_TYPE,TEXT_VALUE) values ('RUElementMigrate336','8','336','MetadataElementEntity.languageMap','userCertificate');
Insert into LANGUAGE_MAPPING (ID,LANGUAGE_ID,REFERENCE_ID,REFERENCE_TYPE,TEXT_VALUE) values ('RUElementMigrate337','8','337','MetadataElementEntity.languageMap','cACertificate');
Insert into LANGUAGE_MAPPING (ID,LANGUAGE_ID,REFERENCE_ID,REFERENCE_TYPE,TEXT_VALUE) values ('RUElementMigrate338','8','338','MetadataElementEntity.languageMap','authorityRevocationList');
Insert into LANGUAGE_MAPPING (ID,LANGUAGE_ID,REFERENCE_ID,REFERENCE_TYPE,TEXT_VALUE) values ('RUElementMigrate339','8','339','MetadataElementEntity.languageMap','certificateRevocationList');
Insert into LANGUAGE_MAPPING (ID,LANGUAGE_ID,REFERENCE_ID,REFERENCE_TYPE,TEXT_VALUE) values ('RUElementMigrate340','8','340','MetadataElementEntity.languageMap','crossCertificatePair');
Insert into LANGUAGE_MAPPING (ID,LANGUAGE_ID,REFERENCE_ID,REFERENCE_TYPE,TEXT_VALUE) values ('RUElementMigrate341','8','341','MetadataElementEntity.languageMap','givenName');
Insert into LANGUAGE_MAPPING (ID,LANGUAGE_ID,REFERENCE_ID,REFERENCE_TYPE,TEXT_VALUE) values ('RUElementMigrate342','8','342','MetadataElementEntity.languageMap','initials');
Insert into LANGUAGE_MAPPING (ID,LANGUAGE_ID,REFERENCE_ID,REFERENCE_TYPE,TEXT_VALUE) values ('RUElementMigrate343','8','343','MetadataElementEntity.languageMap','generationQualifier');
Insert into LANGUAGE_MAPPING (ID,LANGUAGE_ID,REFERENCE_ID,REFERENCE_TYPE,TEXT_VALUE) values ('RUElementMigrate344','8','344','MetadataElementEntity.languageMap','x500UniqueIdentifier');
Insert into LANGUAGE_MAPPING (ID,LANGUAGE_ID,REFERENCE_ID,REFERENCE_TYPE,TEXT_VALUE) values ('RUElementMigrate346','8','346','MetadataElementEntity.languageMap','uniqueMember');
Insert into LANGUAGE_MAPPING (ID,LANGUAGE_ID,REFERENCE_ID,REFERENCE_TYPE,TEXT_VALUE) values ('RUElementMigrate347','8','347','MetadataElementEntity.languageMap','houseIdentifier');
Insert into LANGUAGE_MAPPING (ID,LANGUAGE_ID,REFERENCE_ID,REFERENCE_TYPE,TEXT_VALUE) values ('RUElementMigrate348','8','348','MetadataElementEntity.languageMap','uid');
Insert into LANGUAGE_MAPPING (ID,LANGUAGE_ID,REFERENCE_ID,REFERENCE_TYPE,TEXT_VALUE) values ('RUElementMigrate349','8','349','MetadataElementEntity.languageMap','mail');
Insert into LANGUAGE_MAPPING (ID,LANGUAGE_ID,REFERENCE_ID,REFERENCE_TYPE,TEXT_VALUE) values ('RUElementMigrate350','8','350','MetadataElementEntity.languageMap','ref');
Insert into LANGUAGE_MAPPING (ID,LANGUAGE_ID,REFERENCE_ID,REFERENCE_TYPE,TEXT_VALUE) values ('RUElementMigrate351','8','351','MetadataElementEntity.languageMap','referral');
Insert into LANGUAGE_MAPPING (ID,LANGUAGE_ID,REFERENCE_ID,REFERENCE_TYPE,TEXT_VALUE) values ('RUElementMigrate352','8','352','MetadataElementEntity.languageMap','krbName');
Insert into LANGUAGE_MAPPING (ID,LANGUAGE_ID,REFERENCE_ID,REFERENCE_TYPE,TEXT_VALUE) values ('RUElementMigrate401','8','401','MetadataElementEntity.languageMap','SUBMIT_USER_TO_CONNECTOR');
Insert into LANGUAGE_MAPPING (ID,LANGUAGE_ID,REFERENCE_ID,REFERENCE_TYPE,TEXT_VALUE) values ('RUElementMigrate402','8','402','MetadataElementEntity.languageMap','INCLUDE_IN_PASSWORD_SYNC');
Insert into LANGUAGE_MAPPING (ID,LANGUAGE_ID,REFERENCE_ID,REFERENCE_TYPE,TEXT_VALUE) values ('RUElementMigrate405','8','405','MetadataElementEntity.languageMap','INCLUDE_IN_SYNC');
Insert into LANGUAGE_MAPPING (ID,LANGUAGE_ID,REFERENCE_ID,REFERENCE_TYPE,TEXT_VALUE) values ('RUElementMigrate406','8','406','MetadataElementEntity.languageMap','TABLE_NAME');
Insert into LANGUAGE_MAPPING (ID,LANGUAGE_ID,REFERENCE_ID,REFERENCE_TYPE,TEXT_VALUE) values ('RUElementMigrate407','8','407','MetadataElementEntity.languageMap','GROUP_MEMBERSHIP_ENABLED');
Insert into LANGUAGE_MAPPING (ID,LANGUAGE_ID,REFERENCE_ID,REFERENCE_TYPE,TEXT_VALUE) values ('RUElementMigrate408','8','408','MetadataElementEntity.languageMap','ON_DELETE');
Insert into LANGUAGE_MAPPING (ID,LANGUAGE_ID,REFERENCE_ID,REFERENCE_TYPE,TEXT_VALUE) values ('RUElementMigrate409','8','409','MetadataElementEntity.languageMap','PRE_PROCESS');
Insert into LANGUAGE_MAPPING (ID,LANGUAGE_ID,REFERENCE_ID,REFERENCE_TYPE,TEXT_VALUE) values ('RUElementMigrate410','8','410','MetadataElementEntity.languageMap','POST_PROCESS');
Insert into LANGUAGE_MAPPING (ID,LANGUAGE_ID,REFERENCE_ID,REFERENCE_TYPE,TEXT_VALUE) values ('RUElementMigrate411','8','411','MetadataElementEntity.languageMap','HOST_URL');
Insert into LANGUAGE_MAPPING (ID,LANGUAGE_ID,REFERENCE_ID,REFERENCE_TYPE,TEXT_VALUE) values ('RUElementMigrate412','8','412','MetadataElementEntity.languageMap','BASE_DN');
Insert into LANGUAGE_MAPPING (ID,LANGUAGE_ID,REFERENCE_ID,REFERENCE_TYPE,TEXT_VALUE) values ('RUElementMigrate413','8','413','MetadataElementEntity.languageMap','HOST_LOGIN ID');
Insert into LANGUAGE_MAPPING (ID,LANGUAGE_ID,REFERENCE_ID,REFERENCE_TYPE,TEXT_VALUE) values ('RUElementMigrate415','8','415','MetadataElementEntity.languageMap','COMMUNICATION_PROTOCOL');
Insert into LANGUAGE_MAPPING (ID,LANGUAGE_ID,REFERENCE_ID,REFERENCE_TYPE,TEXT_VALUE) values ('RUElementMigrate416','8','416','MetadataElementEntity.languageMap','OBJECT_CLASS');
Insert into LANGUAGE_MAPPING (ID,LANGUAGE_ID,REFERENCE_ID,REFERENCE_TYPE,TEXT_VALUE) values ('RUElementMigrate418','8','418','MetadataElementEntity.languageMap','SEARCH_ATTRIBUTE');
Insert into LANGUAGE_MAPPING (ID,LANGUAGE_ID,REFERENCE_ID,REFERENCE_TYPE,TEXT_VALUE) values ('RUElementMigrate419','8','419','MetadataElementEntity.languageMap','MANAGED_SYS_ID');
Insert into LANGUAGE_MAPPING (ID,LANGUAGE_ID,REFERENCE_ID,REFERENCE_TYPE,TEXT_VALUE) values ('RUElementMigrate420','8','420','MetadataElementEntity.languageMap','DN_ATTRIBUTE');
Insert into LANGUAGE_MAPPING (ID,LANGUAGE_ID,REFERENCE_ID,REFERENCE_TYPE,TEXT_VALUE) values ('RUElementMigrate421','8','421','MetadataElementEntity.languageMap','PASSWORD');
Insert into LANGUAGE_MAPPING (ID,LANGUAGE_ID,REFERENCE_ID,REFERENCE_TYPE,TEXT_VALUE) values ('RUElementMigrate430','8','430','MetadataElementEntity.languageMap','END_POINT');
Insert into LANGUAGE_MAPPING (ID,LANGUAGE_ID,REFERENCE_ID,REFERENCE_TYPE,TEXT_VALUE) values ('RUElementMigrate440','8','440','MetadataElementEntity.languageMap','OPERATION_NAME');
Insert into LANGUAGE_MAPPING (ID,LANGUAGE_ID,REFERENCE_ID,REFERENCE_TYPE,TEXT_VALUE) values ('RUElementMigrate450','8','450','MetadataElementEntity.languageMap','URL');
Insert into LANGUAGE_MAPPING (ID,LANGUAGE_ID,REFERENCE_ID,REFERENCE_TYPE,TEXT_VALUE) values ('RUDEPARTMENT','8','DEPARTMENT','OrganizationTypeEntity.displayNameMap','Подразделение');
Insert into LANGUAGE_MAPPING (ID,LANGUAGE_ID,REFERENCE_ID,REFERENCE_TYPE,TEXT_VALUE) values ('RUDIVISION','8','DIVISION','OrganizationTypeEntity.displayNameMap','Филиал');
Insert into LANGUAGE_MAPPING (ID,LANGUAGE_ID,REFERENCE_ID,REFERENCE_TYPE,TEXT_VALUE) values ('RUORGANIZATION','8','ORGANIZATION','OrganizationTypeEntity.displayNameMap','Организация');
Insert into LANGUAGE_MAPPING (ID,LANGUAGE_ID,REFERENCE_ID,REFERENCE_TYPE,TEXT_VALUE) values ('RUSUBSIDIARY','8','SUBSIDIARY','OrganizationTypeEntity.displayNameMap','Дочерняя компания');
Insert into LANGUAGE_MAPPING (ID,LANGUAGE_ID,REFERENCE_ID,REFERENCE_TYPE,TEXT_VALUE) values ('RUSYS_ACTION','8','SYS_ACTION','ResourceTypeEntity.displayNameMap','Системное событие');
Insert into LANGUAGE_MAPPING (ID,LANGUAGE_ID,REFERENCE_ID,REFERENCE_TYPE,TEXT_VALUE) values ('RUUI_TEMPLATE','8','UI_TEMPLATE','ResourceTypeEntity.displayNameMap','UI-шаблон');
Insert into LANGUAGE_MAPPING (ID,LANGUAGE_ID,REFERENCE_ID,REFERENCE_TYPE,TEXT_VALUE) values ('RUURL_PATTERN','8','URL_PATTERN','ResourceTypeEntity.displayNameMap','Образец URL');
Insert into LANGUAGE_MAPPING (ID,LANGUAGE_ID,REFERENCE_ID,REFERENCE_TYPE,TEXT_VALUE) values ('RUAUTH_PROVIDER','8','AUTH_PROVIDER','ResourceTypeEntity.displayNameMap','Провайдер аутентификации');
Insert into LANGUAGE_MAPPING (ID,LANGUAGE_ID,REFERENCE_ID,REFERENCE_TYPE,TEXT_VALUE) values ('RUAUTH_REPO','8','AUTH_REPO','ResourceTypeEntity.displayNameMap','Репозиторий аутентификации');
Insert into LANGUAGE_MAPPING (ID,LANGUAGE_ID,REFERENCE_ID,REFERENCE_TYPE,TEXT_VALUE) values ('RUUI_WIDGET','8','UI_WIDGET','ResourceTypeEntity.displayNameMap','UI-виджет');
Insert into LANGUAGE_MAPPING (ID,LANGUAGE_ID,REFERENCE_ID,REFERENCE_TYPE,TEXT_VALUE) values ('RUADMIN_RESOURCE','8','ADMIN_RESOURCE','ResourceTypeEntity.displayNameMap','Ресурс администратора');
Insert into LANGUAGE_MAPPING (ID,LANGUAGE_ID,REFERENCE_ID,REFERENCE_TYPE,TEXT_VALUE) values ('RUCONTENT_PROVIDER','8','CONTENT_PROVIDER','ResourceTypeEntity.displayNameMap','Контент-провайдер');
Insert into LANGUAGE_MAPPING (ID,LANGUAGE_ID,REFERENCE_ID,REFERENCE_TYPE,TEXT_VALUE) values ('RUMANAGED_SYS','8','MANAGED_SYS','ResourceTypeEntity.displayNameMap','Управляемые системы');
Insert into LANGUAGE_MAPPING (ID,LANGUAGE_ID,REFERENCE_ID,REFERENCE_TYPE,TEXT_VALUE) values ('RUMENU_ITEM','8','MENU_ITEM','ResourceTypeEntity.displayNameMap','Меню');
Insert into LANGUAGE_MAPPING (ID,LANGUAGE_ID,REFERENCE_ID,REFERENCE_TYPE,TEXT_VALUE) values ('RU200','8','200','IdentityQuestionEntity.displayNameMap','Назовите последние четыре цифры Вашего номера социального страхования.');
Insert into LANGUAGE_MAPPING (ID,LANGUAGE_ID,REFERENCE_ID,REFERENCE_TYPE,TEXT_VALUE) values ('RU201','8','201','IdentityQuestionEntity.displayNameMap','Назовите девичью фамилию Вашей матери.');
Insert into LANGUAGE_MAPPING (ID,LANGUAGE_ID,REFERENCE_ID,REFERENCE_TYPE,TEXT_VALUE) values ('RU202','8','202','IdentityQuestionEntity.displayNameMap','Где Вы ходили в школу?');
Insert into LANGUAGE_MAPPING (ID,LANGUAGE_ID,REFERENCE_ID,REFERENCE_TYPE,TEXT_VALUE) values ('RU203','8','203','IdentityQuestionEntity.displayNameMap','Как зовут Вашего домашнего питомца?');
Insert into LANGUAGE_MAPPING (ID,LANGUAGE_ID,REFERENCE_ID,REFERENCE_TYPE,TEXT_VALUE) values ('RU204','8','204','IdentityQuestionEntity.displayNameMap','Какое Ваше любимое блюдо?');
Insert into LANGUAGE_MAPPING (ID,LANGUAGE_ID,REFERENCE_ID,REFERENCE_TYPE,TEXT_VALUE) values ('RU205','8','205','IdentityQuestionEntity.displayNameMap','Какой Ваш любимый цвет?');
Insert into LANGUAGE_MAPPING (ID,LANGUAGE_ID,REFERENCE_ID,REFERENCE_TYPE,TEXT_VALUE) values ('RU206','8','206','IdentityQuestionEntity.displayNameMap','В каком городе Вы родились?');
Insert into LANGUAGE_MAPPING (ID,LANGUAGE_ID,REFERENCE_ID,REFERENCE_TYPE,TEXT_VALUE) values ('RU207','8','207','IdentityQuestionEntity.displayNameMap','Какой вид спорта вам нравится?');
Insert into LANGUAGE_MAPPING (ID,LANGUAGE_ID,REFERENCE_ID,REFERENCE_TYPE,TEXT_VALUE) values ('RU209','8','209','IdentityQuestionEntity.displayNameMap','Назовите последние четыре цифры номера Вашего водительского удостоверения.');
Insert into LANGUAGE_MAPPING (ID,LANGUAGE_ID,REFERENCE_ID,REFERENCE_TYPE,TEXT_VALUE) values ('RU210','8','210','IdentityQuestionEntity.displayNameMap','Назовите Вашу любимую школу?');
Insert into LANGUAGE_MAPPING (ID,LANGUAGE_ID,REFERENCE_ID,REFERENCE_TYPE,TEXT_VALUE) values ('RU211','8','211','IdentityQuestionEntity.displayNameMap','Назовите имя Вашего первого питомца.');
Insert into LANGUAGE_MAPPING (ID,LANGUAGE_ID,REFERENCE_ID,REFERENCE_TYPE,TEXT_VALUE) values ('RU212','8','212','IdentityQuestionEntity.displayNameMap','Назовите Ваш любимый фильм, игру или песню.');
Insert into LANGUAGE_MAPPING (ID,LANGUAGE_ID,REFERENCE_ID,REFERENCE_TYPE,TEXT_VALUE) values ('RU213','8','213','IdentityQuestionEntity.displayNameMap','Как называется Ваша любимая книга?');
Insert into LANGUAGE_MAPPING (ID,LANGUAGE_ID,REFERENCE_ID,REFERENCE_TYPE,TEXT_VALUE) values ('RU214','8','214','IdentityQuestionEntity.displayNameMap','Назовите имя Вашего первого парня / девушки.');
Insert into LANGUAGE_MAPPING (ID,LANGUAGE_ID,REFERENCE_ID,REFERENCE_TYPE,TEXT_VALUE) values ('RU215','8','215','IdentityQuestionEntity.displayNameMap','Назовите имя Вашего любимого школьного учителя.');
Insert into LANGUAGE_MAPPING (ID,LANGUAGE_ID,REFERENCE_ID,REFERENCE_TYPE,TEXT_VALUE) values ('RU216','8','216','IdentityQuestionEntity.displayNameMap','Назовите год выпуска и модель Вашего первого автомобиля (Год-Модель).');
Insert into LANGUAGE_MAPPING (ID,LANGUAGE_ID,REFERENCE_ID,REFERENCE_TYPE,TEXT_VALUE) values ('RU217','8','217','IdentityQuestionEntity.displayNameMap','Где вы встретили Вашу «вторую половинку»?');
Insert into LANGUAGE_MAPPING (ID,LANGUAGE_ID,REFERENCE_ID,REFERENCE_TYPE,TEXT_VALUE) values ('RU218','8','218','IdentityQuestionEntity.displayNameMap','Кто был Вашим первым питомцем и как его звали (Вид питомца-Имя)?');
Insert into LANGUAGE_MAPPING (ID,LANGUAGE_ID,REFERENCE_ID,REFERENCE_TYPE,TEXT_VALUE) values ('RULANGUAGE_ADMIN1','8','LANGUAGE_ADMIN','ResourceEntity.displayNameMap','Языки');
Insert into LANGUAGE_MAPPING (ID,LANGUAGE_ID,REFERENCE_ID,REFERENCE_TYPE,TEXT_VALUE) values ('RULANGUAGE_EDIT1','8','LANGUAGE_EDIT','ResourceEntity.displayNameMap','Новый язык');
Insert into LANGUAGE_MAPPING (ID,LANGUAGE_ID,REFERENCE_ID,REFERENCE_TYPE,TEXT_VALUE) values ('RULANGUAGE_SEARCH1','8','LANGUAGE_SEARCH','ResourceEntity.displayNameMap','Языки');
Insert into LANGUAGE_MAPPING (ID,LANGUAGE_ID,REFERENCE_ID,REFERENCE_TYPE,TEXT_VALUE) values ('RUBULK_OPS_DESC','8','BULK_OPS','ResourceEntity.displayNameMap','Групповые задачи с пользователями');
Insert into LANGUAGE_MAPPING (ID,LANGUAGE_ID,REFERENCE_ID,REFERENCE_TYPE,TEXT_VALUE) values ('RUMetadataTypeEntity56','8','SECURITY MANAGER','MetadataTypeEntity.displayNameMap','Администратор безопасности');
Insert into LANGUAGE_MAPPING (ID,LANGUAGE_ID,REFERENCE_ID,REFERENCE_TYPE,TEXT_VALUE) values ('RUMetadataTypeEntity61','8','ATTR','MetadataTypeEntity.displayNameMap','Атрибут');
Insert into LANGUAGE_MAPPING (ID,LANGUAGE_ID,REFERENCE_ID,REFERENCE_TYPE,TEXT_VALUE) values ('RUMetadataTypeEntity66','8','OFF-LINE','MetadataTypeEntity.displayNameMap','Офлайн');
Insert into LANGUAGE_MAPPING (ID,LANGUAGE_ID,REFERENCE_ID,REFERENCE_TYPE,TEXT_VALUE) values ('RUMetadataTypeEntity70','8','DELETED','MetadataTypeEntity.displayNameMap','УДАЛЕНО');
Insert into LANGUAGE_MAPPING (ID,LANGUAGE_ID,REFERENCE_ID,REFERENCE_TYPE,TEXT_VALUE) values ('RUMetadataTypeEntity75','8','PENDING_START_DATE','MetadataTypeEntity.displayNameMap','Ожидаемая дата начала');
Insert into LANGUAGE_MAPPING (ID,LANGUAGE_ID,REFERENCE_ID,REFERENCE_TYPE,TEXT_VALUE) values ('RUMetadataTypeEntity81','8','LOCKED_ADMIN','MetadataTypeEntity.displayNameMap','Заблокировано администратором');
Insert into LANGUAGE_MAPPING (ID,LANGUAGE_ID,REFERENCE_ID,REFERENCE_TYPE,TEXT_VALUE) values ('RUMetadataTypeEntity86','8','SYS ACCOUNT','MetadataTypeEntity.displayNameMap','Системная учетная запись');
Insert into LANGUAGE_MAPPING (ID,LANGUAGE_ID,REFERENCE_ID,REFERENCE_TYPE,TEXT_VALUE) values ('RUMETA_ADMIN_DESC','8','META_ADMIN','ResourceEntity.displayNameMap','Элементы метаданных');
Insert into LANGUAGE_MAPPING (ID,LANGUAGE_ID,REFERENCE_ID,REFERENCE_TYPE,TEXT_VALUE) values ('RUMETA_TYPE_ADMIN_DESC','8','META_TYPE_ADMIN','ResourceEntity.displayNameMap','Типы метаданных');
Insert into LANGUAGE_MAPPING (ID,LANGUAGE_ID,REFERENCE_ID,REFERENCE_TYPE,TEXT_VALUE) values ('RUMETA_TYPE_EDIT_DESC','8','META_TYPE_EDIT','ResourceEntity.displayNameMap','Новый тип метаданных');
Insert into LANGUAGE_MAPPING (ID,LANGUAGE_ID,REFERENCE_ID,REFERENCE_TYPE,TEXT_VALUE) values ('RUMETA_EDIT_DESC','8','META_EDIT','ResourceEntity.displayNameMap','Новый элемент метаданных');
Insert into LANGUAGE_MAPPING (ID,LANGUAGE_ID,REFERENCE_ID,REFERENCE_TYPE,TEXT_VALUE) values ('RUMETA_SEARCH_DESC','8','META_SEARCH','ResourceEntity.displayNameMap','Поиск метаданных');
Insert into LANGUAGE_MAPPING (ID,LANGUAGE_ID,REFERENCE_ID,REFERENCE_TYPE,TEXT_VALUE) values ('RURES_TYPE_DESC','8','RES_TYPE_ITEM','ResourceEntity.displayNameMap','Тип ресурса');
Insert into LANGUAGE_MAPPING (ID,LANGUAGE_ID,REFERENCE_ID,REFERENCE_TYPE,TEXT_VALUE) values ('RURES_TYPE_NEW_DESC','8','RES_TYPE_NEW','ResourceEntity.displayNameMap','Новый тип ресурса');
Insert into LANGUAGE_MAPPING (ID,LANGUAGE_ID,REFERENCE_ID,REFERENCE_TYPE,TEXT_VALUE) values ('RUAUTH_LVL_GRP_NEW_ROOT_DN','8','AUTH_LVL_GRP_NEW_ROOT','ResourceEntity.displayNameMap','Группировка по уровню аутентификации');
Insert into LANGUAGE_MAPPING (ID,LANGUAGE_ID,REFERENCE_ID,REFERENCE_TYPE,TEXT_VALUE) values ('RUAUTH_LVL_GRP_EDIT_ROOT_DN','8','AUTH_LVL_GRP_EDIT_ROOT','ResourceEntity.displayNameMap','Редактирование группировки по уровню аутентификации');
Insert into LANGUAGE_MAPPING (ID,LANGUAGE_ID,REFERENCE_ID,REFERENCE_TYPE,TEXT_VALUE) values ('RUBACK_TO_AUTH_LVL_GRP_SRH_DN','8','BACK_TO_AUTH_LVL_GRP_SRH','ResourceEntity.displayNameMap','Вернуться к поиску');
Insert into LANGUAGE_MAPPING (ID,LANGUAGE_ID,REFERENCE_ID,REFERENCE_TYPE,TEXT_VALUE) values ('RUAUTH_LVL_GRP_ATTR_DN','8','AUTH_LVL_GRP_ATTR','ResourceEntity.displayNameMap','Атрибуты группировки по уровню аутентификации - корневой элемент');
Insert into LANGUAGE_MAPPING (ID,LANGUAGE_ID,REFERENCE_ID,REFERENCE_TYPE,TEXT_VALUE) values ('RUBACK_TO_AUTH_LVL_DN','8','BACK_TO_AUTH_LVL','ResourceEntity.displayNameMap','Вернуться к группам');
Insert into LANGUAGE_MAPPING (ID,LANGUAGE_ID,REFERENCE_ID,REFERENCE_TYPE,TEXT_VALUE) values ('RUAUTH_LEVEL_GRP_DN','8','AUTH_LEVEL_GRP','ResourceEntity.displayNameMap','Группы аутентификации');
Insert into LANGUAGE_MAPPING (ID,LANGUAGE_ID,REFERENCE_ID,REFERENCE_TYPE,TEXT_VALUE) values ('RUSELFSERVICE_EXT_DN','8','SELFSERVICE_EXT','ResourceEntity.displayNameMap','Расширения SelfService - Корневой элемент');
Insert into LANGUAGE_MAPPING (ID,LANGUAGE_ID,REFERENCE_ID,REFERENCE_TYPE,TEXT_VALUE) values ('RUSELFSRV_EXAMPLE_DN','8','SELFSRV_EXAMPLE','ResourceEntity.displayNameMap','Пример');
Insert into LANGUAGE_MAPPING (ID,LANGUAGE_ID,REFERENCE_ID,REFERENCE_TYPE,TEXT_VALUE) values ('RUGROUP_ROOT_MENU_DESC','8','GROUP_ROOT_MENU','ResourceEntity.displayNameMap','Группы');
Insert into LANGUAGE_MAPPING (ID,LANGUAGE_ID,REFERENCE_ID,REFERENCE_TYPE,TEXT_VALUE) values ('RUGROUP_SEARCH_DESC','8','GROUP_SEARCH','ResourceEntity.displayNameMap','Поиск групп');
Insert into LANGUAGE_MAPPING (ID,LANGUAGE_ID,REFERENCE_ID,REFERENCE_TYPE,TEXT_VALUE) values ('RUIDM_MENU_DISPLAY','8','IDM','ResourceEntity.displayNameMap','Идентификатор');
Insert into LANGUAGE_MAPPING (ID,LANGUAGE_ID,REFERENCE_ID,REFERENCE_TYPE,TEXT_VALUE) values ('RUIDQUEST_MENU_DISPLAY','8','IDQUEST','ResourceEntity.displayNameMap','Ответ на запрос');
Insert into LANGUAGE_MAPPING (ID,LANGUAGE_ID,REFERENCE_ID,REFERENCE_TYPE,TEXT_VALUE) values ('RULOCATION_MENU_DISPLAY','8','LOCATION','ResourceEntity.displayNameMap','Расположение');
Insert into LANGUAGE_MAPPING (ID,LANGUAGE_ID,REFERENCE_ID,REFERENCE_TYPE,TEXT_VALUE) values ('RUMANAGEREQ_MENU_DISPLAY','8','MANAGEREQ','ResourceEntity.displayNameMap','История запросов');
Insert into LANGUAGE_MAPPING (ID,LANGUAGE_ID,REFERENCE_ID,REFERENCE_TYPE,TEXT_VALUE) values ('RUMETADATA_MENU_DISPLAY','8','METADATA','ResourceEntity.displayNameMap','Метаданные');
Insert into LANGUAGE_MAPPING (ID,LANGUAGE_ID,REFERENCE_ID,REFERENCE_TYPE,TEXT_VALUE) values ('RUMNGSYS_DESC','8','MNGSYS_MENU_ITEM','ResourceEntity.displayNameMap','Управляемые системы');
Insert into LANGUAGE_MAPPING (ID,LANGUAGE_ID,REFERENCE_ID,REFERENCE_TYPE,TEXT_VALUE) values ('RUMNGSYS_DSC','8','MNGSYS_NEW','ResourceEntity.displayNameMap','Создать управляемую систему');
Insert into LANGUAGE_MAPPING (ID,LANGUAGE_ID,REFERENCE_ID,REFERENCE_TYPE,TEXT_VALUE) values ('RUMNGSYS_MENU_DISPLAY','8','MNGSYS','ResourceEntity.displayNameMap','Управляемая система');
Insert into LANGUAGE_MAPPING (ID,LANGUAGE_ID,REFERENCE_ID,REFERENCE_TYPE,TEXT_VALUE) values ('RUNEWUSER-NOAPPRV_MENU_DISPLAY','8','NEWUSER-NOAPPRV','ResourceEntity.displayNameMap','Создать пользователя без подтверждения');
Insert into LANGUAGE_MAPPING (ID,LANGUAGE_ID,REFERENCE_ID,REFERENCE_TYPE,TEXT_VALUE) values ('RUNEWUSER_MENU_DISPLAY','8','NEWUSER','ResourceEntity.displayNameMap','Новый пользователь');
Insert into LANGUAGE_MAPPING (ID,LANGUAGE_ID,REFERENCE_ID,REFERENCE_TYPE,TEXT_VALUE) values ('RUNEW_GROUP_DESC','8','NEW_GROUP','ResourceEntity.displayNameMap','Создать новую группу');
Insert into LANGUAGE_MAPPING (ID,LANGUAGE_ID,REFERENCE_ID,REFERENCE_TYPE,TEXT_VALUE) values ('RUNEW_ORG_DESC','8','NEW_ORG','ResourceEntity.displayNameMap','Создать новую организацию');
Insert into LANGUAGE_MAPPING (ID,LANGUAGE_ID,REFERENCE_ID,REFERENCE_TYPE,TEXT_VALUE) values ('RUNEW_ROLE_DESC','8','NEW_ROLE','ResourceEntity.displayNameMap','Создать новую роль');
Insert into LANGUAGE_MAPPING (ID,LANGUAGE_ID,REFERENCE_ID,REFERENCE_TYPE,TEXT_VALUE) values ('RUNEW_USER_DESC','8','NEW_USER','ResourceEntity.displayNameMap','Создать нового пользователя');
Insert into LANGUAGE_MAPPING (ID,LANGUAGE_ID,REFERENCE_ID,REFERENCE_TYPE,TEXT_VALUE) values ('RUORGANIZATION_EDIT_ID_DESC','8','ORGANIZATION_EDIT_ID','ResourceEntity.displayNameMap','Меню редактирования организаций');
Insert into LANGUAGE_MAPPING (ID,LANGUAGE_ID,REFERENCE_ID,REFERENCE_TYPE,TEXT_VALUE) values ('RUORGANIZATION_ROOT_ID_DESC','8','ORGANIZATION_ROOT_ID','ResourceEntity.displayNameMap','Организации');
Insert into LANGUAGE_MAPPING (ID,LANGUAGE_ID,REFERENCE_ID,REFERENCE_TYPE,TEXT_VALUE) values ('RUORG_MEMBERSHIP_DESC','8','ORG_MEMBERSHIP','ResourceEntity.displayNameMap','Подразделения организации');
Insert into LANGUAGE_MAPPING (ID,LANGUAGE_ID,REFERENCE_ID,REFERENCE_TYPE,TEXT_VALUE) values ('RUORG_MENU_DISPLAY','8','ORG','ResourceEntity.displayNameMap','Организация');
Insert into LANGUAGE_MAPPING (ID,LANGUAGE_ID,REFERENCE_ID,REFERENCE_TYPE,TEXT_VALUE) values ('RUORG_SEARCH_DESC','8','ORG_SEARCH','ResourceEntity.displayNameMap','Поиск организации');
Insert into LANGUAGE_MAPPING (ID,LANGUAGE_ID,REFERENCE_ID,REFERENCE_TYPE,TEXT_VALUE) values ('RUPAGE_TMPLT_EDIT_DESC','8','PAGE_TEMPLATE_EDIT','ResourceEntity.displayNameMap','Меню редактирования шаблона страницы');
Insert into LANGUAGE_MAPPING (ID,LANGUAGE_ID,REFERENCE_ID,REFERENCE_TYPE,TEXT_VALUE) values ('RUPAGE_TMPLT_EDIT_NEW_DESC','8','PAGE_TEMPLATE_EDIT_NEW','ResourceEntity.displayNameMap','Редактировать шаблон');
Insert into LANGUAGE_MAPPING (ID,LANGUAGE_ID,REFERENCE_ID,REFERENCE_TYPE,TEXT_VALUE) values ('RUPAGE_TMPLT_EDIT_SEARCH_DESC','8','PAGE_TEMPLATE_EDIT_SEARCH','ResourceEntity.displayNameMap','Вернуться к поиску');
Insert into LANGUAGE_MAPPING (ID,LANGUAGE_ID,REFERENCE_ID,REFERENCE_TYPE,TEXT_VALUE) values ('RUPAGE_TMPLT_NEW_DSC','8','PAGE_TEMPLATE_NEW','ResourceEntity.displayNameMap','Создать новый шаблон');
Insert into LANGUAGE_MAPPING (ID,LANGUAGE_ID,REFERENCE_ID,REFERENCE_TYPE,TEXT_VALUE) values ('RUPAGE_TMPLT_ROOT_DESC','8','PAGE_TEMPLATE_ROOT','ResourceEntity.displayNameMap','Шаблоны страниц');
Insert into LANGUAGE_MAPPING (ID,LANGUAGE_ID,REFERENCE_ID,REFERENCE_TYPE,TEXT_VALUE) values ('RUPAGE_TMPLT_SEARCH_DESC','8','PAGE_TEMPLATE_SEARCH','ResourceEntity.displayNameMap','Поиск шаблонов страниц');
Insert into LANGUAGE_MAPPING (ID,LANGUAGE_ID,REFERENCE_ID,REFERENCE_TYPE,TEXT_VALUE) values ('RUPROFILE_MENU_DISPLAY','8','PROFILE','ResourceEntity.displayNameMap','Редактировать ваш профиль');
Insert into LANGUAGE_MAPPING (ID,LANGUAGE_ID,REFERENCE_ID,REFERENCE_TYPE,TEXT_VALUE) values ('RUPROVCONNECT_DESC','8','PROVCONNECT_MENU_ITEM','ResourceEntity.displayNameMap','Инициализация коннекторов');
Insert into LANGUAGE_MAPPING (ID,LANGUAGE_ID,REFERENCE_ID,REFERENCE_TYPE,TEXT_VALUE) values ('RUPROVCONNECT_MENU_DISPLAY','8','PROVCONNECT','ResourceEntity.displayNameMap','Коннекторы');
Insert into LANGUAGE_MAPPING (ID,LANGUAGE_ID,REFERENCE_ID,REFERENCE_TYPE,TEXT_VALUE) values ('RUPROVISIONING_MENU_DISPLAY','8','PROVISIONING','ResourceEntity.displayNameMap','Инициализация');
Insert into LANGUAGE_MAPPING (ID,LANGUAGE_ID,REFERENCE_ID,REFERENCE_TYPE,TEXT_VALUE) values ('RUPROV_CONNECTOR_DSC','8','PROV_CONNECTOR_NEW','ResourceEntity.displayNameMap','Создать новый коннектор');
Insert into LANGUAGE_MAPPING (ID,LANGUAGE_ID,REFERENCE_ID,REFERENCE_TYPE,TEXT_VALUE) values ('RUREPORT_MENU_DISPLAY','8','REPORT','ResourceEntity.displayNameMap','Управление отчетами');
Insert into LANGUAGE_MAPPING (ID,LANGUAGE_ID,REFERENCE_ID,REFERENCE_TYPE,TEXT_VALUE) values ('RUREQINBOX_MENU_DISPLAY','8','REQINBOX','ResourceEntity.displayNameMap','Входящие');
Insert into LANGUAGE_MAPPING (ID,LANGUAGE_ID,REFERENCE_ID,REFERENCE_TYPE,TEXT_VALUE) values ('RURESOURCE_EDIT_PAGE_ROOT_DIS','8','RESOURCE_EDIT_PAGE_ROOT','ResourceEntity.displayNameMap','Редактирование ресурса');
Insert into LANGUAGE_MAPPING (ID,LANGUAGE_ID,REFERENCE_ID,REFERENCE_TYPE,TEXT_VALUE) values ('RURESPOLICYMAP_MENU_DISPLAY','8','RESPOLICYMAP','ResourceEntity.displayNameMap','Карта политик');
Insert into LANGUAGE_MAPPING (ID,LANGUAGE_ID,REFERENCE_ID,REFERENCE_TYPE,TEXT_VALUE) values ('RURESRECONCILE_MENU_DISPLAY','8','RESRECONCILE','ResourceEntity.displayNameMap','Реконсиляция');
Insert into LANGUAGE_MAPPING (ID,LANGUAGE_ID,REFERENCE_ID,REFERENCE_TYPE,TEXT_VALUE) values ('RURESSUMMARY_MENU_DISPLAY','8','RESSUMMARY','ResourceEntity.displayNameMap','Детализация ресурсов');
Insert into LANGUAGE_MAPPING (ID,LANGUAGE_ID,REFERENCE_ID,REFERENCE_TYPE,TEXT_VALUE) values ('RURES_ENT_SUB_DIS','8','RES_ENT_SUB','ResourceEntity.displayNameMap','Разрешения');
Insert into LANGUAGE_MAPPING (ID,LANGUAGE_ID,REFERENCE_ID,REFERENCE_TYPE,TEXT_VALUE) values ('RUROLE_EDIT_MENU_DESC','8','ROLE_EDIT_MENU','ResourceEntity.displayNameMap','Редактирование роли - главное меню');
Insert into LANGUAGE_MAPPING (ID,LANGUAGE_ID,REFERENCE_ID,REFERENCE_TYPE,TEXT_VALUE) values ('RUROLE_ENTITLEMENTS_DESC','8','ROLE_ENTITLEMENTS','ResourceEntity.displayNameMap','Разрешения ролей');
Insert into LANGUAGE_MAPPING (ID,LANGUAGE_ID,REFERENCE_ID,REFERENCE_TYPE,TEXT_VALUE) values ('RUROLE_MENUS_DESC','8','ROLE_MENUS','ResourceEntity.displayNameMap','Меню');
Insert into LANGUAGE_MAPPING (ID,LANGUAGE_ID,REFERENCE_ID,REFERENCE_TYPE,TEXT_VALUE) values ('RUROLE_ROOT_MENU_DESC','8','ROLE_ROOT_MENU','ResourceEntity.displayNameMap','Роли');
Insert into LANGUAGE_MAPPING (ID,LANGUAGE_ID,REFERENCE_ID,REFERENCE_TYPE,TEXT_VALUE) values ('RUROLE_SEARCH_DESC','8','ROLE_SEARCH','ResourceEntity.displayNameMap','Поиск роли');
Insert into LANGUAGE_MAPPING (ID,LANGUAGE_ID,REFERENCE_ID,REFERENCE_TYPE,TEXT_VALUE) values ('RUSECURITY_GROUP_MENU_DISPLAY','8','SECURITY_GROUP','ResourceEntity.displayNameMap','Группа');
Insert into LANGUAGE_MAPPING (ID,LANGUAGE_ID,REFERENCE_ID,REFERENCE_TYPE,TEXT_VALUE) values ('RUSECURITY_POLICY_MENU_DISPLAY','8','SECURITY_POLICY','ResourceEntity.displayNameMap','Политика');
Insert into LANGUAGE_MAPPING (ID,LANGUAGE_ID,REFERENCE_ID,REFERENCE_TYPE,TEXT_VALUE) values ('RUSECURITY_RES_MENU_DISPLAY','8','SECURITY_RES','ResourceEntity.displayNameMap','Ресурс');
Insert into LANGUAGE_MAPPING (ID,LANGUAGE_ID,REFERENCE_ID,REFERENCE_TYPE,TEXT_VALUE) values ('RUSECURITY_ROLE_MENU_DISPLAY','8','SECURITY_ROLE','ResourceEntity.displayNameMap','Роль');
Insert into LANGUAGE_MAPPING (ID,LANGUAGE_ID,REFERENCE_ID,REFERENCE_TYPE,TEXT_VALUE) values ('RUSELFCENTER_MENU_DISPLAY','8','SELFCENTER','ResourceEntity.displayNameMap','Центр самообслуживания');
Insert into LANGUAGE_MAPPING (ID,LANGUAGE_ID,REFERENCE_ID,REFERENCE_TYPE,TEXT_VALUE) values ('RUSELFSERVICE_MENU_DISPLAY','8','SELFSERVICE','ResourceEntity.displayNameMap','САМООБСЛУЖИВАНИЕ');
Insert into LANGUAGE_MAPPING (ID,LANGUAGE_ID,REFERENCE_ID,REFERENCE_TYPE,TEXT_VALUE) values ('RUSELFSERVICE_MYAPPS_DESC','8','SELFSERVICE_MYAPPS','ResourceEntity.displayNameMap','Мои приложения');
Insert into LANGUAGE_MAPPING (ID,LANGUAGE_ID,REFERENCE_ID,REFERENCE_TYPE,TEXT_VALUE) values ('RUSELFSERVICE_MYINFO_DESC','8','SELFSERVICE_MYINFO','ResourceEntity.displayNameMap','Моя информация');
Insert into LANGUAGE_MAPPING (ID,LANGUAGE_ID,REFERENCE_ID,REFERENCE_TYPE,TEXT_VALUE) values ('RUSELF_QUERYUSER_MENU_DISPLAY','8','SELF_QUERYUSER','ResourceEntity.displayNameMap','Управление пользователем');
Insert into LANGUAGE_MAPPING (ID,LANGUAGE_ID,REFERENCE_ID,REFERENCE_TYPE,TEXT_VALUE) values ('RUSYNCUSER_MENU_DISPLAY','8','SYNCUSER','ResourceEntity.displayNameMap','Синхронизация');
Insert into LANGUAGE_MAPPING (ID,LANGUAGE_ID,REFERENCE_ID,REFERENCE_TYPE,TEXT_VALUE) values ('RUTEMPLATE_SEARCH_CHILD_DESC','8','TEMPLATE_SEARCH_CHILD','ResourceEntity.displayNameMap','Страница шаблонов');
Insert into LANGUAGE_MAPPING (ID,LANGUAGE_ID,REFERENCE_ID,REFERENCE_TYPE,TEXT_VALUE) values ('RUURI_META_BACK_DESC','8','URI_META_BACK','ResourceEntity.displayNameMap','Вернуться к шаблонам');
Insert into LANGUAGE_MAPPING (ID,LANGUAGE_ID,REFERENCE_ID,REFERENCE_TYPE,TEXT_VALUE) values ('RUURI_META_EDIT_DESC','8','URI_META_EDIT','ResourceEntity.displayNameMap','URI Meta меню');
Insert into LANGUAGE_MAPPING (ID,LANGUAGE_ID,REFERENCE_ID,REFERENCE_TYPE,TEXT_VALUE) values ('RUURI_PTRN_EDIT_DESC','8','URI_PATTERN_EDIT','ResourceEntity.displayNameMap','Меню редактирования URI-шаблонов');
Insert into LANGUAGE_MAPPING (ID,LANGUAGE_ID,REFERENCE_ID,REFERENCE_TYPE,TEXT_VALUE) values ('RUURI_PTRN_EDIT_NEW_PATTERN_DES','8','URI_PATTERN_EDIT_NEW_PATTERN','ResourceEntity.displayNameMap','Создать URI-шаблон');
Insert into LANGUAGE_MAPPING (ID,LANGUAGE_ID,REFERENCE_ID,REFERENCE_TYPE,TEXT_VALUE) values ('RUURI_PTRN_EDIT_PATTERN_DESC','8','URI_PATTERN_EDIT_PATTERN','ResourceEntity.displayNameMap','Редактировать URI-шаблон');
Insert into LANGUAGE_MAPPING (ID,LANGUAGE_ID,REFERENCE_ID,REFERENCE_TYPE,TEXT_VALUE) values ('RUUSER_ATTRIBUTES_DESC','8','USER_ATTRIBUTES','ResourceEntity.displayNameMap','Атрибуты пользователя');
Insert into LANGUAGE_MAPPING (ID,LANGUAGE_ID,REFERENCE_ID,REFERENCE_TYPE,TEXT_VALUE) values ('RUUSER_BULK_MENU_DISPLAY','8','USER_BULK','ResourceEntity.displayNameMap','Операции над группой пользователей');
Insert into LANGUAGE_MAPPING (ID,LANGUAGE_ID,REFERENCE_ID,REFERENCE_TYPE,TEXT_VALUE) values ('RUUSER_DELEGATION_DESC','8','USER_DELEGATION','ResourceEntity.displayNameMap','Фильтр полномочий пользователя');
Insert into LANGUAGE_MAPPING (ID,LANGUAGE_ID,REFERENCE_ID,REFERENCE_TYPE,TEXT_VALUE) values ('RUUSER_EDIT_CONTACT_INFO_DESC','8','USER_EDIT_CONTACT_INFO','ResourceEntity.displayNameMap','Контактная информация');
Insert into LANGUAGE_MAPPING (ID,LANGUAGE_ID,REFERENCE_ID,REFERENCE_TYPE,TEXT_VALUE) values ('RULanguageEntity4','8','4','LanguageEntity.displayNameMap','Испанский');
Insert into LANGUAGE_MAPPING (ID,LANGUAGE_ID,REFERENCE_ID,REFERENCE_TYPE,TEXT_VALUE) values ('RUEDIT_ORG_TYPE_DESC','8','EDIT_ORG_TYPE','ResourceEntity.displayNameMap','Редактирование типа организации');
Insert into LANGUAGE_MAPPING (ID,LANGUAGE_ID,REFERENCE_ID,REFERENCE_TYPE,TEXT_VALUE) values ('RUBATCH_TASK_ROOT_DESC','8','BATCH_TASK_ROOT','ResourceEntity.displayNameMap','Групповые задачи');
Insert into LANGUAGE_MAPPING (ID,LANGUAGE_ID,REFERENCE_ID,REFERENCE_TYPE,TEXT_VALUE) values ('RUEDIT_BATCH_TASK_DESC','8','EDIT_BATCH_TASK','ResourceEntity.displayNameMap','Редактирование групповых задач');
Insert into LANGUAGE_MAPPING (ID,LANGUAGE_ID,REFERENCE_ID,REFERENCE_TYPE,TEXT_VALUE) values ('RUMetadataTypeEntity1','8','ADGroup','MetadataTypeEntity.displayNameMap','AD-тип пользователя');
Insert into LANGUAGE_MAPPING (ID,LANGUAGE_ID,REFERENCE_ID,REFERENCE_TYPE,TEXT_VALUE) values ('RUMetadataTypeEntity2','8','ADUser','MetadataTypeEntity.displayNameMap','AD-тип пользователя');
Insert into LANGUAGE_MAPPING (ID,LANGUAGE_ID,REFERENCE_ID,REFERENCE_TYPE,TEXT_VALUE) values ('DENEW_ROLE_DESC','2','NEW_ROLE','ResourceEntity.displayNameMap','Neue Rolle erstellen');
Insert into LANGUAGE_MAPPING (ID,LANGUAGE_ID,REFERENCE_ID,REFERENCE_TYPE,TEXT_VALUE) values ('DENEW_UI_THEME_DN','2','NEW_UI_THEME','ResourceEntity.displayNameMap','Neues UI Thema');
Insert into LANGUAGE_MAPPING (ID,LANGUAGE_ID,REFERENCE_ID,REFERENCE_TYPE,TEXT_VALUE) values ('DENEW_USER_DESC','2','NEW_USER','ResourceEntity.displayNameMap','Neuer Benutzer erstellen');
Insert into LANGUAGE_MAPPING (ID,LANGUAGE_ID,REFERENCE_ID,REFERENCE_TYPE,TEXT_VALUE) values ('DEMetadataTypeEntity49','2','NO-PROVISION-APP','MetadataTypeEntity.displayNameMap','Nicht provisionierbare Apps');
Insert into LANGUAGE_MAPPING (ID,LANGUAGE_ID,REFERENCE_ID,REFERENCE_TYPE,TEXT_VALUE) values ('DEMetadataTypeEntity50','2','OFF-LINE','MetadataTypeEntity.displayNameMap','OFF-LINE');
Insert into LANGUAGE_MAPPING (ID,LANGUAGE_ID,REFERENCE_ID,REFERENCE_TYPE,TEXT_VALUE) values ('DEMetadataTypeEntity51','2','OFFICE_ADDRESS','MetadataTypeEntity.displayNameMap','Adresse Geschäft');
Insert into LANGUAGE_MAPPING (ID,LANGUAGE_ID,REFERENCE_ID,REFERENCE_TYPE,TEXT_VALUE) values ('DEMetadataTypeEntity52','2','OFFICE_PHONE','MetadataTypeEntity.displayNameMap','Telefon Geschäft');
Insert into LANGUAGE_MAPPING (ID,LANGUAGE_ID,REFERENCE_ID,REFERENCE_TYPE,TEXT_VALUE) values ('DEORG_MENU_DISPLAY','2','ORG','ResourceEntity.displayNameMap','Organisation');
Insert into LANGUAGE_MAPPING (ID,LANGUAGE_ID,REFERENCE_ID,REFERENCE_TYPE,TEXT_VALUE) values ('DEORGANIZATION','2','ORGANIZATION','OrganizationTypeEntity.displayNameMap','Organisation');
Insert into LANGUAGE_MAPPING (ID,LANGUAGE_ID,REFERENCE_ID,REFERENCE_TYPE,TEXT_VALUE) values ('DEORGANIZATION_EDIT_ID_DESC','2','ORGANIZATION_EDIT_ID','ResourceEntity.displayNameMap','Organisation Menus editieren');
Insert into LANGUAGE_MAPPING (ID,LANGUAGE_ID,REFERENCE_ID,REFERENCE_TYPE,TEXT_VALUE) values ('DEORGANIZATION_ROOT_ID_DESC','2','ORGANIZATION_ROOT_ID','ResourceEntity.displayNameMap','Organisation Root Menus');
Insert into LANGUAGE_MAPPING (ID,LANGUAGE_ID,REFERENCE_ID,REFERENCE_TYPE,TEXT_VALUE) values ('DEMetadataTypeEntity53','2','OrgOpenIAM','MetadataTypeEntity.displayNameMap','OpenIAM');
Insert into LANGUAGE_MAPPING (ID,LANGUAGE_ID,REFERENCE_ID,REFERENCE_TYPE,TEXT_VALUE) values ('DEORG_APROVER_ASSOC_DN','2','ORG_APROVER_ASSOC','ResourceEntity.displayNameMap','Zuordnungsfreigebender');
Insert into LANGUAGE_MAPPING (ID,LANGUAGE_ID,REFERENCE_ID,REFERENCE_TYPE,TEXT_VALUE) values ('DEORG_MEMBERSHIP_DESC','2','ORG_MEMBERSHIP','ResourceEntity.displayNameMap','Organisation Mitglieder');
Insert into LANGUAGE_MAPPING (ID,LANGUAGE_ID,REFERENCE_ID,REFERENCE_TYPE,TEXT_VALUE) values ('DEORG_SEARCH_DESC','2','ORG_SEARCH','ResourceEntity.displayNameMap','Organisation Suche');
Insert into LANGUAGE_MAPPING (ID,LANGUAGE_ID,REFERENCE_ID,REFERENCE_TYPE,TEXT_VALUE) values ('DEORG_TYPE_EDIT_SEARCH_DESC','2','ORG_TYPE_EDIT_SEARCH','ResourceEntity.displayNameMap','Organisationtypen Suchen');
Insert into LANGUAGE_MAPPING (ID,LANGUAGE_ID,REFERENCE_ID,REFERENCE_TYPE,TEXT_VALUE) values ('DEORG_TYPE_SEARCH_DESC','2','ORG_TYPE_SEARCH','ResourceEntity.displayNameMap','Organisationtypen Suchen');
Insert into LANGUAGE_MAPPING (ID,LANGUAGE_ID,REFERENCE_ID,REFERENCE_TYPE,TEXT_VALUE) values ('DEORG_TYPE_SUBMENU_EDIT_DESC','2','ORG_TYPE_SUBMENU_EDIT','ResourceEntity.displayNameMap','Organisationtypen Suchen editieren');
Insert into LANGUAGE_MAPPING (ID,LANGUAGE_ID,REFERENCE_ID,REFERENCE_TYPE,TEXT_VALUE) values ('DEORG_TYPE_SUBMENU_ROOT_DESC','2','ORG_TYPE_SUBMENU_ROOT','ResourceEntity.displayNameMap','Organisationtypen Suchen Root');
Insert into LANGUAGE_MAPPING (ID,LANGUAGE_ID,REFERENCE_ID,REFERENCE_TYPE,TEXT_VALUE) values ('DEPAGE_TEMPLATE_EDIT_DESC','2','PAGE_TEMPLATE_EDIT','ResourceEntity.displayNameMap','Seitentemplate Menu editieren');
Insert into LANGUAGE_MAPPING (ID,LANGUAGE_ID,REFERENCE_ID,REFERENCE_TYPE,TEXT_VALUE) values ('DEPAGE_TEMPLATE_EDIT_NEW_DESC','2','PAGE_TEMPLATE_EDIT_NEW','ResourceEntity.displayNameMap','Neues Template erstellen');
Insert into LANGUAGE_MAPPING (ID,LANGUAGE_ID,REFERENCE_ID,REFERENCE_TYPE,TEXT_VALUE) values ('DEPAGE_TMP_EDIT_SEARCH_DESC','2','PAGE_TEMPLATE_EDIT_SEARCH','ResourceEntity.displayNameMap','Zurück zur Suche');
Insert into LANGUAGE_MAPPING (ID,LANGUAGE_ID,REFERENCE_ID,REFERENCE_TYPE,TEXT_VALUE) values ('DEPAGE_TEMPLATE_NEW_DSC','2','PAGE_TEMPLATE_NEW','ResourceEntity.displayNameMap','Neues Template erstellen');
Insert into LANGUAGE_MAPPING (ID,LANGUAGE_ID,REFERENCE_ID,REFERENCE_TYPE,TEXT_VALUE) values ('DEPAGE_TEMPLATE_ROOT_DESC','2','PAGE_TEMPLATE_ROOT','ResourceEntity.displayNameMap','Seitentemplate Root Menu');
Insert into LANGUAGE_MAPPING (ID,LANGUAGE_ID,REFERENCE_ID,REFERENCE_TYPE,TEXT_VALUE) values ('DEPAGE_TEMPLATE_SEARCH_DESC','2','PAGE_TEMPLATE_SEARCH','ResourceEntity.displayNameMap','Seitentemplate Suche');
Insert into LANGUAGE_MAPPING (ID,LANGUAGE_ID,REFERENCE_ID,REFERENCE_TYPE,TEXT_VALUE) values ('DEMetadataTypeEntity54','2','PASSWORD','MetadataTypeEntity.displayNameMap','Passwort Feld');
Insert into LANGUAGE_MAPPING (ID,LANGUAGE_ID,REFERENCE_ID,REFERENCE_TYPE,TEXT_VALUE) values ('DEPOLICY_MENU_DESC','2','PASSWORD_POLICY','ResourceEntity.displayNameMap','Passwortrichtlinie');
Insert into LANGUAGE_MAPPING (ID,LANGUAGE_ID,REFERENCE_ID,REFERENCE_TYPE,TEXT_VALUE) values ('DEPASSWORD_POLICY_EDIT_DESC','2','PASSWORD_POLICY_EDIT','ResourceEntity.displayNameMap','Zuordnugsrichtlinie Root Menu');
Insert into LANGUAGE_MAPPING (ID,LANGUAGE_ID,REFERENCE_ID,REFERENCE_TYPE,TEXT_VALUE) values ('DEPOLICY_ROOT_MENU_DESC','2','PASSWORD_POLICY_ROOT_MENU','ResourceEntity.displayNameMap','Passwort Richtlinie Root Menu');
Insert into LANGUAGE_MAPPING (ID,LANGUAGE_ID,REFERENCE_ID,REFERENCE_TYPE,TEXT_VALUE) values ('DEMetadataTypeEntity55','2','PENDING_APPROVAL','MetadataTypeEntity.displayNameMap','HÄNGIGE_FREIGABE');
Insert into LANGUAGE_MAPPING (ID,LANGUAGE_ID,REFERENCE_ID,REFERENCE_TYPE,TEXT_VALUE) values ('DEMetadataTypeEntity56','2','PENDING_INITIAL_LOGIN','MetadataTypeEntity.displayNameMap','HÄNGIGES_ERSTES_LOGIN');
Insert into LANGUAGE_MAPPING (ID,LANGUAGE_ID,REFERENCE_ID,REFERENCE_TYPE,TEXT_VALUE) values ('DEMetadataTypeEntity57','2','PENDING_START_DATE','MetadataTypeEntity.displayNameMap','HÄNGIGES_START_DATUM');
Insert into LANGUAGE_MAPPING (ID,LANGUAGE_ID,REFERENCE_ID,REFERENCE_TYPE,TEXT_VALUE) values ('DEMetadataTypeEntity58','2','PENDING_USER_VALIDATION','MetadataTypeEntity.displayNameMap','HÄNGIGE_BENUTZER_VALIDIERUNG');
Insert into LANGUAGE_MAPPING (ID,LANGUAGE_ID,REFERENCE_ID,REFERENCE_TYPE,TEXT_VALUE) values ('DEPOLICY_ATTR_EDIT_ROOTT_DESC','2','POLICY_ATTR_EDIT_ROOT','ResourceEntity.displayNameMap','Attribut Richtlinien Root Menu editieren');
Insert into LANGUAGE_MAPPING (ID,LANGUAGE_ID,REFERENCE_ID,REFERENCE_TYPE,TEXT_VALUE) values ('DEPOLICY_ATTR_ROOT_DESC','2','POLICY_ATTR_ROOT','ResourceEntity.displayNameMap','Attribut Richtlinien Root Menu');
Insert into LANGUAGE_MAPPING (ID,LANGUAGE_ID,REFERENCE_ID,REFERENCE_TYPE,TEXT_VALUE) values ('DEMetadataTypeEntity61','2','PRIMARY_EMAIL','MetadataTypeEntity.displayNameMap','E.-Mail');
Insert into LANGUAGE_MAPPING (ID,LANGUAGE_ID,REFERENCE_ID,REFERENCE_TYPE,TEXT_VALUE) values ('DEPROFILE_MENU_DISPLAY','2','PROFILE','ResourceEntity.displayNameMap','Profil editieren');
Insert into LANGUAGE_MAPPING (ID,LANGUAGE_ID,REFERENCE_ID,REFERENCE_TYPE,TEXT_VALUE) values ('DEPROVCONNECT_MENU_DISPLAY','2','PROVCONNECT','ResourceEntity.displayNameMap','Konnektoren');
Insert into LANGUAGE_MAPPING (ID,LANGUAGE_ID,REFERENCE_ID,REFERENCE_TYPE,TEXT_VALUE) values ('DEPROVCONNECT_DESC','2','PROVCONNECT_MENU_ITEM','ResourceEntity.displayNameMap','Provisionierungskonnektoren');
Insert into LANGUAGE_MAPPING (ID,LANGUAGE_ID,REFERENCE_ID,REFERENCE_TYPE,TEXT_VALUE) values ('DEPROVISIONING_MENU_DISPLAY','2','PROVISIONING','ResourceEntity.displayNameMap','Provisionierung');
Insert into LANGUAGE_MAPPING (ID,LANGUAGE_ID,REFERENCE_ID,REFERENCE_TYPE,TEXT_VALUE) values ('DEPROV_CONNECTOR_DSC','2','PROV_CONNECTOR_NEW','ResourceEntity.displayNameMap','Neuer Konnektor erstellen');
Insert into LANGUAGE_MAPPING (ID,LANGUAGE_ID,REFERENCE_ID,REFERENCE_TYPE,TEXT_VALUE) values ('DEMetadataTypeEntity62','2','RADIO','MetadataTypeEntity.displayNameMap','Radio Knopf');
Insert into LANGUAGE_MAPPING (ID,LANGUAGE_ID,REFERENCE_ID,REFERENCE_TYPE,TEXT_VALUE) values ('DEMetadataTypeEntity63','2','RDBMS_Connector','MetadataTypeEntity.displayNameMap','RDBMS Konnektor');
Insert into LANGUAGE_MAPPING (ID,LANGUAGE_ID,REFERENCE_ID,REFERENCE_TYPE,TEXT_VALUE) values ('DEMetadataTypeEntity64','2','READY','MetadataTypeEntity.displayNameMap','BEREIT');
Insert into LANGUAGE_MAPPING (ID,LANGUAGE_ID,REFERENCE_ID,REFERENCE_TYPE,TEXT_VALUE) values ('DEREPORT_MENU_DISPLAY','2','REPORT','ResourceEntity.displayNameMap','Berichte verwalten');
Insert into LANGUAGE_MAPPING (ID,LANGUAGE_ID,REFERENCE_ID,REFERENCE_TYPE,TEXT_VALUE) values ('DEREQINBOX_MENU_DISPLAY','2','REQINBOX','ResourceEntity.displayNameMap','Posteingang');
Insert into LANGUAGE_MAPPING (ID,LANGUAGE_ID,REFERENCE_ID,REFERENCE_TYPE,TEXT_VALUE) values ('DEREQUEST_APPROVAL_DESC','2','REQUEST_APPROVAL','ResourceEntity.displayNameMap','Anforderungsfreigabe');
Insert into LANGUAGE_MAPPING (ID,LANGUAGE_ID,REFERENCE_ID,REFERENCE_TYPE,TEXT_VALUE) values ('DERESOURCE_EDIT_PAGE_ROOT_DIS','2','RESOURCE_EDIT_PAGE_ROOT','ResourceEntity.displayNameMap','Ressource Seite Root editieren');
Insert into LANGUAGE_MAPPING (ID,LANGUAGE_ID,REFERENCE_ID,REFERENCE_TYPE,TEXT_VALUE) values ('DERESPOLICYMAP_MENU_DISPLAY','2','RESPOLICYMAP','ResourceEntity.displayNameMap','Zuordnungsrichtlinien');
Insert into LANGUAGE_MAPPING (ID,LANGUAGE_ID,REFERENCE_ID,REFERENCE_TYPE,TEXT_VALUE) values ('DERESRECONCILE_MENU_DISPLAY','2','RESRECONCILE','ResourceEntity.displayNameMap','Reconciliation');
Insert into LANGUAGE_MAPPING (ID,LANGUAGE_ID,REFERENCE_ID,REFERENCE_TYPE,TEXT_VALUE) values ('DERESSUMMARY_MENU_DISPLAY','2','RESSUMMARY','ResourceEntity.displayNameMap','Ressourcendetails');
Insert into LANGUAGE_MAPPING (ID,LANGUAGE_ID,REFERENCE_ID,REFERENCE_TYPE,TEXT_VALUE) values ('DERES_APROVER_ASSOC_DN','2','RES_APROVER_ASSOC','ResourceEntity.displayNameMap','Genehmigendenzuordnungen');
Insert into LANGUAGE_MAPPING (ID,LANGUAGE_ID,REFERENCE_ID,REFERENCE_TYPE,TEXT_VALUE) values ('DERES_ENT_SUB_DIS','2','RES_ENT_SUB','ResourceEntity.displayNameMap','Berechtigungen');
Insert into LANGUAGE_MAPPING (ID,LANGUAGE_ID,REFERENCE_ID,REFERENCE_TYPE,TEXT_VALUE) values ('DERES_TYPE_DESC','2','RES_TYPE_ITEM','ResourceEntity.displayNameMap','Ressourcetypen');
Insert into LANGUAGE_MAPPING (ID,LANGUAGE_ID,REFERENCE_ID,REFERENCE_TYPE,TEXT_VALUE) values ('DERES_TYPE_NEW_DESC','2','RES_TYPE_NEW','ResourceEntity.displayNameMap','Neuer Ressourcetyp');
Insert into LANGUAGE_MAPPING (ID,LANGUAGE_ID,REFERENCE_ID,REFERENCE_TYPE,TEXT_VALUE) values ('DEMetadataTypeEntity65','2','RETIRED','MetadataTypeEntity.displayNameMap','PENSIONIERT');
Insert into LANGUAGE_MAPPING (ID,LANGUAGE_ID,REFERENCE_ID,REFERENCE_TYPE,TEXT_VALUE) values ('DEMetadataTypeEntity66','2','RJ','MetadataTypeEntity.displayNameMap','ABGEWIESEN');
Insert into LANGUAGE_MAPPING (ID,LANGUAGE_ID,REFERENCE_ID,REFERENCE_TYPE,TEXT_VALUE) values ('DEROLE_APROVER_ASSOC_DN','2','ROLE_APROVER_ASSOC','ResourceEntity.displayNameMap','Genehmigendenzuordnungen');
Insert into LANGUAGE_MAPPING (ID,LANGUAGE_ID,REFERENCE_ID,REFERENCE_TYPE,TEXT_VALUE) values ('DEROLE_EDIT_MENU_DESC','2','ROLE_EDIT_MENU','ResourceEntity.displayNameMap','Rollen Root Menu editieren');
Insert into LANGUAGE_MAPPING (ID,LANGUAGE_ID,REFERENCE_ID,REFERENCE_TYPE,TEXT_VALUE) values ('DEROLE_ENTITLEMENTS_DESC','2','ROLE_ENTITLEMENTS','ResourceEntity.displayNameMap','Rollenberechtigungen');
Insert into LANGUAGE_MAPPING (ID,LANGUAGE_ID,REFERENCE_ID,REFERENCE_TYPE,TEXT_VALUE) values ('DEROLE_MENUS_DESC','2','ROLE_MENUS','ResourceEntity.displayNameMap','Menus');
Insert into LANGUAGE_MAPPING (ID,LANGUAGE_ID,REFERENCE_ID,REFERENCE_TYPE,TEXT_VALUE) values ('DEROLE_ROOT_MENU_DESC','2','ROLE_ROOT_MENU','ResourceEntity.displayNameMap','Rollen Root Menu');
Insert into LANGUAGE_MAPPING (ID,LANGUAGE_ID,REFERENCE_ID,REFERENCE_TYPE,TEXT_VALUE) values ('DEROLE_SEARCH_DESC','2','ROLE_SEARCH','ResourceEntity.displayNameMap','Rolle suchen');
Insert into LANGUAGE_MAPPING (ID,LANGUAGE_ID,REFERENCE_ID,REFERENCE_TYPE,TEXT_VALUE) values ('DEMetadataTypeEntity67','2','SALES REP','MetadataTypeEntity.displayNameMap','VERKAUF');
Insert into LANGUAGE_MAPPING (ID,LANGUAGE_ID,REFERENCE_ID,REFERENCE_TYPE,TEXT_VALUE) values ('DEMetadataTypeEntity68','2','SCRIPT_Connector','MetadataTypeEntity.displayNameMap','Skript Konnektor');
Insert into LANGUAGE_MAPPING (ID,LANGUAGE_ID,REFERENCE_ID,REFERENCE_TYPE,TEXT_VALUE) values ('DESEARCH_BATCH_EDIT_DESC','2','SEARCH_BATCH_EDIT','ResourceEntity.displayNameMap','Stapelverarbeitungen suchen');
Insert into LANGUAGE_MAPPING (ID,LANGUAGE_ID,REFERENCE_ID,REFERENCE_TYPE,TEXT_VALUE) values ('DESEARCH_BATCH_NEW_DESC','2','SEARCH_BATCH_NEW','ResourceEntity.displayNameMap','Stapelverarbeitungen ssuchen');
Insert into LANGUAGE_MAPPING (ID,LANGUAGE_ID,REFERENCE_ID,REFERENCE_TYPE,TEXT_VALUE) values ('DEMetadataTypeEntity69','2','SECURITY MANAGER','MetadataTypeEntity.displayNameMap','SECURITY MANAGER');
Insert into LANGUAGE_MAPPING (ID,LANGUAGE_ID,REFERENCE_ID,REFERENCE_TYPE,TEXT_VALUE) values ('DESECURITY_GROUP_MENU_DISPLAY','2','SECURITY_GROUP','ResourceEntity.displayNameMap','Gruppe');
Insert into LANGUAGE_MAPPING (ID,LANGUAGE_ID,REFERENCE_ID,REFERENCE_TYPE,TEXT_VALUE) values ('DESECURITY_POLICY_MENU_DISPLAY','2','SECURITY_POLICY','ResourceEntity.displayNameMap','Richtlinien');
Insert into LANGUAGE_MAPPING (ID,LANGUAGE_ID,REFERENCE_ID,REFERENCE_TYPE,TEXT_VALUE) values ('DESECURITY_RES_MENU_DISPLAY','2','SECURITY_RES','ResourceEntity.displayNameMap','Ressource');
Insert into LANGUAGE_MAPPING (ID,LANGUAGE_ID,REFERENCE_ID,REFERENCE_TYPE,TEXT_VALUE) values ('DESECURITY_ROLE_MENU_DISPLAY','2','SECURITY_ROLE','ResourceEntity.displayNameMap','Rolle');
Insert into LANGUAGE_MAPPING (ID,LANGUAGE_ID,REFERENCE_ID,REFERENCE_TYPE,TEXT_VALUE) values ('DESELFCENTER_MENU_DISPLAY','2','SELFCENTER','ResourceEntity.displayNameMap','Self-Service Center');
Insert into LANGUAGE_MAPPING (ID,LANGUAGE_ID,REFERENCE_ID,REFERENCE_TYPE,TEXT_VALUE) values ('DESELFSERVE_SUP_SUB_DESC','2','SELFSERVE_SUP_SUB','ResourceEntity.displayNameMap','Vorgesetzte & Mitarbeiter');
Insert into LANGUAGE_MAPPING (ID,LANGUAGE_ID,REFERENCE_ID,REFERENCE_TYPE,TEXT_VALUE) values ('DESELFSERVICE_MENU_DISPLAY','2','SELFSERVICE','ResourceEntity.displayNameMap','SELF-SERVICE');
Insert into LANGUAGE_MAPPING (ID,LANGUAGE_ID,REFERENCE_ID,REFERENCE_TYPE,TEXT_VALUE) values ('DESELFSERVICE_EXT_DN','2','SELFSERVICE_EXT','ResourceEntity.displayNameMap','Self-Service Extension Root');
Insert into LANGUAGE_MAPPING (ID,LANGUAGE_ID,REFERENCE_ID,REFERENCE_TYPE,TEXT_VALUE) values ('DESELFSERVICE_GROUPS_DN','2','SELFSERVICE_GROUPS','ResourceEntity.displayNameMap','Gruppen');
Insert into LANGUAGE_MAPPING (ID,LANGUAGE_ID,REFERENCE_ID,REFERENCE_TYPE,TEXT_VALUE) values ('DESELFSERVICE_MYAPPS_DESC','2','SELFSERVICE_MYAPPS','ResourceEntity.displayNameMap','Meine Applikationen');
Insert into LANGUAGE_MAPPING (ID,LANGUAGE_ID,REFERENCE_ID,REFERENCE_TYPE,TEXT_VALUE) values ('DESELFSERVICE_MYINFO_DESC','2','SELFSERVICE_MYINFO','ResourceEntity.displayNameMap','Meine Informationen');
Insert into LANGUAGE_MAPPING (ID,LANGUAGE_ID,REFERENCE_ID,REFERENCE_TYPE,TEXT_VALUE) values ('DESELFSERVICE_REPORT_DESC','2','SELFSERVICE_REPORT','ResourceEntity.displayNameMap','Bericht');
Insert into LANGUAGE_MAPPING (ID,LANGUAGE_ID,REFERENCE_ID,REFERENCE_TYPE,TEXT_VALUE) values ('DESELFSERVICE_RESOURCES_DN','2','SELFSERVICE_RESOURCES','ResourceEntity.displayNameMap','Ressourcen');
Insert into LANGUAGE_MAPPING (ID,LANGUAGE_ID,REFERENCE_ID,REFERENCE_TYPE,TEXT_VALUE) values ('DESELFSERVICE_ROLES_DN','2','SELFSERVICE_ROLES','ResourceEntity.displayNameMap','Rollen');
Insert into LANGUAGE_MAPPING (ID,LANGUAGE_ID,REFERENCE_ID,REFERENCE_TYPE,TEXT_VALUE) values ('DESS_ACCESS_REVIEW_DESC','2','SELFSERV_ACCESS_REVIEW','ResourceEntity.displayNameMap','Zugriffsüberprüfung');
Insert into LANGUAGE_MAPPING (ID,LANGUAGE_ID,REFERENCE_ID,REFERENCE_TYPE,TEXT_VALUE) values ('DESELFSERV_GRP_BACK_SRCH_DN','2','SELFSERV_GRP_BACK_SRCH','ResourceEntity.displayNameMap','Zurück zur Suche');
Insert into LANGUAGE_MAPPING (ID,LANGUAGE_ID,REFERENCE_ID,REFERENCE_TYPE,TEXT_VALUE) values ('DESELFSERV_GRP_EDIT_DN','2','SELFSERV_GRP_EDIT','ResourceEntity.displayNameMap','Gruppe editieren');
Insert into LANGUAGE_MAPPING (ID,LANGUAGE_ID,REFERENCE_ID,REFERENCE_TYPE,TEXT_VALUE) values ('DESELFSERV_GRP_NEW_DN','2','SELFSERV_GRP_NEW','ResourceEntity.displayNameMap','Neue Gruppe erstellen');
Insert into LANGUAGE_MAPPING (ID,LANGUAGE_ID,REFERENCE_ID,REFERENCE_TYPE,TEXT_VALUE) values ('DESELFSERV_ROLE_NEW_DN','2','SELFSERV_ROLE_NEW','ResourceEntity.displayNameMap','Neue Rolle erstellen');
Insert into LANGUAGE_MAPPING (ID,LANGUAGE_ID,REFERENCE_ID,REFERENCE_TYPE,TEXT_VALUE) values ('DESELFSERV_USER_EDIT_DESC','2','SELFSERV_USER_EDIT','ResourceEntity.displayNameMap','Benutzer editieren');
Insert into LANGUAGE_MAPPING (ID,LANGUAGE_ID,REFERENCE_ID,REFERENCE_TYPE,TEXT_VALUE) values ('DESS_USR_EDIT_RT_DESC','2','SELFSERV_USER_EDIT_ROOT','ResourceEntity.displayNameMap','Self-Service Benutzer Root editieren');
Insert into LANGUAGE_MAPPING (ID,LANGUAGE_ID,REFERENCE_ID,REFERENCE_TYPE,TEXT_VALUE) values ('DESELFSERV_USER_MEMSHP_DES','2','SELFSERV_USER_MEMSHP','ResourceEntity.displayNameMap','Benutzerberechtigungen');
Insert into LANGUAGE_MAPPING (ID,LANGUAGE_ID,REFERENCE_ID,REFERENCE_TYPE,TEXT_VALUE) values ('DESELFSER_USER_LOGIN_DESC','2','SELFSER_USER_LOGIN','ResourceEntity.displayNameMap','Identitäten');
Insert into LANGUAGE_MAPPING (ID,LANGUAGE_ID,REFERENCE_ID,REFERENCE_TYPE,TEXT_VALUE) values ('DESELFSER_USER_NEW_LOGIN_DESC','2','SELFSER_USER_NEW_LOGIN','ResourceEntity.displayNameMap','Neue Identität erstellen');
Insert into LANGUAGE_MAPPING (ID,LANGUAGE_ID,REFERENCE_ID,REFERENCE_TYPE,TEXT_VALUE) values ('DESS_ACCESS_MNGMNT_ORG_DESC','2','SELFSRVS_ACCESS_MNGMNT_ORG','ResourceEntity.displayNameMap','Organisationen');
Insert into LANGUAGE_MAPPING (ID,LANGUAGE_ID,REFERENCE_ID,REFERENCE_TYPE,TEXT_VALUE) values ('DESELFSRV_EXAMPLE_DN','2','SELFSRV_EXAMPLE','ResourceEntity.displayNameMap','Beispiel');
Insert into LANGUAGE_MAPPING (ID,LANGUAGE_ID,REFERENCE_ID,REFERENCE_TYPE,TEXT_VALUE) values ('DESELFSRV_GRP_EDIT_ROOT_DESC','2','SELFSRV_GRP_EDIT_ROOT','ResourceEntity.displayNameMap','Self-Service Gruppe Root editieren');
Insert into LANGUAGE_MAPPING (ID,LANGUAGE_ID,REFERENCE_ID,REFERENCE_TYPE,TEXT_VALUE) values ('DESELFSRV_GRP_SRCH_ROOT_DESC','2','SELFSRV_GRP_SRCH_ROOT','ResourceEntity.displayNameMap','Self-Service Gruppe Root');
Insert into LANGUAGE_MAPPING (ID,LANGUAGE_ID,REFERENCE_ID,REFERENCE_TYPE,TEXT_VALUE) values ('DESELFSRV_RES_BACK_SRCH_DN','2','SELFSRV_RES_BACK_SRCH','ResourceEntity.displayNameMap','Zurück zur Suche');
Insert into LANGUAGE_MAPPING (ID,LANGUAGE_ID,REFERENCE_ID,REFERENCE_TYPE,TEXT_VALUE) values ('DESELFSRV_RES_EDIT_DN','2','SELFSRV_RES_EDIT','ResourceEntity.displayNameMap','Ressourcen editieren');
Insert into LANGUAGE_MAPPING (ID,LANGUAGE_ID,REFERENCE_ID,REFERENCE_TYPE,TEXT_VALUE) values ('DESELFSRV_RES_EDIT_ROOT_DESC','2','SELFSRV_RES_EDIT_ROOT','ResourceEntity.displayNameMap','Self-Service Gruppe Root editieren');
Insert into LANGUAGE_MAPPING (ID,LANGUAGE_ID,REFERENCE_ID,REFERENCE_TYPE,TEXT_VALUE) values ('DESELFSRV_RES_NEW_DN','2','SELFSRV_RES_NEW','ResourceEntity.displayNameMap','Neue Ressource erstellen');
Insert into LANGUAGE_MAPPING (ID,LANGUAGE_ID,REFERENCE_ID,REFERENCE_TYPE,TEXT_VALUE) values ('DESELFSRV_RES_SRCH_ROOT_DN','2','SELFSRV_RES_SRCH_ROOT','ResourceEntity.displayNameMap','Self-Service Ressource Root');
Insert into LANGUAGE_MAPPING (ID,LANGUAGE_ID,REFERENCE_ID,REFERENCE_TYPE,TEXT_VALUE) values ('DESELFSRV_ROLE_BACK_SRCH_DN','2','SELFSRV_ROLE_BACK_SRCH','ResourceEntity.displayNameMap','Zurück zur Suche');
Insert into LANGUAGE_MAPPING (ID,LANGUAGE_ID,REFERENCE_ID,REFERENCE_TYPE,TEXT_VALUE) values ('DESELFSRV_ROLE_EDIT_DN','2','SELFSRV_ROLE_EDIT','ResourceEntity.displayNameMap','Rolle editieren');
Insert into LANGUAGE_MAPPING (ID,LANGUAGE_ID,REFERENCE_ID,REFERENCE_TYPE,TEXT_VALUE) values ('DESELFSRV_ROLE_EDIT_ROOT_DESC','2','SELFSRV_ROLE_EDIT_ROOT','ResourceEntity.displayNameMap','Self-Service Rolle Root editieren');
Insert into LANGUAGE_MAPPING (ID,LANGUAGE_ID,REFERENCE_ID,REFERENCE_TYPE,TEXT_VALUE) values ('DESELFSRV_ROLE_SRCH_ROOT_DN','2','SELFSRV_ROLE_SRCH_ROOT','ResourceEntity.displayNameMap','Self-Service Rolle Root');
Insert into LANGUAGE_MAPPING (ID,LANGUAGE_ID,REFERENCE_ID,REFERENCE_TYPE,TEXT_VALUE) values ('DESELF_QUERYUSER_MENU_DISPLAY','2','SELF_QUERYUSER','ResourceEntity.displayNameMap','Benutzer verwalten');
Insert into LANGUAGE_MAPPING (ID,LANGUAGE_ID,REFERENCE_ID,REFERENCE_TYPE,TEXT_VALUE) values ('DESELF_SUB_ORGS_EDIT_DESC','2','SELF_SUB_ORGS_EDIT','ResourceEntity.displayNameMap','Organisation editieren');
Insert into LANGUAGE_MAPPING (ID,LANGUAGE_ID,REFERENCE_ID,REFERENCE_TYPE,TEXT_VALUE) values ('DESELF_SUB_ORGS_NEW_DESC','2','SELF_SUB_ORGS_NEW','ResourceEntity.displayNameMap','Neue Organisation');
Insert into LANGUAGE_MAPPING (ID,LANGUAGE_ID,REFERENCE_ID,REFERENCE_TYPE,TEXT_VALUE) values ('DESELF_SUB_ORGS_SEARCH_DESC','2','SELF_SUB_ORGS_SEARCH','ResourceEntity.displayNameMap','Organisation suchen');
Insert into LANGUAGE_MAPPING (ID,LANGUAGE_ID,REFERENCE_ID,REFERENCE_TYPE,TEXT_VALUE) values ('DESELF_SUB_REPORT_NEW_DSC','2','SELF_SUB_REPORT_NEW','ResourceEntity.displayNameMap','Bericht abonnieren');
Insert into LANGUAGE_MAPPING (ID,LANGUAGE_ID,REFERENCE_ID,REFERENCE_TYPE,TEXT_VALUE) values ('DESELF_SUB_REPORT_ROOT_DESC','2','SELF_SUB_REPORT_ROOT','ResourceEntity.displayNameMap','Abonnierung Bericht Root Menu');
Insert into LANGUAGE_MAPPING (ID,LANGUAGE_ID,REFERENCE_ID,REFERENCE_TYPE,TEXT_VALUE) values ('DESELF_VIEW_REPORT_NEW_DSC','2','SELF_VIEW_REPORT_NEW','ResourceEntity.displayNameMap','Neue Berichtsanzeige erstellen');
Insert into LANGUAGE_MAPPING (ID,LANGUAGE_ID,REFERENCE_ID,REFERENCE_TYPE,TEXT_VALUE) values ('DESELF_VIEW_REPORT_ROOT_DESC','2','SELF_VIEW_REPORT_ROOT','ResourceEntity.displayNameMap','Bericht Anzeige Root Menu');
Insert into LANGUAGE_MAPPING (ID,LANGUAGE_ID,REFERENCE_ID,REFERENCE_TYPE,TEXT_VALUE) values ('DEMetadataTypeEntity71','2','SERVICE REP','MetadataTypeEntity.displayNameMap','SERVICE REP');
Insert into LANGUAGE_MAPPING (ID,LANGUAGE_ID,REFERENCE_ID,REFERENCE_TYPE,TEXT_VALUE) values ('DEMetadataTypeEntity72','2','SOAP_Connector','MetadataTypeEntity.displayNameMap','SOAP Konnektor');
Insert into LANGUAGE_MAPPING (ID,LANGUAGE_ID,REFERENCE_ID,REFERENCE_TYPE,TEXT_VALUE) values ('DESS_GRP_ENT_DN','2','SS_GRP_ENT','ResourceEntity.displayNameMap','Berechtigungen');
Insert into LANGUAGE_MAPPING (ID,LANGUAGE_ID,REFERENCE_ID,REFERENCE_TYPE,TEXT_VALUE) values ('DESS_ORG_BACK_SEARCH_DN','2','SS_ORG_BACK_SEARCH','ResourceEntity.displayNameMap','Zurück zur Suche');
Insert into LANGUAGE_MAPPING (ID,LANGUAGE_ID,REFERENCE_ID,REFERENCE_TYPE,TEXT_VALUE) values ('DESS_RES_ENT_DN','2','SS_RES_ENT','ResourceEntity.displayNameMap','Berechtigungen');
Insert into LANGUAGE_MAPPING (ID,LANGUAGE_ID,REFERENCE_ID,REFERENCE_TYPE,TEXT_VALUE) values ('DESS_ROLE_ENT_DN','2','SS_ROLE_ENT','ResourceEntity.displayNameMap','Berechtigungen');
Insert into LANGUAGE_MAPPING (ID,LANGUAGE_ID,REFERENCE_ID,REFERENCE_TYPE,TEXT_VALUE) values ('DESUBSCRIBE_MENU_DESC','2','SUBSCRIBE','ResourceEntity.displayNameMap','Abonnieren');
Insert into LANGUAGE_MAPPING (ID,LANGUAGE_ID,REFERENCE_ID,REFERENCE_TYPE,TEXT_VALUE) values ('DESUBSIDIARY','2','SUBSIDIARY','OrganizationTypeEntity.displayNameMap','FILIALE');
Insert into LANGUAGE_MAPPING (ID,LANGUAGE_ID,REFERENCE_ID,REFERENCE_TYPE,TEXT_VALUE) values ('DESUP_SUB_PAGE_DIS','2','SUP_SUB_PAGE','ResourceEntity.displayNameMap','Vorgesetze & Mitarbeiter');
Insert into LANGUAGE_MAPPING (ID,LANGUAGE_ID,REFERENCE_ID,REFERENCE_TYPE,TEXT_VALUE) values ('DESYNCLOG_ADMIN_DESC','2','SYNCLOG','ResourceEntity.displayNameMap','Ansicht Protokolldatei');
Insert into LANGUAGE_MAPPING (ID,LANGUAGE_ID,REFERENCE_ID,REFERENCE_TYPE,TEXT_VALUE) values ('DESYNCLOG_DESC','2','SYNCLOG_MENU_ITEM','ResourceEntity.displayNameMap','Synchronisationtransaktionsprotokoll Ansicht');
Insert into LANGUAGE_MAPPING (ID,LANGUAGE_ID,REFERENCE_ID,REFERENCE_TYPE,TEXT_VALUE) values ('DESYNCUSER_MENU_DISPLAY','2','SYNCUSER','ResourceEntity.displayNameMap','Synchronisation');
Insert into LANGUAGE_MAPPING (ID,LANGUAGE_ID,REFERENCE_ID,REFERENCE_TYPE,TEXT_VALUE) values ('DESYNCUSER_EDIT_DESC','2','SYNCUSER_EDIT','ResourceEntity.displayNameMap','Synchronisation editieren');
Insert into LANGUAGE_MAPPING (ID,LANGUAGE_ID,REFERENCE_ID,REFERENCE_TYPE,TEXT_VALUE) values ('DESYNCUSER_DESC','2','SYNCUSER_MENU_ITEM','ResourceEntity.displayNameMap','Synchronisation');
Insert into LANGUAGE_MAPPING (ID,LANGUAGE_ID,REFERENCE_ID,REFERENCE_TYPE,TEXT_VALUE) values ('DESYNCUSER_NEW_DESC','2','SYNCUSER_NEW','ResourceEntity.displayNameMap','Synchronisation erstellen');
Insert into LANGUAGE_MAPPING (ID,LANGUAGE_ID,REFERENCE_ID,REFERENCE_TYPE,TEXT_VALUE) values ('DESYNCUSER_POLICYMAP_DESC','2','SYNCUSER_POLICYMAP','ResourceEntity.displayNameMap','Zuordnungsrichtlinien');
Insert into LANGUAGE_MAPPING (ID,LANGUAGE_ID,REFERENCE_ID,REFERENCE_TYPE,TEXT_VALUE) values ('DEMetadataTypeEntity73','2','SYS ACCOUNT','MetadataTypeEntity.displayNameMap','SYSTEMKONTO');
Insert into LANGUAGE_MAPPING (ID,LANGUAGE_ID,REFERENCE_ID,REFERENCE_TYPE,TEXT_VALUE) values ('DEMetadataTypeEntity74','2','SystemAccount','MetadataTypeEntity.displayNameMap','Systemkontotyp');
Insert into LANGUAGE_MAPPING (ID,LANGUAGE_ID,REFERENCE_ID,REFERENCE_TYPE,TEXT_VALUE) values ('DEMetadataTypeEntity75','2','SYS_ACTION','MetadataTypeEntity.displayNameMap','Systemaktionen');
Insert into LANGUAGE_MAPPING (ID,LANGUAGE_ID,REFERENCE_ID,REFERENCE_TYPE,TEXT_VALUE) values ('DESYS_ACTION','2','SYS_ACTION','ResourceTypeEntity.displayNameMap','Systemaktion');
Insert into LANGUAGE_MAPPING (ID,LANGUAGE_ID,REFERENCE_ID,REFERENCE_TYPE,TEXT_VALUE) values ('DETEMPLATE_SEARCH_CHILD_DESC','2','TEMPLATE_SEARCH_CHILD','ResourceEntity.displayNameMap','Seitentemplate');
Insert into LANGUAGE_MAPPING (ID,LANGUAGE_ID,REFERENCE_ID,REFERENCE_TYPE,TEXT_VALUE) values ('DEMetadataTypeEntity76','2','TERMINATED','MetadataTypeEntity.displayNameMap','TERMINATE');
Insert into LANGUAGE_MAPPING (ID,LANGUAGE_ID,REFERENCE_ID,REFERENCE_TYPE,TEXT_VALUE) values ('DEMetadataTypeEntity78','2','TEXTAREA','MetadataTypeEntity.displayNameMap','Mehrzeiliges Text Feld');
Insert into LANGUAGE_MAPPING (ID,LANGUAGE_ID,REFERENCE_ID,REFERENCE_TYPE,TEXT_VALUE) values ('DEMetadataTypeEntity79','2','UB','MetadataTypeEntity.displayNameMap','UN-DISABLE');
Insert into LANGUAGE_MAPPING (ID,LANGUAGE_ID,REFERENCE_ID,REFERENCE_TYPE,TEXT_VALUE) values ('DEMetadataTypeEntity80','2','UI_TEMPLATE','MetadataTypeEntity.displayNameMap','UI_TEMPLATE');
Insert into LANGUAGE_MAPPING (ID,LANGUAGE_ID,REFERENCE_ID,REFERENCE_TYPE,TEXT_VALUE) values ('DEUI_TEMPLATE','2','UI_TEMPLATE','ResourceTypeEntity.displayNameMap','UI Template');
Insert into LANGUAGE_MAPPING (ID,LANGUAGE_ID,REFERENCE_ID,REFERENCE_TYPE,TEXT_VALUE) values ('DEUI_THEMES_DN','2','UI_THEMES','ResourceEntity.displayNameMap','UI Themen');
Insert into LANGUAGE_MAPPING (ID,LANGUAGE_ID,REFERENCE_ID,REFERENCE_TYPE,TEXT_VALUE) values ('DEUI_THEME_BACK_SRCH_DN','2','UI_THEME_BACK_SRCH','ResourceEntity.displayNameMap','Zurück zur Suche');
Insert into LANGUAGE_MAPPING (ID,LANGUAGE_ID,REFERENCE_ID,REFERENCE_TYPE,TEXT_VALUE) values ('DEUI_THEME_EDIT_DN','2','UI_THEME_EDIT','ResourceEntity.displayNameMap','UI Thema editieren');
Insert into LANGUAGE_MAPPING (ID,LANGUAGE_ID,REFERENCE_ID,REFERENCE_TYPE,TEXT_VALUE) values ('DEUI_THEME_EDIT_MODIFY_DN','2','UI_THEME_EDIT_MODIFY','ResourceEntity.displayNameMap','UI Thema editieren');
Insert into LANGUAGE_MAPPING (ID,LANGUAGE_ID,REFERENCE_ID,REFERENCE_TYPE,TEXT_VALUE) values ('DEUI_THEME_ROOT_DN','2','UI_THEME_ROOT','ResourceEntity.displayNameMap','UI Thema Root');
Insert into LANGUAGE_MAPPING (ID,LANGUAGE_ID,REFERENCE_ID,REFERENCE_TYPE,TEXT_VALUE) values ('DEMetadataTypeEntity9','2','AD_GROUP_TYPE','MetadataTypeEntity.displayNameMap','AD GRUPPEN TYP');
Insert into LANGUAGE_MAPPING (ID,LANGUAGE_ID,REFERENCE_ID,REFERENCE_TYPE,TEXT_VALUE) values ('DEAM_PROV_AM_ATTR_DESC','2','AM_PROV_AM_ATTR','ResourceEntity.displayNameMap','Anfrageattributes');
Insert into LANGUAGE_MAPPING (ID,LANGUAGE_ID,REFERENCE_ID,REFERENCE_TYPE,TEXT_VALUE) values ('DEAM_PROV_EDIT_DESC','2','AM_PROV_EDIT','ResourceEntity.displayNameMap','Authentication Provider Menu editieren');
Insert into LANGUAGE_MAPPING (ID,LANGUAGE_ID,REFERENCE_ID,REFERENCE_TYPE,TEXT_VALUE) values ('DEAM_PROV_EDIT_CURRENT_DESC','2','AM_PROV_EDIT_CURRENT','ResourceEntity.displayNameMap','Provider editieren');
Insert into LANGUAGE_MAPPING (ID,LANGUAGE_ID,REFERENCE_ID,REFERENCE_TYPE,TEXT_VALUE) values ('DEAM_PROV_EDIT_SEARCH_DESC','2','AM_PROV_EDIT_SEARCH','ResourceEntity.displayNameMap','Zurück zur Suche');
Insert into LANGUAGE_MAPPING (ID,LANGUAGE_ID,REFERENCE_ID,REFERENCE_TYPE,TEXT_VALUE) values ('DEAM_PROV_NEW_DSC','2','AM_PROV_NEW','ResourceEntity.displayNameMap','Neuer Provider erstellen');
Insert into LANGUAGE_MAPPING (ID,LANGUAGE_ID,REFERENCE_ID,REFERENCE_TYPE,TEXT_VALUE) values ('DEAM_PROV_NEW_EDIT_PUB_DESC','2','AM_PROV_NEW_EDIT','ResourceEntity.displayNameMap','Neuer Provider erstellen');
Insert into LANGUAGE_MAPPING (ID,LANGUAGE_ID,REFERENCE_ID,REFERENCE_TYPE,TEXT_VALUE) values ('DEAM_PROV_ROOT_DESC','2','AM_PROV_ROOT','ResourceEntity.displayNameMap','Authentication Provider Root Menu');
Insert into LANGUAGE_MAPPING (ID,LANGUAGE_ID,REFERENCE_ID,REFERENCE_TYPE,TEXT_VALUE) values ('DEAM_PROV_SEARCH_DESC','2','AM_PROV_SEARCH','ResourceEntity.displayNameMap','Suche Provider');
Insert into LANGUAGE_MAPPING (ID,LANGUAGE_ID,REFERENCE_ID,REFERENCE_TYPE,TEXT_VALUE) values ('DEAM_PROV_SEARCH_CHILD_PUB_DESC','2','AM_PROV_SEARCH_CHILD','ResourceEntity.displayNameMap','Authentication Provider');
Insert into LANGUAGE_MAPPING (ID,LANGUAGE_ID,REFERENCE_ID,REFERENCE_TYPE,TEXT_VALUE) values ('DEMetadataTypeEntity11','2','APPROVAL_DECLINED','MetadataTypeEntity.displayNameMap','GENEHMIGUNG_ABGELEHNT');
Insert into LANGUAGE_MAPPING (ID,LANGUAGE_ID,REFERENCE_ID,REFERENCE_TYPE,TEXT_VALUE) values ('DEASSOC_POLICY_DESC','2','ASSOC_POLICY','ResourceEntity.displayNameMap','ZUordnungsrichtlinien');
Insert into LANGUAGE_MAPPING (ID,LANGUAGE_ID,REFERENCE_ID,REFERENCE_TYPE,TEXT_VALUE) values ('DEMetadataTypeEntity12','2','ATTR','MetadataTypeEntity.displayNameMap','Attribute');
Insert into LANGUAGE_MAPPING (ID,LANGUAGE_ID,REFERENCE_ID,REFERENCE_TYPE,TEXT_VALUE) values ('DEATTRIBUTE_POLICY_DESC','2','ATTRIBUTE_POLICY','ResourceEntity.displayNameMap','Richtlinie für Attribute');
Insert into LANGUAGE_MAPPING (ID,LANGUAGE_ID,REFERENCE_ID,REFERENCE_TYPE,TEXT_VALUE) values ('DEAUDITREPORT_MENU_DISPLAY','2','AUDITREPORT','ResourceEntity.displayNameMap','Audit Berichte');
Insert into LANGUAGE_MAPPING (ID,LANGUAGE_ID,REFERENCE_ID,REFERENCE_TYPE,TEXT_VALUE) values ('DEAUDIT_RPT_MENU_DISPLAY','2','AUDIT_RPT','ResourceEntity.displayNameMap','Audit Report');
Insert into LANGUAGE_MAPPING (ID,LANGUAGE_ID,REFERENCE_ID,REFERENCE_TYPE,TEXT_VALUE) values ('DEAUTH_POLICY_MENU_DESC','2','AUTHENTICATION_POLICY','ResourceEntity.displayNameMap','Richtlinie für Authentifizierung
');
Insert into LANGUAGE_MAPPING (ID,LANGUAGE_ID,REFERENCE_ID,REFERENCE_TYPE,TEXT_VALUE) values ('DEAUTH_POLICY_ROOT_MENU_DESC','2','AUTHENTICATION_POLICY_ROOT_MENU','ResourceEntity.displayNameMap','Authentifizierung Richtlinien Root Menu');
Insert into LANGUAGE_MAPPING (ID,LANGUAGE_ID,REFERENCE_ID,REFERENCE_TYPE,TEXT_VALUE) values ('DEMetadataTypeEntity13','2','AUTHENTICATION_PROVIDER','MetadataTypeEntity.displayNameMap','Authentication Provider');
Insert into LANGUAGE_MAPPING (ID,LANGUAGE_ID,REFERENCE_ID,REFERENCE_TYPE,TEXT_VALUE) values ('DEAUTH_LEVEL_GRP_DN','2','AUTH_LEVEL_GRP','ResourceEntity.displayNameMap','Authentifizierungsgruppierung');
Insert into LANGUAGE_MAPPING (ID,LANGUAGE_ID,REFERENCE_ID,REFERENCE_TYPE,TEXT_VALUE) values ('DEAUTH_LVL_GRP_ATTR_DN','2','AUTH_LVL_GRP_ATTR','ResourceEntity.displayNameMap','Auth Level Gruppierung Attribut Root');
Insert into LANGUAGE_MAPPING (ID,LANGUAGE_ID,REFERENCE_ID,REFERENCE_TYPE,TEXT_VALUE) values ('DEAUTH_LVL_GRP_EDIT_ROOT_DN','2','AUTH_LVL_GRP_EDIT_ROOT','ResourceEntity.displayNameMap','Auth Level Gruppierung Root editieren');
Insert into LANGUAGE_MAPPING (ID,LANGUAGE_ID,REFERENCE_ID,REFERENCE_TYPE,TEXT_VALUE) values ('DEAUTH_LVL_GRP_NEW_ROOT_DN','2','AUTH_LVL_GRP_NEW_ROOT','ResourceEntity.displayNameMap','Auth Level Gruppierung Root');
Insert into LANGUAGE_MAPPING (ID,LANGUAGE_ID,REFERENCE_ID,REFERENCE_TYPE,TEXT_VALUE) values ('DEAUTH_PROVIDER','2','AUTH_PROVIDER','ResourceTypeEntity.displayNameMap','Authentication Provider');
Insert into LANGUAGE_MAPPING (ID,LANGUAGE_ID,REFERENCE_ID,REFERENCE_TYPE,TEXT_VALUE) values ('DEMetadataTypeEntity14','2','AUTH_REPO','MetadataTypeEntity.displayNameMap','Authentication Repository');
Insert into LANGUAGE_MAPPING (ID,LANGUAGE_ID,REFERENCE_ID,REFERENCE_TYPE,TEXT_VALUE) values ('DEAUTH_REPO','2','AUTH_REPO','ResourceTypeEntity.displayNameMap','Authentication Repository');
Insert into LANGUAGE_MAPPING (ID,LANGUAGE_ID,REFERENCE_ID,REFERENCE_TYPE,TEXT_VALUE) values ('DEBACK_TO_AUTH_LVL_DN','2','BACK_TO_AUTH_LVL','ResourceEntity.displayNameMap','Zurück zur Gruppierung');
Insert into LANGUAGE_MAPPING (ID,LANGUAGE_ID,REFERENCE_ID,REFERENCE_TYPE,TEXT_VALUE) values ('DEBACK_TO_AUTH_LVL_GRP_SRH_DN','2','BACK_TO_AUTH_LVL_GRP_SRH','ResourceEntity.displayNameMap','Zurück zur Suche');
Insert into LANGUAGE_MAPPING (ID,LANGUAGE_ID,REFERENCE_ID,REFERENCE_TYPE,TEXT_VALUE) values ('DEBACK_TO_CP_DESC','2','BACK_TO_CP','ResourceEntity.displayNameMap','Zurück zum Content Provider');
Insert into LANGUAGE_MAPPING (ID,LANGUAGE_ID,REFERENCE_ID,REFERENCE_TYPE,TEXT_VALUE) values ('DEBATCH_PROC_MENU_DISPLAY','2','BATCH_PROC','ResourceEntity.displayNameMap','Stapelverarbeitung Prozesse');
Insert into LANGUAGE_MAPPING (ID,LANGUAGE_ID,REFERENCE_ID,REFERENCE_TYPE,TEXT_VALUE) values ('DEBATCH_TASK_EDIT_DESC','2','BATCH_TASK_EDIT','ResourceEntity.displayNameMap','Stapelverarbeitungaufgaben editieren');
Insert into LANGUAGE_MAPPING (ID,LANGUAGE_ID,REFERENCE_ID,REFERENCE_TYPE,TEXT_VALUE) values ('DEBATCH_TASK_ROOT_DESC','2','BATCH_TASK_ROOT','ResourceEntity.displayNameMap','Stapelverarbeitungsaufgaben Root');
Insert into LANGUAGE_MAPPING (ID,LANGUAGE_ID,REFERENCE_ID,REFERENCE_TYPE,TEXT_VALUE) values ('DEMetadataTypeEntity15','2','BL','MetadataTypeEntity.displayNameMap','DEAKTIVIEREN');
Insert into LANGUAGE_MAPPING (ID,LANGUAGE_ID,REFERENCE_ID,REFERENCE_TYPE,TEXT_VALUE) values ('DEBULK_OPS_DESC','2','BULK_OPS','ResourceEntity.displayNameMap','Benutzer Stapeloeration');
Insert into LANGUAGE_MAPPING (ID,LANGUAGE_ID,REFERENCE_ID,REFERENCE_TYPE,TEXT_VALUE) values ('DEMetadataTypeEntity16','2','CELL_PHONE','MetadataTypeEntity.displayNameMap','Mobile');
Insert into LANGUAGE_MAPPING (ID,LANGUAGE_ID,REFERENCE_ID,REFERENCE_TYPE,TEXT_VALUE) values ('DECH_MENU_DISPLAY','2','CHALLENGE','ResourceEntity.displayNameMap','Anfrage/Antwort');
Insert into LANGUAGE_MAPPING (ID,LANGUAGE_ID,REFERENCE_ID,REFERENCE_TYPE,TEXT_VALUE) values ('DECH_RESPONSE_QUESTION_DESC','2','CHALLENGE_RESPONSE_QUESTION','ResourceEntity.displayNameMap','Anfrage/Antworten Fragen');
Insert into LANGUAGE_MAPPING (ID,LANGUAGE_ID,REFERENCE_ID,REFERENCE_TYPE,TEXT_VALUE) values ('DECH_RESP_QUESTION_NEW_DSC','2','CHALLENGE_RESPONSE_QUESTION_NEW','ResourceEntity.displayNameMap','Neue Fragen erstellen');
Insert into LANGUAGE_MAPPING (ID,LANGUAGE_ID,REFERENCE_ID,REFERENCE_TYPE,TEXT_VALUE) values ('DECH_RESP_QUEST_ROOT_DESC','2','CHALLENGE_RESPONSE_QUESTION_ROOT','ResourceEntity.displayNameMap','Anfrage/Antworten Fragen Root Menu');
Insert into LANGUAGE_MAPPING (ID,LANGUAGE_ID,REFERENCE_ID,REFERENCE_TYPE,TEXT_VALUE) values ('DEMetadataTypeEntity17','2','CHECKBOX','MetadataTypeEntity.displayNameMap','Checkbox');
Insert into LANGUAGE_MAPPING (ID,LANGUAGE_ID,REFERENCE_ID,REFERENCE_TYPE,TEXT_VALUE) values ('DECHNGPSWD_MENU_DISPLAY','2','CHNGPSWD','ResourceEntity.displayNameMap','Passwort ändern');
Insert into LANGUAGE_MAPPING (ID,LANGUAGE_ID,REFERENCE_ID,REFERENCE_TYPE,TEXT_VALUE) values ('DECONF_POLICY_PAGE_DIS','2','CONF_POLICY_PAGE','ResourceEntity.displayNameMap','IT Richtlinien erstellen');
Insert into LANGUAGE_MAPPING (ID,LANGUAGE_ID,REFERENCE_ID,REFERENCE_TYPE,TEXT_VALUE) values ('DEMetadataTypeEntity18','2','CONTENT_PROVIDER','MetadataTypeEntity.displayNameMap','Content Provider');
Insert into LANGUAGE_MAPPING (ID,LANGUAGE_ID,REFERENCE_ID,REFERENCE_TYPE,TEXT_VALUE) values ('DECONTENT_PROVIDER','2','CONTENT_PROVIDER','ResourceTypeEntity.displayNameMap','Content Provider');
Insert into LANGUAGE_MAPPING (ID,LANGUAGE_ID,REFERENCE_ID,REFERENCE_TYPE,TEXT_VALUE) values ('DECONTENT_PROV_EDIT_DESC','2','CONTENT_PROV_EDIT','ResourceEntity.displayNameMap','Content Provider Menu editieren');
Insert into LANGUAGE_MAPPING (ID,LANGUAGE_ID,REFERENCE_ID,REFERENCE_TYPE,TEXT_VALUE) values ('DECPROV_EDIT_CURRENT_DESC','2','CONTENT_PROV_EDIT_CURRENT','ResourceEntity.displayNameMap','Provider editieren');
Insert into LANGUAGE_MAPPING (ID,LANGUAGE_ID,REFERENCE_ID,REFERENCE_TYPE,TEXT_VALUE) values ('DECPROV_EDIT_SEARCH_DESC','2','CONTENT_PROV_EDIT_SEARCH','ResourceEntity.displayNameMap','Zurück zur Suche');
Insert into LANGUAGE_MAPPING (ID,LANGUAGE_ID,REFERENCE_ID,REFERENCE_TYPE,TEXT_VALUE) values ('DECONTENT_PROV_NEW_DSC','2','CONTENT_PROV_NEW','ResourceEntity.displayNameMap','Neuen Provider erstellen');
Insert into LANGUAGE_MAPPING (ID,LANGUAGE_ID,REFERENCE_ID,REFERENCE_TYPE,TEXT_VALUE) values ('DECONTENT_PROV_NEW_EDIT_DESC','2','CONTENT_PROV_NEW_EDIT','ResourceEntity.displayNameMap','Neuen Provider erstellen');
Insert into LANGUAGE_MAPPING (ID,LANGUAGE_ID,REFERENCE_ID,REFERENCE_TYPE,TEXT_VALUE) values ('DECONTENT_PROV_ROOT_DESC','2','CONTENT_PROV_ROOT','ResourceEntity.displayNameMap','Content Provider Root Menu');
Insert into LANGUAGE_MAPPING (ID,LANGUAGE_ID,REFERENCE_ID,REFERENCE_TYPE,TEXT_VALUE) values ('DECONTENT_PROV_SEARCH_DESC','2','CONTENT_PROV_SEARCH','ResourceEntity.displayNameMap','Content Providers suchen');
Insert into LANGUAGE_MAPPING (ID,LANGUAGE_ID,REFERENCE_ID,REFERENCE_TYPE,TEXT_VALUE) values ('DECPROV_SEARCH_CHILD_DESC','2','CONTENT_PROV_SEARCH_CHILD','ResourceEntity.displayNameMap','Content Providers');
Insert into LANGUAGE_MAPPING (ID,LANGUAGE_ID,REFERENCE_ID,REFERENCE_TYPE,TEXT_VALUE) values ('DEMetadataTypeEntity19','2','Contractor','MetadataTypeEntity.displayNameMap','Externer Mitarbeiter Benutzertyp');
Insert into LANGUAGE_MAPPING (ID,LANGUAGE_ID,REFERENCE_ID,REFERENCE_TYPE,TEXT_VALUE) values ('DECREATEREQ_MENU_DISPLAY','2','CREATEREQ','ResourceEntity.displayNameMap','Anfrage erstellen');
Insert into LANGUAGE_MAPPING (ID,LANGUAGE_ID,REFERENCE_ID,REFERENCE_TYPE,TEXT_VALUE) values ('DECR_RES_DISP_NAME','2','CREATE_RESOURCE_MENU','ResourceEntity.displayNameMap','Neue Ressource erstellen');
Insert into LANGUAGE_MAPPING (ID,LANGUAGE_ID,REFERENCE_ID,REFERENCE_TYPE,TEXT_VALUE) values ('DECUSTOM_FIELD_EDIT_DESC','2','CUSTOM_FIELD_EDIT','ResourceEntity.displayNameMap','Benutzerdefiniertes Feld Menu editieren');
Insert into LANGUAGE_MAPPING (ID,LANGUAGE_ID,REFERENCE_ID,REFERENCE_TYPE,TEXT_VALUE) values ('DECUSTOM_FIELD_EDIT_NEW_DESC','2','CUSTOM_FIELD_EDIT_NEW','ResourceEntity.displayNameMap','Neues benuzerdefiniertes Feld erstellen');
Insert into LANGUAGE_MAPPING (ID,LANGUAGE_ID,REFERENCE_ID,REFERENCE_TYPE,TEXT_VALUE) values ('DECUSTOM_FIELD_EDIT_SEARCH_DESC','2','CUSTOM_FIELD_EDIT_SEARCH','ResourceEntity.displayNameMap','Zurück zur Suche');
Insert into LANGUAGE_MAPPING (ID,LANGUAGE_ID,REFERENCE_ID,REFERENCE_TYPE,TEXT_VALUE) values ('DECUSTOM_FIELD_NEW_DSC','2','CUSTOM_FIELD_NEW','ResourceEntity.displayNameMap','Neues benuzerdefiniertes Feld erstellen');
Insert into LANGUAGE_MAPPING (ID,LANGUAGE_ID,REFERENCE_ID,REFERENCE_TYPE,TEXT_VALUE) values ('DECUSTOM_FIELD_ROOT_DESC','2','CUSTOM_FIELD_ROOT','ResourceEntity.displayNameMap','Benutzerdefiniertes Feld Root Menu');
Insert into LANGUAGE_MAPPING (ID,LANGUAGE_ID,REFERENCE_ID,REFERENCE_TYPE,TEXT_VALUE) values ('DECUSTOM_FIELD_SEARCH_DESC','2','CUSTOM_FIELD_SEARCH','ResourceEntity.displayNameMap','Benutzerdefinierte Felder suchen');
Insert into LANGUAGE_MAPPING (ID,LANGUAGE_ID,REFERENCE_ID,REFERENCE_TYPE,TEXT_VALUE) values ('DECUSTOM_FLD_SEARCH_CHILD_DESC','2','CUSTOM_FIELD_SEARCH_CHILD','ResourceEntity.displayNameMap','Benutzerdefinierte Felder');
Insert into LANGUAGE_MAPPING (ID,LANGUAGE_ID,REFERENCE_ID,REFERENCE_TYPE,TEXT_VALUE) values ('DEMetadataTypeEntity21','2','DATE','MetadataTypeEntity.displayNameMap','Datumsfeld');
Insert into LANGUAGE_MAPPING (ID,LANGUAGE_ID,REFERENCE_ID,REFERENCE_TYPE,TEXT_VALUE) values ('DEMetadataTypeEntity22','2','DEFAULT_GROUP','MetadataTypeEntity.displayNameMap','DEFAULT GROUP TYPE');
Insert into LANGUAGE_MAPPING (ID,LANGUAGE_ID,REFERENCE_ID,REFERENCE_TYPE,TEXT_VALUE) values ('DEDEFAULT_USER_TYPE','2','DEFAULT_USER','MetadataTypeEntity.displayNameMap','Standardbenutzer');
Insert into LANGUAGE_MAPPING (ID,LANGUAGE_ID,REFERENCE_ID,REFERENCE_TYPE,TEXT_VALUE) values ('DEMetadataTypeEntity23','2','DELETED','MetadataTypeEntity.displayNameMap','GELÖSCHT');
Insert into LANGUAGE_MAPPING (ID,LANGUAGE_ID,REFERENCE_ID,REFERENCE_TYPE,TEXT_VALUE) values ('DEDELG_FILTER_MENU_DISPLAY','2','DELG_FILTER','ResourceEntity.displayNameMap','Delegation Filter');
Insert into LANGUAGE_MAPPING (ID,LANGUAGE_ID,REFERENCE_ID,REFERENCE_TYPE,TEXT_VALUE) values ('DEDEPARTMENT','2','DEPARTMENT','OrganizationTypeEntity.displayNameMap','Abteilung');
Insert into LANGUAGE_MAPPING (ID,LANGUAGE_ID,REFERENCE_ID,REFERENCE_TYPE,TEXT_VALUE) values ('DEMetadataTypeEntity24','2','departmentType','MetadataTypeEntity.displayNameMap','Abteilung');
Insert into LANGUAGE_MAPPING (ID,LANGUAGE_ID,REFERENCE_ID,REFERENCE_TYPE,TEXT_VALUE) values ('JPElementMigrate314','9','314','MetadataElementEntity.languageMap','ディスクリプション');
Insert into LANGUAGE_MAPPING (ID,LANGUAGE_ID,REFERENCE_ID,REFERENCE_TYPE,TEXT_VALUE) values ('JPElementMigrate315','9','315','MetadataElementEntity.languageMap','業態');
Insert into LANGUAGE_MAPPING (ID,LANGUAGE_ID,REFERENCE_ID,REFERENCE_TYPE,TEXT_VALUE) values ('JPElementMigrate316','9','316','MetadataElementEntity.languageMap','住所');
Insert into LANGUAGE_MAPPING (ID,LANGUAGE_ID,REFERENCE_ID,REFERENCE_TYPE,TEXT_VALUE) values ('JPElementMigrate317','9','317','MetadataElementEntity.languageMap','郵便番号');
Insert into LANGUAGE_MAPPING (ID,LANGUAGE_ID,REFERENCE_ID,REFERENCE_TYPE,TEXT_VALUE) values ('JPElementMigrate318','9','318','MetadataElementEntity.languageMap','私書箱');
Insert into LANGUAGE_MAPPING (ID,LANGUAGE_ID,REFERENCE_ID,REFERENCE_TYPE,TEXT_VALUE) values ('JPElementMigrate319','9','319','MetadataElementEntity.languageMap','現物引き渡しオフィス名');
Insert into LANGUAGE_MAPPING (ID,LANGUAGE_ID,REFERENCE_ID,REFERENCE_TYPE,TEXT_VALUE) values ('JPElementMigrate320','9','320','MetadataElementEntity.languageMap','電話番号');
Insert into LANGUAGE_MAPPING (ID,LANGUAGE_ID,REFERENCE_ID,REFERENCE_TYPE,TEXT_VALUE) values ('JPElementMigrate321','9','321','MetadataElementEntity.languageMap','テレックス番号');
Insert into LANGUAGE_MAPPING (ID,LANGUAGE_ID,REFERENCE_ID,REFERENCE_TYPE,TEXT_VALUE) values ('JPElementMigrate322','9','322','MetadataElementEntity.languageMap','テレテックス端末識別子');
Insert into LANGUAGE_MAPPING (ID,LANGUAGE_ID,REFERENCE_ID,REFERENCE_TYPE,TEXT_VALUE) values ('JPElementMigrate323','9','323','MetadataElementEntity.languageMap','ファクシミリ番号');
Insert into LANGUAGE_MAPPING (ID,LANGUAGE_ID,REFERENCE_ID,REFERENCE_TYPE,TEXT_VALUE) values ('JPElementMigrate324','9','324','MetadataElementEntity.languageMap','x121アドレス');
Insert into LANGUAGE_MAPPING (ID,LANGUAGE_ID,REFERENCE_ID,REFERENCE_TYPE,TEXT_VALUE) values ('JPElementMigrate325','9','325','MetadataElementEntity.languageMap','国際ISDN番号');
Insert into LANGUAGE_MAPPING (ID,LANGUAGE_ID,REFERENCE_ID,REFERENCE_TYPE,TEXT_VALUE) values ('JPElementMigrate326','9','326','MetadataElementEntity.languageMap','登録住所');
Insert into LANGUAGE_MAPPING (ID,LANGUAGE_ID,REFERENCE_ID,REFERENCE_TYPE,TEXT_VALUE) values ('JPElementMigrate327','9','327','MetadataElementEntity.languageMap','行先表示');
Insert into LANGUAGE_MAPPING (ID,LANGUAGE_ID,REFERENCE_ID,REFERENCE_TYPE,TEXT_VALUE) values ('JPElementMigrate328','9','328','MetadataElementEntity.languageMap','希望の配布方法');
Insert into LANGUAGE_MAPPING (ID,LANGUAGE_ID,REFERENCE_ID,REFERENCE_TYPE,TEXT_VALUE) values ('JPElementMigrate329','9','329','MetadataElementEntity.languageMap','プレゼンテーションアドレス');
Insert into LANGUAGE_MAPPING (ID,LANGUAGE_ID,REFERENCE_ID,REFERENCE_TYPE,TEXT_VALUE) values ('JPElementMigrate330','9','330','MetadataElementEntity.languageMap','サポートされているアプリケーション・コンテキスト');
Insert into LANGUAGE_MAPPING (ID,LANGUAGE_ID,REFERENCE_ID,REFERENCE_TYPE,TEXT_VALUE) values ('JPElementMigrate331','9','331','MetadataElementEntity.languageMap','メンバー');
Insert into LANGUAGE_MAPPING (ID,LANGUAGE_ID,REFERENCE_ID,REFERENCE_TYPE,TEXT_VALUE) values ('JPElementMigrate332','9','332','MetadataElementEntity.languageMap','オーナー');
Insert into LANGUAGE_MAPPING (ID,LANGUAGE_ID,REFERENCE_ID,REFERENCE_TYPE,TEXT_VALUE) values ('JPElementMigrate333','9','333','MetadataElementEntity.languageMap','ロール居住者');
Insert into LANGUAGE_MAPPING (ID,LANGUAGE_ID,REFERENCE_ID,REFERENCE_TYPE,TEXT_VALUE) values ('JPElementMigrate334','9','334','MetadataElementEntity.languageMap','参照');
Insert into LANGUAGE_MAPPING (ID,LANGUAGE_ID,REFERENCE_ID,REFERENCE_TYPE,TEXT_VALUE) values ('JPElementMigrate335','9','335','MetadataElementEntity.languageMap','ユーザーパスワード');
Insert into LANGUAGE_MAPPING (ID,LANGUAGE_ID,REFERENCE_ID,REFERENCE_TYPE,TEXT_VALUE) values ('JPElementMigrate336','9','336','MetadataElementEntity.languageMap','ユーザー証明書');
Insert into LANGUAGE_MAPPING (ID,LANGUAGE_ID,REFERENCE_ID,REFERENCE_TYPE,TEXT_VALUE) values ('JPElementMigrate337','9','337','MetadataElementEntity.languageMap','CA証明書 ');
Insert into LANGUAGE_MAPPING (ID,LANGUAGE_ID,REFERENCE_ID,REFERENCE_TYPE,TEXT_VALUE) values ('JPElementMigrate338','9','338','MetadataElementEntity.languageMap','権限失効リスト');
Insert into LANGUAGE_MAPPING (ID,LANGUAGE_ID,REFERENCE_ID,REFERENCE_TYPE,TEXT_VALUE) values ('JPElementMigrate339','9','339','MetadataElementEntity.languageMap','証明書失効リスト');
Insert into LANGUAGE_MAPPING (ID,LANGUAGE_ID,REFERENCE_ID,REFERENCE_TYPE,TEXT_VALUE) values ('JPElementMigrate340','9','340','MetadataElementEntity.languageMap','クロス証明書のペア');
Insert into LANGUAGE_MAPPING (ID,LANGUAGE_ID,REFERENCE_ID,REFERENCE_TYPE,TEXT_VALUE) values ('JPElementMigrate341','9','341','MetadataElementEntity.languageMap','名前');
Insert into LANGUAGE_MAPPING (ID,LANGUAGE_ID,REFERENCE_ID,REFERENCE_TYPE,TEXT_VALUE) values ('JPElementMigrate342','9','342','MetadataElementEntity.languageMap','イニシャル');
Insert into LANGUAGE_MAPPING (ID,LANGUAGE_ID,REFERENCE_ID,REFERENCE_TYPE,TEXT_VALUE) values ('JPElementMigrate343','9','343','MetadataElementEntity.languageMap','世代修飾子');
Insert into LANGUAGE_MAPPING (ID,LANGUAGE_ID,REFERENCE_ID,REFERENCE_TYPE,TEXT_VALUE) values ('JPElementMigrate344','9','344','MetadataElementEntity.languageMap','x500一意識別子');
Insert into LANGUAGE_MAPPING (ID,LANGUAGE_ID,REFERENCE_ID,REFERENCE_TYPE,TEXT_VALUE) values ('JPElementMigrate346','9','346','MetadataElementEntity.languageMap','一意番号');
Insert into LANGUAGE_MAPPING (ID,LANGUAGE_ID,REFERENCE_ID,REFERENCE_TYPE,TEXT_VALUE) values ('JPElementMigrate347','9','347','MetadataElementEntity.languageMap','家識別子');
Insert into LANGUAGE_MAPPING (ID,LANGUAGE_ID,REFERENCE_ID,REFERENCE_TYPE,TEXT_VALUE) values ('JPElementMigrate348','9','348','MetadataElementEntity.languageMap','uid');
Insert into LANGUAGE_MAPPING (ID,LANGUAGE_ID,REFERENCE_ID,REFERENCE_TYPE,TEXT_VALUE) values ('JPElementMigrate349','9','349','MetadataElementEntity.languageMap','メール');
Insert into LANGUAGE_MAPPING (ID,LANGUAGE_ID,REFERENCE_ID,REFERENCE_TYPE,TEXT_VALUE) values ('JPElementMigrate350','9','350','MetadataElementEntity.languageMap','参照');
Insert into LANGUAGE_MAPPING (ID,LANGUAGE_ID,REFERENCE_ID,REFERENCE_TYPE,TEXT_VALUE) values ('JPElementMigrate351','9','351','MetadataElementEntity.languageMap','照会');
Insert into LANGUAGE_MAPPING (ID,LANGUAGE_ID,REFERENCE_ID,REFERENCE_TYPE,TEXT_VALUE) values ('JPElementMigrate352','9','352','MetadataElementEntity.languageMap','krb名');
Insert into LANGUAGE_MAPPING (ID,LANGUAGE_ID,REFERENCE_ID,REFERENCE_TYPE,TEXT_VALUE) values ('JPLanguageEntity4','9','4','LanguageEntity.displayNameMap','スペイン語');
Insert into LANGUAGE_MAPPING (ID,LANGUAGE_ID,REFERENCE_ID,REFERENCE_TYPE,TEXT_VALUE) values ('JPElementMigrate401','9','401','MetadataElementEntity.languageMap','SUBMIT_USER_TO_CONNECTOR');
Insert into LANGUAGE_MAPPING (ID,LANGUAGE_ID,REFERENCE_ID,REFERENCE_TYPE,TEXT_VALUE) values ('JPElementMigrate402','9','402','MetadataElementEntity.languageMap','INCLUDE_IN_PASSWORD_SYNC');
Insert into LANGUAGE_MAPPING (ID,LANGUAGE_ID,REFERENCE_ID,REFERENCE_TYPE,TEXT_VALUE) values ('JPElementMigrate405','9','405','MetadataElementEntity.languageMap','INCLUDE_IN_SYNC');
Insert into LANGUAGE_MAPPING (ID,LANGUAGE_ID,REFERENCE_ID,REFERENCE_TYPE,TEXT_VALUE) values ('JPElementMigrate406','9','406','MetadataElementEntity.languageMap','TABLE_NAME');
Insert into LANGUAGE_MAPPING (ID,LANGUAGE_ID,REFERENCE_ID,REFERENCE_TYPE,TEXT_VALUE) values ('JPElementMigrate407','9','407','MetadataElementEntity.languageMap','GROUP_MEMBERSHIP_ENABLED');
Insert into LANGUAGE_MAPPING (ID,LANGUAGE_ID,REFERENCE_ID,REFERENCE_TYPE,TEXT_VALUE) values ('JPElementMigrate408','9','408','MetadataElementEntity.languageMap','ON_DELETE');
Insert into LANGUAGE_MAPPING (ID,LANGUAGE_ID,REFERENCE_ID,REFERENCE_TYPE,TEXT_VALUE) values ('JPElementMigrate409','9','409','MetadataElementEntity.languageMap','PRE_PROCESS');
Insert into LANGUAGE_MAPPING (ID,LANGUAGE_ID,REFERENCE_ID,REFERENCE_TYPE,TEXT_VALUE) values ('JPElementMigrate410','9','410','MetadataElementEntity.languageMap','POST_PROCESS');
Insert into LANGUAGE_MAPPING (ID,LANGUAGE_ID,REFERENCE_ID,REFERENCE_TYPE,TEXT_VALUE) values ('JPElementMigrate411','9','411','MetadataElementEntity.languageMap','HOST_URL');
Insert into LANGUAGE_MAPPING (ID,LANGUAGE_ID,REFERENCE_ID,REFERENCE_TYPE,TEXT_VALUE) values ('JPElementMigrate412','9','412','MetadataElementEntity.languageMap','BASE_DN');
Insert into LANGUAGE_MAPPING (ID,LANGUAGE_ID,REFERENCE_ID,REFERENCE_TYPE,TEXT_VALUE) values ('JPElementMigrate413','9','413','MetadataElementEntity.languageMap','HOST_LOGIN ID');
Insert into LANGUAGE_MAPPING (ID,LANGUAGE_ID,REFERENCE_ID,REFERENCE_TYPE,TEXT_VALUE) values ('JPElementMigrate415','9','415','MetadataElementEntity.languageMap','COMMUNICATION_PROTOCOL');
Insert into LANGUAGE_MAPPING (ID,LANGUAGE_ID,REFERENCE_ID,REFERENCE_TYPE,TEXT_VALUE) values ('JPElementMigrate416','9','416','MetadataElementEntity.languageMap','OBJECT_CLASS');
Insert into LANGUAGE_MAPPING (ID,LANGUAGE_ID,REFERENCE_ID,REFERENCE_TYPE,TEXT_VALUE) values ('JPElementMigrate418','9','418','MetadataElementEntity.languageMap','SEARCH_ATTRIBUTE');
Insert into LANGUAGE_MAPPING (ID,LANGUAGE_ID,REFERENCE_ID,REFERENCE_TYPE,TEXT_VALUE) values ('JPElementMigrate419','9','419','MetadataElementEntity.languageMap','MANAGED_SYS_ID');
Insert into LANGUAGE_MAPPING (ID,LANGUAGE_ID,REFERENCE_ID,REFERENCE_TYPE,TEXT_VALUE) values ('JPElementMigrate420','9','420','MetadataElementEntity.languageMap','DN_ATTRIBUTE');
Insert into LANGUAGE_MAPPING (ID,LANGUAGE_ID,REFERENCE_ID,REFERENCE_TYPE,TEXT_VALUE) values ('JPElementMigrate421','9','421','MetadataElementEntity.languageMap','PASSWORD');
Insert into LANGUAGE_MAPPING (ID,LANGUAGE_ID,REFERENCE_ID,REFERENCE_TYPE,TEXT_VALUE) values ('JPElementMigrate430','9','430','MetadataElementEntity.languageMap','END_POINT');
Insert into LANGUAGE_MAPPING (ID,LANGUAGE_ID,REFERENCE_ID,REFERENCE_TYPE,TEXT_VALUE) values ('JPElementMigrate440','9','440','MetadataElementEntity.languageMap','OPERATION_NAME');
Insert into LANGUAGE_MAPPING (ID,LANGUAGE_ID,REFERENCE_ID,REFERENCE_TYPE,TEXT_VALUE) values ('JPElementMigrate450','9','450','MetadataElementEntity.languageMap','URL');
Insert into LANGUAGE_MAPPING (ID,LANGUAGE_ID,REFERENCE_ID,REFERENCE_TYPE,TEXT_VALUE) values ('JPLanguageEntity8','9','8','LanguageEntity.displayNameMap','ロシア語');
Insert into LANGUAGE_MAPPING (ID,LANGUAGE_ID,REFERENCE_ID,REFERENCE_TYPE,TEXT_VALUE) values ('JPABOUT_DESC','9','ABOUT','ResourceEntity.displayNameMap','OpenIAMについて');
Insert into LANGUAGE_MAPPING (ID,LANGUAGE_ID,REFERENCE_ID,REFERENCE_TYPE,TEXT_VALUE) values ('JPABOUT_ROOT_MENU_DESC','9','ABOUT_ROOT_MENU','ResourceEntity.displayNameMap','OpenIAMについて');
Insert into LANGUAGE_MAPPING (ID,LANGUAGE_ID,REFERENCE_ID,REFERENCE_TYPE,TEXT_VALUE) values ('JPACCESSCENTER_MENU_DISPLAY','9','ACCESSCENTER','ResourceEntity.displayNameMap','アクセス管理');
Insert into LANGUAGE_MAPPING (ID,LANGUAGE_ID,REFERENCE_ID,REFERENCE_TYPE,TEXT_VALUE) values ('JPMetadataTypeEntity1','9','ACCNT','MetadataTypeEntity.displayNameMap','アカウント');
Insert into LANGUAGE_MAPPING (ID,LANGUAGE_ID,REFERENCE_ID,REFERENCE_TYPE,TEXT_VALUE) values ('JPACC_CONTROL_MENU_DISPLAY','9','ACC_CONTROL','ResourceEntity.displayNameMap','アクセスコントロール');
Insert into LANGUAGE_MAPPING (ID,LANGUAGE_ID,REFERENCE_ID,REFERENCE_TYPE,TEXT_VALUE) values ('JPMetadataTypeEntity2','9','ACTIVE','MetadataTypeEntity.displayNameMap','ACTIVE');
Insert into LANGUAGE_MAPPING (ID,LANGUAGE_ID,REFERENCE_ID,REFERENCE_TYPE,TEXT_VALUE) values ('JPMetadataTypeEntity3','9','ADGroup','MetadataTypeEntity.displayNameMap','ADユーザータイプ');
Insert into LANGUAGE_MAPPING (ID,LANGUAGE_ID,REFERENCE_ID,REFERENCE_TYPE,TEXT_VALUE) values ('JPMetadataTypeEntity4','9','ADMGP','MetadataTypeEntity.displayNameMap','管理グループ');
Insert into LANGUAGE_MAPPING (ID,LANGUAGE_ID,REFERENCE_ID,REFERENCE_TYPE,TEXT_VALUE) values ('JPMetadataTypeEntity5','9','ADMIN','MetadataTypeEntity.displayNameMap','管理者');
Insert into LANGUAGE_MAPPING (ID,LANGUAGE_ID,REFERENCE_ID,REFERENCE_TYPE,TEXT_VALUE) values ('JPADMIN_MENU_DISPLAY','9','ADMIN','ResourceEntity.displayNameMap','管理');
Insert into LANGUAGE_MAPPING (ID,LANGUAGE_ID,REFERENCE_ID,REFERENCE_TYPE,TEXT_VALUE) values ('JPADMIN_BATCH_TASKS_DESC','9','ADMIN_BATCH_TASKS','ResourceEntity.displayNameMap','バッチタスク');
Insert into LANGUAGE_MAPPING (ID,LANGUAGE_ID,REFERENCE_ID,REFERENCE_TYPE,TEXT_VALUE) values ('JPMetadataTypeEntity6','9','ADMIN_RESOURCE','MetadataTypeEntity.displayNameMap','管理リソース');
Insert into LANGUAGE_MAPPING (ID,LANGUAGE_ID,REFERENCE_ID,REFERENCE_TYPE,TEXT_VALUE) values ('JPADMIN_RESOURCE','9','ADMIN_RESOURCE','ResourceTypeEntity.displayNameMap','管理リソース');
Insert into LANGUAGE_MAPPING (ID,LANGUAGE_ID,REFERENCE_ID,REFERENCE_TYPE,TEXT_VALUE) values ('JPMetadataTypeEntity7','9','ADUser','MetadataTypeEntity.displayNameMap','ADユーザータイプ');
Insert into LANGUAGE_MAPPING (ID,LANGUAGE_ID,REFERENCE_ID,REFERENCE_TYPE,TEXT_VALUE) values ('JPMetadataTypeEntity8','9','AD_Connector','MetadataTypeEntity.displayNameMap','アクティブ・ディレクトリ・コネクタ');
Insert into LANGUAGE_MAPPING (ID,LANGUAGE_ID,REFERENCE_ID,REFERENCE_TYPE,TEXT_VALUE) values ('JPMetadataTypeEntity9','9','AD_GROUP_TYPE','MetadataTypeEntity.displayNameMap','ADグループタイプ');
Insert into LANGUAGE_MAPPING (ID,LANGUAGE_ID,REFERENCE_ID,REFERENCE_TYPE,TEXT_VALUE) values ('JPAM_PROV_AM_ATTR_DESC','9','AM_PROV_AM_ATTR','ResourceEntity.displayNameMap','リクエスト属性');
Insert into LANGUAGE_MAPPING (ID,LANGUAGE_ID,REFERENCE_ID,REFERENCE_TYPE,TEXT_VALUE) values ('JPAM_PROV_EDIT_DESC','9','AM_PROV_EDIT','ResourceEntity.displayNameMap','認証プロバイダ編集メニュー');
Insert into LANGUAGE_MAPPING (ID,LANGUAGE_ID,REFERENCE_ID,REFERENCE_TYPE,TEXT_VALUE) values ('JPAM_PROV_EDIT_CURRENT_DESC','9','AM_PROV_EDIT_CURRENT','ResourceEntity.displayNameMap','プロバイダを編集');
Insert into LANGUAGE_MAPPING (ID,LANGUAGE_ID,REFERENCE_ID,REFERENCE_TYPE,TEXT_VALUE) values ('JPAM_PROV_EDIT_SEARCH_DESC','9','AM_PROV_EDIT_SEARCH','ResourceEntity.displayNameMap','検索に戻る');
Insert into LANGUAGE_MAPPING (ID,LANGUAGE_ID,REFERENCE_ID,REFERENCE_TYPE,TEXT_VALUE) values ('JPAM_PROV_NEW_DSC','9','AM_PROV_NEW','ResourceEntity.displayNameMap','新しいプロバイダを作成');
Insert into LANGUAGE_MAPPING (ID,LANGUAGE_ID,REFERENCE_ID,REFERENCE_TYPE,TEXT_VALUE) values ('JPAM_PROV_NEW_EDIT_PUB_DESC','9','AM_PROV_NEW_EDIT','ResourceEntity.displayNameMap','新しいプロバイダを作成');
Insert into LANGUAGE_MAPPING (ID,LANGUAGE_ID,REFERENCE_ID,REFERENCE_TYPE,TEXT_VALUE) values ('JPAM_PROV_ROOT_DESC','9','AM_PROV_ROOT','ResourceEntity.displayNameMap','認証プロバイダのルートメニュー');
Insert into LANGUAGE_MAPPING (ID,LANGUAGE_ID,REFERENCE_ID,REFERENCE_TYPE,TEXT_VALUE) values ('JPAM_PROV_SEARCH_DESC','9','AM_PROV_SEARCH','ResourceEntity.displayNameMap','プロバイダを検索');
Insert into LANGUAGE_MAPPING (ID,LANGUAGE_ID,REFERENCE_ID,REFERENCE_TYPE,TEXT_VALUE) values ('JPAM_PROV_SEARCH_CHILD_PUB_DESC','9','AM_PROV_SEARCH_CHILD','ResourceEntity.displayNameMap','認証プロバイダ');
Insert into LANGUAGE_MAPPING (ID,LANGUAGE_ID,REFERENCE_ID,REFERENCE_TYPE,TEXT_VALUE) values ('JPMetadataTypeEntity10','9','APPROVAL_DECLINED','MetadataTypeEntity.displayNameMap','APPROVAL_DECLINED');
Insert into LANGUAGE_MAPPING (ID,LANGUAGE_ID,REFERENCE_ID,REFERENCE_TYPE,TEXT_VALUE) values ('JPASSOC_POLICY_DESC','9','ASSOC_POLICY','ResourceEntity.displayNameMap','提携ポリシー');
Insert into LANGUAGE_MAPPING (ID,LANGUAGE_ID,REFERENCE_ID,REFERENCE_TYPE,TEXT_VALUE) values ('JPMetadataTypeEntity11','9','ATTR','MetadataTypeEntity.displayNameMap','属性');
Insert into LANGUAGE_MAPPING (ID,LANGUAGE_ID,REFERENCE_ID,REFERENCE_TYPE,TEXT_VALUE) values ('JPATTRIBUTE_POLICY_DESC','9','ATTRIBUTE_POLICY','ResourceEntity.displayNameMap','属性ポリシー');
Insert into LANGUAGE_MAPPING (ID,LANGUAGE_ID,REFERENCE_ID,REFERENCE_TYPE,TEXT_VALUE) values ('JPAUDITREPORT_MENU_DISPLAY','9','AUDITREPORT','ResourceEntity.displayNameMap','監査レポート');
Insert into LANGUAGE_MAPPING (ID,LANGUAGE_ID,REFERENCE_ID,REFERENCE_TYPE,TEXT_VALUE) values ('JPAUDIT_RPT_MENU_DISPLAY','9','AUDIT_RPT','ResourceEntity.displayNameMap','監査レポート');
Insert into LANGUAGE_MAPPING (ID,LANGUAGE_ID,REFERENCE_ID,REFERENCE_TYPE,TEXT_VALUE) values ('JPAUTH_POLICY_MENU_DESC','9','AUTHENTICATION_POLICY','ResourceEntity.displayNameMap','認証ポリシー');
Insert into LANGUAGE_MAPPING (ID,LANGUAGE_ID,REFERENCE_ID,REFERENCE_TYPE,TEXT_VALUE) values ('JPAUTH_POLICY_ROOT_MENU_DESC','9','AUTHENTICATION_POLICY_ROOT_MENU','ResourceEntity.displayNameMap','認証ポリシーのルートメニュー');
Insert into LANGUAGE_MAPPING (ID,LANGUAGE_ID,REFERENCE_ID,REFERENCE_TYPE,TEXT_VALUE) values ('JPMetadataTypeEntity12','9','AUTHENTICATION_PROVIDER','MetadataTypeEntity.displayNameMap','認証プロバイダ');
Insert into LANGUAGE_MAPPING (ID,LANGUAGE_ID,REFERENCE_ID,REFERENCE_TYPE,TEXT_VALUE) values ('JPAUTH_LEVEL_GRP_DN','9','AUTH_LEVEL_GRP','ResourceEntity.displayNameMap','認証のグループ化');
Insert into LANGUAGE_MAPPING (ID,LANGUAGE_ID,REFERENCE_ID,REFERENCE_TYPE,TEXT_VALUE) values ('JPAUTH_LVL_GRP_ATTR_DN','9','AUTH_LVL_GRP_ATTR','ResourceEntity.displayNameMap','認証レベルのグループ化ルート属性');
Insert into LANGUAGE_MAPPING (ID,LANGUAGE_ID,REFERENCE_ID,REFERENCE_TYPE,TEXT_VALUE) values ('JPAUTH_LVL_GRP_EDIT_ROOT_DN','9','AUTH_LVL_GRP_EDIT_ROOT','ResourceEntity.displayNameMap','認証レベルのグループ化ルート編集');
Insert into LANGUAGE_MAPPING (ID,LANGUAGE_ID,REFERENCE_ID,REFERENCE_TYPE,TEXT_VALUE) values ('JPAUTH_LVL_GRP_NEW_ROOT_DN','9','AUTH_LVL_GRP_NEW_ROOT','ResourceEntity.displayNameMap','認証レベルのグループ化ルート');
Insert into LANGUAGE_MAPPING (ID,LANGUAGE_ID,REFERENCE_ID,REFERENCE_TYPE,TEXT_VALUE) values ('JPAUTH_PROVIDER','9','AUTH_PROVIDER','ResourceTypeEntity.displayNameMap','認証プロバイダ');
Insert into LANGUAGE_MAPPING (ID,LANGUAGE_ID,REFERENCE_ID,REFERENCE_TYPE,TEXT_VALUE) values ('JPMetadataTypeEntity13','9','AUTH_REPO','MetadataTypeEntity.displayNameMap','認証リポジトリ');
Insert into LANGUAGE_MAPPING (ID,LANGUAGE_ID,REFERENCE_ID,REFERENCE_TYPE,TEXT_VALUE) values ('JPAUTH_REPO','9','AUTH_REPO','ResourceTypeEntity.displayNameMap','認証リポジトリ');
Insert into LANGUAGE_MAPPING (ID,LANGUAGE_ID,REFERENCE_ID,REFERENCE_TYPE,TEXT_VALUE) values ('JPBACK_TO_AUTH_LVL_DN','9','BACK_TO_AUTH_LVL','ResourceEntity.displayNameMap','グループ化に戻る');
Insert into LANGUAGE_MAPPING (ID,LANGUAGE_ID,REFERENCE_ID,REFERENCE_TYPE,TEXT_VALUE) values ('JPBACK_TO_AUTH_LVL_GRP_SRH_DN','9','BACK_TO_AUTH_LVL_GRP_SRH','ResourceEntity.displayNameMap','検索に戻る');
Insert into LANGUAGE_MAPPING (ID,LANGUAGE_ID,REFERENCE_ID,REFERENCE_TYPE,TEXT_VALUE) values ('JPBACK_TO_CP_DESC','9','BACK_TO_CP','ResourceEntity.displayNameMap','コンテンツプロバイダに戻る');
Insert into LANGUAGE_MAPPING (ID,LANGUAGE_ID,REFERENCE_ID,REFERENCE_TYPE,TEXT_VALUE) values ('JPBATCH_PROC_MENU_DISPLAY','9','BATCH_PROC','ResourceEntity.displayNameMap','バッチ処理');
Insert into LANGUAGE_MAPPING (ID,LANGUAGE_ID,REFERENCE_ID,REFERENCE_TYPE,TEXT_VALUE) values ('JPBATCH_TASK_EDIT_DESC','9','BATCH_TASK_EDIT','ResourceEntity.displayNameMap','バッチタスクの編集');
Insert into LANGUAGE_MAPPING (ID,LANGUAGE_ID,REFERENCE_ID,REFERENCE_TYPE,TEXT_VALUE) values ('JPBATCH_TASK_ROOT_DESC','9','BATCH_TASK_ROOT','ResourceEntity.displayNameMap','バッチタスクのルート');
Insert into LANGUAGE_MAPPING (ID,LANGUAGE_ID,REFERENCE_ID,REFERENCE_TYPE,TEXT_VALUE) values ('JPMetadataTypeEntity14','9','BL','MetadataTypeEntity.displayNameMap','無効');
Insert into LANGUAGE_MAPPING (ID,LANGUAGE_ID,REFERENCE_ID,REFERENCE_TYPE,TEXT_VALUE) values ('JPBULK_OPS_DESC','9','BULK_OPS','ResourceEntity.displayNameMap','ユーザーの一括操作');
Insert into LANGUAGE_MAPPING (ID,LANGUAGE_ID,REFERENCE_ID,REFERENCE_TYPE,TEXT_VALUE) values ('JPMetadataTypeEntity15','9','CELL_PHONE','MetadataTypeEntity.displayNameMap','携帯電話');
Insert into LANGUAGE_MAPPING (ID,LANGUAGE_ID,REFERENCE_ID,REFERENCE_TYPE,TEXT_VALUE) values ('JPCHAL_MENU_DISPLAY','9','CHALLENGE','ResourceEntity.displayNameMap','チャレンジクエスト');
Insert into LANGUAGE_MAPPING (ID,LANGUAGE_ID,REFERENCE_ID,REFERENCE_TYPE,TEXT_VALUE) values ('JPCHAL_RESP_QUESTION_DESC','9','CHALLENGE_RESPONSE_QUESTION','ResourceEntity.displayNameMap','チャレンジレスポンス質問');
Insert into LANGUAGE_MAPPING (ID,LANGUAGE_ID,REFERENCE_ID,REFERENCE_TYPE,TEXT_VALUE) values ('JPCHAL_RESP_QUESTION_NEW_DSC','9','CHALLENGE_RESPONSE_QUESTION_NEW','ResourceEntity.displayNameMap','新しい質問を作成');
Insert into LANGUAGE_MAPPING (ID,LANGUAGE_ID,REFERENCE_ID,REFERENCE_TYPE,TEXT_VALUE) values ('JPCHAL_RESP_QUEST_ROOT_DESC','9','CHALLENGE_RESPONSE_QUESTION_ROOT','ResourceEntity.displayNameMap','チャレンジレスポンス質問のルートメニュー');
Insert into LANGUAGE_MAPPING (ID,LANGUAGE_ID,REFERENCE_ID,REFERENCE_TYPE,TEXT_VALUE) values ('JPMetadataTypeEntity16','9','CHECKBOX','MetadataTypeEntity.displayNameMap','チェックボックス');
Insert into LANGUAGE_MAPPING (ID,LANGUAGE_ID,REFERENCE_ID,REFERENCE_TYPE,TEXT_VALUE) values ('JPCHNGPSWD_MENU_DISPLAY','9','CHNGPSWD','ResourceEntity.displayNameMap','パスワードを変更');
Insert into LANGUAGE_MAPPING (ID,LANGUAGE_ID,REFERENCE_ID,REFERENCE_TYPE,TEXT_VALUE) values ('JPCONF_POLICY_PAGE_DIS','9','CONF_POLICY_PAGE','ResourceEntity.displayNameMap','ITポリシーを設定');
Insert into LANGUAGE_MAPPING (ID,LANGUAGE_ID,REFERENCE_ID,REFERENCE_TYPE,TEXT_VALUE) values ('JPMetadataTypeEntity17','9','CONTENT_PROVIDER','MetadataTypeEntity.displayNameMap','コンテンツプロバイダ');
Insert into LANGUAGE_MAPPING (ID,LANGUAGE_ID,REFERENCE_ID,REFERENCE_TYPE,TEXT_VALUE) values ('JPCONTENT_PROVIDER','9','CONTENT_PROVIDER','ResourceTypeEntity.displayNameMap','コンテンツプロバイダ');
Insert into LANGUAGE_MAPPING (ID,LANGUAGE_ID,REFERENCE_ID,REFERENCE_TYPE,TEXT_VALUE) values ('JPCPROV_EDIT_DESC','9','CONTENT_PROV_EDIT','ResourceEntity.displayNameMap','コンテンツプロバイダの編集メニュー');
Insert into LANGUAGE_MAPPING (ID,LANGUAGE_ID,REFERENCE_ID,REFERENCE_TYPE,TEXT_VALUE) values ('JPCPROV_EDIT_CURRENT_DESC','9','CONTENT_PROV_EDIT_CURRENT','ResourceEntity.displayNameMap','プロバイダを編集');
Insert into LANGUAGE_MAPPING (ID,LANGUAGE_ID,REFERENCE_ID,REFERENCE_TYPE,TEXT_VALUE) values ('JPCPROV_EDIT_SEARCH_DESC','9','CONTENT_PROV_EDIT_SEARCH','ResourceEntity.displayNameMap','検索に戻る');
Insert into LANGUAGE_MAPPING (ID,LANGUAGE_ID,REFERENCE_ID,REFERENCE_TYPE,TEXT_VALUE) values ('JPCPROV_NEW_DSC','9','CONTENT_PROV_NEW','ResourceEntity.displayNameMap','新しいプロバイダを作成');
Insert into LANGUAGE_MAPPING (ID,LANGUAGE_ID,REFERENCE_ID,REFERENCE_TYPE,TEXT_VALUE) values ('JPCPROV_NEW_EDIT_DESC','9','CONTENT_PROV_NEW_EDIT','ResourceEntity.displayNameMap','新しいプロバイダを作成');
Insert into LANGUAGE_MAPPING (ID,LANGUAGE_ID,REFERENCE_ID,REFERENCE_TYPE,TEXT_VALUE) values ('JPCPROV_ROOT_DESC','9','CONTENT_PROV_ROOT','ResourceEntity.displayNameMap','コンテンツプロバイダのルートメニュー');
Insert into LANGUAGE_MAPPING (ID,LANGUAGE_ID,REFERENCE_ID,REFERENCE_TYPE,TEXT_VALUE) values ('JPCPROV_SEARCH_DESC','9','CONTENT_PROV_SEARCH','ResourceEntity.displayNameMap','コンテンツプロバイダを検索');
Insert into LANGUAGE_MAPPING (ID,LANGUAGE_ID,REFERENCE_ID,REFERENCE_TYPE,TEXT_VALUE) values ('JPCPROV_SEARCH_CHILD_DESC','9','CONTENT_PROV_SEARCH_CHILD','ResourceEntity.displayNameMap','コンテンツプロバイダ');
Insert into LANGUAGE_MAPPING (ID,LANGUAGE_ID,REFERENCE_ID,REFERENCE_TYPE,TEXT_VALUE) values ('JPMetadataTypeEntity18','9','Contractor','MetadataTypeEntity.displayNameMap','契約者のユーザタイプ');
Insert into LANGUAGE_MAPPING (ID,LANGUAGE_ID,REFERENCE_ID,REFERENCE_TYPE,TEXT_VALUE) values ('JPCREATEREQ_MENU_DISPLAY','9','CREATEREQ','ResourceEntity.displayNameMap','リクエストを作成');
Insert into LANGUAGE_MAPPING (ID,LANGUAGE_ID,REFERENCE_ID,REFERENCE_TYPE,TEXT_VALUE) values ('JPCR_RES_DISP_NAME','9','CREATE_RESOURCE_MENU','ResourceEntity.displayNameMap','新しいリソースを作成');
Insert into LANGUAGE_MAPPING (ID,LANGUAGE_ID,REFERENCE_ID,REFERENCE_TYPE,TEXT_VALUE) values ('JPCUST_FIELD_EDIT_DESC','9','CUSTOM_FIELD_EDIT','ResourceEntity.displayNameMap','カスタムフィールドの編集メニュー');
Insert into LANGUAGE_MAPPING (ID,LANGUAGE_ID,REFERENCE_ID,REFERENCE_TYPE,TEXT_VALUE) values ('JPCUST_FIELD_EDIT_NEW_DESC','9','CUSTOM_FIELD_EDIT_NEW','ResourceEntity.displayNameMap','新しいカスタムフィールドを作成');
Insert into LANGUAGE_MAPPING (ID,LANGUAGE_ID,REFERENCE_ID,REFERENCE_TYPE,TEXT_VALUE) values ('JPCUST_FIELD_EDIT_SEARCH_DESC','9','CUSTOM_FIELD_EDIT_SEARCH','ResourceEntity.displayNameMap','検索に戻る');
Insert into LANGUAGE_MAPPING (ID,LANGUAGE_ID,REFERENCE_ID,REFERENCE_TYPE,TEXT_VALUE) values ('JPCUST_FIELD_NEW_DSC','9','CUSTOM_FIELD_NEW','ResourceEntity.displayNameMap','新しいカスタムフィールドを作成');
Insert into LANGUAGE_MAPPING (ID,LANGUAGE_ID,REFERENCE_ID,REFERENCE_TYPE,TEXT_VALUE) values ('JPCUST_FIELD_ROOT_DESC','9','CUSTOM_FIELD_ROOT','ResourceEntity.displayNameMap','カスタムフィールドのルートメニュー');
Insert into LANGUAGE_MAPPING (ID,LANGUAGE_ID,REFERENCE_ID,REFERENCE_TYPE,TEXT_VALUE) values ('JPCUST_FIELD_SEARCH_DESC','9','CUSTOM_FIELD_SEARCH','ResourceEntity.displayNameMap','カスタムフィールドを検索');
Insert into LANGUAGE_MAPPING (ID,LANGUAGE_ID,REFERENCE_ID,REFERENCE_TYPE,TEXT_VALUE) values ('JPCUST_FIELD_SEARCH_CHILD_DESC','9','CUSTOM_FIELD_SEARCH_CHILD','ResourceEntity.displayNameMap','カスタムフィールド');
Insert into LANGUAGE_MAPPING (ID,LANGUAGE_ID,REFERENCE_ID,REFERENCE_TYPE,TEXT_VALUE) values ('JPMetadataTypeEntity19','9','DATE','MetadataTypeEntity.displayNameMap','日付フィールド');
Insert into LANGUAGE_MAPPING (ID,LANGUAGE_ID,REFERENCE_ID,REFERENCE_TYPE,TEXT_VALUE) values ('JPMetadataTypeEntity20','9','DEFAULT_GROUP','MetadataTypeEntity.displayNameMap','DEFAULT GROUP TYPE');
Insert into LANGUAGE_MAPPING (ID,LANGUAGE_ID,REFERENCE_ID,REFERENCE_TYPE,TEXT_VALUE) values ('JPDEFAULT_USER_TYPE','9','DEFAULT_USER','MetadataTypeEntity.displayNameMap','デフォルトユーザー');
Insert into LANGUAGE_MAPPING (ID,LANGUAGE_ID,REFERENCE_ID,REFERENCE_TYPE,TEXT_VALUE) values ('JPMetadataTypeEntity21','9','DELETED','MetadataTypeEntity.displayNameMap','DELETED');
Insert into LANGUAGE_MAPPING (ID,LANGUAGE_ID,REFERENCE_ID,REFERENCE_TYPE,TEXT_VALUE) values ('JPDELG_FILTER_MENU_DISPLAY','9','DELG_FILTER','ResourceEntity.displayNameMap','委任フィルター');
Insert into LANGUAGE_MAPPING (ID,LANGUAGE_ID,REFERENCE_ID,REFERENCE_TYPE,TEXT_VALUE) values ('JPDEPARTMENT','9','DEPARTMENT','OrganizationTypeEntity.displayNameMap','部門');
Insert into LANGUAGE_MAPPING (ID,LANGUAGE_ID,REFERENCE_ID,REFERENCE_TYPE,TEXT_VALUE) values ('JPMetadataTypeEntity22','9','departmentType','MetadataTypeEntity.displayNameMap','部門');
Insert into LANGUAGE_MAPPING (ID,LANGUAGE_ID,REFERENCE_ID,REFERENCE_TYPE,TEXT_VALUE) values ('JPMetadataTypeEntity23','9','DIRECTORY','MetadataTypeEntity.displayNameMap','ディレクトリ');
Insert into LANGUAGE_MAPPING (ID,LANGUAGE_ID,REFERENCE_ID,REFERENCE_TYPE,TEXT_VALUE) values ('JPDIRECTORY_MENU_DISPLAY','9','DIRECTORY','ResourceEntity.displayNameMap','ディレクトリ検索');
Insert into LANGUAGE_MAPPING (ID,LANGUAGE_ID,REFERENCE_ID,REFERENCE_TYPE,TEXT_VALUE) values ('JPDIR_LOOKUP_PAGE_DIS','9','DIR_LOOKUP_PAGE','ResourceEntity.displayNameMap','ディレクトリ検索');
Insert into LANGUAGE_MAPPING (ID,LANGUAGE_ID,REFERENCE_ID,REFERENCE_TYPE,TEXT_VALUE) values ('JPMetadataTypeEntity24','9','DISABLED','MetadataTypeEntity.displayNameMap','無効');
Insert into LANGUAGE_MAPPING (ID,LANGUAGE_ID,REFERENCE_ID,REFERENCE_TYPE,TEXT_VALUE) values ('JPDIVISION','9','DIVISION','OrganizationTypeEntity.displayNameMap','分割');
Insert into LANGUAGE_MAPPING (ID,LANGUAGE_ID,REFERENCE_ID,REFERENCE_TYPE,TEXT_VALUE) values ('JPMetadataTypeEntity25','9','divisionType','MetadataTypeEntity.displayNameMap','分割');
Insert into LANGUAGE_MAPPING (ID,LANGUAGE_ID,REFERENCE_ID,REFERENCE_TYPE,TEXT_VALUE) values ('JPMetadataTypeEntity26','9','DL','MetadataTypeEntity.displayNameMap','削除');
Insert into LANGUAGE_MAPPING (ID,LANGUAGE_ID,REFERENCE_ID,REFERENCE_TYPE,TEXT_VALUE) values ('JPEDIT_BATCH_TASK_DESC','9','EDIT_BATCH_TASK','ResourceEntity.displayNameMap','バッチタスクを編集');
Insert into LANGUAGE_MAPPING (ID,LANGUAGE_ID,REFERENCE_ID,REFERENCE_TYPE,TEXT_VALUE) values ('JPEDIT_GROUP_DESC','9','EDIT_GROUP','ResourceEntity.displayNameMap','グループを編集');
Insert into LANGUAGE_MAPPING (ID,LANGUAGE_ID,REFERENCE_ID,REFERENCE_TYPE,TEXT_VALUE) values ('JPEDIT_ORG_DESC','9','EDIT_ORG','ResourceEntity.displayNameMap','組織を編集');
Insert into LANGUAGE_MAPPING (ID,LANGUAGE_ID,REFERENCE_ID,REFERENCE_TYPE,TEXT_VALUE) values ('JPEDIT_ORG_MEMBERSHIP_DESC','9','EDIT_ORG_MEMBERSHIP','ResourceEntity.displayNameMap','メンバーシップ');
Insert into LANGUAGE_MAPPING (ID,LANGUAGE_ID,REFERENCE_ID,REFERENCE_TYPE,TEXT_VALUE) values ('JPEDIT_ORG_TYPE_DESC','9','EDIT_ORG_TYPE','ResourceEntity.displayNameMap','組織タイプを編集');
Insert into LANGUAGE_MAPPING (ID,LANGUAGE_ID,REFERENCE_ID,REFERENCE_TYPE,TEXT_VALUE) values ('JPEDIT_ORG_TYPE_IDMAN_DESC','9','EDIT_ORG_TYPE_IDMAN','ResourceEntity.displayNameMap','組織タイプ');
Insert into LANGUAGE_MAPPING (ID,LANGUAGE_ID,REFERENCE_ID,REFERENCE_TYPE,TEXT_VALUE) values ('JPEDIT_POL_ATTR_SRCH_BCK_DESC','9','EDIT_POLICY_ATTR_SRCH_BCK','ResourceEntity.displayNameMap','検索に戻る');
Insert into LANGUAGE_MAPPING (ID,LANGUAGE_ID,REFERENCE_ID,REFERENCE_TYPE,TEXT_VALUE) values ('JPEDIT_RESOURCE_DIS','9','EDIT_RESOURCE','ResourceEntity.displayNameMap','リソースを編集');
Insert into LANGUAGE_MAPPING (ID,LANGUAGE_ID,REFERENCE_ID,REFERENCE_TYPE,TEXT_VALUE) values ('JPEDIT_ROLE_DESC','9','EDIT_ROLE','ResourceEntity.displayNameMap','ロールを編集');
Insert into LANGUAGE_MAPPING (ID,LANGUAGE_ID,REFERENCE_ID,REFERENCE_TYPE,TEXT_VALUE) values ('JPMetadataTypeEntity27','9','FILE','MetadataTypeEntity.displayNameMap','ファイル');
Insert into LANGUAGE_MAPPING (ID,LANGUAGE_ID,REFERENCE_ID,REFERENCE_TYPE,TEXT_VALUE) values ('JPMetadataTypeEntity28','9','GOOGLE_Connector','MetadataTypeEntity.displayNameMap','GOOGLE APPS コネクタ');
Insert into LANGUAGE_MAPPING (ID,LANGUAGE_ID,REFERENCE_ID,REFERENCE_TYPE,TEXT_VALUE) values ('JPGROUP_EDIT_MENU_DESC','9','GROUP_EDIT_MENU','ResourceEntity.displayNameMap','グループルートの編集メニュー');
Insert into LANGUAGE_MAPPING (ID,LANGUAGE_ID,REFERENCE_ID,REFERENCE_TYPE,TEXT_VALUE) values ('JPGROUP_ENTITLEMENTS_DESC','9','GROUP_ENTITLEMENTS','ResourceEntity.displayNameMap','グループの権限');
Insert into LANGUAGE_MAPPING (ID,LANGUAGE_ID,REFERENCE_ID,REFERENCE_TYPE,TEXT_VALUE) values ('JPGROUP_MENUS_DESC','9','GROUP_MENUS','ResourceEntity.displayNameMap','メニュー');
Insert into LANGUAGE_MAPPING (ID,LANGUAGE_ID,REFERENCE_ID,REFERENCE_TYPE,TEXT_VALUE) values ('JPGROUP_ROOT_MENU_DESC','9','GROUP_ROOT_MENU','ResourceEntity.displayNameMap','グループのルートメニュー');
Insert into LANGUAGE_MAPPING (ID,LANGUAGE_ID,REFERENCE_ID,REFERENCE_TYPE,TEXT_VALUE) values ('JPGROUP_SEARCH_DESC','9','GROUP_SEARCH','ResourceEntity.displayNameMap','グループ検索');
Insert into LANGUAGE_MAPPING (ID,LANGUAGE_ID,REFERENCE_ID,REFERENCE_TYPE,TEXT_VALUE) values ('JPGRP_APROVER_ASSOC_DN','9','GRP_APROVER_ASSOC','ResourceEntity.displayNameMap','承認者提携');
Insert into LANGUAGE_MAPPING (ID,LANGUAGE_ID,REFERENCE_ID,REFERENCE_TYPE,TEXT_VALUE) values ('JPMetadataTypeEntity29','9','HOME_ADDRESS','MetadataTypeEntity.displayNameMap','自宅の住所');
Insert into LANGUAGE_MAPPING (ID,LANGUAGE_ID,REFERENCE_ID,REFERENCE_TYPE,TEXT_VALUE) values ('JPMetadataTypeEntity30','9','HOME_EMAIL','MetadataTypeEntity.displayNameMap','自宅のメールアドレス');
Insert into LANGUAGE_MAPPING (ID,LANGUAGE_ID,REFERENCE_ID,REFERENCE_TYPE,TEXT_VALUE) values ('JPMetadataTypeEntity31','9','HOME_PHONE','MetadataTypeEntity.displayNameMap','自宅の電話番号');
Insert into LANGUAGE_MAPPING (ID,LANGUAGE_ID,REFERENCE_ID,REFERENCE_TYPE,TEXT_VALUE) values ('JPIDM_MENU_DISPLAY','9','IDM','ResourceEntity.displayNameMap','アイデンティティ');
Insert into LANGUAGE_MAPPING (ID,LANGUAGE_ID,REFERENCE_ID,REFERENCE_TYPE,TEXT_VALUE) values ('JPIDMAN_MENU_DISPLAY','9','IDMAN','ResourceEntity.displayNameMap','ユーザー管理');
Insert into LANGUAGE_MAPPING (ID,LANGUAGE_ID,REFERENCE_ID,REFERENCE_TYPE,TEXT_VALUE) values ('JPIDQUEST_MENU_DISPLAY','9','IDQUEST','ResourceEntity.displayNameMap','チャレンジレスポンス');
Insert into LANGUAGE_MAPPING (ID,LANGUAGE_ID,REFERENCE_ID,REFERENCE_TYPE,TEXT_VALUE) values ('JPIMPERSIONATION_MENU_DESC','9','IMPERSIONATION_MENU','ResourceEntity.displayNameMap','偽装');
Insert into LANGUAGE_MAPPING (ID,LANGUAGE_ID,REFERENCE_ID,REFERENCE_TYPE,TEXT_VALUE) values ('JPMetadataTypeEntity32','9','INACTIVE','MetadataTypeEntity.displayNameMap','INACTIVE');
Insert into LANGUAGE_MAPPING (ID,LANGUAGE_ID,REFERENCE_ID,REFERENCE_TYPE,TEXT_VALUE) values ('JPMetadataTypeEntity33','9','InetOrgPerson','MetadataTypeEntity.displayNameMap','InetOrgPersonのユーザータイプ');
Insert into LANGUAGE_MAPPING (ID,LANGUAGE_ID,REFERENCE_ID,REFERENCE_TYPE,TEXT_VALUE) values ('JPINTERNAL_USER_TYPE','9','INTERNAL_USER','MetadataTypeEntity.displayNameMap','内部ユーザー');
Insert into LANGUAGE_MAPPING (ID,LANGUAGE_ID,REFERENCE_ID,REFERENCE_TYPE,TEXT_VALUE) values ('JPMetadataTypeEntity34','9','KERBEROS_KEYTAB_FILE','MetadataTypeEntity.displayNameMap','Kerberos Keytabファイル');
Insert into LANGUAGE_MAPPING (ID,LANGUAGE_ID,REFERENCE_ID,REFERENCE_TYPE,TEXT_VALUE) values ('JPMetadataTypeEntity35','9','KERBEROS_SERVICE_NAME','MetadataTypeEntity.displayNameMap','Kerberosサービス名');
Insert into LANGUAGE_MAPPING (ID,LANGUAGE_ID,REFERENCE_ID,REFERENCE_TYPE,TEXT_VALUE) values ('JPLANGUAGE_ADMIN1','9','LANGUAGE_ADMIN','ResourceEntity.displayNameMap','言語');
Insert into LANGUAGE_MAPPING (ID,LANGUAGE_ID,REFERENCE_ID,REFERENCE_TYPE,TEXT_VALUE) values ('JPLANGUAGE_EDIT1','9','LANGUAGE_EDIT','ResourceEntity.displayNameMap','新しい言語');
Insert into LANGUAGE_MAPPING (ID,LANGUAGE_ID,REFERENCE_ID,REFERENCE_TYPE,TEXT_VALUE) values ('JPLANGUAGE_SEARCH1','9','LANGUAGE_SEARCH','ResourceEntity.displayNameMap','言語');
Insert into LANGUAGE_MAPPING (ID,LANGUAGE_ID,REFERENCE_ID,REFERENCE_TYPE,TEXT_VALUE) values ('JPMetadataTypeEntity36','9','LdapOrgPerson','MetadataTypeEntity.displayNameMap','LdapOrgPersonのユーザータイプ');
Insert into LANGUAGE_MAPPING (ID,LANGUAGE_ID,REFERENCE_ID,REFERENCE_TYPE,TEXT_VALUE) values ('JPMetadataTypeEntity37','9','LDAP_Connector','MetadataTypeEntity.displayNameMap','LDAPコネクタ');
Insert into LANGUAGE_MAPPING (ID,LANGUAGE_ID,REFERENCE_ID,REFERENCE_TYPE,TEXT_VALUE) values ('JPMetadataTypeEntity38','9','LDAP_GROUP_TYPE','MetadataTypeEntity.displayNameMap','LDAP GROUP TYPE');
Insert into LANGUAGE_MAPPING (ID,LANGUAGE_ID,REFERENCE_ID,REFERENCE_TYPE,TEXT_VALUE) values ('JPMetadataTypeEntity39','9','LEAVE','MetadataTypeEntity.displayNameMap','LEAVE');
Insert into LANGUAGE_MAPPING (ID,LANGUAGE_ID,REFERENCE_ID,REFERENCE_TYPE,TEXT_VALUE) values ('JPMetadataTypeEntity40','9','LINUX_Connector','MetadataTypeEntity.displayNameMap','Linuxコネクタ');
Insert into LANGUAGE_MAPPING (ID,LANGUAGE_ID,REFERENCE_ID,REFERENCE_TYPE,TEXT_VALUE) values ('JPLOCATION_MENU_DISPLAY','9','LOCATION','ResourceEntity.displayNameMap','ロケーション');
Insert into LANGUAGE_MAPPING (ID,LANGUAGE_ID,REFERENCE_ID,REFERENCE_TYPE,TEXT_VALUE) values ('JPMetadataTypeEntity41','9','LOCKED','MetadataTypeEntity.displayNameMap','LOCKED');
Insert into LANGUAGE_MAPPING (ID,LANGUAGE_ID,REFERENCE_ID,REFERENCE_TYPE,TEXT_VALUE) values ('JPMetadataTypeEntity42','9','LOCKED_ADMIN','MetadataTypeEntity.displayNameMap','LOCKED_ADMIN');
Insert into LANGUAGE_MAPPING (ID,LANGUAGE_ID,REFERENCE_ID,REFERENCE_TYPE,TEXT_VALUE) values ('JPMetadataTypeEntity43','9','MANAGED_SYS','MetadataTypeEntity.displayNameMap','管理対象システム');
Insert into LANGUAGE_MAPPING (ID,LANGUAGE_ID,REFERENCE_ID,REFERENCE_TYPE,TEXT_VALUE) values ('JPMANAGED_SYS','9','MANAGED_SYS','ResourceTypeEntity.displayNameMap','管理対象システム');
Insert into LANGUAGE_MAPPING (ID,LANGUAGE_ID,REFERENCE_ID,REFERENCE_TYPE,TEXT_VALUE) values ('JPMetadataTypeEntity44','9','MANAGER','MetadataTypeEntity.displayNameMap','マネージャー');
Insert into LANGUAGE_MAPPING (ID,LANGUAGE_ID,REFERENCE_ID,REFERENCE_TYPE,TEXT_VALUE) values ('JPMANAGEREQ_MENU_DISPLAY','9','MANAGEREQ','ResourceEntity.displayNameMap','履歴をリクエスト');
Insert into LANGUAGE_MAPPING (ID,LANGUAGE_ID,REFERENCE_ID,REFERENCE_TYPE,TEXT_VALUE) values ('JPMANUALRECON_DESC','9','MANUALRECON','ResourceEntity.displayNameMap','手動調整');
Insert into LANGUAGE_MAPPING (ID,LANGUAGE_ID,REFERENCE_ID,REFERENCE_TYPE,TEXT_VALUE) values ('JPMENUS_SEARCH_DC','9','MENUS_SEARCH','ResourceEntity.displayNameMap','メニュー');
Insert into LANGUAGE_MAPPING (ID,LANGUAGE_ID,REFERENCE_ID,REFERENCE_TYPE,TEXT_VALUE) values ('JPMetadataTypeEntity45','9','MENU_ITEM','MetadataTypeEntity.displayNameMap','メニューアイテム・タイプ');
Insert into LANGUAGE_MAPPING (ID,LANGUAGE_ID,REFERENCE_ID,REFERENCE_TYPE,TEXT_VALUE) values ('JPMENU_ITEM','9','MENU_ITEM','ResourceTypeEntity.displayNameMap','メニュー');
Insert into LANGUAGE_MAPPING (ID,LANGUAGE_ID,REFERENCE_ID,REFERENCE_TYPE,TEXT_VALUE) values ('JPMETADATA_MENU_DISPLAY','9','METADATA','ResourceEntity.displayNameMap','メタデータ');
Insert into LANGUAGE_MAPPING (ID,LANGUAGE_ID,REFERENCE_ID,REFERENCE_TYPE,TEXT_VALUE) values ('JPMETA_ADMIN_DESC','9','META_ADMIN','ResourceEntity.displayNameMap','メタデータ要素');
Insert into LANGUAGE_MAPPING (ID,LANGUAGE_ID,REFERENCE_ID,REFERENCE_TYPE,TEXT_VALUE) values ('JPMETA_EDIT_DESC','9','META_EDIT','ResourceEntity.displayNameMap','新しいメタデータ');
Insert into LANGUAGE_MAPPING (ID,LANGUAGE_ID,REFERENCE_ID,REFERENCE_TYPE,TEXT_VALUE) values ('JPMETA_SEARCH_DESC','9','META_SEARCH','ResourceEntity.displayNameMap','メタデータ検索');
Insert into LANGUAGE_MAPPING (ID,LANGUAGE_ID,REFERENCE_ID,REFERENCE_TYPE,TEXT_VALUE) values ('JPMETA_TYPE_ADMIN_DESC','9','META_TYPE_ADMIN','ResourceEntity.displayNameMap','メタデータ・タイプ');
Insert into LANGUAGE_MAPPING (ID,LANGUAGE_ID,REFERENCE_ID,REFERENCE_TYPE,TEXT_VALUE) values ('JPMETA_TYPE_EDIT_DESC','9','META_TYPE_EDIT','ResourceEntity.displayNameMap','新しいメタデータ・タイプ');
Insert into LANGUAGE_MAPPING (ID,LANGUAGE_ID,REFERENCE_ID,REFERENCE_TYPE,TEXT_VALUE) values ('JPMETA_TYPE_EDIT_RETURN_DESC','9','META_TYPE_EDIT_RETURN','ResourceEntity.displayNameMap','メタデータ・タイプへ戻る');
Insert into LANGUAGE_MAPPING (ID,LANGUAGE_ID,REFERENCE_ID,REFERENCE_TYPE,TEXT_VALUE) values ('JPMETA_TYPE_SEARCH_DESC','9','META_TYPE_SEARCH','ResourceEntity.displayNameMap','メタデータ・タイプの検索');
Insert into LANGUAGE_MAPPING (ID,LANGUAGE_ID,REFERENCE_ID,REFERENCE_TYPE,TEXT_VALUE) values ('JPMNGSYS_MENU_DISPLAY','9','MNGSYS','ResourceEntity.displayNameMap','管理対象システム');
Insert into LANGUAGE_MAPPING (ID,LANGUAGE_ID,REFERENCE_ID,REFERENCE_TYPE,TEXT_VALUE) values ('JPMNGSYS_EDIT_DESC','9','MNGSYS_EDIT','ResourceEntity.displayNameMap','管理対象システムを編集');
Insert into LANGUAGE_MAPPING (ID,LANGUAGE_ID,REFERENCE_ID,REFERENCE_TYPE,TEXT_VALUE) values ('JPMNGSYS_DESC','9','MNGSYS_MENU_ITEM','ResourceEntity.displayNameMap','管理対象システム');
Insert into LANGUAGE_MAPPING (ID,LANGUAGE_ID,REFERENCE_ID,REFERENCE_TYPE,TEXT_VALUE) values ('JPMNGSYS_DSC','9','MNGSYS_NEW','ResourceEntity.displayNameMap','管理対象システムを作成');
Insert into LANGUAGE_MAPPING (ID,LANGUAGE_ID,REFERENCE_ID,REFERENCE_TYPE,TEXT_VALUE) values ('JPMNG_SYS_VIEWER_DESC','9','MNG_SYS_VIEWER','ResourceEntity.displayNameMap','管理対象システムのビューア');
Insert into LANGUAGE_MAPPING (ID,LANGUAGE_ID,REFERENCE_ID,REFERENCE_TYPE,TEXT_VALUE) values ('JPNEWUSER_MENU_DISPLAY','9','NEWUSER','ResourceEntity.displayNameMap','新規ユーザー');
Insert into LANGUAGE_MAPPING (ID,LANGUAGE_ID,REFERENCE_ID,REFERENCE_TYPE,TEXT_VALUE) values ('JPNEWUSER-NOAPPRV_MENU_DISPLAY','9','NEWUSER-NOAPPRV','ResourceEntity.displayNameMap','新規ユーザー-承認者以外');
Insert into LANGUAGE_MAPPING (ID,LANGUAGE_ID,REFERENCE_ID,REFERENCE_TYPE,TEXT_VALUE) values ('JPNEW_AUTH_POLICY_DESC','9','NEW_AUTHENTICATION_POLICY','ResourceEntity.displayNameMap','新しい認証ポリシーを作成');
Insert into LANGUAGE_MAPPING (ID,LANGUAGE_ID,REFERENCE_ID,REFERENCE_TYPE,TEXT_VALUE) values ('JPNEW_AUTH_LVL_GRP_DN','9','NEW_AUTH_LVL_GRP','ResourceEntity.displayNameMap','新しいグループを作成');
Insert into LANGUAGE_MAPPING (ID,LANGUAGE_ID,REFERENCE_ID,REFERENCE_TYPE,TEXT_VALUE) values ('JPNEW_BATCH_TASK_DESC','9','NEW_BATCH_TASK','ResourceEntity.displayNameMap','新しいバッチタスク');
Insert into LANGUAGE_MAPPING (ID,LANGUAGE_ID,REFERENCE_ID,REFERENCE_TYPE,TEXT_VALUE) values ('JPNEW_GROUP_DESC','9','NEW_GROUP','ResourceEntity.displayNameMap','新しいグループを作成');
Insert into LANGUAGE_MAPPING (ID,LANGUAGE_ID,REFERENCE_ID,REFERENCE_TYPE,TEXT_VALUE) values ('JPNEW_ORG_DESC','9','NEW_ORG','ResourceEntity.displayNameMap','新しい組織を作成');
Insert into LANGUAGE_MAPPING (ID,LANGUAGE_ID,REFERENCE_ID,REFERENCE_TYPE,TEXT_VALUE) values ('JPNEW_ORG_TYPE_DESC','9','NEW_ORG_TYPE','ResourceEntity.displayNameMap','新しい組織タイプ');
Insert into LANGUAGE_MAPPING (ID,LANGUAGE_ID,REFERENCE_ID,REFERENCE_TYPE,TEXT_VALUE) values ('JPNEW_PASSWORD_POLICY_DESC','9','NEW_PASSWORD_POLICY','ResourceEntity.displayNameMap','新しいパスワードポリシーを作成');
Insert into LANGUAGE_MAPPING (ID,LANGUAGE_ID,REFERENCE_ID,REFERENCE_TYPE,TEXT_VALUE) values ('JPNEW_POLICY_ATTR_DESC','9','NEW_POLICY_ATTR','ResourceEntity.displayNameMap','新しい属性ポリシー');
Insert into LANGUAGE_MAPPING (ID,LANGUAGE_ID,REFERENCE_ID,REFERENCE_TYPE,TEXT_VALUE) values ('JPNEW_ROLE_DESC','9','NEW_ROLE','ResourceEntity.displayNameMap','新しいロールを作成');
Insert into LANGUAGE_MAPPING (ID,LANGUAGE_ID,REFERENCE_ID,REFERENCE_TYPE,TEXT_VALUE) values ('JPNEW_UI_THEME_DN','9','NEW_UI_THEME','ResourceEntity.displayNameMap','新しいUIのテーマ');
Insert into LANGUAGE_MAPPING (ID,LANGUAGE_ID,REFERENCE_ID,REFERENCE_TYPE,TEXT_VALUE) values ('JPNEW_USER_DESC','9','NEW_USER','ResourceEntity.displayNameMap','新規ユーザーを作成');
Insert into LANGUAGE_MAPPING (ID,LANGUAGE_ID,REFERENCE_ID,REFERENCE_TYPE,TEXT_VALUE) values ('JPMetadataTypeEntity47','9','NO-PROVISION-APP','MetadataTypeEntity.displayNameMap','配信不能アプリ');
Insert into LANGUAGE_MAPPING (ID,LANGUAGE_ID,REFERENCE_ID,REFERENCE_TYPE,TEXT_VALUE) values ('RUMetadataTypeEntity3','8','AD_Connector','MetadataTypeEntity.displayNameMap','AD-коннектор');
Insert into LANGUAGE_MAPPING (ID,LANGUAGE_ID,REFERENCE_ID,REFERENCE_TYPE,TEXT_VALUE) values ('RUMetadataTypeEntity4','8','AD_GROUP_TYPE','MetadataTypeEntity.displayNameMap','AD-тип группы');
Insert into LANGUAGE_MAPPING (ID,LANGUAGE_ID,REFERENCE_ID,REFERENCE_TYPE,TEXT_VALUE) values ('RUMetadataTypeEntity5','8','AUTHENTICATION_PROVIDER','MetadataTypeEntity.displayNameMap','Аутентификация провайдера');
Insert into LANGUAGE_MAPPING (ID,LANGUAGE_ID,REFERENCE_ID,REFERENCE_TYPE,TEXT_VALUE) values ('RUMetadataTypeEntity6','8','AUTH_REPO','MetadataTypeEntity.displayNameMap','Аутентификация репозитория');
Insert into LANGUAGE_MAPPING (ID,LANGUAGE_ID,REFERENCE_ID,REFERENCE_TYPE,TEXT_VALUE) values ('RUMetadataTypeEntity7','8','CHECKBOX','MetadataTypeEntity.displayNameMap','Флажок');
Insert into LANGUAGE_MAPPING (ID,LANGUAGE_ID,REFERENCE_ID,REFERENCE_TYPE,TEXT_VALUE) values ('RUMetadataTypeEntity8','8','CONTENT_PROVIDER','MetadataTypeEntity.displayNameMap','Контент-провайдер');
Insert into LANGUAGE_MAPPING (ID,LANGUAGE_ID,REFERENCE_ID,REFERENCE_TYPE,TEXT_VALUE) values ('RUMetadataTypeEntity9','8','Contractor','MetadataTypeEntity.displayNameMap','Тип контрактника');
Insert into LANGUAGE_MAPPING (ID,LANGUAGE_ID,REFERENCE_ID,REFERENCE_TYPE,TEXT_VALUE) values ('RUMetadataTypeEntity10','8','DATE','MetadataTypeEntity.displayNameMap','Поле типа «дата»');
Insert into LANGUAGE_MAPPING (ID,LANGUAGE_ID,REFERENCE_ID,REFERENCE_TYPE,TEXT_VALUE) values ('RUMetadataTypeEntity11','8','DEFAULT_GROUP','MetadataTypeEntity.displayNameMap','Тип группы по умолчанию');
Insert into LANGUAGE_MAPPING (ID,LANGUAGE_ID,REFERENCE_ID,REFERENCE_TYPE,TEXT_VALUE) values ('RUMetadataTypeEntity12','8','departmentType','MetadataTypeEntity.displayNameMap','Подразделение');
Insert into LANGUAGE_MAPPING (ID,LANGUAGE_ID,REFERENCE_ID,REFERENCE_TYPE,TEXT_VALUE) values ('RUMetadataTypeEntity13','8','DIRECTORY','MetadataTypeEntity.displayNameMap','Каталог');
Insert into LANGUAGE_MAPPING (ID,LANGUAGE_ID,REFERENCE_ID,REFERENCE_TYPE,TEXT_VALUE) values ('RUMetadataTypeEntity14','8','divisionType','MetadataTypeEntity.displayNameMap','Филиал');
Insert into LANGUAGE_MAPPING (ID,LANGUAGE_ID,REFERENCE_ID,REFERENCE_TYPE,TEXT_VALUE) values ('RUMetadataTypeEntity15','8','FILE','MetadataTypeEntity.displayNameMap','Файл');
Insert into LANGUAGE_MAPPING (ID,LANGUAGE_ID,REFERENCE_ID,REFERENCE_TYPE,TEXT_VALUE) values ('RUMetadataTypeEntity16','8','GOOGLE_Connector','MetadataTypeEntity.displayNameMap','Google Apps-коннектор');
Insert into LANGUAGE_MAPPING (ID,LANGUAGE_ID,REFERENCE_ID,REFERENCE_TYPE,TEXT_VALUE) values ('RUMetadataTypeEntity17','8','InetOrgPerson','MetadataTypeEntity.displayNameMap','Тип пользователя InetOrgPerson');
Insert into LANGUAGE_MAPPING (ID,LANGUAGE_ID,REFERENCE_ID,REFERENCE_TYPE,TEXT_VALUE) values ('RUMetadataTypeEntity18','8','LdapOrgPerson','MetadataTypeEntity.displayNameMap','Тип пользователя LdapOrgPerson');
Insert into LANGUAGE_MAPPING (ID,LANGUAGE_ID,REFERENCE_ID,REFERENCE_TYPE,TEXT_VALUE) values ('RUMetadataTypeEntity19','8','LDAP_Connector','MetadataTypeEntity.displayNameMap','LDAP-коннектор');
Insert into LANGUAGE_MAPPING (ID,LANGUAGE_ID,REFERENCE_ID,REFERENCE_TYPE,TEXT_VALUE) values ('RUMetadataTypeEntity20','8','LDAP_GROUP_TYPE','MetadataTypeEntity.displayNameMap','Тип группы LDAP');
Insert into LANGUAGE_MAPPING (ID,LANGUAGE_ID,REFERENCE_ID,REFERENCE_TYPE,TEXT_VALUE) values ('RUMetadataTypeEntity21','8','LINUX_Connector','MetadataTypeEntity.displayNameMap','Linux-коннектор');
Insert into LANGUAGE_MAPPING (ID,LANGUAGE_ID,REFERENCE_ID,REFERENCE_TYPE,TEXT_VALUE) values ('RUMetadataTypeEntity22','8','MANAGED_SYS','MetadataTypeEntity.displayNameMap','Управляемая система');
Insert into LANGUAGE_MAPPING (ID,LANGUAGE_ID,REFERENCE_ID,REFERENCE_TYPE,TEXT_VALUE) values ('RUMetadataTypeEntity23','8','MENU_ITEM','MetadataTypeEntity.displayNameMap','Тип элемента меню');
Insert into LANGUAGE_MAPPING (ID,LANGUAGE_ID,REFERENCE_ID,REFERENCE_TYPE,TEXT_VALUE) values ('RUMetadataTypeEntity25','8','NO-PROVISION-APP','MetadataTypeEntity.displayNameMap','Приложения, не используемые для провижн');
Insert into LANGUAGE_MAPPING (ID,LANGUAGE_ID,REFERENCE_ID,REFERENCE_TYPE,TEXT_VALUE) values ('RUMetadataTypeEntity26','8','OrgOpenIAM','MetadataTypeEntity.displayNameMap','OpenIAM');
Insert into LANGUAGE_MAPPING (ID,LANGUAGE_ID,REFERENCE_ID,REFERENCE_TYPE,TEXT_VALUE) values ('RUMetadataTypeEntity27','8','PASSWORD','MetadataTypeEntity.displayNameMap','Поле для ввода пароля');
Insert into LANGUAGE_MAPPING (ID,LANGUAGE_ID,REFERENCE_ID,REFERENCE_TYPE,TEXT_VALUE) values ('RUMetadataTypeEntity28','8','RADIO','MetadataTypeEntity.displayNameMap','Переключатель');
Insert into LANGUAGE_MAPPING (ID,LANGUAGE_ID,REFERENCE_ID,REFERENCE_TYPE,TEXT_VALUE) values ('RUMetadataTypeEntity29','8','RDBMS_Connector','MetadataTypeEntity.displayNameMap','RDBMS-коннектор');
Insert into LANGUAGE_MAPPING (ID,LANGUAGE_ID,REFERENCE_ID,REFERENCE_TYPE,TEXT_VALUE) values ('RUMetadataTypeEntity30','8','SCRIPT_Connector','MetadataTypeEntity.displayNameMap','Script-коннектор');
Insert into LANGUAGE_MAPPING (ID,LANGUAGE_ID,REFERENCE_ID,REFERENCE_TYPE,TEXT_VALUE) values ('RUMetadataTypeEntity32','8','SOAP_Connector','MetadataTypeEntity.displayNameMap','SOAP-коннектор');
Insert into LANGUAGE_MAPPING (ID,LANGUAGE_ID,REFERENCE_ID,REFERENCE_TYPE,TEXT_VALUE) values ('RUMetadataTypeEntity33','8','SystemAccount','MetadataTypeEntity.displayNameMap','Тип системного аккаунта');
Insert into LANGUAGE_MAPPING (ID,LANGUAGE_ID,REFERENCE_ID,REFERENCE_TYPE,TEXT_VALUE) values ('RUMetadataTypeEntity34','8','SYS_ACTION','MetadataTypeEntity.displayNameMap','Системные события');
Insert into LANGUAGE_MAPPING (ID,LANGUAGE_ID,REFERENCE_ID,REFERENCE_TYPE,TEXT_VALUE) values ('RUMetadataTypeEntity36','8','TEXTAREA','MetadataTypeEntity.displayNameMap','Многострочное поле ввода');
Insert into LANGUAGE_MAPPING (ID,LANGUAGE_ID,REFERENCE_ID,REFERENCE_TYPE,TEXT_VALUE) values ('RUMetadataTypeEntity37','8','UI_TEMPLATE','MetadataTypeEntity.displayNameMap','UI-шаблон');
Insert into LANGUAGE_MAPPING (ID,LANGUAGE_ID,REFERENCE_ID,REFERENCE_TYPE,TEXT_VALUE) values ('RUMetadataTypeEntity38','8','UI_WIDGET','MetadataTypeEntity.displayNameMap','UI-виджет');
Insert into LANGUAGE_MAPPING (ID,LANGUAGE_ID,REFERENCE_ID,REFERENCE_TYPE,TEXT_VALUE) values ('RUMetadataTypeEntity39','8','URL','MetadataTypeEntity.displayNameMap','URL');
Insert into LANGUAGE_MAPPING (ID,LANGUAGE_ID,REFERENCE_ID,REFERENCE_TYPE,TEXT_VALUE) values ('RUMetadataTypeEntity40','8','URL_PATTERN','MetadataTypeEntity.displayNameMap','Пример URL');
Insert into LANGUAGE_MAPPING (ID,LANGUAGE_ID,REFERENCE_ID,REFERENCE_TYPE,TEXT_VALUE) values ('RUMetadataTypeEntity41','8','WEBSERVICE','MetadataTypeEntity.displayNameMap','Веб-сервис');
Insert into LANGUAGE_MAPPING (ID,LANGUAGE_ID,REFERENCE_ID,REFERENCE_TYPE,TEXT_VALUE) values ('RUMetadataTypeEntity42','8','WEBSERVICE_OP','MetadataTypeEntity.displayNameMap','Операция веб-сервиса');
Insert into LANGUAGE_MAPPING (ID,LANGUAGE_ID,REFERENCE_ID,REFERENCE_TYPE,TEXT_VALUE) values ('RUMetadataTypeEntity43','8','WORK_EMAIL','MetadataTypeEntity.displayNameMap','Рабочий email');
Insert into LANGUAGE_MAPPING (ID,LANGUAGE_ID,REFERENCE_ID,REFERENCE_TYPE,TEXT_VALUE) values ('RUMetadataTypeEntity44','8','PRIMARY_EMAIL','MetadataTypeEntity.displayNameMap','Основной email');
Insert into LANGUAGE_MAPPING (ID,LANGUAGE_ID,REFERENCE_ID,REFERENCE_TYPE,TEXT_VALUE) values ('RUMetadataTypeEntity45','8','HOME_EMAIL','MetadataTypeEntity.displayNameMap','Домашний email');
Insert into LANGUAGE_MAPPING (ID,LANGUAGE_ID,REFERENCE_ID,REFERENCE_TYPE,TEXT_VALUE) values ('RUMetadataTypeEntity46','8','OFFICE_PHONE','MetadataTypeEntity.displayNameMap','Рабочий телефон');
Insert into LANGUAGE_MAPPING (ID,LANGUAGE_ID,REFERENCE_ID,REFERENCE_TYPE,TEXT_VALUE) values ('RUMetadataTypeEntity47','8','CELL_PHONE','MetadataTypeEntity.displayNameMap','Сотовый телефон');
Insert into LANGUAGE_MAPPING (ID,LANGUAGE_ID,REFERENCE_ID,REFERENCE_TYPE,TEXT_VALUE) values ('RUMetadataTypeEntity48','8','HOME_PHONE','MetadataTypeEntity.displayNameMap','Домашний телефон');
Insert into LANGUAGE_MAPPING (ID,LANGUAGE_ID,REFERENCE_ID,REFERENCE_TYPE,TEXT_VALUE) values ('RUMetadataTypeEntity49','8','OFFICE_ADDRESS','MetadataTypeEntity.displayNameMap','Рабочий адрес');
Insert into LANGUAGE_MAPPING (ID,LANGUAGE_ID,REFERENCE_ID,REFERENCE_TYPE,TEXT_VALUE) values ('RUMetadataTypeEntity50','8','HOME_ADDRESS','MetadataTypeEntity.displayNameMap','Домашний адрес');
Insert into LANGUAGE_MAPPING (ID,LANGUAGE_ID,REFERENCE_ID,REFERENCE_TYPE,TEXT_VALUE) values ('RUMetadataTypeEntity51','8','ADMIN_RESOURCE','MetadataTypeEntity.displayNameMap','Ресурс администратора');
Insert into LANGUAGE_MAPPING (ID,LANGUAGE_ID,REFERENCE_ID,REFERENCE_TYPE,TEXT_VALUE) values ('RUMetadataTypeEntity52','8','KERBEROS_SERVICE_NAME','MetadataTypeEntity.displayNameMap','Имя сервиса Kerberos');
Insert into LANGUAGE_MAPPING (ID,LANGUAGE_ID,REFERENCE_ID,REFERENCE_TYPE,TEXT_VALUE) values ('RUMetadataTypeEntity53','8','KERBEROS_KEYTAB_FILE','MetadataTypeEntity.displayNameMap','Файл Kerberos Keytab');
Insert into LANGUAGE_MAPPING (ID,LANGUAGE_ID,REFERENCE_ID,REFERENCE_TYPE,TEXT_VALUE) values ('RUMetadataTypeEntity54','8','MANAGER','MetadataTypeEntity.displayNameMap','Менеджер');
Insert into LANGUAGE_MAPPING (ID,LANGUAGE_ID,REFERENCE_ID,REFERENCE_TYPE,TEXT_VALUE) values ('RUMetadataTypeEntity55','8','SALES REP','MetadataTypeEntity.displayNameMap','Торговый представитель');
Insert into LANGUAGE_MAPPING (ID,LANGUAGE_ID,REFERENCE_ID,REFERENCE_TYPE,TEXT_VALUE) values ('RUMetadataTypeEntity57','8','SERVICE REP','MetadataTypeEntity.displayNameMap','Представитель сервисной службы');
Insert into LANGUAGE_MAPPING (ID,LANGUAGE_ID,REFERENCE_ID,REFERENCE_TYPE,TEXT_VALUE) values ('RUMetadataTypeEntity58','8','ACCNT','MetadataTypeEntity.displayNameMap','Аккаунт');
Insert into LANGUAGE_MAPPING (ID,LANGUAGE_ID,REFERENCE_ID,REFERENCE_TYPE,TEXT_VALUE) values ('RUMetadataTypeEntity59','8','ADMGP','MetadataTypeEntity.displayNameMap','Группа администратора');
Insert into LANGUAGE_MAPPING (ID,LANGUAGE_ID,REFERENCE_ID,REFERENCE_TYPE,TEXT_VALUE) values ('RUMetadataTypeEntity60','8','ADMIN','MetadataTypeEntity.displayNameMap','Администратор');
Insert into LANGUAGE_MAPPING (ID,LANGUAGE_ID,REFERENCE_ID,REFERENCE_TYPE,TEXT_VALUE) values ('RUMetadataTypeEntity62','8','BL','MetadataTypeEntity.displayNameMap','Заблокировать');
Insert into LANGUAGE_MAPPING (ID,LANGUAGE_ID,REFERENCE_ID,REFERENCE_TYPE,TEXT_VALUE) values ('RUMetadataTypeEntity63','8','DL','MetadataTypeEntity.displayNameMap','Удалить');
Insert into LANGUAGE_MAPPING (ID,LANGUAGE_ID,REFERENCE_ID,REFERENCE_TYPE,TEXT_VALUE) values ('RUMetadataTypeEntity64','8','RJ','MetadataTypeEntity.displayNameMap','Отклонить');
Insert into LANGUAGE_MAPPING (ID,LANGUAGE_ID,REFERENCE_ID,REFERENCE_TYPE,TEXT_VALUE) values ('RUMetadataTypeEntity65','8','UB','MetadataTypeEntity.displayNameMap','Разблокировать');
Insert into LANGUAGE_MAPPING (ID,LANGUAGE_ID,REFERENCE_ID,REFERENCE_TYPE,TEXT_VALUE) values ('RUMetadataTypeEntity67','8','READY','MetadataTypeEntity.displayNameMap','Готовый к работе');
Insert into LANGUAGE_MAPPING (ID,LANGUAGE_ID,REFERENCE_ID,REFERENCE_TYPE,TEXT_VALUE) values ('RUMetadataTypeEntity68','8','ACTIVE','MetadataTypeEntity.displayNameMap','Активный');
Insert into LANGUAGE_MAPPING (ID,LANGUAGE_ID,REFERENCE_ID,REFERENCE_TYPE,TEXT_VALUE) values ('RUMetadataTypeEntity69','8','APPROVAL_DECLINED','MetadataTypeEntity.displayNameMap','Утверждение отклонено');
Insert into LANGUAGE_MAPPING (ID,LANGUAGE_ID,REFERENCE_ID,REFERENCE_TYPE,TEXT_VALUE) values ('RUMetadataTypeEntity71','8','INACTIVE','MetadataTypeEntity.displayNameMap','Неактивный');
Insert into LANGUAGE_MAPPING (ID,LANGUAGE_ID,REFERENCE_ID,REFERENCE_TYPE,TEXT_VALUE) values ('RUMetadataTypeEntity72','8','LEAVE','MetadataTypeEntity.displayNameMap','Отпуск');
Insert into LANGUAGE_MAPPING (ID,LANGUAGE_ID,REFERENCE_ID,REFERENCE_TYPE,TEXT_VALUE) values ('RUMetadataTypeEntity73','8','PENDING_APPROVAL','MetadataTypeEntity.displayNameMap','В ожидании утверждения');
Insert into LANGUAGE_MAPPING (ID,LANGUAGE_ID,REFERENCE_ID,REFERENCE_TYPE,TEXT_VALUE) values ('RUMetadataTypeEntity74','8','PENDING_INITIAL_LOGIN','MetadataTypeEntity.displayNameMap','В ожидании первого входа');
Insert into LANGUAGE_MAPPING (ID,LANGUAGE_ID,REFERENCE_ID,REFERENCE_TYPE,TEXT_VALUE) values ('RUMetadataTypeEntity76','8','PENDING_USER_VALIDATION','MetadataTypeEntity.displayNameMap','В ожидании аттестации');
Insert into LANGUAGE_MAPPING (ID,LANGUAGE_ID,REFERENCE_ID,REFERENCE_TYPE,TEXT_VALUE) values ('RUMetadataTypeEntity77','8','RETIRED','MetadataTypeEntity.displayNameMap','На пенсии');
Insert into LANGUAGE_MAPPING (ID,LANGUAGE_ID,REFERENCE_ID,REFERENCE_TYPE,TEXT_VALUE) values ('RUMetadataTypeEntity78','8','TERMINATED','MetadataTypeEntity.displayNameMap','Удален');
Insert into LANGUAGE_MAPPING (ID,LANGUAGE_ID,REFERENCE_ID,REFERENCE_TYPE,TEXT_VALUE) values ('RUMetadataTypeEntity79','8','DISABLED','MetadataTypeEntity.displayNameMap','Выключенный');
Insert into LANGUAGE_MAPPING (ID,LANGUAGE_ID,REFERENCE_ID,REFERENCE_TYPE,TEXT_VALUE) values ('RUMetadataTypeEntity80','8','LOCKED','MetadataTypeEntity.displayNameMap','Заблокированный');
Insert into LANGUAGE_MAPPING (ID,LANGUAGE_ID,REFERENCE_ID,REFERENCE_TYPE,TEXT_VALUE) values ('RULanguageEntity1','8','1','LanguageEntity.displayNameMap','Английский');
Insert into LANGUAGE_MAPPING (ID,LANGUAGE_ID,REFERENCE_ID,REFERENCE_TYPE,TEXT_VALUE) values ('RULanguageEntity7','8','8','LanguageEntity.displayNameMap','Русский');
Insert into LANGUAGE_MAPPING (ID,LANGUAGE_ID,REFERENCE_ID,REFERENCE_TYPE,TEXT_VALUE) values ('RUCNT_PROV_NEW_EDIT_PUB_DESC','8','CONTENT_PROV_NEW_EDIT','ResourceEntity.displayNameMap','Создать нового провайдера');
Insert into LANGUAGE_MAPPING (ID,LANGUAGE_ID,REFERENCE_ID,REFERENCE_TYPE,TEXT_VALUE) values ('RUAM_PROV_AM_ATTR_DESC','8','AM_PROV_AM_ATTR','ResourceEntity.displayNameMap','Атрибуты запроса');
Insert into LANGUAGE_MAPPING (ID,LANGUAGE_ID,REFERENCE_ID,REFERENCE_TYPE,TEXT_VALUE) values ('RUAM_PROV_EDIT_CURRENT_DESC','8','AM_PROV_EDIT_CURRENT','ResourceEntity.displayNameMap','Редактировать провайдера');
Insert into LANGUAGE_MAPPING (ID,LANGUAGE_ID,REFERENCE_ID,REFERENCE_TYPE,TEXT_VALUE) values ('RUAM_PROV_EDIT_DESC','8','AM_PROV_EDIT','ResourceEntity.displayNameMap','Меню редактирования провайдера аутентификации');
Insert into LANGUAGE_MAPPING (ID,LANGUAGE_ID,REFERENCE_ID,REFERENCE_TYPE,TEXT_VALUE) values ('RUAM_PROV_NEW_DSC','8','AM_PROV_NEW','ResourceEntity.displayNameMap','Создать нового провайдера');
Insert into LANGUAGE_MAPPING (ID,LANGUAGE_ID,REFERENCE_ID,REFERENCE_TYPE,TEXT_VALUE) values ('RUAM_PROV_NEW_EDIT_PUB_DESC','8','AM_PROV_NEW_EDIT','ResourceEntity.displayNameMap','Создать нового провайдера');
Insert into LANGUAGE_MAPPING (ID,LANGUAGE_ID,REFERENCE_ID,REFERENCE_TYPE,TEXT_VALUE) values ('RUAM_PROV_ROOT_DESC','8','AM_PROV_ROOT','ResourceEntity.displayNameMap','Провайтеры аутентификации');
Insert into LANGUAGE_MAPPING (ID,LANGUAGE_ID,REFERENCE_ID,REFERENCE_TYPE,TEXT_VALUE) values ('RUAM_PROV_SEARCH_CHILD_PUB_DESC','8','AM_PROV_SEARCH_CHILD','ResourceEntity.displayNameMap','Поставщики проверки подлинности');
Insert into LANGUAGE_MAPPING (ID,LANGUAGE_ID,REFERENCE_ID,REFERENCE_TYPE,TEXT_VALUE) values ('RUAM_PROV_SEARCH_DESC','8','AM_PROV_SEARCH','ResourceEntity.displayNameMap','Поиск провайдера');
Insert into LANGUAGE_MAPPING (ID,LANGUAGE_ID,REFERENCE_ID,REFERENCE_TYPE,TEXT_VALUE) values ('RUAUDITREPORT_MENU_DISPLAY','8','AUDITREPORT','ResourceEntity.displayNameMap','Отчеты проверки');
Insert into LANGUAGE_MAPPING (ID,LANGUAGE_ID,REFERENCE_ID,REFERENCE_TYPE,TEXT_VALUE) values ('RUAUDIT_RPT_MENU_DISPLAY','8','AUDIT_RPT','ResourceEntity.displayNameMap','Отчет проверки');
Insert into LANGUAGE_MAPPING (ID,LANGUAGE_ID,REFERENCE_ID,REFERENCE_TYPE,TEXT_VALUE) values ('RUBACK_TO_CP_DESC','8','BACK_TO_CP','ResourceEntity.displayNameMap','Вернуться к контент-провайдеру');
Insert into LANGUAGE_MAPPING (ID,LANGUAGE_ID,REFERENCE_ID,REFERENCE_TYPE,TEXT_VALUE) values ('RUBATCH_PROC_MENU_DISPLAY','8','BATCH_PROC','ResourceEntity.displayNameMap','Групповые процессы');
Insert into LANGUAGE_MAPPING (ID,LANGUAGE_ID,REFERENCE_ID,REFERENCE_TYPE,TEXT_VALUE) values ('RUCHALLENGE_MENU_DISPLAY','8','CHALLENGE','ResourceEntity.displayNameMap','Вопросы для напоминания пароля');
Insert into LANGUAGE_MAPPING (ID,LANGUAGE_ID,REFERENCE_ID,REFERENCE_TYPE,TEXT_VALUE) values ('RUCHNGPSWD_MENU_DISPLAY','8','CHNGPSWD','ResourceEntity.displayNameMap','Изменить пароль');
Insert into LANGUAGE_MAPPING (ID,LANGUAGE_ID,REFERENCE_ID,REFERENCE_TYPE,TEXT_VALUE) values ('RUCNT_PROV_EDIT_CURRENT_DESC','8','CONTENT_PROV_EDIT_CURRENT','ResourceEntity.displayNameMap','Редактировать провайдера');
Insert into LANGUAGE_MAPPING (ID,LANGUAGE_ID,REFERENCE_ID,REFERENCE_TYPE,TEXT_VALUE) values ('RUCNT_PROV_EDIT_DESC','8','CONTENT_PROV_EDIT','ResourceEntity.displayNameMap','Меню редактирования контент-провайдера');
Insert into LANGUAGE_MAPPING (ID,LANGUAGE_ID,REFERENCE_ID,REFERENCE_TYPE,TEXT_VALUE) values ('RUCNT_PROV_EDIT_SEARCH_DESC','8','CONTENT_PROV_EDIT_SEARCH','ResourceEntity.displayNameMap','Вернуться к поиску');
Insert into LANGUAGE_MAPPING (ID,LANGUAGE_ID,REFERENCE_ID,REFERENCE_TYPE,TEXT_VALUE) values ('RUCNT_PROV_NEW_DSC','8','CONTENT_PROV_NEW','ResourceEntity.displayNameMap','Создать нового провайдера');
Insert into LANGUAGE_MAPPING (ID,LANGUAGE_ID,REFERENCE_ID,REFERENCE_TYPE,TEXT_VALUE) values ('RUCNT_PROV_ROOT_DESC','8','CONTENT_PROV_ROOT','ResourceEntity.displayNameMap','Контент-провайдеры');
Insert into LANGUAGE_MAPPING (ID,LANGUAGE_ID,REFERENCE_ID,REFERENCE_TYPE,TEXT_VALUE) values ('RUCNT_PROV_SEARCH_CHILD_PUB_DE','8','CONTENT_PROV_SEARCH_CHILD','ResourceEntity.displayNameMap','Контент-провайдеры');
Insert into LANGUAGE_MAPPING (ID,LANGUAGE_ID,REFERENCE_ID,REFERENCE_TYPE,TEXT_VALUE) values ('RUCNT_PROV_SEARCH_DESC','8','CONTENT_PROV_SEARCH','ResourceEntity.displayNameMap','Поиск контент-провайдеров');
Insert into LANGUAGE_MAPPING (ID,LANGUAGE_ID,REFERENCE_ID,REFERENCE_TYPE,TEXT_VALUE) values ('RUCREATEREQ_MENU_DISPLAY','8','CREATEREQ','ResourceEntity.displayNameMap','Создать запрос');
Insert into LANGUAGE_MAPPING (ID,LANGUAGE_ID,REFERENCE_ID,REFERENCE_TYPE,TEXT_VALUE) values ('RUCR_RES_DISP_NAME','8','CREATE_RESOURCE_MENU','ResourceEntity.displayNameMap','Создать новый ресурс');
Insert into LANGUAGE_MAPPING (ID,LANGUAGE_ID,REFERENCE_ID,REFERENCE_TYPE,TEXT_VALUE) values ('RUCUST_FIELD_EDIT_DESC','8','CUSTOM_FIELD_EDIT','ResourceEntity.displayNameMap','Меню редактирования настраиваемых полей');
Insert into LANGUAGE_MAPPING (ID,LANGUAGE_ID,REFERENCE_ID,REFERENCE_TYPE,TEXT_VALUE) values ('RUCUST_FIELD_EDIT_NEW_DESC','8','CUSTOM_FIELD_EDIT_NEW','ResourceEntity.displayNameMap','Создать новое настраиваемое поле');
Insert into LANGUAGE_MAPPING (ID,LANGUAGE_ID,REFERENCE_ID,REFERENCE_TYPE,TEXT_VALUE) values ('RUCUST_FIELD_EDIT_SEARCH_DESC','8','CUSTOM_FIELD_EDIT_SEARCH','ResourceEntity.displayNameMap','Вернуться к поиску');
Insert into LANGUAGE_MAPPING (ID,LANGUAGE_ID,REFERENCE_ID,REFERENCE_TYPE,TEXT_VALUE) values ('RUCUST_FIELD_NEW_DSC','8','CUSTOM_FIELD_NEW','ResourceEntity.displayNameMap','Создать новое настраиваемое поле');
Insert into LANGUAGE_MAPPING (ID,LANGUAGE_ID,REFERENCE_ID,REFERENCE_TYPE,TEXT_VALUE) values ('RUCUST_FIELD_ROOT_DESC','8','CUSTOM_FIELD_ROOT','ResourceEntity.displayNameMap','Настраиваемые поля');
Insert into LANGUAGE_MAPPING (ID,LANGUAGE_ID,REFERENCE_ID,REFERENCE_TYPE,TEXT_VALUE) values ('RUCUST_FIELD_SEARCH_CHILD_DESC','8','CUSTOM_FIELD_SEARCH_CHILD','ResourceEntity.displayNameMap','Настраиваемые поля');
Insert into LANGUAGE_MAPPING (ID,LANGUAGE_ID,REFERENCE_ID,REFERENCE_TYPE,TEXT_VALUE) values ('RUCUST_FIELD_SEARCH_DESC','8','CUSTOM_FIELD_SEARCH','ResourceEntity.displayNameMap','Поиск настраиваемых полей');
Insert into LANGUAGE_MAPPING (ID,LANGUAGE_ID,REFERENCE_ID,REFERENCE_TYPE,TEXT_VALUE) values ('RUDELG_FILTER_MENU_DISPLAY','8','DELG_FILTER','ResourceEntity.displayNameMap','Фильтр делегирования');
Insert into LANGUAGE_MAPPING (ID,LANGUAGE_ID,REFERENCE_ID,REFERENCE_TYPE,TEXT_VALUE) values ('RUDIRECTORY_MENU_DISPLAY','8','DIRECTORY','ResourceEntity.displayNameMap','Поиск в справочнике');
Insert into LANGUAGE_MAPPING (ID,LANGUAGE_ID,REFERENCE_ID,REFERENCE_TYPE,TEXT_VALUE) values ('RUEDIT_GROUP_DESC','8','EDIT_GROUP','ResourceEntity.displayNameMap','Редактирование группы');
Insert into LANGUAGE_MAPPING (ID,LANGUAGE_ID,REFERENCE_ID,REFERENCE_TYPE,TEXT_VALUE) values ('RUEDIT_ORG_DESC','8','EDIT_ORG','ResourceEntity.displayNameMap','Редактирование организации');
Insert into LANGUAGE_MAPPING (ID,LANGUAGE_ID,REFERENCE_ID,REFERENCE_TYPE,TEXT_VALUE) values ('RUEDIT_RESOURCE_DIS','8','EDIT_RESOURCE','ResourceEntity.displayNameMap','Редактирование ресурса');
Insert into LANGUAGE_MAPPING (ID,LANGUAGE_ID,REFERENCE_ID,REFERENCE_TYPE,TEXT_VALUE) values ('RUEDIT_ROLE_DESC','8','EDIT_ROLE','ResourceEntity.displayNameMap','Редактирование роли');
Insert into LANGUAGE_MAPPING (ID,LANGUAGE_ID,REFERENCE_ID,REFERENCE_TYPE,TEXT_VALUE) values ('RUGROUP_EDIT_MENU_DESC','8','GROUP_EDIT_MENU','ResourceEntity.displayNameMap','Главное меню редактирования группы');
Insert into LANGUAGE_MAPPING (ID,LANGUAGE_ID,REFERENCE_ID,REFERENCE_TYPE,TEXT_VALUE) values ('RUGROUP_ENTITLEMENTS_DESC','8','GROUP_ENTITLEMENTS','ResourceEntity.displayNameMap','Разрешения групп');
Insert into LANGUAGE_MAPPING (ID,LANGUAGE_ID,REFERENCE_ID,REFERENCE_TYPE,TEXT_VALUE) values ('RUGROUP_MENUS_DESC','8','GROUP_MENUS','ResourceEntity.displayNameMap','Меню');
Insert into LANGUAGE_MAPPING (ID,LANGUAGE_ID,REFERENCE_ID,REFERENCE_TYPE,TEXT_VALUE) values ('RUSS_ACCESS_REVIEW_DESC','8','SELFSERV_ACCESS_REVIEW','ResourceEntity.displayNameMap','Проверка доступа');
Insert into LANGUAGE_MAPPING (ID,LANGUAGE_ID,REFERENCE_ID,REFERENCE_TYPE,TEXT_VALUE) values ('RUREQUEST_APPROVAL_DESC','8','REQUEST_APPROVAL','ResourceEntity.displayNameMap','Подтверждение запроса');
Insert into LANGUAGE_MAPPING (ID,LANGUAGE_ID,REFERENCE_ID,REFERENCE_TYPE,TEXT_VALUE) values ('RUSELFSERVICE_GROUPS_DN','8','SELFSERVICE_GROUPS','ResourceEntity.displayNameMap','Группы');
Insert into LANGUAGE_MAPPING (ID,LANGUAGE_ID,REFERENCE_ID,REFERENCE_TYPE,TEXT_VALUE) values ('RUSELFSERVICE_ROLES_DN','8','SELFSERVICE_ROLES','ResourceEntity.displayNameMap','Роли');
Insert into LANGUAGE_MAPPING (ID,LANGUAGE_ID,REFERENCE_ID,REFERENCE_TYPE,TEXT_VALUE) values ('RUSELFSERVICE_RESOURCES_DN','8','SELFSERVICE_RESOURCES','ResourceEntity.displayNameMap','Ресурсы');
Insert into LANGUAGE_MAPPING (ID,LANGUAGE_ID,REFERENCE_ID,REFERENCE_TYPE,TEXT_VALUE) values ('RUSS_ORG_BACK_SEARCH_DN','8','SS_ORG_BACK_SEARCH','ResourceEntity.displayNameMap','Вернуться к поиску');
Insert into LANGUAGE_MAPPING (ID,LANGUAGE_ID,REFERENCE_ID,REFERENCE_TYPE,TEXT_VALUE) values ('RUSELFSRV_GRP_SRCH_ROOT_DESC','8','SELFSRV_GRP_SRCH_ROOT','ResourceEntity.displayNameMap','Группы');
Insert into LANGUAGE_MAPPING (ID,LANGUAGE_ID,REFERENCE_ID,REFERENCE_TYPE,TEXT_VALUE) values ('RUSELFSERV_GRP_NEW_DN','8','SELFSERV_GRP_NEW','ResourceEntity.displayNameMap','Создать новую группу');
Insert into LANGUAGE_MAPPING (ID,LANGUAGE_ID,REFERENCE_ID,REFERENCE_TYPE,TEXT_VALUE) values ('RUSELFSRV_GRP_EDIT_ROOT_DESC','8','SELFSRV_GRP_EDIT_ROOT','ResourceEntity.displayNameMap','Редактирование группы');
Insert into LANGUAGE_MAPPING (ID,LANGUAGE_ID,REFERENCE_ID,REFERENCE_TYPE,TEXT_VALUE) values ('RUSELFSERV_GRP_EDIT_DN','8','SELFSERV_GRP_EDIT','ResourceEntity.displayNameMap','Редактировать группу');
Insert into LANGUAGE_MAPPING (ID,LANGUAGE_ID,REFERENCE_ID,REFERENCE_TYPE,TEXT_VALUE) values ('RUSELFSERV_GRP_BACK_SRCH_DN','8','SELFSERV_GRP_BACK_SRCH','ResourceEntity.displayNameMap','Вернуться к поиску');
Insert into LANGUAGE_MAPPING (ID,LANGUAGE_ID,REFERENCE_ID,REFERENCE_TYPE,TEXT_VALUE) values ('RUSELFSRV_ROLE_SRCH_ROOT_DN','8','SELFSRV_ROLE_SRCH_ROOT','ResourceEntity.displayNameMap','Роли');
Insert into LANGUAGE_MAPPING (ID,LANGUAGE_ID,REFERENCE_ID,REFERENCE_TYPE,TEXT_VALUE) values ('RUSELFSERV_ROLE_NEW_DN','8','SELFSERV_ROLE_NEW','ResourceEntity.displayNameMap','Создать новую роль');
Insert into LANGUAGE_MAPPING (ID,LANGUAGE_ID,REFERENCE_ID,REFERENCE_TYPE,TEXT_VALUE) values ('RUSELFSRV_ROLE_EDIT_ROOT_DESC','8','SELFSRV_ROLE_EDIT_ROOT','ResourceEntity.displayNameMap','Редактирование роли');
Insert into LANGUAGE_MAPPING (ID,LANGUAGE_ID,REFERENCE_ID,REFERENCE_TYPE,TEXT_VALUE) values ('RUSELFSRV_ROLE_EDIT_DN','8','SELFSRV_ROLE_EDIT','ResourceEntity.displayNameMap','Редактировать роль');
Insert into LANGUAGE_MAPPING (ID,LANGUAGE_ID,REFERENCE_ID,REFERENCE_TYPE,TEXT_VALUE) values ('RUSELFSRV_ROLE_BACK_SRCH_DN','8','SELFSRV_ROLE_BACK_SRCH','ResourceEntity.displayNameMap','Вернуться к поиску');
Insert into LANGUAGE_MAPPING (ID,LANGUAGE_ID,REFERENCE_ID,REFERENCE_TYPE,TEXT_VALUE) values ('RUSELFSRV_RES_SRCH_ROOT_DN','8','SELFSRV_RES_SRCH_ROOT','ResourceEntity.displayNameMap','Ресурсы');
Insert into LANGUAGE_MAPPING (ID,LANGUAGE_ID,REFERENCE_ID,REFERENCE_TYPE,TEXT_VALUE) values ('RUSELFSRV_RES_NEW_DN','8','SELFSRV_RES_NEW','ResourceEntity.displayNameMap','Создать новый ресурс');
Insert into LANGUAGE_MAPPING (ID,LANGUAGE_ID,REFERENCE_ID,REFERENCE_TYPE,TEXT_VALUE) values ('RUSELFSRV_RES_EDIT_ROOT_DESC','8','SELFSRV_RES_EDIT_ROOT','ResourceEntity.displayNameMap','Редактирование ресурса');
Insert into LANGUAGE_MAPPING (ID,LANGUAGE_ID,REFERENCE_ID,REFERENCE_TYPE,TEXT_VALUE) values ('RUSELFSRV_RES_EDIT_DN','8','SELFSRV_RES_EDIT','ResourceEntity.displayNameMap','Редактировать ресурс');
Insert into LANGUAGE_MAPPING (ID,LANGUAGE_ID,REFERENCE_ID,REFERENCE_TYPE,TEXT_VALUE) values ('RUSELFSRV_RES_BACK_SRCH_DN','8','SELFSRV_RES_BACK_SRCH','ResourceEntity.displayNameMap','Вернуться к поиску');
Insert into LANGUAGE_MAPPING (ID,LANGUAGE_ID,REFERENCE_ID,REFERENCE_TYPE,TEXT_VALUE) values ('RUMENUS_SEARCH_DC','8','MENUS_SEARCH','ResourceEntity.displayNameMap','Меню');
Insert into LANGUAGE_MAPPING (ID,LANGUAGE_ID,REFERENCE_ID,REFERENCE_TYPE,TEXT_VALUE) values ('RUUI_THEME_ROOT_DN','8','UI_THEME_ROOT','ResourceEntity.displayNameMap','Основная тема пользовательского интерфейса');
Insert into LANGUAGE_MAPPING (ID,LANGUAGE_ID,REFERENCE_ID,REFERENCE_TYPE,TEXT_VALUE) values ('RUUI_THEME_ROOT_SRCH_DN','8','UI_THEME_ROOT_SRCH','ResourceEntity.displayNameMap','Поиск тем пользовательского интерфейса');
Insert into LANGUAGE_MAPPING (ID,LANGUAGE_ID,REFERENCE_ID,REFERENCE_TYPE,TEXT_VALUE) values ('RUNEW_UI_THEME_DN','8','NEW_UI_THEME','ResourceEntity.displayNameMap','Новая тема пользовательского интерфейса');
Insert into LANGUAGE_MAPPING (ID,LANGUAGE_ID,REFERENCE_ID,REFERENCE_TYPE,TEXT_VALUE) values ('RUUI_THEME_EDIT_DN','8','UI_THEME_EDIT','ResourceEntity.displayNameMap','Редактировать тему пользовательского интерфейса');
Insert into LANGUAGE_MAPPING (ID,LANGUAGE_ID,REFERENCE_ID,REFERENCE_TYPE,TEXT_VALUE) values ('RUUI_THEME_EDIT_MODIFY_DN','8','UI_THEME_EDIT_MODIFY','ResourceEntity.displayNameMap','Редактировать тему пользовательского интерфейса');
Insert into LANGUAGE_MAPPING (ID,LANGUAGE_ID,REFERENCE_ID,REFERENCE_TYPE,TEXT_VALUE) values ('RUUI_THEMES_DN','8','UI_THEMES','ResourceEntity.displayNameMap','Темы пользовательского интерфейса');
Insert into LANGUAGE_MAPPING (ID,LANGUAGE_ID,REFERENCE_ID,REFERENCE_TYPE,TEXT_VALUE) values ('RUSS_GRP_ENT_DN','8','SS_GRP_ENT','ResourceEntity.displayNameMap','Разрешения');
Insert into LANGUAGE_MAPPING (ID,LANGUAGE_ID,REFERENCE_ID,REFERENCE_TYPE,TEXT_VALUE) values ('RUSS_ROLE_ENT_DN','8','SS_ROLE_ENT','ResourceEntity.displayNameMap','Разрешения');
Insert into LANGUAGE_MAPPING (ID,LANGUAGE_ID,REFERENCE_ID,REFERENCE_TYPE,TEXT_VALUE) values ('RUSELFSERV_USER_EDIT_DESC','8','SELFSERV_USER_EDIT','ResourceEntity.displayNameMap','Редактировать пользователя');
Insert into LANGUAGE_MAPPING (ID,LANGUAGE_ID,REFERENCE_ID,REFERENCE_TYPE,TEXT_VALUE) values ('RUSELFSERV_USER_MEMSHP_DES','8','SELFSERV_USER_MEMSHP','ResourceEntity.displayNameMap','Разрешения пользователя');
Insert into LANGUAGE_MAPPING (ID,LANGUAGE_ID,REFERENCE_ID,REFERENCE_TYPE,TEXT_VALUE) values ('RUCHLLNG_RESP_QUESTION_DESC','8','CHALLENGE_RESPONSE_QUESTION','ResourceEntity.displayNameMap','Вопрос для восстановления пароля');
Insert into LANGUAGE_MAPPING (ID,LANGUAGE_ID,REFERENCE_ID,REFERENCE_TYPE,TEXT_VALUE) values ('RUCHLLNG_RESP_QUEST_ROOT_DESC','8','CHALLENGE_RESPONSE_QUESTION_ROOT','ResourceEntity.displayNameMap','Вопросы для восстановления пароля');
Insert into LANGUAGE_MAPPING (ID,LANGUAGE_ID,REFERENCE_ID,REFERENCE_TYPE,TEXT_VALUE) values ('RUCHLLNG_RESP_QUESTION_NEW_DSC','8','CHALLENGE_RESPONSE_QUESTION_NEW','ResourceEntity.displayNameMap','Создать новый вопрос');
Insert into LANGUAGE_MAPPING (ID,LANGUAGE_ID,REFERENCE_ID,REFERENCE_TYPE,TEXT_VALUE) values ('RUSYNCUSER_EDIT_DESC','8','SYNCUSER_EDIT','ResourceEntity.displayNameMap','Редактировать синхронизацию');
Insert into LANGUAGE_MAPPING (ID,LANGUAGE_ID,REFERENCE_ID,REFERENCE_TYPE,TEXT_VALUE) values ('RUSYNCUSER_POLICYMAP_DESC','8','SYNCUSER_POLICYMAP','ResourceEntity.displayNameMap','Карта политик');
Insert into LANGUAGE_MAPPING (ID,LANGUAGE_ID,REFERENCE_ID,REFERENCE_TYPE,TEXT_VALUE) values ('RUWEB_REPORT_ROOT_DESC','8','WEB_REPORT_ROOT','ResourceEntity.displayNameMap','Отчеты');
Insert into LANGUAGE_MAPPING (ID,LANGUAGE_ID,REFERENCE_ID,REFERENCE_TYPE,TEXT_VALUE) values ('RUWEB_REPORT_NEW_DSC','8','WEB_REPORT_NEW','ResourceEntity.displayNameMap','Создать новый отчет');
Insert into LANGUAGE_MAPPING (ID,LANGUAGE_ID,REFERENCE_ID,REFERENCE_TYPE,TEXT_VALUE) values ('RUCONF_POLICY_PAGE_DIS','8','CONF_POLICY_PAGE','ResourceEntity.displayNameMap','Настройка IT-политики');
Insert into LANGUAGE_MAPPING (ID,LANGUAGE_ID,REFERENCE_ID,REFERENCE_TYPE,TEXT_VALUE) values ('RUORG_TYPE_SUBMENU_ROOT_DESC','8','ORG_TYPE_SUBMENU_ROOT','ResourceEntity.displayNameMap','Типы организации');
Insert into LANGUAGE_MAPPING (ID,LANGUAGE_ID,REFERENCE_ID,REFERENCE_TYPE,TEXT_VALUE) values ('RUORG_TYPE_SUBMENU_EDIT_DESC','8','ORG_TYPE_SUBMENU_EDIT','ResourceEntity.displayNameMap','Редактирование типа организации');
Insert into LANGUAGE_MAPPING (ID,LANGUAGE_ID,REFERENCE_ID,REFERENCE_TYPE,TEXT_VALUE) values ('RUORG_TYPE_SEARCH_DESC','8','ORG_TYPE_SEARCH','ResourceEntity.displayNameMap','Поиск типов организаций');
Insert into LANGUAGE_MAPPING (ID,LANGUAGE_ID,REFERENCE_ID,REFERENCE_TYPE,TEXT_VALUE) values ('RUNEW_ORG_TYPE_DESC','8','NEW_ORG_TYPE','ResourceEntity.displayNameMap','Новый тип организации');
Insert into LANGUAGE_MAPPING (ID,LANGUAGE_ID,REFERENCE_ID,REFERENCE_TYPE,TEXT_VALUE) values ('RUEDIT_ORG_MEMBERSHIP_DESC','8','EDIT_ORG_MEMBERSHIP','ResourceEntity.displayNameMap','Состав организации');
Insert into LANGUAGE_MAPPING (ID,LANGUAGE_ID,REFERENCE_ID,REFERENCE_TYPE,TEXT_VALUE) values ('RUORG_TYPE_EDIT_SEARCH_DESC','8','ORG_TYPE_EDIT_SEARCH','ResourceEntity.displayNameMap','Поиск типов организаций');
Insert into LANGUAGE_MAPPING (ID,LANGUAGE_ID,REFERENCE_ID,REFERENCE_TYPE,TEXT_VALUE) values ('RUEDIT_ORG_TYPE_IDMAN_DESC','8','EDIT_ORG_TYPE_IDMAN','ResourceEntity.displayNameMap','Типы организаций');
Insert into LANGUAGE_MAPPING (ID,LANGUAGE_ID,REFERENCE_ID,REFERENCE_TYPE,TEXT_VALUE) values ('RUSUP_SUB_PAGE_DIS','8','SUP_SUB_PAGE','ResourceEntity.displayNameMap','Начальники и подчиненные');
Insert into LANGUAGE_MAPPING (ID,LANGUAGE_ID,REFERENCE_ID,REFERENCE_TYPE,TEXT_VALUE) values ('RUSEARCH_BATCH_NEW_DESC','8','SEARCH_BATCH_NEW','ResourceEntity.displayNameMap','Поиск групповых задач');
Insert into LANGUAGE_MAPPING (ID,LANGUAGE_ID,REFERENCE_ID,REFERENCE_TYPE,TEXT_VALUE) values ('RUNEW_BATCH_TASK_DESC','8','NEW_BATCH_TASK','ResourceEntity.displayNameMap','Новая групповая задача');
Insert into LANGUAGE_MAPPING (ID,LANGUAGE_ID,REFERENCE_ID,REFERENCE_TYPE,TEXT_VALUE) values ('RUBATCH_TASK_EDIT_DESC','8','BATCH_TASK_EDIT','ResourceEntity.displayNameMap','Редактирование групповой задачи');
Insert into LANGUAGE_MAPPING (ID,LANGUAGE_ID,REFERENCE_ID,REFERENCE_TYPE,TEXT_VALUE) values ('RUSEARCH_BATCH_EDIT_DESC','8','SEARCH_BATCH_EDIT','ResourceEntity.displayNameMap','Поиск групповых задач');
Insert into LANGUAGE_MAPPING (ID,LANGUAGE_ID,REFERENCE_ID,REFERENCE_TYPE,TEXT_VALUE) values ('RUADMIN_BATCH_TASKS_DESC','8','ADMIN_BATCH_TASKS','ResourceEntity.displayNameMap','Групповые задачи');
Insert into LANGUAGE_MAPPING (ID,LANGUAGE_ID,REFERENCE_ID,REFERENCE_TYPE,TEXT_VALUE) values ('RUDIR_LOOKUP_PAGE_DIS','8','DIR_LOOKUP_PAGE','ResourceEntity.displayNameMap','Поиск в справочнике');
Insert into LANGUAGE_MAPPING (ID,LANGUAGE_ID,REFERENCE_ID,REFERENCE_TYPE,TEXT_VALUE) values ('RUMANUALRECON_DESC','8','MANUALRECON','ResourceEntity.displayNameMap','Reconciliation вручную');
Insert into LANGUAGE_MAPPING (ID,LANGUAGE_ID,REFERENCE_ID,REFERENCE_TYPE,TEXT_VALUE) values ('RUSUBSCRIBE_MENU_DESC','8','SUBSCRIBE','ResourceEntity.displayNameMap','Подписка');
Insert into LANGUAGE_MAPPING (ID,LANGUAGE_ID,REFERENCE_ID,REFERENCE_TYPE,TEXT_VALUE) values ('RUVIEW_MENU_DESC','8','VIEW','ResourceEntity.displayNameMap','Просмотр Файлов');
Insert into LANGUAGE_MAPPING (ID,LANGUAGE_ID,REFERENCE_ID,REFERENCE_TYPE,TEXT_VALUE) values ('RUSELF_SUB_REPORT_NEW_DSC','8','SELF_SUB_REPORT_NEW','ResourceEntity.displayNameMap','Подписаться на отчет');
Insert into LANGUAGE_MAPPING (ID,LANGUAGE_ID,REFERENCE_ID,REFERENCE_TYPE,TEXT_VALUE) values ('RUSELF_VIEW_REPORT_ROOT_DESC','8','SELF_VIEW_REPORT_ROOT','ResourceEntity.displayNameMap','Просмотр отчета');
Insert into LANGUAGE_MAPPING (ID,LANGUAGE_ID,REFERENCE_ID,REFERENCE_TYPE,TEXT_VALUE) values ('RUSELF_VIEW_REPORT_NEW_DSC','8','SELF_VIEW_REPORT_NEW','ResourceEntity.displayNameMap','Создать новый вид отчета');
Insert into LANGUAGE_MAPPING (ID,LANGUAGE_ID,REFERENCE_ID,REFERENCE_TYPE,TEXT_VALUE) values ('RUSELFSERVE_SUP_SUB_DESC','8','SELFSERVE_SUP_SUB','ResourceEntity.displayNameMap','Начальники и подчиненные');
Insert into LANGUAGE_MAPPING (ID,LANGUAGE_ID,REFERENCE_ID,REFERENCE_TYPE,TEXT_VALUE) values ('RUSELFSER_USER_LOGIN_DESC','8','SELFSER_USER_LOGIN','ResourceEntity.displayNameMap','Личности');
Insert into LANGUAGE_MAPPING (ID,LANGUAGE_ID,REFERENCE_ID,REFERENCE_TYPE,TEXT_VALUE) values ('RUACCESSCENTER_MENU_DISPLAY','8','ACCESSCENTER','ResourceEntity.displayNameMap','Управление доступом');
Insert into LANGUAGE_MAPPING (ID,LANGUAGE_ID,REFERENCE_ID,REFERENCE_TYPE,TEXT_VALUE) values ('RUWEB_REPORT_DESC','8','WEB_REPORT','ResourceEntity.displayNameMap','Отчет');
Insert into LANGUAGE_MAPPING (ID,LANGUAGE_ID,REFERENCE_ID,REFERENCE_TYPE,TEXT_VALUE) values ('RUSELFSERVICE_REPORT_DESC','8','SELFSERVICE_REPORT','ResourceEntity.displayNameMap','Отчет');
Insert into LANGUAGE_MAPPING (ID,LANGUAGE_ID,REFERENCE_ID,REFERENCE_TYPE,TEXT_VALUE) values ('RUSS_ACC_MNGMNT_ORG_DESC','8','SELFSRVS_ACCESS_MNGMNT_ORG','ResourceEntity.displayNameMap','Организации');
Insert into LANGUAGE_MAPPING (ID,LANGUAGE_ID,REFERENCE_ID,REFERENCE_TYPE,TEXT_VALUE) values ('RUSS_ACC_MNGMNT_ORG_NEW_DESC','8','SELF_SUB_ORGS_NEW','ResourceEntity.displayNameMap','Новая организация');
Insert into LANGUAGE_MAPPING (ID,LANGUAGE_ID,REFERENCE_ID,REFERENCE_TYPE,TEXT_VALUE) values ('RUSS_ACC_MG_ORG_SEARCH_DESC','8','SELF_SUB_ORGS_SEARCH','ResourceEntity.displayNameMap','Поиск организации');
Insert into LANGUAGE_MAPPING (ID,LANGUAGE_ID,REFERENCE_ID,REFERENCE_TYPE,TEXT_VALUE) values ('RUSYNCLOG_ADMIN_DESC','8','SYNCLOG','ResourceEntity.displayNameMap','Просмотр логов');
Insert into LANGUAGE_MAPPING (ID,LANGUAGE_ID,REFERENCE_ID,REFERENCE_TYPE,TEXT_VALUE) values ('RUACC_CONTROL_MENU_DISPLAY','8','ACC_CONTROL','ResourceEntity.displayNameMap','Контроль доступа');
Insert into LANGUAGE_MAPPING (ID,LANGUAGE_ID,REFERENCE_ID,REFERENCE_TYPE,TEXT_VALUE) values ('RUElementMigrate101','8','101','MetadataElementEntity.languageMap','Display Name');
Insert into LANGUAGE_MAPPING (ID,LANGUAGE_ID,REFERENCE_ID,REFERENCE_TYPE,TEXT_VALUE) values ('RUElementMigrate104','8','104','MetadataElementEntity.languageMap','Preferred Language');
Insert into LANGUAGE_MAPPING (ID,LANGUAGE_ID,REFERENCE_ID,REFERENCE_TYPE,TEXT_VALUE) values ('RUElementMigrate105','8','105','MetadataElementEntity.languageMap','VehicleLicense');
Insert into LANGUAGE_MAPPING (ID,LANGUAGE_ID,REFERENCE_ID,REFERENCE_TYPE,TEXT_VALUE) values ('RUElementMigrate106','8','106','MetadataElementEntity.languageMap','Given Name');
Insert into LANGUAGE_MAPPING (ID,LANGUAGE_ID,REFERENCE_ID,REFERENCE_TYPE,TEXT_VALUE) values ('RUElementMigrate107','8','107','MetadataElementEntity.languageMap','LabeledURI');
Insert into LANGUAGE_MAPPING (ID,LANGUAGE_ID,REFERENCE_ID,REFERENCE_TYPE,TEXT_VALUE) values ('RUElementMigrate108','8','108','MetadataElementEntity.languageMap','Initials');
Insert into LANGUAGE_MAPPING (ID,LANGUAGE_ID,REFERENCE_ID,REFERENCE_TYPE,TEXT_VALUE) values ('RUElementMigrate110','8','110','MetadataElementEntity.languageMap','BusinessCategory');
Insert into LANGUAGE_MAPPING (ID,LANGUAGE_ID,REFERENCE_ID,REFERENCE_TYPE,TEXT_VALUE) values ('RUElementMigrate131','8','131','MetadataElementEntity.languageMap','Display Name');
Insert into LANGUAGE_MAPPING (ID,LANGUAGE_ID,REFERENCE_ID,REFERENCE_TYPE,TEXT_VALUE) values ('RUElementMigrate134','8','134','MetadataElementEntity.languageMap','Preferred Language');
Insert into LANGUAGE_MAPPING (ID,LANGUAGE_ID,REFERENCE_ID,REFERENCE_TYPE,TEXT_VALUE) values ('RUElementMigrate135','8','135','MetadataElementEntity.languageMap','VehicleLicense');
Insert into LANGUAGE_MAPPING (ID,LANGUAGE_ID,REFERENCE_ID,REFERENCE_TYPE,TEXT_VALUE) values ('RUElementMigrate136','8','136','MetadataElementEntity.languageMap','Given Name');
Insert into LANGUAGE_MAPPING (ID,LANGUAGE_ID,REFERENCE_ID,REFERENCE_TYPE,TEXT_VALUE) values ('RUElementMigrate137','8','137','MetadataElementEntity.languageMap','LabeledURI');
Insert into LANGUAGE_MAPPING (ID,LANGUAGE_ID,REFERENCE_ID,REFERENCE_TYPE,TEXT_VALUE) values ('RUElementMigrate138','8','138','MetadataElementEntity.languageMap','Initials');
Insert into LANGUAGE_MAPPING (ID,LANGUAGE_ID,REFERENCE_ID,REFERENCE_TYPE,TEXT_VALUE) values ('RUElementMigrate140','8','140','MetadataElementEntity.languageMap','Display Name');
Insert into LANGUAGE_MAPPING (ID,LANGUAGE_ID,REFERENCE_ID,REFERENCE_TYPE,TEXT_VALUE) values ('RUElementMigrate150','8','150','MetadataElementEntity.languageMap','Display Name');
Insert into LANGUAGE_MAPPING (ID,LANGUAGE_ID,REFERENCE_ID,REFERENCE_TYPE,TEXT_VALUE) values ('RUElementMigrate160','8','160','MetadataElementEntity.languageMap','Display Name');
Insert into LANGUAGE_MAPPING (ID,LANGUAGE_ID,REFERENCE_ID,REFERENCE_TYPE,TEXT_VALUE) values ('RUElementMigrate260','8','260','MetadataElementEntity.languageMap','BusinessCategory');
Insert into LANGUAGE_MAPPING (ID,LANGUAGE_ID,REFERENCE_ID,REFERENCE_TYPE,TEXT_VALUE) values ('RUElementMigrate261','8','261','MetadataElementEntity.languageMap','StartDate');
Insert into LANGUAGE_MAPPING (ID,LANGUAGE_ID,REFERENCE_ID,REFERENCE_TYPE,TEXT_VALUE) values ('RUElementMigrate262','8','262','MetadataElementEntity.languageMap','EndDate');
Insert into LANGUAGE_MAPPING (ID,LANGUAGE_ID,REFERENCE_ID,REFERENCE_TYPE,TEXT_VALUE) values ('RUElementMigrate300','8','300','MetadataElementEntity.languageMap','name');
Insert into LANGUAGE_MAPPING (ID,LANGUAGE_ID,REFERENCE_ID,REFERENCE_TYPE,TEXT_VALUE) values ('RUElementMigrate301','8','301','MetadataElementEntity.languageMap','distinguishedName');
Insert into LANGUAGE_MAPPING (ID,LANGUAGE_ID,REFERENCE_ID,REFERENCE_TYPE,TEXT_VALUE) values ('RUElementMigrate302','8','302','MetadataElementEntity.languageMap','objectclass');
Insert into LANGUAGE_MAPPING (ID,LANGUAGE_ID,REFERENCE_ID,REFERENCE_TYPE,TEXT_VALUE) values ('RUElementMigrate303','8','303','MetadataElementEntity.languageMap','aliasedObjectName');
Insert into LANGUAGE_MAPPING (ID,LANGUAGE_ID,REFERENCE_ID,REFERENCE_TYPE,TEXT_VALUE) values ('RUElementMigrate304','8','304','MetadataElementEntity.languageMap','cn');
Insert into LANGUAGE_MAPPING (ID,LANGUAGE_ID,REFERENCE_ID,REFERENCE_TYPE,TEXT_VALUE) values ('RUElementMigrate305','8','305','MetadataElementEntity.languageMap','sn');
Insert into LANGUAGE_MAPPING (ID,LANGUAGE_ID,REFERENCE_ID,REFERENCE_TYPE,TEXT_VALUE) values ('RUElementMigrate306','8','306','MetadataElementEntity.languageMap','serialNumber');
Insert into LANGUAGE_MAPPING (ID,LANGUAGE_ID,REFERENCE_ID,REFERENCE_TYPE,TEXT_VALUE) values ('RUElementMigrate307','8','307','MetadataElementEntity.languageMap','c');
Insert into LANGUAGE_MAPPING (ID,LANGUAGE_ID,REFERENCE_ID,REFERENCE_TYPE,TEXT_VALUE) values ('RUElementMigrate308','8','308','MetadataElementEntity.languageMap','l');
Insert into LANGUAGE_MAPPING (ID,LANGUAGE_ID,REFERENCE_ID,REFERENCE_TYPE,TEXT_VALUE) values ('RUElementMigrate309','8','309','MetadataElementEntity.languageMap','st');
Insert into LANGUAGE_MAPPING (ID,LANGUAGE_ID,REFERENCE_ID,REFERENCE_TYPE,TEXT_VALUE) values ('RUElementMigrate310','8','310','MetadataElementEntity.languageMap','street');
Insert into LANGUAGE_MAPPING (ID,LANGUAGE_ID,REFERENCE_ID,REFERENCE_TYPE,TEXT_VALUE) values ('RUElementMigrate311','8','311','MetadataElementEntity.languageMap','o');
Insert into LANGUAGE_MAPPING (ID,LANGUAGE_ID,REFERENCE_ID,REFERENCE_TYPE,TEXT_VALUE) values ('RUElementMigrate312','8','312','MetadataElementEntity.languageMap','ou');
Insert into LANGUAGE_MAPPING (ID,LANGUAGE_ID,REFERENCE_ID,REFERENCE_TYPE,TEXT_VALUE) values ('RUElementMigrate313','8','313','MetadataElementEntity.languageMap','title');
Insert into LANGUAGE_MAPPING (ID,LANGUAGE_ID,REFERENCE_ID,REFERENCE_TYPE,TEXT_VALUE) values ('RUElementMigrate314','8','314','MetadataElementEntity.languageMap','description');
Insert into LANGUAGE_MAPPING (ID,LANGUAGE_ID,REFERENCE_ID,REFERENCE_TYPE,TEXT_VALUE) values ('RUElementMigrate315','8','315','MetadataElementEntity.languageMap','businessCategory');
Insert into LANGUAGE_MAPPING (ID,LANGUAGE_ID,REFERENCE_ID,REFERENCE_TYPE,TEXT_VALUE) values ('RUElementMigrate316','8','316','MetadataElementEntity.languageMap','postalAddress');
Insert into LANGUAGE_MAPPING (ID,LANGUAGE_ID,REFERENCE_ID,REFERENCE_TYPE,TEXT_VALUE) values ('RUElementMigrate317','8','317','MetadataElementEntity.languageMap','postalCode');
Insert into LANGUAGE_MAPPING (ID,LANGUAGE_ID,REFERENCE_ID,REFERENCE_TYPE,TEXT_VALUE) values ('RUElementMigrate318','8','318','MetadataElementEntity.languageMap','postOfficeBox');
Insert into LANGUAGE_MAPPING (ID,LANGUAGE_ID,REFERENCE_ID,REFERENCE_TYPE,TEXT_VALUE) values ('RUElementMigrate319','8','319','MetadataElementEntity.languageMap','physicalDeliveryOfficeName');
Insert into LANGUAGE_MAPPING (ID,LANGUAGE_ID,REFERENCE_ID,REFERENCE_TYPE,TEXT_VALUE) values ('RUElementMigrate320','8','320','MetadataElementEntity.languageMap','telephoneNumber');
Insert into LANGUAGE_MAPPING (ID,LANGUAGE_ID,REFERENCE_ID,REFERENCE_TYPE,TEXT_VALUE) values ('RUElementMigrate321','8','321','MetadataElementEntity.languageMap','telexNumber');
Insert into LANGUAGE_MAPPING (ID,LANGUAGE_ID,REFERENCE_ID,REFERENCE_TYPE,TEXT_VALUE) values ('RUElementMigrate322','8','322','MetadataElementEntity.languageMap','teletexTerminalIdentifier');
Insert into LANGUAGE_MAPPING (ID,LANGUAGE_ID,REFERENCE_ID,REFERENCE_TYPE,TEXT_VALUE) values ('RUElementMigrate323','8','323','MetadataElementEntity.languageMap','facsimileTelephoneNumber');
Insert into LANGUAGE_MAPPING (ID,LANGUAGE_ID,REFERENCE_ID,REFERENCE_TYPE,TEXT_VALUE) values ('RUElementMigrate324','8','324','MetadataElementEntity.languageMap','x121Address');
Insert into LANGUAGE_MAPPING (ID,LANGUAGE_ID,REFERENCE_ID,REFERENCE_TYPE,TEXT_VALUE) values ('RUElementMigrate325','8','325','MetadataElementEntity.languageMap','internationaliSDNNumber');
Insert into LANGUAGE_MAPPING (ID,LANGUAGE_ID,REFERENCE_ID,REFERENCE_TYPE,TEXT_VALUE) values ('RUUSER_EDIT_INFO_DESC','8','USER_EDIT_INFO','ResourceEntity.displayNameMap','Информация о пользователе');
Insert into LANGUAGE_MAPPING (ID,LANGUAGE_ID,REFERENCE_ID,REFERENCE_TYPE,TEXT_VALUE) values ('RUUSER_EDIT_MENU_DESC','8','USER_EDIT_MENU','ResourceEntity.displayNameMap','Редактирование пользователя - корневое меню');
Insert into LANGUAGE_MAPPING (ID,LANGUAGE_ID,REFERENCE_ID,REFERENCE_TYPE,TEXT_VALUE) values ('RUUSER_ENTITLEMENTS_DESC','8','USER_ENTITLEMENTS','ResourceEntity.displayNameMap','Разрешения пользователя');
Insert into LANGUAGE_MAPPING (ID,LANGUAGE_ID,REFERENCE_ID,REFERENCE_TYPE,TEXT_VALUE) values ('RUUSER_IDENTITY_DESC','8','USER_IDENTITY','ResourceEntity.displayNameMap','Пользовательские идентичности');
Insert into LANGUAGE_MAPPING (ID,LANGUAGE_ID,REFERENCE_ID,REFERENCE_TYPE,TEXT_VALUE) values ('RUUSER_MENUS_DESC','8','USER_MENUS','ResourceEntity.displayNameMap','Меню');
Insert into LANGUAGE_MAPPING (ID,LANGUAGE_ID,REFERENCE_ID,REFERENCE_TYPE,TEXT_VALUE) values ('RUUSER_MENU_DESC','8','USER','ResourceEntity.displayNameMap','Пользователь');
Insert into LANGUAGE_MAPPING (ID,LANGUAGE_ID,REFERENCE_ID,REFERENCE_TYPE,TEXT_VALUE) values ('RUUSER_ROOT_MENU_DESC','8','USER_ROOT_MENU','ResourceEntity.displayNameMap','Пользователи');
Insert into LANGUAGE_MAPPING (ID,LANGUAGE_ID,REFERENCE_ID,REFERENCE_TYPE,TEXT_VALUE) values ('RUUSER_SEARCH_DESC','8','USER_SEARCH','ResourceEntity.displayNameMap','Поиск пользователя');
Insert into LANGUAGE_MAPPING (ID,LANGUAGE_ID,REFERENCE_ID,REFERENCE_TYPE,TEXT_VALUE) values ('RUSYNCUSER_DESC','8','SYNCUSER_MENU_ITEM','ResourceEntity.displayNameMap','Синхронизация');
Insert into LANGUAGE_MAPPING (ID,LANGUAGE_ID,REFERENCE_ID,REFERENCE_TYPE,TEXT_VALUE) values ('RUSYNCUSER_NEW_DESC','8','SYNCUSER_NEW','ResourceEntity.displayNameMap','Создать синхронизацию');
Insert into LANGUAGE_MAPPING (ID,LANGUAGE_ID,REFERENCE_ID,REFERENCE_TYPE,TEXT_VALUE) values ('RUMNGSYS_EDIT_DESC','8','MNGSYS_EDIT','ResourceEntity.displayNameMap','Редактировать управляемые системы');
Insert into LANGUAGE_MAPPING (ID,LANGUAGE_ID,REFERENCE_ID,REFERENCE_TYPE,TEXT_VALUE) values ('RUPOLICY_ROOT_MENU_DESC','8','PASSWORD_POLICY_ROOT_MENU','ResourceEntity.displayNameMap','Политики паролей');
Insert into LANGUAGE_MAPPING (ID,LANGUAGE_ID,REFERENCE_ID,REFERENCE_TYPE,TEXT_VALUE) values ('RUNEW_PASSWORD_POLICY_DESC','8','NEW_PASSWORD_POLICY','ResourceEntity.displayNameMap','Создать новую политику паролей');
Insert into LANGUAGE_MAPPING (ID,LANGUAGE_ID,REFERENCE_ID,REFERENCE_TYPE,TEXT_VALUE) values ('RUAUTH_POLICY_MENU_DESC','8','AUTHENTICATION_POLICY','ResourceEntity.displayNameMap','Политика аутентификации');
Insert into LANGUAGE_MAPPING (ID,LANGUAGE_ID,REFERENCE_ID,REFERENCE_TYPE,TEXT_VALUE) values ('RUAUTH_POLICY_ROOT_MENU_DESC','8','AUTHENTICATION_POLICY_ROOT_MENU','ResourceEntity.displayNameMap','Политики аутентификации');
Insert into LANGUAGE_MAPPING (ID,LANGUAGE_ID,REFERENCE_ID,REFERENCE_TYPE,TEXT_VALUE) values ('RUASSOC_POLICY_DESC','8','ASSOC_POLICY','ResourceEntity.displayNameMap','Ассоциирование политики');
Insert into LANGUAGE_MAPPING (ID,LANGUAGE_ID,REFERENCE_ID,REFERENCE_TYPE,TEXT_VALUE) values ('RUPASSWORD_POLICY_EDIT_DESC','8','PASSWORD_POLICY_EDIT','ResourceEntity.displayNameMap','Ассоциирование политики - корневое меню');
Insert into LANGUAGE_MAPPING (ID,LANGUAGE_ID,REFERENCE_ID,REFERENCE_TYPE,TEXT_VALUE) values ('RUUPLOAD_CUST_PSWD_POLICY_DESC','8','UPLOAD_CUST_PSWD_POLICY','ResourceEntity.displayNameMap','Загрузить политику паролей');
Insert into LANGUAGE_MAPPING (ID,LANGUAGE_ID,REFERENCE_ID,REFERENCE_TYPE,TEXT_VALUE) values ('RUATTRIBUTE_POLICY_DESC','8','ATTRIBUTE_POLICY','ResourceEntity.displayNameMap','Атрибутивная политика');
Insert into LANGUAGE_MAPPING (ID,LANGUAGE_ID,REFERENCE_ID,REFERENCE_TYPE,TEXT_VALUE) values ('RUPOLICY_ATTR_ROOT_DESC','8','POLICY_ATTR_ROOT','ResourceEntity.displayNameMap','Атрибутивные политики');
Insert into LANGUAGE_MAPPING (ID,LANGUAGE_ID,REFERENCE_ID,REFERENCE_TYPE,TEXT_VALUE) values ('RUNEW_POLICY_ATTR_DESC','8','NEW_POLICY_ATTR','ResourceEntity.displayNameMap','Новая атрибутивная политика');
Insert into LANGUAGE_MAPPING (ID,LANGUAGE_ID,REFERENCE_ID,REFERENCE_TYPE,TEXT_VALUE) values ('RUEDIT_POL_ATTR_SRCH_BCK_DESC','8','EDIT_POLICY_ATTR_SRCH_BCK','ResourceEntity.displayNameMap','Вернуться к поиску');
Insert into LANGUAGE_MAPPING (ID,LANGUAGE_ID,REFERENCE_ID,REFERENCE_TYPE,TEXT_VALUE) values ('RURES_APROVER_ASSOC_DN','8','RES_APROVER_ASSOC','ResourceEntity.displayNameMap','Цепочки для утверждения');
Insert into LANGUAGE_MAPPING (ID,LANGUAGE_ID,REFERENCE_ID,REFERENCE_TYPE,TEXT_VALUE) values ('RUGRP_APROVER_ASSOC_DN','8','GRP_APROVER_ASSOC','ResourceEntity.displayNameMap','Цепочки для утверждения');
Insert into LANGUAGE_MAPPING (ID,LANGUAGE_ID,REFERENCE_ID,REFERENCE_TYPE,TEXT_VALUE) values ('RUROLE_APROVER_ASSOC_DN','8','ROLE_APROVER_ASSOC','ResourceEntity.displayNameMap','Цепочки для утверждения');
Insert into LANGUAGE_MAPPING (ID,LANGUAGE_ID,REFERENCE_ID,REFERENCE_TYPE,TEXT_VALUE) values ('RUSYNCLOG_DESC','8','SYNCLOG_MENU_ITEM','ResourceEntity.displayNameMap','Просмотрщик логов синхронизационных транзакций');
Insert into LANGUAGE_MAPPING (ID,LANGUAGE_ID,REFERENCE_ID,REFERENCE_TYPE,TEXT_VALUE) values ('RUSELF_SUB_REPORT_ROOT_DESC','8','SELF_SUB_REPORT_ROOT','ResourceEntity.displayNameMap','Подписаться на отчет');
Insert into LANGUAGE_MAPPING (ID,LANGUAGE_ID,REFERENCE_ID,REFERENCE_TYPE,TEXT_VALUE) values ('RUSELFSER_USER_NEW_LOGIN_DESC','8','SELFSER_USER_NEW_LOGIN','ResourceEntity.displayNameMap','Создать новый идентификатор');
Insert into LANGUAGE_MAPPING (ID,LANGUAGE_ID,REFERENCE_ID,REFERENCE_TYPE,TEXT_VALUE) values ('RUSS_ACC_MNGMNT_ORG_EDIT_DESC','8','SELF_SUB_ORGS_EDIT','ResourceEntity.displayNameMap','Редактировать организацию');
Insert into LANGUAGE_MAPPING (ID,LANGUAGE_ID,REFERENCE_ID,REFERENCE_TYPE,TEXT_VALUE) values ('RUADMIN_MENU_DISPLAY','8','ADMIN','ResourceEntity.displayNameMap','Администрирование');
Insert into LANGUAGE_MAPPING (ID,LANGUAGE_ID,REFERENCE_ID,REFERENCE_TYPE,TEXT_VALUE) values ('RUAM_PROV_EDIT_SEARCH_DESC','8','AM_PROV_EDIT_SEARCH','ResourceEntity.displayNameMap','Вернуться к поиску');
Insert into LANGUAGE_MAPPING (ID,LANGUAGE_ID,REFERENCE_ID,REFERENCE_TYPE,TEXT_VALUE) values ('RUORG_APROVER_ASSOC_DN','8','ORG_APROVER_ASSOC','ResourceEntity.displayNameMap','Цепочки для утверждения');
Insert into LANGUAGE_MAPPING (ID,LANGUAGE_ID,REFERENCE_ID,REFERENCE_TYPE,TEXT_VALUE) values ('RUUI_THEME_BACK_SRCH_DN','8','UI_THEME_BACK_SRCH','ResourceEntity.displayNameMap','Вернуться к поиску');
Insert into LANGUAGE_MAPPING (ID,LANGUAGE_ID,REFERENCE_ID,REFERENCE_TYPE,TEXT_VALUE) values ('RUSS_RES_ENT_DN','8','SS_RES_ENT','ResourceEntity.displayNameMap','Разрешения');
Insert into LANGUAGE_MAPPING (ID,LANGUAGE_ID,REFERENCE_ID,REFERENCE_TYPE,TEXT_VALUE) values ('RUMETA_TYPE_SEARCH_DESC','8','META_TYPE_SEARCH','ResourceEntity.displayNameMap','Поиск типов метаданных');
Insert into LANGUAGE_MAPPING (ID,LANGUAGE_ID,REFERENCE_ID,REFERENCE_TYPE,TEXT_VALUE) values ('RUNEW_AUTH_LVL_GRP_DN','8','NEW_AUTH_LVL_GRP','ResourceEntity.displayNameMap','Создать новую группировку');
Insert into LANGUAGE_MAPPING (ID,LANGUAGE_ID,REFERENCE_ID,REFERENCE_TYPE,TEXT_VALUE) values ('RUIMPERSIONATION_MENU_DESC','8','IMPERSIONATION_MENU','ResourceEntity.displayNameMap','Персонация');
Insert into LANGUAGE_MAPPING (ID,LANGUAGE_ID,REFERENCE_ID,REFERENCE_TYPE,TEXT_VALUE) values ('RUIDMAN_MENU_DISPLAY','8','IDMAN','ResourceEntity.displayNameMap','Пользователь-администратор');
Insert into LANGUAGE_MAPPING (ID,LANGUAGE_ID,REFERENCE_ID,REFERENCE_TYPE,TEXT_VALUE) values ('RUURI_PATTERN_EDTPROVSEARCH_DESC','8','URI_PATTERN_EDT_PROV_SEARCH','ResourceEntity.displayNameMap','Поиск контент-провайдера');
Insert into LANGUAGE_MAPPING (ID,LANGUAGE_ID,REFERENCE_ID,REFERENCE_TYPE,TEXT_VALUE) values ('RUUSER_HISTORY_DESC','8','USER_HISTORY','ResourceEntity.displayNameMap','История пользователя');
Insert into LANGUAGE_MAPPING (ID,LANGUAGE_ID,REFERENCE_ID,REFERENCE_TYPE,TEXT_VALUE) values ('RUUSER_RESET_PASSWORD_DESC','8','USER_RESET_PASSWORD','ResourceEntity.displayNameMap','Сброс пароля');
Insert into LANGUAGE_MAPPING (ID,LANGUAGE_ID,REFERENCE_ID,REFERENCE_TYPE,TEXT_VALUE) values ('RUPOLICY_MENU_DESC','8','PASSWORD_POLICY','ResourceEntity.displayNameMap','Политика паролей');
Insert into LANGUAGE_MAPPING (ID,LANGUAGE_ID,REFERENCE_ID,REFERENCE_TYPE,TEXT_VALUE) values ('RUNEW_AUTH_POLICY_DESC','8','NEW_AUTHENTICATION_POLICY','ResourceEntity.displayNameMap','Создать новую политику установления подлинности');
Insert into LANGUAGE_MAPPING (ID,LANGUAGE_ID,REFERENCE_ID,REFERENCE_TYPE,TEXT_VALUE) values ('RUPOLICY_ATTR_EDIT_ROOT_DESC','8','POLICY_ATTR_EDIT_ROOT','ResourceEntity.displayNameMap','Редактирование атрибутивной политики');
Insert into LANGUAGE_MAPPING (ID,LANGUAGE_ID,REFERENCE_ID,REFERENCE_TYPE,TEXT_VALUE) values ('RUSS_USR_EDIT_RT_DESC','8','SELFSERV_USER_EDIT_ROOT','ResourceEntity.displayNameMap','Редактирование пользователя');
Insert into LANGUAGE_MAPPING (ID,LANGUAGE_ID,REFERENCE_ID,REFERENCE_TYPE,TEXT_VALUE) values ('RUMNG_SYS_VIEWER_DESC','8','MNG_SYS_VIEWER','ResourceEntity.displayNameMap','Просмотр управляемых систем');
Insert into LANGUAGE_MAPPING (ID,LANGUAGE_ID,REFERENCE_ID,REFERENCE_TYPE,TEXT_VALUE) values ('RUDEFAULT_USER_TYPE','8','DEFAULT_USER','MetadataTypeEntity.displayNameMap','Пользователь по умолчанию');
Insert into LANGUAGE_MAPPING (ID,LANGUAGE_ID,REFERENCE_ID,REFERENCE_TYPE,TEXT_VALUE) values ('RUINTERNAL_USER_TYPE','8','INTERNAL_USER','MetadataTypeEntity.displayNameMap','Внутренний пользователь');
Insert into LANGUAGE_MAPPING (ID,LANGUAGE_ID,REFERENCE_ID,REFERENCE_TYPE,TEXT_VALUE) values ('RUMETA_TYPE_EDIT_RETURN_DESC','8','META_TYPE_EDIT_RETURN','ResourceEntity.displayNameMap','Вернуться к типам метаданных');
Insert into LANGUAGE_MAPPING (ID,LANGUAGE_ID,REFERENCE_ID,REFERENCE_TYPE,TEXT_VALUE) values ('RULanguageEntity2','8','2','LanguageEntity.displayNameMap','Немецкий');
Insert into LANGUAGE_MAPPING (ID,LANGUAGE_ID,REFERENCE_ID,REFERENCE_TYPE,TEXT_VALUE) values ('LanguageEntity8','1','8','LanguageEntity.displayNameMap','Russian');
Insert into LANGUAGE_MAPPING (ID,LANGUAGE_ID,REFERENCE_ID,REFERENCE_TYPE,TEXT_VALUE) values ('ESLanguageEntity8','4','8','LanguageEntity.displayNameMap','Ruso');
Insert into LANGUAGE_MAPPING (ID,LANGUAGE_ID,REFERENCE_ID,REFERENCE_TYPE,TEXT_VALUE) values ('DELanguageEntity8','2','8','LanguageEntity.displayNameMap','Russisch');
Insert into LANGUAGE_MAPPING (ID,LANGUAGE_ID,REFERENCE_ID,REFERENCE_TYPE,TEXT_VALUE) values ('JPLanguageEntity1','9','1','LanguageEntity.displayNameMap','英語');
Insert into LANGUAGE_MAPPING (ID,LANGUAGE_ID,REFERENCE_ID,REFERENCE_TYPE,TEXT_VALUE) values ('JPElementMigrate101','9','101','MetadataElementEntity.languageMap','表示名');
Insert into LANGUAGE_MAPPING (ID,LANGUAGE_ID,REFERENCE_ID,REFERENCE_TYPE,TEXT_VALUE) values ('JPElementMigrate104','9','104','MetadataElementEntity.languageMap','優先言語');
Insert into LANGUAGE_MAPPING (ID,LANGUAGE_ID,REFERENCE_ID,REFERENCE_TYPE,TEXT_VALUE) values ('JPElementMigrate105','9','105','MetadataElementEntity.languageMap','運転免許証');
Insert into LANGUAGE_MAPPING (ID,LANGUAGE_ID,REFERENCE_ID,REFERENCE_TYPE,TEXT_VALUE) values ('JPElementMigrate106','9','106','MetadataElementEntity.languageMap','名前');
Insert into LANGUAGE_MAPPING (ID,LANGUAGE_ID,REFERENCE_ID,REFERENCE_TYPE,TEXT_VALUE) values ('JPElementMigrate107','9','107','MetadataElementEntity.languageMap','ラベル付けされたURI');
Insert into LANGUAGE_MAPPING (ID,LANGUAGE_ID,REFERENCE_ID,REFERENCE_TYPE,TEXT_VALUE) values ('JPElementMigrate108','9','108','MetadataElementEntity.languageMap','イニシャル');
Insert into LANGUAGE_MAPPING (ID,LANGUAGE_ID,REFERENCE_ID,REFERENCE_TYPE,TEXT_VALUE) values ('JPElementMigrate110','9','110','MetadataElementEntity.languageMap','業態');
Insert into LANGUAGE_MAPPING (ID,LANGUAGE_ID,REFERENCE_ID,REFERENCE_TYPE,TEXT_VALUE) values ('JPElementMigrate131','9','131','MetadataElementEntity.languageMap','表示名');
Insert into LANGUAGE_MAPPING (ID,LANGUAGE_ID,REFERENCE_ID,REFERENCE_TYPE,TEXT_VALUE) values ('JPElementMigrate134','9','134','MetadataElementEntity.languageMap','優先言語');
Insert into LANGUAGE_MAPPING (ID,LANGUAGE_ID,REFERENCE_ID,REFERENCE_TYPE,TEXT_VALUE) values ('JPElementMigrate135','9','135','MetadataElementEntity.languageMap','運転免許証');
Insert into LANGUAGE_MAPPING (ID,LANGUAGE_ID,REFERENCE_ID,REFERENCE_TYPE,TEXT_VALUE) values ('JPElementMigrate136','9','136','MetadataElementEntity.languageMap','名前');
Insert into LANGUAGE_MAPPING (ID,LANGUAGE_ID,REFERENCE_ID,REFERENCE_TYPE,TEXT_VALUE) values ('JPElementMigrate137','9','137','MetadataElementEntity.languageMap','ラベル付けされたURI');
Insert into LANGUAGE_MAPPING (ID,LANGUAGE_ID,REFERENCE_ID,REFERENCE_TYPE,TEXT_VALUE) values ('JPElementMigrate138','9','138','MetadataElementEntity.languageMap','イニシャル');
Insert into LANGUAGE_MAPPING (ID,LANGUAGE_ID,REFERENCE_ID,REFERENCE_TYPE,TEXT_VALUE) values ('JPElementMigrate140','9','140','MetadataElementEntity.languageMap','表示名');
Insert into LANGUAGE_MAPPING (ID,LANGUAGE_ID,REFERENCE_ID,REFERENCE_TYPE,TEXT_VALUE) values ('JPElementMigrate150','9','150','MetadataElementEntity.languageMap','表示名');
Insert into LANGUAGE_MAPPING (ID,LANGUAGE_ID,REFERENCE_ID,REFERENCE_TYPE,TEXT_VALUE) values ('JPElementMigrate160','9','160','MetadataElementEntity.languageMap','表示名');
Insert into LANGUAGE_MAPPING (ID,LANGUAGE_ID,REFERENCE_ID,REFERENCE_TYPE,TEXT_VALUE) values ('JPLanguageEntity2','9','2','LanguageEntity.displayNameMap','ドイツ語');
Insert into LANGUAGE_MAPPING (ID,LANGUAGE_ID,REFERENCE_ID,REFERENCE_TYPE,TEXT_VALUE) values ('JP200','9','200','IdentityQuestionEntity.displayNameMap','社会保障番号の最後の4桁の数字を教えてください。');
Insert into LANGUAGE_MAPPING (ID,LANGUAGE_ID,REFERENCE_ID,REFERENCE_TYPE,TEXT_VALUE) values ('JP201','9','201','IdentityQuestionEntity.displayNameMap','母親は旧姓は何ですか？');
Insert into LANGUAGE_MAPPING (ID,LANGUAGE_ID,REFERENCE_ID,REFERENCE_TYPE,TEXT_VALUE) values ('JP202','9','202','IdentityQuestionEntity.displayNameMap','どの学校に通いましたか？');
Insert into LANGUAGE_MAPPING (ID,LANGUAGE_ID,REFERENCE_ID,REFERENCE_TYPE,TEXT_VALUE) values ('JP203','9','203','IdentityQuestionEntity.displayNameMap','ペットの名前は何ですか？');
Insert into LANGUAGE_MAPPING (ID,LANGUAGE_ID,REFERENCE_ID,REFERENCE_TYPE,TEXT_VALUE) values ('JP204','9','204','IdentityQuestionEntity.displayNameMap','好きな食べ物は何ですか？');
Insert into LANGUAGE_MAPPING (ID,LANGUAGE_ID,REFERENCE_ID,REFERENCE_TYPE,TEXT_VALUE) values ('JP205','9','205','IdentityQuestionEntity.displayNameMap','好きな色は何ですか？');
Insert into LANGUAGE_MAPPING (ID,LANGUAGE_ID,REFERENCE_ID,REFERENCE_TYPE,TEXT_VALUE) values ('JP206','9','206','IdentityQuestionEntity.displayNameMap','生まれた都市はどこですか？');
Insert into LANGUAGE_MAPPING (ID,LANGUAGE_ID,REFERENCE_ID,REFERENCE_TYPE,TEXT_VALUE) values ('JP207','9','207','IdentityQuestionEntity.displayNameMap','好きなスポーツは何ですか？');
Insert into LANGUAGE_MAPPING (ID,LANGUAGE_ID,REFERENCE_ID,REFERENCE_TYPE,TEXT_VALUE) values ('JP209','9','209','IdentityQuestionEntity.displayNameMap','運転免許証の最後の4桁の数字を教えてください。');
Insert into LANGUAGE_MAPPING (ID,LANGUAGE_ID,REFERENCE_ID,REFERENCE_TYPE,TEXT_VALUE) values ('JP210','9','210','IdentityQuestionEntity.displayNameMap','好きな学校の名前を教えてください。');
Insert into LANGUAGE_MAPPING (ID,LANGUAGE_ID,REFERENCE_ID,REFERENCE_TYPE,TEXT_VALUE) values ('JP211','9','211','IdentityQuestionEntity.displayNameMap','初めて飼ったペットの名前は何ですか？');
Insert into LANGUAGE_MAPPING (ID,LANGUAGE_ID,REFERENCE_ID,REFERENCE_TYPE,TEXT_VALUE) values ('JP212','9','212','IdentityQuestionEntity.displayNameMap','好きな映画、演劇、歌の題名は何ですか？');
Insert into LANGUAGE_MAPPING (ID,LANGUAGE_ID,REFERENCE_ID,REFERENCE_TYPE,TEXT_VALUE) values ('JP213','9','213','IdentityQuestionEntity.displayNameMap','好きな本の題名は何ですか？');
Insert into LANGUAGE_MAPPING (ID,LANGUAGE_ID,REFERENCE_ID,REFERENCE_TYPE,TEXT_VALUE) values ('JP214','9','214','IdentityQuestionEntity.displayNameMap','初めてのボーイフレンド/ガールフレンドの名前は何ですか？');
Insert into LANGUAGE_MAPPING (ID,LANGUAGE_ID,REFERENCE_ID,REFERENCE_TYPE,TEXT_VALUE) values ('JP215','9','215','IdentityQuestionEntity.displayNameMap','好きな学校の先生の名前は何ですか？');
Insert into LANGUAGE_MAPPING (ID,LANGUAGE_ID,REFERENCE_ID,REFERENCE_TYPE,TEXT_VALUE) values ('JP216','9','216','IdentityQuestionEntity.displayNameMap','最初の車の年代とニックネームは何ですか？（年代-名前）');
Insert into LANGUAGE_MAPPING (ID,LANGUAGE_ID,REFERENCE_ID,REFERENCE_TYPE,TEXT_VALUE) values ('JP217','9','217','IdentityQuestionEntity.displayNameMap','大切な人と出会ったのはどこですか？');
Insert into LANGUAGE_MAPPING (ID,LANGUAGE_ID,REFERENCE_ID,REFERENCE_TYPE,TEXT_VALUE) values ('JP218','9','218','IdentityQuestionEntity.displayNameMap','最初のペットの種類と名前は何ですか？（種類-名前）');
Insert into LANGUAGE_MAPPING (ID,LANGUAGE_ID,REFERENCE_ID,REFERENCE_TYPE,TEXT_VALUE) values ('JPElementMigrate260','9','260','MetadataElementEntity.languageMap','業態');
Insert into LANGUAGE_MAPPING (ID,LANGUAGE_ID,REFERENCE_ID,REFERENCE_TYPE,TEXT_VALUE) values ('JPElementMigrate261','9','261','MetadataElementEntity.languageMap','開始日');
Insert into LANGUAGE_MAPPING (ID,LANGUAGE_ID,REFERENCE_ID,REFERENCE_TYPE,TEXT_VALUE) values ('JPElementMigrate262','9','262','MetadataElementEntity.languageMap','終了日');
Insert into LANGUAGE_MAPPING (ID,LANGUAGE_ID,REFERENCE_ID,REFERENCE_TYPE,TEXT_VALUE) values ('JPElementMigrate300','9','300','MetadataElementEntity.languageMap','名前');
Insert into LANGUAGE_MAPPING (ID,LANGUAGE_ID,REFERENCE_ID,REFERENCE_TYPE,TEXT_VALUE) values ('JPElementMigrate301','9','301','MetadataElementEntity.languageMap','識別名');
Insert into LANGUAGE_MAPPING (ID,LANGUAGE_ID,REFERENCE_ID,REFERENCE_TYPE,TEXT_VALUE) values ('JPElementMigrate302','9','302','MetadataElementEntity.languageMap','オブジェクトクラス');
Insert into LANGUAGE_MAPPING (ID,LANGUAGE_ID,REFERENCE_ID,REFERENCE_TYPE,TEXT_VALUE) values ('JPElementMigrate303','9','303','MetadataElementEntity.languageMap','エイリアスオブジェクト名');
Insert into LANGUAGE_MAPPING (ID,LANGUAGE_ID,REFERENCE_ID,REFERENCE_TYPE,TEXT_VALUE) values ('JPElementMigrate304','9','304','MetadataElementEntity.languageMap','cn');
Insert into LANGUAGE_MAPPING (ID,LANGUAGE_ID,REFERENCE_ID,REFERENCE_TYPE,TEXT_VALUE) values ('JPElementMigrate305','9','305','MetadataElementEntity.languageMap','sn');
Insert into LANGUAGE_MAPPING (ID,LANGUAGE_ID,REFERENCE_ID,REFERENCE_TYPE,TEXT_VALUE) values ('JPElementMigrate306','9','306','MetadataElementEntity.languageMap','シリアル番号');
Insert into LANGUAGE_MAPPING (ID,LANGUAGE_ID,REFERENCE_ID,REFERENCE_TYPE,TEXT_VALUE) values ('JPElementMigrate307','9','307','MetadataElementEntity.languageMap','c');
Insert into LANGUAGE_MAPPING (ID,LANGUAGE_ID,REFERENCE_ID,REFERENCE_TYPE,TEXT_VALUE) values ('JPElementMigrate308','9','308','MetadataElementEntity.languageMap','l');
Insert into LANGUAGE_MAPPING (ID,LANGUAGE_ID,REFERENCE_ID,REFERENCE_TYPE,TEXT_VALUE) values ('JPElementMigrate309','9','309','MetadataElementEntity.languageMap','st');
Insert into LANGUAGE_MAPPING (ID,LANGUAGE_ID,REFERENCE_ID,REFERENCE_TYPE,TEXT_VALUE) values ('JPElementMigrate310','9','310','MetadataElementEntity.languageMap','通り');
Insert into LANGUAGE_MAPPING (ID,LANGUAGE_ID,REFERENCE_ID,REFERENCE_TYPE,TEXT_VALUE) values ('JPElementMigrate311','9','311','MetadataElementEntity.languageMap','o');
Insert into LANGUAGE_MAPPING (ID,LANGUAGE_ID,REFERENCE_ID,REFERENCE_TYPE,TEXT_VALUE) values ('JPElementMigrate312','9','312','MetadataElementEntity.languageMap','ou');
Insert into LANGUAGE_MAPPING (ID,LANGUAGE_ID,REFERENCE_ID,REFERENCE_TYPE,TEXT_VALUE) values ('JPElementMigrate313','9','313','MetadataElementEntity.languageMap','タイトル');
Insert into LANGUAGE_MAPPING (ID,LANGUAGE_ID,REFERENCE_ID,REFERENCE_TYPE,TEXT_VALUE) values ('JPSELFSERVICE_EXT_DN','9','SELFSERVICE_EXT','ResourceEntity.displayNameMap','SelfServiceの拡張機能ルート');
Insert into LANGUAGE_MAPPING (ID,LANGUAGE_ID,REFERENCE_ID,REFERENCE_TYPE,TEXT_VALUE) values ('JPSELFSERVICE_GROUPS_DN','9','SELFSERVICE_GROUPS','ResourceEntity.displayNameMap','グループ');
Insert into LANGUAGE_MAPPING (ID,LANGUAGE_ID,REFERENCE_ID,REFERENCE_TYPE,TEXT_VALUE) values ('JPSELFSERVICE_MYAPPS_DESC','9','SELFSERVICE_MYAPPS','ResourceEntity.displayNameMap','マイアプリケーション');
Insert into LANGUAGE_MAPPING (ID,LANGUAGE_ID,REFERENCE_ID,REFERENCE_TYPE,TEXT_VALUE) values ('JPSELFSERVICE_MYINFO_DESC','9','SELFSERVICE_MYINFO','ResourceEntity.displayNameMap','私の情報');
Insert into LANGUAGE_MAPPING (ID,LANGUAGE_ID,REFERENCE_ID,REFERENCE_TYPE,TEXT_VALUE) values ('JPSELFSERVICE_REPORT_DESC','9','SELFSERVICE_REPORT','ResourceEntity.displayNameMap','レポート');
Insert into LANGUAGE_MAPPING (ID,LANGUAGE_ID,REFERENCE_ID,REFERENCE_TYPE,TEXT_VALUE) values ('JPSELFSERVICE_RESOURCES_DN','9','SELFSERVICE_RESOURCES','ResourceEntity.displayNameMap','リソース');
Insert into LANGUAGE_MAPPING (ID,LANGUAGE_ID,REFERENCE_ID,REFERENCE_TYPE,TEXT_VALUE) values ('JPSELFSERVICE_ROLES_DN','9','SELFSERVICE_ROLES','ResourceEntity.displayNameMap','ロール');
Insert into LANGUAGE_MAPPING (ID,LANGUAGE_ID,REFERENCE_ID,REFERENCE_TYPE,TEXT_VALUE) values ('JPSS_ACCESS_REVIEW_DESC','9','SELFSERV_ACCESS_REVIEW','ResourceEntity.displayNameMap','アクセスレビュー');
Insert into LANGUAGE_MAPPING (ID,LANGUAGE_ID,REFERENCE_ID,REFERENCE_TYPE,TEXT_VALUE) values ('JPSELFSERV_GRP_BACK_SRCH_DN','9','SELFSERV_GRP_BACK_SRCH','ResourceEntity.displayNameMap','検索に戻る');
Insert into LANGUAGE_MAPPING (ID,LANGUAGE_ID,REFERENCE_ID,REFERENCE_TYPE,TEXT_VALUE) values ('JPSELFSERV_GRP_EDIT_DN','9','SELFSERV_GRP_EDIT','ResourceEntity.displayNameMap','グループを編集');
Insert into LANGUAGE_MAPPING (ID,LANGUAGE_ID,REFERENCE_ID,REFERENCE_TYPE,TEXT_VALUE) values ('JPSELFSERV_GRP_NEW_DN','9','SELFSERV_GRP_NEW','ResourceEntity.displayNameMap','新しいグループを作成');
Insert into LANGUAGE_MAPPING (ID,LANGUAGE_ID,REFERENCE_ID,REFERENCE_TYPE,TEXT_VALUE) values ('JPSELFSERV_ROLE_NEW_DN','9','SELFSERV_ROLE_NEW','ResourceEntity.displayNameMap','新しいロールを作成');
Insert into LANGUAGE_MAPPING (ID,LANGUAGE_ID,REFERENCE_ID,REFERENCE_TYPE,TEXT_VALUE) values ('JPSELFSERV_USER_EDIT_DESC','9','SELFSERV_USER_EDIT','ResourceEntity.displayNameMap','ユーザーを編集');
Insert into LANGUAGE_MAPPING (ID,LANGUAGE_ID,REFERENCE_ID,REFERENCE_TYPE,TEXT_VALUE) values ('JPSS_USR_EDIT_RT_DESC','9','SELFSERV_USER_EDIT_ROOT','ResourceEntity.displayNameMap','SelfServiceのユーザー編集ルート');
Insert into LANGUAGE_MAPPING (ID,LANGUAGE_ID,REFERENCE_ID,REFERENCE_TYPE,TEXT_VALUE) values ('JPSS_USER_MEMSHP_DES','9','SELFSERV_USER_MEMSHP','ResourceEntity.displayNameMap','ユーザーの権限');
Insert into LANGUAGE_MAPPING (ID,LANGUAGE_ID,REFERENCE_ID,REFERENCE_TYPE,TEXT_VALUE) values ('JPSS_USER_LOGIN_DESC','9','SELFSER_USER_LOGIN','ResourceEntity.displayNameMap','アイデンティティ');
Insert into LANGUAGE_MAPPING (ID,LANGUAGE_ID,REFERENCE_ID,REFERENCE_TYPE,TEXT_VALUE) values ('JPSS_USER_NEW_LOGIN_DESC','9','SELFSER_USER_NEW_LOGIN','ResourceEntity.displayNameMap','新しいアイデンティティを作成');
Insert into LANGUAGE_MAPPING (ID,LANGUAGE_ID,REFERENCE_ID,REFERENCE_TYPE,TEXT_VALUE) values ('JPSS_ACCESS_MNGMNT_ORG_DESC','9','SELFSRVS_ACCESS_MNGMNT_ORG','ResourceEntity.displayNameMap','組織');
Insert into LANGUAGE_MAPPING (ID,LANGUAGE_ID,REFERENCE_ID,REFERENCE_TYPE,TEXT_VALUE) values ('JPSS_EXAMPLE_DN','9','SELFSRV_EXAMPLE','ResourceEntity.displayNameMap','例');
Insert into LANGUAGE_MAPPING (ID,LANGUAGE_ID,REFERENCE_ID,REFERENCE_TYPE,TEXT_VALUE) values ('JPSS_GRP_EDIT_ROOT_DESC','9','SELFSRV_GRP_EDIT_ROOT','ResourceEntity.displayNameMap','SelfServiceのグループ編集ルート');
Insert into LANGUAGE_MAPPING (ID,LANGUAGE_ID,REFERENCE_ID,REFERENCE_TYPE,TEXT_VALUE) values ('JPSS_GRP_SRCH_ROOT_DESC','9','SELFSRV_GRP_SRCH_ROOT','ResourceEntity.displayNameMap','SelfServiceのグループルート');
Insert into LANGUAGE_MAPPING (ID,LANGUAGE_ID,REFERENCE_ID,REFERENCE_TYPE,TEXT_VALUE) values ('JPSS_RES_BACK_SRCH_DN','9','SELFSRV_RES_BACK_SRCH','ResourceEntity.displayNameMap','検索に戻る');
Insert into LANGUAGE_MAPPING (ID,LANGUAGE_ID,REFERENCE_ID,REFERENCE_TYPE,TEXT_VALUE) values ('JPSS_RES_EDIT_DN','9','SELFSRV_RES_EDIT','ResourceEntity.displayNameMap','リソースを編集');
Insert into LANGUAGE_MAPPING (ID,LANGUAGE_ID,REFERENCE_ID,REFERENCE_TYPE,TEXT_VALUE) values ('JPSS_RES_EDIT_ROOT_DESC','9','SELFSRV_RES_EDIT_ROOT','ResourceEntity.displayNameMap','SelfServiceのルソース編集ルート');
Insert into LANGUAGE_MAPPING (ID,LANGUAGE_ID,REFERENCE_ID,REFERENCE_TYPE,TEXT_VALUE) values ('JPSS_RES_NEW_DN','9','SELFSRV_RES_NEW','ResourceEntity.displayNameMap','新しいリソースを作成');
Insert into LANGUAGE_MAPPING (ID,LANGUAGE_ID,REFERENCE_ID,REFERENCE_TYPE,TEXT_VALUE) values ('JPSS_RES_SRCH_ROOT_DN','9','SELFSRV_RES_SRCH_ROOT','ResourceEntity.displayNameMap','SelfServiceのリソースルート');
Insert into LANGUAGE_MAPPING (ID,LANGUAGE_ID,REFERENCE_ID,REFERENCE_TYPE,TEXT_VALUE) values ('JPSS_ROLE_BACK_SRCH_DN','9','SELFSRV_ROLE_BACK_SRCH','ResourceEntity.displayNameMap','検索に戻る');
Insert into LANGUAGE_MAPPING (ID,LANGUAGE_ID,REFERENCE_ID,REFERENCE_TYPE,TEXT_VALUE) values ('JPSS_ROLE_EDIT_DN','9','SELFSRV_ROLE_EDIT','ResourceEntity.displayNameMap','ロールを編集');
Insert into LANGUAGE_MAPPING (ID,LANGUAGE_ID,REFERENCE_ID,REFERENCE_TYPE,TEXT_VALUE) values ('JPSS_ROLE_EDIT_ROOT_DESC','9','SELFSRV_ROLE_EDIT_ROOT','ResourceEntity.displayNameMap','SelfServiceのロール編集ルート');
Insert into LANGUAGE_MAPPING (ID,LANGUAGE_ID,REFERENCE_ID,REFERENCE_TYPE,TEXT_VALUE) values ('JPSS_ROLE_SRCH_ROOT_DN','9','SELFSRV_ROLE_SRCH_ROOT','ResourceEntity.displayNameMap','SelfServiceのロールルート');
Insert into LANGUAGE_MAPPING (ID,LANGUAGE_ID,REFERENCE_ID,REFERENCE_TYPE,TEXT_VALUE) values ('JPSELF_QUERYUSER_MENU_DISPLAY','9','SELF_QUERYUSER','ResourceEntity.displayNameMap','ユーザーを管理');
Insert into LANGUAGE_MAPPING (ID,LANGUAGE_ID,REFERENCE_ID,REFERENCE_TYPE,TEXT_VALUE) values ('JPSELF_SUB_ORGS_EDIT_DESC','9','SELF_SUB_ORGS_EDIT','ResourceEntity.displayNameMap','組織を編集');
Insert into LANGUAGE_MAPPING (ID,LANGUAGE_ID,REFERENCE_ID,REFERENCE_TYPE,TEXT_VALUE) values ('JPSELF_SUB_ORGS_NEW_DESC','9','SELF_SUB_ORGS_NEW','ResourceEntity.displayNameMap','新しい組織');
Insert into LANGUAGE_MAPPING (ID,LANGUAGE_ID,REFERENCE_ID,REFERENCE_TYPE,TEXT_VALUE) values ('JPSELF_SUB_ORGS_SEARCH_DESC','9','SELF_SUB_ORGS_SEARCH','ResourceEntity.displayNameMap','組織を検索');
Insert into LANGUAGE_MAPPING (ID,LANGUAGE_ID,REFERENCE_ID,REFERENCE_TYPE,TEXT_VALUE) values ('JPSELF_SUB_REPORT_NEW_DSC','9','SELF_SUB_REPORT_NEW','ResourceEntity.displayNameMap','レポートをサブスクライブ');
Insert into LANGUAGE_MAPPING (ID,LANGUAGE_ID,REFERENCE_ID,REFERENCE_TYPE,TEXT_VALUE) values ('JPSELF_SUB_REPORT_ROOT_DESC','9','SELF_SUB_REPORT_ROOT','ResourceEntity.displayNameMap','レポートのルーをメニューをサブスクライブ');
Insert into LANGUAGE_MAPPING (ID,LANGUAGE_ID,REFERENCE_ID,REFERENCE_TYPE,TEXT_VALUE) values ('JPSELF_VIEW_REPORT_NEW_DSC','9','SELF_VIEW_REPORT_NEW','ResourceEntity.displayNameMap','新しい表示レポートを作成');
Insert into LANGUAGE_MAPPING (ID,LANGUAGE_ID,REFERENCE_ID,REFERENCE_TYPE,TEXT_VALUE) values ('JPSELF_VIEW_REPORT_ROOT_DESC','9','SELF_VIEW_REPORT_ROOT','ResourceEntity.displayNameMap','表示レポートのルートメニュー');
Insert into LANGUAGE_MAPPING (ID,LANGUAGE_ID,REFERENCE_ID,REFERENCE_TYPE,TEXT_VALUE) values ('JPMetadataTypeEntity67','9','SERVICE REP','MetadataTypeEntity.displayNameMap','SERVICE REP');
Insert into LANGUAGE_MAPPING (ID,LANGUAGE_ID,REFERENCE_ID,REFERENCE_TYPE,TEXT_VALUE) values ('JPMetadataTypeEntity68','9','SOAP_Connector','MetadataTypeEntity.displayNameMap','SOAPコネクタ');
Insert into LANGUAGE_MAPPING (ID,LANGUAGE_ID,REFERENCE_ID,REFERENCE_TYPE,TEXT_VALUE) values ('JPSS_GRP_ENT_DN','9','SS_GRP_ENT','ResourceEntity.displayNameMap','権限');
Insert into LANGUAGE_MAPPING (ID,LANGUAGE_ID,REFERENCE_ID,REFERENCE_TYPE,TEXT_VALUE) values ('JPSS_ORG_BACK_SEARCH_DN','9','SS_ORG_BACK_SEARCH','ResourceEntity.displayNameMap','検索に戻る');
Insert into LANGUAGE_MAPPING (ID,LANGUAGE_ID,REFERENCE_ID,REFERENCE_TYPE,TEXT_VALUE) values ('JPSS_RES_ENT_DN','9','SS_RES_ENT','ResourceEntity.displayNameMap','権限');
Insert into LANGUAGE_MAPPING (ID,LANGUAGE_ID,REFERENCE_ID,REFERENCE_TYPE,TEXT_VALUE) values ('JPSS_ROLE_ENT_DN','9','SS_ROLE_ENT','ResourceEntity.displayNameMap','権限');
Insert into LANGUAGE_MAPPING (ID,LANGUAGE_ID,REFERENCE_ID,REFERENCE_TYPE,TEXT_VALUE) values ('JPSUBSCRIBE_MENU_DESC','9','SUBSCRIBE','ResourceEntity.displayNameMap','サブスクライブ');
Insert into LANGUAGE_MAPPING (ID,LANGUAGE_ID,REFERENCE_ID,REFERENCE_TYPE,TEXT_VALUE) values ('JPSUBSIDIARY','9','SUBSIDIARY','OrganizationTypeEntity.displayNameMap','子会社');
Insert into LANGUAGE_MAPPING (ID,LANGUAGE_ID,REFERENCE_ID,REFERENCE_TYPE,TEXT_VALUE) values ('JPSUP_SUB_PAGE_DIS','9','SUP_SUB_PAGE','ResourceEntity.displayNameMap','上司 & 部下');
Insert into LANGUAGE_MAPPING (ID,LANGUAGE_ID,REFERENCE_ID,REFERENCE_TYPE,TEXT_VALUE) values ('JPSYNCLOG_ADMIN_DESC','9','SYNCLOG','ResourceEntity.displayNameMap','ログビューア');
Insert into LANGUAGE_MAPPING (ID,LANGUAGE_ID,REFERENCE_ID,REFERENCE_TYPE,TEXT_VALUE) values ('JPSYNCLOG_DESC','9','SYNCLOG_MENU_ITEM','ResourceEntity.displayNameMap','同期トランザクションのログビューア');
Insert into LANGUAGE_MAPPING (ID,LANGUAGE_ID,REFERENCE_ID,REFERENCE_TYPE,TEXT_VALUE) values ('JPSYNCUSER_MENU_DISPLAY','9','SYNCUSER','ResourceEntity.displayNameMap','同期');
Insert into LANGUAGE_MAPPING (ID,LANGUAGE_ID,REFERENCE_ID,REFERENCE_TYPE,TEXT_VALUE) values ('JPSYNCUSER_EDIT_DESC','9','SYNCUSER_EDIT','ResourceEntity.displayNameMap','同期を編集');
Insert into LANGUAGE_MAPPING (ID,LANGUAGE_ID,REFERENCE_ID,REFERENCE_TYPE,TEXT_VALUE) values ('JPSYNCUSER_DESC','9','SYNCUSER_MENU_ITEM','ResourceEntity.displayNameMap','同期');
Insert into LANGUAGE_MAPPING (ID,LANGUAGE_ID,REFERENCE_ID,REFERENCE_TYPE,TEXT_VALUE) values ('JPSYNCUSER_NEW_DESC','9','SYNCUSER_NEW','ResourceEntity.displayNameMap','同期を作成');
Insert into LANGUAGE_MAPPING (ID,LANGUAGE_ID,REFERENCE_ID,REFERENCE_TYPE,TEXT_VALUE) values ('JPSYNCUSER_POLICYMAP_DESC','9','SYNCUSER_POLICYMAP','ResourceEntity.displayNameMap','ポリシーマップ');
Insert into LANGUAGE_MAPPING (ID,LANGUAGE_ID,REFERENCE_ID,REFERENCE_TYPE,TEXT_VALUE) values ('JPMetadataTypeEntity69','9','SYS ACCOUNT','MetadataTypeEntity.displayNameMap','SYSTEM ACCOUNT');
Insert into LANGUAGE_MAPPING (ID,LANGUAGE_ID,REFERENCE_ID,REFERENCE_TYPE,TEXT_VALUE) values ('JPMetadataTypeEntity70','9','SystemAccount','MetadataTypeEntity.displayNameMap','システムアカウント・タイプ');
Insert into LANGUAGE_MAPPING (ID,LANGUAGE_ID,REFERENCE_ID,REFERENCE_TYPE,TEXT_VALUE) values ('JPMetadataTypeEntity71','9','SYS_ACTION','MetadataTypeEntity.displayNameMap','システムアクション');
Insert into LANGUAGE_MAPPING (ID,LANGUAGE_ID,REFERENCE_ID,REFERENCE_TYPE,TEXT_VALUE) values ('JPSYS_ACTION','9','SYS_ACTION','ResourceTypeEntity.displayNameMap','システムアクション');
Insert into LANGUAGE_MAPPING (ID,LANGUAGE_ID,REFERENCE_ID,REFERENCE_TYPE,TEXT_VALUE) values ('JPTEMPLATE_SEARCH_CHILD_DESC','9','TEMPLATE_SEARCH_CHILD','ResourceEntity.displayNameMap','ページテンプレート');
Insert into LANGUAGE_MAPPING (ID,LANGUAGE_ID,REFERENCE_ID,REFERENCE_TYPE,TEXT_VALUE) values ('JPMetadataTypeEntity72','9','TERMINATED','MetadataTypeEntity.displayNameMap','TERMINATE');
Insert into LANGUAGE_MAPPING (ID,LANGUAGE_ID,REFERENCE_ID,REFERENCE_TYPE,TEXT_VALUE) values ('JPMetadataTypeEntity74','9','TEXTAREA','MetadataTypeEntity.displayNameMap','複数行のテキストフィールド');
Insert into LANGUAGE_MAPPING (ID,LANGUAGE_ID,REFERENCE_ID,REFERENCE_TYPE,TEXT_VALUE) values ('JPMetadataTypeEntity75','9','UB','MetadataTypeEntity.displayNameMap','UN-DISABLE');
Insert into LANGUAGE_MAPPING (ID,LANGUAGE_ID,REFERENCE_ID,REFERENCE_TYPE,TEXT_VALUE) values ('JPMetadataTypeEntity76','9','UI_TEMPLATE','MetadataTypeEntity.displayNameMap','UI_TEMPLATE');
Insert into LANGUAGE_MAPPING (ID,LANGUAGE_ID,REFERENCE_ID,REFERENCE_TYPE,TEXT_VALUE) values ('JPUI_TEMPLATE','9','UI_TEMPLATE','ResourceTypeEntity.displayNameMap','UIのテンプレート');
Insert into LANGUAGE_MAPPING (ID,LANGUAGE_ID,REFERENCE_ID,REFERENCE_TYPE,TEXT_VALUE) values ('JPUI_THEMES_DN','9','UI_THEMES','ResourceEntity.displayNameMap','UIのテーマ');
Insert into LANGUAGE_MAPPING (ID,LANGUAGE_ID,REFERENCE_ID,REFERENCE_TYPE,TEXT_VALUE) values ('JPUI_THEME_BACK_SRCH_DN','9','UI_THEME_BACK_SRCH','ResourceEntity.displayNameMap','検索に戻る');
Insert into LANGUAGE_MAPPING (ID,LANGUAGE_ID,REFERENCE_ID,REFERENCE_TYPE,TEXT_VALUE) values ('JPUI_THEME_EDIT_DN','9','UI_THEME_EDIT','ResourceEntity.displayNameMap','UIのテーマ編集');
Insert into LANGUAGE_MAPPING (ID,LANGUAGE_ID,REFERENCE_ID,REFERENCE_TYPE,TEXT_VALUE) values ('JPUI_THEME_EDIT_MODIFY_DN','9','UI_THEME_EDIT_MODIFY','ResourceEntity.displayNameMap','UIのテーマを編集');
Insert into LANGUAGE_MAPPING (ID,LANGUAGE_ID,REFERENCE_ID,REFERENCE_TYPE,TEXT_VALUE) values ('JPUI_THEME_ROOT_DN','9','UI_THEME_ROOT','ResourceEntity.displayNameMap','UIのテーマルート');
Insert into LANGUAGE_MAPPING (ID,LANGUAGE_ID,REFERENCE_ID,REFERENCE_TYPE,TEXT_VALUE) values ('JPUI_THEME_ROOT_SRCH_DN','9','UI_THEME_ROOT_SRCH','ResourceEntity.displayNameMap','UIのテーマを検索');
Insert into LANGUAGE_MAPPING (ID,LANGUAGE_ID,REFERENCE_ID,REFERENCE_TYPE,TEXT_VALUE) values ('JPMetadataTypeEntity77','9','UI_WIDGET','MetadataTypeEntity.displayNameMap','UI_WIDGET');
Insert into LANGUAGE_MAPPING (ID,LANGUAGE_ID,REFERENCE_ID,REFERENCE_TYPE,TEXT_VALUE) values ('JPUI_WIDGET','9','UI_WIDGET','ResourceTypeEntity.displayNameMap','UIのウィジェット');
Insert into LANGUAGE_MAPPING (ID,LANGUAGE_ID,REFERENCE_ID,REFERENCE_TYPE,TEXT_VALUE) values ('ZHDEFAULT_USER_TYPE','10','DEFAULT_USER','MetadataTypeEntity.displayNameMap','默认用户');
Insert into LANGUAGE_MAPPING (ID,LANGUAGE_ID,REFERENCE_ID,REFERENCE_TYPE,TEXT_VALUE) values ('ZHINTERNAL_USER_TYPE','10','INTERNAL_USER','MetadataTypeEntity.displayNameMap','内部用户');
Insert into LANGUAGE_MAPPING (ID,LANGUAGE_ID,REFERENCE_ID,REFERENCE_TYPE,TEXT_VALUE) values ('ZHMetadataTypeEntity1','10','ACCNT','MetadataTypeEntity.displayNameMap','账号');
Insert into LANGUAGE_MAPPING (ID,LANGUAGE_ID,REFERENCE_ID,REFERENCE_TYPE,TEXT_VALUE) values ('ZHMetadataTypeEntity2','10','ACTIVE','MetadataTypeEntity.displayNameMap','有效的');
Insert into LANGUAGE_MAPPING (ID,LANGUAGE_ID,REFERENCE_ID,REFERENCE_TYPE,TEXT_VALUE) values ('ZHMetadataTypeEntity3','10','ADGroup','MetadataTypeEntity.displayNameMap','AD用户类型');
Insert into LANGUAGE_MAPPING (ID,LANGUAGE_ID,REFERENCE_ID,REFERENCE_TYPE,TEXT_VALUE) values ('ZHMetadataTypeEntity4','10','ADMGP','MetadataTypeEntity.displayNameMap','管理群组');
Insert into LANGUAGE_MAPPING (ID,LANGUAGE_ID,REFERENCE_ID,REFERENCE_TYPE,TEXT_VALUE) values ('ZHMetadataTypeEntity5','10','ADMIN','MetadataTypeEntity.displayNameMap','管理员');
Insert into LANGUAGE_MAPPING (ID,LANGUAGE_ID,REFERENCE_ID,REFERENCE_TYPE,TEXT_VALUE) values ('ZHMetadataTypeEntity6','10','ADMIN_RESOURCE','MetadataTypeEntity.displayNameMap','管理资源');
Insert into LANGUAGE_MAPPING (ID,LANGUAGE_ID,REFERENCE_ID,REFERENCE_TYPE,TEXT_VALUE) values ('ZHMetadataTypeEntity7','10','ADUser','MetadataTypeEntity.displayNameMap','AD用户类型');
Insert into LANGUAGE_MAPPING (ID,LANGUAGE_ID,REFERENCE_ID,REFERENCE_TYPE,TEXT_VALUE) values ('ZHMetadataTypeEntity8','10','AD_Connector','MetadataTypeEntity.displayNameMap','活动目录连接器');
Insert into LANGUAGE_MAPPING (ID,LANGUAGE_ID,REFERENCE_ID,REFERENCE_TYPE,TEXT_VALUE) values ('ZHMetadataTypeEntity9','10','AD_GROUP_TYPE','MetadataTypeEntity.displayNameMap','AD群组类型');
Insert into LANGUAGE_MAPPING (ID,LANGUAGE_ID,REFERENCE_ID,REFERENCE_TYPE,TEXT_VALUE) values ('ZHMetadataTypeEntity10','10','APPROVAL_DECLINED','MetadataTypeEntity.displayNameMap','APPROVAL_DECLINED');
Insert into LANGUAGE_MAPPING (ID,LANGUAGE_ID,REFERENCE_ID,REFERENCE_TYPE,TEXT_VALUE) values ('ZHMetadataTypeEntity11','10','ATTR','MetadataTypeEntity.displayNameMap','属性');
Insert into LANGUAGE_MAPPING (ID,LANGUAGE_ID,REFERENCE_ID,REFERENCE_TYPE,TEXT_VALUE) values ('ZHMetadataTypeEntity12','10','AUTHENTICATION_PROVIDER','MetadataTypeEntity.displayNameMap','验证提供者');
Insert into LANGUAGE_MAPPING (ID,LANGUAGE_ID,REFERENCE_ID,REFERENCE_TYPE,TEXT_VALUE) values ('ZHMetadataTypeEntity13','10','AUTH_REPO','MetadataTypeEntity.displayNameMap','验证资源库');
Insert into LANGUAGE_MAPPING (ID,LANGUAGE_ID,REFERENCE_ID,REFERENCE_TYPE,TEXT_VALUE) values ('ZHMetadataTypeEntity14','10','BL','MetadataTypeEntity.displayNameMap','禁用');
Insert into LANGUAGE_MAPPING (ID,LANGUAGE_ID,REFERENCE_ID,REFERENCE_TYPE,TEXT_VALUE) values ('ZHMetadataTypeEntity15','10','CELL_PHONE','MetadataTypeEntity.displayNameMap','手机');
Insert into LANGUAGE_MAPPING (ID,LANGUAGE_ID,REFERENCE_ID,REFERENCE_TYPE,TEXT_VALUE) values ('ZHMetadataTypeEntity16','10','CHECKBOX','MetadataTypeEntity.displayNameMap','复选框');
Insert into LANGUAGE_MAPPING (ID,LANGUAGE_ID,REFERENCE_ID,REFERENCE_TYPE,TEXT_VALUE) values ('ZHMetadataTypeEntity17','10','CONTENT_PROVIDER','MetadataTypeEntity.displayNameMap','内容提供者');
Insert into LANGUAGE_MAPPING (ID,LANGUAGE_ID,REFERENCE_ID,REFERENCE_TYPE,TEXT_VALUE) values ('ZHMetadataTypeEntity18','10','Contractor','MetadataTypeEntity.displayNameMap','订约人用户类型');
Insert into LANGUAGE_MAPPING (ID,LANGUAGE_ID,REFERENCE_ID,REFERENCE_TYPE,TEXT_VALUE) values ('ZHMetadataTypeEntity19','10','DATE','MetadataTypeEntity.displayNameMap','日期字段');
Insert into LANGUAGE_MAPPING (ID,LANGUAGE_ID,REFERENCE_ID,REFERENCE_TYPE,TEXT_VALUE) values ('ZHMetadataTypeEntity20','10','DEFAULT_GROUP','MetadataTypeEntity.displayNameMap','默认群组类型');
Insert into LANGUAGE_MAPPING (ID,LANGUAGE_ID,REFERENCE_ID,REFERENCE_TYPE,TEXT_VALUE) values ('ZHMetadataTypeEntity21','10','DELETED','MetadataTypeEntity.displayNameMap','已删除');
Insert into LANGUAGE_MAPPING (ID,LANGUAGE_ID,REFERENCE_ID,REFERENCE_TYPE,TEXT_VALUE) values ('ZHMetadataTypeEntity22','10','departmentType','MetadataTypeEntity.displayNameMap','部门');
Insert into LANGUAGE_MAPPING (ID,LANGUAGE_ID,REFERENCE_ID,REFERENCE_TYPE,TEXT_VALUE) values ('ZHMetadataTypeEntity23','10','DIRECTORY','MetadataTypeEntity.displayNameMap','目录');
Insert into LANGUAGE_MAPPING (ID,LANGUAGE_ID,REFERENCE_ID,REFERENCE_TYPE,TEXT_VALUE) values ('ZHMetadataTypeEntity24','10','DISABLED','MetadataTypeEntity.displayNameMap','已禁用');
Insert into LANGUAGE_MAPPING (ID,LANGUAGE_ID,REFERENCE_ID,REFERENCE_TYPE,TEXT_VALUE) values ('ZHMetadataTypeEntity25','10','divisionType','MetadataTypeEntity.displayNameMap','分部');
Insert into LANGUAGE_MAPPING (ID,LANGUAGE_ID,REFERENCE_ID,REFERENCE_TYPE,TEXT_VALUE) values ('ZHMetadataTypeEntity26','10','DL','MetadataTypeEntity.displayNameMap','删除');
Insert into LANGUAGE_MAPPING (ID,LANGUAGE_ID,REFERENCE_ID,REFERENCE_TYPE,TEXT_VALUE) values ('ZHMetadataTypeEntity27','10','FILE','MetadataTypeEntity.displayNameMap','文件');
Insert into LANGUAGE_MAPPING (ID,LANGUAGE_ID,REFERENCE_ID,REFERENCE_TYPE,TEXT_VALUE) values ('ZHMetadataTypeEntity28','10','GOOGLE_Connector','MetadataTypeEntity.displayNameMap','GOOGLE APPS连接器');
Insert into LANGUAGE_MAPPING (ID,LANGUAGE_ID,REFERENCE_ID,REFERENCE_TYPE,TEXT_VALUE) values ('ZHMetadataTypeEntity29','10','HOME_ADDRESS','MetadataTypeEntity.displayNameMap','家庭住址');
Insert into LANGUAGE_MAPPING (ID,LANGUAGE_ID,REFERENCE_ID,REFERENCE_TYPE,TEXT_VALUE) values ('ZHMetadataTypeEntity30','10','HOME_EMAIL','MetadataTypeEntity.displayNameMap','家庭电子邮件地址');
Insert into LANGUAGE_MAPPING (ID,LANGUAGE_ID,REFERENCE_ID,REFERENCE_TYPE,TEXT_VALUE) values ('ZHMetadataTypeEntity31','10','HOME_PHONE','MetadataTypeEntity.displayNameMap','家庭电话');
Insert into LANGUAGE_MAPPING (ID,LANGUAGE_ID,REFERENCE_ID,REFERENCE_TYPE,TEXT_VALUE) values ('ZHMetadataTypeEntity32','10','INACTIVE','MetadataTypeEntity.displayNameMap','无效的');
Insert into LANGUAGE_MAPPING (ID,LANGUAGE_ID,REFERENCE_ID,REFERENCE_TYPE,TEXT_VALUE) values ('ZHMetadataTypeEntity33','10','InetOrgPerson','MetadataTypeEntity.displayNameMap','InetOrgPerson用户类型');
Insert into LANGUAGE_MAPPING (ID,LANGUAGE_ID,REFERENCE_ID,REFERENCE_TYPE,TEXT_VALUE) values ('ZHMetadataTypeEntity34','10','KERBEROS_KEYTAB_FILE','MetadataTypeEntity.displayNameMap','Kerberos Keytab文件');
Insert into LANGUAGE_MAPPING (ID,LANGUAGE_ID,REFERENCE_ID,REFERENCE_TYPE,TEXT_VALUE) values ('ZHMetadataTypeEntity35','10','KERBEROS_SERVICE_NAME','MetadataTypeEntity.displayNameMap','Kerberos服务名');
Insert into LANGUAGE_MAPPING (ID,LANGUAGE_ID,REFERENCE_ID,REFERENCE_TYPE,TEXT_VALUE) values ('ZHMetadataTypeEntity36','10','LdapOrgPerson','MetadataTypeEntity.displayNameMap','LdapOrgPerson用户类型');
Insert into LANGUAGE_MAPPING (ID,LANGUAGE_ID,REFERENCE_ID,REFERENCE_TYPE,TEXT_VALUE) values ('ZHMetadataTypeEntity37','10','LDAP_Connector','MetadataTypeEntity.displayNameMap','LDAP连接器');
Insert into LANGUAGE_MAPPING (ID,LANGUAGE_ID,REFERENCE_ID,REFERENCE_TYPE,TEXT_VALUE) values ('ZHMetadataTypeEntity38','10','LDAP_GROUP_TYPE','MetadataTypeEntity.displayNameMap','LDAP群主类型');
Insert into LANGUAGE_MAPPING (ID,LANGUAGE_ID,REFERENCE_ID,REFERENCE_TYPE,TEXT_VALUE) values ('ZHMetadataTypeEntity39','10','LEAVE','MetadataTypeEntity.displayNameMap','离开');
Insert into LANGUAGE_MAPPING (ID,LANGUAGE_ID,REFERENCE_ID,REFERENCE_TYPE,TEXT_VALUE) values ('ZHMetadataTypeEntity40','10','LINUX_Connector','MetadataTypeEntity.displayNameMap','Linux连接器');
Insert into LANGUAGE_MAPPING (ID,LANGUAGE_ID,REFERENCE_ID,REFERENCE_TYPE,TEXT_VALUE) values ('ZHMetadataTypeEntity41','10','LOCKED','MetadataTypeEntity.displayNameMap','已锁定');
Insert into LANGUAGE_MAPPING (ID,LANGUAGE_ID,REFERENCE_ID,REFERENCE_TYPE,TEXT_VALUE) values ('ZHMetadataTypeEntity42','10','LOCKED_ADMIN','MetadataTypeEntity.displayNameMap','LOCKED_ADMIN');
Insert into LANGUAGE_MAPPING (ID,LANGUAGE_ID,REFERENCE_ID,REFERENCE_TYPE,TEXT_VALUE) values ('ZHMetadataTypeEntity43','10','MANAGED_SYS','MetadataTypeEntity.displayNameMap','托管系统');
Insert into LANGUAGE_MAPPING (ID,LANGUAGE_ID,REFERENCE_ID,REFERENCE_TYPE,TEXT_VALUE) values ('ZHMetadataTypeEntity44','10','MANAGER','MetadataTypeEntity.displayNameMap','管理员');
Insert into LANGUAGE_MAPPING (ID,LANGUAGE_ID,REFERENCE_ID,REFERENCE_TYPE,TEXT_VALUE) values ('ZHMetadataTypeEntity45','10','MENU_ITEM','MetadataTypeEntity.displayNameMap','菜单项类型');
Insert into LANGUAGE_MAPPING (ID,LANGUAGE_ID,REFERENCE_ID,REFERENCE_TYPE,TEXT_VALUE) values ('ZHMetadataTypeEntity47','10','NO-PROVISION-APP','MetadataTypeEntity.displayNameMap','无法服务开通的应用程序');
Insert into LANGUAGE_MAPPING (ID,LANGUAGE_ID,REFERENCE_ID,REFERENCE_TYPE,TEXT_VALUE) values ('ZHMetadataTypeEntity48','10','OFF-LINE','MetadataTypeEntity.displayNameMap','离线');
Insert into LANGUAGE_MAPPING (ID,LANGUAGE_ID,REFERENCE_ID,REFERENCE_TYPE,TEXT_VALUE) values ('ZHMetadataTypeEntity49','10','OFFICE_ADDRESS','MetadataTypeEntity.displayNameMap','工作地址');
Insert into LANGUAGE_MAPPING (ID,LANGUAGE_ID,REFERENCE_ID,REFERENCE_TYPE,TEXT_VALUE) values ('ZHMetadataTypeEntity50','10','OFFICE_PHONE','MetadataTypeEntity.displayNameMap','工作电话');
Insert into LANGUAGE_MAPPING (ID,LANGUAGE_ID,REFERENCE_ID,REFERENCE_TYPE,TEXT_VALUE) values ('ZHMetadataTypeEntity51','10','OrgOpenIAM','MetadataTypeEntity.displayNameMap','OpenIAM');
Insert into LANGUAGE_MAPPING (ID,LANGUAGE_ID,REFERENCE_ID,REFERENCE_TYPE,TEXT_VALUE) values ('ZHMetadataTypeEntity52','10','PASSWORD','MetadataTypeEntity.displayNameMap','口令字段');
Insert into LANGUAGE_MAPPING (ID,LANGUAGE_ID,REFERENCE_ID,REFERENCE_TYPE,TEXT_VALUE) values ('ZHMetadataTypeEntity53','10','PENDING_APPROVAL','MetadataTypeEntity.displayNameMap','PENDING_APPROVAL');
Insert into LANGUAGE_MAPPING (ID,LANGUAGE_ID,REFERENCE_ID,REFERENCE_TYPE,TEXT_VALUE) values ('ZHMetadataTypeEntity54','10','PENDING_INITIAL_LOGIN','MetadataTypeEntity.displayNameMap','PENDING_INITIAL_LOGIN');
Insert into LANGUAGE_MAPPING (ID,LANGUAGE_ID,REFERENCE_ID,REFERENCE_TYPE,TEXT_VALUE) values ('ZHMetadataTypeEntity55','10','PENDING_START_DATE','MetadataTypeEntity.displayNameMap','PENDING_START_DATE');
Insert into LANGUAGE_MAPPING (ID,LANGUAGE_ID,REFERENCE_ID,REFERENCE_TYPE,TEXT_VALUE) values ('ZHMetadataTypeEntity56','10','PENDING_USER_VALIDATION','MetadataTypeEntity.displayNameMap','PENDING_USER_VALIDATION');
Insert into LANGUAGE_MAPPING (ID,LANGUAGE_ID,REFERENCE_ID,REFERENCE_TYPE,TEXT_VALUE) values ('ZHMetadataTypeEntity57','10','PRIMARY_EMAIL','MetadataTypeEntity.displayNameMap','主要电邮地址');
Insert into LANGUAGE_MAPPING (ID,LANGUAGE_ID,REFERENCE_ID,REFERENCE_TYPE,TEXT_VALUE) values ('ZHMetadataTypeEntity58','10','RADIO','MetadataTypeEntity.displayNameMap','单选按钮');
Insert into LANGUAGE_MAPPING (ID,LANGUAGE_ID,REFERENCE_ID,REFERENCE_TYPE,TEXT_VALUE) values ('ZHMetadataTypeEntity59','10','RDBMS_Connector','MetadataTypeEntity.displayNameMap','关系型数据库系统连接器');
Insert into LANGUAGE_MAPPING (ID,LANGUAGE_ID,REFERENCE_ID,REFERENCE_TYPE,TEXT_VALUE) values ('ZHMetadataTypeEntity60','10','READY','MetadataTypeEntity.displayNameMap','就绪');
Insert into LANGUAGE_MAPPING (ID,LANGUAGE_ID,REFERENCE_ID,REFERENCE_TYPE,TEXT_VALUE) values ('ZHMetadataTypeEntity61','10','RETIRED','MetadataTypeEntity.displayNameMap','已退出');
Insert into LANGUAGE_MAPPING (ID,LANGUAGE_ID,REFERENCE_ID,REFERENCE_TYPE,TEXT_VALUE) values ('ZHMetadataTypeEntity62','10','RJ','MetadataTypeEntity.displayNameMap','驳回');
Insert into LANGUAGE_MAPPING (ID,LANGUAGE_ID,REFERENCE_ID,REFERENCE_TYPE,TEXT_VALUE) values ('ZHMetadataTypeEntity63','10','SALES REP','MetadataTypeEntity.displayNameMap','销售代表');
Insert into LANGUAGE_MAPPING (ID,LANGUAGE_ID,REFERENCE_ID,REFERENCE_TYPE,TEXT_VALUE) values ('ZHMetadataTypeEntity64','10','SCRIPT_Connector','MetadataTypeEntity.displayNameMap','脚本连接器');
Insert into LANGUAGE_MAPPING (ID,LANGUAGE_ID,REFERENCE_ID,REFERENCE_TYPE,TEXT_VALUE) values ('ZHMetadataTypeEntity65','10','SECURITY MANAGER','MetadataTypeEntity.displayNameMap','安全管理员');
Insert into LANGUAGE_MAPPING (ID,LANGUAGE_ID,REFERENCE_ID,REFERENCE_TYPE,TEXT_VALUE) values ('ZHMetadataTypeEntity67','10','SERVICE REP','MetadataTypeEntity.displayNameMap','服务代表');
Insert into LANGUAGE_MAPPING (ID,LANGUAGE_ID,REFERENCE_ID,REFERENCE_TYPE,TEXT_VALUE) values ('ZHMetadataTypeEntity68','10','SOAP_Connector','MetadataTypeEntity.displayNameMap','SOAP连接器');
Insert into LANGUAGE_MAPPING (ID,LANGUAGE_ID,REFERENCE_ID,REFERENCE_TYPE,TEXT_VALUE) values ('ZHMetadataTypeEntity69','10','SYS ACCOUNT','MetadataTypeEntity.displayNameMap','系统账号');
Insert into LANGUAGE_MAPPING (ID,LANGUAGE_ID,REFERENCE_ID,REFERENCE_TYPE,TEXT_VALUE) values ('ZHMetadataTypeEntity70','10','SystemAccount','MetadataTypeEntity.displayNameMap','系统账号类型');
Insert into LANGUAGE_MAPPING (ID,LANGUAGE_ID,REFERENCE_ID,REFERENCE_TYPE,TEXT_VALUE) values ('ZHMetadataTypeEntity71','10','SYS_ACTION','MetadataTypeEntity.displayNameMap','系统操作');
Insert into LANGUAGE_MAPPING (ID,LANGUAGE_ID,REFERENCE_ID,REFERENCE_TYPE,TEXT_VALUE) values ('ZHMetadataTypeEntity72','10','TERMINATED','MetadataTypeEntity.displayNameMap','已终结');
Insert into LANGUAGE_MAPPING (ID,LANGUAGE_ID,REFERENCE_ID,REFERENCE_TYPE,TEXT_VALUE) values ('ZHMetadataTypeEntity74','10','TEXTAREA','MetadataTypeEntity.displayNameMap','多行文本字段');
Insert into LANGUAGE_MAPPING (ID,LANGUAGE_ID,REFERENCE_ID,REFERENCE_TYPE,TEXT_VALUE) values ('ZHMetadataTypeEntity75','10','UB','MetadataTypeEntity.displayNameMap','激活');
Insert into LANGUAGE_MAPPING (ID,LANGUAGE_ID,REFERENCE_ID,REFERENCE_TYPE,TEXT_VALUE) values ('ZHMetadataTypeEntity76','10','UI_TEMPLATE','MetadataTypeEntity.displayNameMap','UI_TEMPLATE');
Insert into LANGUAGE_MAPPING (ID,LANGUAGE_ID,REFERENCE_ID,REFERENCE_TYPE,TEXT_VALUE) values ('ZHMetadataTypeEntity77','10','UI_WIDGET','MetadataTypeEntity.displayNameMap','UI_WIDGET');
Insert into LANGUAGE_MAPPING (ID,LANGUAGE_ID,REFERENCE_ID,REFERENCE_TYPE,TEXT_VALUE) values ('ZHMetadataTypeEntity78','10','URL','MetadataTypeEntity.displayNameMap','URL');
Insert into LANGUAGE_MAPPING (ID,LANGUAGE_ID,REFERENCE_ID,REFERENCE_TYPE,TEXT_VALUE) values ('ZHMetadataTypeEntity79','10','URL_PATTERN','MetadataTypeEntity.displayNameMap','Url模式');
Insert into LANGUAGE_MAPPING (ID,LANGUAGE_ID,REFERENCE_ID,REFERENCE_TYPE,TEXT_VALUE) values ('ZHMetadataTypeEntity80','10','WEBSERVICE','MetadataTypeEntity.displayNameMap','Web服务');
Insert into LANGUAGE_MAPPING (ID,LANGUAGE_ID,REFERENCE_ID,REFERENCE_TYPE,TEXT_VALUE) values ('ZHMetadataTypeEntity81','10','WEBSERVICE_OP','MetadataTypeEntity.displayNameMap','Web服务操作');
Insert into LANGUAGE_MAPPING (ID,LANGUAGE_ID,REFERENCE_ID,REFERENCE_TYPE,TEXT_VALUE) values ('ZHMetadataTypeEntity82','10','WORK_EMAIL','MetadataTypeEntity.displayNameMap','工作电邮地址');
Insert into LANGUAGE_MAPPING (ID,LANGUAGE_ID,REFERENCE_ID,REFERENCE_TYPE,TEXT_VALUE) values ('ZHDIVISION','10','DIVISION','OrganizationTypeEntity.displayNameMap','分部');
Insert into LANGUAGE_MAPPING (ID,LANGUAGE_ID,REFERENCE_ID,REFERENCE_TYPE,TEXT_VALUE) values ('ZHDEPARTMENT','10','DEPARTMENT','OrganizationTypeEntity.displayNameMap','部门');
Insert into LANGUAGE_MAPPING (ID,LANGUAGE_ID,REFERENCE_ID,REFERENCE_TYPE,TEXT_VALUE) values ('ZHSUBSIDIARY','10','SUBSIDIARY','OrganizationTypeEntity.displayNameMap','附属机构');
Insert into LANGUAGE_MAPPING (ID,LANGUAGE_ID,REFERENCE_ID,REFERENCE_TYPE,TEXT_VALUE) values ('ZHORGANIZATION','10','ORGANIZATION','OrganizationTypeEntity.displayNameMap','组织');
Insert into LANGUAGE_MAPPING (ID,LANGUAGE_ID,REFERENCE_ID,REFERENCE_TYPE,TEXT_VALUE) values ('ZHABOUT_DESC','10','ABOUT','ResourceEntity.displayNameMap','关于OpenIAM');
Insert into LANGUAGE_MAPPING (ID,LANGUAGE_ID,REFERENCE_ID,REFERENCE_TYPE,TEXT_VALUE) values ('ZHMNGSYS_DSC','10','MNGSYS_NEW','ResourceEntity.displayNameMap','创建托管系统');
Insert into LANGUAGE_MAPPING (ID,LANGUAGE_ID,REFERENCE_ID,REFERENCE_TYPE,TEXT_VALUE) values ('ZHMNGSYS_DESC','10','MNGSYS_MENU_ITEM','ResourceEntity.displayNameMap','托管系统');
Insert into LANGUAGE_MAPPING (ID,LANGUAGE_ID,REFERENCE_ID,REFERENCE_TYPE,TEXT_VALUE) values ('ZHNEW_ORG_DESC','10','NEW_ORG','ResourceEntity.displayNameMap','创建组织');
Insert into LANGUAGE_MAPPING (ID,LANGUAGE_ID,REFERENCE_ID,REFERENCE_TYPE,TEXT_VALUE) values ('ZHSYNCLOG_DESC','10','SYNCLOG_MENU_ITEM','ResourceEntity.displayNameMap','同步事务日志查看器');
Insert into LANGUAGE_MAPPING (ID,LANGUAGE_ID,REFERENCE_ID,REFERENCE_TYPE,TEXT_VALUE) values ('ZHUI_THEMES_DN','10','UI_THEMES','ResourceEntity.displayNameMap','UI主题');
Insert into LANGUAGE_MAPPING (ID,LANGUAGE_ID,REFERENCE_ID,REFERENCE_TYPE,TEXT_VALUE) values ('ZHBULK_OPS_DESC','10','BULK_OPS','ResourceEntity.displayNameMap','用户批量操作');
Insert into LANGUAGE_MAPPING (ID,LANGUAGE_ID,REFERENCE_ID,REFERENCE_TYPE,TEXT_VALUE) values ('ZHEDIT_ORG_DESC','10','EDIT_ORG','ResourceEntity.displayNameMap','编辑组织');
Insert into LANGUAGE_MAPPING (ID,LANGUAGE_ID,REFERENCE_ID,REFERENCE_TYPE,TEXT_VALUE) values ('ZHNEW_ROLE_DESC','10','NEW_ROLE','ResourceEntity.displayNameMap','创建角色');
Insert into LANGUAGE_MAPPING (ID,LANGUAGE_ID,REFERENCE_ID,REFERENCE_TYPE,TEXT_VALUE) values ('ZHNEW_USER_DESC','10','NEW_USER','ResourceEntity.displayNameMap','创建用户');
Insert into LANGUAGE_MAPPING (ID,LANGUAGE_ID,REFERENCE_ID,REFERENCE_TYPE,TEXT_VALUE) values ('ZHRES_TYPE_DESC','10','RES_TYPE_ITEM','ResourceEntity.displayNameMap','资源类型');
Insert into LANGUAGE_MAPPING (ID,LANGUAGE_ID,REFERENCE_ID,REFERENCE_TYPE,TEXT_VALUE) values ('ZHSS_GRP_ENT_DN','10','SS_GRP_ENT','ResourceEntity.displayNameMap','权利');
Insert into LANGUAGE_MAPPING (ID,LANGUAGE_ID,REFERENCE_ID,REFERENCE_TYPE,TEXT_VALUE) values ('ZHSS_RES_ENT_DN','10','SS_RES_ENT','ResourceEntity.displayNameMap','权利');
Insert into LANGUAGE_MAPPING (ID,LANGUAGE_ID,REFERENCE_ID,REFERENCE_TYPE,TEXT_VALUE) values ('ZHSYNCUSER_DESC','10','SYNCUSER_MENU_ITEM','ResourceEntity.displayNameMap','同步');
Insert into LANGUAGE_MAPPING (ID,LANGUAGE_ID,REFERENCE_ID,REFERENCE_TYPE,TEXT_VALUE) values ('ZHEDIT_ROLE_DESC','10','EDIT_ROLE','ResourceEntity.displayNameMap','编辑角色');
Insert into LANGUAGE_MAPPING (ID,LANGUAGE_ID,REFERENCE_ID,REFERENCE_TYPE,TEXT_VALUE) values ('ZHLANGUAGE_EDIT1','10','LANGUAGE_EDIT','ResourceEntity.displayNameMap','新建语言');
Insert into LANGUAGE_MAPPING (ID,LANGUAGE_ID,REFERENCE_ID,REFERENCE_TYPE,TEXT_VALUE) values ('ZHMETA_EDIT_DESC','10','META_EDIT','ResourceEntity.displayNameMap','新建元数据');
Insert into LANGUAGE_MAPPING (ID,LANGUAGE_ID,REFERENCE_ID,REFERENCE_TYPE,TEXT_VALUE) values ('ZHNEW_GROUP_DESC','10','NEW_GROUP','ResourceEntity.displayNameMap','创建群组');
Insert into LANGUAGE_MAPPING (ID,LANGUAGE_ID,REFERENCE_ID,REFERENCE_TYPE,TEXT_VALUE) values ('ZHSS_ROLE_ENT_DN','10','SS_ROLE_ENT','ResourceEntity.displayNameMap','权利');
Insert into LANGUAGE_MAPPING (ID,LANGUAGE_ID,REFERENCE_ID,REFERENCE_TYPE,TEXT_VALUE) values ('ZHUSER_MENU_DESC','10','USER','ResourceEntity.displayNameMap','用户');
Insert into LANGUAGE_MAPPING (ID,LANGUAGE_ID,REFERENCE_ID,REFERENCE_TYPE,TEXT_VALUE) values ('ZHVIEW_MENU_DESC','10','VIEW','ResourceEntity.displayNameMap','查看文件');
Insert into LANGUAGE_MAPPING (ID,LANGUAGE_ID,REFERENCE_ID,REFERENCE_TYPE,TEXT_VALUE) values ('ZHAM_PROV_NEW_DSC','10','AM_PROV_NEW','ResourceEntity.displayNameMap','创建提供者');
Insert into LANGUAGE_MAPPING (ID,LANGUAGE_ID,REFERENCE_ID,REFERENCE_TYPE,TEXT_VALUE) values ('ZHBACK_TO_CP_DESC','10','BACK_TO_CP','ResourceEntity.displayNameMap','返回内容提供者');
Insert into LANGUAGE_MAPPING (ID,LANGUAGE_ID,REFERENCE_ID,REFERENCE_TYPE,TEXT_VALUE) values ('ZHEDIT_GROUP_DESC','10','EDIT_GROUP','ResourceEntity.displayNameMap','编辑群组');
Insert into LANGUAGE_MAPPING (ID,LANGUAGE_ID,REFERENCE_ID,REFERENCE_TYPE,TEXT_VALUE) values ('ZHLANGUAGE_ADMIN1','10','LANGUAGE_ADMIN','ResourceEntity.displayNameMap','语言');
Insert into LANGUAGE_MAPPING (ID,LANGUAGE_ID,REFERENCE_ID,REFERENCE_TYPE,TEXT_VALUE) values ('ZHMENUS_SEARCH_DC','10','MENUS_SEARCH','ResourceEntity.displayNameMap','菜单');
Insert into LANGUAGE_MAPPING (ID,LANGUAGE_ID,REFERENCE_ID,REFERENCE_TYPE,TEXT_VALUE) values ('ZHMETA_ADMIN_DESC','10','META_ADMIN','ResourceEntity.displayNameMap','元数据元素');
Insert into LANGUAGE_MAPPING (ID,LANGUAGE_ID,REFERENCE_ID,REFERENCE_TYPE,TEXT_VALUE) values ('ZHNEW_UI_THEME_DN','10','NEW_UI_THEME','ResourceEntity.displayNameMap','新建用户界面主题');
Insert into LANGUAGE_MAPPING (ID,LANGUAGE_ID,REFERENCE_ID,REFERENCE_TYPE,TEXT_VALUE) values ('ZHORG_SEARCH_DESC','10','ORG_SEARCH','ResourceEntity.displayNameMap','搜索组织');
Insert into LANGUAGE_MAPPING (ID,LANGUAGE_ID,REFERENCE_ID,REFERENCE_TYPE,TEXT_VALUE) values ('ZHRES_ENT_SUB_DIS','10','RES_ENT_SUB','ResourceEntity.displayNameMap','权利');
Insert into LANGUAGE_MAPPING (ID,LANGUAGE_ID,REFERENCE_ID,REFERENCE_TYPE,TEXT_VALUE) values ('ZHROLE_MENUS_DESC','10','ROLE_MENUS','ResourceEntity.displayNameMap','菜单');
Insert into LANGUAGE_MAPPING (ID,LANGUAGE_ID,REFERENCE_ID,REFERENCE_TYPE,TEXT_VALUE) values ('ZHUSER_MENUS_DESC','10','USER_MENUS','ResourceEntity.displayNameMap','菜单');
Insert into LANGUAGE_MAPPING (ID,LANGUAGE_ID,REFERENCE_ID,REFERENCE_TYPE,TEXT_VALUE) values ('ZHWEB_REPORT_DESC','10','WEB_REPORT','ResourceEntity.displayNameMap','报告');
Insert into LANGUAGE_MAPPING (ID,LANGUAGE_ID,REFERENCE_ID,REFERENCE_TYPE,TEXT_VALUE) values ('ZHCR_RES_DISP_NAME','10','CREATE_RESOURCE_MENU','ResourceEntity.displayNameMap','创建资源');
Insert into LANGUAGE_MAPPING (ID,LANGUAGE_ID,REFERENCE_ID,REFERENCE_TYPE,TEXT_VALUE) values ('ZHGROUP_MENUS_DESC','10','GROUP_MENUS','ResourceEntity.displayNameMap','菜单');
Insert into LANGUAGE_MAPPING (ID,LANGUAGE_ID,REFERENCE_ID,REFERENCE_TYPE,TEXT_VALUE) values ('ZHIDM_MENU_DISPLAY','10','IDM','ResourceEntity.displayNameMap','身份');
Insert into LANGUAGE_MAPPING (ID,LANGUAGE_ID,REFERENCE_ID,REFERENCE_TYPE,TEXT_VALUE) values ('ZHLANGUAGE_SEARCH1','10','LANGUAGE_SEARCH','ResourceEntity.displayNameMap','语言');
Insert into LANGUAGE_MAPPING (ID,LANGUAGE_ID,REFERENCE_ID,REFERENCE_TYPE,TEXT_VALUE) values ('ZHMANUALRECON_DESC','10','MANUALRECON','ResourceEntity.displayNameMap','手动调和');
Insert into LANGUAGE_MAPPING (ID,LANGUAGE_ID,REFERENCE_ID,REFERENCE_TYPE,TEXT_VALUE) values ('ZHMETA_SEARCH_DESC','10','META_SEARCH','ResourceEntity.displayNameMap','搜索元数据');
Insert into LANGUAGE_MAPPING (ID,LANGUAGE_ID,REFERENCE_ID,REFERENCE_TYPE,TEXT_VALUE) values ('ZHMNGSYS_EDIT_DESC','10','MNGSYS_EDIT','ResourceEntity.displayNameMap','编辑托管系统');
Insert into LANGUAGE_MAPPING (ID,LANGUAGE_ID,REFERENCE_ID,REFERENCE_TYPE,TEXT_VALUE) values ('ZHORG_MENU_DISPLAY','10','ORG','ResourceEntity.displayNameMap','组织');
Insert into LANGUAGE_MAPPING (ID,LANGUAGE_ID,REFERENCE_ID,REFERENCE_TYPE,TEXT_VALUE) values ('ZHPOLICY_MENU_DESC','10','PASSWORD_POLICY','ResourceEntity.displayNameMap','口令规则');
Insert into LANGUAGE_MAPPING (ID,LANGUAGE_ID,REFERENCE_ID,REFERENCE_TYPE,TEXT_VALUE) values ('ZHPROVCONNECT_DESC','10','PROVCONNECT_MENU_ITEM','ResourceEntity.displayNameMap','服务开通连接器');
Insert into LANGUAGE_MAPPING (ID,LANGUAGE_ID,REFERENCE_ID,REFERENCE_TYPE,TEXT_VALUE) values ('ZHROLE_SEARCH_DESC','10','ROLE_SEARCH','ResourceEntity.displayNameMap','搜索角色');
Insert into LANGUAGE_MAPPING (ID,LANGUAGE_ID,REFERENCE_ID,REFERENCE_TYPE,TEXT_VALUE) values ('ZHSUP_SUB_PAGE_DIS','10','SUP_SUB_PAGE','ResourceEntity.displayNameMap','上下级');
Insert into LANGUAGE_MAPPING (ID,LANGUAGE_ID,REFERENCE_ID,REFERENCE_TYPE,TEXT_VALUE) values ('ZHUI_THEME_EDIT_DN','10','UI_THEME_EDIT','ResourceEntity.displayNameMap','编辑用户界面主题');
Insert into LANGUAGE_MAPPING (ID,LANGUAGE_ID,REFERENCE_ID,REFERENCE_TYPE,TEXT_VALUE) values ('ZHUI_THEME_ROOT_DN','10','UI_THEME_ROOT','ResourceEntity.displayNameMap','用户界面主题根');
Insert into LANGUAGE_MAPPING (ID,LANGUAGE_ID,REFERENCE_ID,REFERENCE_TYPE,TEXT_VALUE) values ('ZHUSER_SEARCH_DESC','10','USER_SEARCH','ResourceEntity.displayNameMap','搜索用户');
Insert into LANGUAGE_MAPPING (ID,LANGUAGE_ID,REFERENCE_ID,REFERENCE_TYPE,TEXT_VALUE) values ('ZHAM_PROV_EDIT_DESC','10','AM_PROV_EDIT','ResourceEntity.displayNameMap','验证提供者编辑菜单');
Insert into LANGUAGE_MAPPING (ID,LANGUAGE_ID,REFERENCE_ID,REFERENCE_TYPE,TEXT_VALUE) values ('ZHAM_PROV_ROOT_DESC','10','AM_PROV_ROOT','ResourceEntity.displayNameMap','验证提供者根菜单');
Insert into LANGUAGE_MAPPING (ID,LANGUAGE_ID,REFERENCE_ID,REFERENCE_TYPE,TEXT_VALUE) values ('ZHASSOC_POLICY_DESC','10','ASSOC_POLICY','ResourceEntity.displayNameMap','关联规则');
Insert into LANGUAGE_MAPPING (ID,LANGUAGE_ID,REFERENCE_ID,REFERENCE_TYPE,TEXT_VALUE) values ('ZHAUTH_LEVEL_GRP_DN','10','AUTH_LEVEL_GRP','ResourceEntity.displayNameMap','验证分组');
Insert into LANGUAGE_MAPPING (ID,LANGUAGE_ID,REFERENCE_ID,REFERENCE_TYPE,TEXT_VALUE) values ('ZHEDIT_RESOURCE_DIS','10','EDIT_RESOURCE','ResourceEntity.displayNameMap','编辑资源');
Insert into LANGUAGE_MAPPING (ID,LANGUAGE_ID,REFERENCE_ID,REFERENCE_TYPE,TEXT_VALUE) values ('ZHGROUP_SEARCH_DESC','10','GROUP_SEARCH','ResourceEntity.displayNameMap','搜索群组');
Insert into LANGUAGE_MAPPING (ID,LANGUAGE_ID,REFERENCE_ID,REFERENCE_TYPE,TEXT_VALUE) values ('ZHNEW_ORG_TYPE_DESC','10','NEW_ORG_TYPE','ResourceEntity.displayNameMap','新建组织类型');
Insert into LANGUAGE_MAPPING (ID,LANGUAGE_ID,REFERENCE_ID,REFERENCE_TYPE,TEXT_VALUE) values ('ZHRES_TYPE_NEW_DESC','10','RES_TYPE_NEW','ResourceEntity.displayNameMap','新建资源类型');
Insert into LANGUAGE_MAPPING (ID,LANGUAGE_ID,REFERENCE_ID,REFERENCE_TYPE,TEXT_VALUE) values ('ZHSYNCUSER_NEW_DESC','10','SYNCUSER_NEW','ResourceEntity.displayNameMap','创建同步');
Insert into LANGUAGE_MAPPING (ID,LANGUAGE_ID,REFERENCE_ID,REFERENCE_TYPE,TEXT_VALUE) values ('ZHUSER_HISTORY_DESC','10','USER_HISTORY','ResourceEntity.displayNameMap','用户历史');
Insert into LANGUAGE_MAPPING (ID,LANGUAGE_ID,REFERENCE_ID,REFERENCE_TYPE,TEXT_VALUE) values ('ZHADMIN_MENU_DISPLAY','10','ADMIN','ResourceEntity.displayNameMap','管理');
Insert into LANGUAGE_MAPPING (ID,LANGUAGE_ID,REFERENCE_ID,REFERENCE_TYPE,TEXT_VALUE) values ('ZHEDIT_ORG_TYPE_DESC','10','EDIT_ORG_TYPE','ResourceEntity.displayNameMap','编辑组织类型');
Insert into LANGUAGE_MAPPING (ID,LANGUAGE_ID,REFERENCE_ID,REFERENCE_TYPE,TEXT_VALUE) values ('ZHIDMAN_MENU_DISPLAY','10','IDMAN','ResourceEntity.displayNameMap','用户管理');
Insert into LANGUAGE_MAPPING (ID,LANGUAGE_ID,REFERENCE_ID,REFERENCE_TYPE,TEXT_VALUE) values ('ZHPROV_CONNECTOR_DSC','10','PROV_CONNECTOR_NEW','ResourceEntity.displayNameMap','创建连接器');
Insert into LANGUAGE_MAPPING (ID,LANGUAGE_ID,REFERENCE_ID,REFERENCE_TYPE,TEXT_VALUE) values ('ZHSELFSERVICE_EXT_DN','10','SELFSERVICE_EXT','ResourceEntity.displayNameMap','自助服务扩展根');
Insert into LANGUAGE_MAPPING (ID,LANGUAGE_ID,REFERENCE_ID,REFERENCE_TYPE,TEXT_VALUE) values ('ZHSELFSRV_EXAMPLE_DN','10','SELFSRV_EXAMPLE','ResourceEntity.displayNameMap','样例');
Insert into LANGUAGE_MAPPING (ID,LANGUAGE_ID,REFERENCE_ID,REFERENCE_TYPE,TEXT_VALUE) values ('ZHSELFSRV_RES_NEW_DN','10','SELFSRV_RES_NEW','ResourceEntity.displayNameMap','创建资源');
Insert into LANGUAGE_MAPPING (ID,LANGUAGE_ID,REFERENCE_ID,REFERENCE_TYPE,TEXT_VALUE) values ('ZHSYNCLOG_ADMIN_DESC','10','SYNCLOG','ResourceEntity.displayNameMap','日志查看器');
Insert into LANGUAGE_MAPPING (ID,LANGUAGE_ID,REFERENCE_ID,REFERENCE_TYPE,TEXT_VALUE) values ('ZHSYNCUSER_EDIT_DESC','10','SYNCUSER_EDIT','ResourceEntity.displayNameMap','编辑同步');
Insert into LANGUAGE_MAPPING (ID,LANGUAGE_ID,REFERENCE_ID,REFERENCE_TYPE,TEXT_VALUE) values ('ZHURI_META_BACK_DESC','10','URI_META_BACK','ResourceEntity.displayNameMap','返回模式');
Insert into LANGUAGE_MAPPING (ID,LANGUAGE_ID,REFERENCE_ID,REFERENCE_TYPE,TEXT_VALUE) values ('ZHURI_META_EDIT_DESC','10','URI_META_EDIT','ResourceEntity.displayNameMap','URI Meta根项目');
Insert into LANGUAGE_MAPPING (ID,LANGUAGE_ID,REFERENCE_ID,REFERENCE_TYPE,TEXT_VALUE) values ('ZHUSER_IDENTITY_DESC','10','USER_IDENTITY','ResourceEntity.displayNameMap','用户身份');
Insert into LANGUAGE_MAPPING (ID,LANGUAGE_ID,REFERENCE_ID,REFERENCE_TYPE,TEXT_VALUE) values ('ZHWEB_REPORT_NEW_DSC','10','WEB_REPORT_NEW','ResourceEntity.displayNameMap','创建报告');
Insert into LANGUAGE_MAPPING (ID,LANGUAGE_ID,REFERENCE_ID,REFERENCE_TYPE,TEXT_VALUE) values ('ZHAM_PROV_SEARCH_DESC','10','AM_PROV_SEARCH','ResourceEntity.displayNameMap','搜索提供者');
Insert into LANGUAGE_MAPPING (ID,LANGUAGE_ID,REFERENCE_ID,REFERENCE_TYPE,TEXT_VALUE) values ('ZHBACK_TO_AUTH_LVL_DN','10','BACK_TO_AUTH_LVL','ResourceEntity.displayNameMap','返回分组');
Insert into LANGUAGE_MAPPING (ID,LANGUAGE_ID,REFERENCE_ID,REFERENCE_TYPE,TEXT_VALUE) values ('ZHDIR_LOOKUP_PAGE_DIS','10','DIR_LOOKUP_PAGE','ResourceEntity.displayNameMap','目录查询');
Insert into LANGUAGE_MAPPING (ID,LANGUAGE_ID,REFERENCE_ID,REFERENCE_TYPE,TEXT_VALUE) values ('ZHEN_PROFILE_PIC_DESC','10','PROFILE_PIC','ResourceEntity.displayNameMap','编辑你的个人图片');
Insert into LANGUAGE_MAPPING (ID,LANGUAGE_ID,REFERENCE_ID,REFERENCE_TYPE,TEXT_VALUE) values ('ZHGROUP_IDENTITY_DESC','10','GROUP_IDENTITY','ResourceEntity.displayNameMap','身份');
Insert into LANGUAGE_MAPPING (ID,LANGUAGE_ID,REFERENCE_ID,REFERENCE_TYPE,TEXT_VALUE) values ('ZHMETA_TYPE_EDIT_DESC','10','META_TYPE_EDIT','ResourceEntity.displayNameMap','新建元数据类型');
Insert into LANGUAGE_MAPPING (ID,LANGUAGE_ID,REFERENCE_ID,REFERENCE_TYPE,TEXT_VALUE) values ('ZHMNGSYS_MENU_DISPLAY','10','MNGSYS','ResourceEntity.displayNameMap','托管系统');
Insert into LANGUAGE_MAPPING (ID,LANGUAGE_ID,REFERENCE_ID,REFERENCE_TYPE,TEXT_VALUE) values ('ZHMNG_SYS_VIEWER_DESC','10','MNG_SYS_VIEWER','ResourceEntity.displayNameMap','托管系统查看器');
Insert into LANGUAGE_MAPPING (ID,LANGUAGE_ID,REFERENCE_ID,REFERENCE_TYPE,TEXT_VALUE) values ('ZHNEW_AUTH_LVL_GRP_DN','10','NEW_AUTH_LVL_GRP','ResourceEntity.displayNameMap','创建分组');
Insert into LANGUAGE_MAPPING (ID,LANGUAGE_ID,REFERENCE_ID,REFERENCE_TYPE,TEXT_VALUE) values ('ZHNEW_BATCH_TASK_DESC','10','NEW_BATCH_TASK','ResourceEntity.displayNameMap','新建批量任务');
Insert into LANGUAGE_MAPPING (ID,LANGUAGE_ID,REFERENCE_ID,REFERENCE_TYPE,TEXT_VALUE) values ('ZHORG_MEMBERSHIP_DESC','10','ORG_MEMBERSHIP','ResourceEntity.displayNameMap','组织成员');
Insert into LANGUAGE_MAPPING (ID,LANGUAGE_ID,REFERENCE_ID,REFERENCE_TYPE,TEXT_VALUE) values ('ZHREPORT_MENU_DISPLAY','10','REPORT','ResourceEntity.displayNameMap','管理报告');
Insert into LANGUAGE_MAPPING (ID,LANGUAGE_ID,REFERENCE_ID,REFERENCE_TYPE,TEXT_VALUE) values ('ZHROLE_EDIT_MENU_DESC','10','ROLE_EDIT_MENU','ResourceEntity.displayNameMap','角色根编辑菜单');
Insert into LANGUAGE_MAPPING (ID,LANGUAGE_ID,REFERENCE_ID,REFERENCE_TYPE,TEXT_VALUE) values ('ZHROLE_ROOT_MENU_DESC','10','ROLE_ROOT_MENU','ResourceEntity.displayNameMap','角色根菜单');
Insert into LANGUAGE_MAPPING (ID,LANGUAGE_ID,REFERENCE_ID,REFERENCE_TYPE,TEXT_VALUE) values ('ZHSELFSERV_GRP_NEW_DN','10','SELFSERV_GRP_NEW','ResourceEntity.displayNameMap','创建分组');
Insert into LANGUAGE_MAPPING (ID,LANGUAGE_ID,REFERENCE_ID,REFERENCE_TYPE,TEXT_VALUE) values ('ZHSELFSRV_RES_EDIT_DN','10','SELFSRV_RES_EDIT','ResourceEntity.displayNameMap','编辑资源');
Insert into LANGUAGE_MAPPING (ID,LANGUAGE_ID,REFERENCE_ID,REFERENCE_TYPE,TEXT_VALUE) values ('ZHSS_USR_EDIT_RT_DESC','10','SELFSERV_USER_EDIT_ROOT','ResourceEntity.displayNameMap','自助服务编辑用户根');
Insert into LANGUAGE_MAPPING (ID,LANGUAGE_ID,REFERENCE_ID,REFERENCE_TYPE,TEXT_VALUE) values ('ZHSUBSCRIBE_MENU_DESC','10','SUBSCRIBE','ResourceEntity.displayNameMap','订阅');
Insert into LANGUAGE_MAPPING (ID,LANGUAGE_ID,REFERENCE_ID,REFERENCE_TYPE,TEXT_VALUE) values ('ZHUSER_EDIT_INFO_DESC','10','USER_EDIT_INFO','ResourceEntity.displayNameMap','用户信息');
Insert into LANGUAGE_MAPPING (ID,LANGUAGE_ID,REFERENCE_ID,REFERENCE_TYPE,TEXT_VALUE) values ('ZHUSER_EDIT_MENU_DESC','10','USER_EDIT_MENU','ResourceEntity.displayNameMap','用户根编辑菜单');
Insert into LANGUAGE_MAPPING (ID,LANGUAGE_ID,REFERENCE_ID,REFERENCE_TYPE,TEXT_VALUE) values ('ZHUSER_ROOT_MENU_DESC','10','USER_ROOT_MENU','ResourceEntity.displayNameMap','用户根菜单');
Insert into LANGUAGE_MAPPING (ID,LANGUAGE_ID,REFERENCE_ID,REFERENCE_TYPE,TEXT_VALUE) values ('ZHABOUT_ROOT_MENU_DESC','10','ABOUT_ROOT_MENU','ResourceEntity.displayNameMap','关于OpenIAM');
Insert into LANGUAGE_MAPPING (ID,LANGUAGE_ID,REFERENCE_ID,REFERENCE_TYPE,TEXT_VALUE) values ('ZHAM_PROV_AM_ATTR_DESC','10','AM_PROV_AM_ATTR','ResourceEntity.displayNameMap','请求属性');
Insert into LANGUAGE_MAPPING (ID,LANGUAGE_ID,REFERENCE_ID,REFERENCE_TYPE,TEXT_VALUE) values ('ZHAUTH_LVL_GRP_ATTR_DN','10','AUTH_LVL_GRP_ATTR','ResourceEntity.displayNameMap','校验级别分组属性根');
Insert into LANGUAGE_MAPPING (ID,LANGUAGE_ID,REFERENCE_ID,REFERENCE_TYPE,TEXT_VALUE) values ('ZHBATCH_TASK_EDIT_DESC','10','BATCH_TASK_EDIT','ResourceEntity.displayNameMap','批量任务编辑');
Insert into LANGUAGE_MAPPING (ID,LANGUAGE_ID,REFERENCE_ID,REFERENCE_TYPE,TEXT_VALUE) values ('ZHBATCH_TASK_ROOT_DESC','10','BATCH_TASK_ROOT','ResourceEntity.displayNameMap','批量任务根');
Insert into LANGUAGE_MAPPING (ID,LANGUAGE_ID,REFERENCE_ID,REFERENCE_TYPE,TEXT_VALUE) values ('ZHCONF_POLICY_PAGE_DIS','10','CONF_POLICY_PAGE','ResourceEntity.displayNameMap','配置IT规则');
Insert into LANGUAGE_MAPPING (ID,LANGUAGE_ID,REFERENCE_ID,REFERENCE_TYPE,TEXT_VALUE) values ('ZHCONTENT_PROV_NEW_DSC','10','CONTENT_PROV_NEW','ResourceEntity.displayNameMap','创建提供者');
Insert into LANGUAGE_MAPPING (ID,LANGUAGE_ID,REFERENCE_ID,REFERENCE_TYPE,TEXT_VALUE) values ('ZHCUSTOM_FIELD_NEW_DSC','10','CUSTOM_FIELD_NEW','ResourceEntity.displayNameMap','创建自定义字段');
Insert into LANGUAGE_MAPPING (ID,LANGUAGE_ID,REFERENCE_ID,REFERENCE_TYPE,TEXT_VALUE) values ('ZHEDIT_BATCH_TASK_DESC','10','EDIT_BATCH_TASK','ResourceEntity.displayNameMap','编辑批量任务');
Insert into LANGUAGE_MAPPING (ID,LANGUAGE_ID,REFERENCE_ID,REFERENCE_TYPE,TEXT_VALUE) values ('ZHGROUP_EDIT_MENU_DESC','10','GROUP_EDIT_MENU','ResourceEntity.displayNameMap','群组根编辑菜单');
Insert into LANGUAGE_MAPPING (ID,LANGUAGE_ID,REFERENCE_ID,REFERENCE_TYPE,TEXT_VALUE) values ('ZHGROUP_ROOT_MENU_DESC','10','GROUP_ROOT_MENU','ResourceEntity.displayNameMap','群组根菜单');
Insert into LANGUAGE_MAPPING (ID,LANGUAGE_ID,REFERENCE_ID,REFERENCE_TYPE,TEXT_VALUE) values ('ZHGRP_APROVER_ASSOC_DN','10','GRP_APROVER_ASSOC','ResourceEntity.displayNameMap','审批者关联');
Insert into LANGUAGE_MAPPING (ID,LANGUAGE_ID,REFERENCE_ID,REFERENCE_TYPE,TEXT_VALUE) values ('ZHIDQUEST_MENU_DISPLAY','10','IDQUEST','ResourceEntity.displayNameMap','安全问题回应');
Insert into LANGUAGE_MAPPING (ID,LANGUAGE_ID,REFERENCE_ID,REFERENCE_TYPE,TEXT_VALUE) values ('ZHMETA_TYPE_ADMIN_DESC','10','META_TYPE_ADMIN','ResourceEntity.displayNameMap','元数据类型');
Insert into LANGUAGE_MAPPING (ID,LANGUAGE_ID,REFERENCE_ID,REFERENCE_TYPE,TEXT_VALUE) values ('ZHNEWUSER_MENU_DISPLAY','10','NEWUSER','ResourceEntity.displayNameMap','新建用户');
Insert into LANGUAGE_MAPPING (ID,LANGUAGE_ID,REFERENCE_ID,REFERENCE_TYPE,TEXT_VALUE) values ('ZHNEW_POLICY_ATTR_DESC','10','NEW_POLICY_ATTR','ResourceEntity.displayNameMap','新建属性规则');
Insert into LANGUAGE_MAPPING (ID,LANGUAGE_ID,REFERENCE_ID,REFERENCE_TYPE,TEXT_VALUE) values ('ZHORG_APROVER_ASSOC_DN','10','ORG_APROVER_ASSOC','ResourceEntity.displayNameMap','审批者关联');
Insert into LANGUAGE_MAPPING (ID,LANGUAGE_ID,REFERENCE_ID,REFERENCE_TYPE,TEXT_VALUE) values ('ZHORG_TYPE_SEARCH_DESC','10','ORG_TYPE_SEARCH','ResourceEntity.displayNameMap','搜索组织类型');
Insert into LANGUAGE_MAPPING (ID,LANGUAGE_ID,REFERENCE_ID,REFERENCE_TYPE,TEXT_VALUE) values ('ZHPROFILE_MENU_DISPLAY','10','PROFILE','ResourceEntity.displayNameMap','编辑你的个人资料');
Insert into LANGUAGE_MAPPING (ID,LANGUAGE_ID,REFERENCE_ID,REFERENCE_TYPE,TEXT_VALUE) values ('ZHRES_APROVER_ASSOC_DN','10','RES_APROVER_ASSOC','ResourceEntity.displayNameMap','审批者关联');
Insert into LANGUAGE_MAPPING (ID,LANGUAGE_ID,REFERENCE_ID,REFERENCE_TYPE,TEXT_VALUE) values ('ZHSELFSERVICE_ROLES_DN','10','SELFSERVICE_ROLES','ResourceEntity.displayNameMap','角色');
Insert into LANGUAGE_MAPPING (ID,LANGUAGE_ID,REFERENCE_ID,REFERENCE_TYPE,TEXT_VALUE) values ('ZHSELFSERV_GRP_EDIT_DN','10','SELFSERV_GRP_EDIT','ResourceEntity.displayNameMap','编辑群组');
Insert into LANGUAGE_MAPPING (ID,LANGUAGE_ID,REFERENCE_ID,REFERENCE_TYPE,TEXT_VALUE) values ('ZHSELFSERV_ROLE_NEW_DN','10','SELFSERV_ROLE_NEW','ResourceEntity.displayNameMap','创建角色');
Insert into LANGUAGE_MAPPING (ID,LANGUAGE_ID,REFERENCE_ID,REFERENCE_TYPE,TEXT_VALUE) values ('ZHSELFSRV_ROLE_EDIT_DN','10','SELFSRV_ROLE_EDIT','ResourceEntity.displayNameMap','编辑角色');
Insert into LANGUAGE_MAPPING (ID,LANGUAGE_ID,REFERENCE_ID,REFERENCE_TYPE,TEXT_VALUE) values ('ZHSYNCUSER_REVIEW_DESC','10','SYNCUSER_REVIEW','ResourceEntity.displayNameMap','审阅同步');
Insert into LANGUAGE_MAPPING (ID,LANGUAGE_ID,REFERENCE_ID,REFERENCE_TYPE,TEXT_VALUE) values ('ZHUSER_ATTRIBUTES_DESC','10','USER_ATTRIBUTES','ResourceEntity.displayNameMap','用户属性');
Insert into LANGUAGE_MAPPING (ID,LANGUAGE_ID,REFERENCE_ID,REFERENCE_TYPE,TEXT_VALUE) values ('ZHUSER_DELEGATION_DESC','10','USER_DELEGATION','ResourceEntity.displayNameMap','用户代理过滤器');
Insert into LANGUAGE_MAPPING (ID,LANGUAGE_ID,REFERENCE_ID,REFERENCE_TYPE,TEXT_VALUE) values ('ZHWEB_REPORT_ROOT_DESC','10','WEB_REPORT_ROOT','ResourceEntity.displayNameMap','报告根菜单');
Insert into LANGUAGE_MAPPING (ID,LANGUAGE_ID,REFERENCE_ID,REFERENCE_TYPE,TEXT_VALUE) values ('ZHATTRIBUTE_POLICY_DESC','10','ATTRIBUTE_POLICY','ResourceEntity.displayNameMap','属性规则');
Insert into LANGUAGE_MAPPING (ID,LANGUAGE_ID,REFERENCE_ID,REFERENCE_TYPE,TEXT_VALUE) values ('ZHCHNGPSWD_MENU_DISPLAY','10','CHNGPSWD','ResourceEntity.displayNameMap','更改口令');
Insert into LANGUAGE_MAPPING (ID,LANGUAGE_ID,REFERENCE_ID,REFERENCE_TYPE,TEXT_VALUE) values ('ZHLOCATION_MENU_DISPLAY','10','LOCATION','ResourceEntity.displayNameMap','地点');
Insert into LANGUAGE_MAPPING (ID,LANGUAGE_ID,REFERENCE_ID,REFERENCE_TYPE,TEXT_VALUE) values ('ZHMETADATA_MENU_DISPLAY','10','METADATA','ResourceEntity.displayNameMap','元数据');
Insert into LANGUAGE_MAPPING (ID,LANGUAGE_ID,REFERENCE_ID,REFERENCE_TYPE,TEXT_VALUE) values ('ZHMETA_TYPE_SEARCH_DESC','10','META_TYPE_SEARCH','ResourceEntity.displayNameMap','搜索元数据类型');
Insert into LANGUAGE_MAPPING (ID,LANGUAGE_ID,REFERENCE_ID,REFERENCE_TYPE,TEXT_VALUE) values ('ZHPAGE_TEMPLATE_NEW_DSC','10','PAGE_TEMPLATE_NEW','ResourceEntity.displayNameMap','创建模板');
Insert into LANGUAGE_MAPPING (ID,LANGUAGE_ID,REFERENCE_ID,REFERENCE_TYPE,TEXT_VALUE) values ('ZHPOLICY_ATTR_ROOT_DESC','10','POLICY_ATTR_ROOT','ResourceEntity.displayNameMap','属性规则根菜单');
Insert into LANGUAGE_MAPPING (ID,LANGUAGE_ID,REFERENCE_ID,REFERENCE_TYPE,TEXT_VALUE) values ('ZHPOLICY_ROOT_MENU_DESC','10','PASSWORD_POLICY_ROOT_MENU','ResourceEntity.displayNameMap','口令规则根菜单');
Insert into LANGUAGE_MAPPING (ID,LANGUAGE_ID,REFERENCE_ID,REFERENCE_TYPE,TEXT_VALUE) values ('ZHREQINBOX_MENU_DISPLAY','10','REQINBOX','ResourceEntity.displayNameMap','收件箱');
Insert into LANGUAGE_MAPPING (ID,LANGUAGE_ID,REFERENCE_ID,REFERENCE_TYPE,TEXT_VALUE) values ('ZHREQUEST_APPROVAL_DESC','10','REQUEST_APPROVAL','ResourceEntity.displayNameMap','请求批准');
Insert into LANGUAGE_MAPPING (ID,LANGUAGE_ID,REFERENCE_ID,REFERENCE_TYPE,TEXT_VALUE) values ('ZHROLE_APROVER_ASSOC_DN','10','ROLE_APROVER_ASSOC','ResourceEntity.displayNameMap','审批者关联');
Insert into LANGUAGE_MAPPING (ID,LANGUAGE_ID,REFERENCE_ID,REFERENCE_TYPE,TEXT_VALUE) values ('ZHSEARCH_BATCH_NEW_DESC','10','SEARCH_BATCH_NEW','ResourceEntity.displayNameMap','搜索批量任务');
Insert into LANGUAGE_MAPPING (ID,LANGUAGE_ID,REFERENCE_ID,REFERENCE_TYPE,TEXT_VALUE) values ('ZHSELFSERVICE_GROUPS_DN','10','SELFSERVICE_GROUPS','ResourceEntity.displayNameMap','群组');
Insert into LANGUAGE_MAPPING (ID,LANGUAGE_ID,REFERENCE_ID,REFERENCE_TYPE,TEXT_VALUE) values ('ZHSS_ACCESS_REVIEW_DESC','10','SELFSERV_ACCESS_REVIEW','ResourceEntity.displayNameMap','审阅权限');
Insert into LANGUAGE_MAPPING (ID,LANGUAGE_ID,REFERENCE_ID,REFERENCE_TYPE,TEXT_VALUE) values ('ZHSS_ORG_BACK_SEARCH_DN','10','SS_ORG_BACK_SEARCH','ResourceEntity.displayNameMap','返回搜索');
Insert into LANGUAGE_MAPPING (ID,LANGUAGE_ID,REFERENCE_ID,REFERENCE_TYPE,TEXT_VALUE) values ('ZHSYNCUSER_MENU_DISPLAY','10','SYNCUSER','ResourceEntity.displayNameMap','同步');
Insert into LANGUAGE_MAPPING (ID,LANGUAGE_ID,REFERENCE_ID,REFERENCE_TYPE,TEXT_VALUE) values ('ZHUI_THEME_BACK_SRCH_DN','10','UI_THEME_BACK_SRCH','ResourceEntity.displayNameMap','返回搜索');
Insert into LANGUAGE_MAPPING (ID,LANGUAGE_ID,REFERENCE_ID,REFERENCE_TYPE,TEXT_VALUE) values ('ZHUI_THEME_ROOT_SRCH_DN','10','UI_THEME_ROOT_SRCH','ResourceEntity.displayNameMap','搜索用户界面主题');
Insert into LANGUAGE_MAPPING (ID,LANGUAGE_ID,REFERENCE_ID,REFERENCE_TYPE,TEXT_VALUE) values ('ZHURI_PATTERN_EDIT_DESC','10','URI_PATTERN_EDIT','ResourceEntity.displayNameMap','URI模式编辑菜单');
Insert into LANGUAGE_MAPPING (ID,LANGUAGE_ID,REFERENCE_ID,REFERENCE_TYPE,TEXT_VALUE) values ('ZHADMIN_BATCH_TASKS_DESC','10','ADMIN_BATCH_TASKS','ResourceEntity.displayNameMap','批量任务');
Insert into LANGUAGE_MAPPING (ID,LANGUAGE_ID,REFERENCE_ID,REFERENCE_TYPE,TEXT_VALUE) values ('ZHAUDIT_RPT_MENU_DISPLAY','10','AUDIT_RPT','ResourceEntity.displayNameMap','审计报告');
Insert into LANGUAGE_MAPPING (ID,LANGUAGE_ID,REFERENCE_ID,REFERENCE_TYPE,TEXT_VALUE) values ('ZHCHALLENGE_MENU_DISPLAY','10','CHALLENGE','ResourceEntity.displayNameMap','安全问题');
Insert into LANGUAGE_MAPPING (ID,LANGUAGE_ID,REFERENCE_ID,REFERENCE_TYPE,TEXT_VALUE) values ('ZHCONTENT_PROV_EDIT_DESC','10','CONTENT_PROV_EDIT','ResourceEntity.displayNameMap','内容提供者编辑菜单');
Insert into LANGUAGE_MAPPING (ID,LANGUAGE_ID,REFERENCE_ID,REFERENCE_TYPE,TEXT_VALUE) values ('ZHCONTENT_PROV_ROOT_DESC','10','CONTENT_PROV_ROOT','ResourceEntity.displayNameMap','内容提供者根菜单');
Insert into LANGUAGE_MAPPING (ID,LANGUAGE_ID,REFERENCE_ID,REFERENCE_TYPE,TEXT_VALUE) values ('ZHCREATEREQ_MENU_DISPLAY','10','CREATEREQ','ResourceEntity.displayNameMap','创建请求');
Insert into LANGUAGE_MAPPING (ID,LANGUAGE_ID,REFERENCE_ID,REFERENCE_TYPE,TEXT_VALUE) values ('ZHCUSTOM_FIELD_EDIT_DESC','10','CUSTOM_FIELD_EDIT','ResourceEntity.displayNameMap','自定义字段编辑菜单');
Insert into LANGUAGE_MAPPING (ID,LANGUAGE_ID,REFERENCE_ID,REFERENCE_TYPE,TEXT_VALUE) values ('ZHCUSTOM_FIELD_ROOT_DESC','10','CUSTOM_FIELD_ROOT','ResourceEntity.displayNameMap','自定义字段根菜单');
Insert into LANGUAGE_MAPPING (ID,LANGUAGE_ID,REFERENCE_ID,REFERENCE_TYPE,TEXT_VALUE) values ('ZHDIRECTORY_MENU_DISPLAY','10','DIRECTORY','ResourceEntity.displayNameMap','目录查询');
Insert into LANGUAGE_MAPPING (ID,LANGUAGE_ID,REFERENCE_ID,REFERENCE_TYPE,TEXT_VALUE) values ('ZHMANAGEREQ_MENU_DISPLAY','10','MANAGEREQ','ResourceEntity.displayNameMap','请求历史');
Insert into LANGUAGE_MAPPING (ID,LANGUAGE_ID,REFERENCE_ID,REFERENCE_TYPE,TEXT_VALUE) values ('ZHROLE_ENTITLEMENTS_DESC','10','ROLE_ENTITLEMENTS','ResourceEntity.displayNameMap','角色权利');
Insert into LANGUAGE_MAPPING (ID,LANGUAGE_ID,REFERENCE_ID,REFERENCE_TYPE,TEXT_VALUE) values ('ZHSEARCH_BATCH_EDIT_DESC','10','SEARCH_BATCH_EDIT','ResourceEntity.displayNameMap','搜索批量任务');
Insert into LANGUAGE_MAPPING (ID,LANGUAGE_ID,REFERENCE_ID,REFERENCE_TYPE,TEXT_VALUE) values ('ZHSELFSERVE_SUP_SUB_DESC','10','SELFSERVE_SUP_SUB','ResourceEntity.displayNameMap','上下级');
Insert into LANGUAGE_MAPPING (ID,LANGUAGE_ID,REFERENCE_ID,REFERENCE_TYPE,TEXT_VALUE) values ('ZHSELF_SUB_ORGS_NEW_DESC','10','SELF_SUB_ORGS_NEW','ResourceEntity.displayNameMap','新建组织');
Insert into LANGUAGE_MAPPING (ID,LANGUAGE_ID,REFERENCE_ID,REFERENCE_TYPE,TEXT_VALUE) values ('ZHUSER_BULK_MENU_DISPLAY','10','USER_BULK','ResourceEntity.displayNameMap','用户批量操作');
Insert into LANGUAGE_MAPPING (ID,LANGUAGE_ID,REFERENCE_ID,REFERENCE_TYPE,TEXT_VALUE) values ('ZHUSER_ENTITLEMENTS_DESC','10','USER_ENTITLEMENTS','ResourceEntity.displayNameMap','用户权利');
Insert into LANGUAGE_MAPPING (ID,LANGUAGE_ID,REFERENCE_ID,REFERENCE_TYPE,TEXT_VALUE) values ('JPUPLOAD_CUST_PSWD_POLICY_DESC','9','UPLOAD_CUST_PSWD_POLICY','ResourceEntity.displayNameMap','カスタムパスワード・ポリシー');
Insert into LANGUAGE_MAPPING (ID,LANGUAGE_ID,REFERENCE_ID,REFERENCE_TYPE,TEXT_VALUE) values ('JPURI_META_BACK_DESC','9','URI_META_BACK','ResourceEntity.displayNameMap','パターンに戻る');
Insert into LANGUAGE_MAPPING (ID,LANGUAGE_ID,REFERENCE_ID,REFERENCE_TYPE,TEXT_VALUE) values ('JPURI_META_EDIT_DESC','9','URI_META_EDIT','ResourceEntity.displayNameMap','URIのメタルート・アイテム');
Insert into LANGUAGE_MAPPING (ID,LANGUAGE_ID,REFERENCE_ID,REFERENCE_TYPE,TEXT_VALUE) values ('JPUP_EDIT_DESC','9','URI_PATTERN_EDIT','ResourceEntity.displayNameMap','URIのパターン編集メニュー');
Insert into LANGUAGE_MAPPING (ID,LANGUAGE_ID,REFERENCE_ID,REFERENCE_TYPE,TEXT_VALUE) values ('JPUP_EDNW_PATTERN_DESC','9','URI_PATTERN_EDIT_NEW_PATTERN','ResourceEntity.displayNameMap','URIのパターンを作成');
Insert into LANGUAGE_MAPPING (ID,LANGUAGE_ID,REFERENCE_ID,REFERENCE_TYPE,TEXT_VALUE) values ('JPUP_EDIT_PATTERN_DESC','9','URI_PATTERN_EDIT_PATTERN','ResourceEntity.displayNameMap','URIのパターンを編集');
Insert into LANGUAGE_MAPPING (ID,LANGUAGE_ID,REFERENCE_ID,REFERENCE_TYPE,TEXT_VALUE) values ('JPUP_EDT_PROV_SEARCH_DESC','9','URI_PATTERN_EDT_PROV_SEARCH','ResourceEntity.displayNameMap','コンテンツプロバイダの検索');
Insert into LANGUAGE_MAPPING (ID,LANGUAGE_ID,REFERENCE_ID,REFERENCE_TYPE,TEXT_VALUE) values ('JPMetadataTypeEntity78','9','URL','MetadataTypeEntity.displayNameMap','URL');
Insert into LANGUAGE_MAPPING (ID,LANGUAGE_ID,REFERENCE_ID,REFERENCE_TYPE,TEXT_VALUE) values ('JPMetadataTypeEntity79','9','URL_PATTERN','MetadataTypeEntity.displayNameMap','Urlのパターン');
Insert into LANGUAGE_MAPPING (ID,LANGUAGE_ID,REFERENCE_ID,REFERENCE_TYPE,TEXT_VALUE) values ('JPURL_PATTERN','9','URL_PATTERN','ResourceTypeEntity.displayNameMap','Urlのパターン');
Insert into LANGUAGE_MAPPING (ID,LANGUAGE_ID,REFERENCE_ID,REFERENCE_TYPE,TEXT_VALUE) values ('JPUSER_MENU_DESC','9','USER','ResourceEntity.displayNameMap','ユーザー');
Insert into LANGUAGE_MAPPING (ID,LANGUAGE_ID,REFERENCE_ID,REFERENCE_TYPE,TEXT_VALUE) values ('JPUSER_ATTRIBUTES_DESC','9','USER_ATTRIBUTES','ResourceEntity.displayNameMap','ユーザー属性');
Insert into LANGUAGE_MAPPING (ID,LANGUAGE_ID,REFERENCE_ID,REFERENCE_TYPE,TEXT_VALUE) values ('JPUSER_BULK_MENU_DISPLAY','9','USER_BULK','ResourceEntity.displayNameMap','ユーザーバルクオプス');
Insert into LANGUAGE_MAPPING (ID,LANGUAGE_ID,REFERENCE_ID,REFERENCE_TYPE,TEXT_VALUE) values ('JPUSER_DELEGATION_DESC','9','USER_DELEGATION','ResourceEntity.displayNameMap','ユーザーの委任フィルター');
Insert into LANGUAGE_MAPPING (ID,LANGUAGE_ID,REFERENCE_ID,REFERENCE_TYPE,TEXT_VALUE) values ('JPUSER_EDIT_CONTACT_INFO_DESC','9','USER_EDIT_CONTACT_INFO','ResourceEntity.displayNameMap','連絡先情報');
Insert into LANGUAGE_MAPPING (ID,LANGUAGE_ID,REFERENCE_ID,REFERENCE_TYPE,TEXT_VALUE) values ('JPUSER_EDIT_INFO_DESC','9','USER_EDIT_INFO','ResourceEntity.displayNameMap','ユーザー情報');
Insert into LANGUAGE_MAPPING (ID,LANGUAGE_ID,REFERENCE_ID,REFERENCE_TYPE,TEXT_VALUE) values ('JPUSER_EDIT_MENU_DESC','9','USER_EDIT_MENU','ResourceEntity.displayNameMap','ユーザーのルート編集メニュー');
Insert into LANGUAGE_MAPPING (ID,LANGUAGE_ID,REFERENCE_ID,REFERENCE_TYPE,TEXT_VALUE) values ('JPUSER_ENTITLEMENTS_DESC','9','USER_ENTITLEMENTS','ResourceEntity.displayNameMap','ユーザーの権限');
Insert into LANGUAGE_MAPPING (ID,LANGUAGE_ID,REFERENCE_ID,REFERENCE_TYPE,TEXT_VALUE) values ('JPUSER_HISTORY_DESC','9','USER_HISTORY','ResourceEntity.displayNameMap','ユーザーの履歴');
Insert into LANGUAGE_MAPPING (ID,LANGUAGE_ID,REFERENCE_ID,REFERENCE_TYPE,TEXT_VALUE) values ('JPUSER_IDENTITY_DESC','9','USER_IDENTITY','ResourceEntity.displayNameMap','ユーザーのアイデンティティ');
Insert into LANGUAGE_MAPPING (ID,LANGUAGE_ID,REFERENCE_ID,REFERENCE_TYPE,TEXT_VALUE) values ('JPUSER_MENUS_DESC','9','USER_MENUS','ResourceEntity.displayNameMap','メニュー');
Insert into LANGUAGE_MAPPING (ID,LANGUAGE_ID,REFERENCE_ID,REFERENCE_TYPE,TEXT_VALUE) values ('JPUSER_RESET_PASSWORD_DESC','9','USER_RESET_PASSWORD','ResourceEntity.displayNameMap','パスワードをリセット');
Insert into LANGUAGE_MAPPING (ID,LANGUAGE_ID,REFERENCE_ID,REFERENCE_TYPE,TEXT_VALUE) values ('JPUSER_ROOT_MENU_DESC','9','USER_ROOT_MENU','ResourceEntity.displayNameMap','ユーザーのルートメニュー');
Insert into LANGUAGE_MAPPING (ID,LANGUAGE_ID,REFERENCE_ID,REFERENCE_TYPE,TEXT_VALUE) values ('JPUSER_SEARCH_DESC','9','USER_SEARCH','ResourceEntity.displayNameMap','ユーザー検索');
Insert into LANGUAGE_MAPPING (ID,LANGUAGE_ID,REFERENCE_ID,REFERENCE_TYPE,TEXT_VALUE) values ('JPVIEW_MENU_DESC','9','VIEW','ResourceEntity.displayNameMap','ファイルの表示');
Insert into LANGUAGE_MAPPING (ID,LANGUAGE_ID,REFERENCE_ID,REFERENCE_TYPE,TEXT_VALUE) values ('JPMetadataTypeEntity80','9','WEBSERVICE','MetadataTypeEntity.displayNameMap','Webサービス');
Insert into LANGUAGE_MAPPING (ID,LANGUAGE_ID,REFERENCE_ID,REFERENCE_TYPE,TEXT_VALUE) values ('JPMetadataTypeEntity81','9','WEBSERVICE_OP','MetadataTypeEntity.displayNameMap','Webサービス操作');
Insert into LANGUAGE_MAPPING (ID,LANGUAGE_ID,REFERENCE_ID,REFERENCE_TYPE,TEXT_VALUE) values ('JPWEB_REPORT_DESC','9','WEB_REPORT','ResourceEntity.displayNameMap','レポート');
Insert into LANGUAGE_MAPPING (ID,LANGUAGE_ID,REFERENCE_ID,REFERENCE_TYPE,TEXT_VALUE) values ('JPWEB_REPORT_NEW_DSC','9','WEB_REPORT_NEW','ResourceEntity.displayNameMap','新しいレポートを作成');
Insert into LANGUAGE_MAPPING (ID,LANGUAGE_ID,REFERENCE_ID,REFERENCE_TYPE,TEXT_VALUE) values ('JPWEB_REPORT_ROOT_DESC','9','WEB_REPORT_ROOT','ResourceEntity.displayNameMap','レポートのルートメニュー');
Insert into LANGUAGE_MAPPING (ID,LANGUAGE_ID,REFERENCE_ID,REFERENCE_TYPE,TEXT_VALUE) values ('JPMetadataTypeEntity82','9','WORK_EMAIL','MetadataTypeEntity.displayNameMap','会社のメール');
Insert into LANGUAGE_MAPPING (ID,LANGUAGE_ID,REFERENCE_ID,REFERENCE_TYPE,TEXT_VALUE) values ('LanguageEntity9','1','9','LanguageEntity.displayNameMap','Japanese');
Insert into LANGUAGE_MAPPING (ID,LANGUAGE_ID,REFERENCE_ID,REFERENCE_TYPE,TEXT_VALUE) values ('ESLanguageEntity9','4','9','LanguageEntity.displayNameMap','Japonés');
Insert into LANGUAGE_MAPPING (ID,LANGUAGE_ID,REFERENCE_ID,REFERENCE_TYPE,TEXT_VALUE) values ('DELanguageEntity9','2','9','LanguageEntity.displayNameMap','Japanisch');
Insert into LANGUAGE_MAPPING (ID,LANGUAGE_ID,REFERENCE_ID,REFERENCE_TYPE,TEXT_VALUE) values ('RULanguageEntity9','8','9','LanguageEntity.displayNameMap','Японский');
Insert into LANGUAGE_MAPPING (ID,LANGUAGE_ID,REFERENCE_ID,REFERENCE_TYPE,TEXT_VALUE) values ('JPLanguageEntity9','9','9','LanguageEntity.displayNameMap','日本の');
Insert into LANGUAGE_MAPPING (ID,LANGUAGE_ID,REFERENCE_ID,REFERENCE_TYPE,TEXT_VALUE) values ('SYNCUSER_REVIEW_DESC','1','SYNCUSER_REVIEW','ResourceEntity.displayNameMap','Synchronization Review');
Insert into LANGUAGE_MAPPING (ID,LANGUAGE_ID,REFERENCE_ID,REFERENCE_TYPE,TEXT_VALUE) values ('RUABOUT_DESC','8','ABOUT','ResourceEntity.displayNameMap','Об OpenIAM');
Insert into LANGUAGE_MAPPING (ID,LANGUAGE_ID,REFERENCE_ID,REFERENCE_TYPE,TEXT_VALUE) values ('RUABOUT_ROOT_MENU_DESC','8','ABOUT_ROOT_MENU','ResourceEntity.displayNameMap','Об OpenIAM');
Insert into LANGUAGE_MAPPING (ID,LANGUAGE_ID,REFERENCE_ID,REFERENCE_TYPE,TEXT_VALUE) values ('RUSYNCUSER_REVIEW_DESC','8','SYNCUSER_REVIEW','ResourceEntity.displayNameMap','Проверка сихронизации');
Insert into LANGUAGE_MAPPING (ID,LANGUAGE_ID,REFERENCE_ID,REFERENCE_TYPE,TEXT_VALUE) values ('SELF_REPORT_VIEWER_DESC','1','SELF_REPORT_VIEWER','ResourceEntity.displayNameMap','Report Viewer');
Insert into LANGUAGE_MAPPING (ID,LANGUAGE_ID,REFERENCE_ID,REFERENCE_TYPE,TEXT_VALUE) values ('DESELF_REPORT_VIEWER_DESC','2','SELF_REPORT_VIEWER','ResourceEntity.displayNameMap','Report Viewer');
Insert into LANGUAGE_MAPPING (ID,LANGUAGE_ID,REFERENCE_ID,REFERENCE_TYPE,TEXT_VALUE) values ('ESSELF_REPORT_VIEWER_DESC','4','SELF_REPORT_VIEWER','ResourceEntity.displayNameMap','Report Viewer');
Insert into LANGUAGE_MAPPING (ID,LANGUAGE_ID,REFERENCE_ID,REFERENCE_TYPE,TEXT_VALUE) values ('RUSELF_REPORT_VIEWER_DESC','8','SELF_REPORT_VIEWER','ResourceEntity.displayNameMap','Просмотрщик Отчетов');
Insert into LANGUAGE_MAPPING (ID,LANGUAGE_ID,REFERENCE_ID,REFERENCE_TYPE,TEXT_VALUE) values ('JPSELF_REPORT_VIEWER_DESC','9','SELF_REPORT_VIEWER','ResourceEntity.displayNameMap','Report Viewer');
Insert into LANGUAGE_MAPPING (ID,LANGUAGE_ID,REFERENCE_ID,REFERENCE_TYPE,TEXT_VALUE) values ('REPORT','1','REPORT','ResourceTypeEntity.displayNameMap','Report');
Insert into LANGUAGE_MAPPING (ID,LANGUAGE_ID,REFERENCE_ID,REFERENCE_TYPE,TEXT_VALUE) values ('DEREPORT','2','REPORT','ResourceTypeEntity.displayNameMap','Bericht');
Insert into LANGUAGE_MAPPING (ID,LANGUAGE_ID,REFERENCE_ID,REFERENCE_TYPE,TEXT_VALUE) values ('ESREPORT','4','REPORT','ResourceTypeEntity.displayNameMap','Informe');
Insert into LANGUAGE_MAPPING (ID,LANGUAGE_ID,REFERENCE_ID,REFERENCE_TYPE,TEXT_VALUE) values ('JPREPORT','9','REPORT','ResourceTypeEntity.displayNameMap','報告');
Insert into LANGUAGE_MAPPING (ID,LANGUAGE_ID,REFERENCE_ID,REFERENCE_TYPE,TEXT_VALUE) values ('RUREPORT','8','REPORT','ResourceTypeEntity.displayNameMap','Отчет');
Insert into LANGUAGE_MAPPING (ID,LANGUAGE_ID,REFERENCE_ID,REFERENCE_TYPE,TEXT_VALUE) values ('GROUP_IDENTITY_DESC','1','GROUP_IDENTITY','ResourceEntity.displayNameMap','Identities');
Insert into LANGUAGE_MAPPING (ID,LANGUAGE_ID,REFERENCE_ID,REFERENCE_TYPE,TEXT_VALUE) values ('ESGROUP_IDENTITY_DESC','4','GROUP_IDENTITY','ResourceEntity.displayNameMap','Identidades');
Insert into LANGUAGE_MAPPING (ID,LANGUAGE_ID,REFERENCE_ID,REFERENCE_TYPE,TEXT_VALUE) values ('EN_PROFILE_PIC_DESC','1','PROFILE_PIC','ResourceEntity.displayNameMap','Edit Your Profile Picture');
Insert into LANGUAGE_MAPPING (ID,LANGUAGE_ID,REFERENCE_ID,REFERENCE_TYPE,TEXT_VALUE) values ('DE_PROFILE_PIC_DESC','2','PROFILE_PIC','ResourceEntity.displayNameMap','Edit Your Profile Picture');
Insert into LANGUAGE_MAPPING (ID,LANGUAGE_ID,REFERENCE_ID,REFERENCE_TYPE,TEXT_VALUE) values ('ES_PROFILE_PIC_DESC','4','PROFILE_PIC','ResourceEntity.displayNameMap','Edit Your Profile Picture');
Insert into LANGUAGE_MAPPING (ID,LANGUAGE_ID,REFERENCE_ID,REFERENCE_TYPE,TEXT_VALUE) values ('RU_PROFILE_PIC_DESC','8','PROFILE_PIC','ResourceEntity.displayNameMap','Edit Your Profile Picture');
Insert into LANGUAGE_MAPPING (ID,LANGUAGE_ID,REFERENCE_ID,REFERENCE_TYPE,TEXT_VALUE) values ('JP_PROFILE_PIC_DESC','9','PROFILE_PIC','ResourceEntity.displayNameMap','Edit Your Profile Picture');
Insert into LANGUAGE_MAPPING (ID,LANGUAGE_ID,REFERENCE_ID,REFERENCE_TYPE,TEXT_VALUE) values ('ZH200','10','200','IdentityQuestionEntity.displayNameMap','你的社会保险号最后四位是多少？');
Insert into LANGUAGE_MAPPING (ID,LANGUAGE_ID,REFERENCE_ID,REFERENCE_TYPE,TEXT_VALUE) values ('ZH201','10','201','IdentityQuestionEntity.displayNameMap','你母亲的名字是什么？');
Insert into LANGUAGE_MAPPING (ID,LANGUAGE_ID,REFERENCE_ID,REFERENCE_TYPE,TEXT_VALUE) values ('ZH202','10','202','IdentityQuestionEntity.displayNameMap','你在哪上的学？');
Insert into LANGUAGE_MAPPING (ID,LANGUAGE_ID,REFERENCE_ID,REFERENCE_TYPE,TEXT_VALUE) values ('ZH203','10','203','IdentityQuestionEntity.displayNameMap','你的宠物叫什么名字？');
Insert into LANGUAGE_MAPPING (ID,LANGUAGE_ID,REFERENCE_ID,REFERENCE_TYPE,TEXT_VALUE) values ('ZH204','10','204','IdentityQuestionEntity.displayNameMap','你最喜欢吃什么？');
Insert into LANGUAGE_MAPPING (ID,LANGUAGE_ID,REFERENCE_ID,REFERENCE_TYPE,TEXT_VALUE) values ('ZH205','10','205','IdentityQuestionEntity.displayNameMap','你最喜欢什么颜色？');
Insert into LANGUAGE_MAPPING (ID,LANGUAGE_ID,REFERENCE_ID,REFERENCE_TYPE,TEXT_VALUE) values ('ZH206','10','206','IdentityQuestionEntity.displayNameMap','你在哪儿出生？');
Insert into LANGUAGE_MAPPING (ID,LANGUAGE_ID,REFERENCE_ID,REFERENCE_TYPE,TEXT_VALUE) values ('ZH207','10','207','IdentityQuestionEntity.displayNameMap','你最喜欢什么运动？');
Insert into LANGUAGE_MAPPING (ID,LANGUAGE_ID,REFERENCE_ID,REFERENCE_TYPE,TEXT_VALUE) values ('ZH209','10','209','IdentityQuestionEntity.displayNameMap','你的驾驶执照最后四位是多少？');
Insert into LANGUAGE_MAPPING (ID,LANGUAGE_ID,REFERENCE_ID,REFERENCE_TYPE,TEXT_VALUE) values ('ZH210','10','210','IdentityQuestionEntity.displayNameMap','你最喜欢哪所学校？');
Insert into LANGUAGE_MAPPING (ID,LANGUAGE_ID,REFERENCE_ID,REFERENCE_TYPE,TEXT_VALUE) values ('ZH211','10','211','IdentityQuestionEntity.displayNameMap','你养的第一只宠物叫什么名字？');
Insert into LANGUAGE_MAPPING (ID,LANGUAGE_ID,REFERENCE_ID,REFERENCE_TYPE,TEXT_VALUE) values ('ZH212','10','212','IdentityQuestionEntity.displayNameMap','你最喜欢的电影、戏剧或歌曲叫什么？');
Insert into LANGUAGE_MAPPING (ID,LANGUAGE_ID,REFERENCE_ID,REFERENCE_TYPE,TEXT_VALUE) values ('ZH213','10','213','IdentityQuestionEntity.displayNameMap','你最喜欢的书是什么？');
Insert into LANGUAGE_MAPPING (ID,LANGUAGE_ID,REFERENCE_ID,REFERENCE_TYPE,TEXT_VALUE) values ('ZH214','10','214','IdentityQuestionEntity.displayNameMap','你的初恋叫什么名字？');
Insert into LANGUAGE_MAPPING (ID,LANGUAGE_ID,REFERENCE_ID,REFERENCE_TYPE,TEXT_VALUE) values ('ZH215','10','215','IdentityQuestionEntity.displayNameMap','你最喜欢哪位老师？');
Insert into LANGUAGE_MAPPING (ID,LANGUAGE_ID,REFERENCE_ID,REFERENCE_TYPE,TEXT_VALUE) values ('ZH216','10','216','IdentityQuestionEntity.displayNameMap','你第一辆汽车的年份和昵称是什么（年份-昵称）？');
Insert into LANGUAGE_MAPPING (ID,LANGUAGE_ID,REFERENCE_ID,REFERENCE_TYPE,TEXT_VALUE) values ('ZH217','10','217','IdentityQuestionEntity.displayNameMap','你在哪里遇上你的另一半？');
Insert into LANGUAGE_MAPPING (ID,LANGUAGE_ID,REFERENCE_ID,REFERENCE_TYPE,TEXT_VALUE) values ('ZH218','10','218','IdentityQuestionEntity.displayNameMap','你的第一只宠物是什么，叫什么名字？（种类-名字）');
Insert into LANGUAGE_MAPPING (ID,LANGUAGE_ID,REFERENCE_ID,REFERENCE_TYPE,TEXT_VALUE) values ('ZHLanguageEntity1','10','1','LanguageEntity.displayNameMap','英语');
Insert into LANGUAGE_MAPPING (ID,LANGUAGE_ID,REFERENCE_ID,REFERENCE_TYPE,TEXT_VALUE) values ('ZHLanguageEntity2','10','2','LanguageEntity.displayNameMap','德语');
Insert into LANGUAGE_MAPPING (ID,LANGUAGE_ID,REFERENCE_ID,REFERENCE_TYPE,TEXT_VALUE) values ('ZHLanguageEntity4','10','4','LanguageEntity.displayNameMap','西班牙语');
Insert into LANGUAGE_MAPPING (ID,LANGUAGE_ID,REFERENCE_ID,REFERENCE_TYPE,TEXT_VALUE) values ('ZHLanguageEntity8','10','8','LanguageEntity.displayNameMap','俄语');
Insert into LANGUAGE_MAPPING (ID,LANGUAGE_ID,REFERENCE_ID,REFERENCE_TYPE,TEXT_VALUE) values ('ZHLanguageEntity9','10','9','LanguageEntity.displayNameMap','日语');
Insert into LANGUAGE_MAPPING (ID,LANGUAGE_ID,REFERENCE_ID,REFERENCE_TYPE,TEXT_VALUE) values ('ZHElementMigrate101','10','101','MetadataElementEntity.languageMap','显示名');
Insert into LANGUAGE_MAPPING (ID,LANGUAGE_ID,REFERENCE_ID,REFERENCE_TYPE,TEXT_VALUE) values ('ZHElementMigrate104','10','104','MetadataElementEntity.languageMap','偏好语言');
Insert into LANGUAGE_MAPPING (ID,LANGUAGE_ID,REFERENCE_ID,REFERENCE_TYPE,TEXT_VALUE) values ('ZHElementMigrate105','10','105','MetadataElementEntity.languageMap','汽车执照');
Insert into LANGUAGE_MAPPING (ID,LANGUAGE_ID,REFERENCE_ID,REFERENCE_TYPE,TEXT_VALUE) values ('ZHElementMigrate106','10','106','MetadataElementEntity.languageMap','名字');
Insert into LANGUAGE_MAPPING (ID,LANGUAGE_ID,REFERENCE_ID,REFERENCE_TYPE,TEXT_VALUE) values ('ZHElementMigrate107','10','107','MetadataElementEntity.languageMap','LabeledURI');
Insert into LANGUAGE_MAPPING (ID,LANGUAGE_ID,REFERENCE_ID,REFERENCE_TYPE,TEXT_VALUE) values ('ZHElementMigrate108','10','108','MetadataElementEntity.languageMap','起始名');
Insert into LANGUAGE_MAPPING (ID,LANGUAGE_ID,REFERENCE_ID,REFERENCE_TYPE,TEXT_VALUE) values ('ZHElementMigrate110','10','110','MetadataElementEntity.languageMap','业务类别');
Insert into LANGUAGE_MAPPING (ID,LANGUAGE_ID,REFERENCE_ID,REFERENCE_TYPE,TEXT_VALUE) values ('ZHElementMigrate131','10','131','MetadataElementEntity.languageMap','显示名');
Insert into LANGUAGE_MAPPING (ID,LANGUAGE_ID,REFERENCE_ID,REFERENCE_TYPE,TEXT_VALUE) values ('ZHElementMigrate134','10','134','MetadataElementEntity.languageMap','偏好语言');
Insert into LANGUAGE_MAPPING (ID,LANGUAGE_ID,REFERENCE_ID,REFERENCE_TYPE,TEXT_VALUE) values ('ZHElementMigrate135','10','135','MetadataElementEntity.languageMap','汽车执照');
Insert into LANGUAGE_MAPPING (ID,LANGUAGE_ID,REFERENCE_ID,REFERENCE_TYPE,TEXT_VALUE) values ('ZHElementMigrate136','10','136','MetadataElementEntity.languageMap','名字');
Insert into LANGUAGE_MAPPING (ID,LANGUAGE_ID,REFERENCE_ID,REFERENCE_TYPE,TEXT_VALUE) values ('ZHElementMigrate137','10','137','MetadataElementEntity.languageMap','LabeledURI');
Insert into LANGUAGE_MAPPING (ID,LANGUAGE_ID,REFERENCE_ID,REFERENCE_TYPE,TEXT_VALUE) values ('ZHElementMigrate138','10','138','MetadataElementEntity.languageMap','起始名');
Insert into LANGUAGE_MAPPING (ID,LANGUAGE_ID,REFERENCE_ID,REFERENCE_TYPE,TEXT_VALUE) values ('ZHElementMigrate140','10','140','MetadataElementEntity.languageMap','显示名');
Insert into LANGUAGE_MAPPING (ID,LANGUAGE_ID,REFERENCE_ID,REFERENCE_TYPE,TEXT_VALUE) values ('ZHElementMigrate150','10','150','MetadataElementEntity.languageMap','显示名');
Insert into LANGUAGE_MAPPING (ID,LANGUAGE_ID,REFERENCE_ID,REFERENCE_TYPE,TEXT_VALUE) values ('ZHElementMigrate160','10','160','MetadataElementEntity.languageMap','显示名');
Insert into LANGUAGE_MAPPING (ID,LANGUAGE_ID,REFERENCE_ID,REFERENCE_TYPE,TEXT_VALUE) values ('ZHElementMigrate260','10','260','MetadataElementEntity.languageMap','业务类别');
Insert into LANGUAGE_MAPPING (ID,LANGUAGE_ID,REFERENCE_ID,REFERENCE_TYPE,TEXT_VALUE) values ('ZHElementMigrate261','10','261','MetadataElementEntity.languageMap','起始日期');
Insert into LANGUAGE_MAPPING (ID,LANGUAGE_ID,REFERENCE_ID,REFERENCE_TYPE,TEXT_VALUE) values ('ZHElementMigrate262','10','262','MetadataElementEntity.languageMap','结束日期');
Insert into LANGUAGE_MAPPING (ID,LANGUAGE_ID,REFERENCE_ID,REFERENCE_TYPE,TEXT_VALUE) values ('ZHElementMigrate300','10','300','MetadataElementEntity.languageMap','name');
Insert into LANGUAGE_MAPPING (ID,LANGUAGE_ID,REFERENCE_ID,REFERENCE_TYPE,TEXT_VALUE) values ('ZHElementMigrate301','10','301','MetadataElementEntity.languageMap','distinguishedName');
Insert into LANGUAGE_MAPPING (ID,LANGUAGE_ID,REFERENCE_ID,REFERENCE_TYPE,TEXT_VALUE) values ('ZHElementMigrate302','10','302','MetadataElementEntity.languageMap','objectclass');
Insert into LANGUAGE_MAPPING (ID,LANGUAGE_ID,REFERENCE_ID,REFERENCE_TYPE,TEXT_VALUE) values ('ZHElementMigrate303','10','303','MetadataElementEntity.languageMap','aliasedObjectName');
Insert into LANGUAGE_MAPPING (ID,LANGUAGE_ID,REFERENCE_ID,REFERENCE_TYPE,TEXT_VALUE) values ('ZHElementMigrate304','10','304','MetadataElementEntity.languageMap','cn');
Insert into LANGUAGE_MAPPING (ID,LANGUAGE_ID,REFERENCE_ID,REFERENCE_TYPE,TEXT_VALUE) values ('ZHElementMigrate305','10','305','MetadataElementEntity.languageMap','sn');
Insert into LANGUAGE_MAPPING (ID,LANGUAGE_ID,REFERENCE_ID,REFERENCE_TYPE,TEXT_VALUE) values ('ZHElementMigrate306','10','306','MetadataElementEntity.languageMap','serialNumber');
Insert into LANGUAGE_MAPPING (ID,LANGUAGE_ID,REFERENCE_ID,REFERENCE_TYPE,TEXT_VALUE) values ('ZHElementMigrate307','10','307','MetadataElementEntity.languageMap','c');
Insert into LANGUAGE_MAPPING (ID,LANGUAGE_ID,REFERENCE_ID,REFERENCE_TYPE,TEXT_VALUE) values ('ZHElementMigrate308','10','308','MetadataElementEntity.languageMap','l');
Insert into LANGUAGE_MAPPING (ID,LANGUAGE_ID,REFERENCE_ID,REFERENCE_TYPE,TEXT_VALUE) values ('ZHElementMigrate309','10','309','MetadataElementEntity.languageMap','st');
Insert into LANGUAGE_MAPPING (ID,LANGUAGE_ID,REFERENCE_ID,REFERENCE_TYPE,TEXT_VALUE) values ('ZHElementMigrate310','10','310','MetadataElementEntity.languageMap','street');
Insert into LANGUAGE_MAPPING (ID,LANGUAGE_ID,REFERENCE_ID,REFERENCE_TYPE,TEXT_VALUE) values ('ZHElementMigrate311','10','311','MetadataElementEntity.languageMap','o');
Insert into LANGUAGE_MAPPING (ID,LANGUAGE_ID,REFERENCE_ID,REFERENCE_TYPE,TEXT_VALUE) values ('ZHElementMigrate312','10','312','MetadataElementEntity.languageMap','ou');
Insert into LANGUAGE_MAPPING (ID,LANGUAGE_ID,REFERENCE_ID,REFERENCE_TYPE,TEXT_VALUE) values ('ZHElementMigrate313','10','313','MetadataElementEntity.languageMap','title');
Insert into LANGUAGE_MAPPING (ID,LANGUAGE_ID,REFERENCE_ID,REFERENCE_TYPE,TEXT_VALUE) values ('ZHElementMigrate314','10','314','MetadataElementEntity.languageMap','description');
Insert into LANGUAGE_MAPPING (ID,LANGUAGE_ID,REFERENCE_ID,REFERENCE_TYPE,TEXT_VALUE) values ('ZHElementMigrate315','10','315','MetadataElementEntity.languageMap','businessCategory');
Insert into LANGUAGE_MAPPING (ID,LANGUAGE_ID,REFERENCE_ID,REFERENCE_TYPE,TEXT_VALUE) values ('ZHElementMigrate316','10','316','MetadataElementEntity.languageMap','postalAddress');
Insert into LANGUAGE_MAPPING (ID,LANGUAGE_ID,REFERENCE_ID,REFERENCE_TYPE,TEXT_VALUE) values ('ZHElementMigrate317','10','317','MetadataElementEntity.languageMap','postalCode');
Insert into LANGUAGE_MAPPING (ID,LANGUAGE_ID,REFERENCE_ID,REFERENCE_TYPE,TEXT_VALUE) values ('ZHElementMigrate318','10','318','MetadataElementEntity.languageMap','postOfficeBox');
Insert into LANGUAGE_MAPPING (ID,LANGUAGE_ID,REFERENCE_ID,REFERENCE_TYPE,TEXT_VALUE) values ('ZHElementMigrate319','10','319','MetadataElementEntity.languageMap','physicalDeliveryOfficeName');
Insert into LANGUAGE_MAPPING (ID,LANGUAGE_ID,REFERENCE_ID,REFERENCE_TYPE,TEXT_VALUE) values ('ZHElementMigrate320','10','320','MetadataElementEntity.languageMap','telephoneNumber');
Insert into LANGUAGE_MAPPING (ID,LANGUAGE_ID,REFERENCE_ID,REFERENCE_TYPE,TEXT_VALUE) values ('ZHElementMigrate321','10','321','MetadataElementEntity.languageMap','telexNumber');
Insert into LANGUAGE_MAPPING (ID,LANGUAGE_ID,REFERENCE_ID,REFERENCE_TYPE,TEXT_VALUE) values ('ZHElementMigrate322','10','322','MetadataElementEntity.languageMap','teletexTerminalIdentifier');
Insert into LANGUAGE_MAPPING (ID,LANGUAGE_ID,REFERENCE_ID,REFERENCE_TYPE,TEXT_VALUE) values ('ZHElementMigrate323','10','323','MetadataElementEntity.languageMap','facsimileTelephoneNumber');
Insert into LANGUAGE_MAPPING (ID,LANGUAGE_ID,REFERENCE_ID,REFERENCE_TYPE,TEXT_VALUE) values ('ZHElementMigrate324','10','324','MetadataElementEntity.languageMap','x121Address');
Insert into LANGUAGE_MAPPING (ID,LANGUAGE_ID,REFERENCE_ID,REFERENCE_TYPE,TEXT_VALUE) values ('ZHElementMigrate325','10','325','MetadataElementEntity.languageMap','internationaliSDNNumber');
Insert into LANGUAGE_MAPPING (ID,LANGUAGE_ID,REFERENCE_ID,REFERENCE_TYPE,TEXT_VALUE) values ('ZHElementMigrate326','10','326','MetadataElementEntity.languageMap','registeredAddress');
Insert into LANGUAGE_MAPPING (ID,LANGUAGE_ID,REFERENCE_ID,REFERENCE_TYPE,TEXT_VALUE) values ('ZHElementMigrate327','10','327','MetadataElementEntity.languageMap','destinationIndicator');
Insert into LANGUAGE_MAPPING (ID,LANGUAGE_ID,REFERENCE_ID,REFERENCE_TYPE,TEXT_VALUE) values ('ZHElementMigrate328','10','328','MetadataElementEntity.languageMap','preferredDeliveryMethod');
Insert into LANGUAGE_MAPPING (ID,LANGUAGE_ID,REFERENCE_ID,REFERENCE_TYPE,TEXT_VALUE) values ('ZHElementMigrate329','10','329','MetadataElementEntity.languageMap','presentationAddress');
Insert into LANGUAGE_MAPPING (ID,LANGUAGE_ID,REFERENCE_ID,REFERENCE_TYPE,TEXT_VALUE) values ('ZHElementMigrate330','10','330','MetadataElementEntity.languageMap','supportedApplicationContext');
Insert into LANGUAGE_MAPPING (ID,LANGUAGE_ID,REFERENCE_ID,REFERENCE_TYPE,TEXT_VALUE) values ('ZHElementMigrate331','10','331','MetadataElementEntity.languageMap','member');
Insert into LANGUAGE_MAPPING (ID,LANGUAGE_ID,REFERENCE_ID,REFERENCE_TYPE,TEXT_VALUE) values ('ZHElementMigrate332','10','332','MetadataElementEntity.languageMap','owner');
Insert into LANGUAGE_MAPPING (ID,LANGUAGE_ID,REFERENCE_ID,REFERENCE_TYPE,TEXT_VALUE) values ('ZHElementMigrate333','10','333','MetadataElementEntity.languageMap','roleOccupant');
Insert into LANGUAGE_MAPPING (ID,LANGUAGE_ID,REFERENCE_ID,REFERENCE_TYPE,TEXT_VALUE) values ('ZHElementMigrate334','10','334','MetadataElementEntity.languageMap','seeAlso');
Insert into LANGUAGE_MAPPING (ID,LANGUAGE_ID,REFERENCE_ID,REFERENCE_TYPE,TEXT_VALUE) values ('ZHElementMigrate335','10','335','MetadataElementEntity.languageMap','userPassword');
Insert into LANGUAGE_MAPPING (ID,LANGUAGE_ID,REFERENCE_ID,REFERENCE_TYPE,TEXT_VALUE) values ('ZHElementMigrate336','10','336','MetadataElementEntity.languageMap','userCertificate');
Insert into LANGUAGE_MAPPING (ID,LANGUAGE_ID,REFERENCE_ID,REFERENCE_TYPE,TEXT_VALUE) values ('ZHElementMigrate337','10','337','MetadataElementEntity.languageMap','cACertificate');
Insert into LANGUAGE_MAPPING (ID,LANGUAGE_ID,REFERENCE_ID,REFERENCE_TYPE,TEXT_VALUE) values ('ZHElementMigrate338','10','338','MetadataElementEntity.languageMap','authorityRevocationList');
Insert into LANGUAGE_MAPPING (ID,LANGUAGE_ID,REFERENCE_ID,REFERENCE_TYPE,TEXT_VALUE) values ('ZHElementMigrate339','10','339','MetadataElementEntity.languageMap','certificateRevocationList');
Insert into LANGUAGE_MAPPING (ID,LANGUAGE_ID,REFERENCE_ID,REFERENCE_TYPE,TEXT_VALUE) values ('ZHElementMigrate340','10','340','MetadataElementEntity.languageMap','crossCertificatePair');
Insert into LANGUAGE_MAPPING (ID,LANGUAGE_ID,REFERENCE_ID,REFERENCE_TYPE,TEXT_VALUE) values ('ZHElementMigrate341','10','341','MetadataElementEntity.languageMap','givenName');
Insert into LANGUAGE_MAPPING (ID,LANGUAGE_ID,REFERENCE_ID,REFERENCE_TYPE,TEXT_VALUE) values ('ZHElementMigrate342','10','342','MetadataElementEntity.languageMap','initials');
Insert into LANGUAGE_MAPPING (ID,LANGUAGE_ID,REFERENCE_ID,REFERENCE_TYPE,TEXT_VALUE) values ('ZHElementMigrate343','10','343','MetadataElementEntity.languageMap','generationQualifier');
Insert into LANGUAGE_MAPPING (ID,LANGUAGE_ID,REFERENCE_ID,REFERENCE_TYPE,TEXT_VALUE) values ('ZHElementMigrate344','10','344','MetadataElementEntity.languageMap','x500UniqueIdentifier');
Insert into LANGUAGE_MAPPING (ID,LANGUAGE_ID,REFERENCE_ID,REFERENCE_TYPE,TEXT_VALUE) values ('ZHElementMigrate346','10','346','MetadataElementEntity.languageMap','uniqueMember');
Insert into LANGUAGE_MAPPING (ID,LANGUAGE_ID,REFERENCE_ID,REFERENCE_TYPE,TEXT_VALUE) values ('ZHElementMigrate347','10','347','MetadataElementEntity.languageMap','houseIdentifier');
Insert into LANGUAGE_MAPPING (ID,LANGUAGE_ID,REFERENCE_ID,REFERENCE_TYPE,TEXT_VALUE) values ('ZHElementMigrate348','10','348','MetadataElementEntity.languageMap','uid');
Insert into LANGUAGE_MAPPING (ID,LANGUAGE_ID,REFERENCE_ID,REFERENCE_TYPE,TEXT_VALUE) values ('ZHElementMigrate349','10','349','MetadataElementEntity.languageMap','mail');
Insert into LANGUAGE_MAPPING (ID,LANGUAGE_ID,REFERENCE_ID,REFERENCE_TYPE,TEXT_VALUE) values ('ZHElementMigrate350','10','350','MetadataElementEntity.languageMap','ref');
Insert into LANGUAGE_MAPPING (ID,LANGUAGE_ID,REFERENCE_ID,REFERENCE_TYPE,TEXT_VALUE) values ('ZHElementMigrate351','10','351','MetadataElementEntity.languageMap','referral');
Insert into LANGUAGE_MAPPING (ID,LANGUAGE_ID,REFERENCE_ID,REFERENCE_TYPE,TEXT_VALUE) values ('ZHElementMigrate352','10','352','MetadataElementEntity.languageMap','krbName');
Insert into LANGUAGE_MAPPING (ID,LANGUAGE_ID,REFERENCE_ID,REFERENCE_TYPE,TEXT_VALUE) values ('ZHElementMigrate401','10','401','MetadataElementEntity.languageMap','SUBMIT_USER_TO_CONNECTOR');
Insert into LANGUAGE_MAPPING (ID,LANGUAGE_ID,REFERENCE_ID,REFERENCE_TYPE,TEXT_VALUE) values ('ZHElementMigrate402','10','402','MetadataElementEntity.languageMap','INCLUDE_IN_PASSWORD_SYNC');
Insert into LANGUAGE_MAPPING (ID,LANGUAGE_ID,REFERENCE_ID,REFERENCE_TYPE,TEXT_VALUE) values ('ZHElementMigrate405','10','405','MetadataElementEntity.languageMap','INCLUDE_IN_SYNC');
Insert into LANGUAGE_MAPPING (ID,LANGUAGE_ID,REFERENCE_ID,REFERENCE_TYPE,TEXT_VALUE) values ('ZHElementMigrate406','10','406','MetadataElementEntity.languageMap','TABLE_NAME');
Insert into LANGUAGE_MAPPING (ID,LANGUAGE_ID,REFERENCE_ID,REFERENCE_TYPE,TEXT_VALUE) values ('ZHElementMigrate407','10','407','MetadataElementEntity.languageMap','GROUP_MEMBERSHIP_ENABLED');
Insert into LANGUAGE_MAPPING (ID,LANGUAGE_ID,REFERENCE_ID,REFERENCE_TYPE,TEXT_VALUE) values ('ZHElementMigrate408','10','408','MetadataElementEntity.languageMap','ON_DELETE');
Insert into LANGUAGE_MAPPING (ID,LANGUAGE_ID,REFERENCE_ID,REFERENCE_TYPE,TEXT_VALUE) values ('ZHElementMigrate409','10','409','MetadataElementEntity.languageMap','PRE_PROCESS');
Insert into LANGUAGE_MAPPING (ID,LANGUAGE_ID,REFERENCE_ID,REFERENCE_TYPE,TEXT_VALUE) values ('ZHElementMigrate410','10','410','MetadataElementEntity.languageMap','POST_PROCESS');
Insert into LANGUAGE_MAPPING (ID,LANGUAGE_ID,REFERENCE_ID,REFERENCE_TYPE,TEXT_VALUE) values ('ZHElementMigrate411','10','411','MetadataElementEntity.languageMap','HOST_URL');
Insert into LANGUAGE_MAPPING (ID,LANGUAGE_ID,REFERENCE_ID,REFERENCE_TYPE,TEXT_VALUE) values ('ZHElementMigrate412','10','412','MetadataElementEntity.languageMap','BASE_DN');
Insert into LANGUAGE_MAPPING (ID,LANGUAGE_ID,REFERENCE_ID,REFERENCE_TYPE,TEXT_VALUE) values ('ZHElementMigrate413','10','413','MetadataElementEntity.languageMap','HOST_LOGIN ID');
Insert into LANGUAGE_MAPPING (ID,LANGUAGE_ID,REFERENCE_ID,REFERENCE_TYPE,TEXT_VALUE) values ('ZHElementMigrate415','10','415','MetadataElementEntity.languageMap','COMMUNICATION_PROTOCOL');
Insert into LANGUAGE_MAPPING (ID,LANGUAGE_ID,REFERENCE_ID,REFERENCE_TYPE,TEXT_VALUE) values ('ZHElementMigrate416','10','416','MetadataElementEntity.languageMap','OBJECT_CLASS');
Insert into LANGUAGE_MAPPING (ID,LANGUAGE_ID,REFERENCE_ID,REFERENCE_TYPE,TEXT_VALUE) values ('ZHElementMigrate418','10','418','MetadataElementEntity.languageMap','SEARCH_ATTRIBUTE');
Insert into LANGUAGE_MAPPING (ID,LANGUAGE_ID,REFERENCE_ID,REFERENCE_TYPE,TEXT_VALUE) values ('ZHElementMigrate419','10','419','MetadataElementEntity.languageMap','MANAGED_SYS_ID');
Insert into LANGUAGE_MAPPING (ID,LANGUAGE_ID,REFERENCE_ID,REFERENCE_TYPE,TEXT_VALUE) values ('ZHElementMigrate420','10','420','MetadataElementEntity.languageMap','DN_ATTRIBUTE');
Insert into LANGUAGE_MAPPING (ID,LANGUAGE_ID,REFERENCE_ID,REFERENCE_TYPE,TEXT_VALUE) values ('ZHElementMigrate421','10','421','MetadataElementEntity.languageMap','PASSWORD');
Insert into LANGUAGE_MAPPING (ID,LANGUAGE_ID,REFERENCE_ID,REFERENCE_TYPE,TEXT_VALUE) values ('ZHElementMigrate430','10','430','MetadataElementEntity.languageMap','END_POINT');
Insert into LANGUAGE_MAPPING (ID,LANGUAGE_ID,REFERENCE_ID,REFERENCE_TYPE,TEXT_VALUE) values ('ZHElementMigrate440','10','440','MetadataElementEntity.languageMap','OPERATION_NAME');
Insert into LANGUAGE_MAPPING (ID,LANGUAGE_ID,REFERENCE_ID,REFERENCE_TYPE,TEXT_VALUE) values ('ZHElementMigrate450','10','450','MetadataElementEntity.languageMap','URL');
Insert into LANGUAGE_MAPPING (ID,LANGUAGE_ID,REFERENCE_ID,REFERENCE_TYPE,TEXT_VALUE) values ('JPMetadataTypeEntity48','9','OFF-LINE','MetadataTypeEntity.displayNameMap','OFF-LINE');
Insert into LANGUAGE_MAPPING (ID,LANGUAGE_ID,REFERENCE_ID,REFERENCE_TYPE,TEXT_VALUE) values ('JPMetadataTypeEntity49','9','OFFICE_ADDRESS','MetadataTypeEntity.displayNameMap','会社の住所');
Insert into LANGUAGE_MAPPING (ID,LANGUAGE_ID,REFERENCE_ID,REFERENCE_TYPE,TEXT_VALUE) values ('JPMetadataTypeEntity50','9','OFFICE_PHONE','MetadataTypeEntity.displayNameMap','会社の電話番号');
Insert into LANGUAGE_MAPPING (ID,LANGUAGE_ID,REFERENCE_ID,REFERENCE_TYPE,TEXT_VALUE) values ('JPORG_MENU_DISPLAY','9','ORG','ResourceEntity.displayNameMap','組織');
Insert into LANGUAGE_MAPPING (ID,LANGUAGE_ID,REFERENCE_ID,REFERENCE_TYPE,TEXT_VALUE) values ('JPORGANIZATION','9','ORGANIZATION','OrganizationTypeEntity.displayNameMap','組織');
Insert into LANGUAGE_MAPPING (ID,LANGUAGE_ID,REFERENCE_ID,REFERENCE_TYPE,TEXT_VALUE) values ('JPORGANIZATION_EDIT_ID_DESC','9','ORGANIZATION_EDIT_ID','ResourceEntity.displayNameMap','組織の編集メニュー');
Insert into LANGUAGE_MAPPING (ID,LANGUAGE_ID,REFERENCE_ID,REFERENCE_TYPE,TEXT_VALUE) values ('JPORGANIZATION_ROOT_ID_DESC','9','ORGANIZATION_ROOT_ID','ResourceEntity.displayNameMap','組織のルートメニュー');
Insert into LANGUAGE_MAPPING (ID,LANGUAGE_ID,REFERENCE_ID,REFERENCE_TYPE,TEXT_VALUE) values ('JPMetadataTypeEntity51','9','OrgOpenIAM','MetadataTypeEntity.displayNameMap','OpenIAM');
Insert into LANGUAGE_MAPPING (ID,LANGUAGE_ID,REFERENCE_ID,REFERENCE_TYPE,TEXT_VALUE) values ('JPORG_APROVER_ASSOC_DN','9','ORG_APROVER_ASSOC','ResourceEntity.displayNameMap','承認者提携');
Insert into LANGUAGE_MAPPING (ID,LANGUAGE_ID,REFERENCE_ID,REFERENCE_TYPE,TEXT_VALUE) values ('JPORG_MEMBERSHIP_DESC','9','ORG_MEMBERSHIP','ResourceEntity.displayNameMap','組織メンバーシップ');
Insert into LANGUAGE_MAPPING (ID,LANGUAGE_ID,REFERENCE_ID,REFERENCE_TYPE,TEXT_VALUE) values ('JPORG_SEARCH_DESC','9','ORG_SEARCH','ResourceEntity.displayNameMap','組織の検索');
Insert into LANGUAGE_MAPPING (ID,LANGUAGE_ID,REFERENCE_ID,REFERENCE_TYPE,TEXT_VALUE) values ('JPORG_TYPE_EDIT_SEARCH_DESC','9','ORG_TYPE_EDIT_SEARCH','ResourceEntity.displayNameMap','組織タイプを検索');
Insert into LANGUAGE_MAPPING (ID,LANGUAGE_ID,REFERENCE_ID,REFERENCE_TYPE,TEXT_VALUE) values ('JPORG_TYPE_SEARCH_DESC','9','ORG_TYPE_SEARCH','ResourceEntity.displayNameMap','組織タイプを検索');
Insert into LANGUAGE_MAPPING (ID,LANGUAGE_ID,REFERENCE_ID,REFERENCE_TYPE,TEXT_VALUE) values ('JPORG_TYPE_SUBMENU_EDIT_DESC','9','ORG_TYPE_SUBMENU_EDIT','ResourceEntity.displayNameMap','組織タイプの編集');
Insert into LANGUAGE_MAPPING (ID,LANGUAGE_ID,REFERENCE_ID,REFERENCE_TYPE,TEXT_VALUE) values ('JPORG_TYPE_SUBMENU_ROOT_DESC','9','ORG_TYPE_SUBMENU_ROOT','ResourceEntity.displayNameMap','組織タイプのルート');
Insert into LANGUAGE_MAPPING (ID,LANGUAGE_ID,REFERENCE_ID,REFERENCE_TYPE,TEXT_VALUE) values ('JPPAGE_TEMPL_EDIT_DESC','9','PAGE_TEMPLATE_EDIT','ResourceEntity.displayNameMap','ページテンプレートの編集メニュー');
Insert into LANGUAGE_MAPPING (ID,LANGUAGE_ID,REFERENCE_ID,REFERENCE_TYPE,TEXT_VALUE) values ('JPPAGE_TEMPL_EDIT_NEW_DESC','9','PAGE_TEMPLATE_EDIT_NEW','ResourceEntity.displayNameMap','新しいテンプレートを作成');
Insert into LANGUAGE_MAPPING (ID,LANGUAGE_ID,REFERENCE_ID,REFERENCE_TYPE,TEXT_VALUE) values ('JPPAGE_TEMPL_EDIT_SEARCH_DESC','9','PAGE_TEMPLATE_EDIT_SEARCH','ResourceEntity.displayNameMap','検索に戻る');
Insert into LANGUAGE_MAPPING (ID,LANGUAGE_ID,REFERENCE_ID,REFERENCE_TYPE,TEXT_VALUE) values ('JPPAGE_TEMPL_NEW_DSC','9','PAGE_TEMPLATE_NEW','ResourceEntity.displayNameMap','新しいテンプレートを作成');
Insert into LANGUAGE_MAPPING (ID,LANGUAGE_ID,REFERENCE_ID,REFERENCE_TYPE,TEXT_VALUE) values ('JPPAGE_TEMPL_ROOT_DESC','9','PAGE_TEMPLATE_ROOT','ResourceEntity.displayNameMap','ページテンプレートのルートメニュー');
Insert into LANGUAGE_MAPPING (ID,LANGUAGE_ID,REFERENCE_ID,REFERENCE_TYPE,TEXT_VALUE) values ('JPPAGE_TEMPL_SEARCH_DESC','9','PAGE_TEMPLATE_SEARCH','ResourceEntity.displayNameMap','ページテンプレートを検索');
Insert into LANGUAGE_MAPPING (ID,LANGUAGE_ID,REFERENCE_ID,REFERENCE_TYPE,TEXT_VALUE) values ('JPMetadataTypeEntity52','9','PASSWORD','MetadataTypeEntity.displayNameMap','パスワードフィールド');
Insert into LANGUAGE_MAPPING (ID,LANGUAGE_ID,REFERENCE_ID,REFERENCE_TYPE,TEXT_VALUE) values ('JPPOLICY_MENU_DESC','9','PASSWORD_POLICY','ResourceEntity.displayNameMap','パスワードポリシー');
Insert into LANGUAGE_MAPPING (ID,LANGUAGE_ID,REFERENCE_ID,REFERENCE_TYPE,TEXT_VALUE) values ('JPPASSWORD_POLICY_EDIT_DESC','9','PASSWORD_POLICY_EDIT','ResourceEntity.displayNameMap','提携ポリシーのルートメニュー');
Insert into LANGUAGE_MAPPING (ID,LANGUAGE_ID,REFERENCE_ID,REFERENCE_TYPE,TEXT_VALUE) values ('JPPOLICY_ROOT_MENU_DESC','9','PASSWORD_POLICY_ROOT_MENU','ResourceEntity.displayNameMap','パスワードポリシーのルートメニュー');
Insert into LANGUAGE_MAPPING (ID,LANGUAGE_ID,REFERENCE_ID,REFERENCE_TYPE,TEXT_VALUE) values ('JPMetadataTypeEntity53','9','PENDING_APPROVAL','MetadataTypeEntity.displayNameMap','PENDING_APPROVAL');
Insert into LANGUAGE_MAPPING (ID,LANGUAGE_ID,REFERENCE_ID,REFERENCE_TYPE,TEXT_VALUE) values ('JPMetadataTypeEntity54','9','PENDING_INITIAL_LOGIN','MetadataTypeEntity.displayNameMap','PENDING_INITIAL_LOGIN');
Insert into LANGUAGE_MAPPING (ID,LANGUAGE_ID,REFERENCE_ID,REFERENCE_TYPE,TEXT_VALUE) values ('JPMetadataTypeEntity55','9','PENDING_START_DATE','MetadataTypeEntity.displayNameMap','PENDING_START_DATE');
Insert into LANGUAGE_MAPPING (ID,LANGUAGE_ID,REFERENCE_ID,REFERENCE_TYPE,TEXT_VALUE) values ('JPMetadataTypeEntity56','9','PENDING_USER_VALIDATION','MetadataTypeEntity.displayNameMap','PENDING_USER_VALIDATION');
Insert into LANGUAGE_MAPPING (ID,LANGUAGE_ID,REFERENCE_ID,REFERENCE_TYPE,TEXT_VALUE) values ('JPPOLICY_ATTR_EDIT_ROOTT_DESC','9','POLICY_ATTR_EDIT_ROOT','ResourceEntity.displayNameMap','属性ポリシー編集のルートメニュー');
Insert into LANGUAGE_MAPPING (ID,LANGUAGE_ID,REFERENCE_ID,REFERENCE_TYPE,TEXT_VALUE) values ('JPPOLICY_ATTR_ROOT_DESC','9','POLICY_ATTR_ROOT','ResourceEntity.displayNameMap','属性ポリシーのルートメニュー');
Insert into LANGUAGE_MAPPING (ID,LANGUAGE_ID,REFERENCE_ID,REFERENCE_TYPE,TEXT_VALUE) values ('JPMetadataTypeEntity57','9','PRIMARY_EMAIL','MetadataTypeEntity.displayNameMap','プライマリメール');
Insert into LANGUAGE_MAPPING (ID,LANGUAGE_ID,REFERENCE_ID,REFERENCE_TYPE,TEXT_VALUE) values ('JPPROFILE_MENU_DISPLAY','9','PROFILE','ResourceEntity.displayNameMap','プロファイルを編集');
Insert into LANGUAGE_MAPPING (ID,LANGUAGE_ID,REFERENCE_ID,REFERENCE_TYPE,TEXT_VALUE) values ('JPPROVCONNECT_MENU_DISPLAY','9','PROVCONNECT','ResourceEntity.displayNameMap','コネクタ');
Insert into LANGUAGE_MAPPING (ID,LANGUAGE_ID,REFERENCE_ID,REFERENCE_TYPE,TEXT_VALUE) values ('JPPROVCONNECT_DESC','9','PROVCONNECT_MENU_ITEM','ResourceEntity.displayNameMap','プロビジョニングコネクタ');
Insert into LANGUAGE_MAPPING (ID,LANGUAGE_ID,REFERENCE_ID,REFERENCE_TYPE,TEXT_VALUE) values ('JPPROVISIONING_MENU_DISPLAY','9','PROVISIONING','ResourceEntity.displayNameMap','プロビジョニング');
Insert into LANGUAGE_MAPPING (ID,LANGUAGE_ID,REFERENCE_ID,REFERENCE_TYPE,TEXT_VALUE) values ('JPPROV_CONNECTOR_DSC','9','PROV_CONNECTOR_NEW','ResourceEntity.displayNameMap','新しいコネクタを作成');
Insert into LANGUAGE_MAPPING (ID,LANGUAGE_ID,REFERENCE_ID,REFERENCE_TYPE,TEXT_VALUE) values ('JPMetadataTypeEntity58','9','RADIO','MetadataTypeEntity.displayNameMap','ラジオボタン');
Insert into LANGUAGE_MAPPING (ID,LANGUAGE_ID,REFERENCE_ID,REFERENCE_TYPE,TEXT_VALUE) values ('JPMetadataTypeEntity59','9','RDBMS_Connector','MetadataTypeEntity.displayNameMap','RDBMSコネクタ');
Insert into LANGUAGE_MAPPING (ID,LANGUAGE_ID,REFERENCE_ID,REFERENCE_TYPE,TEXT_VALUE) values ('JPMetadataTypeEntity60','9','READY','MetadataTypeEntity.displayNameMap','READY');
Insert into LANGUAGE_MAPPING (ID,LANGUAGE_ID,REFERENCE_ID,REFERENCE_TYPE,TEXT_VALUE) values ('JPREPORT_MENU_DISPLAY','9','REPORT','ResourceEntity.displayNameMap','管理レポート');
Insert into LANGUAGE_MAPPING (ID,LANGUAGE_ID,REFERENCE_ID,REFERENCE_TYPE,TEXT_VALUE) values ('JPREQINBOX_MENU_DISPLAY','9','REQINBOX','ResourceEntity.displayNameMap','受信箱');
Insert into LANGUAGE_MAPPING (ID,LANGUAGE_ID,REFERENCE_ID,REFERENCE_TYPE,TEXT_VALUE) values ('JPREQUEST_APPROVAL_DESC','9','REQUEST_APPROVAL','ResourceEntity.displayNameMap','承認をリクエスト');
Insert into LANGUAGE_MAPPING (ID,LANGUAGE_ID,REFERENCE_ID,REFERENCE_TYPE,TEXT_VALUE) values ('JPRESOURCE_EDIT_PAGE_ROOT_DIS','9','RESOURCE_EDIT_PAGE_ROOT','ResourceEntity.displayNameMap','リソース編集ページルート');
Insert into LANGUAGE_MAPPING (ID,LANGUAGE_ID,REFERENCE_ID,REFERENCE_TYPE,TEXT_VALUE) values ('JPRESPOLICYMAP_MENU_DISPLAY','9','RESPOLICYMAP','ResourceEntity.displayNameMap','ポリシーマップ');
Insert into LANGUAGE_MAPPING (ID,LANGUAGE_ID,REFERENCE_ID,REFERENCE_TYPE,TEXT_VALUE) values ('JPRESRECONCILE_MENU_DISPLAY','9','RESRECONCILE','ResourceEntity.displayNameMap','調整');
Insert into LANGUAGE_MAPPING (ID,LANGUAGE_ID,REFERENCE_ID,REFERENCE_TYPE,TEXT_VALUE) values ('JPRESSUMMARY_MENU_DISPLAY','9','RESSUMMARY','ResourceEntity.displayNameMap','リソース詳細');
Insert into LANGUAGE_MAPPING (ID,LANGUAGE_ID,REFERENCE_ID,REFERENCE_TYPE,TEXT_VALUE) values ('JPRES_APROVER_ASSOC_DN','9','RES_APROVER_ASSOC','ResourceEntity.displayNameMap','承認者提携');
Insert into LANGUAGE_MAPPING (ID,LANGUAGE_ID,REFERENCE_ID,REFERENCE_TYPE,TEXT_VALUE) values ('JPRES_ENT_SUB_DIS','9','RES_ENT_SUB','ResourceEntity.displayNameMap','権限');
Insert into LANGUAGE_MAPPING (ID,LANGUAGE_ID,REFERENCE_ID,REFERENCE_TYPE,TEXT_VALUE) values ('JPRES_TYPE_DESC','9','RES_TYPE_ITEM','ResourceEntity.displayNameMap','リソース・タイプ');
Insert into LANGUAGE_MAPPING (ID,LANGUAGE_ID,REFERENCE_ID,REFERENCE_TYPE,TEXT_VALUE) values ('JPRES_TYPE_NEW_DESC','9','RES_TYPE_NEW','ResourceEntity.displayNameMap','新しいリソース・タイプ');
Insert into LANGUAGE_MAPPING (ID,LANGUAGE_ID,REFERENCE_ID,REFERENCE_TYPE,TEXT_VALUE) values ('JPMetadataTypeEntity61','9','RETIRED','MetadataTypeEntity.displayNameMap','ETIRED');
Insert into LANGUAGE_MAPPING (ID,LANGUAGE_ID,REFERENCE_ID,REFERENCE_TYPE,TEXT_VALUE) values ('JPMetadataTypeEntity62','9','RJ','MetadataTypeEntity.displayNameMap','REJECT');
Insert into LANGUAGE_MAPPING (ID,LANGUAGE_ID,REFERENCE_ID,REFERENCE_TYPE,TEXT_VALUE) values ('JPROLE_APROVER_ASSOC_DN','9','ROLE_APROVER_ASSOC','ResourceEntity.displayNameMap','承認者提携');
Insert into LANGUAGE_MAPPING (ID,LANGUAGE_ID,REFERENCE_ID,REFERENCE_TYPE,TEXT_VALUE) values ('JPROLE_EDIT_MENU_DESC','9','ROLE_EDIT_MENU','ResourceEntity.displayNameMap','ロールルートの編集メニュー');
Insert into LANGUAGE_MAPPING (ID,LANGUAGE_ID,REFERENCE_ID,REFERENCE_TYPE,TEXT_VALUE) values ('JPROLE_ENTITLEMENTS_DESC','9','ROLE_ENTITLEMENTS','ResourceEntity.displayNameMap','ロールの権限');
Insert into LANGUAGE_MAPPING (ID,LANGUAGE_ID,REFERENCE_ID,REFERENCE_TYPE,TEXT_VALUE) values ('JPROLE_MENUS_DESC','9','ROLE_MENUS','ResourceEntity.displayNameMap','メニュー');
Insert into LANGUAGE_MAPPING (ID,LANGUAGE_ID,REFERENCE_ID,REFERENCE_TYPE,TEXT_VALUE) values ('JPROLE_ROOT_MENU_DESC','9','ROLE_ROOT_MENU','ResourceEntity.displayNameMap','ロールのルートメニュー');
Insert into LANGUAGE_MAPPING (ID,LANGUAGE_ID,REFERENCE_ID,REFERENCE_TYPE,TEXT_VALUE) values ('JPROLE_SEARCH_DESC','9','ROLE_SEARCH','ResourceEntity.displayNameMap','ロール検索');
Insert into LANGUAGE_MAPPING (ID,LANGUAGE_ID,REFERENCE_ID,REFERENCE_TYPE,TEXT_VALUE) values ('JPMetadataTypeEntity63','9','SALES REP','MetadataTypeEntity.displayNameMap','SALES REP');
Insert into LANGUAGE_MAPPING (ID,LANGUAGE_ID,REFERENCE_ID,REFERENCE_TYPE,TEXT_VALUE) values ('JPMetadataTypeEntity64','9','SCRIPT_Connector','MetadataTypeEntity.displayNameMap','スクリプトコネクタ');
Insert into LANGUAGE_MAPPING (ID,LANGUAGE_ID,REFERENCE_ID,REFERENCE_TYPE,TEXT_VALUE) values ('JPSEARCH_BATCH_EDIT_DESC','9','SEARCH_BATCH_EDIT','ResourceEntity.displayNameMap','バッチタスクを検索');
Insert into LANGUAGE_MAPPING (ID,LANGUAGE_ID,REFERENCE_ID,REFERENCE_TYPE,TEXT_VALUE) values ('JPSEARCH_BATCH_NEW_DESC','9','SEARCH_BATCH_NEW','ResourceEntity.displayNameMap','バッチタスクを検索');
Insert into LANGUAGE_MAPPING (ID,LANGUAGE_ID,REFERENCE_ID,REFERENCE_TYPE,TEXT_VALUE) values ('JPMetadataTypeEntity65','9','SECURITY MANAGER','MetadataTypeEntity.displayNameMap','SECURITY MANAGER');
Insert into LANGUAGE_MAPPING (ID,LANGUAGE_ID,REFERENCE_ID,REFERENCE_TYPE,TEXT_VALUE) values ('JPSECURITY_GROUP_MENU_DISPLAY','9','SECURITY_GROUP','ResourceEntity.displayNameMap','グループ');
Insert into LANGUAGE_MAPPING (ID,LANGUAGE_ID,REFERENCE_ID,REFERENCE_TYPE,TEXT_VALUE) values ('JPSECURITY_POLICY_MENU_DISPLAY','9','SECURITY_POLICY','ResourceEntity.displayNameMap','ポリシー');
Insert into LANGUAGE_MAPPING (ID,LANGUAGE_ID,REFERENCE_ID,REFERENCE_TYPE,TEXT_VALUE) values ('JPSECURITY_RES_MENU_DISPLAY','9','SECURITY_RES','ResourceEntity.displayNameMap','リソース');
Insert into LANGUAGE_MAPPING (ID,LANGUAGE_ID,REFERENCE_ID,REFERENCE_TYPE,TEXT_VALUE) values ('JPSECURITY_ROLE_MENU_DISPLAY','9','SECURITY_ROLE','ResourceEntity.displayNameMap','ロール');
Insert into LANGUAGE_MAPPING (ID,LANGUAGE_ID,REFERENCE_ID,REFERENCE_TYPE,TEXT_VALUE) values ('JPSELFCENTER_MENU_DISPLAY','9','SELFCENTER','ResourceEntity.displayNameMap','セルフサービスセンター');
Insert into LANGUAGE_MAPPING (ID,LANGUAGE_ID,REFERENCE_ID,REFERENCE_TYPE,TEXT_VALUE) values ('JPSELFSERVE_SUP_SUB_DESC','9','SELFSERVE_SUP_SUB','ResourceEntity.displayNameMap','上司 & 部下');
Insert into LANGUAGE_MAPPING (ID,LANGUAGE_ID,REFERENCE_ID,REFERENCE_TYPE,TEXT_VALUE) values ('JPSELFSERVICE_MENU_DISPLAY','9','SELFSERVICE','ResourceEntity.displayNameMap','SELF SERVICE');
Insert into LANGUAGE_MAPPING (ID,LANGUAGE_ID,REFERENCE_ID,REFERENCE_TYPE,TEXT_VALUE) values ('ZHBATCH_PROC_MENU_DISPLAY','10','BATCH_PROC','ResourceEntity.displayNameMap','批量过程');
Insert into LANGUAGE_MAPPING (ID,LANGUAGE_ID,REFERENCE_ID,REFERENCE_TYPE,TEXT_VALUE) values ('ZHGROUP_ENTITLEMENTS_DESC','10','GROUP_ENTITLEMENTS','ResourceEntity.displayNameMap','群组权利');
Insert into LANGUAGE_MAPPING (ID,LANGUAGE_ID,REFERENCE_ID,REFERENCE_TYPE,TEXT_VALUE) values ('ZHPAGE_TEMPLATE_EDIT_DESC','10','PAGE_TEMPLATE_EDIT','ResourceEntity.displayNameMap','页面模板编辑菜单');
Insert into LANGUAGE_MAPPING (ID,LANGUAGE_ID,REFERENCE_ID,REFERENCE_TYPE,TEXT_VALUE) values ('ZHPAGE_TEMPLATE_ROOT_DESC','10','PAGE_TEMPLATE_ROOT','ResourceEntity.displayNameMap','页面模板根菜单');
Insert into LANGUAGE_MAPPING (ID,LANGUAGE_ID,REFERENCE_ID,REFERENCE_TYPE,TEXT_VALUE) values ('ZHRESSUMMARY_MENU_DISPLAY','10','RESSUMMARY','ResourceEntity.displayNameMap','资源详情');
Insert into LANGUAGE_MAPPING (ID,LANGUAGE_ID,REFERENCE_ID,REFERENCE_TYPE,TEXT_VALUE) values ('ZHSELFCENTER_MENU_DISPLAY','10','SELFCENTER','ResourceEntity.displayNameMap','自助服务中心');
Insert into LANGUAGE_MAPPING (ID,LANGUAGE_ID,REFERENCE_ID,REFERENCE_TYPE,TEXT_VALUE) values ('ZHSELFSERVICE_MYAPPS_DESC','10','SELFSERVICE_MYAPPS','ResourceEntity.displayNameMap','我的应用程序');
Insert into LANGUAGE_MAPPING (ID,LANGUAGE_ID,REFERENCE_ID,REFERENCE_TYPE,TEXT_VALUE) values ('ZHSELFSERVICE_MYINFO_DESC','10','SELFSERVICE_MYINFO','ResourceEntity.displayNameMap','我的信息');
Insert into LANGUAGE_MAPPING (ID,LANGUAGE_ID,REFERENCE_ID,REFERENCE_TYPE,TEXT_VALUE) values ('ZHSELFSERVICE_REPORT_DESC','10','SELFSERVICE_REPORT','ResourceEntity.displayNameMap','报告');
Insert into LANGUAGE_MAPPING (ID,LANGUAGE_ID,REFERENCE_ID,REFERENCE_TYPE,TEXT_VALUE) values ('ZHSELFSERV_USER_EDIT_DESC','10','SELFSERV_USER_EDIT','ResourceEntity.displayNameMap','用户');
Insert into LANGUAGE_MAPPING (ID,LANGUAGE_ID,REFERENCE_ID,REFERENCE_TYPE,TEXT_VALUE) values ('ZHSELFSER_USER_LOGIN_DESC','10','SELFSER_USER_LOGIN','ResourceEntity.displayNameMap','身份');
Insert into LANGUAGE_MAPPING (ID,LANGUAGE_ID,REFERENCE_ID,REFERENCE_TYPE,TEXT_VALUE) values ('ZHSELF_REPORT_VIEWER_DESC','10','SELF_REPORT_VIEWER','ResourceEntity.displayNameMap','报告查看器');
Insert into LANGUAGE_MAPPING (ID,LANGUAGE_ID,REFERENCE_ID,REFERENCE_TYPE,TEXT_VALUE) values ('ZHSELF_SUB_ORGS_EDIT_DESC','10','SELF_SUB_ORGS_EDIT','ResourceEntity.displayNameMap','编辑组织');
Insert into LANGUAGE_MAPPING (ID,LANGUAGE_ID,REFERENCE_ID,REFERENCE_TYPE,TEXT_VALUE) values ('ZHSELF_SUB_REPORT_NEW_DSC','10','SELF_SUB_REPORT_NEW','ResourceEntity.displayNameMap','订阅报告');
Insert into LANGUAGE_MAPPING (ID,LANGUAGE_ID,REFERENCE_ID,REFERENCE_TYPE,TEXT_VALUE) values ('ZHSYNCUSER_POLICYMAP_DESC','10','SYNCUSER_POLICYMAP','ResourceEntity.displayNameMap','规则匹配');
Insert into LANGUAGE_MAPPING (ID,LANGUAGE_ID,REFERENCE_ID,REFERENCE_TYPE,TEXT_VALUE) values ('ZHUI_THEME_EDIT_MODIFY_DN','10','UI_THEME_EDIT_MODIFY','ResourceEntity.displayNameMap','编辑用户界面主题');
Insert into LANGUAGE_MAPPING (ID,LANGUAGE_ID,REFERENCE_ID,REFERENCE_TYPE,TEXT_VALUE) values ('ZHACC_CONTROL_MENU_DISPLAY','10','ACC_CONTROL','ResourceEntity.displayNameMap','访问权限控制');
Insert into LANGUAGE_MAPPING (ID,LANGUAGE_ID,REFERENCE_ID,REFERENCE_TYPE,TEXT_VALUE) values ('ZHAM_PROV_EDIT_SEARCH_DESC','10','AM_PROV_EDIT_SEARCH','ResourceEntity.displayNameMap','返回搜索');
Insert into LANGUAGE_MAPPING (ID,LANGUAGE_ID,REFERENCE_ID,REFERENCE_TYPE,TEXT_VALUE) values ('ZHAUDITREPORT_MENU_DISPLAY','10','AUDITREPORT','ResourceEntity.displayNameMap','审计报告');
Insert into LANGUAGE_MAPPING (ID,LANGUAGE_ID,REFERENCE_ID,REFERENCE_TYPE,TEXT_VALUE) values ('ZHAUTH_LVL_GRP_NEW_ROOT_DN','10','AUTH_LVL_GRP_NEW_ROOT','ResourceEntity.displayNameMap','验证级别分组根');
Insert into LANGUAGE_MAPPING (ID,LANGUAGE_ID,REFERENCE_ID,REFERENCE_TYPE,TEXT_VALUE) values ('ZHCONTENT_PROV_SEARCH_DESC','10','CONTENT_PROV_SEARCH','ResourceEntity.displayNameMap','搜索内容提供者');
Insert into LANGUAGE_MAPPING (ID,LANGUAGE_ID,REFERENCE_ID,REFERENCE_TYPE,TEXT_VALUE) values ('ZHCUSTOM_FIELD_SEARCH_DESC','10','CUSTOM_FIELD_SEARCH','ResourceEntity.displayNameMap','搜索自定义字段');
Insert into LANGUAGE_MAPPING (ID,LANGUAGE_ID,REFERENCE_ID,REFERENCE_TYPE,TEXT_VALUE) values ('ZHDELG_FILTER_MENU_DISPLAY','10','DELG_FILTER','ResourceEntity.displayNameMap','代理过滤器');
Insert into LANGUAGE_MAPPING (ID,LANGUAGE_ID,REFERENCE_ID,REFERENCE_TYPE,TEXT_VALUE) values ('ZHEDIT_ORG_MEMBERSHIP_DESC','10','EDIT_ORG_MEMBERSHIP','ResourceEntity.displayNameMap','成员资格');
Insert into LANGUAGE_MAPPING (ID,LANGUAGE_ID,REFERENCE_ID,REFERENCE_TYPE,TEXT_VALUE) values ('ZHEDIT_ORG_TYPE_IDMAN_DESC','10','EDIT_ORG_TYPE_IDMAN','ResourceEntity.displayNameMap','组织类型');
Insert into LANGUAGE_MAPPING (ID,LANGUAGE_ID,REFERENCE_ID,REFERENCE_TYPE,TEXT_VALUE) values ('ZHIMPERSIONATION_MENU_DESC','10','IMPERSIONATION_MENU','ResourceEntity.displayNameMap','模仿');
Insert into LANGUAGE_MAPPING (ID,LANGUAGE_ID,REFERENCE_ID,REFERENCE_TYPE,TEXT_VALUE) values ('ZHNEW_PASSWORD_POLICY_DESC','10','NEW_PASSWORD_POLICY','ResourceEntity.displayNameMap','创建口令规则');
Insert into LANGUAGE_MAPPING (ID,LANGUAGE_ID,REFERENCE_ID,REFERENCE_TYPE,TEXT_VALUE) values ('ZHPROVCONNECT_MENU_DISPLAY','10','PROVCONNECT','ResourceEntity.displayNameMap','连接器');
Insert into LANGUAGE_MAPPING (ID,LANGUAGE_ID,REFERENCE_ID,REFERENCE_TYPE,TEXT_VALUE) values ('ZHSELFSERVICE_MENU_DISPLAY','10','SELFSERVICE','ResourceEntity.displayNameMap','自助服务');
Insert into LANGUAGE_MAPPING (ID,LANGUAGE_ID,REFERENCE_ID,REFERENCE_TYPE,TEXT_VALUE) values ('ZHSELFSERVICE_RESOURCES_DN','10','SELFSERVICE_RESOURCES','ResourceEntity.displayNameMap','资源');
Insert into LANGUAGE_MAPPING (ID,LANGUAGE_ID,REFERENCE_ID,REFERENCE_TYPE,TEXT_VALUE) values ('ZHSELFSERV_USER_MEMSHP_DES','10','SELFSERV_USER_MEMSHP','ResourceEntity.displayNameMap','用户权利');
Insert into LANGUAGE_MAPPING (ID,LANGUAGE_ID,REFERENCE_ID,REFERENCE_TYPE,TEXT_VALUE) values ('ZHSELFSRV_RES_BACK_SRCH_DN','10','SELFSRV_RES_BACK_SRCH','ResourceEntity.displayNameMap','返回搜索');
Insert into LANGUAGE_MAPPING (ID,LANGUAGE_ID,REFERENCE_ID,REFERENCE_TYPE,TEXT_VALUE) values ('ZHSELFSRV_RES_SRCH_ROOT_DN','10','SELFSRV_RES_SRCH_ROOT','ResourceEntity.displayNameMap','自助服务资源根');
Insert into LANGUAGE_MAPPING (ID,LANGUAGE_ID,REFERENCE_ID,REFERENCE_TYPE,TEXT_VALUE) values ('ZHSELF_VIEW_REPORT_NEW_DSC','10','SELF_VIEW_REPORT_NEW','ResourceEntity.displayNameMap','创建视图报告');
Insert into LANGUAGE_MAPPING (ID,LANGUAGE_ID,REFERENCE_ID,REFERENCE_TYPE,TEXT_VALUE) values ('ZHUSER_RESET_PASSWORD_DESC','10','USER_RESET_PASSWORD','ResourceEntity.displayNameMap','重置口令');
Insert into LANGUAGE_MAPPING (ID,LANGUAGE_ID,REFERENCE_ID,REFERENCE_TYPE,TEXT_VALUE) values ('ZHACCESSCENTER_MENU_DISPLAY','10','ACCESSCENTER','ResourceEntity.displayNameMap','访问权限管理');
Insert into LANGUAGE_MAPPING (ID,LANGUAGE_ID,REFERENCE_ID,REFERENCE_TYPE,TEXT_VALUE) values ('ZHAM_PROV_EDIT_CURRENT_DESC','10','AM_PROV_EDIT_CURRENT','ResourceEntity.displayNameMap','编辑提供者');
Insert into LANGUAGE_MAPPING (ID,LANGUAGE_ID,REFERENCE_ID,REFERENCE_TYPE,TEXT_VALUE) values ('ZHAM_PROV_NEW_EDIT_PUB_DESC','10','AM_PROV_NEW_EDIT','ResourceEntity.displayNameMap','创建提供者');
Insert into LANGUAGE_MAPPING (ID,LANGUAGE_ID,REFERENCE_ID,REFERENCE_TYPE,TEXT_VALUE) values ('ZHAUTH_LVL_GRP_EDIT_ROOT_DN','10','AUTH_LVL_GRP_EDIT_ROOT','ResourceEntity.displayNameMap','验证级别分组编辑根');
Insert into LANGUAGE_MAPPING (ID,LANGUAGE_ID,REFERENCE_ID,REFERENCE_TYPE,TEXT_VALUE) values ('ZHORGANIZATION_EDIT_ID_DESC','10','ORGANIZATION_EDIT_ID','ResourceEntity.displayNameMap','组织编辑菜单');
Insert into LANGUAGE_MAPPING (ID,LANGUAGE_ID,REFERENCE_ID,REFERENCE_TYPE,TEXT_VALUE) values ('ZHORGANIZATION_ROOT_ID_DESC','10','ORGANIZATION_ROOT_ID','ResourceEntity.displayNameMap','组织根菜单');
Insert into LANGUAGE_MAPPING (ID,LANGUAGE_ID,REFERENCE_ID,REFERENCE_TYPE,TEXT_VALUE) values ('ZHORG_TYPE_EDIT_SEARCH_DESC','10','ORG_TYPE_EDIT_SEARCH','ResourceEntity.displayNameMap','搜索组织类型');
Insert into LANGUAGE_MAPPING (ID,LANGUAGE_ID,REFERENCE_ID,REFERENCE_TYPE,TEXT_VALUE) values ('ZHPAGE_TEMPLATE_SEARCH_DESC','10','PAGE_TEMPLATE_SEARCH','ResourceEntity.displayNameMap','搜索页面模板');
Insert into LANGUAGE_MAPPING (ID,LANGUAGE_ID,REFERENCE_ID,REFERENCE_TYPE,TEXT_VALUE) values ('ZHPASSWORD_POLICY_EDIT_DESC','10','PASSWORD_POLICY_EDIT','ResourceEntity.displayNameMap','关联规则根菜单');
Insert into LANGUAGE_MAPPING (ID,LANGUAGE_ID,REFERENCE_ID,REFERENCE_TYPE,TEXT_VALUE) values ('ZHPROVISIONING_MENU_DISPLAY','10','PROVISIONING','ResourceEntity.displayNameMap','服务开通');
Insert into LANGUAGE_MAPPING (ID,LANGUAGE_ID,REFERENCE_ID,REFERENCE_TYPE,TEXT_VALUE) values ('ZHRESPOLICYMAP_MENU_DISPLAY','10','RESPOLICYMAP','ResourceEntity.displayNameMap','规则匹配');
Insert into LANGUAGE_MAPPING (ID,LANGUAGE_ID,REFERENCE_ID,REFERENCE_TYPE,TEXT_VALUE) values ('ZHRESRECONCILE_MENU_DISPLAY','10','RESRECONCILE','ResourceEntity.displayNameMap','调和');
Insert into LANGUAGE_MAPPING (ID,LANGUAGE_ID,REFERENCE_ID,REFERENCE_TYPE,TEXT_VALUE) values ('ZHSECURITY_RES_MENU_DISPLAY','10','SECURITY_RES','ResourceEntity.displayNameMap','资源');
Insert into LANGUAGE_MAPPING (ID,LANGUAGE_ID,REFERENCE_ID,REFERENCE_TYPE,TEXT_VALUE) values ('ZHSELFSERV_GRP_BACK_SRCH_DN','10','SELFSERV_GRP_BACK_SRCH','ResourceEntity.displayNameMap','返回搜索');
Insert into LANGUAGE_MAPPING (ID,LANGUAGE_ID,REFERENCE_ID,REFERENCE_TYPE,TEXT_VALUE) values ('ZHSELFSRV_ROLE_BACK_SRCH_DN','10','SELFSRV_ROLE_BACK_SRCH','ResourceEntity.displayNameMap','返回搜索');
Insert into LANGUAGE_MAPPING (ID,LANGUAGE_ID,REFERENCE_ID,REFERENCE_TYPE,TEXT_VALUE) values ('ZHSELFSRV_ROLE_SRCH_ROOT_DN','10','SELFSRV_ROLE_SRCH_ROOT','ResourceEntity.displayNameMap','自助服务角色根');
Insert into LANGUAGE_MAPPING (ID,LANGUAGE_ID,REFERENCE_ID,REFERENCE_TYPE,TEXT_VALUE) values ('ZHSELF_SUB_ORGS_SEARCH_DESC','10','SELF_SUB_ORGS_SEARCH','ResourceEntity.displayNameMap','搜索组织');
Insert into LANGUAGE_MAPPING (ID,LANGUAGE_ID,REFERENCE_ID,REFERENCE_TYPE,TEXT_VALUE) values ('ZHSELF_SUB_REPORT_ROOT_DESC','10','SELF_SUB_REPORT_ROOT','ResourceEntity.displayNameMap','订阅报告根菜单');
Insert into LANGUAGE_MAPPING (ID,LANGUAGE_ID,REFERENCE_ID,REFERENCE_TYPE,TEXT_VALUE) values ('ZHAUTH_POLICY_ROOT_MENU_DESC','10','AUTHENTICATION_POLICY_ROOT_MENU','ResourceEntity.displayNameMap','验证规则根菜单');
Insert into LANGUAGE_MAPPING (ID,LANGUAGE_ID,REFERENCE_ID,REFERENCE_TYPE,TEXT_VALUE) values ('ZHCONTENT_PROV_NEW_EDIT_DESC','10','CONTENT_PROV_NEW_EDIT','ResourceEntity.displayNameMap','创建提供者');
Insert into LANGUAGE_MAPPING (ID,LANGUAGE_ID,REFERENCE_ID,REFERENCE_TYPE,TEXT_VALUE) values ('ZHCUSTOM_FIELD_EDIT_NEW_DESC','10','CUSTOM_FIELD_EDIT_NEW','ResourceEntity.displayNameMap','创建自定义字段');
Insert into LANGUAGE_MAPPING (ID,LANGUAGE_ID,REFERENCE_ID,REFERENCE_TYPE,TEXT_VALUE) values ('ZHMETA_TYPE_EDIT_RETURN_DESC','10','META_TYPE_EDIT_RETURN','ResourceEntity.displayNameMap','返回元数据类型');
Insert into LANGUAGE_MAPPING (ID,LANGUAGE_ID,REFERENCE_ID,REFERENCE_TYPE,TEXT_VALUE) values ('ZHORG_TYPE_SUBMENU_EDIT_DESC','10','ORG_TYPE_SUBMENU_EDIT','ResourceEntity.displayNameMap','组织类型编辑');
Insert into LANGUAGE_MAPPING (ID,LANGUAGE_ID,REFERENCE_ID,REFERENCE_TYPE,TEXT_VALUE) values ('ZHORG_TYPE_SUBMENU_ROOT_DESC','10','ORG_TYPE_SUBMENU_ROOT','ResourceEntity.displayNameMap','组织类型根');
Insert into LANGUAGE_MAPPING (ID,LANGUAGE_ID,REFERENCE_ID,REFERENCE_TYPE,TEXT_VALUE) values ('ZHSECURITY_ROLE_MENU_DISPLAY','10','SECURITY_ROLE','ResourceEntity.displayNameMap','角色');
Insert into LANGUAGE_MAPPING (ID,LANGUAGE_ID,REFERENCE_ID,REFERENCE_TYPE,TEXT_VALUE) values ('ZHSELFSRV_GRP_EDIT_ROOT_DESC','10','SELFSRV_GRP_EDIT_ROOT','ResourceEntity.displayNameMap','自助服务群组编辑根');
Insert into LANGUAGE_MAPPING (ID,LANGUAGE_ID,REFERENCE_ID,REFERENCE_TYPE,TEXT_VALUE) values ('ZHSELFSRV_GRP_SRCH_ROOT_DESC','10','SELFSRV_GRP_SRCH_ROOT','ResourceEntity.displayNameMap','自助服务群组根');
Insert into LANGUAGE_MAPPING (ID,LANGUAGE_ID,REFERENCE_ID,REFERENCE_TYPE,TEXT_VALUE) values ('ZHSELFSRV_RES_EDIT_ROOT_DESC','10','SELFSRV_RES_EDIT_ROOT','ResourceEntity.displayNameMap','自助服务资源编辑根');
Insert into LANGUAGE_MAPPING (ID,LANGUAGE_ID,REFERENCE_ID,REFERENCE_TYPE,TEXT_VALUE) values ('ZHSELF_VIEW_REPORT_ROOT_DESC','10','SELF_VIEW_REPORT_ROOT','ResourceEntity.displayNameMap','查看报告根菜单');
Insert into LANGUAGE_MAPPING (ID,LANGUAGE_ID,REFERENCE_ID,REFERENCE_TYPE,TEXT_VALUE) values ('ZHTEMPLATE_SEARCH_CHILD_DESC','10','TEMPLATE_SEARCH_CHILD','ResourceEntity.displayNameMap','页面模板');
Insert into LANGUAGE_MAPPING (ID,LANGUAGE_ID,REFERENCE_ID,REFERENCE_TYPE,TEXT_VALUE) values ('ZHBACK_TO_AUTH_LVL_GRP_SRH_DN','10','BACK_TO_AUTH_LVL_GRP_SRH','ResourceEntity.displayNameMap','返回搜索');
Insert into LANGUAGE_MAPPING (ID,LANGUAGE_ID,REFERENCE_ID,REFERENCE_TYPE,TEXT_VALUE) values ('ZHPAGE_TEMPLATE_EDIT_NEW_DESC','10','PAGE_TEMPLATE_EDIT_NEW','ResourceEntity.displayNameMap','创建模板');
Insert into LANGUAGE_MAPPING (ID,LANGUAGE_ID,REFERENCE_ID,REFERENCE_TYPE,TEXT_VALUE) values ('ZHPOLICY_ATTR_EDIT_ROOTT_DESC','10','POLICY_ATTR_EDIT_ROOT','ResourceEntity.displayNameMap','属性规则编辑根菜单');
Insert into LANGUAGE_MAPPING (ID,LANGUAGE_ID,REFERENCE_ID,REFERENCE_TYPE,TEXT_VALUE) values ('ZHRESOURCE_EDIT_PAGE_ROOT_DIS','10','RESOURCE_EDIT_PAGE_ROOT','ResourceEntity.displayNameMap','资源编辑页面根');
Insert into LANGUAGE_MAPPING (ID,LANGUAGE_ID,REFERENCE_ID,REFERENCE_TYPE,TEXT_VALUE) values ('ZHSECURITY_GROUP_MENU_DISPLAY','10','SECURITY_GROUP','ResourceEntity.displayNameMap','群组');
Insert into LANGUAGE_MAPPING (ID,LANGUAGE_ID,REFERENCE_ID,REFERENCE_TYPE,TEXT_VALUE) values ('ZHSELFSER_USER_NEW_LOGIN_DESC','10','SELFSER_USER_NEW_LOGIN','ResourceEntity.displayNameMap','新建身份');
Insert into LANGUAGE_MAPPING (ID,LANGUAGE_ID,REFERENCE_ID,REFERENCE_TYPE,TEXT_VALUE) values ('ZHSELFSRV_ROLE_EDIT_ROOT_DESC','10','SELFSRV_ROLE_EDIT_ROOT','ResourceEntity.displayNameMap','自助服务角色编辑根');
Insert into LANGUAGE_MAPPING (ID,LANGUAGE_ID,REFERENCE_ID,REFERENCE_TYPE,TEXT_VALUE) values ('ZHSELF_QUERYUSER_MENU_DISPLAY','10','SELF_QUERYUSER','ResourceEntity.displayNameMap','管理用户');
Insert into LANGUAGE_MAPPING (ID,LANGUAGE_ID,REFERENCE_ID,REFERENCE_TYPE,TEXT_VALUE) values ('ZHUSER_EDIT_CONTACT_INFO_DESC','10','USER_EDIT_CONTACT_INFO','ResourceEntity.displayNameMap','联系信息');
Insert into LANGUAGE_MAPPING (ID,LANGUAGE_ID,REFERENCE_ID,REFERENCE_TYPE,TEXT_VALUE) values ('ZHNEWUSER-NOAPPRV_MENU_DISPLAY','10','NEWUSER-NOAPPRV','ResourceEntity.displayNameMap','新建用户-无审批者');
Insert into LANGUAGE_MAPPING (ID,LANGUAGE_ID,REFERENCE_ID,REFERENCE_TYPE,TEXT_VALUE) values ('ZHSECURITY_POLICY_MENU_DISPLAY','10','SECURITY_POLICY','ResourceEntity.displayNameMap','规则');
Insert into LANGUAGE_MAPPING (ID,LANGUAGE_ID,REFERENCE_ID,REFERENCE_TYPE,TEXT_VALUE) values ('ZHUPLOAD_CUST_PSWD_POLICY_DESC','10','UPLOAD_CUST_PSWD_POLICY','ResourceEntity.displayNameMap','自定义口令规则');
Insert into LANGUAGE_MAPPING (ID,LANGUAGE_ID,REFERENCE_ID,REFERENCE_TYPE,TEXT_VALUE) values ('ZHAM_PROV_SEARCH_CHILD_PUB_DESC','10','AM_PROV_SEARCH_CHILD','ResourceEntity.displayNameMap','验证提供者');
Insert into LANGUAGE_MAPPING (ID,LANGUAGE_ID,REFERENCE_ID,REFERENCE_TYPE,TEXT_VALUE) values ('ZHCONTENT_PROV_EDIT_SEARCH_DESC','10','CONTENT_PROV_EDIT_SEARCH','ResourceEntity.displayNameMap','返回搜索');
Insert into LANGUAGE_MAPPING (ID,LANGUAGE_ID,REFERENCE_ID,REFERENCE_TYPE,TEXT_VALUE) values ('ZHCUSTOM_FIELD_EDIT_SEARCH_DESC','10','CUSTOM_FIELD_EDIT_SEARCH','ResourceEntity.displayNameMap','返回搜索');
Insert into LANGUAGE_MAPPING (ID,LANGUAGE_ID,REFERENCE_ID,REFERENCE_TYPE,TEXT_VALUE) values ('ZHURI_PATTERN_EDIT_PATTERN_DESC','10','URI_PATTERN_EDIT_PATTERN','ResourceEntity.displayNameMap','编辑URI模式');
Insert into LANGUAGE_MAPPING (ID,LANGUAGE_ID,REFERENCE_ID,REFERENCE_TYPE,TEXT_VALUE) values ('ZHURI_PATTERN_EDNW_PATTERN_DESC','10','URI_PATTERN_EDIT_NEW_PATTERN','ResourceEntity.displayNameMap','创建URI模式');
Insert into LANGUAGE_MAPPING (ID,LANGUAGE_ID,REFERENCE_ID,REFERENCE_TYPE,TEXT_VALUE) values ('ZHCHAL_RESP_QUEST_ROOT_DESC','10','CHALLENGE_RESPONSE_QUESTION_ROOT','ResourceEntity.displayNameMap','安全问题根菜单');
Insert into LANGUAGE_MAPPING (ID,LANGUAGE_ID,REFERENCE_ID,REFERENCE_TYPE,TEXT_VALUE) values ('ZHCP_EDIT_CURRENT_DESC','10','CONTENT_PROV_EDIT_CURRENT','ResourceEntity.displayNameMap','编辑提供者');
Insert into LANGUAGE_MAPPING (ID,LANGUAGE_ID,REFERENCE_ID,REFERENCE_TYPE,TEXT_VALUE) values ('ZHCP_SEARCH_CHILD_DESC','10','CONTENT_PROV_SEARCH_CHILD','ResourceEntity.displayNameMap','内容提供者');
Insert into LANGUAGE_MAPPING (ID,LANGUAGE_ID,REFERENCE_ID,REFERENCE_TYPE,TEXT_VALUE) values ('ZHCF_SEARCH_CHILD_DESC','10','CUSTOM_FIELD_SEARCH_CHILD','ResourceEntity.displayNameMap','自定义字段');
Insert into LANGUAGE_MAPPING (ID,LANGUAGE_ID,REFERENCE_ID,REFERENCE_TYPE,TEXT_VALUE) values ('ZHEDT_POL_ATTR_SRCH_BCK_DESC','10','EDIT_POLICY_ATTR_SRCH_BCK','ResourceEntity.displayNameMap','返回搜索');
Insert into LANGUAGE_MAPPING (ID,LANGUAGE_ID,REFERENCE_ID,REFERENCE_TYPE,TEXT_VALUE) values ('ZHNEW_AUTH_POLICY_DESC','10','NEW_AUTHENTICATION_POLICY','ResourceEntity.displayNameMap','创建验证规则');
Insert into LANGUAGE_MAPPING (ID,LANGUAGE_ID,REFERENCE_ID,REFERENCE_TYPE,TEXT_VALUE) values ('ZHPT_EDIT_SEARCH_DESC','10','PAGE_TEMPLATE_EDIT_SEARCH','ResourceEntity.displayNameMap','返回搜索');
Insert into LANGUAGE_MAPPING (ID,LANGUAGE_ID,REFERENCE_ID,REFERENCE_TYPE,TEXT_VALUE) values ('ZHAUTH_POLICY_MENU_DESC','10','AUTHENTICATION_POLICY','ResourceEntity.displayNameMap','验证规则');
Insert into LANGUAGE_MAPPING (ID,LANGUAGE_ID,REFERENCE_ID,REFERENCE_TYPE,TEXT_VALUE) values ('ZHCHAL_RESP_QUESTION_NEW_DSC','10','CHALLENGE_RESPONSE_QUESTION_NEW','ResourceEntity.displayNameMap','创建问题');
Insert into LANGUAGE_MAPPING (ID,LANGUAGE_ID,REFERENCE_ID,REFERENCE_TYPE,TEXT_VALUE) values ('ZHSS_ACCESS_MNGMNT_ORG_DESC','10','SELFSRVS_ACCESS_MNGMNT_ORG','ResourceEntity.displayNameMap','组织');
Insert into LANGUAGE_MAPPING (ID,LANGUAGE_ID,REFERENCE_ID,REFERENCE_TYPE,TEXT_VALUE) values ('ZHCHAL_RESPONSE_QUESTION_DESC','10','CHALLENGE_RESPONSE_QUESTION','ResourceEntity.displayNameMap','安全问题');
Insert into LANGUAGE_MAPPING (ID,LANGUAGE_ID,REFERENCE_ID,REFERENCE_TYPE,TEXT_VALUE) values ('ZHURI_PAT_EDT_PROV_SEARCH_DESC','10','URI_PATTERN_EDT_PROV_SEARCH','ResourceEntity.displayNameMap','搜索内容提供者');
Insert into LANGUAGE_MAPPING (ID,LANGUAGE_ID,REFERENCE_ID,REFERENCE_TYPE,TEXT_VALUE) values ('ZHREPORT','10','REPORT','ResourceTypeEntity.displayNameMap','报告');
Insert into LANGUAGE_MAPPING (ID,LANGUAGE_ID,REFERENCE_ID,REFERENCE_TYPE,TEXT_VALUE) values ('ZHAUTH_REPO','10','AUTH_REPO','ResourceTypeEntity.displayNameMap','验证资源库');
Insert into LANGUAGE_MAPPING (ID,LANGUAGE_ID,REFERENCE_ID,REFERENCE_TYPE,TEXT_VALUE) values ('ZHMENU_ITEM','10','MENU_ITEM','ResourceTypeEntity.displayNameMap','菜单');
Insert into LANGUAGE_MAPPING (ID,LANGUAGE_ID,REFERENCE_ID,REFERENCE_TYPE,TEXT_VALUE) values ('ZHUI_WIDGET','10','UI_WIDGET','ResourceTypeEntity.displayNameMap','用户界面控件');
Insert into LANGUAGE_MAPPING (ID,LANGUAGE_ID,REFERENCE_ID,REFERENCE_TYPE,TEXT_VALUE) values ('ZHSYS_ACTION','10','SYS_ACTION','ResourceTypeEntity.displayNameMap','系统操作');
Insert into LANGUAGE_MAPPING (ID,LANGUAGE_ID,REFERENCE_ID,REFERENCE_TYPE,TEXT_VALUE) values ('ZHMANAGED_SYS','10','MANAGED_SYS','ResourceTypeEntity.displayNameMap','托管系统');
Insert into LANGUAGE_MAPPING (ID,LANGUAGE_ID,REFERENCE_ID,REFERENCE_TYPE,TEXT_VALUE) values ('ZHUI_TEMPLATE','10','UI_TEMPLATE','ResourceTypeEntity.displayNameMap','用户界面模板');
Insert into LANGUAGE_MAPPING (ID,LANGUAGE_ID,REFERENCE_ID,REFERENCE_TYPE,TEXT_VALUE) values ('ZHURL_PATTERN','10','URL_PATTERN','ResourceTypeEntity.displayNameMap','Url模式');
Insert into LANGUAGE_MAPPING (ID,LANGUAGE_ID,REFERENCE_ID,REFERENCE_TYPE,TEXT_VALUE) values ('ZHAUTH_PROVIDER','10','AUTH_PROVIDER','ResourceTypeEntity.displayNameMap','验证提供者');
Insert into LANGUAGE_MAPPING (ID,LANGUAGE_ID,REFERENCE_ID,REFERENCE_TYPE,TEXT_VALUE) values ('ZHADMIN_RESOURCE','10','ADMIN_RESOURCE','ResourceTypeEntity.displayNameMap','管理资源');
Insert into LANGUAGE_MAPPING (ID,LANGUAGE_ID,REFERENCE_ID,REFERENCE_TYPE,TEXT_VALUE) values ('ZHCONTENT_PROVIDER','10','CONTENT_PROVIDER','ResourceTypeEntity.displayNameMap','内容提供者');
Insert into LANGUAGE_MAPPING (ID,LANGUAGE_ID,REFERENCE_ID,REFERENCE_TYPE,TEXT_VALUE) values ('LanguageEntity10','1','10','LanguageEntity.displayNameMap','Chinese');
Insert into LANGUAGE_MAPPING (ID,LANGUAGE_ID,REFERENCE_ID,REFERENCE_TYPE,TEXT_VALUE) values ('DELanguageEntity10','2','10','LanguageEntity.displayNameMap','Chinesisch');
Insert into LANGUAGE_MAPPING (ID,LANGUAGE_ID,REFERENCE_ID,REFERENCE_TYPE,TEXT_VALUE) values ('ESLanguageEntity10','4','10','LanguageEntity.displayNameMap','chino');
Insert into LANGUAGE_MAPPING (ID,LANGUAGE_ID,REFERENCE_ID,REFERENCE_TYPE,TEXT_VALUE) values ('RULanguageEntity10','8','10','LanguageEntity.displayNameMap','Китайский');
Insert into LANGUAGE_MAPPING (ID,LANGUAGE_ID,REFERENCE_ID,REFERENCE_TYPE,TEXT_VALUE) values ('JPLanguageEntity10','9','10','LanguageEntity.displayNameMap','中国人');
Insert into LANGUAGE_MAPPING (ID,LANGUAGE_ID,REFERENCE_ID,REFERENCE_TYPE,TEXT_VALUE) values ('ZHLanguageEntity10','10','10','LanguageEntity.displayNameMap','中国');
Insert into LANGUAGE_MAPPING (ID,LANGUAGE_ID,REFERENCE_ID,REFERENCE_TYPE,TEXT_VALUE) values ('MetadataTypeEntityEngl','1','MULTI_SELECT','MetadataTypeEntity.displayNameMap','MultiSelect List');
Insert into LANGUAGE_MAPPING (ID,LANGUAGE_ID,REFERENCE_ID,REFERENCE_TYPE,TEXT_VALUE) values ('DEMetadataTypeEntity48','2','MULTI_SELECT','MetadataTypeEntity.displayNameMap','Mehrfachauswahl Liste');
Insert into LANGUAGE_MAPPING (ID,LANGUAGE_ID,REFERENCE_ID,REFERENCE_TYPE,TEXT_VALUE) values ('ESMetadataTypeEntity48','4','MULTI_SELECT','MetadataTypeEntity.displayNameMap','Lista MultiSelección');
Insert into LANGUAGE_MAPPING (ID,LANGUAGE_ID,REFERENCE_ID,REFERENCE_TYPE,TEXT_VALUE) values ('RUMetadataTypeEntity24','8','MULTI_SELECT','MetadataTypeEntity.displayNameMap','Список мультивыбора');
Insert into LANGUAGE_MAPPING (ID,LANGUAGE_ID,REFERENCE_ID,REFERENCE_TYPE,TEXT_VALUE) values ('JPMetadataTypeEntity46','9','MULTI_SELECT','MetadataTypeEntity.displayNameMap','複数選択リスト');
Insert into LANGUAGE_MAPPING (ID,LANGUAGE_ID,REFERENCE_ID,REFERENCE_TYPE,TEXT_VALUE) values ('ZHMetadataTypeEntity46','10','MULTI_SELECT','MetadataTypeEntity.displayNameMap','多选列表');
Insert into LANGUAGE_MAPPING (ID,LANGUAGE_ID,REFERENCE_ID,REFERENCE_TYPE,TEXT_VALUE) values ('MetadataTypeEntitySelectEngl','1','SELECT','MetadataTypeEntity.displayNameMap','Combo box');
Insert into LANGUAGE_MAPPING (ID,LANGUAGE_ID,REFERENCE_ID,REFERENCE_TYPE,TEXT_VALUE) values ('DEMetadataTypeEntity70','2','SELECT','MetadataTypeEntity.displayNameMap','Combo box');
Insert into LANGUAGE_MAPPING (ID,LANGUAGE_ID,REFERENCE_ID,REFERENCE_TYPE,TEXT_VALUE) values ('ESMetadataTypeEntity70','4','SELECT','MetadataTypeEntity.displayNameMap','Combo box');
Insert into LANGUAGE_MAPPING (ID,LANGUAGE_ID,REFERENCE_ID,REFERENCE_TYPE,TEXT_VALUE) values ('RUMetadataTypeEntity31','8','SELECT','MetadataTypeEntity.displayNameMap','Поле со списком');
Insert into LANGUAGE_MAPPING (ID,LANGUAGE_ID,REFERENCE_ID,REFERENCE_TYPE,TEXT_VALUE) values ('JPMetadataTypeEntity66','9','SELECT','MetadataTypeEntity.displayNameMap','コンボボックス');
Insert into LANGUAGE_MAPPING (ID,LANGUAGE_ID,REFERENCE_ID,REFERENCE_TYPE,TEXT_VALUE) values ('ZHMetadataTypeEntity66','10','SELECT','MetadataTypeEntity.displayNameMap','组合框');
Insert into LANGUAGE_MAPPING (ID,LANGUAGE_ID,REFERENCE_ID,REFERENCE_TYPE,TEXT_VALUE) values ('MetadataTypeEntityTextEngl','1','TEXT','MetadataTypeEntity.displayNameMap','Text Field');
Insert into LANGUAGE_MAPPING (ID,LANGUAGE_ID,REFERENCE_ID,REFERENCE_TYPE,TEXT_VALUE) values ('DEMetadataTypeEntity77','2','TEXT','MetadataTypeEntity.displayNameMap','Text Feld');
Insert into LANGUAGE_MAPPING (ID,LANGUAGE_ID,REFERENCE_ID,REFERENCE_TYPE,TEXT_VALUE) values ('ESMetadataTypeEntity77','4','TEXT','MetadataTypeEntity.displayNameMap','Campo Texto');
Insert into LANGUAGE_MAPPING (ID,LANGUAGE_ID,REFERENCE_ID,REFERENCE_TYPE,TEXT_VALUE) values ('RUMetadataTypeEntity35','8','TEXT','MetadataTypeEntity.displayNameMap','Текстовое поле');
Insert into LANGUAGE_MAPPING (ID,LANGUAGE_ID,REFERENCE_ID,REFERENCE_TYPE,TEXT_VALUE) values ('JPMetadataTypeEntity73','9','TEXT','MetadataTypeEntity.displayNameMap','テキストフィールド');
Insert into LANGUAGE_MAPPING (ID,LANGUAGE_ID,REFERENCE_ID,REFERENCE_TYPE,TEXT_VALUE) values ('ZHMetadataTypeEntity73','10','TEXT','MetadataTypeEntity.displayNameMap','文本字段');
Insert into LANGUAGE_MAPPING (ID,LANGUAGE_ID,REFERENCE_ID,REFERENCE_TYPE,TEXT_VALUE) values ('EN_ORG_IDENTITY_DESC','1','ORG_IDENTITY','ResourceEntity.displayNameMap','Identities');
Insert into LANGUAGE_MAPPING (ID,LANGUAGE_ID,REFERENCE_ID,REFERENCE_TYPE,TEXT_VALUE) values ('DE_ORG_IDENTITY_DESC','2','ORG_IDENTITY','ResourceEntity.displayNameMap','Identities');
Insert into LANGUAGE_MAPPING (ID,LANGUAGE_ID,REFERENCE_ID,REFERENCE_TYPE,TEXT_VALUE) values ('ES_ORG_IDENTITY_DESC','4','ORG_IDENTITY','ResourceEntity.displayNameMap','Identities');
Insert into LANGUAGE_MAPPING (ID,LANGUAGE_ID,REFERENCE_ID,REFERENCE_TYPE,TEXT_VALUE) values ('RU_ORG_IDENTITY_DESC','8','ORG_IDENTITY','ResourceEntity.displayNameMap','Identities');
Insert into LANGUAGE_MAPPING (ID,LANGUAGE_ID,REFERENCE_ID,REFERENCE_TYPE,TEXT_VALUE) values ('JP_ORG_IDENTITY_DESC','9','ORG_IDENTITY','ResourceEntity.displayNameMap','Identities');
Insert into LANGUAGE_MAPPING (ID,LANGUAGE_ID,REFERENCE_ID,REFERENCE_TYPE,TEXT_VALUE) values ('ZH_ORG_IDENTITY_DESC','10','ORG_IDENTITY','ResourceEntity.displayNameMap','Identities');
Insert into LANGUAGE_MAPPING (ID,LANGUAGE_ID,REFERENCE_ID,REFERENCE_TYPE,TEXT_VALUE) values ('EN_USER_INFO_PAGE_DESC','1','USER_INFO_PAGE','ResourceEntity.displayNameMap','User Info Page');
Insert into LANGUAGE_MAPPING (ID,LANGUAGE_ID,REFERENCE_ID,REFERENCE_TYPE,TEXT_VALUE) values ('DE_USER_INFO_PAGE_DESC','2','USER_INFO_PAGE','ResourceEntity.displayNameMap','Benutzer Info Seite');
Insert into LANGUAGE_MAPPING (ID,LANGUAGE_ID,REFERENCE_ID,REFERENCE_TYPE,TEXT_VALUE) values ('ES_USER_INFO_PAGE_DESC','4','USER_INFO_PAGE','ResourceEntity.displayNameMap','Página Información de Usuario');
Insert into LANGUAGE_MAPPING (ID,LANGUAGE_ID,REFERENCE_ID,REFERENCE_TYPE,TEXT_VALUE) values ('RU_USER_INFO_PAGE_DESC','8','USER_INFO_PAGE','ResourceEntity.displayNameMap','Страница Информация о пользователе');
Insert into LANGUAGE_MAPPING (ID,LANGUAGE_ID,REFERENCE_ID,REFERENCE_TYPE,TEXT_VALUE) values ('JP_USER_INFO_PAGE_DESC','9','USER_INFO_PAGE','ResourceEntity.displayNameMap','ユーザー情報ページ');
Insert into LANGUAGE_MAPPING (ID,LANGUAGE_ID,REFERENCE_ID,REFERENCE_TYPE,TEXT_VALUE) values ('ZH_USER_INFO_PAGE_DESC','10','USER_INFO_PAGE','ResourceEntity.displayNameMap','用户信息網頁');
Insert into LANGUAGE_MAPPING (ID,LANGUAGE_ID,REFERENCE_ID,REFERENCE_TYPE,TEXT_VALUE) values ('EN_RESET_ACCOUNT_DESC','1','RESET_ACCOUNT','ResourceEntity.displayNameMap','Reset Account');
Insert into LANGUAGE_MAPPING (ID,LANGUAGE_ID,REFERENCE_ID,REFERENCE_TYPE,TEXT_VALUE) values ('DE_RESET_ACCOUNT_DESC','2','RESET_ACCOUNT','ResourceEntity.displayNameMap','Konto zurücksetzen');
Insert into LANGUAGE_MAPPING (ID,LANGUAGE_ID,REFERENCE_ID,REFERENCE_TYPE,TEXT_VALUE) values ('ES_RESET_ACCOUNT_DESC','4','RESET_ACCOUNT','ResourceEntity.displayNameMap','Restaurar Cuenta');
Insert into LANGUAGE_MAPPING (ID,LANGUAGE_ID,REFERENCE_ID,REFERENCE_TYPE,TEXT_VALUE) values ('RU_RESET_ACCOUNT_DESC','8','RESET_ACCOUNT','ResourceEntity.displayNameMap','Сбросить аккаунт');
Insert into LANGUAGE_MAPPING (ID,LANGUAGE_ID,REFERENCE_ID,REFERENCE_TYPE,TEXT_VALUE) values ('JP_RESET_ACCOUNT_DESC','9','RESET_ACCOUNT','ResourceEntity.displayNameMap','アカウントをリセット');
Insert into LANGUAGE_MAPPING (ID,LANGUAGE_ID,REFERENCE_ID,REFERENCE_TYPE,TEXT_VALUE) values ('ZH_RESET_ACCOUNT_DESC','10','RESET_ACCOUNT','ResourceEntity.displayNameMap','重置账号');
Insert into LANGUAGE_MAPPING (ID,LANGUAGE_ID,REFERENCE_ID,REFERENCE_TYPE,TEXT_VALUE) values ('EN_RESET_CHALLENGE_RESPONSE_DESC','1','RESET_CHALLENGE_RESPONSE','ResourceEntity.displayNameMap','Reset Challenge Response');
Insert into LANGUAGE_MAPPING (ID,LANGUAGE_ID,REFERENCE_ID,REFERENCE_TYPE,TEXT_VALUE) values ('DE_RESET_CHALLENGE_RESPONSE_DESC','2','RESET_CHALLENGE_RESPONSE','ResourceEntity.displayNameMap','Zurücksetzen von Anfrage/Antwort');
Insert into LANGUAGE_MAPPING (ID,LANGUAGE_ID,REFERENCE_ID,REFERENCE_TYPE,TEXT_VALUE) values ('ES_RESET_CHALLENGE_RESPONSE_DESC','4','RESET_CHALLENGE_RESPONSE','ResourceEntity.displayNameMap','Restablecer respuesta de la Pregunta de Seguridad');
Insert into LANGUAGE_MAPPING (ID,LANGUAGE_ID,REFERENCE_ID,REFERENCE_TYPE,TEXT_VALUE) values ('RU_RESET_CHALLENGE_RESPONSE_DESC','8','RESET_CHALLENGE_RESPONSE','ResourceEntity.displayNameMap','Сбросить контрольные вопросы');
Insert into LANGUAGE_MAPPING (ID,LANGUAGE_ID,REFERENCE_ID,REFERENCE_TYPE,TEXT_VALUE) values ('JP_RESET_CHALLENGE_RESPONSE_DESC','9','RESET_CHALLENGE_RESPONSE','ResourceEntity.displayNameMap','チャレンジレスポンスをリセット');
Insert into LANGUAGE_MAPPING (ID,LANGUAGE_ID,REFERENCE_ID,REFERENCE_TYPE,TEXT_VALUE) values ('ZH_RESET_CHALLENGE_RESPONSE_DESC','10','RESET_CHALLENGE_RESPONSE','ResourceEntity.displayNameMap','重置安全问题答案');
Insert into LANGUAGE_MAPPING (ID,LANGUAGE_ID,REFERENCE_ID,REFERENCE_TYPE,TEXT_VALUE) values ('EN_DEACTIVATE_USER_DESC','1','DEACTIVATE_USER','ResourceEntity.displayNameMap','DeActivate');
Insert into LANGUAGE_MAPPING (ID,LANGUAGE_ID,REFERENCE_ID,REFERENCE_TYPE,TEXT_VALUE) values ('DE_DEACTIVATE_USER_DESC','2','DEACTIVATE_USER','ResourceEntity.displayNameMap','Deaktivieren');
Insert into LANGUAGE_MAPPING (ID,LANGUAGE_ID,REFERENCE_ID,REFERENCE_TYPE,TEXT_VALUE) values ('ES_DEACTIVATE_USER_DESC','4','DEACTIVATE_USER','ResourceEntity.displayNameMap','Baja');
Insert into LANGUAGE_MAPPING (ID,LANGUAGE_ID,REFERENCE_ID,REFERENCE_TYPE,TEXT_VALUE) values ('RU_DEACTIVATE_USER_DESC','8','DEACTIVATE_USER','ResourceEntity.displayNameMap','Пометить как "удаленый"');
Insert into LANGUAGE_MAPPING (ID,LANGUAGE_ID,REFERENCE_ID,REFERENCE_TYPE,TEXT_VALUE) values ('JP_DEACTIVATE_USER_DESC','9','DEACTIVATE_USER','ResourceEntity.displayNameMap','非アクティブ化');
Insert into LANGUAGE_MAPPING (ID,LANGUAGE_ID,REFERENCE_ID,REFERENCE_TYPE,TEXT_VALUE) values ('ZH_DEACTIVATE_USER_DESC','10','DEACTIVATE_USER','ResourceEntity.displayNameMap','使用户无效');
Insert into LANGUAGE_MAPPING (ID,LANGUAGE_ID,REFERENCE_ID,REFERENCE_TYPE,TEXT_VALUE) values ('EN_REMOVE_USER_DESC','1','REMOVE_USER','ResourceEntity.displayNameMap','Delete');
Insert into LANGUAGE_MAPPING (ID,LANGUAGE_ID,REFERENCE_ID,REFERENCE_TYPE,TEXT_VALUE) values ('DE_REMOVE_USER_DESC','2','REMOVE_USER','ResourceEntity.displayNameMap','Löschen');
Insert into LANGUAGE_MAPPING (ID,LANGUAGE_ID,REFERENCE_ID,REFERENCE_TYPE,TEXT_VALUE) values ('ES_REMOVE_USER_DESC','4','REMOVE_USER','ResourceEntity.displayNameMap','Borrar');
Insert into LANGUAGE_MAPPING (ID,LANGUAGE_ID,REFERENCE_ID,REFERENCE_TYPE,TEXT_VALUE) values ('RU_REMOVE_USER_DESC','8','REMOVE_USER','ResourceEntity.displayNameMap','Удалить');
Insert into LANGUAGE_MAPPING (ID,LANGUAGE_ID,REFERENCE_ID,REFERENCE_TYPE,TEXT_VALUE) values ('JP_REMOVE_USER_DESC','9','REMOVE_USER','ResourceEntity.displayNameMap','削除');
Insert into LANGUAGE_MAPPING (ID,LANGUAGE_ID,REFERENCE_ID,REFERENCE_TYPE,TEXT_VALUE) values ('ZH_REMOVE_USER_DESC','10','REMOVE_USER','ResourceEntity.displayNameMap','删除');
Insert into LANGUAGE_MAPPING (ID,LANGUAGE_ID,REFERENCE_ID,REFERENCE_TYPE,TEXT_VALUE) values ('EN_ENABLE_USER_DESC','1','ENABLE_USER','ResourceEntity.displayNameMap','Enable');
Insert into LANGUAGE_MAPPING (ID,LANGUAGE_ID,REFERENCE_ID,REFERENCE_TYPE,TEXT_VALUE) values ('DE_ENABLE_USER_DESC','2','ENABLE_USER','ResourceEntity.displayNameMap','Aktivieren');
Insert into LANGUAGE_MAPPING (ID,LANGUAGE_ID,REFERENCE_ID,REFERENCE_TYPE,TEXT_VALUE) values ('ES_ENABLE_USER_DESC','4','ENABLE_USER','ResourceEntity.displayNameMap','Desbloquear');
Insert into LANGUAGE_MAPPING (ID,LANGUAGE_ID,REFERENCE_ID,REFERENCE_TYPE,TEXT_VALUE) values ('RU_ENABLE_USER_DESC','8','ENABLE_USER','ResourceEntity.displayNameMap','Включить');
Insert into LANGUAGE_MAPPING (ID,LANGUAGE_ID,REFERENCE_ID,REFERENCE_TYPE,TEXT_VALUE) values ('JP_ENABLE_USER_DESC','9','ENABLE_USER','ResourceEntity.displayNameMap','有効');
Insert into LANGUAGE_MAPPING (ID,LANGUAGE_ID,REFERENCE_ID,REFERENCE_TYPE,TEXT_VALUE) values ('ZH_ENABLE_USER_DESC','10','ENABLE_USER','ResourceEntity.displayNameMap','启用');
Insert into LANGUAGE_MAPPING (ID,LANGUAGE_ID,REFERENCE_ID,REFERENCE_TYPE,TEXT_VALUE) values ('EN_DISABLE_USER_DESC','1','DISABLE_USER','ResourceEntity.displayNameMap','Disable');
Insert into LANGUAGE_MAPPING (ID,LANGUAGE_ID,REFERENCE_ID,REFERENCE_TYPE,TEXT_VALUE) values ('DE_DISABLE_USER_DESC','2','DISABLE_USER','ResourceEntity.displayNameMap','Deaktivieren');
Insert into LANGUAGE_MAPPING (ID,LANGUAGE_ID,REFERENCE_ID,REFERENCE_TYPE,TEXT_VALUE) values ('ES_DISABLE_USER_DESC','4','DISABLE_USER','ResourceEntity.displayNameMap','Bloquear');
Insert into LANGUAGE_MAPPING (ID,LANGUAGE_ID,REFERENCE_ID,REFERENCE_TYPE,TEXT_VALUE) values ('RU_DISABLE_USER_DESC','8','DISABLE_USER','ResourceEntity.displayNameMap','Отключить');
Insert into LANGUAGE_MAPPING (ID,LANGUAGE_ID,REFERENCE_ID,REFERENCE_TYPE,TEXT_VALUE) values ('JP_DISABLE_USER_DESC','9','DISABLE_USER','ResourceEntity.displayNameMap','無効');
Insert into LANGUAGE_MAPPING (ID,LANGUAGE_ID,REFERENCE_ID,REFERENCE_TYPE,TEXT_VALUE) values ('ZH_DISABLE_USER_DESC','10','DISABLE_USER','ResourceEntity.displayNameMap','禁用');
Insert into LANGUAGE_MAPPING (ID,LANGUAGE_ID,REFERENCE_ID,REFERENCE_TYPE,TEXT_VALUE) values ('EN_ACTIVE_USER_DESC','1','ACTIVE_USER','ResourceEntity.displayNameMap','Active');
Insert into LANGUAGE_MAPPING (ID,LANGUAGE_ID,REFERENCE_ID,REFERENCE_TYPE,TEXT_VALUE) values ('DE_ACTIVE_USER_DESC','2','ACTIVE_USER','ResourceEntity.displayNameMap','Aktiv');
Insert into LANGUAGE_MAPPING (ID,LANGUAGE_ID,REFERENCE_ID,REFERENCE_TYPE,TEXT_VALUE) values ('ES_ACTIVE_USER_DESC','4','ACTIVE_USER','ResourceEntity.displayNameMap','Activar');
Insert into LANGUAGE_MAPPING (ID,LANGUAGE_ID,REFERENCE_ID,REFERENCE_TYPE,TEXT_VALUE) values ('RU_ACTIVE_USER_DESC','8','ACTIVE_USER','ResourceEntity.displayNameMap','Активировать');
Insert into LANGUAGE_MAPPING (ID,LANGUAGE_ID,REFERENCE_ID,REFERENCE_TYPE,TEXT_VALUE) values ('JP_ACTIVE_USER_DESC','9','ACTIVE_USER','ResourceEntity.displayNameMap','アクティブ');
Insert into LANGUAGE_MAPPING (ID,LANGUAGE_ID,REFERENCE_ID,REFERENCE_TYPE,TEXT_VALUE) values ('ZH_ACTIVE_USER_DESC','10','ACTIVE_USER','ResourceEntity.displayNameMap','有效');
Insert into LANGUAGE_MAPPING (ID,LANGUAGE_ID,REFERENCE_ID,REFERENCE_TYPE,TEXT_VALUE) values ('EN_USER_ENTITLEMENTS_PAGE_DESC','1','USER_ENTITLEMENTS_PAGE','ResourceEntity.displayNameMap','User Entitlements Page');
Insert into LANGUAGE_MAPPING (ID,LANGUAGE_ID,REFERENCE_ID,REFERENCE_TYPE,TEXT_VALUE) values ('DE_USER_ENTITLEMENTS_PAGE_DESC','2','USER_ENTITLEMENTS_PAGE','ResourceEntity.displayNameMap','Benutzer Berechtigungen Seite');
Insert into LANGUAGE_MAPPING (ID,LANGUAGE_ID,REFERENCE_ID,REFERENCE_TYPE,TEXT_VALUE) values ('ES_USER_ENTITLEMENTS_PAGE_DESC','4','USER_ENTITLEMENTS_PAGE','ResourceEntity.displayNameMap','Página Derechos de Usuario');
Insert into LANGUAGE_MAPPING (ID,LANGUAGE_ID,REFERENCE_ID,REFERENCE_TYPE,TEXT_VALUE) values ('RU_USER_ENTITLEMENTS_PAGE_DESC','8','USER_ENTITLEMENTS_PAGE','ResourceEntity.displayNameMap','Страница Разрешения пользователя');
Insert into LANGUAGE_MAPPING (ID,LANGUAGE_ID,REFERENCE_ID,REFERENCE_TYPE,TEXT_VALUE) values ('JP_USER_ENTITLEMENTS_PAGE_DESC','9','USER_ENTITLEMENTS_PAGE','ResourceEntity.displayNameMap','ユーザーの権限ページ');
Insert into LANGUAGE_MAPPING (ID,LANGUAGE_ID,REFERENCE_ID,REFERENCE_TYPE,TEXT_VALUE) values ('ZH_USER_ENTITLEMENTS_PAGE_DESC','10','USER_ENTITLEMENTS_PAGE','ResourceEntity.displayNameMap','用户权利網頁');
Insert into LANGUAGE_MAPPING (ID,LANGUAGE_ID,REFERENCE_ID,REFERENCE_TYPE,TEXT_VALUE) values ('EN_USER_ROLES_MEMBERSHIP_DESC','1','USER_ROLES_MEMBERSHIP','ResourceEntity.displayNameMap','Member of Roles');
Insert into LANGUAGE_MAPPING (ID,LANGUAGE_ID,REFERENCE_ID,REFERENCE_TYPE,TEXT_VALUE) values ('DE_USER_ROLES_MEMBERSHIP_DESC','2','USER_ROLES_MEMBERSHIP','ResourceEntity.displayNameMap','Rollenmitglieder');
Insert into LANGUAGE_MAPPING (ID,LANGUAGE_ID,REFERENCE_ID,REFERENCE_TYPE,TEXT_VALUE) values ('ES_USER_ROLES_MEMBERSHIP_DESC','4','USER_ROLES_MEMBERSHIP','ResourceEntity.displayNameMap','Roles Vinculados');
Insert into LANGUAGE_MAPPING (ID,LANGUAGE_ID,REFERENCE_ID,REFERENCE_TYPE,TEXT_VALUE) values ('RU_USER_ROLES_MEMBERSHIP_DESC','8','USER_ROLES_MEMBERSHIP','ResourceEntity.displayNameMap','Участник ролей');
Insert into LANGUAGE_MAPPING (ID,LANGUAGE_ID,REFERENCE_ID,REFERENCE_TYPE,TEXT_VALUE) values ('JP_USER_ROLES_MEMBERSHIP_DESC','9','USER_ROLES_MEMBERSHIP','ResourceEntity.displayNameMap','ロースのメンバー');
Insert into LANGUAGE_MAPPING (ID,LANGUAGE_ID,REFERENCE_ID,REFERENCE_TYPE,TEXT_VALUE) values ('ZH_USER_ROLES_MEMBERSHIP_DESC','10','USER_ROLES_MEMBERSHIP','ResourceEntity.displayNameMap','角色成员');
Insert into LANGUAGE_MAPPING (ID,LANGUAGE_ID,REFERENCE_ID,REFERENCE_TYPE,TEXT_VALUE) values ('EN_USER_GROUPS_MEMBERSHIP_DESC','1','USER_GROUPS_MEMBERSHIP','ResourceEntity.displayNameMap','Member of Groups');
Insert into LANGUAGE_MAPPING (ID,LANGUAGE_ID,REFERENCE_ID,REFERENCE_TYPE,TEXT_VALUE) values ('DE_USER_GROUPS_MEMBERSHIP_DESC','2','USER_GROUPS_MEMBERSHIP','ResourceEntity.displayNameMap','Gruppenmitglieder');
Insert into LANGUAGE_MAPPING (ID,LANGUAGE_ID,REFERENCE_ID,REFERENCE_TYPE,TEXT_VALUE) values ('ES_USER_GROUPS_MEMBERSHIP_DESC','4','USER_GROUPS_MEMBERSHIP','ResourceEntity.displayNameMap','Grupos Vinculados');
Insert into LANGUAGE_MAPPING (ID,LANGUAGE_ID,REFERENCE_ID,REFERENCE_TYPE,TEXT_VALUE) values ('RU_USER_GROUPS_MEMBERSHIP_DESC','8','USER_GROUPS_MEMBERSHIP','ResourceEntity.displayNameMap','Участник группы');
Insert into LANGUAGE_MAPPING (ID,LANGUAGE_ID,REFERENCE_ID,REFERENCE_TYPE,TEXT_VALUE) values ('JP_USER_GROUPS_MEMBERSHIP_DESC','9','USER_GROUPS_MEMBERSHIP','ResourceEntity.displayNameMap','グループのメンバー');
Insert into LANGUAGE_MAPPING (ID,LANGUAGE_ID,REFERENCE_ID,REFERENCE_TYPE,TEXT_VALUE) values ('ZH_USER_GROUPS_MEMBERSHIP_DESC','10','USER_GROUPS_MEMBERSHIP','ResourceEntity.displayNameMap','群组成员');
Insert into LANGUAGE_MAPPING (ID,LANGUAGE_ID,REFERENCE_ID,REFERENCE_TYPE,TEXT_VALUE) values ('EN_USER_RES_MEMBERSHIP_DESC','1','USER_RES_MEMBERSHIP','ResourceEntity.displayNameMap','Entitled to Resources');
Insert into LANGUAGE_MAPPING (ID,LANGUAGE_ID,REFERENCE_ID,REFERENCE_TYPE,TEXT_VALUE) values ('DE_USER_RES_MEMBERSHIP_DESC','2','USER_RES_MEMBERSHIP','ResourceEntity.displayNameMap','Berechtigt für Ressourcen');
Insert into LANGUAGE_MAPPING (ID,LANGUAGE_ID,REFERENCE_ID,REFERENCE_TYPE,TEXT_VALUE) values ('ES_USER_RES_MEMBERSHIP_DESC','4','USER_RES_MEMBERSHIP','ResourceEntity.displayNameMap','Recursos Vinculados');
Insert into LANGUAGE_MAPPING (ID,LANGUAGE_ID,REFERENCE_ID,REFERENCE_TYPE,TEXT_VALUE) values ('RU_USER_RES_MEMBERSHIP_DESC','8','USER_RES_MEMBERSHIP','ResourceEntity.displayNameMap','Распределенные ресурсы');
Insert into LANGUAGE_MAPPING (ID,LANGUAGE_ID,REFERENCE_ID,REFERENCE_TYPE,TEXT_VALUE) values ('JP_USER_RES_MEMBERSHIP_DESC','9','USER_RES_MEMBERSHIP','ResourceEntity.displayNameMap','リソースへの権限');
Insert into LANGUAGE_MAPPING (ID,LANGUAGE_ID,REFERENCE_ID,REFERENCE_TYPE,TEXT_VALUE) values ('ZH_USER_RES_MEMBERSHIP_DESC','10','USER_RES_MEMBERSHIP','ResourceEntity.displayNameMap','关联资源');
Insert into LANGUAGE_MAPPING (ID,LANGUAGE_ID,REFERENCE_ID,REFERENCE_TYPE,TEXT_VALUE) values ('EN_USER_ORG_MEMBERSHIP_DESC','1','USER_ORG_MEMBERSHIP','ResourceEntity.displayNameMap','Member of Organizations');
Insert into LANGUAGE_MAPPING (ID,LANGUAGE_ID,REFERENCE_ID,REFERENCE_TYPE,TEXT_VALUE) values ('DE_USER_ORG_MEMBERSHIP_DESC','2','USER_ORG_MEMBERSHIP','ResourceEntity.displayNameMap','Organisationsmitglied');
Insert into LANGUAGE_MAPPING (ID,LANGUAGE_ID,REFERENCE_ID,REFERENCE_TYPE,TEXT_VALUE) values ('ES_USER_ORG_MEMBERSHIP_DESC','4','USER_ORG_MEMBERSHIP','ResourceEntity.displayNameMap','Organizaciones Vinculadas');
Insert into LANGUAGE_MAPPING (ID,LANGUAGE_ID,REFERENCE_ID,REFERENCE_TYPE,TEXT_VALUE) values ('RU_USER_ORG_MEMBERSHIP_DESC','8','USER_ORG_MEMBERSHIP','ResourceEntity.displayNameMap','Член организаций');
Insert into LANGUAGE_MAPPING (ID,LANGUAGE_ID,REFERENCE_ID,REFERENCE_TYPE,TEXT_VALUE) values ('JP_USER_ORG_MEMBERSHIP_DESC','9','USER_ORG_MEMBERSHIP','ResourceEntity.displayNameMap','組織のメンバー');
Insert into LANGUAGE_MAPPING (ID,LANGUAGE_ID,REFERENCE_ID,REFERENCE_TYPE,TEXT_VALUE) values ('ZH_USER_ORG_MEMBERSHIP_DESC','10','USER_ORG_MEMBERSHIP','ResourceEntity.displayNameMap','组织成员');
Insert into LANGUAGE_MAPPING (ID,LANGUAGE_ID,REFERENCE_ID,REFERENCE_TYPE,TEXT_VALUE) values ('MetadataTypeEntity88','1','PRIMARY_LOCATION','MetadataTypeEntity.displayNameMap','Primary Location');
Insert into LANGUAGE_MAPPING (ID,LANGUAGE_ID,REFERENCE_ID,REFERENCE_TYPE,TEXT_VALUE) values ('DEMetadataTypeEntity88','2','PRIMARY_LOCATION','MetadataTypeEntity.displayNameMap','Primary Location');
Insert into LANGUAGE_MAPPING (ID,LANGUAGE_ID,REFERENCE_ID,REFERENCE_TYPE,TEXT_VALUE) values ('ESMetadataTypeEntity88','4','PRIMARY_LOCATION','MetadataTypeEntity.displayNameMap','Ubicación principal');
Insert into LANGUAGE_MAPPING (ID,LANGUAGE_ID,REFERENCE_ID,REFERENCE_TYPE,TEXT_VALUE) values ('RUMetadataTypeEntity88','8','PRIMARY_LOCATION','MetadataTypeEntity.displayNameMap','Основное местоположение');
Insert into LANGUAGE_MAPPING (ID,LANGUAGE_ID,REFERENCE_ID,REFERENCE_TYPE,TEXT_VALUE) values ('JPMetadataTypeEntity88','9','PRIMARY_LOCATION','MetadataTypeEntity.displayNameMap','プライマリロケーション');
Insert into LANGUAGE_MAPPING (ID,LANGUAGE_ID,REFERENCE_ID,REFERENCE_TYPE,TEXT_VALUE) values ('ZHMetadataTypeEntity88','10','PRIMARY_LOCATION','MetadataTypeEntity.displayNameMap','主要位置');

Insert into LOCATION (LOCATION_ID,NAME,DESCRIPTION,COUNTRY,BLDG_NUM,STREET_DIRECTION,ADDRESS1,ADDRESS2,ADDRESS3,CITY,STATE,POSTAL_CD,ORGANIZATION_ID,INTERNAL_LOCATION_ID,ACTIVE,SENSITIVE_LOCATION) values ('100','HQ',null,'US','111',null,'MAIN ST',null,null,'MY TOWN','NY','12345',null,null,1,0);
Insert into LOCATION (LOCATION_ID,NAME,DESCRIPTION,COUNTRY,BLDG_NUM,STREET_DIRECTION,ADDRESS1,ADDRESS2,ADDRESS3,CITY,STATE,POSTAL_CD,ORGANIZATION_ID,INTERNAL_LOCATION_ID,ACTIVE,SENSITIVE_LOCATION) values ('101','BRANCH',null,'US','112',null,'Next ST',null,null,'MY TOWN','CT','67890',null,null,1,0);

Insert into LOGIN (LOGIN,LOWERCASE_LOGIN,MANAGED_SYS_ID,IDENTITY_TYPE,CANONICAL_NAME,USER_ID,PASSWORD,PWD_EQUIVALENT_TOKEN,PWD_CHANGED,PWD_EXP,RESET_PWD,FIRST_TIME_LOGIN,IS_LOCKED,STATUS,GRACE_PERIOD,CREATE_DATE,CREATED_BY,CURRENT_LOGIN_HOST,AUTH_FAIL_COUNT,LAST_AUTH_ATTEMPT,LAST_LOGIN,LAST_LOGIN_IP,PREV_LOGIN,PREV_LOGIN_IP,IS_DEFAULT,PWD_CHANGE_COUNT,PSWD_RESET_TOKEN,PSWD_RESET_TOKEN_EXP,LOGIN_ID,LAST_UPDATE,PROV_STATUS) values ('helpdesk','helpdesk','0',null,null,'3010','passwd00',null,null,null,0,1,0,null,null,to_date('28-MAR-14','DD-MON-RR'),null,null,0,null,null,null,null,null,0,0,null,null,'3',to_date('28-MAR-14','DD-MON-RR'),null);
Insert into LOGIN (LOGIN,LOWERCASE_LOGIN,MANAGED_SYS_ID,IDENTITY_TYPE,CANONICAL_NAME,USER_ID,PASSWORD,PWD_EQUIVALENT_TOKEN,PWD_CHANGED,PWD_EXP,RESET_PWD,FIRST_TIME_LOGIN,IS_LOCKED,STATUS,GRACE_PERIOD,CREATE_DATE,CREATED_BY,CURRENT_LOGIN_HOST,AUTH_FAIL_COUNT,LAST_AUTH_ATTEMPT,LAST_LOGIN,LAST_LOGIN_IP,PREV_LOGIN,PREV_LOGIN_IP,IS_DEFAULT,PWD_CHANGE_COUNT,PSWD_RESET_TOKEN,PSWD_RESET_TOKEN_EXP,LOGIN_ID,LAST_UPDATE,PROV_STATUS) values ('hrmanager','hrmanager','0',null,null,'3007','passwd00',null,null,null,0,1,0,null,null,to_date('28-MAR-14','DD-MON-RR'),null,null,0,null,null,null,null,null,0,0,null,null,'4',to_date('28-MAR-14','DD-MON-RR'),null);
Insert into LOGIN (LOGIN,LOWERCASE_LOGIN,MANAGED_SYS_ID,IDENTITY_TYPE,CANONICAL_NAME,USER_ID,PASSWORD,PWD_EQUIVALENT_TOKEN,PWD_CHANGED,PWD_EXP,RESET_PWD,FIRST_TIME_LOGIN,IS_LOCKED,STATUS,GRACE_PERIOD,CREATE_DATE,CREATED_BY,CURRENT_LOGIN_HOST,AUTH_FAIL_COUNT,LAST_AUTH_ATTEMPT,LAST_LOGIN,LAST_LOGIN_IP,PREV_LOGIN,PREV_LOGIN_IP,IS_DEFAULT,PWD_CHANGE_COUNT,PSWD_RESET_TOKEN,PSWD_RESET_TOKEN_EXP,LOGIN_ID,LAST_UPDATE,PROV_STATUS) values ('manager','manager','0',null,null,'3008','passwd00',null,null,null,0,1,0,null,null,to_date('28-MAR-14','DD-MON-RR'),null,null,0,null,null,null,null,null,0,0,null,null,'5',to_date('28-MAR-14','DD-MON-RR'),null);
Insert into LOGIN (LOGIN,LOWERCASE_LOGIN,MANAGED_SYS_ID,IDENTITY_TYPE,CANONICAL_NAME,USER_ID,PASSWORD,PWD_EQUIVALENT_TOKEN,PWD_CHANGED,PWD_EXP,RESET_PWD,FIRST_TIME_LOGIN,IS_LOCKED,STATUS,GRACE_PERIOD,CREATE_DATE,CREATED_BY,CURRENT_LOGIN_HOST,AUTH_FAIL_COUNT,LAST_AUTH_ATTEMPT,LAST_LOGIN,LAST_LOGIN_IP,PREV_LOGIN,PREV_LOGIN_IP,IS_DEFAULT,PWD_CHANGE_COUNT,PSWD_RESET_TOKEN,PSWD_RESET_TOKEN_EXP,LOGIN_ID,LAST_UPDATE,PROV_STATUS) values ('secmanager','secmanager','0',null,null,'3009','passwd00',null,null,null,0,1,0,null,null,to_date('28-MAR-14','DD-MON-RR'),null,null,0,null,null,null,null,null,0,0,null,null,'6',to_date('28-MAR-14','DD-MON-RR'),null);
Insert into LOGIN (LOGIN,LOWERCASE_LOGIN,MANAGED_SYS_ID,IDENTITY_TYPE,CANONICAL_NAME,USER_ID,PASSWORD,PWD_EQUIVALENT_TOKEN,PWD_CHANGED,PWD_EXP,RESET_PWD,FIRST_TIME_LOGIN,IS_LOCKED,STATUS,GRACE_PERIOD,CREATE_DATE,CREATED_BY,CURRENT_LOGIN_HOST,AUTH_FAIL_COUNT,LAST_AUTH_ATTEMPT,LAST_LOGIN,LAST_LOGIN_IP,PREV_LOGIN,PREV_LOGIN_IP,IS_DEFAULT,PWD_CHANGE_COUNT,PSWD_RESET_TOKEN,PSWD_RESET_TOKEN_EXP,LOGIN_ID,LAST_UPDATE,PROV_STATUS) values ('snelson','snelson','0',null,null,'3006','passwd00',null,null,null,0,1,0,null,null,to_date('28-MAR-14','DD-MON-RR'),null,null,0,null,null,null,null,null,0,0,null,null,'7',to_date('28-MAR-14','DD-MON-RR'),null);
Insert into LOGIN (LOGIN,LOWERCASE_LOGIN,MANAGED_SYS_ID,IDENTITY_TYPE,CANONICAL_NAME,USER_ID,PASSWORD,PWD_EQUIVALENT_TOKEN,PWD_CHANGED,PWD_EXP,RESET_PWD,FIRST_TIME_LOGIN,IS_LOCKED,STATUS,GRACE_PERIOD,CREATE_DATE,CREATED_BY,CURRENT_LOGIN_HOST,AUTH_FAIL_COUNT,LAST_AUTH_ATTEMPT,LAST_LOGIN,LAST_LOGIN_IP,PREV_LOGIN,PREV_LOGIN_IP,IS_DEFAULT,PWD_CHANGE_COUNT,PSWD_RESET_TOKEN,PSWD_RESET_TOKEN_EXP,LOGIN_ID,LAST_UPDATE,PROV_STATUS) values ('sysadmin','sysadmin','0',null,null,'3000','passwd00',null,null,null,0,1,0,null,null,to_date('28-MAR-14','DD-MON-RR'),null,null,0,null,null,null,null,null,0,0,null,null,'9',to_date('28-MAR-14','DD-MON-RR'),null);
Insert into LOGIN (LOGIN,LOWERCASE_LOGIN,MANAGED_SYS_ID,IDENTITY_TYPE,CANONICAL_NAME,USER_ID,PASSWORD,PWD_EQUIVALENT_TOKEN,PWD_CHANGED,PWD_EXP,RESET_PWD,FIRST_TIME_LOGIN,IS_LOCKED,STATUS,GRACE_PERIOD,CREATE_DATE,CREATED_BY,CURRENT_LOGIN_HOST,AUTH_FAIL_COUNT,LAST_AUTH_ATTEMPT,LAST_LOGIN,LAST_LOGIN_IP,PREV_LOGIN,PREV_LOGIN_IP,IS_DEFAULT,PWD_CHANGE_COUNT,PSWD_RESET_TOKEN,PSWD_RESET_TOKEN_EXP,LOGIN_ID,LAST_UPDATE,PROV_STATUS) values ('system','system','0',null,null,'0001','passwd00',null,null,null,0,1,0,'ACTIVE',null,to_date('21-MAY-14','DD-MON-RR'),null,null,0,null,null,null,null,null,0,0,null,null,'0',to_date('21-MAY-14','DD-MON-RR'),null);

Insert into MANAGED_SYS (MANAGED_SYS_ID,NAME,DESCRIPTION,STATUS,CONNECTOR_ID,HOST_URL,APPL_URL,PORT,COMM_PROTOCOL,USER_ID,PSWD,START_DATE,END_DATE,RESOURCE_ID,PRIMARY_REPOSITORY,SECONDARY_REPOSITORY_ID,ALWAYS_UPDATE_SECONDARY,RES_DEPENDENCY,ADD_HNDLR,MODIFY_HNDLR,DELETE_HNDLR,SETPASS_HNDLR,SUSPEND_HNDLR,SEARCH_HNDLR,LOOKUP_HNDLR,TEST_CONNECTION_HNDLR,RECONCILE_RESOURCE_HNDLR,HNDLR_5,DRIVER_URL,CONNECTION_STRING,ATTRIBUTE_NAMES_LOOKUP,ATTRIBUTE_NAMES_HNDLR,SEARCH_SCOPE,RESUME_HNDLR,SKIP_GROUP_PROV) values ('0','OPENIAM','Primary IDENTITY','ACTIVE',null,null,null,null,null,'0001',null,null,null,'0',null,null,null,null,null,null,null,null,null,null,null,null,null,null,null,null,null,null,2,null,'Y');
Insert into MANAGED_SYS (MANAGED_SYS_ID,NAME,DESCRIPTION,STATUS,CONNECTOR_ID,HOST_URL,APPL_URL,PORT,COMM_PROTOCOL,USER_ID,PSWD,START_DATE,END_DATE,RESOURCE_ID,PRIMARY_REPOSITORY,SECONDARY_REPOSITORY_ID,ALWAYS_UPDATE_SECONDARY,RES_DEPENDENCY,ADD_HNDLR,MODIFY_HNDLR,DELETE_HNDLR,SETPASS_HNDLR,SUSPEND_HNDLR,SEARCH_HNDLR,LOOKUP_HNDLR,TEST_CONNECTION_HNDLR,RECONCILE_RESOURCE_HNDLR,HNDLR_5,DRIVER_URL,CONNECTION_STRING,ATTRIBUTE_NAMES_LOOKUP,ATTRIBUTE_NAMES_HNDLR,SEARCH_SCOPE,RESUME_HNDLR,SKIP_GROUP_PROV) values ('101','LDAP','Primary Directory','ACTIVE','51','ldap://',null,389,'CLEAR','0001',null,null,null,'101',null,null,null,null,null,null,null,null,null,null,null,null,null,null,null,null,null,null,2,null,'Y');
Insert into MANAGED_SYS (MANAGED_SYS_ID,NAME,DESCRIPTION,STATUS,CONNECTOR_ID,HOST_URL,APPL_URL,PORT,COMM_PROTOCOL,USER_ID,PSWD,START_DATE,END_DATE,RESOURCE_ID,PRIMARY_REPOSITORY,SECONDARY_REPOSITORY_ID,ALWAYS_UPDATE_SECONDARY,RES_DEPENDENCY,ADD_HNDLR,MODIFY_HNDLR,DELETE_HNDLR,SETPASS_HNDLR,SUSPEND_HNDLR,SEARCH_HNDLR,LOOKUP_HNDLR,TEST_CONNECTION_HNDLR,RECONCILE_RESOURCE_HNDLR,HNDLR_5,DRIVER_URL,CONNECTION_STRING,ATTRIBUTE_NAMES_LOOKUP,ATTRIBUTE_NAMES_HNDLR,SEARCH_SCOPE,RESUME_HNDLR,SKIP_GROUP_PROV) values ('103','Google Apps Connector','Google Apps Connector','ACTIVE','54',null,null,null,'CLEAR','0001',null,null,null,'103',null,null,null,null,null,null,null,null,null,null,null,null,null,null,null,null,null,null,2,null,'Y');
Insert into MANAGED_SYS (MANAGED_SYS_ID,NAME,DESCRIPTION,STATUS,CONNECTOR_ID,HOST_URL,APPL_URL,PORT,COMM_PROTOCOL,USER_ID,PSWD,START_DATE,END_DATE,RESOURCE_ID,PRIMARY_REPOSITORY,SECONDARY_REPOSITORY_ID,ALWAYS_UPDATE_SECONDARY,RES_DEPENDENCY,ADD_HNDLR,MODIFY_HNDLR,DELETE_HNDLR,SETPASS_HNDLR,SUSPEND_HNDLR,SEARCH_HNDLR,LOOKUP_HNDLR,TEST_CONNECTION_HNDLR,RECONCILE_RESOURCE_HNDLR,HNDLR_5,DRIVER_URL,CONNECTION_STRING,ATTRIBUTE_NAMES_LOOKUP,ATTRIBUTE_NAMES_HNDLR,SEARCH_SCOPE,RESUME_HNDLR,SKIP_GROUP_PROV) values ('105','Linux CONNECTOR','Linux CONNECTOR','ACTIVE','63',null,null,null,'CLEAR','0001',null,null,null,'105',null,null,null,null,null,null,null,null,null,null,null,null,null,null,null,null,null,null,2,null,'Y');
Insert into MANAGED_SYS (MANAGED_SYS_ID,NAME,DESCRIPTION,STATUS,CONNECTOR_ID,HOST_URL,APPL_URL,PORT,COMM_PROTOCOL,USER_ID,PSWD,START_DATE,END_DATE,RESOURCE_ID,PRIMARY_REPOSITORY,SECONDARY_REPOSITORY_ID,ALWAYS_UPDATE_SECONDARY,RES_DEPENDENCY,ADD_HNDLR,MODIFY_HNDLR,DELETE_HNDLR,SETPASS_HNDLR,SUSPEND_HNDLR,SEARCH_HNDLR,LOOKUP_HNDLR,TEST_CONNECTION_HNDLR,RECONCILE_RESOURCE_HNDLR,HNDLR_5,DRIVER_URL,CONNECTION_STRING,ATTRIBUTE_NAMES_LOOKUP,ATTRIBUTE_NAMES_HNDLR,SEARCH_SCOPE,RESUME_HNDLR,SKIP_GROUP_PROV) values ('106','MySQL CONNECTOR','MySQL CONNECTOR','ACTIVE','64',null,null,null,'CLEAR','0001',null,null,null,'106',null,null,null,null,null,null,null,null,null,null,null,null,null,null,null,null,null,null,2,null,'Y');
Insert into MANAGED_SYS (MANAGED_SYS_ID,NAME,DESCRIPTION,STATUS,CONNECTOR_ID,HOST_URL,APPL_URL,PORT,COMM_PROTOCOL,USER_ID,PSWD,START_DATE,END_DATE,RESOURCE_ID,PRIMARY_REPOSITORY,SECONDARY_REPOSITORY_ID,ALWAYS_UPDATE_SECONDARY,RES_DEPENDENCY,ADD_HNDLR,MODIFY_HNDLR,DELETE_HNDLR,SETPASS_HNDLR,SUSPEND_HNDLR,SEARCH_HNDLR,LOOKUP_HNDLR,TEST_CONNECTION_HNDLR,RECONCILE_RESOURCE_HNDLR,HNDLR_5,DRIVER_URL,CONNECTION_STRING,ATTRIBUTE_NAMES_LOOKUP,ATTRIBUTE_NAMES_HNDLR,SEARCH_SCOPE,RESUME_HNDLR,SKIP_GROUP_PROV) values ('110','ACTIVE DIRECTORY','ACTIVE DIRECTORY','ACTIVE','51','ldaps://',null,636,'CLEAR','0001',null,null,null,'110',null,null,null,null,null,null,null,null,null,null,null,null,null,null,null,null,null,null,2,null,'Y');
Insert into MANAGED_SYS (MANAGED_SYS_ID,NAME,DESCRIPTION,STATUS,CONNECTOR_ID,HOST_URL,APPL_URL,PORT,COMM_PROTOCOL,USER_ID,PSWD,START_DATE,END_DATE,RESOURCE_ID,PRIMARY_REPOSITORY,SECONDARY_REPOSITORY_ID,ALWAYS_UPDATE_SECONDARY,RES_DEPENDENCY,ADD_HNDLR,MODIFY_HNDLR,DELETE_HNDLR,SETPASS_HNDLR,SUSPEND_HNDLR,SEARCH_HNDLR,LOOKUP_HNDLR,TEST_CONNECTION_HNDLR,RECONCILE_RESOURCE_HNDLR,HNDLR_5,DRIVER_URL,CONNECTION_STRING,ATTRIBUTE_NAMES_LOOKUP,ATTRIBUTE_NAMES_HNDLR,SEARCH_SCOPE,RESUME_HNDLR,SKIP_GROUP_PROV) values ('111','Oracle Connector','Oracle Connector','ACTIVE','65',null,null,null,'CLEAR','0001',null,null,null,'111',null,null,null,null,null,null,null,null,null,null,null,null,null,null,null,null,null,null,2,null,'Y');
Insert into MANAGED_SYS (MANAGED_SYS_ID,NAME,DESCRIPTION,STATUS,CONNECTOR_ID,HOST_URL,APPL_URL,PORT,COMM_PROTOCOL,USER_ID,PSWD,START_DATE,END_DATE,RESOURCE_ID,PRIMARY_REPOSITORY,SECONDARY_REPOSITORY_ID,ALWAYS_UPDATE_SECONDARY,RES_DEPENDENCY,ADD_HNDLR,MODIFY_HNDLR,DELETE_HNDLR,SETPASS_HNDLR,SUSPEND_HNDLR,SEARCH_HNDLR,LOOKUP_HNDLR,TEST_CONNECTION_HNDLR,RECONCILE_RESOURCE_HNDLR,HNDLR_5,DRIVER_URL,CONNECTION_STRING,ATTRIBUTE_NAMES_LOOKUP,ATTRIBUTE_NAMES_HNDLR,SEARCH_SCOPE,RESUME_HNDLR,SKIP_GROUP_PROV) values ('113','AppTableMSys',null,'ACTIVE','61',null,null,null,'CLEAR','root',null,null,null,'113',0,null,0,null,null,null,null,null,null,'GROUP=GRP_ID,GRP_NAME;',null,null,null,null,'com.mysql.jdbc.Driver','jdbc:mysql://localhost/test',null,null,2,null,'Y');
Insert into MANAGED_SYS (MANAGED_SYS_ID,NAME,DESCRIPTION,STATUS,CONNECTOR_ID,HOST_URL,APPL_URL,PORT,COMM_PROTOCOL,USER_ID,PSWD,START_DATE,END_DATE,RESOURCE_ID,PRIMARY_REPOSITORY,SECONDARY_REPOSITORY_ID,ALWAYS_UPDATE_SECONDARY,RES_DEPENDENCY,ADD_HNDLR,MODIFY_HNDLR,DELETE_HNDLR,SETPASS_HNDLR,SUSPEND_HNDLR,SEARCH_HNDLR,LOOKUP_HNDLR,TEST_CONNECTION_HNDLR,RECONCILE_RESOURCE_HNDLR,HNDLR_5,DRIVER_URL,CONNECTION_STRING,ATTRIBUTE_NAMES_LOOKUP,ATTRIBUTE_NAMES_HNDLR,SEARCH_SCOPE,RESUME_HNDLR,SKIP_GROUP_PROV) values ('104','Script_CONNECTOR','Groovy script connector','ACTIVE','62',null,null,null,'CLEAR',null,null,null,null,'104',0,null,null,null,'groovy/example/AddScriptConnector.groovy','groovy/example/ModifyScriptConnector.groovy','groovy/example/DeleteScriptConnector.groovy',null,null,'groovy/example/SearchScriptConnector.groovy','groovy/example/LookupScriptConnector.groovy','groovy/example/TestScriptConnector.groovy',null,null,null,null,null,null,2,null,'Y');
Insert into MANAGED_SYS (MANAGED_SYS_ID,NAME,DESCRIPTION,STATUS,CONNECTOR_ID,HOST_URL,APPL_URL,PORT,COMM_PROTOCOL,USER_ID,PSWD,START_DATE,END_DATE,RESOURCE_ID,PRIMARY_REPOSITORY,SECONDARY_REPOSITORY_ID,ALWAYS_UPDATE_SECONDARY,RES_DEPENDENCY,ADD_HNDLR,MODIFY_HNDLR,DELETE_HNDLR,SETPASS_HNDLR,SUSPEND_HNDLR,SEARCH_HNDLR,LOOKUP_HNDLR,TEST_CONNECTION_HNDLR,RECONCILE_RESOURCE_HNDLR,HNDLR_5,DRIVER_URL,CONNECTION_STRING,ATTRIBUTE_NAMES_LOOKUP,ATTRIBUTE_NAMES_HNDLR,SEARCH_SCOPE,RESUME_HNDLR,SKIP_GROUP_PROV) values ('150','PEOPLESOFT DB CONNECTOR','PEOPLESOFT DB CONNECTOR','ACTIVE','100',null,null,null,'CLEAR','root',null,null,null,'150',0,null,0,null,null,null,null,null,null,null,null,null,null,null,'oracle.jdbc.driver.OracleDriver','jdbc:oracle:thin:@localhost:1521:mkyong',null,null,2,null,'Y');
Insert into MANAGED_SYS (MANAGED_SYS_ID,NAME,DESCRIPTION,STATUS,CONNECTOR_ID,HOST_URL,APPL_URL,PORT,COMM_PROTOCOL,USER_ID,PSWD,START_DATE,END_DATE,RESOURCE_ID,PRIMARY_REPOSITORY,SECONDARY_REPOSITORY_ID,ALWAYS_UPDATE_SECONDARY,RES_DEPENDENCY,ADD_HNDLR,MODIFY_HNDLR,DELETE_HNDLR,SETPASS_HNDLR,SUSPEND_HNDLR,SEARCH_HNDLR,LOOKUP_HNDLR,TEST_CONNECTION_HNDLR,RECONCILE_RESOURCE_HNDLR,HNDLR_5,DRIVER_URL,CONNECTION_STRING,ATTRIBUTE_NAMES_LOOKUP,ATTRIBUTE_NAMES_HNDLR,SEARCH_SCOPE,RESUME_HNDLR,SKIP_GROUP_PROV) values ('active_dir_win02_managed_sys_id','AD Win02 [Remote Connector]',null,'ACTIVE','powershell_ad_rem_connector_id','LDAP://win02.ad.openiamdemo.info',null,null,null,'AD\Administrator','=tdWk2eqV8P',null,null,'8a70a63f3f079e58013f0e9e8a160053',null,null,null,null,'ADPowershell.ps1','ADPowershell.ps1','ADPowershell.ps1','ADPowershell.ps1','ADPowershell.ps1','ADPowershell.ps1','ADPowershell.ps1','ADPowershell.ps1','ADPowershell.ps1',null,null,null,null,null,2,null,'Y');

Insert into MANAGED_SYS_RULE (MANAGED_SYS_RULE_ID,MANAGED_SYS_ID,MANAGED_SYS_RULE_NAME,MANAGED_SYS_RULE_VALUE) values ('ad_win02_managed_sys_rule_id','active_dir_win02_managed_sys_id','SamAccountName','provision/ad/sAMAccount.groovy');

INSERT INTO  METADATA_ELEMENT  VALUES ('101','InetOrgPerson','Display Name',NULL,NULL,'Y','N','Y',NULL,NULL,NULL,NULL,'Y'),('104','InetOrgPerson','Preferred Language',NULL,NULL,'Y','N','Y',NULL,NULL,NULL,NULL,'Y'),('105','InetOrgPerson','VehicleLicense',NULL,NULL,'Y','N','Y',NULL,NULL,NULL,NULL,'Y'),('106','InetOrgPerson','Given Name',NULL,NULL,'Y','N','Y',NULL,NULL,NULL,NULL,'Y'),('107','InetOrgPerson','LabeledURI',NULL,NULL,'Y','N','Y',NULL,NULL,NULL,NULL,'Y'),('108','InetOrgPerson','Initials',NULL,NULL,'Y','N','Y',NULL,NULL,NULL,NULL,'Y'),('110','InetOrgPerson','BusinessCategory',NULL,NULL,'Y','N','Y',NULL,NULL,NULL,NULL,'Y'),('131','Contractor','Display Name',NULL,NULL,'Y','N','Y',NULL,NULL,NULL,NULL,'Y'),('134','Contractor','Preferred Language',NULL,NULL,'Y','N','Y',NULL,NULL,NULL,NULL,'Y'),('135','Contractor','VehicleLicense',NULL,NULL,'Y','N','Y',NULL,NULL,NULL,NULL,'Y'),('136','Contractor','Given Name',NULL,NULL,'Y','N','Y',NULL,NULL,NULL,NULL,'Y'),('137','Contractor','LabeledURI',NULL,NULL,'Y','N','Y',NULL,NULL,NULL,NULL,'Y'),('138','Contractor','Initials',NULL,NULL,'Y','N','Y',NULL,NULL,NULL,NULL,'Y'),('140','DIRECTORY','Display Name',NULL,NULL,'Y','N','N',NULL,NULL,NULL,NULL,'Y'),('150','FILE','Display Name',NULL,NULL,'Y','N','N',NULL,NULL,NULL,NULL,'Y'),('160','URL','Display Name',NULL,NULL,'Y','N','N',NULL,NULL,NULL,NULL,'Y'),('260','Contractor','BusinessCategory',NULL,NULL,'Y','N','Y',NULL,NULL,NULL,NULL,'Y'),('261','Contractor','StartDate',NULL,NULL,'Y','N','Y',NULL,NULL,NULL,NULL,'Y'),('262','Contractor','EndDate',NULL,NULL,'Y','N','Y',NULL,NULL,NULL,NULL,'Y'),('300','LdapOrgPerson','name','',NULL,'Y','N','N',NULL,NULL,NULL,NULL,'Y'),('301','LdapOrgPerson','distinguishedName','',NULL,'Y','N','N',NULL,NULL,NULL,NULL,'Y'),('302','LdapOrgPerson','objectclass','',NULL,'Y','Y','N',NULL,NULL,NULL,NULL,'Y'),('303','LdapOrgPerson','aliasedObjectName','',NULL,'Y','N','N',NULL,NULL,NULL,NULL,'Y'),('304','LdapOrgPerson','cn','',NULL,'Y','Y','N',NULL,NULL,NULL,NULL,'Y'),('305','LdapOrgPerson','sn','',NULL,'Y','N','N',NULL,NULL,NULL,NULL,'Y'),('306','LdapOrgPerson','serialNumber','',NULL,'Y','N','N',NULL,NULL,NULL,NULL,'Y'),('307','LdapOrgPerson','c','',NULL,'Y','N','N',NULL,NULL,NULL,NULL,'Y'),('308','LdapOrgPerson','l','',NULL,'Y','N','N',NULL,NULL,NULL,NULL,'Y'),('309','LdapOrgPerson','st','',NULL,'Y','N','N',NULL,NULL,NULL,NULL,'Y'),('310','LdapOrgPerson','street','',NULL,'Y','N','N',NULL,NULL,NULL,NULL,'Y'),('311','LdapOrgPerson','o','',NULL,'Y','Y','N',NULL,NULL,NULL,NULL,'Y'),('312','LdapOrgPerson','ou','',NULL,'Y','N','N',NULL,NULL,NULL,NULL,'Y'),('313','LdapOrgPerson','title','',NULL,'Y','N','N',NULL,NULL,NULL,NULL,'Y'),('314','LdapOrgPerson','description','',NULL,'Y','N','N',NULL,NULL,NULL,NULL,'Y'),('315','LdapOrgPerson','businessCategory','',NULL,'Y','N','N',NULL,NULL,NULL,NULL,'Y'),('316','LdapOrgPerson','postalAddress','',NULL,'Y','N','N',NULL,NULL,NULL,NULL,'Y'),('317','LdapOrgPerson','postalCode','',NULL,'Y','N','N',NULL,NULL,NULL,NULL,'Y'),('318','LdapOrgPerson','postOfficeBox','',NULL,'Y','N','N',NULL,NULL,NULL,NULL,'Y'),('319','LdapOrgPerson','physicalDeliveryOfficeName','',NULL,'Y','N','N',NULL,NULL,NULL,NULL,'Y'),('320','LdapOrgPerson','telephoneNumber','',NULL,'Y','N','N',NULL,NULL,NULL,NULL,'Y'),('321','LdapOrgPerson','telexNumber','',NULL,'Y','N','N',NULL,NULL,NULL,NULL,'Y'),('322','LdapOrgPerson','teletexTerminalIdentifier','',NULL,'Y','N','N',NULL,NULL,NULL,NULL,'Y'),('323','LdapOrgPerson','facsimileTelephoneNumber','',NULL,'Y','N','N',NULL,NULL,NULL,NULL,'Y'),('324','LdapOrgPerson','x121Address','',NULL,'Y','N','N',NULL,NULL,NULL,NULL,'Y'),('325','LdapOrgPerson','internationaliSDNNumber','',NULL,'Y','N','N',NULL,NULL,NULL,NULL,'Y'),('326','LdapOrgPerson','registeredAddress','',NULL,'Y','N','N',NULL,NULL,NULL,NULL,'Y'),('327','LdapOrgPerson','destinationIndicator','',NULL,'Y','N','N',NULL,NULL,NULL,NULL,'Y'),('328','LdapOrgPerson','preferredDeliveryMethod','',NULL,'Y','N','N',NULL,NULL,NULL,NULL,'Y'),('329','LdapOrgPerson','presentationAddress','',NULL,'Y','N','N',NULL,NULL,NULL,NULL,'Y'),('330','LdapOrgPerson','supportedApplicationContext','',NULL,'Y','N','N',NULL,NULL,NULL,NULL,'Y'),('331','LdapOrgPerson','member','',NULL,'Y','N','N',NULL,NULL,NULL,NULL,'Y'),('332','LdapOrgPerson','owner','',NULL,'Y','N','N',NULL,NULL,NULL,NULL,'Y'),('333','LdapOrgPerson','roleOccupant','',NULL,'Y','N','N',NULL,NULL,NULL,NULL,'Y'),('334','LdapOrgPerson','seeAlso','',NULL,'Y','N','N',NULL,NULL,NULL,NULL,'Y'),('335','LdapOrgPerson','userPassword','',NULL,'Y','N','N',NULL,NULL,NULL,NULL,'Y'),('336','LdapOrgPerson','userCertificate','',NULL,'Y','N','N',NULL,NULL,NULL,NULL,'Y'),('337','LdapOrgPerson','cACertificate','',NULL,'Y','N','N',NULL,NULL,NULL,NULL,'Y'),('338','LdapOrgPerson','authorityRevocationList','',NULL,'Y','N','N',NULL,NULL,NULL,NULL,'Y'),('339','LdapOrgPerson','certificateRevocationList','',NULL,'Y','N','N',NULL,NULL,NULL,NULL,'Y'),('340','LdapOrgPerson','crossCertificatePair','',NULL,'Y','N','N',NULL,NULL,NULL,NULL,'Y'),('341','LdapOrgPerson','givenName','',NULL,'Y','N','N',NULL,NULL,NULL,NULL,'Y'),('342','LdapOrgPerson','initials','',NULL,'Y','N','N',NULL,NULL,NULL,NULL,'Y'),('343','LdapOrgPerson','generationQualifier','',NULL,'Y','N','N',NULL,NULL,NULL,NULL,'Y'),('344','LdapOrgPerson','x500UniqueIdentifier','',NULL,'Y','N','N',NULL,NULL,NULL,NULL,'Y'),('346','LdapOrgPerson','uniqueMember','',NULL,'Y','N','N',NULL,NULL,NULL,NULL,'Y'),('347','LdapOrgPerson','houseIdentifier','',NULL,'Y','N','N',NULL,NULL,NULL,NULL,'Y'),('348','LdapOrgPerson','uid','',NULL,'Y','N','N',NULL,NULL,NULL,NULL,'Y'),('349','LdapOrgPerson','mail','',NULL,'Y','N','N',NULL,NULL,NULL,NULL,'Y'),('350','LdapOrgPerson','ref','',NULL,'Y','N','N',NULL,NULL,NULL,NULL,'Y'),('351','LdapOrgPerson','referral','',NULL,'Y','N','N',NULL,NULL,NULL,NULL,'Y'),('352','LdapOrgPerson','krbName','',NULL,'Y','N','N',NULL,NULL,NULL,NULL,'Y'),('401','MANAGED_SYS','SUBMIT_USER_TO_CONNECTOR',NULL,NULL,'Y','N','N',NULL,NULL,NULL,NULL,'Y'),('402','MANAGED_SYS','INCLUDE_IN_PASSWORD_SYNC',NULL,NULL,'Y','N','N',NULL,NULL,NULL,NULL,'Y'),('405','MANAGED_SYS','INCLUDE_IN_SYNC',NULL,NULL,'Y','N','N',NULL,NULL,NULL,NULL,'Y'),('406','MANAGED_SYS','TABLE_NAME',NULL,NULL,'Y','N','N',NULL,NULL,NULL,NULL,'Y'),('407','MANAGED_SYS','GROUP_MEMBERSHIP_ENABLED',NULL,NULL,'Y','N','N',NULL,NULL,NULL,NULL,'Y'),('408','MANAGED_SYS','ON_DELETE',NULL,NULL,'Y','N','N',NULL,NULL,NULL,NULL,'Y'),('409','MANAGED_SYS','PRE_PROCESS',NULL,NULL,'Y','N','N',NULL,NULL,NULL,NULL,'Y'),('410','MANAGED_SYS','POST_PROCESS',NULL,NULL,'Y','N','N',NULL,NULL,NULL,NULL,'Y'),('411','AUTH_REPO','HOST_URL',NULL,NULL,'Y','N','N',NULL,NULL,NULL,NULL,'Y'),('412','AUTH_REPO','BASE_DN',NULL,NULL,'Y','N','N',NULL,NULL,NULL,NULL,'Y'),('413','AUTH_REPO','HOST_LOGIN ID',NULL,NULL,'Y','N','N',NULL,NULL,NULL,NULL,'Y'),('415','AUTH_REPO','COMMUNICATION_PROTOCOL',NULL,NULL,'Y','N','N',NULL,NULL,NULL,NULL,'Y'),('416','AUTH_REPO','OBJECT_CLASS',NULL,NULL,'Y','N','N',NULL,NULL,NULL,NULL,'Y'),('418','AUTH_REPO','SEARCH_ATTRIBUTE',NULL,NULL,'Y','N','N',NULL,NULL,NULL,NULL,'Y'),('419','AUTH_REPO','MANAGED_SYS_ID',NULL,NULL,'Y','N','N',NULL,NULL,NULL,NULL,'Y'),('420','AUTH_REPO','DN_ATTRIBUTE',NULL,NULL,'Y','N','N',NULL,NULL,NULL,NULL,'Y'),('421','AUTH_REPO','PASSWORD',NULL,NULL,'Y','N','N',NULL,NULL,NULL,NULL,'Y'),('430','WEBSERVICE','END_POINT',NULL,NULL,'Y','N','N',NULL,NULL,NULL,NULL,'Y'),('440','WEBSERVICE_OP','OPERATION_NAME',NULL,NULL,'Y','N','N',NULL,NULL,NULL,NULL,'Y'),('450','NO-PROVISION-APP','URL',NULL,NULL,'Y','N','N',NULL,NULL,NULL,NULL,'Y');

Insert into METADATA_TYPE (TYPE_ID,DESCRIPTION,ACTIVE,SYNC_MANAGED_SYS,GROUPING,IS_BINARY,IS_SENSITIVE) values ('ADGroup','AD User type','Y','Y',null,'N','N');
Insert into METADATA_TYPE (TYPE_ID,DESCRIPTION,ACTIVE,SYNC_MANAGED_SYS,GROUPING,IS_BINARY,IS_SENSITIVE) values ('ADUser','AD User type','Y','Y',null,'N','N');
Insert into METADATA_TYPE (TYPE_ID,DESCRIPTION,ACTIVE,SYNC_MANAGED_SYS,GROUPING,IS_BINARY,IS_SENSITIVE) values ('AD_Connector','Active Directory Connector','Y','Y',null,'N','N');
Insert into METADATA_TYPE (TYPE_ID,DESCRIPTION,ACTIVE,SYNC_MANAGED_SYS,GROUPING,IS_BINARY,IS_SENSITIVE) values ('AD_GROUP_TYPE','AD GROUP TYPE','N','N',null,'N','N');
Insert into METADATA_TYPE (TYPE_ID,DESCRIPTION,ACTIVE,SYNC_MANAGED_SYS,GROUPING,IS_BINARY,IS_SENSITIVE) values ('AUTHENTICATION_PROVIDER','Authentication Provider','Y','Y',null,'N','N');
Insert into METADATA_TYPE (TYPE_ID,DESCRIPTION,ACTIVE,SYNC_MANAGED_SYS,GROUPING,IS_BINARY,IS_SENSITIVE) values ('AUTH_REPO','Authentication Repository','Y','Y',null,'N','N');
Insert into METADATA_TYPE (TYPE_ID,DESCRIPTION,ACTIVE,SYNC_MANAGED_SYS,GROUPING,IS_BINARY,IS_SENSITIVE) values ('CHECKBOX','Checkbox','Y','N','UI_WIDGET','N','N');
Insert into METADATA_TYPE (TYPE_ID,DESCRIPTION,ACTIVE,SYNC_MANAGED_SYS,GROUPING,IS_BINARY,IS_SENSITIVE) values ('CONTENT_PROVIDER','Content Provider','Y','Y',null,'N','N');
Insert into METADATA_TYPE (TYPE_ID,DESCRIPTION,ACTIVE,SYNC_MANAGED_SYS,GROUPING,IS_BINARY,IS_SENSITIVE) values ('Contractor','Contractor user type','Y','Y',null,'N','N');
Insert into METADATA_TYPE (TYPE_ID,DESCRIPTION,ACTIVE,SYNC_MANAGED_SYS,GROUPING,IS_BINARY,IS_SENSITIVE) values ('DATE','Date field','Y','N','UI_WIDGET','N','N');
Insert into METADATA_TYPE (TYPE_ID,DESCRIPTION,ACTIVE,SYNC_MANAGED_SYS,GROUPING,IS_BINARY,IS_SENSITIVE) values ('DEFAULT_GROUP','DEFAULT GROUP TYPE','N','N',null,'N','N');
Insert into METADATA_TYPE (TYPE_ID,DESCRIPTION,ACTIVE,SYNC_MANAGED_SYS,GROUPING,IS_BINARY,IS_SENSITIVE) values ('departmentType','Department','Y','Y',null,'N','N');
Insert into METADATA_TYPE (TYPE_ID,DESCRIPTION,ACTIVE,SYNC_MANAGED_SYS,GROUPING,IS_BINARY,IS_SENSITIVE) values ('DIRECTORY','Directory','Y','Y',null,'N','N');
Insert into METADATA_TYPE (TYPE_ID,DESCRIPTION,ACTIVE,SYNC_MANAGED_SYS,GROUPING,IS_BINARY,IS_SENSITIVE) values ('divisionType','Division','Y','Y',null,'N','N');
Insert into METADATA_TYPE (TYPE_ID,DESCRIPTION,ACTIVE,SYNC_MANAGED_SYS,GROUPING,IS_BINARY,IS_SENSITIVE) values ('FILE','File','Y','Y',null,'N','N');
Insert into METADATA_TYPE (TYPE_ID,DESCRIPTION,ACTIVE,SYNC_MANAGED_SYS,GROUPING,IS_BINARY,IS_SENSITIVE) values ('GOOGLE_Connector','GOOGLE APPS Connector','Y','Y',null,'N','N');
Insert into METADATA_TYPE (TYPE_ID,DESCRIPTION,ACTIVE,SYNC_MANAGED_SYS,GROUPING,IS_BINARY,IS_SENSITIVE) values ('InetOrgPerson','InetOrgPerson user type','Y','Y',null,'N','N');
Insert into METADATA_TYPE (TYPE_ID,DESCRIPTION,ACTIVE,SYNC_MANAGED_SYS,GROUPING,IS_BINARY,IS_SENSITIVE) values ('LdapOrgPerson','LdapOrgPerson User type','Y','Y',null,'N','N');
Insert into METADATA_TYPE (TYPE_ID,DESCRIPTION,ACTIVE,SYNC_MANAGED_SYS,GROUPING,IS_BINARY,IS_SENSITIVE) values ('LDAP_Connector','LDAP Connector','Y','Y',null,'N','N');
Insert into METADATA_TYPE (TYPE_ID,DESCRIPTION,ACTIVE,SYNC_MANAGED_SYS,GROUPING,IS_BINARY,IS_SENSITIVE) values ('LDAP_GROUP_TYPE','LDAP GROUP TYPE','N','N',null,'N','N');
Insert into METADATA_TYPE (TYPE_ID,DESCRIPTION,ACTIVE,SYNC_MANAGED_SYS,GROUPING,IS_BINARY,IS_SENSITIVE) values ('LINUX_Connector','Linux Connector','Y','Y',null,'N','N');
Insert into METADATA_TYPE (TYPE_ID,DESCRIPTION,ACTIVE,SYNC_MANAGED_SYS,GROUPING,IS_BINARY,IS_SENSITIVE) values ('MANAGED_SYS','Managed System','Y','Y',null,'N','N');
Insert into METADATA_TYPE (TYPE_ID,DESCRIPTION,ACTIVE,SYNC_MANAGED_SYS,GROUPING,IS_BINARY,IS_SENSITIVE) values ('MENU_ITEM','Menu Item Type','Y','Y',null,'N','N');
Insert into METADATA_TYPE (TYPE_ID,DESCRIPTION,ACTIVE,SYNC_MANAGED_SYS,GROUPING,IS_BINARY,IS_SENSITIVE) values ('MULTI_SELECT','MultiSelect list','Y','N','UI_WIDGET','N','N');
Insert into METADATA_TYPE (TYPE_ID,DESCRIPTION,ACTIVE,SYNC_MANAGED_SYS,GROUPING,IS_BINARY,IS_SENSITIVE) values ('NO-PROVISION-APP','Un-Provisionable Apps','Y','Y',null,'N','N');
Insert into METADATA_TYPE (TYPE_ID,DESCRIPTION,ACTIVE,SYNC_MANAGED_SYS,GROUPING,IS_BINARY,IS_SENSITIVE) values ('OrgOpenIAM','OpenIAM','Y','Y',null,'N','N');
Insert into METADATA_TYPE (TYPE_ID,DESCRIPTION,ACTIVE,SYNC_MANAGED_SYS,GROUPING,IS_BINARY,IS_SENSITIVE) values ('PASSWORD','Password field','Y','N','UI_WIDGET','N','N');
Insert into METADATA_TYPE (TYPE_ID,DESCRIPTION,ACTIVE,SYNC_MANAGED_SYS,GROUPING,IS_BINARY,IS_SENSITIVE) values ('RADIO','Radio button','Y','N','UI_WIDGET','N','N');
Insert into METADATA_TYPE (TYPE_ID,DESCRIPTION,ACTIVE,SYNC_MANAGED_SYS,GROUPING,IS_BINARY,IS_SENSITIVE) values ('RDBMS_Connector','RDBMS Connector','Y','Y',null,'N','N');
Insert into METADATA_TYPE (TYPE_ID,DESCRIPTION,ACTIVE,SYNC_MANAGED_SYS,GROUPING,IS_BINARY,IS_SENSITIVE) values ('SCRIPT_Connector','Script Connector','Y','Y',null,'N','N');
Insert into METADATA_TYPE (TYPE_ID,DESCRIPTION,ACTIVE,SYNC_MANAGED_SYS,GROUPING,IS_BINARY,IS_SENSITIVE) values ('SELECT','Combo box','Y','N','UI_WIDGET','N','N');
Insert into METADATA_TYPE (TYPE_ID,DESCRIPTION,ACTIVE,SYNC_MANAGED_SYS,GROUPING,IS_BINARY,IS_SENSITIVE) values ('SOAP_Connector','SOAP Connector','Y','Y',null,'N','N');
Insert into METADATA_TYPE (TYPE_ID,DESCRIPTION,ACTIVE,SYNC_MANAGED_SYS,GROUPING,IS_BINARY,IS_SENSITIVE) values ('SystemAccount','System Account type','Y','Y',null,'N','N');
Insert into METADATA_TYPE (TYPE_ID,DESCRIPTION,ACTIVE,SYNC_MANAGED_SYS,GROUPING,IS_BINARY,IS_SENSITIVE) values ('SYS_ACTION','System Actions','Y','Y',null,'N','N');
Insert into METADATA_TYPE (TYPE_ID,DESCRIPTION,ACTIVE,SYNC_MANAGED_SYS,GROUPING,IS_BINARY,IS_SENSITIVE) values ('TEXT','Text field','Y','N','UI_WIDGET','N','N');
Insert into METADATA_TYPE (TYPE_ID,DESCRIPTION,ACTIVE,SYNC_MANAGED_SYS,GROUPING,IS_BINARY,IS_SENSITIVE) values ('TEXTAREA','Multiline text field','Y','N','UI_WIDGET','N','N');
Insert into METADATA_TYPE (TYPE_ID,DESCRIPTION,ACTIVE,SYNC_MANAGED_SYS,GROUPING,IS_BINARY,IS_SENSITIVE) values ('UI_TEMPLATE','UI_TEMPLATE','Y','Y',null,'N','N');
Insert into METADATA_TYPE (TYPE_ID,DESCRIPTION,ACTIVE,SYNC_MANAGED_SYS,GROUPING,IS_BINARY,IS_SENSITIVE) values ('UI_WIDGET','UI_WIDGET','Y','Y',null,'N','N');
Insert into METADATA_TYPE (TYPE_ID,DESCRIPTION,ACTIVE,SYNC_MANAGED_SYS,GROUPING,IS_BINARY,IS_SENSITIVE) values ('URL','URL','Y','Y',null,'N','N');
Insert into METADATA_TYPE (TYPE_ID,DESCRIPTION,ACTIVE,SYNC_MANAGED_SYS,GROUPING,IS_BINARY,IS_SENSITIVE) values ('URL_PATTERN','Url Pattern','Y','Y',null,'N','N');
Insert into METADATA_TYPE (TYPE_ID,DESCRIPTION,ACTIVE,SYNC_MANAGED_SYS,GROUPING,IS_BINARY,IS_SENSITIVE) values ('WEBSERVICE','Web Service','Y','Y',null,'N','N');
Insert into METADATA_TYPE (TYPE_ID,DESCRIPTION,ACTIVE,SYNC_MANAGED_SYS,GROUPING,IS_BINARY,IS_SENSITIVE) values ('WEBSERVICE_OP','Web Service Operation','Y','Y',null,'N','N');
Insert into METADATA_TYPE (TYPE_ID,DESCRIPTION,ACTIVE,SYNC_MANAGED_SYS,GROUPING,IS_BINARY,IS_SENSITIVE) values ('WORK_EMAIL','Work Email','Y','N','EMAIL','N','N');
Insert into METADATA_TYPE (TYPE_ID,DESCRIPTION,ACTIVE,SYNC_MANAGED_SYS,GROUPING,IS_BINARY,IS_SENSITIVE) values ('PRIMARY_EMAIL','Primary Email','Y','N','EMAIL','N','N');
Insert into METADATA_TYPE (TYPE_ID,DESCRIPTION,ACTIVE,SYNC_MANAGED_SYS,GROUPING,IS_BINARY,IS_SENSITIVE) values ('HOME_EMAIL','Home Email','Y','N','EMAIL','N','N');
Insert into METADATA_TYPE (TYPE_ID,DESCRIPTION,ACTIVE,SYNC_MANAGED_SYS,GROUPING,IS_BINARY,IS_SENSITIVE) values ('OFFICE_PHONE','Office phone','Y','N','PHONE','N','N');
Insert into METADATA_TYPE (TYPE_ID,DESCRIPTION,ACTIVE,SYNC_MANAGED_SYS,GROUPING,IS_BINARY,IS_SENSITIVE) values ('CELL_PHONE','Cell phone','Y','N','PHONE','N','N');
Insert into METADATA_TYPE (TYPE_ID,DESCRIPTION,ACTIVE,SYNC_MANAGED_SYS,GROUPING,IS_BINARY,IS_SENSITIVE) values ('HOME_PHONE','Home phone','Y','N','PHONE','N','N');
Insert into METADATA_TYPE (TYPE_ID,DESCRIPTION,ACTIVE,SYNC_MANAGED_SYS,GROUPING,IS_BINARY,IS_SENSITIVE) values ('OFFICE_ADDRESS','Office Address','Y','N','ADDRESS','N','N');
Insert into METADATA_TYPE (TYPE_ID,DESCRIPTION,ACTIVE,SYNC_MANAGED_SYS,GROUPING,IS_BINARY,IS_SENSITIVE) values ('HOME_ADDRESS','Home Address','Y','N','ADDRESS','N','N');
Insert into METADATA_TYPE (TYPE_ID,DESCRIPTION,ACTIVE,SYNC_MANAGED_SYS,GROUPING,IS_BINARY,IS_SENSITIVE) values ('ADMIN_RESOURCE','Admin Resource','Y','Y',null,'N','N');
Insert into METADATA_TYPE (TYPE_ID,DESCRIPTION,ACTIVE,SYNC_MANAGED_SYS,GROUPING,IS_BINARY,IS_SENSITIVE) values ('KERBEROS_SERVICE_NAME','Kerberos Service Name','Y','N','AUTH_LEVEL','N','N');
Insert into METADATA_TYPE (TYPE_ID,DESCRIPTION,ACTIVE,SYNC_MANAGED_SYS,GROUPING,IS_BINARY,IS_SENSITIVE) values ('KERBEROS_KEYTAB_FILE','Kerberos Keytab File','Y','N','AUTH_LEVEL','Y','N');
Insert into METADATA_TYPE (TYPE_ID,DESCRIPTION,ACTIVE,SYNC_MANAGED_SYS,GROUPING,IS_BINARY,IS_SENSITIVE) values ('MANAGER','MANAGER','Y','Y','JOB_CODE','N','Y');
Insert into METADATA_TYPE (TYPE_ID,DESCRIPTION,ACTIVE,SYNC_MANAGED_SYS,GROUPING,IS_BINARY,IS_SENSITIVE) values ('SALES REP','SALES REP','Y','Y','JOB_CODE','N','Y');
Insert into METADATA_TYPE (TYPE_ID,DESCRIPTION,ACTIVE,SYNC_MANAGED_SYS,GROUPING,IS_BINARY,IS_SENSITIVE) values ('SECURITY MANAGER','SECURITY MANAGER','Y','Y','JOB_CODE','N','Y');
Insert into METADATA_TYPE (TYPE_ID,DESCRIPTION,ACTIVE,SYNC_MANAGED_SYS,GROUPING,IS_BINARY,IS_SENSITIVE) values ('SERVICE REP','SERVICE REP','Y','Y','JOB_CODE','N','Y');
Insert into METADATA_TYPE (TYPE_ID,DESCRIPTION,ACTIVE,SYNC_MANAGED_SYS,GROUPING,IS_BINARY,IS_SENSITIVE) values ('ACCNT','Account','Y','Y','OBJECT_TYPE','N','Y');
Insert into METADATA_TYPE (TYPE_ID,DESCRIPTION,ACTIVE,SYNC_MANAGED_SYS,GROUPING,IS_BINARY,IS_SENSITIVE) values ('ADMGP','Admin Group','Y','Y','OBJECT_TYPE','N','Y');
Insert into METADATA_TYPE (TYPE_ID,DESCRIPTION,ACTIVE,SYNC_MANAGED_SYS,GROUPING,IS_BINARY,IS_SENSITIVE) values ('ADMIN','Administrator','Y','Y','OBJECT_TYPE','N','Y');
Insert into METADATA_TYPE (TYPE_ID,DESCRIPTION,ACTIVE,SYNC_MANAGED_SYS,GROUPING,IS_BINARY,IS_SENSITIVE) values ('ATTR','Attribute','Y','Y','OBJECT_TYPE','N','Y');
Insert into METADATA_TYPE (TYPE_ID,DESCRIPTION,ACTIVE,SYNC_MANAGED_SYS,GROUPING,IS_BINARY,IS_SENSITIVE) values ('BL','DISABLE','Y','Y','OPERATION','N','Y');
Insert into METADATA_TYPE (TYPE_ID,DESCRIPTION,ACTIVE,SYNC_MANAGED_SYS,GROUPING,IS_BINARY,IS_SENSITIVE) values ('DL','DELETE','Y','Y','OPERATION','N','Y');
Insert into METADATA_TYPE (TYPE_ID,DESCRIPTION,ACTIVE,SYNC_MANAGED_SYS,GROUPING,IS_BINARY,IS_SENSITIVE) values ('RJ','REJECT','Y','Y','OPERATION','N','Y');
Insert into METADATA_TYPE (TYPE_ID,DESCRIPTION,ACTIVE,SYNC_MANAGED_SYS,GROUPING,IS_BINARY,IS_SENSITIVE) values ('UB','UN-DISABLE','Y','Y','OPERATION','N','Y');
Insert into METADATA_TYPE (TYPE_ID,DESCRIPTION,ACTIVE,SYNC_MANAGED_SYS,GROUPING,IS_BINARY,IS_SENSITIVE) values ('OFF-LINE','OFF-LINE','Y','Y','SERVICE_STATUS','N','Y');
Insert into METADATA_TYPE (TYPE_ID,DESCRIPTION,ACTIVE,SYNC_MANAGED_SYS,GROUPING,IS_BINARY,IS_SENSITIVE) values ('READY','READY','Y','Y','SERVICE_STATUS','N','Y');
Insert into METADATA_TYPE (TYPE_ID,DESCRIPTION,ACTIVE,SYNC_MANAGED_SYS,GROUPING,IS_BINARY,IS_SENSITIVE) values ('ACTIVE','ACTIVE','Y','Y','USER','N','Y');
Insert into METADATA_TYPE (TYPE_ID,DESCRIPTION,ACTIVE,SYNC_MANAGED_SYS,GROUPING,IS_BINARY,IS_SENSITIVE) values ('APPROVAL_DECLINED','APPROVAL_DECLINED','Y','Y','USER','N','Y');
Insert into METADATA_TYPE (TYPE_ID,DESCRIPTION,ACTIVE,SYNC_MANAGED_SYS,GROUPING,IS_BINARY,IS_SENSITIVE) values ('DELETED','DELETED','Y','Y','USER','N','Y');
Insert into METADATA_TYPE (TYPE_ID,DESCRIPTION,ACTIVE,SYNC_MANAGED_SYS,GROUPING,IS_BINARY,IS_SENSITIVE) values ('INACTIVE','INACTIVE','Y','Y','USER','N','Y');
Insert into METADATA_TYPE (TYPE_ID,DESCRIPTION,ACTIVE,SYNC_MANAGED_SYS,GROUPING,IS_BINARY,IS_SENSITIVE) values ('LEAVE','LEAVE','Y','Y','USER','N','Y');
Insert into METADATA_TYPE (TYPE_ID,DESCRIPTION,ACTIVE,SYNC_MANAGED_SYS,GROUPING,IS_BINARY,IS_SENSITIVE) values ('PENDING_APPROVAL','PENDING_APPROVAL','Y','Y','USER','N','Y');
Insert into METADATA_TYPE (TYPE_ID,DESCRIPTION,ACTIVE,SYNC_MANAGED_SYS,GROUPING,IS_BINARY,IS_SENSITIVE) values ('PENDING_INITIAL_LOGIN','PENDING_INITIAL_LOGIN','Y','Y','USER','N','Y');
Insert into METADATA_TYPE (TYPE_ID,DESCRIPTION,ACTIVE,SYNC_MANAGED_SYS,GROUPING,IS_BINARY,IS_SENSITIVE) values ('PENDING_START_DATE','PENDING_START_DATE','Y','Y','USER','N','Y');
Insert into METADATA_TYPE (TYPE_ID,DESCRIPTION,ACTIVE,SYNC_MANAGED_SYS,GROUPING,IS_BINARY,IS_SENSITIVE) values ('PENDING_USER_VALIDATION','PENDING_USER_VALIDATION','Y','Y','USER','N','Y');
Insert into METADATA_TYPE (TYPE_ID,DESCRIPTION,ACTIVE,SYNC_MANAGED_SYS,GROUPING,IS_BINARY,IS_SENSITIVE) values ('RETIRED','RETIRED','Y','Y','USER','N','Y');
Insert into METADATA_TYPE (TYPE_ID,DESCRIPTION,ACTIVE,SYNC_MANAGED_SYS,GROUPING,IS_BINARY,IS_SENSITIVE) values ('TERMINATED','TERMINATED','Y','Y','USER','N','Y');
Insert into METADATA_TYPE (TYPE_ID,DESCRIPTION,ACTIVE,SYNC_MANAGED_SYS,GROUPING,IS_BINARY,IS_SENSITIVE) values ('DISABLED','DISABLED','Y','Y','USER_2ND_STATUS','N','Y');
Insert into METADATA_TYPE (TYPE_ID,DESCRIPTION,ACTIVE,SYNC_MANAGED_SYS,GROUPING,IS_BINARY,IS_SENSITIVE) values ('LOCKED','LOCKED','Y','Y','USER_2ND_STATUS','N','Y');
Insert into METADATA_TYPE (TYPE_ID,DESCRIPTION,ACTIVE,SYNC_MANAGED_SYS,GROUPING,IS_BINARY,IS_SENSITIVE) values ('LOCKED_ADMIN','LOCKED_ADMIN','Y','Y','USER_2ND_STATUS','N','Y');
Insert into METADATA_TYPE (TYPE_ID,DESCRIPTION,ACTIVE,SYNC_MANAGED_SYS,GROUPING,IS_BINARY,IS_SENSITIVE) values ('AFFILIATE','AFFILIATE','Y','Y','USER_TYPE','N','Y');
Insert into METADATA_TYPE (TYPE_ID,DESCRIPTION,ACTIVE,SYNC_MANAGED_SYS,GROUPING,IS_BINARY,IS_SENSITIVE) values ('CONTRACTOR TYPE','CONTRACTOR','Y','Y','USER_TYPE','N','Y');
Insert into METADATA_TYPE (TYPE_ID,DESCRIPTION,ACTIVE,SYNC_MANAGED_SYS,GROUPING,IS_BINARY,IS_SENSITIVE) values ('PERM FULL TIME','PERMANENT FULL TIME','Y','Y','USER_TYPE','N','Y');
Insert into METADATA_TYPE (TYPE_ID,DESCRIPTION,ACTIVE,SYNC_MANAGED_SYS,GROUPING,IS_BINARY,IS_SENSITIVE) values ('PERM PART TIME','PERMANENT PART TIME','Y','Y','USER_TYPE','N','Y');
Insert into METADATA_TYPE (TYPE_ID,DESCRIPTION,ACTIVE,SYNC_MANAGED_SYS,GROUPING,IS_BINARY,IS_SENSITIVE) values ('SYS ACCOUNT','SYSTEM ACCOUNT','Y','Y','USER_TYPE','N','Y');
Insert into METADATA_TYPE (TYPE_ID,DESCRIPTION,ACTIVE,SYNC_MANAGED_SYS,GROUPING,IS_BINARY,IS_SENSITIVE) values ('VENDOR','VENDOR','Y','Y','USER_TYPE','N','Y');
Insert into METADATA_TYPE (TYPE_ID,DESCRIPTION,ACTIVE,SYNC_MANAGED_SYS,GROUPING,IS_BINARY,IS_SENSITIVE) values ('DEFAULT_USER','Default User','Y','N','USER_OBJECT_TYPE','N','N');
Insert into METADATA_TYPE (TYPE_ID,DESCRIPTION,ACTIVE,SYNC_MANAGED_SYS,GROUPING,IS_BINARY,IS_SENSITIVE) values ('INTERNAL_USER','Internal User','Y','N','USER_OBJECT_TYPE','N','N');
Insert into METADATA_TYPE (TYPE_ID,DESCRIPTION,ACTIVE,SYNC_MANAGED_SYS,GROUPING,IS_BINARY,IS_SENSITIVE) values ('PRIMARY_LOCATION','Primary Location','Y','N','ADDRESS','N','N');

Insert into MNG_SYS_OBJECT_MATCH (OBJECT_SEARCH_ID,MANAGED_SYS_ID,OBJECT_TYPE,MATCH_METHOD,BASE_DN,SEARCH_BASE_DN,SEARCH_FILTER,KEY_FIELD) values ('101','101','USER','BASE_DN',null,null,'(&(objectclass=inetOrgPerson)(?))','uid');
Insert into MNG_SYS_OBJECT_MATCH (OBJECT_SEARCH_ID,MANAGED_SYS_ID,OBJECT_TYPE,MATCH_METHOD,BASE_DN,SEARCH_BASE_DN,SEARCH_FILTER,KEY_FIELD) values ('110','110','USER','BASE_DN',null,null,'(&(objectclass=user)(?))','CN');
Insert into MNG_SYS_OBJECT_MATCH (OBJECT_SEARCH_ID,MANAGED_SYS_ID,OBJECT_TYPE,MATCH_METHOD,BASE_DN,SEARCH_BASE_DN,SEARCH_FILTER,KEY_FIELD) values ('ad_win02_mng_sys_obj_match_0_id','active_dir_win02_managed_sys_id','USER',null,'ou=idm-test,dc=ad,dc=openiamdemo,dc=info','ou=idm-test,dc=ad,dc=openiamdemo,dc=info',null,'sAMAccountName');
Insert into MNG_SYS_OBJECT_MATCH (OBJECT_SEARCH_ID,MANAGED_SYS_ID,OBJECT_TYPE,MATCH_METHOD,BASE_DN,SEARCH_BASE_DN,SEARCH_FILTER,KEY_FIELD) values ('ad_win02_mng_sys_obj_match_1_id','active_dir_win02_managed_sys_id','GROUP',null,'ou=idm-test,dc=ad,dc=openiamdemo,dc=info','ou=idm-test,dc=ad,dc=openiamdemo,dc=info',null,'sAMAccountName');

Insert into ORGANIZATION_TYPE (ORG_TYPE_ID,NAME,DESCRIPTION) values ('ORGANIZATION','Organization',null);
Insert into ORGANIZATION_TYPE (ORG_TYPE_ID,NAME,DESCRIPTION) values ('DEPARTMENT','Department',null);
Insert into ORGANIZATION_TYPE (ORG_TYPE_ID,NAME,DESCRIPTION) values ('DIVISION','Division',null);
Insert into ORGANIZATION_TYPE (ORG_TYPE_ID,NAME,DESCRIPTION) values ('SUBSIDIARY','Subsidiary',null);

Insert into ORG_TYPE_VALID_MEMBERSHIP (ORG_TYPE_ID,MEMBER_ORG_TYPE_ID) values ('DIVISION','DEPARTMENT');
Insert into ORG_TYPE_VALID_MEMBERSHIP (ORG_TYPE_ID,MEMBER_ORG_TYPE_ID) values ('ORGANIZATION','DEPARTMENT');
Insert into ORG_TYPE_VALID_MEMBERSHIP (ORG_TYPE_ID,MEMBER_ORG_TYPE_ID) values ('ORGANIZATION','DIVISION');
Insert into ORG_TYPE_VALID_MEMBERSHIP (ORG_TYPE_ID,MEMBER_ORG_TYPE_ID) values ('ORGANIZATION','SUBSIDIARY');
Insert into ORG_TYPE_VALID_MEMBERSHIP (ORG_TYPE_ID,MEMBER_ORG_TYPE_ID) values ('SUBSIDIARY','DIVISION');

INSERT INTO  POLICY  VALUES ('297ec33c3ced62d2013ced83e3640086','104','ad-userPrincipalName','User principal name',1,NULL,NULL,NULL,NULL,'provision/ad/userPrincipalName.groovy',NULL,1),('297ec33c3ced62d2013ced8547880097','104','ad-streetAddress','Street Address',1,'2013-02-18 17:36:40','3000','2013-02-18 17:39:54',NULL,'provision/ad/street.groovy',NULL,1),('297ec33c3ced62d2013ced8647c100a9','104','ad-city','City',1,'2013-02-18 17:36:40','3000','2013-02-18 17:39:54',NULL,'provision/ad/city.groovy',NULL,1),('297ec33c3ced62d2013ced87182100bc','104','ad-state','State',1,'2013-02-18 17:38:39','3000','2013-02-18 17:39:54',NULL,'provision/ad/state.groovy',NULL,1),('297ec33c3ced62d2013ced883c3e00d0','104','ad-zip','Postal code',1,'2013-02-18 17:39:54','3000','2013-02-18 17:39:54',NULL,'provision/ad/zip.groovy',NULL,1),('297ec33c3ced62d2013ced883c3f00e0','104','ad-manager','Manager',1,'2013-02-18 17:39:54','3000','2013-02-18 17:39:54',NULL,'provision/ad/manager.groovy',NULL,1),('4000','100','Default Pswd Policy','Default Password Policy',1,'2014-12-16 00:00:00','3000',NULL,NULL,NULL,NULL,1),('4001','103','Default Authn Policy','Default Authentication Policy',1,'2014-12-16 00:00:00','3000',NULL,NULL,NULL,NULL,1),('4501','104','cn','commonName',1,'2014-12-16 00:00:00','3000',NULL,NULL,'provision/cn.groovy','',1),('4502','104','mail','email address',1,'2014-12-16 00:00:00','3000',NULL,NULL,'provision/mail.groovy','',1),('4503','104','o','organization name',1,'2014-12-16 00:00:00','3000',NULL,NULL,'provision/o.groovy','',1),('4504','104','ou','organizationalUnitName',1,'2014-12-16 00:00:00','3000',NULL,NULL,'provision/ou.groovy','',1),('4505','104','postalCode','commonName',1,'2014-12-16 00:00:00','3000',NULL,NULL,'provision/postalCode.groovy','',1),('4506','104','sn','surname',1,'2014-12-16 00:00:00','3000',NULL,NULL,'provision/sn.groovy','',1),('4507','104','st','stateOrProvinceName',1,'2014-12-16 00:00:00','3000',NULL,NULL,'provision/st.groovy','',1),('4508','104','street','streetAddress',1,'2014-12-16 00:00:00','3000',NULL,NULL,'provision/street.groovy','',1),('4509','104','userPassword','password',1,'2014-12-16 00:00:00','3000',NULL,NULL,'provision/userPassword.groovy','',1),('4510','104','postalAddress','postalAddress',1,'2014-12-16 00:00:00','3000',NULL,NULL,'provision/postalAddress.groovy','',1),('4511','104','telephoneNumber','Primary Telephone',1,'2014-12-16 00:00:00','3000',NULL,NULL,'provision/telephone.groovy','',1),('4512','104','facsimileTelephoneNumber','Fax',1,'2014-12-16 00:00:00','3000',NULL,NULL,'provision/fax.groovy','',1),('4513','104','mobile','mobileTelephoneNumber',1,'2014-12-16 00:00:00','3000',NULL,NULL,'provision/mobile.groovy','',1),('4514','104','gn','givenName',1,'2014-12-16 00:00:00','3000',NULL,NULL,'provision/gn.groovy','',1),('4515','104','uid','User Id',1,'2014-12-16 00:00:00','3000',NULL,NULL,'provision/uid.groovy','',1),('4516','104','departmentCD','Department Code',1,'2014-12-16 00:00:00','3000',NULL,NULL,'provision/deptcd.groovy','',1),('4517','104','displayName','Display Name',1,'2014-12-16 00:00:00','3000',NULL,NULL,'provision/displayName.groovy','',1),('4518','104','employeeType','Employee Type',1,'2014-12-16 00:00:00','3000',NULL,NULL,'provision/employeeType.groovy','',1),('4519','104','initials','Intials',1,'2014-12-16 00:00:00','3000',NULL,NULL,'provision/initials.groovy','',1),('4521','104','objectclass','Department Number',1,'2014-12-16 00:00:00','3000',NULL,NULL,'provision/objectclass.groovy','',1),('4522','104','title','Title',1,'2014-12-16 00:00:00','3000',NULL,NULL,'provision/title.groovy','',1),('4540','104','userDefineEmail','email address',1,'2014-12-16 00:00:00','3000',NULL,NULL,'provision/emailUserDefined.groovy','',1),('4541','104','dob','Date of Birth',1,'2014-12-16 00:00:00','3000',NULL,NULL,'provision/dob.groovy','',1),('4542','104','middleInit','Middle Initial',1,'2014-12-16 00:00:00','3000',NULL,NULL,'provision/middleInit.groovy','',1),('4543','104','employeeId','Employee ID',1,'2014-12-16 00:00:00','3000',NULL,NULL,'provision/employeeId.groovy','',1),('4544','104','userDefinedPassword','Password By User',1,'2014-12-16 00:00:00','3000',NULL,NULL,'provision/userDefPassword.groovy','',1),('4545','104','userRole','Role Membership',1,'2014-12-16 00:00:00','3000',NULL,NULL,'provision/userRole.groovy','',1),('4546','104','userGroup','Group Membership',1,'2014-12-16 00:00:00','3000',NULL,NULL,'provision/userGroup.groovy','',1),('4547','104','isEnabled','Is the User Enabled',1,'2014-12-16 00:00:00','3000',NULL,NULL,'provision/ad/isEnabled.groovy','',1),('4548','104','GUID','GUID',1,'2014-12-16 00:00:00','3000',NULL,NULL,'provision/guid.groovy','',1),('4562','104','principal','PRIMARY_PRINICPAL',1,NULL,NULL,NULL,NULL,'provision/primary_principal.groovy',NULL,1),('4563','104','password','PRIMARY_PASSWORD',1,NULL,NULL,NULL,NULL,'provision/primary_pswd.groovy',NULL,1),('4564','104','emailAddress','PRIMARY_EMAIL',1,NULL,NULL,NULL,NULL,'provision/primary_email.groovy',NULL,1),('4600','104','userName','Google User Name',1,'2014-12-16 00:00:00','3000',NULL,NULL,'provision/gapps/gappsUid.groovy','',1),('4601','104','firstName','Google Fist Name',1,'2014-12-16 00:00:00','3000',NULL,NULL,'provision/gapps/gappsFirstName.groovy','',1),('4602','104','lastName','Google Last Name',1,'2014-12-16 00:00:00','3000',NULL,NULL,'provision/gapps/gappsLastName.groovy','',1),('4603','104','password','Google Password',1,'2014-12-16 00:00:00','3000',NULL,NULL,'provision/gapps/gappsPassword.groovy','',1),('4630','104','ad-sAMAccountName','sAMAccountName',1,NULL,'3000',NULL,NULL,'provision/ad/sAMAccountName.groovy','',1),('4631','104','ad-givenName','givenName',1,NULL,'3000',NULL,NULL,'provision/gn.groovy','',1),('4632','104','ad-CN','CN',1,NULL,'3000',NULL,NULL,'provision/ad/adCN.groovy','',1),('4633','104','ad-ou','ou',1,NULL,'3000',NULL,NULL,'provision/ad/ou.groovy','',1),('4634','104','ad-objectclass','objectclass',1,NULL,'3000',NULL,NULL,'provision/ad/objectclass.groovy','',1),('4635','104','ad-profilePath','profilePath',1,NULL,'3000',NULL,NULL,'provision/ad/profilePath.groovy','',1),('4636','104','ad-homeDirectory','homeDirectory',1,NULL,'3000',NULL,NULL,'provision/ad/homeDirectory.groovy','',1),('4637','104','ad-homeDrive','homeDrive',1,NULL,'3000',NULL,NULL,'provision/ad/homeDrive.groovy','',1),('4639','104','ad-scriptPath','scriptPath',1,NULL,'3000',NULL,NULL,'provision/ad/scriptPath.groovy','',1),('4640','104','ad-company','company',1,NULL,'3000',NULL,NULL,'provision/ad/company.groovy','',1),('4642','104','ad-initials','initials',1,NULL,'3000',NULL,NULL,'provision/ad/initials.groovy','',1),('4643','104','ad-department','department',1,NULL,'3000',NULL,NULL,'provision/ad/department.groovy','',1),('4644','104','ad-telephoneNumber','telephoneNumber',1,NULL,'3000',NULL,NULL,'provision/ad/telephoneNumber.groovy','',1),('4645','104','ad-title','title',1,NULL,'3000',NULL,NULL,'provision/ad/title.groovy','',1),('4646','104','ad-unicodePwd','unicodePwd',1,NULL,'3000',NULL,NULL,'provision/ad/unicodePwd.groovy','',1),('4650','104','ad-userAccountControl','userAccountControl',1,NULL,'3000',NULL,NULL,'provision/ad/userAccountControl.groovy','',1),('4651','104','ad-userPrincipalName','userPrincipalName',1,NULL,'3000',NULL,NULL,'provision/ad/userPrincipalName.groovy','',1),('4652','104','ad-userGroup','Group Membership',1,'2014-12-16 00:00:00','3000',NULL,NULL,'provision/ad/userGroup.groovy','',1),('4653','104','ad-streetAddress','Street Address',1,'2014-12-16 00:00:00','3000',NULL,NULL,'provision/ad/street.groovy','',1),('4654','104','ad-city','City',1,'2014-12-16 00:00:00','3000',NULL,NULL,'provision/ad/city.groovy','',1),('4655','104','ad-state','State',1,'2014-12-16 00:00:00','3000',NULL,NULL,'provision/ad/state.groovy','',1),('4656','104','ad-zip','Zip',1,'2014-12-16 00:00:00','3000',NULL,NULL,'provision/ad/zip.groovy','',1),('4657','104','sf-profile-grp','Sales Force Profile Group',1,'2014-12-16 00:00:00','3000',NULL,NULL,'salesforce/salesforce-profile-group.groovy','',1),('4658','104','linuxGroups','Default Linux Groups provision rule',1,'2014-12-16 19:19:51','3000',NULL,NULL,'provision/linuxGroups.groovy','',1),('4659','104','googleGroups','GoogleApps groups Policy',1,'2014-12-16 19:19:59','3000',NULL,NULL,'provision/googleGroups.groovy','',1),('4660','104','userCreateDate','userCreateDate',1,'2014-12-16 19:20:10','3000',NULL,NULL,'provision/userCreateDate.groovy','',1),('4661','104','userCreateDate','userCreateDate',1,'2014-12-16 19:20:10','3000',NULL,NULL,'provision/ext_phone.groovy','',1),('4662','104','userCreateDate','userCreateDate',1,'2014-12-16 19:20:11','3000',NULL,NULL,'provision/nmb_phone.groovy','',1),('4663','104','appTableGroups','Groups for AppTable connector',1,'2014-12-16 19:20:11','3000',NULL,NULL,'provision/appTableGroup.groovy','',1),('5000','104','ps-role','role',1,'2014-12-16 19:20:19','3000',NULL,NULL,'provision/ps/role.groovy','',1),('5001','104','ps-displayName','displayName',1,'2014-12-16 19:20:19','3000',NULL,NULL,'provision/ps/displayName.groovy','',1),('5002','104','ps-employeeId','employeeId',1,'2014-12-16 19:20:19','3000',NULL,NULL,'provision/ps/employeeId.groovy','',1),('8a70a63f3f5841b5013f585def970003','104','ad-sAMAccountName-NP','ad-sAMAccountName-NoPrincipal',1,NULL,NULL,NULL,NULL,'provision/ad/win02/sAMAccountName-NP.groovy',NULL,NULL),('8a70a63f3f5841b5013f586a9743001d','104','ad-status','Status',1,NULL,NULL,NULL,NULL,'provision/ad/adStatus.groovy',NULL,NULL);

INSERT INTO  POLICY_ATTRIBUTE  VALUES ('4000','116','4000',NULL,NULL,NULL,'N'),('4004','117','4000','',NULL,NULL,'N'),('4007','114','4000',NULL,NULL,NULL,'N'),('4008','113','4000','1',NULL,NULL,'Y'),('4010','122','4000',NULL,NULL,NULL,'Y'),('4011','112','4000','8','12',NULL,'Y'),('4013','110','4000','6',NULL,NULL,'Y'),('4015','132','4000',NULL,'QUESTION_BANK',NULL,'N'),('4016','130','4000','3',NULL,NULL,'Y'),('4017','121','4000',NULL,NULL,NULL,'Y'),('4019','115','4000',NULL,NULL,NULL,'N'),('4020','129','4000','1','5',NULL,'N'),('4023','111','4000','90',NULL,NULL,'Y'),('4050','133','4000','1',NULL,NULL,'Y'),('4051','134','4000','true',NULL,NULL,'Y'),('4052','180','4000','',NULL,NULL,'N'),('4053','181','4000','',NULL,NULL,'Y'),('4054','182','4000',NULL,NULL,NULL,'N'),('4055','142','4000','1',NULL,NULL,'Y'),('4056','170','4000','<>',NULL,NULL,'Y'),('4057','171','4000','3',NULL,NULL,'Y'),('4101','151','4001','30',NULL,NULL,'Y'),('4102','152','4001','OPENIAM_TOKEN',NULL,NULL,'Y'),('4103','153','4001','',NULL,NULL,'Y'),('4104','154','4001','',NULL,NULL,'Y'),('4105','155','4001','',NULL,NULL,'Y'),('4107','157','4001','3',NULL,NULL,'Y'),('4108','158','4001','defaultLoginModule',NULL,NULL,'Y'),('4109','159','4001','30',NULL,NULL,'Y'),('4110','162','4001','openiam',NULL,NULL,'Y'),('4111','163','4001','1',NULL,NULL,'Y'),('4112','164','4001',NULL,NULL,NULL,'Y'),('4201','184','4000','STATIC','STATIC,RANDOM',NULL,'Y'),('4202','185','4000','false','','','Y'),('NUM_DAYS_FRGT_PWD_TOKEN_VALID','NUM_DAYS_FRGT_PWD_TOKEN_VALID','4000',NULL,NULL,NULL,'N'),('PWD_EQ_PWD','138','4000',NULL,NULL,NULL,'Y'),('RESET_BY_USER','139','4000',NULL,NULL,NULL,'Y');

Insert into POLICY_DEF (POLICY_DEF_ID,NAME,DESCRIPTION,POLICY_TYPE,LOCATION_TYPE,POLICY_RULE,POLICY_HANDLER,POLICY_ADVISE_HANDLER) values ('100','PASSWORD POLICY','Out of the box Password Policy','2','DB',null,null,null);
Insert into POLICY_DEF (POLICY_DEF_ID,NAME,DESCRIPTION,POLICY_TYPE,LOCATION_TYPE,POLICY_RULE,POLICY_HANDLER,POLICY_ADVISE_HANDLER) values ('103','AUTHENTICATION POLICY','Out of the box Authentication Policy','4','DB',null,null,null);
Insert into POLICY_DEF (POLICY_DEF_ID,NAME,DESCRIPTION,POLICY_TYPE,LOCATION_TYPE,POLICY_RULE,POLICY_HANDLER,POLICY_ADVISE_HANDLER) values ('104','ATTRIBUTE POLICY','Attribute value policies.','5','DB',null,null,null);

Insert into POLICY_DEF_PARAM (DEF_PARAM_ID,POLICY_DEF_ID,NAME,DESCRIPTION,OPERATION,VALUE1,VALUE2,REPEATS,PARAM_GROUP,HANDLER_LANGUAGE,POLICY_PARAM_HANDLER) values ('110','100','PWD_HIST_VER','Password history versions','String',null,null,0,'PSWD_COMPOSITION',null,'org.openiam.idm.srvc.pswd.rule.PasswordHistoryRule');
Insert into POLICY_DEF_PARAM (DEF_PARAM_ID,POLICY_DEF_ID,NAME,DESCRIPTION,OPERATION,VALUE1,VALUE2,REPEATS,PARAM_GROUP,HANDLER_LANGUAGE,POLICY_PARAM_HANDLER) values ('111','100','PWD_EXPIRATION','Password expiration','String',null,null,0,'PSWD_CHANGE_RULE',null,null);
Insert into POLICY_DEF_PARAM (DEF_PARAM_ID,POLICY_DEF_ID,NAME,DESCRIPTION,OPERATION,VALUE1,VALUE2,REPEATS,PARAM_GROUP,HANDLER_LANGUAGE,POLICY_PARAM_HANDLER) values ('112','100','PWD_LEN','Password length','RANGE',null,null,0,'PSWD_COMPOSITION',null,'org.openiam.idm.srvc.pswd.rule.PasswordLengthRule');
Insert into POLICY_DEF_PARAM (DEF_PARAM_ID,POLICY_DEF_ID,NAME,DESCRIPTION,OPERATION,VALUE1,VALUE2,REPEATS,PARAM_GROUP,HANDLER_LANGUAGE,POLICY_PARAM_HANDLER) values ('113','100','NUMERIC_CHARS','Numeric characters(Min-Max)','RANGE',null,null,0,'PSWD_COMPOSITION',null,'org.openiam.idm.srvc.pswd.rule.NumericCharRule');
Insert into POLICY_DEF_PARAM (DEF_PARAM_ID,POLICY_DEF_ID,NAME,DESCRIPTION,OPERATION,VALUE1,VALUE2,REPEATS,PARAM_GROUP,HANDLER_LANGUAGE,POLICY_PARAM_HANDLER) values ('114','100','UPPERCASE_CHARS','Uppercase characters(Min-Max)','RANGE',null,null,0,'PSWD_COMPOSITION',null,'org.openiam.idm.srvc.pswd.rule.UpperCaseRule');
Insert into POLICY_DEF_PARAM (DEF_PARAM_ID,POLICY_DEF_ID,NAME,DESCRIPTION,OPERATION,VALUE1,VALUE2,REPEATS,PARAM_GROUP,HANDLER_LANGUAGE,POLICY_PARAM_HANDLER) values ('115','100','LOWERCASE_CHARS','Lowercase characters(Min-Max)','RANGE',null,null,0,'PSWD_COMPOSITION',null,'org.openiam.idm.srvc.pswd.rule.LowerCaseRule');
Insert into POLICY_DEF_PARAM (DEF_PARAM_ID,POLICY_DEF_ID,NAME,DESCRIPTION,OPERATION,VALUE1,VALUE2,REPEATS,PARAM_GROUP,HANDLER_LANGUAGE,POLICY_PARAM_HANDLER) values ('116','100','NON_ALPHA_CHARS','Non-alpha numeric symbols(Min-Max)','RANGE',null,null,0,'PSWD_COMPOSITION',null,'org.openiam.idm.srvc.pswd.rule.NonAlphaNumericRule');
Insert into POLICY_DEF_PARAM (DEF_PARAM_ID,POLICY_DEF_ID,NAME,DESCRIPTION,OPERATION,VALUE1,VALUE2,REPEATS,PARAM_GROUP,HANDLER_LANGUAGE,POLICY_PARAM_HANDLER) values ('117','100','ALPHA_CHARS','Alpha character(Min-Max)','RANGE',null,null,0,'PSWD_COMPOSITION',null,'org.openiam.idm.srvc.pswd.rule.AlphaCharRule');
Insert into POLICY_DEF_PARAM (DEF_PARAM_ID,POLICY_DEF_ID,NAME,DESCRIPTION,OPERATION,VALUE1,VALUE2,REPEATS,PARAM_GROUP,HANDLER_LANGUAGE,POLICY_PARAM_HANDLER) values ('182','100','LIMIT_NUM_REPEAT_CHAR','Limit the repetition of same character','String',null,null,null,'PSWD_COMPOSITION',null,'org.openiam.idm.srvc.pswd.rule.LimitNumberRepeatCharRule');
Insert into POLICY_DEF_PARAM (DEF_PARAM_ID,POLICY_DEF_ID,NAME,DESCRIPTION,OPERATION,VALUE1,VALUE2,REPEATS,PARAM_GROUP,HANDLER_LANGUAGE,POLICY_PARAM_HANDLER) values ('121','100','PWD_LOGIN','Reject password = Login Id','boolean',null,null,0,'PSWD_COMPOSITION',null,'org.openiam.idm.srvc.pswd.rule.PasswordNotPrincipalRule');
Insert into POLICY_DEF_PARAM (DEF_PARAM_ID,POLICY_DEF_ID,NAME,DESCRIPTION,OPERATION,VALUE1,VALUE2,REPEATS,PARAM_GROUP,HANDLER_LANGUAGE,POLICY_PARAM_HANDLER) values ('122','100','PWD_NAME','Reject password = First / Last name','boolean',null,null,0,'PSWD_COMPOSITION',null,'org.openiam.idm.srvc.pswd.rule.PasswordNotNameRule');
Insert into POLICY_DEF_PARAM (DEF_PARAM_ID,POLICY_DEF_ID,NAME,DESCRIPTION,OPERATION,VALUE1,VALUE2,REPEATS,PARAM_GROUP,HANDLER_LANGUAGE,POLICY_PARAM_HANDLER) values ('NUM_DAYS_FRGT_PWD_TOKEN_VALID','100','NUM_DAYS_FORGET_PWD_TOKEN_VALID','Number of days the forgot password token is valid','String',null,null,null,'FORGET_PSWD',null,null);
Insert into POLICY_DEF_PARAM (DEF_PARAM_ID,POLICY_DEF_ID,NAME,DESCRIPTION,OPERATION,VALUE1,VALUE2,REPEATS,PARAM_GROUP,HANDLER_LANGUAGE,POLICY_PARAM_HANDLER) values ('129','100','PWD_EXP_WARN','Days to password expiration warning','RANGE','1','5',0,'PSWD_CHANGE_RULE',null,null);
Insert into POLICY_DEF_PARAM (DEF_PARAM_ID,POLICY_DEF_ID,NAME,DESCRIPTION,OPERATION,VALUE1,VALUE2,REPEATS,PARAM_GROUP,HANDLER_LANGUAGE,POLICY_PARAM_HANDLER) values ('130','100','QUEST_COUNT','Number of questions to display','String',null,null,0,'FORGET_PSWD',null,null);
Insert into POLICY_DEF_PARAM (DEF_PARAM_ID,POLICY_DEF_ID,NAME,DESCRIPTION,OPERATION,VALUE1,VALUE2,REPEATS,PARAM_GROUP,HANDLER_LANGUAGE,POLICY_PARAM_HANDLER) values ('132','100','QUEST_LIST','Question list','select',null,'QUESTION_BANK',0,'FORGET_PSWD',null,null);
Insert into POLICY_DEF_PARAM (DEF_PARAM_ID,POLICY_DEF_ID,NAME,DESCRIPTION,OPERATION,VALUE1,VALUE2,REPEATS,PARAM_GROUP,HANDLER_LANGUAGE,POLICY_PARAM_HANDLER) values ('133','100','PWD_EXP_GRACE','Password expiration grace period','String',null,null,0,'PSWD_CHANGE_RULE',null,null);
Insert into POLICY_DEF_PARAM (DEF_PARAM_ID,POLICY_DEF_ID,NAME,DESCRIPTION,OPERATION,VALUE1,VALUE2,REPEATS,PARAM_GROUP,HANDLER_LANGUAGE,POLICY_PARAM_HANDLER) values ('134','100','CHNG_PSWD_ON_RESET','Change Password after reset','boolean',null,null,0,'PSWD_CHANGE_RULE',null,null);
Insert into POLICY_DEF_PARAM (DEF_PARAM_ID,POLICY_DEF_ID,NAME,DESCRIPTION,OPERATION,VALUE1,VALUE2,REPEATS,PARAM_GROUP,HANDLER_LANGUAGE,POLICY_PARAM_HANDLER) values ('138','100','PWD_EQ_PWD','RejectPassword Equals password','boolean',null,null,0,'PSWD_COMPOSITION',null,'org.openiam.idm.srvc.pswd.rule.PasswordNotPasswordRule');
Insert into POLICY_DEF_PARAM (DEF_PARAM_ID,POLICY_DEF_ID,NAME,DESCRIPTION,OPERATION,VALUE1,VALUE2,REPEATS,PARAM_GROUP,HANDLER_LANGUAGE,POLICY_PARAM_HANDLER) values ('139','100','RESET_BY_USER','Reject reset by user','boolean',null,null,0,'PSWD_CHANGE_RULE',null,'org.openiam.idm.srvc.pswd.rule.ChangePasswordByUserRule');
Insert into POLICY_DEF_PARAM (DEF_PARAM_ID,POLICY_DEF_ID,NAME,DESCRIPTION,OPERATION,VALUE1,VALUE2,REPEATS,PARAM_GROUP,HANDLER_LANGUAGE,POLICY_PARAM_HANDLER) values ('142','100','PASSWORD_CHANGE_ALLOWED','Determines how many times you are allowed to change your password','String',null,null,0,'PSWD_CHANGE_RULE',null,'org.openiam.idm.srvc.pswd.rule.PasswordChangeAllowedRule');
Insert into POLICY_DEF_PARAM (DEF_PARAM_ID,POLICY_DEF_ID,NAME,DESCRIPTION,OPERATION,VALUE1,VALUE2,REPEATS,PARAM_GROUP,HANDLER_LANGUAGE,POLICY_PARAM_HANDLER) values ('151','103','AUTO_UNLOCK_TIME','UnLock account in n minutes',null,null,null,0,null,null,null);
Insert into POLICY_DEF_PARAM (DEF_PARAM_ID,POLICY_DEF_ID,NAME,DESCRIPTION,OPERATION,VALUE1,VALUE2,REPEATS,PARAM_GROUP,HANDLER_LANGUAGE,POLICY_PARAM_HANDLER) values ('152','103','TOKEN_TYPE','SSO Token Type',null,null,null,0,null,null,null);
Insert into POLICY_DEF_PARAM (DEF_PARAM_ID,POLICY_DEF_ID,NAME,DESCRIPTION,OPERATION,VALUE1,VALUE2,REPEATS,PARAM_GROUP,HANDLER_LANGUAGE,POLICY_PARAM_HANDLER) values ('153','103','LOGIN_MODULE_SEL_POLCY','Policy to select the login module',null,null,null,0,null,null,null);
Insert into POLICY_DEF_PARAM (DEF_PARAM_ID,POLICY_DEF_ID,NAME,DESCRIPTION,OPERATION,VALUE1,VALUE2,REPEATS,PARAM_GROUP,HANDLER_LANGUAGE,POLICY_PARAM_HANDLER) values ('154','103','SUCCESS_URL','URL to forward on authn success',null,null,null,0,null,null,null);
Insert into POLICY_DEF_PARAM (DEF_PARAM_ID,POLICY_DEF_ID,NAME,DESCRIPTION,OPERATION,VALUE1,VALUE2,REPEATS,PARAM_GROUP,HANDLER_LANGUAGE,POLICY_PARAM_HANDLER) values ('155','103','FAIL_URL','URL to forward on authn fail',null,null,null,0,null,null,null);
Insert into POLICY_DEF_PARAM (DEF_PARAM_ID,POLICY_DEF_ID,NAME,DESCRIPTION,OPERATION,VALUE1,VALUE2,REPEATS,PARAM_GROUP,HANDLER_LANGUAGE,POLICY_PARAM_HANDLER) values ('157','103','FAILED_AUTH_COUNT','Failed Authentication Attempts',null,null,null,0,null,null,null);
Insert into POLICY_DEF_PARAM (DEF_PARAM_ID,POLICY_DEF_ID,NAME,DESCRIPTION,OPERATION,VALUE1,VALUE2,REPEATS,PARAM_GROUP,HANDLER_LANGUAGE,POLICY_PARAM_HANDLER) values ('158','103','DEFAULT_LOGIN_MOD','Default Login Module',null,null,null,0,null,null,null);
Insert into POLICY_DEF_PARAM (DEF_PARAM_ID,POLICY_DEF_ID,NAME,DESCRIPTION,OPERATION,VALUE1,VALUE2,REPEATS,PARAM_GROUP,HANDLER_LANGUAGE,POLICY_PARAM_HANDLER) values ('159','103','TOKEN_LIFE','SSO Token Type Life',null,null,null,0,null,null,null);
Insert into POLICY_DEF_PARAM (DEF_PARAM_ID,POLICY_DEF_ID,NAME,DESCRIPTION,OPERATION,VALUE1,VALUE2,REPEATS,PARAM_GROUP,HANDLER_LANGUAGE,POLICY_PARAM_HANDLER) values ('162','103','TOKEN_ISSUER','Issuer of the SSO Token',null,null,null,0,null,null,null);
Insert into POLICY_DEF_PARAM (DEF_PARAM_ID,POLICY_DEF_ID,NAME,DESCRIPTION,OPERATION,VALUE1,VALUE2,REPEATS,PARAM_GROUP,HANDLER_LANGUAGE,POLICY_PARAM_HANDLER) values ('163','103','LOGIN_MOD_TYPE','Type of authentication module',null,null,null,0,null,null,null);
Insert into POLICY_DEF_PARAM (DEF_PARAM_ID,POLICY_DEF_ID,NAME,DESCRIPTION,OPERATION,VALUE1,VALUE2,REPEATS,PARAM_GROUP,HANDLER_LANGUAGE,POLICY_PARAM_HANDLER) values ('164','103','AUTH_REPOSITORY','Authentication Repository',null,null,null,0,null,null,null);
Insert into POLICY_DEF_PARAM (DEF_PARAM_ID,POLICY_DEF_ID,NAME,DESCRIPTION,OPERATION,VALUE1,VALUE2,REPEATS,PARAM_GROUP,HANDLER_LANGUAGE,POLICY_PARAM_HANDLER) values ('170','100','REJECT_CHARS_IN_PSWD','Characters not allowed in a password','String',null,null,0,'PSWD_COMPOSITION',null,'org.openiam.idm.srvc.pswd.rule.RejectCharactersRule');
Insert into POLICY_DEF_PARAM (DEF_PARAM_ID,POLICY_DEF_ID,NAME,DESCRIPTION,OPERATION,VALUE1,VALUE2,REPEATS,PARAM_GROUP,HANDLER_LANGUAGE,POLICY_PARAM_HANDLER) values ('171','100','QUEST_ANSWER_CORRECT','Number of answers that are required to be correct','String',null,null,0,'FORGET_PSWD',null,null);
Insert into POLICY_DEF_PARAM (DEF_PARAM_ID,POLICY_DEF_ID,NAME,DESCRIPTION,OPERATION,VALUE1,VALUE2,REPEATS,PARAM_GROUP,HANDLER_LANGUAGE,POLICY_PARAM_HANDLER) values ('172','103','HOST_LOGIN','Login to the host',null,null,null,0,null,null,null);
Insert into POLICY_DEF_PARAM (DEF_PARAM_ID,POLICY_DEF_ID,NAME,DESCRIPTION,OPERATION,VALUE1,VALUE2,REPEATS,PARAM_GROUP,HANDLER_LANGUAGE,POLICY_PARAM_HANDLER) values ('173','103','HOST_PASSWORD','Password to the host',null,null,null,0,null,null,null);
Insert into POLICY_DEF_PARAM (DEF_PARAM_ID,POLICY_DEF_ID,NAME,DESCRIPTION,OPERATION,VALUE1,VALUE2,REPEATS,PARAM_GROUP,HANDLER_LANGUAGE,POLICY_PARAM_HANDLER) values ('174','103','BASEDN','Type of authentication module',null,null,null,0,null,null,null);
Insert into POLICY_DEF_PARAM (DEF_PARAM_ID,POLICY_DEF_ID,NAME,DESCRIPTION,OPERATION,VALUE1,VALUE2,REPEATS,PARAM_GROUP,HANDLER_LANGUAGE,POLICY_PARAM_HANDLER) values ('175','103','PROTOCOL','Protocol',null,null,null,0,null,null,null);
Insert into POLICY_DEF_PARAM (DEF_PARAM_ID,POLICY_DEF_ID,NAME,DESCRIPTION,OPERATION,VALUE1,VALUE2,REPEATS,PARAM_GROUP,HANDLER_LANGUAGE,POLICY_PARAM_HANDLER) values ('176','103','KEY_ATTRIBUTE','Name of the Primary Key Attribute',null,null,null,0,null,null,null);
Insert into POLICY_DEF_PARAM (DEF_PARAM_ID,POLICY_DEF_ID,NAME,DESCRIPTION,OPERATION,VALUE1,VALUE2,REPEATS,PARAM_GROUP,HANDLER_LANGUAGE,POLICY_PARAM_HANDLER) values ('178','103','MANAGED_SYS_ID','Managed system Id',null,null,null,0,null,null,null);
Insert into POLICY_DEF_PARAM (DEF_PARAM_ID,POLICY_DEF_ID,NAME,DESCRIPTION,OPERATION,VALUE1,VALUE2,REPEATS,PARAM_GROUP,HANDLER_LANGUAGE,POLICY_PARAM_HANDLER) values ('179','103','HOST_URL','URL of the host system',null,null,null,0,null,null,null);
Insert into POLICY_DEF_PARAM (DEF_PARAM_ID,POLICY_DEF_ID,NAME,DESCRIPTION,OPERATION,VALUE1,VALUE2,REPEATS,PARAM_GROUP,HANDLER_LANGUAGE,POLICY_PARAM_HANDLER) values ('180','100','MIN_WORDS_PASSPHRASE','Minimum number of words in the phrase','String',null,null,null,'PSWD_COMPOSITION',null,'org.openiam.idm.srvc.pswd.rule.PassphraseMinWordsRule');
Insert into POLICY_DEF_PARAM (DEF_PARAM_ID,POLICY_DEF_ID,NAME,DESCRIPTION,OPERATION,VALUE1,VALUE2,REPEATS,PARAM_GROUP,HANDLER_LANGUAGE,POLICY_PARAM_HANDLER) values ('181','100','REPEAT_SAME_WORD_PASSPHRASE','Repetition of the same word in the phrase','boolean',null,null,null,'PSWD_COMPOSITION',null,'org.openiam.idm.srvc.pswd.rule.PassphraseRepeatWordRule');
Insert into POLICY_DEF_PARAM (DEF_PARAM_ID,POLICY_DEF_ID,NAME,DESCRIPTION,OPERATION,VALUE1,VALUE2,REPEATS,PARAM_GROUP,HANDLER_LANGUAGE,POLICY_PARAM_HANDLER) values ('184','100','INITIAL_PASSWORD','Initial Password configuration','select','STATIC','STATIC,RANDOM',0,'PSWD_COMPOSITION',null,null);
Insert into POLICY_DEF_PARAM (DEF_PARAM_ID,POLICY_DEF_ID,NAME,DESCRIPTION,OPERATION,VALUE1,VALUE2,REPEATS,PARAM_GROUP,HANDLER_LANGUAGE,POLICY_PARAM_HANDLER) values ('185','100','REJECT_WORDS_IN_PSWD','Words not allowed in a password','boolean','false',null,0,'PSWD_COMPOSITION',null,'org.openiam.idm.srvc.pswd.rule.RejectWordsRule');

Insert into POLICY_OBJECT_ASSOC (POLICY_OBJECT_ID,POLICY_ID,ASSOCIATION_LEVEL,ASSOCIATION_VALUE,OBJECT_TYPE,OBJECT_ID,PARENT_ASSOC_ID) values ('1100','4000','GLOBAL','GLOBAL',null,null,null);

Insert into PROVISION_CONNECTOR (CONNECTOR_ID,NAME,METADATA_TYPE_ID,STD_COMPLIANCE_LEVEL,CLIENT_COMM_PROTOCOL,SERVICE_URL,SERVICE_NAMESPACE,SERVICE_PORT,SERVICE_WSDL,CLASS_NAME,HOST,PORT,CONNECTOR_INTERFACE) values ('51','LDAP CONNECTOR','LDAP_Connector',null,null,'localhost:9080/openiam-esb/idmsrvc/LDAPConnectorService','http://www.openiam.org/service/connector','LDAPConnectorServicePort',null,null,null,null,null);
Insert into PROVISION_CONNECTOR (CONNECTOR_ID,NAME,METADATA_TYPE_ID,STD_COMPLIANCE_LEVEL,CLIENT_COMM_PROTOCOL,SERVICE_URL,SERVICE_NAMESPACE,SERVICE_PORT,SERVICE_WSDL,CLASS_NAME,HOST,PORT,CONNECTOR_INTERFACE) values ('54','Google Apps CONNECTOR','GOOGLE_Connector',null,null,'localhost:9080/openiam-esb/idmsrvc/GoogleAppsConnectorService','http://www.openiam.org/service/connector','GoogleAppsConnectorServicePort',null,null,null,null,null);
Insert into PROVISION_CONNECTOR (CONNECTOR_ID,NAME,METADATA_TYPE_ID,STD_COMPLIANCE_LEVEL,CLIENT_COMM_PROTOCOL,SERVICE_URL,SERVICE_NAMESPACE,SERVICE_PORT,SERVICE_WSDL,CLASS_NAME,HOST,PORT,CONNECTOR_INTERFACE) values ('63','Linux CONNECTOR','LINUX_Connector',null,null,'localhost:9080/openiam-esb/idmsrvc/LinuxConnectorService','http://www.openiam.org/service/connector','NA',null,null,null,null,null);
Insert into PROVISION_CONNECTOR (CONNECTOR_ID,NAME,METADATA_TYPE_ID,STD_COMPLIANCE_LEVEL,CLIENT_COMM_PROTOCOL,SERVICE_URL,SERVICE_NAMESPACE,SERVICE_PORT,SERVICE_WSDL,CLASS_NAME,HOST,PORT,CONNECTOR_INTERFACE) values ('64','MySQL CONNECTOR','MySQL Connector',null,null,'localhost:9080/openiam-esb/idmsrvc/MySQLConnector','http://www.openiam.org/service/connector','NA',null,null,null,null,null);
Insert into PROVISION_CONNECTOR (CONNECTOR_ID,NAME,METADATA_TYPE_ID,STD_COMPLIANCE_LEVEL,CLIENT_COMM_PROTOCOL,SERVICE_URL,SERVICE_NAMESPACE,SERVICE_PORT,SERVICE_WSDL,CLASS_NAME,HOST,PORT,CONNECTOR_INTERFACE) values ('65','Oracle CONNECTOR','DB_Connector',null,null,'localhost:9080/openiam-esb/idmsrvc/OracleConnector','http://www.openiam.org/service/connector','NA',null,null,null,null,null);
Insert into PROVISION_CONNECTOR (CONNECTOR_ID,NAME,METADATA_TYPE_ID,STD_COMPLIANCE_LEVEL,CLIENT_COMM_PROTOCOL,SERVICE_URL,SERVICE_NAMESPACE,SERVICE_PORT,SERVICE_WSDL,CLASS_NAME,HOST,PORT,CONNECTOR_INTERFACE) values ('61','AppTableConnector',null,null,'CLEAR','localhost:9080/openiam-esb/idmsrvc/ApplicationTablesConnector','http://www.openiam.org/service/connector','NA',null,null,null,null,'LOCAL');
Insert into PROVISION_CONNECTOR (CONNECTOR_ID,NAME,METADATA_TYPE_ID,STD_COMPLIANCE_LEVEL,CLIENT_COMM_PROTOCOL,SERVICE_URL,SERVICE_NAMESPACE,SERVICE_PORT,SERVICE_WSDL,CLASS_NAME,HOST,PORT,CONNECTOR_INTERFACE) values ('62','Groovy Script CONNECTOR','SCRIPT_Connector',null,'CLEAR','localhost:9080/openiam-esb/idmsrvc/ScriptConnectorService','http://www.openiam.org/service/connector','NA',null,null,null,null,null);
Insert into PROVISION_CONNECTOR (CONNECTOR_ID,NAME,METADATA_TYPE_ID,STD_COMPLIANCE_LEVEL,CLIENT_COMM_PROTOCOL,SERVICE_URL,SERVICE_NAMESPACE,SERVICE_PORT,SERVICE_WSDL,CLASS_NAME,HOST,PORT,CONNECTOR_INTERFACE) values ('100','PEOPLESOFT DB CONNECTOR',null,null,'CLEAR','localhost:9080/openiam-esb/idmsrvc/PeoplesoftDbConnector','http://www.openiam.org/service/connector','NA',null,null,null,null,'LOCAL');
Insert into PROVISION_CONNECTOR (CONNECTOR_ID,NAME,METADATA_TYPE_ID,STD_COMPLIANCE_LEVEL,CLIENT_COMM_PROTOCOL,SERVICE_URL,SERVICE_NAMESPACE,SERVICE_PORT,SERVICE_WSDL,CLASS_NAME,HOST,PORT,CONNECTOR_INTERFACE) values ('powershell_ad_rem_connector_id','AD Win02 Remote','RemoteConnector',null,'CLEAR','win02.openiamdemo.com/PowershellConnectorAD/PowershellConnector.svc','urn:idm.openiam.org/spml2/service','443',null,null,null,null,'REMOTE');

Insert into RECONCILIATION_CONFIG (RECON_CONFIG_ID,RESOURCE_ID,FREQUENCY,STATUS,CSV_LINE_SEPARATOR,CSV_END_OF_LINE,NOTIFICATION_EMAIL_ADDRESS,TARGET_SYS_MATCH_SCRIPT,CUSTOM_IDENTITY_MATCH_SCRIPT,MATCH_FIELD_NAME,CUSTOM_MATCH_ATTR,CUSTOM_MATCH_SRC_ATTR,MANAGED_SYS_ID,SEARCH_FILTER,UPDATED_SINCE,TARGET_SYS_SEARCH_FILTER,MATCH_SCRIPT,EXEC_STATUS,LAST_EXEC_TIME,RECON_CUSTOM_PROCESSOR,RECON_TYPE,NAME,PRE_PROCESSOR,POST_PROCESSOR,MANUAL_RECONCILIATION_FLAG) values ('110usertype','110',null,'ACTIVE','comma','enter',null,'recon/LDAPSearchQuery.groovy',null,'PRINCIPAL','sAMAccountName',null,'110','{"employeeId": "notexists"}',null,'(&(objectClass=user)(cn=*))','recon/UserSearchScript.groovy',null,null,null,'USER',null,null,null,'N');
Insert into RECONCILIATION_CONFIG (RECON_CONFIG_ID,RESOURCE_ID,FREQUENCY,STATUS,CSV_LINE_SEPARATOR,CSV_END_OF_LINE,NOTIFICATION_EMAIL_ADDRESS,TARGET_SYS_MATCH_SCRIPT,CUSTOM_IDENTITY_MATCH_SCRIPT,MATCH_FIELD_NAME,CUSTOM_MATCH_ATTR,CUSTOM_MATCH_SRC_ATTR,MANAGED_SYS_ID,SEARCH_FILTER,UPDATED_SINCE,TARGET_SYS_SEARCH_FILTER,MATCH_SCRIPT,EXEC_STATUS,LAST_EXEC_TIME,RECON_CUSTOM_PROCESSOR,RECON_TYPE,NAME,PRE_PROCESSOR,POST_PROCESSOR,MANUAL_RECONCILIATION_FLAG) values ('1011','101',null,'ACTIVE','comma','enter',null,'recon/LDAPSearchQuery.groovy',null,'PRINCIPAL','uid',null,'101','{"employeeId":"not_found"}',null,'(&(objectclass=inetOrgPerson)(uid=*))','recon/UserSearchScript.groovy',null,null,null,'USER',null,null,null,'N');
Insert into RECONCILIATION_CONFIG (RECON_CONFIG_ID,RESOURCE_ID,FREQUENCY,STATUS,CSV_LINE_SEPARATOR,CSV_END_OF_LINE,NOTIFICATION_EMAIL_ADDRESS,TARGET_SYS_MATCH_SCRIPT,CUSTOM_IDENTITY_MATCH_SCRIPT,MATCH_FIELD_NAME,CUSTOM_MATCH_ATTR,CUSTOM_MATCH_SRC_ATTR,MANAGED_SYS_ID,SEARCH_FILTER,UPDATED_SINCE,TARGET_SYS_SEARCH_FILTER,MATCH_SCRIPT,EXEC_STATUS,LAST_EXEC_TIME,RECON_CUSTOM_PROCESSOR,RECON_TYPE,NAME,PRE_PROCESSOR,POST_PROCESSOR,MANUAL_RECONCILIATION_FLAG) values ('297e25c047cf76fc0147cfb2874c0002','active_dir_win02_mng_sys_res_id',null,'ACTIVE','comma','enter',null,null,null,'PRINCIPAL','cn',null,'active_dir_win02_managed_sys_id',null,null,'(objectClass=group)','recon/GroupSearchScript.groovy',null,null,'recon/GroupProcessor.groovy','GROUP',null,null,null,'N');
Insert into RECONCILIATION_CONFIG (RECON_CONFIG_ID,RESOURCE_ID,FREQUENCY,STATUS,CSV_LINE_SEPARATOR,CSV_END_OF_LINE,NOTIFICATION_EMAIL_ADDRESS,TARGET_SYS_MATCH_SCRIPT,CUSTOM_IDENTITY_MATCH_SCRIPT,MATCH_FIELD_NAME,CUSTOM_MATCH_ATTR,CUSTOM_MATCH_SRC_ATTR,MANAGED_SYS_ID,SEARCH_FILTER,UPDATED_SINCE,TARGET_SYS_SEARCH_FILTER,MATCH_SCRIPT,EXEC_STATUS,LAST_EXEC_TIME,RECON_CUSTOM_PROCESSOR,RECON_TYPE,NAME,PRE_PROCESSOR,POST_PROCESSOR,MANUAL_RECONCILIATION_FLAG) values ('0000000043567beb014358f5c604028f','active_dir_win02_mng_sys_res_id',null,'ACTIVE','comma','enter',null,'recon/PowershellADSearchQuery.groovy',null,'PRINCIPAL','SamAccountName',null,'active_dir_win02_managed_sys_id','{"employeeId": "notexists"}',null,'(&(objectCategory=person)(objectClass=user)(SamAccountName=*))','recon/UserSearchScript.groovy',null,null,null,'USER',null,null,null,'N');
Insert into RECONCILIATION_CONFIG (RECON_CONFIG_ID,RESOURCE_ID,FREQUENCY,STATUS,CSV_LINE_SEPARATOR,CSV_END_OF_LINE,NOTIFICATION_EMAIL_ADDRESS,TARGET_SYS_MATCH_SCRIPT,CUSTOM_IDENTITY_MATCH_SCRIPT,MATCH_FIELD_NAME,CUSTOM_MATCH_ATTR,CUSTOM_MATCH_SRC_ATTR,MANAGED_SYS_ID,SEARCH_FILTER,UPDATED_SINCE,TARGET_SYS_SEARCH_FILTER,MATCH_SCRIPT,EXEC_STATUS,LAST_EXEC_TIME,RECON_CUSTOM_PROCESSOR,RECON_TYPE,NAME,PRE_PROCESSOR,POST_PROCESSOR,MANUAL_RECONCILIATION_FLAG) values ('110grouptype','110',null,'ACTIVE','comma','enter',null,'recon/LDAPSearchQuery.groovy',null,'PRINCIPAL','cn',null,'110',null,null,'(objectClass=group)','recon/GroupSearchScript.groovy',null,null,'recon/GroupProcessor.groovy','GROUP',null,null,null,'N');

Insert into RECONCILIATION_SITUATION (RECON_SITUATION_ID,RECON_CONFIG_ID,SITUATION,SITUATION_RESP,SCRIPT,CUSTOM_COMMAND_SCRIPT) values ('110grouptype0004','110grouptype','IDM[exists] and Resource[not exists]','DELETE_FROM_IDM','recon/ADPopulationScript.groovy',null);
Insert into RECONCILIATION_SITUATION (RECON_SITUATION_ID,RECON_CONFIG_ID,SITUATION,SITUATION_RESP,SCRIPT,CUSTOM_COMMAND_SCRIPT) values ('110grouptype0005','110grouptype','IDM[not exists] and Resource[exists]','ADD_TO_IDM','recon/ADPopulationScript.groovy',null);
Insert into RECONCILIATION_SITUATION (RECON_SITUATION_ID,RECON_CONFIG_ID,SITUATION,SITUATION_RESP,SCRIPT,CUSTOM_COMMAND_SCRIPT) values ('110grouptype0006','110grouptype','IDM[exists] and Resource[exists]','UPDATE_IDM_FROM_RES','recon/ADPopulationScript.groovy',null);
Insert into RECONCILIATION_SITUATION (RECON_SITUATION_ID,RECON_CONFIG_ID,SITUATION,SITUATION_RESP,SCRIPT,CUSTOM_COMMAND_SCRIPT) values ('110usertype290','110usertype','IDM[deleted] and Resource[exists]','ADD_TO_IDM','recon/ADPopulationScript.groovy',null);
Insert into RECONCILIATION_SITUATION (RECON_SITUATION_ID,RECON_CONFIG_ID,SITUATION,SITUATION_RESP,SCRIPT,CUSTOM_COMMAND_SCRIPT) values ('110usertype291','110usertype','IDM[exists] and Resource[not exists]','DELETE_FROM_IDM','recon/ADPopulationScript.groovy',null);
Insert into RECONCILIATION_SITUATION (RECON_SITUATION_ID,RECON_CONFIG_ID,SITUATION,SITUATION_RESP,SCRIPT,CUSTOM_COMMAND_SCRIPT) values ('10111','1011','IDM[exists] and Resource[not exists]','DELETE_FROM_IDM','recon/LDAPPopulationScript.groovy',null);
Insert into RECONCILIATION_SITUATION (RECON_SITUATION_ID,RECON_CONFIG_ID,SITUATION,SITUATION_RESP,SCRIPT,CUSTOM_COMMAND_SCRIPT) values ('10112','1011','IDM[not exists] and Resource[exists]','ADD_TO_IDM','recon/LDAPPopulationScript.groovy',null);
Insert into RECONCILIATION_SITUATION (RECON_SITUATION_ID,RECON_CONFIG_ID,SITUATION,SITUATION_RESP,SCRIPT,CUSTOM_COMMAND_SCRIPT) values ('10113','1011','IDM[deleted] and Resource[exists]','NOTHING','recon/LDAPPopulationScript.groovy',null);
Insert into RECONCILIATION_SITUATION (RECON_SITUATION_ID,RECON_CONFIG_ID,SITUATION,SITUATION_RESP,SCRIPT,CUSTOM_COMMAND_SCRIPT) values ('10114','1011','IDM[exists] and Resource[exists]','UPDATE_IDM_FROM_RES','recon/LDAPPopulationScript.groovy',null);
Insert into RECONCILIATION_SITUATION (RECON_SITUATION_ID,RECON_CONFIG_ID,SITUATION,SITUATION_RESP,SCRIPT,CUSTOM_COMMAND_SCRIPT) values ('297e25c047cf76fc0147cfb2874f0003','297e25c047cf76fc0147cfb2874c0002','IDM[deleted] and Resource[exists]','NOTHING',null,null);
Insert into RECONCILIATION_SITUATION (RECON_SITUATION_ID,RECON_CONFIG_ID,SITUATION,SITUATION_RESP,SCRIPT,CUSTOM_COMMAND_SCRIPT) values ('297e25c047cf76fc0147cfb287510004','297e25c047cf76fc0147cfb2874c0002','IDM[exists] and Resource[exists]','NOTHING',null,null);
Insert into RECONCILIATION_SITUATION (RECON_SITUATION_ID,RECON_CONFIG_ID,SITUATION,SITUATION_RESP,SCRIPT,CUSTOM_COMMAND_SCRIPT) values ('297e25c047cf76fc0147cfb287510005','297e25c047cf76fc0147cfb2874c0002','IDM[not exists] and Resource[exists]','ADD_TO_IDM',null,null);
Insert into RECONCILIATION_SITUATION (RECON_SITUATION_ID,RECON_CONFIG_ID,SITUATION,SITUATION_RESP,SCRIPT,CUSTOM_COMMAND_SCRIPT) values ('297e25c047cf76fc0147cfb287510006','297e25c047cf76fc0147cfb2874c0002','IDM[exists] and Resource[not exists]','ADD_TO_RES',null,null);
Insert into RECONCILIATION_SITUATION (RECON_SITUATION_ID,RECON_CONFIG_ID,SITUATION,SITUATION_RESP,SCRIPT,CUSTOM_COMMAND_SCRIPT) values ('0000000043567beb014358f5c6140290','0000000043567beb014358f5c604028f','IDM[deleted] and Resource[exists]','ADD_TO_IDM','recon/PowershellADPopulationScript.groovy',null);
Insert into RECONCILIATION_SITUATION (RECON_SITUATION_ID,RECON_CONFIG_ID,SITUATION,SITUATION_RESP,SCRIPT,CUSTOM_COMMAND_SCRIPT) values ('0000000043567beb014358f5c62c0291','0000000043567beb014358f5c604028f','IDM[exists] and Resource[not exists]','DELETE_FROM_IDM','recon/PowershellADPopulationScript.groovy',null);
Insert into RECONCILIATION_SITUATION (RECON_SITUATION_ID,RECON_CONFIG_ID,SITUATION,SITUATION_RESP,SCRIPT,CUSTOM_COMMAND_SCRIPT) values ('0000000043567beb014358f5c6360292','0000000043567beb014358f5c604028f','IDM[not exists] and Resource[exists]','ADD_TO_IDM','recon/PowershellADPopulationScript.groovy',null);
Insert into RECONCILIATION_SITUATION (RECON_SITUATION_ID,RECON_CONFIG_ID,SITUATION,SITUATION_RESP,SCRIPT,CUSTOM_COMMAND_SCRIPT) values ('0000000043567beb014358f5c6d60293','0000000043567beb014358f5c604028f','IDM[exists] and Resource[exists]','UPDATE_IDM_FROM_RES','recon/PowershellADPopulationScript.groovy',null);
Insert into RECONCILIATION_SITUATION (RECON_SITUATION_ID,RECON_CONFIG_ID,SITUATION,SITUATION_RESP,SCRIPT,CUSTOM_COMMAND_SCRIPT) values ('110grouptype0003','110grouptype','IDM[deleted] and Resource[exists]','ADD_TO_IDM','recon/ADPopulationScript.groovy',null);
Insert into RECONCILIATION_SITUATION (RECON_SITUATION_ID,RECON_CONFIG_ID,SITUATION,SITUATION_RESP,SCRIPT,CUSTOM_COMMAND_SCRIPT) values ('110usertype292','110usertype','IDM[not exists] and Resource[exists]','ADD_TO_IDM','recon/ADPopulationScript.groovy',null);
Insert into RECONCILIATION_SITUATION (RECON_SITUATION_ID,RECON_CONFIG_ID,SITUATION,SITUATION_RESP,SCRIPT,CUSTOM_COMMAND_SCRIPT) values ('110usertype293','110usertype','IDM[exists] and Resource[exists]','UPDATE_IDM_FROM_RES','recon/ADPopulationScript.groovy',null);

Insert into RECON_RES_ATTR_MAP (ATTR_POLICY_ID,DEF_RECON_ATTR_MAP_ID,RECON_RES_ATTR_MAP_ID) values ('4501',null,'1');
Insert into RECON_RES_ATTR_MAP (ATTR_POLICY_ID,DEF_RECON_ATTR_MAP_ID,RECON_RES_ATTR_MAP_ID) values ('4502',null,'2');
Insert into RECON_RES_ATTR_MAP (ATTR_POLICY_ID,DEF_RECON_ATTR_MAP_ID,RECON_RES_ATTR_MAP_ID) values ('4503',null,'3');
Insert into RECON_RES_ATTR_MAP (ATTR_POLICY_ID,DEF_RECON_ATTR_MAP_ID,RECON_RES_ATTR_MAP_ID) values ('4504',null,'4');
Insert into RECON_RES_ATTR_MAP (ATTR_POLICY_ID,DEF_RECON_ATTR_MAP_ID,RECON_RES_ATTR_MAP_ID) values ('4505',null,'5');
Insert into RECON_RES_ATTR_MAP (ATTR_POLICY_ID,DEF_RECON_ATTR_MAP_ID,RECON_RES_ATTR_MAP_ID) values ('4506',null,'6');
Insert into RECON_RES_ATTR_MAP (ATTR_POLICY_ID,DEF_RECON_ATTR_MAP_ID,RECON_RES_ATTR_MAP_ID) values ('4507',null,'7');
Insert into RECON_RES_ATTR_MAP (ATTR_POLICY_ID,DEF_RECON_ATTR_MAP_ID,RECON_RES_ATTR_MAP_ID) values ('4508',null,'8');
Insert into RECON_RES_ATTR_MAP (ATTR_POLICY_ID,DEF_RECON_ATTR_MAP_ID,RECON_RES_ATTR_MAP_ID) values ('4509',null,'9');
Insert into RECON_RES_ATTR_MAP (ATTR_POLICY_ID,DEF_RECON_ATTR_MAP_ID,RECON_RES_ATTR_MAP_ID) values ('4510',null,'10');
Insert into RECON_RES_ATTR_MAP (ATTR_POLICY_ID,DEF_RECON_ATTR_MAP_ID,RECON_RES_ATTR_MAP_ID) values ('4511',null,'11');
Insert into RECON_RES_ATTR_MAP (ATTR_POLICY_ID,DEF_RECON_ATTR_MAP_ID,RECON_RES_ATTR_MAP_ID) values ('4512',null,'12');
Insert into RECON_RES_ATTR_MAP (ATTR_POLICY_ID,DEF_RECON_ATTR_MAP_ID,RECON_RES_ATTR_MAP_ID) values ('4513',null,'13');
Insert into RECON_RES_ATTR_MAP (ATTR_POLICY_ID,DEF_RECON_ATTR_MAP_ID,RECON_RES_ATTR_MAP_ID) values ('4515',null,'14');
Insert into RECON_RES_ATTR_MAP (ATTR_POLICY_ID,DEF_RECON_ATTR_MAP_ID,RECON_RES_ATTR_MAP_ID) values ('4516',null,'15');
Insert into RECON_RES_ATTR_MAP (ATTR_POLICY_ID,DEF_RECON_ATTR_MAP_ID,RECON_RES_ATTR_MAP_ID) values ('4517',null,'16');
Insert into RECON_RES_ATTR_MAP (ATTR_POLICY_ID,DEF_RECON_ATTR_MAP_ID,RECON_RES_ATTR_MAP_ID) values ('4518',null,'17');
Insert into RECON_RES_ATTR_MAP (ATTR_POLICY_ID,DEF_RECON_ATTR_MAP_ID,RECON_RES_ATTR_MAP_ID) values ('4521',null,'18');
Insert into RECON_RES_ATTR_MAP (ATTR_POLICY_ID,DEF_RECON_ATTR_MAP_ID,RECON_RES_ATTR_MAP_ID) values ('4522',null,'19');
Insert into RECON_RES_ATTR_MAP (ATTR_POLICY_ID,DEF_RECON_ATTR_MAP_ID,RECON_RES_ATTR_MAP_ID) values ('4514',null,'20');
Insert into RECON_RES_ATTR_MAP (ATTR_POLICY_ID,DEF_RECON_ATTR_MAP_ID,RECON_RES_ATTR_MAP_ID) values ('4546',null,'21');
Insert into RECON_RES_ATTR_MAP (ATTR_POLICY_ID,DEF_RECON_ATTR_MAP_ID,RECON_RES_ATTR_MAP_ID) values ('4562',null,'22');
Insert into RECON_RES_ATTR_MAP (ATTR_POLICY_ID,DEF_RECON_ATTR_MAP_ID,RECON_RES_ATTR_MAP_ID) values ('4563',null,'23');
Insert into RECON_RES_ATTR_MAP (ATTR_POLICY_ID,DEF_RECON_ATTR_MAP_ID,RECON_RES_ATTR_MAP_ID) values ('4564',null,'24');
Insert into RECON_RES_ATTR_MAP (ATTR_POLICY_ID,DEF_RECON_ATTR_MAP_ID,RECON_RES_ATTR_MAP_ID) values ('5001',null,'76');
Insert into RECON_RES_ATTR_MAP (ATTR_POLICY_ID,DEF_RECON_ATTR_MAP_ID,RECON_RES_ATTR_MAP_ID) values ('4600',null,'26');
Insert into RECON_RES_ATTR_MAP (ATTR_POLICY_ID,DEF_RECON_ATTR_MAP_ID,RECON_RES_ATTR_MAP_ID) values ('4601',null,'27');
Insert into RECON_RES_ATTR_MAP (ATTR_POLICY_ID,DEF_RECON_ATTR_MAP_ID,RECON_RES_ATTR_MAP_ID) values ('4602',null,'28');
Insert into RECON_RES_ATTR_MAP (ATTR_POLICY_ID,DEF_RECON_ATTR_MAP_ID,RECON_RES_ATTR_MAP_ID) values ('4603',null,'29');
Insert into RECON_RES_ATTR_MAP (ATTR_POLICY_ID,DEF_RECON_ATTR_MAP_ID,RECON_RES_ATTR_MAP_ID) values ('4632',null,'30');
Insert into RECON_RES_ATTR_MAP (ATTR_POLICY_ID,DEF_RECON_ATTR_MAP_ID,RECON_RES_ATTR_MAP_ID) values ('4630',null,'31');
Insert into RECON_RES_ATTR_MAP (ATTR_POLICY_ID,DEF_RECON_ATTR_MAP_ID,RECON_RES_ATTR_MAP_ID) values ('4506',null,'32');
Insert into RECON_RES_ATTR_MAP (ATTR_POLICY_ID,DEF_RECON_ATTR_MAP_ID,RECON_RES_ATTR_MAP_ID) values ('4631',null,'33');
Insert into RECON_RES_ATTR_MAP (ATTR_POLICY_ID,DEF_RECON_ATTR_MAP_ID,RECON_RES_ATTR_MAP_ID) values ('4517',null,'34');
Insert into RECON_RES_ATTR_MAP (ATTR_POLICY_ID,DEF_RECON_ATTR_MAP_ID,RECON_RES_ATTR_MAP_ID) values ('4633',null,'35');
Insert into RECON_RES_ATTR_MAP (ATTR_POLICY_ID,DEF_RECON_ATTR_MAP_ID,RECON_RES_ATTR_MAP_ID) values ('4634',null,'36');
Insert into RECON_RES_ATTR_MAP (ATTR_POLICY_ID,DEF_RECON_ATTR_MAP_ID,RECON_RES_ATTR_MAP_ID) values ('4635',null,'37');
Insert into RECON_RES_ATTR_MAP (ATTR_POLICY_ID,DEF_RECON_ATTR_MAP_ID,RECON_RES_ATTR_MAP_ID) values ('4636',null,'38');
Insert into RECON_RES_ATTR_MAP (ATTR_POLICY_ID,DEF_RECON_ATTR_MAP_ID,RECON_RES_ATTR_MAP_ID) values ('4637',null,'39');
Insert into RECON_RES_ATTR_MAP (ATTR_POLICY_ID,DEF_RECON_ATTR_MAP_ID,RECON_RES_ATTR_MAP_ID) values ('4639',null,'40');
Insert into RECON_RES_ATTR_MAP (ATTR_POLICY_ID,DEF_RECON_ATTR_MAP_ID,RECON_RES_ATTR_MAP_ID) values ('4640',null,'41');
Insert into RECON_RES_ATTR_MAP (ATTR_POLICY_ID,DEF_RECON_ATTR_MAP_ID,RECON_RES_ATTR_MAP_ID) values ('4642',null,'42');
Insert into RECON_RES_ATTR_MAP (ATTR_POLICY_ID,DEF_RECON_ATTR_MAP_ID,RECON_RES_ATTR_MAP_ID) values ('4643',null,'43');
Insert into RECON_RES_ATTR_MAP (ATTR_POLICY_ID,DEF_RECON_ATTR_MAP_ID,RECON_RES_ATTR_MAP_ID) values ('4644',null,'44');
Insert into RECON_RES_ATTR_MAP (ATTR_POLICY_ID,DEF_RECON_ATTR_MAP_ID,RECON_RES_ATTR_MAP_ID) values ('4645',null,'45');
Insert into RECON_RES_ATTR_MAP (ATTR_POLICY_ID,DEF_RECON_ATTR_MAP_ID,RECON_RES_ATTR_MAP_ID) values ('4646',null,'46');
Insert into RECON_RES_ATTR_MAP (ATTR_POLICY_ID,DEF_RECON_ATTR_MAP_ID,RECON_RES_ATTR_MAP_ID) values ('4650',null,'47');
Insert into RECON_RES_ATTR_MAP (ATTR_POLICY_ID,DEF_RECON_ATTR_MAP_ID,RECON_RES_ATTR_MAP_ID) values ('4651',null,'48');
Insert into RECON_RES_ATTR_MAP (ATTR_POLICY_ID,DEF_RECON_ATTR_MAP_ID,RECON_RES_ATTR_MAP_ID) values ('4653',null,'49');
Insert into RECON_RES_ATTR_MAP (ATTR_POLICY_ID,DEF_RECON_ATTR_MAP_ID,RECON_RES_ATTR_MAP_ID) values ('4654',null,'50');
Insert into RECON_RES_ATTR_MAP (ATTR_POLICY_ID,DEF_RECON_ATTR_MAP_ID,RECON_RES_ATTR_MAP_ID) values ('4655',null,'51');
Insert into RECON_RES_ATTR_MAP (ATTR_POLICY_ID,DEF_RECON_ATTR_MAP_ID,RECON_RES_ATTR_MAP_ID) values ('4656',null,'52');
Insert into RECON_RES_ATTR_MAP (ATTR_POLICY_ID,DEF_RECON_ATTR_MAP_ID,RECON_RES_ATTR_MAP_ID) values ('4600',null,'53');
Insert into RECON_RES_ATTR_MAP (ATTR_POLICY_ID,DEF_RECON_ATTR_MAP_ID,RECON_RES_ATTR_MAP_ID) values ('4603',null,'54');
Insert into RECON_RES_ATTR_MAP (ATTR_POLICY_ID,DEF_RECON_ATTR_MAP_ID,RECON_RES_ATTR_MAP_ID) values ('4562',null,'55');
Insert into RECON_RES_ATTR_MAP (ATTR_POLICY_ID,DEF_RECON_ATTR_MAP_ID,RECON_RES_ATTR_MAP_ID) values ('4514',null,'56');
Insert into RECON_RES_ATTR_MAP (ATTR_POLICY_ID,DEF_RECON_ATTR_MAP_ID,RECON_RES_ATTR_MAP_ID) values ('4506',null,'57');
Insert into RECON_RES_ATTR_MAP (ATTR_POLICY_ID,DEF_RECON_ATTR_MAP_ID,RECON_RES_ATTR_MAP_ID) values ('4509',null,'58');
Insert into RECON_RES_ATTR_MAP (ATTR_POLICY_ID,DEF_RECON_ATTR_MAP_ID,RECON_RES_ATTR_MAP_ID) values ('4511',null,'59');
Insert into RECON_RES_ATTR_MAP (ATTR_POLICY_ID,DEF_RECON_ATTR_MAP_ID,RECON_RES_ATTR_MAP_ID) values ('4513',null,'60');
Insert into RECON_RES_ATTR_MAP (ATTR_POLICY_ID,DEF_RECON_ATTR_MAP_ID,RECON_RES_ATTR_MAP_ID) values ('4516',null,'61');
Insert into RECON_RES_ATTR_MAP (ATTR_POLICY_ID,DEF_RECON_ATTR_MAP_ID,RECON_RES_ATTR_MAP_ID) values ('4658',null,'62');
Insert into RECON_RES_ATTR_MAP (ATTR_POLICY_ID,DEF_RECON_ATTR_MAP_ID,RECON_RES_ATTR_MAP_ID) values ('5002',null,'77');
Insert into RECON_RES_ATTR_MAP (ATTR_POLICY_ID,DEF_RECON_ATTR_MAP_ID,RECON_RES_ATTR_MAP_ID) values ('4659',null,'64');
Insert into RECON_RES_ATTR_MAP (ATTR_POLICY_ID,DEF_RECON_ATTR_MAP_ID,RECON_RES_ATTR_MAP_ID) values ('4540',null,'63');
Insert into RECON_RES_ATTR_MAP (ATTR_POLICY_ID,DEF_RECON_ATTR_MAP_ID,RECON_RES_ATTR_MAP_ID) values ('4562',null,'65');
Insert into RECON_RES_ATTR_MAP (ATTR_POLICY_ID,DEF_RECON_ATTR_MAP_ID,RECON_RES_ATTR_MAP_ID) values ('4509',null,'66');
Insert into RECON_RES_ATTR_MAP (ATTR_POLICY_ID,DEF_RECON_ATTR_MAP_ID,RECON_RES_ATTR_MAP_ID) values ('4601',null,'67');
Insert into RECON_RES_ATTR_MAP (ATTR_POLICY_ID,DEF_RECON_ATTR_MAP_ID,RECON_RES_ATTR_MAP_ID) values ('4602',null,'68');
Insert into RECON_RES_ATTR_MAP (ATTR_POLICY_ID,DEF_RECON_ATTR_MAP_ID,RECON_RES_ATTR_MAP_ID) values ('4543',null,'69');
Insert into RECON_RES_ATTR_MAP (ATTR_POLICY_ID,DEF_RECON_ATTR_MAP_ID,RECON_RES_ATTR_MAP_ID) values ('4541',null,'70');
Insert into RECON_RES_ATTR_MAP (ATTR_POLICY_ID,DEF_RECON_ATTR_MAP_ID,RECON_RES_ATTR_MAP_ID) values ('4660',null,'71');
Insert into RECON_RES_ATTR_MAP (ATTR_POLICY_ID,DEF_RECON_ATTR_MAP_ID,RECON_RES_ATTR_MAP_ID) values ('4661',null,'72');
Insert into RECON_RES_ATTR_MAP (ATTR_POLICY_ID,DEF_RECON_ATTR_MAP_ID,RECON_RES_ATTR_MAP_ID) values ('4662',null,'73');
Insert into RECON_RES_ATTR_MAP (ATTR_POLICY_ID,DEF_RECON_ATTR_MAP_ID,RECON_RES_ATTR_MAP_ID) values ('4663',null,'74');
Insert into RECON_RES_ATTR_MAP (ATTR_POLICY_ID,DEF_RECON_ATTR_MAP_ID,RECON_RES_ATTR_MAP_ID) values ('5000',null,'75');
Insert into RECON_RES_ATTR_MAP (ATTR_POLICY_ID,DEF_RECON_ATTR_MAP_ID,RECON_RES_ATTR_MAP_ID) values ('4630',null,'8a70a63f3f13d3e2013f13ecc1cc0004');
Insert into RECON_RES_ATTR_MAP (ATTR_POLICY_ID,DEF_RECON_ATTR_MAP_ID,RECON_RES_ATTR_MAP_ID) values ('8a70a63f3f5841b5013f585def970003',null,'8a70a63f3f13d3e2013f13ecf5f1000a');
Insert into RECON_RES_ATTR_MAP (ATTR_POLICY_ID,DEF_RECON_ATTR_MAP_ID,RECON_RES_ATTR_MAP_ID) values ('4506',null,'8a70a63f3f1c34b4013f1eb31bf20029');
Insert into RECON_RES_ATTR_MAP (ATTR_POLICY_ID,DEF_RECON_ATTR_MAP_ID,RECON_RES_ATTR_MAP_ID) values ('4631',null,'8a70a63f3f1c34b4013f1eb432050033');
Insert into RECON_RES_ATTR_MAP (ATTR_POLICY_ID,DEF_RECON_ATTR_MAP_ID,RECON_RES_ATTR_MAP_ID) values ('4517',null,'8a70a63f3f1c34b4013f1eb4f22a003f');
Insert into RECON_RES_ATTR_MAP (ATTR_POLICY_ID,DEF_RECON_ATTR_MAP_ID,RECON_RES_ATTR_MAP_ID) values ('4636',null,'8a70a63f3f1c34b4013f1eb5a3ec004d');
Insert into RECON_RES_ATTR_MAP (ATTR_POLICY_ID,DEF_RECON_ATTR_MAP_ID,RECON_RES_ATTR_MAP_ID) values ('4633',null,'8a70a63f3f1c34b4013f1eb6ee580069');
Insert into RECON_RES_ATTR_MAP (ATTR_POLICY_ID,DEF_RECON_ATTR_MAP_ID,RECON_RES_ATTR_MAP_ID) values ('4635',null,'8a70a63f3f1c34b4013f1eb7bab7007b');
Insert into RECON_RES_ATTR_MAP (ATTR_POLICY_ID,DEF_RECON_ATTR_MAP_ID,RECON_RES_ATTR_MAP_ID) values ('4637',null,'8a70a63f3f1c34b4013f1ebd849b008f');
Insert into RECON_RES_ATTR_MAP (ATTR_POLICY_ID,DEF_RECON_ATTR_MAP_ID,RECON_RES_ATTR_MAP_ID) values ('4639',null,'8a70a63f3f1c34b4013f1ebe819500a5');
Insert into RECON_RES_ATTR_MAP (ATTR_POLICY_ID,DEF_RECON_ATTR_MAP_ID,RECON_RES_ATTR_MAP_ID) values ('4640',null,'8a70a63f3f1c34b4013f1ebed6d800bd');
Insert into RECON_RES_ATTR_MAP (ATTR_POLICY_ID,DEF_RECON_ATTR_MAP_ID,RECON_RES_ATTR_MAP_ID) values ('4642',null,'8a70a63f3f1c34b4013f1ebf471e00d7');
Insert into RECON_RES_ATTR_MAP (ATTR_POLICY_ID,DEF_RECON_ATTR_MAP_ID,RECON_RES_ATTR_MAP_ID) values ('4643',null,'8a70a63f3f1c34b4013f1ebf984500f3');
Insert into RECON_RES_ATTR_MAP (ATTR_POLICY_ID,DEF_RECON_ATTR_MAP_ID,RECON_RES_ATTR_MAP_ID) values ('4645',null,'8a70a63f3f1c34b4013f1ec1434c0111');
Insert into RECON_RES_ATTR_MAP (ATTR_POLICY_ID,DEF_RECON_ATTR_MAP_ID,RECON_RES_ATTR_MAP_ID) values ('297ec33c3ced62d2013ced83e3640086',null,'8a70a63f3f1c34b4013f1ec2f06e0131');
Insert into RECON_RES_ATTR_MAP (ATTR_POLICY_ID,DEF_RECON_ATTR_MAP_ID,RECON_RES_ATTR_MAP_ID) values ('297ec33c3ced62d2013ced8547880097',null,'8a70a63f3f1c34b4013f1ec6c7a30153');
Insert into RECON_RES_ATTR_MAP (ATTR_POLICY_ID,DEF_RECON_ATTR_MAP_ID,RECON_RES_ATTR_MAP_ID) values ('297ec33c3ced62d2013ced8647c100a9',null,'8a70a63f3f1c34b4013f1ec7fa170177');
Insert into RECON_RES_ATTR_MAP (ATTR_POLICY_ID,DEF_RECON_ATTR_MAP_ID,RECON_RES_ATTR_MAP_ID) values ('297ec33c3ced62d2013ced87182100bc',null,'8a70a63f3f1c34b4013f1ec8803d019d');
Insert into RECON_RES_ATTR_MAP (ATTR_POLICY_ID,DEF_RECON_ATTR_MAP_ID,RECON_RES_ATTR_MAP_ID) values ('297ec33c3ced62d2013ced883c3e00d0',null,'8a70a63f3f1c34b4013f1ec996a001c5');
Insert into RECON_RES_ATTR_MAP (ATTR_POLICY_ID,DEF_RECON_ATTR_MAP_ID,RECON_RES_ATTR_MAP_ID) values ('4511',null,'8a70a63f3f1c34b4013f1eca30f601ef');
Insert into RECON_RES_ATTR_MAP (ATTR_POLICY_ID,DEF_RECON_ATTR_MAP_ID,RECON_RES_ATTR_MAP_ID) values ('4501',null,'8a70a63f3f1c34b4013f1eca8122021b');
Insert into RECON_RES_ATTR_MAP (ATTR_POLICY_ID,DEF_RECON_ATTR_MAP_ID,RECON_RES_ATTR_MAP_ID) values ('4563',null,'8a70a63f3f1c34b4013f1eccbd720249');
Insert into RECON_RES_ATTR_MAP (ATTR_POLICY_ID,DEF_RECON_ATTR_MAP_ID,RECON_RES_ATTR_MAP_ID) values ('4543',null,'8a70a63f3f1c34b4013f1ecd3a280279');
Insert into RECON_RES_ATTR_MAP (ATTR_POLICY_ID,DEF_RECON_ATTR_MAP_ID,RECON_RES_ATTR_MAP_ID) values ('297ec33c3ced62d2013ced883c3f00e0',null,'8a70a63f3f1c34b4013f1ecf05ac02ab');
Insert into RECON_RES_ATTR_MAP (ATTR_POLICY_ID,DEF_RECON_ATTR_MAP_ID,RECON_RES_ATTR_MAP_ID) values ('4503',null,'8a70a63f3f1c34b4013f1ecf6bc902df');
Insert into RECON_RES_ATTR_MAP (ATTR_POLICY_ID,DEF_RECON_ATTR_MAP_ID,RECON_RES_ATTR_MAP_ID) values ('4540',null,'8a70a63f3f1c34b4013f1ed0926e0347');
Insert into RECON_RES_ATTR_MAP (ATTR_POLICY_ID,DEF_RECON_ATTR_MAP_ID,RECON_RES_ATTR_MAP_ID) values ('8a70a63f3f5841b5013f586a9743001d',null,'8a70a63f3f5841b5013f5875860a0022');

Insert into REPORT_CRITERIA_PARAMETER (RCP_ID,REPORT_INFO_ID,PARAM_NAME,PARAM_VALUE,RCPT_ID,PARAM_META_TYPE_ID,IS_MULTIPLE,IS_REQUIRED,CAPTION,DISPLAY_ORDER,REQUEST_PARAMS) values ('1011','101','ROLE',null,'1','ROLE','Y','N','Role',1,null);
Insert into REPORT_CRITERIA_PARAMETER (RCP_ID,REPORT_INFO_ID,PARAM_NAME,PARAM_VALUE,RCPT_ID,PARAM_META_TYPE_ID,IS_MULTIPLE,IS_REQUIRED,CAPTION,DISPLAY_ORDER,REQUEST_PARAMS) values ('1012','101','STATUS',null,'1','USER_STATUS','N','N','Status',2,null);
Insert into REPORT_CRITERIA_PARAMETER (RCP_ID,REPORT_INFO_ID,PARAM_NAME,PARAM_VALUE,RCPT_ID,PARAM_META_TYPE_ID,IS_MULTIPLE,IS_REQUIRED,CAPTION,DISPLAY_ORDER,REQUEST_PARAMS) values ('1013','101','SECONDARY_STATUS',null,'1','USER_SEC_STATUS','N','N','User secondary status',3,null);
Insert into REPORT_CRITERIA_PARAMETER (RCP_ID,REPORT_INFO_ID,PARAM_NAME,PARAM_VALUE,RCPT_ID,PARAM_META_TYPE_ID,IS_MULTIPLE,IS_REQUIRED,CAPTION,DISPLAY_ORDER,REQUEST_PARAMS) values ('1014','101','ORG_ID',null,'1','ORGANIZATION','Y','N','Organization',4,null);
Insert into REPORT_CRITERIA_PARAMETER (RCP_ID,REPORT_INFO_ID,PARAM_NAME,PARAM_VALUE,RCPT_ID,PARAM_META_TYPE_ID,IS_MULTIPLE,IS_REQUIRED,CAPTION,DISPLAY_ORDER,REQUEST_PARAMS) values ('1021','102','ACTION_ID',null,'1','ACTION','N','N','Audit action',1,null);
Insert into REPORT_CRITERIA_PARAMETER (RCP_ID,REPORT_INFO_ID,PARAM_NAME,PARAM_VALUE,RCPT_ID,PARAM_META_TYPE_ID,IS_MULTIPLE,IS_REQUIRED,CAPTION,DISPLAY_ORDER,REQUEST_PARAMS) values ('1022','102','ACTION_DATETIME_START',null,'2',null,'N','Y','Start date',2,null);
Insert into REPORT_CRITERIA_PARAMETER (RCP_ID,REPORT_INFO_ID,PARAM_NAME,PARAM_VALUE,RCPT_ID,PARAM_META_TYPE_ID,IS_MULTIPLE,IS_REQUIRED,CAPTION,DISPLAY_ORDER,REQUEST_PARAMS) values ('1023','102','ACTION_DATETIME_END',null,'2',null,'N','N','End date',3,null);
Insert into REPORT_CRITERIA_PARAMETER (RCP_ID,REPORT_INFO_ID,PARAM_NAME,PARAM_VALUE,RCPT_ID,PARAM_META_TYPE_ID,IS_MULTIPLE,IS_REQUIRED,CAPTION,DISPLAY_ORDER,REQUEST_PARAMS) values ('1031','103','MANAGED_SYS_ID',null,'1','MANAGED_SYSTEM','N','Y','Managed system',1,null);
Insert into REPORT_CRITERIA_PARAMETER (RCP_ID,REPORT_INFO_ID,PARAM_NAME,PARAM_VALUE,RCPT_ID,PARAM_META_TYPE_ID,IS_MULTIPLE,IS_REQUIRED,CAPTION,DISPLAY_ORDER,REQUEST_PARAMS) values ('1041','104','CONFIG_ID',null,'1',null,'N','Y','Configuration',1,null);
Insert into REPORT_CRITERIA_PARAMETER (RCP_ID,REPORT_INFO_ID,PARAM_NAME,PARAM_VALUE,RCPT_ID,PARAM_META_TYPE_ID,IS_MULTIPLE,IS_REQUIRED,CAPTION,DISPLAY_ORDER,REQUEST_PARAMS) values ('1042','104','AUDIT_LOG_ID',null,'1',null,'N','N','Audit',2,null);
Insert into REPORT_CRITERIA_PARAMETER (RCP_ID,REPORT_INFO_ID,PARAM_NAME,PARAM_VALUE,RCPT_ID,PARAM_META_TYPE_ID,IS_MULTIPLE,IS_REQUIRED,CAPTION,DISPLAY_ORDER,REQUEST_PARAMS) values ('1024','102','USER_ID',null,'1','USER','N','N','User',4,null);
Insert into REPORT_CRITERIA_PARAMETER (RCP_ID,REPORT_INFO_ID,PARAM_NAME,PARAM_VALUE,RCPT_ID,PARAM_META_TYPE_ID,IS_MULTIPLE,IS_REQUIRED,CAPTION,DISPLAY_ORDER,REQUEST_PARAMS) values ('1051','105','MANAGER_ID',null,'1','USER','N','N','MANAGER_ID',1,null);
Insert into REPORT_CRITERIA_PARAMETER (RCP_ID,REPORT_INFO_ID,PARAM_NAME,PARAM_VALUE,RCPT_ID,PARAM_META_TYPE_ID,IS_MULTIPLE,IS_REQUIRED,CAPTION,DISPLAY_ORDER,REQUEST_PARAMS) values ('1052','105','EMPLOYEE_ID',null,'1','USER','N','N','EMPLOYEE_ID',2,null);
Insert into REPORT_CRITERIA_PARAMETER (RCP_ID,REPORT_INFO_ID,PARAM_NAME,PARAM_VALUE,RCPT_ID,PARAM_META_TYPE_ID,IS_MULTIPLE,IS_REQUIRED,CAPTION,DISPLAY_ORDER,REQUEST_PARAMS) values ('1053','105','PERIOD_START',null,'2',null,'N','Y','PERIOD_START',3,null);
Insert into REPORT_CRITERIA_PARAMETER (RCP_ID,REPORT_INFO_ID,PARAM_NAME,PARAM_VALUE,RCPT_ID,PARAM_META_TYPE_ID,IS_MULTIPLE,IS_REQUIRED,CAPTION,DISPLAY_ORDER,REQUEST_PARAMS) values ('1054','105','PERIOD_END',null,'2',null,'N','N','PERIOD_END',4,null);
Insert into REPORT_CRITERIA_PARAMETER (RCP_ID,REPORT_INFO_ID,PARAM_NAME,PARAM_VALUE,RCPT_ID,PARAM_META_TYPE_ID,IS_MULTIPLE,IS_REQUIRED,CAPTION,DISPLAY_ORDER,REQUEST_PARAMS) values ('1061','106','OWNER_ID',null,'1','USER','N','N','Owner',1,null);
Insert into REPORT_CRITERIA_PARAMETER (RCP_ID,REPORT_INFO_ID,PARAM_NAME,PARAM_VALUE,RCPT_ID,PARAM_META_TYPE_ID,IS_MULTIPLE,IS_REQUIRED,CAPTION,DISPLAY_ORDER,REQUEST_PARAMS) values ('1062','106','RES_ID',null,'1','RESOURCE','N','N','Admin Resource',2,'{"resourceTypeId":"ADMIN_RESOURCE", "userId":"${OWNER_ID}"}');
Insert into REPORT_CRITERIA_PARAMETER (RCP_ID,REPORT_INFO_ID,PARAM_NAME,PARAM_VALUE,RCPT_ID,PARAM_META_TYPE_ID,IS_MULTIPLE,IS_REQUIRED,CAPTION,DISPLAY_ORDER,REQUEST_PARAMS) values ('1063','106','PERIOD_START',null,'2',null,'N','Y','Period Start',3,null);
Insert into REPORT_CRITERIA_PARAMETER (RCP_ID,REPORT_INFO_ID,PARAM_NAME,PARAM_VALUE,RCPT_ID,PARAM_META_TYPE_ID,IS_MULTIPLE,IS_REQUIRED,CAPTION,DISPLAY_ORDER,REQUEST_PARAMS) values ('1064','106','PERIOD_END',null,'2',null,'N','N','Period End',4,null);
Insert into REPORT_CRITERIA_PARAMETER (RCP_ID,REPORT_INFO_ID,PARAM_NAME,PARAM_VALUE,RCPT_ID,PARAM_META_TYPE_ID,IS_MULTIPLE,IS_REQUIRED,CAPTION,DISPLAY_ORDER,REQUEST_PARAMS) values ('1071','107','ORG_ID',null,'1','ORGANIZATION','N','N','Organization',1,null);
Insert into REPORT_CRITERIA_PARAMETER (RCP_ID,REPORT_INFO_ID,PARAM_NAME,PARAM_VALUE,RCPT_ID,PARAM_META_TYPE_ID,IS_MULTIPLE,IS_REQUIRED,CAPTION,DISPLAY_ORDER,REQUEST_PARAMS) values ('1072','107','PERIOD_START',null,'2',null,'N','Y','Period Start',2,null);
Insert into REPORT_CRITERIA_PARAMETER (RCP_ID,REPORT_INFO_ID,PARAM_NAME,PARAM_VALUE,RCPT_ID,PARAM_META_TYPE_ID,IS_MULTIPLE,IS_REQUIRED,CAPTION,DISPLAY_ORDER,REQUEST_PARAMS) values ('1073','107','PERIOD_END',null,'2',null,'N','N','Period End',3,null);
Insert into REPORT_CRITERIA_PARAMETER (RCP_ID,REPORT_INFO_ID,PARAM_NAME,PARAM_VALUE,RCPT_ID,PARAM_META_TYPE_ID,IS_MULTIPLE,IS_REQUIRED,CAPTION,DISPLAY_ORDER,REQUEST_PARAMS) values ('1081','108','ORG_ID',null,'1','ORGANIZATION','N','N','Organization',1,null);
Insert into REPORT_CRITERIA_PARAMETER (RCP_ID,REPORT_INFO_ID,PARAM_NAME,PARAM_VALUE,RCPT_ID,PARAM_META_TYPE_ID,IS_MULTIPLE,IS_REQUIRED,CAPTION,DISPLAY_ORDER,REQUEST_PARAMS) values ('1082','108','ROLE_ID',null,'1','ROLE','N','N','Role',2,null);
Insert into REPORT_CRITERIA_PARAMETER (RCP_ID,REPORT_INFO_ID,PARAM_NAME,PARAM_VALUE,RCPT_ID,PARAM_META_TYPE_ID,IS_MULTIPLE,IS_REQUIRED,CAPTION,DISPLAY_ORDER,REQUEST_PARAMS) values ('1083','108','PERIOD_START',null,'2',null,'N','Y','Period Start',3,null);
Insert into REPORT_CRITERIA_PARAMETER (RCP_ID,REPORT_INFO_ID,PARAM_NAME,PARAM_VALUE,RCPT_ID,PARAM_META_TYPE_ID,IS_MULTIPLE,IS_REQUIRED,CAPTION,DISPLAY_ORDER,REQUEST_PARAMS) values ('1084','108','PERIOD_END',null,'2',null,'N','N','Period End',4,null);
Insert into REPORT_CRITERIA_PARAMETER (RCP_ID,REPORT_INFO_ID,PARAM_NAME,PARAM_VALUE,RCPT_ID,PARAM_META_TYPE_ID,IS_MULTIPLE,IS_REQUIRED,CAPTION,DISPLAY_ORDER,REQUEST_PARAMS) values ('1085','108','RECORDS',null,'3',null,'N','N','Total records',5,null);
Insert into REPORT_CRITERIA_PARAMETER (RCP_ID,REPORT_INFO_ID,PARAM_NAME,PARAM_VALUE,RCPT_ID,PARAM_META_TYPE_ID,IS_MULTIPLE,IS_REQUIRED,CAPTION,DISPLAY_ORDER,REQUEST_PARAMS) values ('1091','109','ORG_ID',null,'1','ORGANIZATION','N','N','Organization',1,null);
Insert into REPORT_CRITERIA_PARAMETER (RCP_ID,REPORT_INFO_ID,PARAM_NAME,PARAM_VALUE,RCPT_ID,PARAM_META_TYPE_ID,IS_MULTIPLE,IS_REQUIRED,CAPTION,DISPLAY_ORDER,REQUEST_PARAMS) values ('1092','109','ROLE_ID',null,'1','ROLE','N','N','Role',2,null);
Insert into REPORT_CRITERIA_PARAMETER (RCP_ID,REPORT_INFO_ID,PARAM_NAME,PARAM_VALUE,RCPT_ID,PARAM_META_TYPE_ID,IS_MULTIPLE,IS_REQUIRED,CAPTION,DISPLAY_ORDER,REQUEST_PARAMS) values ('1093','109','RISK',null,'1','RISK','N','N','Risk',3,null);
Insert into REPORT_CRITERIA_PARAMETER (RCP_ID,REPORT_INFO_ID,PARAM_NAME,PARAM_VALUE,RCPT_ID,PARAM_META_TYPE_ID,IS_MULTIPLE,IS_REQUIRED,CAPTION,DISPLAY_ORDER,REQUEST_PARAMS) values ('1094','109','MANAGED_SYS_ID',null,'1','MANAGED_SYSTEM','N','N','Managed System',4,null);
Insert into REPORT_CRITERIA_PARAMETER (RCP_ID,REPORT_INFO_ID,PARAM_NAME,PARAM_VALUE,RCPT_ID,PARAM_META_TYPE_ID,IS_MULTIPLE,IS_REQUIRED,CAPTION,DISPLAY_ORDER,REQUEST_PARAMS) values ('1095','109','USER_ID',null,'1','USER','N','N','User',5,null);
Insert into REPORT_CRITERIA_PARAMETER (RCP_ID,REPORT_INFO_ID,PARAM_NAME,PARAM_VALUE,RCPT_ID,PARAM_META_TYPE_ID,IS_MULTIPLE,IS_REQUIRED,CAPTION,DISPLAY_ORDER,REQUEST_PARAMS) values ('1025','102','ORG_ID',null,'1','ORGANIZATION','N','N','Organization',5,null);
Insert into REPORT_CRITERIA_PARAMETER (RCP_ID,REPORT_INFO_ID,PARAM_NAME,PARAM_VALUE,RCPT_ID,PARAM_META_TYPE_ID,IS_MULTIPLE,IS_REQUIRED,CAPTION,DISPLAY_ORDER,REQUEST_PARAMS) values ('1101','110','ORG_ID',null,'1','ORGANIZATION','N','N','Organization',1,null);
Insert into REPORT_CRITERIA_PARAMETER (RCP_ID,REPORT_INFO_ID,PARAM_NAME,PARAM_VALUE,RCPT_ID,PARAM_META_TYPE_ID,IS_MULTIPLE,IS_REQUIRED,CAPTION,DISPLAY_ORDER,REQUEST_PARAMS) values ('1102','110','PERIOD_START',null,'2',null,'N','Y','Period Start',2,null);
Insert into REPORT_CRITERIA_PARAMETER (RCP_ID,REPORT_INFO_ID,PARAM_NAME,PARAM_VALUE,RCPT_ID,PARAM_META_TYPE_ID,IS_MULTIPLE,IS_REQUIRED,CAPTION,DISPLAY_ORDER,REQUEST_PARAMS) values ('1103','110','PERIOD_END',null,'2',null,'N','N','Period End',3,null);

Insert into REPORT_INFO (REPORT_INFO_ID,REPORT_NAME,DATASOURCE_FILE_PATH,REPORT_FILE_PATH,BUILT_IN,RESOURCE_ID) values ('101','USER_REPORT','UserReport.groovy','UserReport.rptdesign','Y','USER_REPORT_101');
Insert into REPORT_INFO (REPORT_INFO_ID,REPORT_NAME,DATASOURCE_FILE_PATH,REPORT_FILE_PATH,BUILT_IN,RESOURCE_ID) values ('102','AUDIT_REPORT','AuditReport.groovy','AuditReport.rptdesign','Y','AUDIT_REPORT_102');
Insert into REPORT_INFO (REPORT_INFO_ID,REPORT_NAME,DATASOURCE_FILE_PATH,REPORT_FILE_PATH,BUILT_IN,RESOURCE_ID) values ('103','RECONCILIATION_REPORT','ReconciliationReport.groovy','ReconciliationReport.rptdesign','Y','RECONCILIATION_REPORT_103');
Insert into REPORT_INFO (REPORT_INFO_ID,REPORT_NAME,DATASOURCE_FILE_PATH,REPORT_FILE_PATH,BUILT_IN,RESOURCE_ID) values ('104','SYNCHRONIZATION_REPORT','SynchronizationReport.groovy','SynchronizationReport.rptdesign','Y','SYNCHRONIZATION_REPORT_104');
Insert into REPORT_INFO (REPORT_INFO_ID,REPORT_NAME,DATASOURCE_FILE_PATH,REPORT_FILE_PATH,BUILT_IN,RESOURCE_ID) values ('105','EMPLOYEE_CERT_REPORT','EmployeeCertReport.groovy','EmployeeCertReport.rptdesign','Y','EMPLOYEE_CERT_REPORT_105');
Insert into REPORT_INFO (REPORT_INFO_ID,REPORT_NAME,DATASOURCE_FILE_PATH,REPORT_FILE_PATH,BUILT_IN,RESOURCE_ID) values ('106','RESOURCE_CERT_REPORT','ResourceCertReport.groovy','ResourceCertReport.rptdesign','Y','RESOURCE_CERT_REPORT_106');
Insert into REPORT_INFO (REPORT_INFO_ID,REPORT_NAME,DATASOURCE_FILE_PATH,REPORT_FILE_PATH,BUILT_IN,RESOURCE_ID) values ('107','TERMINATING_ACCOUNTS','TerminatingAccountsReport.groovy','TerminatingAccountsReport.rptdesign','Y','TERM_ACCOUNT_REPORT_107');
Insert into REPORT_INFO (REPORT_INFO_ID,REPORT_NAME,DATASOURCE_FILE_PATH,REPORT_FILE_PATH,BUILT_IN,RESOURCE_ID) values ('108','TOP_ACTIVE_USERS','TopActiveUsersReport.groovy','TopActiveUsersReport.rptdesign','Y','TOP_ACTIVE_USERS_REPORT_108');
Insert into REPORT_INFO (REPORT_INFO_ID,REPORT_NAME,DATASOURCE_FILE_PATH,REPORT_FILE_PATH,BUILT_IN,RESOURCE_ID) values ('109','USER_ACCESS_REPORT','UserAccessReport.groovy','UserAccessReport.rptdesign','Y','USER_ACCESS_REPORT_109');
Insert into REPORT_INFO (REPORT_INFO_ID,REPORT_NAME,DATASOURCE_FILE_PATH,REPORT_FILE_PATH,BUILT_IN,RESOURCE_ID) values ('110','PASSWORD_CHANGES_REPORT','PasswordChangesReport.groovy','PasswordChangesReport.rptdesign','Y','PASSWORD_CHANGES_REPORT_110');

Insert into REPORT_PARAMETER_METATYPE (PARAM_METATYPE_ID,PARAM_METATYPE_NAME,IS_MULTIPLE) values ('ACTION','Audit action','Y');
Insert into REPORT_PARAMETER_METATYPE (PARAM_METATYPE_ID,PARAM_METATYPE_NAME,IS_MULTIPLE) values ('GROUP','Group','Y');
Insert into REPORT_PARAMETER_METATYPE (PARAM_METATYPE_ID,PARAM_METATYPE_NAME,IS_MULTIPLE) values ('ORGANIZATION','Organization','N');
Insert into REPORT_PARAMETER_METATYPE (PARAM_METATYPE_ID,PARAM_METATYPE_NAME,IS_MULTIPLE) values ('ROLE','Role','Y');
Insert into REPORT_PARAMETER_METATYPE (PARAM_METATYPE_ID,PARAM_METATYPE_NAME,IS_MULTIPLE) values ('USER','User','Y');
Insert into REPORT_PARAMETER_METATYPE (PARAM_METATYPE_ID,PARAM_METATYPE_NAME,IS_MULTIPLE) values ('USER_STATUS','User status','Y');
Insert into REPORT_PARAMETER_METATYPE (PARAM_METATYPE_ID,PARAM_METATYPE_NAME,IS_MULTIPLE) values ('USER_SEC_STATUS','User secondary status','Y');
Insert into REPORT_PARAMETER_METATYPE (PARAM_METATYPE_ID,PARAM_METATYPE_NAME,IS_MULTIPLE) values ('SUPERVISOR','Supervisor','Y');
Insert into REPORT_PARAMETER_METATYPE (PARAM_METATYPE_ID,PARAM_METATYPE_NAME,IS_MULTIPLE) values ('MANAGED_SYSTEM','Managed system','Y');
Insert into REPORT_PARAMETER_METATYPE (PARAM_METATYPE_ID,PARAM_METATYPE_NAME,IS_MULTIPLE) values ('RESOURCE','Resource','Y');
Insert into REPORT_PARAMETER_METATYPE (PARAM_METATYPE_ID,PARAM_METATYPE_NAME,IS_MULTIPLE) values ('RISK','Risk','N');

Insert into REPORT_PARAMETER_TYPE (RCPT_ID,TYPE_NAME,TYPE_DESCRIPTION) values ('1','STRING','String');
Insert into REPORT_PARAMETER_TYPE (RCPT_ID,TYPE_NAME,TYPE_DESCRIPTION) values ('2','DATE','Date');
Insert into REPORT_PARAMETER_TYPE (RCPT_ID,TYPE_NAME,TYPE_DESCRIPTION) values ('3','INTEGER','Integer');


INSERT INTO RES VALUES ('0','MANAGED_SYS',NULL,'OPENIAM',1,NULL,NULL,'Y',NULL,NULL,NULL,'OPENIAM'),('101','MANAGED_SYS',NULL,'LDAP',2,NULL,NULL,'Y',NULL,NULL,NULL,'LDAP'),('103','MANAGED_SYS',NULL,'Google App Con',3,NULL,NULL,'Y',NULL,NULL,NULL,'Google Apps Connector'),('104','MANAGED_SYS','','Groovy Script Con',4,NULL,NULL,'Y',NULL,NULL,NULL,'Script_CONNECTOR'),('105','MANAGED_SYS',NULL,'Linux Con',5,NULL,NULL,'Y',NULL,NULL,NULL,'Linux CONNECTOR'),('106','MANAGED_SYS',NULL,'MySQL Con',6,NULL,NULL,'Y',NULL,NULL,NULL,'MySQL CONNECTOR'),('110','MANAGED_SYS',NULL,'ACTIVE DIRECTORY',3,NULL,NULL,'Y',NULL,NULL,NULL,'ACTIVE DIRECTORY'),('111','MANAGED_SYS',NULL,'Oracle Connector',4,NULL,NULL,'Y',NULL,NULL,NULL,'Oracle Connector'),('112','ADMIN_RESOURCE',NULL,'RES_ADMIN_AppTable',NULL,NULL,NULL,'Y',NULL,NULL,NULL,NULL),('113','MANAGED_SYS',NULL,'AppTableMSys',NULL,NULL,NULL,'N','112',NULL,NULL,'AppTableMSys'),('150','MANAGED_SYS',NULL,'PEOPLE_SOFT_M_SYS',NULL,NULL,NULL,'N','151',NULL,NULL,'PEOPLESOFT DB CONNECTOR'),('151','ADMIN_RESOURCE',NULL,'RES_ADMIN_PEOPLE_SOFT',NULL,NULL,NULL,'Y',NULL,NULL,NULL,NULL),('ABOUT','MENU_ITEM','About OpenIAM','ABOUT',3,'/webconsole/about.html',NULL,'N',NULL,NULL,NULL,NULL),('ABOUT_ROOT_MENU','MENU_ITEM','About OpenIAM','ABOUT_ROOT_MENU',1,NULL,NULL,'N',NULL,NULL,NULL,NULL),('ACCESSCENTER','MENU_ITEM','Access Management Center','ACCESSCENTER',1,NULL,NULL,'N',NULL,NULL,NULL,NULL),('ACC_CONTROL','MENU_ITEM','Access Control','ACC_CONTROL',2,'javascript:void(0);',NULL,'N',NULL,NULL,NULL,NULL),('active_dir_win02_mng_sys_res_id','MANAGED_SYS',NULL,'RES_AD_WIN02_REMOTE',0,NULL,NULL,'Y',NULL,NULL,NULL,NULL),('ACTIVE_USER','MENU_ITEM','Active User Button','ACTIVE_USER',7,'/webconsole/rest/api/prov/activateUser',NULL,'Y',NULL,NULL,NULL,NULL),('ADMIN','MENU_ITEM','Administration','ADMIN',6,'javascript:void(0);',NULL,'N',NULL,NULL,NULL,NULL),('ADMIN_BATCH_TASKS','MENU_ITEM','Batch Tasks','ADMIN_BATCH_TASKS',1,'/webconsole-idm/provisioning/batchTaskSearch.html',NULL,'N',NULL,NULL,NULL,NULL),('AM_PROV_AM_ATTR','MENU_ITEM','Create Authentication Provider','AM_PROV_AM_ATTR',1,'/webconsole-am/authProviderAMAttributes.html',NULL,'N',NULL,NULL,NULL,NULL),('AM_PROV_EDIT','MENU_ITEM','Authentication Provider Edit Menu','AM_PROV_EDIT',1,NULL,NULL,'N',NULL,NULL,NULL,NULL),('AM_PROV_EDIT_CURRENT','MENU_ITEM','Back to Search','AM_PROV_EDIT_CURRENT',1,'/webconsole-am/editAuthProvider.html',NULL,'N',NULL,NULL,NULL,NULL),('AM_PROV_EDIT_SEARCH','MENU_ITEM','Back to Search','AM_PROV_EDIT_SEARCH',1,'/webconsole-am/authenticationProviders.html',NULL,'N',NULL,NULL,NULL,NULL),('AM_PROV_NEW','MENU_ITEM','Create Authentication Provider','AM_PROV_NEW',1,'/webconsole-am/newAuthProvider.html',NULL,'N',NULL,NULL,NULL,NULL),('AM_PROV_NEW_EDIT','MENU_ITEM','Create Authentication Provider','AM_PROV_NEW_EDIT',1,'/webconsole-am/newAuthProvider.html',NULL,'N',NULL,NULL,NULL,NULL),('AM_PROV_ROOT','MENU_ITEM','Authentication Provider Root Menu','AM_PROV_ROOT',1,NULL,NULL,'N',NULL,NULL,NULL,NULL),('AM_PROV_SEARCH','MENU_ITEM','Search Authentication Providers','AM_PROV_SEARCH',1,'/webconsole-am/authenticationProviders.html',NULL,'N',NULL,NULL,NULL,NULL),('AM_PROV_SEARCH_CHILD','MENU_ITEM','Authentication Provider Search','AM_PROV_SEARCH_CHILD',1,'/webconsole-am/authenticationProviders.html',NULL,'N',NULL,NULL,NULL,NULL),('ASSOC_POLICY','MENU_ITEM','Associate Policy','ASSOC_POLICY',1,'/webconsole/assocPasswordPolicy.html',NULL,'N',NULL,NULL,NULL,NULL),('ATTRIBUTE_POLICY','MENU_ITEM','Attribute policy','ATTRIBUTE_POLICY',2,'/webconsole/attributePolicy.html',NULL,'N',NULL,NULL,NULL,NULL),('AUDITREPORT','MENU_ITEM','Audit Information Reports','AUDITREPORT',2,'',NULL,'N',NULL,NULL,NULL,NULL),('AUDIT_REPORT_102','REPORT',NULL,'AUDIT_REPORT_102',NULL,NULL,NULL,'Y',NULL,NULL,NULL,'AUDIT_REPORT'),('AUDIT_RPT','MENU_ITEM','Audit Report','AUDIT_RPT',1,'auditReport.cnt',NULL,'N',NULL,NULL,NULL,NULL),('AUTHENTICATION_POLICY','MENU_ITEM','Authentication policy','AUTHENTICATION_POLICY',2,'/webconsole/authenticationPolicy.html',NULL,'Y',NULL,NULL,NULL,NULL),('AUTHENTICATION_POLICY_ROOT_MENU','MENU_ITEM','Root for Authentication policy Context Menu','AUTHENTICATION_POLICY_ROOT_MENU',1,NULL,NULL,'N',NULL,NULL,NULL,NULL),('AUTH_LEVEL_GRP','MENU_ITEM','Authentication Levels','AUTH_LEVEL_GRP',1,'/webconsole-am/authLevelGroupings.html',NULL,'Y',NULL,NULL,NULL,NULL),('AUTH_LVL_GRP_ATTR','MENU_ITEM','Auth Level Grouping Attribute Root','AUTH_LVL_GRP_ATTR',1,NULL,NULL,'Y',NULL,NULL,NULL,NULL),('AUTH_LVL_GRP_EDIT_ROOT','MENU_ITEM','Auth Level Grouping Edit Root','AUTH_LVL_GRP_EDIT_ROOT',1,NULL,NULL,'Y',NULL,NULL,NULL,NULL),('AUTH_LVL_GRP_NEW_ROOT','MENU_ITEM','Auth Level Grouping Root','AUTH_LVL_GRP_NEW_ROOT',1,NULL,NULL,'Y',NULL,NULL,NULL,NULL),('BACK_TO_AUTH_LVL','MENU_ITEM','Back to Grouping','BACK_TO_AUTH_LVL',1,'/webconsole-am/editAuthLevelGrouping.html',NULL,'Y',NULL,NULL,NULL,NULL),('BACK_TO_AUTH_LVL_GRP_SRH','MENU_ITEM','Back to Search','BACK_TO_AUTH_LVL_GRP_SRH',1,'/webconsole-am/authLevelGroupings.html',NULL,'Y',NULL,NULL,NULL,NULL),('BACK_TO_CP','MENU_ITEM','Back To Content Provider','BACK_TO_CP',1,'/webconsole-am/editContentProvider.html',NULL,'N',NULL,NULL,NULL,NULL),('BATCH_PROC','MENU_ITEM','Batch Processes','BATCH_PROC',4,'batchList.cnt',NULL,'N',NULL,NULL,NULL,NULL),('BATCH_TASK_EDIT','MENU_ITEM','Batch Task Edit','BATCH_TASK_EDIT',1,NULL,NULL,'N',NULL,NULL,NULL,NULL),('BATCH_TASK_ROOT','MENU_ITEM','Batch Task Root','BATCH_TASK_ROOT',1,NULL,NULL,'N',NULL,NULL,NULL,NULL),('BULK_OPS','MENU_ITEM','User Bulk Operations Root','BULK_OPS',1,'/webconsole/bulkOperations.html',NULL,'N',NULL,NULL,NULL,NULL),('CHALLENGE','MENU_ITEM','Challenge Quest','CHALLENGE',3,'challengeQuestList.cnt',NULL,'N',NULL,NULL,NULL,NULL),('CHALLENGE_RESPONSE_QUESTION','MENU_ITEM','Challenge Response Question','CHALLENGE_RESPONSE_QUESTION',3,'/webconsole/challengeResponseQuestion.html',NULL,'N',NULL,NULL,NULL,NULL),('CHALLENGE_RESPONSE_QUESTION_NEW','MENU_ITEM','New Question','CHALLENGE_RESPONSE_QUESTION_NEW',1,'/webconsole/editChallengeResponseQuestion.html',NULL,'N',NULL,NULL,NULL,NULL),('CHALLENGE_RESPONSE_QUESTION_ROOT','MENU_ITEM','Challenge Response Question Root Menu','CHALLENGE_RESPONSE_QUESTION_ROOT',1,NULL,NULL,'N',NULL,NULL,NULL,NULL),('CHNGPSWD','MENU_ITEM','Change Password','CHNGPSWD',3,'/selfservice/redirectChallengeResponse.html',NULL,'Y',NULL,NULL,NULL,NULL),('CONF_POLICY_PAGE','MENU_ITEM','Configure IT Policy','IT_POLICY_PAGE',1,'/webconsole/configurePolicy.html',NULL,'N',NULL,NULL,NULL,NULL),('CONTENT_PROV_EDIT','MENU_ITEM','Content Provider Edit Menu','CONTENT_PROV_EDIT',1,NULL,NULL,'N',NULL,NULL,NULL,NULL),('CONTENT_PROV_EDIT_CURRENT','MENU_ITEM','Edit Current Provider','CONTENT_PROV_EDIT_CURRENT',1,'/webconsole-am/editContentProvider.html',NULL,'N',NULL,NULL,NULL,NULL),('CONTENT_PROV_EDIT_SEARCH','MENU_ITEM','Back to Search','CONTENT_PROV_EDIT_SEARCH',1,'/webconsole-am/contentProviders.html',NULL,'N',NULL,NULL,NULL,NULL),('CONTENT_PROV_NEW','MENU_ITEM','Create Content Provider','CONTENT_PROV_NEW',1,'/webconsole-am/newContentProvider.html',NULL,'N',NULL,NULL,NULL,NULL),('CONTENT_PROV_NEW_EDIT','MENU_ITEM','Create Content Provider','CONTENT_PROV_NEW_EDIT',1,'/webconsole-am/newContentProvider.html',NULL,'N',NULL,NULL,NULL,NULL),('CONTENT_PROV_ROOT','MENU_ITEM','Content Provider Root Menu','CONTENT_PROV_ROOT',1,NULL,NULL,'N',NULL,NULL,NULL,NULL),('CONTENT_PROV_SEARCH','MENU_ITEM','Search Content Providers','CONTENT_PROV_SEARCH',1,'/webconsole-am/contentProviders.html',NULL,'N',NULL,NULL,NULL,NULL),('CONTENT_PROV_SEARCH_CHILD','MENU_ITEM','Content Provider Search','CONTENT_PROV_SEARCH_CHILD',1,'/webconsole-am/contentProviders.html',NULL,'N',NULL,NULL,NULL,NULL),('CREATEREQ','MENU_ITEM','Change Access','CREATEREQ',4,'/selfservice/users.html',NULL,'N',NULL,NULL,NULL,NULL),('CREATE_RESOURCE_MENU','MENU_ITEM','Resource for Menu Creation','CREATE_RESOURCE_MENU',1,'/webconsole/editResource.html',NULL,'N',NULL,NULL,NULL,NULL),('CUSTOM_FIELD_EDIT','MENU_ITEM','Custom Field Edit Menu','CUSTOM_FIELD_EDIT',1,NULL,NULL,'N',NULL,NULL,NULL,NULL),('CUSTOM_FIELD_EDIT_NEW','MENU_ITEM','Create New Custom Field','CUSTOM_FIELD_EDIT_NEW',1,'/webconsole/newCustomField.html',NULL,'N',NULL,NULL,NULL,NULL),('CUSTOM_FIELD_EDIT_SEARCH','MENU_ITEM','Back to Search','CUSTOM_FIELD_EDIT_SEARCH',1,'/webconsole/customFields.html',NULL,'N',NULL,NULL,NULL,NULL),('CUSTOM_FIELD_NEW','MENU_ITEM','Create New Custom Field','CUSTOM_FIELD_NEW',1,'/webconsole/newCustomField.html',NULL,'N',NULL,NULL,NULL,NULL),('CUSTOM_FIELD_ROOT','MENU_ITEM','Custom Field Root Menu','CUSTOM_FIELD_ROOT',1,NULL,NULL,'N',NULL,NULL,NULL,NULL),('CUSTOM_FIELD_SEARCH','MENU_ITEM','Search Custom Fields','CUSTOM_FIELD_SEARCH',1,'/webconsole/customFields.html',NULL,'N',NULL,NULL,NULL,NULL),('CUSTOM_FIELD_SEARCH_CHILD','MENU_ITEM','Custom Field Search','CUSTOM_FIELD_SEARCH_CHILD',1,'/webconsole/customFields.html',NULL,'N',NULL,NULL,NULL,NULL),('DEACTIVATE_USER','MENU_ITEM','DeActivate User Button','DEACTIVATE_USER',3,'/webconsole/rest/api/prov/deleteUser',NULL,'Y',NULL,NULL,NULL,NULL),('DELG_FILTER','MENU_ITEM','Delegation Filter','DELG_FILTER',8,'userDelegationFilter.cnt',NULL,'N',NULL,NULL,NULL,NULL),('DIR_LOOKUP_PAGE','MENU_ITEM','Directory Lookup','DIR_LOOKUP_PAGE',5,'/selfservice/dirLookup.html',NULL,'N',NULL,NULL,NULL,NULL),('DISABLE_USER','MENU_ITEM','Disable User Button','DISABLE_USER',6,'/webconsole/rest/api/prov/disableUser',NULL,'Y',NULL,NULL,NULL,NULL),('EDIT_BATCH_TASK','MENU_ITEM','Edit Batch Task','EDIT_BATCH_TASK',1,'/webconsole-idm/provisioning/batchTask.html',NULL,'N',NULL,NULL,NULL,NULL),('EDIT_GROUP','MENU_ITEM','Edit Group','EDIT_GROUP',1,'/webconsole/editGroup.html',NULL,'N',NULL,NULL,NULL,NULL),('EDIT_ORG','MENU_ITEM','Edit Organization','EDIT_ORG',1,'/webconsole/editOrganization.html',NULL,'N',NULL,NULL,NULL,NULL),('EDIT_ORG_MEMBERSHIP','MENU_ITEM','Membership','EDIT_ORG_MEMBERSHIP',1,'/webconsole/organizationTypeMembership.html',NULL,'N',NULL,NULL,NULL,NULL),('EDIT_ORG_TYPE','MENU_ITEM','Edit Organization Type','EDIT_ORG_TYPE',1,'/webconsole/organizationTypeEdit.html',NULL,'N',NULL,NULL,NULL,NULL),('EDIT_ORG_TYPE_IDMAN','MENU_ITEM','Membership','EDIT_ORG_TYPE_IDMAN',1,'/webconsole/organizationTypeSearch.html',NULL,'N',NULL,NULL,NULL,NULL),('EDIT_POLICY_ATTR_SRCH_BCK','MENU_ITEM','Back to Search','EDIT_POLICY_ATTR_SRCH_BCK',2,'/webconsole/attributePolicy.html',NULL,'N',NULL,NULL,NULL,NULL),('EDIT_RESOURCE','MENU_ITEM','Edit Resource','EDIT_RESOURCE',1,'/webconsole/editResource.html',NULL,'N',NULL,NULL,NULL,NULL),('EDIT_ROLE','MENU_ITEM','Role Menus','EDIT_ROLE',1,'/webconsole/editRole.html',NULL,'N',NULL,NULL,NULL,NULL),('EMPLOYEE_CERT_REPORT_105','REPORT',NULL,'EMPLOYEE_CERT_REPORT_105',NULL,NULL,NULL,'Y',NULL,NULL,NULL,'EMPLOYEE_CERT_REPORT'),('ENABLE_USER','MENU_ITEM','Enable User Button','ENABLE_USER',5,'/webconsole/rest/api/prov/enableUser',NULL,'Y',NULL,NULL,NULL,NULL),('GROUP_EDIT_MENU','MENU_ITEM','Group Edit Menus','GROUP_EDIT_MENU',1,NULL,NULL,'N',NULL,NULL,NULL,NULL),('GROUP_ENTITLEMENTS','MENU_ITEM','Group Entitlements','GROUP_ENTITLEMENTS',1,'/webconsole/groupEntitlements.html',NULL,'N',NULL,NULL,NULL,NULL),('GROUP_IDENTITY','MENU_ITEM','Edit Identity Info','GROUP_IDENTITY',3,'/webconsole/editGroupIdentity.html',NULL,'Y',NULL,NULL,NULL,NULL),('GROUP_MENUS','MENU_ITEM','Group Menus','GROUP_MENUS',1,'/webconsole/groupMenuTree.html',NULL,'N',NULL,NULL,NULL,NULL),('GROUP_ROOT_MENU','MENU_ITEM','Group Menus','GROUP_ROOT_MENU',1,'/webconsole/groups.html',NULL,'N',NULL,NULL,NULL,NULL),('GROUP_SEARCH','MENU_ITEM','Group Search','GROUP_SEARCH',1,'/webconsole/groups.html',NULL,'N',NULL,NULL,NULL,NULL),('GRP_APROVER_ASSOC','MENU_ITEM','Approver Associations','GRP_APROVER_ASSOC',1,'/webconsole-idm/provisioning/groupApproverAssociations.html',NULL,'N',NULL,NULL,NULL,NULL),('IDM','MENU_ITEM','IDENTITY MANAGER','IDM',1,'javascript:void(0);',NULL,'Y',NULL,NULL,NULL,NULL),('IDMAN','MENU_ITEM','User Admin','IDMAN',1,'/webconsole/users.html',NULL,'N',NULL,NULL,NULL,NULL),('IDQUEST','MENU_ITEM','Challenge Response','IDQUEST',4,'/selfservice/challengeResponse.html',NULL,'Y',NULL,NULL,NULL,NULL),('IMPERSIONATION_MENU','MENU_ITEM','Impersonation','IMPERSIONATION_MENU',1,'/webconsole/impersonate.html',NULL,'N',NULL,NULL,NULL,NULL),('IMPERSONATION_ACCESS','SYS_ACTION','Ability to Impersonate','IMPERSONATION_ACCESS',1,NULL,NULL,'N',NULL,NULL,NULL,NULL),('LANGUAGE_ADMIN','MENU_ITEM','languages','LANGUAGE_ADMIN',1,'/webconsole/languages.html',NULL,'Y',NULL,NULL,NULL,NULL),('LANGUAGE_EDIT','MENU_ITEM','languages edit','LANGUAGE_EDIT',1,'/webconsole/languageEdit.html',NULL,'Y',NULL,NULL,NULL,NULL),('LANGUAGE_ROOT_MENU','MENU_ITEM','languages root menu','LANGUAGE_ROOT_MENU',1,NULL,NULL,'Y',NULL,NULL,NULL,NULL),('LANGUAGE_SEARCH','MENU_ITEM','language search','LANGUAGE_SEARCH',3,'/webconsole/languages.html',NULL,'Y',NULL,NULL,NULL,NULL),('LOCATION','MENU_ITEM','Location','LOCATION',2,'locationList.cnt',NULL,'N',NULL,NULL,NULL,NULL),('MANAGEREQ','MENU_ITEM','Request History','MANAGEREQ',5,'/selfservice/taskHistory.html',NULL,'N',NULL,NULL,NULL,NULL),('MANUALRECON','MENU_ITEM','Manual reconciliation','MANUALRECON',6,'/webconsole/manual-reconciliation.html',NULL,'N',NULL,NULL,NULL,NULL),('MENUS_SEARCH','MENU_ITEM','Menus Search','MENUS_SEARCH',1,'/webconsole/menus.html',NULL,'Y',NULL,NULL,NULL,NULL),('METADATA','MENU_ITEM','Metadata','METADATA',5,'metadataTypeList.cnt',NULL,'N',NULL,NULL,NULL,NULL),('META_ADMIN','MENU_ITEM','metadata admin root','META_ADMIN',1,'/webconsole/metaDataSearch.html',NULL,'Y',NULL,NULL,NULL,NULL),('META_EDIT','MENU_ITEM','metadata type edit','META_EDIT',2,'/webconsole/metaDataEdit.html',NULL,'Y',NULL,NULL,NULL,NULL),('META_SEARCH','MENU_ITEM','metadata search','META_SEARCH',4,'/webconsole/metaDataSearch.html',NULL,'Y',NULL,NULL,NULL,NULL),('META_SUBMENU_ROOT','MENU_ITEM','metadata root menu','META_SUBMENU_ROOT',1,NULL,NULL,'Y',NULL,NULL,NULL,NULL),('META_TYPE_ADMIN','MENU_ITEM','metadata admin root','META_TYPE_ADMIN',1,'/webconsole/metaDataTypeSearch.html',NULL,'Y',NULL,NULL,NULL,NULL),('META_TYPE_EDIT','MENU_ITEM','metadata type edit','META_TYPE_EDIT',1,'/webconsole/metaDataTypeEdit.html',NULL,'Y',NULL,NULL,NULL,NULL),('META_TYPE_EDIT_RETURN','MENU_ITEM','metadata type edit','metadata type edit',1,'/webconsole/metaDataTypeEdit.html',NULL,'Y',NULL,NULL,NULL,NULL),('META_TYPE_SEARCH','MENU_ITEM','metadata type search','META_TYPE_SEARCH',3,'/webconsole/metaDataTypeSearch.html',NULL,'Y',NULL,NULL,NULL,NULL),('META_TYPE_SUBMENU_ROOT','MENU_ITEM','metadata root menu','META_TYPE_SUBMENU_ROOT',1,NULL,NULL,'Y',NULL,NULL,NULL,NULL),('MNGSYS','MENU_ITEM','Managed Connections','MNGSYS',4,'/webconsole-idm/provisioning/mngsystemlist.html',NULL,'N',NULL,NULL,NULL,NULL),('MNGSYS_EDIT','MENU_ITEM','Edit managed system','MNGSYS_EDIT',1,'/webconsole-idm/provisioning/mngsystem.html',NULL,'N',NULL,NULL,NULL,NULL),('MNGSYS_EDIT_MENU_ROOT','MENU_ITEM',NULL,'MNGSYS_EDIT_MENU_ROOT',1,NULL,NULL,'N',NULL,NULL,NULL,NULL),('MNGSYS_EDIT_NO_RES_MENU_ROOT','MENU_ITEM',NULL,'MNGSYS_EDIT_NO_RES_MENU_ROOT',1,NULL,NULL,'N',NULL,NULL,NULL,NULL),('MNGSYS_MENU_ITEM','MENU_ITEM','Managed Systems','MNGSYS_MENU_ITEM',1,'/webconsole-idm/provisioning/mngsystemlist.html',NULL,'N',NULL,NULL,NULL,NULL),('MNGSYS_NEW','MENU_ITEM','Create Managed System','MNGSYS_NEW',1,'/webconsole-idm/provisioning/mngsystem.html',NULL,'N',NULL,NULL,NULL,NULL),('MNG_SYS_VIEWER','MENU_ITEM','Managed System Viewer','USR_MNG_SYS_VIEWER',12,'/webconsole/mngSysViewerList.html',NULL,'N',NULL,NULL,NULL,NULL),('NEWUSER','MENU_ITEM','New User','NEWUSER',6,'/selfservice/newUserWithApprover.html',NULL,'N',NULL,NULL,NULL,NULL),('NEWUSER-NOAPPRV','MENU_ITEM','New User-No Approver','NEWUSER-NOAPPRV',7,'/selfservice/newUser.html',NULL,'N',NULL,NULL,NULL,NULL),('NEW_AUTHENTICATION_POLICY','MENU_ITEM','Create New Authentication Policy ','NEW_AUTHENTICATION_POLICY',1,'/webconsole/editAuthenticationPolicy.html',NULL,'N',NULL,NULL,NULL,NULL),('NEW_AUTH_LVL_GRP','MENU_ITEM','Create New Grouping','NEW_AUTH_LVL_GRP',1,'/webconsole-am/editAuthLevelGrouping.html',NULL,'Y',NULL,NULL,NULL,NULL),('NEW_BATCH_TASK','MENU_ITEM','New Batch Task','NEW_BATCH_TASK',1,'/webconsole-idm/provisioning/batchTask.html',NULL,'N',NULL,NULL,NULL,NULL),('NEW_GROUP','MENU_ITEM','Create New Group','NEW_GROUP',1,'/webconsole/editGroup.html',NULL,'N',NULL,NULL,NULL,NULL),('NEW_ORG','MENU_ITEM','New Organization','NEW_ORG',1,'/webconsole/editOrganization.html',NULL,'N',NULL,NULL,NULL,NULL),('NEW_ORG_TYPE','MENU_ITEM','Edit Organization Type','NEW_ORG_TYPE',1,'/webconsole/organizationTypeEdit.html',NULL,'N',NULL,NULL,NULL,NULL),('NEW_PASSWORD_POLICY','MENU_ITEM','Create New Password Policy ','NEW_PASSWORD_POLICY',1,'/webconsole/editPolicy.html',NULL,'N',NULL,NULL,NULL,NULL),('NEW_POLICY_ATTR','MENU_ITEM','New Attribute policy','NEW_POLICY_ATTR',2,'/webconsole/editAttributePolicy.html',NULL,'N',NULL,NULL,NULL,NULL),('NEW_ROLE','MENU_ITEM','New Role','NEW_ROLE',1,'/webconsole/editRole.html',NULL,'N',NULL,NULL,NULL,NULL),('NEW_UI_THEME','MENU_ITEM','New UI Theme','NEW_UI_THEME',1,'/webconsole/newUITheme.html',NULL,'Y',NULL,NULL,NULL,NULL),('NEW_USER','MENU_ITEM','Create New User','NEW_USER',1,'/webconsole/newUser.html',NULL,'N',NULL,NULL,NULL,NULL),('ORG','MENU_ITEM','Organization','ORG',2,'/webconsole/organizations.html',NULL,'N',NULL,NULL,NULL,NULL),('ORGANIZATION_EDIT_ID','MENU_ITEM','Organization Edit Menus','ORGANIZATION_EDIT_ID',1,NULL,NULL,'N',NULL,NULL,NULL,NULL),('ORGANIZATION_ROOT_ID','MENU_ITEM','Organization Root Menus','ORGANIZATION_ROOT_ID',1,'/webconsole/organizations.html',NULL,'N',NULL,NULL,NULL,NULL),('ORG_APROVER_ASSOC','MENU_ITEM','Approver Associations','ORG_APROVER_ASSOC',1,'/webconsole-idm/provisioning/organizationApproverAssociations.html',NULL,'Y',NULL,NULL,NULL,NULL),('ORG_IDENTITY','MENU_ITEM','Organization Identities','ORG_IDENTITY',10,'/webconsole/editOrgIdentity.html',NULL,'Y',NULL,NULL,NULL,NULL),('ORG_MEMBERSHIP','MENU_ITEM','Organization Membership','ORG_MEMBERSHIP',1,'/webconsole/organizationMembership.html',NULL,'N',NULL,NULL,NULL,NULL),('ORG_SEARCH','MENU_ITEM','Organization Search','ORG_SEARCH',1,'/webconsole/organizations.html',NULL,'N',NULL,NULL,NULL,NULL),('ORG_TYPE_EDIT_SEARCH','MENU_ITEM','Organization Type Search','ORG_TYPE_EDIT_SEARCH',1,'/webconsole/organizationTypeSearch.html',NULL,'N',NULL,NULL,NULL,NULL),('ORG_TYPE_SEARCH','MENU_ITEM','Organization Type Search','ORG_TYPE_SEARCH',1,'/webconsole/organizationTypeSearch.html',NULL,'N',NULL,NULL,NULL,NULL),('ORG_TYPE_SUBMENU_EDIT','MENU_ITEM','Organization Type Edit','ORG_TYPE_SUBMENU_EDIT',1,NULL,NULL,'N',NULL,NULL,NULL,NULL),('ORG_TYPE_SUBMENU_ROOT','MENU_ITEM','Organization Type Root','ORG_TYPE_SUBMENU_ROOT',1,NULL,NULL,'N',NULL,NULL,NULL,NULL),('PAGE_TEMPLATE_EDIT','MENU_ITEM','Page Template Edit Menu','PAGE_TEMPLATE_EDIT',1,NULL,NULL,'N',NULL,NULL,NULL,NULL),('PAGE_TEMPLATE_EDIT_NEW','MENU_ITEM','Create New Template','PAGE_TEMPLATE_EDIT_NEW',1,'/webconsole/newPageTemplate.html',NULL,'N',NULL,NULL,NULL,NULL),('PAGE_TEMPLATE_EDIT_SEARCH','MENU_ITEM','Back to Search','PAGE_TEMPLATE_EDIT_SEARCH',1,'/webconsole/pageTemplates.html',NULL,'N',NULL,NULL,NULL,NULL),('PAGE_TEMPLATE_NEW','MENU_ITEM','Create Content Provider','PAGE_TEMPLATE_NEW',1,'/webconsole/newPageTemplate.html',NULL,'N',NULL,NULL,NULL,NULL),('PAGE_TEMPLATE_ROOT','MENU_ITEM','Page Template Root Menu','PAGE_TEMPLATE_ROOT',1,NULL,NULL,'Y',NULL,NULL,NULL,NULL),('PAGE_TEMPLATE_SEARCH','MENU_ITEM','Search Page Templates','PAGE_TEMPLATE_SEARCH',1,'/webconsole/pageTemplates.html',NULL,'N',NULL,NULL,NULL,NULL),('PASSWORD_CHANGES_REPORT_110','REPORT',NULL,'PASSWORD_CHANGES_REPORT_110',NULL,NULL,NULL,'Y',NULL,NULL,NULL,'PASSWORD_CHANGES_REPORT'),('PASSWORD_POLICY','MENU_ITEM','Password policy','PASSWORD_POLICY',1,'/webconsole/passwordPolicy.html',NULL,'Y',NULL,NULL,NULL,NULL),('PASSWORD_POLICY_EDIT','MENU_ITEM','Root for edit policy Context Menu','PASSWORD_POLICY_EDIT',1,NULL,NULL,'N',NULL,NULL,NULL,NULL),('PASSWORD_POLICY_ROOT_MENU','MENU_ITEM','Root for Password policy Context Menu','PASSWORD_POLICY_ROOT_MENU',1,NULL,NULL,'N',NULL,NULL,NULL,NULL),('POLICY_ATTR_EDIT_ROOT','MENU_ITEM','Root for Edit Attribute policy Context Menu','POLICY_ATTR_EDIT_ROOT',1,NULL,NULL,'N',NULL,NULL,NULL,NULL),('POLICY_ATTR_ROOT','MENU_ITEM','Root for Attribute policy Context Menu','POLICY_ATTR_ROOT',1,NULL,NULL,'N',NULL,NULL,NULL,NULL),('PROFILE','MENU_ITEM','Edit Your Profile','PROFILE',6,'/selfservice/editProfile.html',NULL,'Y',NULL,NULL,NULL,NULL),('PROFILE_PIC','MENU_ITEM','Edit Your Profile Picture','PROFILE_PIC',10,'/selfservice/editProfilePic.html',NULL,'Y',NULL,NULL,NULL,NULL),('PROVCONNECT','MENU_ITEM','Provisioning Connectors','PROVCONNECT',3,'/webconsole-idm/provisioning/connectorlist.html',NULL,'N',NULL,NULL,NULL,NULL),('PROVCONNECT_MENU_ITEM','MENU_ITEM','Provisioning Connectors','PROVCONNECT_MENU_ITEM',1,'/webconsole-idm/provisioning/connectorlist.html',NULL,'N',NULL,NULL,NULL,NULL),('PROVISIONING','MENU_ITEM','Provisioning','PROVISIONING',3,'prov/provIndex.do',NULL,'N',NULL,NULL,NULL,NULL),('PROV_CONNECTOR_NEW','MENU_ITEM','Create Provisioning Connector','PROV_CONNECTOR_NEW',1,'/webconsole-idm/provisioning/connector.html',NULL,'N',NULL,NULL,NULL,NULL),('RECONCILIATION_REPORT_103','REPORT',NULL,'RECONCILIATION_REPORT_103',NULL,NULL,NULL,'Y',NULL,NULL,NULL,'RECONCILIATION_REPORT'),('REMOVE_USER','MENU_ITEM','Remove User Button','REMOVE_USER',4,'/webconsole/rest/api/prov/removeUser',NULL,'Y',NULL,NULL,NULL,NULL),('REPORT','MENU_ITEM','Report','REPORT',5,'security/reportIndex.do',NULL,'N',NULL,NULL,NULL,NULL),('REQINBOX','MENU_ITEM','In-Box','REQINBOX',3,'/selfservice/myTasks.html',NULL,'N',NULL,NULL,NULL,NULL),('REQUEST_APPROVAL','MENU_ITEM','Request Approval','REQUEST_APPROVAL',1,'javascript:void(0);',NULL,'N',NULL,NULL,NULL,NULL),('RESET_ACCOUNT','MENU_ITEM','Reset Account Button','RESET_ACCOUNT',1,'/webconsole/rest/api/prov/resetUser',NULL,'Y',NULL,NULL,NULL,NULL),('RESET_CHALLENGE_RESPONSE','MENU_ITEM','Reset Challenge Response Button','RESET_CHALLENGE_RESPONSE',2,'/webconsole/resetSecurityQuestions.html',NULL,'Y',NULL,NULL,NULL,NULL),('RESOURCE_CERT_REPORT_106','REPORT',NULL,'RESOURCE_CERT_REPORT_106',NULL,NULL,NULL,'Y',NULL,NULL,NULL,'RESOURCE_CERT_REPORT'),('RESOURCE_EDIT_PAGE_ROOT','MENU_ITEM',NULL,'RESOURCE_EDIT_PAGE_ROOT',1,NULL,NULL,'N',NULL,NULL,NULL,NULL),('RESOURCE_MENU_ROOT','MENU_ITEM','Root for Resource Context Menu','RESOURCE_MENU_ROOT',1,NULL,NULL,'N',NULL,NULL,NULL,NULL),('RESPOLICYMAP','MENU_ITEM','Policy Map','RESPOLICYMAP',2,'/webconsole/policyMap.html',NULL,'N',NULL,NULL,NULL,NULL),('RESRECONCILE','MENU_ITEM','Reconciliation','RESRECONCILE',4,'/webconsole/reconciliations.html',NULL,'N',NULL,NULL,NULL,NULL),('RESSUMMARY','MENU_ITEM','Resource Details','RESSUMMARY',1,'/webconsole/resources.html',NULL,'N',NULL,NULL,NULL,NULL),('RES_APROVER_ASSOC','MENU_ITEM','Approver Associations','RES_APROVER_ASSOC',1,'/webconsole-idm/provisioning/resourceApproverAssociations.html',NULL,'N',NULL,NULL,NULL,NULL),('RES_ENT_SUB','MENU_ITEM','Resouce Entitlements','RES_ENT_SUB',1,'/webconsole/resourceEntitlements.html',NULL,'N',NULL,NULL,NULL,NULL),('RES_TYPE_ITEM','MENU_ITEM','Resource Type','RES_TYPE_ITEM',1,'/webconsole/resourceTypes.html',NULL,'Y',NULL,NULL,NULL,NULL),('RES_TYPE_MENU_ROOT','MENU_ITEM','resource type root menu','RES_TYPE_MENU_ROOT',1,NULL,NULL,'Y',NULL,NULL,NULL,NULL),('RES_TYPE_NEW','MENU_ITEM','metadata type edit','RES_TYPE_EDIT',1,'/webconsole/editResourceType.html',NULL,'Y',NULL,NULL,NULL,NULL),('ROLE_APROVER_ASSOC','MENU_ITEM','Approver Associations','ROLE_APROVER_ASSOC',1,'/webconsole-idm/provisioning/roleApproverAssociations.html',NULL,'N',NULL,NULL,NULL,NULL),('ROLE_EDIT_MENU','MENU_ITEM','Role Edit Menus','ROLE_EDIT_MENU',1,NULL,NULL,'N',NULL,NULL,NULL,NULL),('ROLE_ENTITLEMENTS','MENU_ITEM','Role Entitlements','ROLE_ENTITLEMENTS',1,'/webconsole/roleEntitlements.html',NULL,'N',NULL,NULL,NULL,NULL),('ROLE_MENUS','MENU_ITEM','Role Menus','ROLE_MENUS',1,'/webconsole/roleMenuTree.html',NULL,'N',NULL,NULL,NULL,NULL),('ROLE_RESMAP','MENU_ITEM','Resource Map','ROLE_RESMAP',2,'roleResource.cnt',NULL,'N',NULL,NULL,NULL,NULL),('ROLE_ROOT_MENU','MENU_ITEM','Role Root Menus','ROLE_ROOT_MENU',1,'/webconsole/roles.html',NULL,'N',NULL,NULL,NULL,NULL),('ROLE_SEARCH','MENU_ITEM','Role Search','ROLE_SEARCH',1,'/webconsole/roles.html',NULL,'N',NULL,NULL,NULL,NULL),('ROLE_SUMMARY','MENU_ITEM','Role Details','ROLE_SUMMARY',1,'roleDetail.cnt',NULL,'N',NULL,NULL,NULL,NULL),('SEARCH_BATCH_EDIT','MENU_ITEM','Search Batch Tasks','SEARCH_BATCH_EDIT',1,'/webconsole-idm/provisioning/batchTaskSearch.html',NULL,'N',NULL,NULL,NULL,NULL),('SEARCH_BATCH_NEW','MENU_ITEM','Search Batch Tasks','SEARCH_BATCH_NEW',1,'/webconsole-idm/provisioning/batchTaskSearch.html',NULL,'N',NULL,NULL,NULL,NULL),('SECURITY_GROUP','MENU_ITEM','Group','SECURITY_GROUP',1,'/webconsole/groups.html',NULL,'N',NULL,NULL,NULL,NULL),('SECURITY_POLICY','MENU_ITEM','Policy','SECURITY_POLICY',4,'security/policy.do?method=init&nav=reset',NULL,'N',NULL,NULL,NULL,NULL),('SECURITY_RES','MENU_ITEM','Resource','SECURITY_RES',3,'/webconsole/resources.html',NULL,'N',NULL,NULL,NULL,NULL),('SECURITY_ROLE','MENU_ITEM','Role','SECURITY_ROLE',2,'/webconsole/roles.html',NULL,'N',NULL,NULL,NULL,NULL),('SELFCENTER','MENU_ITEM','Self Service Center','SELFCENTER',2,NULL,NULL,'Y',NULL,NULL,NULL,NULL),('SELFSERVE_SUP_SUB','MENU_ITEM','Superiors & Subordinates','SELFSERVE_SUP_SUB',1,'/selfservice/supSub.html',NULL,'Y',NULL,NULL,NULL,NULL),('SELFSERVICE','MENU_ITEM','SELF SERVICE','SELFSERVICE',0,'javascript:void(0);',NULL,'Y',NULL,NULL,NULL,NULL),('SELFSERVICE_EXT','MENU_ITEM','SelfService Extension Root','SELFSERVICE_EXT',1,NULL,NULL,'Y',NULL,NULL,NULL,NULL),('SELFSERVICE_GROUPS','MENU_ITEM','Selfservice Groups','SELFSERVICE_GROUPS',1,'/selfservice/groups.html',NULL,'N',NULL,NULL,NULL,NULL),('SELFSERVICE_MYAPPS','MENU_ITEM','My Applications','SELFSERVICE_MYAPPS',1,'/selfservice/myApplications.html',NULL,'Y',NULL,NULL,NULL,NULL),('SELFSERVICE_MYINFO','MENU_ITEM','My Info','SELFSERVICE_MYINFO',1,'/selfservice/myInfo.html',NULL,'Y',NULL,NULL,NULL,NULL),('SELFSERVICE_REPORT','MENU_ITEM','Report','SELFSERVICE_REPORT',5,'/selfservice/report.html',NULL,'N',NULL,NULL,NULL,NULL),('SELFSERVICE_RESOURCES','MENU_ITEM','Selfservice Resources','SELFSERVICE_RESOURCES',1,'/selfservice/resources.html',NULL,'N',NULL,NULL,NULL,NULL),('SELFSERVICE_ROLES','MENU_ITEM','Selfservice Roles','SELFSERVICE_ROLES',1,'/selfservice/roles.html',NULL,'N',NULL,NULL,NULL,NULL),('SELFSERV_ACCESS_REVIEW','MENU_ITEM','Access Review','SELFSERV_ACCESS_REVIEW',1,'/selfservice/accessReview.html',NULL,'Y',NULL,NULL,NULL,NULL),('SELFSERV_GRP_BACK_SRCH','MENU_ITEM','Back to Search','SELFSERV_GRP_BACK_SRCH',1,'/selfservice/groups.html',NULL,'Y',NULL,NULL,NULL,NULL),('SELFSERV_GRP_EDIT','MENU_ITEM','Edit Group','SELFSERV_GRP_EDIT',1,'/selfservice/editGroup.html',NULL,'Y',NULL,NULL,NULL,NULL),('SELFSERV_GRP_NEW','MENU_ITEM','Create New Group','SELFSERV_GRP_NEW',1,'/selfservice/editGroup.html',NULL,'Y',NULL,NULL,NULL,NULL),('SELFSERV_ROLE_NEW','MENU_ITEM','Create New Role','SELFSERV_ROLE_NEW',1,'/selfservice/editRole.html',NULL,'Y',NULL,NULL,NULL,NULL),('SELFSERV_USER_EDIT','MENU_ITEM','Edit User','SELFSERV_USER_EDIT',1,'/selfservice/editUser.html',NULL,'Y',NULL,NULL,NULL,NULL),('SELFSERV_USER_EDIT_ROOT','MENU_ITEM','SelfService Edit User Root','SELFSERV_USER_EDIT_ROOT',1,NULL,NULL,'Y',NULL,NULL,NULL,NULL),('SELFSERV_USER_MEMSHP','MENU_ITEM','User Entitlements','SELFSERV_USER_MEMSHP',1,'/selfservice/userEntitlements.html',NULL,'Y',NULL,NULL,NULL,NULL),('SELFSER_USER_LOGIN','MENU_ITEM','Identities','SELFSER_USER_LOGIN',1,'/selfservice/userIdenties.html',NULL,'Y',NULL,NULL,NULL,NULL),('SELFSER_USER_NEW_LOGIN','MENU_ITEM','Create New Identity','SELFSER_USER_NEW_LOGIN',1,'/selfservice/identity.html',NULL,'Y',NULL,NULL,NULL,NULL),('SELFSRVS_ACCESS_MNGMNT_ORG','MENU_ITEM','Selfservice organization','SELFSRVS_ACCESS_MNGMNT_ORG',1,'/selfservice/organizations.html',NULL,'N',NULL,NULL,NULL,NULL),('SELFSRV_EXAMPLE','MENU_ITEM','Example','SELFSRV_EXAMPLE',1,'/selfservice-ext/example.html',NULL,'Y',NULL,NULL,NULL,NULL),('SELFSRV_GRP_EDIT_ROOT','MENU_ITEM','SelfService Group Edit Root','SELFSRV_GRP_EDIT_ROOT',1,NULL,NULL,'Y',NULL,NULL,NULL,NULL),('SELFSRV_GRP_SRCH_ROOT','MENU_ITEM','SelfService Group Root','SELFSRV_GRP_SRCH_ROOT',1,NULL,NULL,'Y',NULL,NULL,NULL,NULL),('SELFSRV_RES_BACK_SRCH','MENU_ITEM','Back to Search','SELFSRV_RES_BACK_SRCH',1,'/selfservice/resources.html',NULL,'Y',NULL,NULL,NULL,NULL),('SELFSRV_RES_EDIT','MENU_ITEM','Edit Resource','SELFSRV_RES_EDIT',1,'/selfservice/editResource.html',NULL,'Y',NULL,NULL,NULL,NULL),('SELFSRV_RES_EDIT_ROOT','MENU_ITEM','SelfService Resource Edit Root','SELFSRV_RES_EDIT_ROOT',1,NULL,NULL,'Y',NULL,NULL,NULL,NULL),('SELFSRV_RES_NEW','MENU_ITEM','Create New Resource','SELFSRV_RES_NEW',1,'/selfservice/editResource.html',NULL,'Y',NULL,NULL,NULL,NULL),('SELFSRV_RES_SRCH_ROOT','MENU_ITEM','SelfService Resource Root','SELFSRV_RES_SRCH_ROOT',1,NULL,NULL,'Y',NULL,NULL,NULL,NULL),('SELFSRV_ROLE_BACK_SRCH','MENU_ITEM','Back to Search','SELFSRV_ROLE_BACK_SRCH',1,'/selfservice/roles.html',NULL,'Y',NULL,NULL,NULL,NULL),('SELFSRV_ROLE_EDIT','MENU_ITEM','Edit Role','SELFSRV_ROLE_EDIT',1,'/selfservice/editRole.html',NULL,'Y',NULL,NULL,NULL,NULL),('SELFSRV_ROLE_EDIT_ROOT','MENU_ITEM','SelfService Role Edit Root','SELFSRV_ROLE_EDIT_ROOT',1,NULL,NULL,'Y',NULL,NULL,NULL,NULL),('SELFSRV_ROLE_SRCH_ROOT','MENU_ITEM','SelfService Role Root','SELFSRV_ROLE_SRCH_ROOT',1,NULL,NULL,'Y',NULL,NULL,NULL,NULL),('SELF_QUERYUSER','MENU_ITEM','Manage User','SELF_QUERYUSER',1,'/webconsole/users.html',NULL,'N',NULL,NULL,NULL,NULL),('SELF_REPORT_VIEWER','MENU_ITEM','Report Viewer','SELF_REPORT_VIEWER',10,'/selfservice/report.html',NULL,'N',NULL,NULL,NULL,NULL),('SELF_SUB_ORGS_EDIT','MENU_ITEM','add organization','SELF_SUB_ORGS_EDIT',1,'/selfservice/editOrganization.html',NULL,'Y',NULL,NULL,NULL,NULL),('SELF_SUB_ORGS_EDIT_ROOT','MENU_ITEM','organizations menu','SELF_SUB_ORGS_EDIT_ROOT',2,'',NULL,'Y',NULL,NULL,NULL,NULL),('SELF_SUB_ORGS_NEW','MENU_ITEM','add organization','SELF_SUB_ORGS_NEW',1,'/selfservice/editOrganization.html',NULL,'Y',NULL,NULL,NULL,NULL),('SELF_SUB_ORGS_ROOT','MENU_ITEM','organizations menu','SELF_SUB_ORGS_ROOT',2,'',NULL,'Y',NULL,NULL,NULL,NULL),('SELF_SUB_ORGS_SEARCH','MENU_ITEM','add organization','SELF_SUB_ORGS_SEARCH',1,'/selfservice/organizations.html',NULL,'Y',NULL,NULL,NULL,NULL),('SELF_SUB_REPORT_NEW','MENU_ITEM','New Subscribe Report','SELF_SUB_REPORT_NEW',1,'/selfservice/editSubscribeReport.html',NULL,'N',NULL,NULL,NULL,NULL),('SELF_SUB_REPORT_ROOT','MENU_ITEM','Subscribe Report Root Menu','SELF_SUB_REPORT_ROOT',1,NULL,NULL,'N',NULL,NULL,NULL,NULL),('SELF_VIEW_REPORT_NEW','MENU_ITEM','New Subscribe Report','SELF_VIEW_REPORT_NEW',1,'/selfservice/editViewReport.html',NULL,'N',NULL,NULL,NULL,NULL),('SELF_VIEW_REPORT_ROOT','MENU_ITEM','View Report Root Menu','SELF_VIEW_REPORT_ROOT',1,NULL,NULL,'N',NULL,NULL,NULL,NULL),('SS_GRP_ENT','MENU_ITEM','New UI Theme','SS_GRP_ENT',1,'/selfservice/groupEntitlements.html',NULL,'Y',NULL,NULL,NULL,NULL),('SS_ORG_BACK_SEARCH','MENU_ITEM','Selfservice Resources','SS_ORG_BACK_SEARCH',1,'/selfservice/organizations.html',NULL,'Y',NULL,NULL,NULL,NULL),('SS_RES_ENT','MENU_ITEM','New UI Theme','SS_RES_ENT',1,'/selfservice/resourceEntitlements.html',NULL,'Y',NULL,NULL,NULL,NULL),('SS_ROLE_ENT','MENU_ITEM','New UI Theme','SS_ROLE_ENT',1,'/selfservice/roleEntitlements.html',NULL,'Y',NULL,NULL,NULL,NULL),('SUBSCRIBE','MENU_ITEM','Subscribe','SUBSCRIBE',20,'/selfservice/subscribe.html',NULL,'N',NULL,NULL,NULL,NULL),('SUP_SUB_PAGE','MENU_ITEM','Configure IT Policy','SUP_SUB_PAGE',11,'/webconsole/supSub.html',NULL,'N',NULL,NULL,NULL,NULL),('SYNCHRONIZATION_REPORT_104','REPORT',NULL,'SYNCHRONIZATION_REPORT_104',NULL,NULL,NULL,'Y',NULL,NULL,NULL,'SYNCHRONIZATION_REPORT'),('SYNCLOG','MENU_ITEM','Log Viewer','SYNCLOG',1,'/webconsole/viewAuditLog.html',NULL,'N',NULL,NULL,NULL,NULL),('SYNCLOG_MENU_ITEM','MENU_ITEM','LOG Viewer','SYNCLOG_MENU_ITEM',1,'/webconsole-idm/provisioning/syncloglist.html',NULL,'N',NULL,NULL,NULL,NULL),('SYNCUSER','MENU_ITEM','Synchronization','SYNCUSER',3,'/webconsole-idm/provisioning/synchronizationlist.html',NULL,'N',NULL,NULL,NULL,NULL),('SYNCUSER_EDIT','MENU_ITEM','Edit sync','SYNCUSER_EDIT',1,'/webconsole-idm/provisioning/synchronization.html',NULL,'N',NULL,NULL,NULL,NULL),('SYNCUSER_EDIT_MENU_ROOT','MENU_ITEM','Edit sync','SYNCUSER_EDIT_MENU_ROOT',1,NULL,NULL,'N',NULL,NULL,NULL,NULL),('SYNCUSER_MENU_ITEM','MENU_ITEM','Synchronization','SYNCUSER_MENU_ITEM',1,'/webconsole-idm/provisioning/synchronizationlist.html',NULL,'N',NULL,NULL,NULL,NULL),('SYNCUSER_NEW','MENU_ITEM','Create Synchronization','SYNCUSER_NEW',1,'/webconsole-idm/provisioning/synchronization.html',NULL,'N',NULL,NULL,NULL,NULL),('SYNCUSER_POLICYMAP','MENU_ITEM','Policy map','SYNCUSER_POLICYMAP',1,'/webconsole/synchPolicyMap.html',NULL,'N',NULL,NULL,NULL,NULL),('SYNCUSER_REVIEW','MENU_ITEM','Synchronization Review','SYNCUSER_REVIEW',10,'/webconsole-idm/provisioning/synchReviewList.html',NULL,'N',NULL,NULL,NULL,NULL),('TEMPLATE_SEARCH_CHILD','MENU_ITEM','Page Template Search','TEMPLATE_SEARCH_CHILD',1,'/webconsole/pageTemplates.html',NULL,'N',NULL,NULL,NULL,NULL),('TERM_ACCOUNT_REPORT_107','REPORT',NULL,'TERM_ACCOUNT_REPORT_107',NULL,NULL,NULL,'Y',NULL,NULL,NULL,'TERMINATING_ACCOUNTS_REPORT'),('TOP_ACTIVE_USERS_REPORT_108','REPORT',NULL,'TOP_ACTIVE_USERS_REPORT_108',NULL,NULL,NULL,'Y',NULL,NULL,NULL,'TOP_ACTIVE_USERS_REPORT'),('UI_THEMES','MENU_ITEM','UI Themes','UI_THEMES',1,'/webconsole/uiThemes.html',NULL,'Y',NULL,NULL,NULL,NULL),('UI_THEME_BACK_SRCH','MENU_ITEM','Back to Search','UI_THEME_BACK_SRCH',1,'/webconsole/uiThemes.html',NULL,'Y',NULL,NULL,NULL,NULL),('UI_THEME_EDIT','MENU_ITEM','UI Theme Edit','UI_THEME_EDIT',1,NULL,NULL,'Y',NULL,NULL,NULL,NULL),('UI_THEME_EDIT_MODIFY','MENU_ITEM','Edit UI Theme','UI_THEME_EDIT_MODIFY',1,'/webconsole/editUITheme.html',NULL,'Y',NULL,NULL,NULL,NULL),('UI_THEME_ROOT','MENU_ITEM','UI Theme Root','UI_THEME_ROOT',1,NULL,NULL,'Y',NULL,NULL,NULL,NULL),('UI_THEME_ROOT_SRCH','MENU_ITEM','Search UI Themes','UI_THEME_ROOT_SRCH',1,'/webconsole/uiThemes.html',NULL,'Y',NULL,NULL,NULL,NULL),('URI_META_BACK','MENU_ITEM','Back To Pattern','URI_META_BACK',1,'/webconsole-am/editProviderPattern.html',NULL,'N',NULL,NULL,NULL,NULL),('URI_META_EDIT','MENU_ITEM','URI Meta Root','URI_META_EDIT',1,NULL,NULL,'N',NULL,NULL,NULL,NULL),('URI_PATTERN_EDIT','MENU_ITEM','URI Pattern Edit Menu','URI_PATTERN_EDIT',1,NULL,NULL,'N',NULL,NULL,NULL,NULL),('URI_PATTERN_EDIT_NEW_PATTERN','MENU_ITEM','Create URI Pattern','URI_PATTERN_EDIT_NEW_PATTERN',1,'/webconsole-am/newProviderPattern.html',NULL,'N',NULL,NULL,NULL,NULL),('URI_PATTERN_EDIT_PATTERN','MENU_ITEM','Edit URI Pattern','URI_PATTERN_EDIT_PATTERN',1,'/webconsole-am/editProviderPattern.html',NULL,'N',NULL,NULL,NULL,NULL),('URI_PATTERN_EDT_PROV_SEARCH','MENU_ITEM','Context Provider Search','URI_PATTERN_EDT_PROV_SEARCH',1,'/webconsole-am/contentProviders.html',NULL,'N',NULL,NULL,NULL,NULL),('USER','MENU_ITEM','User','USER',1,'/webconsole/users.html',NULL,'N',NULL,NULL,NULL,NULL),('USER_ACCESS_REPORT_109','REPORT',NULL,'USER_ACCESS_REPORT_109',NULL,NULL,NULL,'Y',NULL,NULL,NULL,'USER_ACCESS_REPORT'),('USER_ATTRIBUTES','MENU_ITEM','Edit User Attributes','USER_ATTRIBUTES',4,'/webconsole/userAttributes.html',NULL,'N',NULL,NULL,NULL,NULL),('USER_BULK','MENU_ITEM','User Bulk Ops','USER_BULK',3,'userBulk.cnt',NULL,'N',NULL,NULL,NULL,NULL),('USER_DELEGATION','MENU_ITEM','User Delegation Filter','USER_DELEGATION',9,'/webconsole/userDelegation.html',NULL,'N',NULL,NULL,NULL,NULL),('USER_EDIT_CONTACT_INFO','MENU_ITEM','Edit User Contact Info','USER_EDIT_CONTACT_INFO',3,'/webconsole/editUserContact.html',NULL,'N',NULL,NULL,NULL,NULL),('USER_EDIT_INFO','MENU_ITEM','Edit User Primary Info','USER_EDIT_INFO',2,'/webconsole/editUser.html',NULL,'N',NULL,NULL,NULL,NULL),('USER_EDIT_MENU','MENU_ITEM','User Edit Menus','USER_EDIT_MENU',1,NULL,NULL,'N',NULL,NULL,NULL,NULL),('USER_ENTITLEMENTS','MENU_ITEM','User Entitlements','USER_ENTITLEMENTS',7,'/webconsole/userEntitlements.html',NULL,'N',NULL,NULL,NULL,NULL),('USER_ENTITLEMENTS_PAGE','MENU_ITEM','User Entitlements Page','USER_ENTITLEMENTS_PAGE',1,NULL,NULL,'Y',NULL,NULL,NULL,NULL),('USER_GROUPS_MEMBERSHIP','MENU_ITEM','Member of Groups Button','USER_GROUPS_MEMBERSHIP',2,'/webconsole/userEntitlementsGroups.html',NULL,'Y',NULL,NULL,NULL,NULL),('USER_HISTORY','MENU_ITEM','User History','USER_HISTORY',8,'/webconsole/userHistory.html',NULL,'N',NULL,NULL,NULL,NULL),('USER_IDENTITY','MENU_ITEM','Edit User Identity Info','USER_IDENTITY',6,'/webconsole/editUserIdentity.html',NULL,'N',NULL,NULL,NULL,NULL),('USER_INFO_PAGE','MENU_ITEM','User Info Page','USER_INFO_PAGE',1,NULL,NULL,'Y',NULL,NULL,NULL,NULL),('USER_MENUS','MENU_ITEM','User Menus','USER_MENUS',1,'/webconsole/userMenuTree.html',NULL,'N',NULL,NULL,NULL,NULL),('USER_ORG_MEMBERSHIP','MENU_ITEM','Member of Organizations Button','USER_ORG_MEMBERSHIP',4,'/webconsole/userEntitlementsOrganizations.html',NULL,'Y',NULL,NULL,NULL,NULL),('USER_REPORT_101','REPORT',NULL,'USER_REPORT_101',NULL,NULL,NULL,'Y',NULL,NULL,NULL,'USER_REPORT'),('USER_RESET_PASSWORD','MENU_ITEM','Reset Password','USER_RESET_PASSWORD',10,'/webconsole/resetPassword.html',NULL,'N',NULL,NULL,NULL,NULL),('USER_RES_MEMBERSHIP','MENU_ITEM','Entitled to Resources Button','USER_RES_MEMBERSHIP',3,'/webconsole/userEntitlementsResources.html',NULL,'Y',NULL,NULL,NULL,NULL),('USER_ROLES_MEMBERSHIP','MENU_ITEM','Member of Roles Button','USER_ROLES_MEMBERSHIP',1,'/webconsole/userEntitlementsRoles.html',NULL,'Y',NULL,NULL,NULL,NULL),('USER_ROOT_MENU','MENU_ITEM','Root for User Context Menu','USER_ROOT_MENU',1,NULL,NULL,'N',NULL,NULL,NULL,NULL),('USER_SEARCH','MENU_ITEM','User Search','USER_SEARCH',1,'/webconsole/users.html',NULL,'N',NULL,NULL,NULL,NULL),('VIEW','MENU_ITEM','View Report Files','VIEW',30,'/selfservice/view.html',NULL,'N',NULL,NULL,NULL,NULL),('WEB_REPORT','MENU_ITEM','Report','WEB_REPORT',6,'/webconsole/report.html',NULL,'N',NULL,NULL,NULL,NULL),('WEB_REPORT_NEW','MENU_ITEM','New Report','WEB_REPORT_NEW',1,'/webconsole/editReport.html',NULL,'N',NULL,NULL,NULL,NULL),('WEB_REPORT_ROOT','MENU_ITEM','Report Root Menu','WEB_REPORT_ROOT',1,NULL,NULL,'N',NULL,NULL,NULL,NULL);

INSERT INTO  RESOURCE_PROP  VALUES ('113','113',NULL,'USER_TABLE','MY_USR_TABLE',NULL,'N'),('114','113',NULL,'GROUP_TABLE','MY_GRP_TABLE',NULL,'N'),('115','113',NULL,'USER_GROUP_MEMBERSHIP','USR_GRP_MBR',NULL,'N'),('116','113',NULL,'USER_GROUP_MEMBERSHIP_GRP_ID','GRP_ID',NULL,'N'),('117','113',NULL,'USER_GROUP_MEMBERSHIP_USR_ID','USR_ID',NULL,'N'),('200','101',NULL,'INCLUDE_USER_OBJECT','N',NULL,'N'),('202','101',NULL,'PRINCIPAL_NAME','uid',NULL,'N'),('203','101',NULL,'PRINCIPAL_PASSWORD','userPassword',NULL,'N'),('204','101',NULL,'INCLUDE_IN_PASSWORD_SYNC','Y',NULL,'N'),('205','101',NULL,'ON_DELETE','DELETE',NULL,'N'),('206','101',NULL,'GROUP_MEMBERSHIP_ENABLED','Y',NULL,'N'),('207','101',NULL,'PRE_PROCESS','/prov-helper/LDAPPreProcessor.groovy',NULL,'N'),('208','101',NULL,'POST_PROCESS','/prov-helper/LDAPPostProcessor.groovy',NULL,'N'),('210','105',NULL,'INCLUDE_USER_OBJECT','Y',NULL,'N'),('211','105',NULL,'PRINCIPAL_NAME','login',NULL,'N'),('212','105',NULL,'PRINCIPAL_PASSWORD','userPassword',NULL,'N'),('213','105',NULL,'INCLUDE_IN_PASSWORD_SYNC','Y',NULL,'N'),('214','105',NULL,'ON_DELETE','DELETE',NULL,'N'),('215','105',NULL,'GROUP_MEMBERSHIP_ENABLED','Y',NULL,'N'),('216','105',NULL,'PRE_PROCESS',NULL,NULL,'N'),('217','105',NULL,'POST_PROCESS',NULL,NULL,'N'),('220','110',NULL,'ON_DELETE','DELETE',NULL,'N'),('221','110',NULL,'INCLUDE_IN_PASSWORD_SYNC','Y',NULL,'N'),('222','110',NULL,'GROUP_MEMBERSHIP_ENABLED','Y',NULL,'N'),('223','101',NULL,'PRE_PROCESS',NULL,NULL,'N'),('224','101',NULL,'POST_PROCESS',NULL,NULL,'N'),('ABOUT_DESC','ABOUT',NULL,'MENU_DISPLAY_NAME','About OpenIAM',NULL,'N'),('ABOUT_PUB','ABOUT',NULL,'MENU_IS_PUBLIC','true',NULL,'N'),('ABOUT_ROOT_MENU_DESC','ABOUT_ROOT_MENU',NULL,'MENU_DISPLAY_NAME','About OpenIAM',NULL,'N'),('ABOUT_ROOT_MENU_PUB','ABOUT_ROOT_MENU',NULL,'MENU_IS_PUBLIC','true',NULL,'N'),('ACCESSCENTER_MENU_DISPLAY','ACCESSCENTER',NULL,'MENU_DISPLAY_NAME','Access Management',NULL,'N'),('ACCESSCENTER_MENU_ICON','ACCESSCENTER',NULL,'MENU_ICON','/openiam-ui-static/images/common/icons/access_control.png',NULL,'N'),('ACC_CONTROL_MENU_DISPLAY','ACC_CONTROL',NULL,'MENU_DISPLAY_NAME','Access Control',NULL,'N'),('ACC_CONTROL_MENU_ICON','ACC_CONTROL',NULL,'MENU_ICON','/openiam-ui-static/images/common/icons/access_control.png',NULL,'N'),('ACTIVE_USER_VIS','ACTIVE_USER',NULL,'IS_VISIBLE','true',NULL,'N'),('ADMIN_BATCH_TASKS_DESC','ADMIN_BATCH_TASKS',NULL,'MENU_DISPLAY_NAME','Batch Tasks',NULL,'N'),('ADMIN_BATCH_TASKS_PUB','ADMIN_BATCH_TASKS',NULL,'MENU_IS_PUBLIC','true',NULL,'N'),('ADMIN_MENU_DISPLAY','ADMIN',NULL,'MENU_DISPLAY_NAME','Administration',NULL,'N'),('ADMIN_MENU_ICON','ADMIN',NULL,'MENU_ICON','/openiam-ui-static/images/common/icons/admin.png',NULL,'N'),('AM_PROV_AM_ATTR_DESC','AM_PROV_AM_ATTR',NULL,'MENU_DISPLAY_NAME','Request Attributes',NULL,'N'),('AM_PROV_AM_ATTR_PUB','AM_PROV_AM_ATTR',NULL,'MENU_IS_PUBLIC','true',NULL,'N'),('AM_PROV_EDIT_CURRENT_DESC','AM_PROV_EDIT_CURRENT',NULL,'MENU_DISPLAY_NAME','Edit Provider',NULL,'N'),('AM_PROV_EDIT_CURRENT_PUB','AM_PROV_EDIT_CURRENT',NULL,'MENU_IS_PUBLIC','true',NULL,'N'),('AM_PROV_EDIT_DESC','AM_PROV_EDIT',NULL,'MENU_DISPLAY_NAME','Authentication Provider Edit Menu',NULL,'N'),('AM_PROV_EDIT_PUB','AM_PROV_EDIT',NULL,'MENU_IS_PUBLIC','true',NULL,'N'),('AM_PROV_EDIT_SEARCH_DESC','AM_PROV_EDIT_SEARCH',NULL,'MENU_DISPLAY_NAME','Back to Search',NULL,'N'),('AM_PROV_EDIT_SEARCH_PUB','AM_PROV_EDIT_SEARCH',NULL,'MENU_IS_PUBLIC','true',NULL,'N'),('AM_PROV_NEW_DSC','AM_PROV_NEW',NULL,'MENU_DISPLAY_NAME','Create New Provider',NULL,'N'),('AM_PROV_NEW_EDIT_PUB','AM_PROV_NEW_EDIT',NULL,'MENU_IS_PUBLIC','true',NULL,'N'),('AM_PROV_NEW_EDIT_PUB_DESC','AM_PROV_NEW_EDIT',NULL,'MENU_DISPLAY_NAME','Create New Provider',NULL,'N'),('AM_PROV_NEW_PUB','AM_PROV_NEW',NULL,'MENU_IS_PUBLIC','true',NULL,'N'),('AM_PROV_ROOT_DESC','AM_PROV_ROOT',NULL,'MENU_DISPLAY_NAME','Authentication Provider Root Menu',NULL,'N'),('AM_PROV_ROOT_PUB','AM_PROV_ROOT',NULL,'MENU_IS_PUBLIC','true',NULL,'N'),('AM_PROV_SEARCH_CHILD_PUB','AM_PROV_SEARCH_CHILD',NULL,'MENU_IS_PUBLIC','true',NULL,'N'),('AM_PROV_SEARCH_CHILD_PUB_DESC','AM_PROV_SEARCH_CHILD',NULL,'MENU_DISPLAY_NAME','Authentication Providers',NULL,'N'),('AM_PROV_SEARCH_DESC','AM_PROV_SEARCH',NULL,'MENU_DISPLAY_NAME','Search Providers',NULL,'N'),('AM_PROV_SEARCH_PUB','AM_PROV_SEARCH',NULL,'MENU_IS_PUBLIC','true',NULL,'N'),('ASSOC_POLICY_DESC','ASSOC_POLICY',NULL,'MENU_DISPLAY_NAME','Associate Policy',NULL,'N'),('ASSOC_POLICY_PUB','ASSOC_POLICY',NULL,'MENU_IS_PUBLIC','true',NULL,'N'),('ATTRIBUTE_POLICY_DESC','ATTRIBUTE_POLICY',NULL,'MENU_DISPLAY_NAME','Attribute Policy',NULL,'N'),('ATTRIBUTE_POLICY_PUB','ATTRIBUTE_POLICY',NULL,'MENU_IS_PUBLIC','true',NULL,'N'),('AUDITREPORT_MENU_DISPLAY','AUDITREPORT',NULL,'MENU_DISPLAY_NAME','Audit Reports',NULL,'N'),('AUDIT_RPT_MENU_DISPLAY','AUDIT_RPT',NULL,'MENU_DISPLAY_NAME','Audit Report',NULL,'N'),('AUTHENTICATION_POLICY_MENU_DESC','AUTHENTICATION_POLICY',NULL,'MENU_DISPLAY_NAME','Authenticaton Policy',NULL,'N'),('AUTHENTICATION_POLICY_MENU_PUB','AUTHENTICATION_POLICY',NULL,'MENU_IS_PUBLIC','true',NULL,'N'),('AUTH_LEVEL_GRP_DN','AUTH_LEVEL_GRP',NULL,'MENU_DISPLAY_NAME','Authentication Groupings',NULL,'N'),('AUTH_LEVEL_GRP_PB','AUTH_LEVEL_GRP',NULL,'MENU_IS_PUBLIC','true',NULL,'N'),('AUTH_LVL_GRP_ATTR_DN','AUTH_LVL_GRP_ATTR',NULL,'MENU_DISPLAY_NAME','Auth Level Grouping Attribute Root',NULL,'N'),('AUTH_LVL_GRP_ATTR_PB','AUTH_LVL_GRP_ATTR',NULL,'MENU_IS_PUBLIC','true',NULL,'N'),('AUTH_LVL_GRP_EDIT_ROOT_DN','AUTH_LVL_GRP_EDIT_ROOT',NULL,'MENU_DISPLAY_NAME','Auth Level Grouping Edit Root',NULL,'N'),('AUTH_LVL_GRP_EDIT_ROOT_PB','AUTH_LVL_GRP_EDIT_ROOT',NULL,'MENU_IS_PUBLIC','true',NULL,'N'),('AUTH_LVL_GRP_NEW_ROOT_DN','AUTH_LVL_GRP_NEW_ROOT',NULL,'MENU_DISPLAY_NAME','Auth Level Grouping Root',NULL,'N'),('AUTH_LVL_GRP_NEW_ROOT_PB','AUTH_LVL_GRP_NEW_ROOT',NULL,'MENU_IS_PUBLIC','true',NULL,'N'),('AUTH_POLICY_ROOT_MENU_DESC','AUTHENTICATION_POLICY_ROOT_MENU',NULL,'MENU_DISPLAY_NAME','Authentication Policy Root Menu',NULL,'N'),('AUTH_POLICY_ROOT_MENU_PUB','AUTHENTICATION_POLICY_ROOT_MENU',NULL,'MENU_IS_PUBLIC','true',NULL,'N'),('BACK_TO_AUTH_LVL_DN','BACK_TO_AUTH_LVL',NULL,'MENU_DISPLAY_NAME','Back to Grouping',NULL,'N'),('BACK_TO_AUTH_LVL_GRP_SRH_DN','BACK_TO_AUTH_LVL_GRP_SRH',NULL,'MENU_DISPLAY_NAME','Back to Search',NULL,'N'),('BACK_TO_AUTH_LVL_GRP_SRH_PUB','BACK_TO_AUTH_LVL_GRP_SRH',NULL,'MENU_IS_PUBLIC','true',NULL,'N'),('BACK_TO_AUTH_LVL_PUB','BACK_TO_AUTH_LVL',NULL,'MENU_IS_PUBLIC','true',NULL,'N'),('BACK_TO_CP_DESC','BACK_TO_CP',NULL,'MENU_DISPLAY_NAME','Back To Content Provider',NULL,'N'),('BACK_TO_CP_PUB','BACK_TO_CP',NULL,'MENU_IS_PUBLIC','true',NULL,'N'),('BATCH_PROC_MENU_DISPLAY','BATCH_PROC',NULL,'MENU_DISPLAY_NAME','Batch Processes',NULL,'N'),('BATCH_PROC_VISIBLE','BATCH_PROC',NULL,'IS_VISIBLE','false',NULL,'N'),('BATCH_TASK_EDIT_DESC','BATCH_TASK_EDIT',NULL,'MENU_DISPLAY_NAME','Batch Task Edit',NULL,'N'),('BATCH_TASK_EDIT_PUB','BATCH_TASK_EDIT',NULL,'MENU_IS_PUBLIC','true',NULL,'N'),('BATCH_TASK_ROOT_DESC','BATCH_TASK_ROOT',NULL,'MENU_DISPLAY_NAME','Batch Task Root',NULL,'N'),('BATCH_TASK_ROOT_PUB','BATCH_TASK_ROOT',NULL,'MENU_IS_PUBLIC','true',NULL,'N'),('BULK_OPS_DESC','BULK_OPS',NULL,'MENU_DISPLAY_NAME','User Bulk Operations',NULL,'N'),('BULK_OPS_PUB','BULK_OPS',NULL,'MENU_IS_PUBLIC','true',NULL,'N'),('CHALLENGE_MENU_DISPLAY','CHALLENGE',NULL,'MENU_DISPLAY_NAME','Challenge Quest',NULL,'N'),('CHALLENGE_RESPONSE_QUESTION_DESC','CHALLENGE_RESPONSE_QUESTION',NULL,'MENU_DISPLAY_NAME','Challenge Response Question',NULL,'N'),('CHALLENGE_RESPONSE_QUESTION_PUB','CHALLENGE_RESPONSE_QUESTION',NULL,'MENU_IS_PUBLIC','true',NULL,'N'),('CHALLENGE_RESP_QUESTION_NEW_DSC','CHALLENGE_RESPONSE_QUESTION_NEW',NULL,'MENU_DISPLAY_NAME','Create New Question',NULL,'N'),('CHALLENGE_RESP_QUESTION_NEW_PUB','CHALLENGE_RESPONSE_QUESTION_NEW',NULL,'MENU_IS_PUBLIC','true',NULL,'N'),('CHALLENGE_RESP_QUESTION_ROOT_PUB','CHALLENGE_RESPONSE_QUESTION_ROOT',NULL,'MENU_IS_PUBLIC','true',NULL,'N'),('CHALLENGE_RESP_QUEST_ROOT_DESC','CHALLENGE_RESPONSE_QUESTION_ROOT',NULL,'MENU_DISPLAY_NAME','Challenge Response Question Root Menu',NULL,'N'),('CHALLENGE_VISIBLE','CHALLENGE',NULL,'IS_VISIBLE','false',NULL,'N'),('CHNGPSWD_MENU_DISPLAY','CHNGPSWD',NULL,'MENU_DISPLAY_NAME','Change Password',NULL,'N'),('CONF_POLICY_PAGE_DIS','CONF_POLICY_PAGE',NULL,'MENU_DISPLAY_NAME','Configure IT Policy',NULL,'N'),('CONF_POLICY_PAGE_PUB','CONF_POLICY_PAGE',NULL,'MENU_IS_PUBLIC','true',NULL,'N'),('CONTENT_PROV_EDIT_CURRENT_DESC','CONTENT_PROV_EDIT_CURRENT',NULL,'MENU_DISPLAY_NAME','Edit Provider',NULL,'N'),('CONTENT_PROV_EDIT_CURRENT_PUB','CONTENT_PROV_EDIT_CURRENT',NULL,'MENU_IS_PUBLIC','true',NULL,'N'),('CONTENT_PROV_EDIT_DESC','CONTENT_PROV_EDIT',NULL,'MENU_DISPLAY_NAME','Content Provider Edit Menu',NULL,'N'),('CONTENT_PROV_EDIT_PUB','CONTENT_PROV_EDIT',NULL,'MENU_IS_PUBLIC','true',NULL,'N'),('CONTENT_PROV_EDIT_SEARCH_DESC','CONTENT_PROV_EDIT_SEARCH',NULL,'MENU_DISPLAY_NAME','Back to Search',NULL,'N'),('CONTENT_PROV_EDIT_SEARCH_PUB','CONTENT_PROV_EDIT_SEARCH',NULL,'MENU_IS_PUBLIC','true',NULL,'N'),('CONTENT_PROV_NEW_DSC','CONTENT_PROV_NEW',NULL,'MENU_DISPLAY_NAME','Create New Provider',NULL,'N'),('CONTENT_PROV_NEW_EDIT_DESC','CONTENT_PROV_NEW_EDIT',NULL,'MENU_DISPLAY_NAME','Create New Provider',NULL,'N'),('CONTENT_PROV_NEW_EDIT_PUB','CONTENT_PROV_NEW_EDIT',NULL,'MENU_IS_PUBLIC','true',NULL,'N'),('CONTENT_PROV_NEW_PUB','CONTENT_PROV_NEW',NULL,'MENU_IS_PUBLIC','true',NULL,'N'),('CONTENT_PROV_ROOT_DESC','CONTENT_PROV_ROOT',NULL,'MENU_DISPLAY_NAME','Content Provider Root Menu',NULL,'N'),('CONTENT_PROV_ROOT_PUB','CONTENT_PROV_ROOT',NULL,'MENU_IS_PUBLIC','true',NULL,'N'),('CONTENT_PROV_SEARCH_CHILD_DESC','CONTENT_PROV_SEARCH_CHILD',NULL,'MENU_DISPLAY_NAME','Content Providers',NULL,'N'),('CONTENT_PROV_SEARCH_CHILD_PUB','CONTENT_PROV_SEARCH_CHILD',NULL,'MENU_IS_PUBLIC','true',NULL,'N'),('CONTENT_PROV_SEARCH_DESC','CONTENT_PROV_SEARCH',NULL,'MENU_DISPLAY_NAME','Search Content Providers',NULL,'N'),('CONTENT_PROV_SEARCH_PUB','CONTENT_PROV_SEARCH',NULL,'MENU_IS_PUBLIC','true',NULL,'N'),('CREATEREQ_MENU_DISPLAY','CREATEREQ',NULL,'MENU_DISPLAY_NAME','Create Request',NULL,'N'),('CREATEREQ_VISIBLE','CREATEREQ',NULL,'IS_VISIBLE','true',NULL,'N'),('CR_RES_DISP_NAME','CREATE_RESOURCE_MENU',NULL,'MENU_DISPLAY_NAME','Create New Resource',NULL,'N'),('CR_RES_MENU_PUB','CREATE_RESOURCE_MENU',NULL,'MENU_IS_PUBLIC','true',NULL,'N'),('CUSTOM_FIELD_EDIT_DESC','CUSTOM_FIELD_EDIT',NULL,'MENU_DISPLAY_NAME','Custom Field Edit Menu',NULL,'N'),('CUSTOM_FIELD_EDIT_NEW_DESC','CUSTOM_FIELD_EDIT_NEW',NULL,'MENU_DISPLAY_NAME','Create New Custom Field',NULL,'N'),('CUSTOM_FIELD_EDIT_NEW_PUB','CUSTOM_FIELD_EDIT_NEW',NULL,'MENU_IS_PUBLIC','true',NULL,'N'),('CUSTOM_FIELD_EDIT_PUB','CUSTOM_FIELD_EDIT',NULL,'MENU_IS_PUBLIC','true',NULL,'N'),('CUSTOM_FIELD_EDIT_SEARCH_DESC','CUSTOM_FIELD_EDIT_SEARCH',NULL,'MENU_DISPLAY_NAME','Back to Search',NULL,'N'),('CUSTOM_FIELD_EDIT_SEARCH_PUB','CUSTOM_FIELD_EDIT_SEARCH',NULL,'MENU_IS_PUBLIC','true',NULL,'N'),('CUSTOM_FIELD_NEW_DSC','CUSTOM_FIELD_NEW',NULL,'MENU_DISPLAY_NAME','Create New Custom Field',NULL,'N'),('CUSTOM_FIELD_NEW_PUB','CUSTOM_FIELD_NEW',NULL,'MENU_IS_PUBLIC','true',NULL,'N'),('CUSTOM_FIELD_ROOT_DESC','CUSTOM_FIELD_ROOT',NULL,'MENU_DISPLAY_NAME','Custom Field Root Menu',NULL,'N'),('CUSTOM_FIELD_ROOT_PUB','CUSTOM_FIELD_ROOT',NULL,'MENU_IS_PUBLIC','true',NULL,'N'),('CUSTOM_FIELD_SEARCH_CHILD_DESC','CUSTOM_FIELD_SEARCH_CHILD',NULL,'MENU_DISPLAY_NAME','Custom Fields',NULL,'N'),('CUSTOM_FIELD_SEARCH_CHILD_PUB','CUSTOM_FIELD_SEARCH_CHILD',NULL,'MENU_IS_PUBLIC','true',NULL,'N'),('CUSTOM_FIELD_SEARCH_DESC','CUSTOM_FIELD_SEARCH',NULL,'MENU_DISPLAY_NAME','Search Custom Fields',NULL,'N'),('CUSTOM_FIELD_SEARCH_PUB','CUSTOM_FIELD_SEARCH',NULL,'MENU_IS_PUBLIC','true',NULL,'N'),('DEACTIVATE_USER_VIS','DEACTIVATE_USER',NULL,'IS_VISIBLE','true',NULL,'N'),('DELG_FILTER_MENU_DISPLAY','DELG_FILTER',NULL,'MENU_DISPLAY_NAME','Delegation Filter',NULL,'N'),('DIR_LOOKUP_PAGE_DIS','DIR_LOOKUP_PAGE',NULL,'MENU_DISPLAY_NAME','Directory Lookup',NULL,'N'),('DIR_LOOKUP_PAGE_PUB','DIR_LOOKUP_PAGE',NULL,'MENU_IS_PUBLIC','true',NULL,'N'),('DISABLE_USER_VIS','DISABLE_USER',NULL,'IS_VISIBLE','true',NULL,'N'),('EDIT_BATCH_TASK_DESC','EDIT_BATCH_TASK',NULL,'MENU_DISPLAY_NAME','Edit Batch Task',NULL,'N'),('EDIT_BATCH_TASK_PUB','EDIT_BATCH_TASK',NULL,'MENU_IS_PUBLIC','true',NULL,'N'),('EDIT_GROUP_DESC','EDIT_GROUP',NULL,'MENU_DISPLAY_NAME','Edit Group',NULL,'N'),('EDIT_GROUP_PUB','EDIT_GROUP',NULL,'MENU_IS_PUBLIC','true',NULL,'N'),('EDIT_ORG_DESC','EDIT_ORG',NULL,'MENU_DISPLAY_NAME','Edit Organization',NULL,'N'),('EDIT_ORG_MEMBERSHIP_DESC','EDIT_ORG_MEMBERSHIP',NULL,'MENU_DISPLAY_NAME','Membership',NULL,'N'),('EDIT_ORG_MEMBERSHIP_PUB','EDIT_ORG_MEMBERSHIP',NULL,'MENU_IS_PUBLIC','true',NULL,'N'),('EDIT_ORG_PUB','EDIT_ORG',NULL,'MENU_IS_PUBLIC','true',NULL,'N'),('EDIT_ORG_TYPE_DESC','EDIT_ORG_TYPE',NULL,'MENU_DISPLAY_NAME','Edit Organization Type',NULL,'N'),('EDIT_ORG_TYPE_IDMAN_DESC','EDIT_ORG_TYPE_IDMAN',NULL,'MENU_DISPLAY_NAME','Organization Types',NULL,'N'),('EDIT_ORG_TYPE_IDMAN_PUB','EDIT_ORG_TYPE_IDMAN',NULL,'MENU_IS_PUBLIC','true',NULL,'N'),('EDIT_ORG_TYPE_PUB','EDIT_ORG_TYPE',NULL,'MENU_IS_PUBLIC','true',NULL,'N'),('EDIT_POLICY_ATTR_SRCH_BCK_DESC','EDIT_POLICY_ATTR_SRCH_BCK',NULL,'MENU_DISPLAY_NAME','Back to Search',NULL,'N'),('EDIT_POLICY_ATTR_SRCH_BCK_PUB','EDIT_POLICY_ATTR_SRCH_BCK',NULL,'MENU_IS_PUBLIC','true',NULL,'N'),('EDIT_RESOURCE_DIS','EDIT_RESOURCE',NULL,'MENU_DISPLAY_NAME','Edit Resource',NULL,'N'),('EDIT_RESOURCE_PUB','EDIT_RESOURCE',NULL,'MENU_IS_PUBLIC','true',NULL,'N'),('EDIT_ROLE_DESC','EDIT_ROLE',NULL,'MENU_DISPLAY_NAME','Edit Role',NULL,'N'),('EDIT_ROLE_PUB','EDIT_ROLE',NULL,'MENU_IS_PUBLIC','true',NULL,'N'),('ENABLE_USER_VIS','ENABLE_USER',NULL,'IS_VISIBLE','true',NULL,'N'),('GROUP_EDIT_MENU_DESC','GROUP_EDIT_MENU',NULL,'MENU_DISPLAY_NAME','Group Root Edit Menu',NULL,'N'),('GROUP_EDIT_MENU_PUB','GROUP_EDIT_MENU',NULL,'MENU_IS_PUBLIC','true',NULL,'N'),('GROUP_ENTITLEMENTS_DESC','GROUP_ENTITLEMENTS',NULL,'MENU_DISPLAY_NAME','Group Entitlements',NULL,'N'),('GROUP_ENTITLEMENTS_PUB','GROUP_ENTITLEMENTS',NULL,'MENU_IS_PUBLIC','true',NULL,'N'),('GROUP_IDENTITY_DESC','GROUP_IDENTITY',NULL,'MENU_DISPLAY_NAME','Identities',NULL,'N'),('GROUP_IDENTITY_PUB','GROUP_IDENTITY',NULL,'MENU_IS_PUBLIC','true',NULL,'N'),('GROUP_MENUS_DESC','GROUP_MENUS',NULL,'MENU_DISPLAY_NAME','Menus',NULL,'N'),('GROUP_MENUS_PUB','GROUP_MENUS',NULL,'MENU_IS_PUBLIC','false',NULL,'N'),('GROUP_ROOT_MENU_DESC','GROUP_ROOT_MENU',NULL,'MENU_DISPLAY_NAME','Group Root Menu',NULL,'N'),('GROUP_ROOT_MENU_PUB','GROUP_ROOT_MENU',NULL,'MENU_IS_PUBLIC','true',NULL,'N'),('GROUP_SEARCH_DESC','GROUP_SEARCH',NULL,'MENU_DISPLAY_NAME','Group Search',NULL,'N'),('GROUP_SEARCH_PUB','GROUP_SEARCH',NULL,'MENU_IS_PUBLIC','true',NULL,'N'),('GRP_APROVER_ASSOC_DN','GRP_APROVER_ASSOC',NULL,'MENU_DISPLAY_NAME','Approver Associations',NULL,'N'),('GRP_APROVER_ASSOC_PUB','GRP_APROVER_ASSOC',NULL,'MENU_IS_PUBLIC','true',NULL,'N'),('IDMAN_MENU_DISPLAY','IDMAN',NULL,'MENU_DISPLAY_NAME','User Admin',NULL,'N'),('IDMAN_MENU_ICON','IDMAN',NULL,'MENU_ICON','/openiam-ui-static/images/common/icons/user_manager.png',NULL,'N'),('IDM_MENU_DISPLAY','IDM',NULL,'MENU_DISPLAY_NAME','Identity',NULL,'N'),('IDM_MENU_PUBLIC','IDM',NULL,'MENU_IS_PUBLIC','true',NULL,'N'),('IDQUEST_MENU_DISPLAY','IDQUEST',NULL,'MENU_DISPLAY_NAME','Challenge Response',NULL,'N'),('IMPERSIONATION_MENU_DESC','IMPERSIONATION_MENU',NULL,'MENU_DISPLAY_NAME','Impersonation',NULL,'N'),('IMPERSIONATION_MENU_PUB','IMPERSIONATION_MENU',NULL,'MENU_IS_PUBLIC','true',NULL,'N'),('LOCATION_MENU_DISPLAY','LOCATION',NULL,'MENU_DISPLAY_NAME','Location',NULL,'N'),('LOCATION_VISIBLE','LOCATION',NULL,'IS_VISIBLE','false',NULL,'N'),('MANAGEREQ_MENU_DISPLAY','MANAGEREQ',NULL,'MENU_DISPLAY_NAME','Request History',NULL,'N'),('MANAGEREQ_VISIBLE','MANAGEREQ',NULL,'IS_VISIBLE','true',NULL,'N'),('MANUALRECON_DESC','MANUALRECON',NULL,'MENU_DISPLAY_NAME','Manual reconciliation',NULL,'N'),('MANUALRECON_VISIBLE','MANUALRECON',NULL,'IS_VISIBLE','false',NULL,'N'),('MENUS_SEARCH_DC','MENUS_SEARCH',NULL,'MENU_DISPLAY_NAME','Menus',NULL,'N'),('MENUS_SEARCH_PB','MENUS_SEARCH',NULL,'MENU_IS_PUBLIC','true',NULL,'N'),('METADATA_MENU_DISPLAY','METADATA',NULL,'MENU_DISPLAY_NAME','Metadata',NULL,'N'),('METADATA_VISIBLE','METADATA',NULL,'IS_VISIBLE','false',NULL,'N'),('META_ADMIN_DESC','META_ADMIN',NULL,'MENU_DISPLAY_NAME','Metadata Elements',NULL,'N'),('META_EDIT_DESC','META_EDIT',NULL,'MENU_DISPLAY_NAME','New MetaData',NULL,'N'),('META_SEARCH_DESC','META_SEARCH',NULL,'MENU_DISPLAY_NAME','MetaData Search',NULL,'N'),('META_TYPE_ADMIN_DESC','META_TYPE_ADMIN',NULL,'MENU_DISPLAY_NAME','Metadata Types',NULL,'N'),('META_TYPE_EDIT_DESC','META_TYPE_EDIT',NULL,'MENU_DISPLAY_NAME','New MetaData Type',NULL,'N'),('META_TYPE_SEARCH_DESC','META_TYPE_SEARCH',NULL,'MENU_DISPLAY_NAME','MetaData Type Search',NULL,'N'),('MNGSYS_DESC','MNGSYS_MENU_ITEM',NULL,'MENU_DISPLAY_NAME','Managed Systems',NULL,'N'),('MNGSYS_DSC','MNGSYS_NEW',NULL,'MENU_DISPLAY_NAME','Create Managed System',NULL,'N'),('MNGSYS_EDIT_DESC','MNGSYS_EDIT',NULL,'MENU_DISPLAY_NAME','Edit managed system',NULL,'N'),('MNGSYS_MENU_DISPLAY','MNGSYS',NULL,'MENU_DISPLAY_NAME','Managed System',NULL,'N'),('MNGSYS_NEW_PUB','MNGSYS_NEW',NULL,'MENU_IS_PUBLIC','true',NULL,'N'),('MNGSYS_PUB','MNGSYS_MENU_ITEM',NULL,'MENU_IS_PUBLIC','true',NULL,'N'),('MNG_SYS_VIEWER_DESC','MNG_SYS_VIEWER',NULL,'MENU_DISPLAY_NAME','Managed System Viewer',NULL,'N'),('MNG_SYS_VIEWER_PUB','MNG_SYS_VIEWER',NULL,'MENU_IS_PUBLIC','true',NULL,'N'),('NEWUSER-NOAPPRV_MENU_DISPLAY','NEWUSER-NOAPPRV',NULL,'MENU_DISPLAY_NAME','New User-NO Approver',NULL,'N'),('NEWUSER_MENU_DISPLAY','NEWUSER',NULL,'MENU_DISPLAY_NAME','New User',NULL,'N'),('NEWUSER_VISIBLE','NEWUSER',NULL,'IS_VISIBLE','true',NULL,'N'),('NEW_AUTHENTICATION_POLICY_DESC','NEW_AUTHENTICATION_POLICY',NULL,'MENU_DISPLAY_NAME','Create New Auth Policy',NULL,'N'),('NEW_AUTHENTICATION_POLICY_PUB','NEW_AUTHENTICATION_POLICY',NULL,'MENU_IS_PUBLIC','true',NULL,'N'),('NEW_AUTH_LVL_GRP_DN','NEW_AUTH_LVL_GRP',NULL,'MENU_DISPLAY_NAME','Create New Grouping',NULL,'N'),('NEW_AUTH_LVL_GRP_PB','NEW_AUTH_LVL_GRP',NULL,'MENU_IS_PUBLIC','true',NULL,'N'),('NEW_BATCH_TASK_DESC','NEW_BATCH_TASK',NULL,'MENU_DISPLAY_NAME','New Batch Task',NULL,'N'),('NEW_BATCH_TASK_PUB','NEW_BATCH_TASK',NULL,'MENU_IS_PUBLIC','true',NULL,'N'),('NEW_GROUP_DESC','NEW_GROUP',NULL,'MENU_DISPLAY_NAME','Create New Group',NULL,'N'),('NEW_GROUP_PUB','NEW_GROUP',NULL,'MENU_IS_PUBLIC','true',NULL,'N'),('NEW_ORG_DESC','NEW_ORG',NULL,'MENU_DISPLAY_NAME','Create New Organization',NULL,'N'),('NEW_ORG_PUB','NEW_ORG',NULL,'MENU_IS_PUBLIC','true',NULL,'N'),('NEW_ORG_TYPE_DESC','NEW_ORG_TYPE',NULL,'MENU_DISPLAY_NAME','New Organization Type',NULL,'N'),('NEW_ORG_TYPE_PUB','NEW_ORG_TYPE',NULL,'MENU_IS_PUBLIC','true',NULL,'N'),('NEW_PASSWORD_POLICY_DESC','NEW_PASSWORD_POLICY',NULL,'MENU_DISPLAY_NAME','Create New Pswd Policy',NULL,'N'),('NEW_PASSWORD_POLICY_PUB','NEW_PASSWORD_POLICY',NULL,'MENU_IS_PUBLIC','true',NULL,'N'),('NEW_POLICY_ATTR_DESC','NEW_POLICY_ATTR',NULL,'MENU_DISPLAY_NAME','New Attribute Policy',NULL,'N'),('NEW_POLICY_ATTR_PUB','NEW_POLICY_ATTR',NULL,'MENU_IS_PUBLIC','true',NULL,'N'),('NEW_ROLE_DESC','NEW_ROLE',NULL,'MENU_DISPLAY_NAME','Create New Role',NULL,'N'),('NEW_ROLE_PUB','NEW_ROLE',NULL,'MENU_IS_PUBLIC','true',NULL,'N'),('NEW_UI_THEME_DN','NEW_UI_THEME',NULL,'MENU_DISPLAY_NAME','New UI Theme',NULL,'N'),('NEW_UI_THEME_PB','NEW_UI_THEME',NULL,'MENU_IS_PUBLIC','true',NULL,'N'),('NEW_USER_DESC','NEW_USER',NULL,'MENU_DISPLAY_NAME','Create New User',NULL,'N'),('NEW_USER_PUB','NEW_USER',NULL,'MENU_IS_PUBLIC','true',NULL,'N'),('ORGANIZATION_EDIT_ID_DESC','ORGANIZATION_EDIT_ID',NULL,'MENU_DISPLAY_NAME','Organization Edit Menus',NULL,'N'),('ORGANIZATION_EDIT_ID_PUB','ORGANIZATION_EDIT_ID',NULL,'MENU_IS_PUBLIC','true',NULL,'N'),('ORGANIZATION_ROOT_ID_DESC','ORGANIZATION_ROOT_ID',NULL,'MENU_DISPLAY_NAME','Organization Root Menus',NULL,'N'),('ORGANIZATION_ROOT_ID_PUB','ORGANIZATION_ROOT_ID',NULL,'MENU_IS_PUBLIC','true',NULL,'N'),('ORG_APROVER_ASSOC_DN','ORG_APROVER_ASSOC',NULL,'MENU_DISPLAY_NAME','Approver Associations',NULL,'N'),('ORG_APROVER_ASSOC_PUB','ORG_APROVER_ASSOC',NULL,'MENU_IS_PUBLIC','true',NULL,'N'),('ORG_IDENTITY_DESC','ORG_IDENTITY',NULL,'MENU_DISPLAY_NAME','Identities',NULL,'N'),('ORG_IDENTITY_PUB','ORG_IDENTITY',NULL,'MENU_IS_PUBLIC','true',NULL,'N'),('ORG_MEMBERSHIP_DESC','ORG_MEMBERSHIP',NULL,'MENU_DISPLAY_NAME','Organization Membership',NULL,'N'),('ORG_MEMBERSHIP_PUB','ORG_MEMBERSHIP',NULL,'MENU_IS_PUBLIC','true',NULL,'N'),('ORG_MENU_DISPLAY','ORG',NULL,'MENU_DISPLAY_NAME','Organization',NULL,'N'),('ORG_MENU_PUBLIC','ORG',NULL,'MENU_IS_PUBLIC','true',NULL,'N'),('ORG_SEARCH_DESC','ORG_SEARCH',NULL,'MENU_DISPLAY_NAME','Organization Search',NULL,'N'),('ORG_SEARCH_PUB','ORG_SEARCH',NULL,'MENU_IS_PUBLIC','true',NULL,'N'),('ORG_TYPE_EDIT_SEARCH_DESC','ORG_TYPE_EDIT_SEARCH',NULL,'MENU_DISPLAY_NAME','Search Organization Types',NULL,'N'),('ORG_TYPE_EDIT_SEARCH_PUB','ORG_TYPE_EDIT_SEARCH',NULL,'MENU_IS_PUBLIC','true',NULL,'N'),('ORG_TYPE_SEARCH_DESC','ORG_TYPE_SEARCH',NULL,'MENU_DISPLAY_NAME','Search Organization Types',NULL,'N'),('ORG_TYPE_SEARCH_PUB','ORG_TYPE_SEARCH',NULL,'MENU_IS_PUBLIC','true',NULL,'N'),('ORG_TYPE_SUBMENU_EDIT_DESC','ORG_TYPE_SUBMENU_EDIT',NULL,'MENU_DISPLAY_NAME','Organization Type Edit',NULL,'N'),('ORG_TYPE_SUBMENU_EDIT_PUB','ORG_TYPE_SUBMENU_EDIT',NULL,'MENU_IS_PUBLIC','true',NULL,'N'),('ORG_TYPE_SUBMENU_ROOT_DESC','ORG_TYPE_SUBMENU_ROOT',NULL,'MENU_DISPLAY_NAME','Organization Type Root',NULL,'N'),('ORG_TYPE_SUBMENU_ROOT_PUB','ORG_TYPE_SUBMENU_ROOT',NULL,'MENU_IS_PUBLIC','true',NULL,'N'),('PAGE_TEMPLATE_EDIT_DESC','PAGE_TEMPLATE_EDIT',NULL,'MENU_DISPLAY_NAME','Page Template Edit Menu',NULL,'N'),('PAGE_TEMPLATE_EDIT_NEW_DESC','PAGE_TEMPLATE_EDIT_NEW',NULL,'MENU_DISPLAY_NAME','Create New Template',NULL,'N'),('PAGE_TEMPLATE_EDIT_NEW_PUB','PAGE_TEMPLATE_EDIT_NEW',NULL,'MENU_IS_PUBLIC','true',NULL,'N'),('PAGE_TEMPLATE_EDIT_PUB','PAGE_TEMPLATE_EDIT',NULL,'MENU_IS_PUBLIC','true',NULL,'N'),('PAGE_TEMPLATE_EDIT_SEARCH_DESC','PAGE_TEMPLATE_EDIT_SEARCH',NULL,'MENU_DISPLAY_NAME','Back to Search',NULL,'N'),('PAGE_TEMPLATE_EDIT_SEARCH_PUB','PAGE_TEMPLATE_EDIT_SEARCH',NULL,'MENU_IS_PUBLIC','true',NULL,'N'),('PAGE_TEMPLATE_NEW_DSC','PAGE_TEMPLATE_NEW',NULL,'MENU_DISPLAY_NAME','Create New Template',NULL,'N'),('PAGE_TEMPLATE_NEW_PUB','PAGE_TEMPLATE_NEW',NULL,'MENU_IS_PUBLIC','true',NULL,'N'),('PAGE_TEMPLATE_ROOT_DESC','PAGE_TEMPLATE_ROOT',NULL,'MENU_DISPLAY_NAME','Page Template Root Menu',NULL,'N'),('PAGE_TEMPLATE_ROOT_PUB','PAGE_TEMPLATE_ROOT',NULL,'MENU_IS_PUBLIC','true',NULL,'N'),('PAGE_TEMPLATE_SEARCH_DESC','PAGE_TEMPLATE_SEARCH',NULL,'MENU_DISPLAY_NAME','Search Page Templates',NULL,'N'),('PAGE_TEMPLATE_SEARCH_PUB','PAGE_TEMPLATE_SEARCH',NULL,'MENU_IS_PUBLIC','true',NULL,'N'),('PASSWORD_POLICY_EDIT_DESC','PASSWORD_POLICY_EDIT',NULL,'MENU_DISPLAY_NAME','Associate Policy Root Menu',NULL,'N'),('PASSWORD_POLICY_EDIT_PUB','PASSWORD_POLICY_EDIT',NULL,'MENU_IS_PUBLIC','true',NULL,'N'),('POLICY_ATTR_EDIT_ROOTT_DESC','POLICY_ATTR_EDIT_ROOT',NULL,'MENU_DISPLAY_NAME','Attribute Policy Edit Root Menu',NULL,'N'),('POLICY_ATTR_EDIT_ROOT_PUB','POLICY_ATTR_EDIT_ROOT',NULL,'MENU_IS_PUBLIC','true',NULL,'N'),('POLICY_ATTR_ROOT_DESC','POLICY_ATTR_ROOT',NULL,'MENU_DISPLAY_NAME','Attribute Policy Root Menu',NULL,'N'),('POLICY_ATTR_ROOT_PUB','POLICY_ATTR_ROOT',NULL,'MENU_IS_PUBLIC','true',NULL,'N'),('POLICY_MENU_DESC','PASSWORD_POLICY',NULL,'MENU_DISPLAY_NAME','Password Policy',NULL,'N'),('POLICY_MENU_PUB','PASSWORD_POLICY',NULL,'MENU_IS_PUBLIC','true',NULL,'N'),('POLICY_ROOT_MENU_DESC','PASSWORD_POLICY_ROOT_MENU',NULL,'MENU_DISPLAY_NAME','Password Policy Root Menu',NULL,'N'),('POLICY_ROOT_MENU_PUB','PASSWORD_POLICY_ROOT_MENU',NULL,'MENU_IS_PUBLIC','true',NULL,'N'),('PROFILE_MENU_DISPLAY','PROFILE',NULL,'MENU_DISPLAY_NAME','Edit Your Profile',NULL,'N'),('PROFILE_PIC_DESC','PROFILE_PIC',NULL,'MENU_DISPLAY_NAME','Edit Your Profile Picture',NULL,'N'),('PROFILE_PIC_PUB','PROFILE_PIC',NULL,'MENU_IS_PUBLIC','true',NULL,'N'),('PROFILE_VISIBLE','PROFILE',NULL,'IS_VISIBLE','true',NULL,'N'),('PROVCONNECT_DESC','PROVCONNECT_MENU_ITEM',NULL,'MENU_DISPLAY_NAME','Provisioning Connectors',NULL,'N'),('PROVCONNECT_MENU_DISPLAY','PROVCONNECT',NULL,'MENU_DISPLAY_NAME','Connectors',NULL,'N'),('PROVCONNECT_PUB','PROVCONNECT_MENU_ITEM',NULL,'MENU_IS_PUBLIC','true',NULL,'N'),('PROVISIONING_MENU_DISPLAY','PROVISIONING',NULL,'MENU_DISPLAY_NAME','Provisioning',NULL,'N'),('PROVISIONING_MENU_ICON','PROVISIONING',NULL,'MENU_ICON','/openiam-ui-static/images/common/icons/menu7.png',NULL,'N'),('PROV_CONNECTOR_DSC','PROV_CONNECTOR_NEW',NULL,'MENU_DISPLAY_NAME','Create New Connector',NULL,'N'),('PROV_CONNECTOR_NEW_PUB','PROV_CONNECTOR_NEW',NULL,'MENU_IS_PUBLIC','true',NULL,'N'),('REMOVE_USER_VIS','REMOVE_USER',NULL,'IS_VISIBLE','true',NULL,'N'),('REPORT_MENU_DISPLAY','REPORT',NULL,'MENU_DISPLAY_NAME','Manage Reports',NULL,'N'),('REPORT_VISIBLE','REPORT',NULL,'IS_VISIBLE','false',NULL,'N'),('REQINBOX_MENU_DISPLAY','REQINBOX',NULL,'MENU_DISPLAY_NAME','In-Box',NULL,'N'),('REQINBOX_VISIBLE','REQINBOX',NULL,'IS_VISIBLE','true',NULL,'N'),('REQUEST_APPROVAL_DESC','REQUEST_APPROVAL',NULL,'MENU_DISPLAY_NAME','Request Approval',NULL,'N'),('REQUEST_APPROVAL_DESC_ICON','REQUEST_APPROVAL',NULL,'MENU_ICON','/openiam-ui-static/images/common/icons/admin.png',NULL,'N'),('REQUEST_APPROVAL_PUB','REQUEST_APPROVAL',NULL,'MENU_IS_PUBLIC','false',NULL,'N'),('RESET_ACCOUNT_VIS','RESET_ACCOUNT',NULL,'IS_VISIBLE','true',NULL,'N'),('RESET_CHALLENGE_RESPONSE_VIS','RESET_CHALLENGE_RESPONSE',NULL,'IS_VISIBLE','true',NULL,'N'),('RESOURCE_EDIT_PAGE_ROOT_DIS','RESOURCE_EDIT_PAGE_ROOT',NULL,'MENU_DISPLAY_NAME','Resource Edit Page Root',NULL,'N'),('RESOURCE_EDIT_PAGE_ROOT_PUB','RESOURCE_EDIT_PAGE_ROOT',NULL,'MENU_IS_PUBLIC','true',NULL,'N'),('RESPOLICYMAP_MENU_DISPLAY','RESPOLICYMAP',NULL,'MENU_DISPLAY_NAME','Policy Map',NULL,'N'),('RESRECONCILE_MENU_DISPLAY','RESRECONCILE',NULL,'MENU_DISPLAY_NAME','Reconciliation',NULL,'N'),('RESSUMMARY_MENU_DISPLAY','RESSUMMARY',NULL,'MENU_DISPLAY_NAME','Resource Details',NULL,'N'),('RES_APROVER_ASSOC_DN','RES_APROVER_ASSOC',NULL,'MENU_DISPLAY_NAME','Approver Associations',NULL,'N'),('RES_APROVER_ASSOC_PUB','RES_APROVER_ASSOC',NULL,'MENU_IS_PUBLIC','true',NULL,'N'),('RES_ENT_SUB_DIS','RES_ENT_SUB',NULL,'MENU_DISPLAY_NAME','Entitlements',NULL,'N'),('RES_ENT_SUB_PUB','RES_ENT_SUB',NULL,'MENU_IS_PUBLIC','true',NULL,'N'),('RES_TYPE_DESC','RES_TYPE_ITEM',NULL,'MENU_DISPLAY_NAME','Resource Type',NULL,'N'),('RES_TYPE_NEW_DESC','RES_TYPE_NEW',NULL,'MENU_DISPLAY_NAME','New Resource Type',NULL,'N'),('ROLE_APROVER_ASSOC_DN','ROLE_APROVER_ASSOC',NULL,'MENU_DISPLAY_NAME','Approver Associations',NULL,'N'),('ROLE_APROVER_ASSOC_PUB','ROLE_APROVER_ASSOC',NULL,'MENU_IS_PUBLIC','true',NULL,'N'),('ROLE_EDIT_MENU_DESC','ROLE_EDIT_MENU',NULL,'MENU_DISPLAY_NAME','Role Root Edit Menu',NULL,'N'),('ROLE_EDIT_MENU_PUB','ROLE_EDIT_MENU',NULL,'MENU_IS_PUBLIC','true',NULL,'N'),('ROLE_ENTITLEMENTS_DESC','ROLE_ENTITLEMENTS',NULL,'MENU_DISPLAY_NAME','Role Entitlements',NULL,'N'),('ROLE_ENTITLEMENTS_PUB','ROLE_ENTITLEMENTS',NULL,'MENU_IS_PUBLIC','true',NULL,'N'),('ROLE_MENUS_DESC','ROLE_MENUS',NULL,'MENU_DISPLAY_NAME','Menus',NULL,'N'),('ROLE_MENUS_PUB','ROLE_MENUS',NULL,'MENU_IS_PUBLIC','false',NULL,'N'),('ROLE_ROOT_MENU_DESC','ROLE_ROOT_MENU',NULL,'MENU_DISPLAY_NAME','Role Root Menu',NULL,'N'),('ROLE_ROOT_MENU_PUB','ROLE_ROOT_MENU',NULL,'MENU_IS_PUBLIC','true',NULL,'N'),('ROLE_SEARCH_DESC','ROLE_SEARCH',NULL,'MENU_DISPLAY_NAME','Role Search',NULL,'N'),('ROLE_SEARCH_PUB','ROLE_SEARCH',NULL,'MENU_IS_PUBLIC','true',NULL,'N'),('SEARCH_BATCH_EDIT_DESC','SEARCH_BATCH_EDIT',NULL,'MENU_DISPLAY_NAME','Search Batch Tasks',NULL,'N'),('SEARCH_BATCH_EDIT_PUB','SEARCH_BATCH_EDIT',NULL,'MENU_IS_PUBLIC','true',NULL,'N'),('SEARCH_BATCH_NEW_DESC','SEARCH_BATCH_NEW',NULL,'MENU_DISPLAY_NAME','Search Batch Tasks',NULL,'N'),('SEARCH_BATCH_NEW_PUB','SEARCH_BATCH_NEW',NULL,'MENU_IS_PUBLIC','true',NULL,'N'),('SECURITY_GROUP_MENU_DISPLAY','SECURITY_GROUP',NULL,'MENU_DISPLAY_NAME','Group',NULL,'N'),('SECURITY_GROUP_PUB','SECURITY_GROUP',NULL,'MENU_IS_PUBLIC','true',NULL,'N'),('SECURITY_POLICY_MENU_DISPLAY','SECURITY_POLICY',NULL,'MENU_DISPLAY_NAME','Policy',NULL,'N'),('SECURITY_POLICY_MENU_ICON','SECURITY_POLICY',NULL,'MENU_ICON','/openiam-ui-static/images/common/icons/sso.png',NULL,'N'),('SECURITY_RES_MENU_DISPLAY','SECURITY_RES',NULL,'MENU_DISPLAY_NAME','Resource',NULL,'N'),('SECURITY_ROLE_MENU_DISPLAY','SECURITY_ROLE',NULL,'MENU_DISPLAY_NAME','Role',NULL,'N'),('SECURITY_ROLE_MENU_PUBLIC','SECURITY_ROLE',NULL,'MENU_IS_PUBLIC','true',NULL,'N'),('SEFSERV_ORG_PUBLIC','SELFSRVS_ACCESS_MNGMNT_ORG',NULL,'MENU_IS_PUBLIC','false',NULL,'N'),('SELFCENTER_MENU_DISPLAY','SELFCENTER',NULL,'MENU_DISPLAY_NAME','Self Service Center',NULL,'N'),('SELFCENTER_MENU_ICON','SELFCENTER',NULL,'MENU_ICON','/openiam-ui-static/images/common/icons/user_manager.png',NULL,'N'),('SELFSERVE_SUP_SUB_DESC','SELFSERVE_SUP_SUB',NULL,'MENU_DISPLAY_NAME','Superiors & Subordinates',NULL,'N'),('SELFSERVE_SUP_SUB_PUB','SELFSERVE_SUP_SUB',NULL,'MENU_IS_PUBLIC','true',NULL,'N'),('SELFSERVICE_EXT_DN','SELFSERVICE_EXT',NULL,'MENU_DISPLAY_NAME','SelfService Extension Root',NULL,'N'),('SELFSERVICE_EXT_PB','SELFSERVICE_EXT',NULL,'MENU_IS_PUBLIC','true',NULL,'N'),('SELFSERVICE_GROUPS_DN','SELFSERVICE_GROUPS',NULL,'MENU_DISPLAY_NAME','Groups',NULL,'N'),('SELFSERVICE_GROUPS_PUB','SELFSERVICE_GROUPS',NULL,'MENU_IS_PUBLIC','false',NULL,'N'),('SELFSERVICE_MENU_DISPLAY','SELFSERVICE',NULL,'MENU_DISPLAY_NAME','SELF SERVICE',NULL,'N'),('SELFSERVICE_MENU_PUBLIC','SELFSERVICE',NULL,'MENU_IS_PUBLIC','true',NULL,'N'),('SELFSERVICE_MYAPPS_DESC','SELFSERVICE_MYAPPS',NULL,'MENU_DISPLAY_NAME','My Applications',NULL,'N'),('SELFSERVICE_MYAPPS_MENU_ICON','SELFSERVICE_MYAPPS',NULL,'MENU_ICON','/openiam-ui-static/images/common/icons/sso.png',NULL,'N'),('SELFSERVICE_MYAPPS_PUB','SELFSERVICE_MYAPPS',NULL,'MENU_IS_PUBLIC','true',NULL,'N'),('SELFSERVICE_MYINFO_DESC','SELFSERVICE_MYINFO',NULL,'MENU_DISPLAY_NAME','My Info',NULL,'N'),('SELFSERVICE_MYINFO_MENU_ICON','SELFSERVICE_MYINFO',NULL,'MENU_ICON','/openiam-ui-static/images/common/icons/menu7.png',NULL,'N'),('SELFSERVICE_MYINFO_PUB','SELFSERVICE_MYINFO',NULL,'MENU_IS_PUBLIC','true',NULL,'N'),('SELFSERVICE_REPORT_DESC','SELFSERVICE_REPORT',NULL,'MENU_DISPLAY_NAME','Report',NULL,'N'),('SELFSERVICE_REPORT_DISPLAY','SELFSERVICE_REPORT',NULL,'MENU_ICON','/openiam-ui-static/images/common/icons/reports.png',NULL,'N'),('SELFSERVICE_REPORT_PUB','SELFSERVICE_REPORT',NULL,'MENU_IS_PUBLIC','true',NULL,'N'),('SELFSERVICE_RESOURCES_DN','SELFSERVICE_RESOURCES',NULL,'MENU_DISPLAY_NAME','Resources',NULL,'N'),('SELFSERVICE_RESOURCES_PUB','SELFSERVICE_RESOURCES',NULL,'MENU_IS_PUBLIC','false',NULL,'N'),('SELFSERVICE_ROLES_DN','SELFSERVICE_ROLES',NULL,'MENU_DISPLAY_NAME','Roles',NULL,'N'),('SELFSERVICE_ROLES_PUB','SELFSERVICE_ROLES',NULL,'MENU_IS_PUBLIC','false',NULL,'N'),('SELFSERV_GRP_BACK_SRCH_DN','SELFSERV_GRP_BACK_SRCH',NULL,'MENU_DISPLAY_NAME','Back to Search',NULL,'N'),('SELFSERV_GRP_BACK_SRCH_PUB','SELFSERV_GRP_BACK_SRCH',NULL,'MENU_IS_PUBLIC','true',NULL,'N'),('SELFSERV_GRP_EDIT_DN','SELFSERV_GRP_EDIT',NULL,'MENU_DISPLAY_NAME','Edit Group',NULL,'N'),('SELFSERV_GRP_EDIT_PUB','SELFSERV_GRP_EDIT',NULL,'MENU_IS_PUBLIC','true',NULL,'N'),('SELFSERV_GRP_NEW_DN','SELFSERV_GRP_NEW',NULL,'MENU_DISPLAY_NAME','Create New Group',NULL,'N'),('SELFSERV_GRP_NEW_PUB','SELFSERV_GRP_NEW',NULL,'MENU_IS_PUBLIC','true',NULL,'N'),('SELFSERV_ROLE_NEW_DN','SELFSERV_ROLE_NEW',NULL,'MENU_DISPLAY_NAME','Create New Role',NULL,'N'),('SELFSERV_ROLE_NEW_PB','SELFSERV_ROLE_NEW',NULL,'MENU_IS_PUBLIC','true',NULL,'N'),('SELFSERV_USER_EDIT_DESC','SELFSERV_USER_EDIT',NULL,'MENU_DISPLAY_NAME','Edit User',NULL,'N'),('SELFSERV_USER_EDIT_PUB','SELFSERV_USER_EDIT',NULL,'MENU_IS_PUBLIC','true',NULL,'N'),('SELFSERV_USER_MEMSHP_DES','SELFSERV_USER_MEMSHP',NULL,'MENU_DISPLAY_NAME','User Entitlements',NULL,'N'),('SELFSERV_USER_MEMSHP_PUB','SELFSERV_USER_MEMSHP',NULL,'MENU_IS_PUBLIC','true',NULL,'N'),('SELFSER_USER_LOGIN_DESC','SELFSER_USER_LOGIN',NULL,'MENU_DISPLAY_NAME','Identities',NULL,'N'),('SELFSER_USER_LOGIN_PUB','SELFSER_USER_LOGIN',NULL,'MENU_IS_PUBLIC','true',NULL,'N'),('SELFSER_USER_NEW_LOGIN_DESC','SELFSER_USER_NEW_LOGIN',NULL,'MENU_DISPLAY_NAME','Create New Identity',NULL,'N'),('SELFSER_USER_NEW_LOGIN_PUB','SELFSER_USER_NEW_LOGIN',NULL,'MENU_IS_PUBLIC','true',NULL,'N'),('SELFSRVS_ACCESS_MNGMNT_ORG_DESC','SELFSRVS_ACCESS_MNGMNT_ORG',NULL,'MENU_DISPLAY_NAME','Organizations',NULL,'N'),('SELFSRV_EXAMPLE_DN','SELFSRV_EXAMPLE',NULL,'MENU_DISPLAY_NAME','Example',NULL,'N'),('SELFSRV_EXAMPLE_PB','SELFSRV_EXAMPLE',NULL,'MENU_IS_PUBLIC','false',NULL,'N'),('SELFSRV_GRP_EDIT_ROOT_DESC','SELFSRV_GRP_EDIT_ROOT',NULL,'MENU_DISPLAY_NAME','SelfService Group Edit Root',NULL,'N'),('SELFSRV_GRP_EDIT_ROOT_DN','SELFSRV_GRP_EDIT_ROOT',NULL,'MENU_IS_PUBLIC','true',NULL,'N'),('SELFSRV_GRP_SRCH_ROOT_DESC','SELFSRV_GRP_SRCH_ROOT',NULL,'MENU_DISPLAY_NAME','SelfService Group Root',NULL,'N'),('SELFSRV_GRP_SRCH_ROOT_PUB','SELFSRV_GRP_SRCH_ROOT',NULL,'MENU_IS_PUBLIC','true',NULL,'N'),('SELFSRV_RES_BACK_SRCH_DN','SELFSRV_RES_BACK_SRCH',NULL,'MENU_DISPLAY_NAME','Back to Search',NULL,'N'),('SELFSRV_RES_BACK_SRCH_PUB','SELFSRV_RES_BACK_SRCH',NULL,'MENU_IS_PUBLIC','true',NULL,'N'),('SELFSRV_RES_EDIT_DN','SELFSRV_RES_EDIT',NULL,'MENU_DISPLAY_NAME','Edit Resource',NULL,'N'),('SELFSRV_RES_EDIT_PUB','SELFSRV_RES_EDIT',NULL,'MENU_IS_PUBLIC','true',NULL,'N'),('SELFSRV_RES_EDIT_ROOT_DESC','SELFSRV_RES_EDIT_ROOT',NULL,'MENU_DISPLAY_NAME','SelfService Resource Edit Root',NULL,'N'),('SELFSRV_RES_EDIT_ROOT_DN','SELFSRV_RES_EDIT_ROOT',NULL,'MENU_IS_PUBLIC','true',NULL,'N'),('SELFSRV_RES_NEW_DN','SELFSRV_RES_NEW',NULL,'MENU_DISPLAY_NAME','Create New Resource',NULL,'N'),('SELFSRV_RES_NEW_PB','SELFSRV_RES_NEW',NULL,'MENU_IS_PUBLIC','true',NULL,'N'),('SELFSRV_RES_SRCH_ROOT_DN','SELFSRV_RES_SRCH_ROOT',NULL,'MENU_DISPLAY_NAME','SelfService Resource Root',NULL,'N'),('SELFSRV_RES_SRCH_ROOT_PB','SELFSRV_RES_SRCH_ROOT',NULL,'MENU_IS_PUBLIC','true',NULL,'N'),('SELFSRV_ROLE_BACK_SRCH_DN','SELFSRV_ROLE_BACK_SRCH',NULL,'MENU_DISPLAY_NAME','Back to Search',NULL,'N'),('SELFSRV_ROLE_BACK_SRCH_PUB','SELFSRV_ROLE_BACK_SRCH',NULL,'MENU_IS_PUBLIC','true',NULL,'N'),('SELFSRV_ROLE_EDIT_DN','SELFSRV_ROLE_EDIT',NULL,'MENU_DISPLAY_NAME','Edit Role',NULL,'N'),('SELFSRV_ROLE_EDIT_PUB','SELFSRV_ROLE_EDIT',NULL,'MENU_IS_PUBLIC','true',NULL,'N'),('SELFSRV_ROLE_EDIT_ROOT_DESC','SELFSRV_ROLE_EDIT_ROOT',NULL,'MENU_DISPLAY_NAME','SelfService Role Edit Root',NULL,'N'),('SELFSRV_ROLE_EDIT_ROOT_DN','SELFSRV_ROLE_EDIT_ROOT',NULL,'MENU_IS_PUBLIC','true',NULL,'N'),('SELFSRV_ROLE_SRCH_ROOT_DN','SELFSRV_ROLE_SRCH_ROOT',NULL,'MENU_DISPLAY_NAME','SelfService Role Root',NULL,'N'),('SELFSRV_ROLE_SRCH_ROOT_PB','SELFSRV_ROLE_SRCH_ROOT',NULL,'MENU_IS_PUBLIC','true',NULL,'N'),('SELF_QUERYUSER_MENU_DISPLAY','SELF_QUERYUSER',NULL,'MENU_DISPLAY_NAME','Manage User',NULL,'N'),('SELF_REPORT_VIEWER_DESC','SELF_REPORT_VIEWER',NULL,'MENU_DISPLAY_NAME','Report Viewer',NULL,'N'),('SELF_REPORT_VIEWER_PUB','SELF_REPORT_VIEWER',NULL,'MENU_IS_PUBLIC','true',NULL,'N'),('SELF_SUB_ORGS_EDIT_DESC','SELF_SUB_ORGS_EDIT',NULL,'MENU_DISPLAY_NAME','Edit Organization',NULL,'N'),('SELF_SUB_ORGS_NEW_DESC','SELF_SUB_ORGS_NEW',NULL,'MENU_DISPLAY_NAME','New Organization',NULL,'N'),('SELF_SUB_ORGS_SEARCH_DESC','SELF_SUB_ORGS_SEARCH',NULL,'MENU_DISPLAY_NAME','Search Organization',NULL,'N'),('SELF_SUB_REPORT_NEW_DSC','SELF_SUB_REPORT_NEW',NULL,'MENU_DISPLAY_NAME','Subscribe Report',NULL,'N'),('SELF_SUB_REPORT_NEW_PUB','SELF_SUB_REPORT_NEW',NULL,'MENU_IS_PUBLIC','true',NULL,'N'),('SELF_SUB_REPORT_ROOT_DESC','SELF_SUB_REPORT_ROOT',NULL,'MENU_DISPLAY_NAME','Subscribe Report Root Menu',NULL,'N'),('SELF_SUB_REPORT_ROOT_PUB','SELF_SUB_REPORT_ROOT',NULL,'MENU_IS_PUBLIC','true',NULL,'N'),('SELF_VIEW_REPORT_NEW_DSC','SELF_VIEW_REPORT_NEW',NULL,'MENU_DISPLAY_NAME','Create New View Report',NULL,'N'),('SELF_VIEW_REPORT_NEW_PUB','SELF_VIEW_REPORT_NEW',NULL,'MENU_IS_PUBLIC','true',NULL,'N'),('SELF_VIEW_REPORT_ROOT_DESC','SELF_VIEW_REPORT_ROOT',NULL,'MENU_DISPLAY_NAME','View Report Root Menu',NULL,'N'),('SELF_VIEW_REPORT_ROOT_PUB','SELF_VIEW_REPORT_ROOT',NULL,'MENU_IS_PUBLIC','true',NULL,'N'),('SS_ACCESS_REVIEW_DESC','SELFSERV_ACCESS_REVIEW',NULL,'MENU_DISPLAY_NAME','Access Review',NULL,'N'),('SS_ACCESS_REVIEW_PUB','SELFSERV_ACCESS_REVIEW',NULL,'MENU_IS_PUBLIC','true',NULL,'N'),('SS_GRP_ENT_DN','SS_GRP_ENT',NULL,'MENU_DISPLAY_NAME','Entitlements',NULL,'N'),('SS_GRP_ENT_PB','SS_GRP_ENT',NULL,'MENU_IS_PUBLIC','true',NULL,'N'),('SS_ORG_BACK_SEARCH_DN','SS_ORG_BACK_SEARCH',NULL,'MENU_DISPLAY_NAME','Back to Search',NULL,'N'),('SS_ORG_BACK_SEARCH_PUB','SS_ORG_BACK_SEARCH',NULL,'MENU_IS_PUBLIC','true',NULL,'N'),('SS_RES_ENT_DN','SS_RES_ENT',NULL,'MENU_DISPLAY_NAME','Entitlements',NULL,'N'),('SS_RES_ENT_PB','SS_RES_ENT',NULL,'MENU_IS_PUBLIC','true',NULL,'N'),('SS_ROLE_ENT_DN','SS_ROLE_ENT',NULL,'MENU_DISPLAY_NAME','Entitlements',NULL,'N'),('SS_ROLE_ENT_PB','SS_ROLE_ENT',NULL,'MENU_IS_PUBLIC','true',NULL,'N'),('SS_USR_EDIT_RT_DESC','SELFSERV_USER_EDIT_ROOT',NULL,'MENU_DISPLAY_NAME','SelfService Edit User Root',NULL,'N'),('SS_USR_EDIT_RT_PUB','SELFSERV_USER_EDIT_ROOT',NULL,'MENU_IS_PUBLIC','true',NULL,'N'),('SUBSCRIBE_MENU_DESC','SUBSCRIBE',NULL,'MENU_DISPLAY_NAME','Subscribe',NULL,'N'),('SUBSCRIBE_MENU_PUB','SUBSCRIBE',NULL,'MENU_IS_PUBLIC','true',NULL,'N'),('SUP_SUB_PAGE_DIS','SUP_SUB_PAGE',NULL,'MENU_DISPLAY_NAME','Superiors & Subordinates',NULL,'N'),('SUP_SUB_PAGE_PUB','SUP_SUB_PAGE',NULL,'MENU_IS_PUBLIC','false',NULL,'N'),('SYNCLOG_ADMIN_DESC','SYNCLOG',NULL,'MENU_DISPLAY_NAME','Log Viewer',NULL,'N'),('SYNCLOG_ADMIN_PUB','SYNCLOG',NULL,'MENU_IS_PUBLIC','true',NULL,'N'),('SYNCLOG_DESC','SYNCLOG_MENU_ITEM',NULL,'MENU_DISPLAY_NAME','Synchronization Transaction Log Viewer',NULL,'N'),('SYNCLOG_PUB','SYNCLOG_MENU_ITEM',NULL,'MENU_IS_PUBLIC','true',NULL,'N'),('SYNCUSER_DESC','SYNCUSER_MENU_ITEM',NULL,'MENU_DISPLAY_NAME','Synchronization',NULL,'N'),('SYNCUSER_EDIT_DESC','SYNCUSER_EDIT',NULL,'MENU_DISPLAY_NAME','Edit Synchronization',NULL,'N'),('SYNCUSER_EDIT_PUB','SYNCUSER_EDIT',NULL,'MENU_IS_PUBLIC','true',NULL,'N'),('SYNCUSER_MENU_DISPLAY','SYNCUSER',NULL,'MENU_DISPLAY_NAME','Synchronization',NULL,'N'),('SYNCUSER_NEW_DESC','SYNCUSER_NEW',NULL,'MENU_DISPLAY_NAME','Create Synchronization',NULL,'N'),('SYNCUSER_NEW_PUB','SYNCUSER_NEW',NULL,'MENU_IS_PUBLIC','true',NULL,'N'),('SYNCUSER_POLICYMAP_DESC','SYNCUSER_POLICYMAP',NULL,'MENU_DISPLAY_NAME','Policy Map',NULL,'N'),('SYNCUSER_POLICYMAP_PUB','SYNCUSER_POLICYMAP',NULL,'MENU_IS_PUBLIC','true',NULL,'N'),('SYNCUSER_PUB','SYNCUSER_MENU_ITEM',NULL,'MENU_IS_PUBLIC','true',NULL,'N'),('SYNCUSER_REVIEW_DESC','SYNCUSER_REVIEW',NULL,'MENU_DISPLAY_NAME','Synchronization Review',NULL,'N'),('SYNCUSER_REVIEW_PUB','SYNCUSER_REVIEW',NULL,'MENU_IS_PUBLIC','true',NULL,'N'),('TEMPLATE_SEARCH_CHILD_DESC','TEMPLATE_SEARCH_CHILD',NULL,'MENU_DISPLAY_NAME','Page Template',NULL,'N'),('TEMPLATE_SEARCH_CHILD_PUB','TEMPLATE_SEARCH_CHILD',NULL,'MENU_IS_PUBLIC','true',NULL,'N'),('UI_THEMES_DN','UI_THEMES',NULL,'MENU_DISPLAY_NAME','UI Themes',NULL,'N'),('UI_THEMES_PB','UI_THEMES',NULL,'MENU_IS_PUBLIC','true',NULL,'N'),('UI_THEME_BACK_SRCH_DN','UI_THEME_BACK_SRCH',NULL,'MENU_DISPLAY_NAME','Back to Search',NULL,'N'),('UI_THEME_BACK_SRCH_PB','UI_THEME_BACK_SRCH',NULL,'MENU_IS_PUBLIC','true',NULL,'N'),('UI_THEME_EDIT_DN','UI_THEME_EDIT',NULL,'MENU_DISPLAY_NAME','UI Theme Edit',NULL,'N'),('UI_THEME_EDIT_MODIFY_DN','UI_THEME_EDIT_MODIFY',NULL,'MENU_DISPLAY_NAME','Edit UI Theme',NULL,'N'),('UI_THEME_EDIT_MODIFY_PB','UI_THEME_EDIT_MODIFY',NULL,'MENU_IS_PUBLIC','true',NULL,'N'),('UI_THEME_EDIT_PB','UI_THEME_EDIT',NULL,'MENU_IS_PUBLIC','true',NULL,'N'),('UI_THEME_ROOT_DN','UI_THEME_ROOT',NULL,'MENU_DISPLAY_NAME','UI Theme Root',NULL,'N'),('UI_THEME_ROOT_PB','UI_THEME_ROOT',NULL,'MENU_IS_PUBLIC','true',NULL,'N'),('UI_THEME_ROOT_SRCH_DN','UI_THEME_ROOT_SRCH',NULL,'MENU_DISPLAY_NAME','Search UI Themes',NULL,'N'),('UI_THEME_ROOT_SRCH_PB','UI_THEME_ROOT_SRCH',NULL,'MENU_IS_PUBLIC','true',NULL,'N'),('URI_META_BACK_DESC','URI_META_BACK',NULL,'MENU_DISPLAY_NAME','Back To Pattern',NULL,'N'),('URI_META_BACK_PUB','URI_META_BACK',NULL,'MENU_IS_PUBLIC','true',NULL,'N'),('URI_META_EDIT_DESC','URI_META_EDIT',NULL,'MENU_DISPLAY_NAME','URI Meta Root Item',NULL,'N'),('URI_META_EDIT_PUB','URI_META_EDIT',NULL,'MENU_IS_PUBLIC','true',NULL,'N'),('URI_PATTERN_EDIT_DESC','URI_PATTERN_EDIT',NULL,'MENU_DISPLAY_NAME','URI Pattern Edit Menu',NULL,'N'),('URI_PATTERN_EDIT_PATTERN_DESC','URI_PATTERN_EDIT_PATTERN',NULL,'MENU_DISPLAY_NAME','Edit URI Pattern',NULL,'N'),('URI_PATTERN_EDIT_PATTERN_PUB','URI_PATTERN_EDIT_PATTERN',NULL,'MENU_IS_PUBLIC','true',NULL,'N'),('URI_PATTERN_EDIT_PUB','URI_PATTERN_EDIT',NULL,'MENU_IS_PUBLIC','true',NULL,'N'),('URI_PATTERN_EDNW_PATTERN_DESC','URI_PATTERN_EDIT_NEW_PATTERN',NULL,'MENU_DISPLAY_NAME','Create URI Pattern',NULL,'N'),('URI_PATTERN_EDNW_PATTERN_PUB','URI_PATTERN_EDIT_NEW_PATTERN',NULL,'MENU_IS_PUBLIC','true',NULL,'N'),('URI_PATTERN_EDT_PROV_SEARCH_DESC','URI_PATTERN_EDT_PROV_SEARCH',NULL,'MENU_DISPLAY_NAME','Content Provider Search',NULL,'N'),('URI_PATTERN_EDT_PROV_SEARCH_PUB','URI_PATTERN_EDT_PROV_SEARCH',NULL,'MENU_IS_PUBLIC','true',NULL,'N'),('USER_ATTRIBUTES_DESC','USER_ATTRIBUTES',NULL,'MENU_DISPLAY_NAME','User Attributes',NULL,'N'),('USER_ATTRIBUTES_PUB','USER_ATTRIBUTES',NULL,'MENU_IS_PUBLIC','true',NULL,'N'),('USER_BULK_MENU_DISPLAY','USER_BULK',NULL,'MENU_DISPLAY_NAME','User Bulk Ops',NULL,'N'),('USER_BULK_VISIBLE','USER_BULK',NULL,'IS_VISIBLE','false',NULL,'N'),('USER_DELEGATION_DESC','USER_DELEGATION',NULL,'MENU_DISPLAY_NAME','User Delegation Filter',NULL,'N'),('USER_DELEGATION_PUB','USER_DELEGATION',NULL,'MENU_IS_PUBLIC','false',NULL,'N'),('USER_EDIT_CONTACT_INFO_DESC','USER_EDIT_CONTACT_INFO',NULL,'MENU_DISPLAY_NAME','Contact Info',NULL,'N'),('USER_EDIT_CONTACT_INFO_PUB','USER_EDIT_CONTACT_INFO',NULL,'MENU_IS_PUBLIC','true',NULL,'N'),('USER_EDIT_INFO_DESC','USER_EDIT_INFO',NULL,'MENU_DISPLAY_NAME','User Info',NULL,'N'),('USER_EDIT_INFO_PUB','USER_EDIT_INFO',NULL,'MENU_IS_PUBLIC','true',NULL,'N'),('USER_EDIT_MENU_DESC','USER_EDIT_MENU',NULL,'MENU_DISPLAY_NAME','User Root Edit Menu',NULL,'N'),('USER_EDIT_MENU_PUB','USER_EDIT_MENU',NULL,'MENU_IS_PUBLIC','true',NULL,'N'),('USER_ENTITLEMENTS_DESC','USER_ENTITLEMENTS',NULL,'MENU_DISPLAY_NAME','User Entitlements',NULL,'N'),('USER_ENTITLEMENTS_PAGE_VIS','USER_ENTITLEMENTS_PAGE',NULL,'IS_VISIBLE','true',NULL,'N'),('USER_ENTITLEMENTS_PUB','USER_ENTITLEMENTS',NULL,'MENU_IS_PUBLIC','true',NULL,'N'),('USER_GROUPS_MEMBERSHIP_VIS','USER_GROUPS_MEMBERSHIP',NULL,'IS_VISIBLE','true',NULL,'N'),('USER_HISTORY_DESC','USER_HISTORY',NULL,'MENU_DISPLAY_NAME','User History',NULL,'N'),('USER_HISTORY_PUB','USER_HISTORY',NULL,'MENU_IS_PUBLIC','true',NULL,'N'),('USER_IDENTITY_DESC','USER_IDENTITY',NULL,'MENU_DISPLAY_NAME','User Identities',NULL,'N'),('USER_IDENTITY_PUB','USER_IDENTITY',NULL,'MENU_IS_PUBLIC','true',NULL,'N'),('USER_INFO_PAGE_VIS','USER_INFO_PAGE',NULL,'IS_VISIBLE','true',NULL,'N'),('USER_MENUS_DESC','USER_MENUS',NULL,'MENU_DISPLAY_NAME','Menus',NULL,'N'),('USER_MENUS_PUB','USER_MENUS',NULL,'MENU_IS_PUBLIC','false',NULL,'N'),('USER_MENU_DESC','USER',NULL,'MENU_DISPLAY_NAME','User',NULL,'N'),('USER_MENU_PUB','USER',NULL,'MENU_IS_PUBLIC','true',NULL,'N'),('USER_ORG_MEMBERSHIP_VIS','USER_ORG_MEMBERSHIP',NULL,'IS_VISIBLE','true',NULL,'N'),('USER_RESET_PASSWORD_DESC','USER_RESET_PASSWORD',NULL,'MENU_DISPLAY_NAME','Reset Password',NULL,'N'),('USER_RESET_PASSWORD_PUB','USER_RESET_PASSWORD',NULL,'MENU_IS_PUBLIC','true',NULL,'N'),('USER_RES_MEMBERSHIP_VIS','USER_RES_MEMBERSHIP',NULL,'IS_VISIBLE','true',NULL,'N'),('USER_ROLES_MEMBERSHIP_VIS','USER_ROLES_MEMBERSHIP',NULL,'IS_VISIBLE','true',NULL,'N'),('USER_ROOT_MENU_DESC','USER_ROOT_MENU',NULL,'MENU_DISPLAY_NAME','User Root Menu',NULL,'N'),('USER_ROOT_MENU_PUB','USER_ROOT_MENU',NULL,'MENU_IS_PUBLIC','true',NULL,'N'),('USER_SEARCH_DESC','USER_SEARCH',NULL,'MENU_DISPLAY_NAME','User Search',NULL,'N'),('USER_SEARCH_PUB','USER_SEARCH',NULL,'MENU_IS_PUBLIC','true',NULL,'N'),('VIEW_MENU_DESC','VIEW',NULL,'MENU_DISPLAY_NAME','View',NULL,'N'),('VIEW_MENU_PUB','VIEW',NULL,'MENU_IS_PUBLIC','true',NULL,'N'),('WEB_REPORT_DESC','WEB_REPORT',NULL,'MENU_DISPLAY_NAME','Report',NULL,'N'),('WEB_REPORT_DISPLAY','WEB_REPORT',NULL,'MENU_ICON','/openiam-ui-static/images/common/icons/reports.png',NULL,'N'),('WEB_REPORT_NEW_DSC','WEB_REPORT_NEW',NULL,'MENU_DISPLAY_NAME','Create New Report',NULL,'N'),('WEB_REPORT_NEW_PUB','WEB_REPORT_NEW',NULL,'MENU_IS_PUBLIC','true',NULL,'N'),('WEB_REPORT_PUB','WEB_REPORT',NULL,'MENU_IS_PUBLIC','true',NULL,'N'),('WEB_REPORT_ROOT_DESC','WEB_REPORT_ROOT',NULL,'MENU_DISPLAY_NAME','Report Root Menu',NULL,'N'),('WEB_REPORT_ROOT_PUB','WEB_REPORT_ROOT',NULL,'MENU_IS_PUBLIC','true',NULL,'N');

Insert into RESOURCE_ROLE (RESOURCE_ID,START_DATE,ROLE_ID) values ('ACCESSCENTER',null,'2');
Insert into RESOURCE_ROLE (RESOURCE_ID,START_DATE,ROLE_ID) values ('ACCESSCENTER',null,'4');
Insert into RESOURCE_ROLE (RESOURCE_ID,START_DATE,ROLE_ID) values ('CHNGPSWD',null,'1');
Insert into RESOURCE_ROLE (RESOURCE_ID,START_DATE,ROLE_ID) values ('CHNGPSWD',null,'2');
Insert into RESOURCE_ROLE (RESOURCE_ID,START_DATE,ROLE_ID) values ('IDQUEST',null,'1');
Insert into RESOURCE_ROLE (RESOURCE_ID,START_DATE,ROLE_ID) values ('IDQUEST',null,'2');
Insert into RESOURCE_ROLE (RESOURCE_ID,START_DATE,ROLE_ID) values ('MANAGEREQ',null,'4');
Insert into RESOURCE_ROLE (RESOURCE_ID,START_DATE,ROLE_ID) values ('NEWUSER',null,'4');
Insert into RESOURCE_ROLE (RESOURCE_ID,START_DATE,ROLE_ID) values ('NEWUSER-NOAPPRV',null,'4');
Insert into RESOURCE_ROLE (RESOURCE_ID,START_DATE,ROLE_ID) values ('PROFILE',null,'1');
Insert into RESOURCE_ROLE (RESOURCE_ID,START_DATE,ROLE_ID) values ('PROFILE',null,'2');
Insert into RESOURCE_ROLE (RESOURCE_ID,START_DATE,ROLE_ID) values ('REQINBOX',null,'4');
Insert into RESOURCE_ROLE (RESOURCE_ID,START_DATE,ROLE_ID) values ('SELFCENTER',null,'1');
Insert into RESOURCE_ROLE (RESOURCE_ID,START_DATE,ROLE_ID) values ('SELFCENTER',null,'2');
Insert into RESOURCE_ROLE (RESOURCE_ID,START_DATE,ROLE_ID) values ('SELFSERVICE',null,'1');
Insert into RESOURCE_ROLE (RESOURCE_ID,START_DATE,ROLE_ID) values ('SELFSERVICE',null,'2');
Insert into RESOURCE_ROLE (RESOURCE_ID,START_DATE,ROLE_ID) values ('SELF_QUERYUSER',null,'2');
Insert into RESOURCE_ROLE (RESOURCE_ID,START_DATE,ROLE_ID) values ('CREATEREQ',null,'1');
Insert into RESOURCE_ROLE (RESOURCE_ID,START_DATE,ROLE_ID) values ('REQUEST_APPROVAL',null,'4');
Insert into RESOURCE_ROLE (RESOURCE_ID,START_DATE,ROLE_ID) values ('SELFSERVICE_GROUPS',null,'2');
Insert into RESOURCE_ROLE (RESOURCE_ID,START_DATE,ROLE_ID) values ('SELFSERVICE_ROLES',null,'2');
Insert into RESOURCE_ROLE (RESOURCE_ID,START_DATE,ROLE_ID) values ('SELFSERVICE_RESOURCES',null,'2');
Insert into RESOURCE_ROLE (RESOURCE_ID,START_DATE,ROLE_ID) values ('SELFSRVS_ACCESS_MNGMNT_ORG',null,'2');
Insert into RESOURCE_ROLE (RESOURCE_ID,START_DATE,ROLE_ID) values ('IMPERSONATION_ACCESS',null,'9');
Insert into RESOURCE_ROLE (RESOURCE_ID,START_DATE,ROLE_ID) values ('ACCESSCENTER',null,'9');
Insert into RESOURCE_ROLE (RESOURCE_ID,START_DATE,ROLE_ID) values ('ACC_CONTROL',null,'9');
Insert into RESOURCE_ROLE (RESOURCE_ID,START_DATE,ROLE_ID) values ('ADMIN',null,'9');
Insert into RESOURCE_ROLE (RESOURCE_ID,START_DATE,ROLE_ID) values ('ADMIN_BATCH_TASKS',null,'9');
Insert into RESOURCE_ROLE (RESOURCE_ID,START_DATE,ROLE_ID) values ('AM_PROV_AM_ATTR',null,'9');
Insert into RESOURCE_ROLE (RESOURCE_ID,START_DATE,ROLE_ID) values ('AM_PROV_EDIT',null,'9');
Insert into RESOURCE_ROLE (RESOURCE_ID,START_DATE,ROLE_ID) values ('AM_PROV_EDIT_CURRENT',null,'9');
Insert into RESOURCE_ROLE (RESOURCE_ID,START_DATE,ROLE_ID) values ('AM_PROV_EDIT_SEARCH',null,'9');
Insert into RESOURCE_ROLE (RESOURCE_ID,START_DATE,ROLE_ID) values ('AM_PROV_NEW',null,'9');
Insert into RESOURCE_ROLE (RESOURCE_ID,START_DATE,ROLE_ID) values ('AM_PROV_NEW_EDIT',null,'9');
Insert into RESOURCE_ROLE (RESOURCE_ID,START_DATE,ROLE_ID) values ('AM_PROV_ROOT',null,'9');
Insert into RESOURCE_ROLE (RESOURCE_ID,START_DATE,ROLE_ID) values ('AM_PROV_SEARCH',null,'9');
Insert into RESOURCE_ROLE (RESOURCE_ID,START_DATE,ROLE_ID) values ('AM_PROV_SEARCH_CHILD',null,'9');
Insert into RESOURCE_ROLE (RESOURCE_ID,START_DATE,ROLE_ID) values ('ASSOC_POLICY',null,'9');
Insert into RESOURCE_ROLE (RESOURCE_ID,START_DATE,ROLE_ID) values ('ATTRIBUTE_POLICY',null,'9');
Insert into RESOURCE_ROLE (RESOURCE_ID,START_DATE,ROLE_ID) values ('AUDITREPORT',null,'9');
Insert into RESOURCE_ROLE (RESOURCE_ID,START_DATE,ROLE_ID) values ('AUDIT_RPT',null,'9');
Insert into RESOURCE_ROLE (RESOURCE_ID,START_DATE,ROLE_ID) values ('AUTHENTICATION_POLICY',null,'9');
Insert into RESOURCE_ROLE (RESOURCE_ID,START_DATE,ROLE_ID) values ('AUTHENTICATION_POLICY_ROOT_MENU',null,'9');
Insert into RESOURCE_ROLE (RESOURCE_ID,START_DATE,ROLE_ID) values ('AUTH_LEVEL_GRP',null,'9');
Insert into RESOURCE_ROLE (RESOURCE_ID,START_DATE,ROLE_ID) values ('AUTH_LVL_GRP_ATTR',null,'9');
Insert into RESOURCE_ROLE (RESOURCE_ID,START_DATE,ROLE_ID) values ('AUTH_LVL_GRP_EDIT_ROOT',null,'9');
Insert into RESOURCE_ROLE (RESOURCE_ID,START_DATE,ROLE_ID) values ('AUTH_LVL_GRP_NEW_ROOT',null,'9');
Insert into RESOURCE_ROLE (RESOURCE_ID,START_DATE,ROLE_ID) values ('BACK_TO_AUTH_LVL',null,'9');
Insert into RESOURCE_ROLE (RESOURCE_ID,START_DATE,ROLE_ID) values ('BACK_TO_AUTH_LVL_GRP_SRH',null,'9');
Insert into RESOURCE_ROLE (RESOURCE_ID,START_DATE,ROLE_ID) values ('BACK_TO_CP',null,'9');
Insert into RESOURCE_ROLE (RESOURCE_ID,START_DATE,ROLE_ID) values ('BATCH_PROC',null,'9');
Insert into RESOURCE_ROLE (RESOURCE_ID,START_DATE,ROLE_ID) values ('BATCH_TASK_EDIT',null,'9');
Insert into RESOURCE_ROLE (RESOURCE_ID,START_DATE,ROLE_ID) values ('BATCH_TASK_ROOT',null,'9');
Insert into RESOURCE_ROLE (RESOURCE_ID,START_DATE,ROLE_ID) values ('BULK_OPS',null,'9');
Insert into RESOURCE_ROLE (RESOURCE_ID,START_DATE,ROLE_ID) values ('CHALLENGE',null,'9');
Insert into RESOURCE_ROLE (RESOURCE_ID,START_DATE,ROLE_ID) values ('CHALLENGE_RESPONSE_QUESTION',null,'9');
Insert into RESOURCE_ROLE (RESOURCE_ID,START_DATE,ROLE_ID) values ('CHALLENGE_RESPONSE_QUESTION_NEW',null,'9');
Insert into RESOURCE_ROLE (RESOURCE_ID,START_DATE,ROLE_ID) values ('CHALLENGE_RESPONSE_QUESTION_ROOT',null,'9');
Insert into RESOURCE_ROLE (RESOURCE_ID,START_DATE,ROLE_ID) values ('CHNGPSWD',null,'9');
Insert into RESOURCE_ROLE (RESOURCE_ID,START_DATE,ROLE_ID) values ('CONF_POLICY_PAGE',null,'9');
Insert into RESOURCE_ROLE (RESOURCE_ID,START_DATE,ROLE_ID) values ('CONTENT_PROV_EDIT',null,'9');
Insert into RESOURCE_ROLE (RESOURCE_ID,START_DATE,ROLE_ID) values ('CONTENT_PROV_EDIT_CURRENT',null,'9');
Insert into RESOURCE_ROLE (RESOURCE_ID,START_DATE,ROLE_ID) values ('CONTENT_PROV_EDIT_SEARCH',null,'9');
Insert into RESOURCE_ROLE (RESOURCE_ID,START_DATE,ROLE_ID) values ('CONTENT_PROV_NEW',null,'9');
Insert into RESOURCE_ROLE (RESOURCE_ID,START_DATE,ROLE_ID) values ('CONTENT_PROV_NEW_EDIT',null,'9');
Insert into RESOURCE_ROLE (RESOURCE_ID,START_DATE,ROLE_ID) values ('CONTENT_PROV_ROOT',null,'9');
Insert into RESOURCE_ROLE (RESOURCE_ID,START_DATE,ROLE_ID) values ('CONTENT_PROV_SEARCH',null,'9');
Insert into RESOURCE_ROLE (RESOURCE_ID,START_DATE,ROLE_ID) values ('CONTENT_PROV_SEARCH_CHILD',null,'9');
Insert into RESOURCE_ROLE (RESOURCE_ID,START_DATE,ROLE_ID) values ('CREATEREQ',null,'9');
Insert into RESOURCE_ROLE (RESOURCE_ID,START_DATE,ROLE_ID) values ('CREATE_RESOURCE_MENU',null,'9');
Insert into RESOURCE_ROLE (RESOURCE_ID,START_DATE,ROLE_ID) values ('CUSTOM_FIELD_EDIT',null,'9');
Insert into RESOURCE_ROLE (RESOURCE_ID,START_DATE,ROLE_ID) values ('CUSTOM_FIELD_EDIT_NEW',null,'9');
Insert into RESOURCE_ROLE (RESOURCE_ID,START_DATE,ROLE_ID) values ('CUSTOM_FIELD_EDIT_SEARCH',null,'9');
Insert into RESOURCE_ROLE (RESOURCE_ID,START_DATE,ROLE_ID) values ('CUSTOM_FIELD_NEW',null,'9');
Insert into RESOURCE_ROLE (RESOURCE_ID,START_DATE,ROLE_ID) values ('CUSTOM_FIELD_ROOT',null,'9');
Insert into RESOURCE_ROLE (RESOURCE_ID,START_DATE,ROLE_ID) values ('CUSTOM_FIELD_SEARCH',null,'9');
Insert into RESOURCE_ROLE (RESOURCE_ID,START_DATE,ROLE_ID) values ('CUSTOM_FIELD_SEARCH_CHILD',null,'9');
Insert into RESOURCE_ROLE (RESOURCE_ID,START_DATE,ROLE_ID) values ('DELG_FILTER',null,'9');
Insert into RESOURCE_ROLE (RESOURCE_ID,START_DATE,ROLE_ID) values ('DIR_LOOKUP_PAGE',null,'9');
Insert into RESOURCE_ROLE (RESOURCE_ID,START_DATE,ROLE_ID) values ('EDIT_BATCH_TASK',null,'9');
Insert into RESOURCE_ROLE (RESOURCE_ID,START_DATE,ROLE_ID) values ('EDIT_GROUP',null,'9');
Insert into RESOURCE_ROLE (RESOURCE_ID,START_DATE,ROLE_ID) values ('EDIT_ORG',null,'9');
Insert into RESOURCE_ROLE (RESOURCE_ID,START_DATE,ROLE_ID) values ('EDIT_ORG_MEMBERSHIP',null,'9');
Insert into RESOURCE_ROLE (RESOURCE_ID,START_DATE,ROLE_ID) values ('EDIT_ORG_TYPE',null,'9');
Insert into RESOURCE_ROLE (RESOURCE_ID,START_DATE,ROLE_ID) values ('EDIT_ORG_TYPE_IDMAN',null,'9');
Insert into RESOURCE_ROLE (RESOURCE_ID,START_DATE,ROLE_ID) values ('EDIT_POLICY_ATTR_SRCH_BCK',null,'9');
Insert into RESOURCE_ROLE (RESOURCE_ID,START_DATE,ROLE_ID) values ('EDIT_RESOURCE',null,'9');
Insert into RESOURCE_ROLE (RESOURCE_ID,START_DATE,ROLE_ID) values ('EDIT_ROLE',null,'9');
Insert into RESOURCE_ROLE (RESOURCE_ID,START_DATE,ROLE_ID) values ('GROUP_EDIT_MENU',null,'9');
Insert into RESOURCE_ROLE (RESOURCE_ID,START_DATE,ROLE_ID) values ('GROUP_ENTITLEMENTS',null,'9');
Insert into RESOURCE_ROLE (RESOURCE_ID,START_DATE,ROLE_ID) values ('GROUP_MENUS',null,'9');
Insert into RESOURCE_ROLE (RESOURCE_ID,START_DATE,ROLE_ID) values ('GROUP_ROOT_MENU',null,'9');
Insert into RESOURCE_ROLE (RESOURCE_ID,START_DATE,ROLE_ID) values ('GROUP_SEARCH',null,'9');
Insert into RESOURCE_ROLE (RESOURCE_ID,START_DATE,ROLE_ID) values ('GRP_APROVER_ASSOC',null,'9');
Insert into RESOURCE_ROLE (RESOURCE_ID,START_DATE,ROLE_ID) values ('IDM',null,'9');
Insert into RESOURCE_ROLE (RESOURCE_ID,START_DATE,ROLE_ID) values ('IDMAN',null,'9');
Insert into RESOURCE_ROLE (RESOURCE_ID,START_DATE,ROLE_ID) values ('IDQUEST',null,'9');
Insert into RESOURCE_ROLE (RESOURCE_ID,START_DATE,ROLE_ID) values ('IMPERSIONATION_MENU',null,'9');
Insert into RESOURCE_ROLE (RESOURCE_ID,START_DATE,ROLE_ID) values ('LANGUAGE_ADMIN',null,'9');
Insert into RESOURCE_ROLE (RESOURCE_ID,START_DATE,ROLE_ID) values ('LANGUAGE_EDIT',null,'9');
Insert into RESOURCE_ROLE (RESOURCE_ID,START_DATE,ROLE_ID) values ('LANGUAGE_ROOT_MENU',null,'9');
Insert into RESOURCE_ROLE (RESOURCE_ID,START_DATE,ROLE_ID) values ('LANGUAGE_SEARCH',null,'9');
Insert into RESOURCE_ROLE (RESOURCE_ID,START_DATE,ROLE_ID) values ('LOCATION',null,'9');
Insert into RESOURCE_ROLE (RESOURCE_ID,START_DATE,ROLE_ID) values ('MANAGEREQ',null,'9');
Insert into RESOURCE_ROLE (RESOURCE_ID,START_DATE,ROLE_ID) values ('MANUALRECON',null,'9');
Insert into RESOURCE_ROLE (RESOURCE_ID,START_DATE,ROLE_ID) values ('MENUS_SEARCH',null,'9');
Insert into RESOURCE_ROLE (RESOURCE_ID,START_DATE,ROLE_ID) values ('METADATA',null,'9');
Insert into RESOURCE_ROLE (RESOURCE_ID,START_DATE,ROLE_ID) values ('META_ADMIN',null,'9');
Insert into RESOURCE_ROLE (RESOURCE_ID,START_DATE,ROLE_ID) values ('META_EDIT',null,'9');
Insert into RESOURCE_ROLE (RESOURCE_ID,START_DATE,ROLE_ID) values ('META_SEARCH',null,'9');
Insert into RESOURCE_ROLE (RESOURCE_ID,START_DATE,ROLE_ID) values ('META_SUBMENU_ROOT',null,'9');
Insert into RESOURCE_ROLE (RESOURCE_ID,START_DATE,ROLE_ID) values ('META_TYPE_ADMIN',null,'9');
Insert into RESOURCE_ROLE (RESOURCE_ID,START_DATE,ROLE_ID) values ('META_TYPE_EDIT',null,'9');
Insert into RESOURCE_ROLE (RESOURCE_ID,START_DATE,ROLE_ID) values ('META_TYPE_SEARCH',null,'9');
Insert into RESOURCE_ROLE (RESOURCE_ID,START_DATE,ROLE_ID) values ('META_TYPE_SUBMENU_ROOT',null,'9');
Insert into RESOURCE_ROLE (RESOURCE_ID,START_DATE,ROLE_ID) values ('MNGSYS',null,'9');
Insert into RESOURCE_ROLE (RESOURCE_ID,START_DATE,ROLE_ID) values ('ORG_IDENTITY',null,'9');
Insert into RESOURCE_ROLE (RESOURCE_ID,START_DATE,ROLE_ID) values ('MNGSYS_EDIT',null,'9');
Insert into RESOURCE_ROLE (RESOURCE_ID,START_DATE,ROLE_ID) values ('MNGSYS_EDIT_MENU_ROOT',null,'9');
Insert into RESOURCE_ROLE (RESOURCE_ID,START_DATE,ROLE_ID) values ('MNGSYS_EDIT_NO_RES_MENU_ROOT',null,'9');
Insert into RESOURCE_ROLE (RESOURCE_ID,START_DATE,ROLE_ID) values ('MNGSYS_MENU_ITEM',null,'9');
Insert into RESOURCE_ROLE (RESOURCE_ID,START_DATE,ROLE_ID) values ('MNGSYS_NEW',null,'9');
Insert into RESOURCE_ROLE (RESOURCE_ID,START_DATE,ROLE_ID) values ('MNG_SYS_VIEWER',null,'9');
Insert into RESOURCE_ROLE (RESOURCE_ID,START_DATE,ROLE_ID) values ('NEWUSER',null,'9');
Insert into RESOURCE_ROLE (RESOURCE_ID,START_DATE,ROLE_ID) values ('NEWUSER-NOAPPRV',null,'9');
Insert into RESOURCE_ROLE (RESOURCE_ID,START_DATE,ROLE_ID) values ('NEW_AUTHENTICATION_POLICY',null,'9');
Insert into RESOURCE_ROLE (RESOURCE_ID,START_DATE,ROLE_ID) values ('NEW_AUTH_LVL_GRP',null,'9');
Insert into RESOURCE_ROLE (RESOURCE_ID,START_DATE,ROLE_ID) values ('NEW_BATCH_TASK',null,'9');
Insert into RESOURCE_ROLE (RESOURCE_ID,START_DATE,ROLE_ID) values ('NEW_GROUP',null,'9');
Insert into RESOURCE_ROLE (RESOURCE_ID,START_DATE,ROLE_ID) values ('NEW_ORG',null,'9');
Insert into RESOURCE_ROLE (RESOURCE_ID,START_DATE,ROLE_ID) values ('NEW_ORG_TYPE',null,'9');
Insert into RESOURCE_ROLE (RESOURCE_ID,START_DATE,ROLE_ID) values ('NEW_PASSWORD_POLICY',null,'9');
Insert into RESOURCE_ROLE (RESOURCE_ID,START_DATE,ROLE_ID) values ('NEW_POLICY_ATTR',null,'9');
Insert into RESOURCE_ROLE (RESOURCE_ID,START_DATE,ROLE_ID) values ('NEW_ROLE',null,'9');
Insert into RESOURCE_ROLE (RESOURCE_ID,START_DATE,ROLE_ID) values ('NEW_UI_THEME',null,'9');
Insert into RESOURCE_ROLE (RESOURCE_ID,START_DATE,ROLE_ID) values ('NEW_USER',null,'9');
Insert into RESOURCE_ROLE (RESOURCE_ID,START_DATE,ROLE_ID) values ('ORG',null,'9');
Insert into RESOURCE_ROLE (RESOURCE_ID,START_DATE,ROLE_ID) values ('ORGANIZATION_EDIT_ID',null,'9');
Insert into RESOURCE_ROLE (RESOURCE_ID,START_DATE,ROLE_ID) values ('ORGANIZATION_ROOT_ID',null,'9');
Insert into RESOURCE_ROLE (RESOURCE_ID,START_DATE,ROLE_ID) values ('ORG_APROVER_ASSOC',null,'9');
Insert into RESOURCE_ROLE (RESOURCE_ID,START_DATE,ROLE_ID) values ('ORG_MEMBERSHIP',null,'9');
Insert into RESOURCE_ROLE (RESOURCE_ID,START_DATE,ROLE_ID) values ('ORG_SEARCH',null,'9');
Insert into RESOURCE_ROLE (RESOURCE_ID,START_DATE,ROLE_ID) values ('ORG_TYPE_EDIT_SEARCH',null,'9');
Insert into RESOURCE_ROLE (RESOURCE_ID,START_DATE,ROLE_ID) values ('ORG_TYPE_SEARCH',null,'9');
Insert into RESOURCE_ROLE (RESOURCE_ID,START_DATE,ROLE_ID) values ('ORG_TYPE_SUBMENU_EDIT',null,'9');
Insert into RESOURCE_ROLE (RESOURCE_ID,START_DATE,ROLE_ID) values ('ORG_TYPE_SUBMENU_ROOT',null,'9');
Insert into RESOURCE_ROLE (RESOURCE_ID,START_DATE,ROLE_ID) values ('PAGE_TEMPLATE_EDIT',null,'9');
Insert into RESOURCE_ROLE (RESOURCE_ID,START_DATE,ROLE_ID) values ('PAGE_TEMPLATE_EDIT_NEW',null,'9');
Insert into RESOURCE_ROLE (RESOURCE_ID,START_DATE,ROLE_ID) values ('PAGE_TEMPLATE_EDIT_SEARCH',null,'9');
Insert into RESOURCE_ROLE (RESOURCE_ID,START_DATE,ROLE_ID) values ('PAGE_TEMPLATE_NEW',null,'9');
Insert into RESOURCE_ROLE (RESOURCE_ID,START_DATE,ROLE_ID) values ('PAGE_TEMPLATE_ROOT',null,'9');
Insert into RESOURCE_ROLE (RESOURCE_ID,START_DATE,ROLE_ID) values ('PAGE_TEMPLATE_SEARCH',null,'9');
Insert into RESOURCE_ROLE (RESOURCE_ID,START_DATE,ROLE_ID) values ('PASSWORD_POLICY',null,'9');
Insert into RESOURCE_ROLE (RESOURCE_ID,START_DATE,ROLE_ID) values ('PASSWORD_POLICY_EDIT',null,'9');
Insert into RESOURCE_ROLE (RESOURCE_ID,START_DATE,ROLE_ID) values ('PASSWORD_POLICY_ROOT_MENU',null,'9');
Insert into RESOURCE_ROLE (RESOURCE_ID,START_DATE,ROLE_ID) values ('POLICY_ATTR_EDIT_ROOT',null,'9');
Insert into RESOURCE_ROLE (RESOURCE_ID,START_DATE,ROLE_ID) values ('POLICY_ATTR_ROOT',null,'9');
Insert into RESOURCE_ROLE (RESOURCE_ID,START_DATE,ROLE_ID) values ('PROFILE',null,'9');
Insert into RESOURCE_ROLE (RESOURCE_ID,START_DATE,ROLE_ID) values ('PROVCONNECT',null,'9');
Insert into RESOURCE_ROLE (RESOURCE_ID,START_DATE,ROLE_ID) values ('PROVCONNECT_MENU_ITEM',null,'9');
Insert into RESOURCE_ROLE (RESOURCE_ID,START_DATE,ROLE_ID) values ('PROVISIONING',null,'9');
Insert into RESOURCE_ROLE (RESOURCE_ID,START_DATE,ROLE_ID) values ('PROV_CONNECTOR_NEW',null,'9');
Insert into RESOURCE_ROLE (RESOURCE_ID,START_DATE,ROLE_ID) values ('REPORT',null,'9');
Insert into RESOURCE_ROLE (RESOURCE_ID,START_DATE,ROLE_ID) values ('REQINBOX',null,'9');
Insert into RESOURCE_ROLE (RESOURCE_ID,START_DATE,ROLE_ID) values ('REQUEST_APPROVAL',null,'9');
Insert into RESOURCE_ROLE (RESOURCE_ID,START_DATE,ROLE_ID) values ('RESOURCE_EDIT_PAGE_ROOT',null,'9');
Insert into RESOURCE_ROLE (RESOURCE_ID,START_DATE,ROLE_ID) values ('RESOURCE_MENU_ROOT',null,'9');
Insert into RESOURCE_ROLE (RESOURCE_ID,START_DATE,ROLE_ID) values ('RESPOLICYMAP',null,'9');
Insert into RESOURCE_ROLE (RESOURCE_ID,START_DATE,ROLE_ID) values ('RESRECONCILE',null,'9');
Insert into RESOURCE_ROLE (RESOURCE_ID,START_DATE,ROLE_ID) values ('RESSUMMARY',null,'9');
Insert into RESOURCE_ROLE (RESOURCE_ID,START_DATE,ROLE_ID) values ('RES_APROVER_ASSOC',null,'9');
Insert into RESOURCE_ROLE (RESOURCE_ID,START_DATE,ROLE_ID) values ('RES_ENT_SUB',null,'9');
Insert into RESOURCE_ROLE (RESOURCE_ID,START_DATE,ROLE_ID) values ('RES_TYPE_ITEM',null,'9');
Insert into RESOURCE_ROLE (RESOURCE_ID,START_DATE,ROLE_ID) values ('RES_TYPE_MENU_ROOT',null,'9');
Insert into RESOURCE_ROLE (RESOURCE_ID,START_DATE,ROLE_ID) values ('RES_TYPE_NEW',null,'9');
Insert into RESOURCE_ROLE (RESOURCE_ID,START_DATE,ROLE_ID) values ('ROLE_APROVER_ASSOC',null,'9');
Insert into RESOURCE_ROLE (RESOURCE_ID,START_DATE,ROLE_ID) values ('ROLE_EDIT_MENU',null,'9');
Insert into RESOURCE_ROLE (RESOURCE_ID,START_DATE,ROLE_ID) values ('ROLE_ENTITLEMENTS',null,'9');
Insert into RESOURCE_ROLE (RESOURCE_ID,START_DATE,ROLE_ID) values ('ROLE_MENUS',null,'9');
Insert into RESOURCE_ROLE (RESOURCE_ID,START_DATE,ROLE_ID) values ('ROLE_RESMAP',null,'9');
Insert into RESOURCE_ROLE (RESOURCE_ID,START_DATE,ROLE_ID) values ('ROLE_ROOT_MENU',null,'9');
Insert into RESOURCE_ROLE (RESOURCE_ID,START_DATE,ROLE_ID) values ('ROLE_SEARCH',null,'9');
Insert into RESOURCE_ROLE (RESOURCE_ID,START_DATE,ROLE_ID) values ('ROLE_SUMMARY',null,'9');
Insert into RESOURCE_ROLE (RESOURCE_ID,START_DATE,ROLE_ID) values ('SEARCH_BATCH_EDIT',null,'9');
Insert into RESOURCE_ROLE (RESOURCE_ID,START_DATE,ROLE_ID) values ('SEARCH_BATCH_NEW',null,'9');
Insert into RESOURCE_ROLE (RESOURCE_ID,START_DATE,ROLE_ID) values ('SECURITY_GROUP',null,'9');
Insert into RESOURCE_ROLE (RESOURCE_ID,START_DATE,ROLE_ID) values ('SECURITY_POLICY',null,'9');
Insert into RESOURCE_ROLE (RESOURCE_ID,START_DATE,ROLE_ID) values ('SECURITY_RES',null,'9');
Insert into RESOURCE_ROLE (RESOURCE_ID,START_DATE,ROLE_ID) values ('SECURITY_ROLE',null,'9');
Insert into RESOURCE_ROLE (RESOURCE_ID,START_DATE,ROLE_ID) values ('SELFCENTER',null,'9');
Insert into RESOURCE_ROLE (RESOURCE_ID,START_DATE,ROLE_ID) values ('SELFSERVE_SUP_SUB',null,'9');
Insert into RESOURCE_ROLE (RESOURCE_ID,START_DATE,ROLE_ID) values ('SELFSERVICE',null,'9');
Insert into RESOURCE_ROLE (RESOURCE_ID,START_DATE,ROLE_ID) values ('SELFSERVICE_EXT',null,'9');
Insert into RESOURCE_ROLE (RESOURCE_ID,START_DATE,ROLE_ID) values ('SELFSERVICE_GROUPS',null,'9');
Insert into RESOURCE_ROLE (RESOURCE_ID,START_DATE,ROLE_ID) values ('SELFSERVICE_MYAPPS',null,'9');
Insert into RESOURCE_ROLE (RESOURCE_ID,START_DATE,ROLE_ID) values ('SELFSERVICE_MYINFO',null,'9');
Insert into RESOURCE_ROLE (RESOURCE_ID,START_DATE,ROLE_ID) values ('SELFSERVICE_REPORT',null,'9');
Insert into RESOURCE_ROLE (RESOURCE_ID,START_DATE,ROLE_ID) values ('SELFSERVICE_RESOURCES',null,'9');
Insert into RESOURCE_ROLE (RESOURCE_ID,START_DATE,ROLE_ID) values ('SELFSERVICE_ROLES',null,'9');
Insert into RESOURCE_ROLE (RESOURCE_ID,START_DATE,ROLE_ID) values ('SELFSERV_ACCESS_REVIEW',null,'9');
Insert into RESOURCE_ROLE (RESOURCE_ID,START_DATE,ROLE_ID) values ('SELFSERV_GRP_BACK_SRCH',null,'9');
Insert into RESOURCE_ROLE (RESOURCE_ID,START_DATE,ROLE_ID) values ('SELFSERV_GRP_EDIT',null,'9');
Insert into RESOURCE_ROLE (RESOURCE_ID,START_DATE,ROLE_ID) values ('SELFSERV_GRP_NEW',null,'9');
Insert into RESOURCE_ROLE (RESOURCE_ID,START_DATE,ROLE_ID) values ('SELFSERV_ROLE_NEW',null,'9');
Insert into RESOURCE_ROLE (RESOURCE_ID,START_DATE,ROLE_ID) values ('SELFSERV_USER_EDIT',null,'9');
Insert into RESOURCE_ROLE (RESOURCE_ID,START_DATE,ROLE_ID) values ('SELFSERV_USER_EDIT_ROOT',null,'9');
Insert into RESOURCE_ROLE (RESOURCE_ID,START_DATE,ROLE_ID) values ('SELFSERV_USER_MEMSHP',null,'9');
Insert into RESOURCE_ROLE (RESOURCE_ID,START_DATE,ROLE_ID) values ('SELFSER_USER_LOGIN',null,'9');
Insert into RESOURCE_ROLE (RESOURCE_ID,START_DATE,ROLE_ID) values ('SELFSER_USER_NEW_LOGIN',null,'9');
Insert into RESOURCE_ROLE (RESOURCE_ID,START_DATE,ROLE_ID) values ('SELFSRVS_ACCESS_MNGMNT_ORG',null,'9');
Insert into RESOURCE_ROLE (RESOURCE_ID,START_DATE,ROLE_ID) values ('SELFSRV_EXAMPLE',null,'9');
Insert into RESOURCE_ROLE (RESOURCE_ID,START_DATE,ROLE_ID) values ('SELFSRV_GRP_EDIT_ROOT',null,'9');
Insert into RESOURCE_ROLE (RESOURCE_ID,START_DATE,ROLE_ID) values ('SELFSRV_GRP_SRCH_ROOT',null,'9');
Insert into RESOURCE_ROLE (RESOURCE_ID,START_DATE,ROLE_ID) values ('SELFSRV_RES_BACK_SRCH',null,'9');
Insert into RESOURCE_ROLE (RESOURCE_ID,START_DATE,ROLE_ID) values ('SELFSRV_RES_EDIT',null,'9');
Insert into RESOURCE_ROLE (RESOURCE_ID,START_DATE,ROLE_ID) values ('SELFSRV_RES_EDIT_ROOT',null,'9');
Insert into RESOURCE_ROLE (RESOURCE_ID,START_DATE,ROLE_ID) values ('SELFSRV_RES_NEW',null,'9');
Insert into RESOURCE_ROLE (RESOURCE_ID,START_DATE,ROLE_ID) values ('SELFSRV_RES_SRCH_ROOT',null,'9');
Insert into RESOURCE_ROLE (RESOURCE_ID,START_DATE,ROLE_ID) values ('SELFSRV_ROLE_BACK_SRCH',null,'9');
Insert into RESOURCE_ROLE (RESOURCE_ID,START_DATE,ROLE_ID) values ('SELFSRV_ROLE_EDIT',null,'9');
Insert into RESOURCE_ROLE (RESOURCE_ID,START_DATE,ROLE_ID) values ('SELFSRV_ROLE_EDIT_ROOT',null,'9');
Insert into RESOURCE_ROLE (RESOURCE_ID,START_DATE,ROLE_ID) values ('SELFSRV_ROLE_SRCH_ROOT',null,'9');
Insert into RESOURCE_ROLE (RESOURCE_ID,START_DATE,ROLE_ID) values ('SELF_QUERYUSER',null,'9');
Insert into RESOURCE_ROLE (RESOURCE_ID,START_DATE,ROLE_ID) values ('SELF_SUB_ORGS_EDIT',null,'9');
Insert into RESOURCE_ROLE (RESOURCE_ID,START_DATE,ROLE_ID) values ('SELF_SUB_ORGS_EDIT_ROOT',null,'9');
Insert into RESOURCE_ROLE (RESOURCE_ID,START_DATE,ROLE_ID) values ('SELF_SUB_ORGS_NEW',null,'9');
Insert into RESOURCE_ROLE (RESOURCE_ID,START_DATE,ROLE_ID) values ('SELF_SUB_ORGS_ROOT',null,'9');
Insert into RESOURCE_ROLE (RESOURCE_ID,START_DATE,ROLE_ID) values ('SELF_SUB_ORGS_SEARCH',null,'9');
Insert into RESOURCE_ROLE (RESOURCE_ID,START_DATE,ROLE_ID) values ('USER_INFO_PAGE',null,'9');
Insert into RESOURCE_ROLE (RESOURCE_ID,START_DATE,ROLE_ID) values ('RESET_ACCOUNT',null,'9');
Insert into RESOURCE_ROLE (RESOURCE_ID,START_DATE,ROLE_ID) values ('RESET_CHALLENGE_RESPONSE',null,'9');
Insert into RESOURCE_ROLE (RESOURCE_ID,START_DATE,ROLE_ID) values ('DEACTIVATE_USER',null,'9');
Insert into RESOURCE_ROLE (RESOURCE_ID,START_DATE,ROLE_ID) values ('SS_GRP_ENT',null,'9');
Insert into RESOURCE_ROLE (RESOURCE_ID,START_DATE,ROLE_ID) values ('SS_ORG_BACK_SEARCH',null,'9');
Insert into RESOURCE_ROLE (RESOURCE_ID,START_DATE,ROLE_ID) values ('SS_RES_ENT',null,'9');
Insert into RESOURCE_ROLE (RESOURCE_ID,START_DATE,ROLE_ID) values ('SS_ROLE_ENT',null,'9');
Insert into RESOURCE_ROLE (RESOURCE_ID,START_DATE,ROLE_ID) values ('REMOVE_USER',null,'9');
Insert into RESOURCE_ROLE (RESOURCE_ID,START_DATE,ROLE_ID) values ('SUP_SUB_PAGE',null,'9');
Insert into RESOURCE_ROLE (RESOURCE_ID,START_DATE,ROLE_ID) values ('SYNCLOG',null,'9');
Insert into RESOURCE_ROLE (RESOURCE_ID,START_DATE,ROLE_ID) values ('SYNCLOG_MENU_ITEM',null,'9');
Insert into RESOURCE_ROLE (RESOURCE_ID,START_DATE,ROLE_ID) values ('SYNCUSER',null,'9');
Insert into RESOURCE_ROLE (RESOURCE_ID,START_DATE,ROLE_ID) values ('SYNCUSER_EDIT',null,'9');
Insert into RESOURCE_ROLE (RESOURCE_ID,START_DATE,ROLE_ID) values ('SYNCUSER_EDIT_MENU_ROOT',null,'9');
Insert into RESOURCE_ROLE (RESOURCE_ID,START_DATE,ROLE_ID) values ('SYNCUSER_MENU_ITEM',null,'9');
Insert into RESOURCE_ROLE (RESOURCE_ID,START_DATE,ROLE_ID) values ('SYNCUSER_NEW',null,'9');
Insert into RESOURCE_ROLE (RESOURCE_ID,START_DATE,ROLE_ID) values ('SYNCUSER_POLICYMAP',null,'9');
Insert into RESOURCE_ROLE (RESOURCE_ID,START_DATE,ROLE_ID) values ('TEMPLATE_SEARCH_CHILD',null,'9');
Insert into RESOURCE_ROLE (RESOURCE_ID,START_DATE,ROLE_ID) values ('UI_THEMES',null,'9');
Insert into RESOURCE_ROLE (RESOURCE_ID,START_DATE,ROLE_ID) values ('UI_THEME_BACK_SRCH',null,'9');
Insert into RESOURCE_ROLE (RESOURCE_ID,START_DATE,ROLE_ID) values ('UI_THEME_EDIT',null,'9');
Insert into RESOURCE_ROLE (RESOURCE_ID,START_DATE,ROLE_ID) values ('UI_THEME_EDIT_MODIFY',null,'9');
Insert into RESOURCE_ROLE (RESOURCE_ID,START_DATE,ROLE_ID) values ('UI_THEME_ROOT',null,'9');
Insert into RESOURCE_ROLE (RESOURCE_ID,START_DATE,ROLE_ID) values ('UI_THEME_ROOT_SRCH',null,'9');
Insert into RESOURCE_ROLE (RESOURCE_ID,START_DATE,ROLE_ID) values ('SUP_SUB_PAGE',null,'2');
Insert into RESOURCE_ROLE (RESOURCE_ID,START_DATE,ROLE_ID) values ('URI_META_BACK',null,'9');
Insert into RESOURCE_ROLE (RESOURCE_ID,START_DATE,ROLE_ID) values ('URI_META_EDIT',null,'9');
Insert into RESOURCE_ROLE (RESOURCE_ID,START_DATE,ROLE_ID) values ('URI_PATTERN_EDIT',null,'9');
Insert into RESOURCE_ROLE (RESOURCE_ID,START_DATE,ROLE_ID) values ('URI_PATTERN_EDIT_NEW_PATTERN',null,'9');
Insert into RESOURCE_ROLE (RESOURCE_ID,START_DATE,ROLE_ID) values ('URI_PATTERN_EDIT_PATTERN',null,'9');
Insert into RESOURCE_ROLE (RESOURCE_ID,START_DATE,ROLE_ID) values ('URI_PATTERN_EDT_PROV_SEARCH',null,'9');
Insert into RESOURCE_ROLE (RESOURCE_ID,START_DATE,ROLE_ID) values ('USER',null,'9');
Insert into RESOURCE_ROLE (RESOURCE_ID,START_DATE,ROLE_ID) values ('USER_ATTRIBUTES',null,'9');
Insert into RESOURCE_ROLE (RESOURCE_ID,START_DATE,ROLE_ID) values ('USER_BULK',null,'9');
Insert into RESOURCE_ROLE (RESOURCE_ID,START_DATE,ROLE_ID) values ('USER_DELEGATION',null,'9');
Insert into RESOURCE_ROLE (RESOURCE_ID,START_DATE,ROLE_ID) values ('USER_EDIT_CONTACT_INFO',null,'9');
Insert into RESOURCE_ROLE (RESOURCE_ID,START_DATE,ROLE_ID) values ('USER_EDIT_INFO',null,'9');
Insert into RESOURCE_ROLE (RESOURCE_ID,START_DATE,ROLE_ID) values ('USER_EDIT_MENU',null,'9');
Insert into RESOURCE_ROLE (RESOURCE_ID,START_DATE,ROLE_ID) values ('USER_ENTITLEMENTS',null,'9');
Insert into RESOURCE_ROLE (RESOURCE_ID,START_DATE,ROLE_ID) values ('USER_HISTORY',null,'9');
Insert into RESOURCE_ROLE (RESOURCE_ID,START_DATE,ROLE_ID) values ('USER_IDENTITY',null,'9');
Insert into RESOURCE_ROLE (RESOURCE_ID,START_DATE,ROLE_ID) values ('USER_MENUS',null,'9');
Insert into RESOURCE_ROLE (RESOURCE_ID,START_DATE,ROLE_ID) values ('USER_RESET_PASSWORD',null,'9');
Insert into RESOURCE_ROLE (RESOURCE_ID,START_DATE,ROLE_ID) values ('USER_ROOT_MENU',null,'9');
Insert into RESOURCE_ROLE (RESOURCE_ID,START_DATE,ROLE_ID) values ('USER_SEARCH',null,'9');
Insert into RESOURCE_ROLE (RESOURCE_ID,START_DATE,ROLE_ID) values ('ENABLE_USER',null,'9');
Insert into RESOURCE_ROLE (RESOURCE_ID,START_DATE,ROLE_ID) values ('WEB_REPORT',null,'9');
Insert into RESOURCE_ROLE (RESOURCE_ID,START_DATE,ROLE_ID) values ('WEB_REPORT_NEW',null,'9');
Insert into RESOURCE_ROLE (RESOURCE_ID,START_DATE,ROLE_ID) values ('WEB_REPORT_ROOT',null,'9');
Insert into RESOURCE_ROLE (RESOURCE_ID,START_DATE,ROLE_ID) values ('SYNCUSER_REVIEW',null,'9');
Insert into RESOURCE_ROLE (RESOURCE_ID,START_DATE,ROLE_ID) values ('USER_EDIT_MENU',null,'2');
Insert into RESOURCE_ROLE (RESOURCE_ID,START_DATE,ROLE_ID) values ('USER_ATTRIBUTES',null,'2');
Insert into RESOURCE_ROLE (RESOURCE_ID,START_DATE,ROLE_ID) values ('USER_EDIT_CONTACT_INFO',null,'2');
Insert into RESOURCE_ROLE (RESOURCE_ID,START_DATE,ROLE_ID) values ('USER_EDIT_INFO',null,'2');
Insert into RESOURCE_ROLE (RESOURCE_ID,START_DATE,ROLE_ID) values ('USER_ENTITLEMENTS',null,'2');
Insert into RESOURCE_ROLE (RESOURCE_ID,START_DATE,ROLE_ID) values ('USER_HISTORY',null,'2');
Insert into RESOURCE_ROLE (RESOURCE_ID,START_DATE,ROLE_ID) values ('USER_IDENTITY',null,'2');
Insert into RESOURCE_ROLE (RESOURCE_ID,START_DATE,ROLE_ID) values ('USER_SEARCH',null,'2');
Insert into RESOURCE_ROLE (RESOURCE_ID,START_DATE,ROLE_ID) values ('DISABLE_USER',null,'9');
Insert into RESOURCE_ROLE (RESOURCE_ID,START_DATE,ROLE_ID) values ('PROFILE_PIC',null,'9');
Insert into RESOURCE_ROLE (RESOURCE_ID,START_DATE,ROLE_ID) values ('ACTIVE_USER',null,'9');
Insert into RESOURCE_ROLE (RESOURCE_ID,START_DATE,ROLE_ID) values ('USER_ENTITLEMENTS_PAGE',null,'9');
Insert into RESOURCE_ROLE (RESOURCE_ID,START_DATE,ROLE_ID) values ('USER_ROLES_MEMBERSHIP',null,'9');
Insert into RESOURCE_ROLE (RESOURCE_ID,START_DATE,ROLE_ID) values ('USER_GROUPS_MEMBERSHIP',null,'9');
Insert into RESOURCE_ROLE (RESOURCE_ID,START_DATE,ROLE_ID) values ('USER_RES_MEMBERSHIP',null,'9');
Insert into RESOURCE_ROLE (RESOURCE_ID,START_DATE,ROLE_ID) values ('USER_ORG_MEMBERSHIP',null,'9');

INSERT INTO  RESOURCE_TYPE  VALUES ('ADMIN_RESOURCE','Admin Resource',NULL,NULL,'N','Y','iVBORw0KGgoAAAANSUhEUgAAABAAAAAQCAYAAAAf8/9hAAAABmJLR0QA/wD/AP+gvaeTAAAACXBIWXMAAA3XAAAN1wFCKJt4AAAAB3RJTUUH3gEHFCs3kbWVPAAAAwRJREFUOMuFk19IW3cUxz/3xuTGpJ1Y0WUxf2B1NtsQBMvWZA+DInvoHpywFxm0T0JfOgp7kL0WWtjYw9Y99N2NgnuRCUMwOofGmXQT3MJdiEbRmpCIayq5We69v1+Su4cRkbGy79P5Hs73C4fzPfACJJPJW5VKxSyXy2Yqlbr3ojn1PJmbm5vu1O12e6y/v9/b19fndbvdVzv9paWlm//ptLm5+bMQwtna2krl8/njRqPhGIbhGIbhmKbpFAoFc3t7+wfLspyDg4PDjk4BmJ2dvT0xMfFISomqqrhcLqrVKnt7e7TbbcLhMMFgECklzWYTRVHIZrNfjY+P31U6TplMJh0Khd7WNI10Oo3X6yUajQIKpVKRk5MTEokEtm1zfHxcjMfjYYCujoGUckhKSS6XIxZ7HYDSye84OFy6dJlgcJBsNsvg4CBCiNDZChsbGx8JId4KBAIfq6rK6ekpFy/28mT/S67Fr+F2e/gls0bEGqHVUnEcjQuDb2CY5mNN0zZcU1NTv/b09CQURUFVVUBB31vBCszTclk8t/Y5ymzwwdXvWHxY5J13j8gsnxIaGR2xbft91bZthBBIKfH5fLRaLRqNBs+tP0kdrfPT4RoepYzLaTDxyVMCiQhK4w+EEAghUIUQX9RqtaSUEsuy6PZ6eTUQZ/9Jk7btot5wUzyUoMIrb55AVxeWDfV6PW0YxiPlXECE3+93x2Ixcrk8hd08m/q3qF1NhvreY/TZ51y/Y/Lb2hiF+i0+nL7tAeTZFWq1WtLj8dzQdZ3h4WFUVeFK7D5ujxu/z0fpRy8t81MMc4DuYDgPyLMoz8/P34xGozc0TcPn81Eul4lEwgwNXSYaidDb24tzwU/TBLUJAwMDVxYXFx+cGUxOTn5jmmapu7ubdrtdVBSFWq1GpVKhXC5TrVbxB8LYf/0jEUJYy8vLn/37HZTV1dWHHbKysvJY13VH13VnfX09dfdlRp9973Fmp6/rMzMzPfwfFhYW7uzu7jo7OztOMpn8GuD+a76xl0A7P/c3vwJuLRaz1L8AAAAASUVORK5CYII=','png'),('AUTH_PROVIDER','Authentication Provider',NULL,NULL,'Y','Y','iVBORw0KGgoAAAANSUhEUgAAABAAAAAQCAYAAAAf8/9hAAAABGdBTUEAAK/INwWK6QAAAAZiS0dEAAAAAAAA+UO7fwAAAAlwSFlzAAAASAAAAEgARslrPgAAAAl2cEFnAAAAEAAAABAAXMatwwAAAuBJREFUOMulU11IU2EYfr5zzuYwp+Yf+ZPOKObyl1lmEV4kZt1EijECgyikuyIiiFC68aYfoug2kO66kYqgFIPyN9GT29BUjrjppnNz/5uenblz9nVhLaxLX3hvXt7n4eF53pdQSrGf4gDAZLoF8q5PX1Ce22loLG3Vnyg75lxyL80MCV9si56H2f+AmN/dR+kuAQAYazPvVd+50bWTXg51fgzNl4MnGxsCxlcPRG8aJVGqJJOUEkpAIEYTwa1Y7H1KAQBsSFls9o4BsSCBw3UALs8R5Gkn2N6Breccy4JQCioTsBxBYHkHb7oD/QA6OACglJYpZ9qN9mU3aqoqoNVqQBgWgXgPhMVrqNfZEFoFuDRgcxVITwcSW4w/paC62vDteFWlzsybsb0dQUvLaYyO8giGvNjkD4tvP3sfSV7JrlHk/GAMvAYoiyLZnyKQpNicmuN0pxrrkZenhSSJqK2twPDwJHKbe9Tr2RbjqtnyIelyLGmUOBIOG6+K+FKGYm1to8/r9UCl0gAgCIXCkKQYJCkOjYZwrRearl65bporbWl5Ga80HpLOt+1JBNvb0se5ufn+UMgPUUxgfd2P5eVVWK0/x6anf1idjhUUFxaoOy613j7bUDdNCCnZQwAg4XR6unh+ZkwQFkGpAq02Ezpd8Q7PzzeMjEw9Gxr6OhEMBlBZqS/Jysxoky+asCdGgAbtdleTx+O/GYlEnlRVVR+sqTGcEwR7p88Xuu/3hzmfL/CU41RuSYoProjRvwo4TgUAYFmGimL8tcUimKxWSyIjQ4u6OkMvgByOY2WfL3zX7fY+VhRFGB/+9JdgfHwQKpUahBAwDIEsK0MOx8aAICxBrz9aWFRU0C3LCmFZBizL/nfWWFuzYWHBvDtgGBAC+P3RdrPZKsiyjJycrFZCCEmBGAYMw+wxERbLd8zOTiESCQEACCFyOBx7MTIyuRgIRHgAyT/gzU0Xksnk7t5+3/kXA01Zlqy1T94AAAAldEVYdGNyZWF0ZS1kYXRlADIwMDktMTEtMTVUMTY6MDg6NDEtMDc6MDAkruHgAAAAJXRFWHRkYXRlOmNyZWF0ZQAyMDEwLTAxLTExVDA5OjE4OjM2LTA3OjAwd0j55AAAACV0RVh0ZGF0ZTptb2RpZnkAMjAxMC0wMS0xMVQwOToxODozNi0wNzowMAYVQVgAAAA1dEVYdExpY2Vuc2UAaHR0cDovL2NyZWF0aXZlY29tbW9ucy5vcmcvbGljZW5zZXMvTEdQTC8yLjEvO8G0GAAAACV0RVh0bW9kaWZ5LWRhdGUAMjAwOS0xMS0xNVQxNjowODo0MS0wNzowMHsfl9QAAAAZdEVYdFNvZnR3YXJlAEFkb2JlIEltYWdlUmVhZHlxyWU8AAAADXRFWHRTb3VyY2UATnV2b2xhrE818QAAADR0RVh0U291cmNlX1VSTABodHRwOi8vd3d3Lmljb24ta2luZy5jb20vcHJvamVjdHMvbnV2b2xhL3Y9tFIAAAAASUVORK5CYII=','png'),('AUTH_REPO','Authentication Repository',NULL,NULL,'Y','Y','iVBORw0KGgoAAAANSUhEUgAAABAAAAAQCAYAAAAf8/9hAAAKPWlDQ1BpY2MAAHjanVNnVFPpFj333vRCS4iAlEtvUhUIIFJCi4AUkSYqIQkQSoghodkVUcERRUUEG8igiAOOjoCMFVEsDIoK2AfkIaKOg6OIisr74Xuja9a89+bN/rXXPues852zzwfACAyWSDNRNYAMqUIeEeCDx8TG4eQuQIEKJHAAEAizZCFz/SMBAPh+PDwrIsAHvgABeNMLCADATZvAMByH/w/qQplcAYCEAcB0kThLCIAUAEB6jkKmAEBGAYCdmCZTAKAEAGDLY2LjAFAtAGAnf+bTAICd+Jl7AQBblCEVAaCRACATZYhEAGg7AKzPVopFAFgwABRmS8Q5ANgtADBJV2ZIALC3AMDOEAuyAAgMADBRiIUpAAR7AGDIIyN4AISZABRG8lc88SuuEOcqAAB4mbI8uSQ5RYFbCC1xB1dXLh4ozkkXKxQ2YQJhmkAuwnmZGTKBNA/g88wAAKCRFRHgg/P9eM4Ors7ONo62Dl8t6r8G/yJiYuP+5c+rcEAAAOF0ftH+LC+zGoA7BoBt/qIl7gRoXgugdfeLZrIPQLUAoOnaV/Nw+H48PEWhkLnZ2eXk5NhKxEJbYcpXff5nwl/AV/1s+X48/Pf14L7iJIEyXYFHBPjgwsz0TKUcz5IJhGLc5o9H/LcL//wd0yLESWK5WCoU41EScY5EmozzMqUiiUKSKcUl0v9k4t8s+wM+3zUAsGo+AXuRLahdYwP2SycQWHTA4vcAAPK7b8HUKAgDgGiD4c93/+8//UegJQCAZkmScQAAXkQkLlTKsz/HCAAARKCBKrBBG/TBGCzABhzBBdzBC/xgNoRCJMTCQhBCCmSAHHJgKayCQiiGzbAdKmAv1EAdNMBRaIaTcA4uwlW4Dj1wD/phCJ7BKLyBCQRByAgTYSHaiAFiilgjjggXmYX4IcFIBBKLJCDJiBRRIkuRNUgxUopUIFVIHfI9cgI5h1xGupE7yAAygvyGvEcxlIGyUT3UDLVDuag3GoRGogvQZHQxmo8WoJvQcrQaPYw2oefQq2gP2o8+Q8cwwOgYBzPEbDAuxsNCsTgsCZNjy7EirAyrxhqwVqwDu4n1Y8+xdwQSgUXACTYEd0IgYR5BSFhMWE7YSKggHCQ0EdoJNwkDhFHCJyKTqEu0JroR+cQYYjIxh1hILCPWEo8TLxB7iEPENyQSiUMyJ7mQAkmxpFTSEtJG0m5SI+ksqZs0SBojk8naZGuyBzmULCAryIXkneTD5DPkG+Qh8lsKnWJAcaT4U+IoUspqShnlEOU05QZlmDJBVaOaUt2ooVQRNY9aQq2htlKvUYeoEzR1mjnNgxZJS6WtopXTGmgXaPdpr+h0uhHdlR5Ol9BX0svpR+iX6AP0dwwNhhWDx4hnKBmbGAcYZxl3GK+YTKYZ04sZx1QwNzHrmOeZD5lvVVgqtip8FZHKCpVKlSaVGyovVKmqpqreqgtV81XLVI+pXlN9rkZVM1PjqQnUlqtVqp1Q61MbU2epO6iHqmeob1Q/pH5Z/YkGWcNMw09DpFGgsV/jvMYgC2MZs3gsIWsNq4Z1gTXEJrHN2Xx2KruY/R27iz2qqaE5QzNKM1ezUvOUZj8H45hx+Jx0TgnnKKeX836K3hTvKeIpG6Y0TLkxZVxrqpaXllirSKtRq0frvTau7aedpr1Fu1n7gQ5Bx0onXCdHZ4/OBZ3nU9lT3acKpxZNPTr1ri6qa6UbobtEd79up+6Ynr5egJ5Mb6feeb3n+hx9L/1U/W36p/VHDFgGswwkBtsMzhg8xTVxbzwdL8fb8VFDXcNAQ6VhlWGX4YSRudE8o9VGjUYPjGnGXOMk423GbcajJgYmISZLTepN7ppSTbmmKaY7TDtMx83MzaLN1pk1mz0x1zLnm+eb15vft2BaeFostqi2uGVJsuRaplnutrxuhVo5WaVYVVpds0atna0l1rutu6cRp7lOk06rntZnw7Dxtsm2qbcZsOXYBtuutm22fWFnYhdnt8Wuw+6TvZN9un2N/T0HDYfZDqsdWh1+c7RyFDpWOt6azpzuP33F9JbpL2dYzxDP2DPjthPLKcRpnVOb00dnF2e5c4PziIuJS4LLLpc+Lpsbxt3IveRKdPVxXeF60vWdm7Obwu2o26/uNu5p7ofcn8w0nymeWTNz0MPIQ+BR5dE/C5+VMGvfrH5PQ0+BZ7XnIy9jL5FXrdewt6V3qvdh7xc+9j5yn+M+4zw33jLeWV/MN8C3yLfLT8Nvnl+F30N/I/9k/3r/0QCngCUBZwOJgUGBWwL7+Hp8Ib+OPzrbZfay2e1BjKC5QRVBj4KtguXBrSFoyOyQrSH355jOkc5pDoVQfujW0Adh5mGLw34MJ4WHhVeGP45wiFga0TGXNXfR3ENz30T6RJZE3ptnMU85ry1KNSo+qi5qPNo3ujS6P8YuZlnM1VidWElsSxw5LiquNm5svt/87fOH4p3iC+N7F5gvyF1weaHOwvSFpxapLhIsOpZATIhOOJTwQRAqqBaMJfITdyWOCnnCHcJnIi/RNtGI2ENcKh5O8kgqTXqS7JG8NXkkxTOlLOW5hCepkLxMDUzdmzqeFpp2IG0yPTq9MYOSkZBxQqohTZO2Z+pn5mZ2y6xlhbL+xW6Lty8elQfJa7OQrAVZLQq2QqboVFoo1yoHsmdlV2a/zYnKOZarnivN7cyzytuQN5zvn//tEsIS4ZK2pYZLVy0dWOa9rGo5sjxxedsK4xUFK4ZWBqw8uIq2Km3VT6vtV5eufr0mek1rgV7ByoLBtQFr6wtVCuWFfevc1+1dT1gvWd+1YfqGnRs+FYmKrhTbF5cVf9go3HjlG4dvyr+Z3JS0qavEuWTPZtJm6ebeLZ5bDpaql+aXDm4N2dq0Dd9WtO319kXbL5fNKNu7g7ZDuaO/PLi8ZafJzs07P1SkVPRU+lQ27tLdtWHX+G7R7ht7vPY07NXbW7z3/T7JvttVAVVN1WbVZftJ+7P3P66Jqun4lvttXa1ObXHtxwPSA/0HIw6217nU1R3SPVRSj9Yr60cOxx++/p3vdy0NNg1VjZzG4iNwRHnk6fcJ3/ceDTradox7rOEH0x92HWcdL2pCmvKaRptTmvtbYlu6T8w+0dbq3nr8R9sfD5w0PFl5SvNUyWna6YLTk2fyz4ydlZ19fi753GDborZ752PO32oPb++6EHTh0kX/i+c7vDvOXPK4dPKy2+UTV7hXmq86X23qdOo8/pPTT8e7nLuarrlca7nuer21e2b36RueN87d9L158Rb/1tWeOT3dvfN6b/fF9/XfFt1+cif9zsu72Xcn7q28T7xf9EDtQdlD3YfVP1v+3Njv3H9qwHeg89HcR/cGhYPP/pH1jw9DBY+Zj8uGDYbrnjg+OTniP3L96fynQ89kzyaeF/6i/suuFxYvfvjV69fO0ZjRoZfyl5O/bXyl/erA6xmv28bCxh6+yXgzMV70VvvtwXfcdx3vo98PT+R8IH8o/2j5sfVT0Kf7kxmTk/8EA5jz/Dou+7MAAAAGYktHRAD/AP8A/6C9p5MAAAAJcEhZcwAACxMAAAsTAQCanBgAAAAHdElNRQfeAQcUARBb1Ox/AAADE0lEQVQ4y22T3WubZRjGf8/zvPlom7RNwpK2KxPp3OZsZYy2fmCdTIdYlR04j/RgRx4Kng088dB/QHswD9WCiDCrIDgMFMeULptt7cRkznY1aVJJsywx70fe9709sI0gXufXdf1uuC/Ff1Qslh7XWp2LRCJPeJ53RER0LBYre173hh/4Vx89ceJH/k/FYun46tralcrOTmDbtvi+L0EQSBAE4vu+OI4j1WpNVtfW82sbt2cPfAqgVLrzWHmnsjx+eDwdjUbwgwAJQ5RoMEAIWiuMMYgIW/e23GRi6KVTp6byFsDq+vqHY2Oj6Xq9ju+HGKNQSqHUQYcgAiKCUYq+/oHY75t3LwNHLYDGXuOpVDpD5682Rmu0Niij0Urt2wERAhEkFOL9fYjIBIAFYNt298/dWsT3fYwxWMbCGI3SGqXYbw8JQiEMAmzHptlsSi9geHhI1Wq7pFIphAAERDTaGPbvoNuxiXZKWCbCXt2mb/QYABrAcRyVTCTwPJfBgQGGUynSmQypdIZ0JkMmk0HK9zg/9z6bVxaZn71F+fqy6hH0JxKyU6niuQ5Ga4aHhVYrIJkcQFsGu92h3/yCkQ4XLlUYmZ4jt/THvwQaZR2deJhabZfl76+hjMVILkvXcbHbHQYHB7GdFGg4PLUHlkXHEXoEjUaj1Wzq9PT0aZTS3Cn+irY0ruODCH0DMRyd49vLCc6943Hji2t0s6+E8OU/ARu3N269PD///NJXX6PQXLz4Jrlcjmq1BkFIJnuIdqvNJ+/lOWvnedDJUu1KsUdw9rkzC4VCYfbZuWeSrufy3dU88f44ruuDFuKxGK7r8tDJk/h2nk6zLccfmfig98phGOZWVlZe/3Txs3cFPXLhtfNkD2V50LpPGEIymaR5v8HS4sdceuMjfvrhye2Zt745E4/Ht639TdRnZmY+n5yc3C7cvPlqpVx+eq9eH2+1O7EwFIaGEp7nurunj02U/Bovbl7fK8y9HS9rrX11sKowDBUQBdLAWLfbHQ18f0hAGWNa0Wi0BpQXXpg6svBbu/Dz1pYD8DcBv3chtafXRwAAAABJRU5ErkJggg==','png'),('CONTENT_PROVIDER','Content Provider',NULL,NULL,'Y','Y','iVBORw0KGgoAAAANSUhEUgAAABAAAAAQCAYAAAAf8/9hAAAABGdBTUEAAK/INwWK6QAAAAZiS0dEAAAAAAAA+UO7fwAAAAlwSFlzAAAASAAAAEgARslrPgAAAAl2cEFnAAAAEAAAABAAXMatwwAAA5NJREFUOMtN0VtPm2UAB/D/877P+7R9Dz239KAM3zkKQ2EgQ6IZY2RbopuJJovxziujxktv/ACLiZ9Ar/RiyRLjhcsS1IsNt2RhgymsI2sLlHIorLTQc+nhPXphTPx9hR8BgKHZ75DJHLC5S2ffHD0bu/Fq1HPFLTtVjiOk29O3j8qte5ns4S+/3Vt7PjIY7T2++zX+Q9jgN7AqTcdHH09/cHUm8dXESOytgFeUHYwSSnkYhmlX6p2TzFZp9cGTze9v3f7zTo96Op30TQAAb7qnhdmZkWvvzw5/e340PinwlqPe6hDdMMGYAEI44mCU+T3SKUrpubZuv3yRSq/bjaQF2KDqK6FEf8z/hSLxg9ntfXQ1Ezxl6I8FwBMOpmUDIOB5injYqw7EQ1+q/fFUNm8+BwDOq7iul6vNqWR6l6xtHiNf7EKWJPQFPXA4GAghsG2g2zVgWiAeRZ6IhH1XIU0LAMCJLnZR0zQlt1dFLl9HvlAHIQSSU4DoYlAkF3ieR+uki0KxCl0zJUVyTcrBAQUAaCzkGRg+HeE5zsT6dh5rmTLKtTaSqTxmplSo/WFYFlCutfFkZRP5wgmpNttRyqgMoEIZo4YkOu1wUCSdTgNLyR1s5etYTu7CsmzE+/xotTU8+juHxWc5CFRC8bgGXe8AAKimaeuapideHpaF1dQBynUNpk3R6QKp7BEKpSZy6/tYW3gEn0PA6PkEmBBAYbdHPvv0Mfjo61cCjAnTT5MZ6dl6ERYEMIFCELh/R3o9xJ7OY666gHHVjbHLU4Zf6q1QXltUVdXiqWesbFjc6eN6Z9iwwCmyCK/bBa8ighACz8EWPlHSGJrrAz/5LrRiVm8vPUyPXbvxRrlWG+LLJ1JTcMolcMJwwOeOxcMeLhxUEPTJCEgUl5pZvBM10T0TwYmLwY0K71bH1OM2xL9WVv/gncFxu7izvO8L9GW9iihHQt5wPOxxhPwKF3TxeLuShsoZcAYo3GELTfcAaUASWgvzq9u3bv/AG40UoonrtlG6vyeK3mWXg9ugxCp6KgWblfYaicOUHm8eKRyVwYku2JIAt12FvLtXbGyVfucBoFVagT8+aSfGP6z9+uPna7puPriwdDcT3liEt1eFT2QhXmAMugO03TO6B6XjjRf5+Yfbh/cJ/iccO4PBkYsI+COY+Pkms1yO1xRJPHUu3veeLxK8YHsVWraxnzuqLizn8nd+2j3Y+QcjV4VtW4vPBAAAACV0RVh0ZGF0ZTpjcmVhdGUAMjAxMC0wMi0yM1QxODoxNDoxMy0wNzowMEqc8Q0AAAAldEVYdGRhdGU6bW9kaWZ5ADIwMTAtMDItMjNUMTg6MTQ6MTMtMDc6MDA7wUmxAAAANXRFWHRMaWNlbnNlAGh0dHA6Ly9jcmVhdGl2ZWNvbW1vbnMub3JnL2xpY2Vuc2VzL0xHUEwvMi4xLzvBtBgAAAAUdEVYdFNvdXJjZQBDcnlzdGFsIENsZWFy9eLnqAAAADp0RVh0U291cmNlX1VSTABodHRwOi8vY29tbW9ucy53aWtpbWVkaWEub3JnL3dpa2kvQ3J5c3RhbF9DbGVhcq++RWMAAAAASUVORK5CYII=','png'),('MANAGED_SYS','Managed Systems',1,NULL,'Y','Y','iVBORw0KGgoAAAANSUhEUgAAABAAAAAQCAYAAAAf8/9hAAAABmJLR0QAAAAAAAD5Q7t/AAAACXBIWXMAABuvAAAbrwFeGpEcAAAACXZwQWcAAAAQAAAAEABcxq3DAAADNElEQVQ4y3VTT0wjdRh9M79fpm1KaaEUisSCXQo1xPXg7kq4GZaEcFADBy0BEgGDid49qOFi1uwJE0P8E0Ig2VSSDZJoohgIK3qpyga3ON2lsN1ZCG1lGNpu0+nMr52OB6U2Ub/L917yve/wvfdx+J9aXV291tXV9SbHcdjb2/siFAr9+l9zfC2ZmJjw+nw+AIBhGP2BQGC6s7NzmhByHQDa2towOzvrrdVwF2B+fv6VoaGhFVEUb9lsNub3+0c9Ho8LAGRZzkqSFHa73ZampqbRSCTy+vDw8NfVLePj495oNFrM5XKmqqqmqqpmoVAwFUUxZVk2z8/PqziVSpnRaFQNhUJeAKAAsL29nR4ZGbnldrunGxoacKpkETs4hsYMMFYGTANBvxfNbidUVUUsFgtvbm6mqwuOjo5QLBbLuq4jfijhXjwFSil0VkKpXIGm6YhL99D/YgB2K4Gqqrosy3/dYG1t7arL5bouCMK7Ho/HufVzHE/UMnqf70BLox2/RBMQE2fI5PJodAgY7n8OmqblSqXSzWw2u8kXi8WZurq6G3a73WkYBnZ+l5CU82huboG7sQEv9fbgjVd7obEKftqJw2KxoL6+3ulwOG4UCoUZXlVVMMZQKpVQLpfx7Z27+GHnEAXNuLAT5yqH6OEpHh2fgud5MMbAGIOmaSB9fX2njLFjQsgLgiBYpGQGx3/kEQhcgsvpxI/3iwh/L0J69BBXnm1F7+V2KIryRJKkj9Lp9O1qDhYXFz8LBoMzmbyOdz5cQYuvG1euXkPZMPDb3R3IJw/x6ewoHDaCWCz2+dTU1FvVJPp8PlBKqa7rcNgIPnnvNficDBvf3Mad777CM+4KVj5+G92XngYhBIQQ2tHR8U8SJycnnxobG0vY7XYLpRSUUvA8X+0AwHEcTNOErus4OzvTFxYW/OFwOEkAYHd3N9/T0xNvbW19OZFIfKkoSsRqtQYEQbBWKhVkMpnc/v7+8snJyQOLxdIdiUQm5ubmIv/6rMHBwXZKKQ8AS0tLH4iiaIqiaC4vL78PAIQQfmBgoL1WQ2vJ+vr64wucSqW2Dg4OggCQTCa3/ra0srGx8bhW8yeDMIRDF0yzwwAAACV0RVh0Y3JlYXRlLWRhdGUAMjAwOS0xMS0xNVQxNzowMjozNC0wNzowMLbnjhIAAAAldEVYdGRhdGU6Y3JlYXRlADIwMTAtMDItMjBUMjM6MjY6MTgtMDc6MDBn7D1BAAAAJXRFWHRkYXRlOm1vZGlmeQAyMDEwLTAxLTExVDA5OjI0OjM1LTA3OjAwtCPdSgAAAGd0RVh0TGljZW5zZQBodHRwOi8vY3JlYXRpdmVjb21tb25zLm9yZy9saWNlbnNlcy9ieS1zYS8zLjAvIG9yIGh0dHA6Ly9jcmVhdGl2ZWNvbW1vbnMub3JnL2xpY2Vuc2VzL0xHUEwvMi4xL1uPPGMAAAAldEVYdG1vZGlmeS1kYXRlADIwMDktMDMtMTlUMTA6NTI6NTEtMDY6MDB/aP0GAAAAE3RFWHRTb3VyY2UAT3h5Z2VuIEljb25z7Biu6AAAACd0RVh0U291cmNlX1VSTABodHRwOi8vd3d3Lm94eWdlbi1pY29ucy5vcmcv7zeqywAAAABJRU5ErkJggg==','png'),('MENU_ITEM','Menus',NULL,NULL,'Y','N','iVBORw0KGgoAAAANSUhEUgAAABAAAAAQCAYAAAAf8/9hAAACrElEQVR4XoXTX0hTURwH8O+9XjfXJm2rKMgiSEYYEW1GOQT/PDTdq4T2ED1EBdVTj72UT4NMwoTAjB4kRBuOZM4pFBlS5CpiQ4OM0G1t15EpY3+8d7v3ns7dLkMk6QOXwz2H8z2/e+45DCEEDMOccblcx7mqKk5WFAUgBBUMQ/vZbC6Xm5ub84NqaWmBiud5QAuwkf8IBKZkUM6mJjidTjQ3N6O+vh4sUAop5gpFIgHYIkBOfZRKC9/0DI4crkufbGhozGQydlrM2Xw+3yQIgo1DGfGtimQ4wTDSVk4NBAgAhgZKCkgki7D7tGVxaekTtvF5X37goIkmNzE/nwPErDaZKbeKjD2p31AIwDLYDqn19Wwl4KZjP26dr4NUlKAiRIYgiChkM/C+WoAvJmJoWUC1mgmAM+3FCm+uqQSYDRxYjgFqqlFWBX4zgU0+BogZLMfTeP0mrnaXGc3AN55hoZFkRVtZgSRJiMcSePs+hHefwziwz0ortOLnnRNYvH4UX64cxOJlM+6eKgrlDQOOiaIoE00qlSIjIy/I48FBEolEyOjoKPmX50NPPrLQFAoFBdQav4bp4Aw2Nv6grbUVVqu1VNHw8NO82+2+1tHhuupyXbjh7uy87Xn4qJeDRq/Xo1gs4ms4DFEQ4HZ3libT/4729naEQqGNYDD4rKurC7IsQ6XT6aEFoBCNxpRkMolf8Tja2lphsVjUyWpl6kkFx3E6UBMTE+ju7oZ64ukJBwuqp+fSoUSS16XTaTp4ETabDQaDAbW1tTCZTDAajeq7CZrx8XE1ECzLAvfv9bqm/AHyoK9viw6s0AuzGggEopOTk1G6WnRsbCzq9XqTHo9nATvY7XbgnKPxO92QHwB0fr8fu+nv78dODocDKj0AFtTs7Cx2MzAwsO2CM5WAv/Vmfkv6rZhdAAAAAElFTkSuQmCC','png'),('REPORT','Report',NULL,NULL,'N','Y','iVBORw0KGgoAAAANSUhEUgAAABAAAAAQCAYAAAAf8/9hAAAAGXRFWHRTb2Z0d2FyZQBBZG9iZSBJbWFnZVJlYWR5ccllPAAAAY9JREFUeNpiZC5lZgADRoY+IKnPQBy4yPCfoQjOE1NQYAitr0/7TyRgLmHeB8QMIMwINSPt7t27M+/du8cAwqmpqQz3n//AarWiFCcDazHLfiDTCUUioLIy8++/f////P2LF4PUMOcz7wdiBhDG6oLE5GSGh89/YneBNCcDez7rASDTEUXCo7Aw5xfQhh+/f+PFIDXMmcwHgJgBhLG6IDYhgeHhs19YXaAkx8XAmcl6EMh0QJFwSE8v+P7nz//PP37gxSA1TMlMB4GYAYSxuiA8Lo7hydPf2MNAnpOBN4X9MJBpB0k+UGAeG1uyZ+7c7t+/f+NNQaysrAz8iRxHgExbZANQXBAcHc3w5Mkf7GGgxMUgEItpAINuYGDFkRUr2n/+/InXBezs7AyCUZxHgUwbnC7wj4hgePrkL3YXKHMxCIdyHQMyrf+f+I+Q4NXVbf8EDOF3wJDGh0FqGO0YTzIKQuxmAWIhIJb6/POyHJ8Zyxmi8uIXhjsM7xl0gKxnIGM4QQ6AGkYKAIXyZ4AAAwDo2Ez5UkE+nAAAAABJRU5ErkJggg==','png'),('SYS_ACTION','System Action',0,NULL,'Y','Y','iVBORw0KGgoAAAANSUhEUgAAABAAAAAQCAYAAAAf8/9hAAAABGdBTUEAALGPC/xhBQAAAAFzUkdCAK7OHOkAAAAgY0hSTQAAeiYAAICEAAD6AAAAgOgAAHUwAADqYAAAOpgAABdwnLpRPAAAAAZiS0dEAAAAAAAA+UO7fwAAAAlwSFlzAAAN1wAADdcBQiibeAAAAAl2cEFnAAAAEAAAABAAXMatwwAAAzlJREFUOMuNk11sU3UYxn89bUe3tZNuZSYDFjNYmKGLsOAUAku6zWxzcmNZwC1ZQoIxYhTjjVygGM2cNwZ0kY9NhRBogrKEmOk+KNtcaSUoS6zCNMRFA2vLuq6no+s5Zz2nf29ggYQLnqs3b/I8b/Lm98Bj5PP5dsTjcWV2dlbx+Xx199f53Z91bzt48P1yACHEo6aRkZFXAoFAB0AgEOjRdV0YhiGuXAkd7e///oiqZER6MS3+mb4lLvSf/wuwLZsHBgZ2plIpsbCwIKLRqNB1XWialstms7nh4SERjUXFUjYrQqGg2Lb1xWmgA1gBYAHIy8tzaZqGJElIksTg4CBLS0smi8XK6OgIbrebrKoip1J0dXV/4qn3nHtw3PRgCIfDoqioiBs3brKl5nnuJmbI5Qx+HBii2u1m+/YdyLJMRUXFSiAF8NHHHzxtCQaDW3Vdb3c4HMRiMTZUPkvo97Osq3YwOyOzeVMN1369SkXFOlavWS3OnjuTiESihxobG/f19fbdsqiq+nNxcbE1k8mIQnuhKSmnmNK7yM81czdeRuZOEZjM7PS28cvEZdP69ZWSoqjdSkbh+PEThyRVVYWmaSiKgsPuQFM1Uosyg5NjPLemg5rNmxi+dJmXGuqZCAQpLy83xaJRXvV6+6uqqr4ze73eoGEYqs1m2+JyuVAUjanrc7zVcB6zZKaqqhKXy8W1qyEKbPn09vZNXbz4w8lYNPr23NycsfzE8fFx4XQ6SSaT2O2FfHj4MHV1dTTUN+D3+ykrK6O0tJSWlhYJWKZIug/RHovFyvXJ30gk4+xqa8PpdNLa+jKRyAydnZ3U1tZSUlKC3+9/7WEAJYBIJGYL/zFJRlnk9X1vUFCQz/79bzI2OiY2bnQzPz+PYRhYrVY0TdMeCdi9e9fKZGr2aCI5L471nGCVaxWfdncxPjYumptbTJFI5Fh1dbUpHo/vTSQSba2trf0PB1iampoOpJX0U/9O/8faZ9bS3r6HwZ+G/n73wHsbzGYzsixfAPB4PKcfVzzT6TOn9urZpW/vpe9hLywkHP7zZs+XX70ApHkCmQCOfPH5yZQsN92+fWfim69PvQPIT2IG+B/FO35+VkPAygAAACV0RVh0Y3JlYXRlLWRhdGUAMjAwOS0xMS0xNVQxNzowMjozNC0wNzowMLbnjhIAAAAldEVYdGRhdGU6Y3JlYXRlADIwMTAtMDEtMTFUMDk6MjQ6MjQtMDc6MDCvo27cAAAAJXRFWHRkYXRlOm1vZGlmeQAyMDEwLTAxLTExVDA5OjI0OjI0LTA3OjAw3v7WYAAAAGd0RVh0TGljZW5zZQBodHRwOi8vY3JlYXRpdmVjb21tb25zLm9yZy9saWNlbnNlcy9ieS1zYS8zLjAvIG9yIGh0dHA6Ly9jcmVhdGl2ZWNvbW1vbnMub3JnL2xpY2Vuc2VzL0xHUEwvMi4xL1uPPGMAAAAldEVYdG1vZGlmeS1kYXRlADIwMDktMDgtMjdUMjE6NTE6MjYtMDY6MDAjJbvPAAAAE3RFWHRTb3VyY2UAT3h5Z2VuIEljb25z7Biu6AAAACd0RVh0U291cmNlX1VSTABodHRwOi8vd3d3Lm94eWdlbi1pY29ucy5vcmcv7zeqywAAAABJRU5ErkJggg==','png'),('UI_TEMPLATE','UI Template',NULL,NULL,'Y','Y','iVBORw0KGgoAAAANSUhEUgAAABAAAAAQCAYAAAAf8/9hAAAABmJLR0QA/wD/AP+gvaeTAAACzklEQVQ4jW2SzWtUZxTGn3PezzuZmzvXj9rJwkqDJabFUkEjLmpW7TZdZNVdIZSu3PgHDNRFwEXXumlrC0qyN+4sqBmIIFgS+jGdhVSKA3FCm8lM733v+75dJBml+MDZnIfzOw+HQ9evL3+ZNRqfAUBtYsJkk5O6Vqvb+kRN2yTRxlhtjVVaKyWE4KJ3c0LIktj3ft7rb7bln8+fn+/v7MwBRGmaUp7nnOc5O5dzA8RGW7LWcpZlbK2l3ssClh+ifjS/IMS5IQHA2r27f71z8lTTaI1hpwMVAhozM6ifOAEhxLiYGduda6jbNpTR2OlP3ZcAkGVZTIzB3vIyZqan4bRG+ewZXp45g7cuXkRZljDGgJnhqyF85aCMBoKPDABSStre3MSpLMPwxQv8cuQo1vMZbPcLEBGklGBmAAALDWKGryp4XxwAhODjs7N42G6j53bRe/9XFILgRAQRwXuPGCMAoHIDDHf/QVU5BO8OAEqRTVPM3rqFp8eOY/DA4WTD4cNP5wFgHB8AmDWkVPDOIfgyyv0EkkajEQKAC198BaUUlFIoigJKqYPBfYB3QxRhBA0L790BQO4DnHMwxsB7jxDCODYRjUEEBUSgciWCLw4BgpKkBu/9eLuUEsYYGGNARDiUr/bgRgPoJEEMfh/Q7++ERt74W0nFQGQiUIxRO1cKEComZiEEMTNAgkBEVeUQqiK+Qv9P3//wXXvq7amzjx6tp61WKxz2t9bO/qTt3mWpFMryyF1+0/Di4qK2NvkgTdMkO5bNve4RcQkf4J179Qev68rVK3MLCwvbg93BjY2Nx59cvvTx/ZWVlW8P/dINZPnvCJVzCK6Icn5+XjabzQYRTbLkxffePf1154/ffuz83n0SY2x2u92rS0tL39y5c/ujtbV7n/tqnXUtRyRG5Qt64w1arRZvbW2NvdXV1QAgAsDGbXkpgKaBAAZ1/wNbDyS1Uv4WmAAAAABJRU5ErkJggg==','png'),('UI_WIDGET','UI Widget',NULL,NULL,'Y','Y','iVBORw0KGgoAAAANSUhEUgAAABAAAAAQCAYAAAAf8/9hAAACaElEQVR4Xo2SX2iSURjGn08/3UzFgqIV/VsZWIwgumkadaFB6yIyIaKrRjdrwVhEBN0UFBR0Ewi76aIRDAajXcTKvGlF1JWtGmZ+bjUK0TnTRv7ZdN93Tt974IBIQT94PO8R3+d4zvMqnHMQ/YPXHAACAFT8Hx8ejdwvqGbjfgCDW7dsvti9Y1unxWIBIYzBQQsHfYgajDNYFQXOdZ3s9Ln+XuX2vQfFs+G+jU6nE/9i9rOGY0cOo9lsgjAMA6NjE0i8nxlXXS6Hw+PxIBaLgU4nhUIhdHV1QZLNF9FoNDA5OQlFUeD3+7G0VIQCbLDQF+l0GsFgELquw+12i+Z2lpeXMT09jWg0ilqtBsYNEBYTBAIBJJNJVKtVeL1eZLPZvxpEIhEMDw+jUChAoly/eTdxqu/4IavVCkkul0M+nzPN9oKut1gowuOyo1z+BUI3OLTMHL5o83ERY+/R0Ik7t27E3C4XaE+PJMUYk6lIgXA4HBh5+DguMvf1HFz0+XxY7/GQAb0FSdSymeKlfyljXllZAVqHplQqYTGfh6qqsNvtsNlsQh0dHbQXar0mY8yUYQg7mS1BJ8tampEJ1bpuIDO/AG3uG6ZevGQfZxKv2g0IOokapCgqkVDxZxkHevbBu3snatXfZS01+6TdgHKlYZF3Jok3eDr1HN27touBev3mbfPqlaELABakAV9bW4OEDEiyJgMaHtk8MHDpcr1WjXMTaaB9SmYaMiYyW11dRb1eR6VSESuDlY2NTyxFzoQj2R8Lo2avLg6QUZ0Mn99jUfgQwDeBQ0ELnBlMS6fefc2kngH4zmWTyR/tFUquTUg3IAAAAABJRU5ErkJggg==','png'),('URL_PATTERN','Url Pattern',NULL,NULL,'Y','Y','iVBORw0KGgoAAAANSUhEUgAAABAAAAAQCAYAAAAf8/9hAAACDElEQVR4XpWQP2gTYRjGn7sk9lIviZhBRLuJkw49apakawaRgDi7C0IWwUEKlW6SoVoXh6uDiUMTKmijaYvgkoBIlIB/eliHFtumFKElhFxyudzr970UE7DE+sDD8/ve93vf4zvFsiyq1WpoNpv4H2mahng8DmSzWWq1WuQ4DuULeU7mPPNRdXmfncvlCKZpygYXSqUS51+8XKLqwuxgnWfkLC+olMvsckX4iPzwbJrstQItz03x+dC8QIXQlVgM44YBXddhiDTGmWXyeX/Tgk/xY6RnQw/xHcTEjJSKAekn9T8c0vuMXheKsK/bEotDGBQ/oV6v066wzD73vXL/BvW+vKCv5p3D3q7M/hOi0SjCkQiCwVFERDKPMrNPnT0HTz2Bi/EErLm72C48wGkxI6XKt7quK1ksGOFk1jR8e/kQ26smIl4HShDoBnyYuHkNl69O4tP8NMLhMPzyZxSLRTQaDQwqqrk4b+/gzEQS6zsHIIXgFwsIAYAIdqeLZDIpeIjWl2aos7FE3fpbcrZWqLNZpPb3AtlrC7Q4c5sHVAyR6wHkOPxFQNjzmN12G2MXLkFq6IIx4zo+vnsN8no8qBAvgecKDmhg0T+0V31Flae3yPn5hjo/Fsn+/JzeP5mirWqV+6BjaHX+HjUO9qjnutT6tUGPH81y/dgL0uk0pVIpSiQmhRPMmUyGe78B5vckeH7oLeoAAAAASUVORK5CYII=','png');

Insert into RESOURCE_USER (RESOURCE_ID,USER_ID,START_DATE) values ('USER_MENUS','3000',null);
Insert into RESOURCE_USER (RESOURCE_ID,USER_ID,START_DATE) values ('USER_DELEGATION','3000',null);
Insert into RESOURCE_USER (RESOURCE_ID,USER_ID,START_DATE) values ('ROLE_MENUS','3000',null);
Insert into RESOURCE_USER (RESOURCE_ID,USER_ID,START_DATE) values ('GROUP_MENUS','3000',null);
Insert into RESOURCE_USER (RESOURCE_ID,USER_ID,START_DATE) values ('SUP_SUB_PAGE','3000',null);

Insert into RES_TO_RES_MEMBERSHIP (RESOURCE_ID,MEMBER_RESOURCE_ID,CREATE_DATE,UPDATE_DATE,CREATED_BY,UPDATED_BY) values ('BATCH_TASK_ROOT','SEARCH_BATCH_NEW',to_date('28-MAR-14','DD-MON-RR'),to_date('28-MAR-14','DD-MON-RR'),null,null);
Insert into RES_TO_RES_MEMBERSHIP (RESOURCE_ID,MEMBER_RESOURCE_ID,CREATE_DATE,UPDATE_DATE,CREATED_BY,UPDATED_BY) values ('BATCH_TASK_ROOT','NEW_BATCH_TASK',to_date('28-MAR-14','DD-MON-RR'),to_date('28-MAR-14','DD-MON-RR'),null,null);
Insert into RES_TO_RES_MEMBERSHIP (RESOURCE_ID,MEMBER_RESOURCE_ID,CREATE_DATE,UPDATE_DATE,CREATED_BY,UPDATED_BY) values ('BATCH_TASK_EDIT','SEARCH_BATCH_EDIT',to_date('28-MAR-14','DD-MON-RR'),to_date('28-MAR-14','DD-MON-RR'),null,null);
Insert into RES_TO_RES_MEMBERSHIP (RESOURCE_ID,MEMBER_RESOURCE_ID,CREATE_DATE,UPDATE_DATE,CREATED_BY,UPDATED_BY) values ('BATCH_TASK_EDIT','EDIT_BATCH_TASK',to_date('28-MAR-14','DD-MON-RR'),to_date('28-MAR-14','DD-MON-RR'),null,null);
Insert into RES_TO_RES_MEMBERSHIP (RESOURCE_ID,MEMBER_RESOURCE_ID,CREATE_DATE,UPDATE_DATE,CREATED_BY,UPDATED_BY) values ('ADMIN','ADMIN_BATCH_TASKS',to_date('28-MAR-14','DD-MON-RR'),to_date('28-MAR-14','DD-MON-RR'),null,null);
Insert into RES_TO_RES_MEMBERSHIP (RESOURCE_ID,MEMBER_RESOURCE_ID,CREATE_DATE,UPDATE_DATE,CREATED_BY,UPDATED_BY) values ('SELFCENTER','DIR_LOOKUP_PAGE',to_date('28-MAR-14','DD-MON-RR'),to_date('28-MAR-14','DD-MON-RR'),null,null);
Insert into RES_TO_RES_MEMBERSHIP (RESOURCE_ID,MEMBER_RESOURCE_ID,CREATE_DATE,UPDATE_DATE,CREATED_BY,UPDATED_BY) values ('MNGSYS_EDIT_MENU_ROOT','MANUALRECON',to_date('28-MAR-14','DD-MON-RR'),to_date('28-MAR-14','DD-MON-RR'),null,null);
Insert into RES_TO_RES_MEMBERSHIP (RESOURCE_ID,MEMBER_RESOURCE_ID,CREATE_DATE,UPDATE_DATE,CREATED_BY,UPDATED_BY) values ('SELFSERVICE','SELFSERVICE_REPORT',to_date('28-MAR-14','DD-MON-RR'),to_date('28-MAR-14','DD-MON-RR'),null,null);
Insert into RES_TO_RES_MEMBERSHIP (RESOURCE_ID,MEMBER_RESOURCE_ID,CREATE_DATE,UPDATE_DATE,CREATED_BY,UPDATED_BY) values ('SELFSERVICE_REPORT','SUBSCRIBE',to_date('28-MAR-14','DD-MON-RR'),to_date('28-MAR-14','DD-MON-RR'),null,null);
Insert into RES_TO_RES_MEMBERSHIP (RESOURCE_ID,MEMBER_RESOURCE_ID,CREATE_DATE,UPDATE_DATE,CREATED_BY,UPDATED_BY) values ('SELFSERVICE_REPORT','VIEW',to_date('28-MAR-14','DD-MON-RR'),to_date('28-MAR-14','DD-MON-RR'),null,null);
Insert into RES_TO_RES_MEMBERSHIP (RESOURCE_ID,MEMBER_RESOURCE_ID,CREATE_DATE,UPDATE_DATE,CREATED_BY,UPDATED_BY) values ('SELF_SUB_REPORT_ROOT','SELF_SUB_REPORT_NEW',to_date('28-MAR-14','DD-MON-RR'),to_date('28-MAR-14','DD-MON-RR'),null,null);
Insert into RES_TO_RES_MEMBERSHIP (RESOURCE_ID,MEMBER_RESOURCE_ID,CREATE_DATE,UPDATE_DATE,CREATED_BY,UPDATED_BY) values ('SELF_VIEW_REPORT_ROOT','SELF_VIEW_REPORT_NEW',to_date('28-MAR-14','DD-MON-RR'),to_date('28-MAR-14','DD-MON-RR'),null,null);
Insert into RES_TO_RES_MEMBERSHIP (RESOURCE_ID,MEMBER_RESOURCE_ID,CREATE_DATE,UPDATE_DATE,CREATED_BY,UPDATED_BY) values ('SELFSERV_USER_EDIT_ROOT','SELFSERVE_SUP_SUB',to_date('28-MAR-14','DD-MON-RR'),to_date('28-MAR-14','DD-MON-RR'),null,null);
Insert into RES_TO_RES_MEMBERSHIP (RESOURCE_ID,MEMBER_RESOURCE_ID,CREATE_DATE,UPDATE_DATE,CREATED_BY,UPDATED_BY) values ('SELFSERV_USER_EDIT_ROOT','SELFSER_USER_LOGIN',to_date('28-MAR-14','DD-MON-RR'),to_date('28-MAR-14','DD-MON-RR'),null,null);
Insert into RES_TO_RES_MEMBERSHIP (RESOURCE_ID,MEMBER_RESOURCE_ID,CREATE_DATE,UPDATE_DATE,CREATED_BY,UPDATED_BY) values ('SELFSERV_USER_EDIT_ROOT','SELFSER_USER_NEW_LOGIN',to_date('28-MAR-14','DD-MON-RR'),to_date('28-MAR-14','DD-MON-RR'),null,null);
Insert into RES_TO_RES_MEMBERSHIP (RESOURCE_ID,MEMBER_RESOURCE_ID,CREATE_DATE,UPDATE_DATE,CREATED_BY,UPDATED_BY) values ('SELF_SUB_ORGS_ROOT','SELF_SUB_ORGS_NEW',to_date('28-MAR-14','DD-MON-RR'),to_date('28-MAR-14','DD-MON-RR'),null,null);
Insert into RES_TO_RES_MEMBERSHIP (RESOURCE_ID,MEMBER_RESOURCE_ID,CREATE_DATE,UPDATE_DATE,CREATED_BY,UPDATED_BY) values ('SELF_SUB_ORGS_ROOT','SELF_SUB_ORGS_SEARCH',to_date('28-MAR-14','DD-MON-RR'),to_date('28-MAR-14','DD-MON-RR'),null,null);
Insert into RES_TO_RES_MEMBERSHIP (RESOURCE_ID,MEMBER_RESOURCE_ID,CREATE_DATE,UPDATE_DATE,CREATED_BY,UPDATED_BY) values ('SELF_SUB_ORGS_EDIT_ROOT','SELF_SUB_ORGS_EDIT',to_date('28-MAR-14','DD-MON-RR'),to_date('28-MAR-14','DD-MON-RR'),null,null);
Insert into RES_TO_RES_MEMBERSHIP (RESOURCE_ID,MEMBER_RESOURCE_ID,CREATE_DATE,UPDATE_DATE,CREATED_BY,UPDATED_BY) values ('ADMIN','SYNCLOG',to_date('28-MAR-14','DD-MON-RR'),to_date('28-MAR-14','DD-MON-RR'),null,null);
Insert into RES_TO_RES_MEMBERSHIP (RESOURCE_ID,MEMBER_RESOURCE_ID,CREATE_DATE,UPDATE_DATE,CREATED_BY,UPDATED_BY) values ('ACCESSCENTER','SELFSRVS_ACCESS_MNGMNT_ORG',to_date('28-MAR-14','DD-MON-RR'),to_date('28-MAR-14','DD-MON-RR'),null,null);
Insert into RES_TO_RES_MEMBERSHIP (RESOURCE_ID,MEMBER_RESOURCE_ID,CREATE_DATE,UPDATE_DATE,CREATED_BY,UPDATED_BY) values ('ACCESSCENTER','CREATEREQ',to_date('28-MAR-14','DD-MON-RR'),to_date('28-MAR-14','DD-MON-RR'),null,null);
Insert into RES_TO_RES_MEMBERSHIP (RESOURCE_ID,MEMBER_RESOURCE_ID,CREATE_DATE,UPDATE_DATE,CREATED_BY,UPDATED_BY) values ('ACCESSCENTER','NEWUSER',to_date('28-MAR-14','DD-MON-RR'),to_date('28-MAR-14','DD-MON-RR'),null,null);
Insert into RES_TO_RES_MEMBERSHIP (RESOURCE_ID,MEMBER_RESOURCE_ID,CREATE_DATE,UPDATE_DATE,CREATED_BY,UPDATED_BY) values ('ACCESSCENTER','NEWUSER-NOAPPRV',to_date('28-MAR-14','DD-MON-RR'),to_date('28-MAR-14','DD-MON-RR'),null,null);
Insert into RES_TO_RES_MEMBERSHIP (RESOURCE_ID,MEMBER_RESOURCE_ID,CREATE_DATE,UPDATE_DATE,CREATED_BY,UPDATED_BY) values ('ACCESSCENTER','SELF_QUERYUSER',to_date('28-MAR-14','DD-MON-RR'),to_date('28-MAR-14','DD-MON-RR'),null,null);
Insert into RES_TO_RES_MEMBERSHIP (RESOURCE_ID,MEMBER_RESOURCE_ID,CREATE_DATE,UPDATE_DATE,CREATED_BY,UPDATED_BY) values ('ACC_CONTROL','AM_PROV_SEARCH_CHILD',to_date('28-MAR-14','DD-MON-RR'),to_date('28-MAR-14','DD-MON-RR'),null,null);
Insert into RES_TO_RES_MEMBERSHIP (RESOURCE_ID,MEMBER_RESOURCE_ID,CREATE_DATE,UPDATE_DATE,CREATED_BY,UPDATED_BY) values ('ACC_CONTROL','CONTENT_PROV_SEARCH_CHILD',to_date('28-MAR-14','DD-MON-RR'),to_date('28-MAR-14','DD-MON-RR'),null,null);
Insert into RES_TO_RES_MEMBERSHIP (RESOURCE_ID,MEMBER_RESOURCE_ID,CREATE_DATE,UPDATE_DATE,CREATED_BY,UPDATED_BY) values ('ACC_CONTROL','SECURITY_GROUP',to_date('28-MAR-14','DD-MON-RR'),to_date('28-MAR-14','DD-MON-RR'),null,null);
Insert into RES_TO_RES_MEMBERSHIP (RESOURCE_ID,MEMBER_RESOURCE_ID,CREATE_DATE,UPDATE_DATE,CREATED_BY,UPDATED_BY) values ('ACC_CONTROL','SECURITY_RES',to_date('28-MAR-14','DD-MON-RR'),to_date('28-MAR-14','DD-MON-RR'),null,null);
Insert into RES_TO_RES_MEMBERSHIP (RESOURCE_ID,MEMBER_RESOURCE_ID,CREATE_DATE,UPDATE_DATE,CREATED_BY,UPDATED_BY) values ('ACC_CONTROL','SECURITY_ROLE',to_date('28-MAR-14','DD-MON-RR'),to_date('28-MAR-14','DD-MON-RR'),null,null);
Insert into RES_TO_RES_MEMBERSHIP (RESOURCE_ID,MEMBER_RESOURCE_ID,CREATE_DATE,UPDATE_DATE,CREATED_BY,UPDATED_BY) values ('ADMIN','BATCH_PROC',to_date('28-MAR-14','DD-MON-RR'),to_date('28-MAR-14','DD-MON-RR'),null,null);
Insert into RES_TO_RES_MEMBERSHIP (RESOURCE_ID,MEMBER_RESOURCE_ID,CREATE_DATE,UPDATE_DATE,CREATED_BY,UPDATED_BY) values ('ADMIN','CHALLENGE',to_date('28-MAR-14','DD-MON-RR'),to_date('28-MAR-14','DD-MON-RR'),null,null);
Insert into RES_TO_RES_MEMBERSHIP (RESOURCE_ID,MEMBER_RESOURCE_ID,CREATE_DATE,UPDATE_DATE,CREATED_BY,UPDATED_BY) values ('ADMIN','CUSTOM_FIELD_SEARCH_CHILD',to_date('28-MAR-14','DD-MON-RR'),to_date('28-MAR-14','DD-MON-RR'),null,null);
Insert into RES_TO_RES_MEMBERSHIP (RESOURCE_ID,MEMBER_RESOURCE_ID,CREATE_DATE,UPDATE_DATE,CREATED_BY,UPDATED_BY) values ('ADMIN','LOCATION',to_date('28-MAR-14','DD-MON-RR'),to_date('28-MAR-14','DD-MON-RR'),null,null);
Insert into RES_TO_RES_MEMBERSHIP (RESOURCE_ID,MEMBER_RESOURCE_ID,CREATE_DATE,UPDATE_DATE,CREATED_BY,UPDATED_BY) values ('ADMIN','METADATA',to_date('28-MAR-14','DD-MON-RR'),to_date('28-MAR-14','DD-MON-RR'),null,null);
Insert into RES_TO_RES_MEMBERSHIP (RESOURCE_ID,MEMBER_RESOURCE_ID,CREATE_DATE,UPDATE_DATE,CREATED_BY,UPDATED_BY) values ('ADMIN','TEMPLATE_SEARCH_CHILD',to_date('28-MAR-14','DD-MON-RR'),to_date('28-MAR-14','DD-MON-RR'),null,null);
Insert into RES_TO_RES_MEMBERSHIP (RESOURCE_ID,MEMBER_RESOURCE_ID,CREATE_DATE,UPDATE_DATE,CREATED_BY,UPDATED_BY) values ('AM_PROV_EDIT','AM_PROV_AM_ATTR',to_date('28-MAR-14','DD-MON-RR'),to_date('28-MAR-14','DD-MON-RR'),null,null);
Insert into RES_TO_RES_MEMBERSHIP (RESOURCE_ID,MEMBER_RESOURCE_ID,CREATE_DATE,UPDATE_DATE,CREATED_BY,UPDATED_BY) values ('AM_PROV_EDIT','AM_PROV_EDIT_CURRENT',to_date('28-MAR-14','DD-MON-RR'),to_date('28-MAR-14','DD-MON-RR'),null,null);
Insert into RES_TO_RES_MEMBERSHIP (RESOURCE_ID,MEMBER_RESOURCE_ID,CREATE_DATE,UPDATE_DATE,CREATED_BY,UPDATED_BY) values ('AM_PROV_EDIT','AM_PROV_EDIT_SEARCH',to_date('28-MAR-14','DD-MON-RR'),to_date('28-MAR-14','DD-MON-RR'),null,null);
Insert into RES_TO_RES_MEMBERSHIP (RESOURCE_ID,MEMBER_RESOURCE_ID,CREATE_DATE,UPDATE_DATE,CREATED_BY,UPDATED_BY) values ('AM_PROV_EDIT','AM_PROV_NEW_EDIT',to_date('28-MAR-14','DD-MON-RR'),to_date('28-MAR-14','DD-MON-RR'),null,null);
Insert into RES_TO_RES_MEMBERSHIP (RESOURCE_ID,MEMBER_RESOURCE_ID,CREATE_DATE,UPDATE_DATE,CREATED_BY,UPDATED_BY) values ('AM_PROV_ROOT','AM_PROV_NEW',to_date('28-MAR-14','DD-MON-RR'),to_date('28-MAR-14','DD-MON-RR'),null,null);
Insert into RES_TO_RES_MEMBERSHIP (RESOURCE_ID,MEMBER_RESOURCE_ID,CREATE_DATE,UPDATE_DATE,CREATED_BY,UPDATED_BY) values ('AM_PROV_ROOT','AM_PROV_SEARCH',to_date('28-MAR-14','DD-MON-RR'),to_date('28-MAR-14','DD-MON-RR'),null,null);
Insert into RES_TO_RES_MEMBERSHIP (RESOURCE_ID,MEMBER_RESOURCE_ID,CREATE_DATE,UPDATE_DATE,CREATED_BY,UPDATED_BY) values ('AUDITREPORT','AUDIT_RPT',to_date('28-MAR-14','DD-MON-RR'),to_date('28-MAR-14','DD-MON-RR'),null,null);
Insert into RES_TO_RES_MEMBERSHIP (RESOURCE_ID,MEMBER_RESOURCE_ID,CREATE_DATE,UPDATE_DATE,CREATED_BY,UPDATED_BY) values ('CONTENT_PROV_EDIT','CONTENT_PROV_EDIT_CURRENT',to_date('28-MAR-14','DD-MON-RR'),to_date('28-MAR-14','DD-MON-RR'),null,null);
Insert into RES_TO_RES_MEMBERSHIP (RESOURCE_ID,MEMBER_RESOURCE_ID,CREATE_DATE,UPDATE_DATE,CREATED_BY,UPDATED_BY) values ('CONTENT_PROV_EDIT','CONTENT_PROV_EDIT_SEARCH',to_date('28-MAR-14','DD-MON-RR'),to_date('28-MAR-14','DD-MON-RR'),null,null);
Insert into RES_TO_RES_MEMBERSHIP (RESOURCE_ID,MEMBER_RESOURCE_ID,CREATE_DATE,UPDATE_DATE,CREATED_BY,UPDATED_BY) values ('CONTENT_PROV_EDIT','CONTENT_PROV_NEW_EDIT',to_date('28-MAR-14','DD-MON-RR'),to_date('28-MAR-14','DD-MON-RR'),null,null);
Insert into RES_TO_RES_MEMBERSHIP (RESOURCE_ID,MEMBER_RESOURCE_ID,CREATE_DATE,UPDATE_DATE,CREATED_BY,UPDATED_BY) values ('CONTENT_PROV_ROOT','CONTENT_PROV_NEW',to_date('28-MAR-14','DD-MON-RR'),to_date('28-MAR-14','DD-MON-RR'),null,null);
Insert into RES_TO_RES_MEMBERSHIP (RESOURCE_ID,MEMBER_RESOURCE_ID,CREATE_DATE,UPDATE_DATE,CREATED_BY,UPDATED_BY) values ('CONTENT_PROV_ROOT','CONTENT_PROV_SEARCH',to_date('28-MAR-14','DD-MON-RR'),to_date('28-MAR-14','DD-MON-RR'),null,null);
Insert into RES_TO_RES_MEMBERSHIP (RESOURCE_ID,MEMBER_RESOURCE_ID,CREATE_DATE,UPDATE_DATE,CREATED_BY,UPDATED_BY) values ('CUSTOM_FIELD_EDIT','CUSTOM_FIELD_EDIT_NEW',to_date('28-MAR-14','DD-MON-RR'),to_date('28-MAR-14','DD-MON-RR'),null,null);
Insert into RES_TO_RES_MEMBERSHIP (RESOURCE_ID,MEMBER_RESOURCE_ID,CREATE_DATE,UPDATE_DATE,CREATED_BY,UPDATED_BY) values ('CUSTOM_FIELD_EDIT','CUSTOM_FIELD_EDIT_SEARCH',to_date('28-MAR-14','DD-MON-RR'),to_date('28-MAR-14','DD-MON-RR'),null,null);
Insert into RES_TO_RES_MEMBERSHIP (RESOURCE_ID,MEMBER_RESOURCE_ID,CREATE_DATE,UPDATE_DATE,CREATED_BY,UPDATED_BY) values ('CUSTOM_FIELD_ROOT','CUSTOM_FIELD_NEW',to_date('28-MAR-14','DD-MON-RR'),to_date('28-MAR-14','DD-MON-RR'),null,null);
Insert into RES_TO_RES_MEMBERSHIP (RESOURCE_ID,MEMBER_RESOURCE_ID,CREATE_DATE,UPDATE_DATE,CREATED_BY,UPDATED_BY) values ('CUSTOM_FIELD_ROOT','CUSTOM_FIELD_SEARCH',to_date('28-MAR-14','DD-MON-RR'),to_date('28-MAR-14','DD-MON-RR'),null,null);
Insert into RES_TO_RES_MEMBERSHIP (RESOURCE_ID,MEMBER_RESOURCE_ID,CREATE_DATE,UPDATE_DATE,CREATED_BY,UPDATED_BY) values ('GROUP_EDIT_MENU','EDIT_GROUP',to_date('28-MAR-14','DD-MON-RR'),to_date('28-MAR-14','DD-MON-RR'),null,null);
Insert into RES_TO_RES_MEMBERSHIP (RESOURCE_ID,MEMBER_RESOURCE_ID,CREATE_DATE,UPDATE_DATE,CREATED_BY,UPDATED_BY) values ('GROUP_EDIT_MENU','GROUP_ENTITLEMENTS',to_date('28-MAR-14','DD-MON-RR'),to_date('28-MAR-14','DD-MON-RR'),null,null);
Insert into RES_TO_RES_MEMBERSHIP (RESOURCE_ID,MEMBER_RESOURCE_ID,CREATE_DATE,UPDATE_DATE,CREATED_BY,UPDATED_BY) values ('GROUP_EDIT_MENU','GROUP_MENUS',to_date('28-MAR-14','DD-MON-RR'),to_date('28-MAR-14','DD-MON-RR'),null,null);
Insert into RES_TO_RES_MEMBERSHIP (RESOURCE_ID,MEMBER_RESOURCE_ID,CREATE_DATE,UPDATE_DATE,CREATED_BY,UPDATED_BY) values ('GROUP_ROOT_MENU','GROUP_SEARCH',to_date('28-MAR-14','DD-MON-RR'),to_date('28-MAR-14','DD-MON-RR'),null,null);
Insert into RES_TO_RES_MEMBERSHIP (RESOURCE_ID,MEMBER_RESOURCE_ID,CREATE_DATE,UPDATE_DATE,CREATED_BY,UPDATED_BY) values ('GROUP_ROOT_MENU','NEW_GROUP',to_date('28-MAR-14','DD-MON-RR'),to_date('28-MAR-14','DD-MON-RR'),null,null);
Insert into RES_TO_RES_MEMBERSHIP (RESOURCE_ID,MEMBER_RESOURCE_ID,CREATE_DATE,UPDATE_DATE,CREATED_BY,UPDATED_BY) values ('IDM','ACC_CONTROL',to_date('28-MAR-14','DD-MON-RR'),to_date('28-MAR-14','DD-MON-RR'),null,null);
Insert into RES_TO_RES_MEMBERSHIP (RESOURCE_ID,MEMBER_RESOURCE_ID,CREATE_DATE,UPDATE_DATE,CREATED_BY,UPDATED_BY) values ('IDM','ADMIN',to_date('28-MAR-14','DD-MON-RR'),to_date('28-MAR-14','DD-MON-RR'),null,null);
Insert into RES_TO_RES_MEMBERSHIP (RESOURCE_ID,MEMBER_RESOURCE_ID,CREATE_DATE,UPDATE_DATE,CREATED_BY,UPDATED_BY) values ('IDM','IDMAN',to_date('28-MAR-14','DD-MON-RR'),to_date('28-MAR-14','DD-MON-RR'),null,null);
Insert into RES_TO_RES_MEMBERSHIP (RESOURCE_ID,MEMBER_RESOURCE_ID,CREATE_DATE,UPDATE_DATE,CREATED_BY,UPDATED_BY) values ('IDM','PROVISIONING',to_date('28-MAR-14','DD-MON-RR'),to_date('28-MAR-14','DD-MON-RR'),null,null);
Insert into RES_TO_RES_MEMBERSHIP (RESOURCE_ID,MEMBER_RESOURCE_ID,CREATE_DATE,UPDATE_DATE,CREATED_BY,UPDATED_BY) values ('IDM','REPORT',to_date('28-MAR-14','DD-MON-RR'),to_date('28-MAR-14','DD-MON-RR'),null,null);
Insert into RES_TO_RES_MEMBERSHIP (RESOURCE_ID,MEMBER_RESOURCE_ID,CREATE_DATE,UPDATE_DATE,CREATED_BY,UPDATED_BY) values ('IDM','SECURITY_POLICY',to_date('28-MAR-14','DD-MON-RR'),to_date('28-MAR-14','DD-MON-RR'),null,null);
Insert into RES_TO_RES_MEMBERSHIP (RESOURCE_ID,MEMBER_RESOURCE_ID,CREATE_DATE,UPDATE_DATE,CREATED_BY,UPDATED_BY) values ('IDMAN','ORG',to_date('28-MAR-14','DD-MON-RR'),to_date('28-MAR-14','DD-MON-RR'),null,null);
Insert into RES_TO_RES_MEMBERSHIP (RESOURCE_ID,MEMBER_RESOURCE_ID,CREATE_DATE,UPDATE_DATE,CREATED_BY,UPDATED_BY) values ('IDMAN','USER',to_date('28-MAR-14','DD-MON-RR'),to_date('28-MAR-14','DD-MON-RR'),null,null);
Insert into RES_TO_RES_MEMBERSHIP (RESOURCE_ID,MEMBER_RESOURCE_ID,CREATE_DATE,UPDATE_DATE,CREATED_BY,UPDATED_BY) values ('IDMAN','USER_BULK',to_date('28-MAR-14','DD-MON-RR'),to_date('28-MAR-14','DD-MON-RR'),null,null);
Insert into RES_TO_RES_MEMBERSHIP (RESOURCE_ID,MEMBER_RESOURCE_ID,CREATE_DATE,UPDATE_DATE,CREATED_BY,UPDATED_BY) values ('MNGSYS_MENU_ITEM','MNGSYS_NEW',to_date('28-MAR-14','DD-MON-RR'),to_date('28-MAR-14','DD-MON-RR'),null,null);
Insert into RES_TO_RES_MEMBERSHIP (RESOURCE_ID,MEMBER_RESOURCE_ID,CREATE_DATE,UPDATE_DATE,CREATED_BY,UPDATED_BY) values ('ORGANIZATION_EDIT_ID','EDIT_ORG',to_date('28-MAR-14','DD-MON-RR'),to_date('28-MAR-14','DD-MON-RR'),null,null);
Insert into RES_TO_RES_MEMBERSHIP (RESOURCE_ID,MEMBER_RESOURCE_ID,CREATE_DATE,UPDATE_DATE,CREATED_BY,UPDATED_BY) values ('ORGANIZATION_EDIT_ID','ORG_MEMBERSHIP',to_date('28-MAR-14','DD-MON-RR'),to_date('28-MAR-14','DD-MON-RR'),null,null);
Insert into RES_TO_RES_MEMBERSHIP (RESOURCE_ID,MEMBER_RESOURCE_ID,CREATE_DATE,UPDATE_DATE,CREATED_BY,UPDATED_BY) values ('ORGANIZATION_ROOT_ID','NEW_ORG',to_date('28-MAR-14','DD-MON-RR'),to_date('28-MAR-14','DD-MON-RR'),null,null);
Insert into RES_TO_RES_MEMBERSHIP (RESOURCE_ID,MEMBER_RESOURCE_ID,CREATE_DATE,UPDATE_DATE,CREATED_BY,UPDATED_BY) values ('ORGANIZATION_ROOT_ID','ORG_SEARCH',to_date('28-MAR-14','DD-MON-RR'),to_date('28-MAR-14','DD-MON-RR'),null,null);
Insert into RES_TO_RES_MEMBERSHIP (RESOURCE_ID,MEMBER_RESOURCE_ID,CREATE_DATE,UPDATE_DATE,CREATED_BY,UPDATED_BY) values ('PAGE_TEMPLATE_EDIT','PAGE_TEMPLATE_EDIT_NEW',to_date('28-MAR-14','DD-MON-RR'),to_date('28-MAR-14','DD-MON-RR'),null,null);
Insert into RES_TO_RES_MEMBERSHIP (RESOURCE_ID,MEMBER_RESOURCE_ID,CREATE_DATE,UPDATE_DATE,CREATED_BY,UPDATED_BY) values ('PAGE_TEMPLATE_EDIT','PAGE_TEMPLATE_EDIT_SEARCH',to_date('28-MAR-14','DD-MON-RR'),to_date('28-MAR-14','DD-MON-RR'),null,null);
Insert into RES_TO_RES_MEMBERSHIP (RESOURCE_ID,MEMBER_RESOURCE_ID,CREATE_DATE,UPDATE_DATE,CREATED_BY,UPDATED_BY) values ('PAGE_TEMPLATE_ROOT','PAGE_TEMPLATE_NEW',to_date('28-MAR-14','DD-MON-RR'),to_date('28-MAR-14','DD-MON-RR'),null,null);
Insert into RES_TO_RES_MEMBERSHIP (RESOURCE_ID,MEMBER_RESOURCE_ID,CREATE_DATE,UPDATE_DATE,CREATED_BY,UPDATED_BY) values ('PAGE_TEMPLATE_ROOT','PAGE_TEMPLATE_SEARCH',to_date('28-MAR-14','DD-MON-RR'),to_date('28-MAR-14','DD-MON-RR'),null,null);
Insert into RES_TO_RES_MEMBERSHIP (RESOURCE_ID,MEMBER_RESOURCE_ID,CREATE_DATE,UPDATE_DATE,CREATED_BY,UPDATED_BY) values ('PROVCONNECT_MENU_ITEM','PROV_CONNECTOR_NEW',to_date('28-MAR-14','DD-MON-RR'),to_date('28-MAR-14','DD-MON-RR'),null,null);
Insert into RES_TO_RES_MEMBERSHIP (RESOURCE_ID,MEMBER_RESOURCE_ID,CREATE_DATE,UPDATE_DATE,CREATED_BY,UPDATED_BY) values ('PROVISIONING','MNGSYS',to_date('28-MAR-14','DD-MON-RR'),to_date('28-MAR-14','DD-MON-RR'),null,null);
Insert into RES_TO_RES_MEMBERSHIP (RESOURCE_ID,MEMBER_RESOURCE_ID,CREATE_DATE,UPDATE_DATE,CREATED_BY,UPDATED_BY) values ('PROVISIONING','PROVCONNECT',to_date('28-MAR-14','DD-MON-RR'),to_date('28-MAR-14','DD-MON-RR'),null,null);
Insert into RES_TO_RES_MEMBERSHIP (RESOURCE_ID,MEMBER_RESOURCE_ID,CREATE_DATE,UPDATE_DATE,CREATED_BY,UPDATED_BY) values ('PROVISIONING','SYNCUSER',to_date('28-MAR-14','DD-MON-RR'),to_date('28-MAR-14','DD-MON-RR'),null,null);
Insert into RES_TO_RES_MEMBERSHIP (RESOURCE_ID,MEMBER_RESOURCE_ID,CREATE_DATE,UPDATE_DATE,CREATED_BY,UPDATED_BY) values ('REPORT','AUDITREPORT',to_date('28-MAR-14','DD-MON-RR'),to_date('28-MAR-14','DD-MON-RR'),null,null);
Insert into RES_TO_RES_MEMBERSHIP (RESOURCE_ID,MEMBER_RESOURCE_ID,CREATE_DATE,UPDATE_DATE,CREATED_BY,UPDATED_BY) values ('RESOURCE_EDIT_PAGE_ROOT','EDIT_RESOURCE',to_date('28-MAR-14','DD-MON-RR'),to_date('28-MAR-14','DD-MON-RR'),null,null);
Insert into RES_TO_RES_MEMBERSHIP (RESOURCE_ID,MEMBER_RESOURCE_ID,CREATE_DATE,UPDATE_DATE,CREATED_BY,UPDATED_BY) values ('MNGSYS_EDIT_MENU_ROOT','RESPOLICYMAP',to_date('28-MAR-14','DD-MON-RR'),to_date('28-MAR-14','DD-MON-RR'),null,null);
Insert into RES_TO_RES_MEMBERSHIP (RESOURCE_ID,MEMBER_RESOURCE_ID,CREATE_DATE,UPDATE_DATE,CREATED_BY,UPDATED_BY) values ('RESOURCE_EDIT_PAGE_ROOT','RES_ENT_SUB',to_date('28-MAR-14','DD-MON-RR'),to_date('28-MAR-14','DD-MON-RR'),null,null);
Insert into RES_TO_RES_MEMBERSHIP (RESOURCE_ID,MEMBER_RESOURCE_ID,CREATE_DATE,UPDATE_DATE,CREATED_BY,UPDATED_BY) values ('RESOURCE_MENU_ROOT','CREATE_RESOURCE_MENU',to_date('28-MAR-14','DD-MON-RR'),to_date('28-MAR-14','DD-MON-RR'),null,null);
Insert into RES_TO_RES_MEMBERSHIP (RESOURCE_ID,MEMBER_RESOURCE_ID,CREATE_DATE,UPDATE_DATE,CREATED_BY,UPDATED_BY) values ('MNGSYS_EDIT_MENU_ROOT','RESRECONCILE',to_date('28-MAR-14','DD-MON-RR'),to_date('28-MAR-14','DD-MON-RR'),null,null);
Insert into RES_TO_RES_MEMBERSHIP (RESOURCE_ID,MEMBER_RESOURCE_ID,CREATE_DATE,UPDATE_DATE,CREATED_BY,UPDATED_BY) values ('RESOURCE_MENU_ROOT','RESSUMMARY',to_date('28-MAR-14','DD-MON-RR'),to_date('28-MAR-14','DD-MON-RR'),null,null);
Insert into RES_TO_RES_MEMBERSHIP (RESOURCE_ID,MEMBER_RESOURCE_ID,CREATE_DATE,UPDATE_DATE,CREATED_BY,UPDATED_BY) values ('ROLE_EDIT_MENU','EDIT_ROLE',to_date('28-MAR-14','DD-MON-RR'),to_date('28-MAR-14','DD-MON-RR'),null,null);
Insert into RES_TO_RES_MEMBERSHIP (RESOURCE_ID,MEMBER_RESOURCE_ID,CREATE_DATE,UPDATE_DATE,CREATED_BY,UPDATED_BY) values ('ROLE_EDIT_MENU','ROLE_ENTITLEMENTS',to_date('28-MAR-14','DD-MON-RR'),to_date('28-MAR-14','DD-MON-RR'),null,null);
Insert into RES_TO_RES_MEMBERSHIP (RESOURCE_ID,MEMBER_RESOURCE_ID,CREATE_DATE,UPDATE_DATE,CREATED_BY,UPDATED_BY) values ('ROLE_EDIT_MENU','ROLE_MENUS',to_date('28-MAR-14','DD-MON-RR'),to_date('28-MAR-14','DD-MON-RR'),null,null);
Insert into RES_TO_RES_MEMBERSHIP (RESOURCE_ID,MEMBER_RESOURCE_ID,CREATE_DATE,UPDATE_DATE,CREATED_BY,UPDATED_BY) values ('ROLE_ROOT_MENU','NEW_ROLE',to_date('28-MAR-14','DD-MON-RR'),to_date('28-MAR-14','DD-MON-RR'),null,null);
Insert into RES_TO_RES_MEMBERSHIP (RESOURCE_ID,MEMBER_RESOURCE_ID,CREATE_DATE,UPDATE_DATE,CREATED_BY,UPDATED_BY) values ('ROLE_ROOT_MENU','ROLE_SEARCH',to_date('28-MAR-14','DD-MON-RR'),to_date('28-MAR-14','DD-MON-RR'),null,null);
Insert into RES_TO_RES_MEMBERSHIP (RESOURCE_ID,MEMBER_RESOURCE_ID,CREATE_DATE,UPDATE_DATE,CREATED_BY,UPDATED_BY) values ('SELFCENTER','CHNGPSWD',to_date('28-MAR-14','DD-MON-RR'),to_date('28-MAR-14','DD-MON-RR'),null,null);
Insert into RES_TO_RES_MEMBERSHIP (RESOURCE_ID,MEMBER_RESOURCE_ID,CREATE_DATE,UPDATE_DATE,CREATED_BY,UPDATED_BY) values ('SELFCENTER','IDQUEST',to_date('28-MAR-14','DD-MON-RR'),to_date('28-MAR-14','DD-MON-RR'),null,null);
Insert into RES_TO_RES_MEMBERSHIP (RESOURCE_ID,MEMBER_RESOURCE_ID,CREATE_DATE,UPDATE_DATE,CREATED_BY,UPDATED_BY) values ('SELFCENTER','PROFILE',to_date('28-MAR-14','DD-MON-RR'),to_date('28-MAR-14','DD-MON-RR'),null,null);
Insert into RES_TO_RES_MEMBERSHIP (RESOURCE_ID,MEMBER_RESOURCE_ID,CREATE_DATE,UPDATE_DATE,CREATED_BY,UPDATED_BY) values ('SELFSERVICE','ACCESSCENTER',to_date('28-MAR-14','DD-MON-RR'),to_date('28-MAR-14','DD-MON-RR'),null,null);
Insert into RES_TO_RES_MEMBERSHIP (RESOURCE_ID,MEMBER_RESOURCE_ID,CREATE_DATE,UPDATE_DATE,CREATED_BY,UPDATED_BY) values ('SELFSERVICE','SELFCENTER',to_date('28-MAR-14','DD-MON-RR'),to_date('28-MAR-14','DD-MON-RR'),null,null);
Insert into RES_TO_RES_MEMBERSHIP (RESOURCE_ID,MEMBER_RESOURCE_ID,CREATE_DATE,UPDATE_DATE,CREATED_BY,UPDATED_BY) values ('SELFSERVICE','SELFSERVICE_MYAPPS',to_date('28-MAR-14','DD-MON-RR'),to_date('28-MAR-14','DD-MON-RR'),null,null);
Insert into RES_TO_RES_MEMBERSHIP (RESOURCE_ID,MEMBER_RESOURCE_ID,CREATE_DATE,UPDATE_DATE,CREATED_BY,UPDATED_BY) values ('SELFSERVICE','SELFSERVICE_MYINFO',to_date('28-MAR-14','DD-MON-RR'),to_date('28-MAR-14','DD-MON-RR'),null,null);
Insert into RES_TO_RES_MEMBERSHIP (RESOURCE_ID,MEMBER_RESOURCE_ID,CREATE_DATE,UPDATE_DATE,CREATED_BY,UPDATED_BY) values ('USER_EDIT_MENU','SUP_SUB_PAGE',to_date('28-MAR-14','DD-MON-RR'),to_date('28-MAR-14','DD-MON-RR'),null,null);
Insert into RES_TO_RES_MEMBERSHIP (RESOURCE_ID,MEMBER_RESOURCE_ID,CREATE_DATE,UPDATE_DATE,CREATED_BY,UPDATED_BY) values ('URI_META_EDIT','URI_META_BACK',to_date('28-MAR-14','DD-MON-RR'),to_date('28-MAR-14','DD-MON-RR'),null,null);
Insert into RES_TO_RES_MEMBERSHIP (RESOURCE_ID,MEMBER_RESOURCE_ID,CREATE_DATE,UPDATE_DATE,CREATED_BY,UPDATED_BY) values ('URI_PATTERN_EDIT','BACK_TO_CP',to_date('28-MAR-14','DD-MON-RR'),to_date('28-MAR-14','DD-MON-RR'),null,null);
Insert into RES_TO_RES_MEMBERSHIP (RESOURCE_ID,MEMBER_RESOURCE_ID,CREATE_DATE,UPDATE_DATE,CREATED_BY,UPDATED_BY) values ('URI_PATTERN_EDIT','URI_PATTERN_EDIT_NEW_PATTERN',to_date('28-MAR-14','DD-MON-RR'),to_date('28-MAR-14','DD-MON-RR'),null,null);
Insert into RES_TO_RES_MEMBERSHIP (RESOURCE_ID,MEMBER_RESOURCE_ID,CREATE_DATE,UPDATE_DATE,CREATED_BY,UPDATED_BY) values ('URI_PATTERN_EDIT','URI_PATTERN_EDIT_PATTERN',to_date('28-MAR-14','DD-MON-RR'),to_date('28-MAR-14','DD-MON-RR'),null,null);
Insert into RES_TO_RES_MEMBERSHIP (RESOURCE_ID,MEMBER_RESOURCE_ID,CREATE_DATE,UPDATE_DATE,CREATED_BY,UPDATED_BY) values ('URI_PATTERN_EDIT','URI_PATTERN_EDT_PROV_SEARCH',to_date('28-MAR-14','DD-MON-RR'),to_date('28-MAR-14','DD-MON-RR'),null,null);
Insert into RES_TO_RES_MEMBERSHIP (RESOURCE_ID,MEMBER_RESOURCE_ID,CREATE_DATE,UPDATE_DATE,CREATED_BY,UPDATED_BY) values ('USER_EDIT_MENU','USER_ATTRIBUTES',to_date('28-MAR-14','DD-MON-RR'),to_date('28-MAR-14','DD-MON-RR'),null,null);
Insert into RES_TO_RES_MEMBERSHIP (RESOURCE_ID,MEMBER_RESOURCE_ID,CREATE_DATE,UPDATE_DATE,CREATED_BY,UPDATED_BY) values ('USER_EDIT_MENU','USER_DELEGATION',to_date('28-MAR-14','DD-MON-RR'),to_date('28-MAR-14','DD-MON-RR'),null,null);
Insert into RES_TO_RES_MEMBERSHIP (RESOURCE_ID,MEMBER_RESOURCE_ID,CREATE_DATE,UPDATE_DATE,CREATED_BY,UPDATED_BY) values ('USER_EDIT_MENU','USER_EDIT_CONTACT_INFO',to_date('28-MAR-14','DD-MON-RR'),to_date('28-MAR-14','DD-MON-RR'),null,null);
Insert into RES_TO_RES_MEMBERSHIP (RESOURCE_ID,MEMBER_RESOURCE_ID,CREATE_DATE,UPDATE_DATE,CREATED_BY,UPDATED_BY) values ('USER_EDIT_MENU','USER_EDIT_INFO',to_date('28-MAR-14','DD-MON-RR'),to_date('28-MAR-14','DD-MON-RR'),null,null);
Insert into RES_TO_RES_MEMBERSHIP (RESOURCE_ID,MEMBER_RESOURCE_ID,CREATE_DATE,UPDATE_DATE,CREATED_BY,UPDATED_BY) values ('USER_EDIT_MENU','USER_ENTITLEMENTS',to_date('28-MAR-14','DD-MON-RR'),to_date('28-MAR-14','DD-MON-RR'),null,null);
Insert into RES_TO_RES_MEMBERSHIP (RESOURCE_ID,MEMBER_RESOURCE_ID,CREATE_DATE,UPDATE_DATE,CREATED_BY,UPDATED_BY) values ('USER_EDIT_MENU','USER_HISTORY',to_date('28-MAR-14','DD-MON-RR'),to_date('28-MAR-14','DD-MON-RR'),null,null);
Insert into RES_TO_RES_MEMBERSHIP (RESOURCE_ID,MEMBER_RESOURCE_ID,CREATE_DATE,UPDATE_DATE,CREATED_BY,UPDATED_BY) values ('USER_EDIT_MENU','USER_IDENTITY',to_date('28-MAR-14','DD-MON-RR'),to_date('28-MAR-14','DD-MON-RR'),null,null);
Insert into RES_TO_RES_MEMBERSHIP (RESOURCE_ID,MEMBER_RESOURCE_ID,CREATE_DATE,UPDATE_DATE,CREATED_BY,UPDATED_BY) values ('USER_EDIT_MENU','USER_MENUS',to_date('28-MAR-14','DD-MON-RR'),to_date('28-MAR-14','DD-MON-RR'),null,null);
Insert into RES_TO_RES_MEMBERSHIP (RESOURCE_ID,MEMBER_RESOURCE_ID,CREATE_DATE,UPDATE_DATE,CREATED_BY,UPDATED_BY) values ('USER_EDIT_MENU','USER_RESET_PASSWORD',to_date('28-MAR-14','DD-MON-RR'),to_date('28-MAR-14','DD-MON-RR'),null,null);
Insert into RES_TO_RES_MEMBERSHIP (RESOURCE_ID,MEMBER_RESOURCE_ID,CREATE_DATE,UPDATE_DATE,CREATED_BY,UPDATED_BY) values ('USER_EDIT_MENU','USER_SEARCH',to_date('28-MAR-14','DD-MON-RR'),to_date('28-MAR-14','DD-MON-RR'),null,null);
Insert into RES_TO_RES_MEMBERSHIP (RESOURCE_ID,MEMBER_RESOURCE_ID,CREATE_DATE,UPDATE_DATE,CREATED_BY,UPDATED_BY) values ('USER_ROOT_MENU','NEW_USER',to_date('28-MAR-14','DD-MON-RR'),to_date('28-MAR-14','DD-MON-RR'),null,null);
Insert into RES_TO_RES_MEMBERSHIP (RESOURCE_ID,MEMBER_RESOURCE_ID,CREATE_DATE,UPDATE_DATE,CREATED_BY,UPDATED_BY) values ('SYNCUSER_MENU_ITEM','SYNCUSER_NEW',to_date('28-MAR-14','DD-MON-RR'),to_date('28-MAR-14','DD-MON-RR'),null,null);
Insert into RES_TO_RES_MEMBERSHIP (RESOURCE_ID,MEMBER_RESOURCE_ID,CREATE_DATE,UPDATE_DATE,CREATED_BY,UPDATED_BY) values ('MNGSYS_EDIT_MENU_ROOT','MNGSYS_EDIT',to_date('28-MAR-14','DD-MON-RR'),to_date('28-MAR-14','DD-MON-RR'),null,null);
Insert into RES_TO_RES_MEMBERSHIP (RESOURCE_ID,MEMBER_RESOURCE_ID,CREATE_DATE,UPDATE_DATE,CREATED_BY,UPDATED_BY) values ('SECURITY_POLICY','PASSWORD_POLICY',to_date('28-MAR-14','DD-MON-RR'),to_date('28-MAR-14','DD-MON-RR'),null,null);
Insert into RES_TO_RES_MEMBERSHIP (RESOURCE_ID,MEMBER_RESOURCE_ID,CREATE_DATE,UPDATE_DATE,CREATED_BY,UPDATED_BY) values ('PASSWORD_POLICY_ROOT_MENU','NEW_PASSWORD_POLICY',to_date('28-MAR-14','DD-MON-RR'),to_date('28-MAR-14','DD-MON-RR'),null,null);
Insert into RES_TO_RES_MEMBERSHIP (RESOURCE_ID,MEMBER_RESOURCE_ID,CREATE_DATE,UPDATE_DATE,CREATED_BY,UPDATED_BY) values ('SECURITY_POLICY','AUTHENTICATION_POLICY',to_date('28-MAR-14','DD-MON-RR'),to_date('28-MAR-14','DD-MON-RR'),null,null);
Insert into RES_TO_RES_MEMBERSHIP (RESOURCE_ID,MEMBER_RESOURCE_ID,CREATE_DATE,UPDATE_DATE,CREATED_BY,UPDATED_BY) values ('AUTHENTICATION_POLICY_ROOT_MENU','NEW_AUTHENTICATION_POLICY',to_date('28-MAR-14','DD-MON-RR'),to_date('28-MAR-14','DD-MON-RR'),null,null);
Insert into RES_TO_RES_MEMBERSHIP (RESOURCE_ID,MEMBER_RESOURCE_ID,CREATE_DATE,UPDATE_DATE,CREATED_BY,UPDATED_BY) values ('PASSWORD_POLICY_EDIT','ASSOC_POLICY',to_date('28-MAR-14','DD-MON-RR'),to_date('28-MAR-14','DD-MON-RR'),null,null);
Insert into RES_TO_RES_MEMBERSHIP (RESOURCE_ID,MEMBER_RESOURCE_ID,CREATE_DATE,UPDATE_DATE,CREATED_BY,UPDATED_BY) values ('SECURITY_POLICY','ATTRIBUTE_POLICY',to_date('28-MAR-14','DD-MON-RR'),to_date('28-MAR-14','DD-MON-RR'),null,null);
Insert into RES_TO_RES_MEMBERSHIP (RESOURCE_ID,MEMBER_RESOURCE_ID,CREATE_DATE,UPDATE_DATE,CREATED_BY,UPDATED_BY) values ('POLICY_ATTR_ROOT','NEW_POLICY_ATTR',to_date('28-MAR-14','DD-MON-RR'),to_date('28-MAR-14','DD-MON-RR'),null,null);
Insert into RES_TO_RES_MEMBERSHIP (RESOURCE_ID,MEMBER_RESOURCE_ID,CREATE_DATE,UPDATE_DATE,CREATED_BY,UPDATED_BY) values ('POLICY_ATTR_EDIT_ROOT','EDIT_POLICY_ATTR_SRCH_BCK',to_date('28-MAR-14','DD-MON-RR'),to_date('28-MAR-14','DD-MON-RR'),null,null);
Insert into RES_TO_RES_MEMBERSHIP (RESOURCE_ID,MEMBER_RESOURCE_ID,CREATE_DATE,UPDATE_DATE,CREATED_BY,UPDATED_BY) values ('RESOURCE_EDIT_PAGE_ROOT','RES_APROVER_ASSOC',to_date('28-MAR-14','DD-MON-RR'),to_date('28-MAR-14','DD-MON-RR'),null,null);
Insert into RES_TO_RES_MEMBERSHIP (RESOURCE_ID,MEMBER_RESOURCE_ID,CREATE_DATE,UPDATE_DATE,CREATED_BY,UPDATED_BY) values ('GROUP_EDIT_MENU','GRP_APROVER_ASSOC',to_date('28-MAR-14','DD-MON-RR'),to_date('28-MAR-14','DD-MON-RR'),null,null);
Insert into RES_TO_RES_MEMBERSHIP (RESOURCE_ID,MEMBER_RESOURCE_ID,CREATE_DATE,UPDATE_DATE,CREATED_BY,UPDATED_BY) values ('ROLE_EDIT_MENU','ROLE_APROVER_ASSOC',to_date('28-MAR-14','DD-MON-RR'),to_date('28-MAR-14','DD-MON-RR'),null,null);
Insert into RES_TO_RES_MEMBERSHIP (RESOURCE_ID,MEMBER_RESOURCE_ID,CREATE_DATE,UPDATE_DATE,CREATED_BY,UPDATED_BY) values ('SELFSERV_USER_EDIT_ROOT','SELFSERV_USER_EDIT',to_date('28-MAR-14','DD-MON-RR'),to_date('28-MAR-14','DD-MON-RR'),null,null);
Insert into RES_TO_RES_MEMBERSHIP (RESOURCE_ID,MEMBER_RESOURCE_ID,CREATE_DATE,UPDATE_DATE,CREATED_BY,UPDATED_BY) values ('SELFSERV_USER_EDIT_ROOT','SELFSERV_USER_MEMSHP',to_date('28-MAR-14','DD-MON-RR'),to_date('28-MAR-14','DD-MON-RR'),null,null);
Insert into RES_TO_RES_MEMBERSHIP (RESOURCE_ID,MEMBER_RESOURCE_ID,CREATE_DATE,UPDATE_DATE,CREATED_BY,UPDATED_BY) values ('ADMIN','CHALLENGE_RESPONSE_QUESTION',to_date('28-MAR-14','DD-MON-RR'),to_date('28-MAR-14','DD-MON-RR'),null,null);
Insert into RES_TO_RES_MEMBERSHIP (RESOURCE_ID,MEMBER_RESOURCE_ID,CREATE_DATE,UPDATE_DATE,CREATED_BY,UPDATED_BY) values ('CHALLENGE_RESPONSE_QUESTION_ROOT','CHALLENGE_RESPONSE_QUESTION_NEW',to_date('28-MAR-14','DD-MON-RR'),to_date('28-MAR-14','DD-MON-RR'),null,null);
Insert into RES_TO_RES_MEMBERSHIP (RESOURCE_ID,MEMBER_RESOURCE_ID,CREATE_DATE,UPDATE_DATE,CREATED_BY,UPDATED_BY) values ('SYNCUSER_EDIT_MENU_ROOT','SYNCUSER_EDIT',to_date('28-MAR-14','DD-MON-RR'),to_date('28-MAR-14','DD-MON-RR'),null,null);
Insert into RES_TO_RES_MEMBERSHIP (RESOURCE_ID,MEMBER_RESOURCE_ID,CREATE_DATE,UPDATE_DATE,CREATED_BY,UPDATED_BY) values ('SYNCUSER_EDIT_MENU_ROOT','SYNCUSER_POLICYMAP',to_date('28-MAR-14','DD-MON-RR'),to_date('28-MAR-14','DD-MON-RR'),null,null);
Insert into RES_TO_RES_MEMBERSHIP (RESOURCE_ID,MEMBER_RESOURCE_ID,CREATE_DATE,UPDATE_DATE,CREATED_BY,UPDATED_BY) values ('IDM','WEB_REPORT',to_date('28-MAR-14','DD-MON-RR'),to_date('28-MAR-14','DD-MON-RR'),null,null);
Insert into RES_TO_RES_MEMBERSHIP (RESOURCE_ID,MEMBER_RESOURCE_ID,CREATE_DATE,UPDATE_DATE,CREATED_BY,UPDATED_BY) values ('WEB_REPORT_ROOT','WEB_REPORT_NEW',to_date('28-MAR-14','DD-MON-RR'),to_date('28-MAR-14','DD-MON-RR'),null,null);
Insert into RES_TO_RES_MEMBERSHIP (RESOURCE_ID,MEMBER_RESOURCE_ID,CREATE_DATE,UPDATE_DATE,CREATED_BY,UPDATED_BY) values ('ADMIN','CONF_POLICY_PAGE',to_date('28-MAR-14','DD-MON-RR'),to_date('28-MAR-14','DD-MON-RR'),null,null);
Insert into RES_TO_RES_MEMBERSHIP (RESOURCE_ID,MEMBER_RESOURCE_ID,CREATE_DATE,UPDATE_DATE,CREATED_BY,UPDATED_BY) values ('ADMIN','META_TYPE_ADMIN',to_date('21-MAY-14','DD-MON-RR'),to_date('21-MAY-14','DD-MON-RR'),null,null);
Insert into RES_TO_RES_MEMBERSHIP (RESOURCE_ID,MEMBER_RESOURCE_ID,CREATE_DATE,UPDATE_DATE,CREATED_BY,UPDATED_BY) values ('ORG_TYPE_SUBMENU_ROOT','ORG_TYPE_SEARCH',to_date('28-MAR-14','DD-MON-RR'),to_date('28-MAR-14','DD-MON-RR'),null,null);
Insert into RES_TO_RES_MEMBERSHIP (RESOURCE_ID,MEMBER_RESOURCE_ID,CREATE_DATE,UPDATE_DATE,CREATED_BY,UPDATED_BY) values ('ORG_TYPE_SUBMENU_ROOT','NEW_ORG_TYPE',to_date('28-MAR-14','DD-MON-RR'),to_date('28-MAR-14','DD-MON-RR'),null,null);
Insert into RES_TO_RES_MEMBERSHIP (RESOURCE_ID,MEMBER_RESOURCE_ID,CREATE_DATE,UPDATE_DATE,CREATED_BY,UPDATED_BY) values ('ORG_TYPE_SUBMENU_EDIT','ORG_TYPE_EDIT_SEARCH',to_date('28-MAR-14','DD-MON-RR'),to_date('28-MAR-14','DD-MON-RR'),null,null);
Insert into RES_TO_RES_MEMBERSHIP (RESOURCE_ID,MEMBER_RESOURCE_ID,CREATE_DATE,UPDATE_DATE,CREATED_BY,UPDATED_BY) values ('ORG_TYPE_SUBMENU_EDIT','EDIT_ORG_TYPE',to_date('28-MAR-14','DD-MON-RR'),to_date('28-MAR-14','DD-MON-RR'),null,null);
Insert into RES_TO_RES_MEMBERSHIP (RESOURCE_ID,MEMBER_RESOURCE_ID,CREATE_DATE,UPDATE_DATE,CREATED_BY,UPDATED_BY) values ('ORG_TYPE_SUBMENU_EDIT','EDIT_ORG_MEMBERSHIP',to_date('28-MAR-14','DD-MON-RR'),to_date('28-MAR-14','DD-MON-RR'),null,null);
Insert into RES_TO_RES_MEMBERSHIP (RESOURCE_ID,MEMBER_RESOURCE_ID,CREATE_DATE,UPDATE_DATE,CREATED_BY,UPDATED_BY) values ('IDMAN','EDIT_ORG_TYPE_IDMAN',to_date('28-MAR-14','DD-MON-RR'),to_date('28-MAR-14','DD-MON-RR'),null,null);
Insert into RES_TO_RES_MEMBERSHIP (RESOURCE_ID,MEMBER_RESOURCE_ID,CREATE_DATE,UPDATE_DATE,CREATED_BY,UPDATED_BY) values ('SELFSERV_USER_EDIT_ROOT','SELFSERV_ACCESS_REVIEW',to_date('21-MAY-14','DD-MON-RR'),to_date('21-MAY-14','DD-MON-RR'),null,null);
Insert into RES_TO_RES_MEMBERSHIP (RESOURCE_ID,MEMBER_RESOURCE_ID,CREATE_DATE,UPDATE_DATE,CREATED_BY,UPDATED_BY) values ('REQUEST_APPROVAL','REQINBOX',to_date('21-MAY-14','DD-MON-RR'),to_date('21-MAY-14','DD-MON-RR'),null,null);
Insert into RES_TO_RES_MEMBERSHIP (RESOURCE_ID,MEMBER_RESOURCE_ID,CREATE_DATE,UPDATE_DATE,CREATED_BY,UPDATED_BY) values ('REQUEST_APPROVAL','MANAGEREQ',to_date('21-MAY-14','DD-MON-RR'),to_date('21-MAY-14','DD-MON-RR'),null,null);
Insert into RES_TO_RES_MEMBERSHIP (RESOURCE_ID,MEMBER_RESOURCE_ID,CREATE_DATE,UPDATE_DATE,CREATED_BY,UPDATED_BY) values ('SELFSERVICE','REQUEST_APPROVAL',to_date('21-MAY-14','DD-MON-RR'),to_date('21-MAY-14','DD-MON-RR'),null,null);
Insert into RES_TO_RES_MEMBERSHIP (RESOURCE_ID,MEMBER_RESOURCE_ID,CREATE_DATE,UPDATE_DATE,CREATED_BY,UPDATED_BY) values ('ACCESSCENTER','SELFSERVICE_GROUPS',to_date('21-MAY-14','DD-MON-RR'),to_date('21-MAY-14','DD-MON-RR'),null,null);
Insert into RES_TO_RES_MEMBERSHIP (RESOURCE_ID,MEMBER_RESOURCE_ID,CREATE_DATE,UPDATE_DATE,CREATED_BY,UPDATED_BY) values ('ACCESSCENTER','SELFSERVICE_ROLES',to_date('21-MAY-14','DD-MON-RR'),to_date('21-MAY-14','DD-MON-RR'),null,null);
Insert into RES_TO_RES_MEMBERSHIP (RESOURCE_ID,MEMBER_RESOURCE_ID,CREATE_DATE,UPDATE_DATE,CREATED_BY,UPDATED_BY) values ('ACCESSCENTER','SELFSERVICE_RESOURCES',to_date('21-MAY-14','DD-MON-RR'),to_date('21-MAY-14','DD-MON-RR'),null,null);
Insert into RES_TO_RES_MEMBERSHIP (RESOURCE_ID,MEMBER_RESOURCE_ID,CREATE_DATE,UPDATE_DATE,CREATED_BY,UPDATED_BY) values ('SELF_SUB_ORGS_EDIT_ROOT','SS_ORG_BACK_SEARCH',to_date('21-MAY-14','DD-MON-RR'),to_date('21-MAY-14','DD-MON-RR'),null,null);
Insert into RES_TO_RES_MEMBERSHIP (RESOURCE_ID,MEMBER_RESOURCE_ID,CREATE_DATE,UPDATE_DATE,CREATED_BY,UPDATED_BY) values ('SELFSRV_GRP_SRCH_ROOT','SELFSERV_GRP_NEW',to_date('21-MAY-14','DD-MON-RR'),to_date('21-MAY-14','DD-MON-RR'),null,null);
Insert into RES_TO_RES_MEMBERSHIP (RESOURCE_ID,MEMBER_RESOURCE_ID,CREATE_DATE,UPDATE_DATE,CREATED_BY,UPDATED_BY) values ('SELFSRV_GRP_EDIT_ROOT','SELFSERV_GRP_EDIT',to_date('21-MAY-14','DD-MON-RR'),to_date('21-MAY-14','DD-MON-RR'),null,null);
Insert into RES_TO_RES_MEMBERSHIP (RESOURCE_ID,MEMBER_RESOURCE_ID,CREATE_DATE,UPDATE_DATE,CREATED_BY,UPDATED_BY) values ('SELFSRV_GRP_EDIT_ROOT','SELFSERV_GRP_BACK_SRCH',to_date('21-MAY-14','DD-MON-RR'),to_date('21-MAY-14','DD-MON-RR'),null,null);
Insert into RES_TO_RES_MEMBERSHIP (RESOURCE_ID,MEMBER_RESOURCE_ID,CREATE_DATE,UPDATE_DATE,CREATED_BY,UPDATED_BY) values ('SELFSRV_ROLE_SRCH_ROOT','SELFSERV_ROLE_NEW',to_date('21-MAY-14','DD-MON-RR'),to_date('21-MAY-14','DD-MON-RR'),null,null);
Insert into RES_TO_RES_MEMBERSHIP (RESOURCE_ID,MEMBER_RESOURCE_ID,CREATE_DATE,UPDATE_DATE,CREATED_BY,UPDATED_BY) values ('SELFSRV_ROLE_EDIT_ROOT','SELFSRV_ROLE_EDIT',to_date('21-MAY-14','DD-MON-RR'),to_date('21-MAY-14','DD-MON-RR'),null,null);
Insert into RES_TO_RES_MEMBERSHIP (RESOURCE_ID,MEMBER_RESOURCE_ID,CREATE_DATE,UPDATE_DATE,CREATED_BY,UPDATED_BY) values ('SELFSRV_ROLE_EDIT_ROOT','SELFSRV_ROLE_BACK_SRCH',to_date('21-MAY-14','DD-MON-RR'),to_date('21-MAY-14','DD-MON-RR'),null,null);
Insert into RES_TO_RES_MEMBERSHIP (RESOURCE_ID,MEMBER_RESOURCE_ID,CREATE_DATE,UPDATE_DATE,CREATED_BY,UPDATED_BY) values ('SELFSRV_RES_SRCH_ROOT','SELFSRV_RES_NEW',to_date('21-MAY-14','DD-MON-RR'),to_date('21-MAY-14','DD-MON-RR'),null,null);
Insert into RES_TO_RES_MEMBERSHIP (RESOURCE_ID,MEMBER_RESOURCE_ID,CREATE_DATE,UPDATE_DATE,CREATED_BY,UPDATED_BY) values ('SELFSRV_RES_EDIT_ROOT','SELFSRV_RES_EDIT',to_date('21-MAY-14','DD-MON-RR'),to_date('21-MAY-14','DD-MON-RR'),null,null);
Insert into RES_TO_RES_MEMBERSHIP (RESOURCE_ID,MEMBER_RESOURCE_ID,CREATE_DATE,UPDATE_DATE,CREATED_BY,UPDATED_BY) values ('SELFSRV_RES_EDIT_ROOT','SELFSRV_RES_BACK_SRCH',to_date('21-MAY-14','DD-MON-RR'),to_date('21-MAY-14','DD-MON-RR'),null,null);
Insert into RES_TO_RES_MEMBERSHIP (RESOURCE_ID,MEMBER_RESOURCE_ID,CREATE_DATE,UPDATE_DATE,CREATED_BY,UPDATED_BY) values ('ORGANIZATION_EDIT_ID','ORG_APROVER_ASSOC',to_date('21-MAY-14','DD-MON-RR'),to_date('21-MAY-14','DD-MON-RR'),null,null);
Insert into RES_TO_RES_MEMBERSHIP (RESOURCE_ID,MEMBER_RESOURCE_ID,CREATE_DATE,UPDATE_DATE,CREATED_BY,UPDATED_BY) values ('ACC_CONTROL','MENUS_SEARCH',to_date('21-MAY-14','DD-MON-RR'),to_date('21-MAY-14','DD-MON-RR'),null,null);
Insert into RES_TO_RES_MEMBERSHIP (RESOURCE_ID,MEMBER_RESOURCE_ID,CREATE_DATE,UPDATE_DATE,CREATED_BY,UPDATED_BY) values ('UI_THEME_ROOT','UI_THEME_ROOT_SRCH',to_date('21-MAY-14','DD-MON-RR'),to_date('21-MAY-14','DD-MON-RR'),null,null);
Insert into RES_TO_RES_MEMBERSHIP (RESOURCE_ID,MEMBER_RESOURCE_ID,CREATE_DATE,UPDATE_DATE,CREATED_BY,UPDATED_BY) values ('UI_THEME_ROOT','NEW_UI_THEME',to_date('21-MAY-14','DD-MON-RR'),to_date('21-MAY-14','DD-MON-RR'),null,null);
Insert into RES_TO_RES_MEMBERSHIP (RESOURCE_ID,MEMBER_RESOURCE_ID,CREATE_DATE,UPDATE_DATE,CREATED_BY,UPDATED_BY) values ('UI_THEME_EDIT','UI_THEME_BACK_SRCH',to_date('21-MAY-14','DD-MON-RR'),to_date('21-MAY-14','DD-MON-RR'),null,null);
Insert into RES_TO_RES_MEMBERSHIP (RESOURCE_ID,MEMBER_RESOURCE_ID,CREATE_DATE,UPDATE_DATE,CREATED_BY,UPDATED_BY) values ('UI_THEME_EDIT','UI_THEME_EDIT_MODIFY',to_date('21-MAY-14','DD-MON-RR'),to_date('21-MAY-14','DD-MON-RR'),null,null);
Insert into RES_TO_RES_MEMBERSHIP (RESOURCE_ID,MEMBER_RESOURCE_ID,CREATE_DATE,UPDATE_DATE,CREATED_BY,UPDATED_BY) values ('ADMIN','UI_THEMES',to_date('21-MAY-14','DD-MON-RR'),to_date('21-MAY-14','DD-MON-RR'),null,null);
Insert into RES_TO_RES_MEMBERSHIP (RESOURCE_ID,MEMBER_RESOURCE_ID,CREATE_DATE,UPDATE_DATE,CREATED_BY,UPDATED_BY) values ('SELFSRV_GRP_EDIT_ROOT','SS_GRP_ENT',to_date('21-MAY-14','DD-MON-RR'),to_date('21-MAY-14','DD-MON-RR'),null,null);
Insert into RES_TO_RES_MEMBERSHIP (RESOURCE_ID,MEMBER_RESOURCE_ID,CREATE_DATE,UPDATE_DATE,CREATED_BY,UPDATED_BY) values ('SELFSRV_ROLE_EDIT_ROOT','SS_ROLE_ENT',to_date('21-MAY-14','DD-MON-RR'),to_date('21-MAY-14','DD-MON-RR'),null,null);
Insert into RES_TO_RES_MEMBERSHIP (RESOURCE_ID,MEMBER_RESOURCE_ID,CREATE_DATE,UPDATE_DATE,CREATED_BY,UPDATED_BY) values ('SELFSRV_RES_EDIT_ROOT','SS_RES_ENT',to_date('21-MAY-14','DD-MON-RR'),to_date('21-MAY-14','DD-MON-RR'),null,null);
Insert into RES_TO_RES_MEMBERSHIP (RESOURCE_ID,MEMBER_RESOURCE_ID,CREATE_DATE,UPDATE_DATE,CREATED_BY,UPDATED_BY) values ('META_TYPE_SUBMENU_ROOT','META_TYPE_SEARCH',to_date('21-MAY-14','DD-MON-RR'),to_date('21-MAY-14','DD-MON-RR'),null,null);
Insert into RES_TO_RES_MEMBERSHIP (RESOURCE_ID,MEMBER_RESOURCE_ID,CREATE_DATE,UPDATE_DATE,CREATED_BY,UPDATED_BY) values ('META_TYPE_SUBMENU_ROOT','META_TYPE_EDIT',to_date('21-MAY-14','DD-MON-RR'),to_date('21-MAY-14','DD-MON-RR'),null,null);
Insert into RES_TO_RES_MEMBERSHIP (RESOURCE_ID,MEMBER_RESOURCE_ID,CREATE_DATE,UPDATE_DATE,CREATED_BY,UPDATED_BY) values ('ACC_CONTROL','RES_TYPE_ITEM',to_date('21-MAY-14','DD-MON-RR'),to_date('21-MAY-14','DD-MON-RR'),null,null);
Insert into RES_TO_RES_MEMBERSHIP (RESOURCE_ID,MEMBER_RESOURCE_ID,CREATE_DATE,UPDATE_DATE,CREATED_BY,UPDATED_BY) values ('RES_TYPE_MENU_ROOT','RES_TYPE_NEW',to_date('21-MAY-14','DD-MON-RR'),to_date('21-MAY-14','DD-MON-RR'),null,null);
Insert into RES_TO_RES_MEMBERSHIP (RESOURCE_ID,MEMBER_RESOURCE_ID,CREATE_DATE,UPDATE_DATE,CREATED_BY,UPDATED_BY) values ('AUTH_LVL_GRP_NEW_ROOT','NEW_AUTH_LVL_GRP',to_date('21-MAY-14','DD-MON-RR'),to_date('21-MAY-14','DD-MON-RR'),null,null);
Insert into RES_TO_RES_MEMBERSHIP (RESOURCE_ID,MEMBER_RESOURCE_ID,CREATE_DATE,UPDATE_DATE,CREATED_BY,UPDATED_BY) values ('AUTH_LVL_GRP_EDIT_ROOT','BACK_TO_AUTH_LVL_GRP_SRH',to_date('21-MAY-14','DD-MON-RR'),to_date('21-MAY-14','DD-MON-RR'),null,null);
Insert into RES_TO_RES_MEMBERSHIP (RESOURCE_ID,MEMBER_RESOURCE_ID,CREATE_DATE,UPDATE_DATE,CREATED_BY,UPDATED_BY) values ('AUTH_LVL_GRP_ATTR','BACK_TO_AUTH_LVL',to_date('21-MAY-14','DD-MON-RR'),to_date('21-MAY-14','DD-MON-RR'),null,null);
Insert into RES_TO_RES_MEMBERSHIP (RESOURCE_ID,MEMBER_RESOURCE_ID,CREATE_DATE,UPDATE_DATE,CREATED_BY,UPDATED_BY) values ('ACC_CONTROL','AUTH_LEVEL_GRP',to_date('21-MAY-14','DD-MON-RR'),to_date('21-MAY-14','DD-MON-RR'),null,null);
Insert into RES_TO_RES_MEMBERSHIP (RESOURCE_ID,MEMBER_RESOURCE_ID,CREATE_DATE,UPDATE_DATE,CREATED_BY,UPDATED_BY) values ('ADMIN','IMPERSIONATION_MENU',to_date('21-MAY-14','DD-MON-RR'),to_date('21-MAY-14','DD-MON-RR'),null,null);
Insert into RES_TO_RES_MEMBERSHIP (RESOURCE_ID,MEMBER_RESOURCE_ID,CREATE_DATE,UPDATE_DATE,CREATED_BY,UPDATED_BY) values ('SELFSERVICE_EXT','SELFSRV_EXAMPLE',to_date('21-MAY-14','DD-MON-RR'),to_date('21-MAY-14','DD-MON-RR'),null,null);
Insert into RES_TO_RES_MEMBERSHIP (RESOURCE_ID,MEMBER_RESOURCE_ID,CREATE_DATE,UPDATE_DATE,CREATED_BY,UPDATED_BY) values ('ADMIN','LANGUAGE_ADMIN',to_date('21-MAY-14','DD-MON-RR'),to_date('21-MAY-14','DD-MON-RR'),null,null);
Insert into RES_TO_RES_MEMBERSHIP (RESOURCE_ID,MEMBER_RESOURCE_ID,CREATE_DATE,UPDATE_DATE,CREATED_BY,UPDATED_BY) values ('LANGUAGE_ROOT_MENU','LANGUAGE_SEARCH',to_date('21-MAY-14','DD-MON-RR'),to_date('21-MAY-14','DD-MON-RR'),null,null);
Insert into RES_TO_RES_MEMBERSHIP (RESOURCE_ID,MEMBER_RESOURCE_ID,CREATE_DATE,UPDATE_DATE,CREATED_BY,UPDATED_BY) values ('LANGUAGE_ROOT_MENU','LANGUAGE_EDIT',to_date('21-MAY-14','DD-MON-RR'),to_date('21-MAY-14','DD-MON-RR'),null,null);
Insert into RES_TO_RES_MEMBERSHIP (RESOURCE_ID,MEMBER_RESOURCE_ID,CREATE_DATE,UPDATE_DATE,CREATED_BY,UPDATED_BY) values ('IDMAN','BULK_OPS',to_date('21-MAY-14','DD-MON-RR'),to_date('21-MAY-14','DD-MON-RR'),null,null);
Insert into RES_TO_RES_MEMBERSHIP (RESOURCE_ID,MEMBER_RESOURCE_ID,CREATE_DATE,UPDATE_DATE,CREATED_BY,UPDATED_BY) values ('USER_EDIT_MENU','MNG_SYS_VIEWER',to_date('21-MAY-14','DD-MON-RR'),to_date('21-MAY-14','DD-MON-RR'),null,null);
Insert into RES_TO_RES_MEMBERSHIP (RESOURCE_ID,MEMBER_RESOURCE_ID,CREATE_DATE,UPDATE_DATE,CREATED_BY,UPDATED_BY) values ('META_SUBMENU_ROOT','META_TYPE_EDIT_RETURN',to_date('21-MAY-14','DD-MON-RR'),to_date('21-MAY-14','DD-MON-RR'),null,null);
Insert into RES_TO_RES_MEMBERSHIP (RESOURCE_ID,MEMBER_RESOURCE_ID,CREATE_DATE,UPDATE_DATE,CREATED_BY,UPDATED_BY) values ('SYNCUSER_EDIT_MENU_ROOT','SYNCUSER_REVIEW',to_date('16-DEC-14','DD-MON-RR'),to_date('16-DEC-14','DD-MON-RR'),null,null);
Insert into RES_TO_RES_MEMBERSHIP (RESOURCE_ID,MEMBER_RESOURCE_ID,CREATE_DATE,UPDATE_DATE,CREATED_BY,UPDATED_BY) values ('SELFSERVICE_REPORT','SELF_REPORT_VIEWER',to_date('16-DEC-14','DD-MON-RR'),to_date('16-DEC-14','DD-MON-RR'),null,null);
Insert into RES_TO_RES_MEMBERSHIP (RESOURCE_ID,MEMBER_RESOURCE_ID,CREATE_DATE,UPDATE_DATE,CREATED_BY,UPDATED_BY) values ('GROUP_EDIT_MENU','GROUP_IDENTITY',to_date('16-DEC-14','DD-MON-RR'),to_date('16-DEC-14','DD-MON-RR'),null,null);
Insert into RES_TO_RES_MEMBERSHIP (RESOURCE_ID,MEMBER_RESOURCE_ID,CREATE_DATE,UPDATE_DATE,CREATED_BY,UPDATED_BY) values ('SELFCENTER','PROFILE_PIC',to_date('16-DEC-14','DD-MON-RR'),to_date('16-DEC-14','DD-MON-RR'),null,null);
Insert into RES_TO_RES_MEMBERSHIP (RESOURCE_ID,MEMBER_RESOURCE_ID,CREATE_DATE,UPDATE_DATE,CREATED_BY,UPDATED_BY) values ('ORGANIZATION_EDIT_ID','ORG_IDENTITY',to_date('16-DEC-14','DD-MON-RR'),to_date('16-DEC-14','DD-MON-RR'),null,null);
Insert into RES_TO_RES_MEMBERSHIP (RESOURCE_ID,MEMBER_RESOURCE_ID,CREATE_DATE,UPDATE_DATE,CREATED_BY,UPDATED_BY) values ('USER_INFO_PAGE','RESET_ACCOUNT',to_date('16-DEC-14','DD-MON-RR'),to_date('16-DEC-14','DD-MON-RR'),null,null);
Insert into RES_TO_RES_MEMBERSHIP (RESOURCE_ID,MEMBER_RESOURCE_ID,CREATE_DATE,UPDATE_DATE,CREATED_BY,UPDATED_BY) values ('USER_INFO_PAGE','RESET_CHALLENGE_RESPONSE',to_date('16-DEC-14','DD-MON-RR'),to_date('16-DEC-14','DD-MON-RR'),null,null);
Insert into RES_TO_RES_MEMBERSHIP (RESOURCE_ID,MEMBER_RESOURCE_ID,CREATE_DATE,UPDATE_DATE,CREATED_BY,UPDATED_BY) values ('USER_INFO_PAGE','DEACTIVATE_USER',to_date('16-DEC-14','DD-MON-RR'),to_date('16-DEC-14','DD-MON-RR'),null,null);
Insert into RES_TO_RES_MEMBERSHIP (RESOURCE_ID,MEMBER_RESOURCE_ID,CREATE_DATE,UPDATE_DATE,CREATED_BY,UPDATED_BY) values ('USER_INFO_PAGE','REMOVE_USER',to_date('16-DEC-14','DD-MON-RR'),to_date('16-DEC-14','DD-MON-RR'),null,null);
Insert into RES_TO_RES_MEMBERSHIP (RESOURCE_ID,MEMBER_RESOURCE_ID,CREATE_DATE,UPDATE_DATE,CREATED_BY,UPDATED_BY) values ('USER_INFO_PAGE','ENABLE_USER',to_date('16-DEC-14','DD-MON-RR'),to_date('16-DEC-14','DD-MON-RR'),null,null);
Insert into RES_TO_RES_MEMBERSHIP (RESOURCE_ID,MEMBER_RESOURCE_ID,CREATE_DATE,UPDATE_DATE,CREATED_BY,UPDATED_BY) values ('USER_INFO_PAGE','DISABLE_USER',to_date('16-DEC-14','DD-MON-RR'),to_date('16-DEC-14','DD-MON-RR'),null,null);
Insert into RES_TO_RES_MEMBERSHIP (RESOURCE_ID,MEMBER_RESOURCE_ID,CREATE_DATE,UPDATE_DATE,CREATED_BY,UPDATED_BY) values ('USER_INFO_PAGE','ACTIVE_USER',to_date('16-DEC-14','DD-MON-RR'),to_date('16-DEC-14','DD-MON-RR'),null,null);
Insert into RES_TO_RES_MEMBERSHIP (RESOURCE_ID,MEMBER_RESOURCE_ID,CREATE_DATE,UPDATE_DATE,CREATED_BY,UPDATED_BY) values ('USER_ENTITLEMENTS_PAGE','USER_ROLES_MEMBERSHIP',to_date('16-DEC-14','DD-MON-RR'),to_date('16-DEC-14','DD-MON-RR'),null,null);
Insert into RES_TO_RES_MEMBERSHIP (RESOURCE_ID,MEMBER_RESOURCE_ID,CREATE_DATE,UPDATE_DATE,CREATED_BY,UPDATED_BY) values ('USER_ENTITLEMENTS_PAGE','USER_GROUPS_MEMBERSHIP',to_date('16-DEC-14','DD-MON-RR'),to_date('16-DEC-14','DD-MON-RR'),null,null);
Insert into RES_TO_RES_MEMBERSHIP (RESOURCE_ID,MEMBER_RESOURCE_ID,CREATE_DATE,UPDATE_DATE,CREATED_BY,UPDATED_BY) values ('USER_ENTITLEMENTS_PAGE','USER_RES_MEMBERSHIP',to_date('16-DEC-14','DD-MON-RR'),to_date('16-DEC-14','DD-MON-RR'),null,null);
Insert into RES_TO_RES_MEMBERSHIP (RESOURCE_ID,MEMBER_RESOURCE_ID,CREATE_DATE,UPDATE_DATE,CREATED_BY,UPDATED_BY) values ('USER_ENTITLEMENTS_PAGE','USER_ORG_MEMBERSHIP',to_date('16-DEC-14','DD-MON-RR'),to_date('16-DEC-14','DD-MON-RR'),null,null);

Insert into ROLE (ROLE_NAME,CREATE_DATE,CREATED_BY,DESCRIPTION,STATUS,ROLE_ID,MANAGED_SYS_ID,ADMIN_RESOURCE_ID,TYPE_ID) values ('End User',null,null,'Super Security Admin','ACTIVE','1',null,null,null);
Insert into ROLE (ROLE_NAME,CREATE_DATE,CREATED_BY,DESCRIPTION,STATUS,ROLE_ID,MANAGED_SYS_ID,ADMIN_RESOURCE_ID,TYPE_ID) values ('Help Desk',null,null,'Super Security Admin','ACTIVE','2',null,null,null);
Insert into ROLE (ROLE_NAME,CREATE_DATE,CREATED_BY,DESCRIPTION,STATUS,ROLE_ID,MANAGED_SYS_ID,ADMIN_RESOURCE_ID,TYPE_ID) values ('Human Resource',null,null,'Super Security Admin','ACTIVE','3',null,null,null);
Insert into ROLE (ROLE_NAME,CREATE_DATE,CREATED_BY,DESCRIPTION,STATUS,ROLE_ID,MANAGED_SYS_ID,ADMIN_RESOURCE_ID,TYPE_ID) values ('Manager',null,null,'Super Security Admin','ACTIVE','4',null,null,null);
Insert into ROLE (ROLE_NAME,CREATE_DATE,CREATED_BY,DESCRIPTION,STATUS,ROLE_ID,MANAGED_SYS_ID,ADMIN_RESOURCE_ID,TYPE_ID) values ('Security Manager',null,null,'Super Security Admin','ACTIVE','5',null,null,null);
Insert into ROLE (ROLE_NAME,CREATE_DATE,CREATED_BY,DESCRIPTION,STATUS,ROLE_ID,MANAGED_SYS_ID,ADMIN_RESOURCE_ID,TYPE_ID) values ('Security Admin_IDM',null,null,'Super Security Admin','ACTIVE','6',null,null,null);
Insert into ROLE (ROLE_NAME,CREATE_DATE,CREATED_BY,DESCRIPTION,STATUS,ROLE_ID,MANAGED_SYS_ID,ADMIN_RESOURCE_ID,TYPE_ID) values ('Security Admin',null,null,'Super Security Admin','ACTIVE','7',null,null,null);
Insert into ROLE (ROLE_NAME,CREATE_DATE,CREATED_BY,DESCRIPTION,STATUS,ROLE_ID,MANAGED_SYS_ID,ADMIN_RESOURCE_ID,TYPE_ID) values ('Super Security Admin',null,null,'Super Security Admin','ACTIVE','9',null,null,null);

Insert into SEQUENCE_GEN (ATTRIBUTE,NEXT_ID) values ('CATEGORY_ID',3000);
Insert into SEQUENCE_GEN (ATTRIBUTE,NEXT_ID) values ('DOMAIN_ID',1000);
Insert into SEQUENCE_GEN (ATTRIBUTE,NEXT_ID) values ('MANAGED_SYS_ID',100);
Insert into SEQUENCE_GEN (ATTRIBUTE,NEXT_ID) values ('METADATA_ELEMENT_ID',2000);
Insert into SEQUENCE_GEN (ATTRIBUTE,NEXT_ID) values ('METADATA_ID',3000);
Insert into SEQUENCE_GEN (ATTRIBUTE,NEXT_ID) values ('METADATA_VALUE_ID',2000);
Insert into SEQUENCE_GEN (ATTRIBUTE,NEXT_ID) values ('ORG_STRUCTURE_ID',200);
Insert into SEQUENCE_GEN (ATTRIBUTE,NEXT_ID) values ('PRIVILEGE_ID',1001);
Insert into SEQUENCE_GEN (ATTRIBUTE,NEXT_ID) values ('SERVICE_ID',1000);
Insert into SEQUENCE_GEN (ATTRIBUTE,NEXT_ID) values ('TYPE_ID',1013);

Insert into SERVICE (SERVICE_ID,SERVICE_NAME,STATUS,LOCATION_IP_ADDRESS,COMPANY_OWNER_ID,START_DATE,END_DATE,LICENSE_KEY,SERVICE_TYPE,PARENT_SERVICE_ID,ROOT_RESOURCE_ID,ACCESS_CONTROL_MODEL,PARAM1,PARAM2,PARAM3,PARAM4,PARAM5) values ('USR_SEC_DOMAIN','USER SECURITY DOMAIN','ON-LINE',null,null,null,null,null,null,null,null,null,null,null,null,null,null);

Insert into STATUS (STATUS_CD,STATUS_TYPE,DESCRIPTION,CODE_GROUP,LANGUAGE_CD,COMPANY_OWNER_ID,SERVICE_ID,WEIGHT) values ('MANAGER','String','MANAGER','JOB_CODE','en','100','USR_SEC_DOMAIN',null);
Insert into STATUS (STATUS_CD,STATUS_TYPE,DESCRIPTION,CODE_GROUP,LANGUAGE_CD,COMPANY_OWNER_ID,SERVICE_ID,WEIGHT) values ('SALES REP','String','SALES REP','JOB_CODE','en','100','USR_SEC_DOMAIN',null);
Insert into STATUS (STATUS_CD,STATUS_TYPE,DESCRIPTION,CODE_GROUP,LANGUAGE_CD,COMPANY_OWNER_ID,SERVICE_ID,WEIGHT) values ('SECURITY MANAGER','String','SECURITY MANAGER','JOB_CODE','en','100','USR_SEC_DOMAIN',null);
Insert into STATUS (STATUS_CD,STATUS_TYPE,DESCRIPTION,CODE_GROUP,LANGUAGE_CD,COMPANY_OWNER_ID,SERVICE_ID,WEIGHT) values ('SERVICE REP','String','SERVICE REP','JOB_CODE','en','100','USR_SEC_DOMAIN',null);
Insert into STATUS (STATUS_CD,STATUS_TYPE,DESCRIPTION,CODE_GROUP,LANGUAGE_CD,COMPANY_OWNER_ID,SERVICE_ID,WEIGHT) values ('ACCNT','String','Account','OBJECT_TYPE','en','100','IDM',null);
Insert into STATUS (STATUS_CD,STATUS_TYPE,DESCRIPTION,CODE_GROUP,LANGUAGE_CD,COMPANY_OWNER_ID,SERVICE_ID,WEIGHT) values ('ADMGP','String','Admin Group','OBJECT_TYPE','en','100','IDM',null);
Insert into STATUS (STATUS_CD,STATUS_TYPE,DESCRIPTION,CODE_GROUP,LANGUAGE_CD,COMPANY_OWNER_ID,SERVICE_ID,WEIGHT) values ('ADMIN','String','Administrator','OBJECT_TYPE','en','100','IDM',null);
Insert into STATUS (STATUS_CD,STATUS_TYPE,DESCRIPTION,CODE_GROUP,LANGUAGE_CD,COMPANY_OWNER_ID,SERVICE_ID,WEIGHT) values ('ATTR','String','Attribute','OBJECT_TYPE','en','100','IDM',null);
Insert into STATUS (STATUS_CD,STATUS_TYPE,DESCRIPTION,CODE_GROUP,LANGUAGE_CD,COMPANY_OWNER_ID,SERVICE_ID,WEIGHT) values ('BL','String','DISABLE','OPERATION','en','100','IDM',null);
Insert into STATUS (STATUS_CD,STATUS_TYPE,DESCRIPTION,CODE_GROUP,LANGUAGE_CD,COMPANY_OWNER_ID,SERVICE_ID,WEIGHT) values ('DL','String','DELETE','OPERATION','en','100','IDM',null);
Insert into STATUS (STATUS_CD,STATUS_TYPE,DESCRIPTION,CODE_GROUP,LANGUAGE_CD,COMPANY_OWNER_ID,SERVICE_ID,WEIGHT) values ('RJ','String','REJECT','OPERATION','en','100','IDM',null);
Insert into STATUS (STATUS_CD,STATUS_TYPE,DESCRIPTION,CODE_GROUP,LANGUAGE_CD,COMPANY_OWNER_ID,SERVICE_ID,WEIGHT) values ('UB','String','UN-DISABLE','OPERATION','en','100','IDM',null);
Insert into STATUS (STATUS_CD,STATUS_TYPE,DESCRIPTION,CODE_GROUP,LANGUAGE_CD,COMPANY_OWNER_ID,SERVICE_ID,WEIGHT) values ('OFF-LINE','String','OFF-LINE','SERVICE_STATUS','en','100','IDM',null);
Insert into STATUS (STATUS_CD,STATUS_TYPE,DESCRIPTION,CODE_GROUP,LANGUAGE_CD,COMPANY_OWNER_ID,SERVICE_ID,WEIGHT) values ('READY','String','READY','SERVICE_STATUS','en','100','IDM',null);
Insert into STATUS (STATUS_CD,STATUS_TYPE,DESCRIPTION,CODE_GROUP,LANGUAGE_CD,COMPANY_OWNER_ID,SERVICE_ID,WEIGHT) values ('ACTIVE','String','ACTIVE','USER','en','100','IDM',null);
Insert into STATUS (STATUS_CD,STATUS_TYPE,DESCRIPTION,CODE_GROUP,LANGUAGE_CD,COMPANY_OWNER_ID,SERVICE_ID,WEIGHT) values ('APPROVAL_DECLINED','String','APPROVAL_DECLINED','USER','en','100','IDM',null);
Insert into STATUS (STATUS_CD,STATUS_TYPE,DESCRIPTION,CODE_GROUP,LANGUAGE_CD,COMPANY_OWNER_ID,SERVICE_ID,WEIGHT) values ('DELETED','String','DELETED','USER','en','100','IDM',null);
Insert into STATUS (STATUS_CD,STATUS_TYPE,DESCRIPTION,CODE_GROUP,LANGUAGE_CD,COMPANY_OWNER_ID,SERVICE_ID,WEIGHT) values ('INACTIVE','String','INACTIVE','USER','en','100','IDM',null);
Insert into STATUS (STATUS_CD,STATUS_TYPE,DESCRIPTION,CODE_GROUP,LANGUAGE_CD,COMPANY_OWNER_ID,SERVICE_ID,WEIGHT) values ('LEAVE','String','LEAVE','USER','en','100','IDM',null);
Insert into STATUS (STATUS_CD,STATUS_TYPE,DESCRIPTION,CODE_GROUP,LANGUAGE_CD,COMPANY_OWNER_ID,SERVICE_ID,WEIGHT) values ('PENDING_APPROVAL','String','PENDING_APPROVAL','USER','en','100','IDM',null);
Insert into STATUS (STATUS_CD,STATUS_TYPE,DESCRIPTION,CODE_GROUP,LANGUAGE_CD,COMPANY_OWNER_ID,SERVICE_ID,WEIGHT) values ('PENDING_INITIAL_LOGIN','String','PENDING_INITIAL_LOGIN','USER','en','100','IDM',null);
Insert into STATUS (STATUS_CD,STATUS_TYPE,DESCRIPTION,CODE_GROUP,LANGUAGE_CD,COMPANY_OWNER_ID,SERVICE_ID,WEIGHT) values ('PENDING_START_DATE','String','PENDING_START_DATE','USER','en','100','IDM',null);
Insert into STATUS (STATUS_CD,STATUS_TYPE,DESCRIPTION,CODE_GROUP,LANGUAGE_CD,COMPANY_OWNER_ID,SERVICE_ID,WEIGHT) values ('PENDING_USER_VALIDATION','String','PENDING_USER_VALIDATION','USER','en','100','IDM',null);
Insert into STATUS (STATUS_CD,STATUS_TYPE,DESCRIPTION,CODE_GROUP,LANGUAGE_CD,COMPANY_OWNER_ID,SERVICE_ID,WEIGHT) values ('RETIRED','String','RETIRED','USER','en','100','IDM',null);
Insert into STATUS (STATUS_CD,STATUS_TYPE,DESCRIPTION,CODE_GROUP,LANGUAGE_CD,COMPANY_OWNER_ID,SERVICE_ID,WEIGHT) values ('TERMINATE','String','TERMINATE','USER','en','100','IDM',null);
Insert into STATUS (STATUS_CD,STATUS_TYPE,DESCRIPTION,CODE_GROUP,LANGUAGE_CD,COMPANY_OWNER_ID,SERVICE_ID,WEIGHT) values ('DISABLED','String','DISABLED','USER_2ND_STATUS','en','100','IDM',null);
Insert into STATUS (STATUS_CD,STATUS_TYPE,DESCRIPTION,CODE_GROUP,LANGUAGE_CD,COMPANY_OWNER_ID,SERVICE_ID,WEIGHT) values ('LOCKED','String','LOCKED','USER_2ND_STATUS','en','100','IDM',null);
Insert into STATUS (STATUS_CD,STATUS_TYPE,DESCRIPTION,CODE_GROUP,LANGUAGE_CD,COMPANY_OWNER_ID,SERVICE_ID,WEIGHT) values ('LOCKED_ADMIN','String','LOCKED_ADMIN','USER_2ND_STATUS','en','100','IDM',null);
Insert into STATUS (STATUS_CD,STATUS_TYPE,DESCRIPTION,CODE_GROUP,LANGUAGE_CD,COMPANY_OWNER_ID,SERVICE_ID,WEIGHT) values ('SYS ACCOUNT','String','SYSTEM ACCOUNT','USER_TYPE','en','100','USR_SEC_DOMAIN',null);

Insert into SYNCH_CONFIG (SYNCH_CONFIG_ID,NAME,STATUS,SYNCH_SRC,FILE_NAME,SRC_LOGIN_ID,SRC_PASSWORD,SRC_HOST,DRIVER,CONNECTION_URL,QUERY,QUERY_TIME_FIELD,BASE_DN,LAST_EXEC_TIME,LAST_REC_PROCESSED,MANAGED_SYS_ID,LOAD_MATCH_ONLY,UPDATE_ATTRIBUTE,SYNCH_FREQUENCY,SYNCH_TYPE,DELETE_RULE,PROCESS_RULE,VALIDATION_RULE,TRANSFORMATION_RULE,MATCH_FIELD_NAME,MATCH_MANAGED_SYS_ID,MATCH_SRC_FIELD_NAME,CUSTOM_MATCH_RULE,CUSTOM_ADAPTER_SCRIPT,CUSTOM_MATCH_ATTR,WS_URL,WS_SCRIPT,USE_POLICY_MAP,USE_TRANSFORM_SCRIPT,POLICY_MAP_BEFORE_TRANSFORM,USE_SYSTEM_PATH,PRE_SYNC_SCRIPT,POST_SYNC_SCRIPT,COMPANY_ID,ATTRIBUTE_NAMES_LOOKUP,SEARCH_SCOPE) values ('csv_users_sample_id','CSV to IDM Users Sample','ACTIVE','CSV','test-user.csv',null,null,null,null,null,null,null,null,null,null,'0',0,1,null,'FULL',null,'USER','sync/idmapps/csv/CSVSampleValidationScript.groovy','sync/idmapps/csv/CSVSampleTransformationScript.groovy','EMPLOYEE_ID',null,null,null,null,'EMPLOYEE_ID',null,null,'N','Y','Y','Y',null,null,null,null,2);

Insert into UI_TEMPLATE_FIELDS (UI_FIELD_ID,NAME,DESCRIPTION,TEMPLATE_TYPE_ID,IS_REQUIRED) values ('USER_FIRST_NAME','First Name',null,'USER_TEMPLATE','Y');
Insert into UI_TEMPLATE_FIELDS (UI_FIELD_ID,NAME,DESCRIPTION,TEMPLATE_TYPE_ID,IS_REQUIRED) values ('USER_LAST_NAME','Last Name',null,'USER_TEMPLATE','Y');
Insert into UI_TEMPLATE_FIELDS (UI_FIELD_ID,NAME,DESCRIPTION,TEMPLATE_TYPE_ID,IS_REQUIRED) values ('USER_MIDDLE_INIT','Middle Initial',null,'USER_TEMPLATE','N');
Insert into UI_TEMPLATE_FIELDS (UI_FIELD_ID,NAME,DESCRIPTION,TEMPLATE_TYPE_ID,IS_REQUIRED) values ('USER_MAIDEN_NAME','Maiden Name',null,'USER_TEMPLATE','N');
Insert into UI_TEMPLATE_FIELDS (UI_FIELD_ID,NAME,DESCRIPTION,TEMPLATE_TYPE_ID,IS_REQUIRED) values ('USER_NICKNAME','User NickName',null,'USER_TEMPLATE','N');
Insert into UI_TEMPLATE_FIELDS (UI_FIELD_ID,NAME,DESCRIPTION,TEMPLATE_TYPE_ID,IS_REQUIRED) values ('USER_DOB','Date of Birth',null,'USER_TEMPLATE','N');
Insert into UI_TEMPLATE_FIELDS (UI_FIELD_ID,NAME,DESCRIPTION,TEMPLATE_TYPE_ID,IS_REQUIRED) values ('USER_TITLE','User Title',null,'USER_TEMPLATE','N');
Insert into UI_TEMPLATE_FIELDS (UI_FIELD_ID,NAME,DESCRIPTION,TEMPLATE_TYPE_ID,IS_REQUIRED) values ('USER_GENDER','Gender',null,'USER_TEMPLATE','N');
Insert into UI_TEMPLATE_FIELDS (UI_FIELD_ID,NAME,DESCRIPTION,TEMPLATE_TYPE_ID,IS_REQUIRED) values ('USER_EMPLOYEE_ID','Employee ID',null,'USER_TEMPLATE','N');
Insert into UI_TEMPLATE_FIELDS (UI_FIELD_ID,NAME,DESCRIPTION,TEMPLATE_TYPE_ID,IS_REQUIRED) values ('USER_EMPLOYEE_TYPE','Employee Type',null,'USER_TEMPLATE','N');
Insert into UI_TEMPLATE_FIELDS (UI_FIELD_ID,NAME,DESCRIPTION,TEMPLATE_TYPE_ID,IS_REQUIRED) values ('USER_LOCATION_CODE','Location Code',null,'USER_TEMPLATE','N');
Insert into UI_TEMPLATE_FIELDS (UI_FIELD_ID,NAME,DESCRIPTION,TEMPLATE_TYPE_ID,IS_REQUIRED) values ('USER_LOCATION_NAME','Location Name',null,'USER_TEMPLATE','N');
Insert into UI_TEMPLATE_FIELDS (UI_FIELD_ID,NAME,DESCRIPTION,TEMPLATE_TYPE_ID,IS_REQUIRED) values ('USER_SELECT_SUPERVISOR','Select Supervisor',null,'USER_TEMPLATE','N');
Insert into UI_TEMPLATE_FIELDS (UI_FIELD_ID,NAME,DESCRIPTION,TEMPLATE_TYPE_ID,IS_REQUIRED) values ('USER_CLASSICIATION','User Classification',null,'USER_TEMPLATE','N');
Insert into UI_TEMPLATE_FIELDS (UI_FIELD_ID,NAME,DESCRIPTION,TEMPLATE_TYPE_ID,IS_REQUIRED) values ('USER_PREFIX','Prefix',null,'USER_TEMPLATE','N');
Insert into UI_TEMPLATE_FIELDS (UI_FIELD_ID,NAME,DESCRIPTION,TEMPLATE_TYPE_ID,IS_REQUIRED) values ('USER_STATUS','User Status',null,'USER_TEMPLATE','N');
Insert into UI_TEMPLATE_FIELDS (UI_FIELD_ID,NAME,DESCRIPTION,TEMPLATE_TYPE_ID,IS_REQUIRED) values ('USER_SECONDARY_STATUS','Account Status',null,'USER_TEMPLATE','N');
Insert into UI_TEMPLATE_FIELDS (UI_FIELD_ID,NAME,DESCRIPTION,TEMPLATE_TYPE_ID,IS_REQUIRED) values ('USER_SUFFIX','User Suffix',null,'USER_TEMPLATE','N');
Insert into UI_TEMPLATE_FIELDS (UI_FIELD_ID,NAME,DESCRIPTION,TEMPLATE_TYPE_ID,IS_REQUIRED) values ('USER_ALTERNATE_CONTACT','Alternate Contact',null,'USER_TEMPLATE','N');
Insert into UI_TEMPLATE_FIELDS (UI_FIELD_ID,NAME,DESCRIPTION,TEMPLATE_TYPE_ID,IS_REQUIRED) values ('USER_MAILCODE','Mail Code',null,'USER_TEMPLATE','N');
Insert into UI_TEMPLATE_FIELDS (UI_FIELD_ID,NAME,DESCRIPTION,TEMPLATE_TYPE_ID,IS_REQUIRED) values ('USER_COST_CENTER','Cost Center',null,'USER_TEMPLATE','N');
Insert into UI_TEMPLATE_FIELDS (UI_FIELD_ID,NAME,DESCRIPTION,TEMPLATE_TYPE_ID,IS_REQUIRED) values ('USER_JOB_CODE','Job Code',null,'USER_TEMPLATE','N');
Insert into UI_TEMPLATE_FIELDS (UI_FIELD_ID,NAME,DESCRIPTION,TEMPLATE_TYPE_ID,IS_REQUIRED) values ('USER_USER_TYPE','User Type',null,'USER_TEMPLATE','N');
Insert into UI_TEMPLATE_FIELDS (UI_FIELD_ID,NAME,DESCRIPTION,TEMPLATE_TYPE_ID,IS_REQUIRED) values ('USER_OBJECT_TYPE','Metadata Type',null,'USER_TEMPLATE','N');
Insert into UI_TEMPLATE_FIELDS (UI_FIELD_ID,NAME,DESCRIPTION,TEMPLATE_TYPE_ID,IS_REQUIRED) values ('USER_START_DATE','Start Date',null,'USER_TEMPLATE','N');
Insert into UI_TEMPLATE_FIELDS (UI_FIELD_ID,NAME,DESCRIPTION,TEMPLATE_TYPE_ID,IS_REQUIRED) values ('USER_END_DATE','End Date',null,'USER_TEMPLATE','N');
Insert into UI_TEMPLATE_FIELDS (UI_FIELD_ID,NAME,DESCRIPTION,TEMPLATE_TYPE_ID,IS_REQUIRED) values ('USER_PHONES_CREATABLE','User can input phone numbers',null,'USER_TEMPLATE','N');
Insert into UI_TEMPLATE_FIELDS (UI_FIELD_ID,NAME,DESCRIPTION,TEMPLATE_TYPE_ID,IS_REQUIRED) values ('USER_ADDRESSES_CREATABLE','User can input addresses',null,'USER_TEMPLATE','N');
Insert into UI_TEMPLATE_FIELDS (UI_FIELD_ID,NAME,DESCRIPTION,TEMPLATE_TYPE_ID,IS_REQUIRED) values ('USER_SHOW_ROLES','User can select a Role',null,'USER_TEMPLATE','N');
Insert into UI_TEMPLATE_FIELDS (UI_FIELD_ID,NAME,DESCRIPTION,TEMPLATE_TYPE_ID,IS_REQUIRED) values ('USER_SHOW_GROUPS','User can select a Group',null,'USER_TEMPLATE','N');
Insert into UI_TEMPLATE_FIELDS (UI_FIELD_ID,NAME,DESCRIPTION,TEMPLATE_TYPE_ID,IS_REQUIRED) values ('USER_SHOW_ORGANIZATIONS','User can define his organizational structure',null,'USER_TEMPLATE','N');
Insert into UI_TEMPLATE_FIELDS (UI_FIELD_ID,NAME,DESCRIPTION,TEMPLATE_TYPE_ID,IS_REQUIRED) values ('USER_CREATE_LOGIN','User can create a custom login',null,'USER_TEMPLATE','Y');
Insert into UI_TEMPLATE_FIELDS (UI_FIELD_ID,NAME,DESCRIPTION,TEMPLATE_TYPE_ID,IS_REQUIRED) values ('USER_EMAIL_CREATABLE','User can create email addresses',null,'USER_TEMPLATE','N');

Insert into UI_TEMPLATE_TYPE (TEMPLATE_TYPE_ID,NAME,DESCRIPTION) values ('USER_TEMPLATE','User Page Tempate','Template for SelfService User-centric pages');

Insert into URI_PATTERN_META_TYPE (URI_PATTERN_META_TYPE_ID,METADATA_TYPE_NAME,SPRING_BEAN_NAME) values ('cookieURIPatternRule','Set Cookie','cookieURIPatternRule');
Insert into URI_PATTERN_META_TYPE (URI_PATTERN_META_TYPE_ID,METADATA_TYPE_NAME,SPRING_BEAN_NAME) values ('formPostURIPatternRule','Form Post Processor','formPostURIPatternRule');
Insert into URI_PATTERN_META_TYPE (URI_PATTERN_META_TYPE_ID,METADATA_TYPE_NAME,SPRING_BEAN_NAME) values ('headerURIPatternRule','Set Header','headerURIPatternRule');
Insert into URI_PATTERN_META_TYPE (URI_PATTERN_META_TYPE_ID,METADATA_TYPE_NAME,SPRING_BEAN_NAME) values ('requestParamURIPatternRule','Set URI String Parameter','requestParamURIPatternRule');

Insert into USERS (USER_ID,FIRST_NAME,LAST_NAME,MIDDLE_INIT,TYPE_ID,CLASSIFICATION,TITLE,MAIL_CODE,COST_CENTER,STATUS,SECONDARY_STATUS,BIRTHDATE,SEX,CREATE_DATE,CREATED_BY,LAST_UPDATE,LAST_UPDATED_BY,PREFIX,SUFFIX,USER_TYPE_IND,EMPLOYEE_ID,EMPLOYEE_TYPE,LOCATION_CD,LOCATION_NAME,COMPANY_OWNER_ID,JOB_CODE,ALTERNATE_ID,START_DATE,LAST_DATE,MAIDEN_NAME,NICKNAME,PASSWORD_THEME,SHOW_IN_SEARCH,USER_OWNER_ID,DATE_PASSWORD_CHANGED,DATE_CHALLENGE_RESP_CHANGED,SYSTEM_FLAG,DATE_IT_POLICY_APPROVED,CLAIM_DATE) values ('0001','system','system',null,null,null,null,null,null,'ACTIVE',null,null,null,to_date('28-MAR-14','DD-MON-RR'),null,to_date('21-MAY-14','DD-MON-RR'),null,null,null,null,null,null,null,null,null,null,null,null,null,null,null,null,null,null,null,null,'1',null,null);
Insert into USERS (USER_ID,FIRST_NAME,LAST_NAME,MIDDLE_INIT,TYPE_ID,CLASSIFICATION,TITLE,MAIL_CODE,COST_CENTER,STATUS,SECONDARY_STATUS,BIRTHDATE,SEX,CREATE_DATE,CREATED_BY,LAST_UPDATE,LAST_UPDATED_BY,PREFIX,SUFFIX,USER_TYPE_IND,EMPLOYEE_ID,EMPLOYEE_TYPE,LOCATION_CD,LOCATION_NAME,COMPANY_OWNER_ID,JOB_CODE,ALTERNATE_ID,START_DATE,LAST_DATE,MAIDEN_NAME,NICKNAME,PASSWORD_THEME,SHOW_IN_SEARCH,USER_OWNER_ID,DATE_PASSWORD_CHANGED,DATE_CHALLENGE_RESP_CHANGED,SYSTEM_FLAG,DATE_IT_POLICY_APPROVED,CLAIM_DATE) values ('3000','sys','user',null,null,null,null,null,null,'ACTIVE',null,null,null,to_date('28-MAR-14','DD-MON-RR'),null,to_date('21-MAY-14','DD-MON-RR'),null,null,null,null,null,null,null,null,null,null,null,null,null,null,null,null,null,null,null,null,null,null,null);
Insert into USERS (USER_ID,FIRST_NAME,LAST_NAME,MIDDLE_INIT,TYPE_ID,CLASSIFICATION,TITLE,MAIL_CODE,COST_CENTER,STATUS,SECONDARY_STATUS,BIRTHDATE,SEX,CREATE_DATE,CREATED_BY,LAST_UPDATE,LAST_UPDATED_BY,PREFIX,SUFFIX,USER_TYPE_IND,EMPLOYEE_ID,EMPLOYEE_TYPE,LOCATION_CD,LOCATION_NAME,COMPANY_OWNER_ID,JOB_CODE,ALTERNATE_ID,START_DATE,LAST_DATE,MAIDEN_NAME,NICKNAME,PASSWORD_THEME,SHOW_IN_SEARCH,USER_OWNER_ID,DATE_PASSWORD_CHANGED,DATE_CHALLENGE_RESP_CHANGED,SYSTEM_FLAG,DATE_IT_POLICY_APPROVED,CLAIM_DATE) values ('3001','sys2','user',null,null,null,null,null,null,'ACTIVE',null,null,null,to_date('28-MAR-14','DD-MON-RR'),null,to_date('21-MAY-14','DD-MON-RR'),null,null,null,null,null,null,null,null,null,null,null,null,null,null,null,null,null,null,null,null,null,null,null);
Insert into USERS (USER_ID,FIRST_NAME,LAST_NAME,MIDDLE_INIT,TYPE_ID,CLASSIFICATION,TITLE,MAIL_CODE,COST_CENTER,STATUS,SECONDARY_STATUS,BIRTHDATE,SEX,CREATE_DATE,CREATED_BY,LAST_UPDATE,LAST_UPDATED_BY,PREFIX,SUFFIX,USER_TYPE_IND,EMPLOYEE_ID,EMPLOYEE_TYPE,LOCATION_CD,LOCATION_NAME,COMPANY_OWNER_ID,JOB_CODE,ALTERNATE_ID,START_DATE,LAST_DATE,MAIDEN_NAME,NICKNAME,PASSWORD_THEME,SHOW_IN_SEARCH,USER_OWNER_ID,DATE_PASSWORD_CHANGED,DATE_CHALLENGE_RESP_CHANGED,SYSTEM_FLAG,DATE_IT_POLICY_APPROVED,CLAIM_DATE) values ('3006','Scott','Nelson',null,null,null,null,null,null,'ACTIVE',null,null,null,to_date('28-MAR-14','DD-MON-RR'),null,to_date('21-MAY-14','DD-MON-RR'),null,null,null,null,null,null,null,null,null,null,null,null,null,null,null,null,null,null,null,null,null,null,null);
Insert into USERS (USER_ID,FIRST_NAME,LAST_NAME,MIDDLE_INIT,TYPE_ID,CLASSIFICATION,TITLE,MAIL_CODE,COST_CENTER,STATUS,SECONDARY_STATUS,BIRTHDATE,SEX,CREATE_DATE,CREATED_BY,LAST_UPDATE,LAST_UPDATED_BY,PREFIX,SUFFIX,USER_TYPE_IND,EMPLOYEE_ID,EMPLOYEE_TYPE,LOCATION_CD,LOCATION_NAME,COMPANY_OWNER_ID,JOB_CODE,ALTERNATE_ID,START_DATE,LAST_DATE,MAIDEN_NAME,NICKNAME,PASSWORD_THEME,SHOW_IN_SEARCH,USER_OWNER_ID,DATE_PASSWORD_CHANGED,DATE_CHALLENGE_RESP_CHANGED,SYSTEM_FLAG,DATE_IT_POLICY_APPROVED,CLAIM_DATE) values ('3007','HR','User',null,null,null,null,null,null,'ACTIVE',null,null,null,to_date('28-MAR-14','DD-MON-RR'),null,to_date('21-MAY-14','DD-MON-RR'),null,null,null,null,null,null,null,null,null,null,null,null,null,null,null,null,null,null,null,null,null,null,null);
Insert into USERS (USER_ID,FIRST_NAME,LAST_NAME,MIDDLE_INIT,TYPE_ID,CLASSIFICATION,TITLE,MAIL_CODE,COST_CENTER,STATUS,SECONDARY_STATUS,BIRTHDATE,SEX,CREATE_DATE,CREATED_BY,LAST_UPDATE,LAST_UPDATED_BY,PREFIX,SUFFIX,USER_TYPE_IND,EMPLOYEE_ID,EMPLOYEE_TYPE,LOCATION_CD,LOCATION_NAME,COMPANY_OWNER_ID,JOB_CODE,ALTERNATE_ID,START_DATE,LAST_DATE,MAIDEN_NAME,NICKNAME,PASSWORD_THEME,SHOW_IN_SEARCH,USER_OWNER_ID,DATE_PASSWORD_CHANGED,DATE_CHALLENGE_RESP_CHANGED,SYSTEM_FLAG,DATE_IT_POLICY_APPROVED,CLAIM_DATE) values ('3008','Hiring','Manager',null,null,null,null,null,null,'ACTIVE',null,null,null,to_date('28-MAR-14','DD-MON-RR'),null,to_date('21-MAY-14','DD-MON-RR'),null,null,null,null,null,null,null,null,null,null,null,null,null,null,null,null,null,null,null,null,null,null,null);
Insert into USERS (USER_ID,FIRST_NAME,LAST_NAME,MIDDLE_INIT,TYPE_ID,CLASSIFICATION,TITLE,MAIL_CODE,COST_CENTER,STATUS,SECONDARY_STATUS,BIRTHDATE,SEX,CREATE_DATE,CREATED_BY,LAST_UPDATE,LAST_UPDATED_BY,PREFIX,SUFFIX,USER_TYPE_IND,EMPLOYEE_ID,EMPLOYEE_TYPE,LOCATION_CD,LOCATION_NAME,COMPANY_OWNER_ID,JOB_CODE,ALTERNATE_ID,START_DATE,LAST_DATE,MAIDEN_NAME,NICKNAME,PASSWORD_THEME,SHOW_IN_SEARCH,USER_OWNER_ID,DATE_PASSWORD_CHANGED,DATE_CHALLENGE_RESP_CHANGED,SYSTEM_FLAG,DATE_IT_POLICY_APPROVED,CLAIM_DATE) values ('3009','Security','Manager',null,null,null,null,null,null,'ACTIVE',null,null,null,to_date('28-MAR-14','DD-MON-RR'),null,to_date('21-MAY-14','DD-MON-RR'),null,null,null,null,null,null,null,null,null,null,null,null,null,null,null,null,null,null,null,null,null,null,null);
Insert into USERS (USER_ID,FIRST_NAME,LAST_NAME,MIDDLE_INIT,TYPE_ID,CLASSIFICATION,TITLE,MAIL_CODE,COST_CENTER,STATUS,SECONDARY_STATUS,BIRTHDATE,SEX,CREATE_DATE,CREATED_BY,LAST_UPDATE,LAST_UPDATED_BY,PREFIX,SUFFIX,USER_TYPE_IND,EMPLOYEE_ID,EMPLOYEE_TYPE,LOCATION_CD,LOCATION_NAME,COMPANY_OWNER_ID,JOB_CODE,ALTERNATE_ID,START_DATE,LAST_DATE,MAIDEN_NAME,NICKNAME,PASSWORD_THEME,SHOW_IN_SEARCH,USER_OWNER_ID,DATE_PASSWORD_CHANGED,DATE_CHALLENGE_RESP_CHANGED,SYSTEM_FLAG,DATE_IT_POLICY_APPROVED,CLAIM_DATE) values ('3010','Help','Desk',null,null,null,null,null,null,'ACTIVE',null,null,null,to_date('28-MAR-14','DD-MON-RR'),null,to_date('21-MAY-14','DD-MON-RR'),null,null,null,null,null,null,null,null,null,null,null,null,null,null,null,null,null,null,null,null,null,null,null);

Insert into USER_AFFILIATION (COMPANY_ID,USER_ID,CREATE_DATE) values ('100','0001',null);
Insert into USER_AFFILIATION (COMPANY_ID,USER_ID,CREATE_DATE) values ('100','3000',null);
Insert into USER_AFFILIATION (COMPANY_ID,USER_ID,CREATE_DATE) values ('100','3001',null);
Insert into USER_AFFILIATION (COMPANY_ID,USER_ID,CREATE_DATE) values ('100','3006',null);
Insert into USER_AFFILIATION (COMPANY_ID,USER_ID,CREATE_DATE) values ('100','3007',null);
Insert into USER_AFFILIATION (COMPANY_ID,USER_ID,CREATE_DATE) values ('100','3008',null);
Insert into USER_AFFILIATION (COMPANY_ID,USER_ID,CREATE_DATE) values ('100','3009',null);
Insert into USER_AFFILIATION (COMPANY_ID,USER_ID,CREATE_DATE) values ('100','3010',null);

Insert into USER_GRP (GRP_ID,USER_ID) values ('SUPER_SEC_ADMIN_GRP','3000');
Insert into USER_GRP (GRP_ID,USER_ID) values ('SUPER_SEC_ADMIN_GRP','3001');
Insert into USER_GRP (GRP_ID,USER_ID) values ('HR_GRP','3007');
Insert into USER_GRP (GRP_ID,USER_ID) values ('SECURITY_GRP','3009');

Insert into USER_ROLE (USER_ID,ROLE_ID) values ('3010','2');
Insert into USER_ROLE (USER_ID,ROLE_ID) values ('3000','9');



  CREATE INDEX FK_PROVIDER_ATTRIBUTE ON AUTH_PROVIDER_ATTRIBUTE (AUTH_ATTRIBUTE_ID) ;

  CREATE UNIQUE INDEX LANGUAGE_LOCALE_UNIQUE ON LANGUAGE_LOCALE (LOCALE) ;

  CREATE UNIQUE INDEX USER_GRP_UNIQUE_RECORD ON USER_GRP (USER_ID, GRP_ID) ;

  CREATE UNIQUE INDEX PAGE_TEMPLATE_UNIQUE ON METADATA_ELEMENT_PAGE_TEMPLATE (NAME) ;

  CREATE INDEX FK_USER_KEY_USER_ID ON USER_KEY (USER_ID) ;

  CREATE INDEX LANGUAGE_LOCALE_LANGUAGE_FK ON LANGUAGE_LOCALE (LANGUAGE_ID) ;

  CREATE INDEX FK_RESOURCE_RESOURCE_TYPE ON RES (RESOURCE_TYPE_ID) ;

  CREATE INDEX FK_USR_ORG_AFFL ON USER_AFFILIATION (COMPANY_ID) ;

  CREATE UNIQUE INDEX RESOURCE_ID ON WEB_RESOURCE_ATTRIBUTE (RESOURCE_ID, TARGET_ATTRIBUTE_NAME) ;

  CREATE INDEX FK_MNG_AUTH_PROVIDER ON AUTH_PROVIDER (MANAGED_SYS_ID) ;

  CREATE INDEX TEMPLATE_XREF_UI_FIELD_FK ON UI_FIELD_TEMPLATE_XREF (UI_FIELD_ID) ;

  CREATE INDEX COMPANY_ORG_TYPE_FK ON COMPANY (ORG_TYPE_ID) ;

  CREATE INDEX VALID_VALUES_ELEMENT_FK ON MD_ELEMENT_VALID_VALUES (METADATA_ELEMENT_ID) ;

  CREATE UNIQUE INDEX UNIQUE_ORG_TYPE ON ORGANIZATION_TYPE (NAME) ;

  CREATE INDEX EMAIL_ADDRESS_TYPE_FK ON EMAIL_ADDRESS (TYPE_ID) ;

  CREATE INDEX REQUEST_USER_PROV_REQUEST ON REQUEST_USER (REQUEST_ID) ;

  CREATE UNIQUE INDEX RESOURCE_USER_PK ON RESOURCE_USER (RESOURCE_ID, USER_ID) ;

  CREATE UNIQUE INDEX GRP_NAME ON GRP (GRP_NAME) ;

  CREATE INDEX OPENIAM_LOG_ID ON OPENIAM_LOG_LOG_MEMBERSHIP (OPENIAM_LOG_ID) ;

  CREATE UNIQUE INDEX UNIQUE_LOGIN ON LOGIN (LOGIN, MANAGED_SYS_ID) ;

  CREATE INDEX ADDRESS_USER_FK ON ADDRESS (PARENT_ID) ;

  CREATE UNIQUE INDEX URI_META_TYPE_NAME_UNIQUE ON URI_PATTERN_META_TYPE (METADATA_TYPE_NAME) ;

  CREATE INDEX GRP_ATTR_META_ELMT_FK ON GRP_ATTRIBUTES (METADATA_ID) ;

  CREATE INDEX FK_CATEGORY_TYPE_CATEGORY ON CATEGORY_TYPE (CATEGORY_ID) ;

  CREATE UNIQUE INDEX URI_PATTERN_UNIQUE ON URI_PATTERN (CONTENT_PROVIDER_ID, PATTERN) ;

  CREATE INDEX RS_PL_RS_RSID ON RESOURCE_POLICY (RESOURCE_ID) ;

  CREATE INDEX FK_MNG_SYS_PROV_CON ON MANAGED_SYS (CONNECTOR_ID) ;

  CREATE INDEX COMPANY_COMPANY_PARENT ON COMPANY_TO_COMPANY_MEMBERSHIP (MEMBER_COMPANY_ID) ;

  CREATE INDEX URI_PATTERN_META_VALUE_META_FK ON URI_PATTERN_META_VALUE (URI_PATTERN_META_ID) ;

  CREATE INDEX PHONE_USER_FK ON PHONE (AREA_CD, PARENT_ID) ;

  CREATE INDEX URI_PATTERN_META_VALUE_AM_FK ON URI_PATTERN_META_VALUE (AM_RES_ATTRIBUTE_ID) ;

  CREATE INDEX FK_PROVIDER_PROVIDER_ATTRIBUTE ON AUTH_PROVIDER_ATTRIBUTE (PROVIDER_ID) ;

  CREATE UNIQUE INDEX TEMPLATE_XREF_UNIQUE ON UI_FIELD_TEMPLATE_XREF (TEMPLATE_ID, UI_FIELD_ID) ;

  CREATE INDEX LOGIN_ID_PWD_HIST_FK ON PWD_HISTORY (LOGIN_ID) ;

  CREATE INDEX MEMBER_RESOURCE_ID ON RES_TO_RES_MEMBERSHIP (MEMBER_RESOURCE_ID) ;

  CREATE INDEX FK_USR_ROLE_USR ON USER_ROLE (USER_ID) ;

  CREATE INDEX FK_COMPANY_ATTRIBUTE_COMPANY ON COMPANY_ATTRIBUTE (COMPANY_ID) ;

  CREATE INDEX POLI_ATTR_POL_DEF_PARAM ON POLICY_ATTRIBUTE (DEF_PARAM_ID) ;

  CREATE INDEX URI_PATTERN_RES_FK ON URI_PATTERN (RESOURCE_ID) ;

  CREATE INDEX ORG_T_VAL_MEM_TARGET_FK ON ORG_TYPE_VALID_MEMBERSHIP (MEMBER_ORG_TYPE_ID) ;

  CREATE INDEX SYNCH_CONFIG_IDX ON SYNCH_REVIEW (SYNCH_CONFIG_ID) ;

  CREATE INDEX FK_USR_USER_AFFIL ON USER_AFFILIATION (USER_ID) ;

  CREATE UNIQUE INDEX UNIQUE_RESOURCE_GROUP ON RESOURCE_GROUP (GRP_ID, RESOURCE_ID) ;

  CREATE INDEX FK_USER_IDENTITY_ANS_USERS ON USER_IDENTITY_ANS (USER_ID) ;

  CREATE INDEX LOG_ACTION ON OPENIAM_LOG (LOG_ACTION) ;

  CREATE UNIQUE INDEX OPENIAM_LOG_TARGET_PK ON OPENIAM_LOG_TARGET (OPENIAM_LOG_TARGET_ID) ;

  CREATE INDEX URI_PATTERN_META_META_TYPE_FK ON URI_PATTERN_META (URI_PATTERN_META_TYPE_ID) ;

  CREATE INDEX LAST_NAME ON USERS (LAST_NAME) ;

  CREATE INDEX FK_RESOURCE_PRIVILEGE_RES ON RESOURCE_PRIVILEGE (RESOURCE_ID) ;

  CREATE INDEX TEMPLATE_XREF_TEMPLATE_FK ON UI_FIELD_TEMPLATE_XREF (TEMPLATE_ID) ;

  CREATE INDEX MEMBER_GROUP_ID ON GRP_TO_GRP_MEMBERSHIP (MEMBER_GROUP_ID) ;

  CREATE INDEX CP_RES_FK ON CONTENT_PROVIDER (RESOURCE_ID) ;

  CREATE INDEX OPENIAM_MEMBER_LOG_ID ON OPENIAM_LOG_LOG_MEMBERSHIP (OPENIAM_MEMBER_LOG_ID) ;

  CREATE INDEX FK_MNG_MNG_ATTR ON MANAGED_SYS_ATTRIBUTE (MANAGED_SYS_ID) ;

  CREATE UNIQUE INDEX UNIQUE_CP_NAME ON CONTENT_PROVIDER (CONTENT_PROVIDER_NAME) ;

  CREATE UNIQUE INDEX LANGUAGE_MAPPING_UNIQUE ON LANGUAGE_MAPPING (LANGUAGE_ID, REFERENCE_ID, REFERENCE_TYPE) ;

  CREATE INDEX ORG_T_VAL_MEM_SOURCE_FK ON ORG_TYPE_VALID_MEMBERSHIP (ORG_TYPE_ID) ;

  CREATE UNIQUE INDEX UNIQUE_AUTH_LEVEL_NAME ON AUTH_LEVEL (AUTH_LEVEL_NAME) ;

  CREATE INDEX SYNCH_REVIEW_IDX ON SYNCH_REVIEW_RECORD (SYNCH_REVIEW_ID) ;

  CREATE INDEX FK_USERS_METADATA_TYPE ON USERS (TYPE_ID) ;

  CREATE INDEX FK_LOG_ATTRIBUTE_LOG ON OPENIAM_LOG_ATTRIBUTE (OPENIAM_LOG_ID) ;

  CREATE INDEX USER_ID ON USER_ATTRIBUTES (USER_ID) ;

  CREATE INDEX RECON_SITUATION ON RECONCILIATION_SITUATION (RECON_CONFIG_ID) ;

  CREATE INDEX FK_RELATIONSHIP_RELATION_SET ON RELATIONSHIP (RELATION_SET_ID) ;

  CREATE INDEX USER_DELEG_USER_ID ON USER_DELEGATION_ATTRIBUTE (USER_ID) ;

  CREATE INDEX REFPROV_REQUEST1001 ON REQUEST_ATTACHMENT (REQUEST_ID) ;

  CREATE INDEX REFPROV_REQUEST951 ON MNG_SYS_LIST (REQUEST_ID) ;

  CREATE INDEX FK_RELAT_SOURCE_RELATION_SET ON RELATION_SOURCE (RELATION_SET_ID) ;

  CREATE INDEX FK_PROVIDER_TYPE_PROVIDER ON AUTH_PROVIDER (PROVIDER_TYPE) ;

  CREATE INDEX FK_PROVIDER_AUTH_RES_ATTR_MAP ON AUTH_RESOURCE_ATTRIBUTE_MAP (PROVIDER_ID) ;

  CREATE UNIQUE INDEX IDX_ATTRIBUTE_PT ON AUTH_ATTRIBUTE (ATTRIBUTE_NAME, PROVIDER_TYPE) ;

  CREATE INDEX FK_AUTH_AM_ATTR ON AUTH_RESOURCE_ATTRIBUTE_MAP (AM_RES_ATTRIBUTE_ID) ;

  CREATE INDEX FK_POLICY_DEF_PARAM_POLICY_DEF ON POLICY_DEF_PARAM (POLICY_DEF_ID) ;

  CREATE UNIQUE INDEX UNIQUE_CP_AUTH_GROUP ON CP_AUTH_LEVEL_GRP_XREF (CONTENT_PROVIDER_ID, AUTH_LEVEL_GROUPING_ID, EXEC_ORDER) ;

  CREATE UNIQUE INDEX REPORT_NAME ON REPORT_INFO (REPORT_NAME) ;

  CREATE INDEX FK_POLICY_ATTRIBUTE_POLICY ON POLICY_ATTRIBUTE (POLICY_ID) ;

  CREATE INDEX FK_USER_NOTE_USERS ON USER_NOTE (USER_ID) ;

  CREATE UNIQUE INDEX UNIQUE_CP_SERVER ON CONTENT_PROVIDER_SERVER (CONTENT_PROVIDER_ID, SERVER_URL) ;

  CREATE UNIQUE INDEX REFLECTION_KEY_IDX ON AUTH_RESOURCE_AM_ATTRIBUTE (REFLECTION_KEY) ;

  CREATE INDEX USER_EMPLOYEE_INDX ON USERS (EMPLOYEE_ID) ;

  CREATE UNIQUE INDEX UI_THEME_NAME_UNIUE ON UI_THEME (UI_THEME_NAME) ;

  CREATE INDEX FK_EXCLUDE_WORD_LIST_LANGUAGE ON EXCLUDE_WORD_LIST (LANGUAGE_ID) ;

  CREATE INDEX LOGIN_ID_LOGIN_ATTR_FK ON LOGIN_ATTRIBUTE (LOGIN_ID) ;

  CREATE INDEX FK_USER_ATTACHMENT_REF_USERS ON USER_ATTACHMENT_REF (USER_ID) ;

  CREATE UNIQUE INDEX UNIQUE_URI_AUTH_GROUP ON URI_AUTH_LEVEL_GRP_XREF (URI_PATTERN_ID, AUTH_LEVEL_GROUPING_ID, EXEC_ORDER) ;

  CREATE INDEX FK_RESOURCE_POLICY_ROLE ON RESOURCE_POLICY (ROLE_ID) ;

  CREATE INDEX ROLE_ROLE_MMSP_MEMBER_ROLE_ID ON ROLE_TO_ROLE_MEMBERSHIP (MEMBER_ROLE_ID) ;

  CREATE UNIQUE INDEX OPENIAM_LOG_PK ON OPENIAM_LOG (OPENIAM_LOG_ID) ;

  CREATE UNIQUE INDEX UNQ_ROW ON USER_IDENTITY_ANS (IDENTITY_QUESTION_ID, USER_ID) ;

  CREATE INDEX REQUEST_ATTRIBUTE_PROV_REQUEST ON REQUEST_ATTRIBUTE (REQUEST_ID) ;

  CREATE UNIQUE INDEX IDX_PROVIDER_ATTRIBUTE ON AUTH_PROVIDER_ATTRIBUTE (PROVIDER_ID, AUTH_ATTRIBUTE_ID) ;

  CREATE INDEX METADATA_PAGE_TEMPLATE_RES_FK ON METADATA_ELEMENT_PAGE_TEMPLATE (RESOURCE_ID) ;

  CREATE INDEX FK_PROVIDER_TYPE_ATTRIBUTE ON AUTH_ATTRIBUTE (PROVIDER_TYPE) ;

  CREATE INDEX ADDRESS_TYPE_FK ON ADDRESS (TYPE_ID) ;

--  DDL for Index FK_MNG_SYS_OBJ_MATC
--------------------------------------------------------

  CREATE INDEX FK_MNG_SYS_OBJ_MATC ON MNG_SYS_OBJECT_MATCH (MANAGED_SYS_ID) ;

--  DDL for Index SYNCH_DATA_MAP
--------------------------------------------------------

  CREATE UNIQUE INDEX SYNCH_DATA_MAP ON SYNCH_CONFIG_DATA_MAPPING (SYNCH_CONFIG_ID) ;

--  DDL for Index ROLE_NAME
--------------------------------------------------------

  CREATE UNIQUE INDEX ROLE_NAME ON ROLE (ROLE_NAME) ;

--  DDL for Index FK_SRV_SRV_CONF
--------------------------------------------------------

  CREATE INDEX FK_SRV_SRV_CONF ON SERVICE_CONFIG (SERVICE_ID) ;

--  DDL for Index FK_SUPR_USER
--------------------------------------------------------

  CREATE INDEX FK_SUPR_USER ON ORG_STRUCTURE (SUPERVISOR_ID) ;

--  DDL for Index TEMPLETE_PATTERN_XREF_FK
--------------------------------------------------------

  CREATE INDEX TEMPLETE_PATTERN_XREF_FK ON METADATA_URI_XREF (TEMPLATE_ID) ;

--  DDL for Index TEMPLATE_TYPE_UI_TEMPL_FK
--------------------------------------------------------

  CREATE INDEX TEMPLATE_TYPE_UI_TEMPL_FK ON UI_TEMPLATE_FIELDS (TEMPLATE_TYPE_ID) ;

--  DDL for Index URI_PATTERN_META_URI_PATRN_FK
--------------------------------------------------------

  CREATE INDEX URI_PATTERN_META_URI_PATRN_FK ON URI_PATTERN_META (URI_PATTERN_ID) ;

--  DDL for Index FK_GRP_ROLE_ROLE
--------------------------------------------------------

  CREATE INDEX FK_GRP_ROLE_ROLE ON GRP_ROLE (ROLE_ID) ;

--  DDL for Index CREATED_DATETIME
--------------------------------------------------------

  CREATE INDEX CREATED_DATETIME ON OPENIAM_LOG (CREATED_DATETIME) ;

--  DDL for Index FK_RES_AUTH_PROVIDER
--------------------------------------------------------

  CREATE INDEX FK_RES_AUTH_PROVIDER ON AUTH_PROVIDER (RESOURCE_ID) ;

--  DDL for Index FK_CATEGORY_LANGUAGE_LANGUAGE
--------------------------------------------------------

  CREATE INDEX FK_CATEGORY_LANGUAGE_LANGUAGE ON CATEGORY_LANGUAGE (LANGUAGE_ID) ;

--  DDL for Index LOGIN_USER_INDX
--------------------------------------------------------

  CREATE INDEX LOGIN_USER_INDX ON LOGIN (USER_ID) ;

--  DDL for Index TEMPLATE_TYPE_FK
--------------------------------------------------------

  CREATE INDEX TEMPLATE_TYPE_FK ON METADATA_ELEMENT_PAGE_TEMPLATE (TEMPLATE_TYPE_ID) ;

--  DDL for Index FK_RESOURCE_GRP_RESOURCE
--------------------------------------------------------

  CREATE INDEX FK_RESOURCE_GRP_RESOURCE ON RESOURCE_GROUP (RESOURCE_ID) ;

--  DDL for Index UNIQUE_USER_ORG_TYPE
--------------------------------------------------------

  CREATE UNIQUE INDEX UNIQUE_USER_ORG_TYPE ON ORG_TYPE_VALID_MEMBERSHIP (ORG_TYPE_ID, MEMBER_ORG_TYPE_ID) ;

--  DDL for Index FK_RELATION_CATEGORY_CATEGORY
--------------------------------------------------------

  CREATE INDEX FK_RELATION_CATEGORY_CATEGORY ON RELATION_CATEGORY (CATEGORY_ID) ;

--  DDL for Index FK_LOG_TARGET_LOG
--------------------------------------------------------

  CREATE INDEX FK_LOG_TARGET_LOG ON OPENIAM_LOG_TARGET (OPENIAM_LOG_ID) ;

--  DDL for Index USER_AFFILIATION_UNIQUE
--------------------------------------------------------

  CREATE UNIQUE INDEX USER_AFFILIATION_UNIQUE ON USER_AFFILIATION (USER_ID, COMPANY_ID) ;

--  DDL for Index TEMPLATE_PATRN_XREF_PATRN_FK
--------------------------------------------------------

  CREATE INDEX TEMPLATE_PATRN_XREF_PATRN_FK ON METADATA_URI_XREF (URI_PATTERN_ID) ;

--  DDL for Index RESOURCE_USER_UNIQUE
--------------------------------------------------------

  CREATE UNIQUE INDEX RESOURCE_USER_UNIQUE ON RESOURCE_USER (USER_ID, RESOURCE_ID) ;

--  DDL for Index FK_ID_AND_QUEST_FK
--------------------------------------------------------

  CREATE INDEX FK_ID_AND_QUEST_FK ON USER_IDENTITY_ANS (IDENTITY_QUESTION_ID) ;

--  DDL for Index META_SPRING_BEAN_UNIQUE
--------------------------------------------------------

  CREATE UNIQUE INDEX META_SPRING_BEAN_UNIQUE ON URI_PATTERN_META_TYPE (SPRING_BEAN_NAME) ;

--  DDL for Index METADATA_ELEMENT_RES_FK
--------------------------------------------------------

  CREATE INDEX METADATA_ELEMENT_RES_FK ON METADATA_ELEMENT (RESOURCE_ID) ;

--  DDL for Index FK_USR_GRP_GPR
--------------------------------------------------------

  CREATE INDEX FK_USR_GRP_GPR ON USER_GRP (GRP_ID) ;

--  DDL for Index OPENIAM_LOG_ATTRIBUTE_PK
--------------------------------------------------------

  CREATE UNIQUE INDEX OPENIAM_LOG_ATTRIBUTE_PK ON OPENIAM_LOG_ATTRIBUTE (OPENIAM_LOG_ATTRIBUTE_ID) ;

--  DDL for Index EMAIL_ADDRESS_USER_FK
--------------------------------------------------------

  CREATE INDEX EMAIL_ADDRESS_USER_FK ON EMAIL_ADDRESS (PARENT_ID) ;

--  DDL for Index AREA_CD
--------------------------------------------------------

  CREATE INDEX AREA_CD ON PHONE (AREA_CD, PHONE_NBR) ;

--  DDL for Index FK_ROLE_POLICY_ROLE
--------------------------------------------------------

  CREATE INDEX FK_ROLE_POLICY_ROLE ON ROLE_POLICY (ROLE_ID) ;

--  DDL for Index PHONE_TYPE_FK
--------------------------------------------------------

  CREATE INDEX PHONE_TYPE_FK ON PHONE (TYPE_ID) ;

--  DDL for Index NAME
--------------------------------------------------------

  CREATE UNIQUE INDEX NAME ON RES (NAME) ;

--  DDL for Index FK_POLICY_POLICY_DEF
--------------------------------------------------------

  CREATE INDEX FK_POLICY_POLICY_DEF ON POLICY (POLICY_DEF_ID) ;

--  DDL for Index SYNCH_REVIEW_RECORD_IDX
--------------------------------------------------------

  CREATE INDEX SYNCH_REVIEW_RECORD_IDX ON SYNCH_REVIEW_RECORD_VALUE (SYNCH_REVIEW_RECORD_ID) ;

--  DDL for Index FK_RESOURCE_PROP_RESOURCE
--------------------------------------------------------

  CREATE INDEX FK_RESOURCE_PROP_RESOURCE ON RESOURCE_PROP (RESOURCE_ID) ;

--  DDL for Index FK_STAFF_USER
--------------------------------------------------------

  CREATE INDEX FK_STAFF_USER ON ORG_STRUCTURE (STAFF_ID) ;

--  DDL for Index GRP_ID
--------------------------------------------------------

  CREATE INDEX GRP_ID ON GRP_ATTRIBUTES (GRP_ID) ;

--  DDL for Index ID_QU_IDEN_QUEST_GRP_FK
--------------------------------------------------------

  CREATE INDEX ID_QU_IDEN_QUEST_GRP_FK ON IDENTITY_QUESTION (IDENTITY_QUEST_GRP_ID) ;

--  DDL for Index FK_COMPANY_METADATA_ELEMENT
--------------------------------------------------------

  CREATE INDEX FK_COMPANY_METADATA_ELEMENT ON COMPANY_ATTRIBUTE (METADATA_ID) ;

--  DDL for Index METADATA_ELEMENT_TEMPLATE_FK
--------------------------------------------------------

  CREATE INDEX METADATA_ELEMENT_TEMPLATE_FK ON METADATA_ELEMENT (TEMPLATE_ID) ;

--  DDL for Index UNIQUE_CP_PATTERN
--------------------------------------------------------

  CREATE UNIQUE INDEX UNIQUE_CP_PATTERN ON CONTENT_PROVIDER (DOMAIN_PATTERN, IS_SSL) ;

--  DDL for Index FK_USR_ATTR_ELMT_FK
--------------------------------------------------------

  CREATE INDEX FK_USR_ATTR_ELMT_FK ON USER_ATTRIBUTES (METADATA_ID) ;
 
  ALTER TABLE PROFILE_PIC ADD UNIQUE (USER_ID) ;

  ALTER TABLE ADDRESS ADD CONSTRAINT ADDRESS_TYPE_FK FOREIGN KEY (TYPE_ID) REFERENCES METADATA_TYPE (TYPE_ID) ;
 
  ALTER TABLE ADDRESS ADD CONSTRAINT ADDRESS_USER_FK FOREIGN KEY (PARENT_ID) REFERENCES USERS (USER_ID) ;


  ALTER TABLE AUTH_ATTRIBUTE ADD CONSTRAINT FK_PROVIDER_TYPE_ATTRIBUTE FOREIGN KEY (PROVIDER_TYPE) REFERENCES AUTH_PROVIDER_TYPE (PROVIDER_TYPE) ;

--  Ref Constraints for Table AUTH_LEVEL_ATTRIBUTE
--------------------------------------------------------

  ALTER TABLE AUTH_LEVEL_ATTRIBUTE ADD CONSTRAINT AUTH_LEVEL_ATTR_GRP_FK FOREIGN KEY (AUTH_LEVEL_GROUPING_ID) REFERENCES AUTH_LEVEL_GROUPING (AUTH_LEVEL_GROUPING_ID) ;
 
  ALTER TABLE AUTH_LEVEL_ATTRIBUTE ADD CONSTRAINT AUTH_LEVEL_ATTR_TYPE_FK FOREIGN KEY (TYPE_ID) REFERENCES METADATA_TYPE (TYPE_ID) ;

--  Ref Constraints for Table AUTH_LEVEL_GROUPING
--------------------------------------------------------

  ALTER TABLE AUTH_LEVEL_GROUPING ADD CONSTRAINT AUTH_LEVEL_GROUPING_FK FOREIGN KEY (AUTH_LEVEL_ID) REFERENCES AUTH_LEVEL (AUTH_LEVEL_ID) ;

--  Ref Constraints for Table AUTH_PROVIDER
--------------------------------------------------------

  ALTER TABLE AUTH_PROVIDER ADD CONSTRAINT FK_MNG_AUTH_PROVIDER FOREIGN KEY (MANAGED_SYS_ID) REFERENCES MANAGED_SYS (MANAGED_SYS_ID) ;
 
  ALTER TABLE AUTH_PROVIDER ADD CONSTRAINT FK_PROVIDER_TYPE_PROVIDER FOREIGN KEY (PROVIDER_TYPE) REFERENCES AUTH_PROVIDER_TYPE (PROVIDER_TYPE) ;
 
  ALTER TABLE AUTH_PROVIDER ADD CONSTRAINT FK_RES_AUTH_PROVIDER FOREIGN KEY (RESOURCE_ID) REFERENCES RES (RESOURCE_ID) ;

--  Ref Constraints for Table AUTH_PROVIDER_ATTRIBUTE
--------------------------------------------------------

  ALTER TABLE AUTH_PROVIDER_ATTRIBUTE ADD CONSTRAINT FK_PROVIDER_ATTRIBUTE FOREIGN KEY (AUTH_ATTRIBUTE_ID) REFERENCES AUTH_ATTRIBUTE (AUTH_ATTRIBUTE_ID) ;
 
  ALTER TABLE AUTH_PROVIDER_ATTRIBUTE ADD CONSTRAINT FK_PROVIDER_PROVIDER_ATTRIBUTE FOREIGN KEY (PROVIDER_ID) REFERENCES AUTH_PROVIDER (PROVIDER_ID) ;

--  Ref Constraints for Table AUTH_RESOURCE_ATTRIBUTE_MAP
--------------------------------------------------------

  ALTER TABLE AUTH_RESOURCE_ATTRIBUTE_MAP ADD CONSTRAINT FK_AUTH_AM_ATTR FOREIGN KEY (AM_RES_ATTRIBUTE_ID) REFERENCES AUTH_RESOURCE_AM_ATTRIBUTE (AM_RES_ATTRIBUTE_ID) ;
 
  ALTER TABLE AUTH_RESOURCE_ATTRIBUTE_MAP ADD CONSTRAINT FK_PROVIDER_AUTH_RES_ATTR_MAP FOREIGN KEY (PROVIDER_ID) REFERENCES AUTH_PROVIDER (PROVIDER_ID) ;

--  Ref Constraints for Table CATEGORY_LANGUAGE
--------------------------------------------------------

  ALTER TABLE CATEGORY_LANGUAGE ADD CONSTRAINT FK_CATEGORY_LANGUAGE_CATEGORY FOREIGN KEY (CATEGORY_ID) REFERENCES CATEGORY (CATEGORY_ID) ON DELETE CASCADE ;
 
  ALTER TABLE CATEGORY_LANGUAGE ADD CONSTRAINT FK_CATEGORY_LANGUAGE_LANGUAGE FOREIGN KEY (LANGUAGE_ID) REFERENCES LANGUAGE (ID) ;

--  Ref Constraints for Table CATEGORY_TYPE
--------------------------------------------------------

  ALTER TABLE CATEGORY_TYPE ADD CONSTRAINT FK_CATEGORY_METADATA_TYPE FOREIGN KEY (TYPE_ID) REFERENCES METADATA_TYPE (TYPE_ID) ;
 
  ALTER TABLE CATEGORY_TYPE ADD CONSTRAINT FK_CATEGORY_TYPE_CATEGORY FOREIGN KEY (CATEGORY_ID) REFERENCES CATEGORY (CATEGORY_ID) ;

--  Ref Constraints for Table COMPANY
--------------------------------------------------------

  ALTER TABLE COMPANY ADD CONSTRAINT COMPANY_ADMIN_RES_FK FOREIGN KEY (ADMIN_RESOURCE_ID) REFERENCES RES (RESOURCE_ID) ;
 
  ALTER TABLE COMPANY ADD CONSTRAINT COMPANY_ORG_TYPE_FK FOREIGN KEY (ORG_TYPE_ID) REFERENCES ORGANIZATION_TYPE (ORG_TYPE_ID) ;
 
  ALTER TABLE COMPANY ADD CONSTRAINT COMPANY_TYPE_FK FOREIGN KEY (TYPE_ID) REFERENCES METADATA_TYPE (TYPE_ID) ;

--  Ref Constraints for Table COMPANY_ATTRIBUTE
--------------------------------------------------------

  ALTER TABLE COMPANY_ATTRIBUTE ADD CONSTRAINT FK_COMPANY_ATTRIBUTE_COMPANY FOREIGN KEY (COMPANY_ID) REFERENCES COMPANY (COMPANY_ID) ;
 
  ALTER TABLE COMPANY_ATTRIBUTE ADD CONSTRAINT FK_COMPANY_METADATA_ELEMENT FOREIGN KEY (METADATA_ID) REFERENCES METADATA_ELEMENT (METADATA_ID) ;

--  Ref Constraints for Table COMPANY_ATTRIBUTE_VALUES
--------------------------------------------------------

  ALTER TABLE COMPANY_ATTRIBUTE_VALUES ADD CONSTRAINT COMPANY_ATTRIBUTE_VALUES_FK FOREIGN KEY (COMPANY_ATTRIBUTE_ID) REFERENCES COMPANY_ATTRIBUTE (COMPANY_ATTR_ID) ;

--  Ref Constraints for Table COMPANY_TO_COMPANY_MEMBERSHIP
--------------------------------------------------------

  ALTER TABLE COMPANY_TO_COMPANY_MEMBERSHIP ADD CONSTRAINT COMPANY_COMPANY_CHILD FOREIGN KEY (COMPANY_ID) REFERENCES COMPANY (COMPANY_ID) ;
 
  ALTER TABLE COMPANY_TO_COMPANY_MEMBERSHIP ADD CONSTRAINT COMPANY_COMPANY_PARENT FOREIGN KEY (MEMBER_COMPANY_ID) REFERENCES COMPANY (COMPANY_ID) ;

--  Ref Constraints for Table CONTENT_PROVIDER
--------------------------------------------------------

  ALTER TABLE CONTENT_PROVIDER ADD CONSTRAINT CP_RES_FK FOREIGN KEY (RESOURCE_ID) REFERENCES RES (RESOURCE_ID) ;
 
  ALTER TABLE CONTENT_PROVIDER ADD CONSTRAINT CP_UI_THEME FOREIGN KEY (UI_THEME_ID) REFERENCES UI_THEME (UI_THEME_ID) ;
 
  ALTER TABLE CONTENT_PROVIDER ADD CONSTRAINT FK_CP_MANAGED_SYS FOREIGN KEY (MANAGED_SYS_ID) REFERENCES MANAGED_SYS (MANAGED_SYS_ID) ;

--  Ref Constraints for Table CONTENT_PROVIDER_SERVER
--------------------------------------------------------

  ALTER TABLE CONTENT_PROVIDER_SERVER ADD CONSTRAINT CP_SERVER_CP_FK FOREIGN KEY (CONTENT_PROVIDER_ID) REFERENCES CONTENT_PROVIDER (CONTENT_PROVIDER_ID) ;

--  Ref Constraints for Table CP_AUTH_LEVEL_GRP_XREF
--------------------------------------------------------

  ALTER TABLE CP_AUTH_LEVEL_GRP_XREF ADD CONSTRAINT CP_AUTH_LEVEL_CP_FK FOREIGN KEY (CONTENT_PROVIDER_ID) REFERENCES CONTENT_PROVIDER (CONTENT_PROVIDER_ID) ;
 
  ALTER TABLE CP_AUTH_LEVEL_GRP_XREF ADD CONSTRAINT CP_AUTH_LEVEL_GRP_FK FOREIGN KEY (AUTH_LEVEL_GROUPING_ID) REFERENCES AUTH_LEVEL_GROUPING (AUTH_LEVEL_GROUPING_ID) ;

--  Ref Constraints for Table CREDENTIALS
--------------------------------------------------------

  ALTER TABLE CREDENTIALS ADD CONSTRAINT FK_CREDENTIALS_USERS FOREIGN KEY (USER_ID) REFERENCES USERS (USER_ID) ;

--  Ref Constraints for Table EMAIL_ADDRESS
--------------------------------------------------------

  ALTER TABLE EMAIL_ADDRESS ADD CONSTRAINT EMAIL_ADDRESS_TYPE_FK FOREIGN KEY (TYPE_ID) REFERENCES METADATA_TYPE (TYPE_ID) ;
 
  ALTER TABLE EMAIL_ADDRESS ADD CONSTRAINT EMAIL_ADDRESS_USER_FK FOREIGN KEY (PARENT_ID) REFERENCES USERS (USER_ID) ;

--  Ref Constraints for Table EXCLUDE_WORD_LIST
--------------------------------------------------------

  ALTER TABLE EXCLUDE_WORD_LIST ADD CONSTRAINT FK_EXCLUDE_WORD_LIST_LANGUAGE FOREIGN KEY (LANGUAGE_ID) REFERENCES LANGUAGE (ID) ;

--  Ref Constraints for Table GROUP_ATTRIBUTE_VALUES
--------------------------------------------------------

  ALTER TABLE GROUP_ATTRIBUTE_VALUES ADD CONSTRAINT GROUP_ATTRIBUTE_VALUES_FK FOREIGN KEY (GROUP_ATTRIBUTE_ID) REFERENCES GRP_ATTRIBUTES (ID) ;

--  Ref Constraints for Table GRP
--------------------------------------------------------

  ALTER TABLE GRP ADD CONSTRAINT GRP_ADMIN_RES_FK FOREIGN KEY (ADMIN_RESOURCE_ID) REFERENCES RES (RESOURCE_ID) ;
 
  ALTER TABLE GRP ADD CONSTRAINT GRP_COMPANY_FK FOREIGN KEY (COMPANY_ID) REFERENCES COMPANY (COMPANY_ID) ;
 
  ALTER TABLE GRP ADD CONSTRAINT GRP_MNG_SYS_FK FOREIGN KEY (MANAGED_SYS_ID) REFERENCES MANAGED_SYS (MANAGED_SYS_ID) ;
 
  ALTER TABLE GRP ADD CONSTRAINT GRP_TYPE_FK FOREIGN KEY (TYPE_ID) REFERENCES METADATA_TYPE (TYPE_ID) ;

--  Ref Constraints for Table GRP_ATTRIBUTES
--------------------------------------------------------

  ALTER TABLE GRP_ATTRIBUTES ADD CONSTRAINT GRP_ATTRIBUTES_IBFK_1 FOREIGN KEY (GRP_ID) REFERENCES GRP (GRP_ID) ;
 
  ALTER TABLE GRP_ATTRIBUTES ADD CONSTRAINT GRP_ATTR_META_ELMT_FK FOREIGN KEY (METADATA_ID) REFERENCES METADATA_ELEMENT (METADATA_ID) ;

--  Ref Constraints for Table GRP_ROLE
--------------------------------------------------------

  ALTER TABLE GRP_ROLE ADD CONSTRAINT FK_GRP_ROLE_GRP FOREIGN KEY (GRP_ID) REFERENCES GRP (GRP_ID) ;
 
  ALTER TABLE GRP_ROLE ADD CONSTRAINT FK_GRP_ROLE_ROLE FOREIGN KEY (ROLE_ID) REFERENCES ROLE (ROLE_ID) ;

--  Ref Constraints for Table GRP_TO_GRP_MEMBERSHIP
--------------------------------------------------------

  ALTER TABLE GRP_TO_GRP_MEMBERSHIP ADD CONSTRAINT GRP_TO_GRP_MEMBERSHIP_IBFK_1 FOREIGN KEY (GROUP_ID) REFERENCES GRP (GRP_ID) ;
 
  ALTER TABLE GRP_TO_GRP_MEMBERSHIP ADD CONSTRAINT GRP_TO_GRP_MEMBERSHIP_IBFK_2 FOREIGN KEY (MEMBER_GROUP_ID) REFERENCES GRP (GRP_ID) ;

--  Ref Constraints for Table IDENTITY_QUESTION
--------------------------------------------------------

  ALTER TABLE IDENTITY_QUESTION ADD CONSTRAINT ID_QU_IDEN_QUEST_GRP_FK FOREIGN KEY (IDENTITY_QUEST_GRP_ID) REFERENCES IDENTITY_QUEST_GRP (IDENTITY_QUEST_GRP_ID) ;

--  Ref Constraints for Table LANGUAGE_LOCALE
--------------------------------------------------------

  ALTER TABLE LANGUAGE_LOCALE ADD CONSTRAINT LANGUAGE_LOCALE_LANGUAGE_FK FOREIGN KEY (LANGUAGE_ID) REFERENCES LANGUAGE (ID) ;

--  Ref Constraints for Table LANGUAGE_MAPPING
--------------------------------------------------------

  ALTER TABLE LANGUAGE_MAPPING ADD CONSTRAINT LANGUAGE_MAPPING_LANGUAGE_FK FOREIGN KEY (LANGUAGE_ID) REFERENCES LANGUAGE (ID) ;

--  Ref Constraints for Table LOGIN
--------------------------------------------------------

  ALTER TABLE LOGIN ADD CONSTRAINT FK_LOGIN_USERS FOREIGN KEY (USER_ID) REFERENCES USERS (USER_ID) ;

--  Ref Constraints for Table LOGIN_ATTRIBUTE
--------------------------------------------------------

  ALTER TABLE LOGIN_ATTRIBUTE ADD CONSTRAINT FK_LOGIN_METADATA_ELEMENT FOREIGN KEY (METADATA_ID) REFERENCES METADATA_ELEMENT (METADATA_ID) ;
 
  ALTER TABLE LOGIN_ATTRIBUTE ADD CONSTRAINT LOGIN_ID_LOGIN_ATTR_FK FOREIGN KEY (LOGIN_ID) REFERENCES LOGIN (LOGIN_ID) ;

--  Ref Constraints for Table MANAGED_SYS
--------------------------------------------------------

  ALTER TABLE MANAGED_SYS ADD CONSTRAINT FK_MNG_SYS_PROV_CON FOREIGN KEY (CONNECTOR_ID) REFERENCES PROVISION_CONNECTOR (CONNECTOR_ID) ;

--  Ref Constraints for Table MANAGED_SYS_ATTRIBUTE
--------------------------------------------------------

  ALTER TABLE MANAGED_SYS_ATTRIBUTE ADD CONSTRAINT FK_MNG_MNG_ATTR FOREIGN KEY (MANAGED_SYS_ID) REFERENCES MANAGED_SYS (MANAGED_SYS_ID) ;

--  Ref Constraints for Table MD_ELEMENT_VALID_VALUES
--------------------------------------------------------

  ALTER TABLE MD_ELEMENT_VALID_VALUES ADD CONSTRAINT VALID_VALUES_ELEMENT_FK FOREIGN KEY (METADATA_ELEMENT_ID) REFERENCES METADATA_ELEMENT (METADATA_ID) ;

--  Ref Constraints for Table METADATA_ELEMENT
--------------------------------------------------------

  ALTER TABLE METADATA_ELEMENT ADD CONSTRAINT FK_MD_ELMT_TYPE_FK FOREIGN KEY (TYPE_ID) REFERENCES METADATA_TYPE (TYPE_ID) ;
 
  ALTER TABLE METADATA_ELEMENT ADD CONSTRAINT METADATA_ELEMENT_RES_FK FOREIGN KEY (RESOURCE_ID) REFERENCES RES (RESOURCE_ID) ;
 
  ALTER TABLE METADATA_ELEMENT ADD CONSTRAINT METADATA_ELEMENT_TEMPLATE_FK FOREIGN KEY (TEMPLATE_ID) REFERENCES METADATA_ELEMENT_PAGE_TEMPLATE (ID) ;

--  Ref Constraints for Table METADATA_ELEMENT_PAGE_TEMPLATE
--------------------------------------------------------

  ALTER TABLE METADATA_ELEMENT_PAGE_TEMPLATE ADD CONSTRAINT METADATA_PAGE_TEMPLATE_RES_FK FOREIGN KEY (RESOURCE_ID) REFERENCES RES (RESOURCE_ID) ;
 
  ALTER TABLE METADATA_ELEMENT_PAGE_TEMPLATE ADD CONSTRAINT TEMPLATE_TYPE_FK FOREIGN KEY (TEMPLATE_TYPE_ID) REFERENCES UI_TEMPLATE_TYPE (TEMPLATE_TYPE_ID) ;

--  Ref Constraints for Table METADATA_URI_XREF
--------------------------------------------------------

  ALTER TABLE METADATA_URI_XREF ADD CONSTRAINT TEMPLATE_PATRN_XREF_PATRN_FK FOREIGN KEY (URI_PATTERN_ID) REFERENCES URI_PATTERN (URI_PATTERN_ID) ;
 
  ALTER TABLE METADATA_URI_XREF ADD CONSTRAINT TEMPLETE_PATTERN_XREF_FK FOREIGN KEY (TEMPLATE_ID) REFERENCES METADATA_ELEMENT_PAGE_TEMPLATE (ID) ;

--  Ref Constraints for Table MNG_SYS_GROUP
--------------------------------------------------------

  ALTER TABLE MNG_SYS_GROUP ADD CONSTRAINT REFMANAGED_SYS831 FOREIGN KEY (MANAGED_SYS_ID) REFERENCES MANAGED_SYS (MANAGED_SYS_ID) ;

--  Ref Constraints for Table MNG_SYS_LIST
--------------------------------------------------------

  ALTER TABLE MNG_SYS_LIST ADD CONSTRAINT REFMANAGED_SYS941 FOREIGN KEY (MANAGED_SYS_ID) REFERENCES MANAGED_SYS (MANAGED_SYS_ID) ;
 
  ALTER TABLE MNG_SYS_LIST ADD CONSTRAINT REFPROV_REQUEST951 FOREIGN KEY (REQUEST_ID) REFERENCES PROV_REQUEST (REQUEST_ID) ;

--  Ref Constraints for Table MNG_SYS_OBJECT_MATCH
--------------------------------------------------------

  ALTER TABLE MNG_SYS_OBJECT_MATCH ADD CONSTRAINT FK_MNG_SYS_OBJ_MATC FOREIGN KEY (MANAGED_SYS_ID) REFERENCES MANAGED_SYS (MANAGED_SYS_ID) ;

--  Ref Constraints for Table ORG_STRUCTURE
--------------------------------------------------------

  ALTER TABLE ORG_STRUCTURE ADD CONSTRAINT FK_STAFF_USER FOREIGN KEY (STAFF_ID) REFERENCES USERS (USER_ID) ;
 
  ALTER TABLE ORG_STRUCTURE ADD CONSTRAINT FK_SUPR_USER FOREIGN KEY (SUPERVISOR_ID) REFERENCES USERS (USER_ID) ;

--  Ref Constraints for Table ORG_TYPE_VALID_MEMBERSHIP
--------------------------------------------------------

  ALTER TABLE ORG_TYPE_VALID_MEMBERSHIP ADD CONSTRAINT ORG_T_VAL_MEM_SOURCE_FK FOREIGN KEY (ORG_TYPE_ID) REFERENCES ORGANIZATION_TYPE (ORG_TYPE_ID) ;
 
  ALTER TABLE ORG_TYPE_VALID_MEMBERSHIP ADD CONSTRAINT ORG_T_VAL_MEM_TARGET_FK FOREIGN KEY (MEMBER_ORG_TYPE_ID) REFERENCES ORGANIZATION_TYPE (ORG_TYPE_ID) ;

--  Ref Constraints for Table PAGE_TEMPLATE_XREF
--------------------------------------------------------

  ALTER TABLE PAGE_TEMPLATE_XREF ADD CONSTRAINT MD_ELMT_TEMPLATE_FK FOREIGN KEY (METADATA_ELEMENT_ID) REFERENCES METADATA_ELEMENT (METADATA_ID) ;
 
  ALTER TABLE PAGE_TEMPLATE_XREF ADD CONSTRAINT META_PG_TEMPLATE_FK FOREIGN KEY (TEMPLATE_ID) REFERENCES METADATA_ELEMENT_PAGE_TEMPLATE (ID) ;

--  Ref Constraints for Table PHONE
--------------------------------------------------------

  ALTER TABLE PHONE ADD CONSTRAINT PHONE_TYPE_FK FOREIGN KEY (TYPE_ID) REFERENCES METADATA_TYPE (TYPE_ID) ;
 
  ALTER TABLE PHONE ADD CONSTRAINT PHONE_USER_FK FOREIGN KEY (PARENT_ID) REFERENCES USERS (USER_ID) ;

--  Ref Constraints for Table POLICY_ATTRIBUTE
--------------------------------------------------------

  ALTER TABLE POLICY_ATTRIBUTE ADD CONSTRAINT FK_POLICY_ATTRIBUTE_POLICY FOREIGN KEY (POLICY_ID) REFERENCES POLICY (POLICY_ID) ;
 
  ALTER TABLE POLICY_ATTRIBUTE ADD CONSTRAINT POLI_ATTR_POL_DEF_PARAM FOREIGN KEY (DEF_PARAM_ID) REFERENCES POLICY_DEF_PARAM (DEF_PARAM_ID) ;

--  Ref Constraints for Table POLICY_DEF_PARAM
--------------------------------------------------------

  ALTER TABLE POLICY_DEF_PARAM ADD CONSTRAINT FK_POLICY_DEF_PARAM_POLICY_DEF FOREIGN KEY (POLICY_DEF_ID) REFERENCES POLICY_DEF (POLICY_DEF_ID) ;

--  Ref Constraints for Table PROFILE_PIC
--------------------------------------------------------

  ALTER TABLE PROFILE_PIC ADD CONSTRAINT USER_ID_FK FOREIGN KEY (USER_ID) REFERENCES USERS (USER_ID) ON DELETE CASCADE ;

--  Ref Constraints for Table PWD_HISTORY
--------------------------------------------------------

  ALTER TABLE PWD_HISTORY ADD CONSTRAINT LOGIN_ID_PWD_HIST_FK FOREIGN KEY (LOGIN_ID) REFERENCES LOGIN (LOGIN_ID) ;

--  Ref Constraints for Table RECONCILIATION_SITUATION
--------------------------------------------------------

  ALTER TABLE RECONCILIATION_SITUATION ADD CONSTRAINT RECON_SITUATION FOREIGN KEY (RECON_CONFIG_ID) REFERENCES RECONCILIATION_CONFIG (RECON_CONFIG_ID) ;

--  Ref Constraints for Table RELATIONSHIP
--------------------------------------------------------

  ALTER TABLE RELATIONSHIP ADD CONSTRAINT FK_RELATIONSHIP_RELATION_SET FOREIGN KEY (RELATION_SET_ID) REFERENCES RELATION_SET (RELATION_SET_ID) ;

--  Ref Constraints for Table RELATION_CATEGORY
--------------------------------------------------------

  ALTER TABLE RELATION_CATEGORY ADD CONSTRAINT FK_RELATION_CATEGORY_CATEGORY FOREIGN KEY (CATEGORY_ID) REFERENCES CATEGORY (CATEGORY_ID) ;
 
  ALTER TABLE RELATION_CATEGORY ADD CONSTRAINT REL_CAT_REL_SET_FK FOREIGN KEY (RELATION_SET_ID) REFERENCES RELATION_SET (RELATION_SET_ID) ;

--  Ref Constraints for Table RELATION_SOURCE
--------------------------------------------------------

  ALTER TABLE RELATION_SOURCE ADD CONSTRAINT FK_RELAT_SOURCE_RELATION_SET FOREIGN KEY (RELATION_SET_ID) REFERENCES RELATION_SET (RELATION_SET_ID) ;
 
  ALTER TABLE RELATION_SOURCE ADD CONSTRAINT FK_RELAT_SOURCE_RELATION_TYPE FOREIGN KEY (RELATION_TYPE_ID) REFERENCES RELATION_TYPE (RELATION_TYPE_ID) ;

--  Ref Constraints for Table REPORT_CRITERIA_PARAMETER
--------------------------------------------------------

  ALTER TABLE REPORT_CRITERIA_PARAMETER ADD CONSTRAINT RCP_PARAM_META_TYPE_FK FOREIGN KEY (PARAM_META_TYPE_ID) REFERENCES REPORT_PARAMETER_METATYPE (PARAM_METATYPE_ID) ;

--  Ref Constraints for Table REPORT_INFO
--------------------------------------------------------

  ALTER TABLE REPORT_INFO ADD CONSTRAINT REPORT_INFO_RES_FK FOREIGN KEY (RESOURCE_ID) REFERENCES RES (RESOURCE_ID) ;

--  Ref Constraints for Table REQUEST_ATTACHMENT
--------------------------------------------------------

  ALTER TABLE REQUEST_ATTACHMENT ADD CONSTRAINT REFPROV_REQUEST1001 FOREIGN KEY (REQUEST_ID) REFERENCES PROV_REQUEST (REQUEST_ID) ;

--  Ref Constraints for Table REQUEST_ATTRIBUTE
--------------------------------------------------------

  ALTER TABLE REQUEST_ATTRIBUTE ADD CONSTRAINT REFPROV_REQUEST1011 FOREIGN KEY (REQUEST_ID) REFERENCES PROV_REQUEST (REQUEST_ID) ;

--  Ref Constraints for Table REQUEST_USER
--------------------------------------------------------

  ALTER TABLE REQUEST_USER ADD CONSTRAINT REFPROV_REQUEST931 FOREIGN KEY (REQUEST_ID) REFERENCES PROV_REQUEST (REQUEST_ID) ;

--  Ref Constraints for Table RES
--------------------------------------------------------

  ALTER TABLE RES ADD CONSTRAINT FK_RESOURCE_RESOURCE_TYPE FOREIGN KEY (RESOURCE_TYPE_ID) REFERENCES RESOURCE_TYPE (RESOURCE_TYPE_ID) ;
 
  ALTER TABLE RES ADD CONSTRAINT RES_ADMIN_RES_FK FOREIGN KEY (ADMIN_RESOURCE_ID) REFERENCES RES (RESOURCE_ID) ;
 
  ALTER TABLE RES ADD CONSTRAINT RES_TYPE_FK FOREIGN KEY (TYPE_ID) REFERENCES METADATA_TYPE (TYPE_ID) ;

--  Ref Constraints for Table RESOURCE_GROUP
--------------------------------------------------------

  ALTER TABLE RESOURCE_GROUP ADD CONSTRAINT FK_RESOURCE_GRP FOREIGN KEY (GRP_ID) REFERENCES GRP (GRP_ID) ;
 
  ALTER TABLE RESOURCE_GROUP ADD CONSTRAINT FK_RESOURCE_GRP_RESOURCE FOREIGN KEY (RESOURCE_ID) REFERENCES RES (RESOURCE_ID) ;

--  Ref Constraints for Table RESOURCE_POLICY
--------------------------------------------------------

  ALTER TABLE RESOURCE_POLICY ADD CONSTRAINT FK_RESOURCE_POLICY_ROLE FOREIGN KEY (ROLE_ID) REFERENCES ROLE (ROLE_ID) ;
 
  ALTER TABLE RESOURCE_POLICY ADD CONSTRAINT RS_PL_RS_RSID FOREIGN KEY (RESOURCE_ID) REFERENCES RES (RESOURCE_ID) ;

--  Ref Constraints for Table RESOURCE_PRIVILEGE
--------------------------------------------------------

  ALTER TABLE RESOURCE_PRIVILEGE ADD CONSTRAINT FK_RESOURCE_PRIVILEGE_RES FOREIGN KEY (RESOURCE_ID) REFERENCES RES (RESOURCE_ID) ;

--  Ref Constraints for Table RESOURCE_PROP
--------------------------------------------------------

  ALTER TABLE RESOURCE_PROP ADD CONSTRAINT FK_RESOURCE_PROP_RESOURCE FOREIGN KEY (RESOURCE_ID) REFERENCES RES (RESOURCE_ID) ;
 
  ALTER TABLE RESOURCE_PROP ADD CONSTRAINT FK_RES_PROP_METADATA_ELEMENT FOREIGN KEY (METADATA_ID) REFERENCES METADATA_ELEMENT (METADATA_ID) ;

--  Ref Constraints for Table RESOURCE_ROLE
--------------------------------------------------------

  ALTER TABLE RESOURCE_ROLE ADD CONSTRAINT FK_RESOURCE_ROLE_RESOURCE FOREIGN KEY (RESOURCE_ID) REFERENCES RES (RESOURCE_ID) ;
 
  ALTER TABLE RESOURCE_ROLE ADD CONSTRAINT FK_RESOURCE_ROLE_ROLE FOREIGN KEY (ROLE_ID) REFERENCES ROLE (ROLE_ID) ;

--  Ref Constraints for Table RESOURCE_USER
--------------------------------------------------------

  ALTER TABLE RESOURCE_USER ADD CONSTRAINT FK_RESOURCE_USER_USERS FOREIGN KEY (USER_ID) REFERENCES USERS (USER_ID) ;
 
  ALTER TABLE RESOURCE_USER ADD CONSTRAINT RESOURCE_USER_IBFK_1 FOREIGN KEY (RESOURCE_ID) REFERENCES RES (RESOURCE_ID) ;

--  Ref Constraints for Table RES_TO_RES_MEMBERSHIP
--------------------------------------------------------

  ALTER TABLE RES_TO_RES_MEMBERSHIP ADD CONSTRAINT RES_TO_RES_MEMBERSHIP_IBFK_1 FOREIGN KEY (RESOURCE_ID) REFERENCES RES (RESOURCE_ID) ;
 
  ALTER TABLE RES_TO_RES_MEMBERSHIP ADD CONSTRAINT RES_TO_RES_MEMBERSHIP_IBFK_2 FOREIGN KEY (MEMBER_RESOURCE_ID) REFERENCES RES (RESOURCE_ID) ;

--  Ref Constraints for Table ROLE
--------------------------------------------------------

  ALTER TABLE ROLE ADD CONSTRAINT ROLE_ADMIN_RES_FK FOREIGN KEY (ADMIN_RESOURCE_ID) REFERENCES RES (RESOURCE_ID) ;
 
  ALTER TABLE ROLE ADD CONSTRAINT ROLE_MNG_SYS_FK FOREIGN KEY (MANAGED_SYS_ID) REFERENCES MANAGED_SYS (MANAGED_SYS_ID) ;
 
  ALTER TABLE ROLE ADD CONSTRAINT ROLE_TYPE_FK FOREIGN KEY (TYPE_ID) REFERENCES METADATA_TYPE (TYPE_ID) ;

--  Ref Constraints for Table ROLE_ATTRIBUTE
--------------------------------------------------------

  ALTER TABLE ROLE_ATTRIBUTE ADD CONSTRAINT FK_ROLE_ATTR_METADATA_ELEMENT FOREIGN KEY (METADATA_ID) REFERENCES METADATA_ELEMENT (METADATA_ID) ;
 
  ALTER TABLE ROLE_ATTRIBUTE ADD CONSTRAINT FK_ROLE_ROLE_ATTRIBUTE FOREIGN KEY (ROLE_ID) REFERENCES ROLE (ROLE_ID) ;

--  Ref Constraints for Table ROLE_ATTRIBUTE_VALUES
--------------------------------------------------------

  ALTER TABLE ROLE_ATTRIBUTE_VALUES ADD CONSTRAINT ROLE_ATTRIBUTE_VALUES_FK FOREIGN KEY (ROLE_ATTRIBUTE_ID) REFERENCES ROLE_ATTRIBUTE (ROLE_ATTR_ID) ;

--  Ref Constraints for Table ROLE_POLICY
--------------------------------------------------------

  ALTER TABLE ROLE_POLICY ADD CONSTRAINT FK_ROLE_POLICY_ROLE FOREIGN KEY (ROLE_ID) REFERENCES ROLE (ROLE_ID) ;

--  Ref Constraints for Table ROLE_TO_ROLE_MEMBERSHIP
--------------------------------------------------------

  ALTER TABLE ROLE_TO_ROLE_MEMBERSHIP ADD CONSTRAINT ROLE_TO_ROLE_MEMBERSHIP_IBFK_1 FOREIGN KEY (ROLE_ID) REFERENCES ROLE (ROLE_ID) ;
 
  ALTER TABLE ROLE_TO_ROLE_MEMBERSHIP ADD CONSTRAINT ROLE_TO_ROLE_MEMBERSHIP_IBFK_2 FOREIGN KEY (MEMBER_ROLE_ID) REFERENCES ROLE (ROLE_ID) ;

--  Ref Constraints for Table SERVICE_CONFIG
--------------------------------------------------------

  ALTER TABLE SERVICE_CONFIG ADD CONSTRAINT FK_SRV_SRV_CONF FOREIGN KEY (SERVICE_ID) REFERENCES SERVICE (SERVICE_ID) ;

--  Ref Constraints for Table SYNCH_CONFIG_DATA_MAPPING
--------------------------------------------------------

  ALTER TABLE SYNCH_CONFIG_DATA_MAPPING ADD CONSTRAINT SYNCH_DATA_MAP FOREIGN KEY (SYNCH_CONFIG_ID) REFERENCES SYNCH_CONFIG (SYNCH_CONFIG_ID) ;

--  Ref Constraints for Table SYNCH_REVIEW
--------------------------------------------------------

  ALTER TABLE SYNCH_REVIEW ADD CONSTRAINT SYNCH_CONFIG_FK FOREIGN KEY (SYNCH_CONFIG_ID) REFERENCES SYNCH_CONFIG (SYNCH_CONFIG_ID) ON DELETE CASCADE ;

--  Ref Constraints for Table SYNCH_REVIEW_RECORD
--------------------------------------------------------

  ALTER TABLE SYNCH_REVIEW_RECORD ADD CONSTRAINT SYNCH_REVIEW_FK FOREIGN KEY (SYNCH_REVIEW_ID) REFERENCES SYNCH_REVIEW (SYNCH_REVIEW_ID) ON DELETE CASCADE ;

--  Ref Constraints for Table SYNCH_REVIEW_RECORD_VALUE
--------------------------------------------------------

  ALTER TABLE SYNCH_REVIEW_RECORD_VALUE ADD CONSTRAINT SYNCH_REVIEW_RECORD_FK FOREIGN KEY (SYNCH_REVIEW_RECORD_ID) REFERENCES SYNCH_REVIEW_RECORD (SYNCH_REVIEW_RECORD_ID) ON DELETE CASCADE ;

--  Ref Constraints for Table UI_FIELD_TEMPLATE_XREF
--------------------------------------------------------

  ALTER TABLE UI_FIELD_TEMPLATE_XREF ADD CONSTRAINT TEMPLATE_XREF_TEMPLATE_FK FOREIGN KEY (TEMPLATE_ID) REFERENCES METADATA_ELEMENT_PAGE_TEMPLATE (ID) ;
 
  ALTER TABLE UI_FIELD_TEMPLATE_XREF ADD CONSTRAINT TEMPLATE_XREF_UI_FIELD_FK FOREIGN KEY (UI_FIELD_ID) REFERENCES UI_TEMPLATE_FIELDS (UI_FIELD_ID) ;

--  Ref Constraints for Table UI_TEMPLATE_FIELDS
--------------------------------------------------------

  ALTER TABLE UI_TEMPLATE_FIELDS ADD CONSTRAINT TEMPLATE_TYPE_UI_TEMPL_FK FOREIGN KEY (TEMPLATE_TYPE_ID) REFERENCES UI_TEMPLATE_TYPE (TEMPLATE_TYPE_ID) ;

--  Ref Constraints for Table URI_AUTH_LEVEL_GRP_XREF
--------------------------------------------------------

  ALTER TABLE URI_AUTH_LEVEL_GRP_XREF ADD CONSTRAINT URI_AUTH_LEVEL_GRP_FK FOREIGN KEY (AUTH_LEVEL_GROUPING_ID) REFERENCES AUTH_LEVEL_GROUPING (AUTH_LEVEL_GROUPING_ID) ;
 
  ALTER TABLE URI_AUTH_LEVEL_GRP_XREF ADD CONSTRAINT URI_AUTH_LEVEL_URI_FK FOREIGN KEY (URI_PATTERN_ID) REFERENCES URI_PATTERN (URI_PATTERN_ID) ;

--  Ref Constraints for Table URI_PATTERN
--------------------------------------------------------

  ALTER TABLE URI_PATTERN ADD CONSTRAINT URI_PATTERN_CP_FK FOREIGN KEY (CONTENT_PROVIDER_ID) REFERENCES CONTENT_PROVIDER (CONTENT_PROVIDER_ID) ;
 
  ALTER TABLE URI_PATTERN ADD CONSTRAINT URI_PATTERN_RES_FK FOREIGN KEY (RESOURCE_ID) REFERENCES RES (RESOURCE_ID) ;
 
  ALTER TABLE URI_PATTERN ADD CONSTRAINT URI_PATTERN_UI_THEME FOREIGN KEY (UI_THEME_ID) REFERENCES UI_THEME (UI_THEME_ID) ;

--  Ref Constraints for Table URI_PATTERN_META
--------------------------------------------------------

  ALTER TABLE URI_PATTERN_META ADD CONSTRAINT URI_PATTERN_META_META_TYPE_FK FOREIGN KEY (URI_PATTERN_META_TYPE_ID) REFERENCES URI_PATTERN_META_TYPE (URI_PATTERN_META_TYPE_ID) ;
 
  ALTER TABLE URI_PATTERN_META ADD CONSTRAINT URI_PATTERN_META_URI_PATRN_FK FOREIGN KEY (URI_PATTERN_ID) REFERENCES URI_PATTERN (URI_PATTERN_ID) ;

--  Ref Constraints for Table URI_PATTERN_META_VALUE
--------------------------------------------------------

  ALTER TABLE URI_PATTERN_META_VALUE ADD CONSTRAINT URI_PATTERN_META_VALUE_AM_FK FOREIGN KEY (AM_RES_ATTRIBUTE_ID) REFERENCES AUTH_RESOURCE_AM_ATTRIBUTE (AM_RES_ATTRIBUTE_ID) ;
 
  ALTER TABLE URI_PATTERN_META_VALUE ADD CONSTRAINT URI_PATTERN_META_VALUE_META_FK FOREIGN KEY (URI_PATTERN_META_ID) REFERENCES URI_PATTERN_META (URI_PATTERN_META_ID) ;

--  Ref Constraints for Table USERS
--------------------------------------------------------

  ALTER TABLE USERS ADD CONSTRAINT FK_EMPLOYEE_TYPE_METADATA_TYPE FOREIGN KEY (EMPLOYEE_TYPE) REFERENCES METADATA_TYPE (TYPE_ID) ;
 
  ALTER TABLE USERS ADD CONSTRAINT FK_JOB_CODE_METADATA_TYPE FOREIGN KEY (JOB_CODE) REFERENCES METADATA_TYPE (TYPE_ID) ;
 
  ALTER TABLE USERS ADD CONSTRAINT USER_TYPE_FK FOREIGN KEY (TYPE_ID) REFERENCES METADATA_TYPE (TYPE_ID) ;

--  Ref Constraints for Table USER_AFFILIATION
--------------------------------------------------------

  ALTER TABLE USER_AFFILIATION ADD CONSTRAINT FK_USR_ORG_AFFL FOREIGN KEY (COMPANY_ID) REFERENCES COMPANY (COMPANY_ID) ;
 
  ALTER TABLE USER_AFFILIATION ADD CONSTRAINT FK_USR_USER_AFFIL FOREIGN KEY (USER_ID) REFERENCES USERS (USER_ID) ;

--  Ref Constraints for Table USER_ATTACHMENT_REF
--------------------------------------------------------

  ALTER TABLE USER_ATTACHMENT_REF ADD CONSTRAINT FK_USER_ATTACHMENT_REF_USERS FOREIGN KEY (USER_ID) REFERENCES USERS (USER_ID) ;

--  Ref Constraints for Table USER_ATTRIBUTES
--------------------------------------------------------

  ALTER TABLE USER_ATTRIBUTES ADD CONSTRAINT FK_USR_ATTR_ELMT_FK FOREIGN KEY (METADATA_ID) REFERENCES METADATA_ELEMENT (METADATA_ID) ;
 
  ALTER TABLE USER_ATTRIBUTES ADD CONSTRAINT USER_ATTRIBUTES_IBFK_1 FOREIGN KEY (USER_ID) REFERENCES USERS (USER_ID) ;

--  Ref Constraints for Table USER_ATTRIBUTE_VALUES
--------------------------------------------------------

  ALTER TABLE USER_ATTRIBUTE_VALUES ADD CONSTRAINT USER_ATTRIBUTE_VALUES_FK FOREIGN KEY (USER_ATTRIBUTE_ID) REFERENCES USER_ATTRIBUTES (ID) ;

--  Ref Constraints for Table USER_DELEGATION_ATTRIBUTE
--------------------------------------------------------

  ALTER TABLE USER_DELEGATION_ATTRIBUTE ADD CONSTRAINT USER_DELEG_ATTRIBUTE_IBFK_1 FOREIGN KEY (USER_ID) REFERENCES USERS (USER_ID) ;

--  Ref Constraints for Table USER_GRP
--------------------------------------------------------

  ALTER TABLE USER_GRP ADD CONSTRAINT FK_USR_GRP_GPR FOREIGN KEY (GRP_ID) REFERENCES GRP (GRP_ID) ;
 
  ALTER TABLE USER_GRP ADD CONSTRAINT FK_USR_GRP_USR FOREIGN KEY (USER_ID) REFERENCES USERS (USER_ID) ;

--  Ref Constraints for Table USER_IDENTITY_ANS
--------------------------------------------------------

  ALTER TABLE USER_IDENTITY_ANS ADD CONSTRAINT FK_ID_AND_QUEST_FK FOREIGN KEY (IDENTITY_QUESTION_ID) REFERENCES IDENTITY_QUESTION (IDENTITY_QUESTION_ID) ;
 
  ALTER TABLE USER_IDENTITY_ANS ADD CONSTRAINT FK_USER_IDENTITY_ANS_USERS FOREIGN KEY (USER_ID) REFERENCES USERS (USER_ID) ;

--  Ref Constraints for Table USER_KEY
--------------------------------------------------------

  ALTER TABLE USER_KEY ADD CONSTRAINT FK_USER_KEY_USER_ID FOREIGN KEY (USER_ID) REFERENCES USERS (USER_ID) ;

--  Ref Constraints for Table USER_NOTE
--------------------------------------------------------

  ALTER TABLE USER_NOTE ADD CONSTRAINT FK_USER_NOTE_USERS FOREIGN KEY (USER_ID) REFERENCES USERS (USER_ID) ;

--  Ref Constraints for Table USER_ROLE
--------------------------------------------------------

  ALTER TABLE USER_ROLE ADD CONSTRAINT FK_USR_ROLE_ROLE FOREIGN KEY (ROLE_ID) REFERENCES ROLE (ROLE_ID) ;
 
  ALTER TABLE USER_ROLE ADD CONSTRAINT FK_USR_ROLE_USR FOREIGN KEY (USER_ID) REFERENCES USERS (USER_ID) ;


  
delete from LANGUAGE_LOCALE where LANGUAGE_ID='11';
delete from LANGUAGE_MAPPING where LANGUAGE_ID='11';
delete from LANGUAGE_MAPPING where LANGUAGE_ID in ('1','4','2','8','9','10') AND REFERENCE_ID='11' AND REFERENCE_TYPE like 'Language%';
delete from LANGUAGE where ID='11';


insert into LANGUAGE(ID, LANGUAGE,  IS_USED, LANGUAGE_CODE, IS_DEFAULT) VALUES ('11', 'Portugese', 'Y', 'pt', 'N');

insert into LANGUAGE_LOCALE(ID, LANGUAGE_ID,  LOCALE) VALUES ('14', '11', 'pt_PT');



INSERT INTO LANGUAGE_MAPPING (ID,LANGUAGE_ID,REFERENCE_ID,REFERENCE_TYPE,TEXT_VALUE) VALUES ('PT200','11','200','IdentityQuestionEntity.displayNameMap','Quais são os últimos quatro dígitos do seu número de segurança social?');
INSERT INTO LANGUAGE_MAPPING (ID,LANGUAGE_ID,REFERENCE_ID,REFERENCE_TYPE,TEXT_VALUE) VALUES ('PT201','11','201','IdentityQuestionEntity.displayNameMap','Qual é o nome de solteira da sua mãe?');
INSERT INTO LANGUAGE_MAPPING (ID,LANGUAGE_ID,REFERENCE_ID,REFERENCE_TYPE,TEXT_VALUE) VALUES ('PT202','11','202','IdentityQuestionEntity.displayNameMap','Qual a escola que frequentou?');
INSERT INTO LANGUAGE_MAPPING (ID,LANGUAGE_ID,REFERENCE_ID,REFERENCE_TYPE,TEXT_VALUE) VALUES ('PT203','11','203','IdentityQuestionEntity.displayNameMap','Qual é o nome do seu animal de estimação?');
INSERT INTO LANGUAGE_MAPPING (ID,LANGUAGE_ID,REFERENCE_ID,REFERENCE_TYPE,TEXT_VALUE) VALUES ('PT204','11','204','IdentityQuestionEntity.displayNameMap','Qual é o seu alimento favorito?');
INSERT INTO LANGUAGE_MAPPING (ID,LANGUAGE_ID,REFERENCE_ID,REFERENCE_TYPE,TEXT_VALUE) VALUES ('PT205','11','205','IdentityQuestionEntity.displayNameMap','Qual é a sua cor favorita?');
INSERT INTO LANGUAGE_MAPPING (ID,LANGUAGE_ID,REFERENCE_ID,REFERENCE_TYPE,TEXT_VALUE) VALUES ('PT206','11','206','IdentityQuestionEntity.displayNameMap','Em que cidade nasceu?');
INSERT INTO LANGUAGE_MAPPING (ID,LANGUAGE_ID,REFERENCE_ID,REFERENCE_TYPE,TEXT_VALUE) VALUES ('PT207','11','207','IdentityQuestionEntity.displayNameMap','Qual é o seu desporto favorito?');
INSERT INTO LANGUAGE_MAPPING (ID,LANGUAGE_ID,REFERENCE_ID,REFERENCE_TYPE,TEXT_VALUE) VALUES ('PT209','11','209','IdentityQuestionEntity.displayNameMap','Quais são os últimos quatro dígitos da sua carta de condução?');
INSERT INTO LANGUAGE_MAPPING (ID,LANGUAGE_ID,REFERENCE_ID,REFERENCE_TYPE,TEXT_VALUE) VALUES ('PT210','11','210','IdentityQuestionEntity.displayNameMap','Qual é o nome da sua escola favorita?');
INSERT INTO LANGUAGE_MAPPING (ID,LANGUAGE_ID,REFERENCE_ID,REFERENCE_TYPE,TEXT_VALUE) VALUES ('PT211','11','211','IdentityQuestionEntity.displayNameMap','Qual é o nome do seu primeiro animal de estimação?');
INSERT INTO LANGUAGE_MAPPING (ID,LANGUAGE_ID,REFERENCE_ID,REFERENCE_TYPE,TEXT_VALUE) VALUES ('PT212','11','212','IdentityQuestionEntity.displayNameMap','Qual é o nome do seu filme, peça ou música favorita?');
INSERT INTO LANGUAGE_MAPPING (ID,LANGUAGE_ID,REFERENCE_ID,REFERENCE_TYPE,TEXT_VALUE) VALUES ('PT213','11','213','IdentityQuestionEntity.displayNameMap','Qual é o título do seu livro favorito?');
INSERT INTO LANGUAGE_MAPPING (ID,LANGUAGE_ID,REFERENCE_ID,REFERENCE_TYPE,TEXT_VALUE) VALUES ('PT214','11','214','IdentityQuestionEntity.displayNameMap','Qual é o nome do seu primeiro(a) namorado(a)?');
INSERT INTO LANGUAGE_MAPPING (ID,LANGUAGE_ID,REFERENCE_ID,REFERENCE_TYPE,TEXT_VALUE) VALUES ('PT215','11','215','IdentityQuestionEntity.displayNameMap','Qual é o nome do seu preferido professor da escola?');
INSERT INTO LANGUAGE_MAPPING (ID,LANGUAGE_ID,REFERENCE_ID,REFERENCE_TYPE,TEXT_VALUE) VALUES ('PT216','11','216','IdentityQuestionEntity.displayNameMap','Qual é o ano e alcunha do seu primeiro carro (Ano-Nome)?');
INSERT INTO LANGUAGE_MAPPING (ID,LANGUAGE_ID,REFERENCE_ID,REFERENCE_TYPE,TEXT_VALUE) VALUES ('PT217','11','217','IdentityQuestionEntity.displayNameMap','Onde conheceu a sua cara metade?');
INSERT INTO LANGUAGE_MAPPING (ID,LANGUAGE_ID,REFERENCE_ID,REFERENCE_TYPE,TEXT_VALUE) VALUES ('PT218','11','218','IdentityQuestionEntity.displayNameMap','Qual é o tipo e nome do seu primeiro animal de estimação (Tipo-Nome)?');
INSERT INTO LANGUAGE_MAPPING (ID,LANGUAGE_ID,REFERENCE_ID,REFERENCE_TYPE,TEXT_VALUE) VALUES ('PTLanguageEntity1','11','1','LanguageEntity.displayNameMap','Inglês');
INSERT INTO LANGUAGE_MAPPING (ID,LANGUAGE_ID,REFERENCE_ID,REFERENCE_TYPE,TEXT_VALUE) VALUES ('PTLanguageEntity2','11','2','LanguageEntity.displayNameMap','Alemão');
INSERT INTO LANGUAGE_MAPPING (ID,LANGUAGE_ID,REFERENCE_ID,REFERENCE_TYPE,TEXT_VALUE) VALUES ('PTLanguageEntity4','11','4','LanguageEntity.displayNameMap','Espanhol');
INSERT INTO LANGUAGE_MAPPING (ID,LANGUAGE_ID,REFERENCE_ID,REFERENCE_TYPE,TEXT_VALUE) VALUES ('PTLanguageEntity8','11','8','LanguageEntity.displayNameMap','Russo');
INSERT INTO LANGUAGE_MAPPING (ID,LANGUAGE_ID,REFERENCE_ID,REFERENCE_TYPE,TEXT_VALUE) VALUES ('PTLanguageEntity9','11','9','LanguageEntity.displayNameMap','Japonês');
INSERT INTO LANGUAGE_MAPPING (ID,LANGUAGE_ID,REFERENCE_ID,REFERENCE_TYPE,TEXT_VALUE) VALUES ('PTLanguageEntity10','11','10','LanguageEntity.displayNameMap','Chinês');
INSERT INTO LANGUAGE_MAPPING (ID,LANGUAGE_ID,REFERENCE_ID,REFERENCE_TYPE,TEXT_VALUE) VALUES ('PTElementMigrate101','11','101','MetadataElementEntity.languageMap','Exibir Nome');
INSERT INTO LANGUAGE_MAPPING (ID,LANGUAGE_ID,REFERENCE_ID,REFERENCE_TYPE,TEXT_VALUE) VALUES ('PTElementMigrate104','11','104','MetadataElementEntity.languageMap','Idioma Preferido');
INSERT INTO LANGUAGE_MAPPING (ID,LANGUAGE_ID,REFERENCE_ID,REFERENCE_TYPE,TEXT_VALUE) VALUES ('PTElementMigrate105','11','105','MetadataElementEntity.languageMap','Licença do Veículo');
INSERT INTO LANGUAGE_MAPPING (ID,LANGUAGE_ID,REFERENCE_ID,REFERENCE_TYPE,TEXT_VALUE) VALUES ('PTElementMigrate106','11','106','MetadataElementEntity.languageMap','Nome Próprio');
INSERT INTO LANGUAGE_MAPPING (ID,LANGUAGE_ID,REFERENCE_ID,REFERENCE_TYPE,TEXT_VALUE) VALUES ('PTElementMigrate107','11','107','MetadataElementEntity.languageMap','URIEtiquetado');
INSERT INTO LANGUAGE_MAPPING (ID,LANGUAGE_ID,REFERENCE_ID,REFERENCE_TYPE,TEXT_VALUE) VALUES ('PTElementMigrate108','11','108','MetadataElementEntity.languageMap','Iniciais');
INSERT INTO LANGUAGE_MAPPING (ID,LANGUAGE_ID,REFERENCE_ID,REFERENCE_TYPE,TEXT_VALUE) VALUES ('PTElementMigrate110','11','110','MetadataElementEntity.languageMap','Categoria do Negócio');
INSERT INTO LANGUAGE_MAPPING (ID,LANGUAGE_ID,REFERENCE_ID,REFERENCE_TYPE,TEXT_VALUE) VALUES ('PTElementMigrate131','11','131','MetadataElementEntity.languageMap','Exibir Nome');
INSERT INTO LANGUAGE_MAPPING (ID,LANGUAGE_ID,REFERENCE_ID,REFERENCE_TYPE,TEXT_VALUE) VALUES ('PTElementMigrate134','11','134','MetadataElementEntity.languageMap','Idioma Preferido');
INSERT INTO LANGUAGE_MAPPING (ID,LANGUAGE_ID,REFERENCE_ID,REFERENCE_TYPE,TEXT_VALUE) VALUES ('PTElementMigrate135','11','135','MetadataElementEntity.languageMap','Licença do Veículo');
INSERT INTO LANGUAGE_MAPPING (ID,LANGUAGE_ID,REFERENCE_ID,REFERENCE_TYPE,TEXT_VALUE) VALUES ('PTElementMigrate136','11','136','MetadataElementEntity.languageMap','Nome Próprio');
INSERT INTO LANGUAGE_MAPPING (ID,LANGUAGE_ID,REFERENCE_ID,REFERENCE_TYPE,TEXT_VALUE) VALUES ('PTElementMigrate137','11','137','MetadataElementEntity.languageMap','URIEtiquetado');
INSERT INTO LANGUAGE_MAPPING (ID,LANGUAGE_ID,REFERENCE_ID,REFERENCE_TYPE,TEXT_VALUE) VALUES ('PTElementMigrate138','11','138','MetadataElementEntity.languageMap','Iniciais');
INSERT INTO LANGUAGE_MAPPING (ID,LANGUAGE_ID,REFERENCE_ID,REFERENCE_TYPE,TEXT_VALUE) VALUES ('PTElementMigrate140','11','140','MetadataElementEntity.languageMap','Exibir Nome');
INSERT INTO LANGUAGE_MAPPING (ID,LANGUAGE_ID,REFERENCE_ID,REFERENCE_TYPE,TEXT_VALUE) VALUES ('PTElementMigrate150','11','150','MetadataElementEntity.languageMap','Exibir Nome');
INSERT INTO LANGUAGE_MAPPING (ID,LANGUAGE_ID,REFERENCE_ID,REFERENCE_TYPE,TEXT_VALUE) VALUES ('PTElementMigrate160','11','160','MetadataElementEntity.languageMap','Exibir Nome');
INSERT INTO LANGUAGE_MAPPING (ID,LANGUAGE_ID,REFERENCE_ID,REFERENCE_TYPE,TEXT_VALUE) VALUES ('PTElementMigrate260','11','260','MetadataElementEntity.languageMap','Categoria do Negócio');
INSERT INTO LANGUAGE_MAPPING (ID,LANGUAGE_ID,REFERENCE_ID,REFERENCE_TYPE,TEXT_VALUE) VALUES ('PTElementMigrate261','11','261','MetadataElementEntity.languageMap','Data de Início');
INSERT INTO LANGUAGE_MAPPING (ID,LANGUAGE_ID,REFERENCE_ID,REFERENCE_TYPE,TEXT_VALUE) VALUES ('PTElementMigrate262','11','262','MetadataElementEntity.languageMap','Data de Término');
INSERT INTO LANGUAGE_MAPPING (ID,LANGUAGE_ID,REFERENCE_ID,REFERENCE_TYPE,TEXT_VALUE) VALUES ('PTElementMigrate300','11','300','MetadataElementEntity.languageMap','nome');
INSERT INTO LANGUAGE_MAPPING (ID,LANGUAGE_ID,REFERENCE_ID,REFERENCE_TYPE,TEXT_VALUE) VALUES ('PTElementMigrate301','11','301','MetadataElementEntity.languageMap','Nome distinto');
INSERT INTO LANGUAGE_MAPPING (ID,LANGUAGE_ID,REFERENCE_ID,REFERENCE_TYPE,TEXT_VALUE) VALUES ('PTElementMigrate302','11','302','MetadataElementEntity.languageMap','Classe do Objeto');
INSERT INTO LANGUAGE_MAPPING (ID,LANGUAGE_ID,REFERENCE_ID,REFERENCE_TYPE,TEXT_VALUE) VALUES ('PTElementMigrate303','11','303','MetadataElementEntity.languageMap','erro no Nome de Objeto');
INSERT INTO LANGUAGE_MAPPING (ID,LANGUAGE_ID,REFERENCE_ID,REFERENCE_TYPE,TEXT_VALUE) VALUES ('PTElementMigrate304','11','304','MetadataElementEntity.languageMap','cn');
INSERT INTO LANGUAGE_MAPPING (ID,LANGUAGE_ID,REFERENCE_ID,REFERENCE_TYPE,TEXT_VALUE) VALUES ('PTElementMigrate305','11','305','MetadataElementEntity.languageMap','sn');
INSERT INTO LANGUAGE_MAPPING (ID,LANGUAGE_ID,REFERENCE_ID,REFERENCE_TYPE,TEXT_VALUE) VALUES ('PTElementMigrate306','11','306','MetadataElementEntity.languageMap','Número de Série');
INSERT INTO LANGUAGE_MAPPING (ID,LANGUAGE_ID,REFERENCE_ID,REFERENCE_TYPE,TEXT_VALUE) VALUES ('PTElementMigrate307','11','307','MetadataElementEntity.languageMap','c');
INSERT INTO LANGUAGE_MAPPING (ID,LANGUAGE_ID,REFERENCE_ID,REFERENCE_TYPE,TEXT_VALUE) VALUES ('PTElementMigrate308','11','308','MetadataElementEntity.languageMap','l');
INSERT INTO LANGUAGE_MAPPING (ID,LANGUAGE_ID,REFERENCE_ID,REFERENCE_TYPE,TEXT_VALUE) VALUES ('PTElementMigrate309','11','309','MetadataElementEntity.languageMap','st');
INSERT INTO LANGUAGE_MAPPING (ID,LANGUAGE_ID,REFERENCE_ID,REFERENCE_TYPE,TEXT_VALUE) VALUES ('PTElementMigrate310','11','310','MetadataElementEntity.languageMap','rua');
INSERT INTO LANGUAGE_MAPPING (ID,LANGUAGE_ID,REFERENCE_ID,REFERENCE_TYPE,TEXT_VALUE) VALUES ('PTElementMigrate311','11','311','MetadataElementEntity.languageMap','o');
INSERT INTO LANGUAGE_MAPPING (ID,LANGUAGE_ID,REFERENCE_ID,REFERENCE_TYPE,TEXT_VALUE) VALUES ('PTElementMigrate312','11','312','MetadataElementEntity.languageMap','ou');
INSERT INTO LANGUAGE_MAPPING (ID,LANGUAGE_ID,REFERENCE_ID,REFERENCE_TYPE,TEXT_VALUE) VALUES ('PTElementMigrate313','11','313','MetadataElementEntity.languageMap','título');
INSERT INTO LANGUAGE_MAPPING (ID,LANGUAGE_ID,REFERENCE_ID,REFERENCE_TYPE,TEXT_VALUE) VALUES ('PTElementMigrate314','11','314','MetadataElementEntity.languageMap','descrição');
INSERT INTO LANGUAGE_MAPPING (ID,LANGUAGE_ID,REFERENCE_ID,REFERENCE_TYPE,TEXT_VALUE) VALUES ('PTElementMigrate315','11','315','MetadataElementEntity.languageMap','Categoria do negócio');
INSERT INTO LANGUAGE_MAPPING (ID,LANGUAGE_ID,REFERENCE_ID,REFERENCE_TYPE,TEXT_VALUE) VALUES ('PTElementMigrate316','11','316','MetadataElementEntity.languageMap','Endereço postal');
INSERT INTO LANGUAGE_MAPPING (ID,LANGUAGE_ID,REFERENCE_ID,REFERENCE_TYPE,TEXT_VALUE) VALUES ('PTElementMigrate317','11','317','MetadataElementEntity.languageMap','Código postal');
INSERT INTO LANGUAGE_MAPPING (ID,LANGUAGE_ID,REFERENCE_ID,REFERENCE_TYPE,TEXT_VALUE) VALUES ('PTElementMigrate318','11','318','MetadataElementEntity.languageMap','Caixa postal');
INSERT INTO LANGUAGE_MAPPING (ID,LANGUAGE_ID,REFERENCE_ID,REFERENCE_TYPE,TEXT_VALUE) VALUES ('PTElementMigrate319','11','319','MetadataElementEntity.languageMap','Nome físico de escritório de entrega');
INSERT INTO LANGUAGE_MAPPING (ID,LANGUAGE_ID,REFERENCE_ID,REFERENCE_TYPE,TEXT_VALUE) VALUES ('PTElementMigrate320','11','320','MetadataElementEntity.languageMap','Número de telefone');
INSERT INTO LANGUAGE_MAPPING (ID,LANGUAGE_ID,REFERENCE_ID,REFERENCE_TYPE,TEXT_VALUE) VALUES ('PTElementMigrate321','11','321','MetadataElementEntity.languageMap','Número de fax');
INSERT INTO LANGUAGE_MAPPING (ID,LANGUAGE_ID,REFERENCE_ID,REFERENCE_TYPE,TEXT_VALUE) VALUES ('PTElementMigrate322','11','322','MetadataElementEntity.languageMap','Terminal identificador de fax');
INSERT INTO LANGUAGE_MAPPING (ID,LANGUAGE_ID,REFERENCE_ID,REFERENCE_TYPE,TEXT_VALUE) VALUES ('PTElementMigrate323','11','323','MetadataElementEntity.languageMap','Número de telefone de fax');
INSERT INTO LANGUAGE_MAPPING (ID,LANGUAGE_ID,REFERENCE_ID,REFERENCE_TYPE,TEXT_VALUE) VALUES ('PTElementMigrate324','11','324','MetadataElementEntity.languageMap','Endereço x121');
INSERT INTO LANGUAGE_MAPPING (ID,LANGUAGE_ID,REFERENCE_ID,REFERENCE_TYPE,TEXT_VALUE) VALUES ('PTElementMigrate325','11','325','MetadataElementEntity.languageMap','Número internacional iSDN');
INSERT INTO LANGUAGE_MAPPING (ID,LANGUAGE_ID,REFERENCE_ID,REFERENCE_TYPE,TEXT_VALUE) VALUES ('PTElementMigrate326','11','326','MetadataElementEntity.languageMap','Endereço registado');
INSERT INTO LANGUAGE_MAPPING (ID,LANGUAGE_ID,REFERENCE_ID,REFERENCE_TYPE,TEXT_VALUE) VALUES ('PTElementMigrate327','11','327','MetadataElementEntity.languageMap','Indicador de destino');
INSERT INTO LANGUAGE_MAPPING (ID,LANGUAGE_ID,REFERENCE_ID,REFERENCE_TYPE,TEXT_VALUE) VALUES ('PTElementMigrate328','11','328','MetadataElementEntity.languageMap','Metodo de entrega preferido');
INSERT INTO LANGUAGE_MAPPING (ID,LANGUAGE_ID,REFERENCE_ID,REFERENCE_TYPE,TEXT_VALUE) VALUES ('PTElementMigrate329','11','329','MetadataElementEntity.languageMap','Endereço de apresentação');
INSERT INTO LANGUAGE_MAPPING (ID,LANGUAGE_ID,REFERENCE_ID,REFERENCE_TYPE,TEXT_VALUE) VALUES ('PTElementMigrate330','11','330','MetadataElementEntity.languageMap','Contexto de aplicativos suportados');
INSERT INTO LANGUAGE_MAPPING (ID,LANGUAGE_ID,REFERENCE_ID,REFERENCE_TYPE,TEXT_VALUE) VALUES ('PTElementMigrate331','11','331','MetadataElementEntity.languageMap','Membro');
INSERT INTO LANGUAGE_MAPPING (ID,LANGUAGE_ID,REFERENCE_ID,REFERENCE_TYPE,TEXT_VALUE) VALUES ('PTElementMigrate332','11','332','MetadataElementEntity.languageMap','Proprietário');
INSERT INTO LANGUAGE_MAPPING (ID,LANGUAGE_ID,REFERENCE_ID,REFERENCE_TYPE,TEXT_VALUE) VALUES ('PTElementMigrate333','11','333','MetadataElementEntity.languageMap','Papel de ocupante');
INSERT INTO LANGUAGE_MAPPING (ID,LANGUAGE_ID,REFERENCE_ID,REFERENCE_TYPE,TEXT_VALUE) VALUES ('PTElementMigrate334','11','334','MetadataElementEntity.languageMap','Veja também');
INSERT INTO LANGUAGE_MAPPING (ID,LANGUAGE_ID,REFERENCE_ID,REFERENCE_TYPE,TEXT_VALUE) VALUES ('PTElementMigrate335','11','335','MetadataElementEntity.languageMap','Password de utilizador');
INSERT INTO LANGUAGE_MAPPING (ID,LANGUAGE_ID,REFERENCE_ID,REFERENCE_TYPE,TEXT_VALUE) VALUES ('PTElementMigrate336','11','336','MetadataElementEntity.languageMap','Certificado de utilizador');
INSERT INTO LANGUAGE_MAPPING (ID,LANGUAGE_ID,REFERENCE_ID,REFERENCE_TYPE,TEXT_VALUE) VALUES ('PTElementMigrate337','11','337','MetadataElementEntity.languageMap','Certificado cA');
INSERT INTO LANGUAGE_MAPPING (ID,LANGUAGE_ID,REFERENCE_ID,REFERENCE_TYPE,TEXT_VALUE) VALUES ('PTElementMigrate338','11','338','MetadataElementEntity.languageMap','Lista de Revogação de autoridade');
INSERT INTO LANGUAGE_MAPPING (ID,LANGUAGE_ID,REFERENCE_ID,REFERENCE_TYPE,TEXT_VALUE) VALUES ('PTElementMigrate339','11','339','MetadataElementEntity.languageMap','Lista de Certificados Revogados');
INSERT INTO LANGUAGE_MAPPING (ID,LANGUAGE_ID,REFERENCE_ID,REFERENCE_TYPE,TEXT_VALUE) VALUES ('PTElementMigrate340','11','340','MetadataElementEntity.languageMap','Certificado de cedência de pares');
INSERT INTO LANGUAGE_MAPPING (ID,LANGUAGE_ID,REFERENCE_ID,REFERENCE_TYPE,TEXT_VALUE) VALUES ('PTElementMigrate341','11','341','MetadataElementEntity.languageMap','Nome dado');
INSERT INTO LANGUAGE_MAPPING (ID,LANGUAGE_ID,REFERENCE_ID,REFERENCE_TYPE,TEXT_VALUE) VALUES ('PTElementMigrate342','11','342','MetadataElementEntity.languageMap','Iniciais');
INSERT INTO LANGUAGE_MAPPING (ID,LANGUAGE_ID,REFERENCE_ID,REFERENCE_TYPE,TEXT_VALUE) VALUES ('PTElementMigrate343','11','343','MetadataElementEntity.languageMap','Geração de qualificação');
INSERT INTO LANGUAGE_MAPPING (ID,LANGUAGE_ID,REFERENCE_ID,REFERENCE_TYPE,TEXT_VALUE) VALUES ('PTElementMigrate344','11','344','MetadataElementEntity.languageMap','Identificador unico x500');
INSERT INTO LANGUAGE_MAPPING (ID,LANGUAGE_ID,REFERENCE_ID,REFERENCE_TYPE,TEXT_VALUE) VALUES ('PTElementMigrate346','11','346','MetadataElementEntity.languageMap','Membro unico');
INSERT INTO LANGUAGE_MAPPING (ID,LANGUAGE_ID,REFERENCE_ID,REFERENCE_TYPE,TEXT_VALUE) VALUES ('PTElementMigrate347','11','347','MetadataElementEntity.languageMap','Identificador de casa');
INSERT INTO LANGUAGE_MAPPING (ID,LANGUAGE_ID,REFERENCE_ID,REFERENCE_TYPE,TEXT_VALUE) VALUES ('PTElementMigrate348','11','348','MetadataElementEntity.languageMap','uid');
INSERT INTO LANGUAGE_MAPPING (ID,LANGUAGE_ID,REFERENCE_ID,REFERENCE_TYPE,TEXT_VALUE) VALUES ('PTElementMigrate349','11','349','MetadataElementEntity.languageMap','mail');
INSERT INTO LANGUAGE_MAPPING (ID,LANGUAGE_ID,REFERENCE_ID,REFERENCE_TYPE,TEXT_VALUE) VALUES ('PTElementMigrate350','11','350','MetadataElementEntity.languageMap','ref');
INSERT INTO LANGUAGE_MAPPING (ID,LANGUAGE_ID,REFERENCE_ID,REFERENCE_TYPE,TEXT_VALUE) VALUES ('PTElementMigrate351','11','351','MetadataElementEntity.languageMap','Referência');
INSERT INTO LANGUAGE_MAPPING (ID,LANGUAGE_ID,REFERENCE_ID,REFERENCE_TYPE,TEXT_VALUE) VALUES ('PTElementMigrate352','11','352','MetadataElementEntity.languageMap','Nome krb');
INSERT INTO LANGUAGE_MAPPING (ID,LANGUAGE_ID,REFERENCE_ID,REFERENCE_TYPE,TEXT_VALUE) VALUES ('PTElementMigrate401','11','401','MetadataElementEntity.languageMap','SUBMETER_UTILIZADOR_AO_CONECTOR');
INSERT INTO LANGUAGE_MAPPING (ID,LANGUAGE_ID,REFERENCE_ID,REFERENCE_TYPE,TEXT_VALUE) VALUES ('PTElementMigrate402','11','402','MetadataElementEntity.languageMap','INCLUIR_EM_PASSWORD_SINC');
INSERT INTO LANGUAGE_MAPPING (ID,LANGUAGE_ID,REFERENCE_ID,REFERENCE_TYPE,TEXT_VALUE) VALUES ('PTElementMigrate405','11','405','MetadataElementEntity.languageMap','INCLUIR_EM_SINC');
INSERT INTO LANGUAGE_MAPPING (ID,LANGUAGE_ID,REFERENCE_ID,REFERENCE_TYPE,TEXT_VALUE) VALUES ('PTElementMigrate406','11','406','MetadataElementEntity.languageMap','NOME_TABELA');
INSERT INTO LANGUAGE_MAPPING (ID,LANGUAGE_ID,REFERENCE_ID,REFERENCE_TYPE,TEXT_VALUE) VALUES ('PTElementMigrate407','11','407','MetadataElementEntity.languageMap','PERMITIR_MEMBRO_GRUPO');
INSERT INTO LANGUAGE_MAPPING (ID,LANGUAGE_ID,REFERENCE_ID,REFERENCE_TYPE,TEXT_VALUE) VALUES ('PTElementMigrate408','11','408','MetadataElementEntity.languageMap','ON_APAGAR');
INSERT INTO LANGUAGE_MAPPING (ID,LANGUAGE_ID,REFERENCE_ID,REFERENCE_TYPE,TEXT_VALUE) VALUES ('PTElementMigrate409','11','409','MetadataElementEntity.languageMap','PRE_PROCESSO');
INSERT INTO LANGUAGE_MAPPING (ID,LANGUAGE_ID,REFERENCE_ID,REFERENCE_TYPE,TEXT_VALUE) VALUES ('PTElementMigrate410','11','410','MetadataElementEntity.languageMap','POST_PROCESSO');
INSERT INTO LANGUAGE_MAPPING (ID,LANGUAGE_ID,REFERENCE_ID,REFERENCE_TYPE,TEXT_VALUE) VALUES ('PTElementMigrate411','11','411','MetadataElementEntity.languageMap','HOST_URL');
INSERT INTO LANGUAGE_MAPPING (ID,LANGUAGE_ID,REFERENCE_ID,REFERENCE_TYPE,TEXT_VALUE) VALUES ('PTElementMigrate412','11','412','MetadataElementEntity.languageMap','BASE_DN');
INSERT INTO LANGUAGE_MAPPING (ID,LANGUAGE_ID,REFERENCE_ID,REFERENCE_TYPE,TEXT_VALUE) VALUES ('PTElementMigrate413','11','413','MetadataElementEntity.languageMap','HOST_LOGIN ID');
INSERT INTO LANGUAGE_MAPPING (ID,LANGUAGE_ID,REFERENCE_ID,REFERENCE_TYPE,TEXT_VALUE) VALUES ('PTElementMigrate415','11','415','MetadataElementEntity.languageMap','PROTOCOLO_COMUNICAÇÃO');
INSERT INTO LANGUAGE_MAPPING (ID,LANGUAGE_ID,REFERENCE_ID,REFERENCE_TYPE,TEXT_VALUE) VALUES ('PTElementMigrate416','11','416','MetadataElementEntity.languageMap','CLASSIFICAÇÃO_OBJECTO');
INSERT INTO LANGUAGE_MAPPING (ID,LANGUAGE_ID,REFERENCE_ID,REFERENCE_TYPE,TEXT_VALUE) VALUES ('PTElementMigrate418','11','418','MetadataElementEntity.languageMap','PESQUISAR_ATRIBUTO');
INSERT INTO LANGUAGE_MAPPING (ID,LANGUAGE_ID,REFERENCE_ID,REFERENCE_TYPE,TEXT_VALUE) VALUES ('PTElementMigrate419','11','419','MetadataElementEntity.languageMap','GERIR_SYS_ID');
INSERT INTO LANGUAGE_MAPPING (ID,LANGUAGE_ID,REFERENCE_ID,REFERENCE_TYPE,TEXT_VALUE) VALUES ('PTElementMigrate420','11','420','MetadataElementEntity.languageMap','DN_ATRIBUTO');
INSERT INTO LANGUAGE_MAPPING (ID,LANGUAGE_ID,REFERENCE_ID,REFERENCE_TYPE,TEXT_VALUE) VALUES ('PTElementMigrate421','11','421','MetadataElementEntity.languageMap','PASSWORD');
INSERT INTO LANGUAGE_MAPPING (ID,LANGUAGE_ID,REFERENCE_ID,REFERENCE_TYPE,TEXT_VALUE) VALUES ('PTElementMigrate430','11','430','MetadataElementEntity.languageMap','PONTO_FINAL');
INSERT INTO LANGUAGE_MAPPING (ID,LANGUAGE_ID,REFERENCE_ID,REFERENCE_TYPE,TEXT_VALUE) VALUES ('PTElementMigrate440','11','440','MetadataElementEntity.languageMap','NOME_OPERAÇÃO');
INSERT INTO LANGUAGE_MAPPING (ID,LANGUAGE_ID,REFERENCE_ID,REFERENCE_TYPE,TEXT_VALUE) VALUES ('PTElementMigrate450','11','450','MetadataElementEntity.languageMap','URL');
INSERT INTO LANGUAGE_MAPPING (ID,LANGUAGE_ID,REFERENCE_ID,REFERENCE_TYPE,TEXT_VALUE) VALUES ('PTDEFAULT_USER_TYPE','11','DEFAULT_USER','MetadataTypeEntity.displayNameMap','Utilizador por defeito');
INSERT INTO LANGUAGE_MAPPING (ID,LANGUAGE_ID,REFERENCE_ID,REFERENCE_TYPE,TEXT_VALUE) VALUES ('PTINTERNAL_USER_TYPE','11','INTERNAL_USER','MetadataTypeEntity.displayNameMap','Utilizador interno');
INSERT INTO LANGUAGE_MAPPING (ID,LANGUAGE_ID,REFERENCE_ID,REFERENCE_TYPE,TEXT_VALUE) VALUES ('PTMetadataTypeEntity1','11','ACCNT','MetadataTypeEntity.displayNameMap','Conta');
INSERT INTO LANGUAGE_MAPPING (ID,LANGUAGE_ID,REFERENCE_ID,REFERENCE_TYPE,TEXT_VALUE) VALUES ('PTMetadataTypeEntity2','11','ACTIVE','MetadataTypeEntity.displayNameMap','ACTIVO');
INSERT INTO LANGUAGE_MAPPING (ID,LANGUAGE_ID,REFERENCE_ID,REFERENCE_TYPE,TEXT_VALUE) VALUES ('PTMetadataTypeEntity3','11','ADGroup','MetadataTypeEntity.displayNameMap','Adicionar tipo de utilizador');
INSERT INTO LANGUAGE_MAPPING (ID,LANGUAGE_ID,REFERENCE_ID,REFERENCE_TYPE,TEXT_VALUE) VALUES ('PTMetadataTypeEntity4','11','ADMGP','MetadataTypeEntity.displayNameMap','Grupo de administrador');
INSERT INTO LANGUAGE_MAPPING (ID,LANGUAGE_ID,REFERENCE_ID,REFERENCE_TYPE,TEXT_VALUE) VALUES ('PTMetadataTypeEntity5','11','ADMIN','MetadataTypeEntity.displayNameMap','Administrador');
INSERT INTO LANGUAGE_MAPPING (ID,LANGUAGE_ID,REFERENCE_ID,REFERENCE_TYPE,TEXT_VALUE) VALUES ('PTMetadataTypeEntity6','11','ADMIN_RESOURCE','MetadataTypeEntity.displayNameMap','Recurso de administrador');
INSERT INTO LANGUAGE_MAPPING (ID,LANGUAGE_ID,REFERENCE_ID,REFERENCE_TYPE,TEXT_VALUE) VALUES ('PTMetadataTypeEntity7','11','ADUser','MetadataTypeEntity.displayNameMap','Adicionar tipo de utilizador');
INSERT INTO LANGUAGE_MAPPING (ID,LANGUAGE_ID,REFERENCE_ID,REFERENCE_TYPE,TEXT_VALUE) VALUES ('PTMetadataTypeEntity8','11','AD_Connector','MetadataTypeEntity.displayNameMap','Connector de diretório Ativo');
INSERT INTO LANGUAGE_MAPPING (ID,LANGUAGE_ID,REFERENCE_ID,REFERENCE_TYPE,TEXT_VALUE) VALUES ('PTMetadataTypeEntity9','11','AD_GROUP_TYPE','MetadataTypeEntity.displayNameMap','ADICIONAR TIPO DE GRUPO');
INSERT INTO LANGUAGE_MAPPING (ID,LANGUAGE_ID,REFERENCE_ID,REFERENCE_TYPE,TEXT_VALUE) VALUES ('PTMetadataTypeEntity10','11','APPROVAL_DECLINED','MetadataTypeEntity.displayNameMap','APROVAÇÃO_RECUSADA');
INSERT INTO LANGUAGE_MAPPING (ID,LANGUAGE_ID,REFERENCE_ID,REFERENCE_TYPE,TEXT_VALUE) VALUES ('PTMetadataTypeEntity11','11','ATTR','MetadataTypeEntity.displayNameMap','Atributo');
INSERT INTO LANGUAGE_MAPPING (ID,LANGUAGE_ID,REFERENCE_ID,REFERENCE_TYPE,TEXT_VALUE) VALUES ('PTMetadataTypeEntity12','11','AUTHENTICATION_PROVIDER','MetadataTypeEntity.displayNameMap','Provedor de Autenticação');
INSERT INTO LANGUAGE_MAPPING (ID,LANGUAGE_ID,REFERENCE_ID,REFERENCE_TYPE,TEXT_VALUE) VALUES ('PTMetadataTypeEntity13','11','AUTH_REPO','MetadataTypeEntity.displayNameMap','Repositório de autenticação');
INSERT INTO LANGUAGE_MAPPING (ID,LANGUAGE_ID,REFERENCE_ID,REFERENCE_TYPE,TEXT_VALUE) VALUES ('PTMetadataTypeEntity14','11','BL','MetadataTypeEntity.displayNameMap','INACTIVO');
INSERT INTO LANGUAGE_MAPPING (ID,LANGUAGE_ID,REFERENCE_ID,REFERENCE_TYPE,TEXT_VALUE) VALUES ('PTMetadataTypeEntity15','11','CELL_PHONE','MetadataTypeEntity.displayNameMap','Telemovel');
INSERT INTO LANGUAGE_MAPPING (ID,LANGUAGE_ID,REFERENCE_ID,REFERENCE_TYPE,TEXT_VALUE) VALUES ('PTMetadataTypeEntity16','11','CHECKBOX','MetadataTypeEntity.displayNameMap','Caixa de seleção única');
INSERT INTO LANGUAGE_MAPPING (ID,LANGUAGE_ID,REFERENCE_ID,REFERENCE_TYPE,TEXT_VALUE) VALUES ('PTMetadataTypeEntity17','11','CONTENT_PROVIDER','MetadataTypeEntity.displayNameMap','Provedor de Conteúdo');
INSERT INTO LANGUAGE_MAPPING (ID,LANGUAGE_ID,REFERENCE_ID,REFERENCE_TYPE,TEXT_VALUE) VALUES ('PTMetadataTypeEntity18','11','Contractor','MetadataTypeEntity.displayNameMap','Contratado de tipo de usuário');
INSERT INTO LANGUAGE_MAPPING (ID,LANGUAGE_ID,REFERENCE_ID,REFERENCE_TYPE,TEXT_VALUE) VALUES ('PTMetadataTypeEntity19','11','DATE','MetadataTypeEntity.displayNameMap','Campo de data');
INSERT INTO LANGUAGE_MAPPING (ID,LANGUAGE_ID,REFERENCE_ID,REFERENCE_TYPE,TEXT_VALUE) VALUES ('PTMetadataTypeEntity20','11','DEFAULT_GROUP','MetadataTypeEntity.displayNameMap','TIPO DE GRUPO PADRÃO');
INSERT INTO LANGUAGE_MAPPING (ID,LANGUAGE_ID,REFERENCE_ID,REFERENCE_TYPE,TEXT_VALUE) VALUES ('PTMetadataTypeEntity21','11','DELETED','MetadataTypeEntity.displayNameMap','APAGADO');
INSERT INTO LANGUAGE_MAPPING (ID,LANGUAGE_ID,REFERENCE_ID,REFERENCE_TYPE,TEXT_VALUE) VALUES ('PTMetadataTypeEntity22','11','departmentType','MetadataTypeEntity.displayNameMap','Departamento');
INSERT INTO LANGUAGE_MAPPING (ID,LANGUAGE_ID,REFERENCE_ID,REFERENCE_TYPE,TEXT_VALUE) VALUES ('PTMetadataTypeEntity23','11','DIRECTORY','MetadataTypeEntity.displayNameMap','Diretório');
INSERT INTO LANGUAGE_MAPPING (ID,LANGUAGE_ID,REFERENCE_ID,REFERENCE_TYPE,TEXT_VALUE) VALUES ('PTMetadataTypeEntity24','11','DISABLED','MetadataTypeEntity.displayNameMap','INATIVO');
INSERT INTO LANGUAGE_MAPPING (ID,LANGUAGE_ID,REFERENCE_ID,REFERENCE_TYPE,TEXT_VALUE) VALUES ('PTMetadataTypeEntity25','11','divisionType','MetadataTypeEntity.displayNameMap','Divisão');
INSERT INTO LANGUAGE_MAPPING (ID,LANGUAGE_ID,REFERENCE_ID,REFERENCE_TYPE,TEXT_VALUE) VALUES ('PTMetadataTypeEntity26','11','DL','MetadataTypeEntity.displayNameMap','APAGAR');
INSERT INTO LANGUAGE_MAPPING (ID,LANGUAGE_ID,REFERENCE_ID,REFERENCE_TYPE,TEXT_VALUE) VALUES ('PTMetadataTypeEntity27','11','FILE','MetadataTypeEntity.displayNameMap','Ficheiro');
INSERT INTO LANGUAGE_MAPPING (ID,LANGUAGE_ID,REFERENCE_ID,REFERENCE_TYPE,TEXT_VALUE) VALUES ('PTMetadataTypeEntity28','11','GOOGLE_Connector','MetadataTypeEntity.displayNameMap','Conetor de GOOGLE APPS');
INSERT INTO LANGUAGE_MAPPING (ID,LANGUAGE_ID,REFERENCE_ID,REFERENCE_TYPE,TEXT_VALUE) VALUES ('PTMetadataTypeEntity29','11','HOME_ADDRESS','MetadataTypeEntity.displayNameMap','Endereço pessoal');
INSERT INTO LANGUAGE_MAPPING (ID,LANGUAGE_ID,REFERENCE_ID,REFERENCE_TYPE,TEXT_VALUE) VALUES ('PTMetadataTypeEntity30','11','HOME_EMAIL','MetadataTypeEntity.displayNameMap','Email pessoal');
INSERT INTO LANGUAGE_MAPPING (ID,LANGUAGE_ID,REFERENCE_ID,REFERENCE_TYPE,TEXT_VALUE) VALUES ('PTMetadataTypeEntity31','11','HOME_PHONE','MetadataTypeEntity.displayNameMap','Telefone pessoal');
INSERT INTO LANGUAGE_MAPPING (ID,LANGUAGE_ID,REFERENCE_ID,REFERENCE_TYPE,TEXT_VALUE) VALUES ('PTMetadataTypeEntity32','11','INACTIVE','MetadataTypeEntity.displayNameMap','INATIVO');
INSERT INTO LANGUAGE_MAPPING (ID,LANGUAGE_ID,REFERENCE_ID,REFERENCE_TYPE,TEXT_VALUE) VALUES ('PTMetadataTypeEntity33','11','InetOrgPerson','MetadataTypeEntity.displayNameMap','Tipo de utilizador Inet Org Pessoa');
INSERT INTO LANGUAGE_MAPPING (ID,LANGUAGE_ID,REFERENCE_ID,REFERENCE_TYPE,TEXT_VALUE) VALUES ('PTMetadataTypeEntity34','11','KERBEROS_KEYTAB_FILE','MetadataTypeEntity.displayNameMap','Arquivo Kerberos Keytab');
INSERT INTO LANGUAGE_MAPPING (ID,LANGUAGE_ID,REFERENCE_ID,REFERENCE_TYPE,TEXT_VALUE) VALUES ('PTMetadataTypeEntity35','11','KERBEROS_SERVICE_NAME','MetadataTypeEntity.displayNameMap','Kerberos Nome de serviço');
INSERT INTO LANGUAGE_MAPPING (ID,LANGUAGE_ID,REFERENCE_ID,REFERENCE_TYPE,TEXT_VALUE) VALUES ('PTMetadataTypeEntity36','11','LdapOrgPerson','MetadataTypeEntity.displayNameMap','Lda pOrg Pessoa Tipo de utilizador');
INSERT INTO LANGUAGE_MAPPING (ID,LANGUAGE_ID,REFERENCE_ID,REFERENCE_TYPE,TEXT_VALUE) VALUES ('PTMetadataTypeEntity37','11','LDAP_Connector','MetadataTypeEntity.displayNameMap','Conetor LDAP');
INSERT INTO LANGUAGE_MAPPING (ID,LANGUAGE_ID,REFERENCE_ID,REFERENCE_TYPE,TEXT_VALUE) VALUES ('PTMetadataTypeEntity38','11','LDAP_GROUP_TYPE','MetadataTypeEntity.displayNameMap','TIPO DE GRUPO LDAP');
INSERT INTO LANGUAGE_MAPPING (ID,LANGUAGE_ID,REFERENCE_ID,REFERENCE_TYPE,TEXT_VALUE) VALUES ('PTMetadataTypeEntity39','11','LEAVE','MetadataTypeEntity.displayNameMap','DEIXE');
INSERT INTO LANGUAGE_MAPPING (ID,LANGUAGE_ID,REFERENCE_ID,REFERENCE_TYPE,TEXT_VALUE) VALUES ('PTMetadataTypeEntity40','11','LINUX_Connector','MetadataTypeEntity.displayNameMap',' Conetor Linux');
INSERT INTO LANGUAGE_MAPPING (ID,LANGUAGE_ID,REFERENCE_ID,REFERENCE_TYPE,TEXT_VALUE) VALUES ('PTMetadataTypeEntity41','11','LOCKED','MetadataTypeEntity.displayNameMap','BLOQUEADO');
INSERT INTO LANGUAGE_MAPPING (ID,LANGUAGE_ID,REFERENCE_ID,REFERENCE_TYPE,TEXT_VALUE) VALUES ('PTMetadataTypeEntity42','11','LOCKED_ADMIN','MetadataTypeEntity.displayNameMap','ADMINISTRADOR_BLOQUEADO');
INSERT INTO LANGUAGE_MAPPING (ID,LANGUAGE_ID,REFERENCE_ID,REFERENCE_TYPE,TEXT_VALUE) VALUES ('PTMetadataTypeEntity43','11','MANAGED_SYS','MetadataTypeEntity.displayNameMap','Sistema Gerenciado');
INSERT INTO LANGUAGE_MAPPING (ID,LANGUAGE_ID,REFERENCE_ID,REFERENCE_TYPE,TEXT_VALUE) VALUES ('PTMetadataTypeEntity44','11','MANAGER','MetadataTypeEntity.displayNameMap','GESTOR');
INSERT INTO LANGUAGE_MAPPING (ID,LANGUAGE_ID,REFERENCE_ID,REFERENCE_TYPE,TEXT_VALUE) VALUES ('PTMetadataTypeEntity45','11','MENU_ITEM','MetadataTypeEntity.displayNameMap','Tipo de item de menu');
INSERT INTO LANGUAGE_MAPPING (ID,LANGUAGE_ID,REFERENCE_ID,REFERENCE_TYPE,TEXT_VALUE) VALUES ('PTMetadataTypeEntity47','11','NO-PROVISION-APP','MetadataTypeEntity.displayNameMap','Apps Não configurados');
INSERT INTO LANGUAGE_MAPPING (ID,LANGUAGE_ID,REFERENCE_ID,REFERENCE_TYPE,TEXT_VALUE) VALUES ('PTMetadataTypeEntity48','11','OFF-LINE','MetadataTypeEntity.displayNameMap','OFF-LINE');
INSERT INTO LANGUAGE_MAPPING (ID,LANGUAGE_ID,REFERENCE_ID,REFERENCE_TYPE,TEXT_VALUE) VALUES ('PTMetadataTypeEntity49','11','OFFICE_ADDRESS','MetadataTypeEntity.displayNameMap','Endereço de escritório');
INSERT INTO LANGUAGE_MAPPING (ID,LANGUAGE_ID,REFERENCE_ID,REFERENCE_TYPE,TEXT_VALUE) VALUES ('PTMetadataTypeEntity50','11','OFFICE_PHONE','MetadataTypeEntity.displayNameMap','Telefone de escritório');
INSERT INTO LANGUAGE_MAPPING (ID,LANGUAGE_ID,REFERENCE_ID,REFERENCE_TYPE,TEXT_VALUE) VALUES ('PTMetadataTypeEntity51','11','OrgOpenIAM','MetadataTypeEntity.displayNameMap','Abrir IAM');
INSERT INTO LANGUAGE_MAPPING (ID,LANGUAGE_ID,REFERENCE_ID,REFERENCE_TYPE,TEXT_VALUE) VALUES ('PTMetadataTypeEntity52','11','PASSWORD','MetadataTypeEntity.displayNameMap','Campo de Password');
INSERT INTO LANGUAGE_MAPPING (ID,LANGUAGE_ID,REFERENCE_ID,REFERENCE_TYPE,TEXT_VALUE) VALUES ('PTMetadataTypeEntity53','11','PENDING_APPROVAL','MetadataTypeEntity.displayNameMap','APROVAÇÃO_PENDENTE');
INSERT INTO LANGUAGE_MAPPING (ID,LANGUAGE_ID,REFERENCE_ID,REFERENCE_TYPE,TEXT_VALUE) VALUES ('PTMetadataTypeEntity54','11','PENDING_INITIAL_LOGIN','MetadataTypeEntity.displayNameMap','LOGIN_INICIAL_PENDENTE');
INSERT INTO LANGUAGE_MAPPING (ID,LANGUAGE_ID,REFERENCE_ID,REFERENCE_TYPE,TEXT_VALUE) VALUES ('PTMetadataTypeEntity55','11','PENDING_START_DATE','MetadataTypeEntity.displayNameMap','DATA_INICIAL_PENDENTE');
INSERT INTO LANGUAGE_MAPPING (ID,LANGUAGE_ID,REFERENCE_ID,REFERENCE_TYPE,TEXT_VALUE) VALUES ('PTMetadataTypeEntity56','11','PENDING_USER_VALIDATION','MetadataTypeEntity.displayNameMap','VALIDAÇÃO_PENDENTE_UTILIZADOR');
INSERT INTO LANGUAGE_MAPPING (ID,LANGUAGE_ID,REFERENCE_ID,REFERENCE_TYPE,TEXT_VALUE) VALUES ('PTMetadataTypeEntity57','11','PRIMARY_EMAIL','MetadataTypeEntity.displayNameMap','Email pendente');
INSERT INTO LANGUAGE_MAPPING (ID,LANGUAGE_ID,REFERENCE_ID,REFERENCE_TYPE,TEXT_VALUE) VALUES ('PTMetadataTypeEntity58','11','RADIO','MetadataTypeEntity.displayNameMap','Botão de radio');
INSERT INTO LANGUAGE_MAPPING (ID,LANGUAGE_ID,REFERENCE_ID,REFERENCE_TYPE,TEXT_VALUE) VALUES ('PTMetadataTypeEntity59','11','RDBMS_Connector','MetadataTypeEntity.displayNameMap','Conetor de RDBMS');
INSERT INTO LANGUAGE_MAPPING (ID,LANGUAGE_ID,REFERENCE_ID,REFERENCE_TYPE,TEXT_VALUE) VALUES ('PTMetadataTypeEntity60','11','READY','MetadataTypeEntity.displayNameMap','PRONTO');
INSERT INTO LANGUAGE_MAPPING (ID,LANGUAGE_ID,REFERENCE_ID,REFERENCE_TYPE,TEXT_VALUE) VALUES ('PTMetadataTypeEntity61','11','RETIRED','MetadataTypeEntity.displayNameMap','AUSENTE');
INSERT INTO LANGUAGE_MAPPING (ID,LANGUAGE_ID,REFERENCE_ID,REFERENCE_TYPE,TEXT_VALUE) VALUES ('PTMetadataTypeEntity62','11','RJ','MetadataTypeEntity.displayNameMap','REJEITADO');
INSERT INTO LANGUAGE_MAPPING (ID,LANGUAGE_ID,REFERENCE_ID,REFERENCE_TYPE,TEXT_VALUE) VALUES ('PTMetadataTypeEntity63','11','SALES REP','MetadataTypeEntity.displayNameMap','REPRESENTANTE DE VENDAS');
INSERT INTO LANGUAGE_MAPPING (ID,LANGUAGE_ID,REFERENCE_ID,REFERENCE_TYPE,TEXT_VALUE) VALUES ('PTMetadataTypeEntity64','11','SCRIPT_Connector','MetadataTypeEntity.displayNameMap','Conetor de codigo');
INSERT INTO LANGUAGE_MAPPING (ID,LANGUAGE_ID,REFERENCE_ID,REFERENCE_TYPE,TEXT_VALUE) VALUES ('PTMetadataTypeEntity65','11','SECURITY MANAGER','MetadataTypeEntity.displayNameMap','GESTOR DE SEGURANÇA');
INSERT INTO LANGUAGE_MAPPING (ID,LANGUAGE_ID,REFERENCE_ID,REFERENCE_TYPE,TEXT_VALUE) VALUES ('PTMetadataTypeEntity67','11','SERVICE REP','MetadataTypeEntity.displayNameMap','REPRESENTANTE DE SERVIÇO');
INSERT INTO LANGUAGE_MAPPING (ID,LANGUAGE_ID,REFERENCE_ID,REFERENCE_TYPE,TEXT_VALUE) VALUES ('PTMetadataTypeEntity68','11','SOAP_Connector','MetadataTypeEntity.displayNameMap','Conetor SOAP');
INSERT INTO LANGUAGE_MAPPING (ID,LANGUAGE_ID,REFERENCE_ID,REFERENCE_TYPE,TEXT_VALUE) VALUES ('PTMetadataTypeEntity69','11','SYS ACCOUNT','MetadataTypeEntity.displayNameMap','SISTEMA DE CONTAS');
INSERT INTO LANGUAGE_MAPPING (ID,LANGUAGE_ID,REFERENCE_ID,REFERENCE_TYPE,TEXT_VALUE) VALUES ('PTMetadataTypeEntity70','11','SystemAccount','MetadataTypeEntity.displayNameMap','Tipo de sistema de contas');
INSERT INTO LANGUAGE_MAPPING (ID,LANGUAGE_ID,REFERENCE_ID,REFERENCE_TYPE,TEXT_VALUE) VALUES ('PTMetadataTypeEntity71','11','SYS_ACTION','MetadataTypeEntity.displayNameMap','Ações de sistema');
INSERT INTO LANGUAGE_MAPPING (ID,LANGUAGE_ID,REFERENCE_ID,REFERENCE_TYPE,TEXT_VALUE) VALUES ('PTMetadataTypeEntity72','11','TERMINATED','MetadataTypeEntity.displayNameMap','TERMINAL');
INSERT INTO LANGUAGE_MAPPING (ID,LANGUAGE_ID,REFERENCE_ID,REFERENCE_TYPE,TEXT_VALUE) VALUES ('PTMetadataTypeEntity74','11','TEXTAREA','MetadataTypeEntity.displayNameMap','Campo de texto multilinha');
INSERT INTO LANGUAGE_MAPPING (ID,LANGUAGE_ID,REFERENCE_ID,REFERENCE_TYPE,TEXT_VALUE) VALUES ('PTMetadataTypeEntity75','11','UB','MetadataTypeEntity.displayNameMap','UN-INACTIVO');
INSERT INTO LANGUAGE_MAPPING (ID,LANGUAGE_ID,REFERENCE_ID,REFERENCE_TYPE,TEXT_VALUE) VALUES ('PTMetadataTypeEntity76','11','UI_TEMPLATE','MetadataTypeEntity.displayNameMap','UI_TEMPLATE');
INSERT INTO LANGUAGE_MAPPING (ID,LANGUAGE_ID,REFERENCE_ID,REFERENCE_TYPE,TEXT_VALUE) VALUES ('PTMetadataTypeEntity77','11','UI_WIDGET','MetadataTypeEntity.displayNameMap','UI_WIDGET');
INSERT INTO LANGUAGE_MAPPING (ID,LANGUAGE_ID,REFERENCE_ID,REFERENCE_TYPE,TEXT_VALUE) VALUES ('PTMetadataTypeEntity78','11','URL','MetadataTypeEntity.displayNameMap','URL');
INSERT INTO LANGUAGE_MAPPING (ID,LANGUAGE_ID,REFERENCE_ID,REFERENCE_TYPE,TEXT_VALUE) VALUES ('PTMetadataTypeEntity79','11','URL_PATTERN','MetadataTypeEntity.displayNameMap','Url Padrão');
INSERT INTO LANGUAGE_MAPPING (ID,LANGUAGE_ID,REFERENCE_ID,REFERENCE_TYPE,TEXT_VALUE) VALUES ('PTMetadataTypeEntity80','11','WEBSERVICE','MetadataTypeEntity.displayNameMap','Serviço Web');
INSERT INTO LANGUAGE_MAPPING (ID,LANGUAGE_ID,REFERENCE_ID,REFERENCE_TYPE,TEXT_VALUE) VALUES ('PTMetadataTypeEntity81','11','WEBSERVICE_OP','MetadataTypeEntity.displayNameMap','Operação de serviço Web');
INSERT INTO LANGUAGE_MAPPING (ID,LANGUAGE_ID,REFERENCE_ID,REFERENCE_TYPE,TEXT_VALUE) VALUES ('PTMetadataTypeEntity82','11','WORK_EMAIL','MetadataTypeEntity.displayNameMap','Email de trabalho');
INSERT INTO LANGUAGE_MAPPING (ID,LANGUAGE_ID,REFERENCE_ID,REFERENCE_TYPE,TEXT_VALUE) VALUES ('PTMetadataTypeEntityEngl','11','MULTI_SELECT','MetadataTypeEntity.displayNameMap','Lista de MultiSeleção');
INSERT INTO LANGUAGE_MAPPING (ID,LANGUAGE_ID,REFERENCE_ID,REFERENCE_TYPE,TEXT_VALUE) VALUES ('PTMetadataTypeEntityTextEngl','11','TEXT','MetadataTypeEntity.displayNameMap','Campo de texto');
INSERT INTO LANGUAGE_MAPPING (ID,LANGUAGE_ID,REFERENCE_ID,REFERENCE_TYPE,TEXT_VALUE) VALUES ('PTMetadataTypeEntitySelectEngl','11','SELECT','MetadataTypeEntity.displayNameMap','Caixa de combinação');
INSERT INTO LANGUAGE_MAPPING (ID,LANGUAGE_ID,REFERENCE_ID,REFERENCE_TYPE,TEXT_VALUE) VALUES ('PTDIVISION','11','DIVISION','OrganizationTypeEntity.displayNameMap','Divisão');
INSERT INTO LANGUAGE_MAPPING (ID,LANGUAGE_ID,REFERENCE_ID,REFERENCE_TYPE,TEXT_VALUE) VALUES ('PTDEPARTMENT','11','DEPARTMENT','OrganizationTypeEntity.displayNameMap','Departamento');
INSERT INTO LANGUAGE_MAPPING (ID,LANGUAGE_ID,REFERENCE_ID,REFERENCE_TYPE,TEXT_VALUE) VALUES ('PTSUBSIDIARY','11','SUBSIDIARY','OrganizationTypeEntity.displayNameMap','Subsidiario');
INSERT INTO LANGUAGE_MAPPING (ID,LANGUAGE_ID,REFERENCE_ID,REFERENCE_TYPE,TEXT_VALUE) VALUES ('PTORGANIZATION','11','ORGANIZATION','OrganizationTypeEntity.displayNameMap','Organização');
INSERT INTO LANGUAGE_MAPPING (ID,LANGUAGE_ID,REFERENCE_ID,REFERENCE_TYPE,TEXT_VALUE) VALUES ('PTABOUT_DESC','11','ABOUT','ResourceEntity.displayNameMap','Sobre abertura de IAM');
INSERT INTO LANGUAGE_MAPPING (ID,LANGUAGE_ID,REFERENCE_ID,REFERENCE_TYPE,TEXT_VALUE) VALUES ('PTMNGSYS_DSC','11','MNGSYS_NEW','ResourceEntity.displayNameMap','Criar Sistema Gerenciado');
INSERT INTO LANGUAGE_MAPPING (ID,LANGUAGE_ID,REFERENCE_ID,REFERENCE_TYPE,TEXT_VALUE) VALUES ('PTMNGSYS_DESC','11','MNGSYS_MENU_ITEM','ResourceEntity.displayNameMap','Sistemas gerenciados');
INSERT INTO LANGUAGE_MAPPING (ID,LANGUAGE_ID,REFERENCE_ID,REFERENCE_TYPE,TEXT_VALUE) VALUES ('PTNEW_ORG_DESC','11','NEW_ORG','ResourceEntity.displayNameMap','Criar Nova Organização');
INSERT INTO LANGUAGE_MAPPING (ID,LANGUAGE_ID,REFERENCE_ID,REFERENCE_TYPE,TEXT_VALUE) VALUES ('PTSYNCLOG_DESC','11','SYNCLOG_MENU_ITEM','ResourceEntity.displayNameMap','Transação Visualizador de Log Sincronização');
INSERT INTO LANGUAGE_MAPPING (ID,LANGUAGE_ID,REFERENCE_ID,REFERENCE_TYPE,TEXT_VALUE) VALUES ('PTUI_THEMES_DN','11','UI_THEMES','ResourceEntity.displayNameMap','Temas UI');
INSERT INTO LANGUAGE_MAPPING (ID,LANGUAGE_ID,REFERENCE_ID,REFERENCE_TYPE,TEXT_VALUE) VALUES ('PTBULK_OPS_DESC','11','BULK_OPS','ResourceEntity.displayNameMap','Operações em massa de utilizador');
INSERT INTO LANGUAGE_MAPPING (ID,LANGUAGE_ID,REFERENCE_ID,REFERENCE_TYPE,TEXT_VALUE) VALUES ('PTEDIT_ORG_DESC','11','EDIT_ORG','ResourceEntity.displayNameMap','Editar organização');
INSERT INTO LANGUAGE_MAPPING (ID,LANGUAGE_ID,REFERENCE_ID,REFERENCE_TYPE,TEXT_VALUE) VALUES ('PTNEW_ROLE_DESC','11','NEW_ROLE','ResourceEntity.displayNameMap','Criar nova função');
INSERT INTO LANGUAGE_MAPPING (ID,LANGUAGE_ID,REFERENCE_ID,REFERENCE_TYPE,TEXT_VALUE) VALUES ('PTNEW_USER_DESC','11','NEW_USER','ResourceEntity.displayNameMap','Criar novo utilizador');
INSERT INTO LANGUAGE_MAPPING (ID,LANGUAGE_ID,REFERENCE_ID,REFERENCE_TYPE,TEXT_VALUE) VALUES ('PTRES_TYPE_DESC','11','RES_TYPE_ITEM','ResourceEntity.displayNameMap','Tipo de recurso');
INSERT INTO LANGUAGE_MAPPING (ID,LANGUAGE_ID,REFERENCE_ID,REFERENCE_TYPE,TEXT_VALUE) VALUES ('PTSS_GRP_ENT_DN','11','SS_GRP_ENT','ResourceEntity.displayNameMap','Direitos');
INSERT INTO LANGUAGE_MAPPING (ID,LANGUAGE_ID,REFERENCE_ID,REFERENCE_TYPE,TEXT_VALUE) VALUES ('PTSS_RES_ENT_DN','11','SS_RES_ENT','ResourceEntity.displayNameMap','Direitos');
INSERT INTO LANGUAGE_MAPPING (ID,LANGUAGE_ID,REFERENCE_ID,REFERENCE_TYPE,TEXT_VALUE) VALUES ('PTSYNCUSER_DESC','11','SYNCUSER_MENU_ITEM','ResourceEntity.displayNameMap','Sincronização');
INSERT INTO LANGUAGE_MAPPING (ID,LANGUAGE_ID,REFERENCE_ID,REFERENCE_TYPE,TEXT_VALUE) VALUES ('PTEDIT_ROLE_DESC','11','EDIT_ROLE','ResourceEntity.displayNameMap','Editar função');
INSERT INTO LANGUAGE_MAPPING (ID,LANGUAGE_ID,REFERENCE_ID,REFERENCE_TYPE,TEXT_VALUE) VALUES ('PTLANGUAGE_EDIT1','11','LANGUAGE_EDIT','ResourceEntity.displayNameMap','Novo idioma');
INSERT INTO LANGUAGE_MAPPING (ID,LANGUAGE_ID,REFERENCE_ID,REFERENCE_TYPE,TEXT_VALUE) VALUES ('PTMETA_EDIT_DESC','11','META_EDIT','ResourceEntity.displayNameMap','Novos metadados');
INSERT INTO LANGUAGE_MAPPING (ID,LANGUAGE_ID,REFERENCE_ID,REFERENCE_TYPE,TEXT_VALUE) VALUES ('PTNEW_GROUP_DESC','11','NEW_GROUP','ResourceEntity.displayNameMap','Criar um novo grupo');
INSERT INTO LANGUAGE_MAPPING (ID,LANGUAGE_ID,REFERENCE_ID,REFERENCE_TYPE,TEXT_VALUE) VALUES ('PTSS_ROLE_ENT_DN','11','SS_ROLE_ENT','ResourceEntity.displayNameMap','Direitos');
INSERT INTO LANGUAGE_MAPPING (ID,LANGUAGE_ID,REFERENCE_ID,REFERENCE_TYPE,TEXT_VALUE) VALUES ('PTUSER_MENU_DESC','11','USER','ResourceEntity.displayNameMap','Utilizadores');
INSERT INTO LANGUAGE_MAPPING (ID,LANGUAGE_ID,REFERENCE_ID,REFERENCE_TYPE,TEXT_VALUE) VALUES ('PTVIEW_MENU_DESC','11','VIEW','ResourceEntity.displayNameMap','Ver ficheiros');
INSERT INTO LANGUAGE_MAPPING (ID,LANGUAGE_ID,REFERENCE_ID,REFERENCE_TYPE,TEXT_VALUE) VALUES ('PTAM_PROV_NEW_DSC','11','AM_PROV_NEW','ResourceEntity.displayNameMap','Criar Nova Fornecedor');
INSERT INTO LANGUAGE_MAPPING (ID,LANGUAGE_ID,REFERENCE_ID,REFERENCE_TYPE,TEXT_VALUE) VALUES ('PTBACK_TO_CP_DESC','11','BACK_TO_CP','ResourceEntity.displayNameMap','Voltar ao Provedor de Conteúdo');
INSERT INTO LANGUAGE_MAPPING (ID,LANGUAGE_ID,REFERENCE_ID,REFERENCE_TYPE,TEXT_VALUE) VALUES ('PTEDIT_GROUP_DESC','11','EDIT_GROUP','ResourceEntity.displayNameMap','Editar grupo');
INSERT INTO LANGUAGE_MAPPING (ID,LANGUAGE_ID,REFERENCE_ID,REFERENCE_TYPE,TEXT_VALUE) VALUES ('PTLANGUAGE_ADMIN1','11','LANGUAGE_ADMIN','ResourceEntity.displayNameMap','Idiomas');
INSERT INTO LANGUAGE_MAPPING (ID,LANGUAGE_ID,REFERENCE_ID,REFERENCE_TYPE,TEXT_VALUE) VALUES ('PTMENUS_SEARCH_DC','11','MENUS_SEARCH','ResourceEntity.displayNameMap','Menus');
INSERT INTO LANGUAGE_MAPPING (ID,LANGUAGE_ID,REFERENCE_ID,REFERENCE_TYPE,TEXT_VALUE) VALUES ('PTMETA_ADMIN_DESC','11','META_ADMIN','ResourceEntity.displayNameMap','Elementos de dados');
INSERT INTO LANGUAGE_MAPPING (ID,LANGUAGE_ID,REFERENCE_ID,REFERENCE_TYPE,TEXT_VALUE) VALUES ('PTNEW_UI_THEME_DN','11','NEW_UI_THEME','ResourceEntity.displayNameMap','Novo tema UI');
INSERT INTO LANGUAGE_MAPPING (ID,LANGUAGE_ID,REFERENCE_ID,REFERENCE_TYPE,TEXT_VALUE) VALUES ('PTORG_SEARCH_DESC','11','ORG_SEARCH','ResourceEntity.displayNameMap','Pesquisa de organização');
INSERT INTO LANGUAGE_MAPPING (ID,LANGUAGE_ID,REFERENCE_ID,REFERENCE_TYPE,TEXT_VALUE) VALUES ('PTRES_ENT_SUB_DIS','11','RES_ENT_SUB','ResourceEntity.displayNameMap','Direitos');
INSERT INTO LANGUAGE_MAPPING (ID,LANGUAGE_ID,REFERENCE_ID,REFERENCE_TYPE,TEXT_VALUE) VALUES ('PTROLE_MENUS_DESC','11','ROLE_MENUS','ResourceEntity.displayNameMap','Menus');
INSERT INTO LANGUAGE_MAPPING (ID,LANGUAGE_ID,REFERENCE_ID,REFERENCE_TYPE,TEXT_VALUE) VALUES ('PTUSER_MENUS_DESC','11','USER_MENUS','ResourceEntity.displayNameMap','Menus');
INSERT INTO LANGUAGE_MAPPING (ID,LANGUAGE_ID,REFERENCE_ID,REFERENCE_TYPE,TEXT_VALUE) VALUES ('PTWEB_REPORT_DESC','11','WEB_REPORT','ResourceEntity.displayNameMap','Reportar');
INSERT INTO LANGUAGE_MAPPING (ID,LANGUAGE_ID,REFERENCE_ID,REFERENCE_TYPE,TEXT_VALUE) VALUES ('PTCR_RES_DISP_NAME','11','CREATE_RESOURCE_MENU','ResourceEntity.displayNameMap','Criar novo recurso');
INSERT INTO LANGUAGE_MAPPING (ID,LANGUAGE_ID,REFERENCE_ID,REFERENCE_TYPE,TEXT_VALUE) VALUES ('PTGROUP_MENUS_DESC','11','GROUP_MENUS','ResourceEntity.displayNameMap','Menus');
INSERT INTO LANGUAGE_MAPPING (ID,LANGUAGE_ID,REFERENCE_ID,REFERENCE_TYPE,TEXT_VALUE) VALUES ('PTIDM_MENU_DISPLAY','11','IDM','ResourceEntity.displayNameMap','Identidade');
INSERT INTO LANGUAGE_MAPPING (ID,LANGUAGE_ID,REFERENCE_ID,REFERENCE_TYPE,TEXT_VALUE) VALUES ('PTLANGUAGE_SEARCH1','11','LANGUAGE_SEARCH','ResourceEntity.displayNameMap','Idiomas');
INSERT INTO LANGUAGE_MAPPING (ID,LANGUAGE_ID,REFERENCE_ID,REFERENCE_TYPE,TEXT_VALUE) VALUES ('PTMANUALRECON_DESC','11','MANUALRECON','ResourceEntity.displayNameMap','Reconciliação manual');
INSERT INTO LANGUAGE_MAPPING (ID,LANGUAGE_ID,REFERENCE_ID,REFERENCE_TYPE,TEXT_VALUE) VALUES ('PTMETA_SEARCH_DESC','11','META_SEARCH','ResourceEntity.displayNameMap','Procura de dados');
INSERT INTO LANGUAGE_MAPPING (ID,LANGUAGE_ID,REFERENCE_ID,REFERENCE_TYPE,TEXT_VALUE) VALUES ('PTMNGSYS_EDIT_DESC','11','MNGSYS_EDIT','ResourceEntity.displayNameMap','Edite sistema gerenciado');
INSERT INTO LANGUAGE_MAPPING (ID,LANGUAGE_ID,REFERENCE_ID,REFERENCE_TYPE,TEXT_VALUE) VALUES ('PTORG_MENU_DISPLAY','11','ORG','ResourceEntity.displayNameMap','Organização');
INSERT INTO LANGUAGE_MAPPING (ID,LANGUAGE_ID,REFERENCE_ID,REFERENCE_TYPE,TEXT_VALUE) VALUES ('PTPOLICY_MENU_DESC','11','PASSWORD_POLICY','ResourceEntity.displayNameMap','Política de senha');
INSERT INTO LANGUAGE_MAPPING (ID,LANGUAGE_ID,REFERENCE_ID,REFERENCE_TYPE,TEXT_VALUE) VALUES ('PTPROVCONNECT_DESC','11','PROVCONNECT_MENU_ITEM','ResourceEntity.displayNameMap','Provisionamento de conectores');
INSERT INTO LANGUAGE_MAPPING (ID,LANGUAGE_ID,REFERENCE_ID,REFERENCE_TYPE,TEXT_VALUE) VALUES ('PTROLE_SEARCH_DESC','11','ROLE_SEARCH','ResourceEntity.displayNameMap','Função de pesquisa');
INSERT INTO LANGUAGE_MAPPING (ID,LANGUAGE_ID,REFERENCE_ID,REFERENCE_TYPE,TEXT_VALUE) VALUES ('PTSUP_SUB_PAGE_DIS','11','SUP_SUB_PAGE','ResourceEntity.displayNameMap','Superiores '||'&'||' subordinados');
INSERT INTO LANGUAGE_MAPPING (ID,LANGUAGE_ID,REFERENCE_ID,REFERENCE_TYPE,TEXT_VALUE) VALUES ('PTUI_THEME_EDIT_DN','11','UI_THEME_EDIT','ResourceEntity.displayNameMap','Edição de tema UI');
INSERT INTO LANGUAGE_MAPPING (ID,LANGUAGE_ID,REFERENCE_ID,REFERENCE_TYPE,TEXT_VALUE) VALUES ('PTUI_THEME_ROOT_DN','11','UI_THEME_ROOT','ResourceEntity.displayNameMap','Caminho de tema UI');
INSERT INTO LANGUAGE_MAPPING (ID,LANGUAGE_ID,REFERENCE_ID,REFERENCE_TYPE,TEXT_VALUE) VALUES ('PTUSER_SEARCH_DESC','11','USER_SEARCH','ResourceEntity.displayNameMap','Pesquisa de utilizador');
INSERT INTO LANGUAGE_MAPPING (ID,LANGUAGE_ID,REFERENCE_ID,REFERENCE_TYPE,TEXT_VALUE) VALUES ('PTAM_PROV_EDIT_DESC','11','AM_PROV_EDIT','ResourceEntity.displayNameMap','Menu de edição de autenticação de provedor');
INSERT INTO LANGUAGE_MAPPING (ID,LANGUAGE_ID,REFERENCE_ID,REFERENCE_TYPE,TEXT_VALUE) VALUES ('PTAM_PROV_ROOT_DESC','11','AM_PROV_ROOT','ResourceEntity.displayNameMap','Caminho de enu de autenticação de provedor');
INSERT INTO LANGUAGE_MAPPING (ID,LANGUAGE_ID,REFERENCE_ID,REFERENCE_TYPE,TEXT_VALUE) VALUES ('PTASSOC_POLICY_DESC','11','ASSOC_POLICY','ResourceEntity.displayNameMap','Política associada');
INSERT INTO LANGUAGE_MAPPING (ID,LANGUAGE_ID,REFERENCE_ID,REFERENCE_TYPE,TEXT_VALUE) VALUES ('PTAUTH_LEVEL_GRP_DN','11','AUTH_LEVEL_GRP','ResourceEntity.displayNameMap','Autenticação de grupos');
INSERT INTO LANGUAGE_MAPPING (ID,LANGUAGE_ID,REFERENCE_ID,REFERENCE_TYPE,TEXT_VALUE) VALUES ('PTEDIT_RESOURCE_DIS','11','EDIT_RESOURCE','ResourceEntity.displayNameMap','Editar recursos');
INSERT INTO LANGUAGE_MAPPING (ID,LANGUAGE_ID,REFERENCE_ID,REFERENCE_TYPE,TEXT_VALUE) VALUES ('PTGROUP_SEARCH_DESC','11','GROUP_SEARCH','ResourceEntity.displayNameMap','Pesquisa de grupos');
INSERT INTO LANGUAGE_MAPPING (ID,LANGUAGE_ID,REFERENCE_ID,REFERENCE_TYPE,TEXT_VALUE) VALUES ('PTNEW_ORG_TYPE_DESC','11','NEW_ORG_TYPE','ResourceEntity.displayNameMap','Novo Tipo de Organização');
INSERT INTO LANGUAGE_MAPPING (ID,LANGUAGE_ID,REFERENCE_ID,REFERENCE_TYPE,TEXT_VALUE) VALUES ('PTRES_TYPE_NEW_DESC','11','RES_TYPE_NEW','ResourceEntity.displayNameMap','Novo Tipo de Organização');
INSERT INTO LANGUAGE_MAPPING (ID,LANGUAGE_ID,REFERENCE_ID,REFERENCE_TYPE,TEXT_VALUE) VALUES ('PTSYNCUSER_NEW_DESC','11','SYNCUSER_NEW','ResourceEntity.displayNameMap','Criar sincronização');
INSERT INTO LANGUAGE_MAPPING (ID,LANGUAGE_ID,REFERENCE_ID,REFERENCE_TYPE,TEXT_VALUE) VALUES ('PTUSER_HISTORY_DESC','11','USER_HISTORY','ResourceEntity.displayNameMap','Historia de utilizador');
INSERT INTO LANGUAGE_MAPPING (ID,LANGUAGE_ID,REFERENCE_ID,REFERENCE_TYPE,TEXT_VALUE) VALUES ('PTADMIN_MENU_DISPLAY','11','ADMIN','ResourceEntity.displayNameMap','Administração');
INSERT INTO LANGUAGE_MAPPING (ID,LANGUAGE_ID,REFERENCE_ID,REFERENCE_TYPE,TEXT_VALUE) VALUES ('PTEDIT_ORG_TYPE_DESC','11','EDIT_ORG_TYPE','ResourceEntity.displayNameMap','Edit Organization Type');
INSERT INTO LANGUAGE_MAPPING (ID,LANGUAGE_ID,REFERENCE_ID,REFERENCE_TYPE,TEXT_VALUE) VALUES ('PTIDMAN_MENU_DISPLAY','11','IDMAN','ResourceEntity.displayNameMap','usuário de administração');
INSERT INTO LANGUAGE_MAPPING (ID,LANGUAGE_ID,REFERENCE_ID,REFERENCE_TYPE,TEXT_VALUE) VALUES ('PTPROV_CONNECTOR_DSC','11','PROV_CONNECTOR_NEW','ResourceEntity.displayNameMap','Criar nova Conexão');
INSERT INTO LANGUAGE_MAPPING (ID,LANGUAGE_ID,REFERENCE_ID,REFERENCE_TYPE,TEXT_VALUE) VALUES ('PTSELFSERVICE_EXT_DN','11','SELFSERVICE_EXT','ResourceEntity.displayNameMap','Caminho de Extensão de Serviço');
INSERT INTO LANGUAGE_MAPPING (ID,LANGUAGE_ID,REFERENCE_ID,REFERENCE_TYPE,TEXT_VALUE) VALUES ('PTSELFSRV_EXAMPLE_DN','11','SELFSRV_EXAMPLE','ResourceEntity.displayNameMap','Exemplo');
INSERT INTO LANGUAGE_MAPPING (ID,LANGUAGE_ID,REFERENCE_ID,REFERENCE_TYPE,TEXT_VALUE) VALUES ('PTSELFSRV_RES_NEW_DN','11','SELFSRV_RES_NEW','ResourceEntity.displayNameMap','Criar um novo recurso');
INSERT INTO LANGUAGE_MAPPING (ID,LANGUAGE_ID,REFERENCE_ID,REFERENCE_TYPE,TEXT_VALUE) VALUES ('PTSYNCLOG_ADMIN_DESC','11','SYNCLOG','ResourceEntity.displayNameMap','Visualizador de Log');
INSERT INTO LANGUAGE_MAPPING (ID,LANGUAGE_ID,REFERENCE_ID,REFERENCE_TYPE,TEXT_VALUE) VALUES ('PTSYNCUSER_EDIT_DESC','11','SYNCUSER_EDIT','ResourceEntity.displayNameMap','Editar Sincronização');
INSERT INTO LANGUAGE_MAPPING (ID,LANGUAGE_ID,REFERENCE_ID,REFERENCE_TYPE,TEXT_VALUE) VALUES ('PTURI_META_BACK_DESC','11','URI_META_BACK','ResourceEntity.displayNameMap','Voltar ao Padrão');
INSERT INTO LANGUAGE_MAPPING (ID,LANGUAGE_ID,REFERENCE_ID,REFERENCE_TYPE,TEXT_VALUE) VALUES ('PTURI_META_EDIT_DESC','11','URI_META_EDIT','ResourceEntity.displayNameMap','Item de caminho de dados URI');
INSERT INTO LANGUAGE_MAPPING (ID,LANGUAGE_ID,REFERENCE_ID,REFERENCE_TYPE,TEXT_VALUE) VALUES ('PTUSER_IDENTITY_DESC','11','USER_IDENTITY','ResourceEntity.displayNameMap','Identidades do utilizador');
INSERT INTO LANGUAGE_MAPPING (ID,LANGUAGE_ID,REFERENCE_ID,REFERENCE_TYPE,TEXT_VALUE) VALUES ('PTWEB_REPORT_NEW_DSC','11','WEB_REPORT_NEW','ResourceEntity.displayNameMap','Criar novo relatório');
INSERT INTO LANGUAGE_MAPPING (ID,LANGUAGE_ID,REFERENCE_ID,REFERENCE_TYPE,TEXT_VALUE) VALUES ('PTAM_PROV_SEARCH_DESC','11','AM_PROV_SEARCH','ResourceEntity.displayNameMap','Provedores de Pesquisa');
INSERT INTO LANGUAGE_MAPPING (ID,LANGUAGE_ID,REFERENCE_ID,REFERENCE_TYPE,TEXT_VALUE) VALUES ('PTBACK_TO_AUTH_LVL_DN','11','BACK_TO_AUTH_LVL','ResourceEntity.displayNameMap','Voltar ao Agrupamento');
INSERT INTO LANGUAGE_MAPPING (ID,LANGUAGE_ID,REFERENCE_ID,REFERENCE_TYPE,TEXT_VALUE) VALUES ('PTDIR_LOOKUP_PAGE_DIS','11','DIR_LOOKUP_PAGE','ResourceEntity.displayNameMap','Diretório de pesquisa');
INSERT INTO LANGUAGE_MAPPING (ID,LANGUAGE_ID,REFERENCE_ID,REFERENCE_TYPE,TEXT_VALUE) VALUES ('PTEN_ACTIVE_USER_DESC','11','ACTIVE_USER','ResourceEntity.displayNameMap','Ativo');
INSERT INTO LANGUAGE_MAPPING (ID,LANGUAGE_ID,REFERENCE_ID,REFERENCE_TYPE,TEXT_VALUE) VALUES ('PTEN_ENABLE_USER_DESC','11','ENABLE_USER','ResourceEntity.displayNameMap','Disponivel');
INSERT INTO LANGUAGE_MAPPING (ID,LANGUAGE_ID,REFERENCE_ID,REFERENCE_TYPE,TEXT_VALUE) VALUES ('PTEN_PROFILE_PIC_DESC','11','PROFILE_PIC','ResourceEntity.displayNameMap','Edite a sua imagem de perfil');
INSERT INTO LANGUAGE_MAPPING (ID,LANGUAGE_ID,REFERENCE_ID,REFERENCE_TYPE,TEXT_VALUE) VALUES ('PTEN_REMOVE_USER_DESC','11','REMOVE_USER','ResourceEntity.displayNameMap','Apagar');
INSERT INTO LANGUAGE_MAPPING (ID,LANGUAGE_ID,REFERENCE_ID,REFERENCE_TYPE,TEXT_VALUE) VALUES ('PTGROUP_IDENTITY_DESC','11','GROUP_IDENTITY','ResourceEntity.displayNameMap','Identidades');
INSERT INTO LANGUAGE_MAPPING (ID,LANGUAGE_ID,REFERENCE_ID,REFERENCE_TYPE,TEXT_VALUE) VALUES ('PTMETA_TYPE_EDIT_DESC','11','META_TYPE_EDIT','ResourceEntity.displayNameMap','Novo tipo de metadados');
INSERT INTO LANGUAGE_MAPPING (ID,LANGUAGE_ID,REFERENCE_ID,REFERENCE_TYPE,TEXT_VALUE) VALUES ('PTMNGSYS_MENU_DISPLAY','11','MNGSYS','ResourceEntity.displayNameMap','Sistema Gerenciado');
INSERT INTO LANGUAGE_MAPPING (ID,LANGUAGE_ID,REFERENCE_ID,REFERENCE_TYPE,TEXT_VALUE) VALUES ('PTMNG_SYS_VIEWER_DESC','11','MNG_SYS_VIEWER','ResourceEntity.displayNameMap','Gerir sistema de visualização');
INSERT INTO LANGUAGE_MAPPING (ID,LANGUAGE_ID,REFERENCE_ID,REFERENCE_TYPE,TEXT_VALUE) VALUES ('PTNEW_AUTH_LVL_GRP_DN','11','NEW_AUTH_LVL_GRP','ResourceEntity.displayNameMap','Criar Novo Agrupamento');
INSERT INTO LANGUAGE_MAPPING (ID,LANGUAGE_ID,REFERENCE_ID,REFERENCE_TYPE,TEXT_VALUE) VALUES ('PTNEW_BATCH_TASK_DESC','11','NEW_BATCH_TASK','ResourceEntity.displayNameMap','Nova tarefa em lote');
INSERT INTO LANGUAGE_MAPPING (ID,LANGUAGE_ID,REFERENCE_ID,REFERENCE_TYPE,TEXT_VALUE) VALUES ('PTORG_MEMBERSHIP_DESC','11','ORG_MEMBERSHIP','ResourceEntity.displayNameMap','Organização de afiliação');
INSERT INTO LANGUAGE_MAPPING (ID,LANGUAGE_ID,REFERENCE_ID,REFERENCE_TYPE,TEXT_VALUE) VALUES ('PTREPORT_MENU_DISPLAY','11','REPORT','ResourceEntity.displayNameMap','Gerir relatorios');
INSERT INTO LANGUAGE_MAPPING (ID,LANGUAGE_ID,REFERENCE_ID,REFERENCE_TYPE,TEXT_VALUE) VALUES ('PTROLE_EDIT_MENU_DESC','11','ROLE_EDIT_MENU','ResourceEntity.displayNameMap','Editar função de caminho de menu');
INSERT INTO LANGUAGE_MAPPING (ID,LANGUAGE_ID,REFERENCE_ID,REFERENCE_TYPE,TEXT_VALUE) VALUES ('PTROLE_ROOT_MENU_DESC','11','ROLE_ROOT_MENU','ResourceEntity.displayNameMap','Função de caminho de menu');
INSERT INTO LANGUAGE_MAPPING (ID,LANGUAGE_ID,REFERENCE_ID,REFERENCE_TYPE,TEXT_VALUE) VALUES ('PTSELFSERV_GRP_NEW_DN','11','SELFSERV_GRP_NEW','ResourceEntity.displayNameMap','Criar novo grupo');
INSERT INTO LANGUAGE_MAPPING (ID,LANGUAGE_ID,REFERENCE_ID,REFERENCE_TYPE,TEXT_VALUE) VALUES ('PTSELFSRV_RES_EDIT_DN','11','SELFSRV_RES_EDIT','ResourceEntity.displayNameMap','Editar recursos');
INSERT INTO LANGUAGE_MAPPING (ID,LANGUAGE_ID,REFERENCE_ID,REFERENCE_TYPE,TEXT_VALUE) VALUES ('PTSS_USR_EDIT_RT_DESC','11','SELFSERV_USER_EDIT_ROOT','ResourceEntity.displayNameMap','Editar caminho de utilizador');
INSERT INTO LANGUAGE_MAPPING (ID,LANGUAGE_ID,REFERENCE_ID,REFERENCE_TYPE,TEXT_VALUE) VALUES ('PTSUBSCRIBE_MENU_DESC','11','SUBSCRIBE','ResourceEntity.displayNameMap','Subscrever');
INSERT INTO LANGUAGE_MAPPING (ID,LANGUAGE_ID,REFERENCE_ID,REFERENCE_TYPE,TEXT_VALUE) VALUES ('PTUSER_EDIT_INFO_DESC','11','USER_EDIT_INFO','ResourceEntity.displayNameMap','Informação de utilizador');
INSERT INTO LANGUAGE_MAPPING (ID,LANGUAGE_ID,REFERENCE_ID,REFERENCE_TYPE,TEXT_VALUE) VALUES ('PTUSER_EDIT_MENU_DESC','11','USER_EDIT_MENU','ResourceEntity.displayNameMap','Caminho de utilizador de edição de menu');
INSERT INTO LANGUAGE_MAPPING (ID,LANGUAGE_ID,REFERENCE_ID,REFERENCE_TYPE,TEXT_VALUE) VALUES ('PTUSER_ROOT_MENU_DESC','11','USER_ROOT_MENU','ResourceEntity.displayNameMap','Caminho de menu de utilizador');
INSERT INTO LANGUAGE_MAPPING (ID,LANGUAGE_ID,REFERENCE_ID,REFERENCE_TYPE,TEXT_VALUE) VALUES ('PTABOUT_ROOT_MENU_DESC','11','ABOUT_ROOT_MENU','ResourceEntity.displayNameMap','Sobre abrir IAM');
INSERT INTO LANGUAGE_MAPPING (ID,LANGUAGE_ID,REFERENCE_ID,REFERENCE_TYPE,TEXT_VALUE) VALUES ('PTAM_PROV_AM_ATTR_DESC','11','AM_PROV_AM_ATTR','ResourceEntity.displayNameMap','Requerer atributos');
INSERT INTO LANGUAGE_MAPPING (ID,LANGUAGE_ID,REFERENCE_ID,REFERENCE_TYPE,TEXT_VALUE) VALUES ('PTAUTH_LVL_GRP_ATTR_DN','11','AUTH_LVL_GRP_ATTR','ResourceEntity.displayNameMap','Caminho de atributo do nível de autenticação');
INSERT INTO LANGUAGE_MAPPING (ID,LANGUAGE_ID,REFERENCE_ID,REFERENCE_TYPE,TEXT_VALUE) VALUES ('PTBATCH_TASK_EDIT_DESC','11','BATCH_TASK_EDIT','ResourceEntity.displayNameMap','Editar lote de tarefas');
INSERT INTO LANGUAGE_MAPPING (ID,LANGUAGE_ID,REFERENCE_ID,REFERENCE_TYPE,TEXT_VALUE) VALUES ('PTBATCH_TASK_ROOT_DESC','11','BATCH_TASK_ROOT','ResourceEntity.displayNameMap','Editar lote de tarefas');
INSERT INTO LANGUAGE_MAPPING (ID,LANGUAGE_ID,REFERENCE_ID,REFERENCE_TYPE,TEXT_VALUE) VALUES ('PTCONF_POLICY_PAGE_DIS','11','CONF_POLICY_PAGE','ResourceEntity.displayNameMap','Configurar Política de IT');
INSERT INTO LANGUAGE_MAPPING (ID,LANGUAGE_ID,REFERENCE_ID,REFERENCE_TYPE,TEXT_VALUE) VALUES ('PTCONTENT_PROV_NEW_DSC','11','CONTENT_PROV_NEW','ResourceEntity.displayNameMap','Criar novo provedor');
INSERT INTO LANGUAGE_MAPPING (ID,LANGUAGE_ID,REFERENCE_ID,REFERENCE_TYPE,TEXT_VALUE) VALUES ('PTCUSTOM_FIELD_NEW_DSC','11','CUSTOM_FIELD_NEW','ResourceEntity.displayNameMap','Criar novo campo personalizado');
INSERT INTO LANGUAGE_MAPPING (ID,LANGUAGE_ID,REFERENCE_ID,REFERENCE_TYPE,TEXT_VALUE) VALUES ('PTEDIT_BATCH_TASK_DESC','11','EDIT_BATCH_TASK','ResourceEntity.displayNameMap','Editar lote de tarefas');
INSERT INTO LANGUAGE_MAPPING (ID,LANGUAGE_ID,REFERENCE_ID,REFERENCE_TYPE,TEXT_VALUE) VALUES ('PTEN_DISABLE_USER_DESC','11','DISABLE_USER','ResourceEntity.displayNameMap','Desativar');
INSERT INTO LANGUAGE_MAPPING (ID,LANGUAGE_ID,REFERENCE_ID,REFERENCE_TYPE,TEXT_VALUE) VALUES ('PTEN_ORG_IDENTITY_DESC','11','ORG_IDENTITY','ResourceEntity.displayNameMap','Identidades');
INSERT INTO LANGUAGE_MAPPING (ID,LANGUAGE_ID,REFERENCE_ID,REFERENCE_TYPE,TEXT_VALUE) VALUES ('PTGROUP_EDIT_MENU_DESC','11','GROUP_EDIT_MENU','ResourceEntity.displayNameMap','Editar caminho de menu de grupo');
INSERT INTO LANGUAGE_MAPPING (ID,LANGUAGE_ID,REFERENCE_ID,REFERENCE_TYPE,TEXT_VALUE) VALUES ('PTGROUP_ROOT_MENU_DESC','11','GROUP_ROOT_MENU','ResourceEntity.displayNameMap','Caminho de menu de grupo');
INSERT INTO LANGUAGE_MAPPING (ID,LANGUAGE_ID,REFERENCE_ID,REFERENCE_TYPE,TEXT_VALUE) VALUES ('PTGRP_APROVER_ASSOC_DN','11','GRP_APROVER_ASSOC','ResourceEntity.displayNameMap','Aprovação de Associações');
INSERT INTO LANGUAGE_MAPPING (ID,LANGUAGE_ID,REFERENCE_ID,REFERENCE_TYPE,TEXT_VALUE) VALUES ('PTIDQUEST_MENU_DISPLAY','11','IDQUEST','ResourceEntity.displayNameMap','Resposta de desafio');
INSERT INTO LANGUAGE_MAPPING (ID,LANGUAGE_ID,REFERENCE_ID,REFERENCE_TYPE,TEXT_VALUE) VALUES ('PTMETA_TYPE_ADMIN_DESC','11','META_TYPE_ADMIN','ResourceEntity.displayNameMap','Tipo de dados');
INSERT INTO LANGUAGE_MAPPING (ID,LANGUAGE_ID,REFERENCE_ID,REFERENCE_TYPE,TEXT_VALUE) VALUES ('PTNEWUSER_MENU_DISPLAY','11','NEWUSER','ResourceEntity.displayNameMap','Novo utilizador');
INSERT INTO LANGUAGE_MAPPING (ID,LANGUAGE_ID,REFERENCE_ID,REFERENCE_TYPE,TEXT_VALUE) VALUES ('PTNEW_POLICY_ATTR_DESC','11','NEW_POLICY_ATTR','ResourceEntity.displayNameMap','Nova Política de Atributo');
INSERT INTO LANGUAGE_MAPPING (ID,LANGUAGE_ID,REFERENCE_ID,REFERENCE_TYPE,TEXT_VALUE) VALUES ('PTORG_APROVER_ASSOC_DN','11','ORG_APROVER_ASSOC','ResourceEntity.displayNameMap','Aprovação de Associações');
INSERT INTO LANGUAGE_MAPPING (ID,LANGUAGE_ID,REFERENCE_ID,REFERENCE_TYPE,TEXT_VALUE) VALUES ('PTORG_TYPE_SEARCH_DESC','11','ORG_TYPE_SEARCH','ResourceEntity.displayNameMap','Pesquisar tipos de organização');
INSERT INTO LANGUAGE_MAPPING (ID,LANGUAGE_ID,REFERENCE_ID,REFERENCE_TYPE,TEXT_VALUE) VALUES ('PTPROFILE_MENU_DISPLAY','11','PROFILE','ResourceEntity.displayNameMap','Edite seu Perfil');
INSERT INTO LANGUAGE_MAPPING (ID,LANGUAGE_ID,REFERENCE_ID,REFERENCE_TYPE,TEXT_VALUE) VALUES ('PTRES_APROVER_ASSOC_DN','11','RES_APROVER_ASSOC','ResourceEntity.displayNameMap','Aprovação de Associações');
INSERT INTO LANGUAGE_MAPPING (ID,LANGUAGE_ID,REFERENCE_ID,REFERENCE_TYPE,TEXT_VALUE) VALUES ('PTSELFSERVICE_ROLES_DN','11','SELFSERVICE_ROLES','ResourceEntity.displayNameMap','Regras');
INSERT INTO LANGUAGE_MAPPING (ID,LANGUAGE_ID,REFERENCE_ID,REFERENCE_TYPE,TEXT_VALUE) VALUES ('PTSELFSERV_GRP_EDIT_DN','11','SELFSERV_GRP_EDIT','ResourceEntity.displayNameMap','Editar Grupo');
INSERT INTO LANGUAGE_MAPPING (ID,LANGUAGE_ID,REFERENCE_ID,REFERENCE_TYPE,TEXT_VALUE) VALUES ('PTSELFSERV_ROLE_NEW_DN','11','SELFSERV_ROLE_NEW','ResourceEntity.displayNameMap','Criar nova função');
INSERT INTO LANGUAGE_MAPPING (ID,LANGUAGE_ID,REFERENCE_ID,REFERENCE_TYPE,TEXT_VALUE) VALUES ('PTSELFSRV_ROLE_EDIT_DN','11','SELFSRV_ROLE_EDIT','ResourceEntity.displayNameMap','Editar regra');
INSERT INTO LANGUAGE_MAPPING (ID,LANGUAGE_ID,REFERENCE_ID,REFERENCE_TYPE,TEXT_VALUE) VALUES ('PTSYNCUSER_REVIEW_DESC','11','SYNCUSER_REVIEW','ResourceEntity.displayNameMap','Revisão de sincronização');
INSERT INTO LANGUAGE_MAPPING (ID,LANGUAGE_ID,REFERENCE_ID,REFERENCE_TYPE,TEXT_VALUE) VALUES ('PTUSER_ATTRIBUTES_DESC','11','USER_ATTRIBUTES','ResourceEntity.displayNameMap','Atributos do utilizador');
INSERT INTO LANGUAGE_MAPPING (ID,LANGUAGE_ID,REFERENCE_ID,REFERENCE_TYPE,TEXT_VALUE) VALUES ('PTUSER_DELEGATION_DESC','11','USER_DELEGATION','ResourceEntity.displayNameMap','Filtro d edelegação de utilizador');
INSERT INTO LANGUAGE_MAPPING (ID,LANGUAGE_ID,REFERENCE_ID,REFERENCE_TYPE,TEXT_VALUE) VALUES ('PTWEB_REPORT_ROOT_DESC','11','WEB_REPORT_ROOT','ResourceEntity.displayNameMap','Relatório Menu de Base');
INSERT INTO LANGUAGE_MAPPING (ID,LANGUAGE_ID,REFERENCE_ID,REFERENCE_TYPE,TEXT_VALUE) VALUES ('PTATTRIBUTE_POLICY_DESC','11','ATTRIBUTE_POLICY','ResourceEntity.displayNameMap','Atributo de política');
INSERT INTO LANGUAGE_MAPPING (ID,LANGUAGE_ID,REFERENCE_ID,REFERENCE_TYPE,TEXT_VALUE) VALUES ('PTCHNGPSWD_MENU_DISPLAY','11','CHNGPSWD','ResourceEntity.displayNameMap','Alterar Password');
INSERT INTO LANGUAGE_MAPPING (ID,LANGUAGE_ID,REFERENCE_ID,REFERENCE_TYPE,TEXT_VALUE) VALUES ('PTEN_RESET_ACCOUNT_DESC','11','RESET_ACCOUNT','ResourceEntity.displayNameMap','Apagar conta');
INSERT INTO LANGUAGE_MAPPING (ID,LANGUAGE_ID,REFERENCE_ID,REFERENCE_TYPE,TEXT_VALUE) VALUES ('PTLOCATION_MENU_DISPLAY','11','LOCATION','ResourceEntity.displayNameMap','Localização');
INSERT INTO LANGUAGE_MAPPING (ID,LANGUAGE_ID,REFERENCE_ID,REFERENCE_TYPE,TEXT_VALUE) VALUES ('PTMETADATA_MENU_DISPLAY','11','METADATA','ResourceEntity.displayNameMap','Metadados');
INSERT INTO LANGUAGE_MAPPING (ID,LANGUAGE_ID,REFERENCE_ID,REFERENCE_TYPE,TEXT_VALUE) VALUES ('PTMETA_TYPE_SEARCH_DESC','11','META_TYPE_SEARCH','ResourceEntity.displayNameMap','Pesquisa de tipo metadados');
INSERT INTO LANGUAGE_MAPPING (ID,LANGUAGE_ID,REFERENCE_ID,REFERENCE_TYPE,TEXT_VALUE) VALUES ('PTPAGE_TEMPLATE_NEW_DSC','11','PAGE_TEMPLATE_NEW','ResourceEntity.displayNameMap','Criar novo modelo');
INSERT INTO LANGUAGE_MAPPING (ID,LANGUAGE_ID,REFERENCE_ID,REFERENCE_TYPE,TEXT_VALUE) VALUES ('PTPOLICY_ATTR_ROOT_DESC','11','POLICY_ATTR_ROOT','ResourceEntity.displayNameMap','Caminho de menu de atributo de politica');
INSERT INTO LANGUAGE_MAPPING (ID,LANGUAGE_ID,REFERENCE_ID,REFERENCE_TYPE,TEXT_VALUE) VALUES ('PTPOLICY_ROOT_MENU_DESC','11','PASSWORD_POLICY_ROOT_MENU','ResourceEntity.displayNameMap','Caminho de menu de password de politica');
INSERT INTO LANGUAGE_MAPPING (ID,LANGUAGE_ID,REFERENCE_ID,REFERENCE_TYPE,TEXT_VALUE) VALUES ('PTREQINBOX_MENU_DISPLAY','11','REQINBOX','ResourceEntity.displayNameMap','In-Box');
INSERT INTO LANGUAGE_MAPPING (ID,LANGUAGE_ID,REFERENCE_ID,REFERENCE_TYPE,TEXT_VALUE) VALUES ('PTREQUEST_APPROVAL_DESC','11','REQUEST_APPROVAL','ResourceEntity.displayNameMap','Requerer aprovação');
INSERT INTO LANGUAGE_MAPPING (ID,LANGUAGE_ID,REFERENCE_ID,REFERENCE_TYPE,TEXT_VALUE) VALUES ('PTROLE_APROVER_ASSOC_DN','11','ROLE_APROVER_ASSOC','ResourceEntity.displayNameMap','Aprovação de associações');
INSERT INTO LANGUAGE_MAPPING (ID,LANGUAGE_ID,REFERENCE_ID,REFERENCE_TYPE,TEXT_VALUE) VALUES ('PTSEARCH_BATCH_NEW_DESC','11','SEARCH_BATCH_NEW','ResourceEntity.displayNameMap','Pesquisa de lote de tarefas');
INSERT INTO LANGUAGE_MAPPING (ID,LANGUAGE_ID,REFERENCE_ID,REFERENCE_TYPE,TEXT_VALUE) VALUES ('PTSELFSERVICE_GROUPS_DN','11','SELFSERVICE_GROUPS','ResourceEntity.displayNameMap','Grupos');
INSERT INTO LANGUAGE_MAPPING (ID,LANGUAGE_ID,REFERENCE_ID,REFERENCE_TYPE,TEXT_VALUE) VALUES ('PTSS_ACCESS_REVIEW_DESC','11','SELFSERV_ACCESS_REVIEW','ResourceEntity.displayNameMap','Revisão de acesso');
INSERT INTO LANGUAGE_MAPPING (ID,LANGUAGE_ID,REFERENCE_ID,REFERENCE_TYPE,TEXT_VALUE) VALUES ('PTSS_ORG_BACK_SEARCH_DN','11','SS_ORG_BACK_SEARCH','ResourceEntity.displayNameMap','Voltar à procura');
INSERT INTO LANGUAGE_MAPPING (ID,LANGUAGE_ID,REFERENCE_ID,REFERENCE_TYPE,TEXT_VALUE) VALUES ('PTSYNCUSER_MENU_DISPLAY','11','SYNCUSER','ResourceEntity.displayNameMap','Sincronização');
INSERT INTO LANGUAGE_MAPPING (ID,LANGUAGE_ID,REFERENCE_ID,REFERENCE_TYPE,TEXT_VALUE) VALUES ('PTUI_THEME_BACK_SRCH_DN','11','UI_THEME_BACK_SRCH','ResourceEntity.displayNameMap','Voltar à procura');
INSERT INTO LANGUAGE_MAPPING (ID,LANGUAGE_ID,REFERENCE_ID,REFERENCE_TYPE,TEXT_VALUE) VALUES ('PTUI_THEME_ROOT_SRCH_DN','11','UI_THEME_ROOT_SRCH','ResourceEntity.displayNameMap','Procura de temas UIs');
INSERT INTO LANGUAGE_MAPPING (ID,LANGUAGE_ID,REFERENCE_ID,REFERENCE_TYPE,TEXT_VALUE) VALUES ('PTURI_PATTERN_EDIT_DESC','11','URI_PATTERN_EDIT','ResourceEntity.displayNameMap','Editar menu padrão URI');
INSERT INTO LANGUAGE_MAPPING (ID,LANGUAGE_ID,REFERENCE_ID,REFERENCE_TYPE,TEXT_VALUE) VALUES ('PTADMIN_BATCH_TASKS_DESC','11','ADMIN_BATCH_TASKS','ResourceEntity.displayNameMap','Lote de tarefas');
INSERT INTO LANGUAGE_MAPPING (ID,LANGUAGE_ID,REFERENCE_ID,REFERENCE_TYPE,TEXT_VALUE) VALUES ('PTAUDIT_RPT_MENU_DISPLAY','11','AUDIT_RPT','ResourceEntity.displayNameMap','Relatório de Auditoria');
INSERT INTO LANGUAGE_MAPPING (ID,LANGUAGE_ID,REFERENCE_ID,REFERENCE_TYPE,TEXT_VALUE) VALUES ('PTCHALLENGE_MENU_DISPLAY','11','CHALLENGE','ResourceEntity.displayNameMap','Desafio da busca');
INSERT INTO LANGUAGE_MAPPING (ID,LANGUAGE_ID,REFERENCE_ID,REFERENCE_TYPE,TEXT_VALUE) VALUES ('PTCONTENT_PROV_EDIT_DESC','11','CONTENT_PROV_EDIT','ResourceEntity.displayNameMap','Menu de edição de Provedor de Conteúdo');
INSERT INTO LANGUAGE_MAPPING (ID,LANGUAGE_ID,REFERENCE_ID,REFERENCE_TYPE,TEXT_VALUE) VALUES ('PTCONTENT_PROV_ROOT_DESC','11','CONTENT_PROV_ROOT','ResourceEntity.displayNameMap','Caminho de menu de conteudo de conteudo');
INSERT INTO LANGUAGE_MAPPING (ID,LANGUAGE_ID,REFERENCE_ID,REFERENCE_TYPE,TEXT_VALUE) VALUES ('PTCREATEREQ_MENU_DISPLAY','11','CREATEREQ','ResourceEntity.displayNameMap','Criar pedido');
INSERT INTO LANGUAGE_MAPPING (ID,LANGUAGE_ID,REFERENCE_ID,REFERENCE_TYPE,TEXT_VALUE) VALUES ('PTCUSTOM_FIELD_EDIT_DESC','11','CUSTOM_FIELD_EDIT','ResourceEntity.displayNameMap','Campo Personalizado Menu Editar');
INSERT INTO LANGUAGE_MAPPING (ID,LANGUAGE_ID,REFERENCE_ID,REFERENCE_TYPE,TEXT_VALUE) VALUES ('PTCUSTOM_FIELD_ROOT_DESC','11','CUSTOM_FIELD_ROOT','ResourceEntity.displayNameMap','Caminho de campo de menu personalizado');
INSERT INTO LANGUAGE_MAPPING (ID,LANGUAGE_ID,REFERENCE_ID,REFERENCE_TYPE,TEXT_VALUE) VALUES ('PTDIRECTORY_MENU_DISPLAY','11','DIRECTORY','ResourceEntity.displayNameMap','Diretório de pesquisa');
INSERT INTO LANGUAGE_MAPPING (ID,LANGUAGE_ID,REFERENCE_ID,REFERENCE_TYPE,TEXT_VALUE) VALUES ('PTEN_USER_INFO_PAGE_DESC','11','USER_INFO_PAGE','ResourceEntity.displayNameMap','Informações de pagina de utilizador');
INSERT INTO LANGUAGE_MAPPING (ID,LANGUAGE_ID,REFERENCE_ID,REFERENCE_TYPE,TEXT_VALUE) VALUES ('PTMANAGEREQ_MENU_DISPLAY','11','MANAGEREQ','ResourceEntity.displayNameMap','Pedir Histórico');
INSERT INTO LANGUAGE_MAPPING (ID,LANGUAGE_ID,REFERENCE_ID,REFERENCE_TYPE,TEXT_VALUE) VALUES ('PTROLE_ENTITLEMENTS_DESC','11','ROLE_ENTITLEMENTS','ResourceEntity.displayNameMap','Direitos de Função');
INSERT INTO LANGUAGE_MAPPING (ID,LANGUAGE_ID,REFERENCE_ID,REFERENCE_TYPE,TEXT_VALUE) VALUES ('PTSEARCH_BATCH_EDIT_DESC','11','SEARCH_BATCH_EDIT','ResourceEntity.displayNameMap','Pesquisa de lote de tarefas');
INSERT INTO LANGUAGE_MAPPING (ID,LANGUAGE_ID,REFERENCE_ID,REFERENCE_TYPE,TEXT_VALUE) VALUES ('PTSELFSERVE_SUP_SUB_DESC','11','SELFSERVE_SUP_SUB','ResourceEntity.displayNameMap','Superiores '||'&'||' Subordinados');
INSERT INTO LANGUAGE_MAPPING (ID,LANGUAGE_ID,REFERENCE_ID,REFERENCE_TYPE,TEXT_VALUE) VALUES ('PTSELF_SUB_ORGS_NEW_DESC','11','SELF_SUB_ORGS_NEW','ResourceEntity.displayNameMap','Nova organização');
INSERT INTO LANGUAGE_MAPPING (ID,LANGUAGE_ID,REFERENCE_ID,REFERENCE_TYPE,TEXT_VALUE) VALUES ('PTUSER_BULK_MENU_DISPLAY','11','USER_BULK','ResourceEntity.displayNameMap','Operações em massa de utilizador');
INSERT INTO LANGUAGE_MAPPING (ID,LANGUAGE_ID,REFERENCE_ID,REFERENCE_TYPE,TEXT_VALUE) VALUES ('PTUSER_ENTITLEMENTS_DESC','11','USER_ENTITLEMENTS','ResourceEntity.displayNameMap','Direitos de utilizador');
INSERT INTO LANGUAGE_MAPPING (ID,LANGUAGE_ID,REFERENCE_ID,REFERENCE_TYPE,TEXT_VALUE) VALUES ('PTBATCH_PROC_MENU_DISPLAY','11','BATCH_PROC','ResourceEntity.displayNameMap','Lote de processos');
INSERT INTO LANGUAGE_MAPPING (ID,LANGUAGE_ID,REFERENCE_ID,REFERENCE_TYPE,TEXT_VALUE) VALUES ('PTEN_DEACTIVATE_USER_DESC','11','DEACTIVATE_USER','ResourceEntity.displayNameMap','Desativar');
INSERT INTO LANGUAGE_MAPPING (ID,LANGUAGE_ID,REFERENCE_ID,REFERENCE_TYPE,TEXT_VALUE) VALUES ('PTGROUP_ENTITLEMENTS_DESC','11','GROUP_ENTITLEMENTS','ResourceEntity.displayNameMap','Direitos do grupo');
INSERT INTO LANGUAGE_MAPPING (ID,LANGUAGE_ID,REFERENCE_ID,REFERENCE_TYPE,TEXT_VALUE) VALUES ('PTPAGE_TEMPLATE_EDIT_DESC','11','PAGE_TEMPLATE_EDIT','ResourceEntity.displayNameMap','Modelo de pagina de menu editar');
INSERT INTO LANGUAGE_MAPPING (ID,LANGUAGE_ID,REFERENCE_ID,REFERENCE_TYPE,TEXT_VALUE) VALUES ('PTPAGE_TEMPLATE_ROOT_DESC','11','PAGE_TEMPLATE_ROOT','ResourceEntity.displayNameMap','Modelo de pagina de caminho de menu');
INSERT INTO LANGUAGE_MAPPING (ID,LANGUAGE_ID,REFERENCE_ID,REFERENCE_TYPE,TEXT_VALUE) VALUES ('PTRESSUMMARY_MENU_DISPLAY','11','RESSUMMARY','ResourceEntity.displayNameMap','Detalhes de recursos');
INSERT INTO LANGUAGE_MAPPING (ID,LANGUAGE_ID,REFERENCE_ID,REFERENCE_TYPE,TEXT_VALUE) VALUES ('PTSELFCENTER_MENU_DISPLAY','11','SELFCENTER','ResourceEntity.displayNameMap','Próprio Centro de Serviços');
INSERT INTO LANGUAGE_MAPPING (ID,LANGUAGE_ID,REFERENCE_ID,REFERENCE_TYPE,TEXT_VALUE) VALUES ('PTSELFSERVICE_MYAPPS_DESC','11','SELFSERVICE_MYAPPS','ResourceEntity.displayNameMap','Minhas aplicações');
INSERT INTO LANGUAGE_MAPPING (ID,LANGUAGE_ID,REFERENCE_ID,REFERENCE_TYPE,TEXT_VALUE) VALUES ('PTSELFSERVICE_MYINFO_DESC','11','SELFSERVICE_MYINFO','ResourceEntity.displayNameMap','Minha informação');
INSERT INTO LANGUAGE_MAPPING (ID,LANGUAGE_ID,REFERENCE_ID,REFERENCE_TYPE,TEXT_VALUE) VALUES ('PTSELFSERVICE_REPORT_DESC','11','SELFSERVICE_REPORT','ResourceEntity.displayNameMap','Relatório');
INSERT INTO LANGUAGE_MAPPING (ID,LANGUAGE_ID,REFERENCE_ID,REFERENCE_TYPE,TEXT_VALUE) VALUES ('PTSELFSERV_USER_EDIT_DESC','11','SELFSERV_USER_EDIT','ResourceEntity.displayNameMap','Editar Utilizador');
INSERT INTO LANGUAGE_MAPPING (ID,LANGUAGE_ID,REFERENCE_ID,REFERENCE_TYPE,TEXT_VALUE) VALUES ('PTSELFSER_USER_LOGIN_DESC','11','SELFSER_USER_LOGIN','ResourceEntity.displayNameMap','Identidades');
INSERT INTO LANGUAGE_MAPPING (ID,LANGUAGE_ID,REFERENCE_ID,REFERENCE_TYPE,TEXT_VALUE) VALUES ('PTSELF_REPORT_VIEWER_DESC','11','SELF_REPORT_VIEWER','ResourceEntity.displayNameMap','Visualizador de Relatórios');
INSERT INTO LANGUAGE_MAPPING (ID,LANGUAGE_ID,REFERENCE_ID,REFERENCE_TYPE,TEXT_VALUE) VALUES ('PTSELF_SUB_ORGS_EDIT_DESC','11','SELF_SUB_ORGS_EDIT','ResourceEntity.displayNameMap','Editar Organização');
INSERT INTO LANGUAGE_MAPPING (ID,LANGUAGE_ID,REFERENCE_ID,REFERENCE_TYPE,TEXT_VALUE) VALUES ('PTSELF_SUB_REPORT_NEW_DSC','11','SELF_SUB_REPORT_NEW','ResourceEntity.displayNameMap','Assinar Relatorio');
INSERT INTO LANGUAGE_MAPPING (ID,LANGUAGE_ID,REFERENCE_ID,REFERENCE_TYPE,TEXT_VALUE) VALUES ('PTSYNCUSER_POLICYMAP_DESC','11','SYNCUSER_POLICYMAP','ResourceEntity.displayNameMap','Política de mapa');
INSERT INTO LANGUAGE_MAPPING (ID,LANGUAGE_ID,REFERENCE_ID,REFERENCE_TYPE,TEXT_VALUE) VALUES ('PTUI_THEME_EDIT_MODIFY_DN','11','UI_THEME_EDIT_MODIFY','ResourceEntity.displayNameMap','Editar tema UI');
INSERT INTO LANGUAGE_MAPPING (ID,LANGUAGE_ID,REFERENCE_ID,REFERENCE_TYPE,TEXT_VALUE) VALUES ('PTACC_CONTROL_MENU_DISPLAY','11','ACC_CONTROL','ResourceEntity.displayNameMap','Controlo de acesso');
INSERT INTO LANGUAGE_MAPPING (ID,LANGUAGE_ID,REFERENCE_ID,REFERENCE_TYPE,TEXT_VALUE) VALUES ('PTAM_PROV_EDIT_SEARCH_DESC','11','AM_PROV_EDIT_SEARCH','ResourceEntity.displayNameMap','Voltar à pesquisa');
INSERT INTO LANGUAGE_MAPPING (ID,LANGUAGE_ID,REFERENCE_ID,REFERENCE_TYPE,TEXT_VALUE) VALUES ('PTAUDITREPORT_MENU_DISPLAY','11','AUDITREPORT','ResourceEntity.displayNameMap','Relatórios de Auditoria');
INSERT INTO LANGUAGE_MAPPING (ID,LANGUAGE_ID,REFERENCE_ID,REFERENCE_TYPE,TEXT_VALUE) VALUES ('PTAUTH_LVL_GRP_NEW_ROOT_DN','11','AUTH_LVL_GRP_NEW_ROOT','ResourceEntity.displayNameMap','Caminho de nível de autenticação de agrupamento');
INSERT INTO LANGUAGE_MAPPING (ID,LANGUAGE_ID,REFERENCE_ID,REFERENCE_TYPE,TEXT_VALUE) VALUES ('PTCONTENT_PROV_SEARCH_DESC','11','CONTENT_PROV_SEARCH','ResourceEntity.displayNameMap','Pesquisar Provedores de conteúdo');
INSERT INTO LANGUAGE_MAPPING (ID,LANGUAGE_ID,REFERENCE_ID,REFERENCE_TYPE,TEXT_VALUE) VALUES ('PTCUSTOM_FIELD_SEARCH_DESC','11','CUSTOM_FIELD_SEARCH','ResourceEntity.displayNameMap','Pesquisar campos personalizados');
INSERT INTO LANGUAGE_MAPPING (ID,LANGUAGE_ID,REFERENCE_ID,REFERENCE_TYPE,TEXT_VALUE) VALUES ('PTDELG_FILTER_MENU_DISPLAY','11','DELG_FILTER','ResourceEntity.displayNameMap','Filtrar Delegação');
INSERT INTO LANGUAGE_MAPPING (ID,LANGUAGE_ID,REFERENCE_ID,REFERENCE_TYPE,TEXT_VALUE) VALUES ('PTEDIT_ORG_MEMBERSHIP_DESC','11','EDIT_ORG_MEMBERSHIP','ResourceEntity.displayNameMap','Filiação');
INSERT INTO LANGUAGE_MAPPING (ID,LANGUAGE_ID,REFERENCE_ID,REFERENCE_TYPE,TEXT_VALUE) VALUES ('PTEDIT_ORG_TYPE_IDMAN_DESC','11','EDIT_ORG_TYPE_IDMAN','ResourceEntity.displayNameMap','Tipos de organização');
INSERT INTO LANGUAGE_MAPPING (ID,LANGUAGE_ID,REFERENCE_ID,REFERENCE_TYPE,TEXT_VALUE) VALUES ('PTIMPERSIONATION_MENU_DESC','11','IMPERSIONATION_MENU','ResourceEntity.displayNameMap','Personificação');
INSERT INTO LANGUAGE_MAPPING (ID,LANGUAGE_ID,REFERENCE_ID,REFERENCE_TYPE,TEXT_VALUE) VALUES ('PTNEW_PASSWORD_POLICY_DESC','11','NEW_PASSWORD_POLICY','ResourceEntity.displayNameMap','Criar Nova Política de senha');
INSERT INTO LANGUAGE_MAPPING (ID,LANGUAGE_ID,REFERENCE_ID,REFERENCE_TYPE,TEXT_VALUE) VALUES ('PTPROVCONNECT_MENU_DISPLAY','11','PROVCONNECT','ResourceEntity.displayNameMap','Conectores');
INSERT INTO LANGUAGE_MAPPING (ID,LANGUAGE_ID,REFERENCE_ID,REFERENCE_TYPE,TEXT_VALUE) VALUES ('PTSELFSERVICE_MENU_DISPLAY','11','SELFSERVICE','ResourceEntity.displayNameMap','SELF SERVICE');
INSERT INTO LANGUAGE_MAPPING (ID,LANGUAGE_ID,REFERENCE_ID,REFERENCE_TYPE,TEXT_VALUE) VALUES ('PTSELFSERVICE_RESOURCES_DN','11','SELFSERVICE_RESOURCES','ResourceEntity.displayNameMap','Recursos');
INSERT INTO LANGUAGE_MAPPING (ID,LANGUAGE_ID,REFERENCE_ID,REFERENCE_TYPE,TEXT_VALUE) VALUES ('PTSELFSERV_USER_MEMSHP_DES','11','SELFSERV_USER_MEMSHP','ResourceEntity.displayNameMap','Direitos de utilizador');
INSERT INTO LANGUAGE_MAPPING (ID,LANGUAGE_ID,REFERENCE_ID,REFERENCE_TYPE,TEXT_VALUE) VALUES ('PTSELFSRV_RES_BACK_SRCH_DN','11','SELFSRV_RES_BACK_SRCH','ResourceEntity.displayNameMap','Voltar à procura');
INSERT INTO LANGUAGE_MAPPING (ID,LANGUAGE_ID,REFERENCE_ID,REFERENCE_TYPE,TEXT_VALUE) VALUES ('PTSELFSRV_RES_SRCH_ROOT_DN','11','SELFSRV_RES_SRCH_ROOT','ResourceEntity.displayNameMap','Caminho do próprio recurso de serviço');
INSERT INTO LANGUAGE_MAPPING (ID,LANGUAGE_ID,REFERENCE_ID,REFERENCE_TYPE,TEXT_VALUE) VALUES ('PTSELF_VIEW_REPORT_NEW_DSC','11','SELF_VIEW_REPORT_NEW','ResourceEntity.displayNameMap','Criar vova visualização de relatório');
INSERT INTO LANGUAGE_MAPPING (ID,LANGUAGE_ID,REFERENCE_ID,REFERENCE_TYPE,TEXT_VALUE) VALUES ('PTUSER_RESET_PASSWORD_DESC','11','USER_RESET_PASSWORD','ResourceEntity.displayNameMap','Apagar Password');
INSERT INTO LANGUAGE_MAPPING (ID,LANGUAGE_ID,REFERENCE_ID,REFERENCE_TYPE,TEXT_VALUE) VALUES ('PTACCESSCENTER_MENU_DISPLAY','11','ACCESSCENTER','ResourceEntity.displayNameMap','Gestão de Acesso');
INSERT INTO LANGUAGE_MAPPING (ID,LANGUAGE_ID,REFERENCE_ID,REFERENCE_TYPE,TEXT_VALUE) VALUES ('PTAM_PROV_EDIT_CURRENT_DESC','11','AM_PROV_EDIT_CURRENT','ResourceEntity.displayNameMap','Editar Provedor');
INSERT INTO LANGUAGE_MAPPING (ID,LANGUAGE_ID,REFERENCE_ID,REFERENCE_TYPE,TEXT_VALUE) VALUES ('PTAM_PROV_NEW_EDIT_PUB_DESC','11','AM_PROV_NEW_EDIT','ResourceEntity.displayNameMap','Criar Novo Provedor');
INSERT INTO LANGUAGE_MAPPING (ID,LANGUAGE_ID,REFERENCE_ID,REFERENCE_TYPE,TEXT_VALUE) VALUES ('PTAUTH_LVL_GRP_EDIT_ROOT_DN','11','AUTH_LVL_GRP_EDIT_ROOT','ResourceEntity.displayNameMap','Editar caminho de autenticação nível de agrupamento');
INSERT INTO LANGUAGE_MAPPING (ID,LANGUAGE_ID,REFERENCE_ID,REFERENCE_TYPE,TEXT_VALUE) VALUES ('PTORGANIZATION_EDIT_ID_DESC','11','ORGANIZATION_EDIT_ID','ResourceEntity.displayNameMap','Editar menus de organização');
INSERT INTO LANGUAGE_MAPPING (ID,LANGUAGE_ID,REFERENCE_ID,REFERENCE_TYPE,TEXT_VALUE) VALUES ('PTORGANIZATION_ROOT_ID_DESC','11','ORGANIZATION_ROOT_ID','ResourceEntity.displayNameMap','Caminho de organização de menus');
INSERT INTO LANGUAGE_MAPPING (ID,LANGUAGE_ID,REFERENCE_ID,REFERENCE_TYPE,TEXT_VALUE) VALUES ('PTORG_TYPE_EDIT_SEARCH_DESC','11','ORG_TYPE_EDIT_SEARCH','ResourceEntity.displayNameMap','Pesquisar tipos de organização');
INSERT INTO LANGUAGE_MAPPING (ID,LANGUAGE_ID,REFERENCE_ID,REFERENCE_TYPE,TEXT_VALUE) VALUES ('PTPAGE_TEMPLATE_SEARCH_DESC','11','PAGE_TEMPLATE_SEARCH','ResourceEntity.displayNameMap','Pesquisar templates de pagina');
INSERT INTO LANGUAGE_MAPPING (ID,LANGUAGE_ID,REFERENCE_ID,REFERENCE_TYPE,TEXT_VALUE) VALUES ('PTPASSWORD_POLICY_EDIT_DESC','11','PASSWORD_POLICY_EDIT','ResourceEntity.displayNameMap','Caminho de Menu de Política Associado');
INSERT INTO LANGUAGE_MAPPING (ID,LANGUAGE_ID,REFERENCE_ID,REFERENCE_TYPE,TEXT_VALUE) VALUES ('PTPROVISIONING_MENU_DISPLAY','11','PROVISIONING','ResourceEntity.displayNameMap','Aprovisionamento');
INSERT INTO LANGUAGE_MAPPING (ID,LANGUAGE_ID,REFERENCE_ID,REFERENCE_TYPE,TEXT_VALUE) VALUES ('PTRESPOLICYMAP_MENU_DISPLAY','11','RESPOLICYMAP','ResourceEntity.displayNameMap','Política de Mapa');
INSERT INTO LANGUAGE_MAPPING (ID,LANGUAGE_ID,REFERENCE_ID,REFERENCE_TYPE,TEXT_VALUE) VALUES ('PTRESRECONCILE_MENU_DISPLAY','11','RESRECONCILE','ResourceEntity.displayNameMap','Reconciliação');
INSERT INTO LANGUAGE_MAPPING (ID,LANGUAGE_ID,REFERENCE_ID,REFERENCE_TYPE,TEXT_VALUE) VALUES ('PTSECURITY_RES_MENU_DISPLAY','11','SECURITY_RES','ResourceEntity.displayNameMap','Recurso');
INSERT INTO LANGUAGE_MAPPING (ID,LANGUAGE_ID,REFERENCE_ID,REFERENCE_TYPE,TEXT_VALUE) VALUES ('PTSELFSERV_GRP_BACK_SRCH_DN','11','SELFSERV_GRP_BACK_SRCH','ResourceEntity.displayNameMap','Voltar à procura');
INSERT INTO LANGUAGE_MAPPING (ID,LANGUAGE_ID,REFERENCE_ID,REFERENCE_TYPE,TEXT_VALUE) VALUES ('PTSELFSRV_ROLE_BACK_SRCH_DN','11','SELFSRV_ROLE_BACK_SRCH','ResourceEntity.displayNameMap','Voltar à procura');
INSERT INTO LANGUAGE_MAPPING (ID,LANGUAGE_ID,REFERENCE_ID,REFERENCE_TYPE,TEXT_VALUE) VALUES ('PTSELFSRV_ROLE_SRCH_ROOT_DN','11','SELFSRV_ROLE_SRCH_ROOT','ResourceEntity.displayNameMap','Caminho de função SelfService');
INSERT INTO LANGUAGE_MAPPING (ID,LANGUAGE_ID,REFERENCE_ID,REFERENCE_TYPE,TEXT_VALUE) VALUES ('PTSELF_SUB_ORGS_SEARCH_DESC','11','SELF_SUB_ORGS_SEARCH','ResourceEntity.displayNameMap','Pesquisa de Organização');
INSERT INTO LANGUAGE_MAPPING (ID,LANGUAGE_ID,REFERENCE_ID,REFERENCE_TYPE,TEXT_VALUE) VALUES ('PTSELF_SUB_REPORT_ROOT_DESC','11','SELF_SUB_REPORT_ROOT','ResourceEntity.displayNameMap','Assinar menu de caminho de relatório');
INSERT INTO LANGUAGE_MAPPING (ID,LANGUAGE_ID,REFERENCE_ID,REFERENCE_TYPE,TEXT_VALUE) VALUES ('PTAUTH_POLICY_ROOT_MENU_DESC','11','AUTHENTICATION_POLICY_ROOT_MENU','ResourceEntity.displayNameMap','Caminho de Menu de Autenticação de Política');
INSERT INTO LANGUAGE_MAPPING (ID,LANGUAGE_ID,REFERENCE_ID,REFERENCE_TYPE,TEXT_VALUE) VALUES ('PTCONTENT_PROV_NEW_EDIT_DESC','11','CONTENT_PROV_NEW_EDIT','ResourceEntity.displayNameMap','Criar Novo Provedor');
INSERT INTO LANGUAGE_MAPPING (ID,LANGUAGE_ID,REFERENCE_ID,REFERENCE_TYPE,TEXT_VALUE) VALUES ('PTCUSTOM_FIELD_EDIT_NEW_DESC','11','CUSTOM_FIELD_EDIT_NEW','ResourceEntity.displayNameMap','Criar Novo campo personalizado');
INSERT INTO LANGUAGE_MAPPING (ID,LANGUAGE_ID,REFERENCE_ID,REFERENCE_TYPE,TEXT_VALUE) VALUES ('PTMETA_TYPE_EDIT_RETURN_DESC','11','META_TYPE_EDIT_RETURN','ResourceEntity.displayNameMap','Retornar ao tipo de Metadados');
INSERT INTO LANGUAGE_MAPPING (ID,LANGUAGE_ID,REFERENCE_ID,REFERENCE_TYPE,TEXT_VALUE) VALUES ('PTORG_TYPE_SUBMENU_EDIT_DESC','11','ORG_TYPE_SUBMENU_EDIT','ResourceEntity.displayNameMap','Editar tipo de organização');
INSERT INTO LANGUAGE_MAPPING (ID,LANGUAGE_ID,REFERENCE_ID,REFERENCE_TYPE,TEXT_VALUE) VALUES ('PTORG_TYPE_SUBMENU_ROOT_DESC','11','ORG_TYPE_SUBMENU_ROOT','ResourceEntity.displayNameMap','Caminho de tipo de organização');
INSERT INTO LANGUAGE_MAPPING (ID,LANGUAGE_ID,REFERENCE_ID,REFERENCE_TYPE,TEXT_VALUE) VALUES ('PTSECURITY_ROLE_MENU_DISPLAY','11','SECURITY_ROLE','ResourceEntity.displayNameMap','Função');
INSERT INTO LANGUAGE_MAPPING (ID,LANGUAGE_ID,REFERENCE_ID,REFERENCE_TYPE,TEXT_VALUE) VALUES ('PTSELFSRV_GRP_EDIT_ROOT_DESC','11','SELFSRV_GRP_EDIT_ROOT','ResourceEntity.displayNameMap','Caminho para editar grupo SelfService');
INSERT INTO LANGUAGE_MAPPING (ID,LANGUAGE_ID,REFERENCE_ID,REFERENCE_TYPE,TEXT_VALUE) VALUES ('PTSELFSRV_GRP_SRCH_ROOT_DESC','11','SELFSRV_GRP_SRCH_ROOT','ResourceEntity.displayNameMap','Caminho de grupo SelfService');
INSERT INTO LANGUAGE_MAPPING (ID,LANGUAGE_ID,REFERENCE_ID,REFERENCE_TYPE,TEXT_VALUE) VALUES ('PTSELFSRV_RES_EDIT_ROOT_DESC','11','SELFSRV_RES_EDIT_ROOT','ResourceEntity.displayNameMap','Caminho para editar recurso SelfService');
INSERT INTO LANGUAGE_MAPPING (ID,LANGUAGE_ID,REFERENCE_ID,REFERENCE_TYPE,TEXT_VALUE) VALUES ('PTSELF_VIEW_REPORT_ROOT_DESC','11','SELF_VIEW_REPORT_ROOT','ResourceEntity.displayNameMap','Ver menu de caminho de relatorio');
INSERT INTO LANGUAGE_MAPPING (ID,LANGUAGE_ID,REFERENCE_ID,REFERENCE_TYPE,TEXT_VALUE) VALUES ('PTTEMPLATE_SEARCH_CHILD_DESC','11','TEMPLATE_SEARCH_CHILD','ResourceEntity.displayNameMap','Modelo da Página');
INSERT INTO LANGUAGE_MAPPING (ID,LANGUAGE_ID,REFERENCE_ID,REFERENCE_TYPE,TEXT_VALUE) VALUES ('PTBACK_TO_AUTH_LVL_GRP_SRH_DN','11','BACK_TO_AUTH_LVL_GRP_SRH','ResourceEntity.displayNameMap','Voltar à procura');
INSERT INTO LANGUAGE_MAPPING (ID,LANGUAGE_ID,REFERENCE_ID,REFERENCE_TYPE,TEXT_VALUE) VALUES ('PTEN_USER_ORG_MEMBERSHIP_DESC','11','USER_ORG_MEMBERSHIP','ResourceEntity.displayNameMap','Membro das Organizações');
INSERT INTO LANGUAGE_MAPPING (ID,LANGUAGE_ID,REFERENCE_ID,REFERENCE_TYPE,TEXT_VALUE) VALUES ('PTEN_USER_RES_MEMBERSHIP_DESC','11','USER_RES_MEMBERSHIP','ResourceEntity.displayNameMap','Beneficiar de recursos');
INSERT INTO LANGUAGE_MAPPING (ID,LANGUAGE_ID,REFERENCE_ID,REFERENCE_TYPE,TEXT_VALUE) VALUES ('PTPAGE_TEMPLATE_EDIT_NEW_DESC','11','PAGE_TEMPLATE_EDIT_NEW','ResourceEntity.displayNameMap','Criar novo modelo');
INSERT INTO LANGUAGE_MAPPING (ID,LANGUAGE_ID,REFERENCE_ID,REFERENCE_TYPE,TEXT_VALUE) VALUES ('PTPOLICY_ATTR_EDIT_ROOTT_DESC','11','POLICY_ATTR_EDIT_ROOT','ResourceEntity.displayNameMap','Caminho de menu de edição Atributo de Política');
INSERT INTO LANGUAGE_MAPPING (ID,LANGUAGE_ID,REFERENCE_ID,REFERENCE_TYPE,TEXT_VALUE) VALUES ('PTRESOURCE_EDIT_PAGE_ROOT_DIS','11','RESOURCE_EDIT_PAGE_ROOT','ResourceEntity.displayNameMap','Caminho de pagina para edição de recursos');
INSERT INTO LANGUAGE_MAPPING (ID,LANGUAGE_ID,REFERENCE_ID,REFERENCE_TYPE,TEXT_VALUE) VALUES ('PTSECURITY_GROUP_MENU_DISPLAY','11','SECURITY_GROUP','ResourceEntity.displayNameMap','Grupo');
INSERT INTO LANGUAGE_MAPPING (ID,LANGUAGE_ID,REFERENCE_ID,REFERENCE_TYPE,TEXT_VALUE) VALUES ('PTSELFSER_USER_NEW_LOGIN_DESC','11','SELFSER_USER_NEW_LOGIN','ResourceEntity.displayNameMap','Criar uma nova Identidade');
INSERT INTO LANGUAGE_MAPPING (ID,LANGUAGE_ID,REFERENCE_ID,REFERENCE_TYPE,TEXT_VALUE) VALUES ('PTSELFSRV_ROLE_EDIT_ROOT_DESC','11','SELFSRV_ROLE_EDIT_ROOT','ResourceEntity.displayNameMap','Caminho de edição de função SelfService');
INSERT INTO LANGUAGE_MAPPING (ID,LANGUAGE_ID,REFERENCE_ID,REFERENCE_TYPE,TEXT_VALUE) VALUES ('PTSELF_QUERYUSER_MENU_DISPLAY','11','SELF_QUERYUSER','ResourceEntity.displayNameMap','Gerir utilizador');
INSERT INTO LANGUAGE_MAPPING (ID,LANGUAGE_ID,REFERENCE_ID,REFERENCE_TYPE,TEXT_VALUE) VALUES ('PTUSER_EDIT_CONTACT_INFO_DESC','11','USER_EDIT_CONTACT_INFO','ResourceEntity.displayNameMap','Informações de Contato');
INSERT INTO LANGUAGE_MAPPING (ID,LANGUAGE_ID,REFERENCE_ID,REFERENCE_TYPE,TEXT_VALUE) VALUES ('PTNEWUSER-NOAPPRV_MENU_DISPLAY','11','NEWUSER-NOAPPRV','ResourceEntity.displayNameMap','Novo utilizador-Não aprovado');
INSERT INTO LANGUAGE_MAPPING (ID,LANGUAGE_ID,REFERENCE_ID,REFERENCE_TYPE,TEXT_VALUE) VALUES ('PTSECURITY_POLICY_MENU_DISPLAY','11','SECURITY_POLICY','ResourceEntity.displayNameMap','Política');
INSERT INTO LANGUAGE_MAPPING (ID,LANGUAGE_ID,REFERENCE_ID,REFERENCE_TYPE,TEXT_VALUE) VALUES ('PTUPLOAD_CUST_PSWD_POLICY_DESC','11','UPLOAD_CUST_PSWD_POLICY','ResourceEntity.displayNameMap','Personalização da Política de senha');
INSERT INTO LANGUAGE_MAPPING (ID,LANGUAGE_ID,REFERENCE_ID,REFERENCE_TYPE,TEXT_VALUE) VALUES ('PTAM_PROV_SEARCH_CHILD_PUB_DESC','11','AM_PROV_SEARCH_CHILD','ResourceEntity.displayNameMap','Provedores de Autenticação');
INSERT INTO LANGUAGE_MAPPING (ID,LANGUAGE_ID,REFERENCE_ID,REFERENCE_TYPE,TEXT_VALUE) VALUES ('PTCONTENT_PROV_EDIT_SEARCH_DESC','11','CONTENT_PROV_EDIT_SEARCH','ResourceEntity.displayNameMap','Voltar à procura');
INSERT INTO LANGUAGE_MAPPING (ID,LANGUAGE_ID,REFERENCE_ID,REFERENCE_TYPE,TEXT_VALUE) VALUES ('PTCUSTOM_FIELD_EDIT_SEARCH_DESC','11','CUSTOM_FIELD_EDIT_SEARCH','ResourceEntity.displayNameMap','Voltar à procura');
INSERT INTO LANGUAGE_MAPPING (ID,LANGUAGE_ID,REFERENCE_ID,REFERENCE_TYPE,TEXT_VALUE) VALUES ('PTEN_USER_ROLES_MEMBERSHIP_DESC','11','USER_ROLES_MEMBERSHIP','ResourceEntity.displayNameMap','Funções de membro');
INSERT INTO LANGUAGE_MAPPING (ID,LANGUAGE_ID,REFERENCE_ID,REFERENCE_TYPE,TEXT_VALUE) VALUES ('PTURI_PATTERN_EDIT_PATTERN_DESC','11','URI_PATTERN_EDIT_PATTERN','ResourceEntity.displayNameMap','Editar padrão URI');
INSERT INTO LANGUAGE_MAPPING (ID,LANGUAGE_ID,REFERENCE_ID,REFERENCE_TYPE,TEXT_VALUE) VALUES ('PTURI_PATTERN_EDNW_PATTERN_DESC','11','URI_PATTERN_EDIT_NEW_PATTERN','ResourceEntity.displayNameMap','Criar padrão URI');
INSERT INTO LANGUAGE_MAPPING (ID,LANGUAGE_ID,REFERENCE_ID,REFERENCE_TYPE,TEXT_VALUE) VALUES ('PTCH_RESP_QUEST_ROOT_DESC','11','CHALLENGE_RESPONSE_QUESTION_ROOT','ResourceEntity.displayNameMap','Caminho de menu de resposta de desafio');
INSERT INTO LANGUAGE_MAPPING (ID,LANGUAGE_ID,REFERENCE_ID,REFERENCE_TYPE,TEXT_VALUE) VALUES ('PTCP_EDIT_CURRENT_DESC','11','CONTENT_PROV_EDIT_CURRENT','ResourceEntity.displayNameMap','Editar Provedor');
INSERT INTO LANGUAGE_MAPPING (ID,LANGUAGE_ID,REFERENCE_ID,REFERENCE_TYPE,TEXT_VALUE) VALUES ('PTCP_SEARCH_CHILD_DESC','11','CONTENT_PROV_SEARCH_CHILD','ResourceEntity.displayNameMap','Provedores de conteúdo');
INSERT INTO LANGUAGE_MAPPING (ID,LANGUAGE_ID,REFERENCE_ID,REFERENCE_TYPE,TEXT_VALUE) VALUES ('PTCF_SEARCH_CHILD_DESC','11','CUSTOM_FIELD_SEARCH_CHILD','ResourceEntity.displayNameMap','Campos personalizados');
INSERT INTO LANGUAGE_MAPPING (ID,LANGUAGE_ID,REFERENCE_ID,REFERENCE_TYPE,TEXT_VALUE) VALUES ('PTEDT_PLCY_ATTR_SRCH_BCK_DESC','11','EDIT_POLICY_ATTR_SRCH_BCK','ResourceEntity.displayNameMap','Voltar à procura');
INSERT INTO LANGUAGE_MAPPING (ID,LANGUAGE_ID,REFERENCE_ID,REFERENCE_TYPE,TEXT_VALUE) VALUES ('PTEN_USR_ENT_PAGE_DESC','11','USER_ENTITLEMENTS_PAGE','ResourceEntity.displayNameMap','Direitos do utilizador Página');
INSERT INTO LANGUAGE_MAPPING (ID,LANGUAGE_ID,REFERENCE_ID,REFERENCE_TYPE,TEXT_VALUE) VALUES ('PTEN_USR_GRP_MEMBERSHIP_DESC','11','USER_GROUPS_MEMBERSHIP','ResourceEntity.displayNameMap','Membro de Grupos');
INSERT INTO LANGUAGE_MAPPING (ID,LANGUAGE_ID,REFERENCE_ID,REFERENCE_TYPE,TEXT_VALUE) VALUES ('PTNEW_AUTH_POLICY_DESC','11','NEW_AUTHENTICATION_POLICY','ResourceEntity.displayNameMap','Criar Nova Política de Autenticação');
INSERT INTO LANGUAGE_MAPPING (ID,LANGUAGE_ID,REFERENCE_ID,REFERENCE_TYPE,TEXT_VALUE) VALUES ('PTPAGE_TMPLT_EDT_SEARCH_DESC','11','PAGE_TEMPLATE_EDIT_SEARCH','ResourceEntity.displayNameMap','Voltar à procura');
INSERT INTO LANGUAGE_MAPPING (ID,LANGUAGE_ID,REFERENCE_ID,REFERENCE_TYPE,TEXT_VALUE) VALUES ('PTAUTH_POLICY_MENU_DESC','11','AUTHENTICATION_POLICY','ResourceEntity.displayNameMap','Política de Autenticação');
INSERT INTO LANGUAGE_MAPPING (ID,LANGUAGE_ID,REFERENCE_ID,REFERENCE_TYPE,TEXT_VALUE) VALUES ('PTCHAL_RESP_QUESTION_NEW_DSC','11','CHALLENGE_RESPONSE_QUESTION_NEW','ResourceEntity.displayNameMap','Criar uma nova Pergunta');
INSERT INTO LANGUAGE_MAPPING (ID,LANGUAGE_ID,REFERENCE_ID,REFERENCE_TYPE,TEXT_VALUE) VALUES ('PTSS_ACCESS_MNGMNT_ORG_DESC','11','SELFSRVS_ACCESS_MNGMNT_ORG','ResourceEntity.displayNameMap','Organizações');
INSERT INTO LANGUAGE_MAPPING (ID,LANGUAGE_ID,REFERENCE_ID,REFERENCE_TYPE,TEXT_VALUE) VALUES ('PTCHAL_RESP_QUESTION_DESC','11','CHALLENGE_RESPONSE_QUESTION','ResourceEntity.displayNameMap','Desafio Resposta de questão');
INSERT INTO LANGUAGE_MAPPING (ID,LANGUAGE_ID,REFERENCE_ID,REFERENCE_TYPE,TEXT_VALUE) VALUES ('PTEN_RST_CHAL_RESP_DESC','11','RESET_CHALLENGE_RESPONSE','ResourceEntity.displayNameMap','Apagar resposta de desafio');
INSERT INTO LANGUAGE_MAPPING (ID,LANGUAGE_ID,REFERENCE_ID,REFERENCE_TYPE,TEXT_VALUE) VALUES ('PTURI_PTRN_EDT_PROV_SEARCH_DESC','11','URI_PATTERN_EDT_PROV_SEARCH','ResourceEntity.displayNameMap','Conteúdo pesquisa de provedor');
INSERT INTO LANGUAGE_MAPPING (ID,LANGUAGE_ID,REFERENCE_ID,REFERENCE_TYPE,TEXT_VALUE) VALUES ('PTREPORT','11','REPORT','ResourceTypeEntity.displayNameMap','Relatório');
INSERT INTO LANGUAGE_MAPPING (ID,LANGUAGE_ID,REFERENCE_ID,REFERENCE_TYPE,TEXT_VALUE) VALUES ('PTAUTH_REPO','11','AUTH_REPO','ResourceTypeEntity.displayNameMap','Repositório de autenticação');
INSERT INTO LANGUAGE_MAPPING (ID,LANGUAGE_ID,REFERENCE_ID,REFERENCE_TYPE,TEXT_VALUE) VALUES ('PTMENU_ITEM','11','MENU_ITEM','ResourceTypeEntity.displayNameMap','Menus');
INSERT INTO LANGUAGE_MAPPING (ID,LANGUAGE_ID,REFERENCE_ID,REFERENCE_TYPE,TEXT_VALUE) VALUES ('PTUI_WIDGET','11','UI_WIDGET','ResourceTypeEntity.displayNameMap','Widget UI');
INSERT INTO LANGUAGE_MAPPING (ID,LANGUAGE_ID,REFERENCE_ID,REFERENCE_TYPE,TEXT_VALUE) VALUES ('PTSYS_ACTION','11','SYS_ACTION','ResourceTypeEntity.displayNameMap','Ação do Sistema');
INSERT INTO LANGUAGE_MAPPING (ID,LANGUAGE_ID,REFERENCE_ID,REFERENCE_TYPE,TEXT_VALUE) VALUES ('PTMANAGED_SYS','11','MANAGED_SYS','ResourceTypeEntity.displayNameMap','Sistemas gerenciados');
INSERT INTO LANGUAGE_MAPPING (ID,LANGUAGE_ID,REFERENCE_ID,REFERENCE_TYPE,TEXT_VALUE) VALUES ('PTUI_TEMPLATE','11','UI_TEMPLATE','ResourceTypeEntity.displayNameMap','Template UI');
INSERT INTO LANGUAGE_MAPPING (ID,LANGUAGE_ID,REFERENCE_ID,REFERENCE_TYPE,TEXT_VALUE) VALUES ('PTURL_PATTERN','11','URL_PATTERN','ResourceTypeEntity.displayNameMap','Padrão Url');
INSERT INTO LANGUAGE_MAPPING (ID,LANGUAGE_ID,REFERENCE_ID,REFERENCE_TYPE,TEXT_VALUE) VALUES ('PTAUTH_PROVIDER','11','AUTH_PROVIDER','ResourceTypeEntity.displayNameMap','Provedor de Autenticação');
INSERT INTO LANGUAGE_MAPPING (ID,LANGUAGE_ID,REFERENCE_ID,REFERENCE_TYPE,TEXT_VALUE) VALUES ('PTADMIN_RESOURCE','11','ADMIN_RESOURCE','ResourceTypeEntity.displayNameMap','Recursos do administrador');
INSERT INTO LANGUAGE_MAPPING (ID,LANGUAGE_ID,REFERENCE_ID,REFERENCE_TYPE,TEXT_VALUE) VALUES ('PTCONTENT_PROVIDER','11','CONTENT_PROVIDER','ResourceTypeEntity.displayNameMap','Provedor de Conteúdo');


INSERT INTO LANGUAGE_MAPPING (ID,LANGUAGE_ID,REFERENCE_ID,REFERENCE_TYPE,TEXT_VALUE) VALUES ('LanguageEntity11','1','11','LanguageEntity.displayNameMap','Portuguese');
INSERT INTO LANGUAGE_MAPPING (ID,LANGUAGE_ID,REFERENCE_ID,REFERENCE_TYPE,TEXT_VALUE) VALUES ('DELanguageEntity11','2','11','LanguageEntity.displayNameMap','Portugiesisch');
INSERT INTO LANGUAGE_MAPPING (ID,LANGUAGE_ID,REFERENCE_ID,REFERENCE_TYPE,TEXT_VALUE) VALUES ('ESLanguageEntity11','4','11','LanguageEntity.displayNameMap','Portugués');
INSERT INTO LANGUAGE_MAPPING (ID,LANGUAGE_ID,REFERENCE_ID,REFERENCE_TYPE,TEXT_VALUE) VALUES ('RULanguageEntity11','8','11','LanguageEntity.displayNameMap','Португальский');
INSERT INTO LANGUAGE_MAPPING (ID,LANGUAGE_ID,REFERENCE_ID,REFERENCE_TYPE,TEXT_VALUE) VALUES ('JPLanguageEntity11','9','11','LanguageEntity.displayNameMap','ポルトガル語');
INSERT INTO LANGUAGE_MAPPING (ID,LANGUAGE_ID,REFERENCE_ID,REFERENCE_TYPE,TEXT_VALUE) VALUES ('ZHLanguageEntity11','10','11','LanguageEntity.displayNameMap','葡萄牙语');
INSERT INTO LANGUAGE_MAPPING (ID,LANGUAGE_ID,REFERENCE_ID,REFERENCE_TYPE,TEXT_VALUE) VALUES ('PTLanguageEntity11','11','11','LanguageEntity.displayNameMap','Português');


CREATE OR REPLACE FUNCTION SETUP_CONTENT_PROVIDERS (cpDomain IN VARCHAR, serverDomain IN VARCHAR) RETURNS setof record AS $$
DECLARE
  cnt numeric := 0;
BEGIN 
  SELECT count(1) INTO cnt FROM CONTENT_PROVIDER;
  IF (cnt = 0) THEN
      INSERT INTO RES (RESOURCE_ID, RESOURCE_TYPE_ID, NAME, IS_PUBLIC, URL) VALUES('DEFAULT_CP', 'CONTENT_PROVIDER', 'Default Content Provider', 'Y', 'http://' || cpDomain || '/selfservice');
			INSERT INTO CONTENT_PROVIDER (CONTENT_PROVIDER_ID, CONTENT_PROVIDER_NAME, IS_PUBLIC, DOMAIN_PATTERN, IS_SSL, RESOURCE_ID, MANAGED_SYS_ID) 
								   VALUES('DEFAULT_CP', 'Default Content Provider', 'Y', cpDomain, NULL, 'DEFAULT_CP', '0');
			INSERT INTO CP_AUTH_LEVEL_GRP_XREF (CONTENT_PROVIDER_ID, AUTH_LEVEL_GROUPING_ID, EXEC_ORDER) VALUES ('DEFAULT_CP', 'PASSWORD_AUTH', 0);
			INSERT INTO CONTENT_PROVIDER_SERVER (CONTENT_PROVIDER_SERVER_ID, CONTENT_PROVIDER_ID, SERVER_URL) VALUES ('DEFAULT_CP', 'DEFAULT_CP', serverDomain);					   
			
			INSERT INTO RES (RESOURCE_ID, RESOURCE_TYPE_ID, NAME, IS_PUBLIC) VALUES('DEF_CP_SELSERVICE_SLASH', 'URL_PATTERN', 'Default Content Provider /selfservice/*', 'Y');
			INSERT INTO URI_PATTERN (URI_PATTERN_ID, CONTENT_PROVIDER_ID, PATTERN, IS_PUBLIC, RESOURCE_ID) VALUES('DEF_CP_SELSERVICE_SLASH', 'DEFAULT_CP', '/selfservice/*', 'Y', 'DEF_CP_SELSERVICE_SLASH');
			
			INSERT INTO RES (RESOURCE_ID, RESOURCE_TYPE_ID, NAME, IS_PUBLIC) VALUES('DEF_CP_WEBCONSOLE_AM_SLASH', 'URL_PATTERN', 'Default Content Provider /webconsole-am/*', 'Y');
			INSERT INTO URI_PATTERN (URI_PATTERN_ID, CONTENT_PROVIDER_ID, PATTERN, IS_PUBLIC, RESOURCE_ID) VALUES('DEF_CP_WEBCONSOLE_AM_SLASH', 'DEFAULT_CP', '/webconsole-am/*', 'Y', 'DEF_CP_WEBCONSOLE_AM_SLASH');
			
			INSERT INTO RES (RESOURCE_ID, RESOURCE_TYPE_ID, NAME, IS_PUBLIC) VALUES('DEF_CP_WEBCONSOLE_IDM_SLASH', 'URL_PATTERN', 'Default Content Provider /webconsole-idm/*', 'Y');
			INSERT INTO URI_PATTERN (URI_PATTERN_ID, CONTENT_PROVIDER_ID, PATTERN, IS_PUBLIC, RESOURCE_ID) VALUES('DEF_CP_WEBCONSOLE_IDM_SLASH', 'DEFAULT_CP', '/webconsole-idm/*', 'Y', 'DEF_CP_WEBCONSOLE_IDM_SLASH');
			
			INSERT INTO RES (RESOURCE_ID, RESOURCE_TYPE_ID, NAME, IS_PUBLIC) VALUES('DEF_CP_WEBCONSOLE_SLASH', 'URL_PATTERN', 'Default Content Provider /webconsole/*', 'Y');
			INSERT INTO URI_PATTERN (URI_PATTERN_ID, CONTENT_PROVIDER_ID, PATTERN, IS_PUBLIC, RESOURCE_ID) VALUES('DEF_CP_WEBCONSOLE_SLASH', 'DEFAULT_CP', '/webconsole/*', 'Y', 'DEF_CP_WEBCONSOLE_SLASH');
			
			INSERT INTO RES (RESOURCE_ID, RESOURCE_TYPE_ID, NAME, IS_PUBLIC) VALUES('NEW_USER_TEMPLATE', 'UI_TEMPLATE', 'New User Template', 'Y');
			INSERT INTO METADATA_ELEMENT_PAGE_TEMPLATE (ID, NAME, RESOURCE_ID, IS_PUBLIC, TEMPLATE_TYPE_ID) VALUES('NEW_USER_TEMPLATE', 'New User Template', 'NEW_USER_TEMPLATE', 'Y', 'USER_TEMPLATE');
			INSERT INTO METADATA_URI_XREF (TEMPLATE_ID, URI_PATTERN_ID) VALUES('NEW_USER_TEMPLATE', 'DEF_CP_SELSERVICE_SLASH');
			
			INSERT INTO RES (RESOURCE_ID, RESOURCE_TYPE_ID, NAME, IS_PUBLIC) VALUES('SELFREG_PATTERN', 'URL_PATTERN', 'Default Content Provider /selfservice/selfRegistration.html', 'Y');
			INSERT INTO URI_PATTERN (URI_PATTERN_ID, CONTENT_PROVIDER_ID, PATTERN, IS_PUBLIC, RESOURCE_ID) VALUES('SELFREG_PATTERN', 'DEFAULT_CP', '/selfservice/selfRegistration.html', 'Y', 'SELFREG_PATTERN');
			INSERT INTO URI_AUTH_LEVEL_GRP_XREF (URI_PATTERN_ID, AUTH_LEVEL_GROUPING_ID, EXEC_ORDER) VALUES('SELFREG_PATTERN', 'NONE', 0);
			INSERT INTO METADATA_URI_XREF (TEMPLATE_ID, URI_PATTERN_ID) VALUES('NEW_USER_TEMPLATE', 'SELFREG_PATTERN');
			
			INSERT INTO RES (RESOURCE_ID, RESOURCE_TYPE_ID, NAME, IS_PUBLIC) VALUES('UI_STATIC', 'URL_PATTERN', 'Default Content Provider /openiam-ui-static/*', 'Y');
			INSERT INTO URI_PATTERN (URI_PATTERN_ID, CONTENT_PROVIDER_ID, PATTERN, IS_PUBLIC, RESOURCE_ID) VALUES('UI_STATIC', 'DEFAULT_CP', '/openiam-ui-static/*', 'Y', 'UI_STATIC');
			INSERT INTO URI_AUTH_LEVEL_GRP_XREF (URI_PATTERN_ID, AUTH_LEVEL_GROUPING_ID, EXEC_ORDER) VALUES('UI_STATIC', 'NONE', 0);
			
			INSERT INTO RES (RESOURCE_ID, RESOURCE_TYPE_ID, NAME, IS_PUBLIC) VALUES('CHANGE_PASSWORD', 'URL_PATTERN', 'Default Content Provider /idp/changePassword.html', 'Y');
			INSERT INTO URI_PATTERN (URI_PATTERN_ID, CONTENT_PROVIDER_ID, PATTERN, IS_PUBLIC, RESOURCE_ID) VALUES('CHANGE_PASSWORD', 'DEFAULT_CP', '/idp/changePassword.html', 'Y', 'CHANGE_PASSWORD');
			INSERT INTO URI_AUTH_LEVEL_GRP_XREF (URI_PATTERN_ID, AUTH_LEVEL_GROUPING_ID, EXEC_ORDER) VALUES('CHANGE_PASSWORD', 'NONE', 0);
			
			INSERT INTO RES (RESOURCE_ID, RESOURCE_TYPE_ID, NAME, IS_PUBLIC) VALUES('UNLOCK_PASSWORD', 'URL_PATTERN', 'Default Content Provider /idp/unlockPassword.html', 'Y');
			INSERT INTO URI_PATTERN (URI_PATTERN_ID, CONTENT_PROVIDER_ID, PATTERN, IS_PUBLIC, RESOURCE_ID) VALUES('UNLOCK_PASSWORD', 'DEFAULT_CP', '/idp/unlockPassword.html', 'Y', 'UNLOCK_PASSWORD');
			INSERT INTO URI_AUTH_LEVEL_GRP_XREF (URI_PATTERN_ID, AUTH_LEVEL_GROUPING_ID, EXEC_ORDER) VALUES('UNLOCK_PASSWORD', 'NONE', 0);
			
			INSERT INTO RES (RESOURCE_ID, RESOURCE_TYPE_ID, NAME, IS_PUBLIC) VALUES('LOGOUT_PATTERN', 'URL_PATTERN', 'Default Content Provider /idp/logout.html', 'Y');
			INSERT INTO URI_PATTERN (URI_PATTERN_ID, CONTENT_PROVIDER_ID, PATTERN, IS_PUBLIC, RESOURCE_ID) VALUES('LOGOUT_PATTERN', 'DEFAULT_CP', '/idp/logout.html', 'Y', 'LOGOUT_PATTERN');
			INSERT INTO URI_AUTH_LEVEL_GRP_XREF (URI_PATTERN_ID, AUTH_LEVEL_GROUPING_ID, EXEC_ORDER) VALUES('LOGOUT_PATTERN', 'NONE', 0);
			
			INSERT INTO RES (RESOURCE_ID, RESOURCE_TYPE_ID, NAME, IS_PUBLIC) VALUES('SAML_LOGIN_PATTERN', 'URL_PATTERN', 'Default Content Provider /idp/SAMLLogin.html', 'Y');
			INSERT INTO URI_PATTERN (URI_PATTERN_ID, CONTENT_PROVIDER_ID, PATTERN, IS_PUBLIC, RESOURCE_ID) VALUES('SAML_LOGIN_PATTERN', 'DEFAULT_CP', '/idp/SAMLLogin.html', 'Y', 'SAML_LOGIN_PATTERN');
			INSERT INTO URI_AUTH_LEVEL_GRP_XREF (URI_PATTERN_ID, AUTH_LEVEL_GROUPING_ID, EXEC_ORDER) VALUES('SAML_LOGIN_PATTERN', 'NONE', 0);
			
			INSERT INTO RES (RESOURCE_ID, RESOURCE_TYPE_ID, NAME, IS_PUBLIC) VALUES('SAML_METADATA_PATTERN', 'URL_PATTERN', 'Default Content Provider /idp/SAMLMetadata.html', 'Y');
			INSERT INTO URI_PATTERN (URI_PATTERN_ID, CONTENT_PROVIDER_ID, PATTERN, IS_PUBLIC, RESOURCE_ID) VALUES('SAML_METADATA_PATTERN', 'DEFAULT_CP', '/idp/SAMLMetadata.html', 'Y', 'SAML_METADATA_PATTERN');
			INSERT INTO URI_AUTH_LEVEL_GRP_XREF (URI_PATTERN_ID, AUTH_LEVEL_GROUPING_ID, EXEC_ORDER) VALUES('SAML_METADATA_PATTERN', 'NONE', 0);
			
			INSERT INTO RES (RESOURCE_ID, RESOURCE_TYPE_ID, NAME, IS_PUBLIC) VALUES('UNLOCK_PASSWORD_QUESTIONS', 'URL_PATTERN', 'Default Content Provider /idp/unlockPasswordQuestions.html', 'Y');
			INSERT INTO URI_PATTERN (URI_PATTERN_ID, CONTENT_PROVIDER_ID, PATTERN, IS_PUBLIC, RESOURCE_ID) VALUES('UNLOCK_PASSWORD_QUESTIONS', 'DEFAULT_CP', '/idp/unlockPasswordQuestions.html', 'Y', 'UNLOCK_PASSWORD_QUESTIONS');
			INSERT INTO URI_AUTH_LEVEL_GRP_XREF (URI_PATTERN_ID, AUTH_LEVEL_GROUPING_ID, EXEC_ORDER) VALUES('UNLOCK_PASSWORD_QUESTIONS', 'NONE', 0);
			
			INSERT INTO RES (RESOURCE_ID, RESOURCE_TYPE_ID, NAME, IS_PUBLIC) VALUES('UNLOCK_USER_RESET_FORM', 'URL_PATTERN', 'Default Content Provider /idp/unlockUserResetPasswordForm.html', 'Y');
			INSERT INTO URI_PATTERN (URI_PATTERN_ID, CONTENT_PROVIDER_ID, PATTERN, IS_PUBLIC, RESOURCE_ID) VALUES('UNLOCK_USER_RESET_FORM', 'DEFAULT_CP', '/idp/unlockUserResetPasswordForm.html', 'Y', 'UNLOCK_USER_RESET_FORM');
			INSERT INTO URI_AUTH_LEVEL_GRP_XREF (URI_PATTERN_ID, AUTH_LEVEL_GROUPING_ID, EXEC_ORDER) VALUES('UNLOCK_USER_RESET_FORM', 'NONE', 0);
			
			INSERT INTO RES (RESOURCE_ID, RESOURCE_TYPE_ID, NAME, IS_PUBLIC) VALUES('WEBCONSOLE_CLEAR_CNTX', 'URL_PATTERN', 'Default Content Provider /webconsole/clearContext.html', 'Y');
			INSERT INTO URI_PATTERN (URI_PATTERN_ID, CONTENT_PROVIDER_ID, PATTERN, IS_PUBLIC, RESOURCE_ID) VALUES('WEBCONSOLE_CLEAR_CNTX', 'DEFAULT_CP', '/webconsole/clearContext.html', 'Y', 'WEBCONSOLE_CLEAR_CNTX');
			INSERT INTO URI_AUTH_LEVEL_GRP_XREF (URI_PATTERN_ID, AUTH_LEVEL_GROUPING_ID, EXEC_ORDER) VALUES('WEBCONSOLE_CLEAR_CNTX', 'NONE', 0);
			
			INSERT INTO RES (RESOURCE_ID, RESOURCE_TYPE_ID, NAME, IS_PUBLIC) VALUES('WEBCONSOLE_AM_CLEAR_CNTX', 'URL_PATTERN', 'Default Content Provider /webconsole-am/clearContext.html', 'Y');
			INSERT INTO URI_PATTERN (URI_PATTERN_ID, CONTENT_PROVIDER_ID, PATTERN, IS_PUBLIC, RESOURCE_ID) VALUES('WEBCONSOLE_AM_CLEAR_CNTX', 'DEFAULT_CP', '/webconsole-am/clearContext.html', 'Y', 'WEBCONSOLE_AM_CLEAR_CNTX');
			INSERT INTO URI_AUTH_LEVEL_GRP_XREF (URI_PATTERN_ID, AUTH_LEVEL_GROUPING_ID, EXEC_ORDER) VALUES('WEBCONSOLE_AM_CLEAR_CNTX', 'NONE', 0);
			
			INSERT INTO RES (RESOURCE_ID, RESOURCE_TYPE_ID, NAME, IS_PUBLIC) VALUES('WEBCONSOLE_IDM_CLEAR_CNTX', 'URL_PATTERN', 'Default Content Provider /webconsole-idm/clearContext.html', 'Y');
			INSERT INTO URI_PATTERN (URI_PATTERN_ID, CONTENT_PROVIDER_ID, PATTERN, IS_PUBLIC, RESOURCE_ID) VALUES('WEBCONSOLE_IDM_CLEAR_CNTX', 'DEFAULT_CP', '/webconsole-idm/clearContext.html', 'Y', 'WEBCONSOLE_IDM_CLEAR_CNTX');
			INSERT INTO URI_AUTH_LEVEL_GRP_XREF (URI_PATTERN_ID, AUTH_LEVEL_GROUPING_ID, EXEC_ORDER) VALUES('WEBCONSOLE_IDM_CLEAR_CNTX', 'NONE', 0);
			
			INSERT INTO RES (RESOURCE_ID, RESOURCE_TYPE_ID, NAME, IS_PUBLIC) VALUES('SELFSERVICE_CLEAR_CNTX', 'URL_PATTERN', 'Default Content Provider /selfservice/clearContext.html', 'Y');
			INSERT INTO URI_PATTERN (URI_PATTERN_ID, CONTENT_PROVIDER_ID, PATTERN, IS_PUBLIC, RESOURCE_ID) VALUES('SELFSERVICE_CLEAR_CNTX', 'DEFAULT_CP', '/selfservice/clearContext.html', 'Y', 'SELFSERVICE_CLEAR_CNTX');
			INSERT INTO URI_AUTH_LEVEL_GRP_XREF (URI_PATTERN_ID, AUTH_LEVEL_GROUPING_ID, EXEC_ORDER) VALUES('SELFSERVICE_CLEAR_CNTX', 'NONE', 0);
			
			INSERT INTO RES (RESOURCE_ID, RESOURCE_TYPE_ID, NAME, IS_PUBLIC) VALUES('SELFSERVICE_EXT_CLEAR_CNTX', 'URL_PATTERN', 'Default Content Provider /selfservice-ext/clearContext.html', 'Y');
			INSERT INTO URI_PATTERN (URI_PATTERN_ID, CONTENT_PROVIDER_ID, PATTERN, IS_PUBLIC, RESOURCE_ID) VALUES('SELFSERVICE_EXT_CLEAR_CNTX', 'DEFAULT_CP', '/selfservice-ext/clearContext.html', 'Y', 'SELFSERVICE_EXT_CLEAR_CNTX');
			INSERT INTO URI_AUTH_LEVEL_GRP_XREF (URI_PATTERN_ID, AUTH_LEVEL_GROUPING_ID, EXEC_ORDER) VALUES('SELFSERVICE_EXT_CLEAR_CNTX', 'NONE', 0);
			
			INSERT INTO RES (RESOURCE_ID, RESOURCE_TYPE_ID, NAME, IS_PUBLIC) VALUES('SEARCH_ORG_PATTERN', 'URL_PATTERN', 'Default Content Provider /selfservice/rest/api/entitlements/searchOrganizations', 'Y');
			INSERT INTO URI_PATTERN (URI_PATTERN_ID, CONTENT_PROVIDER_ID, PATTERN, IS_PUBLIC, RESOURCE_ID) VALUES('SEARCH_ORG_PATTERN', 'DEFAULT_CP', '/selfservice/rest/api/entitlements/searchOrganizations', 'Y', 'SEARCH_ORG_PATTERN');
			INSERT INTO URI_AUTH_LEVEL_GRP_XREF (URI_PATTERN_ID, AUTH_LEVEL_GROUPING_ID, EXEC_ORDER) VALUES('SEARCH_ORG_PATTERN', 'NONE', 0);
			
			INSERT INTO RES (RESOURCE_ID, RESOURCE_TYPE_ID, NAME, IS_PUBLIC) VALUES('REPORTVIEWER_PATTERN', 'URL_PATTERN', 'Default Content Provider /reportviewer/*', 'Y');
			INSERT INTO URI_PATTERN (URI_PATTERN_ID, CONTENT_PROVIDER_ID, PATTERN, IS_PUBLIC, RESOURCE_ID) VALUES('REPORTVIEWER_PATTERN', 'DEFAULT_CP', '/reportviewer/*', 'Y', 'REPORTVIEWER_PATTERN');
			INSERT INTO URI_AUTH_LEVEL_GRP_XREF (URI_PATTERN_ID, AUTH_LEVEL_GROUPING_ID, EXEC_ORDER) VALUES('REPORTVIEWER_PATTERN', 'NONE', 0);
			
			INSERT INTO RES (RESOURCE_ID, RESOURCE_TYPE_ID, NAME, IS_PUBLIC) VALUES('LANGUAGE_SUPPORT_PATTERN', 'URL_PATTERN', 'Default Content Provider /selfservice/language/languageSupport.html', 'Y');
			INSERT INTO URI_PATTERN (URI_PATTERN_ID, CONTENT_PROVIDER_ID, PATTERN, IS_PUBLIC, RESOURCE_ID) VALUES('LANGUAGE_SUPPORT_PATTERN', 'DEFAULT_CP', '/selfservice/language/languageSupport.html', 'Y', 'LANGUAGE_SUPPORT_PATTERN');
			INSERT INTO URI_AUTH_LEVEL_GRP_XREF (URI_PATTERN_ID, AUTH_LEVEL_GROUPING_ID, EXEC_ORDER) VALUES('LANGUAGE_SUPPORT_PATTERN', 'NONE', 0);
			
			INSERT INTO RES (RESOURCE_ID, RESOURCE_TYPE_ID, NAME, IS_PUBLIC) VALUES('ROLE_METADATA_PATTERN', 'URL_PATTERN', 'Default Content Provider /selfservice/rest/api/metadata/roleMetadata', 'Y');
			INSERT INTO URI_PATTERN (URI_PATTERN_ID, CONTENT_PROVIDER_ID, PATTERN, IS_PUBLIC, RESOURCE_ID) VALUES('ROLE_METADATA_PATTERN', 'DEFAULT_CP', '/selfservice/rest/api/metadata/roleMetadata', 'Y', 'ROLE_METADATA_PATTERN');
			INSERT INTO URI_AUTH_LEVEL_GRP_XREF (URI_PATTERN_ID, AUTH_LEVEL_GROUPING_ID, EXEC_ORDER) VALUES('ROLE_METADATA_PATTERN', 'NONE', 0);
			
			INSERT INTO RES (RESOURCE_ID, RESOURCE_TYPE_ID, NAME, IS_PUBLIC) VALUES('SEARCH_ROLES_PATTERN', 'URL_PATTERN', 'Default Content Provider /selfservice/rest/api/entitlements/searchRoles', 'Y');
			INSERT INTO URI_PATTERN (URI_PATTERN_ID, CONTENT_PROVIDER_ID, PATTERN, IS_PUBLIC, RESOURCE_ID) VALUES('SEARCH_ROLES_PATTERN', 'DEFAULT_CP', '/selfservice/rest/api/entitlements/searchRoles', 'Y', 'SEARCH_ROLES_PATTERN');
			INSERT INTO URI_AUTH_LEVEL_GRP_XREF (URI_PATTERN_ID, AUTH_LEVEL_GROUPING_ID, EXEC_ORDER) VALUES('SEARCH_ROLES_PATTERN', 'NONE', 0);
			
			INSERT INTO RES (RESOURCE_ID, RESOURCE_TYPE_ID, NAME, IS_PUBLIC) VALUES('GROUP_METADATA_PATTERN', 'URL_PATTERN', 'Default Content Provider /selfservice/rest/api/metadata/groupMetadata', 'Y');
			INSERT INTO URI_PATTERN (URI_PATTERN_ID, CONTENT_PROVIDER_ID, PATTERN, IS_PUBLIC, RESOURCE_ID) VALUES('GROUP_METADATA_PATTERN', 'DEFAULT_CP', '/selfservice/rest/api/metadata/groupMetadata', 'Y', 'GROUP_METADATA_PATTERN');
			INSERT INTO URI_AUTH_LEVEL_GRP_XREF (URI_PATTERN_ID, AUTH_LEVEL_GROUPING_ID, EXEC_ORDER) VALUES('GROUP_METADATA_PATTERN', 'NONE', 0);
			
			INSERT INTO RES (RESOURCE_ID, RESOURCE_TYPE_ID, NAME, IS_PUBLIC) VALUES('SEARCH_GROUPS_PATTERN', 'URL_PATTERN', 'Default Content Provider /selfservice/rest/api/entitlements/searchGroups', 'Y');
			INSERT INTO URI_PATTERN (URI_PATTERN_ID, CONTENT_PROVIDER_ID, PATTERN, IS_PUBLIC, RESOURCE_ID) VALUES('SEARCH_GROUPS_PATTERN', 'DEFAULT_CP', '/selfservice/rest/api/entitlements/searchGroups', 'Y', 'SEARCH_GROUPS_PATTERN');
			INSERT INTO URI_AUTH_LEVEL_GRP_XREF (URI_PATTERN_ID, AUTH_LEVEL_GROUPING_ID, EXEC_ORDER) VALUES('SEARCH_GROUPS_PATTERN', 'NONE', 0);
			
			INSERT INTO RES (RESOURCE_ID, RESOURCE_TYPE_ID, NAME, IS_PUBLIC) VALUES('ORG_METADATA_PATTERN', 'URL_PATTERN', 'Default Content Provider /selfservice/rest/api/metadata/organizationMetadata', 'Y');
			INSERT INTO URI_PATTERN (URI_PATTERN_ID, CONTENT_PROVIDER_ID, PATTERN, IS_PUBLIC, RESOURCE_ID) VALUES('ORG_METADATA_PATTERN', 'DEFAULT_CP', '/selfservice/rest/api/metadata/organizationMetadata', 'Y', 'ORG_METADATA_PATTERN');
			INSERT INTO URI_AUTH_LEVEL_GRP_XREF (URI_PATTERN_ID, AUTH_LEVEL_GROUPING_ID, EXEC_ORDER) VALUES('ORG_METADATA_PATTERN', 'NONE', 0);
			
			INSERT INTO RES (RESOURCE_ID, RESOURCE_TYPE_ID, NAME, IS_PUBLIC) VALUES('SP_PATTERN', 'URL_PATTERN', 'Default Content Provider /idp/sp/*', 'Y');
			INSERT INTO URI_PATTERN (URI_PATTERN_ID, CONTENT_PROVIDER_ID, PATTERN, IS_PUBLIC, RESOURCE_ID) VALUES('SP_PATTERN', 'DEFAULT_CP', '/idp/sp/*', 'Y', 'SP_PATTERN');
			INSERT INTO URI_AUTH_LEVEL_GRP_XREF (URI_PATTERN_ID, AUTH_LEVEL_GROUPING_ID, EXEC_ORDER) VALUES('SP_PATTERN', 'NONE', 0);
			
			INSERT INTO RES (RESOURCE_ID, RESOURCE_TYPE_ID, NAME, IS_PUBLIC) VALUES('PWD_VALIDATION_PATTERN', 'URL_PATTERN', 'Default Content Provider /idp/rest/api/password/validation/*', 'Y');
			INSERT INTO URI_PATTERN (URI_PATTERN_ID, CONTENT_PROVIDER_ID, PATTERN, IS_PUBLIC, RESOURCE_ID) VALUES('PWD_VALIDATION_PATTERN', 'DEFAULT_CP', '/idp/rest/api/password/validation/*', 'Y', 'SP_PATTERN');
			INSERT INTO URI_AUTH_LEVEL_GRP_XREF (URI_PATTERN_ID, AUTH_LEVEL_GROUPING_ID, EXEC_ORDER) VALUES('PWD_VALIDATION_PATTERN', 'NONE', 0);
  END IF;
END;
$$ LANGUAGE plpgsql;

ALTER TABLE MANAGED_SYS ADD CHANGE_END_USER CHAR(1) DEFAULT 'Y' NOT NULL;


DELETE FROM LANGUAGE_MAPPING WHERE REFERENCE_ID = 'CHANGE_PASS_MANAGED_SYS';
DELETE FROM res_to_res_membership WHERE MEMBER_RESOURCE_ID = 'CHANGE_PASS_MANAGED_SYS';
DELETE FROM RES WHERE RESOURCE_ID = 'CHANGE_PASS_MANAGED_SYS';

INSERT INTO RES (RESOURCE_ID, RESOURCE_TYPE_ID, DESCRIPTION, NAME, DISPLAY_ORDER, URL, IS_PUBLIC) 
VALUES ('CHANGE_PASS_MANAGED_SYS','MENU_ITEM','Extended Change password','CHANGE_PASS_MANAGED_SYS',1,'/idp/changePasswordManagedSystem.html','Y');
INSERT INTO res_to_res_membership (RESOURCE_ID, MEMBER_RESOURCE_ID) VALUES('SELFCENTER','CHANGE_PASS_MANAGED_SYS');


INSERT INTO LANGUAGE_MAPPING (ID, LANGUAGE_ID, REFERENCE_ID, REFERENCE_TYPE, TEXT_VALUE) VALUES
  ('CHANGE_PASS_MANAGED_SYS_DESC','1','CHANGE_PASS_MANAGED_SYS','ResourceEntity.displayNameMap','Change Password Extended');


--***************************************RELEASE.3.3***************************************/
--***************************************fix for ATTRIBUTE_MAP***************************************/
UPDATE ATTRIBUTE_MAP SET DATA_TYPE='STRING' WHERE DATA_TYPE IS NULL;
UPDATE ATTRIBUTE_MAP SET DATA_TYPE='STRING' WHERE DATA_TYPE='String';

--***************************************dml/1.localization_for_menu.sql***************************************/
DELETE FROM LANGUAGE_MAPPING WHERE REFERENCE_ID='CHANGE_PASS_MANAGED_SYS';

INSERT INTO LANGUAGE_MAPPING (ID, LANGUAGE_ID, REFERENCE_ID, REFERENCE_TYPE, TEXT_VALUE) VALUES
  ('CHANGE_PASS_MANAGED_SYS_DESC','1','CHANGE_PASS_MANAGED_SYS','ResourceEntity.displayNameMap','Change Password Extended');

INSERT INTO LANGUAGE_MAPPING (ID, LANGUAGE_ID, REFERENCE_ID, REFERENCE_TYPE, TEXT_VALUE) VALUES
  ('CHANGE_PASS_MANAGED_SYS_DESC10','10','CHANGE_PASS_MANAGED_SYS','ResourceEntity.displayNameMap','更改密碼擴展');
INSERT INTO LANGUAGE_MAPPING (ID, LANGUAGE_ID, REFERENCE_ID, REFERENCE_TYPE, TEXT_VALUE) VALUES
  ('CHANGE_PASS_MANAGED_SYS_DESC2','2','CHANGE_PASS_MANAGED_SYS','ResourceEntity.displayNameMap','Passwort ändern Erweiterte');
INSERT INTO LANGUAGE_MAPPING (ID, LANGUAGE_ID, REFERENCE_ID, REFERENCE_TYPE, TEXT_VALUE) VALUES
  ('CHANGE_PASS_MANAGED_SYS_DESC4','4','CHANGE_PASS_MANAGED_SYS','ResourceEntity.displayNameMap','Cambiar contraseña Extended');
INSERT INTO LANGUAGE_MAPPING (ID, LANGUAGE_ID, REFERENCE_ID, REFERENCE_TYPE, TEXT_VALUE) VALUES
  ('CHANGE_PASS_MANAGED_SYS_DESC8','8','CHANGE_PASS_MANAGED_SYS','ResourceEntity.displayNameMap','Расширенная смена пароля');
INSERT INTO LANGUAGE_MAPPING (ID, LANGUAGE_ID, REFERENCE_ID, REFERENCE_TYPE, TEXT_VALUE) VALUES
  ('CHANGE_PASS_MANAGED_SYS_DESC9','9','CHANGE_PASS_MANAGED_SYS','ResourceEntity.displayNameMap','パスワードの変更は、拡張');
INSERT INTO LANGUAGE_MAPPING (ID, LANGUAGE_ID, REFERENCE_ID, REFERENCE_TYPE, TEXT_VALUE) VALUES
  ('CHANGE_PASS_MANAGED_SYS_DESC11','11','CHANGE_PASS_MANAGED_SYS','ResourceEntity.displayNameMap','Alterar senha Extensão');

--***************************************dml/2.managed_sys_drop_ATTRIBUTE_NAMES_LOOKUP.sql ***************************************/
alter table MANAGED_SYS drop column ATTRIBUTE_NAMES_LOOKUP;

--***************************************dml/3.alter_sync_config_connection_url_length.sql***************************************/
ALTER TABLE SYNCH_CONFIG ALTER COLUMN CONNECTION_URL TYPE VARCHAR(500);
ALTER TABLE SYNCH_CONFIG ALTER COLUMN CONNECTION_URL SET DEFAULT NULL;

--***************************************ddl/1.Location_ddl.sql***************************************/
DELETE FROM LOCATION;
ALTER TABLE LOCATION ALTER COLUMN ACTIVE TYPE CHAR(1);
ALTER TABLE LOCATION ALTER COLUMN ACTIVE SET DEFAULT 'Y';
ALTER TABLE LOCATION ALTER COLUMN NAME TYPE VARCHAR(100);
ALTER TABLE LOCATION ALTER COLUMN COUNTRY TYPE VARCHAR(100);
ALTER TABLE LOCATION ALTER COLUMN CITY TYPE VARCHAR(100);
ALTER TABLE LOCATION ALTER COLUMN STATE TYPE VARCHAR(100);
ALTER TABLE LOCATION ALTER COLUMN POSTAL_CD TYPE VARCHAR(100);
ALTER TABLE LOCATION ALTER COLUMN BLDG_NUM TYPE VARCHAR(100);
ALTER TABLE ADDRESS ADD COLUMN COPY_FROM_LOCATION_ID VARCHAR(32);

commit;
--***************************************dml/4.Location.sql***************************************/
DELETE FROM res_to_res_membership WHERE MEMBER_RESOURCE_ID = 'ORG_LOCATION';
DELETE FROM RESOURCE_ROLE WHERE RESOURCE_ID = 'ORG_LOCATION';
DELETE FROM RESOURCE_PROP WHERE RESOURCE_PROP_ID = 'ORG_LOCATION_PUB';
DELETE FROM RESOURCE_PROP WHERE RESOURCE_PROP_ID = 'ORG_LOCATION_DESC';
DELETE FROM LANGUAGE_MAPPING WHERE REFERENCE_ID = 'ORG_LOCATION';
DELETE FROM RES WHERE RESOURCE_ID = 'ORG_LOCATION';
DELETE FROM LOCATION;

INSERT INTO RES (RESOURCE_ID, RESOURCE_TYPE_ID, NAME, DESCRIPTION, URL, DISPLAY_ORDER) VALUES('ORG_LOCATION', 'MENU_ITEM', 'ORG_LOCATION', 'Organization Location','/webconsole/organizationLocation.html',3);
INSERT INTO RESOURCE_PROP (RESOURCE_PROP_ID, RESOURCE_ID, NAME, ATTR_VALUE) VALUES ('ORG_LOCATION_PUB', 'ORG_LOCATION', 'MENU_IS_PUBLIC', 'true');
INSERT INTO RESOURCE_PROP (RESOURCE_PROP_ID, RESOURCE_ID, NAME, ATTR_VALUE) VALUES ('ORG_LOCATION_DESC', 'ORG_LOCATION', 'MENU_DISPLAY_NAME', 'Organization Location');
INSERT INTO res_to_res_membership (RESOURCE_ID, MEMBER_RESOURCE_ID) VALUES('ORGANIZATION_EDIT_ID', 'ORG_LOCATION');
INSERT INTO RESOURCE_ROLE (RESOURCE_ID, ROLE_ID) VALUES ('ORG_LOCATION', '9');
INSERT INTO LANGUAGE_MAPPING (ID,LANGUAGE_ID,REFERENCE_ID,REFERENCE_TYPE,TEXT_VALUE) VALUES ('ESORG_LOCATION','1','ORG_LOCATION','ResourceEntity.displayNameMap','Organization Location');

commit;
--***************************************ddl/2.addr_location_extend_addr.sql***************************************/
ALTER TABLE LOCATION ALTER COLUMN ADDRESS1 TYPE VARCHAR(400);
ALTER TABLE LOCATION ALTER COLUMN ADDRESS2 TYPE VARCHAR(400);
ALTER TABLE LOCATION ALTER COLUMN ADDRESS3 TYPE VARCHAR(400);

ALTER TABLE ADDRESS ALTER COLUMN ADDRESS1 TYPE VARCHAR(400);
ALTER TABLE ADDRESS ALTER COLUMN ADDRESS2 TYPE VARCHAR(400);
ALTER TABLE ADDRESS ALTER COLUMN ADDRESS3 TYPE VARCHAR(400);
ALTER TABLE ADDRESS ALTER COLUMN ADDRESS4 TYPE VARCHAR(400);
ALTER TABLE ADDRESS ALTER COLUMN ADDRESS5 TYPE VARCHAR(400);
ALTER TABLE ADDRESS ALTER COLUMN ADDRESS6 TYPE VARCHAR(400);
ALTER TABLE ADDRESS ALTER COLUMN ADDRESS7 TYPE VARCHAR(400);

commit;
--***************************************ddl/3.alter_group_table.sql***************************************/
ALTER TABLE GRP ADD COLUMN GRP_CLASSIFICATION VARCHAR(32) NULL;
ALTER TABLE GRP ADD COLUMN AD_GRP_TYPE VARCHAR(32) NULL;
ALTER TABLE GRP ADD COLUMN AD_GRP_SCOPE VARCHAR(32) NULL;
ALTER TABLE GRP ADD COLUMN GRP_RISK VARCHAR(32) NULL;
ALTER TABLE GRP ADD COLUMN MAX_USER_NUMBER INT NULL;
ALTER TABLE GRP ADD COLUMN MEMBERSHIP_DURATION_SECONDS NUMERIC(20) NULL;

ALTER TABLE GRP	ADD CONSTRAINT GRP_CLASS_FK FOREIGN KEY (GRP_CLASSIFICATION) REFERENCES METADATA_TYPE (TYPE_ID);
ALTER TABLE GRP	ADD CONSTRAINT GRP_AD_TYPE_FK FOREIGN KEY (AD_GRP_TYPE) REFERENCES METADATA_TYPE (TYPE_ID);
ALTER TABLE GRP	ADD CONSTRAINT GRP_AD_SCOPE_FK FOREIGN KEY (AD_GRP_SCOPE) REFERENCES METADATA_TYPE (TYPE_ID);
ALTER TABLE GRP	ADD CONSTRAINT GRP_RISK_FK FOREIGN KEY (GRP_RISK) REFERENCES METADATA_TYPE (TYPE_ID);

CREATE TABLE GROUP_ORGANIZATION (
  GRP_ID VARCHAR(32) NULL,
  COMPANY_ID VARCHAR(32) NULL,
  CONSTRAINT FK_GRP FOREIGN KEY (GRP_ID)REFERENCES GRP (GRP_ID),
  CONSTRAINT FK_ORG FOREIGN KEY (COMPANY_ID) REFERENCES COMPANY (COMPANY_ID));
  
ALTER TABLE GRP DROP CONSTRAINT GRP_COMPANY_FK;
ALTER TABLE GRP DROP COLUMN COMPANY_ID;

commit;
--***************************************dml/5.add_group_types.sql***************************************/
INSERT INTO METADATA_TYPE (TYPE_ID, DESCRIPTION, ACTIVE, SYNC_MANAGED_SYS, GROUPING, IS_BINARY, IS_SENSITIVE) VALUES ('m', 'Admin Group', 'Y', 'Y', 'GROUP_CLASSIFICATION', 'N', 'N');
INSERT INTO METADATA_TYPE (TYPE_ID, DESCRIPTION, ACTIVE, SYNC_MANAGED_SYS, GROUPING, IS_BINARY, IS_SENSITIVE) VALUES ('a', 'Application Group', 'Y', 'Y', 'GROUP_CLASSIFICATION', 'N', 'N');
INSERT INTO METADATA_TYPE (TYPE_ID, DESCRIPTION, ACTIVE, SYNC_MANAGED_SYS, GROUPING, IS_BINARY, IS_SENSITIVE) VALUES ('g', 'Other Group', 'Y', 'Y', 'GROUP_CLASSIFICATION', 'N', 'N');
INSERT INTO METADATA_TYPE (TYPE_ID, DESCRIPTION, ACTIVE, SYNC_MANAGED_SYS, GROUPING, IS_BINARY, IS_SENSITIVE) VALUES ('SECURITY_GROUP', 'Security Group', 'Y', 'Y', 'AD_GROUP_TYPE', 'N', 'N');
INSERT INTO METADATA_TYPE (TYPE_ID, DESCRIPTION, ACTIVE, SYNC_MANAGED_SYS, GROUPING, IS_BINARY, IS_SENSITIVE) VALUES ('DISTRIBUTION_GROUP', 'Distribution Group', 'Y', 'Y', 'AD_GROUP_TYPE', 'N', 'N');
INSERT INTO METADATA_TYPE (TYPE_ID, DESCRIPTION, ACTIVE, SYNC_MANAGED_SYS, GROUPING, IS_BINARY, IS_SENSITIVE) VALUES ('Universal', 'Universal', 'Y', 'Y', 'AD_GROUP_SCOPE', 'N', 'N');
INSERT INTO METADATA_TYPE (TYPE_ID, DESCRIPTION, ACTIVE, SYNC_MANAGED_SYS, GROUPING, IS_BINARY, IS_SENSITIVE) VALUES ('Global', 'Global', 'Y', 'Y', 'AD_GROUP_SCOPE', 'N', 'N');
INSERT INTO METADATA_TYPE (TYPE_ID, DESCRIPTION, ACTIVE, SYNC_MANAGED_SYS, GROUPING, IS_BINARY, IS_SENSITIVE) VALUES ('Domain_Local', 'Domain Local', 'Y', 'Y', 'AD_GROUP_SCOPE', 'N', 'N');
INSERT INTO METADATA_TYPE (TYPE_ID, DESCRIPTION, ACTIVE, SYNC_MANAGED_SYS, GROUPING, IS_BINARY, IS_SENSITIVE) VALUES ('HIGH_RISK', 'High Risk', 'N', 'N', 'RISK', 'N', 'N');
INSERT INTO METADATA_TYPE (TYPE_ID, DESCRIPTION, ACTIVE, SYNC_MANAGED_SYS, GROUPING, IS_BINARY, IS_SENSITIVE) VALUES ('LOW_RISK', 'Low Risk', 'N', 'N', 'RISK', 'N', 'N');

INSERT INTO METADATA_TYPE (TYPE_ID, DESCRIPTION, ACTIVE, SYNC_MANAGED_SYS, GROUPING, IS_BINARY, IS_SENSITIVE) VALUES ('AD_GROUP', 'AD GROUP', 'Y', 'N', 'GROUP_TYPE', 'N', 'N');
INSERT INTO METADATA_TYPE (TYPE_ID, DESCRIPTION, ACTIVE, SYNC_MANAGED_SYS, GROUPING, IS_BINARY, IS_SENSITIVE) VALUES ('GENERAL_GROUP', 'General Group', 'Y', 'N', 'GROUP_TYPE', 'N', 'N');


insert into LANGUAGE_MAPPING(ID, LANGUAGE_ID, REFERENCE_ID, REFERENCE_TYPE, TEXT_VALUE) VALUES('ENApplicationGroup','1','a','MetadataTypeEntity.displayNameMap','Application Group');
insert into LANGUAGE_MAPPING(ID, LANGUAGE_ID, REFERENCE_ID, REFERENCE_TYPE, TEXT_VALUE) VALUES('ENOtherGroup','1','g','MetadataTypeEntity.displayNameMap','Other Group');
insert into LANGUAGE_MAPPING(ID, LANGUAGE_ID, REFERENCE_ID, REFERENCE_TYPE, TEXT_VALUE) VALUES('ENAdminGroup','1','m','MetadataTypeEntity.displayNameMap','Admin Group');
insert into LANGUAGE_MAPPING(ID, LANGUAGE_ID, REFERENCE_ID, REFERENCE_TYPE, TEXT_VALUE) VALUES('ENDISTRIBUTION_GROUP','1','DISTRIBUTION_GROUP','MetadataTypeEntity.displayNameMap','Distribution Group');
insert into LANGUAGE_MAPPING(ID, LANGUAGE_ID, REFERENCE_ID, REFERENCE_TYPE, TEXT_VALUE) VALUES('ENSECURITY_GROUP','1','SECURITY_GROUP','MetadataTypeEntity.displayNameMap','Security Group');
insert into LANGUAGE_MAPPING(ID, LANGUAGE_ID, REFERENCE_ID, REFERENCE_TYPE, TEXT_VALUE) VALUES('ENDomain_Local','1','Domain_Local','MetadataTypeEntity.displayNameMap','Domain Local');
insert into LANGUAGE_MAPPING(ID, LANGUAGE_ID, REFERENCE_ID, REFERENCE_TYPE, TEXT_VALUE) VALUES('ENGlobal','1','Global','MetadataTypeEntity.displayNameMap','Global');
insert into LANGUAGE_MAPPING(ID, LANGUAGE_ID, REFERENCE_ID, REFERENCE_TYPE, TEXT_VALUE) VALUES('ENUniversal','1','Universal','MetadataTypeEntity.displayNameMap','Universal');
insert into LANGUAGE_MAPPING(ID, LANGUAGE_ID, REFERENCE_ID, REFERENCE_TYPE, TEXT_VALUE) VALUES('ENHIGH_RISK','1','HIGH_RISK','MetadataTypeEntity.displayNameMap','High');
insert into LANGUAGE_MAPPING(ID, LANGUAGE_ID, REFERENCE_ID, REFERENCE_TYPE, TEXT_VALUE) VALUES('ENLOW_RISK','1','LOW_RISK','MetadataTypeEntity.displayNameMap','Low');

insert into LANGUAGE_MAPPING(ID, LANGUAGE_ID, REFERENCE_ID, REFERENCE_TYPE, TEXT_VALUE) VALUES('ENAD_GROUP','1','AD_GROUP','MetadataTypeEntity.displayNameMap','AD Group Type');
insert into LANGUAGE_MAPPING(ID, LANGUAGE_ID, REFERENCE_ID, REFERENCE_TYPE, TEXT_VALUE) VALUES('ENGENERAL_GROUP','1','GENERAL_GROUP','MetadataTypeEntity.displayNameMap','General Group Type');

commit;
--***************************************dml/6.challenge_questions_menus.sql***************************************/
DELETE FROM res_to_res_membership WHERE MEMBER_RESOURCE_ID IN ('WEBCONSOLE_CHALLENGE_QUEST');
DELETE FROM RESOURCE_USER WHERE RESOURCE_ID IN ('WEBCONSOLE_CHALLENGE_QUEST');
DELETE FROM RESOURCE_ROLE WHERE RESOURCE_ID IN ('WEBCONSOLE_CHALLENGE_QUEST');
DELETE FROM RESOURCE_PROP WHERE RESOURCE_ID IN ('WEBCONSOLE_CHALLENGE_QUEST');
DELETE FROM RESOURCE_GROUP WHERE RESOURCE_ID IN ('WEBCONSOLE_CHALLENGE_QUEST');
DELETE FROM RES WHERE RESOURCE_ID IN ('WEBCONSOLE_CHALLENGE_QUEST');
DELETE FROM LANGUAGE_MAPPING WHERE REFERENCE_ID IN ('WEBCONSOLE_CHALLENGE_QUEST');

INSERT INTO RES (RESOURCE_ID, RESOURCE_TYPE_ID, DESCRIPTION, NAME, COORELATED_NAME, URL, DISPLAY_ORDER, IS_PUBLIC) VALUES ('WEBCONSOLE_CHALLENGE_QUEST', 'MENU_ITEM', 'Challenge Response', 'WEBCONSOLE_CHALLENGE_QUEST', 'WEBCONSOLE_CHALLENGE_QUEST', '/webconsole/challengeQuestRes.html', 20, 'N');
INSERT INTO RESOURCE_PROP (RESOURCE_PROP_ID, RESOURCE_ID, NAME, ATTR_VALUE) VALUES ('WEBCONSOLE_CHALLENGE_QUEST_PUB', 'WEBCONSOLE_CHALLENGE_QUEST', 'MENU_IS_PUBLIC', 'false');
INSERT INTO RESOURCE_PROP (RESOURCE_PROP_ID, RESOURCE_ID, NAME, ATTR_VALUE) VALUES ('WEBCONSOLE_CHALLENGE_QUEST_DESC', 'WEBCONSOLE_CHALLENGE_QUEST', 'MENU_DISPLAY_NAME', 'Challenge Response');
INSERT INTO RESOURCE_PROP (RESOURCE_PROP_ID, RESOURCE_ID, NAME, ATTR_VALUE) VALUES ('WEBCONSOLE_CHALLENGE_QUEST_VIS', 'WEBCONSOLE_CHALLENGE_QUEST', 'IS_VISIBLE', 'false');


INSERT INTO res_to_res_membership (RESOURCE_ID, MEMBER_RESOURCE_ID) VALUES('USER_EDIT_MENU', 'WEBCONSOLE_CHALLENGE_QUEST');

INSERT INTO LANGUAGE_MAPPING (ID, LANGUAGE_ID, REFERENCE_ID, REFERENCE_TYPE, TEXT_VALUE) VALUES ('EN_WEBCONSOLE_CHALLENGE_QUEST','1','WEBCONSOLE_CHALLENGE_QUEST','ResourceEntity.displayNameMap','Challenge Response');
INSERT INTO LANGUAGE_MAPPING (ID, LANGUAGE_ID, REFERENCE_ID, REFERENCE_TYPE, TEXT_VALUE) VALUES  ('DE_WEBCONSOLE_CHALLENGE_QUEST','2','WEBCONSOLE_CHALLENGE_QUEST','ResourceEntity.displayNameMap','Challenge Response');
INSERT INTO LANGUAGE_MAPPING (ID, LANGUAGE_ID, REFERENCE_ID, REFERENCE_TYPE, TEXT_VALUE) VALUES  ('ES_WEBCONSOLE_CHALLENGE_QUEST','4','WEBCONSOLE_CHALLENGE_QUEST','ResourceEntity.displayNameMap','Challenge Response');
INSERT INTO LANGUAGE_MAPPING (ID, LANGUAGE_ID, REFERENCE_ID, REFERENCE_TYPE, TEXT_VALUE) VALUES  ('RU_WEBCONSOLE_CHALLENGE_QUEST','8','WEBCONSOLE_CHALLENGE_QUEST','ResourceEntity.displayNameMap','Challenge Response');
INSERT INTO LANGUAGE_MAPPING (ID, LANGUAGE_ID, REFERENCE_ID, REFERENCE_TYPE, TEXT_VALUE) VALUES  ('JP_WEBCONSOLE_CHALLENGE_QUEST','9','WEBCONSOLE_CHALLENGE_QUEST','ResourceEntity.displayNameMap','Challenge Response');
INSERT INTO LANGUAGE_MAPPING (ID, LANGUAGE_ID, REFERENCE_ID, REFERENCE_TYPE, TEXT_VALUE) VALUES  ('ZH_WEBCONSOLE_CHALLENGE_QUEST','10','WEBCONSOLE_CHALLENGE_QUEST','ResourceEntity.displayNameMap','Challenge Response');
INSERT INTO LANGUAGE_MAPPING (ID, LANGUAGE_ID, REFERENCE_ID, REFERENCE_TYPE, TEXT_VALUE) VALUES  ('PT_WEBCONSOLE_CHALLENGE_QUEST','11','WEBCONSOLE_CHALLENGE_QUEST','ResourceEntity.displayNameMap','Challenge Response');

commit;
--***************************************dml/7.bulk_operation_for_group_menu.sql***************************************/
DELETE FROM res_to_res_membership WHERE MEMBER_RESOURCE_ID = 'SS_GRP_BULK_OP';
DELETE FROM RESOURCE_ROLE WHERE RESOURCE_ID = 'SS_GRP_BULK_OP';
DELETE FROM RESOURCE_PROP WHERE RESOURCE_PROP_ID = 'SS_GRP_BULK_OP_PUB';
DELETE FROM RESOURCE_PROP WHERE RESOURCE_PROP_ID = 'SS_GRP_BULK_OP_DESC';
DELETE FROM LANGUAGE_MAPPING WHERE REFERENCE_ID = 'SS_GRP_BULK_OP';
DELETE FROM RES WHERE RESOURCE_ID = 'SS_GRP_BULK_OP';

INSERT INTO RES (RESOURCE_ID, RESOURCE_TYPE_ID, NAME, DESCRIPTION, URL, DISPLAY_ORDER) VALUES('SS_GRP_BULK_OP', 'MENU_ITEM', 'GRP_BULK_OP', 'Bulk Operations','/selfservice/groupsBulkOperations.html',4);
INSERT INTO RESOURCE_PROP (RESOURCE_PROP_ID, RESOURCE_ID, NAME, ATTR_VALUE) VALUES ('SS_GRP_BULK_OP_PUB', 'SS_GRP_BULK_OP', 'MENU_IS_PUBLIC', 'true');
INSERT INTO RESOURCE_PROP (RESOURCE_PROP_ID, RESOURCE_ID, NAME, ATTR_VALUE) VALUES ('SS_GRP_BULK_OP_DESC', 'SS_GRP_BULK_OP', 'MENU_DISPLAY_NAME', 'Bulk Operations');

INSERT INTO res_to_res_membership (RESOURCE_ID, MEMBER_RESOURCE_ID) VALUES('SELFSRV_GRP_SRCH_ROOT', 'SS_GRP_BULK_OP');

INSERT INTO RESOURCE_ROLE (RESOURCE_ID, ROLE_ID) VALUES ('SS_GRP_BULK_OP', '9');

INSERT INTO LANGUAGE_MAPPING (ID,LANGUAGE_ID,REFERENCE_ID,REFERENCE_TYPE,TEXT_VALUE) VALUES ('ENSS_GRP_BULK_OP','1','SS_GRP_BULK_OP','ResourceEntity.displayNameMap','Bulk Operations');
INSERT INTO LANGUAGE_MAPPING (ID,LANGUAGE_ID,REFERENCE_ID,REFERENCE_TYPE,TEXT_VALUE) VALUES ('RUSS_GRP_BULK_OP','8','SS_GRP_BULK_OP','ResourceEntity.displayNameMap','Пакетная обработка');

commit;
--***************************************dml/8.add_btns_on_entitlements.sql***************************************/

DELETE FROM res_to_res_membership WHERE MEMBER_RESOURCE_ID IN ('ENT_USR_ROLE_BTN_ROOT', 'ROLES_ADD_BTN', 'ROLES_EDT_BTN', 'ROLES_DEL_BTN', 'ROLES_INFO_BTN', 'ROLES_PROV_BTN', 'ROLES_DEPROV_BTN');
DELETE FROM res_to_res_membership WHERE RESOURCE_ID IN ('ENT_USR_ROLE_BTN_ROOT', 'ROLES_ADD_BTN', 'ROLES_EDT_BTN', 'ROLES_DEL_BTN', 'ROLES_INFO_BTN', 'ROLES_PROV_BTN', 'ROLES_DEPROV_BTN');
DELETE FROM RESOURCE_USER WHERE RESOURCE_ID IN ('ENT_USR_ROLE_BTN_ROOT', 'ROLES_ADD_BTN', 'ROLES_EDT_BTN', 'ROLES_DEL_BTN', 'ROLES_INFO_BTN', 'ROLES_PROV_BTN', 'ROLES_DEPROV_BTN');
DELETE FROM RESOURCE_ROLE WHERE RESOURCE_ID IN ('ENT_USR_ROLE_BTN_ROOT', 'ROLES_ADD_BTN', 'ROLES_EDT_BTN', 'ROLES_DEL_BTN', 'ROLES_INFO_BTN', 'ROLES_PROV_BTN', 'ROLES_DEPROV_BTN');
DELETE FROM RESOURCE_PROP WHERE RESOURCE_ID IN ('ENT_USR_ROLE_BTN_ROOT', 'ROLES_ADD_BTN', 'ROLES_EDT_BTN', 'ROLES_DEL_BTN', 'ROLES_INFO_BTN', 'ROLES_PROV_BTN', 'ROLES_DEPROV_BTN');
DELETE FROM RESOURCE_GROUP WHERE RESOURCE_ID IN ('ENT_USR_ROLE_BTN_ROOT', 'ROLES_ADD_BTN', 'ROLES_EDT_BTN', 'ROLES_DEL_BTN', 'ROLES_INFO_BTN', 'ROLES_PROV_BTN', 'ROLES_DEPROV_BTN');
DELETE FROM LANGUAGE_MAPPING WHERE REFERENCE_TYPE='ResourceEntity.displayNameMap' and REFERENCE_ID IN ('ENT_USR_ROLE_BTN_ROOT', 'ROLES_ADD_BTN', 'ROLES_EDT_BTN', 'ROLES_DEL_BTN', 'ROLES_INFO_BTN', 'ROLES_PROV_BTN', 'ROLES_DEPROV_BTN');
DELETE FROM RES WHERE RESOURCE_ID IN ('ENT_USR_ROLE_BTN_ROOT', 'ROLES_ADD_BTN', 'ROLES_EDT_BTN', 'ROLES_DEL_BTN', 'ROLES_INFO_BTN', 'ROLES_PROV_BTN', 'ROLES_DEPROV_BTN');

INSERT INTO RES (RESOURCE_ID, RESOURCE_TYPE_ID, DESCRIPTION, NAME, COORELATED_NAME, URL, DISPLAY_ORDER, IS_PUBLIC) VALUES ('ENT_USR_ROLE_BTN_ROOT', 'MENU_ITEM', 'Root menu for UserRole Membership', 'ENT_USR_ROLE_BTN_ROOT', 'ENT_USR_ROLE_BTN_ROOT', null, 20, 'N');
INSERT INTO RESOURCE_PROP (RESOURCE_PROP_ID, RESOURCE_ID, NAME, ATTR_VALUE) VALUES ('ENT_USR_ROLE_BTN_ROOT_PUB', 'ENT_USR_ROLE_BTN_ROOT', 'MENU_IS_PUBLIC', 'false');
INSERT INTO RESOURCE_PROP (RESOURCE_PROP_ID, RESOURCE_ID, NAME, ATTR_VALUE) VALUES ('ENT_USR_ROLE_BTN_ROOT_DESC', 'ENT_USR_ROLE_BTN_ROOT', 'MENU_DISPLAY_NAME', 'Root menu for UserRole Membership');

INSERT INTO RES (RESOURCE_ID, RESOURCE_TYPE_ID, DESCRIPTION, NAME, COORELATED_NAME, URL, DISPLAY_ORDER, IS_PUBLIC) VALUES ('ROLES_ADD_BTN', 'MENU_ITEM', 'Add User To Role', 'ROLES_ADD_BTN', 'ROLES_ADD_BTN', '/webconsole/addUserToRole.html', 21, 'N');
INSERT INTO RESOURCE_PROP (RESOURCE_PROP_ID, RESOURCE_ID, NAME, ATTR_VALUE) VALUES ('ROLES_ADD_BTN_PUB', 'ROLES_ADD_BTN', 'MENU_IS_PUBLIC', 'false');
INSERT INTO RESOURCE_PROP (RESOURCE_PROP_ID, RESOURCE_ID, NAME, ATTR_VALUE) VALUES ('ROLES_ADD_BTN_DESC', 'ROLES_ADD_BTN', 'MENU_DISPLAY_NAME', 'Add User To Role');

INSERT INTO RES (RESOURCE_ID, RESOURCE_TYPE_ID, DESCRIPTION, NAME, COORELATED_NAME, URL, DISPLAY_ORDER, IS_PUBLIC) VALUES ('ROLES_EDT_BTN', 'MENU_ITEM', 'Edit Role', 'ROLES_EDT_BTN', 'ROLES_EDT_BTN', null, 22, 'N');
INSERT INTO RESOURCE_PROP (RESOURCE_PROP_ID, RESOURCE_ID, NAME, ATTR_VALUE) VALUES ('ROLES_EDT_BTN_PUB', 'ROLES_EDT_BTN', 'MENU_IS_PUBLIC', 'false');
INSERT INTO RESOURCE_PROP (RESOURCE_PROP_ID, RESOURCE_ID, NAME, ATTR_VALUE) VALUES ('ROLES_EDT_BTN_DESC', 'ROLES_EDT_BTN', 'MENU_DISPLAY_NAME', 'Edit Role');

INSERT INTO RES (RESOURCE_ID, RESOURCE_TYPE_ID, DESCRIPTION, NAME, COORELATED_NAME, URL, DISPLAY_ORDER, IS_PUBLIC) VALUES ('ROLES_DEL_BTN', 'MENU_ITEM', 'Delete User from Role', 'ROLES_DEL_BTN', 'ROLES_DEL_BTN', '/webconsole/removeUserFromRole.html', 23, 'N');
INSERT INTO RESOURCE_PROP (RESOURCE_PROP_ID, RESOURCE_ID, NAME, ATTR_VALUE) VALUES ('ROLES_DEL_BTN_PUB', 'ROLES_DEL_BTN', 'MENU_IS_PUBLIC', 'false');
INSERT INTO RESOURCE_PROP (RESOURCE_PROP_ID, RESOURCE_ID, NAME, ATTR_VALUE) VALUES ('ROLES_DEL_BTN_DESC', 'ROLES_DEL_BTN', 'MENU_DISPLAY_NAME', 'Delete User from Role');

INSERT INTO RES (RESOURCE_ID, RESOURCE_TYPE_ID, DESCRIPTION, NAME, COORELATED_NAME, URL, DISPLAY_ORDER, IS_PUBLIC) VALUES ('ROLES_INFO_BTN', 'MENU_ITEM', 'Role Info', 'ROLES_INFO_BTN', 'ROLES_INFO_BTN', null, 24, 'N');
INSERT INTO RESOURCE_PROP (RESOURCE_PROP_ID, RESOURCE_ID, NAME, ATTR_VALUE) VALUES ('ROLES_INFO_BTN_PUB', 'ROLES_INFO_BTN', 'MENU_IS_PUBLIC', 'false');
INSERT INTO RESOURCE_PROP (RESOURCE_PROP_ID, RESOURCE_ID, NAME, ATTR_VALUE) VALUES ('ROLES_INFO_BTN_DESC', 'ROLES_INFO_BTN', 'MENU_DISPLAY_NAME', 'Role Info');

INSERT INTO RES (RESOURCE_ID, RESOURCE_TYPE_ID, DESCRIPTION, NAME, COORELATED_NAME, URL, DISPLAY_ORDER, IS_PUBLIC) VALUES ('ROLES_PROV_BTN', 'MENU_ITEM', 'Provision User by Role', 'ROLES_PROV_BTN', 'ROLES_PROV_BTN', '/webconsole/provisionUserByRole.html', 25, 'N');
INSERT INTO RESOURCE_PROP (RESOURCE_PROP_ID, RESOURCE_ID, NAME, ATTR_VALUE) VALUES ('ROLES_PROV_BTN_PUB', 'ROLES_PROV_BTN', 'MENU_IS_PUBLIC', 'false');
INSERT INTO RESOURCE_PROP (RESOURCE_PROP_ID, RESOURCE_ID, NAME, ATTR_VALUE) VALUES ('ROLES_PROV_BTN_DESC', 'ROLES_PROV_BTN', 'MENU_DISPLAY_NAME', 'Provision User by Role');

INSERT INTO RES (RESOURCE_ID, RESOURCE_TYPE_ID, DESCRIPTION, NAME, COORELATED_NAME, URL, DISPLAY_ORDER, IS_PUBLIC) VALUES ('ROLES_DEPROV_BTN', 'MENU_ITEM', 'DeProvision User by Role', 'ROLES_DEPROV_BTN', 'ROLES_DEPROV_BTN', '/webconsole/deprovisionUserByRole.html', 26, 'N');
INSERT INTO RESOURCE_PROP (RESOURCE_PROP_ID, RESOURCE_ID, NAME, ATTR_VALUE) VALUES ('ROLES_DEPROV_BTN_PUB', 'ROLES_DEPROV_BTN', 'MENU_IS_PUBLIC', 'false');
INSERT INTO RESOURCE_PROP (RESOURCE_PROP_ID, RESOURCE_ID, NAME, ATTR_VALUE) VALUES ('ROLES_DEPROV_BTN_DESC', 'ROLES_DEPROV_BTN', 'MENU_DISPLAY_NAME', 'DeProvision User by Role');

INSERT INTO res_to_res_membership (RESOURCE_ID, MEMBER_RESOURCE_ID) VALUES('ENT_USR_ROLE_BTN_ROOT', 'ROLES_ADD_BTN');
INSERT INTO res_to_res_membership (RESOURCE_ID, MEMBER_RESOURCE_ID) VALUES('ENT_USR_ROLE_BTN_ROOT', 'ROLES_EDT_BTN');
INSERT INTO res_to_res_membership (RESOURCE_ID, MEMBER_RESOURCE_ID) VALUES('ENT_USR_ROLE_BTN_ROOT', 'ROLES_DEL_BTN');
INSERT INTO res_to_res_membership (RESOURCE_ID, MEMBER_RESOURCE_ID) VALUES('ENT_USR_ROLE_BTN_ROOT', 'ROLES_INFO_BTN');
INSERT INTO res_to_res_membership (RESOURCE_ID, MEMBER_RESOURCE_ID) VALUES('ENT_USR_ROLE_BTN_ROOT', 'ROLES_PROV_BTN');
INSERT INTO res_to_res_membership (RESOURCE_ID, MEMBER_RESOURCE_ID) VALUES('ENT_USR_ROLE_BTN_ROOT', 'ROLES_DEPROV_BTN');

INSERT INTO RESOURCE_ROLE (RESOURCE_ID, ROLE_ID) VALUES ('ENT_USR_ROLE_BTN_ROOT', '9');
INSERT INTO RESOURCE_ROLE (RESOURCE_ID, ROLE_ID) VALUES ('ROLES_ADD_BTN', '9');
INSERT INTO RESOURCE_ROLE (RESOURCE_ID, ROLE_ID) VALUES ('ROLES_EDT_BTN', '9');
INSERT INTO RESOURCE_ROLE (RESOURCE_ID, ROLE_ID) VALUES ('ROLES_DEL_BTN', '9');
INSERT INTO RESOURCE_ROLE (RESOURCE_ID, ROLE_ID) VALUES ('ROLES_INFO_BTN', '9');
INSERT INTO RESOURCE_ROLE (RESOURCE_ID, ROLE_ID) VALUES ('ROLES_PROV_BTN', '9');
INSERT INTO RESOURCE_ROLE (RESOURCE_ID, ROLE_ID) VALUES ('ROLES_DEPROV_BTN', '9');

INSERT INTO LANGUAGE_MAPPING (ID, LANGUAGE_ID, REFERENCE_ID, REFERENCE_TYPE, TEXT_VALUE) VALUES ('EN_ENT_USR_ROLE_BTN_ROOT','1','ENT_USR_ROLE_BTN_ROOT','ResourceEntity.displayNameMap','User Role Membership Buttons');
INSERT INTO LANGUAGE_MAPPING (ID, LANGUAGE_ID, REFERENCE_ID, REFERENCE_TYPE, TEXT_VALUE) VALUES ('DE_ENT_USR_ROLE_BTN_ROOT','2','ENT_USR_ROLE_BTN_ROOT','ResourceEntity.displayNameMap','User Role Membership Buttons');
INSERT INTO LANGUAGE_MAPPING (ID, LANGUAGE_ID, REFERENCE_ID, REFERENCE_TYPE, TEXT_VALUE) VALUES ('ES_ENT_USR_ROLE_BTN_ROOT','4','ENT_USR_ROLE_BTN_ROOT','ResourceEntity.displayNameMap','User Role Membership Buttons');
INSERT INTO LANGUAGE_MAPPING (ID, LANGUAGE_ID, REFERENCE_ID, REFERENCE_TYPE, TEXT_VALUE) VALUES ('RU_ENT_USR_ROLE_BTN_ROOT','8','ENT_USR_ROLE_BTN_ROOT','ResourceEntity.displayNameMap','User Role Membership Buttons');
INSERT INTO LANGUAGE_MAPPING (ID, LANGUAGE_ID, REFERENCE_ID, REFERENCE_TYPE, TEXT_VALUE) VALUES ('JP_ENT_USR_ROLE_BTN_ROOT','9','ENT_USR_ROLE_BTN_ROOT','ResourceEntity.displayNameMap','User Role Membership Buttons');
INSERT INTO LANGUAGE_MAPPING (ID, LANGUAGE_ID, REFERENCE_ID, REFERENCE_TYPE, TEXT_VALUE) VALUES ('ZH_ENT_USR_ROLE_BTN_ROOT','10','ENT_USR_ROLE_BTN_ROOT','ResourceEntity.displayNameMap','User Role Membership Buttons');
INSERT INTO LANGUAGE_MAPPING (ID, LANGUAGE_ID, REFERENCE_ID, REFERENCE_TYPE, TEXT_VALUE) VALUES ('PT_ENT_USR_ROLE_BTN_ROOT','11','ENT_USR_ROLE_BTN_ROOT','ResourceEntity.displayNameMap','User Role Membership Buttons');

INSERT INTO LANGUAGE_MAPPING (ID, LANGUAGE_ID, REFERENCE_ID, REFERENCE_TYPE, TEXT_VALUE) VALUES ('EN_ROLES_ADD_BTN','1','ROLES_ADD_BTN','ResourceEntity.displayNameMap','Add Role to User');
INSERT INTO LANGUAGE_MAPPING (ID, LANGUAGE_ID, REFERENCE_ID, REFERENCE_TYPE, TEXT_VALUE) VALUES ('DE_ROLES_ADD_BTN','2','ROLES_ADD_BTN','ResourceEntity.displayNameMap','Add Role to User');
INSERT INTO LANGUAGE_MAPPING (ID, LANGUAGE_ID, REFERENCE_ID, REFERENCE_TYPE, TEXT_VALUE) VALUES ('ES_ROLES_ADD_BTN','4','ROLES_ADD_BTN','ResourceEntity.displayNameMap','Add Role to User');
INSERT INTO LANGUAGE_MAPPING (ID, LANGUAGE_ID, REFERENCE_ID, REFERENCE_TYPE, TEXT_VALUE) VALUES ('RU_ROLES_ADD_BTN','8','ROLES_ADD_BTN','ResourceEntity.displayNameMap','Add Role to User');
INSERT INTO LANGUAGE_MAPPING (ID, LANGUAGE_ID, REFERENCE_ID, REFERENCE_TYPE, TEXT_VALUE) VALUES ('JP_ROLES_ADD_BTN','9','ROLES_ADD_BTN','ResourceEntity.displayNameMap','Add Role to User');
INSERT INTO LANGUAGE_MAPPING (ID, LANGUAGE_ID, REFERENCE_ID, REFERENCE_TYPE, TEXT_VALUE) VALUES ('ZH_ROLES_ADD_BTN','10','ROLES_ADD_BTN','ResourceEntity.displayNameMap','Add Role to User');
INSERT INTO LANGUAGE_MAPPING (ID, LANGUAGE_ID, REFERENCE_ID, REFERENCE_TYPE, TEXT_VALUE) VALUES ('PT_ROLES_ADD_BTN','11','ROLES_ADD_BTN','ResourceEntity.displayNameMap','Add Role to User');

INSERT INTO LANGUAGE_MAPPING (ID, LANGUAGE_ID, REFERENCE_ID, REFERENCE_TYPE, TEXT_VALUE) VALUES ('EN_ROLES_EDT_BTN','1','ROLES_EDT_BTN','ResourceEntity.displayNameMap','Edit Role');
INSERT INTO LANGUAGE_MAPPING (ID, LANGUAGE_ID, REFERENCE_ID, REFERENCE_TYPE, TEXT_VALUE) VALUES ('DE_ROLES_EDT_BTN','2','ROLES_EDT_BTN','ResourceEntity.displayNameMap','Edit Role');
INSERT INTO LANGUAGE_MAPPING (ID, LANGUAGE_ID, REFERENCE_ID, REFERENCE_TYPE, TEXT_VALUE) VALUES ('ES_ROLES_EDT_BTN','4','ROLES_EDT_BTN','ResourceEntity.displayNameMap','Edit Role');
INSERT INTO LANGUAGE_MAPPING (ID, LANGUAGE_ID, REFERENCE_ID, REFERENCE_TYPE, TEXT_VALUE) VALUES ('RU_ROLES_EDT_BTN','8','ROLES_EDT_BTN','ResourceEntity.displayNameMap','Edit Role');
INSERT INTO LANGUAGE_MAPPING (ID, LANGUAGE_ID, REFERENCE_ID, REFERENCE_TYPE, TEXT_VALUE) VALUES ('JP_ROLES_EDT_BTN','9','ROLES_EDT_BTN','ResourceEntity.displayNameMap','Edit Role');
INSERT INTO LANGUAGE_MAPPING (ID, LANGUAGE_ID, REFERENCE_ID, REFERENCE_TYPE, TEXT_VALUE) VALUES ('ZH_ROLES_EDT_BTN','10','ROLES_EDT_BTN','ResourceEntity.displayNameMap','Edit Role');
INSERT INTO LANGUAGE_MAPPING (ID, LANGUAGE_ID, REFERENCE_ID, REFERENCE_TYPE, TEXT_VALUE) VALUES ('PT_ROLES_EDT_BTN','11','ROLES_EDT_BTN','ResourceEntity.displayNameMap','Edit Role');

INSERT INTO LANGUAGE_MAPPING (ID, LANGUAGE_ID, REFERENCE_ID, REFERENCE_TYPE, TEXT_VALUE) VALUES ('EN_ROLES_DEL_BTN','1','ROLES_DEL_BTN','ResourceEntity.displayNameMap','Remove Role from User');
INSERT INTO LANGUAGE_MAPPING (ID, LANGUAGE_ID, REFERENCE_ID, REFERENCE_TYPE, TEXT_VALUE) VALUES ('DE_ROLES_DEL_BTN','2','ROLES_DEL_BTN','ResourceEntity.displayNameMap','Remove Role from User');
INSERT INTO LANGUAGE_MAPPING (ID, LANGUAGE_ID, REFERENCE_ID, REFERENCE_TYPE, TEXT_VALUE) VALUES ('ES_ROLES_DEL_BTN','4','ROLES_DEL_BTN','ResourceEntity.displayNameMap','Remove Role from User');
INSERT INTO LANGUAGE_MAPPING (ID, LANGUAGE_ID, REFERENCE_ID, REFERENCE_TYPE, TEXT_VALUE) VALUES ('RU_ROLES_DEL_BTN','8','ROLES_DEL_BTN','ResourceEntity.displayNameMap','Remove Role from User');
INSERT INTO LANGUAGE_MAPPING (ID, LANGUAGE_ID, REFERENCE_ID, REFERENCE_TYPE, TEXT_VALUE) VALUES ('JP_ROLES_DEL_BTN','9','ROLES_DEL_BTN','ResourceEntity.displayNameMap','Remove Role from User');
INSERT INTO LANGUAGE_MAPPING (ID, LANGUAGE_ID, REFERENCE_ID, REFERENCE_TYPE, TEXT_VALUE) VALUES ('ZH_ROLES_DEL_BTN','10','ROLES_DEL_BTN','ResourceEntity.displayNameMap','Remove Role from User');
INSERT INTO LANGUAGE_MAPPING (ID, LANGUAGE_ID, REFERENCE_ID, REFERENCE_TYPE, TEXT_VALUE) VALUES ('PT_ROLES_DEL_BTN','11','ROLES_DEL_BTN','ResourceEntity.displayNameMap','Remove Role from User');

INSERT INTO LANGUAGE_MAPPING (ID, LANGUAGE_ID, REFERENCE_ID, REFERENCE_TYPE, TEXT_VALUE) VALUES ('EN_ROLES_INFO_BTN','1','ROLES_INFO_BTN','ResourceEntity.displayNameMap','Role Info');
INSERT INTO LANGUAGE_MAPPING (ID, LANGUAGE_ID, REFERENCE_ID, REFERENCE_TYPE, TEXT_VALUE) VALUES ('DE_ROLES_INFO_BTN','2','ROLES_INFO_BTN','ResourceEntity.displayNameMap','Role Info');
INSERT INTO LANGUAGE_MAPPING (ID, LANGUAGE_ID, REFERENCE_ID, REFERENCE_TYPE, TEXT_VALUE) VALUES ('ES_ROLES_INFO_BTN','4','ROLES_INFO_BTN','ResourceEntity.displayNameMap','Role Info');
INSERT INTO LANGUAGE_MAPPING (ID, LANGUAGE_ID, REFERENCE_ID, REFERENCE_TYPE, TEXT_VALUE) VALUES ('RU_ROLES_INFO_BTN','8','ROLES_INFO_BTN','ResourceEntity.displayNameMap','Role Info');
INSERT INTO LANGUAGE_MAPPING (ID, LANGUAGE_ID, REFERENCE_ID, REFERENCE_TYPE, TEXT_VALUE) VALUES ('JP_ROLES_INFO_BTN','9','ROLES_INFO_BTN','ResourceEntity.displayNameMap','Role Info');
INSERT INTO LANGUAGE_MAPPING (ID, LANGUAGE_ID, REFERENCE_ID, REFERENCE_TYPE, TEXT_VALUE) VALUES ('ZH_ROLES_INFO_BTN','10','ROLES_INFO_BTN','ResourceEntity.displayNameMap','Role Info');
INSERT INTO LANGUAGE_MAPPING (ID, LANGUAGE_ID, REFERENCE_ID, REFERENCE_TYPE, TEXT_VALUE) VALUES ('PT_ROLES_INFO_BTN','11','ROLES_INFO_BTN','ResourceEntity.displayNameMap','Role Info');

INSERT INTO LANGUAGE_MAPPING (ID, LANGUAGE_ID, REFERENCE_ID, REFERENCE_TYPE, TEXT_VALUE) VALUES ('EN_ROLES_PROV_BTN','1','ROLES_PROV_BTN','ResourceEntity.displayNameMap','Provision User By Role');
INSERT INTO LANGUAGE_MAPPING (ID, LANGUAGE_ID, REFERENCE_ID, REFERENCE_TYPE, TEXT_VALUE) VALUES ('DE_ROLES_PROV_BTN','2','ROLES_PROV_BTN','ResourceEntity.displayNameMap','Provision User By Role');
INSERT INTO LANGUAGE_MAPPING (ID, LANGUAGE_ID, REFERENCE_ID, REFERENCE_TYPE, TEXT_VALUE) VALUES ('ES_ROLES_PROV_BTN','4','ROLES_PROV_BTN','ResourceEntity.displayNameMap','Provision User By Role');
INSERT INTO LANGUAGE_MAPPING (ID, LANGUAGE_ID, REFERENCE_ID, REFERENCE_TYPE, TEXT_VALUE) VALUES ('RU_ROLES_PROV_BTN','8','ROLES_PROV_BTN','ResourceEntity.displayNameMap','Provision User By Role');
INSERT INTO LANGUAGE_MAPPING (ID, LANGUAGE_ID, REFERENCE_ID, REFERENCE_TYPE, TEXT_VALUE) VALUES ('JP_ROLES_PROV_BTN','9','ROLES_PROV_BTN','ResourceEntity.displayNameMap','Provision User By Role');
INSERT INTO LANGUAGE_MAPPING (ID, LANGUAGE_ID, REFERENCE_ID, REFERENCE_TYPE, TEXT_VALUE) VALUES ('ZH_ROLES_PROV_BTN','10','ROLES_PROV_BTN','ResourceEntity.displayNameMap','Provision User By Role');
INSERT INTO LANGUAGE_MAPPING (ID, LANGUAGE_ID, REFERENCE_ID, REFERENCE_TYPE, TEXT_VALUE) VALUES ('PT_ROLES_PROV_BTN','11','ROLES_PROV_BTN','ResourceEntity.displayNameMap','Provision User By Role');

INSERT INTO LANGUAGE_MAPPING (ID, LANGUAGE_ID, REFERENCE_ID, REFERENCE_TYPE, TEXT_VALUE) VALUES ('EN_ROLES_DEPROV_BTN','1','ROLES_DEPROV_BTN','ResourceEntity.displayNameMap','DeProvision User By Role');
INSERT INTO LANGUAGE_MAPPING (ID, LANGUAGE_ID, REFERENCE_ID, REFERENCE_TYPE, TEXT_VALUE) VALUES ('DE_ROLES_DEPROV_BTN','2','ROLES_DEPROV_BTN','ResourceEntity.displayNameMap','DeProvision User By Role');
INSERT INTO LANGUAGE_MAPPING (ID, LANGUAGE_ID, REFERENCE_ID, REFERENCE_TYPE, TEXT_VALUE) VALUES ('ES_ROLES_DEPROV_BTN','4','ROLES_DEPROV_BTN','ResourceEntity.displayNameMap','DeProvision User By Role');
INSERT INTO LANGUAGE_MAPPING (ID, LANGUAGE_ID, REFERENCE_ID, REFERENCE_TYPE, TEXT_VALUE) VALUES ('RU_ROLES_DEPROV_BTN','8','ROLES_DEPROV_BTN','ResourceEntity.displayNameMap','DeProvision User By Role');
INSERT INTO LANGUAGE_MAPPING (ID, LANGUAGE_ID, REFERENCE_ID, REFERENCE_TYPE, TEXT_VALUE) VALUES ('JP_ROLES_DEPROV_BTN','9','ROLES_DEPROV_BTN','ResourceEntity.displayNameMap','DeProvision User By Role');
INSERT INTO LANGUAGE_MAPPING (ID, LANGUAGE_ID, REFERENCE_ID, REFERENCE_TYPE, TEXT_VALUE) VALUES ('ZH_ROLES_DEPROV_BTN','10','ROLES_DEPROV_BTN','ResourceEntity.displayNameMap','DeProvision User By Role');
INSERT INTO LANGUAGE_MAPPING (ID, LANGUAGE_ID, REFERENCE_ID, REFERENCE_TYPE, TEXT_VALUE) VALUES ('PT_ROLES_DEPROV_BTN','11','ROLES_DEPROV_BTN','ResourceEntity.displayNameMap','DeProvision User By Role');

DELETE FROM res_to_res_membership WHERE MEMBER_RESOURCE_ID IN ('ENT_USR_GRP_BTN_ROOT', 'GROUPS_ADD_BTN', 'GROUPS_EDT_BTN', 'GROUPS_DEL_BTN', 'GROUPS_INFO_BTN', 'GROUPS_PROV_BTN', 'GROUPS_DEPROV_BTN');
DELETE FROM res_to_res_membership WHERE RESOURCE_ID IN ('ENT_USR_GRP_BTN_ROOT', 'GROUPS_ADD_BTN', 'GROUPS_EDT_BTN', 'GROUPS_DEL_BTN', 'GROUPS_INFO_BTN', 'GROUPS_PROV_BTN', 'GROUPS_DEPROV_BTN');
DELETE FROM RESOURCE_USER WHERE RESOURCE_ID IN ('ENT_USR_GRP_BTN_ROOT', 'GROUPS_ADD_BTN', 'GROUPS_EDT_BTN', 'GROUPS_DEL_BTN', 'GROUPS_INFO_BTN', 'GROUPS_PROV_BTN', 'GROUPS_DEPROV_BTN');
DELETE FROM RESOURCE_ROLE WHERE RESOURCE_ID IN ('ENT_USR_GRP_BTN_ROOT', 'GROUPS_ADD_BTN', 'GROUPS_EDT_BTN', 'GROUPS_DEL_BTN', 'GROUPS_INFO_BTN', 'GROUPS_PROV_BTN', 'GROUPS_DEPROV_BTN');
DELETE FROM RESOURCE_PROP WHERE RESOURCE_ID IN ('ENT_USR_GRP_BTN_ROOT', 'GROUPS_ADD_BTN', 'GROUPS_EDT_BTN', 'GROUPS_DEL_BTN', 'GROUPS_INFO_BTN', 'GROUPS_PROV_BTN', 'GROUPS_DEPROV_BTN');
DELETE FROM RESOURCE_GROUP WHERE RESOURCE_ID IN ('ENT_USR_GRP_BTN_ROOT', 'GROUPS_ADD_BTN', 'GROUPS_EDT_BTN', 'GROUPS_DEL_BTN', 'GROUPS_INFO_BTN', 'GROUPS_PROV_BTN', 'GROUPS_DEPROV_BTN');
DELETE FROM LANGUAGE_MAPPING WHERE REFERENCE_TYPE='ResourceEntity.displayNameMap' and REFERENCE_ID IN ('ENT_USR_GRP_BTN_ROOT', 'GROUPS_ADD_BTN', 'GROUPS_EDT_BTN', 'GROUPS_DEL_BTN', 'GROUPS_INFO_BTN', 'GROUPS_PROV_BTN', 'GROUPS_DEPROV_BTN');
DELETE FROM RES WHERE RESOURCE_ID IN ('ENT_USR_GRP_BTN_ROOT', 'GROUPS_ADD_BTN', 'GROUPS_EDT_BTN', 'GROUPS_DEL_BTN', 'GROUPS_INFO_BTN', 'GROUPS_PROV_BTN', 'GROUPS_DEPROV_BTN');

INSERT INTO RES (RESOURCE_ID, RESOURCE_TYPE_ID, DESCRIPTION, NAME, COORELATED_NAME, URL, DISPLAY_ORDER, IS_PUBLIC) VALUES ('ENT_USR_GRP_BTN_ROOT', 'MENU_ITEM', 'Root menu for UserGroup Membership', 'ENT_USR_GRP_BTN_ROOT', 'ENT_USR_GRP_BTN_ROOT', null, 30, 'N');
INSERT INTO RESOURCE_PROP (RESOURCE_PROP_ID, RESOURCE_ID, NAME, ATTR_VALUE) VALUES ('ENT_USR_GRP_BTN_ROOT_PUB', 'ENT_USR_GRP_BTN_ROOT', 'MENU_IS_PUBLIC', 'false');
INSERT INTO RESOURCE_PROP (RESOURCE_PROP_ID, RESOURCE_ID, NAME, ATTR_VALUE) VALUES ('ENT_USR_GRP_BTN_ROOT_DESC', 'ENT_USR_GRP_BTN_ROOT', 'MENU_DISPLAY_NAME', 'Root menu for UserGroup Membership');

INSERT INTO RES (RESOURCE_ID, RESOURCE_TYPE_ID, DESCRIPTION, NAME, COORELATED_NAME, URL, DISPLAY_ORDER, IS_PUBLIC) VALUES ('GROUPS_ADD_BTN', 'MENU_ITEM', 'Add User To Group', 'GROUPS_ADD_BTN', 'GROUPS_ADD_BTN', '/webconsole/addUserToGroup.html', 31, 'N');
INSERT INTO RESOURCE_PROP (RESOURCE_PROP_ID, RESOURCE_ID, NAME, ATTR_VALUE) VALUES ('GROUPS_ADD_BTN_PUB', 'GROUPS_ADD_BTN', 'MENU_IS_PUBLIC', 'false');
INSERT INTO RESOURCE_PROP (RESOURCE_PROP_ID, RESOURCE_ID, NAME, ATTR_VALUE) VALUES ('GROUPS_ADD_BTN_DESC', 'GROUPS_ADD_BTN', 'MENU_DISPLAY_NAME', 'Add User To Group');

INSERT INTO RES (RESOURCE_ID, RESOURCE_TYPE_ID, DESCRIPTION, NAME, COORELATED_NAME, URL, DISPLAY_ORDER, IS_PUBLIC) VALUES ('GROUPS_EDT_BTN', 'MENU_ITEM', 'Edit Group', 'GROUPS_EDT_BTN', 'GROUPS_EDT_BTN', null, 32, 'N');
INSERT INTO RESOURCE_PROP (RESOURCE_PROP_ID, RESOURCE_ID, NAME, ATTR_VALUE) VALUES ('GROUPS_EDT_BTN_PUB', 'GROUPS_EDT_BTN', 'MENU_IS_PUBLIC', 'false');
INSERT INTO RESOURCE_PROP (RESOURCE_PROP_ID, RESOURCE_ID, NAME, ATTR_VALUE) VALUES ('GROUPS_EDT_BTN_DESC', 'GROUPS_EDT_BTN', 'MENU_DISPLAY_NAME', 'Edit Group');

INSERT INTO RES (RESOURCE_ID, RESOURCE_TYPE_ID, DESCRIPTION, NAME, COORELATED_NAME, URL, DISPLAY_ORDER, IS_PUBLIC) VALUES ('GROUPS_DEL_BTN', 'MENU_ITEM', 'Delete User from Group', 'GROUPS_DEL_BTN', 'GROUPS_DEL_BTN', '/webconsole/removeUserFromGroup.html', 33, 'N');
INSERT INTO RESOURCE_PROP (RESOURCE_PROP_ID, RESOURCE_ID, NAME, ATTR_VALUE) VALUES ('GROUPS_DEL_BTN_PUB', 'GROUPS_DEL_BTN', 'MENU_IS_PUBLIC', 'false');
INSERT INTO RESOURCE_PROP (RESOURCE_PROP_ID, RESOURCE_ID, NAME, ATTR_VALUE) VALUES ('GROUPS_DEL_BTN_DESC', 'GROUPS_DEL_BTN', 'MENU_DISPLAY_NAME', 'Delete User from Group');

INSERT INTO RES (RESOURCE_ID, RESOURCE_TYPE_ID, DESCRIPTION, NAME, COORELATED_NAME, URL, DISPLAY_ORDER, IS_PUBLIC) VALUES ('GROUPS_INFO_BTN', 'MENU_ITEM', 'Group Info', 'GROUPS_INFO_BTN', 'GROUPS_INFO_BTN', null, 34, 'N');
INSERT INTO RESOURCE_PROP (RESOURCE_PROP_ID, RESOURCE_ID, NAME, ATTR_VALUE) VALUES ('GROUPS_INFO_BTN_PUB', 'GROUPS_INFO_BTN', 'MENU_IS_PUBLIC', 'false');
INSERT INTO RESOURCE_PROP (RESOURCE_PROP_ID, RESOURCE_ID, NAME, ATTR_VALUE) VALUES ('GROUPS_INFO_BTN_DESC', 'GROUPS_INFO_BTN', 'MENU_DISPLAY_NAME', 'Group Info');

INSERT INTO RES (RESOURCE_ID, RESOURCE_TYPE_ID, DESCRIPTION, NAME, COORELATED_NAME, URL, DISPLAY_ORDER, IS_PUBLIC) VALUES ('GROUPS_PROV_BTN', 'MENU_ITEM', 'Provision User by Group', 'GROUPS_PROV_BTN', 'GROUPS_PROV_BTN', '/webconsole/provisionUserByGroup.html', 35, 'N');
INSERT INTO RESOURCE_PROP (RESOURCE_PROP_ID, RESOURCE_ID, NAME, ATTR_VALUE) VALUES ('GROUPS_PROV_BTN_PUB', 'GROUPS_PROV_BTN', 'MENU_IS_PUBLIC', 'false');
INSERT INTO RESOURCE_PROP (RESOURCE_PROP_ID, RESOURCE_ID, NAME, ATTR_VALUE) VALUES ('GROUPS_PROV_BTN_DESC', 'GROUPS_PROV_BTN', 'MENU_DISPLAY_NAME', 'Provision User by Group');

INSERT INTO RES (RESOURCE_ID, RESOURCE_TYPE_ID, DESCRIPTION, NAME, COORELATED_NAME, URL, DISPLAY_ORDER, IS_PUBLIC) VALUES ('GROUPS_DEPROV_BTN', 'MENU_ITEM', 'DeProvision User by Group', 'GROUPS_DEPROV_BTN', 'GROUPS_DEPROV_BTN', '/webconsole/deprovisionUserByGroup.html', 36, 'N');
INSERT INTO RESOURCE_PROP (RESOURCE_PROP_ID, RESOURCE_ID, NAME, ATTR_VALUE) VALUES ('GROUPS_DEPROV_BTN_PUB', 'GROUPS_DEPROV_BTN', 'MENU_IS_PUBLIC', 'false');
INSERT INTO RESOURCE_PROP (RESOURCE_PROP_ID, RESOURCE_ID, NAME, ATTR_VALUE) VALUES ('GROUPS_DEPROV_BTN_DESC', 'GROUPS_DEPROV_BTN', 'MENU_DISPLAY_NAME', 'DeProvision User by Group');

INSERT INTO res_to_res_membership (RESOURCE_ID, MEMBER_RESOURCE_ID) VALUES('ENT_USR_GRP_BTN_ROOT', 'GROUPS_ADD_BTN');
INSERT INTO res_to_res_membership (RESOURCE_ID, MEMBER_RESOURCE_ID) VALUES('ENT_USR_GRP_BTN_ROOT', 'GROUPS_EDT_BTN');
INSERT INTO res_to_res_membership (RESOURCE_ID, MEMBER_RESOURCE_ID) VALUES('ENT_USR_GRP_BTN_ROOT', 'GROUPS_DEL_BTN');
INSERT INTO res_to_res_membership (RESOURCE_ID, MEMBER_RESOURCE_ID) VALUES('ENT_USR_GRP_BTN_ROOT', 'GROUPS_INFO_BTN');
INSERT INTO res_to_res_membership (RESOURCE_ID, MEMBER_RESOURCE_ID) VALUES('ENT_USR_GRP_BTN_ROOT', 'GROUPS_PROV_BTN');
INSERT INTO res_to_res_membership (RESOURCE_ID, MEMBER_RESOURCE_ID) VALUES('ENT_USR_GRP_BTN_ROOT', 'GROUPS_DEPROV_BTN');
INSERT INTO RESOURCE_ROLE (RESOURCE_ID, ROLE_ID) VALUES ('ENT_USR_GRP_BTN_ROOT', '9');
INSERT INTO RESOURCE_ROLE (RESOURCE_ID, ROLE_ID) VALUES ('GROUPS_ADD_BTN', '9');
INSERT INTO RESOURCE_ROLE (RESOURCE_ID, ROLE_ID) VALUES ('GROUPS_EDT_BTN', '9');
INSERT INTO RESOURCE_ROLE (RESOURCE_ID, ROLE_ID) VALUES ('GROUPS_DEL_BTN', '9');
INSERT INTO RESOURCE_ROLE (RESOURCE_ID, ROLE_ID) VALUES ('GROUPS_INFO_BTN', '9');
INSERT INTO RESOURCE_ROLE (RESOURCE_ID, ROLE_ID) VALUES ('GROUPS_PROV_BTN', '9');
INSERT INTO RESOURCE_ROLE (RESOURCE_ID, ROLE_ID) VALUES ('GROUPS_DEPROV_BTN', '9');

INSERT INTO LANGUAGE_MAPPING (ID, LANGUAGE_ID, REFERENCE_ID, REFERENCE_TYPE, TEXT_VALUE) VALUES ('EN_ENT_USR_GRP_BTN_ROOT','1','ENT_USR_GRP_BTN_ROOT','ResourceEntity.displayNameMap','User Group Membership Buttons');
INSERT INTO LANGUAGE_MAPPING (ID, LANGUAGE_ID, REFERENCE_ID, REFERENCE_TYPE, TEXT_VALUE) VALUES ('DE_ENT_USR_GRP_BTN_ROOT','2','ENT_USR_GRP_BTN_ROOT','ResourceEntity.displayNameMap','User Group Membership Buttons');
INSERT INTO LANGUAGE_MAPPING (ID, LANGUAGE_ID, REFERENCE_ID, REFERENCE_TYPE, TEXT_VALUE) VALUES ('ES_ENT_USR_GRP_BTN_ROOT','4','ENT_USR_GRP_BTN_ROOT','ResourceEntity.displayNameMap','User Group Membership Buttons');
INSERT INTO LANGUAGE_MAPPING (ID, LANGUAGE_ID, REFERENCE_ID, REFERENCE_TYPE, TEXT_VALUE) VALUES ('RU_ENT_USR_GRP_BTN_ROOT','8','ENT_USR_GRP_BTN_ROOT','ResourceEntity.displayNameMap','User Group Membership Buttons');
INSERT INTO LANGUAGE_MAPPING (ID, LANGUAGE_ID, REFERENCE_ID, REFERENCE_TYPE, TEXT_VALUE) VALUES ('JP_ENT_USR_GRP_BTN_ROOT','9','ENT_USR_GRP_BTN_ROOT','ResourceEntity.displayNameMap','User Group Membership Buttons');
INSERT INTO LANGUAGE_MAPPING (ID, LANGUAGE_ID, REFERENCE_ID, REFERENCE_TYPE, TEXT_VALUE) VALUES ('ZH_ENT_USR_GRP_BTN_ROOT','10','ENT_USR_GRP_BTN_ROOT','ResourceEntity.displayNameMap','User Group Membership Buttons');
INSERT INTO LANGUAGE_MAPPING (ID, LANGUAGE_ID, REFERENCE_ID, REFERENCE_TYPE, TEXT_VALUE) VALUES ('PT_ENT_USR_GRP_BTN_ROOT','11','ENT_USR_GRP_BTN_ROOT','ResourceEntity.displayNameMap','User Group Membership Buttons');

INSERT INTO LANGUAGE_MAPPING (ID, LANGUAGE_ID, REFERENCE_ID, REFERENCE_TYPE, TEXT_VALUE) VALUES ('EN_GROUPS_ADD_BTN','1','GROUPS_ADD_BTN','ResourceEntity.displayNameMap','Add Group to User');
INSERT INTO LANGUAGE_MAPPING (ID, LANGUAGE_ID, REFERENCE_ID, REFERENCE_TYPE, TEXT_VALUE) VALUES ('DE_GROUPS_ADD_BTN','2','GROUPS_ADD_BTN','ResourceEntity.displayNameMap','Add Group to User');
INSERT INTO LANGUAGE_MAPPING (ID, LANGUAGE_ID, REFERENCE_ID, REFERENCE_TYPE, TEXT_VALUE) VALUES ('ES_GROUPS_ADD_BTN','4','GROUPS_ADD_BTN','ResourceEntity.displayNameMap','Add Group to User');
INSERT INTO LANGUAGE_MAPPING (ID, LANGUAGE_ID, REFERENCE_ID, REFERENCE_TYPE, TEXT_VALUE) VALUES ('RU_GROUPS_ADD_BTN','8','GROUPS_ADD_BTN','ResourceEntity.displayNameMap','Add Group to User');
INSERT INTO LANGUAGE_MAPPING (ID, LANGUAGE_ID, REFERENCE_ID, REFERENCE_TYPE, TEXT_VALUE) VALUES ('JP_GROUPS_ADD_BTN','9','GROUPS_ADD_BTN','ResourceEntity.displayNameMap','Add Group to User');
INSERT INTO LANGUAGE_MAPPING (ID, LANGUAGE_ID, REFERENCE_ID, REFERENCE_TYPE, TEXT_VALUE) VALUES ('ZH_GROUPS_ADD_BTN','10','GROUPS_ADD_BTN','ResourceEntity.displayNameMap','Add Group to User');
INSERT INTO LANGUAGE_MAPPING (ID, LANGUAGE_ID, REFERENCE_ID, REFERENCE_TYPE, TEXT_VALUE) VALUES ('PT_GROUPS_ADD_BTN','11','GROUPS_ADD_BTN','ResourceEntity.displayNameMap','Add Group to User');

INSERT INTO LANGUAGE_MAPPING (ID, LANGUAGE_ID, REFERENCE_ID, REFERENCE_TYPE, TEXT_VALUE) VALUES ('EN_GROUPS_EDT_BTN','1','GROUPS_EDT_BTN','ResourceEntity.displayNameMap','Edit Group');
INSERT INTO LANGUAGE_MAPPING (ID, LANGUAGE_ID, REFERENCE_ID, REFERENCE_TYPE, TEXT_VALUE) VALUES ('DE_GROUPS_EDT_BTN','2','GROUPS_EDT_BTN','ResourceEntity.displayNameMap','Edit Group');
INSERT INTO LANGUAGE_MAPPING (ID, LANGUAGE_ID, REFERENCE_ID, REFERENCE_TYPE, TEXT_VALUE) VALUES ('ES_GROUPS_EDT_BTN','4','GROUPS_EDT_BTN','ResourceEntity.displayNameMap','Edit Group');
INSERT INTO LANGUAGE_MAPPING (ID, LANGUAGE_ID, REFERENCE_ID, REFERENCE_TYPE, TEXT_VALUE) VALUES ('RU_GROUPS_EDT_BTN','8','GROUPS_EDT_BTN','ResourceEntity.displayNameMap','Edit Group');
INSERT INTO LANGUAGE_MAPPING (ID, LANGUAGE_ID, REFERENCE_ID, REFERENCE_TYPE, TEXT_VALUE) VALUES ('JP_GROUPS_EDT_BTN','9','GROUPS_EDT_BTN','ResourceEntity.displayNameMap','Edit Group');
INSERT INTO LANGUAGE_MAPPING (ID, LANGUAGE_ID, REFERENCE_ID, REFERENCE_TYPE, TEXT_VALUE) VALUES ('ZH_GROUPS_EDT_BTN','10','GROUPS_EDT_BTN','ResourceEntity.displayNameMap','Edit Group');
INSERT INTO LANGUAGE_MAPPING (ID, LANGUAGE_ID, REFERENCE_ID, REFERENCE_TYPE, TEXT_VALUE) VALUES ('PT_GROUPS_EDT_BTN','11','GROUPS_EDT_BTN','ResourceEntity.displayNameMap','Edit Group');

INSERT INTO LANGUAGE_MAPPING (ID, LANGUAGE_ID, REFERENCE_ID, REFERENCE_TYPE, TEXT_VALUE) VALUES ('EN_GROUPS_DEL_BTN','1','GROUPS_DEL_BTN','ResourceEntity.displayNameMap','Remove Group from User');
INSERT INTO LANGUAGE_MAPPING (ID, LANGUAGE_ID, REFERENCE_ID, REFERENCE_TYPE, TEXT_VALUE) VALUES ('DE_GROUPS_DEL_BTN','2','GROUPS_DEL_BTN','ResourceEntity.displayNameMap','Remove Group from User');
INSERT INTO LANGUAGE_MAPPING (ID, LANGUAGE_ID, REFERENCE_ID, REFERENCE_TYPE, TEXT_VALUE) VALUES ('ES_GROUPS_DEL_BTN','4','GROUPS_DEL_BTN','ResourceEntity.displayNameMap','Remove Group from User');
INSERT INTO LANGUAGE_MAPPING (ID, LANGUAGE_ID, REFERENCE_ID, REFERENCE_TYPE, TEXT_VALUE) VALUES ('RU_GROUPS_DEL_BTN','8','GROUPS_DEL_BTN','ResourceEntity.displayNameMap','Remove Group from User');
INSERT INTO LANGUAGE_MAPPING (ID, LANGUAGE_ID, REFERENCE_ID, REFERENCE_TYPE, TEXT_VALUE) VALUES ('JP_GROUPS_DEL_BTN','9','GROUPS_DEL_BTN','ResourceEntity.displayNameMap','Remove Group from User');
INSERT INTO LANGUAGE_MAPPING (ID, LANGUAGE_ID, REFERENCE_ID, REFERENCE_TYPE, TEXT_VALUE) VALUES ('ZH_GROUPS_DEL_BTN','10','GROUPS_DEL_BTN','ResourceEntity.displayNameMap','Remove Group from User');
INSERT INTO LANGUAGE_MAPPING (ID, LANGUAGE_ID, REFERENCE_ID, REFERENCE_TYPE, TEXT_VALUE) VALUES ('PT_GROUPS_DEL_BTN','11','GROUPS_DEL_BTN','ResourceEntity.displayNameMap','Remove Group from User');

INSERT INTO LANGUAGE_MAPPING (ID, LANGUAGE_ID, REFERENCE_ID, REFERENCE_TYPE, TEXT_VALUE) VALUES ('EN_GROUPS_INFO_BTN','1','GROUPS_INFO_BTN','ResourceEntity.displayNameMap','Group Info');
INSERT INTO LANGUAGE_MAPPING (ID, LANGUAGE_ID, REFERENCE_ID, REFERENCE_TYPE, TEXT_VALUE) VALUES ('DE_GROUPS_INFO_BTN','2','GROUPS_INFO_BTN','ResourceEntity.displayNameMap','Group Info');
INSERT INTO LANGUAGE_MAPPING (ID, LANGUAGE_ID, REFERENCE_ID, REFERENCE_TYPE, TEXT_VALUE) VALUES ('ES_GROUPS_INFO_BTN','4','GROUPS_INFO_BTN','ResourceEntity.displayNameMap','Group Info');
INSERT INTO LANGUAGE_MAPPING (ID, LANGUAGE_ID, REFERENCE_ID, REFERENCE_TYPE, TEXT_VALUE) VALUES ('RU_GROUPS_INFO_BTN','8','GROUPS_INFO_BTN','ResourceEntity.displayNameMap','Group Info');
INSERT INTO LANGUAGE_MAPPING (ID, LANGUAGE_ID, REFERENCE_ID, REFERENCE_TYPE, TEXT_VALUE) VALUES ('JP_GROUPS_INFO_BTN','9','GROUPS_INFO_BTN','ResourceEntity.displayNameMap','Group Info');
INSERT INTO LANGUAGE_MAPPING (ID, LANGUAGE_ID, REFERENCE_ID, REFERENCE_TYPE, TEXT_VALUE) VALUES ('ZH_GROUPS_INFO_BTN','10','GROUPS_INFO_BTN','ResourceEntity.displayNameMap','Group Info');
INSERT INTO LANGUAGE_MAPPING (ID, LANGUAGE_ID, REFERENCE_ID, REFERENCE_TYPE, TEXT_VALUE) VALUES ('PT_GROUPS_INFO_BTN','11','GROUPS_INFO_BTN','ResourceEntity.displayNameMap','Group Info');

INSERT INTO LANGUAGE_MAPPING (ID, LANGUAGE_ID, REFERENCE_ID, REFERENCE_TYPE, TEXT_VALUE) VALUES ('EN_GROUPS_PROV_BTN','1','GROUPS_PROV_BTN','ResourceEntity.displayNameMap','Provision User By Group');
INSERT INTO LANGUAGE_MAPPING (ID, LANGUAGE_ID, REFERENCE_ID, REFERENCE_TYPE, TEXT_VALUE) VALUES ('DE_GROUPS_PROV_BTN','2','GROUPS_PROV_BTN','ResourceEntity.displayNameMap','Provision User By Group');
INSERT INTO LANGUAGE_MAPPING (ID, LANGUAGE_ID, REFERENCE_ID, REFERENCE_TYPE, TEXT_VALUE) VALUES ('ES_GROUPS_PROV_BTN','4','GROUPS_PROV_BTN','ResourceEntity.displayNameMap','Provision User By Group');
INSERT INTO LANGUAGE_MAPPING (ID, LANGUAGE_ID, REFERENCE_ID, REFERENCE_TYPE, TEXT_VALUE) VALUES ('RU_GROUPS_PROV_BTN','8','GROUPS_PROV_BTN','ResourceEntity.displayNameMap','Provision User By Group');
INSERT INTO LANGUAGE_MAPPING (ID, LANGUAGE_ID, REFERENCE_ID, REFERENCE_TYPE, TEXT_VALUE) VALUES ('JP_GROUPS_PROV_BTN','9','GROUPS_PROV_BTN','ResourceEntity.displayNameMap','Provision User By Group');
INSERT INTO LANGUAGE_MAPPING (ID, LANGUAGE_ID, REFERENCE_ID, REFERENCE_TYPE, TEXT_VALUE) VALUES ('ZH_GROUPS_PROV_BTN','10','GROUPS_PROV_BTN','ResourceEntity.displayNameMap','Provision User By Group');
INSERT INTO LANGUAGE_MAPPING (ID, LANGUAGE_ID, REFERENCE_ID, REFERENCE_TYPE, TEXT_VALUE) VALUES ('PT_GROUPS_PROV_BTN','11','GROUPS_PROV_BTN','ResourceEntity.displayNameMap','Provision User By Group');

INSERT INTO LANGUAGE_MAPPING (ID, LANGUAGE_ID, REFERENCE_ID, REFERENCE_TYPE, TEXT_VALUE) VALUES ('EN_GROUPS_DEPROV_BTN','1','GROUPS_DEPROV_BTN','ResourceEntity.displayNameMap','DeProvision User By Group');
INSERT INTO LANGUAGE_MAPPING (ID, LANGUAGE_ID, REFERENCE_ID, REFERENCE_TYPE, TEXT_VALUE) VALUES ('DE_GROUPS_DEPROV_BTN','2','GROUPS_DEPROV_BTN','ResourceEntity.displayNameMap','DeProvision User By Group');
INSERT INTO LANGUAGE_MAPPING (ID, LANGUAGE_ID, REFERENCE_ID, REFERENCE_TYPE, TEXT_VALUE) VALUES ('ES_GROUPS_DEPROV_BTN','4','GROUPS_DEPROV_BTN','ResourceEntity.displayNameMap','DeProvision User By Group');
INSERT INTO LANGUAGE_MAPPING (ID, LANGUAGE_ID, REFERENCE_ID, REFERENCE_TYPE, TEXT_VALUE) VALUES ('RU_GROUPS_DEPROV_BTN','8','GROUPS_DEPROV_BTN','ResourceEntity.displayNameMap','DeProvision User By Group');
INSERT INTO LANGUAGE_MAPPING (ID, LANGUAGE_ID, REFERENCE_ID, REFERENCE_TYPE, TEXT_VALUE) VALUES ('JP_GROUPS_DEPROV_BTN','9','GROUPS_DEPROV_BTN','ResourceEntity.displayNameMap','DeProvision User By Group');
INSERT INTO LANGUAGE_MAPPING (ID, LANGUAGE_ID, REFERENCE_ID, REFERENCE_TYPE, TEXT_VALUE) VALUES ('ZH_GROUPS_DEPROV_BTN','10','GROUPS_DEPROV_BTN','ResourceEntity.displayNameMap','DeProvision User By Group');
INSERT INTO LANGUAGE_MAPPING (ID, LANGUAGE_ID, REFERENCE_ID, REFERENCE_TYPE, TEXT_VALUE) VALUES ('PT_GROUPS_DEPROV_BTN','11','GROUPS_DEPROV_BTN','ResourceEntity.displayNameMap','DeProvision User By Group');


DELETE FROM res_to_res_membership WHERE MEMBER_RESOURCE_ID IN ('ENT_USR_RES_BTN_ROOT', 'RESOURCES_ADD_BTN', 'RESOURCES_EDT_BTN', 'RESOURCES_DEL_BTN', 'RESOURCES_INFO_BTN', 'RESOURCES_PROV_BTN', 'RESOURCES_DEPROV_BTN');
DELETE FROM res_to_res_membership WHERE RESOURCE_ID IN ('ENT_USR_RES_BTN_ROOT', 'RESOURCES_ADD_BTN', 'RESOURCES_EDT_BTN', 'RESOURCES_DEL_BTN', 'RESOURCES_INFO_BTN', 'RESOURCES_PROV_BTN', 'RESOURCES_DEPROV_BTN');
DELETE FROM RESOURCE_USER WHERE RESOURCE_ID IN ('ENT_USR_RES_BTN_ROOT', 'RESOURCES_ADD_BTN', 'RESOURCES_EDT_BTN', 'RESOURCES_DEL_BTN', 'RESOURCES_INFO_BTN', 'RESOURCES_PROV_BTN', 'RESOURCES_DEPROV_BTN');
DELETE FROM RESOURCE_ROLE WHERE RESOURCE_ID IN ('ENT_USR_RES_BTN_ROOT', 'RESOURCES_ADD_BTN', 'RESOURCES_EDT_BTN', 'RESOURCES_DEL_BTN', 'RESOURCES_INFO_BTN', 'RESOURCES_PROV_BTN', 'RESOURCES_DEPROV_BTN');
DELETE FROM RESOURCE_PROP WHERE RESOURCE_ID IN ('ENT_USR_RES_BTN_ROOT', 'RESOURCES_ADD_BTN', 'RESOURCES_EDT_BTN', 'RESOURCES_DEL_BTN', 'RESOURCES_INFO_BTN', 'RESOURCES_PROV_BTN', 'RESOURCES_DEPROV_BTN');
DELETE FROM RESOURCE_GROUP WHERE RESOURCE_ID IN ('ENT_USR_RES_BTN_ROOT', 'RESOURCES_ADD_BTN', 'RESOURCES_EDT_BTN', 'RESOURCES_DEL_BTN', 'RESOURCES_INFO_BTN', 'RESOURCES_PROV_BTN', 'RESOURCES_DEPROV_BTN');
DELETE FROM LANGUAGE_MAPPING WHERE REFERENCE_TYPE='ResourceEntity.displayNameMap' and REFERENCE_ID IN  ('ENT_USR_RES_BTN_ROOT', 'RESOURCES_ADD_BTN', 'RESOURCES_EDT_BTN', 'RESOURCES_DEL_BTN', 'RESOURCES_INFO_BTN', 'RESOURCES_PROV_BTN', 'RESOURCES_DEPROV_BTN');
DELETE FROM RES WHERE RESOURCE_ID IN ('ENT_USR_RES_BTN_ROOT', 'RESOURCES_ADD_BTN', 'RESOURCES_EDT_BTN', 'RESOURCES_DEL_BTN', 'RESOURCES_INFO_BTN', 'RESOURCES_PROV_BTN', 'RESOURCES_DEPROV_BTN');

INSERT INTO RES (RESOURCE_ID, RESOURCE_TYPE_ID, DESCRIPTION, NAME, COORELATED_NAME, URL, DISPLAY_ORDER, IS_PUBLIC) VALUES ('ENT_USR_RES_BTN_ROOT', 'MENU_ITEM', 'Root menu for UserRes Membership', 'ENT_USR_RES_BTN_ROOT', 'ENT_USR_RES_BTN_ROOT', null, 40, 'N');
INSERT INTO RESOURCE_PROP (RESOURCE_PROP_ID, RESOURCE_ID, NAME, ATTR_VALUE) VALUES ('ENT_USR_RES_BTN_ROOT_PUB', 'ENT_USR_RES_BTN_ROOT', 'MENU_IS_PUBLIC', 'false');
INSERT INTO RESOURCE_PROP (RESOURCE_PROP_ID, RESOURCE_ID, NAME, ATTR_VALUE) VALUES ('ENT_USR_RES_BTN_ROOT_DESC', 'ENT_USR_RES_BTN_ROOT', 'MENU_DISPLAY_NAME', 'Root menu for UserRes Membership');

INSERT INTO RES (RESOURCE_ID, RESOURCE_TYPE_ID, DESCRIPTION, NAME, COORELATED_NAME, URL, DISPLAY_ORDER, IS_PUBLIC) VALUES ('RESOURCES_ADD_BTN', 'MENU_ITEM', 'Add User To Resource', 'RESOURCES_ADD_BTN', 'RESOURCES_ADD_BTN', '/webconsole/addUserToResource.html', 41, 'N');
INSERT INTO RESOURCE_PROP (RESOURCE_PROP_ID, RESOURCE_ID, NAME, ATTR_VALUE) VALUES ('RESOURCES_ADD_BTN_PUB', 'RESOURCES_ADD_BTN', 'MENU_IS_PUBLIC', 'false');
INSERT INTO RESOURCE_PROP (RESOURCE_PROP_ID, RESOURCE_ID, NAME, ATTR_VALUE) VALUES ('RESOURCES_ADD_BTN_DESC', 'RESOURCES_ADD_BTN', 'MENU_DISPLAY_NAME', 'Add User To Resource');

INSERT INTO RES (RESOURCE_ID, RESOURCE_TYPE_ID, DESCRIPTION, NAME, COORELATED_NAME, URL, DISPLAY_ORDER, IS_PUBLIC) VALUES ('RESOURCES_EDT_BTN', 'MENU_ITEM', 'Edit Resource', 'RESOURCES_EDT_BTN', 'RESOURCES_EDT_BTN', null, 42, 'N');
INSERT INTO RESOURCE_PROP (RESOURCE_PROP_ID, RESOURCE_ID, NAME, ATTR_VALUE) VALUES ('RESOURCES_EDT_BTN_PUB', 'RESOURCES_EDT_BTN', 'MENU_IS_PUBLIC', 'false');
INSERT INTO RESOURCE_PROP (RESOURCE_PROP_ID, RESOURCE_ID, NAME, ATTR_VALUE) VALUES ('RESOURCES_EDT_BTN_DESC', 'RESOURCES_EDT_BTN', 'MENU_DISPLAY_NAME', 'Edit Resource');

INSERT INTO RES (RESOURCE_ID, RESOURCE_TYPE_ID, DESCRIPTION, NAME, COORELATED_NAME, URL, DISPLAY_ORDER, IS_PUBLIC) VALUES ('RESOURCES_DEL_BTN', 'MENU_ITEM', 'Delete User from Resource', 'RESOURCES_DEL_BTN', 'RESOURCES_DEL_BTN', '/webconsole/removeUserFromResource.html', 43, 'N');
INSERT INTO RESOURCE_PROP (RESOURCE_PROP_ID, RESOURCE_ID, NAME, ATTR_VALUE) VALUES ('RESOURCES_DEL_BTN_PUB', 'RESOURCES_DEL_BTN', 'MENU_IS_PUBLIC', 'false');
INSERT INTO RESOURCE_PROP (RESOURCE_PROP_ID, RESOURCE_ID, NAME, ATTR_VALUE) VALUES ('RESOURCES_DEL_BTN_DESC', 'RESOURCES_DEL_BTN', 'MENU_DISPLAY_NAME', 'Delete User from Resource');

INSERT INTO RES (RESOURCE_ID, RESOURCE_TYPE_ID, DESCRIPTION, NAME, COORELATED_NAME, URL, DISPLAY_ORDER, IS_PUBLIC) VALUES ('RESOURCES_INFO_BTN', 'MENU_ITEM', 'Resource Info', 'RESOURCES_INFO_BTN', 'RESOURCES_INFO_BTN', null, 44, 'N');
INSERT INTO RESOURCE_PROP (RESOURCE_PROP_ID, RESOURCE_ID, NAME, ATTR_VALUE) VALUES ('RESOURCES_INFO_BTN_PUB', 'RESOURCES_INFO_BTN', 'MENU_IS_PUBLIC', 'false');
INSERT INTO RESOURCE_PROP (RESOURCE_PROP_ID, RESOURCE_ID, NAME, ATTR_VALUE) VALUES ('RESOURCES_INFO_BTN_DESC', 'RESOURCES_INFO_BTN', 'MENU_DISPLAY_NAME', 'Resource Info');

INSERT INTO RES (RESOURCE_ID, RESOURCE_TYPE_ID, DESCRIPTION, NAME, COORELATED_NAME, URL, DISPLAY_ORDER, IS_PUBLIC) VALUES ('RESOURCES_PROV_BTN', 'MENU_ITEM', 'Provision User by Resource', 'RESOURCES_PROV_BTN', 'RESOURCES_PROV_BTN', '/webconsole/provisionUserByResource.html', 45, 'N');
INSERT INTO RESOURCE_PROP (RESOURCE_PROP_ID, RESOURCE_ID, NAME, ATTR_VALUE) VALUES ('RESOURCES_PROV_BTN_PUB', 'RESOURCES_PROV_BTN', 'MENU_IS_PUBLIC', 'false');
INSERT INTO RESOURCE_PROP (RESOURCE_PROP_ID, RESOURCE_ID, NAME, ATTR_VALUE) VALUES ('RESOURCES_PROV_BTN_DESC', 'RESOURCES_PROV_BTN', 'MENU_DISPLAY_NAME', 'Provision User by Resource');

INSERT INTO RES (RESOURCE_ID, RESOURCE_TYPE_ID, DESCRIPTION, NAME, COORELATED_NAME, URL, DISPLAY_ORDER, IS_PUBLIC) VALUES ('RESOURCES_DEPROV_BTN', 'MENU_ITEM', 'DeProvision User by Resource', 'RESOURCES_DEPROV_BTN', 'RESOURCES_DEPROV_BTN', '/webconsole/deprovisionUserByResource.html', 46, 'N');
INSERT INTO RESOURCE_PROP (RESOURCE_PROP_ID, RESOURCE_ID, NAME, ATTR_VALUE) VALUES ('RESOURCES_DEPROV_BTN_PUB', 'RESOURCES_DEPROV_BTN', 'MENU_IS_PUBLIC', 'false');
INSERT INTO RESOURCE_PROP (RESOURCE_PROP_ID, RESOURCE_ID, NAME, ATTR_VALUE) VALUES ('RESOURCES_DEPROV_BTN_DESC', 'RESOURCES_DEPROV_BTN', 'MENU_DISPLAY_NAME', 'DeProvision User by Resource');

INSERT INTO res_to_res_membership (RESOURCE_ID, MEMBER_RESOURCE_ID) VALUES('ENT_USR_RES_BTN_ROOT', 'RESOURCES_ADD_BTN');
INSERT INTO res_to_res_membership (RESOURCE_ID, MEMBER_RESOURCE_ID) VALUES('ENT_USR_RES_BTN_ROOT', 'RESOURCES_EDT_BTN');
INSERT INTO res_to_res_membership (RESOURCE_ID, MEMBER_RESOURCE_ID) VALUES('ENT_USR_RES_BTN_ROOT', 'RESOURCES_DEL_BTN');
INSERT INTO res_to_res_membership (RESOURCE_ID, MEMBER_RESOURCE_ID) VALUES('ENT_USR_RES_BTN_ROOT', 'RESOURCES_INFO_BTN');
INSERT INTO res_to_res_membership (RESOURCE_ID, MEMBER_RESOURCE_ID) VALUES('ENT_USR_RES_BTN_ROOT', 'RESOURCES_PROV_BTN');
INSERT INTO res_to_res_membership (RESOURCE_ID, MEMBER_RESOURCE_ID) VALUES('ENT_USR_RES_BTN_ROOT', 'RESOURCES_DEPROV_BTN');
INSERT INTO RESOURCE_ROLE (RESOURCE_ID, ROLE_ID) VALUES ('ENT_USR_RES_BTN_ROOT', '9');
INSERT INTO RESOURCE_ROLE (RESOURCE_ID, ROLE_ID) VALUES ('RESOURCES_ADD_BTN', '9');
INSERT INTO RESOURCE_ROLE (RESOURCE_ID, ROLE_ID) VALUES ('RESOURCES_EDT_BTN', '9');
INSERT INTO RESOURCE_ROLE (RESOURCE_ID, ROLE_ID) VALUES ('RESOURCES_DEL_BTN', '9');
INSERT INTO RESOURCE_ROLE (RESOURCE_ID, ROLE_ID) VALUES ('RESOURCES_INFO_BTN', '9');
INSERT INTO RESOURCE_ROLE (RESOURCE_ID, ROLE_ID) VALUES ('RESOURCES_PROV_BTN', '9');
INSERT INTO RESOURCE_ROLE (RESOURCE_ID, ROLE_ID) VALUES ('RESOURCES_DEPROV_BTN', '9');

INSERT INTO LANGUAGE_MAPPING (ID, LANGUAGE_ID, REFERENCE_ID, REFERENCE_TYPE, TEXT_VALUE) VALUES ('EN_ENT_USR_RES_BTN_ROOT','1','ENT_USR_RES_BTN_ROOT','ResourceEntity.displayNameMap','User Resource Membership Buttons');
INSERT INTO LANGUAGE_MAPPING (ID, LANGUAGE_ID, REFERENCE_ID, REFERENCE_TYPE, TEXT_VALUE) VALUES ('DE_ENT_USR_RES_BTN_ROOT','2','ENT_USR_RES_BTN_ROOT','ResourceEntity.displayNameMap','User Resource Membership Buttons');
INSERT INTO LANGUAGE_MAPPING (ID, LANGUAGE_ID, REFERENCE_ID, REFERENCE_TYPE, TEXT_VALUE) VALUES ('ES_ENT_USR_RES_BTN_ROOT','4','ENT_USR_RES_BTN_ROOT','ResourceEntity.displayNameMap','User Resource Membership Buttons');
INSERT INTO LANGUAGE_MAPPING (ID, LANGUAGE_ID, REFERENCE_ID, REFERENCE_TYPE, TEXT_VALUE) VALUES ('RU_ENT_USR_RES_BTN_ROOT','8','ENT_USR_RES_BTN_ROOT','ResourceEntity.displayNameMap','User Resource Membership Buttons');
INSERT INTO LANGUAGE_MAPPING (ID, LANGUAGE_ID, REFERENCE_ID, REFERENCE_TYPE, TEXT_VALUE) VALUES ('JP_ENT_USR_RES_BTN_ROOT','9','ENT_USR_RES_BTN_ROOT','ResourceEntity.displayNameMap','User Resource Membership Buttons');
INSERT INTO LANGUAGE_MAPPING (ID, LANGUAGE_ID, REFERENCE_ID, REFERENCE_TYPE, TEXT_VALUE) VALUES ('ZH_ENT_USR_RES_BTN_ROOT','10','ENT_USR_RES_BTN_ROOT','ResourceEntity.displayNameMap','User Resource Membership Buttons');
INSERT INTO LANGUAGE_MAPPING (ID, LANGUAGE_ID, REFERENCE_ID, REFERENCE_TYPE, TEXT_VALUE) VALUES ('PT_ENT_USR_RES_BTN_ROOT','11','ENT_USR_RES_BTN_ROOT','ResourceEntity.displayNameMap','User Resource Membership Buttons');

INSERT INTO LANGUAGE_MAPPING (ID, LANGUAGE_ID, REFERENCE_ID, REFERENCE_TYPE, TEXT_VALUE) VALUES ('EN_RESOURCES_ADD_BTN','1','RESOURCES_ADD_BTN','ResourceEntity.displayNameMap','Add Resource to User');
INSERT INTO LANGUAGE_MAPPING (ID, LANGUAGE_ID, REFERENCE_ID, REFERENCE_TYPE, TEXT_VALUE) VALUES ('DE_RESOURCES_ADD_BTN','2','RESOURCES_ADD_BTN','ResourceEntity.displayNameMap','Add Resource to User');
INSERT INTO LANGUAGE_MAPPING (ID, LANGUAGE_ID, REFERENCE_ID, REFERENCE_TYPE, TEXT_VALUE) VALUES ('ES_RESOURCES_ADD_BTN','4','RESOURCES_ADD_BTN','ResourceEntity.displayNameMap','Add Resource to User');
INSERT INTO LANGUAGE_MAPPING (ID, LANGUAGE_ID, REFERENCE_ID, REFERENCE_TYPE, TEXT_VALUE) VALUES ('RU_RESOURCES_ADD_BTN','8','RESOURCES_ADD_BTN','ResourceEntity.displayNameMap','Add Resource to User');
INSERT INTO LANGUAGE_MAPPING (ID, LANGUAGE_ID, REFERENCE_ID, REFERENCE_TYPE, TEXT_VALUE) VALUES ('JP_RESOURCES_ADD_BTN','9','RESOURCES_ADD_BTN','ResourceEntity.displayNameMap','Add Resource to User');
INSERT INTO LANGUAGE_MAPPING (ID, LANGUAGE_ID, REFERENCE_ID, REFERENCE_TYPE, TEXT_VALUE) VALUES ('ZH_RESOURCES_ADD_BTN','10','RESOURCES_ADD_BTN','ResourceEntity.displayNameMap','Add Resource to User');
INSERT INTO LANGUAGE_MAPPING (ID, LANGUAGE_ID, REFERENCE_ID, REFERENCE_TYPE, TEXT_VALUE) VALUES ('PT_RESOURCES_ADD_BTN','11','RESOURCES_ADD_BTN','ResourceEntity.displayNameMap','Add Resource to User');

INSERT INTO LANGUAGE_MAPPING (ID, LANGUAGE_ID, REFERENCE_ID, REFERENCE_TYPE, TEXT_VALUE) VALUES ('EN_RESOURCES_EDT_BTN','1','RESOURCES_EDT_BTN','ResourceEntity.displayNameMap','Edit Resource');
INSERT INTO LANGUAGE_MAPPING (ID, LANGUAGE_ID, REFERENCE_ID, REFERENCE_TYPE, TEXT_VALUE) VALUES ('DE_RESOURCES_EDT_BTN','2','RESOURCES_EDT_BTN','ResourceEntity.displayNameMap','Edit Resource');
INSERT INTO LANGUAGE_MAPPING (ID, LANGUAGE_ID, REFERENCE_ID, REFERENCE_TYPE, TEXT_VALUE) VALUES ('ES_RESOURCES_EDT_BTN','4','RESOURCES_EDT_BTN','ResourceEntity.displayNameMap','Edit Resource');
INSERT INTO LANGUAGE_MAPPING (ID, LANGUAGE_ID, REFERENCE_ID, REFERENCE_TYPE, TEXT_VALUE) VALUES ('RU_RESOURCES_EDT_BTN','8','RESOURCES_EDT_BTN','ResourceEntity.displayNameMap','Edit Resource');
INSERT INTO LANGUAGE_MAPPING (ID, LANGUAGE_ID, REFERENCE_ID, REFERENCE_TYPE, TEXT_VALUE) VALUES ('JP_RESOURCES_EDT_BTN','9','RESOURCES_EDT_BTN','ResourceEntity.displayNameMap','Edit Resource');
INSERT INTO LANGUAGE_MAPPING (ID, LANGUAGE_ID, REFERENCE_ID, REFERENCE_TYPE, TEXT_VALUE) VALUES ('ZH_RESOURCES_EDT_BTN','10','RESOURCES_EDT_BTN','ResourceEntity.displayNameMap','Edit Resource');
INSERT INTO LANGUAGE_MAPPING (ID, LANGUAGE_ID, REFERENCE_ID, REFERENCE_TYPE, TEXT_VALUE) VALUES ('PT_RESOURCES_EDT_BTN','11','RESOURCES_EDT_BTN','ResourceEntity.displayNameMap','Edit Resource');

INSERT INTO LANGUAGE_MAPPING (ID, LANGUAGE_ID, REFERENCE_ID, REFERENCE_TYPE, TEXT_VALUE) VALUES ('EN_RESOURCES_DEL_BTN','1','RESOURCES_DEL_BTN','ResourceEntity.displayNameMap','Remove Resource from User');
INSERT INTO LANGUAGE_MAPPING (ID, LANGUAGE_ID, REFERENCE_ID, REFERENCE_TYPE, TEXT_VALUE) VALUES ('DE_RESOURCES_DEL_BTN','2','RESOURCES_DEL_BTN','ResourceEntity.displayNameMap','Remove Resource from User');
INSERT INTO LANGUAGE_MAPPING (ID, LANGUAGE_ID, REFERENCE_ID, REFERENCE_TYPE, TEXT_VALUE) VALUES ('ES_RESOURCES_DEL_BTN','4','RESOURCES_DEL_BTN','ResourceEntity.displayNameMap','Remove Resource from User');
INSERT INTO LANGUAGE_MAPPING (ID, LANGUAGE_ID, REFERENCE_ID, REFERENCE_TYPE, TEXT_VALUE) VALUES ('RU_RESOURCES_DEL_BTN','8','RESOURCES_DEL_BTN','ResourceEntity.displayNameMap','Remove Resource from User');
INSERT INTO LANGUAGE_MAPPING (ID, LANGUAGE_ID, REFERENCE_ID, REFERENCE_TYPE, TEXT_VALUE) VALUES ('JP_RESOURCES_DEL_BTN','9','RESOURCES_DEL_BTN','ResourceEntity.displayNameMap','Remove Resource from User');
INSERT INTO LANGUAGE_MAPPING (ID, LANGUAGE_ID, REFERENCE_ID, REFERENCE_TYPE, TEXT_VALUE) VALUES ('ZH_RESOURCES_DEL_BTN','10','RESOURCES_DEL_BTN','ResourceEntity.displayNameMap','Remove Resource from User');
INSERT INTO LANGUAGE_MAPPING (ID, LANGUAGE_ID, REFERENCE_ID, REFERENCE_TYPE, TEXT_VALUE) VALUES ('PT_RESOURCES_DEL_BTN','11','RESOURCES_DEL_BTN','ResourceEntity.displayNameMap','Remove Resource from User');

INSERT INTO LANGUAGE_MAPPING (ID, LANGUAGE_ID, REFERENCE_ID, REFERENCE_TYPE, TEXT_VALUE) VALUES ('EN_RESOURCES_INFO_BTN','1','RESOURCES_INFO_BTN','ResourceEntity.displayNameMap','Resource Info');
INSERT INTO LANGUAGE_MAPPING (ID, LANGUAGE_ID, REFERENCE_ID, REFERENCE_TYPE, TEXT_VALUE) VALUES ('DE_RESOURCES_INFO_BTN','2','RESOURCES_INFO_BTN','ResourceEntity.displayNameMap','Resource Info');
INSERT INTO LANGUAGE_MAPPING (ID, LANGUAGE_ID, REFERENCE_ID, REFERENCE_TYPE, TEXT_VALUE) VALUES ('ES_RESOURCES_INFO_BTN','4','RESOURCES_INFO_BTN','ResourceEntity.displayNameMap','Resource Info');
INSERT INTO LANGUAGE_MAPPING (ID, LANGUAGE_ID, REFERENCE_ID, REFERENCE_TYPE, TEXT_VALUE) VALUES ('RU_RESOURCES_INFO_BTN','8','RESOURCES_INFO_BTN','ResourceEntity.displayNameMap','Resource Info');
INSERT INTO LANGUAGE_MAPPING (ID, LANGUAGE_ID, REFERENCE_ID, REFERENCE_TYPE, TEXT_VALUE) VALUES ('JP_RESOURCES_INFO_BTN','9','RESOURCES_INFO_BTN','ResourceEntity.displayNameMap','Resource Info');
INSERT INTO LANGUAGE_MAPPING (ID, LANGUAGE_ID, REFERENCE_ID, REFERENCE_TYPE, TEXT_VALUE) VALUES ('ZH_RESOURCES_INFO_BTN','10','RESOURCES_INFO_BTN','ResourceEntity.displayNameMap','Resource Info');
INSERT INTO LANGUAGE_MAPPING (ID, LANGUAGE_ID, REFERENCE_ID, REFERENCE_TYPE, TEXT_VALUE) VALUES ('PT_RESOURCES_INFO_BTN','11','RESOURCES_INFO_BTN','ResourceEntity.displayNameMap','Resource Info');

INSERT INTO LANGUAGE_MAPPING (ID, LANGUAGE_ID, REFERENCE_ID, REFERENCE_TYPE, TEXT_VALUE) VALUES ('EN_RESOURCES_PROV_BTN','1','RESOURCES_PROV_BTN','ResourceEntity.displayNameMap','Provision User By Resource');
INSERT INTO LANGUAGE_MAPPING (ID, LANGUAGE_ID, REFERENCE_ID, REFERENCE_TYPE, TEXT_VALUE) VALUES ('DE_RESOURCES_PROV_BTN','2','RESOURCES_PROV_BTN','ResourceEntity.displayNameMap','Provision User By Resource');
INSERT INTO LANGUAGE_MAPPING (ID, LANGUAGE_ID, REFERENCE_ID, REFERENCE_TYPE, TEXT_VALUE) VALUES ('ES_RESOURCES_PROV_BTN','4','RESOURCES_PROV_BTN','ResourceEntity.displayNameMap','Provision User By Resource');
INSERT INTO LANGUAGE_MAPPING (ID, LANGUAGE_ID, REFERENCE_ID, REFERENCE_TYPE, TEXT_VALUE) VALUES ('RU_RESOURCES_PROV_BTN','8','RESOURCES_PROV_BTN','ResourceEntity.displayNameMap','Provision User By Resource');
INSERT INTO LANGUAGE_MAPPING (ID, LANGUAGE_ID, REFERENCE_ID, REFERENCE_TYPE, TEXT_VALUE) VALUES ('JP_RESOURCES_PROV_BTN','9','RESOURCES_PROV_BTN','ResourceEntity.displayNameMap','Provision User By Resource');
INSERT INTO LANGUAGE_MAPPING (ID, LANGUAGE_ID, REFERENCE_ID, REFERENCE_TYPE, TEXT_VALUE) VALUES ('ZH_RESOURCES_PROV_BTN','10','RESOURCES_PROV_BTN','ResourceEntity.displayNameMap','Provision User By Resource');
INSERT INTO LANGUAGE_MAPPING (ID, LANGUAGE_ID, REFERENCE_ID, REFERENCE_TYPE, TEXT_VALUE) VALUES ('PT_RESOURCES_PROV_BTN','11','RESOURCES_PROV_BTN','ResourceEntity.displayNameMap','Provision User By Resource');

INSERT INTO LANGUAGE_MAPPING (ID, LANGUAGE_ID, REFERENCE_ID, REFERENCE_TYPE, TEXT_VALUE) VALUES ('EN_RESOURCES_DEPROV_BTN','1','RESOURCES_DEPROV_BTN','ResourceEntity.displayNameMap','DeProvision User By Resource');
INSERT INTO LANGUAGE_MAPPING (ID, LANGUAGE_ID, REFERENCE_ID, REFERENCE_TYPE, TEXT_VALUE) VALUES ('DE_RESOURCES_DEPROV_BTN','2','RESOURCES_DEPROV_BTN','ResourceEntity.displayNameMap','DeProvision User By Resource');
INSERT INTO LANGUAGE_MAPPING (ID, LANGUAGE_ID, REFERENCE_ID, REFERENCE_TYPE, TEXT_VALUE) VALUES ('ES_RESOURCES_DEPROV_BTN','4','RESOURCES_DEPROV_BTN','ResourceEntity.displayNameMap','DeProvision User By Resource');
INSERT INTO LANGUAGE_MAPPING (ID, LANGUAGE_ID, REFERENCE_ID, REFERENCE_TYPE, TEXT_VALUE) VALUES ('RU_RESOURCES_DEPROV_BTN','8','RESOURCES_DEPROV_BTN','ResourceEntity.displayNameMap','DeProvision User By Resource');
INSERT INTO LANGUAGE_MAPPING (ID, LANGUAGE_ID, REFERENCE_ID, REFERENCE_TYPE, TEXT_VALUE) VALUES ('JP_RESOURCES_DEPROV_BTN','9','RESOURCES_DEPROV_BTN','ResourceEntity.displayNameMap','DeProvision User By Resource');
INSERT INTO LANGUAGE_MAPPING (ID, LANGUAGE_ID, REFERENCE_ID, REFERENCE_TYPE, TEXT_VALUE) VALUES ('ZH_RESOURCES_DEPROV_BTN','10','RESOURCES_DEPROV_BTN','ResourceEntity.displayNameMap','DeProvision User By Resource');
INSERT INTO LANGUAGE_MAPPING (ID, LANGUAGE_ID, REFERENCE_ID, REFERENCE_TYPE, TEXT_VALUE) VALUES ('PT_RESOURCES_DEPROV_BTN','11','RESOURCES_DEPROV_BTN','ResourceEntity.displayNameMap','DeProvision User By Resource');


DELETE FROM res_to_res_membership WHERE MEMBER_RESOURCE_ID IN ('ENT_USR_ORG_BTN_ROOT', 'ORGANIZATIONS_ADD_BTN', 'ORGANIZATIONS_EDT_BTN', 'ORGANIZATIONS_DEL_BTN', 'ORGANIZATIONS_INFO_BTN', 'ORGANIZATIONS_PROV_BTN', 'ORGANIZATIONS_DEPROV_BTN');
DELETE FROM res_to_res_membership WHERE RESOURCE_ID IN ('ENT_USR_ORG_BTN_ROOT', 'ORGANIZATIONS_ADD_BTN', 'ORGANIZATIONS_EDT_BTN', 'ORGANIZATIONS_DEL_BTN', 'ORGANIZATIONS_INFO_BTN', 'ORGANIZATIONS_PROV_BTN', 'ORGANIZATIONS_DEPROV_BTN');
DELETE FROM RESOURCE_USER WHERE RESOURCE_ID IN ('ENT_USR_ORG_BTN_ROOT', 'ORGANIZATIONS_ADD_BTN', 'ORGANIZATIONS_EDT_BTN', 'ORGANIZATIONS_DEL_BTN', 'ORGANIZATIONS_INFO_BTN', 'ORGANIZATIONS_PROV_BTN', 'ORGANIZATIONS_DEPROV_BTN');
DELETE FROM RESOURCE_ROLE WHERE RESOURCE_ID IN ('ENT_USR_ORG_BTN_ROOT', 'ORGANIZATIONS_ADD_BTN', 'ORGANIZATIONS_EDT_BTN', 'ORGANIZATIONS_DEL_BTN', 'ORGANIZATIONS_INFO_BTN', 'ORGANIZATIONS_PROV_BTN', 'ORGANIZATIONS_DEPROV_BTN');
DELETE FROM RESOURCE_PROP WHERE RESOURCE_ID IN ('ENT_USR_ORG_BTN_ROOT', 'ORGANIZATIONS_ADD_BTN', 'ORGANIZATIONS_EDT_BTN', 'ORGANIZATIONS_DEL_BTN', 'ORGANIZATIONS_INFO_BTN', 'ORGANIZATIONS_PROV_BTN', 'ORGANIZATIONS_DEPROV_BTN');
DELETE FROM RESOURCE_GROUP WHERE RESOURCE_ID IN ('ENT_USR_ORG_BTN_ROOT', 'ORGANIZATIONS_ADD_BTN', 'ORGANIZATIONS_EDT_BTN', 'ORGANIZATIONS_DEL_BTN', 'ORGANIZATIONS_INFO_BTN', 'ORGANIZATIONS_PROV_BTN', 'ORGANIZATIONS_DEPROV_BTN');
DELETE FROM LANGUAGE_MAPPING WHERE REFERENCE_TYPE='ResourceEntity.displayNameMap' and REFERENCE_ID IN ('ENT_USR_ORG_BTN_ROOT', 'ORGANIZATIONS_ADD_BTN', 'ORGANIZATIONS_EDT_BTN', 'ORGANIZATIONS_DEL_BTN', 'ORGANIZATIONS_INFO_BTN', 'ORGANIZATIONS_PROV_BTN', 'ORGANIZATIONS_DEPROV_BTN');
DELETE FROM RES WHERE RESOURCE_ID IN ('ENT_USR_ORG_BTN_ROOT', 'ORGANIZATIONS_ADD_BTN', 'ORGANIZATIONS_EDT_BTN', 'ORGANIZATIONS_DEL_BTN', 'ORGANIZATIONS_INFO_BTN', 'ORGANIZATIONS_PROV_BTN', 'ORGANIZATIONS_DEPROV_BTN');

INSERT INTO RES (RESOURCE_ID, RESOURCE_TYPE_ID, DESCRIPTION, NAME, COORELATED_NAME, URL, DISPLAY_ORDER, IS_PUBLIC) VALUES ('ENT_USR_ORG_BTN_ROOT', 'MENU_ITEM', 'Root menu for UserOrg Membership', 'ENT_USR_ORG_BTN_ROOT', 'ENT_USR_ORG_BTN_ROOT', null, 50, 'N');
INSERT INTO RESOURCE_PROP (RESOURCE_PROP_ID, RESOURCE_ID, NAME, ATTR_VALUE) VALUES ('ENT_USR_ORG_BTN_ROOT_PUB', 'ENT_USR_ORG_BTN_ROOT', 'MENU_IS_PUBLIC', 'false');
INSERT INTO RESOURCE_PROP (RESOURCE_PROP_ID, RESOURCE_ID, NAME, ATTR_VALUE) VALUES ('ENT_USR_ORG_BTN_ROOT_DESC', 'ENT_USR_ORG_BTN_ROOT', 'MENU_DISPLAY_NAME', 'Root menu for UserOrg Membership');

INSERT INTO RES (RESOURCE_ID, RESOURCE_TYPE_ID, DESCRIPTION, NAME, COORELATED_NAME, URL, DISPLAY_ORDER, IS_PUBLIC) VALUES ('ORGANIZATIONS_ADD_BTN', 'MENU_ITEM', 'Add User To Organization', 'ORGANIZATIONS_ADD_BTN', 'ORGANIZATIONS_ADD_BTN', '/webconsole/addUserToOrganization.html', 51, 'N');
INSERT INTO RESOURCE_PROP (RESOURCE_PROP_ID, RESOURCE_ID, NAME, ATTR_VALUE) VALUES ('ORGANIZATIONS_ADD_BTN_PUB', 'ORGANIZATIONS_ADD_BTN', 'MENU_IS_PUBLIC', 'false');
INSERT INTO RESOURCE_PROP (RESOURCE_PROP_ID, RESOURCE_ID, NAME, ATTR_VALUE) VALUES ('ORGANIZATIONS_ADD_BTN_DESC', 'ORGANIZATIONS_ADD_BTN', 'MENU_DISPLAY_NAME', 'Add User To Organization');

INSERT INTO RES (RESOURCE_ID, RESOURCE_TYPE_ID, DESCRIPTION, NAME, COORELATED_NAME, URL, DISPLAY_ORDER, IS_PUBLIC) VALUES ('ORGANIZATIONS_EDT_BTN', 'MENU_ITEM', 'Edit Organization', 'ORGANIZATIONS_EDT_BTN', 'ORGANIZATIONS_EDT_BTN', null, 52, 'N');
INSERT INTO RESOURCE_PROP (RESOURCE_PROP_ID, RESOURCE_ID, NAME, ATTR_VALUE) VALUES ('ORGANIZATIONS_EDT_BTN_PUB', 'ORGANIZATIONS_EDT_BTN', 'MENU_IS_PUBLIC', 'false');
INSERT INTO RESOURCE_PROP (RESOURCE_PROP_ID, RESOURCE_ID, NAME, ATTR_VALUE) VALUES ('ORGANIZATIONS_EDT_BTN_DESC', 'ORGANIZATIONS_EDT_BTN', 'MENU_DISPLAY_NAME', 'Edit Organization');

INSERT INTO RES (RESOURCE_ID, RESOURCE_TYPE_ID, DESCRIPTION, NAME, COORELATED_NAME, URL, DISPLAY_ORDER, IS_PUBLIC) VALUES ('ORGANIZATIONS_DEL_BTN', 'MENU_ITEM', 'Delete User from Organization', 'ORGANIZATIONS_DEL_BTN', 'ORGANIZATIONS_DEL_BTN', '/webconsole/removeUserFromOrganization.html', 53, 'N');
INSERT INTO RESOURCE_PROP (RESOURCE_PROP_ID, RESOURCE_ID, NAME, ATTR_VALUE) VALUES ('ORGANIZATIONS_DEL_BTN_PUB', 'ORGANIZATIONS_DEL_BTN', 'MENU_IS_PUBLIC', 'false');
INSERT INTO RESOURCE_PROP (RESOURCE_PROP_ID, RESOURCE_ID, NAME, ATTR_VALUE) VALUES ('ORGANIZATIONS_DEL_BTN_DESC', 'ORGANIZATIONS_DEL_BTN', 'MENU_DISPLAY_NAME', 'Delete User from Organization');


INSERT INTO res_to_res_membership (RESOURCE_ID, MEMBER_RESOURCE_ID) VALUES('ENT_USR_ORG_BTN_ROOT', 'ORGANIZATIONS_ADD_BTN');
INSERT INTO res_to_res_membership (RESOURCE_ID, MEMBER_RESOURCE_ID) VALUES('ENT_USR_ORG_BTN_ROOT', 'ORGANIZATIONS_EDT_BTN');
INSERT INTO res_to_res_membership (RESOURCE_ID, MEMBER_RESOURCE_ID) VALUES('ENT_USR_ORG_BTN_ROOT', 'ORGANIZATIONS_DEL_BTN');

INSERT INTO RESOURCE_ROLE (RESOURCE_ID, ROLE_ID) VALUES ('ENT_USR_ORG_BTN_ROOT', '9');
INSERT INTO RESOURCE_ROLE (RESOURCE_ID, ROLE_ID) VALUES ('ORGANIZATIONS_ADD_BTN', '9');
INSERT INTO RESOURCE_ROLE (RESOURCE_ID, ROLE_ID) VALUES ('ORGANIZATIONS_EDT_BTN', '9');
INSERT INTO RESOURCE_ROLE (RESOURCE_ID, ROLE_ID) VALUES ('ORGANIZATIONS_DEL_BTN', '9');


INSERT INTO LANGUAGE_MAPPING (ID, LANGUAGE_ID, REFERENCE_ID, REFERENCE_TYPE, TEXT_VALUE) VALUES ('EN_ENT_USR_ORG_BTN_ROOT','1','ENT_USR_ORG_BTN_ROOT','OrganizationEntity.displayNameMap','User Organization Membership Buttons');
INSERT INTO LANGUAGE_MAPPING (ID, LANGUAGE_ID, REFERENCE_ID, REFERENCE_TYPE, TEXT_VALUE) VALUES ('DE_ENT_USR_ORG_BTN_ROOT','2','ENT_USR_ORG_BTN_ROOT','OrganizationEntity.displayNameMap','User Organization Membership Buttons');
INSERT INTO LANGUAGE_MAPPING (ID, LANGUAGE_ID, REFERENCE_ID, REFERENCE_TYPE, TEXT_VALUE) VALUES ('ES_ENT_USR_ORG_BTN_ROOT','4','ENT_USR_ORG_BTN_ROOT','OrganizationEntity.displayNameMap','User Organization Membership Buttons');
INSERT INTO LANGUAGE_MAPPING (ID, LANGUAGE_ID, REFERENCE_ID, REFERENCE_TYPE, TEXT_VALUE) VALUES ('RU_ENT_USR_ORG_BTN_ROOT','8','ENT_USR_ORG_BTN_ROOT','OrganizationEntity.displayNameMap','User Organization Membership Buttons');
INSERT INTO LANGUAGE_MAPPING (ID, LANGUAGE_ID, REFERENCE_ID, REFERENCE_TYPE, TEXT_VALUE) VALUES ('JP_ENT_USR_ORG_BTN_ROOT','9','ENT_USR_ORG_BTN_ROOT','OrganizationEntity.displayNameMap','User Organization Membership Buttons');
INSERT INTO LANGUAGE_MAPPING (ID, LANGUAGE_ID, REFERENCE_ID, REFERENCE_TYPE, TEXT_VALUE) VALUES ('ZH_ENT_USR_ORG_BTN_ROOT','10','ENT_USR_ORG_BTN_ROOT','OrganizationEntity.displayNameMap','User Organization Membership Buttons');
INSERT INTO LANGUAGE_MAPPING (ID, LANGUAGE_ID, REFERENCE_ID, REFERENCE_TYPE, TEXT_VALUE) VALUES ('PT_ENT_USR_ORG_BTN_ROOT','11','ENT_USR_ORG_BTN_ROOT','OrganizationEntity.displayNameMap','User Organization Membership Buttons');

INSERT INTO LANGUAGE_MAPPING (ID, LANGUAGE_ID, REFERENCE_ID, REFERENCE_TYPE, TEXT_VALUE) VALUES ('EN_ORGANIZATIONS_ADD_BTN','1','ORGANIZATIONS_ADD_BTN','OrganizationEntity.displayNameMap','Add Organization to User');
INSERT INTO LANGUAGE_MAPPING (ID, LANGUAGE_ID, REFERENCE_ID, REFERENCE_TYPE, TEXT_VALUE) VALUES ('DE_ORGANIZATIONS_ADD_BTN','2','ORGANIZATIONS_ADD_BTN','OrganizationEntity.displayNameMap','Add Organization to User');
INSERT INTO LANGUAGE_MAPPING (ID, LANGUAGE_ID, REFERENCE_ID, REFERENCE_TYPE, TEXT_VALUE) VALUES ('ES_ORGANIZATIONS_ADD_BTN','4','ORGANIZATIONS_ADD_BTN','OrganizationEntity.displayNameMap','Add Organization to User');
INSERT INTO LANGUAGE_MAPPING (ID, LANGUAGE_ID, REFERENCE_ID, REFERENCE_TYPE, TEXT_VALUE) VALUES ('RU_ORGANIZATIONS_ADD_BTN','8','ORGANIZATIONS_ADD_BTN','OrganizationEntity.displayNameMap','Add Organization to User');
INSERT INTO LANGUAGE_MAPPING (ID, LANGUAGE_ID, REFERENCE_ID, REFERENCE_TYPE, TEXT_VALUE) VALUES ('JP_ORGANIZATIONS_ADD_BTN','9','ORGANIZATIONS_ADD_BTN','OrganizationEntity.displayNameMap','Add Organization to User');
INSERT INTO LANGUAGE_MAPPING (ID, LANGUAGE_ID, REFERENCE_ID, REFERENCE_TYPE, TEXT_VALUE) VALUES ('ZH_ORGANIZATIONS_ADD_BTN','10','ORGANIZATIONS_ADD_BTN','OrganizationEntity.displayNameMap','Add Organization to User');
INSERT INTO LANGUAGE_MAPPING (ID, LANGUAGE_ID, REFERENCE_ID, REFERENCE_TYPE, TEXT_VALUE) VALUES ('PT_ORGANIZATIONS_ADD_BTN','11','ORGANIZATIONS_ADD_BTN','OrganizationEntity.displayNameMap','Add Organization to User');

INSERT INTO LANGUAGE_MAPPING (ID, LANGUAGE_ID, REFERENCE_ID, REFERENCE_TYPE, TEXT_VALUE) VALUES ('EN_ORGANIZATIONS_EDT_BTN','1','ORGANIZATIONS_EDT_BTN','OrganizationEntity.displayNameMap','Edit Organization');
INSERT INTO LANGUAGE_MAPPING (ID, LANGUAGE_ID, REFERENCE_ID, REFERENCE_TYPE, TEXT_VALUE) VALUES ('DE_ORGANIZATIONS_EDT_BTN','2','ORGANIZATIONS_EDT_BTN','OrganizationEntity.displayNameMap','Edit Organization');
INSERT INTO LANGUAGE_MAPPING (ID, LANGUAGE_ID, REFERENCE_ID, REFERENCE_TYPE, TEXT_VALUE) VALUES ('ES_ORGANIZATIONS_EDT_BTN','4','ORGANIZATIONS_EDT_BTN','OrganizationEntity.displayNameMap','Edit Organization');
INSERT INTO LANGUAGE_MAPPING (ID, LANGUAGE_ID, REFERENCE_ID, REFERENCE_TYPE, TEXT_VALUE) VALUES ('RU_ORGANIZATIONS_EDT_BTN','8','ORGANIZATIONS_EDT_BTN','OrganizationEntity.displayNameMap','Edit Organization');
INSERT INTO LANGUAGE_MAPPING (ID, LANGUAGE_ID, REFERENCE_ID, REFERENCE_TYPE, TEXT_VALUE) VALUES ('JP_ORGANIZATIONS_EDT_BTN','9','ORGANIZATIONS_EDT_BTN','OrganizationEntity.displayNameMap','Edit Organization');
INSERT INTO LANGUAGE_MAPPING (ID, LANGUAGE_ID, REFERENCE_ID, REFERENCE_TYPE, TEXT_VALUE) VALUES ('ZH_ORGANIZATIONS_EDT_BTN','10','ORGANIZATIONS_EDT_BTN','OrganizationEntity.displayNameMap','Edit Organization');
INSERT INTO LANGUAGE_MAPPING (ID, LANGUAGE_ID, REFERENCE_ID, REFERENCE_TYPE, TEXT_VALUE) VALUES ('PT_ORGANIZATIONS_EDT_BTN','11','ORGANIZATIONS_EDT_BTN','OrganizationEntity.displayNameMap','Edit Organization');

INSERT INTO LANGUAGE_MAPPING (ID, LANGUAGE_ID, REFERENCE_ID, REFERENCE_TYPE, TEXT_VALUE) VALUES ('EN_ORGANIZATIONS_DEL_BTN','1','ORGANIZATIONS_DEL_BTN','OrganizationEntity.displayNameMap','Remove Organization from User');
INSERT INTO LANGUAGE_MAPPING (ID, LANGUAGE_ID, REFERENCE_ID, REFERENCE_TYPE, TEXT_VALUE) VALUES ('DE_ORGANIZATIONS_DEL_BTN','2','ORGANIZATIONS_DEL_BTN','OrganizationEntity.displayNameMap','Remove Organization from User');
INSERT INTO LANGUAGE_MAPPING (ID, LANGUAGE_ID, REFERENCE_ID, REFERENCE_TYPE, TEXT_VALUE) VALUES ('ES_ORGANIZATIONS_DEL_BTN','4','ORGANIZATIONS_DEL_BTN','OrganizationEntity.displayNameMap','Remove Organization from User');
INSERT INTO LANGUAGE_MAPPING (ID, LANGUAGE_ID, REFERENCE_ID, REFERENCE_TYPE, TEXT_VALUE) VALUES ('RU_ORGANIZATIONS_DEL_BTN','8','ORGANIZATIONS_DEL_BTN','OrganizationEntity.displayNameMap','Remove Organization from User');
INSERT INTO LANGUAGE_MAPPING (ID, LANGUAGE_ID, REFERENCE_ID, REFERENCE_TYPE, TEXT_VALUE) VALUES ('JP_ORGANIZATIONS_DEL_BTN','9','ORGANIZATIONS_DEL_BTN','OrganizationEntity.displayNameMap','Remove Organization from User');
INSERT INTO LANGUAGE_MAPPING (ID, LANGUAGE_ID, REFERENCE_ID, REFERENCE_TYPE, TEXT_VALUE) VALUES ('ZH_ORGANIZATIONS_DEL_BTN','10','ORGANIZATIONS_DEL_BTN','OrganizationEntity.displayNameMap','Remove Organization from User');
INSERT INTO LANGUAGE_MAPPING (ID, LANGUAGE_ID, REFERENCE_ID, REFERENCE_TYPE, TEXT_VALUE) VALUES ('PT_ORGANIZATIONS_DEL_BTN','11','ORGANIZATIONS_DEL_BTN','OrganizationEntity.displayNameMap','Remove Organization from User');

commit;
/***************************************dml/9.ss_remove_user_entitlement_menu.sql***************************************/
DELETE FROM res_to_res_membership WHERE MEMBER_RESOURCE_ID IN ('SELFSERV_USER_MEMSHP');
DELETE FROM res_to_res_membership WHERE RESOURCE_ID IN ('SELFSERV_USER_MEMSHP');
DELETE FROM RESOURCE_USER WHERE RESOURCE_ID IN ('SELFSERV_USER_MEMSHP');
DELETE FROM RESOURCE_ROLE WHERE RESOURCE_ID IN ('SELFSERV_USER_MEMSHP');
DELETE FROM RESOURCE_PROP WHERE RESOURCE_ID IN ('SELFSERV_USER_MEMSHP');
DELETE FROM RESOURCE_GROUP WHERE RESOURCE_ID IN ('SELFSERV_USER_MEMSHP');
DELETE FROM LANGUAGE_MAPPING WHERE REFERENCE_TYPE='ResourceEntity.displayNameMap' and REFERENCE_ID IN  ('SELFSERV_USER_MEMSHP');
DELETE FROM RES WHERE RESOURCE_ID IN ('SELFSERV_USER_MEMSHP');

/***************************************dml/10.fix_usr_org_btns.sql***************************************/

DELETE FROM LANGUAGE_MAPPING WHERE REFERENCE_TYPE='OrganizationEntity.displayNameMap' and REFERENCE_ID IN ('ENT_USR_ORG_BTN_ROOT', 'ORGANIZATIONS_ADD_BTN', 'ORGANIZATIONS_EDT_BTN', 'ORGANIZATIONS_DEL_BTN', 'ORGANIZATIONS_INFO_BTN', 'ORGANIZATIONS_PROV_BTN', 'ORGANIZATIONS_DEPROV_BTN');

DELETE FROM res_to_res_membership WHERE MEMBER_RESOURCE_ID IN ('ENT_USR_ORG_BTN_ROOT', 'ORGANIZATIONS_ADD_BTN', 'ORGANIZATIONS_EDT_BTN', 'ORGANIZATIONS_DEL_BTN', 'ORGANIZATIONS_INFO_BTN', 'ORGANIZATIONS_PROV_BTN', 'ORGANIZATIONS_DEPROV_BTN');
DELETE FROM res_to_res_membership WHERE RESOURCE_ID IN ('ENT_USR_ORG_BTN_ROOT', 'ORGANIZATIONS_ADD_BTN', 'ORGANIZATIONS_EDT_BTN', 'ORGANIZATIONS_DEL_BTN', 'ORGANIZATIONS_INFO_BTN', 'ORGANIZATIONS_PROV_BTN', 'ORGANIZATIONS_DEPROV_BTN');
DELETE FROM RESOURCE_USER WHERE RESOURCE_ID IN ('ENT_USR_ORG_BTN_ROOT', 'ORGANIZATIONS_ADD_BTN', 'ORGANIZATIONS_EDT_BTN', 'ORGANIZATIONS_DEL_BTN', 'ORGANIZATIONS_INFO_BTN', 'ORGANIZATIONS_PROV_BTN', 'ORGANIZATIONS_DEPROV_BTN');
DELETE FROM RESOURCE_ROLE WHERE RESOURCE_ID IN ('ENT_USR_ORG_BTN_ROOT', 'ORGANIZATIONS_ADD_BTN', 'ORGANIZATIONS_EDT_BTN', 'ORGANIZATIONS_DEL_BTN', 'ORGANIZATIONS_INFO_BTN', 'ORGANIZATIONS_PROV_BTN', 'ORGANIZATIONS_DEPROV_BTN');
DELETE FROM RESOURCE_PROP WHERE RESOURCE_ID IN ('ENT_USR_ORG_BTN_ROOT', 'ORGANIZATIONS_ADD_BTN', 'ORGANIZATIONS_EDT_BTN', 'ORGANIZATIONS_DEL_BTN', 'ORGANIZATIONS_INFO_BTN', 'ORGANIZATIONS_PROV_BTN', 'ORGANIZATIONS_DEPROV_BTN');
DELETE FROM RESOURCE_GROUP WHERE RESOURCE_ID IN ('ENT_USR_ORG_BTN_ROOT', 'ORGANIZATIONS_ADD_BTN', 'ORGANIZATIONS_EDT_BTN', 'ORGANIZATIONS_DEL_BTN', 'ORGANIZATIONS_INFO_BTN', 'ORGANIZATIONS_PROV_BTN', 'ORGANIZATIONS_DEPROV_BTN');
DELETE FROM LANGUAGE_MAPPING WHERE REFERENCE_TYPE='ResourceEntity.displayNameMap' and REFERENCE_ID IN ('ENT_USR_ORG_BTN_ROOT', 'ORGANIZATIONS_ADD_BTN', 'ORGANIZATIONS_EDT_BTN', 'ORGANIZATIONS_DEL_BTN', 'ORGANIZATIONS_INFO_BTN', 'ORGANIZATIONS_PROV_BTN', 'ORGANIZATIONS_DEPROV_BTN');
DELETE FROM RES WHERE RESOURCE_ID IN ('ENT_USR_ORG_BTN_ROOT', 'ORGANIZATIONS_ADD_BTN', 'ORGANIZATIONS_EDT_BTN', 'ORGANIZATIONS_DEL_BTN', 'ORGANIZATIONS_INFO_BTN', 'ORGANIZATIONS_PROV_BTN', 'ORGANIZATIONS_DEPROV_BTN');

INSERT INTO RES (RESOURCE_ID, RESOURCE_TYPE_ID, DESCRIPTION, NAME, COORELATED_NAME, URL, DISPLAY_ORDER, IS_PUBLIC) VALUES ('ENT_USR_ORG_BTN_ROOT', 'MENU_ITEM', 'Root menu for UserOrg Membership', 'ENT_USR_ORG_BTN_ROOT', 'ENT_USR_ORG_BTN_ROOT', null, 50, 'N');
INSERT INTO RESOURCE_PROP (RESOURCE_PROP_ID, RESOURCE_ID, NAME, ATTR_VALUE) VALUES ('ENT_USR_ORG_BTN_ROOT_PUB', 'ENT_USR_ORG_BTN_ROOT', 'MENU_IS_PUBLIC', 'false');
INSERT INTO RESOURCE_PROP (RESOURCE_PROP_ID, RESOURCE_ID, NAME, ATTR_VALUE) VALUES ('ENT_USR_ORG_BTN_ROOT_DESC', 'ENT_USR_ORG_BTN_ROOT', 'MENU_DISPLAY_NAME', 'Root menu for UserOrg Membership');

INSERT INTO RES (RESOURCE_ID, RESOURCE_TYPE_ID, DESCRIPTION, NAME, COORELATED_NAME, URL, DISPLAY_ORDER, IS_PUBLIC) VALUES ('ORGANIZATIONS_ADD_BTN', 'MENU_ITEM', 'Add User To Organization', 'ORGANIZATIONS_ADD_BTN', 'ORGANIZATIONS_ADD_BTN', '/webconsole/addUserToOrganization.html', 51, 'N');
INSERT INTO RESOURCE_PROP (RESOURCE_PROP_ID, RESOURCE_ID, NAME, ATTR_VALUE) VALUES ('ORGANIZATIONS_ADD_BTN_PUB', 'ORGANIZATIONS_ADD_BTN', 'MENU_IS_PUBLIC', 'false');
INSERT INTO RESOURCE_PROP (RESOURCE_PROP_ID, RESOURCE_ID, NAME, ATTR_VALUE) VALUES ('ORGANIZATIONS_ADD_BTN_DESC', 'ORGANIZATIONS_ADD_BTN', 'MENU_DISPLAY_NAME', 'Add User To Organization');

INSERT INTO RES (RESOURCE_ID, RESOURCE_TYPE_ID, DESCRIPTION, NAME, COORELATED_NAME, URL, DISPLAY_ORDER, IS_PUBLIC) VALUES ('ORGANIZATIONS_EDT_BTN', 'MENU_ITEM', 'Edit Organization', 'ORGANIZATIONS_EDT_BTN', 'ORGANIZATIONS_EDT_BTN', null, 52, 'N');
INSERT INTO RESOURCE_PROP (RESOURCE_PROP_ID, RESOURCE_ID, NAME, ATTR_VALUE) VALUES ('ORGANIZATIONS_EDT_BTN_PUB', 'ORGANIZATIONS_EDT_BTN', 'MENU_IS_PUBLIC', 'false');
INSERT INTO RESOURCE_PROP (RESOURCE_PROP_ID, RESOURCE_ID, NAME, ATTR_VALUE) VALUES ('ORGANIZATIONS_EDT_BTN_DESC', 'ORGANIZATIONS_EDT_BTN', 'MENU_DISPLAY_NAME', 'Edit Organization');

INSERT INTO RES (RESOURCE_ID, RESOURCE_TYPE_ID, DESCRIPTION, NAME, COORELATED_NAME, URL, DISPLAY_ORDER, IS_PUBLIC) VALUES ('ORGANIZATIONS_DEL_BTN', 'MENU_ITEM', 'Delete User from Organization', 'ORGANIZATIONS_DEL_BTN', 'ORGANIZATIONS_DEL_BTN', '/webconsole/removeUserFromOrganization.html', 53, 'N');
INSERT INTO RESOURCE_PROP (RESOURCE_PROP_ID, RESOURCE_ID, NAME, ATTR_VALUE) VALUES ('ORGANIZATIONS_DEL_BTN_PUB', 'ORGANIZATIONS_DEL_BTN', 'MENU_IS_PUBLIC', 'false');
INSERT INTO RESOURCE_PROP (RESOURCE_PROP_ID, RESOURCE_ID, NAME, ATTR_VALUE) VALUES ('ORGANIZATIONS_DEL_BTN_DESC', 'ORGANIZATIONS_DEL_BTN', 'MENU_DISPLAY_NAME', 'Delete User from Organization');


INSERT INTO res_to_res_membership (RESOURCE_ID, MEMBER_RESOURCE_ID) VALUES('ENT_USR_ORG_BTN_ROOT', 'ORGANIZATIONS_ADD_BTN');
INSERT INTO res_to_res_membership (RESOURCE_ID, MEMBER_RESOURCE_ID) VALUES('ENT_USR_ORG_BTN_ROOT', 'ORGANIZATIONS_EDT_BTN');
INSERT INTO res_to_res_membership (RESOURCE_ID, MEMBER_RESOURCE_ID) VALUES('ENT_USR_ORG_BTN_ROOT', 'ORGANIZATIONS_DEL_BTN');

INSERT INTO RESOURCE_ROLE (RESOURCE_ID, ROLE_ID) VALUES ('ENT_USR_ORG_BTN_ROOT', '9');
INSERT INTO RESOURCE_ROLE (RESOURCE_ID, ROLE_ID) VALUES ('ORGANIZATIONS_ADD_BTN', '9');
INSERT INTO RESOURCE_ROLE (RESOURCE_ID, ROLE_ID) VALUES ('ORGANIZATIONS_EDT_BTN', '9');
INSERT INTO RESOURCE_ROLE (RESOURCE_ID, ROLE_ID) VALUES ('ORGANIZATIONS_DEL_BTN', '9');


INSERT INTO LANGUAGE_MAPPING (ID, LANGUAGE_ID, REFERENCE_ID, REFERENCE_TYPE, TEXT_VALUE) VALUES ('EN_ENT_USR_ORG_BTN_ROOT','1','ENT_USR_ORG_BTN_ROOT','ResourceEntity.displayNameMap','User Organization Membership Buttons');
INSERT INTO LANGUAGE_MAPPING (ID, LANGUAGE_ID, REFERENCE_ID, REFERENCE_TYPE, TEXT_VALUE) VALUES ('DE_ENT_USR_ORG_BTN_ROOT','2','ENT_USR_ORG_BTN_ROOT','ResourceEntity.displayNameMap','User Organization Membership Buttons');
INSERT INTO LANGUAGE_MAPPING (ID, LANGUAGE_ID, REFERENCE_ID, REFERENCE_TYPE, TEXT_VALUE) VALUES ('ES_ENT_USR_ORG_BTN_ROOT','4','ENT_USR_ORG_BTN_ROOT','ResourceEntity.displayNameMap','User Organization Membership Buttons');
INSERT INTO LANGUAGE_MAPPING (ID, LANGUAGE_ID, REFERENCE_ID, REFERENCE_TYPE, TEXT_VALUE) VALUES ('RU_ENT_USR_ORG_BTN_ROOT','8','ENT_USR_ORG_BTN_ROOT','ResourceEntity.displayNameMap','User Organization Membership Buttons');
INSERT INTO LANGUAGE_MAPPING (ID, LANGUAGE_ID, REFERENCE_ID, REFERENCE_TYPE, TEXT_VALUE) VALUES ('JP_ENT_USR_ORG_BTN_ROOT','9','ENT_USR_ORG_BTN_ROOT','ResourceEntity.displayNameMap','User Organization Membership Buttons');
INSERT INTO LANGUAGE_MAPPING (ID, LANGUAGE_ID, REFERENCE_ID, REFERENCE_TYPE, TEXT_VALUE) VALUES ('ZH_ENT_USR_ORG_BTN_ROOT','10','ENT_USR_ORG_BTN_ROOT','ResourceEntity.displayNameMap','User Organization Membership Buttons');

INSERT INTO LANGUAGE_MAPPING (ID, LANGUAGE_ID, REFERENCE_ID, REFERENCE_TYPE, TEXT_VALUE) VALUES ('EN_ORGANIZATIONS_ADD_BTN','1','ORGANIZATIONS_ADD_BTN','ResourceEntity.displayNameMap','Add Organization to User');
INSERT INTO LANGUAGE_MAPPING (ID, LANGUAGE_ID, REFERENCE_ID, REFERENCE_TYPE, TEXT_VALUE) VALUES ('DE_ORGANIZATIONS_ADD_BTN','2','ORGANIZATIONS_ADD_BTN','ResourceEntity.displayNameMap','Add Organization to User');
INSERT INTO LANGUAGE_MAPPING (ID, LANGUAGE_ID, REFERENCE_ID, REFERENCE_TYPE, TEXT_VALUE) VALUES ('ES_ORGANIZATIONS_ADD_BTN','4','ORGANIZATIONS_ADD_BTN','ResourceEntity.displayNameMap','Add Organization to User');
INSERT INTO LANGUAGE_MAPPING (ID, LANGUAGE_ID, REFERENCE_ID, REFERENCE_TYPE, TEXT_VALUE) VALUES ('RU_ORGANIZATIONS_ADD_BTN','8','ORGANIZATIONS_ADD_BTN','ResourceEntity.displayNameMap','Add Organization to User');
INSERT INTO LANGUAGE_MAPPING (ID, LANGUAGE_ID, REFERENCE_ID, REFERENCE_TYPE, TEXT_VALUE) VALUES ('JP_ORGANIZATIONS_ADD_BTN','9','ORGANIZATIONS_ADD_BTN','ResourceEntity.displayNameMap','Add Organization to User');
INSERT INTO LANGUAGE_MAPPING (ID, LANGUAGE_ID, REFERENCE_ID, REFERENCE_TYPE, TEXT_VALUE) VALUES ('ZH_ORGANIZATIONS_ADD_BTN','10','ORGANIZATIONS_ADD_BTN','ResourceEntity.displayNameMap','Add Organization to User');

INSERT INTO LANGUAGE_MAPPING (ID, LANGUAGE_ID, REFERENCE_ID, REFERENCE_TYPE, TEXT_VALUE) VALUES ('EN_ORGANIZATIONS_EDT_BTN','1','ORGANIZATIONS_EDT_BTN','ResourceEntity.displayNameMap','Edit Organization');
INSERT INTO LANGUAGE_MAPPING (ID, LANGUAGE_ID, REFERENCE_ID, REFERENCE_TYPE, TEXT_VALUE) VALUES ('DE_ORGANIZATIONS_EDT_BTN','2','ORGANIZATIONS_EDT_BTN','ResourceEntity.displayNameMap','Edit Organization');
INSERT INTO LANGUAGE_MAPPING (ID, LANGUAGE_ID, REFERENCE_ID, REFERENCE_TYPE, TEXT_VALUE) VALUES ('ES_ORGANIZATIONS_EDT_BTN','4','ORGANIZATIONS_EDT_BTN','ResourceEntity.displayNameMap','Edit Organization');
INSERT INTO LANGUAGE_MAPPING (ID, LANGUAGE_ID, REFERENCE_ID, REFERENCE_TYPE, TEXT_VALUE) VALUES ('RU_ORGANIZATIONS_EDT_BTN','8','ORGANIZATIONS_EDT_BTN','ResourceEntity.displayNameMap','Edit Organization');
INSERT INTO LANGUAGE_MAPPING (ID, LANGUAGE_ID, REFERENCE_ID, REFERENCE_TYPE, TEXT_VALUE) VALUES ('JP_ORGANIZATIONS_EDT_BTN','9','ORGANIZATIONS_EDT_BTN','ResourceEntity.displayNameMap','Edit Organization');
INSERT INTO LANGUAGE_MAPPING (ID, LANGUAGE_ID, REFERENCE_ID, REFERENCE_TYPE, TEXT_VALUE) VALUES ('ZH_ORGANIZATIONS_EDT_BTN','10','ORGANIZATIONS_EDT_BTN','ResourceEntity.displayNameMap','Edit Organization');

INSERT INTO LANGUAGE_MAPPING (ID, LANGUAGE_ID, REFERENCE_ID, REFERENCE_TYPE, TEXT_VALUE) VALUES ('EN_ORGANIZATIONS_DEL_BTN','1','ORGANIZATIONS_DEL_BTN','ResourceEntity.displayNameMap','Remove Organization from User');
INSERT INTO LANGUAGE_MAPPING (ID, LANGUAGE_ID, REFERENCE_ID, REFERENCE_TYPE, TEXT_VALUE) VALUES ('DE_ORGANIZATIONS_DEL_BTN','2','ORGANIZATIONS_DEL_BTN','ResourceEntity.displayNameMap','Remove Organization from User');
INSERT INTO LANGUAGE_MAPPING (ID, LANGUAGE_ID, REFERENCE_ID, REFERENCE_TYPE, TEXT_VALUE) VALUES ('ES_ORGANIZATIONS_DEL_BTN','4','ORGANIZATIONS_DEL_BTN','ResourceEntity.displayNameMap','Remove Organization from User');
INSERT INTO LANGUAGE_MAPPING (ID, LANGUAGE_ID, REFERENCE_ID, REFERENCE_TYPE, TEXT_VALUE) VALUES ('RU_ORGANIZATIONS_DEL_BTN','8','ORGANIZATIONS_DEL_BTN','ResourceEntity.displayNameMap','Remove Organization from User');
INSERT INTO LANGUAGE_MAPPING (ID, LANGUAGE_ID, REFERENCE_ID, REFERENCE_TYPE, TEXT_VALUE) VALUES ('JP_ORGANIZATIONS_DEL_BTN','9','ORGANIZATIONS_DEL_BTN','ResourceEntity.displayNameMap','Remove Organization from User');
INSERT INTO LANGUAGE_MAPPING (ID, LANGUAGE_ID, REFERENCE_ID, REFERENCE_TYPE, TEXT_VALUE) VALUES ('ZH_ORGANIZATIONS_DEL_BTN','10','ORGANIZATIONS_DEL_BTN','ResourceEntity.displayNameMap','Remove Organization from User');

/***************************************dml/11.add_just_in_time_groovy_scirpt.sql***************************************/

INSERT INTO AUTH_ATTRIBUTE (AUTH_ATTRIBUTE_ID, ATTRIBUTE_NAME, PROVIDER_TYPE, DESCRIPTION, REQUIRED, DATA_TYPE)
	VALUES('SamlSpJITGroovyScript', 'Just-in-time provisioning groovy script', 'SAML_SP_PROVIDER', 'This groovy script controls just-in-time provisioning.', 'N', 'singleValue');
	
/***************************************dml/12.add_batch_task.sql***************************************/
delete from BATCH_CONFIG where TASK_ID='GROUP_ATTESTATION';
INSERT INTO BATCH_CONFIG (TASK_ID, TASK_NAME, LAST_EXEC_TIME,TASK_URL,EXECUTION_ORDER, STATUS,PARAM1,PARAM2,PARAM3,PARAM4,RULE_TYPE,ENABLED,LAST_MODIFIED_DATETIME,RUN_ON,CRON_EXPRESSION,SPRING_BEAN,SPRING_BEAN_METHOD) VALUES ('GROUP_ATTESTATION','Group Attestation', to_timestamp('18-11-14 11.32.01 PM','DD-MM-YY HH.MI.SS AM'),NULL,1,NULL,NULL,NULL,NULL,NULL,NULL,'N',to_timestamp('18-11-14 11.32.16 PM','DD-MM-YY HH.MI.SS AM'),NULL,'0 0 0 1 1/3 ?','groupAttestationInitializer','initializeAttestation');
/***************************************ddl/4.alter_table_content_provider.sql***************************************/
ALTER TABLE CONTENT_PROVIDER ADD COLUMN LOGIN_URL VARCHAR(300) NULL;
ALTER TABLE CONTENT_PROVIDER ADD COLUMN POSTBACK_URL_PARAM_NAME VARCHAR(50) NULL;
		
UPDATE CONTENT_PROVIDER SET LOGIN_URL='/idp/login.html';
UPDATE CONTENT_PROVIDER SET POSTBACK_URL_PARAM_NAME='postbackURL';
		
ALTER TABLE CONTENT_PROVIDER ALTER COLUMN LOGIN_URL SET NOT NULL;
ALTER TABLE CONTENT_PROVIDER ALTER COLUMN POSTBACK_URL_PARAM_NAME SET NOT NULL;
/***************************************dml/13.add_report_param.sql***************************************/

INSERT INTO REPORT_PARAMETER_METATYPE (PARAM_METATYPE_ID, PARAM_METATYPE_NAME, IS_MULTIPLE) VALUES ('RESOURCE_TYPE', 'Resource type', 'Y');

INSERT INTO REPORT_CRITERIA_PARAMETER (RCP_ID, REPORT_INFO_ID, PARAM_NAME, PARAM_VALUE, RCPT_ID, PARAM_META_TYPE_ID, 
					IS_MULTIPLE, IS_REQUIRED, CAPTION, DISPLAY_ORDER, REQUEST_PARAMS) 
					VALUES ('1096', '109', 'RES_TYPE_IDS', NULL, '1', 'RESOURCE_TYPE', 'Y', 'N', 'Resource type', 6, NULL);


commit;
