set define off;

insert into openiam.PROVISION_CONNECTOR(CONNECTOR_ID, NAME, METADATA_TYPE_ID, SERVICE_URL,SERVICE_NAMESPACE, SERVICE_PORT) VALUES ('51','LDAP CONNECTOR', 'LDAP_Connector','localhost:8080/openiam-idm-esb/idmsrvc/LDAPConnectorService','http://www.openiam.org/service/connector', 'LDAPConnectorServicePort' );
insert into openiam.PROVISION_CONNECTOR(CONNECTOR_ID, NAME, METADATA_TYPE_ID, SERVICE_URL,SERVICE_NAMESPACE, SERVICE_PORT) VALUES ('54','Google Apps CONNECTOR', 'GOOGLE_Connector','localhost:8080/openiam-idm-esb/idmsrvc/GoogleAppsConnectorService','http://www.openiam.org/service/connector', 'GoogleAppsConnectorServicePort' );
insert into openiam.PROVISION_CONNECTOR(CONNECTOR_ID, NAME, METADATA_TYPE_ID, SERVICE_URL,SERVICE_NAMESPACE, SERVICE_PORT) VALUES ('61','Application Tables CONNECTOR', 'DB_Connector','localhost:8080/openiam-idm-esb/idmsrvc/ApplicationTablesConnector','http://www.openiam.org/service/connector', 'NA' );
insert into openiam.PROVISION_CONNECTOR(CONNECTOR_ID, NAME, METADATA_TYPE_ID, SERVICE_URL,SERVICE_NAMESPACE, SERVICE_PORT) VALUES ('62','Groovy Script CONNECTOR', 'SCRIPT_Connector','localhost:8080/openiam-idm-esb/idmsrvc/ScriptConnectorService','http://www.openiam.org/service/connector', 'NA' );
insert into openiam.PROVISION_CONNECTOR(CONNECTOR_ID, NAME, METADATA_TYPE_ID, SERVICE_URL,SERVICE_NAMESPACE, SERVICE_PORT) VALUES ('63','Linux CONNECTOR', 'LINUX_Connector','localhost:8080/openiam-idm-esb/idmsrvc/LinuxConnectorService','http://www.openiam.org/service/connector', 'NA' );
insert into openiam.PROVISION_CONNECTOR(CONNECTOR_ID, NAME, METADATA_TYPE_ID, SERVICE_URL,SERVICE_NAMESPACE, SERVICE_PORT) VALUES ('64','MySQL CONNECTOR', 'MySQL Connector','localhost:8080/openiam-idm-esb/idmsrvc/MySQLConnector','http://www.openiam.org/service/connector', 'NA' );
insert into openiam.PROVISION_CONNECTOR(CONNECTOR_ID, NAME, METADATA_TYPE_ID, SERVICE_URL,SERVICE_NAMESPACE, SERVICE_PORT) VALUES ('65','Oracle CONNECTOR', 'DB_Connector','localhost:8080/openiam-idm-esb/idmsrvc/OracleConnector','http://www.openiam.org/service/connector', 'NA' );


insert into openiam.MANAGED_SYS (MANAGED_SYS_ID, NAME, DESCRIPTION, STATUS, CONNECTOR_ID, DOMAIN_ID, HOST_URL, PORT, COMM_PROTOCOL, RESOURCE_ID) VALUES('0','OPENIAM', 'Primary IDENTITY', 'ACTIVE', null, 'USR_SEC_DOMAIN', null, null, null, '0'   );
insert into openiam.MANAGED_SYS (MANAGED_SYS_ID, NAME, DESCRIPTION, STATUS, CONNECTOR_ID, DOMAIN_ID, HOST_URL, PORT, COMM_PROTOCOL, RESOURCE_ID, HNDLR_5) VALUES('101','LDAP', 'Primary Directory', 'ACTIVE', '51', 'USR_SEC_DOMAIN', 'ldap://','389', 'CLEAR', '101', 'LDAP'   );
insert into openiam.MANAGED_SYS (MANAGED_SYS_ID, NAME, DESCRIPTION, STATUS, CONNECTOR_ID, DOMAIN_ID, HOST_URL, PORT, COMM_PROTOCOL, RESOURCE_ID) VALUES('103','Google Apps Connector', 'Google Apps Connector', 'ACTIVE', '54', 'USR_SEC_DOMAIN', '', null,'CLEAR', '103'   );
insert into openiam.MANAGED_SYS (MANAGED_SYS_ID, NAME, DESCRIPTION, STATUS, CONNECTOR_ID, DOMAIN_ID, HOST_URL, PORT, COMM_PROTOCOL, RESOURCE_ID) VALUES('104','Test_Script_CONNECTOR', 'Test Script CONNECTOR', 'ACTIVE', '62', 'USR_SEC_DOMAIN', '', null,'CLEAR', '104'   );
insert into openiam.MANAGED_SYS (MANAGED_SYS_ID, NAME, DESCRIPTION, STATUS, CONNECTOR_ID, DOMAIN_ID, HOST_URL, PORT, COMM_PROTOCOL, RESOURCE_ID) VALUES('105','Linux CONNECTOR', 'Linux CONNECTOR', 'ACTIVE', '63', 'USR_SEC_DOMAIN', '', null,'CLEAR', '105'   );
insert into openiam.MANAGED_SYS (MANAGED_SYS_ID, NAME, DESCRIPTION, STATUS, CONNECTOR_ID, DOMAIN_ID, HOST_URL, PORT, COMM_PROTOCOL, RESOURCE_ID) VALUES('106','MySQL CONNECTOR', 'MySQL CONNECTOR', 'ACTIVE', '64', 'USR_SEC_DOMAIN', '', null,'CLEAR', '106'   );
insert into openiam.MANAGED_SYS (MANAGED_SYS_ID, NAME, DESCRIPTION, STATUS, CONNECTOR_ID, DOMAIN_ID, HOST_URL, PORT, COMM_PROTOCOL, RESOURCE_ID, HNDLR_5) VALUES('110','ACTIVE DIRECTORY', 'ACTIVE DIRECTORY', 'ACTIVE', '51', 'USR_SEC_DOMAIN', 'ldaps://','636', 'CLEAR', '110', 'ACTIVE_DIRECTORY'   );
insert into openiam.MANAGED_SYS (MANAGED_SYS_ID, NAME, DESCRIPTION, STATUS, CONNECTOR_ID, DOMAIN_ID, HOST_URL, PORT, COMM_PROTOCOL, RESOURCE_ID) VALUES('111','Oracle Connector', 'Oracle Connector', 'ACTIVE', '65', 'USR_SEC_DOMAIN', '', null,'CLEAR', '111'   );

insert into openiam.MNG_SYS_OBJECT_MATCH(OBJECT_SEARCH_ID, MANAGED_SYS_ID, OBJECT_TYPE, MATCH_METHOD, SEARCH_FILTER, BASE_DN, SEARCH_BASE_DN ,KEY_FIELD) VALUES('110', '110', 'USER', 'BASE_DN', '(&(objectclass=user)(?))','OU=idm-test,DC=ad,DC=openiamdemo,DC=info','OU=idm-test,DC=ad,DC=openiamdemo,DC=info','CN');
insert into openiam.MNG_SYS_OBJECT_MATCH(OBJECT_SEARCH_ID, MANAGED_SYS_ID, OBJECT_TYPE, MATCH_METHOD, SEARCH_FILTER, BASE_DN, SEARCH_BASE_DN ,KEY_FIELD) VALUES('100', '101', 'USER', 'BASE_DN', '(&(objectclass=inetOrgPerson)(?))','ou=people,dc=openiam,dc=org','dc=openiam,dc=org','uid');




insert into openiam.MANAGED_SYS (MANAGED_SYS_ID, NAME, DESCRIPTION, STATUS, CONNECTOR_ID, DOMAIN_ID,   RESOURCE_ID) VALUES('200','SELFSERVICE_NEWHIRE', 'New Hire Form', 'ACTIVE', null, null,  '200'   );
insert into openiam.MANAGED_SYS (MANAGED_SYS_ID, NAME, DESCRIPTION, STATUS, CONNECTOR_ID, DOMAIN_ID,   RESOURCE_ID) VALUES('201','SELFSERVICE_CREATEREQUEST', 'Create Request Form', 'ACTIVE', null, null,  '201'   );
insert into openiam.MANAGED_SYS (MANAGED_SYS_ID, NAME, DESCRIPTION, STATUS, CONNECTOR_ID, DOMAIN_ID,   RESOURCE_ID) VALUES('202','SELFSERVICE_PROFILE', 'Profile Form', 'ACTIVE', null, null,  '202'   );


insert into openiam.RESOURCE_TYPE (RESOURCE_TYPE_ID, DESCRIPTION, METADATA_TYPE_ID, PROVISION_RESOURCE) VALUES('AUTH_REPO', 'Authentication Repository', 'AUTH_REPO', null);
insert into openiam.RESOURCE_TYPE (RESOURCE_TYPE_ID, DESCRIPTION, METADATA_TYPE_ID, PROVISION_RESOURCE) VALUES('MANAGED_SYS', 'Managed Systems', 'MANAGED_SYSTEM', 1);
insert into openiam.RESOURCE_TYPE (RESOURCE_TYPE_ID, DESCRIPTION, METADATA_TYPE_ID, PROVISION_RESOURCE) VALUES('SYS_ACTION', 'Public Workflow', 'SYS_ACTION', 0);
insert into openiam.RESOURCE_TYPE (RESOURCE_TYPE_ID, DESCRIPTION, METADATA_TYPE_ID, PROVISION_RESOURCE) VALUES('WORKFLOW', 'Workflow', 'WORKFLOW', 0);


insert into openiam.RES (RESOURCE_ID, RESOURCE_TYPE_ID,NAME, DISPLAY_ORDER) VALUES ('0', 'MANAGED_SYS', 'OPENIAM', 1);
insert into openiam.RES (RESOURCE_ID, RESOURCE_TYPE_ID,NAME, DISPLAY_ORDER, MANAGED_SYS_ID ) VALUES ('101', 'MANAGED_SYS', 'LDAP', 2, '101');
insert into openiam.RES (RESOURCE_ID, RESOURCE_TYPE_ID,NAME, DISPLAY_ORDER, MANAGED_SYS_ID ) VALUES ('103', 'MANAGED_SYS', 'Google App Con', 3, '103');
insert into openiam.RES (RESOURCE_ID, RESOURCE_TYPE_ID,NAME, DISPLAY_ORDER, MANAGED_SYS_ID ) VALUES ('104', 'MANAGED_SYS', 'Groovy Script Con', 4, '104');
insert into openiam.RES (RESOURCE_ID, RESOURCE_TYPE_ID,NAME, DISPLAY_ORDER, MANAGED_SYS_ID ) VALUES ('105', 'MANAGED_SYS', 'Linux Con', 5, '105');
insert into openiam.RES (RESOURCE_ID, RESOURCE_TYPE_ID,NAME, DISPLAY_ORDER, MANAGED_SYS_ID ) VALUES ('106', 'MANAGED_SYS', 'MySQL Con', 6, '106');
insert into openiam.RES (RESOURCE_ID, RESOURCE_TYPE_ID,NAME, DISPLAY_ORDER, MANAGED_SYS_ID ) VALUES ('110', 'MANAGED_SYS', 'ACTIVE DIRECTORY', 3, '110');
insert into openiam.RES (RESOURCE_ID, RESOURCE_TYPE_ID,NAME, DISPLAY_ORDER, MANAGED_SYS_ID ) VALUES ('111', 'MANAGED_SYS', 'Oracle Connector', 4, '111');

/* Workflows */
insert into openiam.RES (RESOURCE_ID, RESOURCE_TYPE_ID,NAME, DISPLAY_ORDER, DESCRIPTION) VALUES ('255', 'SYS_ACTION', 'SELFSERVICE_SELFREGISTER', 6, 'SELF REGISTRATION');

insert into openiam.RES (RESOURCE_ID, RESOURCE_TYPE_ID,NAME, DISPLAY_ORDER, DESCRIPTION) VALUES ('260', 'WORKFLOW', 'NEW_USER', 1, 'NEW USER');
insert into openiam.RES (RESOURCE_ID, RESOURCE_TYPE_ID,NAME, DISPLAY_ORDER, DESCRIPTION) VALUES ('261', 'WORKFLOW', 'CHANGE_USER_STATUS', 2, 'CHANGE USER STATUS');
insert into openiam.RES (RESOURCE_ID, RESOURCE_TYPE_ID,NAME, DISPLAY_ORDER, DESCRIPTION) VALUES ('262', 'WORKFLOW', 'CHANGE_ROLE', 4, 'CHANGE ROLE MEMBERSHIP');
insert into openiam.RES (RESOURCE_ID, RESOURCE_TYPE_ID,NAME, DISPLAY_ORDER, DESCRIPTION) VALUES ('264', 'WORKFLOW', 'CHANGE_APPLICATION', 5, 'APPLICATION ACCESS');
insert into openiam.RES (RESOURCE_ID, RESOURCE_TYPE_ID,NAME, DISPLAY_ORDER, DESCRIPTION) VALUES ('265', 'WORKFLOW', 'CHANGE_GROUP', 6, 'CHANGE GROUP MEMBERSHIP');



/* Indicates that the user object should not be sent to the AD and LDAP connectors */
insert into openiam.RESOURCE_PROP(RESOURCE_PROP_ID, RESOURCE_ID, NAME, PROP_VALUE) VALUES ('200', '101','INCLUDE_USER_OBJECT', 'N');
insert into openiam.RESOURCE_PROP(RESOURCE_PROP_ID, RESOURCE_ID, NAME, PROP_VALUE) VALUES ('202', '101','PRINCIPAL_NAME', 'uid');
insert into openiam.RESOURCE_PROP(RESOURCE_PROP_ID, RESOURCE_ID, NAME, PROP_VALUE) VALUES ('203', '101','PRINCIPAL_PASSWORD', 'userPassword');
insert into openiam.RESOURCE_PROP(RESOURCE_PROP_ID, RESOURCE_ID, NAME, PROP_VALUE) VALUES ('204', '101','INCLUDE_IN_PASSWORD_SYNC', 'Y');
insert into openiam.RESOURCE_PROP(RESOURCE_PROP_ID, RESOURCE_ID, NAME, PROP_VALUE) VALUES ('205', '101','ON_DELETE', 'DELETE');
insert into openiam.RESOURCE_PROP(RESOURCE_PROP_ID, RESOURCE_ID, NAME, PROP_VALUE) VALUES ('206', '101','GROUP_MEMBERSHIP_ENABLED', 'Y');

insert into openiam.RESOURCE_PROP(RESOURCE_PROP_ID, RESOURCE_ID, NAME, PROP_VALUE) VALUES ('207', '101','PRE_PROCESS', '/prov-helper/LDAPPreProcessor.groovy');
insert into openiam.RESOURCE_PROP(RESOURCE_PROP_ID, RESOURCE_ID, NAME, PROP_VALUE) VALUES ('208', '101','POST_PROCESS', '/prov-helper/LDAPPostProcessor.groovy');

/* RESOURCE_PROP for Active Directory */
insert into openiam.RESOURCE_PROP(RESOURCE_PROP_ID, RESOURCE_ID, NAME, PROP_VALUE) VALUES ('220', '110','ON_DELETE', 'DELETE');
insert into openiam.RESOURCE_PROP(RESOURCE_PROP_ID, RESOURCE_ID, NAME, PROP_VALUE) VALUES ('221', '110','INCLUDE_IN_PASSWORD_SYNC', 'Y');
insert into openiam.RESOURCE_PROP(RESOURCE_PROP_ID, RESOURCE_ID, NAME, PROP_VALUE) VALUES ('222', '110','GROUP_MEMBERSHIP_ENABLED', 'Y');
insert into openiam.RESOURCE_PROP(RESOURCE_PROP_ID, RESOURCE_ID, NAME, PROP_VALUE) VALUES ('223', '110','PRE_PROCESS', null);
insert into openiam.RESOURCE_PROP(RESOURCE_PROP_ID, RESOURCE_ID, NAME, PROP_VALUE) VALUES ('224', '110','POST_PROCESS', null);


/* Send user object to Linux connectors */
insert into openiam.RESOURCE_PROP(RESOURCE_PROP_ID, RESOURCE_ID, NAME, PROP_VALUE) VALUES ('210', '105','INCLUDE_USER_OBJECT', 'Y');
insert into openiam.RESOURCE_PROP(RESOURCE_PROP_ID, RESOURCE_ID, NAME, PROP_VALUE) VALUES ('211', '105','PRINCIPAL_NAME', 'login');
insert into openiam.RESOURCE_PROP(RESOURCE_PROP_ID, RESOURCE_ID, NAME, PROP_VALUE) VALUES ('212', '105','PRINCIPAL_PASSWORD', 'userPassword');
insert into openiam.RESOURCE_PROP(RESOURCE_PROP_ID, RESOURCE_ID, NAME, PROP_VALUE) VALUES ('213', '105','INCLUDE_IN_PASSWORD_SYNC', 'Y');

insert into openiam.RESOURCE_PROP(RESOURCE_PROP_ID, RESOURCE_ID, NAME, PROP_VALUE) VALUES ('214', '105','ON_DELETE', 'DELETE');
insert into openiam.RESOURCE_PROP(RESOURCE_PROP_ID, RESOURCE_ID, NAME, PROP_VALUE) VALUES ('215', '105','GROUP_MEMBERSHIP_ENABLED', 'Y');
insert into openiam.RESOURCE_PROP(RESOURCE_PROP_ID, RESOURCE_ID, NAME, PROP_VALUE) VALUES ('216', '105','PRE_PROCESS', null);
insert into openiam.RESOURCE_PROP(RESOURCE_PROP_ID, RESOURCE_ID, NAME, PROP_VALUE) VALUES ('217', '105','POST_PROCESS', null);


insert into openiam.APPROVER_ASSOC (APPROVER_ASSOC_ID,REQUEST_TYPE,APPROVER_LEVEL,ASSOCIATION_TYPE,ASSOCIATION_OBJ_ID,APPROVER_USER_ID,ON_APPROVE_NOTIFY_USER_ID,ON_REJECT_NOTIFY_USER_ID,APPROVE_NOTIFY_USER_TYPE,REJECT_NOTIFY_USER_TYPE,ACTN,APPROVER_ROLE_ID,APPROVER_ROLE_DOMAIN,APPLY_DELEGATION_FILTER) VALUES ('1000','260',1,'USER',NULL,'3000','','','TARGET_USER','REQUESTOR',NULL,NULL,NULL,0);
insert into openiam.APPROVER_ASSOC (APPROVER_ASSOC_ID,REQUEST_TYPE,APPROVER_LEVEL,ASSOCIATION_TYPE,ASSOCIATION_OBJ_ID,APPROVER_USER_ID,ON_APPROVE_NOTIFY_USER_ID,ON_REJECT_NOTIFY_USER_ID,APPROVE_NOTIFY_USER_TYPE,REJECT_NOTIFY_USER_TYPE,ACTN,APPROVER_ROLE_ID,APPROVER_ROLE_DOMAIN,APPLY_DELEGATION_FILTER) VALUES ('1001','261',1,'USER',NULL,'3000','','','USER','REQUESTOR',NULL,NULL,NULL,0);
insert into openiam.APPROVER_ASSOC (APPROVER_ASSOC_ID,REQUEST_TYPE,APPROVER_LEVEL,ASSOCIATION_TYPE,ASSOCIATION_OBJ_ID,APPROVER_USER_ID,ON_APPROVE_NOTIFY_USER_ID,ON_REJECT_NOTIFY_USER_ID,APPROVE_NOTIFY_USER_TYPE,REJECT_NOTIFY_USER_TYPE,ACTN,APPROVER_ROLE_ID,APPROVER_ROLE_DOMAIN,APPLY_DELEGATION_FILTER) VALUES ('1002','262',1,'USER',NULL,'3000','','','TARGET_USER','REQUESTOR',NULL,NULL,NULL,0);
insert into openiam.APPROVER_ASSOC (APPROVER_ASSOC_ID,REQUEST_TYPE,APPROVER_LEVEL,ASSOCIATION_TYPE,ASSOCIATION_OBJ_ID,APPROVER_USER_ID,ON_APPROVE_NOTIFY_USER_ID,ON_REJECT_NOTIFY_USER_ID,APPROVE_NOTIFY_USER_TYPE,REJECT_NOTIFY_USER_TYPE,ACTN,APPROVER_ROLE_ID,APPROVER_ROLE_DOMAIN,APPLY_DELEGATION_FILTER) VALUES ('1003','255',1,'USER',NULL,'3000','','3000','TARGET_USER','USER',NULL,NULL,NULL,0);

insert into openiam.APPROVER_ASSOC (APPROVER_ASSOC_ID,REQUEST_TYPE,APPROVER_LEVEL,ASSOCIATION_TYPE,ASSOCIATION_OBJ_ID,APPROVER_USER_ID,ON_APPROVE_NOTIFY_USER_ID,ON_REJECT_NOTIFY_USER_ID,APPROVE_NOTIFY_USER_TYPE,REJECT_NOTIFY_USER_TYPE,ACTN,APPROVER_ROLE_ID,APPROVER_ROLE_DOMAIN,APPLY_DELEGATION_FILTER) VALUES ('1004','263',1,'USER',NULL,'3000','','3000','TARGET_USER','REQUESTOR',NULL,NULL,NULL,0);
insert into openiam.APPROVER_ASSOC (APPROVER_ASSOC_ID,REQUEST_TYPE,APPROVER_LEVEL,ASSOCIATION_TYPE,ASSOCIATION_OBJ_ID,APPROVER_USER_ID,ON_APPROVE_NOTIFY_USER_ID,ON_REJECT_NOTIFY_USER_ID,APPROVE_NOTIFY_USER_TYPE,REJECT_NOTIFY_USER_TYPE,ACTN,APPROVER_ROLE_ID,APPROVER_ROLE_DOMAIN,APPLY_DELEGATION_FILTER) VALUES ('1005','264',1,'USER',NULL,'3000','','3000','TARGET_USER','REQUESTOR',NULL,NULL,NULL,0);
insert into openiam.APPROVER_ASSOC (APPROVER_ASSOC_ID,REQUEST_TYPE,APPROVER_LEVEL,ASSOCIATION_TYPE,ASSOCIATION_OBJ_ID,APPROVER_USER_ID,ON_APPROVE_NOTIFY_USER_ID,ON_REJECT_NOTIFY_USER_ID,APPROVE_NOTIFY_USER_TYPE,REJECT_NOTIFY_USER_TYPE,ACTN,APPROVER_ROLE_ID,APPROVER_ROLE_DOMAIN,APPLY_DELEGATION_FILTER) VALUES ('1006','265',1,'USER',NULL,'3000','','3000','TARGET_USER','REQUESTOR',NULL,NULL,NULL,0);



/* MAP FOR openiam repository */
insert into openiam.ATTRIBUTE_MAP(ATTRIBUTE_MAP_ID, MANAGED_SYS_ID, RESOURCE_ID, MAP_FOR_OBJECT_TYPE, ATTRIBUTE_NAME, ATTRIBUTE_POLICY_ID) VALUES ('230', '0', '0','PRINCIPAL', 'PRINCIPAL', '4562');
insert into openiam.ATTRIBUTE_MAP(ATTRIBUTE_MAP_ID, MANAGED_SYS_ID, RESOURCE_ID, MAP_FOR_OBJECT_TYPE, ATTRIBUTE_NAME, ATTRIBUTE_POLICY_ID) VALUES ('231', '0', '0','PRINCIPAL', 'PASSWORD', '4563');
insert into openiam.ATTRIBUTE_MAP(ATTRIBUTE_MAP_ID, MANAGED_SYS_ID, RESOURCE_ID, MAP_FOR_OBJECT_TYPE, ATTRIBUTE_NAME, ATTRIBUTE_POLICY_ID) VALUES ('232', '0', '0','EMAIL', 'EMAIL', '4564');
insert into openiam.ATTRIBUTE_MAP(ATTRIBUTE_MAP_ID, MANAGED_SYS_ID, RESOURCE_ID, MAP_FOR_OBJECT_TYPE, ATTRIBUTE_NAME, ATTRIBUTE_POLICY_ID) VALUES ('233', '0', '0','PRINCIPAL', 'DOMAIN', '4565');

/* MAP FOR LDAP */

insert into openiam.ATTRIBUTE_MAP(ATTRIBUTE_MAP_ID, MANAGED_SYS_ID, RESOURCE_ID, MAP_FOR_OBJECT_TYPE, ATTRIBUTE_NAME, ATTRIBUTE_POLICY_ID) VALUES ('201', '101', '101','USER', 'cn', '4501');
insert into openiam.ATTRIBUTE_MAP(ATTRIBUTE_MAP_ID, MANAGED_SYS_ID, RESOURCE_ID, MAP_FOR_OBJECT_TYPE, ATTRIBUTE_NAME, ATTRIBUTE_POLICY_ID) VALUES ('202', '101', '101','USER', 'mail', '4502');
insert into openiam.ATTRIBUTE_MAP(ATTRIBUTE_MAP_ID, MANAGED_SYS_ID, RESOURCE_ID, MAP_FOR_OBJECT_TYPE, ATTRIBUTE_NAME, ATTRIBUTE_POLICY_ID) VALUES ('203', '101', '101','USER', 'o', '4503');
insert into openiam.ATTRIBUTE_MAP(ATTRIBUTE_MAP_ID, MANAGED_SYS_ID, RESOURCE_ID, MAP_FOR_OBJECT_TYPE, ATTRIBUTE_NAME, ATTRIBUTE_POLICY_ID) VALUES ('204', '101', '101','USER', 'ou', '4504');
insert into openiam.ATTRIBUTE_MAP(ATTRIBUTE_MAP_ID, MANAGED_SYS_ID, RESOURCE_ID, MAP_FOR_OBJECT_TYPE, ATTRIBUTE_NAME, ATTRIBUTE_POLICY_ID) VALUES ('205', '101', '101','USER', 'postalCode', '4505');
insert into openiam.ATTRIBUTE_MAP(ATTRIBUTE_MAP_ID, MANAGED_SYS_ID, RESOURCE_ID, MAP_FOR_OBJECT_TYPE, ATTRIBUTE_NAME, ATTRIBUTE_POLICY_ID) VALUES ('206', '101', '101','USER', 'sn', '4506');
insert into openiam.ATTRIBUTE_MAP(ATTRIBUTE_MAP_ID, MANAGED_SYS_ID, RESOURCE_ID, MAP_FOR_OBJECT_TYPE, ATTRIBUTE_NAME, ATTRIBUTE_POLICY_ID) VALUES ('207', '101', '101','USER', 'st', '4507');
insert into openiam.ATTRIBUTE_MAP(ATTRIBUTE_MAP_ID, MANAGED_SYS_ID, RESOURCE_ID, MAP_FOR_OBJECT_TYPE, ATTRIBUTE_NAME, ATTRIBUTE_POLICY_ID) VALUES ('208', '101', '101','USER', 'street', '4508');
insert into openiam.ATTRIBUTE_MAP(ATTRIBUTE_MAP_ID, MANAGED_SYS_ID, RESOURCE_ID, MAP_FOR_OBJECT_TYPE, ATTRIBUTE_NAME, ATTRIBUTE_POLICY_ID) VALUES ('209', '101', '101','USER', 'userPassword', '4509');
insert into openiam.ATTRIBUTE_MAP(ATTRIBUTE_MAP_ID, MANAGED_SYS_ID, RESOURCE_ID, MAP_FOR_OBJECT_TYPE, ATTRIBUTE_NAME, ATTRIBUTE_POLICY_ID) VALUES ('210', '101', '101','USER', 'postalAddress', '4510');
insert into openiam.ATTRIBUTE_MAP(ATTRIBUTE_MAP_ID, MANAGED_SYS_ID, RESOURCE_ID, MAP_FOR_OBJECT_TYPE, ATTRIBUTE_NAME, ATTRIBUTE_POLICY_ID) VALUES ('211', '101', '101','USER', 'telephoneNumber', '4511');
insert into openiam.ATTRIBUTE_MAP(ATTRIBUTE_MAP_ID, MANAGED_SYS_ID, RESOURCE_ID, MAP_FOR_OBJECT_TYPE, ATTRIBUTE_NAME, ATTRIBUTE_POLICY_ID) VALUES ('212', '101', '101','USER', 'facsimileTelephoneNumber', '4512');
insert into openiam.ATTRIBUTE_MAP(ATTRIBUTE_MAP_ID, MANAGED_SYS_ID, RESOURCE_ID, MAP_FOR_OBJECT_TYPE, ATTRIBUTE_NAME, ATTRIBUTE_POLICY_ID) VALUES ('213', '101', '101','USER', 'mobileTelephoneNumber', '4513');
insert into openiam.ATTRIBUTE_MAP(ATTRIBUTE_MAP_ID, MANAGED_SYS_ID, RESOURCE_ID, MAP_FOR_OBJECT_TYPE, ATTRIBUTE_NAME, ATTRIBUTE_POLICY_ID) VALUES ('215', '101', '101','PRINCIPAL', 'uid', '4515');
insert into openiam.ATTRIBUTE_MAP(ATTRIBUTE_MAP_ID, MANAGED_SYS_ID, RESOURCE_ID, MAP_FOR_OBJECT_TYPE, ATTRIBUTE_NAME, ATTRIBUTE_POLICY_ID) VALUES ('216', '101', '101','USER', 'departmentNumber', '4516');
insert into openiam.ATTRIBUTE_MAP(ATTRIBUTE_MAP_ID, MANAGED_SYS_ID, RESOURCE_ID, MAP_FOR_OBJECT_TYPE, ATTRIBUTE_NAME, ATTRIBUTE_POLICY_ID) VALUES ('217', '101', '101','USER', 'displayName', '4517');
insert into openiam.ATTRIBUTE_MAP(ATTRIBUTE_MAP_ID, MANAGED_SYS_ID, RESOURCE_ID, MAP_FOR_OBJECT_TYPE, ATTRIBUTE_NAME, ATTRIBUTE_POLICY_ID) VALUES ('218', '101', '101','USER', 'employeeType', '4518');
insert into openiam.ATTRIBUTE_MAP(ATTRIBUTE_MAP_ID, MANAGED_SYS_ID, RESOURCE_ID, MAP_FOR_OBJECT_TYPE, ATTRIBUTE_NAME, ATTRIBUTE_POLICY_ID) VALUES ('221', '101', '101','USER', 'objectclass', '4521');
insert into openiam.ATTRIBUTE_MAP(ATTRIBUTE_MAP_ID, MANAGED_SYS_ID, RESOURCE_ID, MAP_FOR_OBJECT_TYPE, ATTRIBUTE_NAME, ATTRIBUTE_POLICY_ID) VALUES ('222', '101', '101','USER', 'title', '4522');
insert into openiam.ATTRIBUTE_MAP(ATTRIBUTE_MAP_ID, MANAGED_SYS_ID, RESOURCE_ID, MAP_FOR_OBJECT_TYPE, ATTRIBUTE_NAME, ATTRIBUTE_POLICY_ID) VALUES ('223', '101', '101','USER', 'givenName', '4514');
insert into openiam.ATTRIBUTE_MAP(ATTRIBUTE_MAP_ID, MANAGED_SYS_ID, RESOURCE_ID, MAP_FOR_OBJECT_TYPE, ATTRIBUTE_NAME, ATTRIBUTE_POLICY_ID, STATUS,DATA_TYPE) VALUES ('224', '101', '101','USER', 'uniqueMember', '4546', 'IN-ACTIVE', 'memberOf');


UPDATE ATTRIBUTE_MAP
SET DATA_TYPE = 'string'
where DATA_TYPE IS NULL AND MANAGED_SYS_ID = '101';


/* MAP FOR GOOGLE APPS*/
insert into openiam.ATTRIBUTE_MAP(ATTRIBUTE_MAP_ID, MANAGED_SYS_ID, RESOURCE_ID, MAP_FOR_OBJECT_TYPE, ATTRIBUTE_NAME, ATTRIBUTE_POLICY_ID) VALUES ('400', '103', '103','PRINCIPAL', 'userName', '4600');
insert into openiam.ATTRIBUTE_MAP(ATTRIBUTE_MAP_ID, MANAGED_SYS_ID, RESOURCE_ID, MAP_FOR_OBJECT_TYPE, ATTRIBUTE_NAME, ATTRIBUTE_POLICY_ID) VALUES ('401', '103', '103','USER', 'firstName', '4601');
insert into openiam.ATTRIBUTE_MAP(ATTRIBUTE_MAP_ID, MANAGED_SYS_ID, RESOURCE_ID, MAP_FOR_OBJECT_TYPE, ATTRIBUTE_NAME, ATTRIBUTE_POLICY_ID) VALUES ('402', '103', '103','USER', 'lastName', '4602');
insert into openiam.ATTRIBUTE_MAP(ATTRIBUTE_MAP_ID, MANAGED_SYS_ID, RESOURCE_ID, MAP_FOR_OBJECT_TYPE, ATTRIBUTE_NAME, ATTRIBUTE_POLICY_ID) VALUES ('403', '103', '103','USER', 'password', '4603');

/* MAP FOR LINUX CONNECTOR */
insert into openiam.ATTRIBUTE_MAP(ATTRIBUTE_MAP_ID, MANAGED_SYS_ID, RESOURCE_ID, MAP_FOR_OBJECT_TYPE, ATTRIBUTE_NAME, ATTRIBUTE_POLICY_ID) VALUES ('600', '105', '105','PRINCIPAL', 'login', '4562');
insert into openiam.ATTRIBUTE_MAP(ATTRIBUTE_MAP_ID, MANAGED_SYS_ID, RESOURCE_ID, MAP_FOR_OBJECT_TYPE, ATTRIBUTE_NAME, ATTRIBUTE_POLICY_ID) VALUES ('601', '105', '105','USER', 'name', '4514');
insert into openiam.ATTRIBUTE_MAP(ATTRIBUTE_MAP_ID, MANAGED_SYS_ID, RESOURCE_ID, MAP_FOR_OBJECT_TYPE, ATTRIBUTE_NAME, ATTRIBUTE_POLICY_ID) VALUES ('602', '105', '105','USER', 'surname', '4506');
insert into openiam.ATTRIBUTE_MAP(ATTRIBUTE_MAP_ID, MANAGED_SYS_ID, RESOURCE_ID, MAP_FOR_OBJECT_TYPE, ATTRIBUTE_NAME, ATTRIBUTE_POLICY_ID) VALUES ('603', '105', '105','USER', 'password', '4509');
insert into openiam.ATTRIBUTE_MAP(ATTRIBUTE_MAP_ID, MANAGED_SYS_ID, RESOURCE_ID, MAP_FOR_OBJECT_TYPE, ATTRIBUTE_NAME, ATTRIBUTE_POLICY_ID) VALUES ('604', '105', '105','USER', 'homePhone', '4511');
insert into openiam.ATTRIBUTE_MAP(ATTRIBUTE_MAP_ID, MANAGED_SYS_ID, RESOURCE_ID, MAP_FOR_OBJECT_TYPE, ATTRIBUTE_NAME, ATTRIBUTE_POLICY_ID) VALUES ('605', '105', '105','USER', 'workPhone', '4513');
insert into openiam.ATTRIBUTE_MAP(ATTRIBUTE_MAP_ID, MANAGED_SYS_ID, RESOURCE_ID, MAP_FOR_OBJECT_TYPE, ATTRIBUTE_NAME, ATTRIBUTE_POLICY_ID) VALUES ('606', '105', '105','USER', 'roomNumber', '4516');
insert into openiam.ATTRIBUTE_MAP(ATTRIBUTE_MAP_ID, MANAGED_SYS_ID, RESOURCE_ID, MAP_FOR_OBJECT_TYPE, ATTRIBUTE_NAME, ATTRIBUTE_POLICY_ID) VALUES ('607', '105', '105','USER', 'groups', '4546');

/* MAP FOR AD 2008 */
insert into openiam.ATTRIBUTE_MAP(ATTRIBUTE_MAP_ID, MANAGED_SYS_ID, RESOURCE_ID, MAP_FOR_OBJECT_TYPE, ATTRIBUTE_NAME, ATTRIBUTE_POLICY_ID) VALUES ('501', '110', '110','PRINCIPAL', 'CN', '4632');
insert into openiam.ATTRIBUTE_MAP(ATTRIBUTE_MAP_ID, MANAGED_SYS_ID, RESOURCE_ID, MAP_FOR_OBJECT_TYPE, ATTRIBUTE_NAME, ATTRIBUTE_POLICY_ID) VALUES ('502', '110', '110','USER', 'sAMAccountName', '4630');
insert into openiam.ATTRIBUTE_MAP(ATTRIBUTE_MAP_ID, MANAGED_SYS_ID, RESOURCE_ID, MAP_FOR_OBJECT_TYPE, ATTRIBUTE_NAME, ATTRIBUTE_POLICY_ID) VALUES ('503', '110', '110','USER', 'sn', '4506');
insert into openiam.ATTRIBUTE_MAP(ATTRIBUTE_MAP_ID, MANAGED_SYS_ID, RESOURCE_ID, MAP_FOR_OBJECT_TYPE, ATTRIBUTE_NAME, ATTRIBUTE_POLICY_ID) VALUES ('504', '110', '110','USER', 'givenName', '4631');
insert into openiam.ATTRIBUTE_MAP(ATTRIBUTE_MAP_ID, MANAGED_SYS_ID, RESOURCE_ID, MAP_FOR_OBJECT_TYPE, ATTRIBUTE_NAME, ATTRIBUTE_POLICY_ID) VALUES ('505', '110', '110','USER', 'displayName', '4517');
insert into openiam.ATTRIBUTE_MAP(ATTRIBUTE_MAP_ID, MANAGED_SYS_ID, RESOURCE_ID, MAP_FOR_OBJECT_TYPE, ATTRIBUTE_NAME, ATTRIBUTE_POLICY_ID) VALUES ('506', '110', '110','USER', 'ou', '4633');
insert into openiam.ATTRIBUTE_MAP(ATTRIBUTE_MAP_ID, MANAGED_SYS_ID, RESOURCE_ID, MAP_FOR_OBJECT_TYPE, ATTRIBUTE_NAME, ATTRIBUTE_POLICY_ID) VALUES ('507', '110', '110','USER', 'objectclass', '4634');
insert into openiam.ATTRIBUTE_MAP(ATTRIBUTE_MAP_ID, MANAGED_SYS_ID, RESOURCE_ID, MAP_FOR_OBJECT_TYPE, ATTRIBUTE_NAME, ATTRIBUTE_POLICY_ID) VALUES ('508', '110', '110','USER', 'profilePath', '4635');
insert into openiam.ATTRIBUTE_MAP(ATTRIBUTE_MAP_ID, MANAGED_SYS_ID, RESOURCE_ID, MAP_FOR_OBJECT_TYPE, ATTRIBUTE_NAME, ATTRIBUTE_POLICY_ID) VALUES ('509', '110', '110','USER', 'homeDirectory', '4636');
insert into openiam.ATTRIBUTE_MAP(ATTRIBUTE_MAP_ID, MANAGED_SYS_ID, RESOURCE_ID, MAP_FOR_OBJECT_TYPE, ATTRIBUTE_NAME, ATTRIBUTE_POLICY_ID) VALUES ('510', '110', '110','USER', 'homeDrive', '4637');
insert into openiam.ATTRIBUTE_MAP(ATTRIBUTE_MAP_ID, MANAGED_SYS_ID, RESOURCE_ID, MAP_FOR_OBJECT_TYPE, ATTRIBUTE_NAME, ATTRIBUTE_POLICY_ID) VALUES ('511', '110', '110','USER', 'scriptPath', '4639');
insert into openiam.ATTRIBUTE_MAP(ATTRIBUTE_MAP_ID, MANAGED_SYS_ID, RESOURCE_ID, MAP_FOR_OBJECT_TYPE, ATTRIBUTE_NAME, ATTRIBUTE_POLICY_ID) VALUES ('512', '110', '110','USER', 'company', '4640');
insert into openiam.ATTRIBUTE_MAP(ATTRIBUTE_MAP_ID, MANAGED_SYS_ID, RESOURCE_ID, MAP_FOR_OBJECT_TYPE, ATTRIBUTE_NAME, ATTRIBUTE_POLICY_ID) VALUES ('513', '110', '110','USER', 'initials', '4642');
insert into openiam.ATTRIBUTE_MAP(ATTRIBUTE_MAP_ID, MANAGED_SYS_ID, RESOURCE_ID, MAP_FOR_OBJECT_TYPE, ATTRIBUTE_NAME, ATTRIBUTE_POLICY_ID) VALUES ('514', '110', '110','USER', 'department', '4643');
insert into openiam.ATTRIBUTE_MAP(ATTRIBUTE_MAP_ID, MANAGED_SYS_ID, RESOURCE_ID, MAP_FOR_OBJECT_TYPE, ATTRIBUTE_NAME, ATTRIBUTE_POLICY_ID) VALUES ('516', '110', '110','USER', 'title', '4645');
insert into openiam.ATTRIBUTE_MAP(ATTRIBUTE_MAP_ID, MANAGED_SYS_ID, RESOURCE_ID, MAP_FOR_OBJECT_TYPE, ATTRIBUTE_NAME, ATTRIBUTE_POLICY_ID) VALUES ('517', '110', '110','USER', 'unicodePwd', '4646');
insert into openiam.ATTRIBUTE_MAP(ATTRIBUTE_MAP_ID, MANAGED_SYS_ID, RESOURCE_ID, MAP_FOR_OBJECT_TYPE, ATTRIBUTE_NAME, ATTRIBUTE_POLICY_ID) VALUES ('518', '110', '110','USER', 'userAccountControl', '4650');
insert into openiam.ATTRIBUTE_MAP(ATTRIBUTE_MAP_ID, MANAGED_SYS_ID, RESOURCE_ID, MAP_FOR_OBJECT_TYPE, ATTRIBUTE_NAME, ATTRIBUTE_POLICY_ID) VALUES ('519', '110', '110','USER', 'userPrincipalName', '4651');

insert into openiam.ATTRIBUTE_MAP(ATTRIBUTE_MAP_ID, MANAGED_SYS_ID, RESOURCE_ID, MAP_FOR_OBJECT_TYPE, ATTRIBUTE_NAME, ATTRIBUTE_POLICY_ID, STATUS,DATA_TYPE) VALUES ('521', '110', '110','USER', 'streetAddress', '4653', 'ACTIVE', 'String');
insert into openiam.ATTRIBUTE_MAP(ATTRIBUTE_MAP_ID, MANAGED_SYS_ID, RESOURCE_ID, MAP_FOR_OBJECT_TYPE, ATTRIBUTE_NAME, ATTRIBUTE_POLICY_ID, STATUS,DATA_TYPE) VALUES ('522', '110', '110','USER', 'l', '4654', 'ACTIVE', 'String');
insert into openiam.ATTRIBUTE_MAP(ATTRIBUTE_MAP_ID, MANAGED_SYS_ID, RESOURCE_ID, MAP_FOR_OBJECT_TYPE, ATTRIBUTE_NAME, ATTRIBUTE_POLICY_ID, STATUS,DATA_TYPE) VALUES ('523', '110', '110','USER', 'st', '4655', 'ACTIVE', 'String');
insert into openiam.ATTRIBUTE_MAP(ATTRIBUTE_MAP_ID, MANAGED_SYS_ID, RESOURCE_ID, MAP_FOR_OBJECT_TYPE, ATTRIBUTE_NAME, ATTRIBUTE_POLICY_ID, STATUS,DATA_TYPE) VALUES ('524', '110', '110','USER', 'postalCode', '4656', 'ACTIVE', 'String');

insert into openiam.ATTRIBUTE_MAP(ATTRIBUTE_MAP_ID, MANAGED_SYS_ID, RESOURCE_ID, MAP_FOR_OBJECT_TYPE, ATTRIBUTE_NAME, ATTRIBUTE_POLICY_ID) VALUES ('515', '110', '110','USER', 'telephoneNumber', '4511');
insert into openiam.ATTRIBUTE_MAP(ATTRIBUTE_MAP_ID, MANAGED_SYS_ID, RESOURCE_ID, MAP_FOR_OBJECT_TYPE, ATTRIBUTE_NAME, ATTRIBUTE_POLICY_ID) VALUES ('526', '110', '110','USER', 'facsimileTelephoneNumber', '4512');
insert into openiam.ATTRIBUTE_MAP(ATTRIBUTE_MAP_ID, MANAGED_SYS_ID, RESOURCE_ID, MAP_FOR_OBJECT_TYPE, ATTRIBUTE_NAME, ATTRIBUTE_POLICY_ID) VALUES ('527', '110', '110','USER', 'mobile', '4513');
insert into openiam.ATTRIBUTE_MAP(ATTRIBUTE_MAP_ID, MANAGED_SYS_ID, RESOURCE_ID, MAP_FOR_OBJECT_TYPE, ATTRIBUTE_NAME, ATTRIBUTE_POLICY_ID) VALUES ('528', '110', '110','USER', 'mail', '4502');
insert into openiam.ATTRIBUTE_MAP(ATTRIBUTE_MAP_ID, MANAGED_SYS_ID, RESOURCE_ID, MAP_FOR_OBJECT_TYPE, ATTRIBUTE_NAME, ATTRIBUTE_POLICY_ID, STATUS, DATA_TYPE ) VALUES ('529', '110', '110','USER', 'manager', '4658', 'IN-ACTIVE', 'String');
insert into openiam.ATTRIBUTE_MAP(ATTRIBUTE_MAP_ID, MANAGED_SYS_ID, RESOURCE_ID, MAP_FOR_OBJECT_TYPE, ATTRIBUTE_NAME, ATTRIBUTE_POLICY_ID, STATUS,DATA_TYPE) VALUES ('530', '110', '110','USER', 'uniqueMember', '4652', 'IN-ACTIVE', 'memberOf');


UPDATE openiam.ATTRIBUTE_MAP
SET DATA_TYPE = 'string'
where DATA_TYPE IS NULL AND MANAGED_SYS_ID = '110';


/* MAP FOR MYSQL CONNECTOR */
insert into openiam.ATTRIBUTE_MAP(ATTRIBUTE_MAP_ID, MANAGED_SYS_ID, RESOURCE_ID, MAP_FOR_OBJECT_TYPE, ATTRIBUTE_NAME, ATTRIBUTE_POLICY_ID) VALUES ('550', '106', '106','PRINCIPAL', 'userName', '4600');
insert into openiam.ATTRIBUTE_MAP(ATTRIBUTE_MAP_ID, MANAGED_SYS_ID, RESOURCE_ID, MAP_FOR_OBJECT_TYPE, ATTRIBUTE_NAME, ATTRIBUTE_POLICY_ID) VALUES ('553', '106', '106','USER', 'password', '4603');

/* MAP FOR ORACLE DB */
insert into openiam.ATTRIBUTE_MAP(ATTRIBUTE_MAP_ID, MANAGED_SYS_ID, RESOURCE_ID, MAP_FOR_OBJECT_TYPE, ATTRIBUTE_NAME, ATTRIBUTE_POLICY_ID) VALUES ('560', '111', '111','PRINCIPAL', 'MyAttributeAttrName', '4562');
insert into openiam.ATTRIBUTE_MAP(ATTRIBUTE_MAP_ID, MANAGED_SYS_ID, RESOURCE_ID, MAP_FOR_OBJECT_TYPE, ATTRIBUTE_NAME, ATTRIBUTE_POLICY_ID) VALUES ('561', '111', '111','PASSWORD', 'MyPasswordAttrName', '4603');

UPDATE openiam.ATTRIBUTE_MAP
SET DATA_TYPE = 'string'
where DATA_TYPE IS NULL AND MANAGED_SYS_ID = '111';

/* Reconciliation config */
insert into openiam.RECONCILIATION_CONFIG(RECON_CONFIG_ID, RESOURCE_ID, FREQUENCY, STATUS) VALUES('4028b881373b90e501373b92ec180001', '101', 'NIGHTLY', 'ACTIVE');

insert into openiam.RECONCILIATION_SITUATION(RECON_SITUATION_ID, RECON_CONFIG_ID, SITUATION, SITUATION_RESP, SCRIPT) VALUES('4028b881373b90e501373b92ec1f0002', '4028b881373b90e501373b92ec180001', 'Match Found', 'UPD_IDM_USER', '/recon/LDAPPopulationScript.groovy');
insert into openiam.RECONCILIATION_SITUATION(RECON_SITUATION_ID, RECON_CONFIG_ID, SITUATION, SITUATION_RESP, SCRIPT) VALUES('4028b881373b90e501373b92ec1f0003', '4028b881373b90e501373b92ec180001', 'Login Not Found', 'CREATE_RES_ACCOUNT', '');
insert into openiam.RECONCILIATION_SITUATION(RECON_SITUATION_ID, RECON_CONFIG_ID, SITUATION, SITUATION_RESP, SCRIPT) VALUES('4028b881373b90e501373b92ec1f0004', '4028b881373b90e501373b92ec180001', 'IDM Delete', 'DEL_RES_ACCOUNT', '');
insert into openiam.RECONCILIATION_SITUATION(RECON_SITUATION_ID, RECON_CONFIG_ID, SITUATION, SITUATION_RESP, SCRIPT) VALUES('4028b881373b90e501373b92ec1f0005', '4028b881373b90e501373b92ec180001', 'Resource Delete', 'CREATE_RES_ACCOUNT', '');
insert into openiam.RECONCILIATION_SITUATION(RECON_SITUATION_ID, RECON_CONFIG_ID, SITUATION, SITUATION_RESP, SCRIPT) VALUES('4028b881373b90e501373b92ec200006', '4028b881373b90e501373b92ec180001', 'IDM Not Found', 'CREATE_IDM_ACCOUNT', '/recon/LDAPPopulationScript.groovy');

/* Reconciliation config - AD */
insert into openiam.RECONCILIATION_CONFIG(RECON_CONFIG_ID, RESOURCE_ID, FREQUENCY, STATUS) VALUES('110', '110', 'NIGHTLY', 'ACTIVE');

insert into openiam.RECONCILIATION_SITUATION(RECON_SITUATION_ID, RECON_CONFIG_ID, SITUATION, SITUATION_RESP, SCRIPT) VALUES('1101', '110', 'IDM[exists] and Resource[not exists]', 'CREATE_RES_ACCOUNT', '/recon/LDAPPopulationScript.groovy');
insert into openiam.RECONCILIATION_SITUATION(RECON_SITUATION_ID, RECON_CONFIG_ID, SITUATION, SITUATION_RESP, SCRIPT) VALUES('1102', '110', 'IDM[exists] and Resource[exists]', 'NOTHING', '');
insert into openiam.RECONCILIATION_SITUATION(RECON_SITUATION_ID, RECON_CONFIG_ID, SITUATION, SITUATION_RESP, SCRIPT) VALUES('1103', '110', 'IDM[not exists] and Resource[exists]', 'CREATE_IDM_ACCOUNT', '/recon/LDAPPopulationScript.groovy');
insert into openiam.RECONCILIATION_SITUATION(RECON_SITUATION_ID, RECON_CONFIG_ID, SITUATION, SITUATION_RESP, SCRIPT) VALUES('1104', '110', 'IDM[deleted] and Resource[exists]', 'NOTHING', '');

commit;