USE openiam;

DELETE FROM RESOURCE_PROP WHERE RESOURCE_PROP_ID = 'META_ADMIN_DESC';
DELETE FROM RESOURCE_PROP WHERE RESOURCE_PROP_ID = 'META_TYPE_ADMIN_DESC';
DELETE FROM res_to_res_membership WHERE RESOURCE_ID='META_SUBMENU_ROOT';
DELETE FROM res_to_res_membership WHERE RESOURCE_ID='META_TYPE_SUBMENU_ROOT';
DELETE FROM res_to_res_membership WHERE MEMBER_RESOURCE_ID='META_ADMIN';
DELETE FROM res_to_res_membership WHERE MEMBER_RESOURCE_ID='META_TYPE_ADMIN';



DELETE FROM RESOURCE_PROP WHERE RESOURCE_PROP_ID = 'META_TYPE_EDIT_DESC';
DELETE FROM RESOURCE_PROP WHERE RESOURCE_PROP_ID = 'META_EDIT_DESC';
DELETE FROM RESOURCE_PROP WHERE RESOURCE_PROP_ID = 'META_TYPE_SEARCH_DESC';
DELETE FROM RESOURCE_PROP WHERE RESOURCE_PROP_ID = 'META_SEARCH_DESC';

DELETE FROM RES WHERE RESOURCE_ID='META_TYPE_EDIT';
DELETE FROM RES WHERE RESOURCE_ID='META_EDIT';
DELETE FROM RES WHERE RESOURCE_ID='META_TYPE_SEARCH';
DELETE FROM RES WHERE RESOURCE_ID='META_SEARCH';

DELETE FROM RES WHERE RESOURCE_ID='META_ADMIN';
DELETE FROM RES WHERE RESOURCE_ID='META_TYPE_ADMIN';
DELETE FROM RES WHERE RESOURCE_ID='META_SUBMENU_ROOT';
DELETE FROM RES WHERE RESOURCE_ID='META_TYPE_SUBMENU_ROOT';

INSERT INTO RES (RESOURCE_ID,RESOURCE_TYPE_ID,DESCRIPTION,NAME,DISPLAY_ORDER,IS_PUBLIC,URL) VALUES ('META_ADMIN','MENU_ITEM','metadata admin root','META_ADMIN',1,'Y','/webconsole/metaDataSearch.html');
INSERT INTO RESOURCE_PROP (RESOURCE_PROP_ID,RESOURCE_ID,NAME,PROP_VALUE) VALUES ('META_ADMIN_DESC','META_ADMIN','MENU_DISPLAY_NAME','Metadata Elements');
INSERT INTO res_to_res_membership (RESOURCE_ID,MEMBER_RESOURCE_ID) VALUES ('ADMIN','META_ADMIN');



INSERT INTO RES (RESOURCE_ID,RESOURCE_TYPE_ID,DESCRIPTION,NAME,DISPLAY_ORDER,IS_PUBLIC,URL) VALUES ('META_TYPE_ADMIN','MENU_ITEM','metadata admin root','META_TYPE_ADMIN',1,'Y','/webconsole/metaDataTypeSearch.html');
INSERT INTO RESOURCE_PROP (RESOURCE_PROP_ID,RESOURCE_ID,NAME,PROP_VALUE) VALUES ('META_TYPE_ADMIN_DESC','META_TYPE_ADMIN','MENU_DISPLAY_NAME','Metadata Types');
INSERT INTO res_to_res_membership (RESOURCE_ID,MEMBER_RESOURCE_ID) VALUES ('ADMIN','META_TYPE_ADMIN');




INSERT INTO RES (RESOURCE_ID,RESOURCE_TYPE_ID,DESCRIPTION,NAME,DISPLAY_ORDER,IS_PUBLIC) VALUES ('META_TYPE_SUBMENU_ROOT','MENU_ITEM','metadata root menu','META_TYPE_SUBMENU_ROOT',1,'Y'); 

INSERT INTO RES (RESOURCE_ID,RESOURCE_TYPE_ID,DESCRIPTION,NAME,DISPLAY_ORDER,IS_PUBLIC,URL) VALUES ('META_TYPE_EDIT','MENU_ITEM','metadata type edit','META_TYPE_EDIT',1,'Y','/webconsole/metaDataTypeEdit.html'); 
INSERT INTO RESOURCE_PROP (RESOURCE_PROP_ID,RESOURCE_ID,NAME,PROP_VALUE) VALUES ('META_TYPE_EDIT_DESC','META_TYPE_EDIT','MENU_DISPLAY_NAME','New MetaData Type');

INSERT INTO RES (RESOURCE_ID,RESOURCE_TYPE_ID,DESCRIPTION,NAME,DISPLAY_ORDER,IS_PUBLIC,URL) VALUES ('META_TYPE_SEARCH','MENU_ITEM','metadata type search','META_TYPE_SEARCH',3,'Y','/webconsole/metaDataTypeSearch.html'); 
INSERT INTO RESOURCE_PROP (RESOURCE_PROP_ID,RESOURCE_ID,NAME,PROP_VALUE) VALUES ('META_TYPE_SEARCH_DESC','META_TYPE_SEARCH','MENU_DISPLAY_NAME','MetaData Type Search');




INSERT INTO RES (RESOURCE_ID,RESOURCE_TYPE_ID,DESCRIPTION,NAME,DISPLAY_ORDER,IS_PUBLIC) VALUES ('META_SUBMENU_ROOT','MENU_ITEM','metadata root menu','META_SUBMENU_ROOT',1,'Y'); 

INSERT INTO RES (RESOURCE_ID,RESOURCE_TYPE_ID,DESCRIPTION,NAME,DISPLAY_ORDER,IS_PUBLIC,URL) VALUES ('META_EDIT','MENU_ITEM','metadata type edit','META_EDIT',2,'Y','/webconsole/metaDataEdit.html'); 
INSERT INTO RESOURCE_PROP (RESOURCE_PROP_ID,RESOURCE_ID,NAME,PROP_VALUE) VALUES ('META_EDIT_DESC','META_EDIT','MENU_DISPLAY_NAME','New MetaData');

INSERT INTO RES (RESOURCE_ID,RESOURCE_TYPE_ID,DESCRIPTION,NAME,DISPLAY_ORDER,IS_PUBLIC,URL) VALUES ('META_SEARCH','MENU_ITEM','metadata search','META_SEARCH',4,'Y','/webconsole/metaDataSearch.html');
INSERT INTO RESOURCE_PROP (RESOURCE_PROP_ID,RESOURCE_ID,NAME,PROP_VALUE) VALUES ('META_SEARCH_DESC','META_SEARCH','MENU_DISPLAY_NAME','MetaData Search');

INSERT INTO res_to_res_membership (MEMBER_RESOURCE_ID, RESOURCE_ID) VALUES ('META_SEARCH', 'META_SUBMENU_ROOT');
INSERT INTO res_to_res_membership (MEMBER_RESOURCE_ID, RESOURCE_ID) VALUES ('META_TYPE_SEARCH', 'META_TYPE_SUBMENU_ROOT');
INSERT INTO res_to_res_membership (MEMBER_RESOURCE_ID, RESOURCE_ID) VALUES ('META_EDIT', 'META_SUBMENU_ROOT');
INSERT INTO res_to_res_membership (MEMBER_RESOURCE_ID, RESOURCE_ID) VALUES ('META_TYPE_EDIT', 'META_TYPE_SUBMENU_ROOT');


