/* 1 */
UPDATE RES SET URL='/selfservice/newUserWithApprover.html' WHERE RESOURCE_ID='NEWUSER';

/* 2 */

DELETE FROM res_to_res_membership WHERE MEMBER_RESOURCE_ID IN ('SYNCUSER_EDIT','SYNCUSER_EDIT_MENU_ROOT','SYNCUSER_POLICYMAP');
DELETE FROM RESOURCE_USER WHERE RESOURCE_ID IN ('SYNCUSER_EDIT','SYNCUSER_EDIT_MENU_ROOT','SYNCUSER_POLICYMAP');
DELETE FROM RESOURCE_ROLE WHERE RESOURCE_ID IN ('SYNCUSER_EDIT','SYNCUSER_EDIT_MENU_ROOT','SYNCUSER_POLICYMAP');
DELETE FROM RESOURCE_PROP WHERE RESOURCE_ID IN ('SYNCUSER_EDIT','SYNCUSER_EDIT_MENU_ROOT','SYNCUSER_POLICYMAP');
DELETE FROM RESOURCE_GROUP WHERE RESOURCE_ID IN ('SYNCUSER_EDIT','SYNCUSER_EDIT_MENU_ROOT','SYNCUSER_POLICYMAP');
DELETE FROM RES WHERE RESOURCE_ID IN ('SYNCUSER_EDIT','SYNCUSER_EDIT_MENU_ROOT','SYNCUSER_POLICYMAP');


INSERT INTO RES (RESOURCE_ID, RESOURCE_TYPE_ID, DESCRIPTION, NAME, URL) VALUES ('SYNCUSER_EDIT', 'MENU_ITEM', 'Edit sync', 'SYNCUSER_EDIT', '/webconsole-idm/provisioning/synchronization.html');
INSERT INTO RESOURCE_PROP (RESOURCE_PROP_ID, RESOURCE_ID, NAME, PROP_VALUE) VALUES ('SYNCUSER_EDIT_PUB', 'SYNCUSER_EDIT', 'MENU_IS_PUBLIC', 'true');
INSERT INTO RESOURCE_PROP (RESOURCE_PROP_ID, RESOURCE_ID, NAME, PROP_VALUE) VALUES ('SYNCUSER_EDIT_DESC', 'SYNCUSER_EDIT', 'MENU_DISPLAY_NAME', 'Edit Synchronization');

INSERT INTO RES (RESOURCE_ID, RESOURCE_TYPE_ID, DESCRIPTION, NAME, URL) VALUES ('SYNCUSER_POLICYMAP', 'MENU_ITEM', 'Policy map', 'SYNCUSER_POLICYMAP', '/webconsole/synchPolicyMap.html');
INSERT INTO RESOURCE_PROP (RESOURCE_PROP_ID, RESOURCE_ID, NAME, PROP_VALUE) VALUES ('SYNCUSER_POLICYMAP_PUB', 'SYNCUSER_POLICYMAP', 'MENU_IS_PUBLIC', 'true');
INSERT INTO RESOURCE_PROP (RESOURCE_PROP_ID, RESOURCE_ID, NAME, PROP_VALUE) VALUES ('SYNCUSER_POLICYMAP_DESC', 'SYNCUSER_POLICYMAP', 'MENU_DISPLAY_NAME', 'Policy Map');

INSERT INTO RES (RESOURCE_ID, RESOURCE_TYPE_ID, DESCRIPTION, NAME) VALUES ('SYNCUSER_EDIT_MENU_ROOT', 'MENU_ITEM', 'Edit sync', 'SYNCUSER_EDIT_MENU_ROOT');

INSERT INTO res_to_res_membership (RESOURCE_ID, MEMBER_RESOURCE_ID) VALUES('SYNCUSER_EDIT_MENU_ROOT', 'SYNCUSER_EDIT');
INSERT INTO res_to_res_membership (RESOURCE_ID, MEMBER_RESOURCE_ID) VALUES('SYNCUSER_EDIT_MENU_ROOT', 'SYNCUSER_POLICYMAP');


/* 3 */

DELETE FROM RES WHERE RESOURCE_ID = 'MNGSYS_EDIT_NO_RES_MENU_ROOT';

INSERT INTO RES 
(RESOURCE_ID, RESOURCE_TYPE_ID, NAME, DISPLAY_ORDER, IS_PUBLIC, IS_SSL) VALUES 
('MNGSYS_EDIT_NO_RES_MENU_ROOT', 'MENU_ITEM','MNGSYS_EDIT_NO_RES_MENU_ROOT', 1,  'Y', 'N');


/* 4 */

DELETE FROM res_to_res_membership WHERE MEMBER_RESOURCE_ID IN('WEB_REPORT', 'WEB_REPORT_ROOT',  'WEB_REPORT_NEW');

DELETE FROM RESOURCE_PROP WHERE RESOURCE_ID IN('WEB_REPORT', 'WEB_REPORT_ROOT',  'WEB_REPORT_NEW');

DELETE FROM RESOURCE_ROLE WHERE RESOURCE_ID IN (
'WEB_REPORT', 'WEB_REPORT_ROOT',  'WEB_REPORT_NEW');

DELETE FROM RES WHERE RESOURCE_ID IN('WEB_REPORT', 'WEB_REPORT_ROOT',  'WEB_REPORT_NEW');


INSERT INTO RES (RESOURCE_ID, RESOURCE_TYPE_ID, NAME, DESCRIPTION, URL, DISPLAY_ORDER, IS_PUBLIC, IS_SSL) VALUES('WEB_REPORT', 'MENU_ITEM', 'WEB_REPORT', 'Report', '/webconsole/report.html', 6, 'Y', 'N');
INSERT INTO RESOURCE_PROP (RESOURCE_PROP_ID, RESOURCE_ID, NAME, PROP_VALUE) VALUES ('WEB_REPORT_PUB', 'WEB_REPORT', 'MENU_IS_PUBLIC', 'true');
INSERT INTO RESOURCE_PROP (RESOURCE_PROP_ID, RESOURCE_ID, NAME, PROP_VALUE) VALUES ('WEB_REPORT_DESC', 'WEB_REPORT', 'MENU_DISPLAY_NAME', 'Report');
INSERT INTO res_to_res_membership (RESOURCE_ID, MEMBER_RESOURCE_ID) VALUES('IDM', 'WEB_REPORT');

INSERT INTO RES (RESOURCE_ID, RESOURCE_TYPE_ID, NAME, DESCRIPTION) VALUES('WEB_REPORT_ROOT', 'MENU_ITEM', 'WEB_REPORT_ROOT', 'Report Root Menu');
INSERT INTO RESOURCE_PROP (RESOURCE_PROP_ID, RESOURCE_ID, NAME, PROP_VALUE) VALUES ('WEB_REPORT_ROOT_PUB', 'WEB_REPORT_ROOT', 'MENU_IS_PUBLIC', 'true');
INSERT INTO RESOURCE_PROP (RESOURCE_PROP_ID, RESOURCE_ID, NAME, PROP_VALUE) VALUES ('WEB_REPORT_ROOT_DESC', 'WEB_REPORT_ROOT', 'MENU_DISPLAY_NAME', 'Report Root Menu');


INSERT INTO RES (RESOURCE_ID, RESOURCE_TYPE_ID, NAME, DESCRIPTION, URL) VALUES('WEB_REPORT_NEW', 'MENU_ITEM', 'WEB_REPORT_NEW', 'New Report', '/webconsole/editReport.html');
INSERT INTO RESOURCE_PROP (RESOURCE_PROP_ID, RESOURCE_ID, NAME, PROP_VALUE) VALUES ('WEB_REPORT_NEW_PUB', 'WEB_REPORT_NEW', 'MENU_IS_PUBLIC', 'true');
INSERT INTO RESOURCE_PROP (RESOURCE_PROP_ID, RESOURCE_ID, NAME, PROP_VALUE) VALUES ('WEB_REPORT_NEW_DSC', 'WEB_REPORT_NEW', 'MENU_DISPLAY_NAME', 'Create New Report');

INSERT INTO res_to_res_membership (RESOURCE_ID, MEMBER_RESOURCE_ID) VALUES('WEB_REPORT_ROOT', 'WEB_REPORT_NEW');


/* 5 */

DELETE FROM res_to_res_membership WHERE RESOURCE_ID='RESOURCE_EDIT_PAGE_ROOT' AND MEMBER_RESOURCE_ID = 'RESPOLICYMAP';

DELETE FROM res_to_res_membership WHERE MEMBER_RESOURCE_ID IN ('MNGSYS_ATTR_PAGE');
DELETE FROM RESOURCE_USER WHERE RESOURCE_ID IN ('MNGSYS_ATTR_PAGE');
DELETE FROM RESOURCE_ROLE WHERE RESOURCE_ID IN ('MNGSYS_ATTR_PAGE');
DELETE FROM RESOURCE_PROP WHERE RESOURCE_ID IN ('MNGSYS_ATTR_PAGE');
DELETE FROM RESOURCE_GROUP WHERE RESOURCE_ID IN ('MNGSYS_ATTR_PAGE');
DELETE FROM RES WHERE RESOURCE_ID IN ('MNGSYS_ATTR_PAGE');

INSERT INTO RES (RESOURCE_ID, RESOURCE_TYPE_ID, DESCRIPTION, NAME, URL) VALUES ('MNGSYS_ATTR_PAGE', 'MENU_ITEM', 'Resource Attributes', 'MNGSYS_ATTR_PAGE', '/webconsole/resourceAttributes.html');

INSERT INTO RESOURCE_PROP (RESOURCE_PROP_ID, RESOURCE_ID, NAME, PROP_VALUE) VALUES ('MNGSYS_ATTR_PAGE_PUB', 'MNGSYS_ATTR_PAGE', 'MENU_IS_PUBLIC', 'true');
INSERT INTO RESOURCE_PROP (RESOURCE_PROP_ID, RESOURCE_ID, NAME, PROP_VALUE) VALUES ('MNGSYS_ATTR_PAGE_DIS', 'MNGSYS_ATTR_PAGE', 'MENU_DISPLAY_NAME', 'Attributes and Patterns');

INSERT INTO res_to_res_membership (RESOURCE_ID, MEMBER_RESOURCE_ID) VALUES('MNGSYS_EDIT_MENU_ROOT', 'MNGSYS_ATTR_PAGE');


/* 6 */

DELETE FROM res_to_res_membership WHERE MEMBER_RESOURCE_ID IN ('CONF_POLICY_PAGE');
DELETE FROM RESOURCE_USER WHERE RESOURCE_ID IN ('CONF_POLICY_PAGE');
DELETE FROM RESOURCE_ROLE WHERE RESOURCE_ID IN ('CONF_POLICY_PAGE');
DELETE FROM RESOURCE_PROP WHERE RESOURCE_ID IN ('CONF_POLICY_PAGE');
DELETE FROM RESOURCE_GROUP WHERE RESOURCE_ID IN ('CONF_POLICY_PAGE');
DELETE FROM RES WHERE RESOURCE_ID IN ('CONF_POLICY_PAGE');

INSERT INTO RES (RESOURCE_ID, RESOURCE_TYPE_ID, DESCRIPTION, NAME, URL) VALUES ('CONF_POLICY_PAGE', 'MENU_ITEM', 'Configure IT Policy', 'IT_POLICY_PAGE', '/webconsole/configurePolicy.html');

INSERT INTO RESOURCE_PROP (RESOURCE_PROP_ID, RESOURCE_ID, NAME, PROP_VALUE) VALUES ('CONF_POLICY_PAGE_PUB', 'CONF_POLICY_PAGE', 'MENU_IS_PUBLIC', 'true');
INSERT INTO RESOURCE_PROP (RESOURCE_PROP_ID, RESOURCE_ID, NAME, PROP_VALUE) VALUES ('CONF_POLICY_PAGE_DIS', 'CONF_POLICY_PAGE', 'MENU_DISPLAY_NAME', 'Configure IT Policy');

INSERT INTO res_to_res_membership (RESOURCE_ID, MEMBER_RESOURCE_ID) VALUES('ADMIN', 'CONF_POLICY_PAGE');


/* 7 */

INSERT INTO RES (RESOURCE_ID, RESOURCE_TYPE_ID, NAME, DESCRIPTION, URL) VALUES ('ORG_APROVER_ASSOC', 'MENU_ITEM', 'ORG_APROVER_ASSOC', 'Approver Associations', '/webconsole-idm/provisioning/organizationApproverAssociations.html');

INSERT INTO RESOURCE_PROP (RESOURCE_PROP_ID, RESOURCE_ID, NAME, PROP_VALUE) VALUES ('ORG_APROVER_ASSOC_DN', 'ORG_APROVER_ASSOC', 'MENU_DISPLAY_NAME', 'Approver Associations');
INSERT INTO RESOURCE_PROP (RESOURCE_PROP_ID, RESOURCE_ID, NAME, PROP_VALUE) VALUES ('ORG_APROVER_ASSOC_PUB', 'ORG_APROVER_ASSOC', 'MENU_IS_PUBLIC', 'true');

INSERT INTO res_to_res_membership (RESOURCE_ID, MEMBER_RESOURCE_ID) VALUES ('ORGANIZATION_EDIT_ID', 'ORG_APROVER_ASSOC');

/* 8 */

DELETE FROM RESOURCE_PROP WHERE RESOURCE_ID IN('ORG_TYPE_SUBMENU_ROOT', 'ORG_TYPE_SUBMENU_EDIT', 'ORG_TYPE_SEARCH', 'NEW_ORG_TYPE', 'EDIT_ORG_TYPE', 'EDIT_ORG_MEMBERSHIP', 'EDIT_ORG_TYPE_IDMAN', 'ORG_TYPE_EDIT_SEARCH');
DELETE FROM res_to_res_membership WHERE RESOURCE_ID IN('ORG_TYPE_SUBMENU_ROOT', 'ORG_TYPE_SUBMENU_EDIT', 'ORG_TYPE_SEARCH', 'NEW_ORG_TYPE', 'EDIT_ORG_TYPE', 'EDIT_ORG_MEMBERSHIP', 'EDIT_ORG_TYPE_IDMAN', 'ORG_TYPE_EDIT_SEARCH');
DELETE FROM res_to_res_membership WHERE MEMBER_RESOURCE_ID IN('ORG_TYPE_SUBMENU_ROOT', 'ORG_TYPE_SUBMENU_EDIT', 'ORG_TYPE_SEARCH', 'NEW_ORG_TYPE', 'EDIT_ORG_TYPE', 'EDIT_ORG_MEMBERSHIP', 'EDIT_ORG_TYPE_IDMAN', 'ORG_TYPE_EDIT_SEARCH');
DELETE FROM RES WHERE RESOURCE_ID IN('ORG_TYPE_SUBMENU_ROOT', 'ORG_TYPE_SUBMENU_EDIT', 'ORG_TYPE_SEARCH', 'NEW_ORG_TYPE', 'EDIT_ORG_TYPE', 'EDIT_ORG_MEMBERSHIP', 'EDIT_ORG_TYPE_IDMAN', 'ORG_TYPE_EDIT_SEARCH');

INSERT INTO RES (RESOURCE_ID, RESOURCE_TYPE_ID, NAME, DESCRIPTION) VALUES('ORG_TYPE_SUBMENU_ROOT', 'MENU_ITEM', 'ORG_TYPE_SUBMENU_ROOT', 'Organization Type Root');
INSERT INTO RESOURCE_PROP (RESOURCE_PROP_ID, RESOURCE_ID, NAME, PROP_VALUE) VALUES ('ORG_TYPE_SUBMENU_ROOT_PUB', 'ORG_TYPE_SUBMENU_ROOT', 'MENU_IS_PUBLIC', 'true');
INSERT INTO RESOURCE_PROP (RESOURCE_PROP_ID, RESOURCE_ID, NAME, PROP_VALUE) VALUES ('ORG_TYPE_SUBMENU_ROOT_DESC', 'ORG_TYPE_SUBMENU_ROOT', 'MENU_DISPLAY_NAME', 'Organization Type Root');

INSERT INTO RES (RESOURCE_ID, RESOURCE_TYPE_ID, NAME, DESCRIPTION) VALUES('ORG_TYPE_SUBMENU_EDIT', 'MENU_ITEM', 'ORG_TYPE_SUBMENU_EDIT', 'Organization Type Edit');
INSERT INTO RESOURCE_PROP (RESOURCE_PROP_ID, RESOURCE_ID, NAME, PROP_VALUE) VALUES ('ORG_TYPE_SUBMENU_EDIT_PUB', 'ORG_TYPE_SUBMENU_EDIT', 'MENU_IS_PUBLIC', 'true');
INSERT INTO RESOURCE_PROP (RESOURCE_PROP_ID, RESOURCE_ID, NAME, PROP_VALUE) VALUES ('ORG_TYPE_SUBMENU_EDIT_DESC', 'ORG_TYPE_SUBMENU_EDIT', 'MENU_DISPLAY_NAME', 'Organization Type Edit');


INSERT INTO RES (RESOURCE_ID, RESOURCE_TYPE_ID, NAME, DESCRIPTION, URL) VALUES('ORG_TYPE_SEARCH', 'MENU_ITEM', 'ORG_TYPE_SEARCH', 'Organization Type Search', '/webconsole/organizationTypeSearch.html');
INSERT INTO RESOURCE_PROP (RESOURCE_PROP_ID, RESOURCE_ID, NAME, PROP_VALUE) VALUES ('ORG_TYPE_SEARCH_PUB', 'ORG_TYPE_SEARCH', 'MENU_IS_PUBLIC', 'true');
INSERT INTO RESOURCE_PROP (RESOURCE_PROP_ID, RESOURCE_ID, NAME, PROP_VALUE) VALUES ('ORG_TYPE_SEARCH_DESC', 'ORG_TYPE_SEARCH', 'MENU_DISPLAY_NAME', 'Search Organization Types');

INSERT INTO RES (RESOURCE_ID, RESOURCE_TYPE_ID, NAME, DESCRIPTION, URL) VALUES('NEW_ORG_TYPE', 'MENU_ITEM', 'NEW_ORG_TYPE', 'Edit Organization Type', '/webconsole/organizationTypeEdit.html');
INSERT INTO RESOURCE_PROP (RESOURCE_PROP_ID, RESOURCE_ID, NAME, PROP_VALUE) VALUES ('NEW_ORG_TYPE_PUB', 'NEW_ORG_TYPE', 'MENU_IS_PUBLIC', 'true');
INSERT INTO RESOURCE_PROP (RESOURCE_PROP_ID, RESOURCE_ID, NAME, PROP_VALUE) VALUES ('NEW_ORG_TYPE_DESC', 'NEW_ORG_TYPE', 'MENU_DISPLAY_NAME', 'New Organization Type');

INSERT INTO RES (RESOURCE_ID, RESOURCE_TYPE_ID, NAME, DESCRIPTION, URL) VALUES('EDIT_ORG_TYPE', 'MENU_ITEM', 'EDIT_ORG_TYPE', 'Edit Organization Type', '/webconsole/organizationTypeEdit.html');
INSERT INTO RESOURCE_PROP (RESOURCE_PROP_ID, RESOURCE_ID, NAME, PROP_VALUE) VALUES ('EDIT_ORG_TYPE_PUB', 'EDIT_ORG_TYPE', 'MENU_IS_PUBLIC', 'true');
INSERT INTO RESOURCE_PROP (RESOURCE_PROP_ID, RESOURCE_ID, NAME, PROP_VALUE) VALUES ('EDIT_ORG_TYPE_DESC', 'EDIT_ORG_TYPE', 'MENU_DISPLAY_NAME', 'Edit Organization Type');

INSERT INTO RES (RESOURCE_ID, RESOURCE_TYPE_ID, NAME, DESCRIPTION, URL) VALUES('EDIT_ORG_MEMBERSHIP', 'MENU_ITEM', 'EDIT_ORG_MEMBERSHIP', 'Membership', '/webconsole/organizationTypeMembership.html');
INSERT INTO RESOURCE_PROP (RESOURCE_PROP_ID, RESOURCE_ID, NAME, PROP_VALUE) VALUES ('EDIT_ORG_MEMBERSHIP_PUB', 'EDIT_ORG_MEMBERSHIP', 'MENU_IS_PUBLIC', 'true');
INSERT INTO RESOURCE_PROP (RESOURCE_PROP_ID, RESOURCE_ID, NAME, PROP_VALUE) VALUES ('EDIT_ORG_MEMBERSHIP_DESC', 'EDIT_ORG_MEMBERSHIP', 'MENU_DISPLAY_NAME', 'Membership');


INSERT INTO RES (RESOURCE_ID, RESOURCE_TYPE_ID, NAME, DESCRIPTION, URL) VALUES('ORG_TYPE_EDIT_SEARCH', 'MENU_ITEM', 'ORG_TYPE_EDIT_SEARCH', 'Organization Type Search', '/webconsole/organizationTypeSearch.html');
INSERT INTO RESOURCE_PROP (RESOURCE_PROP_ID, RESOURCE_ID, NAME, PROP_VALUE) VALUES ('ORG_TYPE_EDIT_SEARCH_PUB', 'ORG_TYPE_EDIT_SEARCH', 'MENU_IS_PUBLIC', 'true');
INSERT INTO RESOURCE_PROP (RESOURCE_PROP_ID, RESOURCE_ID, NAME, PROP_VALUE) VALUES ('ORG_TYPE_EDIT_SEARCH_DESC', 'ORG_TYPE_EDIT_SEARCH', 'MENU_DISPLAY_NAME', 'Search Organization Types');


INSERT INTO res_to_res_membership (RESOURCE_ID, MEMBER_RESOURCE_ID) VALUES('ORG_TYPE_SUBMENU_ROOT', 'ORG_TYPE_SEARCH');
INSERT INTO res_to_res_membership (RESOURCE_ID, MEMBER_RESOURCE_ID) VALUES('ORG_TYPE_SUBMENU_ROOT', 'NEW_ORG_TYPE');

INSERT INTO res_to_res_membership (RESOURCE_ID, MEMBER_RESOURCE_ID) VALUES('ORG_TYPE_SUBMENU_EDIT', 'ORG_TYPE_EDIT_SEARCH');
INSERT INTO res_to_res_membership (RESOURCE_ID, MEMBER_RESOURCE_ID) VALUES('ORG_TYPE_SUBMENU_EDIT', 'EDIT_ORG_TYPE');
INSERT INTO res_to_res_membership (RESOURCE_ID, MEMBER_RESOURCE_ID) VALUES('ORG_TYPE_SUBMENU_EDIT', 'EDIT_ORG_MEMBERSHIP');




INSERT INTO RES (RESOURCE_ID, RESOURCE_TYPE_ID, NAME, DESCRIPTION, URL) VALUES('EDIT_ORG_TYPE_IDMAN', 'MENU_ITEM', 'EDIT_ORG_TYPE_IDMAN', 'Membership', '/webconsole/organizationTypeSearch.html');
INSERT INTO RESOURCE_PROP (RESOURCE_PROP_ID, RESOURCE_ID, NAME, PROP_VALUE) VALUES ('EDIT_ORG_TYPE_IDMAN_PUB', 'EDIT_ORG_TYPE_IDMAN', 'MENU_IS_PUBLIC', 'true');
INSERT INTO RESOURCE_PROP (RESOURCE_PROP_ID, RESOURCE_ID, NAME, PROP_VALUE) VALUES ('EDIT_ORG_TYPE_IDMAN_DESC', 'EDIT_ORG_TYPE_IDMAN', 'MENU_DISPLAY_NAME', 'Organization Types');
INSERT INTO res_to_res_membership (RESOURCE_ID, MEMBER_RESOURCE_ID) VALUES('IDMAN', 'EDIT_ORG_TYPE_IDMAN');



/* 9 */


DELETE FROM res_to_res_membership WHERE MEMBER_RESOURCE_ID IN ('SUP_SUB_PAGE');
DELETE FROM RESOURCE_USER WHERE RESOURCE_ID IN ('SUP_SUB_PAGE');
DELETE FROM RESOURCE_ROLE WHERE RESOURCE_ID IN ('SUP_SUB_PAGE');
DELETE FROM RESOURCE_PROP WHERE RESOURCE_ID IN ('SUP_SUB_PAGE');
DELETE FROM RESOURCE_GROUP WHERE RESOURCE_ID IN ('SUP_SUB_PAGE');
DELETE FROM RES WHERE RESOURCE_ID IN ('SUP_SUB_PAGE');

INSERT INTO RES (RESOURCE_ID, RESOURCE_TYPE_ID, DESCRIPTION, NAME, URL, DISPLAY_ORDER) VALUES ('SUP_SUB_PAGE', 'MENU_ITEM', 'Configure IT Policy', 'SUP_SUB_PAGE', '/webconsole/supSub.html', '11');

INSERT INTO RESOURCE_PROP (RESOURCE_PROP_ID, RESOURCE_ID, NAME, PROP_VALUE) VALUES ('SUP_SUB_PAGE_PUB', 'SUP_SUB_PAGE', 'MENU_IS_PUBLIC', 'true');
INSERT INTO RESOURCE_PROP (RESOURCE_PROP_ID, RESOURCE_ID, NAME, PROP_VALUE) VALUES ('SUP_SUB_PAGE_DIS', 'SUP_SUB_PAGE', 'MENU_DISPLAY_NAME', 'Superiors and Subordinates');

INSERT INTO res_to_res_membership (RESOURCE_ID, MEMBER_RESOURCE_ID) VALUES('USER_EDIT_MENU', 'SUP_SUB_PAGE');

/* 10 */

INSERT INTO BATCH_CONFIG (TASK_ID, TASK_NAME, CRON_EXPRESSION, SPRING_BEAN, SPRING_BEAN_METHOD) VALUES('ATTESTATION', 'Attestation', '0 0 0 1 1/3 ?', 'attestationInitializer', 'initializeAttestation');


/* 11 */

DELETE FROM RESOURCE_PROP WHERE RESOURCE_ID IN('BATCH_TASK_ROOT', 'SEARCH_BATCH_NEW', 'NEW_BATCH_TASK', 'BATCH_TASK_EDIT', 'SEARCH_BATCH_EDIT', 'EDIT_BATCH_TASK', 'ADMIN_BATCH_TASKS');
DELETE FROM res_to_res_membership WHERE RESOURCE_ID IN('BATCH_TASK_ROOT', 'SEARCH_BATCH_NEW', 'NEW_BATCH_TASK', 'BATCH_TASK_EDIT', 'SEARCH_BATCH_EDIT', 'EDIT_BATCH_TASK', 'ADMIN_BATCH_TASKS');
DELETE FROM res_to_res_membership WHERE MEMBER_RESOURCE_ID IN('BATCH_TASK_ROOT', 'SEARCH_BATCH_NEW', 'NEW_BATCH_TASK', 'BATCH_TASK_EDIT', 'SEARCH_BATCH_EDIT', 'EDIT_BATCH_TASK', 'ADMIN_BATCH_TASKS');
DELETE FROM RES WHERE RESOURCE_ID IN('BATCH_TASK_ROOT', 'SEARCH_BATCH_NEW', 'NEW_BATCH_TASK', 'BATCH_TASK_EDIT', 'SEARCH_BATCH_EDIT', 'EDIT_BATCH_TASK', 'ADMIN_BATCH_TASKS');


INSERT INTO RES (RESOURCE_ID, RESOURCE_TYPE_ID, NAME, DESCRIPTION) VALUES('BATCH_TASK_ROOT', 'MENU_ITEM', 'BATCH_TASK_ROOT', 'Batch Task Root');
INSERT INTO RESOURCE_PROP (RESOURCE_PROP_ID, RESOURCE_ID, NAME, PROP_VALUE) VALUES ('BATCH_TASK_ROOT_PUB', 'BATCH_TASK_ROOT', 'MENU_IS_PUBLIC', 'true');
INSERT INTO RESOURCE_PROP (RESOURCE_PROP_ID, RESOURCE_ID, NAME, PROP_VALUE) VALUES ('BATCH_TASK_ROOT_DESC', 'BATCH_TASK_ROOT', 'MENU_DISPLAY_NAME', 'Batch Task Root');

INSERT INTO RES (RESOURCE_ID, RESOURCE_TYPE_ID, NAME, DESCRIPTION, URL) VALUES('SEARCH_BATCH_NEW', 'MENU_ITEM', 'SEARCH_BATCH_NEW', 'Search Batch Tasks', '/webconsole-idm/provisioning/batchTaskSearch.html');
INSERT INTO RESOURCE_PROP (RESOURCE_PROP_ID, RESOURCE_ID, NAME, PROP_VALUE) VALUES ('SEARCH_BATCH_NEW_PUB', 'SEARCH_BATCH_NEW', 'MENU_IS_PUBLIC', 'true');
INSERT INTO RESOURCE_PROP (RESOURCE_PROP_ID, RESOURCE_ID, NAME, PROP_VALUE) VALUES ('SEARCH_BATCH_NEW_DESC', 'SEARCH_BATCH_NEW', 'MENU_DISPLAY_NAME', 'Search Batch Tasks');

INSERT INTO RES (RESOURCE_ID, RESOURCE_TYPE_ID, NAME, DESCRIPTION, URL) VALUES('NEW_BATCH_TASK', 'MENU_ITEM', 'NEW_BATCH_TASK', 'New Batch Task', '/webconsole-idm/provisioning/batchTask.html');
INSERT INTO RESOURCE_PROP (RESOURCE_PROP_ID, RESOURCE_ID, NAME, PROP_VALUE) VALUES ('NEW_BATCH_TASK_PUB', 'NEW_BATCH_TASK', 'MENU_IS_PUBLIC', 'true');
INSERT INTO RESOURCE_PROP (RESOURCE_PROP_ID, RESOURCE_ID, NAME, PROP_VALUE) VALUES ('NEW_BATCH_TASK_DESC', 'NEW_BATCH_TASK', 'MENU_DISPLAY_NAME', 'New Batch Task');

INSERT INTO res_to_res_membership (RESOURCE_ID, MEMBER_RESOURCE_ID) VALUES('BATCH_TASK_ROOT', 'SEARCH_BATCH_NEW');
INSERT INTO res_to_res_membership (RESOURCE_ID, MEMBER_RESOURCE_ID) VALUES('BATCH_TASK_ROOT', 'NEW_BATCH_TASK');


INSERT INTO RES (RESOURCE_ID, RESOURCE_TYPE_ID, NAME, DESCRIPTION) VALUES('BATCH_TASK_EDIT', 'MENU_ITEM', 'BATCH_TASK_EDIT', 'Batch Task Edit');
INSERT INTO RESOURCE_PROP (RESOURCE_PROP_ID, RESOURCE_ID, NAME, PROP_VALUE) VALUES ('BATCH_TASK_EDIT_PUB', 'BATCH_TASK_EDIT', 'MENU_IS_PUBLIC', 'true');
INSERT INTO RESOURCE_PROP (RESOURCE_PROP_ID, RESOURCE_ID, NAME, PROP_VALUE) VALUES ('BATCH_TASK_EDIT_DESC', 'BATCH_TASK_EDIT', 'MENU_DISPLAY_NAME', 'Batch Task Edit');

INSERT INTO RES (RESOURCE_ID, RESOURCE_TYPE_ID, NAME, DESCRIPTION, URL) VALUES('SEARCH_BATCH_EDIT', 'MENU_ITEM', 'SEARCH_BATCH_EDIT', 'Search Batch Tasks', '/webconsole-idm/provisioning/batchTaskSearch.html');
INSERT INTO RESOURCE_PROP (RESOURCE_PROP_ID, RESOURCE_ID, NAME, PROP_VALUE) VALUES ('SEARCH_BATCH_EDIT_PUB', 'SEARCH_BATCH_EDIT', 'MENU_IS_PUBLIC', 'true');
INSERT INTO RESOURCE_PROP (RESOURCE_PROP_ID, RESOURCE_ID, NAME, PROP_VALUE) VALUES ('SEARCH_BATCH_EDIT_DESC', 'SEARCH_BATCH_EDIT', 'MENU_DISPLAY_NAME', 'Search Batch Tasks');

INSERT INTO RES (RESOURCE_ID, RESOURCE_TYPE_ID, NAME, DESCRIPTION, URL) VALUES('EDIT_BATCH_TASK', 'MENU_ITEM', 'EDIT_BATCH_TASK', 'Edit Batch Task', '/webconsole-idm/provisioning/batchTask.html');
INSERT INTO RESOURCE_PROP (RESOURCE_PROP_ID, RESOURCE_ID, NAME, PROP_VALUE) VALUES ('EDIT_BATCH_TASK_PUB', 'EDIT_BATCH_TASK', 'MENU_IS_PUBLIC', 'true');
INSERT INTO RESOURCE_PROP (RESOURCE_PROP_ID, RESOURCE_ID, NAME, PROP_VALUE) VALUES ('EDIT_BATCH_TASK_DESC', 'EDIT_BATCH_TASK', 'MENU_DISPLAY_NAME', 'Edit Batch Task');

INSERT INTO res_to_res_membership (RESOURCE_ID, MEMBER_RESOURCE_ID) VALUES('BATCH_TASK_EDIT', 'SEARCH_BATCH_EDIT');
INSERT INTO res_to_res_membership (RESOURCE_ID, MEMBER_RESOURCE_ID) VALUES('BATCH_TASK_EDIT', 'EDIT_BATCH_TASK');


INSERT INTO RES (RESOURCE_ID, RESOURCE_TYPE_ID, NAME, DESCRIPTION, URL) VALUES('ADMIN_BATCH_TASKS', 'MENU_ITEM', 'ADMIN_BATCH_TASKS', 'Batch Tasks', '/webconsole-idm/provisioning/batchTaskSearch.html');
INSERT INTO RESOURCE_PROP (RESOURCE_PROP_ID, RESOURCE_ID, NAME, PROP_VALUE) VALUES ('ADMIN_BATCH_TASKS_PUB', 'ADMIN_BATCH_TASKS', 'MENU_IS_PUBLIC', 'true');
INSERT INTO RESOURCE_PROP (RESOURCE_PROP_ID, RESOURCE_ID, NAME, PROP_VALUE) VALUES ('ADMIN_BATCH_TASKS_DESC', 'ADMIN_BATCH_TASKS', 'MENU_DISPLAY_NAME', 'Batch Tasks');

INSERT INTO res_to_res_membership (RESOURCE_ID, MEMBER_RESOURCE_ID) VALUES('ADMIN', 'ADMIN_BATCH_TASKS');

/* 12 */

DELETE FROM res_to_res_membership WHERE MEMBER_RESOURCE_ID IN ('DIR_LOOKUP_PAGE');
DELETE FROM RESOURCE_USER WHERE RESOURCE_ID IN ('DIR_LOOKUP_PAGE');
DELETE FROM RESOURCE_ROLE WHERE RESOURCE_ID IN ('DIR_LOOKUP_PAGE');
DELETE FROM RESOURCE_PROP WHERE RESOURCE_ID IN ('DIR_LOOKUP_PAGE');
DELETE FROM RESOURCE_GROUP WHERE RESOURCE_ID IN ('DIR_LOOKUP_PAGE');
DELETE FROM RES WHERE RESOURCE_ID IN ('DIR_LOOKUP_PAGE');

INSERT INTO RES (RESOURCE_ID, RESOURCE_TYPE_ID, DESCRIPTION, NAME, URL, DISPLAY_ORDER) VALUES ('DIR_LOOKUP_PAGE', 'MENU_ITEM', 'Directory Lookup', 'DIR_LOOKUP_PAGE', '/selfservice/dirLookup.html', 5);

INSERT INTO RESOURCE_PROP (RESOURCE_PROP_ID, RESOURCE_ID, NAME, PROP_VALUE) VALUES ('DIR_LOOKUP_PAGE_PUB', 'DIR_LOOKUP_PAGE', 'MENU_IS_PUBLIC', 'true');
INSERT INTO RESOURCE_PROP (RESOURCE_PROP_ID, RESOURCE_ID, NAME, PROP_VALUE) VALUES ('DIR_LOOKUP_PAGE_DIS', 'DIR_LOOKUP_PAGE', 'MENU_DISPLAY_NAME', 'Directory Lookup');

INSERT INTO res_to_res_membership (RESOURCE_ID, MEMBER_RESOURCE_ID) VALUES('SELFCENTER', 'DIR_LOOKUP_PAGE');

/* 13 */
UPDATE RES SET URL='/selfservice/taskHistory.html' WHERE RESOURCE_ID='MANAGEREQ';
DELETE FROM RESOURCE_PROP WHERE RESOURCE_ID IN('MANAGEREQ') AND NAME IN('IS_VISIBLE');
INSERT INTO RESOURCE_PROP (RESOURCE_PROP_ID, RESOURCE_ID, NAME, PROP_VALUE) VALUES('MANAGEREQ_VISIBLE', 'MANAGEREQ', 'IS_VISIBLE', 'true');


/* 14 */

DELETE FROM RESOURCE_PROP WHERE RESOURCE_PROP_ID = 'MANUALRECON_DESC';
DELETE FROM res_to_res_membership WHERE RESOURCE_ID = 'MNGSYS_EDIT_MENU_ROOT' AND MEMBER_RESOURCE_ID = 'MANUALRECON';
DELETE FROM RES WHERE RESOURCE_ID = 'MANUALRECON';

INSERT INTO RES (RESOURCE_ID, RESOURCE_TYPE_ID, DESCRIPTION, NAME, DISPLAY_ORDER, URL) VALUES ('MANUALRECON', 'MENU_ITEM', 'Manual reconciliation', 'MANUALRECON', 6, '/webconsole/manual-reconciliation.html');
INSERT INTO res_to_res_membership (RESOURCE_ID, MEMBER_RESOURCE_ID) VALUES ('MNGSYS_EDIT_MENU_ROOT', 'MANUALRECON');
INSERT INTO RESOURCE_PROP (RESOURCE_PROP_ID, RESOURCE_ID, NAME, PROP_VALUE) VALUES ('MANUALRECON_DESC', 'MANUALRECON', 'MENU_DISPLAY_NAME', 'Manual reconciliation');


/* 15 */

UPDATE RESOURCE_PROP SET PROP_VALUE = 'Managed System' WHERE PROP_VALUE = 'Managed Resource'; 
UPDATE RESOURCE_PROP SET PROP_VALUE = 'Create Managed System' WHERE PROP_VALUE = 'Create New Managed System';
UPDATE RESOURCE_PROP SET PROP_VALUE = 'Managed system rules' WHERE PROP_VALUE = 'Manages system rules'; 

/* 16 */

DELETE FROM  REPORT_PARAMETER_TYPE;
INSERT INTO REPORT_PARAMETER_TYPE (RCPT_ID, TYPE_NAME, TYPE_DESCRIPTION) VALUES (1, 'STRING', 'String');
INSERT INTO REPORT_PARAMETER_TYPE (RCPT_ID, TYPE_NAME, TYPE_DESCRIPTION) VALUES (2, 'DATE', 'Date' );
INSERT INTO REPORT_PARAMETER_TYPE (RCPT_ID, TYPE_NAME, TYPE_DESCRIPTION) VALUES (3, 'INTEGER', 'Integer' );



/* 17 */

DELETE FROM  res_to_res_membership WHERE MEMBER_RESOURCE_ID IN('SELFSERVICE_REPORT', 'SUBSCRIBE',  'VIEW', 'SELF_SUB_REPORT_NEW', 'SELF_VIEW_REPORT_NEW','SELF_SUB_REPORT_NEW','SELF_VIEW_REPORT_ROOT');
DELETE FROM RESOURCE_PROP WHERE RESOURCE_ID IN('SELFSERVICE_REPORT', 'SUBSCRIBE',  'VIEW', 'SELF_SUB_REPORT_ROOT', 'SELF_VIEW_REPORT_NEW','SELF_SUB_REPORT_NEW','SELF_VIEW_REPORT_ROOT');
DELETE FROM RESOURCE_ROLE WHERE RESOURCE_ID IN ('SELFSERVICE_REPORT', 'SUBSCRIBE',  'VIEW', 'SELF_SUB_REPORT_ROOT', 'SELF_VIEW_REPORT_NEW','SELF_SUB_REPORT_NEW','SELF_VIEW_REPORT_ROOT');
DELETE FROM RES WHERE RESOURCE_ID IN('SELFSERVICE_REPORT', 'SUBSCRIBE',  'VIEW', 'SELF_SUB_REPORT_ROOT', 'SELF_VIEW_REPORT_NEW','SELF_SUB_REPORT_NEW','SELF_VIEW_REPORT_ROOT');

INSERT INTO RES (RESOURCE_ID, RESOURCE_TYPE_ID, NAME, DESCRIPTION,  DISPLAY_ORDER, IS_PUBLIC, IS_SSL) VALUES('SELFSERVICE_REPORT', 'MENU_ITEM', 'SELFSERVICE_REPORT', 'Report', 5, 'Y', 'N');
INSERT INTO RESOURCE_PROP (RESOURCE_PROP_ID, RESOURCE_ID, NAME, PROP_VALUE) VALUES ('SELFSERVICE_REPORT_PUB', 'SELFSERVICE_REPORT', 'MENU_IS_PUBLIC', 'true');
INSERT INTO RESOURCE_PROP (RESOURCE_PROP_ID, RESOURCE_ID, NAME, PROP_VALUE) VALUES ('SELFSERVICE_REPORT_DESC', 'SELFSERVICE_REPORT', 'MENU_DISPLAY_NAME', 'Report');
INSERT INTO res_to_res_membership (RESOURCE_ID, MEMBER_RESOURCE_ID) VALUES('SELFSERVICE', 'SELFSERVICE_REPORT');
INSERT INTO RES (RESOURCE_ID, RESOURCE_TYPE_ID, DESCRIPTION, NAME, DISPLAY_ORDER, URL, IS_PUBLIC, IS_SSL) VALUES ('SUBSCRIBE', 'MENU_ITEM', 'Subscribe', 'SUBSCRIBE', 1, '/selfservice/subscribe.html', 'Y', 'N');
INSERT INTO RESOURCE_PROP (RESOURCE_PROP_ID, RESOURCE_ID, NAME, PROP_VALUE) VALUES ('SUBSCRIBE_MENU_PUB', 'SUBSCRIBE', 'MENU_IS_PUBLIC', 'true');
INSERT INTO RESOURCE_PROP (RESOURCE_PROP_ID, RESOURCE_ID, NAME, PROP_VALUE) VALUES ('SUBSCRIBE_MENU_DESC', 'SUBSCRIBE', 'MENU_DISPLAY_NAME', 'Subscribe');
INSERT INTO  res_to_res_membership (RESOURCE_ID, MEMBER_RESOURCE_ID) VALUES('SELFSERVICE_REPORT', 'SUBSCRIBE');
INSERT INTO RES (RESOURCE_ID, RESOURCE_TYPE_ID, DESCRIPTION, NAME, DISPLAY_ORDER, URL, IS_PUBLIC, IS_SSL) VALUES ('VIEW', 'MENU_ITEM', 'View', 'VIEW', 2, '/selfservice/view.html', 'Y', 'N');
INSERT INTO RESOURCE_PROP (RESOURCE_PROP_ID, RESOURCE_ID, NAME, PROP_VALUE) VALUES ('VIEW_MENU_PUB', 'VIEW', 'MENU_IS_PUBLIC', 'true');
INSERT INTO RESOURCE_PROP (RESOURCE_PROP_ID, RESOURCE_ID, NAME, PROP_VALUE) VALUES ('VIEW_MENU_DESC', 'VIEW', 'MENU_DISPLAY_NAME', 'View');
INSERT INTO  res_to_res_membership (RESOURCE_ID, MEMBER_RESOURCE_ID) VALUES('SELFSERVICE_REPORT', 'VIEW');
INSERT INTO RES (RESOURCE_ID, RESOURCE_TYPE_ID, NAME, DESCRIPTION) VALUES('SELF_SUB_REPORT_ROOT', 'MENU_ITEM', 'SELF_SUB_REPORT_ROOT', 'Subscribe Report Root Menu');
INSERT INTO RESOURCE_PROP (RESOURCE_PROP_ID, RESOURCE_ID, NAME, PROP_VALUE) VALUES ('SELF_SUB_REPORT_ROOT_PUB', 'SELF_SUB_REPORT_ROOT', 'MENU_IS_PUBLIC', 'true');
INSERT INTO RESOURCE_PROP (RESOURCE_PROP_ID, RESOURCE_ID, NAME, PROP_VALUE) VALUES ('SELF_SUB_REPORT_ROOT_DESC', 'SELF_SUB_REPORT_ROOT', 'MENU_DISPLAY_NAME', 'Subscribe Report Root Menu');
INSERT INTO RES (RESOURCE_ID, RESOURCE_TYPE_ID, NAME, DESCRIPTION, URL) VALUES('SELF_SUB_REPORT_NEW', 'MENU_ITEM', 'SELF_SUB_REPORT_NEW', 'New Subscribe Report', '/selfservice/editSubscribeReport.html');
INSERT INTO RESOURCE_PROP (RESOURCE_PROP_ID, RESOURCE_ID, NAME, PROP_VALUE) VALUES ('SELF_SUB_REPORT_NEW_PUB', 'SELF_SUB_REPORT_NEW', 'MENU_IS_PUBLIC', 'true');
INSERT INTO RESOURCE_PROP (RESOURCE_PROP_ID, RESOURCE_ID, NAME, PROP_VALUE) VALUES ('SELF_SUB_REPORT_NEW_DSC', 'SELF_SUB_REPORT_NEW', 'MENU_DISPLAY_NAME', 'Subscribe Report');
INSERT INTO  res_to_res_membership (RESOURCE_ID, MEMBER_RESOURCE_ID) VALUES('SELF_SUB_REPORT_ROOT', 'SELF_SUB_REPORT_NEW');
INSERT INTO RES (RESOURCE_ID, RESOURCE_TYPE_ID, NAME, DESCRIPTION) VALUES('SELF_VIEW_REPORT_ROOT', 'MENU_ITEM', 'SELF_VIEW_REPORT_ROOT', 'View Report Root Menu');
INSERT INTO RESOURCE_PROP (RESOURCE_PROP_ID, RESOURCE_ID, NAME, PROP_VALUE) VALUES ('SELF_VIEW_REPORT_ROOT_PUB', 'SELF_VIEW_REPORT_ROOT', 'MENU_IS_PUBLIC', 'true');
INSERT INTO RESOURCE_PROP (RESOURCE_PROP_ID, RESOURCE_ID, NAME, PROP_VALUE) VALUES ('SELF_VIEW_REPORT_ROOT_DESC', 'SELF_VIEW_REPORT_ROOT', 'MENU_DISPLAY_NAME', 'View Report Root Menu');
INSERT INTO RES (RESOURCE_ID, RESOURCE_TYPE_ID, NAME, DESCRIPTION, URL) VALUES('SELF_VIEW_REPORT_NEW', 'MENU_ITEM', 'SELF_VIEW_REPORT_NEW', 'New Subscribe Report', '/selfservice/editViewReport.html');
INSERT INTO RESOURCE_PROP (RESOURCE_PROP_ID, RESOURCE_ID, NAME, PROP_VALUE) VALUES ('SELF_VIEW_REPORT_NEW_PUB', 'SELF_VIEW_REPORT_NEW', 'MENU_IS_PUBLIC', 'true');
INSERT INTO RESOURCE_PROP (RESOURCE_PROP_ID, RESOURCE_ID, NAME, PROP_VALUE) VALUES ('SELF_VIEW_REPORT_NEW_DSC', 'SELF_VIEW_REPORT_NEW', 'MENU_DISPLAY_NAME', 'Create New View Report');
INSERT INTO res_to_res_membership(RESOURCE_ID, MEMBER_RESOURCE_ID) VALUES('SELF_VIEW_REPORT_ROOT', 'SELF_VIEW_REPORT_NEW');

/* 18 */

UPDATE RES SET URL='/idp/changePassword.html' WHERE RESOURCE_ID='CHNGPSWD';