use openiam;

IF EXISTS (SELECT * FROM information_schema.COLUMNS WHERE TABLE_CATALOG='openiam' and table_name = 'ORG_STRUCTURE' AND column_name  = 'ORG_STRUCTURE_ID') 
BEGIN
	DECLARE @table NVARCHAR(512), @sql NVARCHAR(MAX);
	SELECT @table = 'ORG_STRUCTURE';
	SELECT @sql = 'ALTER TABLE ' + @table 
		+ ' DROP CONSTRAINT ' + name + ';'
		FROM sys.key_constraints
		WHERE [type] = 'PK'
		AND [parent_object_id] = OBJECT_ID(@table);
	EXEC sp_executeSQL @sql;
	
	ALTER TABLE ORG_STRUCTURE DROP COLUMN COMMENTS; 
	ALTER TABLE ORG_STRUCTURE DROP COLUMN STATUS;
	ALTER TABLE ORG_STRUCTURE DROP COLUMN END_DATE; 
	ALTER TABLE ORG_STRUCTURE DROP COLUMN START_DATE; 
	ALTER TABLE ORG_STRUCTURE DROP COLUMN SUPERVISOR_TYPE; 
	ALTER TABLE ORG_STRUCTURE DROP COLUMN ORG_STRUCTURE_ID; 
	
	Declare @v_constraintname NVARCHAR(max)
	set @v_constraintname ='ALTER TABLE ORG_STRUCTURE DROP CONSTRAINT '
	set @v_constraintname = @v_constraintname + (select c_obj.name as CONSTRAINT_NAME
	from sysobjects c_obj
	join syscomments com on c_obj.id = com.id
	join sysobjects t_obj on c_obj.parent_obj = t_obj.id 
	join sysconstraints con on c_obj.id = con.constid
	join syscolumns col on t_obj.id = col.id
	and con.colid = col.colid
	where
	c_obj.uid = user_id()
	and c_obj.xtype = 'D'
	and t_obj.name='ORG_STRUCTURE' and col.name='IS_PRIMARY_SUPER')
	exec(@v_constraintname)

	ALTER TABLE ORG_STRUCTURE ALTER COLUMN IS_PRIMARY_SUPER NVARCHAR(1) NOT NULL;
	ALTER TABLE ORG_STRUCTURE ADD DEFAULT 'N' FOR IS_PRIMARY_SUPER;
	ALTER TABLE ORG_STRUCTURE ADD PRIMARY KEY (SUPERVISOR_ID, STAFF_ID);

	UPDATE ORG_STRUCTURE 
	SET IS_PRIMARY_SUPER='Y'
	WHERE IS_PRIMARY_SUPER='1';

	UPDATE ORG_STRUCTURE 
	SET IS_PRIMARY_SUPER='N'
	WHERE IS_PRIMARY_SUPER='0';
END;
	
ALTER TABLE RES DROP COLUMN BRANCH_ID;
ALTER TABLE RES DROP FK_RESOURCE_CATEGORY;
DROP INDEX FK_RESOURCE_CATEGORY ON RES;
ALTER TABLE RES DROP COLUMN CATEGORY_ID;
ALTER TABLE RES DROP COLUMN RES_OWNER_USER_ID;
ALTER TABLE RES DROP COLUMN RES_OWNER_GROUP_ID;

ALTER TABLE RES ADD ADMIN_RESOURCE_ID NVARCHAR(32) NULL;
ALTER TABLE RES ADD CONSTRAINT RES_ADMIN_RES_FK FOREIGN KEY (ADMIN_RESOURCE_ID) REFERENCES RES(RESOURCE_ID);

ALTER TABLE ROLE ADD ADMIN_RESOURCE_ID NVARCHAR(32) NULL;
ALTER TABLE ROLE ADD CONSTRAINT ROLE_ADMIN_RES_FK FOREIGN KEY (ADMIN_RESOURCE_ID) REFERENCES RES(RESOURCE_ID);


ALTER TABLE GRP ADD ADMIN_RESOURCE_ID NVARCHAR(32) NULL;
ALTER TABLE GRP ADD CONSTRAINT GRP_ADMIN_RES_FK FOREIGN KEY (ADMIN_RESOURCE_ID) REFERENCES RES(RESOURCE_ID);

INSERT INTO METADATA_TYPE (TYPE_ID, DESCRIPTION, ACTIVE, SYNC_MANAGED_SYS) VALUES('ADMIN_RESOURCE', 'Admin Resource', 'Y', 'Y');
INSERT INTO RESOURCE_TYPE (RESOURCE_TYPE_ID, DESCRIPTION, METADATA_TYPE_ID) VALUES('ADMIN_RESOURCE', 'Admin Resource', 'ADMIN_RESOURCE');

ALTER TABLE RESOURCE_TYPE ADD SUPPORTS_HIERARCHY CHAR(1) NULL DEFAULT 'Y';
GO
UPDATE RESOURCE_TYPE SET SUPPORTS_HIERARCHY='Y';
UPDATE RESOURCE_TYPE SET SUPPORTS_HIERARCHY='N' WHERE RESOURCE_TYPE_ID='ADMIN_RESOURCE';

Declare @v_constraintname NVARCHAR(max)
set @v_constraintname ='ALTER TABLE RESOURCE_TYPE DROP CONSTRAINT '
set @v_constraintname = @v_constraintname + (select c_obj.name as CONSTRAINT_NAME
from sysobjects c_obj
join syscomments com on c_obj.id = com.id
join sysobjects t_obj on c_obj.parent_obj = t_obj.id 
join sysconstraints con on c_obj.id = con.constid
join syscolumns col on t_obj.id = col.id
and con.colid = col.colid
where
c_obj.uid = user_id()
and c_obj.xtype = 'D'
and t_obj.name='RESOURCE_TYPE' and col.name='SUPPORTS_HIERARCHY')
exec(@v_constraintname)

ALTER TABLE RESOURCE_TYPE ALTER COLUMN SUPPORTS_HIERARCHY CHAR(1) NOT NULL 
ALTER TABLE RESOURCE_TYPE ADD DEFAULT 'Y' FOR SUPPORTS_HIERARCHY;

ALTER TABLE COMPANY ADD ADMIN_RESOURCE_ID NVARCHAR(32) NULL;
ALTER TABLE COMPANY ADD CONSTRAINT COMPANY_ADMIN_RES_FK FOREIGN KEY (ADMIN_RESOURCE_ID) REFERENCES RES(RESOURCE_ID);

UPDATE APPROVER_ASSOC SET APPROVER_LEVEL=0 WHERE APPROVER_LEVEL IS NULL;

DELETE FROM RESOURCE_PROP WHERE RESOURCE_ID = 'SELFSERV_ACCESS_REVIEW';
DELETE FROM res_to_res_membership WHERE MEMBER_RESOURCE_ID = 'SELFSERV_ACCESS_REVIEW';
DELETE FROM RES WHERE RESOURCE_ID = 'SELFSERV_ACCESS_REVIEW';

INSERT INTO RES (RESOURCE_ID, RESOURCE_TYPE_ID, NAME, DESCRIPTION, IS_PUBLIC, URL) VALUES('SELFSERV_ACCESS_REVIEW', 'MENU_ITEM', 'SELFSERV_ACCESS_REVIEW', 'Access Review','Y', '/selfservice/accessReview.html');
INSERT INTO RESOURCE_PROP (RESOURCE_PROP_ID, RESOURCE_ID, NAME, PROP_VALUE) VALUES ('SS_ACCESS_REVIEW_PUB', 'SELFSERV_ACCESS_REVIEW', 'MENU_IS_PUBLIC', 'true');
INSERT INTO RESOURCE_PROP (RESOURCE_PROP_ID, RESOURCE_ID, NAME, PROP_VALUE) VALUES ('SS_ACCESS_REVIEW_DESC', 'SELFSERV_ACCESS_REVIEW', 'MENU_DISPLAY_NAME', 'Access Review');

INSERT INTO res_to_res_membership (RESOURCE_ID, MEMBER_RESOURCE_ID) VALUES('SELFSERV_USER_EDIT_ROOT', 'SELFSERV_ACCESS_REVIEW');

UPDATE RES SET IS_PUBLIC='N' WHERE RESOURCE_ID IN ('ABOUT','ABOUT_ROOT_MENU','ACC_CONTROL','ADMIN','AM_PROV_EDIT','AM_PROV_ROOT','AUTHENTICATION_POLICY_ROOT_MENU','BATCH_PROC','BATCH_TASK_EDIT','BATCH_TASK_ROOT','CONTENT_PROV_EDIT','CONTENT_PROV_ROOT','CUSTOM_FIELD_EDIT','CUSTOM_FIELD_ROOT','GROUP_EDIT_MENU','IDMAN','IDQUEST','LOCATION','METADATA','MNGSYS_EDIT_MENU_ROOT','MNGSYS_EDIT_NO_RES_MENU_ROOT','ORGANIZATION_EDIT_ID','ORG_TYPE_SUBMENU_EDIT','ORG_TYPE_SUBMENU_ROOT','PAGE_TEMPLATE_EDIT','PASSWORD_POLICY_EDIT','PASSWORD_POLICY_ROOT_MENU','POLICY_ATTR_EDIT_ROOT','POLICY_ATTR_ROOT','PROVISIONING','RESOURCE_MENU_ROOT','RESOURCE_EDIT_PAGE_ROOT','ROLE_EDIT_MENU','SECURITY_POLICY','SYNCUSER_EDIT_MENU_ROOT','URI_META_EDIT','URI_PATTERN_EDIT','USER_EDIT_MENU','USER_ROOT_MENU','WEB_REPORT_ROOT','ADMIN_BATCH_TASKS','AM_PROV_AM_ATTR','AM_PROV_EDIT_CURRENT','AM_PROV_EDIT_SEARCH','AM_PROV_NEW','AM_PROV_NEW_EDIT','AM_PROV_SEARCH','AM_PROV_SEARCH_CHILD','ASSOC_POLICY','ATTRIBUTE_POLICY','BACK_TO_CP','CHALLENGE_RESPONSE_QUESTION','CHALLENGE_RESPONSE_QUESTION_NEW','CONF_POLICY_PAGE','CONTENT_PROV_EDIT_CURRENT','CONTENT_PROV_EDIT_SEARCH','CONTENT_PROV_NEW','CONTENT_PROV_NEW_EDIT','CONTENT_PROV_SEARCH','CONTENT_PROV_SEARCH_CHILD','CREATE_RESOURCE_MENU','CUSTOM_FIELD_EDIT_NEW','CUSTOM_FIELD_EDIT_SEARCH','CUSTOM_FIELD_NEW','CUSTOM_FIELD_SEARCH','CUSTOM_FIELD_SEARCH_CHILD','CUSTOM_FIELD_SEARCH_CHILD','EDIT_BATCH_TASK','EDIT_GROUP','EDIT_ORG','EDIT_ORG_MEMBERSHIP','EDIT_ORG_TYPE','EDIT_ORG_TYPE_IDMAN','EDIT_POLICY_ATTR_SRCH_BCK','EDIT_RESOURCE','EDIT_ROLE','GROUP_ATTRIBUTES','GROUP_ENTITLEMENTS','GROUP_MENUS','GROUP_ROOT_MENU','GROUP_SEARCH','GRP_APROVER_ASSOC','MANUALRECON','MNGSYSRULES','MNGSYS_ATTR_PAGE','MNGSYS_EDIT','MNGSYS_MENU_ITEM','MNGSYS_NEW','NEW_AUTHENTICATION_POLICY','NEW_BATCH_TASK','NEW_GROUP','NEW_ORG','NEW_ORG_TYPE','NEW_PASSWORD_POLICY','NEW_POLICY_ATTR','NEW_ROLE','NEW_USER','ORGANIZATION_ROOT_ID','ORG_APROVER_ASSOC','ORG_ATTRIBUTES','ORG_MEMBERSHIP','ORG_SEARCH','ORG_TYPE_EDIT_SEARCH','ORG_TYPE_SEARCH','PAGE_TEMPLATE_EDIT_NEW','PAGE_TEMPLATE_EDIT_SEARCH','PAGE_TEMPLATE_NEW','PAGE_TEMPLATE_SEARCH','PROVCONNECT_MENU_ITEM','PROV_CONNECTOR_NEW','RES_APROVER_ASSOC','RES_ENT_SUB','ROLE_APROVER_ASSOC','ROLE_ENTITLEMENTS','ROLE_MENUS','ROLE_ROOT_MENU','ROLE_SEARCH','SEARCH_BATCH_EDIT','SEARCH_BATCH_NEW','SUP_SUB_PAGE','SYNCLOG','SYNCLOG_MENU_ITEM','SYNCUSER_EDIT','SYNCUSER_MENU_ITEM','CHALLENGE_RESPONSE_QUESTION_ROOT','SYNCUSER_NEW','SYNCUSER_POLICYMAP','TEMPLATE_SEARCH_CHILD','UPLOAD_CUST_PSWD_POLICY','URI_META_BACK','URI_PATTERN_EDIT_NEW_PATTERN','URI_PATTERN_EDIT_PATTERN','URI_PATTERN_EDT_PROV_SEARCH','USER_ATTRIBUTES','USER_DELEGATION','USER_EDIT_CONTACT_INFO','USER_EDIT_INFO','USER_ENTITLEMENTS','USER_HISTORY','USER_IDENTITY','USER_MENUS','USER_RESET_PASSWORD','USER_SEARCH','WEB_REPORT','WEB_REPORT_NEW');

ALTER TABLE RES DROP COLUMN DOMAIN;


set @v_constraintname ='ALTER TABLE RES DROP CONSTRAINT '
set @v_constraintname = @v_constraintname + (select c_obj.name as CONSTRAINT_NAME
from sysobjects c_obj
join syscomments com on c_obj.id = com.id
join sysobjects t_obj on c_obj.parent_obj = t_obj.id 
join sysconstraints con on c_obj.id = con.constid
join syscolumns col on t_obj.id = col.id
and con.colid = col.colid
where
c_obj.uid = user_id()
and c_obj.xtype = 'D'
and t_obj.name='RES' and col.name='IS_SSL')
exec(@v_constraintname)

ALTER TABLE RES DROP COLUMN IS_SSL;

DELETE FROM POLICY WHERE NAME = 'linuxGroups';

INSERT INTO POLICY (POLICY_ID,POLICY_DEF_ID,NAME,DESCRIPTION,STATUS,CREATE_DATE,CREATED_BY,RULE_SRC_URL,RULE_TEXT,ENABLEMENT) VALUES ('4658','104','linuxGroups','Default Linux Groups provision rule',1,CURRENT_TIMESTAMP,'3000','provision/linuxGroups.groovy','',1);

UPDATE RECON_RES_ATTR_MAP SET ATTR_POLICY_ID = '4658' WHERE RECON_RES_ATTR_MAP_ID = '62';


/* selfservice */
DELETE FROM RESOURCE_USER WHERE RESOURCE_ID IN('REQUEST_APPROVAL', 'ORG_APROVER_ASSOC', 'SELFSERVICE_GROUPS', 'SELFSERVICE_ROLES', 'SELFSERVICE_RESOURCES', 'SELF_SUB_ORGS_MEMEBERSHIP', 'SS_ORG_BACK_SEARCH', 'MENUS_SEARCH');
DELETE FROM RESOURCE_GROUP WHERE RESOURCE_ID IN('REQUEST_APPROVAL', 'ORG_APROVER_ASSOC', 'SELFSERVICE_GROUPS', 'SELFSERVICE_ROLES', 'SELFSERVICE_RESOURCES', 'SELF_SUB_ORGS_MEMEBERSHIP', 'SS_ORG_BACK_SEARCH', 'MENUS_SEARCH');
DELETE FROM RESOURCE_ROLE WHERE RESOURCE_ID IN('REQUEST_APPROVAL', 'SELFSERVICE_GROUPS', 'SELFSERVICE_ROLES', 'SELFSERVICE_RESOURCES', 'SELF_SUB_ORGS_MEMEBERSHIP', 'SS_ORG_BACK_SEARCH', 'MENUS_SEARCH');
DELETE FROM res_to_res_membership WHERE RESOURCE_ID IN('REQUEST_APPROVAL', 'ORG_APROVER_ASSOC', 'SELFSERVICE_GROUPS', 'SELFSERVICE_ROLES', 'SELFSERVICE_RESOURCES', 'SELF_SUB_ORGS_MEMEBERSHIP', 'SS_ORG_BACK_SEARCH', 'MENUS_SEARCH');
DELETE FROM res_to_res_membership WHERE MEMBER_RESOURCE_ID IN('REQUEST_APPROVAL', 'REQINBOX', 'MANAGEREQ', 'ORG_APROVER_ASSOC', 'SELFSERVICE_GROUPS', 'SELFSERVICE_ROLES', 'SELFSERVICE_RESOURCES', 'SELF_SUB_ORGS_MEMEBERSHIP', 'SS_ORG_BACK_SEARCH', 'MENUS_SEARCH');
DELETE FROM RESOURCE_PROP WHERE RESOURCE_ID IN('REQUEST_APPROVAL', 'ORG_APROVER_ASSOC', 'SELFSERVICE_GROUPS', 'SELFSERVICE_ROLES', 'SELFSERVICE_RESOURCES', 'SELF_SUB_ORGS_MEMEBERSHIP', 'SS_ORG_BACK_SEARCH', 'MENUS_SEARCH');
DELETE FROM RES  WHERE RESOURCE_ID IN('REQUEST_APPROVAL', 'ORG_APROVER_ASSOC', 'SELFSERVICE_GROUPS', 'SELFSERVICE_ROLES', 'SELFSERVICE_RESOURCES', 'SELF_SUB_ORGS_MEMEBERSHIP', 'SS_ORG_BACK_SEARCH', 'MENUS_SEARCH');


INSERT INTO RES (RESOURCE_ID, RESOURCE_TYPE_ID, NAME, DESCRIPTION, IS_PUBLIC, URL) VALUES('REQUEST_APPROVAL', 'MENU_ITEM', 'REQUEST_APPROVAL', 'Request Approval','N', 'javascript:void(0);');
INSERT INTO RESOURCE_PROP (RESOURCE_PROP_ID, RESOURCE_ID, NAME, PROP_VALUE) VALUES ('REQUEST_APPROVAL_PUB', 'REQUEST_APPROVAL', 'MENU_IS_PUBLIC', 'false');
INSERT INTO RESOURCE_PROP (RESOURCE_PROP_ID, RESOURCE_ID, NAME, PROP_VALUE) VALUES ('REQUEST_APPROVAL_DESC', 'REQUEST_APPROVAL', 'MENU_DISPLAY_NAME', 'Request Approval');
INSERT INTO RESOURCE_PROP (RESOURCE_PROP_ID, RESOURCE_ID, NAME, PROP_VALUE) VALUES('REQUEST_APPROVAL_DESC_ICON', 'REQUEST_APPROVAL', 'MENU_ICON', '/openiam-ui-static/images/common/icons/admin.png');

INSERT INTO res_to_res_membership (RESOURCE_ID, MEMBER_RESOURCE_ID) VALUES('REQUEST_APPROVAL', 'REQINBOX');
INSERT INTO res_to_res_membership (RESOURCE_ID, MEMBER_RESOURCE_ID) VALUES('REQUEST_APPROVAL', 'MANAGEREQ');
INSERT INTO res_to_res_membership (RESOURCE_ID, MEMBER_RESOURCE_ID) VALUES('SELFSERVICE', 'REQUEST_APPROVAL');

UPDATE RES SET IS_PUBLIC='N' WHERE RESOURCE_ID='SELFSRVS_ACCESS_MNGMNT_ORG';
DELETE FROM RESOURCE_PROP WHERE RESOURCE_ID='SELFSRVS_ACCESS_MNGMNT_ORG' AND NAME='MENU_IS_PUBLIC';
INSERT INTO RESOURCE_PROP (RESOURCE_PROP_ID, RESOURCE_ID, NAME, PROP_VALUE) VALUES('SEFSERV_ORG_PUBLIC' ,'SELFSRVS_ACCESS_MNGMNT_ORG', 'MENU_IS_PUBLIC', 'false');


INSERT INTO RES (RESOURCE_ID, RESOURCE_TYPE_ID, NAME, DESCRIPTION, IS_PUBLIC, URL) VALUES ('SELFSERVICE_GROUPS', 'MENU_ITEM', 'SELFSERVICE_GROUPS', 'Selfservice Groups', 'N', '/selfservice/groups.html');
INSERT INTO RESOURCE_PROP (RESOURCE_PROP_ID, RESOURCE_ID, NAME, PROP_VALUE) VALUES ('SELFSERVICE_GROUPS_DN', 'SELFSERVICE_GROUPS', 'MENU_DISPLAY_NAME', 'Groups');
INSERT INTO RESOURCE_PROP (RESOURCE_PROP_ID, RESOURCE_ID, NAME, PROP_VALUE) VALUES ('SELFSERVICE_GROUPS_PUB', 'SELFSERVICE_GROUPS', 'MENU_IS_PUBLIC', 'false');

INSERT INTO RES (RESOURCE_ID, RESOURCE_TYPE_ID, NAME, DESCRIPTION, IS_PUBLIC, URL) VALUES ('SELFSERVICE_ROLES', 'MENU_ITEM', 'SELFSERVICE_ROLES', 'Selfservice Roles', 'N', '/selfservice/roles.html');
INSERT INTO RESOURCE_PROP (RESOURCE_PROP_ID, RESOURCE_ID, NAME, PROP_VALUE) VALUES ('SELFSERVICE_ROLES_DN', 'SELFSERVICE_ROLES', 'MENU_DISPLAY_NAME', 'Roles');
INSERT INTO RESOURCE_PROP (RESOURCE_PROP_ID, RESOURCE_ID, NAME, PROP_VALUE) VALUES ('SELFSERVICE_ROLES_PUB', 'SELFSERVICE_ROLES', 'MENU_IS_PUBLIC', 'false');

INSERT INTO RES (RESOURCE_ID, RESOURCE_TYPE_ID, NAME, DESCRIPTION, IS_PUBLIC, URL) VALUES ('SELFSERVICE_RESOURCES', 'MENU_ITEM', 'SELFSERVICE_RESOURCES', 'Selfservice Resources', 'N', '/selfservice/resources.html');
INSERT INTO RESOURCE_PROP (RESOURCE_PROP_ID, RESOURCE_ID, NAME, PROP_VALUE) VALUES ('SELFSERVICE_RESOURCES_DN', 'SELFSERVICE_RESOURCES', 'MENU_DISPLAY_NAME', 'Resources');
INSERT INTO RESOURCE_PROP (RESOURCE_PROP_ID, RESOURCE_ID, NAME, PROP_VALUE) VALUES ('SELFSERVICE_RESOURCES_PUB', 'SELFSERVICE_RESOURCES', 'MENU_IS_PUBLIC', 'false');

INSERT INTO res_to_res_membership (RESOURCE_ID, MEMBER_RESOURCE_ID) VALUES ('ACCESSCENTER', 'SELFSERVICE_GROUPS');
INSERT INTO res_to_res_membership (RESOURCE_ID, MEMBER_RESOURCE_ID) VALUES ('ACCESSCENTER', 'SELFSERVICE_ROLES');
INSERT INTO res_to_res_membership (RESOURCE_ID, MEMBER_RESOURCE_ID) VALUES ('ACCESSCENTER', 'SELFSERVICE_RESOURCES');

INSERT INTO RES (RESOURCE_ID, RESOURCE_TYPE_ID, NAME, DESCRIPTION, URL) VALUES ('SS_ORG_BACK_SEARCH', 'MENU_ITEM', 'SS_ORG_BACK_SEARCH', 'Selfservice Resources', '/selfservice/organizations.html');
INSERT INTO RESOURCE_PROP (RESOURCE_PROP_ID, RESOURCE_ID, NAME, PROP_VALUE) VALUES ('SS_ORG_BACK_SEARCH_DN', 'SS_ORG_BACK_SEARCH', 'MENU_DISPLAY_NAME', 'Back to Search');
INSERT INTO RESOURCE_PROP (RESOURCE_PROP_ID, RESOURCE_ID, NAME, PROP_VALUE) VALUES ('SS_ORG_BACK_SEARCH_PUB', 'SS_ORG_BACK_SEARCH', 'MENU_IS_PUBLIC', 'true');
INSERT INTO res_to_res_membership (RESOURCE_ID, MEMBER_RESOURCE_ID) VALUES ('SELF_SUB_ORGS_EDIT_ROOT', 'SS_ORG_BACK_SEARCH');

/* groups */
DELETE FROM res_to_res_membership WHERE RESOURCE_ID IN('SELFSRV_GRP_SRCH_ROOT', 'SELFSERV_GRP_NEW', 'SELFSRV_GRP_EDIT_ROOT', 'SELFSERV_GRP_EDIT', 'SELFSERV_GRP_BACK_SRCH');
DELETE FROM res_to_res_membership WHERE MEMBER_RESOURCE_ID IN('SELFSRV_GRP_SRCH_ROOT', 'SELFSERV_GRP_NEW', 'SELFSRV_GRP_EDIT_ROOT', 'SELFSERV_GRP_EDIT', 'SELFSERV_GRP_BACK_SRCH');
DELETE FROM RESOURCE_PROP WHERE RESOURCE_ID IN('SELFSRV_GRP_SRCH_ROOT', 'SELFSERV_GRP_NEW', 'SELFSRV_GRP_EDIT_ROOT', 'SELFSERV_GRP_EDIT', 'SELFSERV_GRP_BACK_SRCH');
DELETE FROM RES  WHERE RESOURCE_ID IN('SELFSRV_GRP_SRCH_ROOT', 'SELFSERV_GRP_NEW', 'SELFSRV_GRP_EDIT_ROOT', 'SELFSERV_GRP_EDIT', 'SELFSERV_GRP_BACK_SRCH');

INSERT INTO RES (RESOURCE_ID, RESOURCE_TYPE_ID, NAME, DESCRIPTION) VALUES('SELFSRV_GRP_SRCH_ROOT', 'MENU_ITEM', 'SELFSRV_GRP_SRCH_ROOT', 'SelfService Group Root');
INSERT INTO RESOURCE_PROP (RESOURCE_PROP_ID, RESOURCE_ID, NAME, PROP_VALUE) VALUES ('SELFSRV_GRP_SRCH_ROOT_PUB', 'SELFSRV_GRP_SRCH_ROOT', 'MENU_IS_PUBLIC', 'true');
INSERT INTO RESOURCE_PROP (RESOURCE_PROP_ID, RESOURCE_ID, NAME, PROP_VALUE) VALUES ('SELFSRV_GRP_SRCH_ROOT_DESC', 'SELFSRV_GRP_SRCH_ROOT', 'MENU_DISPLAY_NAME', 'SelfService Group Root');

INSERT INTO RES (RESOURCE_ID, RESOURCE_TYPE_ID, NAME, DESCRIPTION, URL) VALUES ('SELFSERV_GRP_NEW', 'MENU_ITEM', 'SELFSERV_GRP_NEW', 'Create New Group', '/selfservice/editGroup.html');
INSERT INTO RESOURCE_PROP (RESOURCE_PROP_ID, RESOURCE_ID, NAME, PROP_VALUE) VALUES ('SELFSERV_GRP_NEW_DN', 'SELFSERV_GRP_NEW', 'MENU_DISPLAY_NAME', 'Create New Group');
INSERT INTO RESOURCE_PROP (RESOURCE_PROP_ID, RESOURCE_ID, NAME, PROP_VALUE) VALUES ('SELFSERV_GRP_NEW_PUB', 'SELFSERV_GRP_NEW', 'MENU_IS_PUBLIC', 'true');
INSERT INTO res_to_res_membership (RESOURCE_ID, MEMBER_RESOURCE_ID) VALUES ('SELFSRV_GRP_SRCH_ROOT', 'SELFSERV_GRP_NEW');

INSERT INTO RES (RESOURCE_ID, RESOURCE_TYPE_ID, NAME, DESCRIPTION) VALUES('SELFSRV_GRP_EDIT_ROOT', 'MENU_ITEM', 'SELFSRV_GRP_EDIT_ROOT', 'SelfService Group Edit Root');
INSERT INTO RESOURCE_PROP (RESOURCE_PROP_ID, RESOURCE_ID, NAME, PROP_VALUE) VALUES ('SELFSRV_GRP_EDIT_ROOT_DN', 'SELFSRV_GRP_EDIT_ROOT', 'MENU_IS_PUBLIC', 'true');
INSERT INTO RESOURCE_PROP (RESOURCE_PROP_ID, RESOURCE_ID, NAME, PROP_VALUE) VALUES ('SELFSRV_GRP_EDIT_ROOT_DESC', 'SELFSRV_GRP_EDIT_ROOT', 'MENU_DISPLAY_NAME', 'SelfService Group Edit Root');

INSERT INTO RES (RESOURCE_ID, RESOURCE_TYPE_ID, NAME, DESCRIPTION, URL) VALUES ('SELFSERV_GRP_EDIT', 'MENU_ITEM', 'SELFSERV_GRP_EDIT', 'Edit Group', '/selfservice/editGroup.html');
INSERT INTO RESOURCE_PROP (RESOURCE_PROP_ID, RESOURCE_ID, NAME, PROP_VALUE) VALUES ('SELFSERV_GRP_EDIT_DN', 'SELFSERV_GRP_EDIT', 'MENU_DISPLAY_NAME', 'Edit Group');
INSERT INTO RESOURCE_PROP (RESOURCE_PROP_ID, RESOURCE_ID, NAME, PROP_VALUE) VALUES ('SELFSERV_GRP_EDIT_PUB', 'SELFSERV_GRP_EDIT', 'MENU_IS_PUBLIC', 'true');
INSERT INTO res_to_res_membership (RESOURCE_ID, MEMBER_RESOURCE_ID) VALUES ('SELFSRV_GRP_EDIT_ROOT', 'SELFSERV_GRP_EDIT');

INSERT INTO RES (RESOURCE_ID, RESOURCE_TYPE_ID, NAME, DESCRIPTION, URL) VALUES ('SELFSERV_GRP_BACK_SRCH', 'MENU_ITEM', 'SELFSERV_GRP_BACK_SRCH', 'Back to Search', '/selfservice/groups.html');
INSERT INTO RESOURCE_PROP (RESOURCE_PROP_ID, RESOURCE_ID, NAME, PROP_VALUE) VALUES ('SELFSERV_GRP_BACK_SRCH_DN', 'SELFSERV_GRP_BACK_SRCH', 'MENU_DISPLAY_NAME', 'Back to Search');
INSERT INTO RESOURCE_PROP (RESOURCE_PROP_ID, RESOURCE_ID, NAME, PROP_VALUE) VALUES ('SELFSERV_GRP_BACK_SRCH_PUB', 'SELFSERV_GRP_BACK_SRCH', 'MENU_IS_PUBLIC', 'true');
INSERT INTO res_to_res_membership (RESOURCE_ID, MEMBER_RESOURCE_ID) VALUES ('SELFSRV_GRP_EDIT_ROOT', 'SELFSERV_GRP_BACK_SRCH');
/* groups */

/* roles */
DELETE FROM res_to_res_membership WHERE RESOURCE_ID IN('SELFSRV_ROLE_SRCH_ROOT', 'SELFSERV_ROLE_NEW', 'SELFSRV_ROLE_EDIT_ROOT', 'SELFSRV_ROLE_EDIT', 'SELFSRV_ROLE_BACK_SRCH');
DELETE FROM res_to_res_membership WHERE MEMBER_RESOURCE_ID IN('SELFSRV_ROLE_SRCH_ROOT', 'SELFSERV_ROLE_NEW', 'SELFSRV_ROLE_EDIT_ROOT', 'SELFSRV_ROLE_EDIT', 'SELFSRV_ROLE_BACK_SRCH');
DELETE FROM RESOURCE_PROP WHERE RESOURCE_ID IN('SELFSRV_ROLE_SRCH_ROOT', 'SELFSERV_ROLE_NEW', 'SELFSRV_ROLE_EDIT_ROOT', 'SELFSRV_ROLE_EDIT', 'SELFSRV_ROLE_BACK_SRCH');
DELETE FROM RES  WHERE RESOURCE_ID IN('SELFSRV_ROLE_SRCH_ROOT', 'SELFSERV_ROLE_NEW', 'SELFSRV_ROLE_EDIT_ROOT', 'SELFSRV_ROLE_EDIT', 'SELFSRV_ROLE_BACK_SRCH');

INSERT INTO RES (RESOURCE_ID, RESOURCE_TYPE_ID, NAME, DESCRIPTION) VALUES('SELFSRV_ROLE_SRCH_ROOT', 'MENU_ITEM', 'SELFSRV_ROLE_SRCH_ROOT', 'SelfService Role Root');
INSERT INTO RESOURCE_PROP (RESOURCE_PROP_ID, RESOURCE_ID, NAME, PROP_VALUE) VALUES ('SELFSRV_ROLE_SRCH_ROOT_PB', 'SELFSRV_ROLE_SRCH_ROOT', 'MENU_IS_PUBLIC', 'true');
INSERT INTO RESOURCE_PROP (RESOURCE_PROP_ID, RESOURCE_ID, NAME, PROP_VALUE) VALUES ('SELFSRV_ROLE_SRCH_ROOT_DN', 'SELFSRV_ROLE_SRCH_ROOT', 'MENU_DISPLAY_NAME', 'SelfService Role Root');

INSERT INTO RES (RESOURCE_ID, RESOURCE_TYPE_ID, NAME, DESCRIPTION, URL) VALUES ('SELFSERV_ROLE_NEW', 'MENU_ITEM', 'SELFSERV_ROLE_NEW', 'Create New Role', '/selfservice/editRole.html');
INSERT INTO RESOURCE_PROP (RESOURCE_PROP_ID, RESOURCE_ID, NAME, PROP_VALUE) VALUES ('SELFSERV_ROLE_NEW_DN', 'SELFSERV_ROLE_NEW', 'MENU_DISPLAY_NAME', 'Create New Role');
INSERT INTO RESOURCE_PROP (RESOURCE_PROP_ID, RESOURCE_ID, NAME, PROP_VALUE) VALUES ('SELFSERV_ROLE_NEW_PB', 'SELFSERV_ROLE_NEW', 'MENU_IS_PUBLIC', 'true');
INSERT INTO res_to_res_membership (RESOURCE_ID, MEMBER_RESOURCE_ID) VALUES ('SELFSRV_ROLE_SRCH_ROOT', 'SELFSERV_ROLE_NEW');

INSERT INTO RES (RESOURCE_ID, RESOURCE_TYPE_ID, NAME, DESCRIPTION) VALUES('SELFSRV_ROLE_EDIT_ROOT', 'MENU_ITEM', 'SELFSRV_ROLE_EDIT_ROOT', 'SelfService Role Edit Root');
INSERT INTO RESOURCE_PROP (RESOURCE_PROP_ID, RESOURCE_ID, NAME, PROP_VALUE) VALUES ('SELFSRV_ROLE_EDIT_ROOT_DN', 'SELFSRV_ROLE_EDIT_ROOT', 'MENU_IS_PUBLIC', 'true');
INSERT INTO RESOURCE_PROP (RESOURCE_PROP_ID, RESOURCE_ID, NAME, PROP_VALUE) VALUES ('SELFSRV_ROLE_EDIT_ROOT_DESC', 'SELFSRV_ROLE_EDIT_ROOT', 'MENU_DISPLAY_NAME', 'SelfService Role Edit Root');

INSERT INTO RES (RESOURCE_ID, RESOURCE_TYPE_ID, NAME, DESCRIPTION, URL) VALUES ('SELFSRV_ROLE_EDIT', 'MENU_ITEM', 'SELFSRV_ROLE_EDIT', 'Edit Role', '/selfservice/editRole.html');
INSERT INTO RESOURCE_PROP (RESOURCE_PROP_ID, RESOURCE_ID, NAME, PROP_VALUE) VALUES ('SELFSRV_ROLE_EDIT_DN', 'SELFSRV_ROLE_EDIT', 'MENU_DISPLAY_NAME', 'Edit Role');
INSERT INTO RESOURCE_PROP (RESOURCE_PROP_ID, RESOURCE_ID, NAME, PROP_VALUE) VALUES ('SELFSRV_ROLE_EDIT_PUB', 'SELFSRV_ROLE_EDIT', 'MENU_IS_PUBLIC', 'true');
INSERT INTO res_to_res_membership (RESOURCE_ID, MEMBER_RESOURCE_ID) VALUES ('SELFSRV_ROLE_EDIT_ROOT', 'SELFSRV_ROLE_EDIT');

INSERT INTO RES (RESOURCE_ID, RESOURCE_TYPE_ID, NAME, DESCRIPTION, URL) VALUES ('SELFSRV_ROLE_BACK_SRCH', 'MENU_ITEM', 'SELFSRV_ROLE_BACK_SRCH', 'Back to Search', '/selfservice/roles.html');
INSERT INTO RESOURCE_PROP (RESOURCE_PROP_ID, RESOURCE_ID, NAME, PROP_VALUE) VALUES ('SELFSRV_ROLE_BACK_SRCH_DN', 'SELFSRV_ROLE_BACK_SRCH', 'MENU_DISPLAY_NAME', 'Back to Search');
INSERT INTO RESOURCE_PROP (RESOURCE_PROP_ID, RESOURCE_ID, NAME, PROP_VALUE) VALUES ('SELFSRV_ROLE_BACK_SRCH_PUB', 'SELFSRV_ROLE_BACK_SRCH', 'MENU_IS_PUBLIC', 'true');
INSERT INTO res_to_res_membership (RESOURCE_ID, MEMBER_RESOURCE_ID) VALUES ('SELFSRV_ROLE_EDIT_ROOT', 'SELFSRV_ROLE_BACK_SRCH');
/* roles */

/* resources */
DELETE FROM res_to_res_membership WHERE RESOURCE_ID IN('SELFSRV_RES_SRCH_ROOT', 'SELFSRV_RES_NEW',  'SELFSRV_RES_EDIT_ROOT', 'SELFSRV_RES_EDIT', 'SELFSRV_RES_BACK_SRCH');
DELETE FROM res_to_res_membership WHERE MEMBER_RESOURCE_ID IN('SELFSRV_RES_SRCH_ROOT', 'SELFSRV_RES_NEW',  'SELFSRV_RES_EDIT_ROOT', 'SELFSRV_RES_EDIT', 'SELFSRV_RES_BACK_SRCH');
DELETE FROM RESOURCE_PROP WHERE RESOURCE_ID IN('SELFSRV_RES_SRCH_ROOT', 'SELFSRV_RES_NEW',  'SELFSRV_RES_EDIT_ROOT', 'SELFSRV_RES_EDIT', 'SELFSRV_RES_BACK_SRCH');
DELETE FROM RES  WHERE RESOURCE_ID IN('SELFSRV_RES_SRCH_ROOT', 'SELFSRV_RES_NEW',  'SELFSRV_RES_EDIT_ROOT', 'SELFSRV_RES_EDIT', 'SELFSRV_RES_BACK_SRCH');

INSERT INTO RES (RESOURCE_ID, RESOURCE_TYPE_ID, NAME, DESCRIPTION) VALUES('SELFSRV_RES_SRCH_ROOT', 'MENU_ITEM', 'SELFSRV_RES_SRCH_ROOT', 'SelfService Resource Root');
INSERT INTO RESOURCE_PROP (RESOURCE_PROP_ID, RESOURCE_ID, NAME, PROP_VALUE) VALUES ('SELFSRV_RES_SRCH_ROOT_PB', 'SELFSRV_RES_SRCH_ROOT', 'MENU_IS_PUBLIC', 'true');
INSERT INTO RESOURCE_PROP (RESOURCE_PROP_ID, RESOURCE_ID, NAME, PROP_VALUE) VALUES ('SELFSRV_RES_SRCH_ROOT_DN', 'SELFSRV_RES_SRCH_ROOT', 'MENU_DISPLAY_NAME', 'SelfService Resource Root');

INSERT INTO RES (RESOURCE_ID, RESOURCE_TYPE_ID, NAME, DESCRIPTION, URL) VALUES ('SELFSRV_RES_NEW', 'MENU_ITEM', 'SELFSRV_RES_NEW', 'Create New Resource', '/selfservice/editResource.html');
INSERT INTO RESOURCE_PROP (RESOURCE_PROP_ID, RESOURCE_ID, NAME, PROP_VALUE) VALUES ('SELFSRV_RES_NEW_DN', 'SELFSRV_RES_NEW', 'MENU_DISPLAY_NAME', 'Create New Resource');
INSERT INTO RESOURCE_PROP (RESOURCE_PROP_ID, RESOURCE_ID, NAME, PROP_VALUE) VALUES ('SELFSRV_RES_NEW_PB', 'SELFSRV_RES_NEW', 'MENU_IS_PUBLIC', 'true');
INSERT INTO res_to_res_membership (RESOURCE_ID, MEMBER_RESOURCE_ID) VALUES ('SELFSRV_RES_SRCH_ROOT', 'SELFSRV_RES_NEW');

INSERT INTO RES (RESOURCE_ID, RESOURCE_TYPE_ID, NAME, DESCRIPTION) VALUES('SELFSRV_RES_EDIT_ROOT', 'MENU_ITEM', 'SELFSRV_RES_EDIT_ROOT', 'SelfService Resource Edit Root');
INSERT INTO RESOURCE_PROP (RESOURCE_PROP_ID, RESOURCE_ID, NAME, PROP_VALUE) VALUES ('SELFSRV_RES_EDIT_ROOT_DN', 'SELFSRV_RES_EDIT_ROOT', 'MENU_IS_PUBLIC', 'true');
INSERT INTO RESOURCE_PROP (RESOURCE_PROP_ID, RESOURCE_ID, NAME, PROP_VALUE) VALUES ('SELFSRV_RES_EDIT_ROOT_DESC', 'SELFSRV_RES_EDIT_ROOT', 'MENU_DISPLAY_NAME', 'SelfService Resource Edit Root');

INSERT INTO RES (RESOURCE_ID, RESOURCE_TYPE_ID, NAME, DESCRIPTION, URL) VALUES ('SELFSRV_RES_EDIT', 'MENU_ITEM', 'SELFSRV_RES_EDIT', 'Edit Resource', '/selfservice/editResource.html');
INSERT INTO RESOURCE_PROP (RESOURCE_PROP_ID, RESOURCE_ID, NAME, PROP_VALUE) VALUES ('SELFSRV_RES_EDIT_DN', 'SELFSRV_RES_EDIT', 'MENU_DISPLAY_NAME', 'Edit Resource');
INSERT INTO RESOURCE_PROP (RESOURCE_PROP_ID, RESOURCE_ID, NAME, PROP_VALUE) VALUES ('SELFSRV_RES_EDIT_PUB', 'SELFSRV_RES_EDIT', 'MENU_IS_PUBLIC', 'true');
INSERT INTO res_to_res_membership (RESOURCE_ID, MEMBER_RESOURCE_ID) VALUES ('SELFSRV_RES_EDIT_ROOT', 'SELFSRV_RES_EDIT');

INSERT INTO RES (RESOURCE_ID, RESOURCE_TYPE_ID, NAME, DESCRIPTION, URL) VALUES ('SELFSRV_RES_BACK_SRCH', 'MENU_ITEM', 'SELFSRV_RES_BACK_SRCH', 'Back to Search', '/selfservice/resources.html');
INSERT INTO RESOURCE_PROP (RESOURCE_PROP_ID, RESOURCE_ID, NAME, PROP_VALUE) VALUES ('SELFSRV_RES_BACK_SRCH_DN', 'SELFSRV_RES_BACK_SRCH', 'MENU_DISPLAY_NAME', 'Back to Search');
INSERT INTO RESOURCE_PROP (RESOURCE_PROP_ID, RESOURCE_ID, NAME, PROP_VALUE) VALUES ('SELFSRV_RES_BACK_SRCH_PUB', 'SELFSRV_RES_BACK_SRCH', 'MENU_IS_PUBLIC', 'true');
INSERT INTO res_to_res_membership (RESOURCE_ID, MEMBER_RESOURCE_ID) VALUES ('SELFSRV_RES_EDIT_ROOT', 'SELFSRV_RES_BACK_SRCH');
/* resources */



IF EXISTS (SELECT * FROM ROLE WHERE ROLE_ID='4') 
BEGIN
	INSERT INTO RESOURCE_ROLE (ROLE_ID, RESOURCE_ID) VALUES('4', 'REQUEST_APPROVAL');
END;

IF EXISTS (SELECT * FROM ROLE WHERE ROLE_ID='9') 
BEGIN
	INSERT INTO RESOURCE_ROLE (ROLE_ID, RESOURCE_ID) VALUES('9', 'REQUEST_APPROVAL');
	INSERT INTO RESOURCE_ROLE (ROLE_ID, RESOURCE_ID) VALUES('9', 'SELFSERVICE_GROUPS');
	INSERT INTO RESOURCE_ROLE (ROLE_ID, RESOURCE_ID) VALUES('9', 'SELFSERVICE_ROLES');
	INSERT INTO RESOURCE_ROLE (ROLE_ID, RESOURCE_ID) VALUES('9', 'SELFSERVICE_RESOURCES');
	IF NOT EXISTS (SELECT * FROM RESOURCE_ROLE WHERE ROLE_ID='9' and RESOURCE_ID='SELFSRVS_ACCESS_MNGMNT_ORG') 
	BEGIN
		INSERT INTO RESOURCE_ROLE (ROLE_ID, RESOURCE_ID) VALUES('9', 'SELFSRVS_ACCESS_MNGMNT_ORG');
	END;
END;

IF EXISTS (SELECT * FROM ROLE WHERE ROLE_ID='2') 
BEGIN
	INSERT INTO RESOURCE_ROLE (ROLE_ID, RESOURCE_ID) VALUES('2', 'SELFSERVICE_GROUPS');
	INSERT INTO RESOURCE_ROLE (ROLE_ID, RESOURCE_ID) VALUES('2', 'SELFSERVICE_ROLES');
	INSERT INTO RESOURCE_ROLE (ROLE_ID, RESOURCE_ID) VALUES('2', 'SELFSERVICE_RESOURCES');
	IF NOT EXISTS (SELECT * FROM RESOURCE_ROLE WHERE ROLE_ID='2' and RESOURCE_ID='SELFSRVS_ACCESS_MNGMNT_ORG') 
	BEGIN
		INSERT INTO RESOURCE_ROLE (ROLE_ID, RESOURCE_ID) VALUES('2', 'SELFSRVS_ACCESS_MNGMNT_ORG');
	END;
END;





/* webconsole */
INSERT INTO RES (RESOURCE_ID, RESOURCE_TYPE_ID, NAME, DESCRIPTION, URL) VALUES ('ORG_APROVER_ASSOC', 'MENU_ITEM', 'ORG_APROVER_ASSOC', 'Approver Associations', '/webconsole-idm/provisioning/organizationApproverAssociations.html');
INSERT INTO RESOURCE_PROP (RESOURCE_PROP_ID, RESOURCE_ID, NAME, PROP_VALUE) VALUES ('ORG_APROVER_ASSOC_DN', 'ORG_APROVER_ASSOC', 'MENU_DISPLAY_NAME', 'Approver Associations');
INSERT INTO RESOURCE_PROP (RESOURCE_PROP_ID, RESOURCE_ID, NAME, PROP_VALUE) VALUES ('ORG_APROVER_ASSOC_PUB', 'ORG_APROVER_ASSOC', 'MENU_IS_PUBLIC', 'true');
INSERT INTO res_to_res_membership (RESOURCE_ID, MEMBER_RESOURCE_ID) VALUES ('ORGANIZATION_EDIT_ID', 'ORG_APROVER_ASSOC');




INSERT INTO RES (RESOURCE_ID, RESOURCE_TYPE_ID, NAME, DESCRIPTION, URL) VALUES('MENUS_SEARCH', 'MENU_ITEM', 'MENUS_SEARCH', 'Menus Search', '/webconsole/menus.html');
INSERT INTO RESOURCE_PROP (RESOURCE_PROP_ID, RESOURCE_ID, NAME, PROP_VALUE) VALUES ('MENUS_SEARCH_PB', 'MENUS_SEARCH', 'MENU_IS_PUBLIC', 'true');
INSERT INTO RESOURCE_PROP (RESOURCE_PROP_ID, RESOURCE_ID, NAME, PROP_VALUE) VALUES ('MENUS_SEARCH_DC', 'MENUS_SEARCH', 'MENU_DISPLAY_NAME', 'Menus');
INSERT INTO res_to_res_membership (RESOURCE_ID, MEMBER_RESOURCE_ID) VALUES('ACC_CONTROL', 'MENUS_SEARCH');

ALTER TABLE RESOURCE_TYPE ADD SEARCHABLE CHAR(1) DEFAULT 'Y' NOT NULL;
GO
UPDATE RESOURCE_TYPE SET SEARCHABLE='N' WHERE RESOURCE_TYPE_ID='MENU_ITEM';

IF EXISTS (SELECT * FROM information_schema.TABLE_CONSTRAINTS WHERE TABLE_CATALOG = 'openiam' AND TABLE_NAME='CONTENT_PROVIDER' AND CONSTRAINT_NAME = 'CP_UI_THEME') 
	DROP INDEX CP_UI_THEME ON CONTENT_PROVIDER;

IF EXISTS (SELECT * FROM information_schema.columns WHERE TABLE_CATALOG='openiam' AND table_name = 'CONTENT_PROVIDER' AND column_name = 'UI_THEME_ID') 
	ALTER TABLE CONTENT_PROVIDER DROP COLUMN UI_THEME_ID;

IF EXISTS (SELECT * FROM information_schema.TABLE_CONSTRAINTS WHERE TABLE_CATALOG = 'openiam' AND TABLE_NAME='URI_PATTERN' AND CONSTRAINT_NAME = 'URI_PATTERN_UI_THEME') 
	DROP INDEX URI_PATTERN_UI_THEME ON URI_PATTERN;

IF EXISTS (SELECT * FROM information_schema.columns WHERE TABLE_CATALOG='openiam' AND table_name = 'URI_PATTERN' AND column_name = 'UI_THEME_ID') 
	ALTER TABLE URI_PATTERN DROP COLUMN UI_THEME_ID;



IF OBJECT_ID('UI_THEME', 'U') IS NOT NULL
	DROP TABLE UI_THEME;

CREATE TABLE UI_THEME(
	UI_THEME_ID NVARCHAR(32) NOT NULL,
	UI_THEME_NAME NVARCHAR(100) NOT NULL,
	URL NVARCHAR(300) NOT NULL,
	PRIMARY KEY(UI_THEME_ID)
) 

ALTER TABLE UI_THEME ADD CONSTRAINT UI_THEME_NAME_UNIUE UNIQUE(UI_THEME_NAME);

ALTER TABLE CONTENT_PROVIDER ADD UI_THEME_ID NVARCHAR(32) NULL;
ALTER TABLE URI_PATTERN ADD UI_THEME_ID NVARCHAR(32) NULL;

ALTER TABLE CONTENT_PROVIDER ADD CONSTRAINT CP_UI_THEME FOREIGN KEY (UI_THEME_ID) REFERENCES UI_THEME(UI_THEME_ID);
ALTER TABLE URI_PATTERN ADD CONSTRAINT URI_PATTERN_UI_THEME FOREIGN KEY (UI_THEME_ID) REFERENCES UI_THEME(UI_THEME_ID);

DELETE FROM res_to_res_membership WHERE RESOURCE_ID IN('UI_THEME_ROOT', 'UI_THEME_ROOT_SRCH', 'NEW_UI_THEME', 'UI_THEME_EDIT', 'UI_THEME_BACK_SRCH', 'UI_THEME_EDIT_MODIFY', 'UI_THEMES');
DELETE FROM res_to_res_membership WHERE MEMBER_RESOURCE_ID IN('UI_THEME_ROOT', 'UI_THEME_ROOT_SRCH', 'NEW_UI_THEME', 'UI_THEME_EDIT', 'UI_THEME_BACK_SRCH', 'UI_THEME_EDIT_MODIFY', 'UI_THEMES');
DELETE FROM RESOURCE_PROP WHERE RESOURCE_ID IN('UI_THEME_ROOT', 'UI_THEME_ROOT_SRCH', 'NEW_UI_THEME', 'UI_THEME_EDIT', 'UI_THEME_BACK_SRCH', 'UI_THEME_EDIT_MODIFY', 'UI_THEMES');
DELETE FROM RES WHERE RESOURCE_ID IN('UI_THEME_ROOT', 'UI_THEME_ROOT_SRCH', 'NEW_UI_THEME', 'UI_THEME_EDIT', 'UI_THEME_BACK_SRCH', 'UI_THEME_EDIT_MODIFY', 'UI_THEMES');


INSERT INTO RES (RESOURCE_ID, RESOURCE_TYPE_ID, NAME, DESCRIPTION) VALUES('UI_THEME_ROOT', 'MENU_ITEM', 'UI_THEME_ROOT', 'UI Theme Root');
INSERT INTO RESOURCE_PROP (RESOURCE_PROP_ID, RESOURCE_ID, NAME, PROP_VALUE) VALUES ('UI_THEME_ROOT_PB', 'UI_THEME_ROOT', 'MENU_IS_PUBLIC', 'true');
INSERT INTO RESOURCE_PROP (RESOURCE_PROP_ID, RESOURCE_ID, NAME, PROP_VALUE) VALUES ('UI_THEME_ROOT_DN', 'UI_THEME_ROOT', 'MENU_DISPLAY_NAME', 'UI Theme Root');

INSERT INTO RES (RESOURCE_ID, RESOURCE_TYPE_ID, NAME, DESCRIPTION, URL) VALUES ('UI_THEME_ROOT_SRCH', 'MENU_ITEM', 'UI_THEME_ROOT_SRCH', 'Search UI Themes', '/webconsole/uiThemes.html');
INSERT INTO RESOURCE_PROP (RESOURCE_PROP_ID, RESOURCE_ID, NAME, PROP_VALUE) VALUES ('UI_THEME_ROOT_SRCH_DN', 'UI_THEME_ROOT_SRCH', 'MENU_DISPLAY_NAME', 'Search UI Themes');
INSERT INTO RESOURCE_PROP (RESOURCE_PROP_ID, RESOURCE_ID, NAME, PROP_VALUE) VALUES ('UI_THEME_ROOT_SRCH_PB', 'UI_THEME_ROOT_SRCH', 'MENU_IS_PUBLIC', 'true');

INSERT INTO RES (RESOURCE_ID, RESOURCE_TYPE_ID, NAME, DESCRIPTION, URL) VALUES ('NEW_UI_THEME', 'MENU_ITEM', 'NEW_UI_THEME', 'New UI Theme', '/webconsole/newUITheme.html');
INSERT INTO RESOURCE_PROP (RESOURCE_PROP_ID, RESOURCE_ID, NAME, PROP_VALUE) VALUES ('NEW_UI_THEME_DN', 'NEW_UI_THEME', 'MENU_DISPLAY_NAME', 'New UI Theme');
INSERT INTO RESOURCE_PROP (RESOURCE_PROP_ID, RESOURCE_ID, NAME, PROP_VALUE) VALUES ('NEW_UI_THEME_PB', 'NEW_UI_THEME', 'MENU_IS_PUBLIC', 'true');

INSERT INTO res_to_res_membership (RESOURCE_ID, MEMBER_RESOURCE_ID) VALUES ('UI_THEME_ROOT', 'UI_THEME_ROOT_SRCH');
INSERT INTO res_to_res_membership (RESOURCE_ID, MEMBER_RESOURCE_ID) VALUES ('UI_THEME_ROOT', 'NEW_UI_THEME');


INSERT INTO RES (RESOURCE_ID, RESOURCE_TYPE_ID, NAME, DESCRIPTION) VALUES('UI_THEME_EDIT', 'MENU_ITEM', 'UI_THEME_EDIT', 'UI Theme Edit');
INSERT INTO RESOURCE_PROP (RESOURCE_PROP_ID, RESOURCE_ID, NAME, PROP_VALUE) VALUES ('UI_THEME_EDIT_PB', 'UI_THEME_EDIT', 'MENU_IS_PUBLIC', 'true');
INSERT INTO RESOURCE_PROP (RESOURCE_PROP_ID, RESOURCE_ID, NAME, PROP_VALUE) VALUES ('UI_THEME_EDIT_DN', 'UI_THEME_EDIT', 'MENU_DISPLAY_NAME', 'UI Theme Edit');

INSERT INTO RES (RESOURCE_ID, RESOURCE_TYPE_ID, NAME, DESCRIPTION, URL) VALUES ('UI_THEME_BACK_SRCH', 'MENU_ITEM', 'UI_THEME_BACK_SRCH', 'Back to Search', '/webconsole/uiThemes.html');
INSERT INTO RESOURCE_PROP (RESOURCE_PROP_ID, RESOURCE_ID, NAME, PROP_VALUE) VALUES ('UI_THEME_BACK_SRCH_DN', 'UI_THEME_BACK_SRCH', 'MENU_DISPLAY_NAME', 'Back to Search');
INSERT INTO RESOURCE_PROP (RESOURCE_PROP_ID, RESOURCE_ID, NAME, PROP_VALUE) VALUES ('UI_THEME_BACK_SRCH_PB', 'UI_THEME_BACK_SRCH', 'MENU_IS_PUBLIC', 'true');

INSERT INTO RES (RESOURCE_ID, RESOURCE_TYPE_ID, NAME, DESCRIPTION, URL) VALUES ('UI_THEME_EDIT_MODIFY', 'MENU_ITEM', 'UI_THEME_EDIT_MODIFY', 'Edit UI Theme', '/webconsole/editUITheme.html');
INSERT INTO RESOURCE_PROP (RESOURCE_PROP_ID, RESOURCE_ID, NAME, PROP_VALUE) VALUES ('UI_THEME_EDIT_MODIFY_DN', 'UI_THEME_EDIT_MODIFY', 'MENU_DISPLAY_NAME', 'Edit UI Theme');
INSERT INTO RESOURCE_PROP (RESOURCE_PROP_ID, RESOURCE_ID, NAME, PROP_VALUE) VALUES ('UI_THEME_EDIT_MODIFY_PB', 'UI_THEME_EDIT_MODIFY', 'MENU_IS_PUBLIC', 'true');

INSERT INTO res_to_res_membership (RESOURCE_ID, MEMBER_RESOURCE_ID) VALUES ('UI_THEME_EDIT', 'UI_THEME_BACK_SRCH');
INSERT INTO res_to_res_membership (RESOURCE_ID, MEMBER_RESOURCE_ID) VALUES ('UI_THEME_EDIT', 'UI_THEME_EDIT_MODIFY');


INSERT INTO RES (RESOURCE_ID, RESOURCE_TYPE_ID, NAME, DESCRIPTION, URL) VALUES ('UI_THEMES', 'MENU_ITEM', 'UI_THEMES', 'UI Themes', '/webconsole/uiThemes.html');
INSERT INTO RESOURCE_PROP (RESOURCE_PROP_ID, RESOURCE_ID, NAME, PROP_VALUE) VALUES ('UI_THEMES_DN', 'UI_THEMES', 'MENU_DISPLAY_NAME', 'UI Themes');
INSERT INTO RESOURCE_PROP (RESOURCE_PROP_ID, RESOURCE_ID, NAME, PROP_VALUE) VALUES ('UI_THEMES_PB', 'UI_THEMES', 'MENU_IS_PUBLIC', 'true');

INSERT INTO res_to_res_membership (RESOURCE_ID, MEMBER_RESOURCE_ID) VALUES ('ADMIN', 'UI_THEMES');

DELETE FROM res_to_res_membership WHERE MEMBER_RESOURCE_ID IN('SS_GRP_ENT', 'SS_ROLE_ENT', 'SS_RES_ENT');
DELETE FROM res_to_res_membership WHERE RESOURCE_ID IN('SS_GRP_ENT', 'SS_ROLE_ENT', 'SS_RES_ENT');
DELETE FROM RESOURCE_PROP WHERE RESOURCE_ID IN('SS_GRP_ENT', 'SS_ROLE_ENT', 'SS_RES_ENT');
DELETE FROM RES WHERE RESOURCE_ID IN('SS_GRP_ENT', 'SS_ROLE_ENT', 'SS_RES_ENT');

INSERT INTO RES (RESOURCE_ID, RESOURCE_TYPE_ID, NAME, DESCRIPTION, URL) VALUES ('SS_GRP_ENT', 'MENU_ITEM', 'SS_GRP_ENT', 'New UI Theme', '/selfservice/groupEntitlements.html');
INSERT INTO RESOURCE_PROP (RESOURCE_PROP_ID, RESOURCE_ID, NAME, PROP_VALUE) VALUES ('SS_GRP_ENT_DN', 'SS_GRP_ENT', 'MENU_DISPLAY_NAME', 'Entitlements');
INSERT INTO RESOURCE_PROP (RESOURCE_PROP_ID, RESOURCE_ID, NAME, PROP_VALUE) VALUES ('SS_GRP_ENT_PB', 'SS_GRP_ENT', 'MENU_IS_PUBLIC', 'true');

INSERT INTO res_to_res_membership (RESOURCE_ID, MEMBER_RESOURCE_ID) VALUES ('SELFSRV_GRP_EDIT_ROOT', 'SS_GRP_ENT');

INSERT INTO RES (RESOURCE_ID, RESOURCE_TYPE_ID, NAME, DESCRIPTION, URL) VALUES ('SS_ROLE_ENT', 'MENU_ITEM', 'SS_ROLE_ENT', 'New UI Theme', '/selfservice/roleEntitlements.html');
INSERT INTO RESOURCE_PROP (RESOURCE_PROP_ID, RESOURCE_ID, NAME, PROP_VALUE) VALUES ('SS_ROLE_ENT_DN', 'SS_ROLE_ENT', 'MENU_DISPLAY_NAME', 'Entitlements');
INSERT INTO RESOURCE_PROP (RESOURCE_PROP_ID, RESOURCE_ID, NAME, PROP_VALUE) VALUES ('SS_ROLE_ENT_PB', 'SS_ROLE_ENT', 'MENU_IS_PUBLIC', 'true');

INSERT INTO res_to_res_membership (RESOURCE_ID, MEMBER_RESOURCE_ID) VALUES ('SELFSRV_ROLE_EDIT_ROOT', 'SS_ROLE_ENT');

INSERT INTO RES (RESOURCE_ID, RESOURCE_TYPE_ID, NAME, DESCRIPTION, URL) VALUES ('SS_RES_ENT', 'MENU_ITEM', 'SS_RES_ENT', 'New UI Theme', '/selfservice/resourceEntitlements.html');
INSERT INTO RESOURCE_PROP (RESOURCE_PROP_ID, RESOURCE_ID, NAME, PROP_VALUE) VALUES ('SS_RES_ENT_DN', 'SS_RES_ENT', 'MENU_DISPLAY_NAME', 'Entitlements');
INSERT INTO RESOURCE_PROP (RESOURCE_PROP_ID, RESOURCE_ID, NAME, PROP_VALUE) VALUES ('SS_RES_ENT_PB', 'SS_RES_ENT', 'MENU_IS_PUBLIC', 'true');

INSERT INTO res_to_res_membership (RESOURCE_ID, MEMBER_RESOURCE_ID) VALUES ('SELFSRV_RES_EDIT_ROOT', 'SS_RES_ENT');

DELETE FROM ATTRIBUTE_MAP WHERE ATTRIBUTE_MAP_ID = '610';
DELETE FROM ATTRIBUTE_MAP WHERE ATTRIBUTE_MAP_ID = '611';
DELETE FROM RECON_RES_ATTR_MAP WHERE RECON_RES_ATTR_MAP_ID = '63';
DELETE FROM RECON_RES_ATTR_MAP WHERE RECON_RES_ATTR_MAP_ID = '64';

DELETE FROM POLICY WHERE POLICY_ID = '4659';


INSERT INTO POLICY (POLICY_ID,POLICY_DEF_ID,NAME,DESCRIPTION,STATUS,CREATE_DATE,CREATED_BY,RULE_SRC_URL,RULE_TEXT) VALUES ('4659','104','googleGroups','GoogleApps groups Policy',1,CURRENT_TIMESTAMP,'3000','provision/googleGroups.groovy','');

INSERT INTO RECON_RES_ATTR_MAP (RECON_RES_ATTR_MAP_ID, ATTR_POLICY_ID) VALUES (64,4659);
INSERT INTO ATTRIBUTE_MAP (ATTRIBUTE_MAP_ID, MANAGED_SYS_ID, RESOURCE_ID, MAP_FOR_OBJECT_TYPE, ATTRIBUTE_NAME, ATTRIBUTE_POLICY_ID, STATUS, DATA_TYPE) VALUES ('611','103','103','USER','groups','64','ACTIVE','STRING');


INSERT INTO RECON_RES_ATTR_MAP (RECON_RES_ATTR_MAP_ID, ATTR_POLICY_ID) VALUES (63,4540);
INSERT INTO ATTRIBUTE_MAP (ATTRIBUTE_MAP_ID, MANAGED_SYS_ID, RESOURCE_ID, MAP_FOR_OBJECT_TYPE, ATTRIBUTE_NAME, ATTRIBUTE_POLICY_ID, STATUS, DATA_TYPE) VALUES ('610','103','103','USER','userEmail','63','ACTIVE','STRING');

UPDATE ATTRIBUTE_MAP SET ATTRIBUTE_NAME= 'login', ATTRIBUTE_POLICY_ID='26' WHERE ATTRIBUTE_MAP_ID = '400';
UPDATE ATTRIBUTE_MAP SET DATA_TYPE= 'STRING' WHERE MANAGED_SYS_ID = '103';

IF EXISTS (select * from information_schema.KEY_COLUMN_USAGE where table_CATALOG = 'openiam' and table_name = 'SECURITY_DOMAIN') 
BEGIN
	delete from PWD_HISTORY where  LOGIN_ID in (select LOGIN_ID from LOGIN where SERVICE_ID<>'USR_SEC_DOMAIN');

	delete from LOGIN where SERVICE_ID<>'USR_SEC_DOMAIN';

	ALTER TABLE LOGIN DROP FK_LOGIN_SERVICE;
	DROP INDEX UNIQUE_LOGIN ON LOGIN;
	DROP INDEX FK_LOGIN_SERVICE ON LOGIN;

	ALTER TABLE LOGIN DROP COLUMN SERVICE_ID;
	CREATE UNIQUE INDEX UNIQUE_LOGIN ON LOGIN (LOGIN ASC, MANAGED_SYS_ID ASC);



	ALTER TABLE ROLE DROP FK_ROLE_SERVICE;
	DROP INDEX FK_ROLE_SERVICE ON ROLE;
	ALTER TABLE ROLE DROP COLUMN SERVICE_ID;


	ALTER TABLE MANAGED_SYS DROP COLUMN DOMAIN_ID;

	IF OBJECT_ID('SECURITY_DOMAIN', 'U') IS NOT NULL
		DROP TABLE SECURITY_DOMAIN;
END;

GO
IF EXISTS(select * FROM sys.views where name = 'USER_PSWD_EXPIRED_YESTERDAY_VW')
	drop view USER_PSWD_EXPIRED_YESTERDAY_VW;
GO
CREATE VIEW USER_PSWD_EXPIRED_YESTERDAY_VW AS
  select
    l.LOGIN AS LOGIN,
    l.MANAGED_SYS_ID AS MANAGED_SYS_ID,
    l.USER_ID AS USER_ID,
    l.GRACE_PERIOD AS EXPIRATION_DATE,
    u.FIRST_NAME AS FIRST_NAME,
    u.LAST_NAME AS LAST_NAME,
    u.STATUS AS STATUS
  from LOGIN l
    JOIN USERS as u ON l.USER_ID = u.USER_ID
  where
    ((l.USER_ID = u.USER_ID)
     and (l.MANAGED_SYS_ID = 0)
     and (((l.GRACE_PERIOD is not null)
           and (cast(l.GRACE_PERIOD as date) = (GETDATE() - 1)))
          or ((l.PWD_EXP is not null)
              and (l.GRACE_PERIOD IS NULL)
              and (cast(l.PWD_EXP as date) = (GETDATE() - 1)))));
GO
        
DELETE FROM RESOURCE_USER where RESOURCE_ID like 'SECDOMAIN%';
DELETE FROM RESOURCE_PROP where RESOURCE_ID like 'SECDOMAIN%';
DELETE FROM RESOURCE_PRIVILEGE where RESOURCE_ID like 'SECDOMAIN%';
DELETE FROM RESOURCE_GROUP where RESOURCE_ID like 'SECDOMAIN%';
DELETE FROM res_to_res_membership where RESOURCE_ID like 'SECDOMAIN%' or MEMBER_RESOURCE_ID like 'SECDOMAIN%';
DELETE FROM RESOURCE_ROLE where RESOURCE_ID like 'SECDOMAIN%';
DELETE FROM RES where RESOURCE_ID like 'SECDOMAIN%';



DELETE FROM ATTRIBUTE_MAP
WHERE ATTRIBUTE_POLICY_ID in (SELECT RECON_RES_ATTR_MAP_ID FROM RECON_RES_ATTR_MAP
WHERE ATTR_POLICY_ID in (select POLICY_ID from POLICY
WHERE RULE_SRC_URL = 'provision/primaryDomain.groovy'
      OR RULE_SRC_URL = 'provision/secDomain.groovy'));

DELETE FROM RECON_RES_ATTR_MAP
WHERE ATTR_POLICY_ID in (select POLICY_ID from POLICY
WHERE RULE_SRC_URL = 'provision/primaryDomain.groovy'
      OR RULE_SRC_URL = 'provision/secDomain.groovy');

DELETE FROM POLICY WHERE RULE_SRC_URL = 'provision/primaryDomain.groovy'
                         OR RULE_SRC_URL = 'provision/secDomain.groovy';
                         
DELETE FROM RESOURCE_PROP WHERE RESOURCE_PROP_ID = 'META_ADMIN_DESC';
DELETE FROM RESOURCE_PROP WHERE RESOURCE_PROP_ID = 'META_TYPE_ADMIN_DESC';
DELETE FROM res_to_res_membership WHERE RESOURCE_ID='META_SUBMENU_ROOT';
DELETE FROM res_to_res_membership WHERE RESOURCE_ID='META_TYPE_SUBMENU_ROOT';
DELETE FROM res_to_res_membership WHERE MEMBER_RESOURCE_ID='META_ADMIN';
DELETE FROM res_to_res_membership WHERE MEMBER_RESOURCE_ID='META_TYPE_ADMIN';



DELETE FROM RESOURCE_PROP WHERE RESOURCE_PROP_ID = 'META_TYPE_EDIT_DESC';
DELETE FROM RESOURCE_PROP WHERE RESOURCE_PROP_ID = 'META_EDIT_DESC';
DELETE FROM RESOURCE_PROP WHERE RESOURCE_PROP_ID = 'META_TYPE_SEARCH_DESC';
DELETE FROM RESOURCE_PROP WHERE RESOURCE_PROP_ID = 'META_SEARCH_DESC';

DELETE FROM RES WHERE RESOURCE_ID='META_TYPE_EDIT';
DELETE FROM RES WHERE RESOURCE_ID='META_EDIT';
DELETE FROM RES WHERE RESOURCE_ID='META_TYPE_SEARCH';
DELETE FROM RES WHERE RESOURCE_ID='META_SEARCH';

DELETE FROM RES WHERE RESOURCE_ID='META_ADMIN';
DELETE FROM RES WHERE RESOURCE_ID='META_TYPE_ADMIN';
DELETE FROM RES WHERE RESOURCE_ID='META_SUBMENU_ROOT';
DELETE FROM RES WHERE RESOURCE_ID='META_TYPE_SUBMENU_ROOT';

INSERT INTO RES (RESOURCE_ID,RESOURCE_TYPE_ID,DESCRIPTION,NAME,DISPLAY_ORDER,IS_PUBLIC,URL) VALUES ('META_ADMIN','MENU_ITEM','metadata admin root','META_ADMIN',1,'Y','/webconsole/metaDataSearch.html');
INSERT INTO RESOURCE_PROP (RESOURCE_PROP_ID,RESOURCE_ID,NAME,PROP_VALUE) VALUES ('META_ADMIN_DESC','META_ADMIN','MENU_DISPLAY_NAME','Metadata Elements');
INSERT INTO res_to_res_membership (RESOURCE_ID,MEMBER_RESOURCE_ID) VALUES ('ADMIN','META_ADMIN');



INSERT INTO RES (RESOURCE_ID,RESOURCE_TYPE_ID,DESCRIPTION,NAME,DISPLAY_ORDER,IS_PUBLIC,URL) VALUES ('META_TYPE_ADMIN','MENU_ITEM','metadata admin root','META_TYPE_ADMIN',1,'Y','/webconsole/metaDataTypeSearch.html');
INSERT INTO RESOURCE_PROP (RESOURCE_PROP_ID,RESOURCE_ID,NAME,PROP_VALUE) VALUES ('META_TYPE_ADMIN_DESC','META_TYPE_ADMIN','MENU_DISPLAY_NAME','Metadata Types');
INSERT INTO res_to_res_membership (RESOURCE_ID,MEMBER_RESOURCE_ID) VALUES ('ADMIN','META_TYPE_ADMIN');




INSERT INTO RES (RESOURCE_ID,RESOURCE_TYPE_ID,DESCRIPTION,NAME,DISPLAY_ORDER,IS_PUBLIC) VALUES ('META_TYPE_SUBMENU_ROOT','MENU_ITEM','metadata root menu','META_TYPE_SUBMENU_ROOT',1,'Y'); 

INSERT INTO RES (RESOURCE_ID,RESOURCE_TYPE_ID,DESCRIPTION,NAME,DISPLAY_ORDER,IS_PUBLIC,URL) VALUES ('META_TYPE_EDIT','MENU_ITEM','metadata type edit','META_TYPE_EDIT',1,'Y','/webconsole/metaDataTypeEdit.html'); 
INSERT INTO RESOURCE_PROP (RESOURCE_PROP_ID,RESOURCE_ID,NAME,PROP_VALUE) VALUES ('META_TYPE_EDIT_DESC','META_TYPE_EDIT','MENU_DISPLAY_NAME','New MetaData Type');

INSERT INTO RES (RESOURCE_ID,RESOURCE_TYPE_ID,DESCRIPTION,NAME,DISPLAY_ORDER,IS_PUBLIC,URL) VALUES ('META_TYPE_SEARCH','MENU_ITEM','metadata type search','META_TYPE_SEARCH',3,'Y','/webconsole/metaDataTypeSearch.html'); 
INSERT INTO RESOURCE_PROP (RESOURCE_PROP_ID,RESOURCE_ID,NAME,PROP_VALUE) VALUES ('META_TYPE_SEARCH_DESC','META_TYPE_SEARCH','MENU_DISPLAY_NAME','MetaData Type Search');




INSERT INTO RES (RESOURCE_ID,RESOURCE_TYPE_ID,DESCRIPTION,NAME,DISPLAY_ORDER,IS_PUBLIC) VALUES ('META_SUBMENU_ROOT','MENU_ITEM','metadata root menu','META_SUBMENU_ROOT',1,'Y'); 

INSERT INTO RES (RESOURCE_ID,RESOURCE_TYPE_ID,DESCRIPTION,NAME,DISPLAY_ORDER,IS_PUBLIC,URL) VALUES ('META_EDIT','MENU_ITEM','metadata type edit','META_EDIT',2,'Y','/webconsole/metaDataEdit.html'); 
INSERT INTO RESOURCE_PROP (RESOURCE_PROP_ID,RESOURCE_ID,NAME,PROP_VALUE) VALUES ('META_EDIT_DESC','META_EDIT','MENU_DISPLAY_NAME','New MetaData');

INSERT INTO RES (RESOURCE_ID,RESOURCE_TYPE_ID,DESCRIPTION,NAME,DISPLAY_ORDER,IS_PUBLIC,URL) VALUES ('META_SEARCH','MENU_ITEM','metadata search','META_SEARCH',4,'Y','/webconsole/metaDataSearch.html');
INSERT INTO RESOURCE_PROP (RESOURCE_PROP_ID,RESOURCE_ID,NAME,PROP_VALUE) VALUES ('META_SEARCH_DESC','META_SEARCH','MENU_DISPLAY_NAME','MetaData Search');

INSERT INTO res_to_res_membership (MEMBER_RESOURCE_ID, RESOURCE_ID) VALUES ('META_SEARCH', 'META_SUBMENU_ROOT');
INSERT INTO res_to_res_membership (MEMBER_RESOURCE_ID, RESOURCE_ID) VALUES ('META_TYPE_SEARCH', 'META_TYPE_SUBMENU_ROOT');
INSERT INTO res_to_res_membership (MEMBER_RESOURCE_ID, RESOURCE_ID) VALUES ('META_EDIT', 'META_SUBMENU_ROOT');
INSERT INTO res_to_res_membership (MEMBER_RESOURCE_ID, RESOURCE_ID) VALUES ('META_TYPE_EDIT', 'META_TYPE_SUBMENU_ROOT');

ALTER TABLE RES ADD RISK NVARCHAR(10) NULL DEFAULT NULL;

IF EXISTS (SELECT * FROM information_schema.columns WHERE table_CATALOG='openiam' AND table_name = 'AUTH_LEVEL' AND column_name = 'AUTH_LEVEL_DIG') 
BEGIN
	DROP INDEX UNIQUE_AUTH_LEVEL_LEVEL ON AUTH_LEVEL
	ALTER TABLE AUTH_LEVEL DROP COLUMN AUTH_LEVEL_DIG;
END;

IF EXISTS (SELECT * FROM information_schema.columns WHERE table_CATALOG='openiam' AND table_name = 'AUTH_LEVEL' AND column_name = 'REQUIRES_AUTHENTICATION') 
	ALTER TABLE AUTH_LEVEL DROP COLUMN REQUIRES_AUTHENTICATION;


IF EXISTS (SELECT * FROM information_schema.columns WHERE table_CATALOG='openiam' AND table_name = 'AUTH_LEVEL_GROUPING') 
	DELETE FROM AUTH_LEVEL_GROUPING;


GO
ALTER TABLE AUTH_LEVEL ADD REQUIRES_AUTHENTICATION CHAR(1) DEFAULT 'Y';
GO
UPDATE AUTH_LEVEL SET REQUIRES_AUTHENTICATION='Y';
ALTER TABLE AUTH_LEVEL ALTER COLUMN REQUIRES_AUTHENTICATION CHAR(1) NOT NULL;

Declare @v_constraintname NVARCHAR(max)
set @v_constraintname ='ALTER TABLE AUTH_LEVEL DROP CONSTRAINT '
set @v_constraintname = @v_constraintname + (select c_obj.name as CONSTRAINT_NAME
from sysobjects c_obj
join syscomments com on c_obj.id = com.id
join sysobjects t_obj on c_obj.parent_obj = t_obj.id 
join sysconstraints con on c_obj.id = con.constid
join syscolumns col on t_obj.id = col.id
and con.colid = col.colid
where
c_obj.uid = user_id()
and c_obj.xtype = 'D'
and t_obj.name='AUTH_LEVEL' and col.name='REQUIRES_AUTHENTICATION')
exec(@v_constraintname)
	
ALTER TABLE AUTH_LEVEL ADD DEFAULT 'Y' FOR REQUIRES_AUTHENTICATION;

DELETE FROM AUTH_LEVEL WHERE AUTH_LEVEL_ID IN('None', 'NONE');
INSERT INTO AUTH_LEVEL (AUTH_LEVEL_ID, AUTH_LEVEL_NAME, REQUIRES_AUTHENTICATION) VALUES('NONE', 'No Authentication Required', 'N');

IF OBJECT_ID('CP_AUTH_LEVEL_GRP_XREF', 'U') IS NOT NULL
	DROP TABLE CP_AUTH_LEVEL_GRP_XREF;

IF OBJECT_ID('URI_AUTH_LEVEL_GRP_XREF', 'U') IS NOT NULL
	DROP TABLE URI_AUTH_LEVEL_GRP_XREF;
	
IF OBJECT_ID('AUTH_LEVEL_ATTRIBUTE', 'U') IS NOT NULL
	DROP TABLE AUTH_LEVEL_ATTRIBUTE;

IF OBJECT_ID('AUTH_LEVEL_GROUPING', 'U') IS NOT NULL
	DROP TABLE AUTH_LEVEL_GROUPING;

CREATE TABLE AUTH_LEVEL_GROUPING (
	AUTH_LEVEL_GROUPING_ID NVARCHAR(32) NOT NULL,
	AUTH_LEVEL_ID NVARCHAR(32) NOT NULL,
	NAME NVARCHAR(100) NOT NULL,
	PRIMARY KEY(AUTH_LEVEL_GROUPING_ID),
	CONSTRAINT AUTH_LEVEL_GROUPING_FK FOREIGN KEY (AUTH_LEVEL_ID) REFERENCES AUTH_LEVEL(AUTH_LEVEL_ID)
);

CREATE TABLE AUTH_LEVEL_ATTRIBUTE(
	AUTH_LEVEL_ATTRIBUTE_ID NVARCHAR(32) NOT NULL,
	AUTH_LEVEL_GROUPING_ID NVARCHAR(32) NOT NULL,
	TYPE_ID NVARCHAR(32) NOT NULL,
	NAME NVARCHAR(100) NOT NULL,
	VALUE VARBINARY(MAX) NOT NULL,
	PRIMARY KEY(AUTH_LEVEL_ATTRIBUTE_ID),
	CONSTRAINT AUTH_LEVEL_ATTR_GRP_FK FOREIGN KEY (AUTH_LEVEL_GROUPING_ID) REFERENCES AUTH_LEVEL_GROUPING(AUTH_LEVEL_GROUPING_ID),
	CONSTRAINT AUTH_LEVEL_ATTR_TYPE_FK FOREIGN KEY (TYPE_ID) REFERENCES METADATA_TYPE(TYPE_ID)
);

CREATE TABLE URI_AUTH_LEVEL_GRP_XREF(
	URI_PATTERN_ID NVARCHAR(32) NOT NULL,
	AUTH_LEVEL_GROUPING_ID NVARCHAR(32) NOT NULL,
	EXEC_ORDER NUMERIC(3) NOT NULL,
	CONSTRAINT URI_AUTH_LEVEL_GRP_FK FOREIGN KEY (AUTH_LEVEL_GROUPING_ID) REFERENCES AUTH_LEVEL_GROUPING(AUTH_LEVEL_GROUPING_ID),
	CONSTRAINT URI_AUTH_LEVEL_URI_FK FOREIGN KEY (URI_PATTERN_ID) REFERENCES URI_PATTERN(URI_PATTERN_ID),
	CONSTRAINT UNIQUE_URI_AUTH_GROUP UNIQUE(URI_PATTERN_ID, AUTH_LEVEL_GROUPING_ID, EXEC_ORDER)
);

CREATE TABLE CP_AUTH_LEVEL_GRP_XREF(
	CONTENT_PROVIDER_ID NVARCHAR(32) NOT NULL,
	AUTH_LEVEL_GROUPING_ID NVARCHAR(32) NOT NULL,
	EXEC_ORDER NUMERIC(3) NOT NULL,
	CONSTRAINT CP_AUTH_LEVEL_GRP_FK FOREIGN KEY (AUTH_LEVEL_GROUPING_ID) REFERENCES AUTH_LEVEL_GROUPING(AUTH_LEVEL_GROUPING_ID),
	CONSTRAINT CP_AUTH_LEVEL_CP_FK FOREIGN KEY (CONTENT_PROVIDER_ID) REFERENCES CONTENT_PROVIDER(CONTENT_PROVIDER_ID),
	CONSTRAINT UNIQUE_CP_AUTH_GROUP UNIQUE(CONTENT_PROVIDER_ID, AUTH_LEVEL_GROUPING_ID, EXEC_ORDER)
);

INSERT INTO AUTH_LEVEL_GROUPING (AUTH_LEVEL_GROUPING_ID, AUTH_LEVEL_ID, NAME) VALUES('NONE', 'NONE', 'None');
INSERT INTO AUTH_LEVEL_GROUPING (AUTH_LEVEL_GROUPING_ID, AUTH_LEVEL_ID, NAME) VALUES('PASSWORD_AUTH', 'PASSWORD_AUTH', 'Password Authentication');
INSERT INTO AUTH_LEVEL_GROUPING (AUTH_LEVEL_GROUPING_ID, AUTH_LEVEL_ID, NAME) VALUES('CERT_AUTH', 'CERT_AUTH', 'Certificate Authentication');

DELETE FROM URI_AUTH_LEVEL_GRP_XREF;
DELETE FROM CP_AUTH_LEVEL_GRP_XREF;



DECLARE @authLevelId NVARCHAR(32);
DECLARE @entityId NVARCHAR(32);
DECLARE cur1 CURSOR FOR (SELECT URI_PATTERN_ID, MIN_AUTH_LEVEL FROM URI_PATTERN);
OPEN cur1;

FETCH NEXT FROM cur1 INTO @entityId, @authLevelId;
WHILE @@FETCH_STATUS = 0
BEGIN
	IF (@entityId IS NOT NULL) 
	BEGIN
		IF (@authLevelId IS NOT NULL) 
		BEGIN
			IF ((SELECT count(*) FROM URI_AUTH_LEVEL_GRP_XREF WHERE URI_PATTERN_ID=@entityId AND AUTH_LEVEL_GROUPING_ID=@authLevelId)= 0)
			BEGIN
				INSERT INTO URI_AUTH_LEVEL_GRP_XREF (URI_PATTERN_ID, AUTH_LEVEL_GROUPING_ID, EXEC_ORDER) VALUES(@entityId, @authLevelId, 0);
			END;
		END;
	END;
END;
CLOSE cur1;



DECLARE @authLevelId_ NVARCHAR(32);
DECLARE @entityId_ NVARCHAR(32);
DECLARE cur2 CURSOR FOR (SELECT CONTENT_PROVIDER_ID, MIN_AUTH_LEVEL FROM CONTENT_PROVIDER);
OPEN cur2;

FETCH NEXT FROM cur2 INTO @entityId_, @authLevelId_;
WHILE @@FETCH_STATUS = 0
BEGIN
	IF (@entityId_ IS NOT NULL) 
	BEGIN
		IF (@authLevelId_ IS NOT NULL) 
		BEGIN
			IF ((SELECT count(*) FROM CP_AUTH_LEVEL_GRP_XREF WHERE CONTENT_PROVIDER_ID=@entityId_ AND AUTH_LEVEL_GROUPING_ID=@authLevelId_)= 0)
			BEGIN
				INSERT INTO CP_AUTH_LEVEL_GRP_XREF (CONTENT_PROVIDER_ID, AUTH_LEVEL_GROUPING_ID, EXEC_ORDER) VALUES(@entityId_, @authLevelId_, 0);
			END;
		END;
	END;
END;
CLOSE cur2;

IF EXISTS (SELECT * FROM information_schema.columns WHERE table_catalog='openiam' AND table_name = 'CONTENT_PROVIDER' AND column_name = 'MIN_AUTH_LEVEL')
BEGIN
	ALTER TABLE CONTENT_PROVIDER DROP CP_AUTH_LEVEL_FK;
	DROP INDEX CP_AUTH_LEVEL_FK ON CONTENT_PROVIDER;
	ALTER TABLE CONTENT_PROVIDER DROP COLUMN MIN_AUTH_LEVEL;
END;

IF EXISTS (SELECT * FROM information_schema.columns WHERE table_catalog='openiam' AND table_name = 'URI_PATTERN' AND column_name = 'MIN_AUTH_LEVEL')
BEGIN
	ALTER TABLE URI_PATTERN DROP URI_PATTERN_AUTH_LEVEL_FK;
	DROP INDEX URI_PATTERN_AUTH_LEVEL_FK ON URI_PATTERN;
	ALTER TABLE URI_PATTERN DROP COLUMN MIN_AUTH_LEVEL;
END;

IF OBJECT_ID('AUTH_LEVEL_ATTRIBUTE', 'U') IS NOT NULL
	DROP TABLE AUTH_LEVEL_ATTRIBUTE;

CREATE TABLE AUTH_LEVEL_ATTRIBUTE(
	AUTH_LEVEL_ATTRIBUTE_ID NVARCHAR(32) NOT NULL,
	AUTH_LEVEL_GROUPING_ID NVARCHAR(32) NOT NULL,
	TYPE_ID NVARCHAR(32) NOT NULL,
	NAME NVARCHAR(100) NOT NULL,
	VALUE_AS_BYTE_ARRAY VARBINARY(MAX) NULL,
	VALUE_AS_STRING NVARCHAR(32) NULL,
	PRIMARY KEY(AUTH_LEVEL_ATTRIBUTE_ID),
	CONSTRAINT AUTH_LEVEL_ATTR_GRP_FK FOREIGN KEY (AUTH_LEVEL_GROUPING_ID) REFERENCES AUTH_LEVEL_GROUPING(AUTH_LEVEL_GROUPING_ID),
	CONSTRAINT AUTH_LEVEL_ATTR_TYPE_FK FOREIGN KEY (TYPE_ID) REFERENCES METADATA_TYPE(TYPE_ID)
);


IF NOT EXISTS (SELECT * FROM information_schema.columns WHERE table_catalog='openiam' AND table_name = 'METADATA_TYPE' AND column_name = 'IS_BINARY')
BEGIN
	ALTER TABLE METADATA_TYPE ADD IS_BINARY CHAR(1) DEFAULT 'N' NOT NULL;
END;
 

DELETE FROM METADATA_TYPE WHERE GROUPING IN('AUTH_LEVEL');
GO
INSERT INTO METADATA_TYPE (TYPE_ID, DESCRIPTION, ACTIVE, GROUPING, IS_BINARY) VALUES('KERBEROS_SERVICE_NAME', 'Kerberos Service Name', 'Y', 'AUTH_LEVEL', 'N');
INSERT INTO METADATA_TYPE (TYPE_ID, DESCRIPTION, ACTIVE, GROUPING, IS_BINARY) VALUES('KERBEROS_KEYTAB_FILE', 'Kerberos Keytab File', 'Y', 'AUTH_LEVEL', 'Y');

ALTER TABLE RESOURCE_TYPE ADD URL NVARCHAR(512) NULL DEFAULT NULL;
GO
ALTER TABLE RESOURCE_TYPE DROP COLUMN METADATA_TYPE_ID;

ALTER TABLE RES DROP FK_RESOURCE_RESOURCE_TYPE;
DROP INDEX FK_RESOURCE_RESOURCE_TYPE ON RES;

DECLARE @table NVARCHAR(512), @sql NVARCHAR(MAX);
SELECT @table = 'RESOURCE_TYPE';
SELECT @sql = 'ALTER TABLE ' + @table 
	+ ' DROP CONSTRAINT ' + name + ';'
	FROM sys.key_constraints
	WHERE [type] = 'PK'
	AND [parent_object_id] = OBJECT_ID(@table);
EXEC sp_executeSQL @sql;

ALTER TABLE RES ALTER COLUMN RESOURCE_TYPE_ID NVARCHAR(32) NOT NULL;
	
ALTER TABLE RESOURCE_TYPE ALTER COLUMN RESOURCE_TYPE_ID NVARCHAR(32) NOT NULL;
ALTER TABLE RESOURCE_TYPE ADD PRIMARY KEY (RESOURCE_TYPE_ID);

ALTER TABLE RES ADD CONSTRAINT FK_RESOURCE_RESOURCE_TYPE FOREIGN KEY (RESOURCE_TYPE_ID) REFERENCES RESOURCE_TYPE (RESOURCE_TYPE_ID);
CREATE INDEX FK_RESOURCE_RESOURCE_TYPE ON RES(RESOURCE_TYPE_ID);

DELETE FROM RESOURCE_PROP WHERE RESOURCE_PROP_ID = 'RES_TYPE_DESC';
DELETE FROM res_to_res_membership WHERE MEMBER_RESOURCE_ID='RES_TYPE_ITEM';
DELETE FROM RES WHERE RESOURCE_ID='RES_TYPE_ITEM';

DELETE FROM RESOURCE_PROP WHERE RESOURCE_PROP_ID = 'RES_TYPE_NEW_DESC';
DELETE FROM res_to_res_membership WHERE RESOURCE_ID='RES_TYPE_MENU_ROOT';
DELETE FROM RES WHERE RESOURCE_ID='RES_TYPE_MENU_ROOT';
DELETE FROM RES WHERE RESOURCE_ID='RES_TYPE_NEW';

INSERT INTO RES (RESOURCE_ID,RESOURCE_TYPE_ID,DESCRIPTION,NAME,DISPLAY_ORDER,IS_PUBLIC,URL) VALUES ('RES_TYPE_ITEM','MENU_ITEM','Resource Type','RES_TYPE_ITEM',1,'Y','/webconsole/resourceTypes.html');
INSERT INTO RESOURCE_PROP (RESOURCE_PROP_ID,RESOURCE_ID,NAME,PROP_VALUE) VALUES ('RES_TYPE_DESC','RES_TYPE_ITEM','MENU_DISPLAY_NAME','Resource Type');
INSERT INTO res_to_res_membership (RESOURCE_ID,MEMBER_RESOURCE_ID) VALUES ('ACC_CONTROL','RES_TYPE_ITEM');

INSERT INTO RES (RESOURCE_ID,RESOURCE_TYPE_ID,DESCRIPTION,NAME,DISPLAY_ORDER,IS_PUBLIC) VALUES ('RES_TYPE_MENU_ROOT','MENU_ITEM','resource type root menu','RES_TYPE_MENU_ROOT',1,'Y'); 
INSERT INTO RES (RESOURCE_ID,RESOURCE_TYPE_ID,DESCRIPTION,NAME,DISPLAY_ORDER,IS_PUBLIC,URL) VALUES ('RES_TYPE_NEW','MENU_ITEM','metadata type edit','RES_TYPE_EDIT',1,'Y','/webconsole/editResourceType.html'); 
INSERT INTO RESOURCE_PROP (RESOURCE_PROP_ID,RESOURCE_ID,NAME,PROP_VALUE) VALUES ('RES_TYPE_NEW_DESC','RES_TYPE_NEW','MENU_DISPLAY_NAME','New Resource Type');
INSERT INTO res_to_res_membership (RESOURCE_ID,MEMBER_RESOURCE_ID) VALUES ('RES_TYPE_MENU_ROOT','RES_TYPE_NEW');

DELETE FROM RESOURCE_PROP WHERE RESOURCE_ID IN('AUTH_LVL_GRP_NEW_ROOT', 'NEW_AUTH_LVL_GRP', 'AUTH_LVL_GRP_EDIT_ROOT', 'BACK_TO_AUTH_LVL_GRP_SRH', 'AUTH_LVL_GRP_ATTR', 'BACK_TO_AUTH_LVL', 'AUTH_LEVEL_GRP');
DELETE FROM res_to_res_membership WHERE MEMBER_RESOURCE_ID IN('AUTH_LVL_GRP_NEW_ROOT', 'NEW_AUTH_LVL_GRP', 'AUTH_LVL_GRP_EDIT_ROOT', 'BACK_TO_AUTH_LVL_GRP_SRH', 'AUTH_LVL_GRP_ATTR', 'BACK_TO_AUTH_LVL', 'AUTH_LEVEL_GRP');
DELETE FROM res_to_res_membership WHERE RESOURCE_ID IN('AUTH_LVL_GRP_NEW_ROOT', 'NEW_AUTH_LVL_GRP', 'AUTH_LVL_GRP_EDIT_ROOT', 'BACK_TO_AUTH_LVL_GRP_SRH', 'AUTH_LVL_GRP_ATTR', 'BACK_TO_AUTH_LVL', 'AUTH_LEVEL_GRP');
DELETE FROM RES WHERE RESOURCE_ID IN('AUTH_LVL_GRP_NEW_ROOT', 'NEW_AUTH_LVL_GRP', 'AUTH_LVL_GRP_EDIT_ROOT', 'BACK_TO_AUTH_LVL_GRP_SRH', 'AUTH_LVL_GRP_ATTR', 'BACK_TO_AUTH_LVL', 'AUTH_LEVEL_GRP');


INSERT INTO RES (RESOURCE_ID, RESOURCE_TYPE_ID, NAME, DESCRIPTION) VALUES('AUTH_LVL_GRP_NEW_ROOT', 'MENU_ITEM', 'AUTH_LVL_GRP_NEW_ROOT', 'Auth Level Grouping Root');
INSERT INTO RESOURCE_PROP (RESOURCE_PROP_ID, RESOURCE_ID, NAME, PROP_VALUE) VALUES ('AUTH_LVL_GRP_NEW_ROOT_PB', 'AUTH_LVL_GRP_NEW_ROOT', 'MENU_IS_PUBLIC', 'true');
INSERT INTO RESOURCE_PROP (RESOURCE_PROP_ID, RESOURCE_ID, NAME, PROP_VALUE) VALUES ('AUTH_LVL_GRP_NEW_ROOT_DN', 'AUTH_LVL_GRP_NEW_ROOT', 'MENU_DISPLAY_NAME', 'Auth Level Grouping Root');


INSERT INTO RES (RESOURCE_ID, RESOURCE_TYPE_ID, NAME, DESCRIPTION, URL) VALUES ('NEW_AUTH_LVL_GRP', 'MENU_ITEM', 'NEW_AUTH_LVL_GRP', 'Create New Grouping', '/webconsole-am/editAuthLevelGrouping.html');
INSERT INTO RESOURCE_PROP (RESOURCE_PROP_ID, RESOURCE_ID, NAME, PROP_VALUE) VALUES ('NEW_AUTH_LVL_GRP_DN', 'NEW_AUTH_LVL_GRP', 'MENU_DISPLAY_NAME', 'Create New Grouping');
INSERT INTO RESOURCE_PROP (RESOURCE_PROP_ID, RESOURCE_ID, NAME, PROP_VALUE) VALUES ('NEW_AUTH_LVL_GRP_PB', 'NEW_AUTH_LVL_GRP', 'MENU_IS_PUBLIC', 'true');

INSERT INTO res_to_res_membership (RESOURCE_ID, MEMBER_RESOURCE_ID) VALUES ('AUTH_LVL_GRP_NEW_ROOT', 'NEW_AUTH_LVL_GRP');


INSERT INTO RES (RESOURCE_ID, RESOURCE_TYPE_ID, NAME, DESCRIPTION) VALUES('AUTH_LVL_GRP_EDIT_ROOT', 'MENU_ITEM', 'AUTH_LVL_GRP_EDIT_ROOT', 'Auth Level Grouping Edit Root');
INSERT INTO RESOURCE_PROP (RESOURCE_PROP_ID, RESOURCE_ID, NAME, PROP_VALUE) VALUES ('AUTH_LVL_GRP_EDIT_ROOT_PB', 'AUTH_LVL_GRP_EDIT_ROOT', 'MENU_IS_PUBLIC', 'true');
INSERT INTO RESOURCE_PROP (RESOURCE_PROP_ID, RESOURCE_ID, NAME, PROP_VALUE) VALUES ('AUTH_LVL_GRP_EDIT_ROOT_DN', 'AUTH_LVL_GRP_EDIT_ROOT', 'MENU_DISPLAY_NAME', 'Auth Level Grouping Edit Root');

INSERT INTO RES (RESOURCE_ID, RESOURCE_TYPE_ID, NAME, DESCRIPTION, URL) VALUES ('BACK_TO_AUTH_LVL_GRP_SRH', 'MENU_ITEM', 'BACK_TO_AUTH_LVL_GRP_SRH', 'Back to Search', '/webconsole-am/authLevelGroupings.html');
INSERT INTO RESOURCE_PROP (RESOURCE_PROP_ID, RESOURCE_ID, NAME, PROP_VALUE) VALUES ('BACK_TO_AUTH_LVL_GRP_SRH_DN', 'BACK_TO_AUTH_LVL_GRP_SRH', 'MENU_DISPLAY_NAME', 'Back to Search');
INSERT INTO RESOURCE_PROP (RESOURCE_PROP_ID, RESOURCE_ID, NAME, PROP_VALUE) VALUES ('BACK_TO_AUTH_LVL_GRP_SRH_PUB', 'BACK_TO_AUTH_LVL_GRP_SRH', 'MENU_IS_PUBLIC', 'true');

INSERT INTO res_to_res_membership (RESOURCE_ID, MEMBER_RESOURCE_ID) VALUES ('AUTH_LVL_GRP_EDIT_ROOT', 'BACK_TO_AUTH_LVL_GRP_SRH');


INSERT INTO RES (RESOURCE_ID, RESOURCE_TYPE_ID, NAME, DESCRIPTION) VALUES('AUTH_LVL_GRP_ATTR', 'MENU_ITEM', 'AUTH_LVL_GRP_ATTR', 'Auth Level Grouping Attribute Root');
INSERT INTO RESOURCE_PROP (RESOURCE_PROP_ID, RESOURCE_ID, NAME, PROP_VALUE) VALUES ('AUTH_LVL_GRP_ATTR_PB', 'AUTH_LVL_GRP_ATTR', 'MENU_IS_PUBLIC', 'true');
INSERT INTO RESOURCE_PROP (RESOURCE_PROP_ID, RESOURCE_ID, NAME, PROP_VALUE) VALUES ('AUTH_LVL_GRP_ATTR_DN', 'AUTH_LVL_GRP_ATTR', 'MENU_DISPLAY_NAME', 'Auth Level Grouping Attribute Root');

INSERT INTO RES (RESOURCE_ID, RESOURCE_TYPE_ID, NAME, DESCRIPTION, URL) VALUES ('BACK_TO_AUTH_LVL', 'MENU_ITEM', 'BACK_TO_AUTH_LVL', 'Back to Grouping', '/webconsole-am/editAuthLevelGrouping.html');
INSERT INTO RESOURCE_PROP (RESOURCE_PROP_ID, RESOURCE_ID, NAME, PROP_VALUE) VALUES ('BACK_TO_AUTH_LVL_DN', 'BACK_TO_AUTH_LVL', 'MENU_DISPLAY_NAME', 'Back to Grouping');
INSERT INTO RESOURCE_PROP (RESOURCE_PROP_ID, RESOURCE_ID, NAME, PROP_VALUE) VALUES ('BACK_TO_AUTH_LVL_PUB', 'BACK_TO_AUTH_LVL', 'MENU_IS_PUBLIC', 'true');

INSERT INTO res_to_res_membership (RESOURCE_ID, MEMBER_RESOURCE_ID) VALUES ('AUTH_LVL_GRP_ATTR', 'BACK_TO_AUTH_LVL');

INSERT INTO RES (RESOURCE_ID, RESOURCE_TYPE_ID, NAME, DESCRIPTION, URL) VALUES('AUTH_LEVEL_GRP', 'MENU_ITEM', 'AUTH_LEVEL_GRP', 'Authentication Levels', '/webconsole-am/authLevelGroupings.html');
INSERT INTO RESOURCE_PROP (RESOURCE_PROP_ID, RESOURCE_ID, NAME, PROP_VALUE) VALUES ('AUTH_LEVEL_GRP_PB', 'AUTH_LEVEL_GRP', 'MENU_IS_PUBLIC', 'true');
INSERT INTO RESOURCE_PROP (RESOURCE_PROP_ID, RESOURCE_ID, NAME, PROP_VALUE) VALUES ('AUTH_LEVEL_GRP_DN', 'AUTH_LEVEL_GRP', 'MENU_DISPLAY_NAME', 'Authentication Groupings');

INSERT INTO res_to_res_membership (RESOURCE_ID, MEMBER_RESOURCE_ID) VALUES ('ACC_CONTROL', 'AUTH_LEVEL_GRP');

DELETE FROM AUTH_LEVEL_ATTRIBUTE WHERE AUTH_LEVEL_GROUPING_ID IN('CERT_AUTH', 'KERB_AUTH');

DELETE FROM URI_AUTH_LEVEL_GRP_XREF WHERE AUTH_LEVEL_GROUPING_ID IN('CERT_AUTH', 'KERB_AUTH');
DELETE FROM CP_AUTH_LEVEL_GRP_XREF WHERE AUTH_LEVEL_GROUPING_ID IN('CERT_AUTH', 'KERB_AUTH');
DELETE FROM AUTH_LEVEL_GROUPING WHERE AUTH_LEVEL_GROUPING_ID IN('CERT_AUTH', 'KERB_AUTH');

DELETE FROM AUTH_LEVEL WHERE AUTH_LEVEL_ID IN('KERB_AUTH', 'CERT_AUTH');

INSERT INTO AUTH_LEVEL (AUTH_LEVEL_ID, AUTH_LEVEL_NAME, REQUIRES_AUTHENTICATION) VALUES('KERB_AUTH', 'Kerberos Authentication', 'Y');

INSERT INTO AUTH_LEVEL_GROUPING (AUTH_LEVEL_GROUPING_ID, AUTH_LEVEL_ID, NAME) VALUES('KERB_AUTH', 'KERB_AUTH', 'Kerberos Authentication');

ALTER TABLE RESOURCE_TYPE ADD IMAGE_TYPE NVARCHAR(16) NULL DEFAULT NULL;
GO

Declare @v_constraintname varchar(max)
set @v_constraintname ='ALTER TABLE RESOURCE_TYPE DROP CONSTRAINT '
set @v_constraintname = @v_constraintname + (select c_obj.name as CONSTRAINT_NAME
from sysobjects c_obj
join syscomments com on c_obj.id = com.id
join sysobjects t_obj on c_obj.parent_obj = t_obj.id 
join sysconstraints con on c_obj.id = con.constid
join syscolumns col on t_obj.id = col.id
and con.colid = col.colid
where
c_obj.uid = user_id()
and c_obj.xtype = 'D'
and t_obj.name='RESOURCE_TYPE' and col.name='URL')
exec(@v_constraintname)

ALTER TABLE RESOURCE_TYPE ALTER COLUMN URL NVARCHAR(MAX) NULL 
ALTER TABLE RESOURCE_TYPE ADD DEFAULT NULL FOR URL;

DELETE FROM ATTRIBUTE_MAP WHERE MANAGED_SYS_ID='113';
DELETE FROM MNG_SYS_OBJECT_MATCH WHERE MANAGED_SYS_ID = '113';
DELETE FROM MANAGED_SYS WHERE MANAGED_SYS_ID = '113';
DELETE FROM RESOURCE_PROP WHERE RESOURCE_ID = '113';
DELETE FROM RES WHERE RESOURCE_ID = '113';
DELETE FROM RES WHERE RESOURCE_ID = '112';

DELETE FROM PROVISION_CONNECTOR WHERE CONNECTOR_ID = '61';

DELETE FROM RECON_RES_ATTR_MAP WHERE RECON_RES_ATTR_MAP_ID='65';
DELETE FROM RECON_RES_ATTR_MAP WHERE RECON_RES_ATTR_MAP_ID='66';
DELETE FROM RECON_RES_ATTR_MAP WHERE RECON_RES_ATTR_MAP_ID='67';
DELETE FROM RECON_RES_ATTR_MAP WHERE RECON_RES_ATTR_MAP_ID='68';
DELETE FROM RECON_RES_ATTR_MAP WHERE RECON_RES_ATTR_MAP_ID='69';
DELETE FROM RECON_RES_ATTR_MAP WHERE RECON_RES_ATTR_MAP_ID='70';
DELETE FROM RECON_RES_ATTR_MAP WHERE RECON_RES_ATTR_MAP_ID='71';
DELETE FROM RECON_RES_ATTR_MAP WHERE RECON_RES_ATTR_MAP_ID='72';
DELETE FROM RECON_RES_ATTR_MAP WHERE RECON_RES_ATTR_MAP_ID='73';
DELETE FROM RECON_RES_ATTR_MAP WHERE RECON_RES_ATTR_MAP_ID='74';
DELETE FROM POLICY WHERE POLICY_ID = '4660';
DELETE FROM POLICY WHERE POLICY_ID = '4661';
DELETE FROM POLICY WHERE POLICY_ID = '4662';
DELETE FROM POLICY WHERE POLICY_ID = '4663';

INSERT INTO POLICY (POLICY_ID,POLICY_DEF_ID,NAME,DESCRIPTION,STATUS,CREATE_DATE,CREATED_BY,RULE_SRC_URL,RULE_TEXT) VALUES ('4660','104','userCreateDate','userCreateDate',1,CURRENT_TIMESTAMP,'3000','provision/userCreateDate.groovy','');
INSERT INTO POLICY (POLICY_ID,POLICY_DEF_ID,NAME,DESCRIPTION,STATUS,CREATE_DATE,CREATED_BY,RULE_SRC_URL,RULE_TEXT) VALUES ('4661','104','userCreateDate','userCreateDate',1,CURRENT_TIMESTAMP,'3000','provision/ext_phone.groovy','');
INSERT INTO POLICY (POLICY_ID,POLICY_DEF_ID,NAME,DESCRIPTION,STATUS,CREATE_DATE,CREATED_BY,RULE_SRC_URL,RULE_TEXT) VALUES ('4662','104','userCreateDate','userCreateDate',1,CURRENT_TIMESTAMP,'3000','provision/nmb_phone.groovy','');
INSERT INTO POLICY (POLICY_ID,POLICY_DEF_ID,NAME,DESCRIPTION,STATUS,CREATE_DATE,CREATED_BY,RULE_SRC_URL,RULE_TEXT) VALUES ('4663','104','appTableGroups','Groups for AppTable connector',1,CURRENT_TIMESTAMP,'3000','provision/appTableGroup.groovy','');

--LOGIN
INSERT INTO RECON_RES_ATTR_MAP (RECON_RES_ATTR_MAP_ID,ATTR_POLICY_ID) VALUES (65,4562);
--PASSWORD
INSERT INTO RECON_RES_ATTR_MAP (RECON_RES_ATTR_MAP_ID,ATTR_POLICY_ID) VALUES (66,4509);
--FIRST_NAME
INSERT INTO RECON_RES_ATTR_MAP (RECON_RES_ATTR_MAP_ID,ATTR_POLICY_ID) VALUES (67,4601);
--LAST_NAME_NAME
INSERT INTO RECON_RES_ATTR_MAP (RECON_RES_ATTR_MAP_ID,ATTR_POLICY_ID) VALUES (68,4602);
--EMPLOYEE_ID
INSERT INTO RECON_RES_ATTR_MAP (RECON_RES_ATTR_MAP_ID,ATTR_POLICY_ID) VALUES (69,4543);
--DOB
INSERT INTO RECON_RES_ATTR_MAP (RECON_RES_ATTR_MAP_ID,ATTR_POLICY_ID) VALUES (70,4541);
--CREATE_DATE
INSERT INTO RECON_RES_ATTR_MAP (RECON_RES_ATTR_MAP_ID,ATTR_POLICY_ID) VALUES (71,4660);
--PHONE_EXT
INSERT INTO RECON_RES_ATTR_MAP (RECON_RES_ATTR_MAP_ID,ATTR_POLICY_ID) VALUES (72,4661);
--PHONE_NMB
INSERT INTO RECON_RES_ATTR_MAP (RECON_RES_ATTR_MAP_ID,ATTR_POLICY_ID) VALUES (73,4662);
--GROUPS
INSERT INTO RECON_RES_ATTR_MAP (RECON_RES_ATTR_MAP_ID,ATTR_POLICY_ID) VALUES (74,4663);

--ADMINRESOURCE
INSERT INTO RES (RESOURCE_ID,RESOURCE_TYPE_ID,DESCRIPTION,NAME,DISPLAY_ORDER,URL,MIN_AUTH_LEVEL,IS_PUBLIC,ADMIN_RESOURCE_ID,RISK) VALUES ('112','ADMIN_RESOURCE',NULL,'RES_ADMIN_AppTable',NULL,NULL,NULL,'Y',NULL,NULL);

--RESOURCE_
INSERT INTO RES (RESOURCE_ID,RESOURCE_TYPE_ID,DESCRIPTION,NAME,DISPLAY_ORDER,URL,MIN_AUTH_LEVEL,IS_PUBLIC,ADMIN_RESOURCE_ID,RISK) VALUES ('113','MANAGED_SYS',NULL,'AppTableMSys',NULL,NULL,NULL,'N',112,NULL);

--RESOURCE_PROP
INSERT INTO RESOURCE_PROP (RESOURCE_PROP_ID,RESOURCE_ID,METADATA_ID,NAME,PROP_VALUE,PROP_GROUP) VALUES ('113','113',NULL,'USER_TABLE','MY_USR_TABLE',NULL);
--RESOURCE_PROP
INSERT INTO RESOURCE_PROP (RESOURCE_PROP_ID,RESOURCE_ID,METADATA_ID,NAME,PROP_VALUE,PROP_GROUP) VALUES ('114','113',NULL,'GROUP_TABLE','MY_GRP_TABLE',NULL);
--RESOURCE_PROP
INSERT INTO RESOURCE_PROP (RESOURCE_PROP_ID,RESOURCE_ID,METADATA_ID,NAME,PROP_VALUE,PROP_GROUP) VALUES ('115','113',NULL,'USER_GROUP_MEMBERSHIP','USR_GRP_MBR',NULL);
--RESOURCE_PROP
INSERT INTO RESOURCE_PROP (RESOURCE_PROP_ID,RESOURCE_ID,METADATA_ID,NAME,PROP_VALUE,PROP_GROUP) VALUES ('116','113',NULL,'USER_GROUP_MEMBERSHIP_GRP_ID','GRP_ID',NULL);
--RESOURCE_PROP
INSERT INTO RESOURCE_PROP (RESOURCE_PROP_ID,RESOURCE_ID,METADATA_ID,NAME,PROP_VALUE,PROP_GROUP) VALUES ('117','113',NULL,'USER_GROUP_MEMBERSHIP_USR_ID','USR_ID',NULL);

--CONENCTOR
INSERT INTO PROVISION_CONNECTOR (CONNECTOR_ID,NAME,CLIENT_COMM_PROTOCOL, SERVICE_URL,SERVICE_NAMESPACE,SERVICE_PORT,CONNECTOR_INTERFACE) VALUES ('61','AppTableConnector','CLEAR','localhost:9080/openiam-esb/idmsrvc/ApplicationTablesConnector','http://www.openiam.org/service/connector','NA','LOCAL');


--MSYS
INSERT INTO MANAGED_SYS (MANAGED_SYS_ID,NAME,DESCRIPTION,STATUS,CONNECTOR_ID,HOST_URL,APPL_URL,PORT,COMM_PROTOCOL,USER_ID,PSWD,START_DATE,END_DATE,RESOURCE_ID,PRIMARY_REPOSITORY,SECONDARY_REPOSITORY_ID,ALWAYS_UPDATE_SECONDARY,RES_DEPENDENCY,ADD_HNDLR,MODIFY_HNDLR,DELETE_HNDLR,SETPASS_HNDLR,SUSPEND_HNDLR,SEARCH_HNDLR,LOOKUP_HNDLR,TEST_CONNECTION_HNDLR,RECONCILE_RESOURCE_HNDLR,HNDLR_5,DRIVER_URL,CONNECTION_STRING,ATTRIBUTE_NAMES_LOOKUP,ATTRIBUTE_NAMES_HNDLR) VALUES (113,'AppTableMSys',NULL,'ACTIVE',61,NULL,NULL,NULL,'CLEAR','root',NULL,NULL,NULL,113,0,NULL,0,NULL,NULL,NULL,NULL,NULL,NULL,NULL,NULL,NULL,NULL,NULL,'com.mysql.jdbc.Driver','jdbc:mysql://localhost/test',NULL,NULL);

UPDATE MANAGED_SYS SET SEARCH_HNDLR='GROUP=GRP_ID,GRP_NAME;' WHERE MANAGED_SYS_ID = '113';

INSERT INTO ATTRIBUTE_MAP (ATTRIBUTE_MAP_ID,MANAGED_SYS_ID,RESOURCE_ID,MAP_FOR_OBJECT_TYPE,ATTRIBUTE_NAME,TARGET_ATTRIBUTE_NAME,AUTHORITATIVE_SRC,ATTRIBUTE_POLICY_ID,RULE_TEXT,STATUS,START_DATE,END_DATE,STORE_IN_IAMDB,DATA_TYPE,DEFAULT_VALUE,SYNCH_CONFIG_ID) VALUES (612,113,113,'PRINCIPAL','LOGIN_ID',NULL,NULL,65,NULL,'ACTIVE',NULL,NULL,NULL,'STRING',NULL,NULL);

INSERT INTO ATTRIBUTE_MAP
(ATTRIBUTE_MAP_ID,MANAGED_SYS_ID,RESOURCE_ID,MAP_FOR_OBJECT_TYPE,ATTRIBUTE_NAME,TARGET_ATTRIBUTE_NAME,AUTHORITATIVE_SRC,ATTRIBUTE_POLICY_ID,RULE_TEXT,STATUS,START_DATE,END_DATE,STORE_IN_IAMDB,DATA_TYPE,DEFAULT_VALUE,SYNCH_CONFIG_ID) VALUES (613,113,113,'USER','USER_PASSWORD',NULL,NULL,66,NULL,'ACTIVE',NULL,NULL,NULL,'STRING',NULL,NULL);

INSERT INTO ATTRIBUTE_MAP
(ATTRIBUTE_MAP_ID,MANAGED_SYS_ID,RESOURCE_ID,MAP_FOR_OBJECT_TYPE,ATTRIBUTE_NAME,TARGET_ATTRIBUTE_NAME,AUTHORITATIVE_SRC,ATTRIBUTE_POLICY_ID,RULE_TEXT,STATUS,START_DATE,END_DATE,STORE_IN_IAMDB,DATA_TYPE,DEFAULT_VALUE,SYNCH_CONFIG_ID) VALUES (614,113,113,'USER','FIRST_NAME',NULL,NULL,67,NULL,'ACTIVE',NULL,NULL,NULL,'STRING',NULL,NULL);

INSERT INTO ATTRIBUTE_MAP
(ATTRIBUTE_MAP_ID,MANAGED_SYS_ID,RESOURCE_ID,MAP_FOR_OBJECT_TYPE,ATTRIBUTE_NAME,TARGET_ATTRIBUTE_NAME,AUTHORITATIVE_SRC,ATTRIBUTE_POLICY_ID,RULE_TEXT,STATUS,START_DATE,END_DATE,STORE_IN_IAMDB,DATA_TYPE,DEFAULT_VALUE,SYNCH_CONFIG_ID) VALUES (615,113,113,'USER','LAST_NAME',NULL,NULL,68,NULL,'ACTIVE',NULL,NULL,NULL,'STRING',NULL,NULL);

INSERT INTO ATTRIBUTE_MAP
(ATTRIBUTE_MAP_ID,MANAGED_SYS_ID,RESOURCE_ID,MAP_FOR_OBJECT_TYPE,ATTRIBUTE_NAME,TARGET_ATTRIBUTE_NAME,AUTHORITATIVE_SRC,ATTRIBUTE_POLICY_ID,RULE_TEXT,STATUS,START_DATE,END_DATE,STORE_IN_IAMDB,DATA_TYPE,DEFAULT_VALUE,SYNCH_CONFIG_ID) VALUES (616,113,113,'USER','EMPLOYEE_ID',NULL,NULL,69,NULL,'ACTIVE',NULL,NULL,NULL,'STRING',NULL,NULL);

INSERT INTO ATTRIBUTE_MAP
(ATTRIBUTE_MAP_ID,MANAGED_SYS_ID,RESOURCE_ID,MAP_FOR_OBJECT_TYPE,ATTRIBUTE_NAME,TARGET_ATTRIBUTE_NAME,AUTHORITATIVE_SRC,ATTRIBUTE_POLICY_ID,RULE_TEXT,STATUS,START_DATE,END_DATE,STORE_IN_IAMDB,DATA_TYPE,DEFAULT_VALUE,SYNCH_CONFIG_ID) VALUES (617,113,113,'USER','DOB',NULL,NULL,70,NULL,'ACTIVE',NULL,NULL,NULL,'DATE',NULL,NULL);

INSERT INTO ATTRIBUTE_MAP
(ATTRIBUTE_MAP_ID,MANAGED_SYS_ID,RESOURCE_ID,MAP_FOR_OBJECT_TYPE,ATTRIBUTE_NAME,TARGET_ATTRIBUTE_NAME,AUTHORITATIVE_SRC,ATTRIBUTE_POLICY_ID,RULE_TEXT,STATUS,START_DATE,END_DATE,STORE_IN_IAMDB,DATA_TYPE,DEFAULT_VALUE,SYNCH_CONFIG_ID) VALUES (618,113,113,'USER','CREATE_DATE',NULL,NULL,71,NULL,'ACTIVE',NULL,NULL,NULL,'DATE',NULL,NULL);

INSERT INTO ATTRIBUTE_MAP
(ATTRIBUTE_MAP_ID,MANAGED_SYS_ID,RESOURCE_ID,MAP_FOR_OBJECT_TYPE,ATTRIBUTE_NAME,TARGET_ATTRIBUTE_NAME,AUTHORITATIVE_SRC,ATTRIBUTE_POLICY_ID,RULE_TEXT,STATUS,START_DATE,END_DATE,STORE_IN_IAMDB,DATA_TYPE,DEFAULT_VALUE,SYNCH_CONFIG_ID) VALUES (619,113,113,'USER','PHONE_EXT',NULL,NULL,72,NULL,'ACTIVE',NULL,NULL,NULL,'INT',NULL,NULL);

INSERT INTO ATTRIBUTE_MAP
(ATTRIBUTE_MAP_ID,MANAGED_SYS_ID,RESOURCE_ID,MAP_FOR_OBJECT_TYPE,ATTRIBUTE_NAME,TARGET_ATTRIBUTE_NAME,AUTHORITATIVE_SRC,ATTRIBUTE_POLICY_ID,RULE_TEXT,STATUS,START_DATE,END_DATE,STORE_IN_IAMDB,DATA_TYPE,DEFAULT_VALUE,SYNCH_CONFIG_ID) VALUES (620,113,113,'USER','PHONE_NBR',NULL,NULL,73,NULL,'ACTIVE',NULL,NULL,NULL,'STRING',NULL,NULL);

INSERT INTO ATTRIBUTE_MAP
(ATTRIBUTE_MAP_ID,MANAGED_SYS_ID,RESOURCE_ID,MAP_FOR_OBJECT_TYPE,ATTRIBUTE_NAME,TARGET_ATTRIBUTE_NAME,AUTHORITATIVE_SRC,ATTRIBUTE_POLICY_ID,RULE_TEXT,STATUS,START_DATE,END_DATE,STORE_IN_IAMDB,DATA_TYPE,DEFAULT_VALUE,SYNCH_CONFIG_ID) VALUES (623,113,113,'GROUP','GRP_ID',NULL,NULL,74,NULL,'ACTIVE',NULL,NULL,NULL,'STRING',NULL,NULL);

UPDATE RESOURCE_TYPE SET
	URL='iVBORw0KGgoAAAANSUhEUgAAABAAAAAQCAYAAAAf8/9hAAAABmJLR0QA/wD/AP+gvaeTAAAACXBIWXMAAA3XAAAN1wFCKJt4AAAAB3RJTUUH3gEHFCs3kbWVPAAAAwRJREFUOMuFk19IW3cUxz/3xuTGpJ1Y0WUxf2B1NtsQBMvWZA+DInvoHpywFxm0T0JfOgp7kL0WWtjYw9Y99N2NgnuRCUMwOofGmXQT3MJdiEbRmpCIayq5We69v1+Su4cRkbGy79P5Hs73C4fzPfACJJPJW5VKxSyXy2Yqlbr3ojn1PJmbm5vu1O12e6y/v9/b19fndbvdVzv9paWlm//ptLm5+bMQwtna2krl8/njRqPhGIbhGIbhmKbpFAoFc3t7+wfLspyDg4PDjk4BmJ2dvT0xMfFISomqqrhcLqrVKnt7e7TbbcLhMMFgECklzWYTRVHIZrNfjY+P31U6TplMJh0Khd7WNI10Oo3X6yUajQIKpVKRk5MTEokEtm1zfHxcjMfjYYCujoGUckhKSS6XIxZ7HYDSye84OFy6dJlgcJBsNsvg4CBCiNDZChsbGx8JId4KBAIfq6rK6ekpFy/28mT/S67Fr+F2e/gls0bEGqHVUnEcjQuDb2CY5mNN0zZcU1NTv/b09CQURUFVVUBB31vBCszTclk8t/Y5ymzwwdXvWHxY5J13j8gsnxIaGR2xbft91bZthBBIKfH5fLRaLRqNBs+tP0kdrfPT4RoepYzLaTDxyVMCiQhK4w+EEAghUIUQX9RqtaSUEsuy6PZ6eTUQZ/9Jk7btot5wUzyUoMIrb55AVxeWDfV6PW0YxiPlXECE3+93x2Ixcrk8hd08m/q3qF1NhvreY/TZ51y/Y/Lb2hiF+i0+nL7tAeTZFWq1WtLj8dzQdZ3h4WFUVeFK7D5ujxu/z0fpRy8t81MMc4DuYDgPyLMoz8/P34xGozc0TcPn81Eul4lEwgwNXSYaidDb24tzwU/TBLUJAwMDVxYXFx+cGUxOTn5jmmapu7ubdrtdVBSFWq1GpVKhXC5TrVbxB8LYf/0jEUJYy8vLn/37HZTV1dWHHbKysvJY13VH13VnfX09dfdlRp9973Fmp6/rMzMzPfwfFhYW7uzu7jo7OztOMpn8GuD+a76xl0A7P/c3vwJuLRaz1L8AAAAASUVORK5CYII=',
	IMAGE_TYPE='png'
WHERE RESOURCE_TYPE_ID='ADMIN_RESOURCE';

UPDATE RESOURCE_TYPE SET
	URL='iVBORw0KGgoAAAANSUhEUgAAABAAAAAQCAYAAAAf8/9hAAAABGdBTUEAAK/INwWK6QAAAAZiS0dEAAAAAAAA+UO7fwAAAAlwSFlzAAAASAAAAEgARslrPgAAAAl2cEFnAAAAEAAAABAAXMatwwAAAuBJREFUOMulU11IU2EYfr5zzuYwp+Yf+ZPOKObyl1lmEV4kZt1EijECgyikuyIiiFC68aYfoug2kO66kYqgFIPyN9GT29BUjrjppnNz/5uenblz9nVhLaxLX3hvXt7n4eF53pdQSrGf4gDAZLoF8q5PX1Ce22loLG3Vnyg75lxyL80MCV9si56H2f+AmN/dR+kuAQAYazPvVd+50bWTXg51fgzNl4MnGxsCxlcPRG8aJVGqJJOUEkpAIEYTwa1Y7H1KAQBsSFls9o4BsSCBw3UALs8R5Gkn2N6Breccy4JQCioTsBxBYHkHb7oD/QA6OACglJYpZ9qN9mU3aqoqoNVqQBgWgXgPhMVrqNfZEFoFuDRgcxVITwcSW4w/paC62vDteFWlzsybsb0dQUvLaYyO8giGvNjkD4tvP3sfSV7JrlHk/GAMvAYoiyLZnyKQpNicmuN0pxrrkZenhSSJqK2twPDwJHKbe9Tr2RbjqtnyIelyLGmUOBIOG6+K+FKGYm1to8/r9UCl0gAgCIXCkKQYJCkOjYZwrRearl65bporbWl5Ga80HpLOt+1JBNvb0se5ufn+UMgPUUxgfd2P5eVVWK0/x6anf1idjhUUFxaoOy613j7bUDdNCCnZQwAg4XR6unh+ZkwQFkGpAq02Ezpd8Q7PzzeMjEw9Gxr6OhEMBlBZqS/Jysxoky+asCdGgAbtdleTx+O/GYlEnlRVVR+sqTGcEwR7p88Xuu/3hzmfL/CU41RuSYoProjRvwo4TgUAYFmGimL8tcUimKxWSyIjQ4u6OkMvgByOY2WfL3zX7fY+VhRFGB/+9JdgfHwQKpUahBAwDIEsK0MOx8aAICxBrz9aWFRU0C3LCmFZBizL/nfWWFuzYWHBvDtgGBAC+P3RdrPZKsiyjJycrFZCCEmBGAYMw+wxERbLd8zOTiESCQEACCFyOBx7MTIyuRgIRHgAyT/gzU0Xksnk7t5+3/kXA01Zlqy1T94AAAAldEVYdGNyZWF0ZS1kYXRlADIwMDktMTEtMTVUMTY6MDg6NDEtMDc6MDAkruHgAAAAJXRFWHRkYXRlOmNyZWF0ZQAyMDEwLTAxLTExVDA5OjE4OjM2LTA3OjAwd0j55AAAACV0RVh0ZGF0ZTptb2RpZnkAMjAxMC0wMS0xMVQwOToxODozNi0wNzowMAYVQVgAAAA1dEVYdExpY2Vuc2UAaHR0cDovL2NyZWF0aXZlY29tbW9ucy5vcmcvbGljZW5zZXMvTEdQTC8yLjEvO8G0GAAAACV0RVh0bW9kaWZ5LWRhdGUAMjAwOS0xMS0xNVQxNjowODo0MS0wNzowMHsfl9QAAAAZdEVYdFNvZnR3YXJlAEFkb2JlIEltYWdlUmVhZHlxyWU8AAAADXRFWHRTb3VyY2UATnV2b2xhrE818QAAADR0RVh0U291cmNlX1VSTABodHRwOi8vd3d3Lmljb24ta2luZy5jb20vcHJvamVjdHMvbnV2b2xhL3Y9tFIAAAAASUVORK5CYII=',
	IMAGE_TYPE='png'
WHERE RESOURCE_TYPE_ID='AUTH_PROVIDER';


UPDATE RESOURCE_TYPE SET
	URL='iVBORw0KGgoAAAANSUhEUgAAABAAAAAQCAYAAAAf8/9hAAAKPWlDQ1BpY2MAAHjanVNnVFPpFj333vRCS4iAlEtvUhUIIFJCi4AUkSYqIQkQSoghodkVUcERRUUEG8igiAOOjoCMFVEsDIoK2AfkIaKOg6OIisr74Xuja9a89+bN/rXXPues852zzwfACAyWSDNRNYAMqUIeEeCDx8TG4eQuQIEKJHAAEAizZCFz/SMBAPh+PDwrIsAHvgABeNMLCADATZvAMByH/w/qQplcAYCEAcB0kThLCIAUAEB6jkKmAEBGAYCdmCZTAKAEAGDLY2LjAFAtAGAnf+bTAICd+Jl7AQBblCEVAaCRACATZYhEAGg7AKzPVopFAFgwABRmS8Q5ANgtADBJV2ZIALC3AMDOEAuyAAgMADBRiIUpAAR7AGDIIyN4AISZABRG8lc88SuuEOcqAAB4mbI8uSQ5RYFbCC1xB1dXLh4ozkkXKxQ2YQJhmkAuwnmZGTKBNA/g88wAAKCRFRHgg/P9eM4Ors7ONo62Dl8t6r8G/yJiYuP+5c+rcEAAAOF0ftH+LC+zGoA7BoBt/qIl7gRoXgugdfeLZrIPQLUAoOnaV/Nw+H48PEWhkLnZ2eXk5NhKxEJbYcpXff5nwl/AV/1s+X48/Pf14L7iJIEyXYFHBPjgwsz0TKUcz5IJhGLc5o9H/LcL//wd0yLESWK5WCoU41EScY5EmozzMqUiiUKSKcUl0v9k4t8s+wM+3zUAsGo+AXuRLahdYwP2SycQWHTA4vcAAPK7b8HUKAgDgGiD4c93/+8//UegJQCAZkmScQAAXkQkLlTKsz/HCAAARKCBKrBBG/TBGCzABhzBBdzBC/xgNoRCJMTCQhBCCmSAHHJgKayCQiiGzbAdKmAv1EAdNMBRaIaTcA4uwlW4Dj1wD/phCJ7BKLyBCQRByAgTYSHaiAFiilgjjggXmYX4IcFIBBKLJCDJiBRRIkuRNUgxUopUIFVIHfI9cgI5h1xGupE7yAAygvyGvEcxlIGyUT3UDLVDuag3GoRGogvQZHQxmo8WoJvQcrQaPYw2oefQq2gP2o8+Q8cwwOgYBzPEbDAuxsNCsTgsCZNjy7EirAyrxhqwVqwDu4n1Y8+xdwQSgUXACTYEd0IgYR5BSFhMWE7YSKggHCQ0EdoJNwkDhFHCJyKTqEu0JroR+cQYYjIxh1hILCPWEo8TLxB7iEPENyQSiUMyJ7mQAkmxpFTSEtJG0m5SI+ksqZs0SBojk8naZGuyBzmULCAryIXkneTD5DPkG+Qh8lsKnWJAcaT4U+IoUspqShnlEOU05QZlmDJBVaOaUt2ooVQRNY9aQq2htlKvUYeoEzR1mjnNgxZJS6WtopXTGmgXaPdpr+h0uhHdlR5Ol9BX0svpR+iX6AP0dwwNhhWDx4hnKBmbGAcYZxl3GK+YTKYZ04sZx1QwNzHrmOeZD5lvVVgqtip8FZHKCpVKlSaVGyovVKmqpqreqgtV81XLVI+pXlN9rkZVM1PjqQnUlqtVqp1Q61MbU2epO6iHqmeob1Q/pH5Z/YkGWcNMw09DpFGgsV/jvMYgC2MZs3gsIWsNq4Z1gTXEJrHN2Xx2KruY/R27iz2qqaE5QzNKM1ezUvOUZj8H45hx+Jx0TgnnKKeX836K3hTvKeIpG6Y0TLkxZVxrqpaXllirSKtRq0frvTau7aedpr1Fu1n7gQ5Bx0onXCdHZ4/OBZ3nU9lT3acKpxZNPTr1ri6qa6UbobtEd79up+6Ynr5egJ5Mb6feeb3n+hx9L/1U/W36p/VHDFgGswwkBtsMzhg8xTVxbzwdL8fb8VFDXcNAQ6VhlWGX4YSRudE8o9VGjUYPjGnGXOMk423GbcajJgYmISZLTepN7ppSTbmmKaY7TDtMx83MzaLN1pk1mz0x1zLnm+eb15vft2BaeFostqi2uGVJsuRaplnutrxuhVo5WaVYVVpds0atna0l1rutu6cRp7lOk06rntZnw7Dxtsm2qbcZsOXYBtuutm22fWFnYhdnt8Wuw+6TvZN9un2N/T0HDYfZDqsdWh1+c7RyFDpWOt6azpzuP33F9JbpL2dYzxDP2DPjthPLKcRpnVOb00dnF2e5c4PziIuJS4LLLpc+Lpsbxt3IveRKdPVxXeF60vWdm7Obwu2o26/uNu5p7ofcn8w0nymeWTNz0MPIQ+BR5dE/C5+VMGvfrH5PQ0+BZ7XnIy9jL5FXrdewt6V3qvdh7xc+9j5yn+M+4zw33jLeWV/MN8C3yLfLT8Nvnl+F30N/I/9k/3r/0QCngCUBZwOJgUGBWwL7+Hp8Ib+OPzrbZfay2e1BjKC5QRVBj4KtguXBrSFoyOyQrSH355jOkc5pDoVQfujW0Adh5mGLw34MJ4WHhVeGP45wiFga0TGXNXfR3ENz30T6RJZE3ptnMU85ry1KNSo+qi5qPNo3ujS6P8YuZlnM1VidWElsSxw5LiquNm5svt/87fOH4p3iC+N7F5gvyF1weaHOwvSFpxapLhIsOpZATIhOOJTwQRAqqBaMJfITdyWOCnnCHcJnIi/RNtGI2ENcKh5O8kgqTXqS7JG8NXkkxTOlLOW5hCepkLxMDUzdmzqeFpp2IG0yPTq9MYOSkZBxQqohTZO2Z+pn5mZ2y6xlhbL+xW6Lty8elQfJa7OQrAVZLQq2QqboVFoo1yoHsmdlV2a/zYnKOZarnivN7cyzytuQN5zvn//tEsIS4ZK2pYZLVy0dWOa9rGo5sjxxedsK4xUFK4ZWBqw8uIq2Km3VT6vtV5eufr0mek1rgV7ByoLBtQFr6wtVCuWFfevc1+1dT1gvWd+1YfqGnRs+FYmKrhTbF5cVf9go3HjlG4dvyr+Z3JS0qavEuWTPZtJm6ebeLZ5bDpaql+aXDm4N2dq0Dd9WtO319kXbL5fNKNu7g7ZDuaO/PLi8ZafJzs07P1SkVPRU+lQ27tLdtWHX+G7R7ht7vPY07NXbW7z3/T7JvttVAVVN1WbVZftJ+7P3P66Jqun4lvttXa1ObXHtxwPSA/0HIw6217nU1R3SPVRSj9Yr60cOxx++/p3vdy0NNg1VjZzG4iNwRHnk6fcJ3/ceDTradox7rOEH0x92HWcdL2pCmvKaRptTmvtbYlu6T8w+0dbq3nr8R9sfD5w0PFl5SvNUyWna6YLTk2fyz4ydlZ19fi753GDborZ752PO32oPb++6EHTh0kX/i+c7vDvOXPK4dPKy2+UTV7hXmq86X23qdOo8/pPTT8e7nLuarrlca7nuer21e2b36RueN87d9L158Rb/1tWeOT3dvfN6b/fF9/XfFt1+cif9zsu72Xcn7q28T7xf9EDtQdlD3YfVP1v+3Njv3H9qwHeg89HcR/cGhYPP/pH1jw9DBY+Zj8uGDYbrnjg+OTniP3L96fynQ89kzyaeF/6i/suuFxYvfvjV69fO0ZjRoZfyl5O/bXyl/erA6xmv28bCxh6+yXgzMV70VvvtwXfcdx3vo98PT+R8IH8o/2j5sfVT0Kf7kxmTk/8EA5jz/Dou+7MAAAAGYktHRAD/AP8A/6C9p5MAAAAJcEhZcwAACxMAAAsTAQCanBgAAAAHdElNRQfeAQcUARBb1Ox/AAADE0lEQVQ4y22T3WubZRjGf8/zvPlom7RNwpK2KxPp3OZsZYy2fmCdTIdYlR04j/RgRx4Kng088dB/QHswD9WCiDCrIDgMFMeULptt7cRkznY1aVJJsywx70fe9709sI0gXufXdf1uuC/Ff1Qslh7XWp2LRCJPeJ53RER0LBYre173hh/4Vx89ceJH/k/FYun46tralcrOTmDbtvi+L0EQSBAE4vu+OI4j1WpNVtfW82sbt2cPfAqgVLrzWHmnsjx+eDwdjUbwgwAJQ5RoMEAIWiuMMYgIW/e23GRi6KVTp6byFsDq+vqHY2Oj6Xq9ju+HGKNQSqHUQYcgAiKCUYq+/oHY75t3LwNHLYDGXuOpVDpD5682Rmu0Niij0Urt2wERAhEkFOL9fYjIBIAFYNt298/dWsT3fYwxWMbCGI3SGqXYbw8JQiEMAmzHptlsSi9geHhI1Wq7pFIphAAERDTaGPbvoNuxiXZKWCbCXt2mb/QYABrAcRyVTCTwPJfBgQGGUynSmQypdIZ0JkMmk0HK9zg/9z6bVxaZn71F+fqy6hH0JxKyU6niuQ5Ga4aHhVYrIJkcQFsGu92h3/yCkQ4XLlUYmZ4jt/THvwQaZR2deJhabZfl76+hjMVILkvXcbHbHQYHB7GdFGg4PLUHlkXHEXoEjUaj1Wzq9PT0aZTS3Cn+irY0ruODCH0DMRyd49vLCc6943Hji2t0s6+E8OU/ARu3N269PD///NJXX6PQXLz4Jrlcjmq1BkFIJnuIdqvNJ+/lOWvnedDJUu1KsUdw9rkzC4VCYfbZuWeSrufy3dU88f44ruuDFuKxGK7r8tDJk/h2nk6zLccfmfig98phGOZWVlZe/3Txs3cFPXLhtfNkD2V50LpPGEIymaR5v8HS4sdceuMjfvrhye2Zt745E4/Ht639TdRnZmY+n5yc3C7cvPlqpVx+eq9eH2+1O7EwFIaGEp7nurunj02U/Bovbl7fK8y9HS9rrX11sKowDBUQBdLAWLfbHQ18f0hAGWNa0Wi0BpQXXpg6svBbu/Dz1pYD8DcBv3chtafXRwAAAABJRU5ErkJggg==',
	IMAGE_TYPE='png'
WHERE RESOURCE_TYPE_ID='AUTH_REPO';

UPDATE RESOURCE_TYPE SET
	URL='iVBORw0KGgoAAAANSUhEUgAAABAAAAAQCAYAAAAf8/9hAAAABGdBTUEAAK/INwWK6QAAAAZiS0dEAAAAAAAA+UO7fwAAAAlwSFlzAAAASAAAAEgARslrPgAAAAl2cEFnAAAAEAAAABAAXMatwwAAA5NJREFUOMtN0VtPm2UAB/D/877P+7R9Dz239KAM3zkKQ2EgQ6IZY2RbopuJJovxziujxktv/ACLiZ9Ar/RiyRLjhcsS1IsNt2RhgymsI2sLlHIorLTQc+nhPXphTPx9hR8BgKHZ75DJHLC5S2ffHD0bu/Fq1HPFLTtVjiOk29O3j8qte5ns4S+/3Vt7PjIY7T2++zX+Q9jgN7AqTcdHH09/cHUm8dXESOytgFeUHYwSSnkYhmlX6p2TzFZp9cGTze9v3f7zTo96Op30TQAAb7qnhdmZkWvvzw5/e340PinwlqPe6hDdMMGYAEI44mCU+T3SKUrpubZuv3yRSq/bjaQF2KDqK6FEf8z/hSLxg9ntfXQ1Ezxl6I8FwBMOpmUDIOB5injYqw7EQ1+q/fFUNm8+BwDOq7iul6vNqWR6l6xtHiNf7EKWJPQFPXA4GAghsG2g2zVgWiAeRZ6IhH1XIU0LAMCJLnZR0zQlt1dFLl9HvlAHIQSSU4DoYlAkF3ieR+uki0KxCl0zJUVyTcrBAQUAaCzkGRg+HeE5zsT6dh5rmTLKtTaSqTxmplSo/WFYFlCutfFkZRP5wgmpNttRyqgMoEIZo4YkOu1wUCSdTgNLyR1s5etYTu7CsmzE+/xotTU8+juHxWc5CFRC8bgGXe8AAKimaeuapideHpaF1dQBynUNpk3R6QKp7BEKpSZy6/tYW3gEn0PA6PkEmBBAYbdHPvv0Mfjo61cCjAnTT5MZ6dl6ERYEMIFCELh/R3o9xJ7OY666gHHVjbHLU4Zf6q1QXltUVdXiqWesbFjc6eN6Z9iwwCmyCK/bBa8ighACz8EWPlHSGJrrAz/5LrRiVm8vPUyPXbvxRrlWG+LLJ1JTcMolcMJwwOeOxcMeLhxUEPTJCEgUl5pZvBM10T0TwYmLwY0K71bH1OM2xL9WVv/gncFxu7izvO8L9GW9iihHQt5wPOxxhPwKF3TxeLuShsoZcAYo3GELTfcAaUASWgvzq9u3bv/AG40UoonrtlG6vyeK3mWXg9ugxCp6KgWblfYaicOUHm8eKRyVwYku2JIAt12FvLtXbGyVfucBoFVagT8+aSfGP6z9+uPna7puPriwdDcT3liEt1eFT2QhXmAMugO03TO6B6XjjRf5+Yfbh/cJ/iccO4PBkYsI+COY+Pkms1yO1xRJPHUu3veeLxK8YHsVWraxnzuqLizn8nd+2j3Y+QcjV4VtW4vPBAAAACV0RVh0ZGF0ZTpjcmVhdGUAMjAxMC0wMi0yM1QxODoxNDoxMy0wNzowMEqc8Q0AAAAldEVYdGRhdGU6bW9kaWZ5ADIwMTAtMDItMjNUMTg6MTQ6MTMtMDc6MDA7wUmxAAAANXRFWHRMaWNlbnNlAGh0dHA6Ly9jcmVhdGl2ZWNvbW1vbnMub3JnL2xpY2Vuc2VzL0xHUEwvMi4xLzvBtBgAAAAUdEVYdFNvdXJjZQBDcnlzdGFsIENsZWFy9eLnqAAAADp0RVh0U291cmNlX1VSTABodHRwOi8vY29tbW9ucy53aWtpbWVkaWEub3JnL3dpa2kvQ3J5c3RhbF9DbGVhcq++RWMAAAAASUVORK5CYII=',
	IMAGE_TYPE='png'
WHERE RESOURCE_TYPE_ID='CONTENT_PROVIDER';

UPDATE RESOURCE_TYPE SET
	URL='iVBORw0KGgoAAAANSUhEUgAAABAAAAAQCAYAAAAf8/9hAAAABmJLR0QAAAAAAAD5Q7t/AAAACXBIWXMAABuvAAAbrwFeGpEcAAAACXZwQWcAAAAQAAAAEABcxq3DAAADNElEQVQ4y3VTT0wjdRh9M79fpm1KaaEUisSCXQo1xPXg7kq4GZaEcFADBy0BEgGDid49qOFi1uwJE0P8E0Ig2VSSDZJoohgIK3qpyga3ON2lsN1ZCG1lGNpu0+nMr52OB6U2Ub/L917yve/wvfdx+J9aXV291tXV9SbHcdjb2/siFAr9+l9zfC2ZmJjw+nw+AIBhGP2BQGC6s7NzmhByHQDa2towOzvrrdVwF2B+fv6VoaGhFVEUb9lsNub3+0c9Ho8LAGRZzkqSFHa73ZampqbRSCTy+vDw8NfVLePj495oNFrM5XKmqqqmqqpmoVAwFUUxZVk2z8/PqziVSpnRaFQNhUJeAKAAsL29nR4ZGbnldrunGxoacKpkETs4hsYMMFYGTANBvxfNbidUVUUsFgtvbm6mqwuOjo5QLBbLuq4jfijhXjwFSil0VkKpXIGm6YhL99D/YgB2K4Gqqrosy3/dYG1t7arL5bouCMK7Ho/HufVzHE/UMnqf70BLox2/RBMQE2fI5PJodAgY7n8OmqblSqXSzWw2u8kXi8WZurq6G3a73WkYBnZ+l5CU82huboG7sQEv9fbgjVd7obEKftqJw2KxoL6+3ulwOG4UCoUZXlVVMMZQKpVQLpfx7Z27+GHnEAXNuLAT5yqH6OEpHh2fgud5MMbAGIOmaSB9fX2njLFjQsgLgiBYpGQGx3/kEQhcgsvpxI/3iwh/L0J69BBXnm1F7+V2KIryRJKkj9Lp9O1qDhYXFz8LBoMzmbyOdz5cQYuvG1euXkPZMPDb3R3IJw/x6ewoHDaCWCz2+dTU1FvVJPp8PlBKqa7rcNgIPnnvNficDBvf3Mad777CM+4KVj5+G92XngYhBIQQ2tHR8U8SJycnnxobG0vY7XYLpRSUUvA8X+0AwHEcTNOErus4OzvTFxYW/OFwOEkAYHd3N9/T0xNvbW19OZFIfKkoSsRqtQYEQbBWKhVkMpnc/v7+8snJyQOLxdIdiUQm5ubmIv/6rMHBwXZKKQ8AS0tLH4iiaIqiaC4vL78PAIQQfmBgoL1WQ2vJ+vr64wucSqW2Dg4OggCQTCa3/ra0srGx8bhW8yeDMIRDF0yzwwAAACV0RVh0Y3JlYXRlLWRhdGUAMjAwOS0xMS0xNVQxNzowMjozNC0wNzowMLbnjhIAAAAldEVYdGRhdGU6Y3JlYXRlADIwMTAtMDItMjBUMjM6MjY6MTgtMDc6MDBn7D1BAAAAJXRFWHRkYXRlOm1vZGlmeQAyMDEwLTAxLTExVDA5OjI0OjM1LTA3OjAwtCPdSgAAAGd0RVh0TGljZW5zZQBodHRwOi8vY3JlYXRpdmVjb21tb25zLm9yZy9saWNlbnNlcy9ieS1zYS8zLjAvIG9yIGh0dHA6Ly9jcmVhdGl2ZWNvbW1vbnMub3JnL2xpY2Vuc2VzL0xHUEwvMi4xL1uPPGMAAAAldEVYdG1vZGlmeS1kYXRlADIwMDktMDMtMTlUMTA6NTI6NTEtMDY6MDB/aP0GAAAAE3RFWHRTb3VyY2UAT3h5Z2VuIEljb25z7Biu6AAAACd0RVh0U291cmNlX1VSTABodHRwOi8vd3d3Lm94eWdlbi1pY29ucy5vcmcv7zeqywAAAABJRU5ErkJggg==',
	IMAGE_TYPE='png'
WHERE RESOURCE_TYPE_ID='MANAGED_SYS';

UPDATE RESOURCE_TYPE SET
	URL='iVBORw0KGgoAAAANSUhEUgAAABAAAAAQCAYAAAAf8/9hAAACrElEQVR4XoXTX0hTURwH8O+9XjfXJm2rKMgiSEYYEW1GOQT/PDTdq4T2ED1EBdVTj72UT4NMwoTAjB4kRBuOZM4pFBlS5CpiQ4OM0G1t15EpY3+8d7v3ns7dLkMk6QOXwz2H8z2/e+45DCEEDMOccblcx7mqKk5WFAUgBBUMQ/vZbC6Xm5ub84NqaWmBiud5QAuwkf8IBKZkUM6mJjidTjQ3N6O+vh4sUAop5gpFIgHYIkBOfZRKC9/0DI4crkufbGhozGQydlrM2Xw+3yQIgo1DGfGtimQ4wTDSVk4NBAgAhgZKCkgki7D7tGVxaekTtvF5X37goIkmNzE/nwPErDaZKbeKjD2p31AIwDLYDqn19Wwl4KZjP26dr4NUlKAiRIYgiChkM/C+WoAvJmJoWUC1mgmAM+3FCm+uqQSYDRxYjgFqqlFWBX4zgU0+BogZLMfTeP0mrnaXGc3AN55hoZFkRVtZgSRJiMcSePs+hHefwziwz0ortOLnnRNYvH4UX64cxOJlM+6eKgrlDQOOiaIoE00qlSIjIy/I48FBEolEyOjoKPmX50NPPrLQFAoFBdQav4bp4Aw2Nv6grbUVVqu1VNHw8NO82+2+1tHhuupyXbjh7uy87Xn4qJeDRq/Xo1gs4ms4DFEQ4HZ3libT/4729naEQqGNYDD4rKurC7IsQ6XT6aEFoBCNxpRkMolf8Tja2lphsVjUyWpl6kkFx3E6UBMTE+ju7oZ64ukJBwuqp+fSoUSS16XTaTp4ETabDQaDAbW1tTCZTDAajeq7CZrx8XE1ECzLAvfv9bqm/AHyoK9viw6s0AuzGggEopOTk1G6WnRsbCzq9XqTHo9nATvY7XbgnKPxO92QHwB0fr8fu+nv78dODocDKj0AFtTs7Cx2MzAwsO2CM5WAv/Vmfkv6rZhdAAAAAElFTkSuQmCC',
	IMAGE_TYPE='png'
WHERE RESOURCE_TYPE_ID='MENU_ITEM';

UPDATE RESOURCE_TYPE SET
	URL='iVBORw0KGgoAAAANSUhEUgAAABAAAAAQCAYAAAAf8/9hAAAABGdBTUEAALGPC/xhBQAAAAFzUkdCAK7OHOkAAAAgY0hSTQAAeiYAAICEAAD6AAAAgOgAAHUwAADqYAAAOpgAABdwnLpRPAAAAAZiS0dEAAAAAAAA+UO7fwAAAAlwSFlzAAAN1wAADdcBQiibeAAAAAl2cEFnAAAAEAAAABAAXMatwwAAAzlJREFUOMuNk11sU3UYxn89bUe3tZNuZSYDFjNYmKGLsOAUAku6zWxzcmNZwC1ZQoIxYhTjjVygGM2cNwZ0kY9NhRBogrKEmOk+KNtcaSUoS6zCNMRFA2vLuq6no+s5Zz2nf29ggYQLnqs3b/I8b/Lm98Bj5PP5dsTjcWV2dlbx+Xx199f53Z91bzt48P1yACHEo6aRkZFXAoFAB0AgEOjRdV0YhiGuXAkd7e///oiqZER6MS3+mb4lLvSf/wuwLZsHBgZ2plIpsbCwIKLRqNB1XWialstms7nh4SERjUXFUjYrQqGg2Lb1xWmgA1gBYAHIy8tzaZqGJElIksTg4CBLS0smi8XK6OgIbrebrKoip1J0dXV/4qn3nHtw3PRgCIfDoqioiBs3brKl5nnuJmbI5Qx+HBii2u1m+/YdyLJMRUXFSiAF8NHHHzxtCQaDW3Vdb3c4HMRiMTZUPkvo97Osq3YwOyOzeVMN1369SkXFOlavWS3OnjuTiESihxobG/f19fbdsqiq+nNxcbE1k8mIQnuhKSmnmNK7yM81czdeRuZOEZjM7PS28cvEZdP69ZWSoqjdSkbh+PEThyRVVYWmaSiKgsPuQFM1Uosyg5NjPLemg5rNmxi+dJmXGuqZCAQpLy83xaJRXvV6+6uqqr4ze73eoGEYqs1m2+JyuVAUjanrc7zVcB6zZKaqqhKXy8W1qyEKbPn09vZNXbz4w8lYNPr23NycsfzE8fFx4XQ6SSaT2O2FfHj4MHV1dTTUN+D3+ykrK6O0tJSWlhYJWKZIug/RHovFyvXJ30gk4+xqa8PpdNLa+jKRyAydnZ3U1tZSUlKC3+9/7WEAJYBIJGYL/zFJRlnk9X1vUFCQz/79bzI2OiY2bnQzPz+PYRhYrVY0TdMeCdi9e9fKZGr2aCI5L471nGCVaxWfdncxPjYumptbTJFI5Fh1dbUpHo/vTSQSba2trf0PB1iampoOpJX0U/9O/8faZ9bS3r6HwZ+G/n73wHsbzGYzsixfAPB4PKcfVzzT6TOn9urZpW/vpe9hLywkHP7zZs+XX70ApHkCmQCOfPH5yZQsN92+fWfim69PvQPIT2IG+B/FO35+VkPAygAAACV0RVh0Y3JlYXRlLWRhdGUAMjAwOS0xMS0xNVQxNzowMjozNC0wNzowMLbnjhIAAAAldEVYdGRhdGU6Y3JlYXRlADIwMTAtMDEtMTFUMDk6MjQ6MjQtMDc6MDCvo27cAAAAJXRFWHRkYXRlOm1vZGlmeQAyMDEwLTAxLTExVDA5OjI0OjI0LTA3OjAw3v7WYAAAAGd0RVh0TGljZW5zZQBodHRwOi8vY3JlYXRpdmVjb21tb25zLm9yZy9saWNlbnNlcy9ieS1zYS8zLjAvIG9yIGh0dHA6Ly9jcmVhdGl2ZWNvbW1vbnMub3JnL2xpY2Vuc2VzL0xHUEwvMi4xL1uPPGMAAAAldEVYdG1vZGlmeS1kYXRlADIwMDktMDgtMjdUMjE6NTE6MjYtMDY6MDAjJbvPAAAAE3RFWHRTb3VyY2UAT3h5Z2VuIEljb25z7Biu6AAAACd0RVh0U291cmNlX1VSTABodHRwOi8vd3d3Lm94eWdlbi1pY29ucy5vcmcv7zeqywAAAABJRU5ErkJggg==',
	IMAGE_TYPE='png'
WHERE RESOURCE_TYPE_ID='SYS_ACTION';

UPDATE RESOURCE_TYPE SET
	URL='iVBORw0KGgoAAAANSUhEUgAAABAAAAAQCAYAAAAf8/9hAAAABmJLR0QA/wD/AP+gvaeTAAACzklEQVQ4jW2SzWtUZxTGn3PezzuZmzvXj9rJwkqDJabFUkEjLmpW7TZdZNVdIZSu3PgHDNRFwEXXumlrC0qyN+4sqBmIIFgS+jGdhVSKA3FCm8lM733v+75dJBml+MDZnIfzOw+HQ9evL3+ZNRqfAUBtYsJkk5O6Vqvb+kRN2yTRxlhtjVVaKyWE4KJ3c0LIktj3ft7rb7bln8+fn+/v7MwBRGmaUp7nnOc5O5dzA8RGW7LWcpZlbK2l3ssClh+ifjS/IMS5IQHA2r27f71z8lTTaI1hpwMVAhozM6ifOAEhxLiYGduda6jbNpTR2OlP3ZcAkGVZTIzB3vIyZqan4bRG+ewZXp45g7cuXkRZljDGgJnhqyF85aCMBoKPDABSStre3MSpLMPwxQv8cuQo1vMZbPcLEBGklGBmAAALDWKGryp4XxwAhODjs7N42G6j53bRe/9XFILgRAQRwXuPGCMAoHIDDHf/QVU5BO8OAEqRTVPM3rqFp8eOY/DA4WTD4cNP5wFgHB8AmDWkVPDOIfgyyv0EkkajEQKAC198BaUUlFIoigJKqYPBfYB3QxRhBA0L790BQO4DnHMwxsB7jxDCODYRjUEEBUSgciWCLw4BgpKkBu/9eLuUEsYYGGNARDiUr/bgRgPoJEEMfh/Q7++ERt74W0nFQGQiUIxRO1cKEComZiEEMTNAgkBEVeUQqiK+Qv9P3//wXXvq7amzjx6tp61WKxz2t9bO/qTt3mWpFMryyF1+0/Di4qK2NvkgTdMkO5bNve4RcQkf4J179Qev68rVK3MLCwvbg93BjY2Nx59cvvTx/ZWVlW8P/dINZPnvCJVzCK6Icn5+XjabzQYRTbLkxffePf1154/ffuz83n0SY2x2u92rS0tL39y5c/ujtbV7n/tqnXUtRyRG5Qt64w1arRZvbW2NvdXV1QAgAsDGbXkpgKaBAAZ1/wNbDyS1Uv4WmAAAAABJRU5ErkJggg==',
	IMAGE_TYPE='png'
WHERE RESOURCE_TYPE_ID='UI_TEMPLATE';

UPDATE RESOURCE_TYPE SET
	URL='iVBORw0KGgoAAAANSUhEUgAAABAAAAAQCAYAAAAf8/9hAAACaElEQVR4Xo2SX2iSURjGn08/3UzFgqIV/VsZWIwgumkadaFB6yIyIaKrRjdrwVhEBN0UFBR0Ewi76aIRDAajXcTKvGlF1JWtGmZ+bjUK0TnTRv7ZdN93Tt974IBIQT94PO8R3+d4zvMqnHMQ/YPXHAACAFT8Hx8ejdwvqGbjfgCDW7dsvti9Y1unxWIBIYzBQQsHfYgajDNYFQXOdZ3s9Ln+XuX2vQfFs+G+jU6nE/9i9rOGY0cOo9lsgjAMA6NjE0i8nxlXXS6Hw+PxIBaLgU4nhUIhdHV1QZLNF9FoNDA5OQlFUeD3+7G0VIQCbLDQF+l0GsFgELquw+12i+Z2lpeXMT09jWg0ilqtBsYNEBYTBAIBJJNJVKtVeL1eZLPZvxpEIhEMDw+jUChAoly/eTdxqu/4IavVCkkul0M+nzPN9oKut1gowuOyo1z+BUI3OLTMHL5o83ERY+/R0Ik7t27E3C4XaE+PJMUYk6lIgXA4HBh5+DguMvf1HFz0+XxY7/GQAb0FSdSymeKlfyljXllZAVqHplQqYTGfh6qqsNvtsNlsQh0dHbQXar0mY8yUYQg7mS1BJ8tampEJ1bpuIDO/AG3uG6ZevGQfZxKv2g0IOokapCgqkVDxZxkHevbBu3snatXfZS01+6TdgHKlYZF3Jok3eDr1HN27touBev3mbfPqlaELABakAV9bW4OEDEiyJgMaHtk8MHDpcr1WjXMTaaB9SmYaMiYyW11dRb1eR6VSESuDlY2NTyxFzoQj2R8Lo2avLg6QUZ0Mn99jUfgQwDeBQ0ELnBlMS6fefc2kngH4zmWTyR/tFUquTUg3IAAAAABJRU5ErkJggg==',
	IMAGE_TYPE='png'
WHERE RESOURCE_TYPE_ID='UI_WIDGET';

UPDATE RESOURCE_TYPE SET
	URL='iVBORw0KGgoAAAANSUhEUgAAABAAAAAQCAYAAAAf8/9hAAACDElEQVR4XpWQP2gTYRjGn7sk9lIviZhBRLuJkw49apakawaRgDi7C0IWwUEKlW6SoVoXh6uDiUMTKmijaYvgkoBIlIB/eliHFtumFKElhFxyudzr970UE7DE+sDD8/ve93vf4zvFsiyq1WpoNpv4H2mahng8DmSzWWq1WuQ4DuULeU7mPPNRdXmfncvlCKZpygYXSqUS51+8XKLqwuxgnWfkLC+olMvsckX4iPzwbJrstQItz03x+dC8QIXQlVgM44YBXddhiDTGmWXyeX/Tgk/xY6RnQw/xHcTEjJSKAekn9T8c0vuMXheKsK/bEotDGBQ/oV6v066wzD73vXL/BvW+vKCv5p3D3q7M/hOi0SjCkQiCwVFERDKPMrNPnT0HTz2Bi/EErLm72C48wGkxI6XKt7quK1ksGOFk1jR8e/kQ26smIl4HShDoBnyYuHkNl69O4tP8NMLhMPzyZxSLRTQaDQwqqrk4b+/gzEQS6zsHIIXgFwsIAYAIdqeLZDIpeIjWl2aos7FE3fpbcrZWqLNZpPb3AtlrC7Q4c5sHVAyR6wHkOPxFQNjzmN12G2MXLkFq6IIx4zo+vnsN8no8qBAvgecKDmhg0T+0V31Flae3yPn5hjo/Fsn+/JzeP5mirWqV+6BjaHX+HjUO9qjnutT6tUGPH81y/dgL0uk0pVIpSiQmhRPMmUyGe78B5vckeH7oLeoAAAAASUVORK5CYII=',
	IMAGE_TYPE='png'
WHERE RESOURCE_TYPE_ID='URL_PATTERN';

ALTER TABLE RES DROP FK_RESOURCE_RESOURCE_TYPE;
DROP INDEX FK_RESOURCE_RESOURCE_TYPE ON RES;
ALTER TABLE RES ALTER COLUMN RESOURCE_TYPE_ID NVARCHAR(32) NOT NULL; 
ALTER TABLE RES ADD CONSTRAINT FK_RESOURCE_RESOURCE_TYPE FOREIGN KEY (RESOURCE_TYPE_ID ) REFERENCES RESOURCE_TYPE (RESOURCE_TYPE_ID);

UPDATE USERS SET LAST_NAME = 'user' WHERE ((USER_ID = '3000' OR USER_ID = '3001') AND (LAST_NAME = '' OR LAST_NAME IS NULL));
UPDATE USERS SET TYPE_ID = 'SystemAccount' WHERE (USER_ID IN ('3000','3001','0001','3006','3007','3008','3009','3010') AND TYPE_ID IS NULL);

IF EXISTS (SELECT * FROM information_schema.columns WHERE table_catalog='openiam' AND table_name = 'UI_FIELD_TEMPLATE_XREF' AND column_name = 'XREF_ID')
BEGIN
	ALTER TABLE UI_FIELD_TEMPLATE_XREF DROP COLUMN XREF_ID;
END;


ALTER TABLE UI_FIELD_TEMPLATE_XREF ADD XREF_ID NVARCHAR(32) NULL;
GO

DECLARE @xrefId INT = 1;
DECLARE @fieldId NVARCHAR(32);
DECLARE @templateId NVARCHAR(32);
DECLARE cur3 CURSOR FOR (SELECT UI_FIELD_ID, TEMPLATE_ID FROM UI_FIELD_TEMPLATE_XREF);
OPEN cur3;

FETCH NEXT FROM cur3 INTO @fieldId, @templateId;
WHILE @@FETCH_STATUS = 0
BEGIN
	IF (@fieldId IS NOT NULL) 
	BEGIN
		IF (@templateId IS NOT NULL) 
		BEGIN
			IF ((SELECT count(*) FROM UI_FIELD_TEMPLATE_XREF WHERE UI_FIELD_ID=@fieldId AND TEMPLATE_ID=@templateId AND XREF_ID IS NULL)=1) 
			BEGIN
				UPDATE UI_FIELD_TEMPLATE_XREF SET XREF_ID=@xrefId WHERE UI_FIELD_ID=@fieldId AND TEMPLATE_ID=@templateId;
				SET @xrefId = @xrefId + 1;
			END;
		END;
	END;
END
CLOSE cur3;

ALTER TABLE UI_FIELD_TEMPLATE_XREF ALTER COLUMN XREF_ID NVARCHAR(32) NOT NULL;
GO
ALTER TABLE UI_FIELD_TEMPLATE_XREF ADD PRIMARY KEY(XREF_ID);

DELETE  FROM MNG_SYS_OBJECT_MATCH WHERE MANAGED_SYS_ID = '104';
DELETE  FROM ATTRIBUTE_MAP WHERE MANAGED_SYS_ID = '104';
DELETE FROM RES WHERE RESOURCE_ID = '104';
DELETE FROM MANAGED_SYS WHERE CONNECTOR_ID = '62';
DELETE FROM PROVISION_CONNECTOR WHERE CONNECTOR_ID = '62';


INSERT INTO PROVISION_CONNECTOR (CONNECTOR_ID,NAME,METADATA_TYPE_ID,CLIENT_COMM_PROTOCOL,SERVICE_URL,SERVICE_NAMESPACE,SERVICE_PORT) VALUES ('62','Groovy Script CONNECTOR','SCRIPT_Connector','CLEAR','localhost:9080/openiam-esb/idmsrvc/ScriptConnectorService','http://www.openiam.org/service/connector','NA');

INSERT INTO RES (RESOURCE_ID,RESOURCE_TYPE_ID,DESCRIPTION,NAME,DISPLAY_ORDER,IS_PUBLIC) VALUES ('104','MANAGED_SYS','','Groovy Script Con',4,'Y');


INSERT INTO MANAGED_SYS (MANAGED_SYS_ID,NAME,DESCRIPTION,STATUS,CONNECTOR_ID,COMM_PROTOCOL,RESOURCE_ID,PRIMARY_REPOSITORY,ADD_HNDLR,MODIFY_HNDLR,DELETE_HNDLR,SEARCH_HNDLR,LOOKUP_HNDLR,TEST_CONNECTION_HNDLR)
VALUES 
('104','Script_CONNECTOR','Groovy script connector','ACTIVE','62','CLEAR', '104','0','example/AddScriptConnector.groovy','example/ModifyScriptConnector.groovy','example/DeleteScriptConnector.groovy','example/SearchScriptConnector.groovy','example/LookupScriptConnector.groovy','example/TestScriptConnector.groovy');

INSERT INTO ATTRIBUTE_MAP 
(ATTRIBUTE_MAP_ID,MANAGED_SYS_ID,RESOURCE_ID,MAP_FOR_OBJECT_TYPE,ATTRIBUTE_NAME,AUTHORITATIVE_SRC,ATTRIBUTE_POLICY_ID,STATUS,DATA_TYPE)
VALUES 
('621','104','104','PRINCIPAL','principal',0,'26','ACTIVE','STRING'),('622','104','104','USER','firstname',0,'27','ACTIVE','STRING');

DELETE FROM UI_FIELD_TEMPLATE_XREF WHERE UI_FIELD_ID IN('USER_PHONES_REQUIRED', 'USER_EMAILS_REQUIRED', 'USER_ADDRESS_REQUIRED');
DELETE FROM UI_TEMPLATE_FIELDS WHERE UI_FIELD_ID IN('USER_PHONES_REQUIRED', 'USER_EMAILS_REQUIRED', 'USER_ADDRESS_REQUIRED');

UPDATE UI_TEMPLATE_FIELDS SET NAME='Object Class' WHERE UI_FIELD_ID='USER_OBJECT_TYPE';

ALTER TABLE COMPANY ADD IS_SELECTABLE CHAR(1) NOT NULL DEFAULT 'Y';

--  MODIFY USER ATTRIBUTES --

IF EXISTS (SELECT * FROM information_schema.columns WHERE table_catalog='openiam' AND table_name = 'USER_ATTRIBUTES' AND column_name = 'IS_MULTIVALUED') 
BEGIN
	ALTER TABLE USER_ATTRIBUTES DROP COLUMN IS_MULTIVALUED;
END;


ALTER TABLE USER_ATTRIBUTES ADD IS_MULTIVALUED char(1) NOT NULL DEFAULT 'N';

IF OBJECT_ID('USER_ATTRIBUTE_VALUES', 'U') IS NOT NULL 
	DROP TABLE USER_ATTRIBUTE_VALUES;

CREATE TABLE USER_ATTRIBUTE_VALUES (
  USER_ATTRIBUTE_ID nvarchar(32) NOT NULL,
  VALUE nvarchar(255),
  CONSTRAINT USER_ATTRIBUTE_VALUES_FK FOREIGN KEY (USER_ATTRIBUTE_ID) REFERENCES USER_ATTRIBUTES(ID)
);

--  MODIFY GROUP ATTRIBUTES --

IF EXISTS (SELECT * FROM information_schema.columns WHERE table_catalog='openiam' AND table_name = 'GRP_ATTRIBUTES' AND column_name = 'IS_MULTIVALUED') 
BEGIN
	ALTER TABLE GRP_ATTRIBUTES DROP COLUMN IS_MULTIVALUED;
END;


ALTER TABLE GRP_ATTRIBUTES ADD IS_MULTIVALUED char(1) NOT NULL DEFAULT 'N';

IF OBJECT_ID('GROUP_ATTRIBUTE_VALUES', 'U') IS NOT NULL
	DROP TABLE GROUP_ATTRIBUTE_VALUES;

CREATE TABLE GROUP_ATTRIBUTE_VALUES (
  GROUP_ATTRIBUTE_ID nvarchar(32) NOT NULL,
  VALUE nvarchar(255),
  CONSTRAINT GROUP_ATTRIBUTE_VALUES_FK FOREIGN KEY (GROUP_ATTRIBUTE_ID) REFERENCES GRP_ATTRIBUTES(ID)
);

--  MODIFY ROLE ATTRIBUTES --


IF EXISTS (SELECT * FROM information_schema.columns WHERE table_catalog='openiam' AND table_name = 'ROLE_ATTRIBUTE' AND column_name = 'IS_MULTIVALUED') 
BEGIN
	ALTER TABLE ROLE_ATTRIBUTE DROP COLUMN IS_MULTIVALUED;
END;


ALTER TABLE ROLE_ATTRIBUTE ADD IS_MULTIVALUED char(1) NOT NULL DEFAULT 'N';

IF OBJECT_ID('ROLE_ATTRIBUTE_VALUES', 'U') IS NOT NULL
	DROP TABLE ROLE_ATTRIBUTE_VALUES;

CREATE TABLE ROLE_ATTRIBUTE_VALUES (
  ROLE_ATTRIBUTE_ID nvarchar(32) NOT NULL,
  VALUE nvarchar(255),
  CONSTRAINT ROLE_ATTRIBUTE_VALUES_FK FOREIGN KEY (ROLE_ATTRIBUTE_ID) REFERENCES ROLE_ATTRIBUTE(ROLE_ATTR_ID)
);

--  MODIFY ORGANIZATION ATTRIBUTES --

IF EXISTS (SELECT * FROM information_schema.columns WHERE table_catalog='openiam' AND table_name = 'COMPANY_ATTRIBUTE' AND column_name = 'IS_MULTIVALUED') 
BEGIN
	ALTER TABLE COMPANY_ATTRIBUTE DROP COLUMN IS_MULTIVALUED;
END;


ALTER TABLE COMPANY_ATTRIBUTE ADD IS_MULTIVALUED char(1) NOT NULL DEFAULT 'N';

IF OBJECT_ID('COMPANY_ATTRIBUTE_VALUES', 'U') IS NOT NULL
	DROP TABLE COMPANY_ATTRIBUTE_VALUES;

CREATE TABLE COMPANY_ATTRIBUTE_VALUES (
  COMPANY_ATTRIBUTE_ID nvarchar(32) NOT NULL,
  VALUE nvarchar(255),
  CONSTRAINT COMPANY_ATTRIBUTE_VALUES_FK FOREIGN KEY (COMPANY_ATTRIBUTE_ID) REFERENCES COMPANY_ATTRIBUTE(COMPANY_ATTR_ID)
);

DELETE FROM RESOURCE_ROLE WHERE RESOURCE_ID IN('IMPERSONATION_ACCESS', 'IMPERSIONATION_MENU');
DELETE FROM res_to_res_membership WHERE RESOURCE_ID IN('IMPERSONATION_ACCESS', 'IMPERSIONATION_MENU');
DELETE FROM res_to_res_membership WHERE MEMBER_RESOURCE_ID IN('IMPERSONATION_ACCESS', 'IMPERSIONATION_MENU');
DELETE FROM RESOURCE_PROP WHERE RESOURCE_ID IN('IMPERSONATION_ACCESS', 'IMPERSIONATION_MENU');
DELETE FROM RES WHERE RESOURCE_ID IN('IMPERSONATION_ACCESS', 'IMPERSIONATION_MENU');

INSERT INTO RES (RESOURCE_ID, RESOURCE_TYPE_ID, NAME, DESCRIPTION, IS_PUBLIC) VALUES('IMPERSONATION_ACCESS', 'SYS_ACTION', 'IMPERSONATION_ACCESS', 'Ability to Impersonate','N');


INSERT INTO RES (RESOURCE_ID, RESOURCE_TYPE_ID, NAME, DESCRIPTION, IS_PUBLIC, URL) VALUES('IMPERSIONATION_MENU', 'MENU_ITEM', 'IMPERSIONATION_MENU', 'Impersonation','N', '/webconsole/impersonate.html');
INSERT INTO RESOURCE_PROP (RESOURCE_PROP_ID, RESOURCE_ID, NAME, PROP_VALUE) VALUES ('IMPERSIONATION_MENU_PUB', 'IMPERSIONATION_MENU', 'MENU_IS_PUBLIC', 'true');
INSERT INTO RESOURCE_PROP (RESOURCE_PROP_ID, RESOURCE_ID, NAME, PROP_VALUE) VALUES ('IMPERSIONATION_MENU_DESC', 'IMPERSIONATION_MENU', 'MENU_DISPLAY_NAME', 'Impersonation');

INSERT INTO res_to_res_membership (RESOURCE_ID, MEMBER_RESOURCE_ID) VALUES('ADMIN', 'IMPERSIONATION_MENU');


IF EXISTS (SELECT * FROM ROLE WHERE ROLE_ID='9') 
BEGIN
	INSERT INTO RESOURCE_ROLE (RESOURCE_ID, ROLE_ID) VALUES('IMPERSIONATION_MENU', '9');
	INSERT INTO RESOURCE_ROLE (RESOURCE_ID, ROLE_ID) VALUES('IMPERSONATION_ACCESS', '9');
END;

IF ((SELECT count(*) FROM RESOURCE_PROP WHERE RESOURCE_ID='MANUALRECON' AND NAME='IS_VISIBLE') >= 1) 
BEGIN
	UPDATE RESOURCE_PROP SET PROP_VALUE='false' WHERE  RESOURCE_ID='MANUALRECON' AND NAME='IS_VISIBLE';
END;
ELSE
BEGIN
	INSERT INTO RESOURCE_PROP (RESOURCE_PROP_ID, RESOURCE_ID, NAME, PROP_VALUE) VALUES('MANUALRECON_VISIBLE', 'MANUALRECON', 'IS_VISIBLE', 'false');
END;

DELETE FROM res_to_res_membership WHERE RESOURCE_ID IN('SELFSERVICE_EXT', 'SELFSRV_EXAMPLE');
DELETE FROM res_to_res_membership WHERE MEMBER_RESOURCE_ID IN('SELFSERVICE_EXT', 'SELFSRV_EXAMPLE');
DELETE FROM RESOURCE_PROP WHERE RESOURCE_ID IN('SELFSERVICE_EXT', 'SELFSRV_EXAMPLE');
DELETE FROM RES  WHERE RESOURCE_ID IN('SELFSERVICE_EXT', 'SELFSRV_EXAMPLE');

INSERT INTO RES (RESOURCE_ID, RESOURCE_TYPE_ID, NAME, DESCRIPTION) VALUES('SELFSERVICE_EXT', 'MENU_ITEM', 'SELFSERVICE_EXT', 'SelfService Extension Root');
INSERT INTO RESOURCE_PROP (RESOURCE_PROP_ID, RESOURCE_ID, NAME, PROP_VALUE) VALUES ('SELFSERVICE_EXT_PB', 'SELFSERVICE_EXT', 'MENU_IS_PUBLIC', 'true');
INSERT INTO RESOURCE_PROP (RESOURCE_PROP_ID, RESOURCE_ID, NAME, PROP_VALUE) VALUES ('SELFSERVICE_EXT_DN', 'SELFSERVICE_EXT', 'MENU_DISPLAY_NAME', 'SelfService Extension Root');

INSERT INTO RES (RESOURCE_ID, RESOURCE_TYPE_ID, NAME, DESCRIPTION, IS_PUBLIC, URL) VALUES ('SELFSRV_EXAMPLE', 'MENU_ITEM', 'SELFSRV_EXAMPLE', 'Example', 'Y', '/selfservice-ext/example.html');
INSERT INTO RESOURCE_PROP (RESOURCE_PROP_ID, RESOURCE_ID, NAME, PROP_VALUE) VALUES ('SELFSRV_EXAMPLE_DN', 'SELFSRV_EXAMPLE', 'MENU_DISPLAY_NAME', 'Example');
INSERT INTO RESOURCE_PROP (RESOURCE_PROP_ID, RESOURCE_ID, NAME, PROP_VALUE) VALUES ('SELFSRV_EXAMPLE_PB', 'SELFSRV_EXAMPLE', 'MENU_IS_PUBLIC', 'false');
INSERT INTO res_to_res_membership (RESOURCE_ID, MEMBER_RESOURCE_ID) VALUES ('SELFSERVICE_EXT', 'SELFSRV_EXAMPLE');

ALTER TABLE REPORT_INFO ADD BUILT_IN CHAR(1) DEFAULT 'N' NOT NULL;
GO

DELETE FROM REPORT_SUB_CRITERIA_PARAM WHERE REPORT_SUB_ID IN
	(SELECT REPORT_SUB_ID FROM REPORT_SUBSCRIPTIONS WHERE REPORT_INFO_ID IN 
		(SELECT REPORT_INFO_ID FROM REPORT_INFO WHERE REPORT_NAME IN ('USER_REPORT','AUDIT_REPORT','RECONCILIATION_REPORT','SYNCHRONIZATION_REPORT')));
DELETE FROM REPORT_SUBSCRIPTIONS WHERE REPORT_INFO_ID IN 
	(SELECT REPORT_INFO_ID FROM REPORT_INFO WHERE REPORT_NAME IN ('USER_REPORT','AUDIT_REPORT','RECONCILIATION_REPORT','SYNCHRONIZATION_REPORT'));
DELETE FROM REPORT_CRITERIA_PARAMETER WHERE REPORT_INFO_ID IN 
	(SELECT REPORT_INFO_ID FROM REPORT_INFO WHERE REPORT_NAME IN ('USER_REPORT','AUDIT_REPORT','RECONCILIATION_REPORT','SYNCHRONIZATION_REPORT'));
DELETE FROM REPORT_INFO WHERE REPORT_NAME IN ('USER_REPORT','AUDIT_REPORT','RECONCILIATION_REPORT','SYNCHRONIZATION_REPORT');

INSERT INTO REPORT_INFO (REPORT_INFO_ID, REPORT_NAME, DATASOURCE_FILE_PATH, REPORT_FILE_PATH, BUILT_IN) VALUES 
	('101','USER_REPORT','UserReport.groovy','UserReport.rptdesign', 'Y'),
	('102','AUDIT_REPORT','AuditReport.groovy','AuditReport.rptdesign', 'Y'),
	('103','RECONCILIATION_REPORT','ReconciliationReport.groovy','ReconciliationReport.rptdesign', 'Y'),
	('104','SYNCHRONIZATION_REPORT','SynchronizationReport.groovy','SynchronizationReport.rptdesign', 'Y');

INSERT INTO REPORT_CRITERIA_PARAMETER (REPORT_INFO_ID, RCP_ID, PARAM_NAME, PARAM_VALUE, RCPT_ID) VALUES 
	('101','1011','ROLE',NULL,'1'), ('101','1012','STATUS',NULL,'1'), ('101','1013','SECONDARY_STATUS',NULL,'1'), ('101','1014','ORG_ID',NULL,'1'),
	('102','1021','ACTION_ID',NULL,'1'), ('102','1022','ACTION_DATETIME_START',NULL,'2'), ('102','1023','ACTION_DATETIME_END',NULL,'2'),
	('103','1031','MANAGED_SYS_ID',NULL,'1'), ('104','1041','CONFIG_ID',NULL,'1'), ('104','1042','AUDIT_LOG_ID',NULL,'1');
	
DELETE FROM ATTRIBUTE_MAP WHERE MANAGED_SYS_ID='150';
DELETE FROM MNG_SYS_OBJECT_MATCH WHERE MANAGED_SYS_ID = '150';
DELETE FROM MANAGED_SYS WHERE MANAGED_SYS_ID = '150';
DELETE FROM RESOURCE_PROP WHERE RESOURCE_ID = '151';
DELETE FROM RESOURCE_PROP WHERE RESOURCE_ID = '150';
DELETE FROM RESOURCE_USER WHERE RESOURCE_ID = '151';
DELETE FROM RESOURCE_USER WHERE RESOURCE_ID = '150';
DELETE FROM RESOURCE_GROUP WHERE RESOURCE_ID = '151';
DELETE FROM RESOURCE_GROUP WHERE RESOURCE_ID = '150';
DELETE FROM RESOURCE_PRIVILEGE WHERE RESOURCE_ID = '151';
DELETE FROM RESOURCE_PRIVILEGE WHERE RESOURCE_ID = '150';
DELETE FROM RESOURCE_POLICY WHERE RESOURCE_ID = '151';
DELETE FROM RESOURCE_POLICY WHERE RESOURCE_ID = '150';

DELETE FROM RES WHERE RESOURCE_ID = '150';
DELETE FROM RES WHERE RESOURCE_ID = '151';


DELETE FROM PROVISION_CONNECTOR WHERE CONNECTOR_ID = '100';

DELETE FROM RECON_RES_ATTR_MAP WHERE RECON_RES_ATTR_MAP_ID='77';
DELETE FROM RECON_RES_ATTR_MAP WHERE RECON_RES_ATTR_MAP_ID='76';
DELETE FROM RECON_RES_ATTR_MAP WHERE RECON_RES_ATTR_MAP_ID='75';
DELETE FROM POLICY WHERE POLICY_ID = '5000';
DELETE FROM POLICY WHERE POLICY_ID = '5001';
DELETE FROM POLICY WHERE POLICY_ID = '5002';

insert into POLICY (POLICY_ID, POLICY_DEF_ID, NAME, DESCRIPTION, STATUS, CREATE_DATE, CREATED_BY, RULE_TEXT, RULE_SRC_URL) VALUES ('5000','104', 'ps-role', 'role', 1,GETDATE(), '3000', '','provision/ps/role.groovy');
insert into POLICY (POLICY_ID, POLICY_DEF_ID, NAME, DESCRIPTION, STATUS, CREATE_DATE, CREATED_BY, RULE_TEXT, RULE_SRC_URL) VALUES ('5001','104', 'ps-displayName', 'displayName', 1,GETDATE(), '3000', '','provision/ps/displayName.groovy');
insert into POLICY (POLICY_ID, POLICY_DEF_ID, NAME, DESCRIPTION, STATUS, CREATE_DATE, CREATED_BY, RULE_TEXT, RULE_SRC_URL) VALUES ('5002','104', 'ps-employeeId', 'employeeId', 1,GETDATE(), '3000', '','provision/ps/employeeId.groovy');

--4562,5001,5000,4502,5002,4509


INSERT INTO RECON_RES_ATTR_MAP (RECON_RES_ATTR_MAP_ID,ATTR_POLICY_ID) VALUES (75,5000);
INSERT INTO RECON_RES_ATTR_MAP (RECON_RES_ATTR_MAP_ID,ATTR_POLICY_ID) VALUES (76,5001);
INSERT INTO RECON_RES_ATTR_MAP (RECON_RES_ATTR_MAP_ID,ATTR_POLICY_ID) VALUES (77,5002);


--ADMINRESOURCE
INSERT INTO RES (RESOURCE_ID,RESOURCE_TYPE_ID,DESCRIPTION,NAME,DISPLAY_ORDER,URL,MIN_AUTH_LEVEL,IS_PUBLIC,ADMIN_RESOURCE_ID,RISK) VALUES ('151','ADMIN_RESOURCE',NULL,'RES_ADMIN_PEOPLE_SOFT',NULL,NULL,NULL,'Y',NULL,NULL);

--RESOURCE_
INSERT INTO RES (RESOURCE_ID,RESOURCE_TYPE_ID,DESCRIPTION,NAME,DISPLAY_ORDER,URL,MIN_AUTH_LEVEL,IS_PUBLIC,ADMIN_RESOURCE_ID,RISK) VALUES ('150','MANAGED_SYS',NULL,'PEOPLE_SOFT_M_SYS',NULL,NULL,NULL,'N',151,NULL);

--CONNECTOR
INSERT INTO PROVISION_CONNECTOR (CONNECTOR_ID,NAME,CLIENT_COMM_PROTOCOL, SERVICE_URL,SERVICE_NAMESPACE,SERVICE_PORT,CONNECTOR_INTERFACE) VALUES ('100','PEOPLESOFT DB CONNECTOR','CLEAR','localhost:9080/openiam-esb/idmsrvc/PeoplesoftDbConnector','http://www.openiam.org/service/connector','NA','LOCAL');

--MSYS
INSERT INTO MANAGED_SYS (MANAGED_SYS_ID,NAME,DESCRIPTION,STATUS,CONNECTOR_ID,HOST_URL,APPL_URL,PORT,COMM_PROTOCOL,USER_ID,PSWD,START_DATE,END_DATE,RESOURCE_ID,PRIMARY_REPOSITORY,SECONDARY_REPOSITORY_ID,ALWAYS_UPDATE_SECONDARY,RES_DEPENDENCY,ADD_HNDLR,MODIFY_HNDLR,DELETE_HNDLR,SETPASS_HNDLR,SUSPEND_HNDLR,SEARCH_HNDLR,LOOKUP_HNDLR,TEST_CONNECTION_HNDLR,RECONCILE_RESOURCE_HNDLR,HNDLR_5,DRIVER_URL,CONNECTION_STRING,ATTRIBUTE_NAMES_LOOKUP,ATTRIBUTE_NAMES_HNDLR) VALUES ('150','PEOPLESOFT DB CONNECTOR','PEOPLESOFT DB CONNECTOR','ACTIVE','100',NULL,NULL,NULL,'CLEAR','root',NULL,NULL,NULL,150,0,NULL,0,NULL,NULL,NULL,NULL,NULL,NULL,NULL,NULL,NULL,NULL,NULL,'oracle.jdbc.driver.OracleDriver','jdbc:oracle:thin:@localhost:1521:mkyong',NULL,NULL);

INSERT INTO ATTRIBUTE_MAP (ATTRIBUTE_MAP_ID,MANAGED_SYS_ID,RESOURCE_ID,MAP_FOR_OBJECT_TYPE,ATTRIBUTE_NAME,TARGET_ATTRIBUTE_NAME,AUTHORITATIVE_SRC,ATTRIBUTE_POLICY_ID,RULE_TEXT,STATUS,START_DATE,END_DATE,STORE_IN_IAMDB,DATA_TYPE,DEFAULT_VALUE,SYNCH_CONFIG_ID) VALUES (624,150,150,'PRINCIPAL','principal',NULL,NULL,65,NULL,'ACTIVE',NULL,NULL,NULL,'STRING',NULL,NULL);

INSERT INTO ATTRIBUTE_MAP
(ATTRIBUTE_MAP_ID,MANAGED_SYS_ID,RESOURCE_ID,MAP_FOR_OBJECT_TYPE,ATTRIBUTE_NAME,TARGET_ATTRIBUTE_NAME,AUTHORITATIVE_SRC,ATTRIBUTE_POLICY_ID,RULE_TEXT,STATUS,START_DATE,END_DATE,STORE_IN_IAMDB,DATA_TYPE,DEFAULT_VALUE,SYNCH_CONFIG_ID) VALUES (625,150,150,'USER','displayName',NULL,NULL,76,NULL,'ACTIVE',NULL,NULL,NULL,'STRING',NULL,NULL);

INSERT INTO ATTRIBUTE_MAP
(ATTRIBUTE_MAP_ID,MANAGED_SYS_ID,RESOURCE_ID,MAP_FOR_OBJECT_TYPE,ATTRIBUTE_NAME,TARGET_ATTRIBUTE_NAME,AUTHORITATIVE_SRC,ATTRIBUTE_POLICY_ID,RULE_TEXT,STATUS,START_DATE,END_DATE,STORE_IN_IAMDB,DATA_TYPE,DEFAULT_VALUE,SYNCH_CONFIG_ID) VALUES (626,150,150,'USER','role',NULL,NULL,75,NULL,'ACTIVE',NULL,NULL,NULL,'STRING',NULL,NULL);

INSERT INTO ATTRIBUTE_MAP
(ATTRIBUTE_MAP_ID,MANAGED_SYS_ID,RESOURCE_ID,MAP_FOR_OBJECT_TYPE,ATTRIBUTE_NAME,TARGET_ATTRIBUTE_NAME,AUTHORITATIVE_SRC,ATTRIBUTE_POLICY_ID,RULE_TEXT,STATUS,START_DATE,END_DATE,STORE_IN_IAMDB,DATA_TYPE,DEFAULT_VALUE,SYNCH_CONFIG_ID) VALUES (627,150,150,'USER','email',NULL,NULL,2,NULL,'ACTIVE',NULL,NULL,NULL,'STRING',NULL,NULL);

INSERT INTO ATTRIBUTE_MAP
(ATTRIBUTE_MAP_ID,MANAGED_SYS_ID,RESOURCE_ID,MAP_FOR_OBJECT_TYPE,ATTRIBUTE_NAME,TARGET_ATTRIBUTE_NAME,AUTHORITATIVE_SRC,ATTRIBUTE_POLICY_ID,RULE_TEXT,STATUS,START_DATE,END_DATE,STORE_IN_IAMDB,DATA_TYPE,DEFAULT_VALUE,SYNCH_CONFIG_ID) VALUES (628,150,150,'USER','employeeId',NULL,NULL,77,NULL,'ACTIVE',NULL,NULL,NULL,'STRING',NULL,NULL);

INSERT INTO ATTRIBUTE_MAP
(ATTRIBUTE_MAP_ID,MANAGED_SYS_ID,RESOURCE_ID,MAP_FOR_OBJECT_TYPE,ATTRIBUTE_NAME,TARGET_ATTRIBUTE_NAME,AUTHORITATIVE_SRC,ATTRIBUTE_POLICY_ID,RULE_TEXT,STATUS,START_DATE,END_DATE,STORE_IN_IAMDB,DATA_TYPE,DEFAULT_VALUE,SYNCH_CONFIG_ID) VALUES (629,150,150,'USER','password',NULL,NULL,58,NULL,'ACTIVE',NULL,NULL,NULL,'DATE',NULL,NULL);

-- CREATE IDENTITY TABLE 

CREATE TABLE "IDENTITY" (
    IDENTITY_ID NVARCHAR(32) NOT NULL,
    MANAGED_SYS_ID NVARCHAR(32) NOT NULL,
    "IDENTITY" NVARCHAR(320) NOT NULL,
    REFERRED_OBJECT_ID NVARCHAR(32) NOT NULL,
    IDENTITY_TYPE NVARCHAR(20) NULL, -- GROUP, ROLE, TYPE ...
    CREATE_DATE DATETIME NULL,
    CREATED_BY NVARCHAR(32) NULL,
    STATUS nvarchar(20) NULL
);

CREATE INDEX CREATED_DATETIME ON OPENIAM_LOG(CREATED_DATETIME);
CREATE INDEX LOG_ACTION ON OPENIAM_LOG(LOG_ACTION);
CREATE INDEX FK_LOG_ATTRIBUTE_LOG ON OPENIAM_LOG_ATTRIBUTE(OPENIAM_LOG_ID);
CREATE INDEX FK_LOG_TARGET_LOG ON OPENIAM_LOG_TARGET(OPENIAM_LOG_ID);
CREATE INDEX OPENIAM_LOG_ID ON OPENIAM_LOG_LOG_MEMBERSHIP(OPENIAM_LOG_ID);
CREATE INDEX OPENIAM_MEMBER_LOG_ID ON OPENIAM_LOG_LOG_MEMBERSHIP(OPENIAM_MEMBER_LOG_ID);


DELETE FROM METADATA_TYPE WHERE TYPE_ID LIKE '%_REFDATA%';
DELETE FROM METADATA_TYPE WHERE TYPE_ID IN(SELECT STATUS_CD FROM STATUS WHERE STATUS_CD NOT IN('CONTRACTOR'));
DELETE FROM METADATA_TYPE WHERE TYPE_ID IN('CONTRACTOR TYPE');
UPDATE USERS SET EMPLOYEE_TYPE='CONTRACTOR TYPE' WHERE EMPLOYEE_TYPE='CONTRACTOR';


DECLARE @_id NVARCHAR(32);
DECLARE @_name NVARCHAR(40);
DECLARE @_group NVARCHAR(32);
DECLARE @_idx INT;
SET @_idx = 1;
DECLARE cur4 CURSOR FOR SELECT STATUS_CD, CODE_GROUP, DESCRIPTION FROM STATUS;
BEGIN
	OPEN cur4;
	FETCH NEXT FROM cur4 INTO @_id, @_group, @_name;
	WHILE @@FETCH_STATUS = 0
	BEGIN
		IF (@_id IS NOT NULL) 
		BEGIN
			IF (@_group IS NOT NULL) 
			BEGIN
				IF (@_name IS NOT NULL) 
				BEGIN
					IF ((SELECT count(*) FROM METADATA_TYPE WHERE GROUPING=@_group AND DESCRIPTION=@_name)= 0) 
					BEGIN
						IF (@_id = 'CONTRACTOR') 
						BEGIN
							INSERT INTO METADATA_TYPE(TYPE_ID, DESCRIPTION, ACTIVE, SYNC_MANAGED_SYS, GROUPING, IS_BINARY) VALUES('CONTRACTOR TYPE', @_name, 'Y', 'Y', @_group, 'N');
						END;
						ELSE
						BEGIN
							INSERT INTO METADATA_TYPE(TYPE_ID, DESCRIPTION, ACTIVE, SYNC_MANAGED_SYS, GROUPING, IS_BINARY) VALUES(@_id, @_name, 'Y', 'Y', @_group, 'N');
						END;
						SET @_idx = @_idx + 1;
					END;
				END;
			END;
		END;
		FETCH NEXT FROM cur4 INTO @_id, @_group, @_name;
	END;
	CLOSE cur4;
END;

DELETE FROM LANGUAGE_MAPPING WHERE REFERENCE_TYPE='MetadataTypeEntity';


DECLARE @_name1 NVARCHAR(40);
DECLARE @_id1 NVARCHAR(32);
DECLARE @_idx1 INT;
SET @_idx1 = 1;
DECLARE cur5 CURSOR FOR SELECT TYPE_ID, DESCRIPTION FROM METADATA_TYPE;
BEGIN
	OPEN cur5;
	FETCH NEXT FROM cur5 INTO @_id1, @_name1;	
	WHILE @@FETCH_STATUS = 0
	BEGIN
		IF (@_id1 IS NOT NULL) 
		BEGIN
			IF (@_name1 IS NOT NULL) 
			BEGIN
				IF ((SELECT count(*) FROM LANGUAGE_MAPPING WHERE REFERENCE_TYPE='MetadataTypeEntity' AND REFERENCE_ID=@_id1)= 0) 
				BEGIN
					INSERT INTO LANGUAGE_MAPPING(ID, LANGUAGE_ID, REFERENCE_TYPE, REFERENCE_ID, TEXT_VALUE) VALUES({fn CONCAT('MetadataTypeEntity', CAST(@_idx1 AS VARCHAR(10)))}, '1', 'MetadataTypeEntity', @_id1, @_name1);
					SET @_idx1 = @_idx1 + 1;
				END;
			END;
		END;
		FETCH NEXT FROM cur5 INTO @_id1, @_name1;
	END;
	CLOSE cur5;
END;

DELETE FROM LANGUAGE_LOCALE where ID='1';
UPDATE LANGUAGE SET IS_USED='N' WHERE ID='4';

IF ((SELECT count(*) FROM LANGUAGE WHERE ID='8') = 0) 
BEGIN
		INSERT INTO LANGUAGE (ID, LANGUAGE, IS_USED, LANGUAGE_CODE, IS_DEFAULT) VALUES ('8', 'Russian', 'Y', 'ru', 'N');
		INSERT INTO LANGUAGE_LOCALE (ID, LANGUAGE_ID, LOCALE) VALUES ('10', '8', 'ru_RU');
END;


DELETE FROM LANGUAGE_MAPPING WHERE REFERENCE_TYPE='LanguageEntity';

INSERT INTO LANGUAGE_MAPPING (ID, LANGUAGE_ID, REFERENCE_ID, REFERENCE_TYPE, TEXT_VALUE)
VALUES ('LanguageEntity1', '1', '1', 'LanguageEntity', 'English'),
     ('LanguageEntity2', '4', '1', 'LanguageEntity', 'Ingls'),
   ('LanguageEntity3', '8', '1', 'LanguageEntity', ''),
     ('LanguageEntity4', '1', '4', 'LanguageEntity', 'Spanish'),
     ('LanguageEntity5', '4', '4', 'LanguageEntity', 'Espaol'),
   ('LanguageEntity6', '8', '4', 'LanguageEntity', ''),
   ('LanguageEntity7', '1', '8', 'LanguageEntity', 'Russian'),
     ('LanguageEntity8', '4', '8', 'LanguageEntity', 'Ruso'),
   ('LanguageEntity9', '8', '8', 'LanguageEntity', '');
   

ALTER TABLE METADATA_TYPE ADD IS_SENSITIVE CHAR(1) NOT NULL DEFAULT 'N';
GO

UPDATE METADATA_TYPE SET IS_SENSITIVE='Y' WHERE TYPE_ID IN(SELECT STATUS_CD FROM STATUS WHERE STATUS_CD NOT IN('CONTRACTOR'));
UPDATE METADATA_TYPE SET IS_SENSITIVE='Y' WHERE TYPE_ID IN('CONTRACTOR TYPE');

DELETE FROM LANGUAGE_MAPPING WHERE REFERENCE_TYPE IN('ResourceEntity');


DECLARE @_id2 VARCHAR(32);
DECLARE @_resourceId VARCHAR(32);
DECLARE @_value VARCHAR(40);
DECLARE cur6 CURSOR FOR SELECT RESOURCE_PROP_ID, RESOURCE_ID, PROP_VALUE FROM RESOURCE_PROP 
		WHERE RESOURCE_ID IN(SELECT RESOURCE_ID FROM RES WHERE RESOURCE_TYPE_ID IN('MENU_ITEM')) AND NAME='MENU_DISPLAY_NAME';

BEGIN
	OPEN cur6;
	FETCH NEXT FROM cur6 INTO @_id2, @_resourceId, @_value;
	WHILE @@FETCH_STATUS = 0
	BEGIN
		IF (@_id2 IS NOT NULL) 
		BEGIN
			IF (@_resourceId IS NOT NULL) 
			BEGIN
				IF (@_value IS NOT NULL) 
				BEGIN
					IF ((SELECT count(*) FROM LANGUAGE_MAPPING WHERE ID=@_id2)= 0) 
					BEGIN
						INSERT INTO LANGUAGE_MAPPING(ID, LANGUAGE_ID, REFERENCE_TYPE, REFERENCE_ID, TEXT_VALUE) VALUES(@_id2, '1', 'ResourceEntity', @_resourceId, @_value);
					END;
				END;
			END;
		END;
		FETCH NEXT FROM cur6 INTO @_id2, @_resourceId, @_value;
	END;
	CLOSE cur6;
END;

ALTER TABLE GRP ALTER COLUMN GROUP_DESC VARCHAR(512);
ALTER TABLE GRP ADD DEFAULT 'NULL' FOR GROUP_DESC;

DELETE FROM LANGUAGE_MAPPING WHERE ID LIKE '%ElementMigrate%';


DECLARE @_id3 VARCHAR(32);
DECLARE @_value1 VARCHAR(40);
DECLARE cur7 CURSOR FOR SELECT METADATA_ID, ATTRIBUTE_NAME FROM METADATA_ELEMENT WHERE METADATA_ID NOT IN(
		SELECT REFERENCE_ID FROM LANGUAGE_MAPPING WHERE REFERENCE_TYPE='MetadataElementEntity');

BEGIN
	OPEN cur7;
	FETCH NEXT FROM cur7 INTO @_id3, @_value1;	
	WHILE @@FETCH_STATUS = 0
	BEGIN		
		IF (@_id3 IS NOT NULL) 
		BEGIN
			IF (@_value1 IS NOT NULL) 
			BEGIN
				IF ((SELECT count(*) FROM LANGUAGE_MAPPING WHERE ID={fn CONCAT('ElementMigrate',CAST(@_id3 as VARCHAR(10)))})= 0) 
				BEGIN
					INSERT INTO LANGUAGE_MAPPING(ID, LANGUAGE_ID, REFERENCE_TYPE, REFERENCE_ID, TEXT_VALUE) VALUES({fn CONCAT('ElementMigrate',CAST(@_id3 as VARCHAR(10)))}, '1', 'MetadataElementEntity', @_id3, @_value1);
				END;
			END;
		END;
		FETCH NEXT FROM cur7 INTO @_id3, @_value1;
	END;
	CLOSE cur7;
END;

CREATE TABLE REPORT_PARAMETER_METATYPE (
	PARAM_METATYPE_ID NVARCHAR(32) NOT NULL,
	PARAM_METATYPE_NAME NVARCHAR(45) NOT NULL,
	IS_MULTIPLE CHAR(1) NOT NULL DEFAULT 'N',
	PRIMARY KEY (PARAM_METATYPE_ID)
	);

ALTER TABLE REPORT_CRITERIA_PARAMETER ADD PARAM_META_TYPE_ID NVARCHAR(32) NULL DEFAULT NULL;
ALTER TABLE REPORT_CRITERIA_PARAMETER ADD IS_MULTIPLE CHAR(1) NOT NULL DEFAULT 'N';
ALTER TABLE REPORT_CRITERIA_PARAMETER ADD IS_REQUIRED CHAR(1) NOT NULL DEFAULT 'N';
ALTER TABLE REPORT_CRITERIA_PARAMETER ADD CAPTION NVARCHAR(100);
GO

ALTER TABLE REPORT_CRITERIA_PARAMETER ADD CONSTRAINT RCP_PARAM_META_TYPE_FK 
	FOREIGN KEY (PARAM_META_TYPE_ID) REFERENCES REPORT_PARAMETER_METATYPE (PARAM_METATYPE_ID);
	
INSERT INTO REPORT_PARAMETER_METATYPE (PARAM_METATYPE_ID, PARAM_METATYPE_NAME, IS_MULTIPLE) 
	VALUES  ('ACTION','Audit action','Y'),('GROUP','Group','Y'),('ORGANIZATION','Organization','N'),
		('ROLE','Role','Y'),('USER','User','Y'),('USER_STATUS','User status','Y'),
		('USER_SEC_STATUS','User secondary status','Y');

DELETE FROM LANGUAGE_MAPPING WHERE REFERENCE_TYPE ='OrganizationTypeEntity';


DECLARE @_id4 VARCHAR(32);
DECLARE @_value2 VARCHAR(100);
DECLARE cur8 CURSOR FOR SELECT ORG_TYPE_ID, NAME FROM ORGANIZATION_TYPE;

BEGIN
	OPEN cur8;
	FETCH NEXT FROM cur8 INTO @_id4, @_value2;	
	WHILE @@FETCH_STATUS = 0
	BEGIN
		IF (@_id4 IS NOT NULL) 
		BEGIN
			IF (@_value2 IS NOT NULL) 
			BEGIN
				IF ((SELECT count(*) FROM LANGUAGE_MAPPING WHERE REFERENCE_ID=@_id4 AND REFERENCE_TYPE='OrganizationTypeEntity')= 0) 
				BEGIN
					INSERT INTO LANGUAGE_MAPPING(ID, LANGUAGE_ID, REFERENCE_TYPE, REFERENCE_ID, TEXT_VALUE) VALUES(@_id4, '1', 'OrganizationTypeEntity', @_id4, @_value2);
				END;
			END;
		END;
		FETCH NEXT FROM cur8 INTO @_id4, @_value2;
	END;
	CLOSE cur8;
END;

DELETE FROM LANGUAGE_MAPPING WHERE REFERENCE_TYPE ='ResourceTypeEntity';



DECLARE @_id5 VARCHAR(32);
DECLARE @_value3 VARCHAR(100);
DECLARE cur9 CURSOR FOR SELECT RESOURCE_TYPE_ID, DESCRIPTION FROM RESOURCE_TYPE;
BEGIN
	OPEN cur9;
	FETCH NEXT FROM cur9 INTO @_id5, @_value3;	
	WHILE @@FETCH_STATUS = 0
	BEGIN
		IF (@_id5 IS NOT NULL) 
		BEGIN
			IF (@_value3 IS NOT NULL) 
			BEGIN
				IF ((SELECT count(*) FROM LANGUAGE_MAPPING WHERE ID=@_id5)= 0) 
				BEGIN
					INSERT INTO LANGUAGE_MAPPING(ID, LANGUAGE_ID, REFERENCE_TYPE, REFERENCE_ID, TEXT_VALUE) VALUES(@_id5, '1', 'ResourceTypeEntity', @_id5, @_value3);
				END;
			END;
		END;
		FETCH NEXT FROM cur9 INTO @_id5, @_value3;	
	END;
	CLOSE cur9;
END;

DELETE FROM LANGUAGE_MAPPING WHERE REFERENCE_TYPE ='IdentityQuestionEntity';


DECLARE @_id6 VARCHAR(32);
DECLARE @_value4 VARCHAR(255);
DECLARE cur10 CURSOR FOR SELECT IDENTITY_QUESTION_ID, QUESTION_TEXT FROM IDENTITY_QUESTION;
BEGIN
	OPEN cur10;
	FETCH NEXT FROM cur10 INTO @_id6, @_value4;	
	WHILE @@FETCH_STATUS = 0
	BEGIN
		IF (@_id6 IS NOT NULL) 
		BEGIN
			IF (@_value4 IS NOT NULL) 
			BEGIN
				IF ((SELECT count(*) FROM LANGUAGE_MAPPING WHERE ID=@_id6)= 0) 
				BEGIN
					INSERT INTO LANGUAGE_MAPPING(ID, LANGUAGE_ID, REFERENCE_TYPE, REFERENCE_ID, TEXT_VALUE) VALUES(@_id6, '1', 'IdentityQuestionEntity', @_id6, @_value4);
				END;
			END;
		END;
		FETCH NEXT FROM cur10 INTO @_id6, @_value4;	
	END;
	CLOSE cur10;
END

ALTER TABLE IDENTITY_QUESTION DROP COLUMN QUESTION_TEXT;

ALTER TABLE MANAGED_SYS ADD RESUME_HNDLR NVARCHAR(100) NULL;

IF NOT EXISTS (SELECT * FROM REPORT_PARAMETER_METATYPE WHERE PARAM_METATYPE_ID='SUPERVISOR') 
BEGIN
	INSERT INTO REPORT_PARAMETER_METATYPE (PARAM_METATYPE_ID, PARAM_METATYPE_NAME, IS_MULTIPLE) VALUES ('SUPERVISOR','Supervisor','Y');
END;
IF NOT EXISTS (SELECT * FROM REPORT_PARAMETER_METATYPE WHERE PARAM_METATYPE_ID='MANAGED_SYSTEM') 
BEGIN
	INSERT INTO REPORT_PARAMETER_METATYPE (PARAM_METATYPE_ID, PARAM_METATYPE_NAME, IS_MULTIPLE) VALUES ('MANAGED_SYSTEM','Managed system','Y');
END;



UPDATE REPORT_CRITERIA_PARAMETER SET CAPTION='Role', PARAM_META_TYPE_ID='ROLE' WHERE RCP_ID=1011;
UPDATE REPORT_CRITERIA_PARAMETER SET CAPTION='Status', PARAM_META_TYPE_ID='USER_STATUS' WHERE RCP_ID=1012;
UPDATE REPORT_CRITERIA_PARAMETER SET CAPTION='User secondary status', PARAM_META_TYPE_ID='USER_SEC_STATUS' WHERE RCP_ID=1013;
UPDATE REPORT_CRITERIA_PARAMETER SET CAPTION='Organization', PARAM_META_TYPE_ID='ORGANIZATION', IS_REQUIRED='Y' WHERE RCP_ID=1014;
UPDATE REPORT_CRITERIA_PARAMETER SET CAPTION='Audit action', PARAM_META_TYPE_ID='ACTION' WHERE RCP_ID=1021;
UPDATE REPORT_CRITERIA_PARAMETER SET CAPTION='Start date', IS_REQUIRED='Y' WHERE RCP_ID=1022;
UPDATE REPORT_CRITERIA_PARAMETER SET CAPTION='End date' WHERE RCP_ID=1023;
UPDATE REPORT_CRITERIA_PARAMETER SET CAPTION='Managed system', PARAM_META_TYPE_ID='MANAGED_SYSTEM', IS_REQUIRED='Y' WHERE RCP_ID=1031;
UPDATE REPORT_CRITERIA_PARAMETER SET CAPTION='Configuration', IS_REQUIRED='Y' WHERE RCP_ID=1041;
UPDATE REPORT_CRITERIA_PARAMETER SET CAPTION='Audit' WHERE RCP_ID=1042;


ALTER TABLE AUTH_ATTRIBUTE ALTER COLUMN DEFAULT_VALUE VARCHAR(4096);
ALTER TABLE AUTH_LEVEL_ATTRIBUTE ALTER COLUMN VALUE_AS_STRING VARCHAR(4096);
ALTER TABLE AUTH_PROVIDER_ATTRIBUTE ALTER COLUMN VALUE VARCHAR(4096);
ALTER TABLE URI_PATTERN_META_VALUE ALTER COLUMN STATIC_VALUE VARCHAR(4096);
ALTER TABLE LOGIN_ATTRIBUTE ALTER COLUMN NAME NVARCHAR(100);
ALTER TABLE LOGIN_ATTRIBUTE ALTER COLUMN VALUE VARCHAR(4096);
ALTER TABLE METADATA_ELEMENT ALTER COLUMN ATTRIBUTE_NAME NVARCHAR(100);
ALTER TABLE METADATA_ELEMENT ALTER COLUMN STATIC_DEFAULT_VALUE VARCHAR(4096);
ALTER TABLE POLICY_ATTRIBUTE ALTER COLUMN NAME NVARCHAR(100);
ALTER TABLE POLICY_ATTRIBUTE ALTER COLUMN VALUE1 VARCHAR(4096);
ALTER TABLE POLICY_ATTRIBUTE ALTER COLUMN VALUE2 VARCHAR(4096);
ALTER TABLE REQUEST_ATTRIBUTE ALTER COLUMN NAME NVARCHAR(100);
ALTER TABLE REQUEST_ATTRIBUTE ALTER COLUMN VALUE VARCHAR(4096);
ALTER TABLE GRP_ATTRIBUTES ALTER COLUMN NAME NVARCHAR(100);
ALTER TABLE GRP_ATTRIBUTES ALTER COLUMN VALUE VARCHAR(4096);
ALTER TABLE COMPANY_ATTRIBUTE ALTER COLUMN VALUE VARCHAR(4096);
ALTER TABLE ROLE_ATTRIBUTE ALTER COLUMN NAME NVARCHAR(100);
ALTER TABLE ROLE_ATTRIBUTE ALTER COLUMN VALUE VARCHAR(4096);
ALTER TABLE USER_ATTRIBUTES ALTER COLUMN NAME NVARCHAR(100);
ALTER TABLE USER_ATTRIBUTES ALTER COLUMN VALUE VARCHAR(4096);

ALTER TABLE LOGIN_ATTRIBUTE ALTER COLUMN METADATA_ID NVARCHAR(32);
ALTER TABLE LOGIN_ATTRIBUTE
	ADD CONSTRAINT FK_LOGIN_METADATA_ELEMENT
	FOREIGN KEY (METADATA_ID)
	REFERENCES METADATA_ELEMENT(METADATA_ID);

ALTER TABLE RESOURCE_PROP ALTER COLUMN METADATA_ID NVARCHAR(32);
ALTER TABLE RESOURCE_PROP
	ADD CONSTRAINT FK_RES_PROP_METADATA_ELEMENT
	FOREIGN KEY (METADATA_ID)
	REFERENCES METADATA_ELEMENT(METADATA_ID);

ALTER TABLE ROLE_ATTRIBUTE ALTER COLUMN METADATA_ID NVARCHAR(32);
ALTER TABLE ROLE_ATTRIBUTE
	ADD CONSTRAINT FK_ROLE_ATTR_METADATA_ELEMENT
	FOREIGN KEY (METADATA_ID)
	REFERENCES METADATA_ELEMENT(METADATA_ID);
	
DELETE FROM LANGUAGE_MAPPING WHERE REFERENCE_ID IN('LANGUAGE_SEARCH', 'LANGUAGE_EDIT', 'LANGUAGE_ROOT_MENU', 'LANGUAGE_ADMIN');
DELETE FROM res_to_res_membership WHERE RESOURCE_ID IN('LANGUAGE_SEARCH', 'LANGUAGE_EDIT', 'LANGUAGE_ROOT_MENU', 'LANGUAGE_ADMIN');
DELETE FROM res_to_res_membership WHERE MEMBER_RESOURCE_ID IN('LANGUAGE_SEARCH', 'LANGUAGE_EDIT', 'LANGUAGE_ROOT_MENU', 'LANGUAGE_ADMIN');
DELETE FROM RESOURCE_PROP WHERE RESOURCE_PROP_ID IN('LANGUAGE_SEARCH', 'LANGUAGE_EDIT', 'LANGUAGE_ROOT_MENU', 'LANGUAGE_ADMIN');
DELETE FROM RES WHERE RESOURCE_ID IN('LANGUAGE_SEARCH', 'LANGUAGE_EDIT', 'LANGUAGE_ROOT_MENU', 'LANGUAGE_ADMIN');


INSERT INTO RES (RESOURCE_ID,RESOURCE_TYPE_ID,DESCRIPTION,NAME,DISPLAY_ORDER,IS_PUBLIC,URL) VALUES ('LANGUAGE_ADMIN','MENU_ITEM','languages','LANGUAGE_ADMIN',1,'Y','/webconsole/languages.html');
INSERT INTO LANGUAGE_MAPPING(ID, LANGUAGE_ID, REFERENCE_TYPE, REFERENCE_ID, TEXT_VALUE) VALUES('LANGUAGE_ADMIN1', '1', 'ResourceEntity', 'LANGUAGE_ADMIN', 'Languages');
INSERT INTO res_to_res_membership (RESOURCE_ID,MEMBER_RESOURCE_ID) VALUES ('ADMIN','LANGUAGE_ADMIN');

INSERT INTO RES (RESOURCE_ID,RESOURCE_TYPE_ID,DESCRIPTION,NAME,DISPLAY_ORDER,IS_PUBLIC) VALUES ('LANGUAGE_ROOT_MENU','MENU_ITEM','languages root menu','LANGUAGE_ROOT_MENU',1,'Y'); 

INSERT INTO RES (RESOURCE_ID,RESOURCE_TYPE_ID,DESCRIPTION,NAME,DISPLAY_ORDER,IS_PUBLIC,URL) VALUES ('LANGUAGE_EDIT','MENU_ITEM','languages edit','LANGUAGE_EDIT',1,'Y','/webconsole/languageEdit.html'); 
INSERT INTO LANGUAGE_MAPPING(ID, LANGUAGE_ID, REFERENCE_TYPE, REFERENCE_ID, TEXT_VALUE) VALUES('LANGUAGE_EDIT1', '1', 'ResourceEntity', 'LANGUAGE_EDIT', 'New Language');

INSERT INTO RES (RESOURCE_ID,RESOURCE_TYPE_ID,DESCRIPTION,NAME,DISPLAY_ORDER,IS_PUBLIC,URL) VALUES ('LANGUAGE_SEARCH','MENU_ITEM','language search','LANGUAGE_SEARCH',3,'Y','/webconsole/languages.html'); 
INSERT INTO LANGUAGE_MAPPING(ID, LANGUAGE_ID, REFERENCE_TYPE, REFERENCE_ID, TEXT_VALUE) VALUES('LANGUAGE_SEARCH1', '1', 'ResourceEntity', 'LANGUAGE_SEARCH', 'Languages');

INSERT INTO res_to_res_membership (MEMBER_RESOURCE_ID, RESOURCE_ID) VALUES ('LANGUAGE_SEARCH', 'LANGUAGE_ROOT_MENU');
INSERT INTO res_to_res_membership (MEMBER_RESOURCE_ID, RESOURCE_ID) VALUES ('LANGUAGE_EDIT', 'LANGUAGE_ROOT_MENU');

ALTER TABLE OPENIAM_LOG_TARGET ADD OBJECT_PRINCIPAL VARCHAR(255) NULL DEFAULT NULL;

UPDATE REPORT_CRITERIA_PARAMETER SET IS_MULTIPLE = 'N' WHERE REPORT_INFO_ID IN (SELECT REPORT_INFO_ID FROM REPORT_INFO WHERE BUILT_IN = 'Y');
UPDATE REPORT_CRITERIA_PARAMETER SET IS_MULTIPLE = 'Y' WHERE RCP_ID IN (1011,1014);

DELETE FROM REPORT_CRITERIA_PARAMETER WHERE RCP_ID='1024';
INSERT INTO REPORT_CRITERIA_PARAMETER (REPORT_INFO_ID, RCP_ID, PARAM_NAME, CAPTION, PARAM_VALUE, RCPT_ID, PARAM_META_TYPE_ID, IS_MULTIPLE) VALUES ('102','1024','USER_ID','User',null,'1','USER','N');

UPDATE GRP SET COMPANY_ID=NULL WHERE COMPANY_ID NOT IN(SELECT COMPANY_ID FROM COMPANY);

ALTER TABLE GRP ADD CONSTRAINT GRP_COMPANY_FK FOREIGN KEY (COMPANY_ID) REFERENCES COMPANY (COMPANY_ID);

insert into LOGIN(LOGIN,LOWERCASE_LOGIN,MANAGED_SYS_ID,USER_ID,PASSWORD,STATUS,LOGIN_ID) 
values('system','system','0','0001','passwd00','ACTIVE','0');

EXEC sp_RENAME 'RESOURCE_PROP.PROP_VALUE', 'VALUE', 'COLUMN'

ALTER TABLE RESOURCE_PROP ALTER COLUMN VALUE VARCHAR(4096);

ALTER TABLE RESOURCE_PROP ALTER COLUMN NAME NVARCHAR(100);

ALTER TABLE RESOURCE_PROP ADD IS_MULTIVALUED char(1) NOT NULL DEFAULT 'N';

ALTER TABLE RES ADD TYPE_ID NVARCHAR(32);

ALTER TABLE RES ADD CONSTRAINT RES_TYPE_FK FOREIGN KEY (TYPE_ID) REFERENCES METADATA_TYPE (TYPE_ID);

ALTER TABLE RESOURCE_PROP ALTER COLUMN METADATA_ID NVARCHAR(32);

ALTER TABLE ROLE_ATTRIBUTE ALTER COLUMN METADATA_ID NVARCHAR(32);

ALTER TABLE GRP_ATTRIBUTES ALTER COLUMN METADATA_ID NVARCHAR(32);

EXEC sp_RENAME 'RESOURCE_PROP.VALUE', '_VALUE', 'COLUMN'
ALTER TABLE RESOURCE_PROP ALTER COLUMN _VALUE VARCHAR(4096);
EXEC sp_RENAME 'GRP_ATTRIBUTES.VALUE', '_VALUE', 'COLUMN'
ALTER TABLE GRP_ATTRIBUTES ALTER COLUMN _VALUE VARCHAR(4096);
EXEC sp_RENAME 'ROLE_ATTRIBUTE.VALUE', '_VALUE', 'COLUMN'
ALTER TABLE ROLE_ATTRIBUTE ALTER COLUMN _VALUE VARCHAR(4096);
EXEC sp_RENAME 'COMPANY_ATTRIBUTE.VALUE', '_VALUE', 'COLUMN'
ALTER TABLE COMPANY_ATTRIBUTE ALTER COLUMN _VALUE VARCHAR(4096);
GO
UPDATE METADATA_TYPE SET GROUPING=NULL WHERE GROUPING NOT IN(
	'OBJECT_TYPE',
	'USER_TYPE',
	'OPERATION',
	'PHONE',
	'UI_WIDGET',
	'USER',
	'USER_2ND_STATUS',
	'ADDRESS',
	'EMAIL',
	'AUTH_LEVEL',
	'JOB_CODE',
	'SERVICE_STATUS',
	'GROUP_TYPE',
	'ROLE_TYPE',
	'ORG_TYPE',
	'RESOURCE_TYPE'
);

UPDATE USERS SET JOB_CODE=null WHERE JOB_CODE not in (SELECT TYPE_ID from METADATA_TYPE WHERE GROUPING='JOB_CODE');
UPDATE USERS SET EMPLOYEE_TYPE=null WHERE EMPLOYEE_TYPE not in (SELECT TYPE_ID from METADATA_TYPE WHERE GROUPING='USER_TYPE');

IF NOT EXISTS (SELECT 1 FROM information_schema.TABLE_CONSTRAINTS tc WHERE CONSTRAINT_TYPE = 'FOREIGN KEY' AND TABLE_CATALOG = 'openiam' AND TABLE_NAME = 'USERS' AND CONSTRAINT_NAME='FK_JOB_CODE_METADATA_TYPE')
BEGIN
	ALTER TABLE USERS ALTER COLUMN JOB_CODE NVARCHAR(32) NULL;
	ALTER TABLE USERS ADD DEFAULT 'NULL' FOR JOB_CODE;
	ALTER TABLE USERS ADD CONSTRAINT FK_JOB_CODE_METADATA_TYPE FOREIGN KEY (JOB_CODE) REFERENCES METADATA_TYPE (TYPE_ID);
END;

IF NOT EXISTS (SELECT 1 FROM information_schema.TABLE_CONSTRAINTS tc WHERE CONSTRAINT_TYPE = 'FOREIGN KEY' AND TABLE_CATALOG = 'openiam' AND TABLE_NAME = 'USERS' AND CONSTRAINT_NAME='FK_EMPLOYEE_TYPE_METADATA_TYPE')
BEGIN
	ALTER TABLE USERS ALTER COLUMN EMPLOYEE_TYPE NVARCHAR(32) NULL;
	ALTER TABLE USERS ADD DEFAULT 'NULL' FOR EMPLOYEE_TYPE;
	ALTER TABLE USERS ADD CONSTRAINT FK_EMPLOYEE_TYPE_METADATA_TYPE FOREIGN KEY (EMPLOYEE_TYPE) REFERENCES METADATA_TYPE (TYPE_ID);
END;

DELETE FROM RESOURCE_GROUP WHERE RESOURCE_ID = 'BULK_OPS';
DELETE FROM RESOURCE_USER WHERE RESOURCE_ID = 'BULK_OPS';
DELETE FROM RESOURCE_ROLE WHERE RESOURCE_ID = 'BULK_OPS';
DELETE FROM RESOURCE_PROP WHERE RESOURCE_ID = 'BULK_OPS';
DELETE FROM res_to_res_membership WHERE MEMBER_RESOURCE_ID = 'BULK_OPS';
DELETE FROM RES WHERE RESOURCE_ID = 'BULK_OPS';
DELETE FROM LANGUAGE_MAPPING WHERE REFERENCE_ID='BULK_OPS';

INSERT INTO RES (RESOURCE_ID, RESOURCE_TYPE_ID, NAME, DESCRIPTION, IS_PUBLIC, URL) VALUES('BULK_OPS', 'MENU_ITEM', 'BULK_OPS', 'User Bulk Operations Root', 'N', '/webconsole/bulkOperations.html');

INSERT INTO RESOURCE_PROP (RESOURCE_PROP_ID, RESOURCE_ID, NAME, _VALUE) VALUES ('BULK_OPS_PUB', 'BULK_OPS', 'MENU_IS_PUBLIC', 'true');
INSERT INTO RESOURCE_PROP (RESOURCE_PROP_ID, RESOURCE_ID, NAME, _VALUE) VALUES ('BULK_OPS_DESC', 'BULK_OPS', 'MENU_DISPLAY_NAME', 'User Bulk Operations');

INSERT INTO res_to_res_membership (RESOURCE_ID, MEMBER_RESOURCE_ID) VALUES('IDMAN', 'BULK_OPS');

IF EXISTS (SELECT * FROM ROLE WHERE ROLE_ID='9') 
BEGIN
	IF NOT EXISTS (SELECT * FROM RESOURCE_ROLE WHERE ROLE_ID='9' and RESOURCE_ID='BULK_OPS') 
	BEGIN
		INSERT INTO RESOURCE_ROLE (ROLE_ID, RESOURCE_ID) VALUES('9', 'BULK_OPS');
	END;
END;


IF NOT EXISTS (SELECT * FROM LANGUAGE_MAPPING WHERE REFERENCE_ID='BULK_OPS') 
BEGIN
	INSERT INTO LANGUAGE_MAPPING(ID, LANGUAGE_ID, REFERENCE_TYPE, REFERENCE_ID, TEXT_VALUE) VALUES('BULK_OPS_DESC', '1', 'ResourceEntity.displayNameMap', 'BULK_OPS', 'User Bulk Operations');
END;

UPDATE LANGUAGE_MAPPING SET REFERENCE_TYPE='MetadataTypeEntity.displayNameMap' WHERE REFERENCE_TYPE='MetadataTypeEntity';
UPDATE LANGUAGE_MAPPING SET REFERENCE_TYPE='LanguageEntity.displayNameMap' WHERE REFERENCE_TYPE='LanguageEntity';
UPDATE LANGUAGE_MAPPING SET REFERENCE_TYPE='MetadataElementEntity.languageMap' WHERE REFERENCE_TYPE='MetadataElementEntity';
UPDATE LANGUAGE_MAPPING SET REFERENCE_TYPE='MetadataElementEntity.defaultValueLanguageMap' WHERE REFERENCE_TYPE='MetadataElementDefaultValues';
UPDATE LANGUAGE_MAPPING SET REFERENCE_TYPE='MetadataFieldTemplateXrefEntity.languageMap' WHERE REFERENCE_TYPE='MetadataFieldTemplateXrefEntity';
UPDATE LANGUAGE_MAPPING SET REFERENCE_TYPE='MetadataValidValueEntity.languageMap' WHERE REFERENCE_TYPE='MetadataValidValueEntity';
UPDATE LANGUAGE_MAPPING SET REFERENCE_TYPE='OrganizationTypeEntity.displayNameMap' WHERE REFERENCE_TYPE='OrganizationTypeEntity';
UPDATE LANGUAGE_MAPPING SET REFERENCE_TYPE='IdentityQuestionEntity.displayNameMap' WHERE REFERENCE_TYPE='IdentityQuestionEntity';
UPDATE LANGUAGE_MAPPING SET REFERENCE_TYPE='ResourceEntity.displayNameMap' WHERE REFERENCE_TYPE='ResourceEntity';
UPDATE LANGUAGE_MAPPING SET REFERENCE_TYPE='ResourceTypeEntity.displayNameMap' WHERE REFERENCE_TYPE='ResourceTypeEntity';

ALTER TABLE ROLE ADD TYPE_ID NVARCHAR(32);

ALTER TABLE ROLE ADD CONSTRAINT ROLE_TYPE_FK FOREIGN KEY (TYPE_ID) REFERENCES METADATA_TYPE (TYPE_ID);

ALTER TABLE GRP ADD TYPE_ID NVARCHAR(32);
ALTER TABLE GRP ADD CONSTRAINT GRP_TYPE_FK FOREIGN KEY (TYPE_ID) REFERENCES METADATA_TYPE (TYPE_ID);

DELETE FROM RESOURCE_GROUP  WHERE RESOURCE_ID IN('DIRECTORY');
DELETE FROM RESOURCE_PROP WHERE RESOURCE_ID IN('DIRECTORY');
DELETE FROM RESOURCE_ROLE WHERE RESOURCE_ID IN('DIRECTORY');
DELETE FROM RESOURCE_USER WHERE RESOURCE_ID IN('DIRECTORY');
DELETE FROM res_to_res_membership WHERE RESOURCE_ID IN('DIRECTORY');
DELETE FROM res_to_res_membership  WHERE MEMBER_RESOURCE_ID IN('DIRECTORY');
DELETE FROM RES WHERE RESOURCE_ID IN('DIRECTORY');

UPDATE RES SET IS_PUBLIC='N' WHERE RESOURCE_ID IN ('IDMAN', 'ACC_CONTROL', 'PROVISIONING', 'SECURITY_POLICY', 'REPORT', 'WEB_REPORT', 'ADMIN', 'ACCESSCENTER', 'REQUEST_APPROVAL', 'SELFSERVICE_REPORT', 'DIR_LOOKUP_PAGE');

UPDATE RES SET IS_PUBLIC='Y' WHERE RESOURCE_ID IN ('IDM', 'SELFSERVICE', 'SELFSERVICE_MYINFO', 'SELFSERVICE_MYAPPS', 'SELFCENTER', 'CHNGPSWD', 'IDQUEST', 'PROFILE');

DELETE FROM RESOURCE_GROUP WHERE RESOURCE_ID = 'MNG_SYS_VIEWER';
DELETE FROM RESOURCE_USER WHERE RESOURCE_ID = 'MNG_SYS_VIEWER';
DELETE FROM RESOURCE_ROLE WHERE RESOURCE_ID = 'MNG_SYS_VIEWER';
DELETE FROM RESOURCE_PROP WHERE RESOURCE_ID = 'MNG_SYS_VIEWER';
DELETE FROM res_to_res_membership WHERE MEMBER_RESOURCE_ID = 'MNG_SYS_VIEWER';
DELETE FROM RES WHERE RESOURCE_ID = 'MNG_SYS_VIEWER';
DELETE FROM LANGUAGE_MAPPING WHERE REFERENCE_ID='MNG_SYS_VIEWER';

INSERT INTO RES (RESOURCE_ID, RESOURCE_TYPE_ID, NAME, DESCRIPTION, DISPLAY_ORDER, IS_PUBLIC, URL) VALUES('MNG_SYS_VIEWER', 'MENU_ITEM', 'USR_MNG_SYS_VIEWER', 'Managed System Viewer', 12, 'N', '/webconsole/mngSysViewerList.html');

INSERT INTO RESOURCE_PROP (RESOURCE_PROP_ID, RESOURCE_ID, NAME, _VALUE) VALUES ('MNG_SYS_VIEWER_PUB', 'MNG_SYS_VIEWER', 'MENU_IS_PUBLIC', 'true');
INSERT INTO RESOURCE_PROP (RESOURCE_PROP_ID, RESOURCE_ID, NAME, _VALUE) VALUES ('MNG_SYS_VIEWER_DESC', 'MNG_SYS_VIEWER', 'MENU_DISPLAY_NAME', 'Managed System Viewer');

INSERT INTO res_to_res_membership (RESOURCE_ID, MEMBER_RESOURCE_ID) VALUES('USER_EDIT_MENU', 'MNG_SYS_VIEWER');

IF EXISTS (SELECT * FROM ROLE WHERE ROLE_ID='9') 
BEGIN
	IF NOT EXISTS (SELECT * FROM RESOURCE_ROLE WHERE ROLE_ID='9' and RESOURCE_ID='MNG_SYS_VIEWER') 
	BEGIN
		INSERT INTO RESOURCE_ROLE (ROLE_ID, RESOURCE_ID) VALUES('9', 'MNG_SYS_VIEWER');
	END;
END;



IF NOT EXISTS (SELECT * FROM LANGUAGE_MAPPING WHERE REFERENCE_ID='MNG_SYS_VIEWER') 
BEGIN
	INSERT INTO LANGUAGE_MAPPING(ID, LANGUAGE_ID, REFERENCE_TYPE, REFERENCE_ID, TEXT_VALUE) VALUES('MNG_SYS_VIEWER_DESC', '1', 'ResourceEntity.displayNameMap', 'MNG_SYS_VIEWER', 'Managed System Viewer');
END;

UPDATE USERS SET TYPE_ID=NULL;

DELETE FROM METADATA_TYPE WHERE GROUPING IN('USER_OBJECT_TYPE');
DELETE FROM LANGUAGE_MAPPING WHERE ID IN('DEFAULT_USER_TYPE', 'INTERNAL_USER_TYPE');

INSERT INTO METADATA_TYPE (TYPE_ID, DESCRIPTION, ACTIVE, GROUPING, IS_BINARY) VALUES('DEFAULT_USER', 'Default User', 'Y', 'USER_OBJECT_TYPE', 'N');
INSERT INTO METADATA_TYPE (TYPE_ID, DESCRIPTION, ACTIVE, GROUPING, IS_BINARY) VALUES('INTERNAL_USER', 'Internal User', 'Y', 'USER_OBJECT_TYPE', 'N');

INSERT INTO LANGUAGE_MAPPING (ID, LANGUAGE_ID, REFERENCE_ID, REFERENCE_TYPE, TEXT_VALUE) VALUES('DEFAULT_USER_TYPE', '1', 'DEFAULT_USER', 'MetadataTypeEntity.displayNameMap', 'Default User');
INSERT INTO LANGUAGE_MAPPING (ID, LANGUAGE_ID, REFERENCE_ID, REFERENCE_TYPE, TEXT_VALUE) VALUES('INTERNAL_USER_TYPE', '1', 'INTERNAL_USER', 'MetadataTypeEntity.displayNameMap', 'Internal User');

UPDATE MANAGED_SYS SET ADD_HNDLR='groovy/example/AddScriptConnector.groovy', MODIFY_HNDLR='groovy/example/ModifyScriptConnector.groovy', DELETE_HNDLR='groovy/example/DeleteScriptConnector.groovy', SEARCH_HNDLR='groovy/example/SearchScriptConnector.groovy', LOOKUP_HNDLR='groovy/example/LookupScriptConnector.groovy', TEST_CONNECTION_HNDLR='groovy/example/TestScriptConnector.groovy' WHERE MANAGED_SYS_ID='104';

IF NOT EXISTS (SELECT 1 FROM ROLE WHERE ROLE_ID = '9') 
BEGIN
  insert into ROLE(ROLE_ID, ROLE_NAME) VALUES ('9','Super Security Admin');
END;

IF NOT EXISTS (SELECT 1 FROM GRP WHERE GRP_ID = 'SUPER_SEC_ADMIN_GRP') 
BEGIN
  insert into GRP(GRP_ID, GRP_NAME) VALUES ('SUPER_SEC_ADMIN_GRP','Super Admin Group');
END;

update ROLE SET DESCRIPTION='Super Security Admin', STATUS='ACTIVE';

delete from RESOURCE_ROLE where ROLE_ID='9' and RESOURCE_ID in (SELECT RESOURCE_ID FROM RES WHERE RESOURCE_TYPE_ID='MENU_ITEM');

insert into RESOURCE_ROLE(RESOURCE_ID, ROLE_ID) select RESOURCE_ID, '9' FROM RES WHERE RESOURCE_TYPE_ID='MENU_ITEM';

delete from GRP_ROLE WHERE GRP_ID='SUPER_SEC_ADMIN_GRP' and ROLE_ID='9';

insert into GRP_ROLE(GRP_ID, ROLE_ID) values ('SUPER_SEC_ADMIN_GRP', '9');

delete from USER_ROLE WHERE USER_ID='3000' and ROLE_ID='9';

insert into USER_ROLE(USER_ID, ROLE_ID) values ('3000', '9');

update LANGUAGE SET IS_USED='Y' WHERE ID='4';

delete from LANGUAGE_MAPPING WHERE LANGUAGE_ID in (SELECT ID FROM LANGUAGE WHERE IS_USED='N');
delete from LANGUAGE_LOCALE WHERE LANGUAGE_ID in (SELECT ID FROM LANGUAGE WHERE IS_USED='N');
delete FROM LANGUAGE WHERE IS_USED='N';

ALTER TABLE REQUEST_ATTRIBUTE DROP COLUMN ATTR_GROUP;

ALTER TABLE ROLE_ATTRIBUTE DROP COLUMN ATTR_GROUP;

ALTER TABLE LOGIN_ATTRIBUTE DROP COLUMN ATTR_GROUP;

ALTER TABLE USER_ATTRIBUTES DROP COLUMN ATTR_GROUP;

DELETE FROM res_to_res_membership where MEMBER_RESOURCE_ID='META_ADMIN';
DELETE FROM res_to_res_membership where MEMBER_RESOURCE_ID='META_SEARCH';
DELETE FROM res_to_res_membership where RESOURCE_ID='META_SUBMENU_ROOT';

DELETE FROM RES where RESOURCE_ID='META_TYPE_EDIT_RETURN';
DELETE FROM res_to_res_membership where MEMBER_RESOURCE_ID='META_TYPE_EDIT_RETURN';
DELETE FROM LANGUAGE_MAPPING where ID='META_TYPE_EDIT_RETURN_DESC';

INSERT INTO RES (RESOURCE_ID, RESOURCE_TYPE_ID, DESCRIPTION, NAME, DISPLAY_ORDER, URL, IS_PUBLIC) VALUES  ('META_TYPE_EDIT_RETURN','MENU_ITEM','metadata type edit','metadata type edit', 1, '/webconsole/metaDataTypeEdit.html', 'Y');
INSERT INTO res_to_res_membership (RESOURCE_ID, MEMBER_RESOURCE_ID, CREATE_DATE, UPDATE_DATE) VALUES ('META_SUBMENU_ROOT','META_TYPE_EDIT_RETURN',GETDATE(),GETDATE());
INSERT INTO LANGUAGE_MAPPING(ID, LANGUAGE_ID, REFERENCE_TYPE, REFERENCE_ID, TEXT_VALUE) VALUES('META_TYPE_EDIT_RETURN_DESC', '1', 'ResourceEntity.displayNameMap', 'META_TYPE_EDIT_RETURN', 'Return to Metadata type');

UPDATE UI_TEMPLATE_FIELDS SET NAME='Metadata Type' WHERE UI_FIELD_ID='USER_OBJECT_TYPE';

-- This Script should be called by an external source to initialize the content providers.
-- The Installer calls this.  Do NOT delete.
 

DELETE FROM METADATA_URI_XREF WHERE TEMPLATE_ID IN('NEW_USER_TEMPLATE');
DELETE FROM CONTENT_PROVIDER_SERVER WHERE CONTENT_PROVIDER_ID IN('DEFAULT_CP');
DELETE FROM CP_AUTH_LEVEL_GRP_XREF WHERE CONTENT_PROVIDER_ID IN('DEFAULT_CP');


DELETE FROM URI_AUTH_LEVEL_GRP_XREF WHERE URI_PATTERN_ID IN(
		'SELFREG_PATTERN', 
		'UI_STATIC', 
		'CHANGE_PASSWORD', 
		'UNLOCK_PASSWORD', 
		'LOGOUT_PATTERN', 
		'SAML_LOGIN_PATTERN', 
		'SAML_METADATA_PATTERN', 
		'UNLOCK_PASSWORD_QUESTIONS', 
		'UNLOCK_USER_RESET_FORM', 
		'WEBCONSOLE_CLEAR_CNTX',
		'WEBCONSOLE_AM_CLEAR_CNTX', 
		'WEBCONSOLE_IDM_CLEAR_CNTX', 
		'SELFSERVICE_CLEAR_CNTX', 
		'SEARCH_ORG_PATTERN', 
		'REPORTVIEWER_PATTERN',
		'LANGUAGE_SUPPORT_PATTERN',
		'SELFSERVICE_EXT_CLEAR_CNTX',
		'ROLE_METADATA_PATTERN',
		'SEARCH_ROLES_PATTERN',
		'GROUP_METADATA_PATTERN',
		'SEARCH_GROUPS_PATTERN',
		'ORG_METADATA_PATTERN',
		'FORGOT_USERNAME'
	);
DELETE FROM URI_PATTERN WHERE URI_PATTERN_ID IN(
	'DEF_CP_SELSERVICE_SLASH', 
	'DEF_CP_WEBCONSOLE_AM_SLASH', 
	'DEF_CP_WEBCONSOLE_IDM_SLASH', 
	'DEF_CP_WEBCONSOLE_SLASH', 
	'SELFREG_PATTERN', 
	'UI_STATIC', 
	'CHANGE_PASSWORD', 
	'UNLOCK_PASSWORD', 
	'LOGOUT_PATTERN', 
	'SAML_LOGIN_PATTERN', 
	'SAML_METADATA_PATTERN', 
	'UNLOCK_PASSWORD_QUESTIONS', 
	'UNLOCK_USER_RESET_FORM', 
	'WEBCONSOLE_CLEAR_CNTX',
	'WEBCONSOLE_AM_CLEAR_CNTX', 
	'WEBCONSOLE_IDM_CLEAR_CNTX', 
	'SELFSERVICE_CLEAR_CNTX', 
	'SEARCH_ORG_PATTERN', 
	'REPORTVIEWER_PATTERN', 
	'LANGUAGE_SUPPORT_PATTERN',
	'SELFSERVICE_EXT_CLEAR_CNTX',
	'ROLE_METADATA_PATTERN',
	'SEARCH_ROLES_PATTERN',
	'GROUP_METADATA_PATTERN',
	'SEARCH_GROUPS_PATTERN',
	'ORG_METADATA_PATTERN',
	'FORGOT_USERNAME'
);
DELETE FROM CONTENT_PROVIDER WHERE CONTENT_PROVIDER_ID IN('DEFAULT_CP');
DELETE FROM METADATA_ELEMENT_PAGE_TEMPLATE WHERE ID IN('NEW_USER_TEMPLATE');
DELETE FROM RES WHERE RESOURCE_ID IN(
	'DEFAULT_CP', 
	'DEF_CP_SELSERVICE_SLASH', 
	'DEF_CP_WEBCONSOLE_AM_SLASH', 
	'DEF_CP_WEBCONSOLE_IDM_SLASH', 
	'DEF_CP_WEBCONSOLE_SLASH', 
	'NEW_USER_TEMPLATE', 
	'SELFREG_PATTERN', 
	'UI_STATIC', 
	'CHANGE_PASSWORD', 
	'UNLOCK_PASSWORD', 
	'LOGOUT_PATTERN', 
	'SAML_LOGIN_PATTERN', 
	'SAML_METADATA_PATTERN', 
	'UNLOCK_PASSWORD_QUESTIONS', 
	'UNLOCK_USER_RESET_FORM', 
	'WEBCONSOLE_CLEAR_CNTX',
	'WEBCONSOLE_AM_CLEAR_CNTX', 
	'WEBCONSOLE_IDM_CLEAR_CNTX', 
	'SELFSERVICE_CLEAR_CNTX', 
	'SEARCH_ORG_PATTERN', 
	'REPORTVIEWER_PATTERN', 
	'LANGUAGE_SUPPORT_PATTERN',
	'SELFSERVICE_EXT_CLEAR_CNTX',
	'ROLE_METADATA_PATTERN',
	'SEARCH_ROLES_PATTERN',
	'GROUP_METADATA_PATTERN',
	'SEARCH_GROUPS_PATTERN',
	'ORG_METADATA_PATTERN',
	'FORGOT_USERNAME'
);



IF OBJECT_ID ( 'SETUP_CONTENT_PROVIDERS', 'P' ) IS NOT NULL 
    DROP PROCEDURE SETUP_CONTENT_PROVIDERS;
GO
CREATE PROCEDURE SETUP_CONTENT_PROVIDERS
	@cpDomain NVARCHAR(255), 
	@serverDomain NVARCHAR(255)
AS
	IF NOT EXISTS (SELECT * FROM CONTENT_PROVIDER) 
	BEGIN
 			INSERT INTO RES (RESOURCE_ID, RESOURCE_TYPE_ID, NAME, IS_PUBLIC, URL) VALUES('DEFAULT_CP', 'CONTENT_PROVIDER', 'Default Content Provider', 'Y', @cpDomain);
			INSERT INTO CONTENT_PROVIDER (CONTENT_PROVIDER_ID, CONTENT_PROVIDER_NAME, IS_PUBLIC, DOMAIN_PATTERN, IS_SSL, RESOURCE_ID, MANAGED_SYS_ID) 
								   VALUES('DEFAULT_CP', 'Default Content Provider', 'Y', @cpDomain, NULL, 'DEFAULT_CP', '0');
			INSERT INTO CP_AUTH_LEVEL_GRP_XREF (CONTENT_PROVIDER_ID, AUTH_LEVEL_GROUPING_ID, EXEC_ORDER) VALUES ('DEFAULT_CP', 'PASSWORD_AUTH', 0);
			INSERT INTO CONTENT_PROVIDER_SERVER (CONTENT_PROVIDER_SERVER_ID, CONTENT_PROVIDER_ID, SERVER_URL) VALUES ('DEFAULT_CP', 'DEFAULT_CP', @serverDomain);					   
			
			INSERT INTO RES (RESOURCE_ID, RESOURCE_TYPE_ID, NAME, IS_PUBLIC) VALUES('DEF_CP_SELSERVICE_SLASH', 'URL_PATTERN', 'Default Content Provider /selfservice/*', 'Y');
			INSERT INTO URI_PATTERN (URI_PATTERN_ID, CONTENT_PROVIDER_ID, PATTERN, IS_PUBLIC, RESOURCE_ID) VALUES('DEF_CP_SELSERVICE_SLASH', 'DEFAULT_CP', '/selfservice/*', 'Y', 'DEF_CP_SELSERVICE_SLASH');
			
			INSERT INTO RES (RESOURCE_ID, RESOURCE_TYPE_ID, NAME, IS_PUBLIC) VALUES('DEF_CP_WEBCONSOLE_AM_SLASH', 'URL_PATTERN', 'Default Content Provider /webconsole-am/*', 'Y');
			INSERT INTO URI_PATTERN (URI_PATTERN_ID, CONTENT_PROVIDER_ID, PATTERN, IS_PUBLIC, RESOURCE_ID) VALUES('DEF_CP_WEBCONSOLE_AM_SLASH', 'DEFAULT_CP', '/webconsole-am/*', 'Y', 'DEF_CP_WEBCONSOLE_AM_SLASH');
			
			INSERT INTO RES (RESOURCE_ID, RESOURCE_TYPE_ID, NAME, IS_PUBLIC) VALUES('DEF_CP_WEBCONSOLE_IDM_SLASH', 'URL_PATTERN', 'Default Content Provider /webconsole-idm/*', 'Y');
			INSERT INTO URI_PATTERN (URI_PATTERN_ID, CONTENT_PROVIDER_ID, PATTERN, IS_PUBLIC, RESOURCE_ID) VALUES('DEF_CP_WEBCONSOLE_IDM_SLASH', 'DEFAULT_CP', '/webconsole-idm/*', 'Y', 'DEF_CP_WEBCONSOLE_IDM_SLASH');
			
			INSERT INTO RES (RESOURCE_ID, RESOURCE_TYPE_ID, NAME, IS_PUBLIC) VALUES('DEF_CP_WEBCONSOLE_SLASH', 'URL_PATTERN', 'Default Content Provider /webconsole/*', 'Y');
			INSERT INTO URI_PATTERN (URI_PATTERN_ID, CONTENT_PROVIDER_ID, PATTERN, IS_PUBLIC, RESOURCE_ID) VALUES('DEF_CP_WEBCONSOLE_SLASH', 'DEFAULT_CP', '/webconsole/*', 'Y', 'DEF_CP_WEBCONSOLE_SLASH');
			
			INSERT INTO RES (RESOURCE_ID, RESOURCE_TYPE_ID, NAME, IS_PUBLIC) VALUES('NEW_USER_TEMPLATE', 'UI_TEMPLATE', 'New User Template', 'Y');
			INSERT INTO METADATA_ELEMENT_PAGE_TEMPLATE (ID, NAME, RESOURCE_ID, IS_PUBLIC, TEMPLATE_TYPE_ID) VALUES('NEW_USER_TEMPLATE', 'New User Template', 'NEW_USER_TEMPLATE', 'Y', 'USER_TEMPLATE');
			INSERT INTO METADATA_URI_XREF (TEMPLATE_ID, URI_PATTERN_ID) VALUES('NEW_USER_TEMPLATE', 'DEF_CP_SELSERVICE_SLASH');
			
			INSERT INTO RES (RESOURCE_ID, RESOURCE_TYPE_ID, NAME, IS_PUBLIC) VALUES('SELFREG_PATTERN', 'URL_PATTERN', 'Default Content Provider /selfservice/selfRegistration.html', 'Y');
			INSERT INTO URI_PATTERN (URI_PATTERN_ID, CONTENT_PROVIDER_ID, PATTERN, IS_PUBLIC, RESOURCE_ID) VALUES('SELFREG_PATTERN', 'DEFAULT_CP', '/selfservice/selfRegistration.html', 'Y', 'SELFREG_PATTERN');
			INSERT INTO URI_AUTH_LEVEL_GRP_XREF (URI_PATTERN_ID, AUTH_LEVEL_GROUPING_ID, EXEC_ORDER) VALUES('SELFREG_PATTERN', 'NONE', 0);
			INSERT INTO METADATA_URI_XREF (TEMPLATE_ID, URI_PATTERN_ID) VALUES('NEW_USER_TEMPLATE', 'SELFREG_PATTERN');
			
			INSERT INTO RES (RESOURCE_ID, RESOURCE_TYPE_ID, NAME, IS_PUBLIC) VALUES('UI_STATIC', 'URL_PATTERN', 'Default Content Provider /openiam-ui-static/*', 'Y');
			INSERT INTO URI_PATTERN (URI_PATTERN_ID, CONTENT_PROVIDER_ID, PATTERN, IS_PUBLIC, RESOURCE_ID) VALUES('UI_STATIC', 'DEFAULT_CP', '/openiam-ui-static/*', 'Y', 'UI_STATIC');
			INSERT INTO URI_AUTH_LEVEL_GRP_XREF (URI_PATTERN_ID, AUTH_LEVEL_GROUPING_ID, EXEC_ORDER) VALUES('UI_STATIC', 'NONE', 0);

			INSERT INTO RES (RESOURCE_ID, RESOURCE_TYPE_ID, NAME, IS_PUBLIC) VALUES('FORGOT_USERNAME', 'URL_PATTERN', 'Default Content Provider /idp/forgotUsername.html', 'Y');
			INSERT INTO URI_PATTERN (URI_PATTERN_ID, CONTENT_PROVIDER_ID, PATTERN, IS_PUBLIC, RESOURCE_ID) VALUES('FORGOT_USERNAME', 'DEFAULT_CP', '/idp/forgotUsername.html', 'Y', 'FORGOT_USERNAME');
			INSERT INTO URI_AUTH_LEVEL_GRP_XREF (URI_PATTERN_ID, AUTH_LEVEL_GROUPING_ID, EXEC_ORDER) VALUES('FORGOT_USERNAME', 'NONE', 0);
			
			INSERT INTO RES (RESOURCE_ID, RESOURCE_TYPE_ID, NAME, IS_PUBLIC) VALUES('CHANGE_PASSWORD', 'URL_PATTERN', 'Default Content Provider /idp/changePassword.html', 'Y');
			INSERT INTO URI_PATTERN (URI_PATTERN_ID, CONTENT_PROVIDER_ID, PATTERN, IS_PUBLIC, RESOURCE_ID) VALUES('CHANGE_PASSWORD', 'DEFAULT_CP', '/idp/changePassword.html', 'Y', 'CHANGE_PASSWORD');
			INSERT INTO URI_AUTH_LEVEL_GRP_XREF (URI_PATTERN_ID, AUTH_LEVEL_GROUPING_ID, EXEC_ORDER) VALUES('CHANGE_PASSWORD', 'NONE', 0);
			
			INSERT INTO RES (RESOURCE_ID, RESOURCE_TYPE_ID, NAME, IS_PUBLIC) VALUES('UNLOCK_PASSWORD', 'URL_PATTERN', 'Default Content Provider /idp/unlockPassword.html', 'Y');
			INSERT INTO URI_PATTERN (URI_PATTERN_ID, CONTENT_PROVIDER_ID, PATTERN, IS_PUBLIC, RESOURCE_ID) VALUES('UNLOCK_PASSWORD', 'DEFAULT_CP', '/idp/unlockPassword.html', 'Y', 'UNLOCK_PASSWORD');
			INSERT INTO URI_AUTH_LEVEL_GRP_XREF (URI_PATTERN_ID, AUTH_LEVEL_GROUPING_ID, EXEC_ORDER) VALUES('UNLOCK_PASSWORD', 'NONE', 0);
			
			INSERT INTO RES (RESOURCE_ID, RESOURCE_TYPE_ID, NAME, IS_PUBLIC) VALUES('LOGOUT_PATTERN', 'URL_PATTERN', 'Default Content Provider /idp/logout.html', 'Y');
			INSERT INTO URI_PATTERN (URI_PATTERN_ID, CONTENT_PROVIDER_ID, PATTERN, IS_PUBLIC, RESOURCE_ID) VALUES('LOGOUT_PATTERN', 'DEFAULT_CP', '/idp/logout.html', 'Y', 'LOGOUT_PATTERN');
			INSERT INTO URI_AUTH_LEVEL_GRP_XREF (URI_PATTERN_ID, AUTH_LEVEL_GROUPING_ID, EXEC_ORDER) VALUES('LOGOUT_PATTERN', 'NONE', 0);
			
			INSERT INTO RES (RESOURCE_ID, RESOURCE_TYPE_ID, NAME, IS_PUBLIC) VALUES('SAML_LOGIN_PATTERN', 'URL_PATTERN', 'Default Content Provider /idp/SAMLLogin.html', 'Y');
			INSERT INTO URI_PATTERN (URI_PATTERN_ID, CONTENT_PROVIDER_ID, PATTERN, IS_PUBLIC, RESOURCE_ID) VALUES('SAML_LOGIN_PATTERN', 'DEFAULT_CP', '/idp/SAMLLogin.html', 'Y', 'SAML_LOGIN_PATTERN');
			INSERT INTO URI_AUTH_LEVEL_GRP_XREF (URI_PATTERN_ID, AUTH_LEVEL_GROUPING_ID, EXEC_ORDER) VALUES('SAML_LOGIN_PATTERN', 'NONE', 0);
			
			INSERT INTO RES (RESOURCE_ID, RESOURCE_TYPE_ID, NAME, IS_PUBLIC) VALUES('SAML_METADATA_PATTERN', 'URL_PATTERN', 'Default Content Provider /idp/SAMLMetadata.html', 'Y');
			INSERT INTO URI_PATTERN (URI_PATTERN_ID, CONTENT_PROVIDER_ID, PATTERN, IS_PUBLIC, RESOURCE_ID) VALUES('SAML_METADATA_PATTERN', 'DEFAULT_CP', '/idp/SAMLMetadata.html', 'Y', 'SAML_METADATA_PATTERN');
			INSERT INTO URI_AUTH_LEVEL_GRP_XREF (URI_PATTERN_ID, AUTH_LEVEL_GROUPING_ID, EXEC_ORDER) VALUES('SAML_METADATA_PATTERN', 'NONE', 0);
			
			INSERT INTO RES (RESOURCE_ID, RESOURCE_TYPE_ID, NAME, IS_PUBLIC) VALUES('UNLOCK_PASSWORD_QUESTIONS', 'URL_PATTERN', 'Default Content Provider /idp/unlockPasswordQuestions.html', 'Y');
			INSERT INTO URI_PATTERN (URI_PATTERN_ID, CONTENT_PROVIDER_ID, PATTERN, IS_PUBLIC, RESOURCE_ID) VALUES('UNLOCK_PASSWORD_QUESTIONS', 'DEFAULT_CP', '/idp/unlockPasswordQuestions.html', 'Y', 'UNLOCK_PASSWORD_QUESTIONS');
			INSERT INTO URI_AUTH_LEVEL_GRP_XREF (URI_PATTERN_ID, AUTH_LEVEL_GROUPING_ID, EXEC_ORDER) VALUES('UNLOCK_PASSWORD_QUESTIONS', 'NONE', 0);
			
			INSERT INTO RES (RESOURCE_ID, RESOURCE_TYPE_ID, NAME, IS_PUBLIC) VALUES('UNLOCK_USER_RESET_FORM', 'URL_PATTERN', 'Default Content Provider /idp/unlockUserResetPasswordForm.html', 'Y');
			INSERT INTO URI_PATTERN (URI_PATTERN_ID, CONTENT_PROVIDER_ID, PATTERN, IS_PUBLIC, RESOURCE_ID) VALUES('UNLOCK_USER_RESET_FORM', 'DEFAULT_CP', '/idp/unlockUserResetPasswordForm.html', 'Y', 'UNLOCK_USER_RESET_FORM');
			INSERT INTO URI_AUTH_LEVEL_GRP_XREF (URI_PATTERN_ID, AUTH_LEVEL_GROUPING_ID, EXEC_ORDER) VALUES('UNLOCK_USER_RESET_FORM', 'NONE', 0);
			
			INSERT INTO RES (RESOURCE_ID, RESOURCE_TYPE_ID, NAME, IS_PUBLIC) VALUES('WEBCONSOLE_CLEAR_CNTX', 'URL_PATTERN', 'Default Content Provider /webconsole/clearContext.html', 'Y');
			INSERT INTO URI_PATTERN (URI_PATTERN_ID, CONTENT_PROVIDER_ID, PATTERN, IS_PUBLIC, RESOURCE_ID) VALUES('WEBCONSOLE_CLEAR_CNTX', 'DEFAULT_CP', '/webconsole/clearContext.html', 'Y', 'WEBCONSOLE_CLEAR_CNTX');
			INSERT INTO URI_AUTH_LEVEL_GRP_XREF (URI_PATTERN_ID, AUTH_LEVEL_GROUPING_ID, EXEC_ORDER) VALUES('WEBCONSOLE_CLEAR_CNTX', 'NONE', 0);
			
			INSERT INTO RES (RESOURCE_ID, RESOURCE_TYPE_ID, NAME, IS_PUBLIC) VALUES('WEBCONSOLE_AM_CLEAR_CNTX', 'URL_PATTERN', 'Default Content Provider /webconsole-am/clearContext.html', 'Y');
			INSERT INTO URI_PATTERN (URI_PATTERN_ID, CONTENT_PROVIDER_ID, PATTERN, IS_PUBLIC, RESOURCE_ID) VALUES('WEBCONSOLE_AM_CLEAR_CNTX', 'DEFAULT_CP', '/webconsole-am/clearContext.html', 'Y', 'WEBCONSOLE_AM_CLEAR_CNTX');
			INSERT INTO URI_AUTH_LEVEL_GRP_XREF (URI_PATTERN_ID, AUTH_LEVEL_GROUPING_ID, EXEC_ORDER) VALUES('WEBCONSOLE_AM_CLEAR_CNTX', 'NONE', 0);
			
			INSERT INTO RES (RESOURCE_ID, RESOURCE_TYPE_ID, NAME, IS_PUBLIC) VALUES('WEBCONSOLE_IDM_CLEAR_CNTX', 'URL_PATTERN', 'Default Content Provider /webconsole-idm/clearContext.html', 'Y');
			INSERT INTO URI_PATTERN (URI_PATTERN_ID, CONTENT_PROVIDER_ID, PATTERN, IS_PUBLIC, RESOURCE_ID) VALUES('WEBCONSOLE_IDM_CLEAR_CNTX', 'DEFAULT_CP', '/webconsole-idm/clearContext.html', 'Y', 'WEBCONSOLE_IDM_CLEAR_CNTX');
			INSERT INTO URI_AUTH_LEVEL_GRP_XREF (URI_PATTERN_ID, AUTH_LEVEL_GROUPING_ID, EXEC_ORDER) VALUES('WEBCONSOLE_IDM_CLEAR_CNTX', 'NONE', 0);
			
			INSERT INTO RES (RESOURCE_ID, RESOURCE_TYPE_ID, NAME, IS_PUBLIC) VALUES('SELFSERVICE_CLEAR_CNTX', 'URL_PATTERN', 'Default Content Provider /selfservice/clearContext.html', 'Y');
			INSERT INTO URI_PATTERN (URI_PATTERN_ID, CONTENT_PROVIDER_ID, PATTERN, IS_PUBLIC, RESOURCE_ID) VALUES('SELFSERVICE_CLEAR_CNTX', 'DEFAULT_CP', '/selfservice/clearContext.html', 'Y', 'SELFSERVICE_CLEAR_CNTX');
			INSERT INTO URI_AUTH_LEVEL_GRP_XREF (URI_PATTERN_ID, AUTH_LEVEL_GROUPING_ID, EXEC_ORDER) VALUES('SELFSERVICE_CLEAR_CNTX', 'NONE', 0);
			
			INSERT INTO RES (RESOURCE_ID, RESOURCE_TYPE_ID, NAME, IS_PUBLIC) VALUES('SELFSERVICE_EXT_CLEAR_CNTX', 'URL_PATTERN', 'Default Content Provider /selfservice-ext/clearContext.html', 'Y');
			INSERT INTO URI_PATTERN (URI_PATTERN_ID, CONTENT_PROVIDER_ID, PATTERN, IS_PUBLIC, RESOURCE_ID) VALUES('SELFSERVICE_EXT_CLEAR_CNTX', 'DEFAULT_CP', '/selfservice-ext/clearContext.html', 'Y', 'SELFSERVICE_EXT_CLEAR_CNTX');
			INSERT INTO URI_AUTH_LEVEL_GRP_XREF (URI_PATTERN_ID, AUTH_LEVEL_GROUPING_ID, EXEC_ORDER) VALUES('SELFSERVICE_EXT_CLEAR_CNTX', 'NONE', 0);
			
			INSERT INTO RES (RESOURCE_ID, RESOURCE_TYPE_ID, NAME, IS_PUBLIC) VALUES('SEARCH_ORG_PATTERN', 'URL_PATTERN', 'Default Content Provider /selfservice/rest/api/entitlements/searchOrganizations', 'Y');
			INSERT INTO URI_PATTERN (URI_PATTERN_ID, CONTENT_PROVIDER_ID, PATTERN, IS_PUBLIC, RESOURCE_ID) VALUES('SEARCH_ORG_PATTERN', 'DEFAULT_CP', '/selfservice/rest/api/entitlements/searchOrganizations', 'Y', 'SEARCH_ORG_PATTERN');
			INSERT INTO URI_AUTH_LEVEL_GRP_XREF (URI_PATTERN_ID, AUTH_LEVEL_GROUPING_ID, EXEC_ORDER) VALUES('SEARCH_ORG_PATTERN', 'NONE', 0);
			
			INSERT INTO RES (RESOURCE_ID, RESOURCE_TYPE_ID, NAME, IS_PUBLIC) VALUES('REPORTVIEWER_PATTERN', 'URL_PATTERN', 'Default Content Provider /reportviewer/*', 'Y');
			INSERT INTO URI_PATTERN (URI_PATTERN_ID, CONTENT_PROVIDER_ID, PATTERN, IS_PUBLIC, RESOURCE_ID) VALUES('REPORTVIEWER_PATTERN', 'DEFAULT_CP', '/reportviewer/*', 'Y', 'REPORTVIEWER_PATTERN');
			INSERT INTO URI_AUTH_LEVEL_GRP_XREF (URI_PATTERN_ID, AUTH_LEVEL_GROUPING_ID, EXEC_ORDER) VALUES('REPORTVIEWER_PATTERN', 'NONE', 0);
			
			INSERT INTO RES (RESOURCE_ID, RESOURCE_TYPE_ID, NAME, IS_PUBLIC) VALUES('LANGUAGE_SUPPORT_PATTERN', 'URL_PATTERN', 'Default Content Provider /selfservice/language/languageSupport.html', 'Y');
			INSERT INTO URI_PATTERN (URI_PATTERN_ID, CONTENT_PROVIDER_ID, PATTERN, IS_PUBLIC, RESOURCE_ID) VALUES('LANGUAGE_SUPPORT_PATTERN', 'DEFAULT_CP', '/selfservice/language/languageSupport.html', 'Y', 'LANGUAGE_SUPPORT_PATTERN');
			INSERT INTO URI_AUTH_LEVEL_GRP_XREF (URI_PATTERN_ID, AUTH_LEVEL_GROUPING_ID, EXEC_ORDER) VALUES('LANGUAGE_SUPPORT_PATTERN', 'NONE', 0);
			
			INSERT INTO RES (RESOURCE_ID, RESOURCE_TYPE_ID, NAME, IS_PUBLIC) VALUES('ROLE_METADATA_PATTERN', 'URL_PATTERN', 'Default Content Provider /selfservice/rest/api/metadata/roleMetadata', 'Y');
			INSERT INTO URI_PATTERN (URI_PATTERN_ID, CONTENT_PROVIDER_ID, PATTERN, IS_PUBLIC, RESOURCE_ID) VALUES('ROLE_METADATA_PATTERN', 'DEFAULT_CP', '/selfservice/rest/api/metadata/roleMetadata', 'Y', 'ROLE_METADATA_PATTERN');
			INSERT INTO URI_AUTH_LEVEL_GRP_XREF (URI_PATTERN_ID, AUTH_LEVEL_GROUPING_ID, EXEC_ORDER) VALUES('ROLE_METADATA_PATTERN', 'NONE', 0);
			
			INSERT INTO RES (RESOURCE_ID, RESOURCE_TYPE_ID, NAME, IS_PUBLIC) VALUES('SEARCH_ROLES_PATTERN', 'URL_PATTERN', 'Default Content Provider /selfservice/rest/api/entitlements/searchRoles', 'Y');
			INSERT INTO URI_PATTERN (URI_PATTERN_ID, CONTENT_PROVIDER_ID, PATTERN, IS_PUBLIC, RESOURCE_ID) VALUES('SEARCH_ROLES_PATTERN', 'DEFAULT_CP', '/selfservice/rest/api/entitlements/searchRoles', 'Y', 'SEARCH_ROLES_PATTERN');
			INSERT INTO URI_AUTH_LEVEL_GRP_XREF (URI_PATTERN_ID, AUTH_LEVEL_GROUPING_ID, EXEC_ORDER) VALUES('SEARCH_ROLES_PATTERN', 'NONE', 0);
			
			INSERT INTO RES (RESOURCE_ID, RESOURCE_TYPE_ID, NAME, IS_PUBLIC) VALUES('GROUP_METADATA_PATTERN', 'URL_PATTERN', 'Default Content Provider /selfservice/rest/api/metadata/groupMetadata', 'Y');
			INSERT INTO URI_PATTERN (URI_PATTERN_ID, CONTENT_PROVIDER_ID, PATTERN, IS_PUBLIC, RESOURCE_ID) VALUES('GROUP_METADATA_PATTERN', 'DEFAULT_CP', '/selfservice/rest/api/metadata/groupMetadata', 'Y', 'GROUP_METADATA_PATTERN');
			INSERT INTO URI_AUTH_LEVEL_GRP_XREF (URI_PATTERN_ID, AUTH_LEVEL_GROUPING_ID, EXEC_ORDER) VALUES('GROUP_METADATA_PATTERN', 'NONE', 0);
			
			INSERT INTO RES (RESOURCE_ID, RESOURCE_TYPE_ID, NAME, IS_PUBLIC) VALUES('SEARCH_GROUPS_PATTERN', 'URL_PATTERN', 'Default Content Provider /selfservice/rest/api/entitlements/searchGroups', 'Y');
			INSERT INTO URI_PATTERN (URI_PATTERN_ID, CONTENT_PROVIDER_ID, PATTERN, IS_PUBLIC, RESOURCE_ID) VALUES('SEARCH_GROUPS_PATTERN', 'DEFAULT_CP', '/selfservice/rest/api/entitlements/searchGroups', 'Y', 'SEARCH_GROUPS_PATTERN');
			INSERT INTO URI_AUTH_LEVEL_GRP_XREF (URI_PATTERN_ID, AUTH_LEVEL_GROUPING_ID, EXEC_ORDER) VALUES('SEARCH_GROUPS_PATTERN', 'NONE', 0);
			
			INSERT INTO RES (RESOURCE_ID, RESOURCE_TYPE_ID, NAME, IS_PUBLIC) VALUES('ORG_METADATA_PATTERN', 'URL_PATTERN', 'Default Content Provider /selfservice/rest/api/metadata/organizationMetadata', 'Y');
			INSERT INTO URI_PATTERN (URI_PATTERN_ID, CONTENT_PROVIDER_ID, PATTERN, IS_PUBLIC, RESOURCE_ID) VALUES('ORG_METADATA_PATTERN', 'DEFAULT_CP', '/selfservice/rest/api/metadata/organizationMetadata', 'Y', 'ORG_METADATA_PATTERN');
			INSERT INTO URI_AUTH_LEVEL_GRP_XREF (URI_PATTERN_ID, AUTH_LEVEL_GROUPING_ID, EXEC_ORDER) VALUES('ORG_METADATA_PATTERN', 'NONE', 0);

	END;
GO

UPDATE REPORT_CRITERIA_PARAMETER SET IS_REQUIRED='N' WHERE RCP_ID=1014;

ALTER TABLE USER_IDENTITY_ANS ADD IS_ENCRYPTED VARCHAR(1) NOT NULL DEFAULT 'N';

ALTER TABLE GRP ALTER COLUMN GROUP_DESC VARCHAR(512);
--ALTER TABLE GRP ADD DEFAULT 'NULL' FOR GROUP_DESC;


ALTER TABLE EMAIL_ADDRESS DROP CONSTRAINT EMAIL_ADDRESS_TYPE_FK ;
ALTER TABLE EMAIL_ADDRESS ALTER COLUMN TYPE_ID NVARCHAR(32);
ALTER TABLE EMAIL_ADDRESS ADD DEFAULT 'NULL' FOR TYPE_ID;

ALTER TABLE EMAIL_ADDRESS ADD CONSTRAINT EMAIL_ADDRESS_TYPE_FK FOREIGN KEY (TYPE_ID) REFERENCES METADATA_TYPE (TYPE_ID);


ALTER TABLE ADDRESS DROP CONSTRAINT ADDRESS_TYPE_FK ;
ALTER TABLE ADDRESS ALTER COLUMN TYPE_ID NVARCHAR(32); 
ALTER TABLE ADDRESS ADD DEFAULT 'NULL' FOR TYPE_ID;
ALTER TABLE ADDRESS ADD CONSTRAINT ADDRESS_TYPE_FK FOREIGN KEY (TYPE_ID) REFERENCES METADATA_TYPE (TYPE_ID);


ALTER TABLE PHONE DROP CONSTRAINT PHONE_TYPE_FK ;
ALTER TABLE PHONE ALTER COLUMN TYPE_ID NVARCHAR(32); 
ALTER TABLE PHONE ADD DEFAULT 'NULL' FOR TYPE_ID;
ALTER TABLE PHONE ADD CONSTRAINT PHONE_TYPE_FK FOREIGN KEY (TYPE_ID) REFERENCES METADATA_TYPE (TYPE_ID);

EXEC sp_RENAME 'RESOURCE_PROP._VALUE', 'ATTR_VALUE', 'COLUMN'
ALTER TABLE RESOURCE_PROP ALTER COLUMN ATTR_VALUE VARCHAR(4096);

EXEC sp_RENAME 'GRP_ATTRIBUTES._VALUE', 'ATTR_VALUE', 'COLUMN'
ALTER TABLE GRP_ATTRIBUTES ALTER COLUMN ATTR_VALUE VARCHAR(4096);

EXEC sp_RENAME 'ROLE_ATTRIBUTE._VALUE', 'ATTR_VALUE', 'COLUMN'
ALTER TABLE ROLE_ATTRIBUTE ALTER COLUMN ATTR_VALUE VARCHAR(4096);

EXEC sp_RENAME 'COMPANY_ATTRIBUTE._VALUE', 'ATTR_VALUE', 'COLUMN'
ALTER TABLE COMPANY_ATTRIBUTE ALTER COLUMN ATTR_VALUE VARCHAR(4096);

update PROVISION_CONNECTOR set SERVICE_URL='localhost:9080/openiam-esb/idmsrvc/LDAPConnectorService' where CONNECTOR_ID='51';
update PROVISION_CONNECTOR set SERVICE_URL='localhost:9080/openiam-esb/idmsrvc/GoogleAppsConnectorService' where CONNECTOR_ID='54';
update PROVISION_CONNECTOR set SERVICE_URL='localhost:9080/openiam-esb/idmsrvc/ApplicationTablesConnector' where CONNECTOR_ID='61';
update PROVISION_CONNECTOR set SERVICE_URL='localhost:9080/openiam-esb/idmsrvc/ScriptConnectorService' where CONNECTOR_ID='62';
update PROVISION_CONNECTOR set SERVICE_URL='localhost:9080/openiam-esb/idmsrvc/LinuxConnectorService' where CONNECTOR_ID='63';
update PROVISION_CONNECTOR set SERVICE_URL='localhost:9080/openiam-esb/idmsrvc/MySQLConnector' where CONNECTOR_ID='64';
update PROVISION_CONNECTOR set SERVICE_URL='localhost:9080/openiam-esb/idmsrvc/OracleConnector' where CONNECTOR_ID='65';

update RECONCILIATION_SITUATION set SITUATION='IDM[exists] and Resource[not exists]' where RECON_SITUATION_ID='4028b881373b90e501373b92ec1f0002';
update RECONCILIATION_SITUATION set SITUATION_RESP='NOTHING' where RECON_SITUATION_ID='4028b881373b90e501373b92ec1f0002';
update RECONCILIATION_SITUATION set SCRIPT='recon/LDAPPopulationScript.groovy' where RECON_SITUATION_ID='4028b881373b90e501373b92ec1f0002';

update RECONCILIATION_SITUATION set SITUATION='IDM[exists] and Resource[exists]' where RECON_SITUATION_ID='4028b881373b90e501373b92ec1f0003';
update RECONCILIATION_SITUATION set SITUATION_RESP='UPDATE_IDM_FROM_RES' where RECON_SITUATION_ID='4028b881373b90e501373b92ec1f0003';
update RECONCILIATION_SITUATION set SCRIPT='recon/LDAPPopulationScript.groovy' where RECON_SITUATION_ID='4028b881373b90e501373b92ec1f0003';

update RECONCILIATION_SITUATION set SITUATION='IDM[not exists] and Resource[exists]' where RECON_SITUATION_ID='4028b881373b90e501373b92ec1f0004';
update RECONCILIATION_SITUATION set SITUATION_RESP='ADD_TO_IDM' where RECON_SITUATION_ID='4028b881373b90e501373b92ec1f0004';
update RECONCILIATION_SITUATION set SCRIPT='recon/LDAPPopulationScript.groovy' where RECON_SITUATION_ID='4028b881373b90e501373b92ec1f0004';

update RECONCILIATION_SITUATION set SITUATION='IDM[deleted] and Resource[exists]' where RECON_SITUATION_ID='4028b881373b90e501373b92ec1f0005';
update RECONCILIATION_SITUATION set SITUATION_RESP='CREATE_RES_ACCOUNT' where RECON_SITUATION_ID='4028b881373b90e501373b92ec1f0005';
update RECONCILIATION_SITUATION set SCRIPT='recon/LDAPPopulationScript.groovy' where RECON_SITUATION_ID='4028b881373b90e501373b92ec1f0005';

-------------------------AD Connector--------------------------------------------

DECLARE	@intPolicyID INT;
DECLARE	@connectorID NVARCHAR(32);
DECLARE	@managed_sysID NVARCHAR(32);
DECLARE	@intattribute_mapID INT;
DECLARE	@intattr_mapID INT;	
DECLARE @policyIDS NVARCHAR(32);
DECLARE @policyIDN NVARCHAR(32);


/* drop POWERSHELL-AD from tables */
IF EXISTS (SELECT * FROM RES WHERE NAME = 'POWERSHELL-AD') 
BEGIN 
	DELETE FROM RES WHERE NAME = 'POWERSHELL-AD';
END;

IF EXISTS (SELECT * FROM MANAGED_SYS WHERE NAME = 'POWERSHELL-AD') 
BEGIN
	DELETE FROM MNG_SYS_OBJECT_MATCH WHERE OBJECT_SEARCH_ID = (SELECT MANAGED_SYS_ID FROM MANAGED_SYS WHERE NAME = 'POWERSHELL-AD'); 
	DELETE FROM ATTRIBUTE_MAP WHERE MANAGED_SYS_ID = (SELECT MANAGED_SYS_ID FROM MANAGED_SYS WHERE NAME = 'POWERSHELL-AD');
END;

IF EXISTS (SELECT * FROM MANAGED_SYS WHERE NAME = 'POWERSHELL-AD') 
BEGIN 
	DELETE FROM MANAGED_SYS WHERE NAME = 'POWERSHELL-AD';
END;

IF EXISTS (SELECT * FROM PROVISION_CONNECTOR WHERE NAME = 'POWERSHELL-AD') 
BEGIN 
	DELETE FROM PROVISION_CONNECTOR WHERE NAME = 'POWERSHELL-AD';
END;

/* set parameters */
SET @intattribute_mapID = (SELECT MAX(ATTRIBUTE_MAP_ID*1) FROM ATTRIBUTE_MAP);
IF (@intattribute_mapID IS NULL) 
BEGIN
	SET @intattribute_mapID = 0;
END;

SET @intattr_mapID = (SELECT MAX(RECON_RES_ATTR_MAP_ID*1) FROM RECON_RES_ATTR_MAP);
IF (@intattr_mapID IS NULL) 
BEGIN 
	SET @intattr_mapID = 0;
END;

SET @intattribute_mapID = @intattribute_mapID + 100;
SET @intattribute_mapID =  ROUND(@intattribute_mapID, -2);	
SELECT @connectorID = REPLACE(NEWID(), '-', '');
SELECT @managed_sysID = REPLACE(NEWID(), '-', '');
SELECT @intPolicyID = MAX(POLICY_ID*1) FROM POLICY;

IF (@intPolicyID IS NULL) 
BEGIN 
	SET @intPolicyID = 0;
END;

/* Add AD attributes */
IF NOT EXISTS (Select * from POLICY where NAME = 'sAMAccountName-NP')
BEGIN 
	SET @policyIDS = CAST((@intPolicyID + 1) AS CHAR(32)); 
	INSERT INTO POLICY (POLICY_ID, POLICY_DEF_ID, NAME, DESCRIPTION, STATUS, CREATE_DATE, CREATED_BY, RULE_TEXT,  RULE_SRC_URL) VALUES (@policyIDS,'104', 'sAMAccountName-NP', 'SamAccountName', 1,GETDATE(), '3000', '','provision/ad/win02/sAMAccountName-NP.groovy ');			
END;	
ELSE 
	Select @policyIDS = POLICY_ID from POLICY where NAME = 'sAMAccountName-NP';


IF NOT EXISTS (Select * from POLICY where NAME = 'shortUnicName')
BEGIN
	SET @policyIDN = CAST((@intPolicyID + 2) AS CHAR(32)); 
	INSERT INTO POLICY (POLICY_ID, POLICY_DEF_ID, NAME, DESCRIPTION, STATUS, CREATE_DATE, CREATED_BY, RULE_TEXT,  RULE_SRC_URL) VALUES (@policyIDN,'104', 'shortUnicName', 'Name', 1,GETDATE(), '3000', '','provision/ad/win02/shortUnicName.groovy');
END;	
ELSE
	Select @policyIDN = POLICY_ID from POLICY where NAME = 'shortUnicName';

/* POWERSHELL-AD Connector */
INSERT INTO PROVISION_CONNECTOR(CONNECTOR_ID, NAME, METADATA_TYPE_ID, SERVICE_URL,SERVICE_NAMESPACE, SERVICE_PORT, CLIENT_COMM_PROTOCOL, CONNECTOR_INTERFACE) VALUES (@connectorID,'POWERSHELL-AD', 'POWERSHELL-AD','localhost:8080/PowershellConnectorAD/PowershellConnector.svc','urn:idm.openiam.org/spml2/service', '443', 'CLEAR', 'REMOTE');
/* POWERSHELL-AD Connector */
INSERT INTO MANAGED_SYS (MANAGED_SYS_ID, NAME, DESCRIPTION, STATUS, CONNECTOR_ID,  HOST_URL, PORT, COMM_PROTOCOL, RESOURCE_ID, ADD_HNDLR, MODIFY_HNDLR, DELETE_HNDLR, SETPASS_HNDLR, SUSPEND_HNDLR, SEARCH_HNDLR, LOOKUP_HNDLR, TEST_CONNECTION_HNDLR, RECONCILE_RESOURCE_HNDLR, ATTRIBUTE_NAMES_HNDLR) VALUES(@managed_sysID,'POWERSHELL-AD', 'POWERSHELL-AD', 'ACTIVE', @connectorID, '', null,'CLEAR', @managed_sysID, 'ADPowershell.ps1', 'ADPowershell.ps1', 'ADPowershell.ps1', 'ADPowershell.ps1', 'ADPowershell.ps1', 'ADPowershell.ps1', 'ADPowershell.ps1', 'ADPowershell.ps1', 'ADPowershell.ps1', 'ADPowershell.ps1' );
/* POWERSHELL-AD Connector */
insert into MNG_SYS_OBJECT_MATCH(OBJECT_SEARCH_ID, MANAGED_SYS_ID, OBJECT_TYPE, MATCH_METHOD, SEARCH_FILTER, BASE_DN, SEARCH_BASE_DN ,KEY_FIELD) VALUES(@managed_sysID, @managed_sysID, 'USER', 'BASE_DN', '(&(objectclass=inetOrgPerson)(?))',null,null,'uid');
/* POWERSHELL-AD Connector */
insert into RES (RESOURCE_ID, RESOURCE_TYPE_ID,NAME, DISPLAY_ORDER) VALUES (@managed_sysID, 'MANAGED_SYS', 'POWERSHELL-AD', 2);
/* APOWERSHELL-AD Connector */
/* MAP FOR POWERSHELL-AD Connector */
INSERT INTO RECON_RES_ATTR_MAP (RECON_RES_ATTR_MAP_ID, ATTR_POLICY_ID) VALUES (CAST((@intattr_mapID + 1) AS CHAR(32)), '4630');
INSERT INTO ATTRIBUTE_MAP(ATTRIBUTE_MAP_ID, MANAGED_SYS_ID, RESOURCE_ID, MAP_FOR_OBJECT_TYPE, ATTRIBUTE_NAME, ATTRIBUTE_POLICY_ID) VALUES (CAST((@intattribute_mapID + 1) AS CHAR(32)), @managed_sysID, @managed_sysID,'PRINCIPAL', 'SamAccountName', CAST((@intattr_mapID + 1) AS CHAR(32)));
INSERT INTO RECON_RES_ATTR_MAP (RECON_RES_ATTR_MAP_ID, ATTR_POLICY_ID) VALUES (CAST((@intattr_mapID + 2) AS CHAR(32)), @policyIDS);
INSERT INTO ATTRIBUTE_MAP(ATTRIBUTE_MAP_ID, MANAGED_SYS_ID, RESOURCE_ID, MAP_FOR_OBJECT_TYPE, ATTRIBUTE_NAME, ATTRIBUTE_POLICY_ID) VALUES (CAST((@intattribute_mapID + 2) AS CHAR(32)), @managed_sysID, @managed_sysID,'USER', 'SamAccountName', CAST((@intattr_mapID + 2) AS CHAR(32)));
INSERT INTO RECON_RES_ATTR_MAP (RECON_RES_ATTR_MAP_ID, ATTR_POLICY_ID) VALUES (CAST((@intattr_mapID + 3) AS CHAR(32)), '4506');
INSERT INTO ATTRIBUTE_MAP(ATTRIBUTE_MAP_ID, MANAGED_SYS_ID, RESOURCE_ID, MAP_FOR_OBJECT_TYPE, ATTRIBUTE_NAME, ATTRIBUTE_POLICY_ID) VALUES (CAST((@intattribute_mapID + 3) AS CHAR(32)), @managed_sysID, @managed_sysID,'USER', 'Surname', CAST((@intattr_mapID + 3) AS CHAR(32)));
INSERT INTO RECON_RES_ATTR_MAP (RECON_RES_ATTR_MAP_ID, ATTR_POLICY_ID) VALUES (CAST((@intattr_mapID + 4) AS CHAR(32)), '4631');
INSERT INTO ATTRIBUTE_MAP(ATTRIBUTE_MAP_ID, MANAGED_SYS_ID, RESOURCE_ID, MAP_FOR_OBJECT_TYPE, ATTRIBUTE_NAME, ATTRIBUTE_POLICY_ID) VALUES (CAST((@intattribute_mapID + 4) AS CHAR(32)), @managed_sysID, @managed_sysID,'USER', 'GivenName', CAST((@intattr_mapID + 4) AS CHAR(32)));
INSERT INTO RECON_RES_ATTR_MAP (RECON_RES_ATTR_MAP_ID, ATTR_POLICY_ID) VALUES (CAST((@intattr_mapID + 5) AS CHAR(32)), '4517');
INSERT INTO ATTRIBUTE_MAP(ATTRIBUTE_MAP_ID, MANAGED_SYS_ID, RESOURCE_ID, MAP_FOR_OBJECT_TYPE, ATTRIBUTE_NAME, ATTRIBUTE_POLICY_ID) VALUES (CAST((@intattribute_mapID + 5) AS CHAR(32)), @managed_sysID, @managed_sysID,'USER', 'DisplayName', CAST((@intattr_mapID + 5) AS CHAR(32)));
INSERT INTO RECON_RES_ATTR_MAP (RECON_RES_ATTR_MAP_ID, ATTR_POLICY_ID) VALUES (CAST((@intattr_mapID + 6) AS CHAR(32)), '4636');
INSERT INTO ATTRIBUTE_MAP(ATTRIBUTE_MAP_ID, MANAGED_SYS_ID, RESOURCE_ID, MAP_FOR_OBJECT_TYPE, ATTRIBUTE_NAME, ATTRIBUTE_POLICY_ID) VALUES (CAST((@intattribute_mapID + 6) AS CHAR(32)), @managed_sysID, @managed_sysID,'USER', 'HomeDirectory', CAST((@intattr_mapID + 6) AS CHAR(32)));
INSERT INTO RECON_RES_ATTR_MAP (RECON_RES_ATTR_MAP_ID, ATTR_POLICY_ID) VALUES (CAST((@intattr_mapID + 7) AS CHAR(32)), '4633');
INSERT INTO ATTRIBUTE_MAP(ATTRIBUTE_MAP_ID, MANAGED_SYS_ID, RESOURCE_ID, MAP_FOR_OBJECT_TYPE, ATTRIBUTE_NAME, ATTRIBUTE_POLICY_ID) VALUES (CAST((@intattribute_mapID + 7) AS CHAR(32)), @managed_sysID, @managed_sysID,'USER', 'Path', CAST((@intattr_mapID + 7) AS CHAR(32)));
INSERT INTO RECON_RES_ATTR_MAP (RECON_RES_ATTR_MAP_ID, ATTR_POLICY_ID) VALUES (CAST((@intattr_mapID + 8) AS CHAR(32)), '4635');
INSERT INTO ATTRIBUTE_MAP(ATTRIBUTE_MAP_ID, MANAGED_SYS_ID, RESOURCE_ID, MAP_FOR_OBJECT_TYPE, ATTRIBUTE_NAME, ATTRIBUTE_POLICY_ID) VALUES (CAST((@intattribute_mapID + 8) AS CHAR(32)), @managed_sysID, @managed_sysID,'USER', 'ProfilePath', CAST((@intattr_mapID + 8) AS CHAR(32)));
INSERT INTO RECON_RES_ATTR_MAP (RECON_RES_ATTR_MAP_ID, ATTR_POLICY_ID) VALUES (CAST((@intattr_mapID + 9) AS CHAR(32)), '4637');
INSERT INTO ATTRIBUTE_MAP(ATTRIBUTE_MAP_ID, MANAGED_SYS_ID, RESOURCE_ID, MAP_FOR_OBJECT_TYPE, ATTRIBUTE_NAME, ATTRIBUTE_POLICY_ID) VALUES (CAST((@intattribute_mapID + 9) AS CHAR(32)), @managed_sysID, @managed_sysID,'USER', 'HomeDrive', CAST((@intattr_mapID + 9) AS CHAR(32)));
INSERT INTO RECON_RES_ATTR_MAP (RECON_RES_ATTR_MAP_ID, ATTR_POLICY_ID) VALUES (CAST((@intattr_mapID + 10) AS CHAR(32)), '4639');
INSERT INTO ATTRIBUTE_MAP(ATTRIBUTE_MAP_ID, MANAGED_SYS_ID, RESOURCE_ID, MAP_FOR_OBJECT_TYPE, ATTRIBUTE_NAME, ATTRIBUTE_POLICY_ID) VALUES (CAST((@intattribute_mapID + 10) AS CHAR(32)), @managed_sysID, @managed_sysID,'USER', 'ScriptPath', CAST((@intattr_mapID + 10) AS CHAR(32)));
INSERT INTO RECON_RES_ATTR_MAP (RECON_RES_ATTR_MAP_ID, ATTR_POLICY_ID) VALUES (CAST((@intattr_mapID + 11) AS CHAR(32)), '4640');
INSERT INTO ATTRIBUTE_MAP(ATTRIBUTE_MAP_ID, MANAGED_SYS_ID, RESOURCE_ID, MAP_FOR_OBJECT_TYPE, ATTRIBUTE_NAME, ATTRIBUTE_POLICY_ID) VALUES (CAST((@intattribute_mapID + 11) AS CHAR(32)), @managed_sysID, @managed_sysID,'USER', 'Company', CAST((@intattr_mapID + 11) AS CHAR(32)));
INSERT INTO RECON_RES_ATTR_MAP (RECON_RES_ATTR_MAP_ID, ATTR_POLICY_ID) VALUES (CAST((@intattr_mapID + 12) AS CHAR(32)), '4642');
INSERT INTO ATTRIBUTE_MAP(ATTRIBUTE_MAP_ID, MANAGED_SYS_ID, RESOURCE_ID, MAP_FOR_OBJECT_TYPE, ATTRIBUTE_NAME, ATTRIBUTE_POLICY_ID) VALUES (CAST((@intattribute_mapID + 12) AS CHAR(32)), @managed_sysID, @managed_sysID,'USER', 'Initials', CAST((@intattr_mapID + 12) AS CHAR(32)));
INSERT INTO RECON_RES_ATTR_MAP (RECON_RES_ATTR_MAP_ID, ATTR_POLICY_ID) VALUES (CAST((@intattr_mapID + 13) AS CHAR(32)), '4643');
INSERT INTO ATTRIBUTE_MAP(ATTRIBUTE_MAP_ID, MANAGED_SYS_ID, RESOURCE_ID, MAP_FOR_OBJECT_TYPE, ATTRIBUTE_NAME, ATTRIBUTE_POLICY_ID) VALUES (CAST((@intattribute_mapID + 13) AS CHAR(32)), @managed_sysID, @managed_sysID,'USER', 'Department', CAST((@intattr_mapID + 13) AS CHAR(32)));
INSERT INTO RECON_RES_ATTR_MAP (RECON_RES_ATTR_MAP_ID, ATTR_POLICY_ID) VALUES (CAST((@intattr_mapID + 14) AS CHAR(32)), '4645');
INSERT INTO ATTRIBUTE_MAP(ATTRIBUTE_MAP_ID, MANAGED_SYS_ID, RESOURCE_ID, MAP_FOR_OBJECT_TYPE, ATTRIBUTE_NAME, ATTRIBUTE_POLICY_ID) VALUES (CAST((@intattribute_mapID + 14) AS CHAR(32)), @managed_sysID, @managed_sysID,'USER', 'Title', CAST((@intattr_mapID + 14) AS CHAR(32)));
INSERT INTO RECON_RES_ATTR_MAP (RECON_RES_ATTR_MAP_ID, ATTR_POLICY_ID) VALUES (CAST((@intattr_mapID + 15) AS CHAR(32)), '4651');
INSERT INTO ATTRIBUTE_MAP(ATTRIBUTE_MAP_ID, MANAGED_SYS_ID, RESOURCE_ID, MAP_FOR_OBJECT_TYPE, ATTRIBUTE_NAME, ATTRIBUTE_POLICY_ID) VALUES (CAST((@intattribute_mapID + 15) AS CHAR(32)), @managed_sysID, @managed_sysID,'USER', 'UserPrincipalName', CAST((@intattr_mapID + 15) AS CHAR(32)));
INSERT INTO RECON_RES_ATTR_MAP (RECON_RES_ATTR_MAP_ID, ATTR_POLICY_ID) VALUES (CAST((@intattr_mapID + 16) AS CHAR(32)), '4653');
INSERT INTO ATTRIBUTE_MAP(ATTRIBUTE_MAP_ID, MANAGED_SYS_ID, RESOURCE_ID, MAP_FOR_OBJECT_TYPE, ATTRIBUTE_NAME, ATTRIBUTE_POLICY_ID) VALUES (CAST((@intattribute_mapID + 16) AS CHAR(32)), @managed_sysID, @managed_sysID,'USER', 'StreetAddress', CAST((@intattr_mapID + 16) AS CHAR(32)));
INSERT INTO RECON_RES_ATTR_MAP (RECON_RES_ATTR_MAP_ID, ATTR_POLICY_ID) VALUES (CAST((@intattr_mapID + 17) AS CHAR(32)), '4654');
INSERT INTO ATTRIBUTE_MAP(ATTRIBUTE_MAP_ID, MANAGED_SYS_ID, RESOURCE_ID, MAP_FOR_OBJECT_TYPE, ATTRIBUTE_NAME, ATTRIBUTE_POLICY_ID) VALUES (CAST((@intattribute_mapID + 17) AS CHAR(32)), @managed_sysID, @managed_sysID,'USER', 'City', CAST((@intattr_mapID + 17) AS CHAR(32)));
INSERT INTO RECON_RES_ATTR_MAP (RECON_RES_ATTR_MAP_ID, ATTR_POLICY_ID) VALUES (CAST((@intattr_mapID + 18) AS CHAR(32)), '4655');
INSERT INTO ATTRIBUTE_MAP(ATTRIBUTE_MAP_ID, MANAGED_SYS_ID, RESOURCE_ID, MAP_FOR_OBJECT_TYPE, ATTRIBUTE_NAME, ATTRIBUTE_POLICY_ID) VALUES (CAST((@intattribute_mapID + 18) AS CHAR(32)), @managed_sysID, @managed_sysID,'USER', 'State', CAST((@intattr_mapID + 18) AS CHAR(32)));
INSERT INTO RECON_RES_ATTR_MAP (RECON_RES_ATTR_MAP_ID, ATTR_POLICY_ID) VALUES (CAST((@intattr_mapID + 19) AS CHAR(32)), '4656');
INSERT INTO ATTRIBUTE_MAP(ATTRIBUTE_MAP_ID, MANAGED_SYS_ID, RESOURCE_ID, MAP_FOR_OBJECT_TYPE, ATTRIBUTE_NAME, ATTRIBUTE_POLICY_ID) VALUES (CAST((@intattribute_mapID + 19) AS CHAR(32)), @managed_sysID, @managed_sysID,'USER', 'PostalCode', CAST((@intattr_mapID + 19) AS CHAR(32)));
INSERT INTO RECON_RES_ATTR_MAP (RECON_RES_ATTR_MAP_ID, ATTR_POLICY_ID) VALUES (CAST((@intattr_mapID + 20) AS CHAR(32)), '4644');
INSERT INTO ATTRIBUTE_MAP(ATTRIBUTE_MAP_ID, MANAGED_SYS_ID, RESOURCE_ID, MAP_FOR_OBJECT_TYPE, ATTRIBUTE_NAME, ATTRIBUTE_POLICY_ID) VALUES (CAST((@intattribute_mapID + 20) AS CHAR(32)), @managed_sysID, @managed_sysID,'USER', 'OfficePhone', CAST((@intattr_mapID + 20) AS CHAR(32)));
INSERT INTO RECON_RES_ATTR_MAP (RECON_RES_ATTR_MAP_ID, ATTR_POLICY_ID) VALUES (CAST((@intattr_mapID + 21) AS CHAR(32)), @policyIDN);
INSERT INTO ATTRIBUTE_MAP(ATTRIBUTE_MAP_ID, MANAGED_SYS_ID, RESOURCE_ID, MAP_FOR_OBJECT_TYPE, ATTRIBUTE_NAME, ATTRIBUTE_POLICY_ID) VALUES (CAST((@intattribute_mapID + 21) AS CHAR(32)), @managed_sysID, @managed_sysID,'USER', 'Name', CAST((@intattr_mapID + 21) AS CHAR(32)));
INSERT INTO RECON_RES_ATTR_MAP (RECON_RES_ATTR_MAP_ID, ATTR_POLICY_ID) VALUES (CAST((@intattr_mapID + 22) AS CHAR(32)), '4509');
INSERT INTO ATTRIBUTE_MAP(ATTRIBUTE_MAP_ID, MANAGED_SYS_ID, RESOURCE_ID, MAP_FOR_OBJECT_TYPE, ATTRIBUTE_NAME, ATTRIBUTE_POLICY_ID) VALUES (CAST((@intattribute_mapID + 22) AS CHAR(32)), @managed_sysID, @managed_sysID,'USER', 'AccountPassword', CAST((@intattr_mapID + 22) AS CHAR(32)));
INSERT INTO RECON_RES_ATTR_MAP (RECON_RES_ATTR_MAP_ID, ATTR_POLICY_ID) VALUES (CAST((@intattr_mapID + 23) AS CHAR(32)), '4543');
INSERT INTO ATTRIBUTE_MAP(ATTRIBUTE_MAP_ID, MANAGED_SYS_ID, RESOURCE_ID, MAP_FOR_OBJECT_TYPE, ATTRIBUTE_NAME, ATTRIBUTE_POLICY_ID) VALUES (CAST((@intattribute_mapID + 23) AS CHAR(32)), @managed_sysID, @managed_sysID,'USER', 'EmployeeID', CAST((@intattr_mapID + 23) AS CHAR(32)));
INSERT INTO RECON_RES_ATTR_MAP (RECON_RES_ATTR_MAP_ID, ATTR_POLICY_ID) VALUES (CAST((@intattr_mapID + 24) AS CHAR(32)), '4547');
INSERT INTO ATTRIBUTE_MAP(ATTRIBUTE_MAP_ID, MANAGED_SYS_ID, RESOURCE_ID, MAP_FOR_OBJECT_TYPE, ATTRIBUTE_NAME, ATTRIBUTE_POLICY_ID) VALUES (CAST((@intattribute_mapID + 24) AS CHAR(32)), @managed_sysID, @managed_sysID,'USER', 'Enabled', CAST((@intattr_mapID + 24) AS CHAR(32)));
INSERT INTO RECON_RES_ATTR_MAP (RECON_RES_ATTR_MAP_ID, ATTR_POLICY_ID) VALUES (CAST((@intattr_mapID + 25) AS CHAR(32)), '4540');
INSERT INTO ATTRIBUTE_MAP(ATTRIBUTE_MAP_ID, MANAGED_SYS_ID, RESOURCE_ID, MAP_FOR_OBJECT_TYPE, ATTRIBUTE_NAME, ATTRIBUTE_POLICY_ID) VALUES (CAST((@intattribute_mapID + 25) AS CHAR(32)), @managed_sysID, @managed_sysID,'USER', 'EmailAddress', CAST((@intattr_mapID + 25) AS CHAR(32)));
INSERT INTO RECON_RES_ATTR_MAP (RECON_RES_ATTR_MAP_ID, ATTR_POLICY_ID) VALUES (CAST((@intattr_mapID + 26) AS CHAR(32)), '4652');
INSERT INTO ATTRIBUTE_MAP(ATTRIBUTE_MAP_ID, MANAGED_SYS_ID, RESOURCE_ID, MAP_FOR_OBJECT_TYPE, ATTRIBUTE_NAME, ATTRIBUTE_POLICY_ID) VALUES (CAST((@intattribute_mapID + 26) AS CHAR(32)), @managed_sysID, @managed_sysID,'USER', 'Group', CAST((@intattr_mapID + 26) AS CHAR(32)));
UPDATE ATTRIBUTE_MAP SET DATA_TYPE = 'STRING' where DATA_TYPE IS NULL AND MANAGED_SYS_ID = @managed_sysID;



-------------------------AD Connector--------------------------------------------

update PROVISION_CONNECTOR set SERVICE_URL='localhost:9080/openiam-esb/idmsrvc/LDAPConnectorService' where CONNECTOR_ID='51';
update PROVISION_CONNECTOR set SERVICE_URL='localhost:9080/openiam-esb/idmsrvc/GoogleAppsConnectorService' where CONNECTOR_ID='54';
update PROVISION_CONNECTOR set SERVICE_URL='localhost:9080/openiam-esb/idmsrvc/ApplicationTablesConnector' where CONNECTOR_ID='61';
update PROVISION_CONNECTOR set SERVICE_URL='localhost:9080/openiam-esb/idmsrvc/ScriptConnectorService' where CONNECTOR_ID='62';
update PROVISION_CONNECTOR set SERVICE_URL='localhost:9080/openiam-esb/idmsrvc/LinuxConnectorService' where CONNECTOR_ID='63';
update PROVISION_CONNECTOR set SERVICE_URL='localhost:9080/openiam-esb/idmsrvc/MySQLConnector' where CONNECTOR_ID='64';
update PROVISION_CONNECTOR set SERVICE_URL='localhost:9080/openiam-esb/idmsrvc/OracleConnector' where CONNECTOR_ID='65';

update RECONCILIATION_SITUATION set SITUATION='IDM[exists] and Resource[not exists]' where RECON_SITUATION_ID='4028b881373b90e501373b92ec1f0002';
update RECONCILIATION_SITUATION set SITUATION_RESP='NOTHING' where RECON_SITUATION_ID='4028b881373b90e501373b92ec1f0002';
update RECONCILIATION_SITUATION set SCRIPT='recon/LDAPPopulationScript.groovy' where RECON_SITUATION_ID='4028b881373b90e501373b92ec1f0002';

update RECONCILIATION_SITUATION set SITUATION='IDM[exists] and Resource[exists]' where RECON_SITUATION_ID='4028b881373b90e501373b92ec1f0003';
update RECONCILIATION_SITUATION set SITUATION_RESP='UPDATE_IDM_FROM_RES' where RECON_SITUATION_ID='4028b881373b90e501373b92ec1f0003';
update RECONCILIATION_SITUATION set SCRIPT='recon/LDAPPopulationScript.groovy' where RECON_SITUATION_ID='4028b881373b90e501373b92ec1f0003';

update RECONCILIATION_SITUATION set SITUATION='IDM[not exists] and Resource[exists]' where RECON_SITUATION_ID='4028b881373b90e501373b92ec1f0004';
update RECONCILIATION_SITUATION set SITUATION_RESP='ADD_TO_IDM' where RECON_SITUATION_ID='4028b881373b90e501373b92ec1f0004';
update RECONCILIATION_SITUATION set SCRIPT='recon/LDAPPopulationScript.groovy' where RECON_SITUATION_ID='4028b881373b90e501373b92ec1f0004';

update RECONCILIATION_SITUATION set SITUATION='IDM[deleted] and Resource[exists]' where RECON_SITUATION_ID='4028b881373b90e501373b92ec1f0005';
update RECONCILIATION_SITUATION set SITUATION_RESP='CREATE_RES_ACCOUNT' where RECON_SITUATION_ID='4028b881373b90e501373b92ec1f0005';
update RECONCILIATION_SITUATION set SCRIPT='recon/LDAPPopulationScript.groovy' where RECON_SITUATION_ID='4028b881373b90e501373b92ec1f0005';

IF NOT EXISTS (SELECT * FROM information_schema.columns WHERE table_catalog='openiam' AND table_name = 'LOGIN' AND column_name = 'PROV_STATUS') 
BEGIN
	ALTER TABLE LOGIN ADD PROV_STATUS NVARCHAR(20) NULL;
END;


UPDATE LOGIN SET STATUS = NULL WHERE STATUS NOT IN ('ACTIVE', 'INACTIVE');

update LOGIN SET STATUS=null where STATUS not in ('ACTIVE','INACTIVE');

DELETE FROM GRP_ROLE WHERE GRP_ID = 'END_USER_GRP';
DELETE FROM GRP_ROLE WHERE GRP_ID = 'MNGR_GRP';
DELETE FROM GRP_ROLE WHERE GRP_ID = 'SEC_ADMIN_GRP';

DELETE FROM USER_GRP WHERE GRP_ID = 'END_USER_GRP';
DELETE FROM USER_GRP WHERE GRP_ID = 'MNGR_GRP';
DELETE FROM USER_GRP WHERE GRP_ID = 'SEC_ADMIN_GRP';

DELETE FROM GRP_ATTRIBUTES WHERE GRP_ID = 'END_USER_GRP';
DELETE FROM GRP_ATTRIBUTES WHERE GRP_ID = 'MNGR_GRP';
DELETE FROM GRP_ATTRIBUTES WHERE GRP_ID = 'SEC_ADMIN_GRP';

DELETE FROM grp_to_grp_membership WHERE GROUP_ID = 'END_USER_GRP' OR MEMBER_GROUP_ID = 'END_USER_GRP';
DELETE FROM grp_to_grp_membership WHERE GROUP_ID = 'MNGR_GRP' OR MEMBER_GROUP_ID = 'MNGR_GRP';
DELETE FROM grp_to_grp_membership WHERE GROUP_ID = 'SEC_ADMIN_GRP' OR MEMBER_GROUP_ID = 'SEC_ADMIN_GRP';

DELETE FROM GRP WHERE GRP_ID = 'END_USER_GRP';
DELETE FROM GRP WHERE GRP_ID = 'MNGR_GRP';
DELETE FROM GRP WHERE GRP_ID = 'SEC_ADMIN_GRP';

UPDATE RES SET URL='/selfservice/redirectChallengeResponse.html' WHERE RESOURCE_ID='CHNGPSWD';

ALTER TABLE COMPANY ADD TYPE_ID NVARCHAR(32);
ALTER TABLE COMPANY ADD CONSTRAINT COMPANY_TYPE_FK FOREIGN KEY (TYPE_ID) REFERENCES METADATA_TYPE (TYPE_ID);

----------------------------------------------------------------------------

update LANGUAGE SET IS_USED='Y' WHERE ID='4';
delete from LANGUAGE_MAPPING where LANGUAGE_ID='4';

INSERT INTO LANGUAGE_MAPPING (ID,LANGUAGE_ID,REFERENCE_ID,REFERENCE_TYPE,TEXT_VALUE) VALUES ('ESLanguageEntity1','4','1','LanguageEntity.displayNameMap','Ingls');
INSERT INTO LANGUAGE_MAPPING (ID,LANGUAGE_ID,REFERENCE_ID,REFERENCE_TYPE,TEXT_VALUE) VALUES ('ESElementMigrate101','4','101','MetadataElementEntity.languageMap','Nombre de Vista');
INSERT INTO LANGUAGE_MAPPING (ID,LANGUAGE_ID,REFERENCE_ID,REFERENCE_TYPE,TEXT_VALUE) VALUES ('ESElementMigrate104','4','104','MetadataElementEntity.languageMap','Idioma preferido');
INSERT INTO LANGUAGE_MAPPING (ID,LANGUAGE_ID,REFERENCE_ID,REFERENCE_TYPE,TEXT_VALUE) VALUES ('ESElementMigrate105','4','105','MetadataElementEntity.languageMap','VehicleLicense');
INSERT INTO LANGUAGE_MAPPING (ID,LANGUAGE_ID,REFERENCE_ID,REFERENCE_TYPE,TEXT_VALUE) VALUES ('ESElementMigrate106','4','106','MetadataElementEntity.languageMap','Nombre');
INSERT INTO LANGUAGE_MAPPING (ID,LANGUAGE_ID,REFERENCE_ID,REFERENCE_TYPE,TEXT_VALUE) VALUES ('ESElementMigrate107','4','107','MetadataElementEntity.languageMap','LabeledURI');
INSERT INTO LANGUAGE_MAPPING (ID,LANGUAGE_ID,REFERENCE_ID,REFERENCE_TYPE,TEXT_VALUE) VALUES ('ESElementMigrate108','4','108','MetadataElementEntity.languageMap','Iniciales');
INSERT INTO LANGUAGE_MAPPING (ID,LANGUAGE_ID,REFERENCE_ID,REFERENCE_TYPE,TEXT_VALUE) VALUES ('ESElementMigrate110','4','110','MetadataElementEntity.languageMap','BusinessCategory');
INSERT INTO LANGUAGE_MAPPING (ID,LANGUAGE_ID,REFERENCE_ID,REFERENCE_TYPE,TEXT_VALUE) VALUES ('ESElementMigrate131','4','131','MetadataElementEntity.languageMap','Nombre de Vista');
INSERT INTO LANGUAGE_MAPPING (ID,LANGUAGE_ID,REFERENCE_ID,REFERENCE_TYPE,TEXT_VALUE) VALUES ('ESElementMigrate134','4','134','MetadataElementEntity.languageMap','Idioma preferido');
INSERT INTO LANGUAGE_MAPPING (ID,LANGUAGE_ID,REFERENCE_ID,REFERENCE_TYPE,TEXT_VALUE) VALUES ('ESElementMigrate135','4','135','MetadataElementEntity.languageMap','VehicleLicense');
INSERT INTO LANGUAGE_MAPPING (ID,LANGUAGE_ID,REFERENCE_ID,REFERENCE_TYPE,TEXT_VALUE) VALUES ('ESElementMigrate136','4','136','MetadataElementEntity.languageMap','Nombre');
INSERT INTO LANGUAGE_MAPPING (ID,LANGUAGE_ID,REFERENCE_ID,REFERENCE_TYPE,TEXT_VALUE) VALUES ('ESElementMigrate137','4','137','MetadataElementEntity.languageMap','LabeledURI');
INSERT INTO LANGUAGE_MAPPING (ID,LANGUAGE_ID,REFERENCE_ID,REFERENCE_TYPE,TEXT_VALUE) VALUES ('ESElementMigrate138','4','138','MetadataElementEntity.languageMap','Iniciales');
INSERT INTO LANGUAGE_MAPPING (ID,LANGUAGE_ID,REFERENCE_ID,REFERENCE_TYPE,TEXT_VALUE) VALUES ('ESElementMigrate140','4','140','MetadataElementEntity.languageMap','Nombre de Vista');
INSERT INTO LANGUAGE_MAPPING (ID,LANGUAGE_ID,REFERENCE_ID,REFERENCE_TYPE,TEXT_VALUE) VALUES ('ESElementMigrate150','4','150','MetadataElementEntity.languageMap','Nombre de Vista');
INSERT INTO LANGUAGE_MAPPING (ID,LANGUAGE_ID,REFERENCE_ID,REFERENCE_TYPE,TEXT_VALUE) VALUES ('ESElementMigrate160','4','160','MetadataElementEntity.languageMap','Nombre de Vista');
INSERT INTO LANGUAGE_MAPPING (ID,LANGUAGE_ID,REFERENCE_ID,REFERENCE_TYPE,TEXT_VALUE) VALUES ('ES200','4','200','IdentityQuestionEntity.displayNameMap','Cules son los ltimos cuatro dgitos de su nmero de la seguridad social?');
INSERT INTO LANGUAGE_MAPPING (ID,LANGUAGE_ID,REFERENCE_ID,REFERENCE_TYPE,TEXT_VALUE) VALUES ('ES201','4','201','IdentityQuestionEntity.displayNameMap','Cul es su apellido materno?');
INSERT INTO LANGUAGE_MAPPING (ID,LANGUAGE_ID,REFERENCE_ID,REFERENCE_TYPE,TEXT_VALUE) VALUES ('ES202','4','202','IdentityQuestionEntity.displayNameMap','Dnde estuidaste?');
INSERT INTO LANGUAGE_MAPPING (ID,LANGUAGE_ID,REFERENCE_ID,REFERENCE_TYPE,TEXT_VALUE) VALUES ('ES203','4','203','IdentityQuestionEntity.displayNameMap','Cul es el nombre de tu mascota?');
INSERT INTO LANGUAGE_MAPPING (ID,LANGUAGE_ID,REFERENCE_ID,REFERENCE_TYPE,TEXT_VALUE) VALUES ('ES204','4','204','IdentityQuestionEntity.displayNameMap','Cul es tu comida favorita?');
INSERT INTO LANGUAGE_MAPPING (ID,LANGUAGE_ID,REFERENCE_ID,REFERENCE_TYPE,TEXT_VALUE) VALUES ('ES205','4','205','IdentityQuestionEntity.displayNameMap','Cul es tu color favorito?');
INSERT INTO LANGUAGE_MAPPING (ID,LANGUAGE_ID,REFERENCE_ID,REFERENCE_TYPE,TEXT_VALUE) VALUES ('ES206','4','206','IdentityQuestionEntity.displayNameMap','En qu ciudad naciste?');
INSERT INTO LANGUAGE_MAPPING (ID,LANGUAGE_ID,REFERENCE_ID,REFERENCE_TYPE,TEXT_VALUE) VALUES ('ES207','4','207','IdentityQuestionEntity.displayNameMap','Cual es tu deporte favorito?');
INSERT INTO LANGUAGE_MAPPING (ID,LANGUAGE_ID,REFERENCE_ID,REFERENCE_TYPE,TEXT_VALUE) VALUES ('ES209','4','209','IdentityQuestionEntity.displayNameMap','Cules son los ltimos digitos de tu licencia de conducir?');
INSERT INTO LANGUAGE_MAPPING (ID,LANGUAGE_ID,REFERENCE_ID,REFERENCE_TYPE,TEXT_VALUE) VALUES ('ES210','4','210','IdentityQuestionEntity.displayNameMap','Cul es el nombre de tu escuela favorita?');
INSERT INTO LANGUAGE_MAPPING (ID,LANGUAGE_ID,REFERENCE_ID,REFERENCE_TYPE,TEXT_VALUE) VALUES ('ES211','4','211','IdentityQuestionEntity.displayNameMap','Cul es el nombre de tu primera mascota?');
INSERT INTO LANGUAGE_MAPPING (ID,LANGUAGE_ID,REFERENCE_ID,REFERENCE_TYPE,TEXT_VALUE) VALUES ('ES212','4','212','IdentityQuestionEntity.displayNameMap','Cul es el nombre de tu pelcula, juego o cancin favorita?');
INSERT INTO LANGUAGE_MAPPING (ID,LANGUAGE_ID,REFERENCE_ID,REFERENCE_TYPE,TEXT_VALUE) VALUES ('ES213','4','213','IdentityQuestionEntity.displayNameMap','Cul es el ttulo de tu libro preferido?');
INSERT INTO LANGUAGE_MAPPING (ID,LANGUAGE_ID,REFERENCE_ID,REFERENCE_TYPE,TEXT_VALUE) VALUES ('ES214','4','214','IdentityQuestionEntity.displayNameMap','Cul es el nombre de tu primer novio/a?');
INSERT INTO LANGUAGE_MAPPING (ID,LANGUAGE_ID,REFERENCE_ID,REFERENCE_TYPE,TEXT_VALUE) VALUES ('ES215','4','215','IdentityQuestionEntity.displayNameMap','Cul es el nombre de tu profesor preferido?');
INSERT INTO LANGUAGE_MAPPING (ID,LANGUAGE_ID,REFERENCE_ID,REFERENCE_TYPE,TEXT_VALUE) VALUES ('ES216','4','216','IdentityQuestionEntity.displayNameMap','Cul es el ao y apodo de tu primer coche(Ao-Nombre)?');
INSERT INTO LANGUAGE_MAPPING (ID,LANGUAGE_ID,REFERENCE_ID,REFERENCE_TYPE,TEXT_VALUE) VALUES ('ES217','4','217','IdentityQuestionEntity.displayNameMap','Dnde conociste a tu pareja?');
INSERT INTO LANGUAGE_MAPPING (ID,LANGUAGE_ID,REFERENCE_ID,REFERENCE_TYPE,TEXT_VALUE) VALUES ('ES218','4','218','IdentityQuestionEntity.displayNameMap','Cul es el tipo y nombre de su primera mascota(Tipo-Nombre)?');
INSERT INTO LANGUAGE_MAPPING (ID,LANGUAGE_ID,REFERENCE_ID,REFERENCE_TYPE,TEXT_VALUE) VALUES ('ESElementMigrate260','4','260','MetadataElementEntity.languageMap','BusinessCategory');
INSERT INTO LANGUAGE_MAPPING (ID,LANGUAGE_ID,REFERENCE_ID,REFERENCE_TYPE,TEXT_VALUE) VALUES ('ESElementMigrate261','4','261','MetadataElementEntity.languageMap','StartDate');
INSERT INTO LANGUAGE_MAPPING (ID,LANGUAGE_ID,REFERENCE_ID,REFERENCE_TYPE,TEXT_VALUE) VALUES ('ESElementMigrate262','4','262','MetadataElementEntity.languageMap','EndDate');
INSERT INTO LANGUAGE_MAPPING (ID,LANGUAGE_ID,REFERENCE_ID,REFERENCE_TYPE,TEXT_VALUE) VALUES ('ESElementMigrate300','4','300','MetadataElementEntity.languageMap','name');
INSERT INTO LANGUAGE_MAPPING (ID,LANGUAGE_ID,REFERENCE_ID,REFERENCE_TYPE,TEXT_VALUE) VALUES ('ESElementMigrate301','4','301','MetadataElementEntity.languageMap','distinguishedName');
INSERT INTO LANGUAGE_MAPPING (ID,LANGUAGE_ID,REFERENCE_ID,REFERENCE_TYPE,TEXT_VALUE) VALUES ('ESElementMigrate302','4','302','MetadataElementEntity.languageMap','objectclass');
INSERT INTO LANGUAGE_MAPPING (ID,LANGUAGE_ID,REFERENCE_ID,REFERENCE_TYPE,TEXT_VALUE) VALUES ('ESElementMigrate303','4','303','MetadataElementEntity.languageMap','aliasedObjectName');
INSERT INTO LANGUAGE_MAPPING (ID,LANGUAGE_ID,REFERENCE_ID,REFERENCE_TYPE,TEXT_VALUE) VALUES ('ESElementMigrate304','4','304','MetadataElementEntity.languageMap','cn');
INSERT INTO LANGUAGE_MAPPING (ID,LANGUAGE_ID,REFERENCE_ID,REFERENCE_TYPE,TEXT_VALUE) VALUES ('ESElementMigrate305','4','305','MetadataElementEntity.languageMap','sn');
INSERT INTO LANGUAGE_MAPPING (ID,LANGUAGE_ID,REFERENCE_ID,REFERENCE_TYPE,TEXT_VALUE) VALUES ('ESElementMigrate306','4','306','MetadataElementEntity.languageMap','serialNumber');
INSERT INTO LANGUAGE_MAPPING (ID,LANGUAGE_ID,REFERENCE_ID,REFERENCE_TYPE,TEXT_VALUE) VALUES ('ESElementMigrate307','4','307','MetadataElementEntity.languageMap','c');
INSERT INTO LANGUAGE_MAPPING (ID,LANGUAGE_ID,REFERENCE_ID,REFERENCE_TYPE,TEXT_VALUE) VALUES ('ESElementMigrate308','4','308','MetadataElementEntity.languageMap','l');
INSERT INTO LANGUAGE_MAPPING (ID,LANGUAGE_ID,REFERENCE_ID,REFERENCE_TYPE,TEXT_VALUE) VALUES ('ESElementMigrate309','4','309','MetadataElementEntity.languageMap','st');
INSERT INTO LANGUAGE_MAPPING (ID,LANGUAGE_ID,REFERENCE_ID,REFERENCE_TYPE,TEXT_VALUE) VALUES ('ESElementMigrate310','4','310','MetadataElementEntity.languageMap','street');
INSERT INTO LANGUAGE_MAPPING (ID,LANGUAGE_ID,REFERENCE_ID,REFERENCE_TYPE,TEXT_VALUE) VALUES ('ESElementMigrate311','4','311','MetadataElementEntity.languageMap','o');
INSERT INTO LANGUAGE_MAPPING (ID,LANGUAGE_ID,REFERENCE_ID,REFERENCE_TYPE,TEXT_VALUE) VALUES ('ESElementMigrate312','4','312','MetadataElementEntity.languageMap','ou');
INSERT INTO LANGUAGE_MAPPING (ID,LANGUAGE_ID,REFERENCE_ID,REFERENCE_TYPE,TEXT_VALUE) VALUES ('ESElementMigrate313','4','313','MetadataElementEntity.languageMap','title');
INSERT INTO LANGUAGE_MAPPING (ID,LANGUAGE_ID,REFERENCE_ID,REFERENCE_TYPE,TEXT_VALUE) VALUES ('ESElementMigrate314','4','314','MetadataElementEntity.languageMap','description');
INSERT INTO LANGUAGE_MAPPING (ID,LANGUAGE_ID,REFERENCE_ID,REFERENCE_TYPE,TEXT_VALUE) VALUES ('ESElementMigrate315','4','315','MetadataElementEntity.languageMap','BusinessCategory');
INSERT INTO LANGUAGE_MAPPING (ID,LANGUAGE_ID,REFERENCE_ID,REFERENCE_TYPE,TEXT_VALUE) VALUES ('ESElementMigrate316','4','316','MetadataElementEntity.languageMap','postalAddress');
INSERT INTO LANGUAGE_MAPPING (ID,LANGUAGE_ID,REFERENCE_ID,REFERENCE_TYPE,TEXT_VALUE) VALUES ('ESElementMigrate317','4','317','MetadataElementEntity.languageMap','postalCode');
INSERT INTO LANGUAGE_MAPPING (ID,LANGUAGE_ID,REFERENCE_ID,REFERENCE_TYPE,TEXT_VALUE) VALUES ('ESElementMigrate318','4','318','MetadataElementEntity.languageMap','postOficinaBox');
INSERT INTO LANGUAGE_MAPPING (ID,LANGUAGE_ID,REFERENCE_ID,REFERENCE_TYPE,TEXT_VALUE) VALUES ('ESElementMigrate319','4','319','MetadataElementEntity.languageMap','physicalDeliveryOficinaName');
INSERT INTO LANGUAGE_MAPPING (ID,LANGUAGE_ID,REFERENCE_ID,REFERENCE_TYPE,TEXT_VALUE) VALUES ('ESElementMigrate320','4','320','MetadataElementEntity.languageMap','telephoneNumber');
INSERT INTO LANGUAGE_MAPPING (ID,LANGUAGE_ID,REFERENCE_ID,REFERENCE_TYPE,TEXT_VALUE) VALUES ('ESElementMigrate321','4','321','MetadataElementEntity.languageMap','telexNumber');
INSERT INTO LANGUAGE_MAPPING (ID,LANGUAGE_ID,REFERENCE_ID,REFERENCE_TYPE,TEXT_VALUE) VALUES ('ESElementMigrate322','4','322','MetadataElementEntity.languageMap','teletexTerminalIdentifier');
INSERT INTO LANGUAGE_MAPPING (ID,LANGUAGE_ID,REFERENCE_ID,REFERENCE_TYPE,TEXT_VALUE) VALUES ('ESElementMigrate323','4','323','MetadataElementEntity.languageMap','facsimileTelephoneNumber');
INSERT INTO LANGUAGE_MAPPING (ID,LANGUAGE_ID,REFERENCE_ID,REFERENCE_TYPE,TEXT_VALUE) VALUES ('ESElementMigrate324','4','324','MetadataElementEntity.languageMap','x121Address');
INSERT INTO LANGUAGE_MAPPING (ID,LANGUAGE_ID,REFERENCE_ID,REFERENCE_TYPE,TEXT_VALUE) VALUES ('ESElementMigrate325','4','325','MetadataElementEntity.languageMap','internationaliSDNNumber');
INSERT INTO LANGUAGE_MAPPING (ID,LANGUAGE_ID,REFERENCE_ID,REFERENCE_TYPE,TEXT_VALUE) VALUES ('ESElementMigrate326','4','326','MetadataElementEntity.languageMap','registeredAddress');
INSERT INTO LANGUAGE_MAPPING (ID,LANGUAGE_ID,REFERENCE_ID,REFERENCE_TYPE,TEXT_VALUE) VALUES ('ESElementMigrate327','4','327','MetadataElementEntity.languageMap','destinationIndicator');
INSERT INTO LANGUAGE_MAPPING (ID,LANGUAGE_ID,REFERENCE_ID,REFERENCE_TYPE,TEXT_VALUE) VALUES ('ESElementMigrate328','4','328','MetadataElementEntity.languageMap','preferredDeliveryMethod');
INSERT INTO LANGUAGE_MAPPING (ID,LANGUAGE_ID,REFERENCE_ID,REFERENCE_TYPE,TEXT_VALUE) VALUES ('ESElementMigrate329','4','329','MetadataElementEntity.languageMap','presentationAddress');
INSERT INTO LANGUAGE_MAPPING (ID,LANGUAGE_ID,REFERENCE_ID,REFERENCE_TYPE,TEXT_VALUE) VALUES ('ESElementMigrate330','4','330','MetadataElementEntity.languageMap','supportedApplicationContext');
INSERT INTO LANGUAGE_MAPPING (ID,LANGUAGE_ID,REFERENCE_ID,REFERENCE_TYPE,TEXT_VALUE) VALUES ('ESElementMigrate331','4','331','MetadataElementEntity.languageMap','member');
INSERT INTO LANGUAGE_MAPPING (ID,LANGUAGE_ID,REFERENCE_ID,REFERENCE_TYPE,TEXT_VALUE) VALUES ('ESElementMigrate332','4','332','MetadataElementEntity.languageMap','owner');
INSERT INTO LANGUAGE_MAPPING (ID,LANGUAGE_ID,REFERENCE_ID,REFERENCE_TYPE,TEXT_VALUE) VALUES ('ESElementMigrate333','4','333','MetadataElementEntity.languageMap','roleOccupant');
INSERT INTO LANGUAGE_MAPPING (ID,LANGUAGE_ID,REFERENCE_ID,REFERENCE_TYPE,TEXT_VALUE) VALUES ('ESElementMigrate334','4','334','MetadataElementEntity.languageMap','seeAlso');
INSERT INTO LANGUAGE_MAPPING (ID,LANGUAGE_ID,REFERENCE_ID,REFERENCE_TYPE,TEXT_VALUE) VALUES ('ESElementMigrate335','4','335','MetadataElementEntity.languageMap','userPassword');
INSERT INTO LANGUAGE_MAPPING (ID,LANGUAGE_ID,REFERENCE_ID,REFERENCE_TYPE,TEXT_VALUE) VALUES ('ESElementMigrate336','4','336','MetadataElementEntity.languageMap','userCertificate');
INSERT INTO LANGUAGE_MAPPING (ID,LANGUAGE_ID,REFERENCE_ID,REFERENCE_TYPE,TEXT_VALUE) VALUES ('ESElementMigrate337','4','337','MetadataElementEntity.languageMap','cACertificate');
INSERT INTO LANGUAGE_MAPPING (ID,LANGUAGE_ID,REFERENCE_ID,REFERENCE_TYPE,TEXT_VALUE) VALUES ('ESElementMigrate338','4','338','MetadataElementEntity.languageMap','authorityRevocationList');
INSERT INTO LANGUAGE_MAPPING (ID,LANGUAGE_ID,REFERENCE_ID,REFERENCE_TYPE,TEXT_VALUE) VALUES ('ESElementMigrate339','4','339','MetadataElementEntity.languageMap','certificateRevocationList');
INSERT INTO LANGUAGE_MAPPING (ID,LANGUAGE_ID,REFERENCE_ID,REFERENCE_TYPE,TEXT_VALUE) VALUES ('ESElementMigrate340','4','340','MetadataElementEntity.languageMap','crossCertificatePair');
INSERT INTO LANGUAGE_MAPPING (ID,LANGUAGE_ID,REFERENCE_ID,REFERENCE_TYPE,TEXT_VALUE) VALUES ('ESElementMigrate341','4','341','MetadataElementEntity.languageMap','givenName');
INSERT INTO LANGUAGE_MAPPING (ID,LANGUAGE_ID,REFERENCE_ID,REFERENCE_TYPE,TEXT_VALUE) VALUES ('ESElementMigrate342','4','342','MetadataElementEntity.languageMap','Iniciales');
INSERT INTO LANGUAGE_MAPPING (ID,LANGUAGE_ID,REFERENCE_ID,REFERENCE_TYPE,TEXT_VALUE) VALUES ('ESElementMigrate343','4','343','MetadataElementEntity.languageMap','generationQualifier');
INSERT INTO LANGUAGE_MAPPING (ID,LANGUAGE_ID,REFERENCE_ID,REFERENCE_TYPE,TEXT_VALUE) VALUES ('ESElementMigrate344','4','344','MetadataElementEntity.languageMap','x500UniqueIdentifier');
INSERT INTO LANGUAGE_MAPPING (ID,LANGUAGE_ID,REFERENCE_ID,REFERENCE_TYPE,TEXT_VALUE) VALUES ('ESElementMigrate346','4','346','MetadataElementEntity.languageMap','uniqueMember');
INSERT INTO LANGUAGE_MAPPING (ID,LANGUAGE_ID,REFERENCE_ID,REFERENCE_TYPE,TEXT_VALUE) VALUES ('ESElementMigrate347','4','347','MetadataElementEntity.languageMap','houseIdentifier');
INSERT INTO LANGUAGE_MAPPING (ID,LANGUAGE_ID,REFERENCE_ID,REFERENCE_TYPE,TEXT_VALUE) VALUES ('ESElementMigrate348','4','348','MetadataElementEntity.languageMap','uid');
INSERT INTO LANGUAGE_MAPPING (ID,LANGUAGE_ID,REFERENCE_ID,REFERENCE_TYPE,TEXT_VALUE) VALUES ('ESElementMigrate349','4','349','MetadataElementEntity.languageMap','mail');
INSERT INTO LANGUAGE_MAPPING (ID,LANGUAGE_ID,REFERENCE_ID,REFERENCE_TYPE,TEXT_VALUE) VALUES ('ESElementMigrate350','4','350','MetadataElementEntity.languageMap','ref');
INSERT INTO LANGUAGE_MAPPING (ID,LANGUAGE_ID,REFERENCE_ID,REFERENCE_TYPE,TEXT_VALUE) VALUES ('ESElementMigrate351','4','351','MetadataElementEntity.languageMap','referral');
INSERT INTO LANGUAGE_MAPPING (ID,LANGUAGE_ID,REFERENCE_ID,REFERENCE_TYPE,TEXT_VALUE) VALUES ('ESElementMigrate352','4','352','MetadataElementEntity.languageMap','krbName');
INSERT INTO LANGUAGE_MAPPING (ID,LANGUAGE_ID,REFERENCE_ID,REFERENCE_TYPE,TEXT_VALUE) VALUES ('ESLanguageEntity4','4','4','LanguageEntity.displayNameMap','Espaol');
INSERT INTO LANGUAGE_MAPPING (ID,LANGUAGE_ID,REFERENCE_ID,REFERENCE_TYPE,TEXT_VALUE) VALUES ('ESElementMigrate401','4','401','MetadataElementEntity.languageMap','SUBMIT_USER_TO_CONNECTOR');
INSERT INTO LANGUAGE_MAPPING (ID,LANGUAGE_ID,REFERENCE_ID,REFERENCE_TYPE,TEXT_VALUE) VALUES ('ESElementMigrate402','4','402','MetadataElementEntity.languageMap','INCLUDE_IN_PASSWORD_SYNC');
INSERT INTO LANGUAGE_MAPPING (ID,LANGUAGE_ID,REFERENCE_ID,REFERENCE_TYPE,TEXT_VALUE) VALUES ('ESElementMigrate405','4','405','MetadataElementEntity.languageMap','INCLUDE_IN_SYNC');
INSERT INTO LANGUAGE_MAPPING (ID,LANGUAGE_ID,REFERENCE_ID,REFERENCE_TYPE,TEXT_VALUE) VALUES ('ESElementMigrate406','4','406','MetadataElementEntity.languageMap','TABLE_NAME');
INSERT INTO LANGUAGE_MAPPING (ID,LANGUAGE_ID,REFERENCE_ID,REFERENCE_TYPE,TEXT_VALUE) VALUES ('ESElementMigrate407','4','407','MetadataElementEntity.languageMap','GROUP_MEMBERSHIP_ENABLED');
INSERT INTO LANGUAGE_MAPPING (ID,LANGUAGE_ID,REFERENCE_ID,REFERENCE_TYPE,TEXT_VALUE) VALUES ('ESElementMigrate408','4','408','MetadataElementEntity.languageMap','ON_DELETE');
INSERT INTO LANGUAGE_MAPPING (ID,LANGUAGE_ID,REFERENCE_ID,REFERENCE_TYPE,TEXT_VALUE) VALUES ('ESElementMigrate409','4','409','MetadataElementEntity.languageMap','PRE_PROCESS');
INSERT INTO LANGUAGE_MAPPING (ID,LANGUAGE_ID,REFERENCE_ID,REFERENCE_TYPE,TEXT_VALUE) VALUES ('ESElementMigrate410','4','410','MetadataElementEntity.languageMap','POST_PROCESS');
INSERT INTO LANGUAGE_MAPPING (ID,LANGUAGE_ID,REFERENCE_ID,REFERENCE_TYPE,TEXT_VALUE) VALUES ('ESElementMigrate411','4','411','MetadataElementEntity.languageMap','HOST_URL');
INSERT INTO LANGUAGE_MAPPING (ID,LANGUAGE_ID,REFERENCE_ID,REFERENCE_TYPE,TEXT_VALUE) VALUES ('ESElementMigrate412','4','412','MetadataElementEntity.languageMap','BASE_DN');
INSERT INTO LANGUAGE_MAPPING (ID,LANGUAGE_ID,REFERENCE_ID,REFERENCE_TYPE,TEXT_VALUE) VALUES ('ESElementMigrate413','4','413','MetadataElementEntity.languageMap','HOST_LOGIN ID');
INSERT INTO LANGUAGE_MAPPING (ID,LANGUAGE_ID,REFERENCE_ID,REFERENCE_TYPE,TEXT_VALUE) VALUES ('ESElementMigrate415','4','415','MetadataElementEntity.languageMap','COMMUNICATION_PROTOCOL');
INSERT INTO LANGUAGE_MAPPING (ID,LANGUAGE_ID,REFERENCE_ID,REFERENCE_TYPE,TEXT_VALUE) VALUES ('ESElementMigrate416','4','416','MetadataElementEntity.languageMap','OBJECT_CLASS');
INSERT INTO LANGUAGE_MAPPING (ID,LANGUAGE_ID,REFERENCE_ID,REFERENCE_TYPE,TEXT_VALUE) VALUES ('ESElementMigrate418','4','418','MetadataElementEntity.languageMap','SEARCH_ATTRIBUTE');
INSERT INTO LANGUAGE_MAPPING (ID,LANGUAGE_ID,REFERENCE_ID,REFERENCE_TYPE,TEXT_VALUE) VALUES ('ESElementMigrate419','4','419','MetadataElementEntity.languageMap','MANAGED_SYS_ID');
INSERT INTO LANGUAGE_MAPPING (ID,LANGUAGE_ID,REFERENCE_ID,REFERENCE_TYPE,TEXT_VALUE) VALUES ('ESElementMigrate420','4','420','MetadataElementEntity.languageMap','DN_ATTRIBUTE');
INSERT INTO LANGUAGE_MAPPING (ID,LANGUAGE_ID,REFERENCE_ID,REFERENCE_TYPE,TEXT_VALUE) VALUES ('ESElementMigrate421','4','421','MetadataElementEntity.languageMap','PASSWORD');
INSERT INTO LANGUAGE_MAPPING (ID,LANGUAGE_ID,REFERENCE_ID,REFERENCE_TYPE,TEXT_VALUE) VALUES ('ESElementMigrate430','4','430','MetadataElementEntity.languageMap','END_POINT');
INSERT INTO LANGUAGE_MAPPING (ID,LANGUAGE_ID,REFERENCE_ID,REFERENCE_TYPE,TEXT_VALUE) VALUES ('ESElementMigrate440','4','440','MetadataElementEntity.languageMap','OPERATION_NAME');
INSERT INTO LANGUAGE_MAPPING (ID,LANGUAGE_ID,REFERENCE_ID,REFERENCE_TYPE,TEXT_VALUE) VALUES ('ESElementMigrate450','4','450','MetadataElementEntity.languageMap','URL');
INSERT INTO LANGUAGE_MAPPING (ID,LANGUAGE_ID,REFERENCE_ID,REFERENCE_TYPE,TEXT_VALUE) VALUES ('ESLanguageEntity7','4','8','LanguageEntity.displayNameMap','Ruso');
INSERT INTO LANGUAGE_MAPPING (ID,LANGUAGE_ID,REFERENCE_ID,REFERENCE_TYPE,TEXT_VALUE) VALUES ('ESABOUT_DESC','4','ABOUT','ResourceEntity.displayNameMap','Acerca de OpenIAM');
INSERT INTO LANGUAGE_MAPPING (ID,LANGUAGE_ID,REFERENCE_ID,REFERENCE_TYPE,TEXT_VALUE) VALUES ('ESABOUT_ROOT_MENU_DESC','4','ABOUT_ROOT_MENU','ResourceEntity.displayNameMap','Acerca de OpenIAM');
INSERT INTO LANGUAGE_MAPPING (ID,LANGUAGE_ID,REFERENCE_ID,REFERENCE_TYPE,TEXT_VALUE) VALUES ('ESACCESSCENTER_MENU_DISPLAY','4','ACCESSCENTER','ResourceEntity.displayNameMap','Gestin de Acceso');
INSERT INTO LANGUAGE_MAPPING (ID,LANGUAGE_ID,REFERENCE_ID,REFERENCE_TYPE,TEXT_VALUE) VALUES ('ESMetadataTypeEntity1','4','ACCNT','MetadataTypeEntity.displayNameMap','Cuenta');
INSERT INTO LANGUAGE_MAPPING (ID,LANGUAGE_ID,REFERENCE_ID,REFERENCE_TYPE,TEXT_VALUE) VALUES ('ESACC_CONTROL_MENU_DISPLAY','4','ACC_CONTROL','ResourceEntity.displayNameMap','Control de Acceso');
INSERT INTO LANGUAGE_MAPPING (ID,LANGUAGE_ID,REFERENCE_ID,REFERENCE_TYPE,TEXT_VALUE) VALUES ('ESMetadataTypeEntity2','4','ACTIVE','MetadataTypeEntity.displayNameMap','ACTIVO');
INSERT INTO LANGUAGE_MAPPING (ID,LANGUAGE_ID,REFERENCE_ID,REFERENCE_TYPE,TEXT_VALUE) VALUES ('ESMetadataTypeEntity3','4','ADGroup','MetadataTypeEntity.displayNameMap','Tipo de uario AD');
INSERT INTO LANGUAGE_MAPPING (ID,LANGUAGE_ID,REFERENCE_ID,REFERENCE_TYPE,TEXT_VALUE) VALUES ('ESMetadataTypeEntity4','4','ADMGP','MetadataTypeEntity.displayNameMap','Grupo Admin');
INSERT INTO LANGUAGE_MAPPING (ID,LANGUAGE_ID,REFERENCE_ID,REFERENCE_TYPE,TEXT_VALUE) VALUES ('ESMetadataTypeEntity5','4','ADMIN','MetadataTypeEntity.displayNameMap','Administrador');
INSERT INTO LANGUAGE_MAPPING (ID,LANGUAGE_ID,REFERENCE_ID,REFERENCE_TYPE,TEXT_VALUE) VALUES ('ESADMIN_MENU_DISPLAY','4','ADMIN','ResourceEntity.displayNameMap','Administracin');
INSERT INTO LANGUAGE_MAPPING (ID,LANGUAGE_ID,REFERENCE_ID,REFERENCE_TYPE,TEXT_VALUE) VALUES ('ESADMIN_BATCH_TASKS_DESC','4','ADMIN_BATCH_TASKS','ResourceEntity.displayNameMap','Tareas Programadas');
INSERT INTO LANGUAGE_MAPPING (ID,LANGUAGE_ID,REFERENCE_ID,REFERENCE_TYPE,TEXT_VALUE) VALUES ('ESMetadataTypeEntity6','4','ADMIN_RESOURCE','MetadataTypeEntity.displayNameMap','Recurso Admin');
INSERT INTO LANGUAGE_MAPPING (ID,LANGUAGE_ID,REFERENCE_ID,REFERENCE_TYPE,TEXT_VALUE) VALUES ('ESADMIN_RESOURCE','4','ADMIN_RESOURCE','ResourceTypeEntity.displayNameMap','Recurso Admin');
INSERT INTO LANGUAGE_MAPPING (ID,LANGUAGE_ID,REFERENCE_ID,REFERENCE_TYPE,TEXT_VALUE) VALUES ('ESMetadataTypeEntity7','4','ADUser','MetadataTypeEntity.displayNameMap','Tipo de usuario AD');
INSERT INTO LANGUAGE_MAPPING (ID,LANGUAGE_ID,REFERENCE_ID,REFERENCE_TYPE,TEXT_VALUE) VALUES ('ESMetadataTypeEntity8','4','AD_Connector','MetadataTypeEntity.displayNameMap','Conector Active Directorio');
INSERT INTO LANGUAGE_MAPPING (ID,LANGUAGE_ID,REFERENCE_ID,REFERENCE_TYPE,TEXT_VALUE) VALUES ('ESMetadataTypeEntity9','4','AD_GROUP_TYPE','MetadataTypeEntity.displayNameMap','TIPO DE GRUPO AD');
INSERT INTO LANGUAGE_MAPPING (ID,LANGUAGE_ID,REFERENCE_ID,REFERENCE_TYPE,TEXT_VALUE) VALUES ('ESMetadataTypeEntity10','4','AFFILIATE','MetadataTypeEntity.displayNameMap','AFILIADO');
INSERT INTO LANGUAGE_MAPPING (ID,LANGUAGE_ID,REFERENCE_ID,REFERENCE_TYPE,TEXT_VALUE) VALUES ('ESAM_PROV_AM_ATTR_DESC','4','AM_PROV_AM_ATTR','ResourceEntity.displayNameMap','Solicitud de Atributos');
INSERT INTO LANGUAGE_MAPPING (ID,LANGUAGE_ID,REFERENCE_ID,REFERENCE_TYPE,TEXT_VALUE) VALUES ('ESAM_PROV_EDIT_DESC','4','AM_PROV_EDIT','ResourceEntity.displayNameMap','Proveedor de autenticacin de edicin de Menu');
INSERT INTO LANGUAGE_MAPPING (ID,LANGUAGE_ID,REFERENCE_ID,REFERENCE_TYPE,TEXT_VALUE) VALUES ('ESAM_PROV_EDIT_CURRENT_DESC','4','AM_PROV_EDIT_CURRENT','ResourceEntity.displayNameMap','Editar Proveedor');
INSERT INTO LANGUAGE_MAPPING (ID,LANGUAGE_ID,REFERENCE_ID,REFERENCE_TYPE,TEXT_VALUE) VALUES ('ESAM_PROV_EDIT_SEARCH_DESC','4','AM_PROV_EDIT_SEARCH','ResourceEntity.displayNameMap','Volver a buscar');
INSERT INTO LANGUAGE_MAPPING (ID,LANGUAGE_ID,REFERENCE_ID,REFERENCE_TYPE,TEXT_VALUE) VALUES ('ESAM_PROV_NEW_DSC','4','AM_PROV_NEW','ResourceEntity.displayNameMap','Crear Nuevo Proveedor');
INSERT INTO LANGUAGE_MAPPING (ID,LANGUAGE_ID,REFERENCE_ID,REFERENCE_TYPE,TEXT_VALUE) VALUES ('ESAM_PROV_NEW_EDIT_PUB_DESC','4','AM_PROV_NEW_EDIT','ResourceEntity.displayNameMap','Crear Nuevo Proveedor');
INSERT INTO LANGUAGE_MAPPING (ID,LANGUAGE_ID,REFERENCE_ID,REFERENCE_TYPE,TEXT_VALUE) VALUES ('ESAM_PROV_ROOT_DESC','4','AM_PROV_ROOT','ResourceEntity.displayNameMap','Proveedor autenticacin Men raz');
INSERT INTO LANGUAGE_MAPPING (ID,LANGUAGE_ID,REFERENCE_ID,REFERENCE_TYPE,TEXT_VALUE) VALUES ('ESAM_PROV_SEARCH_DESC','4','AM_PROV_SEARCH','ResourceEntity.displayNameMap','Buscar Proveedores');
INSERT INTO LANGUAGE_MAPPING (ID,LANGUAGE_ID,REFERENCE_ID,REFERENCE_TYPE,TEXT_VALUE) VALUES ('ESAM_PROV_SEARCH_CHILD_PUB_DESC','4','AM_PROV_SEARCH_CHILD','ResourceEntity.displayNameMap','Proveedor autenticacin');
INSERT INTO LANGUAGE_MAPPING (ID,LANGUAGE_ID,REFERENCE_ID,REFERENCE_TYPE,TEXT_VALUE) VALUES ('ESMetadataTypeEntity11','4','APPROVAL_DECLINED','MetadataTypeEntity.displayNameMap','APPROVAL_DECLINED');
INSERT INTO LANGUAGE_MAPPING (ID,LANGUAGE_ID,REFERENCE_ID,REFERENCE_TYPE,TEXT_VALUE) VALUES ('ESASSOC_POLICY_DESC','4','ASSOC_POLICY','ResourceEntity.displayNameMap','Poltica Asociada');
INSERT INTO LANGUAGE_MAPPING (ID,LANGUAGE_ID,REFERENCE_ID,REFERENCE_TYPE,TEXT_VALUE) VALUES ('ESMetadataTypeEntity12','4','ATTR','MetadataTypeEntity.displayNameMap','Atributo');
INSERT INTO LANGUAGE_MAPPING (ID,LANGUAGE_ID,REFERENCE_ID,REFERENCE_TYPE,TEXT_VALUE) VALUES ('ESATTRIBUTE_POLICY_DESC','4','ATTRIBUTE_POLICY','ResourceEntity.displayNameMap','Poltica de Atributo');
INSERT INTO LANGUAGE_MAPPING (ID,LANGUAGE_ID,REFERENCE_ID,REFERENCE_TYPE,TEXT_VALUE) VALUES ('ESAUDITREPORT_MENU_DISPLAY','4','AUDITREPORT','ResourceEntity.displayNameMap','Informes de Auditora');
INSERT INTO LANGUAGE_MAPPING (ID,LANGUAGE_ID,REFERENCE_ID,REFERENCE_TYPE,TEXT_VALUE) VALUES ('ESAUDIT_RPT_MENU_DISPLAY','4','AUDIT_RPT','ResourceEntity.displayNameMap','Informe de Auditora');
INSERT INTO LANGUAGE_MAPPING (ID,LANGUAGE_ID,REFERENCE_ID,REFERENCE_TYPE,TEXT_VALUE) VALUES ('ESAUTH_POLICY_MENU_DESC','4','AUTHENTICATION_POLICY','ResourceEntity.displayNameMap','Poltica de Autenticacin');
INSERT INTO LANGUAGE_MAPPING (ID,LANGUAGE_ID,REFERENCE_ID,REFERENCE_TYPE,TEXT_VALUE) VALUES ('ESAUTH_POLICY_ROOT_MENU_DESC','4','AUTHENTICATION_POLICY_ROOT_MENU','ResourceEntity.displayNameMap','Poltica autenticacin Men raz');
INSERT INTO LANGUAGE_MAPPING (ID,LANGUAGE_ID,REFERENCE_ID,REFERENCE_TYPE,TEXT_VALUE) VALUES ('ESMetadataTypeEntity13','4','AUTHENTICATION_PROVIDER','MetadataTypeEntity.displayNameMap','Proveedor autenticacin');
INSERT INTO LANGUAGE_MAPPING (ID,LANGUAGE_ID,REFERENCE_ID,REFERENCE_TYPE,TEXT_VALUE) VALUES ('ESAUTH_LEVEL_GRP_DN','4','AUTH_LEVEL_GRP','ResourceEntity.displayNameMap','Grupos autenticacin');
INSERT INTO LANGUAGE_MAPPING (ID,LANGUAGE_ID,REFERENCE_ID,REFERENCE_TYPE,TEXT_VALUE) VALUES ('ESAUTH_LVL_GRP_ATTR_DN','4','AUTH_LVL_GRP_ATTR','ResourceEntity.displayNameMap','Atributo de Nivel de Agrupacin de Autenticacin Root');
INSERT INTO LANGUAGE_MAPPING (ID,LANGUAGE_ID,REFERENCE_ID,REFERENCE_TYPE,TEXT_VALUE) VALUES ('ESAUTH_LVL_GRP_EDIT_ROOT_DN','4','AUTH_LVL_GRP_EDIT_ROOT','ResourceEntity.displayNameMap','Edicin de Nivel de Agrupacin de Autenticacin Root');
INSERT INTO LANGUAGE_MAPPING (ID,LANGUAGE_ID,REFERENCE_ID,REFERENCE_TYPE,TEXT_VALUE) VALUES ('ESAUTH_LVL_GRP_NEW_ROOT_DN','4','AUTH_LVL_GRP_NEW_ROOT','ResourceEntity.displayNameMap','Autenticacin de Nivel de Agrupacin Root');
INSERT INTO LANGUAGE_MAPPING (ID,LANGUAGE_ID,REFERENCE_ID,REFERENCE_TYPE,TEXT_VALUE) VALUES ('ESAUTH_PROVIDER','4','AUTH_PROVIDER','ResourceTypeEntity.displayNameMap','Proveedor autenticacin');
INSERT INTO LANGUAGE_MAPPING (ID,LANGUAGE_ID,REFERENCE_ID,REFERENCE_TYPE,TEXT_VALUE) VALUES ('ESMetadataTypeEntity14','4','AUTH_REPO','MetadataTypeEntity.displayNameMap','Repositorio autenticacin');
INSERT INTO LANGUAGE_MAPPING (ID,LANGUAGE_ID,REFERENCE_ID,REFERENCE_TYPE,TEXT_VALUE) VALUES ('ESAUTH_REPO','4','AUTH_REPO','ResourceTypeEntity.displayNameMap','Repositorio autenticacin');
INSERT INTO LANGUAGE_MAPPING (ID,LANGUAGE_ID,REFERENCE_ID,REFERENCE_TYPE,TEXT_VALUE) VALUES ('ESBACK_TO_AUTH_LVL_DN','4','BACK_TO_AUTH_LVL','ResourceEntity.displayNameMap','Volver a la Agrupacin');
INSERT INTO LANGUAGE_MAPPING (ID,LANGUAGE_ID,REFERENCE_ID,REFERENCE_TYPE,TEXT_VALUE) VALUES ('ESBACK_TO_AUTH_LVL_GRP_SRH_DN','4','BACK_TO_AUTH_LVL_GRP_SRH','ResourceEntity.displayNameMap','Volver a la Busqueda');
INSERT INTO LANGUAGE_MAPPING (ID,LANGUAGE_ID,REFERENCE_ID,REFERENCE_TYPE,TEXT_VALUE) VALUES ('ESBACK_TO_CP_DESC','4','BACK_TO_CP','ResourceEntity.displayNameMap','Volver al Proveedor de Contenido');
INSERT INTO LANGUAGE_MAPPING (ID,LANGUAGE_ID,REFERENCE_ID,REFERENCE_TYPE,TEXT_VALUE) VALUES ('ESBATCH_PROC_MENU_DISPLAY','4','BATCH_PROC','ResourceEntity.displayNameMap','Tareas Programadas');
INSERT INTO LANGUAGE_MAPPING (ID,LANGUAGE_ID,REFERENCE_ID,REFERENCE_TYPE,TEXT_VALUE) VALUES ('ESBATCH_TASK_EDIT_DESC','4','BATCH_TASK_EDIT','ResourceEntity.displayNameMap','Editar Tareas Programadas');
INSERT INTO LANGUAGE_MAPPING (ID,LANGUAGE_ID,REFERENCE_ID,REFERENCE_TYPE,TEXT_VALUE) VALUES ('ESBATCH_TASK_ROOT_DESC','4','BATCH_TASK_ROOT','ResourceEntity.displayNameMap','Tareas Programadas Root');
INSERT INTO LANGUAGE_MAPPING (ID,LANGUAGE_ID,REFERENCE_ID,REFERENCE_TYPE,TEXT_VALUE) VALUES ('ESMetadataTypeEntity15','4','BL','MetadataTypeEntity.displayNameMap','Desabilitado');
INSERT INTO LANGUAGE_MAPPING (ID,LANGUAGE_ID,REFERENCE_ID,REFERENCE_TYPE,TEXT_VALUE) VALUES ('ESBULK_OPS_DESC','4','BULK_OPS','ResourceEntity.displayNameMap','Operaciones masivas');
INSERT INTO LANGUAGE_MAPPING (ID,LANGUAGE_ID,REFERENCE_ID,REFERENCE_TYPE,TEXT_VALUE) VALUES ('ESMetadataTypeEntity16','4','CELL_PHONE','MetadataTypeEntity.displayNameMap','Mvil');
INSERT INTO LANGUAGE_MAPPING (ID,LANGUAGE_ID,REFERENCE_ID,REFERENCE_TYPE,TEXT_VALUE) VALUES ('ESCHALLENGE_MENU_DISPLAY','4','CHALLENGE','ResourceEntity.displayNameMap','Pregunta de Seguridad');
INSERT INTO LANGUAGE_MAPPING (ID,LANGUAGE_ID,REFERENCE_ID,REFERENCE_TYPE,TEXT_VALUE) VALUES ('ESCHALLENGE_RESP_QUESTION_DESC','4','CHALLENGE_RESPONSE_QUESTION','ResourceEntity.displayNameMap','Pregunta de Seguridad');
INSERT INTO LANGUAGE_MAPPING (ID,LANGUAGE_ID,REFERENCE_ID,REFERENCE_TYPE,TEXT_VALUE) VALUES ('ESCHALL_RESP_QUESTION_NEW_DSC','4','CHALLENGE_RESPONSE_QUESTION_NEW','ResourceEntity.displayNameMap','Crear Nueva Pregunta');
INSERT INTO LANGUAGE_MAPPING (ID,LANGUAGE_ID,REFERENCE_ID,REFERENCE_TYPE,TEXT_VALUE) VALUES ('ESCHALLENGE_RESP_QUEST_ROOT_DESC','4','CHALLENGE_RESPONSE_QUESTION_ROOT','ResourceEntity.displayNameMap','Menu Root de Pregunta de Seguridad');
INSERT INTO LANGUAGE_MAPPING (ID,LANGUAGE_ID,REFERENCE_ID,REFERENCE_TYPE,TEXT_VALUE) VALUES ('ESMetadataTypeEntity17','4','CHECKBOX','MetadataTypeEntity.displayNameMap','Checkbox');
INSERT INTO LANGUAGE_MAPPING (ID,LANGUAGE_ID,REFERENCE_ID,REFERENCE_TYPE,TEXT_VALUE) VALUES ('ESCHNGPSWD_MENU_DISPLAY','4','CHNGPSWD','ResourceEntity.displayNameMap','Cambiar Password');
INSERT INTO LANGUAGE_MAPPING (ID,LANGUAGE_ID,REFERENCE_ID,REFERENCE_TYPE,TEXT_VALUE) VALUES ('ESCONF_POLICY_PAGE_DIS','4','CONF_POLICY_PAGE','ResourceEntity.displayNameMap','Configurar Poltica TI');
INSERT INTO LANGUAGE_MAPPING (ID,LANGUAGE_ID,REFERENCE_ID,REFERENCE_TYPE,TEXT_VALUE) VALUES ('ESMetadataTypeEntity18','4','CONTENT_PROVIDER','MetadataTypeEntity.displayNameMap','Proveedor de Contenido');
INSERT INTO LANGUAGE_MAPPING (ID,LANGUAGE_ID,REFERENCE_ID,REFERENCE_TYPE,TEXT_VALUE) VALUES ('ESCONTENT_PROVIDER','4','CONTENT_PROVIDER','ResourceTypeEntity.displayNameMap','Proveedor de Contenido');
INSERT INTO LANGUAGE_MAPPING (ID,LANGUAGE_ID,REFERENCE_ID,REFERENCE_TYPE,TEXT_VALUE) VALUES ('ESCONTENT_PROV_EDIT_DESC','4','CONTENT_PROV_EDIT','ResourceEntity.displayNameMap','Edicin de Men de Proveedor de Contenido');
INSERT INTO LANGUAGE_MAPPING (ID,LANGUAGE_ID,REFERENCE_ID,REFERENCE_TYPE,TEXT_VALUE) VALUES ('ESCONTENT_PROV_EDIT_CURRENT_DESC','4','CONTENT_PROV_EDIT_CURRENT','ResourceEntity.displayNameMap','Editar Proveedor');
INSERT INTO LANGUAGE_MAPPING (ID,LANGUAGE_ID,REFERENCE_ID,REFERENCE_TYPE,TEXT_VALUE) VALUES ('ESCONTENT_PROV_EDIT_SEARCH_DESC','4','CONTENT_PROV_EDIT_SEARCH','ResourceEntity.displayNameMap','Volver a la Busqueda');
INSERT INTO LANGUAGE_MAPPING (ID,LANGUAGE_ID,REFERENCE_ID,REFERENCE_TYPE,TEXT_VALUE) VALUES ('ESCONTENT_PROV_NEW_DSC','4','CONTENT_PROV_NEW','ResourceEntity.displayNameMap','Crear Proveedor Nuevo');
INSERT INTO LANGUAGE_MAPPING (ID,LANGUAGE_ID,REFERENCE_ID,REFERENCE_TYPE,TEXT_VALUE) VALUES ('ESCONTENT_PROV_NEW_EDIT_DESC','4','CONTENT_PROV_NEW_EDIT','ResourceEntity.displayNameMap','Crear Proveedor Nuevo');
INSERT INTO LANGUAGE_MAPPING (ID,LANGUAGE_ID,REFERENCE_ID,REFERENCE_TYPE,TEXT_VALUE) VALUES ('ESCONTENT_PROV_ROOT_DESC','4','CONTENT_PROV_ROOT','ResourceEntity.displayNameMap','Men Root de Proveedor de Contenido');
INSERT INTO LANGUAGE_MAPPING (ID,LANGUAGE_ID,REFERENCE_ID,REFERENCE_TYPE,TEXT_VALUE) VALUES ('ESCONTENT_PROV_SEARCH_DESC','4','CONTENT_PROV_SEARCH','ResourceEntity.displayNameMap','Buscar Proveedor');
INSERT INTO LANGUAGE_MAPPING (ID,LANGUAGE_ID,REFERENCE_ID,REFERENCE_TYPE,TEXT_VALUE) VALUES ('ESCONTENT_PROV_SEARCH_CHILD_DESC','4','CONTENT_PROV_SEARCH_CHILD','ResourceEntity.displayNameMap','Proveedor de Contenidos');
INSERT INTO LANGUAGE_MAPPING (ID,LANGUAGE_ID,REFERENCE_ID,REFERENCE_TYPE,TEXT_VALUE) VALUES ('ESMetadataTypeEntity19','4','Contractor','MetadataTypeEntity.displayNameMap','Tipo de Usario Contratista');
INSERT INTO LANGUAGE_MAPPING (ID,LANGUAGE_ID,REFERENCE_ID,REFERENCE_TYPE,TEXT_VALUE) VALUES ('ESMetadataTypeEntity20','4','CONTRACTOR TYPE','MetadataTypeEntity.displayNameMap','Contratista');
INSERT INTO LANGUAGE_MAPPING (ID,LANGUAGE_ID,REFERENCE_ID,REFERENCE_TYPE,TEXT_VALUE) VALUES ('ESCREATEREQ_MENU_DISPLAY','4','CREATEREQ','ResourceEntity.displayNameMap','Crear Solicitud');
INSERT INTO LANGUAGE_MAPPING (ID,LANGUAGE_ID,REFERENCE_ID,REFERENCE_TYPE,TEXT_VALUE) VALUES ('ESCR_RES_DISP_NAME','4','CREATE_RESOURCE_MENU','ResourceEntity.displayNameMap','Crear Recurso Nuevo');
INSERT INTO LANGUAGE_MAPPING (ID,LANGUAGE_ID,REFERENCE_ID,REFERENCE_TYPE,TEXT_VALUE) VALUES ('ESCUSTOM_FIELD_EDIT_DESC','4','CUSTOM_FIELD_EDIT','ResourceEntity.displayNameMap','Men de Edicin de Campo Personalizado');
INSERT INTO LANGUAGE_MAPPING (ID,LANGUAGE_ID,REFERENCE_ID,REFERENCE_TYPE,TEXT_VALUE) VALUES ('ESCUSTOM_FIELD_EDIT_NEW_DESC','4','CUSTOM_FIELD_EDIT_NEW','ResourceEntity.displayNameMap','Crear Campo Pers.');
INSERT INTO LANGUAGE_MAPPING (ID,LANGUAGE_ID,REFERENCE_ID,REFERENCE_TYPE,TEXT_VALUE) VALUES ('ESCUSTOM_FIELD_EDIT_SEARCH_DESC','4','CUSTOM_FIELD_EDIT_SEARCH','ResourceEntity.displayNameMap','Volver a la Busqueda');
INSERT INTO LANGUAGE_MAPPING (ID,LANGUAGE_ID,REFERENCE_ID,REFERENCE_TYPE,TEXT_VALUE) VALUES ('ESCUSTOM_FIELD_NEW_DSC','4','CUSTOM_FIELD_NEW','ResourceEntity.displayNameMap','Crear Campo Pers.');
INSERT INTO LANGUAGE_MAPPING (ID,LANGUAGE_ID,REFERENCE_ID,REFERENCE_TYPE,TEXT_VALUE) VALUES ('ESCUSTOM_FIELD_ROOT_DESC','4','CUSTOM_FIELD_ROOT','ResourceEntity.displayNameMap','Men Root de Campo Personalizado');
INSERT INTO LANGUAGE_MAPPING (ID,LANGUAGE_ID,REFERENCE_ID,REFERENCE_TYPE,TEXT_VALUE) VALUES ('ESCUSTOM_FIELD_SEARCH_DESC','4','CUSTOM_FIELD_SEARCH','ResourceEntity.displayNameMap','Buscar Campos Pers.');
INSERT INTO LANGUAGE_MAPPING (ID,LANGUAGE_ID,REFERENCE_ID,REFERENCE_TYPE,TEXT_VALUE) VALUES ('ESCUSTOM_FIELD_SEARCH_CHILD_DESC','4','CUSTOM_FIELD_SEARCH_CHILD','ResourceEntity.displayNameMap','Campos Personalizados');
INSERT INTO LANGUAGE_MAPPING (ID,LANGUAGE_ID,REFERENCE_ID,REFERENCE_TYPE,TEXT_VALUE) VALUES ('ESMetadataTypeEntity21','4','DATE','MetadataTypeEntity.displayNameMap','Fecha de Campo');
INSERT INTO LANGUAGE_MAPPING (ID,LANGUAGE_ID,REFERENCE_ID,REFERENCE_TYPE,TEXT_VALUE) VALUES ('ESMetadataTypeEntity22','4','DEFAULT_GROUP','MetadataTypeEntity.displayNameMap','TIPO DE GRUPO PREDETERMINADO');
INSERT INTO LANGUAGE_MAPPING (ID,LANGUAGE_ID,REFERENCE_ID,REFERENCE_TYPE,TEXT_VALUE) VALUES ('ESDEFAULT_USER_TYPE','4','DEFAULT_USER','MetadataTypeEntity.displayNameMap','Usuario Predeterminado');
INSERT INTO LANGUAGE_MAPPING (ID,LANGUAGE_ID,REFERENCE_ID,REFERENCE_TYPE,TEXT_VALUE) VALUES ('ESMetadataTypeEntity23','4','DELETED','MetadataTypeEntity.displayNameMap','BORRADO');
INSERT INTO LANGUAGE_MAPPING (ID,LANGUAGE_ID,REFERENCE_ID,REFERENCE_TYPE,TEXT_VALUE) VALUES ('ESDELG_FILTER_MENU_DISPLAY','4','DELG_FILTER','ResourceEntity.displayNameMap','Administracin delegada');
INSERT INTO LANGUAGE_MAPPING (ID,LANGUAGE_ID,REFERENCE_ID,REFERENCE_TYPE,TEXT_VALUE) VALUES ('ESDEPARTMENT','4','DEPARTMENT','OrganizationTypeEntity.displayNameMap','Departamento');
INSERT INTO LANGUAGE_MAPPING (ID,LANGUAGE_ID,REFERENCE_ID,REFERENCE_TYPE,TEXT_VALUE) VALUES ('ESMetadataTypeEntity24','4','departmentType','MetadataTypeEntity.displayNameMap','Departamento');
INSERT INTO LANGUAGE_MAPPING (ID,LANGUAGE_ID,REFERENCE_ID,REFERENCE_TYPE,TEXT_VALUE) VALUES ('ESMetadataTypeEntity25','4','DIRECTORY','MetadataTypeEntity.displayNameMap','Directorio');
INSERT INTO LANGUAGE_MAPPING (ID,LANGUAGE_ID,REFERENCE_ID,REFERENCE_TYPE,TEXT_VALUE) VALUES ('ESDIRECTORY_MENU_DISPLAY','4','DIRECTORY','ResourceEntity.displayNameMap','Busqueda en el Directorio');
INSERT INTO LANGUAGE_MAPPING (ID,LANGUAGE_ID,REFERENCE_ID,REFERENCE_TYPE,TEXT_VALUE) VALUES ('ESDIR_LOOKUP_PAGE_DIS','4','DIR_LOOKUP_PAGE','ResourceEntity.displayNameMap','Busqueda en el Directorio');
INSERT INTO LANGUAGE_MAPPING (ID,LANGUAGE_ID,REFERENCE_ID,REFERENCE_TYPE,TEXT_VALUE) VALUES ('ESMetadataTypeEntity26','4','DISABLED','MetadataTypeEntity.displayNameMap','Deshabilitado');
INSERT INTO LANGUAGE_MAPPING (ID,LANGUAGE_ID,REFERENCE_ID,REFERENCE_TYPE,TEXT_VALUE) VALUES ('ESDIVISION','4','DIVISION','OrganizationTypeEntity.displayNameMap','Division');
INSERT INTO LANGUAGE_MAPPING (ID,LANGUAGE_ID,REFERENCE_ID,REFERENCE_TYPE,TEXT_VALUE) VALUES ('ESMetadataTypeEntity27','4','divisionType','MetadataTypeEntity.displayNameMap','Division');
INSERT INTO LANGUAGE_MAPPING (ID,LANGUAGE_ID,REFERENCE_ID,REFERENCE_TYPE,TEXT_VALUE) VALUES ('ESMetadataTypeEntity28','4','DL','MetadataTypeEntity.displayNameMap','BORRAR');
INSERT INTO LANGUAGE_MAPPING (ID,LANGUAGE_ID,REFERENCE_ID,REFERENCE_TYPE,TEXT_VALUE) VALUES ('ESEDIT_BATCH_TASK_DESC','4','EDIT_BATCH_TASK','ResourceEntity.displayNameMap','Editar Tarea Programada');
INSERT INTO LANGUAGE_MAPPING (ID,LANGUAGE_ID,REFERENCE_ID,REFERENCE_TYPE,TEXT_VALUE) VALUES ('ESEDIT_GROUP_DESC','4','EDIT_GROUP','ResourceEntity.displayNameMap','Editar Grupo');
INSERT INTO LANGUAGE_MAPPING (ID,LANGUAGE_ID,REFERENCE_ID,REFERENCE_TYPE,TEXT_VALUE) VALUES ('ESEDIT_ORG_DESC','4','EDIT_ORG','ResourceEntity.displayNameMap','Editar Organizacin');
INSERT INTO LANGUAGE_MAPPING (ID,LANGUAGE_ID,REFERENCE_ID,REFERENCE_TYPE,TEXT_VALUE) VALUES ('ESEDIT_ORG_MEMBERSHIP_DESC','4','EDIT_ORG_MEMBERSHIP','ResourceEntity.displayNameMap','Mimembro de');
INSERT INTO LANGUAGE_MAPPING (ID,LANGUAGE_ID,REFERENCE_ID,REFERENCE_TYPE,TEXT_VALUE) VALUES ('ESEDIT_ORG_TYPE_DESC','4','EDIT_ORG_TYPE','ResourceEntity.displayNameMap','Editar Tipo de Organizacin');
INSERT INTO LANGUAGE_MAPPING (ID,LANGUAGE_ID,REFERENCE_ID,REFERENCE_TYPE,TEXT_VALUE) VALUES ('ESEDIT_ORG_TYPE_IDMAN_DESC','4','EDIT_ORG_TYPE_IDMAN','ResourceEntity.displayNameMap','Tipos de Organizacin');
INSERT INTO LANGUAGE_MAPPING (ID,LANGUAGE_ID,REFERENCE_ID,REFERENCE_TYPE,TEXT_VALUE) VALUES ('ESEDIT_POLICY_ATTR_SRCH_BCK_DESC','4','EDIT_POLICY_ATTR_SRCH_BCK','ResourceEntity.displayNameMap','Volver a la Busqueda');
INSERT INTO LANGUAGE_MAPPING (ID,LANGUAGE_ID,REFERENCE_ID,REFERENCE_TYPE,TEXT_VALUE) VALUES ('ESEDIT_RESOURCE_DIS','4','EDIT_RESOURCE','ResourceEntity.displayNameMap','Edit Resource');
INSERT INTO LANGUAGE_MAPPING (ID,LANGUAGE_ID,REFERENCE_ID,REFERENCE_TYPE,TEXT_VALUE) VALUES ('ESEDIT_ROLE_DESC','4','EDIT_ROLE','ResourceEntity.displayNameMap','Editar Rol');
INSERT INTO LANGUAGE_MAPPING (ID,LANGUAGE_ID,REFERENCE_ID,REFERENCE_TYPE,TEXT_VALUE) VALUES ('ESMetadataTypeEntity29','4','FILE','MetadataTypeEntity.displayNameMap','Archivo');
INSERT INTO LANGUAGE_MAPPING (ID,LANGUAGE_ID,REFERENCE_ID,REFERENCE_TYPE,TEXT_VALUE) VALUES ('ESMetadataTypeEntity30','4','GOOGLE_Connector','MetadataTypeEntity.displayNameMap','Conector GOOGLE APPS');
INSERT INTO LANGUAGE_MAPPING (ID,LANGUAGE_ID,REFERENCE_ID,REFERENCE_TYPE,TEXT_VALUE) VALUES ('ESGROUP_EDIT_MENU_DESC','4','GROUP_EDIT_MENU','ResourceEntity.displayNameMap','Men Root Edicin de Grupos');
INSERT INTO LANGUAGE_MAPPING (ID,LANGUAGE_ID,REFERENCE_ID,REFERENCE_TYPE,TEXT_VALUE) VALUES ('ESGROUP_ENTITLEMENTS_DESC','4','GROUP_ENTITLEMENTS','ResourceEntity.displayNameMap','Derechos de Grupo');
INSERT INTO LANGUAGE_MAPPING (ID,LANGUAGE_ID,REFERENCE_ID,REFERENCE_TYPE,TEXT_VALUE) VALUES ('ESGROUP_MENUS_DESC','4','GROUP_MENUS','ResourceEntity.displayNameMap','Menus');
INSERT INTO LANGUAGE_MAPPING (ID,LANGUAGE_ID,REFERENCE_ID,REFERENCE_TYPE,TEXT_VALUE) VALUES ('ESGROUP_ROOT_MENU_DESC','4','GROUP_ROOT_MENU','ResourceEntity.displayNameMap','Menu Root de Grupos');
INSERT INTO LANGUAGE_MAPPING (ID,LANGUAGE_ID,REFERENCE_ID,REFERENCE_TYPE,TEXT_VALUE) VALUES ('ESGROUP_SEARCH_DESC','4','GROUP_SEARCH','ResourceEntity.displayNameMap','Busqueda de Grupo');
INSERT INTO LANGUAGE_MAPPING (ID,LANGUAGE_ID,REFERENCE_ID,REFERENCE_TYPE,TEXT_VALUE) VALUES ('ESGRP_APROVER_ASSOC_DN','4','GRP_APROVER_ASSOC','ResourceEntity.displayNameMap','Aprobador de Asociaciones');
INSERT INTO LANGUAGE_MAPPING (ID,LANGUAGE_ID,REFERENCE_ID,REFERENCE_TYPE,TEXT_VALUE) VALUES ('ESMetadataTypeEntity31','4','HOME_ADDRESS','MetadataTypeEntity.displayNameMap','Direccin de Casa Particular');
INSERT INTO LANGUAGE_MAPPING (ID,LANGUAGE_ID,REFERENCE_ID,REFERENCE_TYPE,TEXT_VALUE) VALUES ('ESMetadataTypeEntity32','4','HOME_EMAIL','MetadataTypeEntity.displayNameMap','Email Personal');
INSERT INTO LANGUAGE_MAPPING (ID,LANGUAGE_ID,REFERENCE_ID,REFERENCE_TYPE,TEXT_VALUE) VALUES ('ESMetadataTypeEntity33','4','HOME_PHONE','MetadataTypeEntity.displayNameMap','Telfono Personal');
INSERT INTO LANGUAGE_MAPPING (ID,LANGUAGE_ID,REFERENCE_ID,REFERENCE_TYPE,TEXT_VALUE) VALUES ('ESIDM_MENU_DISPLAY','4','IDM','ResourceEntity.displayNameMap','Identidad');
INSERT INTO LANGUAGE_MAPPING (ID,LANGUAGE_ID,REFERENCE_ID,REFERENCE_TYPE,TEXT_VALUE) VALUES ('ESIDMAN_MENU_DISPLAY','4','IDMAN','ResourceEntity.displayNameMap','Usuario Administrador');
INSERT INTO LANGUAGE_MAPPING (ID,LANGUAGE_ID,REFERENCE_ID,REFERENCE_TYPE,TEXT_VALUE) VALUES ('ESIDQUEST_MENU_DISPLAY','4','IDQUEST','ResourceEntity.displayNameMap','Pregunta de seguridad');
INSERT INTO LANGUAGE_MAPPING (ID,LANGUAGE_ID,REFERENCE_ID,REFERENCE_TYPE,TEXT_VALUE) VALUES ('ESIMPERSIONATION_MENU_DESC','4','IMPERSIONATION_MENU','ResourceEntity.displayNameMap','Suplantacin');
INSERT INTO LANGUAGE_MAPPING (ID,LANGUAGE_ID,REFERENCE_ID,REFERENCE_TYPE,TEXT_VALUE) VALUES ('ESMetadataTypeEntity34','4','INACTIVE','MetadataTypeEntity.displayNameMap','INACTIVO');
INSERT INTO LANGUAGE_MAPPING (ID,LANGUAGE_ID,REFERENCE_ID,REFERENCE_TYPE,TEXT_VALUE) VALUES ('ESMetadataTypeEntity35','4','InetOrgPerson','MetadataTypeEntity.displayNameMap','InetOrgPerson Tipo de Usuario');
INSERT INTO LANGUAGE_MAPPING (ID,LANGUAGE_ID,REFERENCE_ID,REFERENCE_TYPE,TEXT_VALUE) VALUES ('ESINTERNAL_USER_TYPE','4','INTERNAL_USER','MetadataTypeEntity.displayNameMap','Usuario Interno');
INSERT INTO LANGUAGE_MAPPING (ID,LANGUAGE_ID,REFERENCE_ID,REFERENCE_TYPE,TEXT_VALUE) VALUES ('ESMetadataTypeEntity36','4','KERBEROS_KEYTAB_FILE','MetadataTypeEntity.displayNameMap','Archivo Keytab Kerberos');
INSERT INTO LANGUAGE_MAPPING (ID,LANGUAGE_ID,REFERENCE_ID,REFERENCE_TYPE,TEXT_VALUE) VALUES ('ESMetadataTypeEntity37','4','KERBEROS_SERVICE_NAME','MetadataTypeEntity.displayNameMap','Nombre de Servicio Kerberos');
INSERT INTO LANGUAGE_MAPPING (ID,LANGUAGE_ID,REFERENCE_ID,REFERENCE_TYPE,TEXT_VALUE) VALUES ('ESLANGUAGE_ADMIN1','4','LANGUAGE_ADMIN','ResourceEntity.displayNameMap','Lenguaje');
INSERT INTO LANGUAGE_MAPPING (ID,LANGUAGE_ID,REFERENCE_ID,REFERENCE_TYPE,TEXT_VALUE) VALUES ('ESLANGUAGE_EDIT1','4','LANGUAGE_EDIT','ResourceEntity.displayNameMap','Nuevo Lenguaje');
INSERT INTO LANGUAGE_MAPPING (ID,LANGUAGE_ID,REFERENCE_ID,REFERENCE_TYPE,TEXT_VALUE) VALUES ('ESLANGUAGE_SEARCH1','4','LANGUAGE_SEARCH','ResourceEntity.displayNameMap','Lenguaje');
INSERT INTO LANGUAGE_MAPPING (ID,LANGUAGE_ID,REFERENCE_ID,REFERENCE_TYPE,TEXT_VALUE) VALUES ('ESMetadataTypeEntity38','4','LdapOrgPerson','MetadataTypeEntity.displayNameMap','Tipo de Usuario LdapOrgPerson');
INSERT INTO LANGUAGE_MAPPING (ID,LANGUAGE_ID,REFERENCE_ID,REFERENCE_TYPE,TEXT_VALUE) VALUES ('ESMetadataTypeEntity39','4','LDAP_Connector','MetadataTypeEntity.displayNameMap','Conector LDAP');
INSERT INTO LANGUAGE_MAPPING (ID,LANGUAGE_ID,REFERENCE_ID,REFERENCE_TYPE,TEXT_VALUE) VALUES ('ESMetadataTypeEntity40','4','LDAP_GROUP_TYPE','MetadataTypeEntity.displayNameMap','TIPO DE GRUPO LDAP');
INSERT INTO LANGUAGE_MAPPING (ID,LANGUAGE_ID,REFERENCE_ID,REFERENCE_TYPE,TEXT_VALUE) VALUES ('ESMetadataTypeEntity41','4','LEAVE','MetadataTypeEntity.displayNameMap','DEJAR');
INSERT INTO LANGUAGE_MAPPING (ID,LANGUAGE_ID,REFERENCE_ID,REFERENCE_TYPE,TEXT_VALUE) VALUES ('ESMetadataTypeEntity42','4','LINUX_Connector','MetadataTypeEntity.displayNameMap','Conector Linux');
INSERT INTO LANGUAGE_MAPPING (ID,LANGUAGE_ID,REFERENCE_ID,REFERENCE_TYPE,TEXT_VALUE) VALUES ('ESLOCATION_MENU_DISPLAY','4','LOCATION','ResourceEntity.displayNameMap','Localizacin');
INSERT INTO LANGUAGE_MAPPING (ID,LANGUAGE_ID,REFERENCE_ID,REFERENCE_TYPE,TEXT_VALUE) VALUES ('ESMetadataTypeEntity43','4','LOCKED','MetadataTypeEntity.displayNameMap','BLOQUEADO');
INSERT INTO LANGUAGE_MAPPING (ID,LANGUAGE_ID,REFERENCE_ID,REFERENCE_TYPE,TEXT_VALUE) VALUES ('ESMetadataTypeEntity44','4','LOCKED_ADMIN','MetadataTypeEntity.displayNameMap','LOCKED_ADMIN');
INSERT INTO LANGUAGE_MAPPING (ID,LANGUAGE_ID,REFERENCE_ID,REFERENCE_TYPE,TEXT_VALUE) VALUES ('ESMetadataTypeEntity45','4','MANAGED_SYS','MetadataTypeEntity.displayNameMap','Sistema Gestionado');
INSERT INTO LANGUAGE_MAPPING (ID,LANGUAGE_ID,REFERENCE_ID,REFERENCE_TYPE,TEXT_VALUE) VALUES ('ESMANAGED_SYS','4','MANAGED_SYS','ResourceTypeEntity.displayNameMap','Sistemas Gestionados');
INSERT INTO LANGUAGE_MAPPING (ID,LANGUAGE_ID,REFERENCE_ID,REFERENCE_TYPE,TEXT_VALUE) VALUES ('ESMetadataTypeEntity46','4','MANAGER','MetadataTypeEntity.displayNameMap','MANAGER');
INSERT INTO LANGUAGE_MAPPING (ID,LANGUAGE_ID,REFERENCE_ID,REFERENCE_TYPE,TEXT_VALUE) VALUES ('ESMANAGEREQ_MENU_DISPLAY','4','MANAGEREQ','ResourceEntity.displayNameMap','Consulta de Historial');
INSERT INTO LANGUAGE_MAPPING (ID,LANGUAGE_ID,REFERENCE_ID,REFERENCE_TYPE,TEXT_VALUE) VALUES ('ESMANUALRECON_DESC','4','MANUALRECON','ResourceEntity.displayNameMap','Conciliacin Manual');
INSERT INTO LANGUAGE_MAPPING (ID,LANGUAGE_ID,REFERENCE_ID,REFERENCE_TYPE,TEXT_VALUE) VALUES ('ESMENUS_SEARCH_DC','4','MENUS_SEARCH','ResourceEntity.displayNameMap','Menus');
INSERT INTO LANGUAGE_MAPPING (ID,LANGUAGE_ID,REFERENCE_ID,REFERENCE_TYPE,TEXT_VALUE) VALUES ('ESMetadataTypeEntity47','4','MENU_ITEM','MetadataTypeEntity.displayNameMap','Tipo de elemento de Men');
INSERT INTO LANGUAGE_MAPPING (ID,LANGUAGE_ID,REFERENCE_ID,REFERENCE_TYPE,TEXT_VALUE) VALUES ('ESMENU_ITEM','4','MENU_ITEM','ResourceTypeEntity.displayNameMap','Menus');
INSERT INTO LANGUAGE_MAPPING (ID,LANGUAGE_ID,REFERENCE_ID,REFERENCE_TYPE,TEXT_VALUE) VALUES ('ESMETADATA_MENU_DISPLAY','4','METADATA','ResourceEntity.displayNameMap','Metadata');
INSERT INTO LANGUAGE_MAPPING (ID,LANGUAGE_ID,REFERENCE_ID,REFERENCE_TYPE,TEXT_VALUE) VALUES ('ESMETA_ADMIN_DESC','4','META_ADMIN','ResourceEntity.displayNameMap','Elementos Metadata');
INSERT INTO LANGUAGE_MAPPING (ID,LANGUAGE_ID,REFERENCE_ID,REFERENCE_TYPE,TEXT_VALUE) VALUES ('ESMETA_EDIT_DESC','4','META_EDIT','ResourceEntity.displayNameMap','Nuevo MetaData');
INSERT INTO LANGUAGE_MAPPING (ID,LANGUAGE_ID,REFERENCE_ID,REFERENCE_TYPE,TEXT_VALUE) VALUES ('ESMETA_SEARCH_DESC','4','META_SEARCH','ResourceEntity.displayNameMap','Buscar MetaData');
INSERT INTO LANGUAGE_MAPPING (ID,LANGUAGE_ID,REFERENCE_ID,REFERENCE_TYPE,TEXT_VALUE) VALUES ('ESMETA_TYPE_ADMIN_DESC','4','META_TYPE_ADMIN','ResourceEntity.displayNameMap','Tipos Metadata');
INSERT INTO LANGUAGE_MAPPING (ID,LANGUAGE_ID,REFERENCE_ID,REFERENCE_TYPE,TEXT_VALUE) VALUES ('ESMETA_TYPE_EDIT_DESC','4','META_TYPE_EDIT','ResourceEntity.displayNameMap','Nuevo Tipo MetaData');
INSERT INTO LANGUAGE_MAPPING (ID,LANGUAGE_ID,REFERENCE_ID,REFERENCE_TYPE,TEXT_VALUE) VALUES ('ESMETA_TYPE_EDIT_RETURN_DESC','4','META_TYPE_EDIT_RETURN','ResourceEntity.displayNameMap','Volver a Tipo Metadata');
INSERT INTO LANGUAGE_MAPPING (ID,LANGUAGE_ID,REFERENCE_ID,REFERENCE_TYPE,TEXT_VALUE) VALUES ('ESMETA_TYPE_SEARCH_DESC','4','META_TYPE_SEARCH','ResourceEntity.displayNameMap','Buscar Tipo MetaData');
INSERT INTO LANGUAGE_MAPPING (ID,LANGUAGE_ID,REFERENCE_ID,REFERENCE_TYPE,TEXT_VALUE) VALUES ('ESMNGSYS_MENU_DISPLAY','4','MNGSYS','ResourceEntity.displayNameMap','Sistema Gestionado');
INSERT INTO LANGUAGE_MAPPING (ID,LANGUAGE_ID,REFERENCE_ID,REFERENCE_TYPE,TEXT_VALUE) VALUES ('ESMNGSYSRULES_DESC','4','MNGSYSRULES','ResourceEntity.displayNameMap','Reglas Sist. Gest.');
INSERT INTO LANGUAGE_MAPPING (ID,LANGUAGE_ID,REFERENCE_ID,REFERENCE_TYPE,TEXT_VALUE) VALUES ('ESMNGSYS_EDIT_DESC','4','MNGSYS_EDIT','ResourceEntity.displayNameMap','Editar Sist. Gest.');
INSERT INTO LANGUAGE_MAPPING (ID,LANGUAGE_ID,REFERENCE_ID,REFERENCE_TYPE,TEXT_VALUE) VALUES ('ESMNGSYS_DESC','4','MNGSYS_MENU_ITEM','ResourceEntity.displayNameMap','Sistemas Gestionados');
INSERT INTO LANGUAGE_MAPPING (ID,LANGUAGE_ID,REFERENCE_ID,REFERENCE_TYPE,TEXT_VALUE) VALUES ('ESMNGSYS_DSC','4','MNGSYS_NEW','ResourceEntity.displayNameMap','Crear Sist. Gestionado');
INSERT INTO LANGUAGE_MAPPING (ID,LANGUAGE_ID,REFERENCE_ID,REFERENCE_TYPE,TEXT_VALUE) VALUES ('ESMNG_SYS_VIEWER_DESC','4','MNG_SYS_VIEWER','ResourceEntity.displayNameMap','Visor sist. gestionado');
INSERT INTO LANGUAGE_MAPPING (ID,LANGUAGE_ID,REFERENCE_ID,REFERENCE_TYPE,TEXT_VALUE) VALUES ('ESMetadataTypeEntity48','4','MULTI_SELECT','MetadataTypeEntity.displayNameMap','Lista MultiSeleccin');
INSERT INTO LANGUAGE_MAPPING (ID,LANGUAGE_ID,REFERENCE_ID,REFERENCE_TYPE,TEXT_VALUE) VALUES ('ESNEWUSER_MENU_DISPLAY','4','NEWUSER','ResourceEntity.displayNameMap','Nuevo Usuario');
INSERT INTO LANGUAGE_MAPPING (ID,LANGUAGE_ID,REFERENCE_ID,REFERENCE_TYPE,TEXT_VALUE) VALUES ('ESNEWUSER-NOAPPRV_MENU_DISPLAY','4','NEWUSER-NOAPPRV','ResourceEntity.displayNameMap','Nuevo Usuario-NO Aprovador');
INSERT INTO LANGUAGE_MAPPING (ID,LANGUAGE_ID,REFERENCE_ID,REFERENCE_TYPE,TEXT_VALUE) VALUES ('ESNEW_AUTHENTICATION_POLICY_DESC','4','NEW_AUTHENTICATION_POLICY','ResourceEntity.displayNameMap','Nueva Pol. Autenticacin');
INSERT INTO LANGUAGE_MAPPING (ID,LANGUAGE_ID,REFERENCE_ID,REFERENCE_TYPE,TEXT_VALUE) VALUES ('ESNEW_AUTH_LVL_GRP_DN','4','NEW_AUTH_LVL_GRP','ResourceEntity.displayNameMap','Crear Nueva Agrupacin');
INSERT INTO LANGUAGE_MAPPING (ID,LANGUAGE_ID,REFERENCE_ID,REFERENCE_TYPE,TEXT_VALUE) VALUES ('ESNEW_BATCH_TASK_DESC','4','NEW_BATCH_TASK','ResourceEntity.displayNameMap','Nueva Tarea Programada');
INSERT INTO LANGUAGE_MAPPING (ID,LANGUAGE_ID,REFERENCE_ID,REFERENCE_TYPE,TEXT_VALUE) VALUES ('ESNEW_GROUP_DESC','4','NEW_GROUP','ResourceEntity.displayNameMap','Crear Nuevo Grupo');
INSERT INTO LANGUAGE_MAPPING (ID,LANGUAGE_ID,REFERENCE_ID,REFERENCE_TYPE,TEXT_VALUE) VALUES ('ESNEW_ORG_DESC','4','NEW_ORG','ResourceEntity.displayNameMap','Crear Nueva Organizacin');
INSERT INTO LANGUAGE_MAPPING (ID,LANGUAGE_ID,REFERENCE_ID,REFERENCE_TYPE,TEXT_VALUE) VALUES ('ESNEW_ORG_TYPE_DESC','4','NEW_ORG_TYPE','ResourceEntity.displayNameMap','Nuevo Tipo Org.');
INSERT INTO LANGUAGE_MAPPING (ID,LANGUAGE_ID,REFERENCE_ID,REFERENCE_TYPE,TEXT_VALUE) VALUES ('ESNEW_PASSWORD_POLICY_DESC','4','NEW_PASSWORD_POLICY','ResourceEntity.displayNameMap',' Nueva Pol. de Contraseas');
INSERT INTO LANGUAGE_MAPPING (ID,LANGUAGE_ID,REFERENCE_ID,REFERENCE_TYPE,TEXT_VALUE) VALUES ('ESNEW_POLICY_ATTR_DESC','4','NEW_POLICY_ATTR','ResourceEntity.displayNameMap','Nueva Poltica de Atributos');
INSERT INTO LANGUAGE_MAPPING (ID,LANGUAGE_ID,REFERENCE_ID,REFERENCE_TYPE,TEXT_VALUE) VALUES ('ESNEW_ROLE_DESC','4','NEW_ROLE','ResourceEntity.displayNameMap','Crear Nuevo Rol');
INSERT INTO LANGUAGE_MAPPING (ID,LANGUAGE_ID,REFERENCE_ID,REFERENCE_TYPE,TEXT_VALUE) VALUES ('ESNEW_UI_THEME_DN','4','NEW_UI_THEME','ResourceEntity.displayNameMap','Nuevo Tema UI');
INSERT INTO LANGUAGE_MAPPING (ID,LANGUAGE_ID,REFERENCE_ID,REFERENCE_TYPE,TEXT_VALUE) VALUES ('ESNEW_USER_DESC','4','NEW_USER','ResourceEntity.displayNameMap','Crear Nuevo Usuario');
INSERT INTO LANGUAGE_MAPPING (ID,LANGUAGE_ID,REFERENCE_ID,REFERENCE_TYPE,TEXT_VALUE) VALUES ('ESMetadataTypeEntity49','4','NO-PROVISION-APP','MetadataTypeEntity.displayNameMap','Aplicacions No Provisionables');
INSERT INTO LANGUAGE_MAPPING (ID,LANGUAGE_ID,REFERENCE_ID,REFERENCE_TYPE,TEXT_VALUE) VALUES ('ESMetadataTypeEntity50','4','OFF-LINE','MetadataTypeEntity.displayNameMap','OFF-LINE');
INSERT INTO LANGUAGE_MAPPING (ID,LANGUAGE_ID,REFERENCE_ID,REFERENCE_TYPE,TEXT_VALUE) VALUES ('ESMetadataTypeEntity51','4','OFFICE_ADDRESS','MetadataTypeEntity.displayNameMap','Direccin Oficina');
INSERT INTO LANGUAGE_MAPPING (ID,LANGUAGE_ID,REFERENCE_ID,REFERENCE_TYPE,TEXT_VALUE) VALUES ('ESMetadataTypeEntity52','4','OFFICE_PHONE','MetadataTypeEntity.displayNameMap','Telfono Oficina');
INSERT INTO LANGUAGE_MAPPING (ID,LANGUAGE_ID,REFERENCE_ID,REFERENCE_TYPE,TEXT_VALUE) VALUES ('ESORG_MENU_DISPLAY','4','ORG','ResourceEntity.displayNameMap','Organizacin');
INSERT INTO LANGUAGE_MAPPING (ID,LANGUAGE_ID,REFERENCE_ID,REFERENCE_TYPE,TEXT_VALUE) VALUES ('ESORGANIZATION','4','ORGANIZATION','OrganizationTypeEntity.displayNameMap','Organizacin');
INSERT INTO LANGUAGE_MAPPING (ID,LANGUAGE_ID,REFERENCE_ID,REFERENCE_TYPE,TEXT_VALUE) VALUES ('ESORGANIZATION_EDIT_ID_DESC','4','ORGANIZATION_EDIT_ID','ResourceEntity.displayNameMap','Mens Edicin de Organizacin');
INSERT INTO LANGUAGE_MAPPING (ID,LANGUAGE_ID,REFERENCE_ID,REFERENCE_TYPE,TEXT_VALUE) VALUES ('ESORGANIZATION_ROOT_ID_DESC','4','ORGANIZATION_ROOT_ID','ResourceEntity.displayNameMap','Mens Root de Organizacin');
INSERT INTO LANGUAGE_MAPPING (ID,LANGUAGE_ID,REFERENCE_ID,REFERENCE_TYPE,TEXT_VALUE) VALUES ('ESMetadataTypeEntity53','4','OrgOpenIAM','MetadataTypeEntity.displayNameMap','OpenIAM');
INSERT INTO LANGUAGE_MAPPING (ID,LANGUAGE_ID,REFERENCE_ID,REFERENCE_TYPE,TEXT_VALUE) VALUES ('ESORG_APROVER_ASSOC_DN','4','ORG_APROVER_ASSOC','ResourceEntity.displayNameMap','Validadores');
INSERT INTO LANGUAGE_MAPPING (ID,LANGUAGE_ID,REFERENCE_ID,REFERENCE_TYPE,TEXT_VALUE) VALUES ('ESORG_MEMBERSHIP_DESC','4','ORG_MEMBERSHIP','ResourceEntity.displayNameMap','Miembro de Organizacin');
INSERT INTO LANGUAGE_MAPPING (ID,LANGUAGE_ID,REFERENCE_ID,REFERENCE_TYPE,TEXT_VALUE) VALUES ('ESORG_SEARCH_DESC','4','ORG_SEARCH','ResourceEntity.displayNameMap','Buscar Organizacin');
INSERT INTO LANGUAGE_MAPPING (ID,LANGUAGE_ID,REFERENCE_ID,REFERENCE_TYPE,TEXT_VALUE) VALUES ('ESORG_TYPE_EDIT_SEARCH_DESC','4','ORG_TYPE_EDIT_SEARCH','ResourceEntity.displayNameMap','Buscar Tipos Org.');
INSERT INTO LANGUAGE_MAPPING (ID,LANGUAGE_ID,REFERENCE_ID,REFERENCE_TYPE,TEXT_VALUE) VALUES ('ESORG_TYPE_SEARCH_DESC','4','ORG_TYPE_SEARCH','ResourceEntity.displayNameMap','Buscar Tipos Org.');
INSERT INTO LANGUAGE_MAPPING (ID,LANGUAGE_ID,REFERENCE_ID,REFERENCE_TYPE,TEXT_VALUE) VALUES ('ESORG_TYPE_SUBMENU_EDIT_DESC','4','ORG_TYPE_SUBMENU_EDIT','ResourceEntity.displayNameMap','Editar Tipo de Organizacin');
INSERT INTO LANGUAGE_MAPPING (ID,LANGUAGE_ID,REFERENCE_ID,REFERENCE_TYPE,TEXT_VALUE) VALUES ('ESORG_TYPE_SUBMENU_ROOT_DESC','4','ORG_TYPE_SUBMENU_ROOT','ResourceEntity.displayNameMap','Tipo Root de Organizacin');
INSERT INTO LANGUAGE_MAPPING (ID,LANGUAGE_ID,REFERENCE_ID,REFERENCE_TYPE,TEXT_VALUE) VALUES ('ESPAGE_TEMPLATE_EDIT_DESC','4','PAGE_TEMPLATE_EDIT','ResourceEntity.displayNameMap','Men Edicin de Plantilla de Pgina');
INSERT INTO LANGUAGE_MAPPING (ID,LANGUAGE_ID,REFERENCE_ID,REFERENCE_TYPE,TEXT_VALUE) VALUES ('ESPAGE_TEMPLATE_EDIT_NEW_DESC','4','PAGE_TEMPLATE_EDIT_NEW','ResourceEntity.displayNameMap','Crear Nueva Plantilla');
INSERT INTO LANGUAGE_MAPPING (ID,LANGUAGE_ID,REFERENCE_ID,REFERENCE_TYPE,TEXT_VALUE) VALUES ('ESPAGE_TEMPLATE_EDIT_SEARCH_DESC','4','PAGE_TEMPLATE_EDIT_SEARCH','ResourceEntity.displayNameMap','Volver a la Busqueda');
INSERT INTO LANGUAGE_MAPPING (ID,LANGUAGE_ID,REFERENCE_ID,REFERENCE_TYPE,TEXT_VALUE) VALUES ('ESPAGE_TEMPLATE_NEW_DSC','4','PAGE_TEMPLATE_NEW','ResourceEntity.displayNameMap','Create New Plantilla');
INSERT INTO LANGUAGE_MAPPING (ID,LANGUAGE_ID,REFERENCE_ID,REFERENCE_TYPE,TEXT_VALUE) VALUES ('ESPAGE_TEMPLATE_ROOT_DESC','4','PAGE_TEMPLATE_ROOT','ResourceEntity.displayNameMap','Menu Root de Plantilla de Pgina');
INSERT INTO LANGUAGE_MAPPING (ID,LANGUAGE_ID,REFERENCE_ID,REFERENCE_TYPE,TEXT_VALUE) VALUES ('ESPAGE_TEMPLATE_SEARCH_DESC','4','PAGE_TEMPLATE_SEARCH','ResourceEntity.displayNameMap','Buscar Plantillas de Pgina');
INSERT INTO LANGUAGE_MAPPING (ID,LANGUAGE_ID,REFERENCE_ID,REFERENCE_TYPE,TEXT_VALUE) VALUES ('ESMetadataTypeEntity54','4','PASSWORD','MetadataTypeEntity.displayNameMap','Campo Contrasea');
INSERT INTO LANGUAGE_MAPPING (ID,LANGUAGE_ID,REFERENCE_ID,REFERENCE_TYPE,TEXT_VALUE) VALUES ('ESPOLICY_MENU_DESC','4','PASSWORD_POLICY','ResourceEntity.displayNameMap','Poltica Contrasea');
INSERT INTO LANGUAGE_MAPPING (ID,LANGUAGE_ID,REFERENCE_ID,REFERENCE_TYPE,TEXT_VALUE) VALUES ('ESPASSWORD_POLICY_EDIT_DESC','4','PASSWORD_POLICY_EDIT','ResourceEntity.displayNameMap','Men Root de Asociacin de Poltica');
INSERT INTO LANGUAGE_MAPPING (ID,LANGUAGE_ID,REFERENCE_ID,REFERENCE_TYPE,TEXT_VALUE) VALUES ('ESPOLICY_ROOT_MENU_DESC','4','PASSWORD_POLICY_ROOT_MENU','ResourceEntity.displayNameMap','Men Root de Poltica de Contrasea');
INSERT INTO LANGUAGE_MAPPING (ID,LANGUAGE_ID,REFERENCE_ID,REFERENCE_TYPE,TEXT_VALUE) VALUES ('ESMetadataTypeEntity55','4','PENDING_APPROVAL','MetadataTypeEntity.displayNameMap','PENDING_APPROVAL');
INSERT INTO LANGUAGE_MAPPING (ID,LANGUAGE_ID,REFERENCE_ID,REFERENCE_TYPE,TEXT_VALUE) VALUES ('ESMetadataTypeEntity56','4','PENDING_INITIAL_LOGIN','MetadataTypeEntity.displayNameMap','PENDING_INITIAL_LOGIN');
INSERT INTO LANGUAGE_MAPPING (ID,LANGUAGE_ID,REFERENCE_ID,REFERENCE_TYPE,TEXT_VALUE) VALUES ('ESMetadataTypeEntity57','4','PENDING_START_DATE','MetadataTypeEntity.displayNameMap','PENDING_START_DATE');
INSERT INTO LANGUAGE_MAPPING (ID,LANGUAGE_ID,REFERENCE_ID,REFERENCE_TYPE,TEXT_VALUE) VALUES ('ESMetadataTypeEntity58','4','PENDING_USER_VALIDATION','MetadataTypeEntity.displayNameMap','PENDING_USER_VALIDATION');
INSERT INTO LANGUAGE_MAPPING (ID,LANGUAGE_ID,REFERENCE_ID,REFERENCE_TYPE,TEXT_VALUE) VALUES ('ESMetadataTypeEntity59','4','PERM FULL TIME','MetadataTypeEntity.displayNameMap','TIEMPO COMPLETO PERMANENTE');
INSERT INTO LANGUAGE_MAPPING (ID,LANGUAGE_ID,REFERENCE_ID,REFERENCE_TYPE,TEXT_VALUE) VALUES ('ESMetadataTypeEntity60','4','PERM PART TIME','MetadataTypeEntity.displayNameMap','TIEMPO PARCIAL PERMANENTE');
INSERT INTO LANGUAGE_MAPPING (ID,LANGUAGE_ID,REFERENCE_ID,REFERENCE_TYPE,TEXT_VALUE) VALUES ('ESPOLICY_ATTR_EDIT_ROOTT_DESC','4','POLICY_ATTR_EDIT_ROOT','ResourceEntity.displayNameMap','Men Root de Edicin de Poltica de Atributo');
INSERT INTO LANGUAGE_MAPPING (ID,LANGUAGE_ID,REFERENCE_ID,REFERENCE_TYPE,TEXT_VALUE) VALUES ('ESPOLICY_ATTR_ROOT_DESC','4','POLICY_ATTR_ROOT','ResourceEntity.displayNameMap','Menu Root de Poltica de Atributo');
INSERT INTO LANGUAGE_MAPPING (ID,LANGUAGE_ID,REFERENCE_ID,REFERENCE_TYPE,TEXT_VALUE) VALUES ('ESMetadataTypeEntity61','4','PRIMARY_EMAIL','MetadataTypeEntity.displayNameMap','Email Primario');
INSERT INTO LANGUAGE_MAPPING (ID,LANGUAGE_ID,REFERENCE_ID,REFERENCE_TYPE,TEXT_VALUE) VALUES ('ESPROFILE_MENU_DISPLAY','4','PROFILE','ResourceEntity.displayNameMap','Editar su Perfil');
INSERT INTO LANGUAGE_MAPPING (ID,LANGUAGE_ID,REFERENCE_ID,REFERENCE_TYPE,TEXT_VALUE) VALUES ('ESPROVCONNECT_MENU_DISPLAY','4','PROVCONNECT','ResourceEntity.displayNameMap','Conectores');
INSERT INTO LANGUAGE_MAPPING (ID,LANGUAGE_ID,REFERENCE_ID,REFERENCE_TYPE,TEXT_VALUE) VALUES ('ESPROVCONNECT_DESC','4','PROVCONNECT_MENU_ITEM','ResourceEntity.displayNameMap','Aprovisionamiento de Conectores');
INSERT INTO LANGUAGE_MAPPING (ID,LANGUAGE_ID,REFERENCE_ID,REFERENCE_TYPE,TEXT_VALUE) VALUES ('ESPROVISIONING_MENU_DISPLAY','4','PROVISIONING','ResourceEntity.displayNameMap','Aprovisionamiento');
INSERT INTO LANGUAGE_MAPPING (ID,LANGUAGE_ID,REFERENCE_ID,REFERENCE_TYPE,TEXT_VALUE) VALUES ('ESPROV_CONNECTOR_DSC','4','PROV_CONNECTOR_NEW','ResourceEntity.displayNameMap','Crear Nuevo Conector');
INSERT INTO LANGUAGE_MAPPING (ID,LANGUAGE_ID,REFERENCE_ID,REFERENCE_TYPE,TEXT_VALUE) VALUES ('ESMetadataTypeEntity62','4','RADIO','MetadataTypeEntity.displayNameMap','Botn Radio');
INSERT INTO LANGUAGE_MAPPING (ID,LANGUAGE_ID,REFERENCE_ID,REFERENCE_TYPE,TEXT_VALUE) VALUES ('ESMetadataTypeEntity63','4','RDBMS_Connector','MetadataTypeEntity.displayNameMap','Conector RDBMS');
INSERT INTO LANGUAGE_MAPPING (ID,LANGUAGE_ID,REFERENCE_ID,REFERENCE_TYPE,TEXT_VALUE) VALUES ('ESMetadataTypeEntity64','4','READY','MetadataTypeEntity.displayNameMap','LISTO');
INSERT INTO LANGUAGE_MAPPING (ID,LANGUAGE_ID,REFERENCE_ID,REFERENCE_TYPE,TEXT_VALUE) VALUES ('ESREPORT_MENU_DISPLAY','4','REPORT','ResourceEntity.displayNameMap','Administrar Informes');
INSERT INTO LANGUAGE_MAPPING (ID,LANGUAGE_ID,REFERENCE_ID,REFERENCE_TYPE,TEXT_VALUE) VALUES ('ESREQINBOX_MENU_DISPLAY','4','REQINBOX','ResourceEntity.displayNameMap','In-Box');
INSERT INTO LANGUAGE_MAPPING (ID,LANGUAGE_ID,REFERENCE_ID,REFERENCE_TYPE,TEXT_VALUE) VALUES ('ESREQUEST_APPROVAL_DESC','4','REQUEST_APPROVAL','ResourceEntity.displayNameMap','Solicitud de Aprovacin');
INSERT INTO LANGUAGE_MAPPING (ID,LANGUAGE_ID,REFERENCE_ID,REFERENCE_TYPE,TEXT_VALUE) VALUES ('ESRESOURCE_EDIT_PAGE_ROOT_DIS','4','RESOURCE_EDIT_PAGE_ROOT','ResourceEntity.displayNameMap','Recurso de Edcin de Pgina Root');
INSERT INTO LANGUAGE_MAPPING (ID,LANGUAGE_ID,REFERENCE_ID,REFERENCE_TYPE,TEXT_VALUE) VALUES ('ESRESPOLICYMAP_MENU_DISPLAY','4','RESPOLICYMAP','ResourceEntity.displayNameMap','Mapa de Poltica');
INSERT INTO LANGUAGE_MAPPING (ID,LANGUAGE_ID,REFERENCE_ID,REFERENCE_TYPE,TEXT_VALUE) VALUES ('ESRESRECONCILE_MENU_DISPLAY','4','RESRECONCILE','ResourceEntity.displayNameMap','Reconciliacin');
INSERT INTO LANGUAGE_MAPPING (ID,LANGUAGE_ID,REFERENCE_ID,REFERENCE_TYPE,TEXT_VALUE) VALUES ('ESRESSUMMARY_MENU_DISPLAY','4','RESSUMMARY','ResourceEntity.displayNameMap','Buscar Recurso');
INSERT INTO LANGUAGE_MAPPING (ID,LANGUAGE_ID,REFERENCE_ID,REFERENCE_TYPE,TEXT_VALUE) VALUES ('ESRES_APROVER_ASSOC_DN','4','RES_APROVER_ASSOC','ResourceEntity.displayNameMap','Validadores');
INSERT INTO LANGUAGE_MAPPING (ID,LANGUAGE_ID,REFERENCE_ID,REFERENCE_TYPE,TEXT_VALUE) VALUES ('ESRES_ENT_SUB_DIS','4','RES_ENT_SUB','ResourceEntity.displayNameMap','Derechos');
INSERT INTO LANGUAGE_MAPPING (ID,LANGUAGE_ID,REFERENCE_ID,REFERENCE_TYPE,TEXT_VALUE) VALUES ('ESRES_TYPE_DESC','4','RES_TYPE_ITEM','ResourceEntity.displayNameMap','Tipos de Recurso');
INSERT INTO LANGUAGE_MAPPING (ID,LANGUAGE_ID,REFERENCE_ID,REFERENCE_TYPE,TEXT_VALUE) VALUES ('ESRES_TYPE_NEW_DESC','4','RES_TYPE_NEW','ResourceEntity.displayNameMap','Nuevo Tipo de Recurso');
INSERT INTO LANGUAGE_MAPPING (ID,LANGUAGE_ID,REFERENCE_ID,REFERENCE_TYPE,TEXT_VALUE) VALUES ('ESMetadataTypeEntity65','4','RETIRED','MetadataTypeEntity.displayNameMap','RETIRADO');
INSERT INTO LANGUAGE_MAPPING (ID,LANGUAGE_ID,REFERENCE_ID,REFERENCE_TYPE,TEXT_VALUE) VALUES ('ESMetadataTypeEntity66','4','RJ','MetadataTypeEntity.displayNameMap','RECHAZADO');
INSERT INTO LANGUAGE_MAPPING (ID,LANGUAGE_ID,REFERENCE_ID,REFERENCE_TYPE,TEXT_VALUE) VALUES ('ESROLE_APROVER_ASSOC_DN','4','ROLE_APROVER_ASSOC','ResourceEntity.displayNameMap','Validadores');
INSERT INTO LANGUAGE_MAPPING (ID,LANGUAGE_ID,REFERENCE_ID,REFERENCE_TYPE,TEXT_VALUE) VALUES ('ESROLE_EDIT_MENU_DESC','4','ROLE_EDIT_MENU','ResourceEntity.displayNameMap','Men Edicin de Rol Root');
INSERT INTO LANGUAGE_MAPPING (ID,LANGUAGE_ID,REFERENCE_ID,REFERENCE_TYPE,TEXT_VALUE) VALUES ('ESROLE_ENTITLEMENTS_DESC','4','ROLE_ENTITLEMENTS','ResourceEntity.displayNameMap','Derechos de Rol');
INSERT INTO LANGUAGE_MAPPING (ID,LANGUAGE_ID,REFERENCE_ID,REFERENCE_TYPE,TEXT_VALUE) VALUES ('ESROLE_MENUS_DESC','4','ROLE_MENUS','ResourceEntity.displayNameMap','Mens');
INSERT INTO LANGUAGE_MAPPING (ID,LANGUAGE_ID,REFERENCE_ID,REFERENCE_TYPE,TEXT_VALUE) VALUES ('ESROLE_ROOT_MENU_DESC','4','ROLE_ROOT_MENU','ResourceEntity.displayNameMap','Men Root de Rol');
INSERT INTO LANGUAGE_MAPPING (ID,LANGUAGE_ID,REFERENCE_ID,REFERENCE_TYPE,TEXT_VALUE) VALUES ('ESROLE_SEARCH_DESC','4','ROLE_SEARCH','ResourceEntity.displayNameMap','Busqueda de Rol');
INSERT INTO LANGUAGE_MAPPING (ID,LANGUAGE_ID,REFERENCE_ID,REFERENCE_TYPE,TEXT_VALUE) VALUES ('ESMetadataTypeEntity67','4','SALES REP','MetadataTypeEntity.displayNameMap','Representante de Ventas');
INSERT INTO LANGUAGE_MAPPING (ID,LANGUAGE_ID,REFERENCE_ID,REFERENCE_TYPE,TEXT_VALUE) VALUES ('ESMetadataTypeEntity68','4','SCRIPT_Connector','MetadataTypeEntity.displayNameMap','Conector de Script');
INSERT INTO LANGUAGE_MAPPING (ID,LANGUAGE_ID,REFERENCE_ID,REFERENCE_TYPE,TEXT_VALUE) VALUES ('ESSEARCH_BATCH_EDIT_DESC','4','SEARCH_BATCH_EDIT','ResourceEntity.displayNameMap','Buscar Tareas Prog.');
INSERT INTO LANGUAGE_MAPPING (ID,LANGUAGE_ID,REFERENCE_ID,REFERENCE_TYPE,TEXT_VALUE) VALUES ('ESSEARCH_BATCH_NEW_DESC','4','SEARCH_BATCH_NEW','ResourceEntity.displayNameMap','Buscar Tareas Prog.');
INSERT INTO LANGUAGE_MAPPING (ID,LANGUAGE_ID,REFERENCE_ID,REFERENCE_TYPE,TEXT_VALUE) VALUES ('ESMetadataTypeEntity69','4','SECURITY MANAGER','MetadataTypeEntity.displayNameMap','GESTOR DE SEGURIDAD');
INSERT INTO LANGUAGE_MAPPING (ID,LANGUAGE_ID,REFERENCE_ID,REFERENCE_TYPE,TEXT_VALUE) VALUES ('ESSECURITY_GROUP_MENU_DISPLAY','4','SECURITY_GROUP','ResourceEntity.displayNameMap','Grupo');
INSERT INTO LANGUAGE_MAPPING (ID,LANGUAGE_ID,REFERENCE_ID,REFERENCE_TYPE,TEXT_VALUE) VALUES ('ESSECURITY_POLICY_MENU_DISPLAY','4','SECURITY_POLICY','ResourceEntity.displayNameMap','Poltica');
INSERT INTO LANGUAGE_MAPPING (ID,LANGUAGE_ID,REFERENCE_ID,REFERENCE_TYPE,TEXT_VALUE) VALUES ('ESSECURITY_RES_MENU_DISPLAY','4','SECURITY_RES','ResourceEntity.displayNameMap','Recurso');
INSERT INTO LANGUAGE_MAPPING (ID,LANGUAGE_ID,REFERENCE_ID,REFERENCE_TYPE,TEXT_VALUE) VALUES ('ESSECURITY_ROLE_MENU_DISPLAY','4','SECURITY_ROLE','ResourceEntity.displayNameMap','Rol');
INSERT INTO LANGUAGE_MAPPING (ID,LANGUAGE_ID,REFERENCE_ID,REFERENCE_TYPE,TEXT_VALUE) VALUES ('ESMetadataTypeEntity70','4','SELECT','MetadataTypeEntity.displayNameMap','Combo box');
INSERT INTO LANGUAGE_MAPPING (ID,LANGUAGE_ID,REFERENCE_ID,REFERENCE_TYPE,TEXT_VALUE) VALUES ('ESSELFCENTER_MENU_DISPLAY','4','SELFCENTER','ResourceEntity.displayNameMap','Centro de AutoServicio');
INSERT INTO LANGUAGE_MAPPING (ID,LANGUAGE_ID,REFERENCE_ID,REFERENCE_TYPE,TEXT_VALUE) VALUES ('ESSELFSERVE_SUP_SUB_DESC','4','SELFSERVE_SUP_SUB','ResourceEntity.displayNameMap','Superiores y Subordinados');
INSERT INTO LANGUAGE_MAPPING (ID,LANGUAGE_ID,REFERENCE_ID,REFERENCE_TYPE,TEXT_VALUE) VALUES ('ESSELFSERVICE_MENU_DISPLAY','4','SELFSERVICE','ResourceEntity.displayNameMap','AUTO SERVICIO');
INSERT INTO LANGUAGE_MAPPING (ID,LANGUAGE_ID,REFERENCE_ID,REFERENCE_TYPE,TEXT_VALUE) VALUES ('ESSELFSERVICE_EXT_DN','4','SELFSERVICE_EXT','ResourceEntity.displayNameMap','Extension Root De AutoServicio');
INSERT INTO LANGUAGE_MAPPING (ID,LANGUAGE_ID,REFERENCE_ID,REFERENCE_TYPE,TEXT_VALUE) VALUES ('ESSELFSERVICE_GROUPS_DN','4','SELFSERVICE_GROUPS','ResourceEntity.displayNameMap','Grupos');
INSERT INTO LANGUAGE_MAPPING (ID,LANGUAGE_ID,REFERENCE_ID,REFERENCE_TYPE,TEXT_VALUE) VALUES ('ESSELFSERVICE_MYAPPS_DESC','4','SELFSERVICE_MYAPPS','ResourceEntity.displayNameMap','Mis Aplicaciones');
INSERT INTO LANGUAGE_MAPPING (ID,LANGUAGE_ID,REFERENCE_ID,REFERENCE_TYPE,TEXT_VALUE) VALUES ('ESSELFSERVICE_MYINFO_DESC','4','SELFSERVICE_MYINFO','ResourceEntity.displayNameMap','Mi Informacin');
INSERT INTO LANGUAGE_MAPPING (ID,LANGUAGE_ID,REFERENCE_ID,REFERENCE_TYPE,TEXT_VALUE) VALUES ('ESSELFSERVICE_REPORT_DESC','4','SELFSERVICE_REPORT','ResourceEntity.displayNameMap','Informe');
INSERT INTO LANGUAGE_MAPPING (ID,LANGUAGE_ID,REFERENCE_ID,REFERENCE_TYPE,TEXT_VALUE) VALUES ('ESSELFSERVICE_RESOURCES_DN','4','SELFSERVICE_RESOURCES','ResourceEntity.displayNameMap','Recruso');
INSERT INTO LANGUAGE_MAPPING (ID,LANGUAGE_ID,REFERENCE_ID,REFERENCE_TYPE,TEXT_VALUE) VALUES ('ESSELFSERVICE_ROLES_DN','4','SELFSERVICE_ROLES','ResourceEntity.displayNameMap','Roles');
INSERT INTO LANGUAGE_MAPPING (ID,LANGUAGE_ID,REFERENCE_ID,REFERENCE_TYPE,TEXT_VALUE) VALUES ('ESSS_ACCESS_REVIEW_DESC','4','SELFSERV_ACCESS_REVIEW','ResourceEntity.displayNameMap','Revisin de Acceso');
INSERT INTO LANGUAGE_MAPPING (ID,LANGUAGE_ID,REFERENCE_ID,REFERENCE_TYPE,TEXT_VALUE) VALUES ('ESSELFSERV_GRP_BACK_SRCH_DN','4','SELFSERV_GRP_BACK_SRCH','ResourceEntity.displayNameMap','Volver a la Busqueda');
INSERT INTO LANGUAGE_MAPPING (ID,LANGUAGE_ID,REFERENCE_ID,REFERENCE_TYPE,TEXT_VALUE) VALUES ('ESSELFSERV_GRP_EDIT_DN','4','SELFSERV_GRP_EDIT','ResourceEntity.displayNameMap','Edit Grupo');
INSERT INTO LANGUAGE_MAPPING (ID,LANGUAGE_ID,REFERENCE_ID,REFERENCE_TYPE,TEXT_VALUE) VALUES ('ESSELFSERV_GRP_NEW_DN','4','SELFSERV_GRP_NEW','ResourceEntity.displayNameMap','Create Nuevo Grupo');
INSERT INTO LANGUAGE_MAPPING (ID,LANGUAGE_ID,REFERENCE_ID,REFERENCE_TYPE,TEXT_VALUE) VALUES ('ESSELFSERV_ROLE_NEW_DN','4','SELFSERV_ROLE_NEW','ResourceEntity.displayNameMap','Crear Nuevo Rol');
INSERT INTO LANGUAGE_MAPPING (ID,LANGUAGE_ID,REFERENCE_ID,REFERENCE_TYPE,TEXT_VALUE) VALUES ('ESSELFSERV_USER_EDIT_DESC','4','SELFSERV_USER_EDIT','ResourceEntity.displayNameMap','Edit User');
INSERT INTO LANGUAGE_MAPPING (ID,LANGUAGE_ID,REFERENCE_ID,REFERENCE_TYPE,TEXT_VALUE) VALUES ('ESSS_USR_EDIT_RT_DESC','4','SELFSERV_USER_EDIT_ROOT','ResourceEntity.displayNameMap','Editar Usuario Root de AutoServicio');
INSERT INTO LANGUAGE_MAPPING (ID,LANGUAGE_ID,REFERENCE_ID,REFERENCE_TYPE,TEXT_VALUE) VALUES ('ESSELFSERV_USER_MEMSHP_DES','4','SELFSERV_USER_MEMSHP','ResourceEntity.displayNameMap','Derechos de Usuario');
INSERT INTO LANGUAGE_MAPPING (ID,LANGUAGE_ID,REFERENCE_ID,REFERENCE_TYPE,TEXT_VALUE) VALUES ('ESSELFSER_USER_LOGIN_DESC','4','SELFSER_USER_LOGIN','ResourceEntity.displayNameMap','Identidades');
INSERT INTO LANGUAGE_MAPPING (ID,LANGUAGE_ID,REFERENCE_ID,REFERENCE_TYPE,TEXT_VALUE) VALUES ('ESSELFSER_USER_NEW_LOGIN_DESC','4','SELFSER_USER_NEW_LOGIN','ResourceEntity.displayNameMap','Crear Nueva Identidad');
INSERT INTO LANGUAGE_MAPPING (ID,LANGUAGE_ID,REFERENCE_ID,REFERENCE_TYPE,TEXT_VALUE) VALUES ('ESSELFSRVS_ACCESS_MNG_ORG_DESC','4','SELFSRVS_ACCESS_MNGMNT_ORG','ResourceEntity.displayNameMap','Organizaciones');
INSERT INTO LANGUAGE_MAPPING (ID,LANGUAGE_ID,REFERENCE_ID,REFERENCE_TYPE,TEXT_VALUE) VALUES ('ESSELFSRV_EXAMPLE_DN','4','SELFSRV_EXAMPLE','ResourceEntity.displayNameMap','Ejemplo');
INSERT INTO LANGUAGE_MAPPING (ID,LANGUAGE_ID,REFERENCE_ID,REFERENCE_TYPE,TEXT_VALUE) VALUES ('ESSELFSRV_GRP_EDIT_ROOT_DESC','4','SELFSRV_GRP_EDIT_ROOT','ResourceEntity.displayNameMap','Edicin Grupo AutoServicio Root');
INSERT INTO LANGUAGE_MAPPING (ID,LANGUAGE_ID,REFERENCE_ID,REFERENCE_TYPE,TEXT_VALUE) VALUES ('ESSELFSRV_GRP_SRCH_ROOT_DESC','4','SELFSRV_GRP_SRCH_ROOT','ResourceEntity.displayNameMap','Grupo AutoServicio Root');
INSERT INTO LANGUAGE_MAPPING (ID,LANGUAGE_ID,REFERENCE_ID,REFERENCE_TYPE,TEXT_VALUE) VALUES ('ESSELFSRV_RES_BACK_SRCH_DN','4','SELFSRV_RES_BACK_SRCH','ResourceEntity.displayNameMap','Volver a la Busqueda');
INSERT INTO LANGUAGE_MAPPING (ID,LANGUAGE_ID,REFERENCE_ID,REFERENCE_TYPE,TEXT_VALUE) VALUES ('ESSELFSRV_RES_EDIT_DN','4','SELFSRV_RES_EDIT','ResourceEntity.displayNameMap','Edit Recurso');
INSERT INTO LANGUAGE_MAPPING (ID,LANGUAGE_ID,REFERENCE_ID,REFERENCE_TYPE,TEXT_VALUE) VALUES ('ESSELFSRV_RES_EDIT_ROOT_DESC','4','SELFSRV_RES_EDIT_ROOT','ResourceEntity.displayNameMap','Edicin de AutoServicio de Recursos Root');
INSERT INTO LANGUAGE_MAPPING (ID,LANGUAGE_ID,REFERENCE_ID,REFERENCE_TYPE,TEXT_VALUE) VALUES ('ESSELFSRV_RES_NEW_DN','4','SELFSRV_RES_NEW','ResourceEntity.displayNameMap','Crear Recurso Nuevo');
INSERT INTO LANGUAGE_MAPPING (ID,LANGUAGE_ID,REFERENCE_ID,REFERENCE_TYPE,TEXT_VALUE) VALUES ('ESSELFSRV_RES_SRCH_ROOT_DN','4','SELFSRV_RES_SRCH_ROOT','ResourceEntity.displayNameMap','Recurso de AutoServicio Root');
INSERT INTO LANGUAGE_MAPPING (ID,LANGUAGE_ID,REFERENCE_ID,REFERENCE_TYPE,TEXT_VALUE) VALUES ('ESSELFSRV_ROLE_BACK_SRCH_DN','4','SELFSRV_ROLE_BACK_SRCH','ResourceEntity.displayNameMap','Volver a la Busqueda');
INSERT INTO LANGUAGE_MAPPING (ID,LANGUAGE_ID,REFERENCE_ID,REFERENCE_TYPE,TEXT_VALUE) VALUES ('ESSELFSRV_ROLE_EDIT_DN','4','SELFSRV_ROLE_EDIT','ResourceEntity.displayNameMap','Editar Rol');
INSERT INTO LANGUAGE_MAPPING (ID,LANGUAGE_ID,REFERENCE_ID,REFERENCE_TYPE,TEXT_VALUE) VALUES ('ESSELFSRV_ROLE_EDIT_ROOT_DESC','4','SELFSRV_ROLE_EDIT_ROOT','ResourceEntity.displayNameMap','Editar Rol de AutoServicio Root');
INSERT INTO LANGUAGE_MAPPING (ID,LANGUAGE_ID,REFERENCE_ID,REFERENCE_TYPE,TEXT_VALUE) VALUES ('ESSELFSRV_ROLE_SRCH_ROOT_DN','4','SELFSRV_ROLE_SRCH_ROOT','ResourceEntity.displayNameMap','Rol AutoServicio Root');
INSERT INTO LANGUAGE_MAPPING (ID,LANGUAGE_ID,REFERENCE_ID,REFERENCE_TYPE,TEXT_VALUE) VALUES ('ESSELF_QUERYUSER_MENU_DISPLAY','4','SELF_QUERYUSER','ResourceEntity.displayNameMap','Administrar Usuaruio');
INSERT INTO LANGUAGE_MAPPING (ID,LANGUAGE_ID,REFERENCE_ID,REFERENCE_TYPE,TEXT_VALUE) VALUES ('ESSELF_SUB_ORGS_EDIT_DESC','4','SELF_SUB_ORGS_EDIT','ResourceEntity.displayNameMap','Editar Organizacin');
INSERT INTO LANGUAGE_MAPPING (ID,LANGUAGE_ID,REFERENCE_ID,REFERENCE_TYPE,TEXT_VALUE) VALUES ('ESSELF_SUB_ORGS_NEW_DESC','4','SELF_SUB_ORGS_NEW','ResourceEntity.displayNameMap','Nueva Organizacin');
INSERT INTO LANGUAGE_MAPPING (ID,LANGUAGE_ID,REFERENCE_ID,REFERENCE_TYPE,TEXT_VALUE) VALUES ('ESSELF_SUB_ORGS_SEARCH_DESC','4','SELF_SUB_ORGS_SEARCH','ResourceEntity.displayNameMap','Buscar Organizacin');
INSERT INTO LANGUAGE_MAPPING (ID,LANGUAGE_ID,REFERENCE_ID,REFERENCE_TYPE,TEXT_VALUE) VALUES ('ESSELF_SUB_REPORT_NEW_DSC','4','SELF_SUB_REPORT_NEW','ResourceEntity.displayNameMap','Subscribirse al Informe');
INSERT INTO LANGUAGE_MAPPING (ID,LANGUAGE_ID,REFERENCE_ID,REFERENCE_TYPE,TEXT_VALUE) VALUES ('ESSELF_SUB_REPORT_ROOT_DESC','4','SELF_SUB_REPORT_ROOT','ResourceEntity.displayNameMap','Men Root Subscribirse al Informe');
INSERT INTO LANGUAGE_MAPPING (ID,LANGUAGE_ID,REFERENCE_ID,REFERENCE_TYPE,TEXT_VALUE) VALUES ('ESSELF_VIEW_REPORT_NEW_DSC','4','SELF_VIEW_REPORT_NEW','ResourceEntity.displayNameMap','Crear Nueva Vista de Informe');
INSERT INTO LANGUAGE_MAPPING (ID,LANGUAGE_ID,REFERENCE_ID,REFERENCE_TYPE,TEXT_VALUE) VALUES ('ESSELF_VIEW_REPORT_ROOT_DESC','4','SELF_VIEW_REPORT_ROOT','ResourceEntity.displayNameMap','Men Root Ver Informe');
INSERT INTO LANGUAGE_MAPPING (ID,LANGUAGE_ID,REFERENCE_ID,REFERENCE_TYPE,TEXT_VALUE) VALUES ('ESMetadataTypeEntity71','4','SERVICE REP','MetadataTypeEntity.displayNameMap','REPRESENTANTE DE SERVICIO');
INSERT INTO LANGUAGE_MAPPING (ID,LANGUAGE_ID,REFERENCE_ID,REFERENCE_TYPE,TEXT_VALUE) VALUES ('ESMetadataTypeEntity72','4','SOAP_Connector','MetadataTypeEntity.displayNameMap','Conector SOAP');
INSERT INTO LANGUAGE_MAPPING (ID,LANGUAGE_ID,REFERENCE_ID,REFERENCE_TYPE,TEXT_VALUE) VALUES ('ESSS_GRP_ENT_DN','4','SS_GRP_ENT','ResourceEntity.displayNameMap','Derechos');
INSERT INTO LANGUAGE_MAPPING (ID,LANGUAGE_ID,REFERENCE_ID,REFERENCE_TYPE,TEXT_VALUE) VALUES ('ESSS_ORG_BACK_SEARCH_DN','4','SS_ORG_BACK_SEARCH','ResourceEntity.displayNameMap','Volver a la Busqueda');
INSERT INTO LANGUAGE_MAPPING (ID,LANGUAGE_ID,REFERENCE_ID,REFERENCE_TYPE,TEXT_VALUE) VALUES ('ESSS_RES_ENT_DN','4','SS_RES_ENT','ResourceEntity.displayNameMap','Derechos');
INSERT INTO LANGUAGE_MAPPING (ID,LANGUAGE_ID,REFERENCE_ID,REFERENCE_TYPE,TEXT_VALUE) VALUES ('ESSS_ROLE_ENT_DN','4','SS_ROLE_ENT','ResourceEntity.displayNameMap','Derechos');
INSERT INTO LANGUAGE_MAPPING (ID,LANGUAGE_ID,REFERENCE_ID,REFERENCE_TYPE,TEXT_VALUE) VALUES ('ESSUBSCRIBE_MENU_DESC','4','SUBSCRIBE','ResourceEntity.displayNameMap','Subscribirse');
INSERT INTO LANGUAGE_MAPPING (ID,LANGUAGE_ID,REFERENCE_ID,REFERENCE_TYPE,TEXT_VALUE) VALUES ('ESSUBSIDIARY','4','SUBSIDIARY','OrganizationTypeEntity.displayNameMap','Subsidiario');
INSERT INTO LANGUAGE_MAPPING (ID,LANGUAGE_ID,REFERENCE_ID,REFERENCE_TYPE,TEXT_VALUE) VALUES ('ESSUP_SUB_PAGE_DIS','4','SUP_SUB_PAGE','ResourceEntity.displayNameMap','Superiores y Subordinados');
INSERT INTO LANGUAGE_MAPPING (ID,LANGUAGE_ID,REFERENCE_ID,REFERENCE_TYPE,TEXT_VALUE) VALUES ('ESSYNCLOG_ADMIN_DESC','4','SYNCLOG','ResourceEntity.displayNameMap','Visor de Log');
INSERT INTO LANGUAGE_MAPPING (ID,LANGUAGE_ID,REFERENCE_ID,REFERENCE_TYPE,TEXT_VALUE) VALUES ('ESSYNCLOG_DESC','4','SYNCLOG_MENU_ITEM','ResourceEntity.displayNameMap','Transaccin de Sincronizacin de Visor de Log');
INSERT INTO LANGUAGE_MAPPING (ID,LANGUAGE_ID,REFERENCE_ID,REFERENCE_TYPE,TEXT_VALUE) VALUES ('ESSYNCUSER_MENU_DISPLAY','4','SYNCUSER','ResourceEntity.displayNameMap','Sincronizacin');
INSERT INTO LANGUAGE_MAPPING (ID,LANGUAGE_ID,REFERENCE_ID,REFERENCE_TYPE,TEXT_VALUE) VALUES ('ESSYNCUSER_EDIT_DESC','4','SYNCUSER_EDIT','ResourceEntity.displayNameMap','Editar Sincronizacin');
INSERT INTO LANGUAGE_MAPPING (ID,LANGUAGE_ID,REFERENCE_ID,REFERENCE_TYPE,TEXT_VALUE) VALUES ('ESSYNCUSER_DESC','4','SYNCUSER_MENU_ITEM','ResourceEntity.displayNameMap','Sincronizacin');
INSERT INTO LANGUAGE_MAPPING (ID,LANGUAGE_ID,REFERENCE_ID,REFERENCE_TYPE,TEXT_VALUE) VALUES ('ESSYNCUSER_NEW_DESC','4','SYNCUSER_NEW','ResourceEntity.displayNameMap','Crear Sincronizacin');
INSERT INTO LANGUAGE_MAPPING (ID,LANGUAGE_ID,REFERENCE_ID,REFERENCE_TYPE,TEXT_VALUE) VALUES ('ESSYNCUSER_POLICYMAP_DESC','4','SYNCUSER_POLICYMAP','ResourceEntity.displayNameMap','Mapa de Poltica');
INSERT INTO LANGUAGE_MAPPING (ID,LANGUAGE_ID,REFERENCE_ID,REFERENCE_TYPE,TEXT_VALUE) VALUES ('ESMetadataTypeEntity73','4','SYS ACCOUNT','MetadataTypeEntity.displayNameMap','CUENTA DE SISTEMA');
INSERT INTO LANGUAGE_MAPPING (ID,LANGUAGE_ID,REFERENCE_ID,REFERENCE_TYPE,TEXT_VALUE) VALUES ('ESMetadataTypeEntity74','4','SystemAccount','MetadataTypeEntity.displayNameMap','Tipo de Cuenta de Sistema');
INSERT INTO LANGUAGE_MAPPING (ID,LANGUAGE_ID,REFERENCE_ID,REFERENCE_TYPE,TEXT_VALUE) VALUES ('ESMetadataTypeEntity75','4','SYS_ACTION','MetadataTypeEntity.displayNameMap','Acciones de Sistema');
INSERT INTO LANGUAGE_MAPPING (ID,LANGUAGE_ID,REFERENCE_ID,REFERENCE_TYPE,TEXT_VALUE) VALUES ('ESSYS_ACTION','4','SYS_ACTION','ResourceTypeEntity.displayNameMap','Accin de Sistema');
INSERT INTO LANGUAGE_MAPPING (ID,LANGUAGE_ID,REFERENCE_ID,REFERENCE_TYPE,TEXT_VALUE) VALUES ('ESTEMPLATE_SEARCH_CHILD_DESC','4','TEMPLATE_SEARCH_CHILD','ResourceEntity.displayNameMap','Plantilla de pgina');
INSERT INTO LANGUAGE_MAPPING (ID,LANGUAGE_ID,REFERENCE_ID,REFERENCE_TYPE,TEXT_VALUE) VALUES ('ESMetadataTypeEntity76','4','TERMINATE','MetadataTypeEntity.displayNameMap','FINALIZAR');
INSERT INTO LANGUAGE_MAPPING (ID,LANGUAGE_ID,REFERENCE_ID,REFERENCE_TYPE,TEXT_VALUE) VALUES ('ESMetadataTypeEntity77','4','TEXT','MetadataTypeEntity.displayNameMap','Campo Texto');
INSERT INTO LANGUAGE_MAPPING (ID,LANGUAGE_ID,REFERENCE_ID,REFERENCE_TYPE,TEXT_VALUE) VALUES ('ESMetadataTypeEntity78','4','TEXTAREA','MetadataTypeEntity.displayNameMap','Campo Multilinea de Texto');
INSERT INTO LANGUAGE_MAPPING (ID,LANGUAGE_ID,REFERENCE_ID,REFERENCE_TYPE,TEXT_VALUE) VALUES ('ESMetadataTypeEntity79','4','UB','MetadataTypeEntity.displayNameMap','NO-DESHABILITADO');
INSERT INTO LANGUAGE_MAPPING (ID,LANGUAGE_ID,REFERENCE_ID,REFERENCE_TYPE,TEXT_VALUE) VALUES ('ESMetadataTypeEntity80','4','UI_TEMPLATE','MetadataTypeEntity.displayNameMap','UI_Plantilla');
INSERT INTO LANGUAGE_MAPPING (ID,LANGUAGE_ID,REFERENCE_ID,REFERENCE_TYPE,TEXT_VALUE) VALUES ('ESUI_TEMPLATE','4','UI_TEMPLATE','ResourceTypeEntity.displayNameMap','UI Plantilla');
INSERT INTO LANGUAGE_MAPPING (ID,LANGUAGE_ID,REFERENCE_ID,REFERENCE_TYPE,TEXT_VALUE) VALUES ('ESUI_THEMES_DN','4','UI_THEMES','ResourceEntity.displayNameMap','UI Temas');
INSERT INTO LANGUAGE_MAPPING (ID,LANGUAGE_ID,REFERENCE_ID,REFERENCE_TYPE,TEXT_VALUE) VALUES ('ESUI_THEME_BACK_SRCH_DN','4','UI_THEME_BACK_SRCH','ResourceEntity.displayNameMap','Volver a la Busqueda');
INSERT INTO LANGUAGE_MAPPING (ID,LANGUAGE_ID,REFERENCE_ID,REFERENCE_TYPE,TEXT_VALUE) VALUES ('ESUI_THEME_EDIT_DN','4','UI_THEME_EDIT','ResourceEntity.displayNameMap','Editar Tema UI');
INSERT INTO LANGUAGE_MAPPING (ID,LANGUAGE_ID,REFERENCE_ID,REFERENCE_TYPE,TEXT_VALUE) VALUES ('ESUI_THEME_EDIT_MODIFY_DN','4','UI_THEME_EDIT_MODIFY','ResourceEntity.displayNameMap','Editar Tema UI');
INSERT INTO LANGUAGE_MAPPING (ID,LANGUAGE_ID,REFERENCE_ID,REFERENCE_TYPE,TEXT_VALUE) VALUES ('ESUI_THEME_ROOT_DN','4','UI_THEME_ROOT','ResourceEntity.displayNameMap','Tema Root UI');
INSERT INTO LANGUAGE_MAPPING (ID,LANGUAGE_ID,REFERENCE_ID,REFERENCE_TYPE,TEXT_VALUE) VALUES ('ESUI_THEME_ROOT_SRCH_DN','4','UI_THEME_ROOT_SRCH','ResourceEntity.displayNameMap','Buscar Tema UI');
INSERT INTO LANGUAGE_MAPPING (ID,LANGUAGE_ID,REFERENCE_ID,REFERENCE_TYPE,TEXT_VALUE) VALUES ('ESMetadataTypeEntity81','4','UI_WIDGET','MetadataTypeEntity.displayNameMap','UI_WIDGET');
INSERT INTO LANGUAGE_MAPPING (ID,LANGUAGE_ID,REFERENCE_ID,REFERENCE_TYPE,TEXT_VALUE) VALUES ('ESUI_WIDGET','4','UI_WIDGET','ResourceTypeEntity.displayNameMap','UI Widget');
INSERT INTO LANGUAGE_MAPPING (ID,LANGUAGE_ID,REFERENCE_ID,REFERENCE_TYPE,TEXT_VALUE) VALUES ('ESUPLOAD_CUST_PSWD_POLICY_DESC','4','UPLOAD_CUST_PSWD_POLICY','ResourceEntity.displayNameMap','Config. Pol. de Contrasea');
INSERT INTO LANGUAGE_MAPPING (ID,LANGUAGE_ID,REFERENCE_ID,REFERENCE_TYPE,TEXT_VALUE) VALUES ('ESURI_META_BACK_DESC','4','URI_META_BACK','ResourceEntity.displayNameMap','Volver al Patrn');
INSERT INTO LANGUAGE_MAPPING (ID,LANGUAGE_ID,REFERENCE_ID,REFERENCE_TYPE,TEXT_VALUE) VALUES ('ESURI_META_EDIT_DESC','4','URI_META_EDIT','ResourceEntity.displayNameMap','URI Meta Root Item');
INSERT INTO LANGUAGE_MAPPING (ID,LANGUAGE_ID,REFERENCE_ID,REFERENCE_TYPE,TEXT_VALUE) VALUES ('ESURI_PATTERN_EDIT_DESC','4','URI_PATTERN_EDIT','ResourceEntity.displayNameMap','URI Ptrn de Edicin Men');
INSERT INTO LANGUAGE_MAPPING (ID,LANGUAGE_ID,REFERENCE_ID,REFERENCE_TYPE,TEXT_VALUE) VALUES ('ESURI_PATTERN_EDNW_PATTERN_DESC','4','URI_PATTERN_EDIT_NEW_PATTERN','ResourceEntity.displayNameMap','Crear Patrn URI');
INSERT INTO LANGUAGE_MAPPING (ID,LANGUAGE_ID,REFERENCE_ID,REFERENCE_TYPE,TEXT_VALUE) VALUES ('ESURI_PATTERN_EDIT_PATTERN_DESC','4','URI_PATTERN_EDIT_PATTERN','ResourceEntity.displayNameMap','Editar Patrn URI');
INSERT INTO LANGUAGE_MAPPING (ID,LANGUAGE_ID,REFERENCE_ID,REFERENCE_TYPE,TEXT_VALUE) VALUES ('ESURI_PATRN_EDT_PROV_SEARCH_DESC','4','URI_PATTERN_EDT_PROV_SEARCH','ResourceEntity.displayNameMap','Buscar Proveedor');
INSERT INTO LANGUAGE_MAPPING (ID,LANGUAGE_ID,REFERENCE_ID,REFERENCE_TYPE,TEXT_VALUE) VALUES ('ESMetadataTypeEntity82','4','URL','MetadataTypeEntity.displayNameMap','URL');
INSERT INTO LANGUAGE_MAPPING (ID,LANGUAGE_ID,REFERENCE_ID,REFERENCE_TYPE,TEXT_VALUE) VALUES ('ESMetadataTypeEntity83','4','URL_PATTERN','MetadataTypeEntity.displayNameMap','Patrn Url');
INSERT INTO LANGUAGE_MAPPING (ID,LANGUAGE_ID,REFERENCE_ID,REFERENCE_TYPE,TEXT_VALUE) VALUES ('ESURL_PATTERN','4','URL_PATTERN','ResourceTypeEntity.displayNameMap','Patrn Url');
INSERT INTO LANGUAGE_MAPPING (ID,LANGUAGE_ID,REFERENCE_ID,REFERENCE_TYPE,TEXT_VALUE) VALUES ('ESUSER_MENU_DESC','4','USER','ResourceEntity.displayNameMap','Usuario');
INSERT INTO LANGUAGE_MAPPING (ID,LANGUAGE_ID,REFERENCE_ID,REFERENCE_TYPE,TEXT_VALUE) VALUES ('ESUSER_ATTRIBUTES_DESC','4','USER_ATTRIBUTES','ResourceEntity.displayNameMap','Atributos de Usuario');
INSERT INTO LANGUAGE_MAPPING (ID,LANGUAGE_ID,REFERENCE_ID,REFERENCE_TYPE,TEXT_VALUE) VALUES ('ESUSER_BULK_MENU_DISPLAY','4','USER_BULK','ResourceEntity.displayNameMap','Operaciones masivas');
INSERT INTO LANGUAGE_MAPPING (ID,LANGUAGE_ID,REFERENCE_ID,REFERENCE_TYPE,TEXT_VALUE) VALUES ('ESUSER_DELEGATION_DESC','4','USER_DELEGATION','ResourceEntity.displayNameMap','Administracin delegada');
INSERT INTO LANGUAGE_MAPPING (ID,LANGUAGE_ID,REFERENCE_ID,REFERENCE_TYPE,TEXT_VALUE) VALUES ('ESUSER_EDIT_CONTACT_INFO_DESC','4','USER_EDIT_CONTACT_INFO','ResourceEntity.displayNameMap','Informacin de Contacto');
INSERT INTO LANGUAGE_MAPPING (ID,LANGUAGE_ID,REFERENCE_ID,REFERENCE_TYPE,TEXT_VALUE) VALUES ('ESUSER_EDIT_INFO_DESC','4','USER_EDIT_INFO','ResourceEntity.displayNameMap','Informacin de Usuario');
INSERT INTO LANGUAGE_MAPPING (ID,LANGUAGE_ID,REFERENCE_ID,REFERENCE_TYPE,TEXT_VALUE) VALUES ('ESUSER_EDIT_MENU_DESC','4','USER_EDIT_MENU','ResourceEntity.displayNameMap','Men Root Edicin de Usuario');
INSERT INTO LANGUAGE_MAPPING (ID,LANGUAGE_ID,REFERENCE_ID,REFERENCE_TYPE,TEXT_VALUE) VALUES ('ESUSER_ENTITLEMENTS_DESC','4','USER_ENTITLEMENTS','ResourceEntity.displayNameMap','Derechos de Usuario');
INSERT INTO LANGUAGE_MAPPING (ID,LANGUAGE_ID,REFERENCE_ID,REFERENCE_TYPE,TEXT_VALUE) VALUES ('ESUSER_HISTORY_DESC','4','USER_HISTORY','ResourceEntity.displayNameMap','Historial de Usuario');
INSERT INTO LANGUAGE_MAPPING (ID,LANGUAGE_ID,REFERENCE_ID,REFERENCE_TYPE,TEXT_VALUE) VALUES ('ESUSER_IDENTITY_DESC','4','USER_IDENTITY','ResourceEntity.displayNameMap','Identidades de Usuario');
INSERT INTO LANGUAGE_MAPPING (ID,LANGUAGE_ID,REFERENCE_ID,REFERENCE_TYPE,TEXT_VALUE) VALUES ('ESUSER_MENUS_DESC','4','USER_MENUS','ResourceEntity.displayNameMap','Mens');
INSERT INTO LANGUAGE_MAPPING (ID,LANGUAGE_ID,REFERENCE_ID,REFERENCE_TYPE,TEXT_VALUE) VALUES ('ESUSER_RESET_PASSWORD_DESC','4','USER_RESET_PASSWORD','ResourceEntity.displayNameMap','Resetear Contrasea');
INSERT INTO LANGUAGE_MAPPING (ID,LANGUAGE_ID,REFERENCE_ID,REFERENCE_TYPE,TEXT_VALUE) VALUES ('ESUSER_ROOT_MENU_DESC','4','USER_ROOT_MENU','ResourceEntity.displayNameMap','Men Root de Usuario');
INSERT INTO LANGUAGE_MAPPING (ID,LANGUAGE_ID,REFERENCE_ID,REFERENCE_TYPE,TEXT_VALUE) VALUES ('ESUSER_SEARCH_DESC','4','USER_SEARCH','ResourceEntity.displayNameMap','Buscar Usuario');
INSERT INTO LANGUAGE_MAPPING (ID,LANGUAGE_ID,REFERENCE_ID,REFERENCE_TYPE,TEXT_VALUE) VALUES ('ESMetadataTypeEntity84','4','VENDOR','MetadataTypeEntity.displayNameMap','VENDEDOR');
INSERT INTO LANGUAGE_MAPPING (ID,LANGUAGE_ID,REFERENCE_ID,REFERENCE_TYPE,TEXT_VALUE) VALUES ('ESVIEW_MENU_DESC','4','VIEW','ResourceEntity.displayNameMap','Vista');
INSERT INTO LANGUAGE_MAPPING (ID,LANGUAGE_ID,REFERENCE_ID,REFERENCE_TYPE,TEXT_VALUE) VALUES ('ESMetadataTypeEntity85','4','WEBSERVICE','MetadataTypeEntity.displayNameMap','Servicio Web');
INSERT INTO LANGUAGE_MAPPING (ID,LANGUAGE_ID,REFERENCE_ID,REFERENCE_TYPE,TEXT_VALUE) VALUES ('ESMetadataTypeEntity86','4','WEBSERVICE_OP','MetadataTypeEntity.displayNameMap','Operacin de Servicio Web');
INSERT INTO LANGUAGE_MAPPING (ID,LANGUAGE_ID,REFERENCE_ID,REFERENCE_TYPE,TEXT_VALUE) VALUES ('ESWEB_REPORT_DESC','4','WEB_REPORT','ResourceEntity.displayNameMap','Informe');
INSERT INTO LANGUAGE_MAPPING (ID,LANGUAGE_ID,REFERENCE_ID,REFERENCE_TYPE,TEXT_VALUE) VALUES ('ESWEB_REPORT_NEW_DSC','4','WEB_REPORT_NEW','ResourceEntity.displayNameMap','Crear Nuevo Informe');
INSERT INTO LANGUAGE_MAPPING (ID,LANGUAGE_ID,REFERENCE_ID,REFERENCE_TYPE,TEXT_VALUE) VALUES ('ESWEB_REPORT_ROOT_DESC','4','WEB_REPORT_ROOT','ResourceEntity.displayNameMap','Men Root de Informe');
INSERT INTO LANGUAGE_MAPPING (ID,LANGUAGE_ID,REFERENCE_ID,REFERENCE_TYPE,TEXT_VALUE) VALUES ('ESMetadataTypeEntity87','4','WORK_EMAIL','MetadataTypeEntity.displayNameMap','Email de Trabajo');

----------------------------------------------------------------------------

delete from LANGUAGE_LOCALE where LANGUAGE_ID='2';
delete from LANGUAGE_MAPPING where LANGUAGE_ID='2';
delete from LANGUAGE_MAPPING where LANGUAGE_ID in ('1','4') AND REFERENCE_ID='2' AND REFERENCE_TYPE like 'Language%';
delete from LANGUAGE where ID='2';


insert into LANGUAGE(ID, LANGUAGE,  IS_USED, LANGUAGE_CODE, IS_DEFAULT)
values ('2', 'German', 'Y', 'de', 'N');

insert into LANGUAGE_LOCALE(ID, LANGUAGE_ID,  LOCALE)
values ('11', '2', 'de_DE');

INSERT INTO LANGUAGE_MAPPING (ID,LANGUAGE_ID,REFERENCE_ID,REFERENCE_TYPE,TEXT_VALUE) VALUES ('DELanguageEntity1','2','1','LanguageEntity.displayNameMap','Englisch');
INSERT INTO LANGUAGE_MAPPING (ID,LANGUAGE_ID,REFERENCE_ID,REFERENCE_TYPE,TEXT_VALUE) VALUES ('DELanguageEntity2','2','2','LanguageEntity.displayNameMap','Deutsch');
INSERT INTO LANGUAGE_MAPPING (ID,LANGUAGE_ID,REFERENCE_ID,REFERENCE_TYPE,TEXT_VALUE) VALUES ('DEElementMigrate101','2','101','MetadataElementEntity.languageMap','Anzeigename');
INSERT INTO LANGUAGE_MAPPING (ID,LANGUAGE_ID,REFERENCE_ID,REFERENCE_TYPE,TEXT_VALUE) VALUES ('DEElementMigrate104','2','104','MetadataElementEntity.languageMap','Sprache');
INSERT INTO LANGUAGE_MAPPING (ID,LANGUAGE_ID,REFERENCE_ID,REFERENCE_TYPE,TEXT_VALUE) VALUES ('DEElementMigrate105','2','105','MetadataElementEntity.languageMap','Kraftfahrzeugzulassung');
INSERT INTO LANGUAGE_MAPPING (ID,LANGUAGE_ID,REFERENCE_ID,REFERENCE_TYPE,TEXT_VALUE) VALUES ('DEElementMigrate106','2','106','MetadataElementEntity.languageMap','Vorname');
INSERT INTO LANGUAGE_MAPPING (ID,LANGUAGE_ID,REFERENCE_ID,REFERENCE_TYPE,TEXT_VALUE) VALUES ('DEElementMigrate107','2','107','MetadataElementEntity.languageMap','LabeledURI');
INSERT INTO LANGUAGE_MAPPING (ID,LANGUAGE_ID,REFERENCE_ID,REFERENCE_TYPE,TEXT_VALUE) VALUES ('DEElementMigrate108','2','108','MetadataElementEntity.languageMap','Initialen');
INSERT INTO LANGUAGE_MAPPING (ID,LANGUAGE_ID,REFERENCE_ID,REFERENCE_TYPE,TEXT_VALUE) VALUES ('DEElementMigrate110','2','110','MetadataElementEntity.languageMap','Geschaftskategorie');
INSERT INTO LANGUAGE_MAPPING (ID,LANGUAGE_ID,REFERENCE_ID,REFERENCE_TYPE,TEXT_VALUE) VALUES ('DEElementMigrate131','2','131','MetadataElementEntity.languageMap','Anzeigename');
INSERT INTO LANGUAGE_MAPPING (ID,LANGUAGE_ID,REFERENCE_ID,REFERENCE_TYPE,TEXT_VALUE) VALUES ('DEElementMigrate134','2','134','MetadataElementEntity.languageMap','Sprache');
INSERT INTO LANGUAGE_MAPPING (ID,LANGUAGE_ID,REFERENCE_ID,REFERENCE_TYPE,TEXT_VALUE) VALUES ('DEElementMigrate135','2','135','MetadataElementEntity.languageMap','Kraftfahrzeugzulassung');
INSERT INTO LANGUAGE_MAPPING (ID,LANGUAGE_ID,REFERENCE_ID,REFERENCE_TYPE,TEXT_VALUE) VALUES ('DEElementMigrate136','2','136','MetadataElementEntity.languageMap','Vorname');
INSERT INTO LANGUAGE_MAPPING (ID,LANGUAGE_ID,REFERENCE_ID,REFERENCE_TYPE,TEXT_VALUE) VALUES ('DEElementMigrate137','2','137','MetadataElementEntity.languageMap','+++LabeledURI');
INSERT INTO LANGUAGE_MAPPING (ID,LANGUAGE_ID,REFERENCE_ID,REFERENCE_TYPE,TEXT_VALUE) VALUES ('DEElementMigrate138','2','138','MetadataElementEntity.languageMap','Initialen');
INSERT INTO LANGUAGE_MAPPING (ID,LANGUAGE_ID,REFERENCE_ID,REFERENCE_TYPE,TEXT_VALUE) VALUES ('DEElementMigrate140','2','140','MetadataElementEntity.languageMap','Anzeigename');
INSERT INTO LANGUAGE_MAPPING (ID,LANGUAGE_ID,REFERENCE_ID,REFERENCE_TYPE,TEXT_VALUE) VALUES ('DEElementMigrate150','2','150','MetadataElementEntity.languageMap','Anzeigename');
INSERT INTO LANGUAGE_MAPPING (ID,LANGUAGE_ID,REFERENCE_ID,REFERENCE_TYPE,TEXT_VALUE) VALUES ('DEElementMigrate160','2','160','MetadataElementEntity.languageMap','Anzeigename');
INSERT INTO LANGUAGE_MAPPING (ID,LANGUAGE_ID,REFERENCE_ID,REFERENCE_TYPE,TEXT_VALUE) VALUES ('DE200','2','200','IdentityQuestionEntity.displayNameMap','Welches sind die letzten vier Zahlen Ihrer Reisepass-Nummer?');
INSERT INTO LANGUAGE_MAPPING (ID,LANGUAGE_ID,REFERENCE_ID,REFERENCE_TYPE,TEXT_VALUE) VALUES ('DE201','2','201','IdentityQuestionEntity.displayNameMap','Wie ist der Mdchenname Ihrer Mutter?');
INSERT INTO LANGUAGE_MAPPING (ID,LANGUAGE_ID,REFERENCE_ID,REFERENCE_TYPE,TEXT_VALUE) VALUES ('DE202','2','202','IdentityQuestionEntity.displayNameMap','Wo gingen Sie zur Schule?');
INSERT INTO LANGUAGE_MAPPING (ID,LANGUAGE_ID,REFERENCE_ID,REFERENCE_TYPE,TEXT_VALUE) VALUES ('DE203','2','203','IdentityQuestionEntity.displayNameMap','Wie ist der name Ihres Haustiers?');
INSERT INTO LANGUAGE_MAPPING (ID,LANGUAGE_ID,REFERENCE_ID,REFERENCE_TYPE,TEXT_VALUE) VALUES ('DE204','2','204','IdentityQuestionEntity.displayNameMap','Was ist Ihr Lieblingsessen?');
INSERT INTO LANGUAGE_MAPPING (ID,LANGUAGE_ID,REFERENCE_ID,REFERENCE_TYPE,TEXT_VALUE) VALUES ('DE205','2','205','IdentityQuestionEntity.displayNameMap','Welches ist Ihre Lieblingsfarbe?');
INSERT INTO LANGUAGE_MAPPING (ID,LANGUAGE_ID,REFERENCE_ID,REFERENCE_TYPE,TEXT_VALUE) VALUES ('DE206','2','206','IdentityQuestionEntity.displayNameMap','Wo ist Ihr Geburtsort?');
INSERT INTO LANGUAGE_MAPPING (ID,LANGUAGE_ID,REFERENCE_ID,REFERENCE_TYPE,TEXT_VALUE) VALUES ('DE207','2','207','IdentityQuestionEntity.displayNameMap','Welches ist Ihre Lieblingssportart?');
INSERT INTO LANGUAGE_MAPPING (ID,LANGUAGE_ID,REFERENCE_ID,REFERENCE_TYPE,TEXT_VALUE) VALUES ('DE209','2','209','IdentityQuestionEntity.displayNameMap','Welches sind die letzten vier Zahlen Ihrer Fahrerlaubnis-Nummer?');
INSERT INTO LANGUAGE_MAPPING (ID,LANGUAGE_ID,REFERENCE_ID,REFERENCE_TYPE,TEXT_VALUE) VALUES ('DE210','2','210','IdentityQuestionEntity.displayNameMap','Wie ist der Name Ihrer Lieblingsschule?');
INSERT INTO LANGUAGE_MAPPING (ID,LANGUAGE_ID,REFERENCE_ID,REFERENCE_TYPE,TEXT_VALUE) VALUES ('DE211','2','211','IdentityQuestionEntity.displayNameMap','Wie ist der Name Ihres Lieblingshaustiers?');
INSERT INTO LANGUAGE_MAPPING (ID,LANGUAGE_ID,REFERENCE_ID,REFERENCE_TYPE,TEXT_VALUE) VALUES ('DE212','2','212','IdentityQuestionEntity.displayNameMap','Wie ist der Name Ihres Lieblingsfilm, -theaterstck oder -lied?');
INSERT INTO LANGUAGE_MAPPING (ID,LANGUAGE_ID,REFERENCE_ID,REFERENCE_TYPE,TEXT_VALUE) VALUES ('DE213','2','213','IdentityQuestionEntity.displayNameMap','Wie ist der Titel Ihres Lieblingsbuch?');
INSERT INTO LANGUAGE_MAPPING (ID,LANGUAGE_ID,REFERENCE_ID,REFERENCE_TYPE,TEXT_VALUE) VALUES ('DE214','2','214','IdentityQuestionEntity.displayNameMap','Wie ist der Name Ihrer(s) ersten Freundin(es)?');
INSERT INTO LANGUAGE_MAPPING (ID,LANGUAGE_ID,REFERENCE_ID,REFERENCE_TYPE,TEXT_VALUE) VALUES ('DE215','2','215','IdentityQuestionEntity.displayNameMap','Wie ist der Name Ihres Lieblingslehrers whrend der Schulzeit?');
INSERT INTO LANGUAGE_MAPPING (ID,LANGUAGE_ID,REFERENCE_ID,REFERENCE_TYPE,TEXT_VALUE) VALUES ('DE216','2','216','IdentityQuestionEntity.displayNameMap','Wie war der Spitzname Ihres ersten Fahrzeuges?');
INSERT INTO LANGUAGE_MAPPING (ID,LANGUAGE_ID,REFERENCE_ID,REFERENCE_TYPE,TEXT_VALUE) VALUES ('DE217','2','217','IdentityQuestionEntity.displayNameMap','Wo traffen Sie Ihre bessere Hlfte?');
INSERT INTO LANGUAGE_MAPPING (ID,LANGUAGE_ID,REFERENCE_ID,REFERENCE_TYPE,TEXT_VALUE) VALUES ('DE218','2','218','IdentityQuestionEntity.displayNameMap','Welcher Art war Ihr erstes Haustier?');
INSERT INTO LANGUAGE_MAPPING (ID,LANGUAGE_ID,REFERENCE_ID,REFERENCE_TYPE,TEXT_VALUE) VALUES ('DEElementMigrate260','2','260','MetadataElementEntity.languageMap','BusinessCategory');
INSERT INTO LANGUAGE_MAPPING (ID,LANGUAGE_ID,REFERENCE_ID,REFERENCE_TYPE,TEXT_VALUE) VALUES ('DEElementMigrate261','2','261','MetadataElementEntity.languageMap','StartDate');
INSERT INTO LANGUAGE_MAPPING (ID,LANGUAGE_ID,REFERENCE_ID,REFERENCE_TYPE,TEXT_VALUE) VALUES ('DEElementMigrate262','2','262','MetadataElementEntity.languageMap','EndDate');
INSERT INTO LANGUAGE_MAPPING (ID,LANGUAGE_ID,REFERENCE_ID,REFERENCE_TYPE,TEXT_VALUE) VALUES ('DEElementMigrate300','2','300','MetadataElementEntity.languageMap','name');
INSERT INTO LANGUAGE_MAPPING (ID,LANGUAGE_ID,REFERENCE_ID,REFERENCE_TYPE,TEXT_VALUE) VALUES ('DEElementMigrate301','2','301','MetadataElementEntity.languageMap','distinguishedName');
INSERT INTO LANGUAGE_MAPPING (ID,LANGUAGE_ID,REFERENCE_ID,REFERENCE_TYPE,TEXT_VALUE) VALUES ('DEElementMigrate302','2','302','MetadataElementEntity.languageMap','objectclass');
INSERT INTO LANGUAGE_MAPPING (ID,LANGUAGE_ID,REFERENCE_ID,REFERENCE_TYPE,TEXT_VALUE) VALUES ('DEElementMigrate303','2','303','MetadataElementEntity.languageMap','aliasedObjectName');
INSERT INTO LANGUAGE_MAPPING (ID,LANGUAGE_ID,REFERENCE_ID,REFERENCE_TYPE,TEXT_VALUE) VALUES ('DEElementMigrate304','2','304','MetadataElementEntity.languageMap','cn');
INSERT INTO LANGUAGE_MAPPING (ID,LANGUAGE_ID,REFERENCE_ID,REFERENCE_TYPE,TEXT_VALUE) VALUES ('DEElementMigrate305','2','305','MetadataElementEntity.languageMap','sn');
INSERT INTO LANGUAGE_MAPPING (ID,LANGUAGE_ID,REFERENCE_ID,REFERENCE_TYPE,TEXT_VALUE) VALUES ('DEElementMigrate306','2','306','MetadataElementEntity.languageMap','serialNumber');
INSERT INTO LANGUAGE_MAPPING (ID,LANGUAGE_ID,REFERENCE_ID,REFERENCE_TYPE,TEXT_VALUE) VALUES ('DEElementMigrate307','2','307','MetadataElementEntity.languageMap','c');
INSERT INTO LANGUAGE_MAPPING (ID,LANGUAGE_ID,REFERENCE_ID,REFERENCE_TYPE,TEXT_VALUE) VALUES ('DEElementMigrate308','2','308','MetadataElementEntity.languageMap','l');
INSERT INTO LANGUAGE_MAPPING (ID,LANGUAGE_ID,REFERENCE_ID,REFERENCE_TYPE,TEXT_VALUE) VALUES ('DEElementMigrate309','2','309','MetadataElementEntity.languageMap','st');
INSERT INTO LANGUAGE_MAPPING (ID,LANGUAGE_ID,REFERENCE_ID,REFERENCE_TYPE,TEXT_VALUE) VALUES ('DEElementMigrate310','2','310','MetadataElementEntity.languageMap','street');
INSERT INTO LANGUAGE_MAPPING (ID,LANGUAGE_ID,REFERENCE_ID,REFERENCE_TYPE,TEXT_VALUE) VALUES ('DEElementMigrate311','2','311','MetadataElementEntity.languageMap','o');
INSERT INTO LANGUAGE_MAPPING (ID,LANGUAGE_ID,REFERENCE_ID,REFERENCE_TYPE,TEXT_VALUE) VALUES ('DEElementMigrate312','2','312','MetadataElementEntity.languageMap','ou');
INSERT INTO LANGUAGE_MAPPING (ID,LANGUAGE_ID,REFERENCE_ID,REFERENCE_TYPE,TEXT_VALUE) VALUES ('DEElementMigrate313','2','313','MetadataElementEntity.languageMap','title');
INSERT INTO LANGUAGE_MAPPING (ID,LANGUAGE_ID,REFERENCE_ID,REFERENCE_TYPE,TEXT_VALUE) VALUES ('DEElementMigrate314','2','314','MetadataElementEntity.languageMap','description');
INSERT INTO LANGUAGE_MAPPING (ID,LANGUAGE_ID,REFERENCE_ID,REFERENCE_TYPE,TEXT_VALUE) VALUES ('DEElementMigrate315','2','315','MetadataElementEntity.languageMap','businessCategory');
INSERT INTO LANGUAGE_MAPPING (ID,LANGUAGE_ID,REFERENCE_ID,REFERENCE_TYPE,TEXT_VALUE) VALUES ('DEElementMigrate316','2','316','MetadataElementEntity.languageMap','postalAddress');
INSERT INTO LANGUAGE_MAPPING (ID,LANGUAGE_ID,REFERENCE_ID,REFERENCE_TYPE,TEXT_VALUE) VALUES ('DEElementMigrate317','2','317','MetadataElementEntity.languageMap','postalCode');
INSERT INTO LANGUAGE_MAPPING (ID,LANGUAGE_ID,REFERENCE_ID,REFERENCE_TYPE,TEXT_VALUE) VALUES ('DEElementMigrate318','2','318','MetadataElementEntity.languageMap','postOfficeBox');
INSERT INTO LANGUAGE_MAPPING (ID,LANGUAGE_ID,REFERENCE_ID,REFERENCE_TYPE,TEXT_VALUE) VALUES ('DEElementMigrate319','2','319','MetadataElementEntity.languageMap','physicalDeliveryOfficeName');
INSERT INTO LANGUAGE_MAPPING (ID,LANGUAGE_ID,REFERENCE_ID,REFERENCE_TYPE,TEXT_VALUE) VALUES ('DEElementMigrate320','2','320','MetadataElementEntity.languageMap','telephoneNumber');
INSERT INTO LANGUAGE_MAPPING (ID,LANGUAGE_ID,REFERENCE_ID,REFERENCE_TYPE,TEXT_VALUE) VALUES ('DEElementMigrate321','2','321','MetadataElementEntity.languageMap','telexNumber');
INSERT INTO LANGUAGE_MAPPING (ID,LANGUAGE_ID,REFERENCE_ID,REFERENCE_TYPE,TEXT_VALUE) VALUES ('DEElementMigrate322','2','322','MetadataElementEntity.languageMap','teletexTerminalIdentifier');
INSERT INTO LANGUAGE_MAPPING (ID,LANGUAGE_ID,REFERENCE_ID,REFERENCE_TYPE,TEXT_VALUE) VALUES ('DEElementMigrate323','2','323','MetadataElementEntity.languageMap','facsimileTelephoneNumber');
INSERT INTO LANGUAGE_MAPPING (ID,LANGUAGE_ID,REFERENCE_ID,REFERENCE_TYPE,TEXT_VALUE) VALUES ('DEElementMigrate324','2','324','MetadataElementEntity.languageMap','x121Address');
INSERT INTO LANGUAGE_MAPPING (ID,LANGUAGE_ID,REFERENCE_ID,REFERENCE_TYPE,TEXT_VALUE) VALUES ('DEElementMigrate325','2','325','MetadataElementEntity.languageMap','internationaliSDNNumber');
INSERT INTO LANGUAGE_MAPPING (ID,LANGUAGE_ID,REFERENCE_ID,REFERENCE_TYPE,TEXT_VALUE) VALUES ('DEElementMigrate326','2','326','MetadataElementEntity.languageMap','registeredAddress');
INSERT INTO LANGUAGE_MAPPING (ID,LANGUAGE_ID,REFERENCE_ID,REFERENCE_TYPE,TEXT_VALUE) VALUES ('DEElementMigrate327','2','327','MetadataElementEntity.languageMap','destinationIndicator');
INSERT INTO LANGUAGE_MAPPING (ID,LANGUAGE_ID,REFERENCE_ID,REFERENCE_TYPE,TEXT_VALUE) VALUES ('DEElementMigrate328','2','328','MetadataElementEntity.languageMap','preferredDeliveryMethod');
INSERT INTO LANGUAGE_MAPPING (ID,LANGUAGE_ID,REFERENCE_ID,REFERENCE_TYPE,TEXT_VALUE) VALUES ('DEElementMigrate329','2','329','MetadataElementEntity.languageMap','presentationAddress');
INSERT INTO LANGUAGE_MAPPING (ID,LANGUAGE_ID,REFERENCE_ID,REFERENCE_TYPE,TEXT_VALUE) VALUES ('DEElementMigrate330','2','330','MetadataElementEntity.languageMap','supportedApplicationContext');
INSERT INTO LANGUAGE_MAPPING (ID,LANGUAGE_ID,REFERENCE_ID,REFERENCE_TYPE,TEXT_VALUE) VALUES ('DEElementMigrate331','2','331','MetadataElementEntity.languageMap','member');
INSERT INTO LANGUAGE_MAPPING (ID,LANGUAGE_ID,REFERENCE_ID,REFERENCE_TYPE,TEXT_VALUE) VALUES ('DEElementMigrate332','2','332','MetadataElementEntity.languageMap','owner');
INSERT INTO LANGUAGE_MAPPING (ID,LANGUAGE_ID,REFERENCE_ID,REFERENCE_TYPE,TEXT_VALUE) VALUES ('DEElementMigrate333','2','333','MetadataElementEntity.languageMap','roleOccupant');
INSERT INTO LANGUAGE_MAPPING (ID,LANGUAGE_ID,REFERENCE_ID,REFERENCE_TYPE,TEXT_VALUE) VALUES ('DEElementMigrate334','2','334','MetadataElementEntity.languageMap','seeAlso');
INSERT INTO LANGUAGE_MAPPING (ID,LANGUAGE_ID,REFERENCE_ID,REFERENCE_TYPE,TEXT_VALUE) VALUES ('DEElementMigrate335','2','335','MetadataElementEntity.languageMap','userPassword');
INSERT INTO LANGUAGE_MAPPING (ID,LANGUAGE_ID,REFERENCE_ID,REFERENCE_TYPE,TEXT_VALUE) VALUES ('DEElementMigrate336','2','336','MetadataElementEntity.languageMap','userCertificate');
INSERT INTO LANGUAGE_MAPPING (ID,LANGUAGE_ID,REFERENCE_ID,REFERENCE_TYPE,TEXT_VALUE) VALUES ('DEElementMigrate337','2','337','MetadataElementEntity.languageMap','cACertificate');
INSERT INTO LANGUAGE_MAPPING (ID,LANGUAGE_ID,REFERENCE_ID,REFERENCE_TYPE,TEXT_VALUE) VALUES ('DEElementMigrate338','2','338','MetadataElementEntity.languageMap','authorityRevocationList');
INSERT INTO LANGUAGE_MAPPING (ID,LANGUAGE_ID,REFERENCE_ID,REFERENCE_TYPE,TEXT_VALUE) VALUES ('DEElementMigrate339','2','339','MetadataElementEntity.languageMap','certificateRevocationList');
INSERT INTO LANGUAGE_MAPPING (ID,LANGUAGE_ID,REFERENCE_ID,REFERENCE_TYPE,TEXT_VALUE) VALUES ('DEElementMigrate340','2','340','MetadataElementEntity.languageMap','crossCertificatePair');
INSERT INTO LANGUAGE_MAPPING (ID,LANGUAGE_ID,REFERENCE_ID,REFERENCE_TYPE,TEXT_VALUE) VALUES ('DEElementMigrate341','2','341','MetadataElementEntity.languageMap','givenName');
INSERT INTO LANGUAGE_MAPPING (ID,LANGUAGE_ID,REFERENCE_ID,REFERENCE_TYPE,TEXT_VALUE) VALUES ('DEElementMigrate342','2','342','MetadataElementEntity.languageMap','initials');
INSERT INTO LANGUAGE_MAPPING (ID,LANGUAGE_ID,REFERENCE_ID,REFERENCE_TYPE,TEXT_VALUE) VALUES ('DEElementMigrate343','2','343','MetadataElementEntity.languageMap','generationQualifier');
INSERT INTO LANGUAGE_MAPPING (ID,LANGUAGE_ID,REFERENCE_ID,REFERENCE_TYPE,TEXT_VALUE) VALUES ('DEElementMigrate344','2','344','MetadataElementEntity.languageMap','x500UniqueIdentifier');
INSERT INTO LANGUAGE_MAPPING (ID,LANGUAGE_ID,REFERENCE_ID,REFERENCE_TYPE,TEXT_VALUE) VALUES ('DEElementMigrate346','2','346','MetadataElementEntity.languageMap','uniqueMember');
INSERT INTO LANGUAGE_MAPPING (ID,LANGUAGE_ID,REFERENCE_ID,REFERENCE_TYPE,TEXT_VALUE) VALUES ('DEElementMigrate347','2','347','MetadataElementEntity.languageMap','houseIdentifier');
INSERT INTO LANGUAGE_MAPPING (ID,LANGUAGE_ID,REFERENCE_ID,REFERENCE_TYPE,TEXT_VALUE) VALUES ('DEElementMigrate348','2','348','MetadataElementEntity.languageMap','uid');
INSERT INTO LANGUAGE_MAPPING (ID,LANGUAGE_ID,REFERENCE_ID,REFERENCE_TYPE,TEXT_VALUE) VALUES ('DEElementMigrate349','2','349','MetadataElementEntity.languageMap','mail');
INSERT INTO LANGUAGE_MAPPING (ID,LANGUAGE_ID,REFERENCE_ID,REFERENCE_TYPE,TEXT_VALUE) VALUES ('DEElementMigrate350','2','350','MetadataElementEntity.languageMap','ref');
INSERT INTO LANGUAGE_MAPPING (ID,LANGUAGE_ID,REFERENCE_ID,REFERENCE_TYPE,TEXT_VALUE) VALUES ('DEElementMigrate351','2','351','MetadataElementEntity.languageMap','referral');
INSERT INTO LANGUAGE_MAPPING (ID,LANGUAGE_ID,REFERENCE_ID,REFERENCE_TYPE,TEXT_VALUE) VALUES ('DEElementMigrate352','2','352','MetadataElementEntity.languageMap','krbName');
INSERT INTO LANGUAGE_MAPPING (ID,LANGUAGE_ID,REFERENCE_ID,REFERENCE_TYPE,TEXT_VALUE) VALUES ('DELanguageEntity4','2','4','LanguageEntity.displayNameMap','Spanisch');
INSERT INTO LANGUAGE_MAPPING (ID,LANGUAGE_ID,REFERENCE_ID,REFERENCE_TYPE,TEXT_VALUE) VALUES ('DEElementMigrate401','2','401','MetadataElementEntity.languageMap','SUBMIT_USER_TO_CONNECTOR');
INSERT INTO LANGUAGE_MAPPING (ID,LANGUAGE_ID,REFERENCE_ID,REFERENCE_TYPE,TEXT_VALUE) VALUES ('DEElementMigrate402','2','402','MetadataElementEntity.languageMap','INCLUDE_IN_PASSWORD_SYNC');
INSERT INTO LANGUAGE_MAPPING (ID,LANGUAGE_ID,REFERENCE_ID,REFERENCE_TYPE,TEXT_VALUE) VALUES ('DEElementMigrate405','2','405','MetadataElementEntity.languageMap','INCLUDE_IN_SYNC');
INSERT INTO LANGUAGE_MAPPING (ID,LANGUAGE_ID,REFERENCE_ID,REFERENCE_TYPE,TEXT_VALUE) VALUES ('DEElementMigrate406','2','406','MetadataElementEntity.languageMap','TABLE_NAME');
INSERT INTO LANGUAGE_MAPPING (ID,LANGUAGE_ID,REFERENCE_ID,REFERENCE_TYPE,TEXT_VALUE) VALUES ('DEElementMigrate407','2','407','MetadataElementEntity.languageMap','GROUP_MEMBERSHIP_ENABLED');
INSERT INTO LANGUAGE_MAPPING (ID,LANGUAGE_ID,REFERENCE_ID,REFERENCE_TYPE,TEXT_VALUE) VALUES ('DEElementMigrate408','2','408','MetadataElementEntity.languageMap','ON_DELETE');
INSERT INTO LANGUAGE_MAPPING (ID,LANGUAGE_ID,REFERENCE_ID,REFERENCE_TYPE,TEXT_VALUE) VALUES ('DEElementMigrate409','2','409','MetadataElementEntity.languageMap','PRE_PROCESS');
INSERT INTO LANGUAGE_MAPPING (ID,LANGUAGE_ID,REFERENCE_ID,REFERENCE_TYPE,TEXT_VALUE) VALUES ('DEElementMigrate410','2','410','MetadataElementEntity.languageMap','POST_PROCESS');
INSERT INTO LANGUAGE_MAPPING (ID,LANGUAGE_ID,REFERENCE_ID,REFERENCE_TYPE,TEXT_VALUE) VALUES ('DEElementMigrate411','2','411','MetadataElementEntity.languageMap','HOST_URL');
INSERT INTO LANGUAGE_MAPPING (ID,LANGUAGE_ID,REFERENCE_ID,REFERENCE_TYPE,TEXT_VALUE) VALUES ('DEElementMigrate412','2','412','MetadataElementEntity.languageMap','BASE_DN');
INSERT INTO LANGUAGE_MAPPING (ID,LANGUAGE_ID,REFERENCE_ID,REFERENCE_TYPE,TEXT_VALUE) VALUES ('DEElementMigrate413','2','413','MetadataElementEntity.languageMap','HOST_LOGIN ID');
INSERT INTO LANGUAGE_MAPPING (ID,LANGUAGE_ID,REFERENCE_ID,REFERENCE_TYPE,TEXT_VALUE) VALUES ('DEElementMigrate415','2','415','MetadataElementEntity.languageMap','COMMUNICATION_PROTOCOL');
INSERT INTO LANGUAGE_MAPPING (ID,LANGUAGE_ID,REFERENCE_ID,REFERENCE_TYPE,TEXT_VALUE) VALUES ('DEElementMigrate416','2','416','MetadataElementEntity.languageMap','OBJECT_CLASS');
INSERT INTO LANGUAGE_MAPPING (ID,LANGUAGE_ID,REFERENCE_ID,REFERENCE_TYPE,TEXT_VALUE) VALUES ('DEElementMigrate418','2','418','MetadataElementEntity.languageMap','SEARCH_ATTRIBUTE');
INSERT INTO LANGUAGE_MAPPING (ID,LANGUAGE_ID,REFERENCE_ID,REFERENCE_TYPE,TEXT_VALUE) VALUES ('DEElementMigrate419','2','419','MetadataElementEntity.languageMap','MANAGED_SYS_ID');
INSERT INTO LANGUAGE_MAPPING (ID,LANGUAGE_ID,REFERENCE_ID,REFERENCE_TYPE,TEXT_VALUE) VALUES ('DEElementMigrate420','2','420','MetadataElementEntity.languageMap','DN_ATTRIBUTE');
INSERT INTO LANGUAGE_MAPPING (ID,LANGUAGE_ID,REFERENCE_ID,REFERENCE_TYPE,TEXT_VALUE) VALUES ('DEElementMigrate421','2','421','MetadataElementEntity.languageMap','PASSWORD');
INSERT INTO LANGUAGE_MAPPING (ID,LANGUAGE_ID,REFERENCE_ID,REFERENCE_TYPE,TEXT_VALUE) VALUES ('DEElementMigrate430','2','430','MetadataElementEntity.languageMap','END_POINT');
INSERT INTO LANGUAGE_MAPPING (ID,LANGUAGE_ID,REFERENCE_ID,REFERENCE_TYPE,TEXT_VALUE) VALUES ('DEElementMigrate440','2','440','MetadataElementEntity.languageMap','OPERATION_NAME');
INSERT INTO LANGUAGE_MAPPING (ID,LANGUAGE_ID,REFERENCE_ID,REFERENCE_TYPE,TEXT_VALUE) VALUES ('DEElementMigrate450','2','450','MetadataElementEntity.languageMap','URL');
INSERT INTO LANGUAGE_MAPPING (ID,LANGUAGE_ID,REFERENCE_ID,REFERENCE_TYPE,TEXT_VALUE) VALUES ('DELanguageEntity7','2','8','LanguageEntity.displayNameMap','Russisch');
INSERT INTO LANGUAGE_MAPPING (ID,LANGUAGE_ID,REFERENCE_ID,REFERENCE_TYPE,TEXT_VALUE) VALUES ('DEABOUT_DESC','2','ABOUT','ResourceEntity.displayNameMap','ber OpenIAM');
INSERT INTO LANGUAGE_MAPPING (ID,LANGUAGE_ID,REFERENCE_ID,REFERENCE_TYPE,TEXT_VALUE) VALUES ('DEABOUT_ROOT_MENU_DESC','2','ABOUT_ROOT_MENU','ResourceEntity.displayNameMap','ber OpenIAM');
INSERT INTO LANGUAGE_MAPPING (ID,LANGUAGE_ID,REFERENCE_ID,REFERENCE_TYPE,TEXT_VALUE) VALUES ('DEACCESSCENTER_MENU_DISPLAY','2','ACCESSCENTER','ResourceEntity.displayNameMap','Zugriffs-Verwaltung');
INSERT INTO LANGUAGE_MAPPING (ID,LANGUAGE_ID,REFERENCE_ID,REFERENCE_TYPE,TEXT_VALUE) VALUES ('DEMetadataTypeEntity1','2','ACCNT','MetadataTypeEntity.displayNameMap','Konto');
INSERT INTO LANGUAGE_MAPPING (ID,LANGUAGE_ID,REFERENCE_ID,REFERENCE_TYPE,TEXT_VALUE) VALUES ('DEACC_CONTROL_MENU_DISPLAY','2','ACC_CONTROL','ResourceEntity.displayNameMap','Zugriffs-Kontrolle');
INSERT INTO LANGUAGE_MAPPING (ID,LANGUAGE_ID,REFERENCE_ID,REFERENCE_TYPE,TEXT_VALUE) VALUES ('DEMetadataTypeEntity2','2','ACTIVE','MetadataTypeEntity.displayNameMap','AKTIV');
INSERT INTO LANGUAGE_MAPPING (ID,LANGUAGE_ID,REFERENCE_ID,REFERENCE_TYPE,TEXT_VALUE) VALUES ('DEMetadataTypeEntity3','2','ADGroup','MetadataTypeEntity.displayNameMap','AD Benutzertyp');
INSERT INTO LANGUAGE_MAPPING (ID,LANGUAGE_ID,REFERENCE_ID,REFERENCE_TYPE,TEXT_VALUE) VALUES ('DEMetadataTypeEntity4','2','ADMGP','MetadataTypeEntity.displayNameMap','Admin Gruppe');
INSERT INTO LANGUAGE_MAPPING (ID,LANGUAGE_ID,REFERENCE_ID,REFERENCE_TYPE,TEXT_VALUE) VALUES ('DEMetadataTypeEntity5','2','ADMIN','MetadataTypeEntity.displayNameMap','Administrator');
INSERT INTO LANGUAGE_MAPPING (ID,LANGUAGE_ID,REFERENCE_ID,REFERENCE_TYPE,TEXT_VALUE) VALUES ('DEADMIN_MENU_DISPLAY','2','ADMIN','ResourceEntity.displayNameMap','Administration');
INSERT INTO LANGUAGE_MAPPING (ID,LANGUAGE_ID,REFERENCE_ID,REFERENCE_TYPE,TEXT_VALUE) VALUES ('DEADMIN_BATCH_TASKS_DESC','2','ADMIN_BATCH_TASKS','ResourceEntity.displayNameMap','Stapelverarbeitungsaufgaben');
INSERT INTO LANGUAGE_MAPPING (ID,LANGUAGE_ID,REFERENCE_ID,REFERENCE_TYPE,TEXT_VALUE) VALUES ('DEMetadataTypeEntity6','2','ADMIN_RESOURCE','MetadataTypeEntity.displayNameMap','Admin Ressource');
INSERT INTO LANGUAGE_MAPPING (ID,LANGUAGE_ID,REFERENCE_ID,REFERENCE_TYPE,TEXT_VALUE) VALUES ('DEADMIN_RESOURCE','2','ADMIN_RESOURCE','ResourceTypeEntity.displayNameMap','Admin Ressource');
INSERT INTO LANGUAGE_MAPPING (ID,LANGUAGE_ID,REFERENCE_ID,REFERENCE_TYPE,TEXT_VALUE) VALUES ('DEMetadataTypeEntity7','2','ADUser','MetadataTypeEntity.displayNameMap','AD Benutzertyp');
INSERT INTO LANGUAGE_MAPPING (ID,LANGUAGE_ID,REFERENCE_ID,REFERENCE_TYPE,TEXT_VALUE) VALUES ('DEMetadataTypeEntity8','2','AD_Connector','MetadataTypeEntity.displayNameMap','Active Directory Konnektor');
INSERT INTO LANGUAGE_MAPPING (ID,LANGUAGE_ID,REFERENCE_ID,REFERENCE_TYPE,TEXT_VALUE) VALUES ('DEMetadataTypeEntity9','2','AD_GROUP_TYPE','MetadataTypeEntity.displayNameMap','AD GRUPPEN TYP');
INSERT INTO LANGUAGE_MAPPING (ID,LANGUAGE_ID,REFERENCE_ID,REFERENCE_TYPE,TEXT_VALUE) VALUES ('DEMetadataTypeEntity10','2','','MetadataTypeEntity.displayNameMap','PARTNER');
INSERT INTO LANGUAGE_MAPPING (ID,LANGUAGE_ID,REFERENCE_ID,REFERENCE_TYPE,TEXT_VALUE) VALUES ('DEAM_PROV_AM_ATTR_DESC','2','AM_PROV_AM_ATTR','ResourceEntity.displayNameMap','Anfrageattributes');
INSERT INTO LANGUAGE_MAPPING (ID,LANGUAGE_ID,REFERENCE_ID,REFERENCE_TYPE,TEXT_VALUE) VALUES ('DEAM_PROV_EDIT_DESC','2','AM_PROV_EDIT','ResourceEntity.displayNameMap','Authentication Provider Menu editieren');
INSERT INTO LANGUAGE_MAPPING (ID,LANGUAGE_ID,REFERENCE_ID,REFERENCE_TYPE,TEXT_VALUE) VALUES ('DEAM_PROV_EDIT_CURRENT_DESC','2','AM_PROV_EDIT_CURRENT','ResourceEntity.displayNameMap','Provider editieren');
INSERT INTO LANGUAGE_MAPPING (ID,LANGUAGE_ID,REFERENCE_ID,REFERENCE_TYPE,TEXT_VALUE) VALUES ('DEAM_PROV_EDIT_SEARCH_DESC','2','AM_PROV_EDIT_SEARCH','ResourceEntity.displayNameMap','Zurck zur Suche');
INSERT INTO LANGUAGE_MAPPING (ID,LANGUAGE_ID,REFERENCE_ID,REFERENCE_TYPE,TEXT_VALUE) VALUES ('DEAM_PROV_NEW_DSC','2','AM_PROV_NEW','ResourceEntity.displayNameMap','Neuer Provider erstellen');
INSERT INTO LANGUAGE_MAPPING (ID,LANGUAGE_ID,REFERENCE_ID,REFERENCE_TYPE,TEXT_VALUE) VALUES ('DEAM_PROV_NEW_EDIT_PUB_DESC','2','AM_PROV_NEW_EDIT','ResourceEntity.displayNameMap','Neuer Provider erstellen');
INSERT INTO LANGUAGE_MAPPING (ID,LANGUAGE_ID,REFERENCE_ID,REFERENCE_TYPE,TEXT_VALUE) VALUES ('DEAM_PROV_ROOT_DESC','2','AM_PROV_ROOT','ResourceEntity.displayNameMap','Authentication Provider Root Menu');
INSERT INTO LANGUAGE_MAPPING (ID,LANGUAGE_ID,REFERENCE_ID,REFERENCE_TYPE,TEXT_VALUE) VALUES ('DEAM_PROV_SEARCH_DESC','2','AM_PROV_SEARCH','ResourceEntity.displayNameMap','Suche Provider');
INSERT INTO LANGUAGE_MAPPING (ID,LANGUAGE_ID,REFERENCE_ID,REFERENCE_TYPE,TEXT_VALUE) VALUES ('DEAM_PROV_SEARCH_CHILD_PUB_DESC','2','AM_PROV_SEARCH_CHILD','ResourceEntity.displayNameMap','Authentication Provider');
INSERT INTO LANGUAGE_MAPPING (ID,LANGUAGE_ID,REFERENCE_ID,REFERENCE_TYPE,TEXT_VALUE) VALUES ('DEMetadataTypeEntity11','2','APPROVAL_DECLINED','MetadataTypeEntity.displayNameMap','GENEHMIGUNG_ABGELEHNT');
INSERT INTO LANGUAGE_MAPPING (ID,LANGUAGE_ID,REFERENCE_ID,REFERENCE_TYPE,TEXT_VALUE) VALUES ('DEASSOC_POLICY_DESC','2','ASSOC_POLICY','ResourceEntity.displayNameMap','ZUordnungsrichtlinien');
INSERT INTO LANGUAGE_MAPPING (ID,LANGUAGE_ID,REFERENCE_ID,REFERENCE_TYPE,TEXT_VALUE) VALUES ('DEMetadataTypeEntity12','2','ATTR','MetadataTypeEntity.displayNameMap','Attribute');
INSERT INTO LANGUAGE_MAPPING (ID,LANGUAGE_ID,REFERENCE_ID,REFERENCE_TYPE,TEXT_VALUE) VALUES ('DEATTRIBUTE_POLICY_DESC','2','ATTRIBUTE_POLICY','ResourceEntity.displayNameMap','Richtlinie fr Attribute');
INSERT INTO LANGUAGE_MAPPING (ID,LANGUAGE_ID,REFERENCE_ID,REFERENCE_TYPE,TEXT_VALUE) VALUES ('DEAUDITREPORT_MENU_DISPLAY','2','AUDITREPORT','ResourceEntity.displayNameMap','Audit Berichte');
INSERT INTO LANGUAGE_MAPPING (ID,LANGUAGE_ID,REFERENCE_ID,REFERENCE_TYPE,TEXT_VALUE) VALUES ('DEAUDIT_RPT_MENU_DISPLAY','2','AUDIT_RPT','ResourceEntity.displayNameMap','Audit Report');
INSERT INTO LANGUAGE_MAPPING (ID,LANGUAGE_ID,REFERENCE_ID,REFERENCE_TYPE,TEXT_VALUE) VALUES ('DEAUTH_POLICY_MENU_DESC','2','AUTHENTICATION_POLICY','ResourceEntity.displayNameMap','Richtlinie fr Authentifizierung
');
INSERT INTO LANGUAGE_MAPPING (ID,LANGUAGE_ID,REFERENCE_ID,REFERENCE_TYPE,TEXT_VALUE) VALUES ('DEAUTH_POLICY_ROOT_MENU_DESC','2','AUTHENTICATION_POLICY_ROOT_MENU','ResourceEntity.displayNameMap','Authentifizierung Richtlinien Root Menu');
INSERT INTO LANGUAGE_MAPPING (ID,LANGUAGE_ID,REFERENCE_ID,REFERENCE_TYPE,TEXT_VALUE) VALUES ('DEMetadataTypeEntity13','2','AUTHENTICATION_PROVIDER','MetadataTypeEntity.displayNameMap','Authentication Provider');
INSERT INTO LANGUAGE_MAPPING (ID,LANGUAGE_ID,REFERENCE_ID,REFERENCE_TYPE,TEXT_VALUE) VALUES ('DEAUTH_LEVEL_GRP_DN','2','AUTH_LEVEL_GRP','ResourceEntity.displayNameMap','Authentifizierungsgruppierung');
INSERT INTO LANGUAGE_MAPPING (ID,LANGUAGE_ID,REFERENCE_ID,REFERENCE_TYPE,TEXT_VALUE) VALUES ('DEAUTH_LVL_GRP_ATTR_DN','2','AUTH_LVL_GRP_ATTR','ResourceEntity.displayNameMap','Auth Level Gruppierung Attribut Root');
INSERT INTO LANGUAGE_MAPPING (ID,LANGUAGE_ID,REFERENCE_ID,REFERENCE_TYPE,TEXT_VALUE) VALUES ('DEAUTH_LVL_GRP_EDIT_ROOT_DN','2','AUTH_LVL_GRP_EDIT_ROOT','ResourceEntity.displayNameMap','Auth Level Gruppierung Root editieren');
INSERT INTO LANGUAGE_MAPPING (ID,LANGUAGE_ID,REFERENCE_ID,REFERENCE_TYPE,TEXT_VALUE) VALUES ('DEAUTH_LVL_GRP_NEW_ROOT_DN','2','AUTH_LVL_GRP_NEW_ROOT','ResourceEntity.displayNameMap','Auth Level Gruppierung Root');
INSERT INTO LANGUAGE_MAPPING (ID,LANGUAGE_ID,REFERENCE_ID,REFERENCE_TYPE,TEXT_VALUE) VALUES ('DEAUTH_PROVIDER','2','AUTH_PROVIDER','ResourceTypeEntity.displayNameMap','Authentication Provider');
INSERT INTO LANGUAGE_MAPPING (ID,LANGUAGE_ID,REFERENCE_ID,REFERENCE_TYPE,TEXT_VALUE) VALUES ('DEMetadataTypeEntity14','2','AUTH_REPO','MetadataTypeEntity.displayNameMap','Authentication Repository');
INSERT INTO LANGUAGE_MAPPING (ID,LANGUAGE_ID,REFERENCE_ID,REFERENCE_TYPE,TEXT_VALUE) VALUES ('DEAUTH_REPO','2','AUTH_REPO','ResourceTypeEntity.displayNameMap','Authentication Repository');
INSERT INTO LANGUAGE_MAPPING (ID,LANGUAGE_ID,REFERENCE_ID,REFERENCE_TYPE,TEXT_VALUE) VALUES ('DEBACK_TO_AUTH_LVL_DN','2','BACK_TO_AUTH_LVL','ResourceEntity.displayNameMap','Zurck zur Gruppierung');
INSERT INTO LANGUAGE_MAPPING (ID,LANGUAGE_ID,REFERENCE_ID,REFERENCE_TYPE,TEXT_VALUE) VALUES ('DEBACK_TO_AUTH_LVL_GRP_SRH_DN','2','BACK_TO_AUTH_LVL_GRP_SRH','ResourceEntity.displayNameMap','Zurck zur Suche');
INSERT INTO LANGUAGE_MAPPING (ID,LANGUAGE_ID,REFERENCE_ID,REFERENCE_TYPE,TEXT_VALUE) VALUES ('DEBACK_TO_CP_DESC','2','BACK_TO_CP','ResourceEntity.displayNameMap','Zurck zum Content Provider');
INSERT INTO LANGUAGE_MAPPING (ID,LANGUAGE_ID,REFERENCE_ID,REFERENCE_TYPE,TEXT_VALUE) VALUES ('DEBATCH_PROC_MENU_DISPLAY','2','BATCH_PROC','ResourceEntity.displayNameMap','Stapelverarbeitung Prozesse');
INSERT INTO LANGUAGE_MAPPING (ID,LANGUAGE_ID,REFERENCE_ID,REFERENCE_TYPE,TEXT_VALUE) VALUES ('DEBATCH_TASK_EDIT_DESC','2','BATCH_TASK_EDIT','ResourceEntity.displayNameMap','Stapelverarbeitungaufgaben editieren');
INSERT INTO LANGUAGE_MAPPING (ID,LANGUAGE_ID,REFERENCE_ID,REFERENCE_TYPE,TEXT_VALUE) VALUES ('DEBATCH_TASK_ROOT_DESC','2','BATCH_TASK_ROOT','ResourceEntity.displayNameMap','Stapelverarbeitungsaufgaben Root');
INSERT INTO LANGUAGE_MAPPING (ID,LANGUAGE_ID,REFERENCE_ID,REFERENCE_TYPE,TEXT_VALUE) VALUES ('DEMetadataTypeEntity15','2','BL','MetadataTypeEntity.displayNameMap','DEAKTIVIEREN');
INSERT INTO LANGUAGE_MAPPING (ID,LANGUAGE_ID,REFERENCE_ID,REFERENCE_TYPE,TEXT_VALUE) VALUES ('DEBULK_OPS_DESC','2','BULK_OPS','ResourceEntity.displayNameMap','Benutzer Stapeloeration');
INSERT INTO LANGUAGE_MAPPING (ID,LANGUAGE_ID,REFERENCE_ID,REFERENCE_TYPE,TEXT_VALUE) VALUES ('DEMetadataTypeEntity16','2','CELL_PHONE','MetadataTypeEntity.displayNameMap','Mobile');
INSERT INTO LANGUAGE_MAPPING (ID,LANGUAGE_ID,REFERENCE_ID,REFERENCE_TYPE,TEXT_VALUE) VALUES ('DECH_MENU_DISPLAY','2','CHALLENGE','ResourceEntity.displayNameMap','Anfrage/Antwort');
INSERT INTO LANGUAGE_MAPPING (ID,LANGUAGE_ID,REFERENCE_ID,REFERENCE_TYPE,TEXT_VALUE) VALUES ('DECH_RESPONSE_QUESTION_DESC','2','CHALLENGE_RESPONSE_QUESTION','ResourceEntity.displayNameMap','Anfrage/Antworten Fragen');
INSERT INTO LANGUAGE_MAPPING (ID,LANGUAGE_ID,REFERENCE_ID,REFERENCE_TYPE,TEXT_VALUE) VALUES ('DECH_RESP_QUESTION_NEW_DSC','2','CHALLENGE_RESPONSE_QUESTION_NEW','ResourceEntity.displayNameMap','Neue Fragen erstellen');
INSERT INTO LANGUAGE_MAPPING (ID,LANGUAGE_ID,REFERENCE_ID,REFERENCE_TYPE,TEXT_VALUE) VALUES ('DECH_RESP_QUEST_ROOT_DESC','2','CHALLENGE_RESPONSE_QUESTION_ROOT','ResourceEntity.displayNameMap','Anfrage/Antworten Fragen Root Menu');
INSERT INTO LANGUAGE_MAPPING (ID,LANGUAGE_ID,REFERENCE_ID,REFERENCE_TYPE,TEXT_VALUE) VALUES ('DEMetadataTypeEntity17','2','CHECKBOX','MetadataTypeEntity.displayNameMap','Checkbox');
INSERT INTO LANGUAGE_MAPPING (ID,LANGUAGE_ID,REFERENCE_ID,REFERENCE_TYPE,TEXT_VALUE) VALUES ('DECHNGPSWD_MENU_DISPLAY','2','CHNGPSWD','ResourceEntity.displayNameMap','Passwort ndern');
INSERT INTO LANGUAGE_MAPPING (ID,LANGUAGE_ID,REFERENCE_ID,REFERENCE_TYPE,TEXT_VALUE) VALUES ('DECONF_POLICY_PAGE_DIS','2','CONF_POLICY_PAGE','ResourceEntity.displayNameMap','IT Richtlinien erstellen');
INSERT INTO LANGUAGE_MAPPING (ID,LANGUAGE_ID,REFERENCE_ID,REFERENCE_TYPE,TEXT_VALUE) VALUES ('DEMetadataTypeEntity18','2','CONTENT_PROVIDER','MetadataTypeEntity.displayNameMap','Content Provider');
INSERT INTO LANGUAGE_MAPPING (ID,LANGUAGE_ID,REFERENCE_ID,REFERENCE_TYPE,TEXT_VALUE) VALUES ('DECONTENT_PROVIDER','2','CONTENT_PROVIDER','ResourceTypeEntity.displayNameMap','Content Provider');
INSERT INTO LANGUAGE_MAPPING (ID,LANGUAGE_ID,REFERENCE_ID,REFERENCE_TYPE,TEXT_VALUE) VALUES ('DECONTENT_PROV_EDIT_DESC','2','CONTENT_PROV_EDIT','ResourceEntity.displayNameMap','Content Provider Menu editieren');
INSERT INTO LANGUAGE_MAPPING (ID,LANGUAGE_ID,REFERENCE_ID,REFERENCE_TYPE,TEXT_VALUE) VALUES ('DECPROV_EDIT_CURRENT_DESC','2','CONTENT_PROV_EDIT_CURRENT','ResourceEntity.displayNameMap','Provider editieren');
INSERT INTO LANGUAGE_MAPPING (ID,LANGUAGE_ID,REFERENCE_ID,REFERENCE_TYPE,TEXT_VALUE) VALUES ('DECPROV_EDIT_SEARCH_DESC','2','CONTENT_PROV_EDIT_SEARCH','ResourceEntity.displayNameMap','Zurck zur Suche');
INSERT INTO LANGUAGE_MAPPING (ID,LANGUAGE_ID,REFERENCE_ID,REFERENCE_TYPE,TEXT_VALUE) VALUES ('DECONTENT_PROV_NEW_DSC','2','CONTENT_PROV_NEW','ResourceEntity.displayNameMap','Neuen Provider erstellen');
INSERT INTO LANGUAGE_MAPPING (ID,LANGUAGE_ID,REFERENCE_ID,REFERENCE_TYPE,TEXT_VALUE) VALUES ('DECONTENT_PROV_NEW_EDIT_DESC','2','CONTENT_PROV_NEW_EDIT','ResourceEntity.displayNameMap','Neuen Provider erstellen');
INSERT INTO LANGUAGE_MAPPING (ID,LANGUAGE_ID,REFERENCE_ID,REFERENCE_TYPE,TEXT_VALUE) VALUES ('DECONTENT_PROV_ROOT_DESC','2','CONTENT_PROV_ROOT','ResourceEntity.displayNameMap','Content Provider Root Menu');
INSERT INTO LANGUAGE_MAPPING (ID,LANGUAGE_ID,REFERENCE_ID,REFERENCE_TYPE,TEXT_VALUE) VALUES ('DECONTENT_PROV_SEARCH_DESC','2','CONTENT_PROV_SEARCH','ResourceEntity.displayNameMap','Content Providers suchen');
INSERT INTO LANGUAGE_MAPPING (ID,LANGUAGE_ID,REFERENCE_ID,REFERENCE_TYPE,TEXT_VALUE) VALUES ('DECPROV_SEARCH_CHILD_DESC','2','CONTENT_PROV_SEARCH_CHILD','ResourceEntity.displayNameMap','Content Providers');
INSERT INTO LANGUAGE_MAPPING (ID,LANGUAGE_ID,REFERENCE_ID,REFERENCE_TYPE,TEXT_VALUE) VALUES ('DEMetadataTypeEntity19','2','Contractor','MetadataTypeEntity.displayNameMap','Externer Mitarbeiter Benutzertyp');
INSERT INTO LANGUAGE_MAPPING (ID,LANGUAGE_ID,REFERENCE_ID,REFERENCE_TYPE,TEXT_VALUE) VALUES ('DEMetadataTypeEntity20','2','CONTRACTOR TYPE','MetadataTypeEntity.displayNameMap','EXTERNE');
INSERT INTO LANGUAGE_MAPPING (ID,LANGUAGE_ID,REFERENCE_ID,REFERENCE_TYPE,TEXT_VALUE) VALUES ('DECREATEREQ_MENU_DISPLAY','2','CREATEREQ','ResourceEntity.displayNameMap','Anfrage erstellen');
INSERT INTO LANGUAGE_MAPPING (ID,LANGUAGE_ID,REFERENCE_ID,REFERENCE_TYPE,TEXT_VALUE) VALUES ('DECR_RES_DISP_NAME','2','CREATE_RESOURCE_MENU','ResourceEntity.displayNameMap','Neue Ressource erstellen');
INSERT INTO LANGUAGE_MAPPING (ID,LANGUAGE_ID,REFERENCE_ID,REFERENCE_TYPE,TEXT_VALUE) VALUES ('DECUSTOM_FIELD_EDIT_DESC','2','CUSTOM_FIELD_EDIT','ResourceEntity.displayNameMap','Benutzerdefiniertes Feld Menu editieren');
INSERT INTO LANGUAGE_MAPPING (ID,LANGUAGE_ID,REFERENCE_ID,REFERENCE_TYPE,TEXT_VALUE) VALUES ('DECUSTOM_FIELD_EDIT_NEW_DESC','2','CUSTOM_FIELD_EDIT_NEW','ResourceEntity.displayNameMap','Neues benuzerdefiniertes Feld erstellen');
INSERT INTO LANGUAGE_MAPPING (ID,LANGUAGE_ID,REFERENCE_ID,REFERENCE_TYPE,TEXT_VALUE) VALUES ('DECUSTOM_FIELD_EDIT_SEARCH_DESC','2','CUSTOM_FIELD_EDIT_SEARCH','ResourceEntity.displayNameMap','Zurck zur Suche');
INSERT INTO LANGUAGE_MAPPING (ID,LANGUAGE_ID,REFERENCE_ID,REFERENCE_TYPE,TEXT_VALUE) VALUES ('DECUSTOM_FIELD_NEW_DSC','2','CUSTOM_FIELD_NEW','ResourceEntity.displayNameMap','Neues benuzerdefiniertes Feld erstellen');
INSERT INTO LANGUAGE_MAPPING (ID,LANGUAGE_ID,REFERENCE_ID,REFERENCE_TYPE,TEXT_VALUE) VALUES ('DECUSTOM_FIELD_ROOT_DESC','2','CUSTOM_FIELD_ROOT','ResourceEntity.displayNameMap','Benutzerdefiniertes Feld Root Menu');
INSERT INTO LANGUAGE_MAPPING (ID,LANGUAGE_ID,REFERENCE_ID,REFERENCE_TYPE,TEXT_VALUE) VALUES ('DECUSTOM_FIELD_SEARCH_DESC','2','CUSTOM_FIELD_SEARCH','ResourceEntity.displayNameMap','Benutzerdefinierte Felder suchen');
INSERT INTO LANGUAGE_MAPPING (ID,LANGUAGE_ID,REFERENCE_ID,REFERENCE_TYPE,TEXT_VALUE) VALUES ('DECUSTOM_FLD_SEARCH_CHILD_DESC','2','CUSTOM_FIELD_SEARCH_CHILD','ResourceEntity.displayNameMap','Benutzerdefinierte Felder');
INSERT INTO LANGUAGE_MAPPING (ID,LANGUAGE_ID,REFERENCE_ID,REFERENCE_TYPE,TEXT_VALUE) VALUES ('DEMetadataTypeEntity21','2','DATE','MetadataTypeEntity.displayNameMap','Datumsfeld');
INSERT INTO LANGUAGE_MAPPING (ID,LANGUAGE_ID,REFERENCE_ID,REFERENCE_TYPE,TEXT_VALUE) VALUES ('DEMetadataTypeEntity22','2','DEFAULT_GROUP','MetadataTypeEntity.displayNameMap','DEFAULT GROUP TYPE');
INSERT INTO LANGUAGE_MAPPING (ID,LANGUAGE_ID,REFERENCE_ID,REFERENCE_TYPE,TEXT_VALUE) VALUES ('DEDEFAULT_USER_TYPE','2','DEFAULT_USER','MetadataTypeEntity.displayNameMap','Standardbenutzer');
INSERT INTO LANGUAGE_MAPPING (ID,LANGUAGE_ID,REFERENCE_ID,REFERENCE_TYPE,TEXT_VALUE) VALUES ('DEMetadataTypeEntity23','2','DELETED','MetadataTypeEntity.displayNameMap','GELSCHT');
INSERT INTO LANGUAGE_MAPPING (ID,LANGUAGE_ID,REFERENCE_ID,REFERENCE_TYPE,TEXT_VALUE) VALUES ('DEDELG_FILTER_MENU_DISPLAY','2','DELG_FILTER','ResourceEntity.displayNameMap','Delegation Filter');
INSERT INTO LANGUAGE_MAPPING (ID,LANGUAGE_ID,REFERENCE_ID,REFERENCE_TYPE,TEXT_VALUE) VALUES ('DEDEPARTMENT','2','DEPARTMENT','OrganizationTypeEntity.displayNameMap','Abteilung');
INSERT INTO LANGUAGE_MAPPING (ID,LANGUAGE_ID,REFERENCE_ID,REFERENCE_TYPE,TEXT_VALUE) VALUES ('DEMetadataTypeEntity24','2','departmentType','MetadataTypeEntity.displayNameMap','Abteilung');
INSERT INTO LANGUAGE_MAPPING (ID,LANGUAGE_ID,REFERENCE_ID,REFERENCE_TYPE,TEXT_VALUE) VALUES ('DEMetadataTypeEntity25','2','DIRECTORY','MetadataTypeEntity.displayNameMap','Directory');
INSERT INTO LANGUAGE_MAPPING (ID,LANGUAGE_ID,REFERENCE_ID,REFERENCE_TYPE,TEXT_VALUE) VALUES ('DEDIRECTORY_MENU_DISPLAY','2','DIRECTORY','ResourceEntity.displayNameMap','Directory Suche');
INSERT INTO LANGUAGE_MAPPING (ID,LANGUAGE_ID,REFERENCE_ID,REFERENCE_TYPE,TEXT_VALUE) VALUES ('DEDIR_LOOKUP_PAGE_DIS','2','DIR_LOOKUP_PAGE','ResourceEntity.displayNameMap','Directory Suche');
INSERT INTO LANGUAGE_MAPPING (ID,LANGUAGE_ID,REFERENCE_ID,REFERENCE_TYPE,TEXT_VALUE) VALUES ('DEMetadataTypeEntity26','2','DISABLED','MetadataTypeEntity.displayNameMap','DEAKTIVIERT');
INSERT INTO LANGUAGE_MAPPING (ID,LANGUAGE_ID,REFERENCE_ID,REFERENCE_TYPE,TEXT_VALUE) VALUES ('DEDIVISION','2','DIVISION','OrganizationTypeEntity.displayNameMap','Division');
INSERT INTO LANGUAGE_MAPPING (ID,LANGUAGE_ID,REFERENCE_ID,REFERENCE_TYPE,TEXT_VALUE) VALUES ('DEMetadataTypeEntity27','2','divisionType','MetadataTypeEntity.displayNameMap','Division');
INSERT INTO LANGUAGE_MAPPING (ID,LANGUAGE_ID,REFERENCE_ID,REFERENCE_TYPE,TEXT_VALUE) VALUES ('DEMetadataTypeEntity28','2','DL','MetadataTypeEntity.displayNameMap','LSCHEN');
INSERT INTO LANGUAGE_MAPPING (ID,LANGUAGE_ID,REFERENCE_ID,REFERENCE_TYPE,TEXT_VALUE) VALUES ('DEEDIT_BATCH_TASK_DESC','2','EDIT_BATCH_TASK','ResourceEntity.displayNameMap','Stapelverarbeitungsaufgaben editieren');
INSERT INTO LANGUAGE_MAPPING (ID,LANGUAGE_ID,REFERENCE_ID,REFERENCE_TYPE,TEXT_VALUE) VALUES ('DEEDIT_GROUP_DESC','2','EDIT_GROUP','ResourceEntity.displayNameMap','Gruppe editieren');
INSERT INTO LANGUAGE_MAPPING (ID,LANGUAGE_ID,REFERENCE_ID,REFERENCE_TYPE,TEXT_VALUE) VALUES ('DEEDIT_ORG_DESC','2','EDIT_ORG','ResourceEntity.displayNameMap','Organisation editieren');
INSERT INTO LANGUAGE_MAPPING (ID,LANGUAGE_ID,REFERENCE_ID,REFERENCE_TYPE,TEXT_VALUE) VALUES ('DEEDIT_ORG_MEMBERSHIP_DESC','2','EDIT_ORG_MEMBERSHIP','ResourceEntity.displayNameMap','Mitglieder');
INSERT INTO LANGUAGE_MAPPING (ID,LANGUAGE_ID,REFERENCE_ID,REFERENCE_TYPE,TEXT_VALUE) VALUES ('DEEDIT_ORG_TYPE_DESC','2','EDIT_ORG_TYPE','ResourceEntity.displayNameMap','Organisationstyp editieren');
INSERT INTO LANGUAGE_MAPPING (ID,LANGUAGE_ID,REFERENCE_ID,REFERENCE_TYPE,TEXT_VALUE) VALUES ('DEEDIT_ORG_TYPE_IDMAN_DESC','2','EDIT_ORG_TYPE_IDMAN','ResourceEntity.displayNameMap','Organisationstypen');
INSERT INTO LANGUAGE_MAPPING (ID,LANGUAGE_ID,REFERENCE_ID,REFERENCE_TYPE,TEXT_VALUE) VALUES ('DEEDIT_POL_ATTR_SRCH_BCK_DESC','2','EDIT_POLICY_ATTR_SRCH_BCK','ResourceEntity.displayNameMap','Zurck zur Suche');
INSERT INTO LANGUAGE_MAPPING (ID,LANGUAGE_ID,REFERENCE_ID,REFERENCE_TYPE,TEXT_VALUE) VALUES ('DEEDIT_RESOURCE_DIS','2','EDIT_RESOURCE','ResourceEntity.displayNameMap','Ressourcen editieren');
INSERT INTO LANGUAGE_MAPPING (ID,LANGUAGE_ID,REFERENCE_ID,REFERENCE_TYPE,TEXT_VALUE) VALUES ('DEEDIT_ROLE_DESC','2','EDIT_ROLE','ResourceEntity.displayNameMap','Rolle editieren');
INSERT INTO LANGUAGE_MAPPING (ID,LANGUAGE_ID,REFERENCE_ID,REFERENCE_TYPE,TEXT_VALUE) VALUES ('DEMetadataTypeEntity29','2','FILE','MetadataTypeEntity.displayNameMap','Datei');
INSERT INTO LANGUAGE_MAPPING (ID,LANGUAGE_ID,REFERENCE_ID,REFERENCE_TYPE,TEXT_VALUE) VALUES ('DEMetadataTypeEntity30','2','GOOGLE_Connector','MetadataTypeEntity.displayNameMap','GOOGLE APPS Connector');
INSERT INTO LANGUAGE_MAPPING (ID,LANGUAGE_ID,REFERENCE_ID,REFERENCE_TYPE,TEXT_VALUE) VALUES ('DEGROUP_EDIT_MENU_DESC','2','GROUP_EDIT_MENU','ResourceEntity.displayNameMap','Gruppen Root Menu editieren');
INSERT INTO LANGUAGE_MAPPING (ID,LANGUAGE_ID,REFERENCE_ID,REFERENCE_TYPE,TEXT_VALUE) VALUES ('DEGROUP_ENTITLEMENTS_DESC','2','GROUP_ENTITLEMENTS','ResourceEntity.displayNameMap','Gruppenberechtigungen');
INSERT INTO LANGUAGE_MAPPING (ID,LANGUAGE_ID,REFERENCE_ID,REFERENCE_TYPE,TEXT_VALUE) VALUES ('DEGROUP_MENUS_DESC','2','GROUP_MENUS','ResourceEntity.displayNameMap','Menus');
INSERT INTO LANGUAGE_MAPPING (ID,LANGUAGE_ID,REFERENCE_ID,REFERENCE_TYPE,TEXT_VALUE) VALUES ('DEGROUP_ROOT_MENU_DESC','2','GROUP_ROOT_MENU','ResourceEntity.displayNameMap','Gruppen Root Menu');
INSERT INTO LANGUAGE_MAPPING (ID,LANGUAGE_ID,REFERENCE_ID,REFERENCE_TYPE,TEXT_VALUE) VALUES ('DEGROUP_SEARCH_DESC','2','GROUP_SEARCH','ResourceEntity.displayNameMap','Gruppen Suche');
INSERT INTO LANGUAGE_MAPPING (ID,LANGUAGE_ID,REFERENCE_ID,REFERENCE_TYPE,TEXT_VALUE) VALUES ('DEGRP_APROVER_ASSOC_DN','2','GRP_APROVER_ASSOC','ResourceEntity.displayNameMap','++++Zuordnung zu Genehmigende');
INSERT INTO LANGUAGE_MAPPING (ID,LANGUAGE_ID,REFERENCE_ID,REFERENCE_TYPE,TEXT_VALUE) VALUES ('DEMetadataTypeEntity31','2','HOME_ADDRESS','MetadataTypeEntity.displayNameMap','Adresse privat');
INSERT INTO LANGUAGE_MAPPING (ID,LANGUAGE_ID,REFERENCE_ID,REFERENCE_TYPE,TEXT_VALUE) VALUES ('DEMetadataTypeEntity32','2','HOME_EMAIL','MetadataTypeEntity.displayNameMap','E-Mail privat');
INSERT INTO LANGUAGE_MAPPING (ID,LANGUAGE_ID,REFERENCE_ID,REFERENCE_TYPE,TEXT_VALUE) VALUES ('DEMetadataTypeEntity33','2','HOME_PHONE','MetadataTypeEntity.displayNameMap','Telefon privat');
INSERT INTO LANGUAGE_MAPPING (ID,LANGUAGE_ID,REFERENCE_ID,REFERENCE_TYPE,TEXT_VALUE) VALUES ('DEIDM_MENU_DISPLAY','2','IDM','ResourceEntity.displayNameMap','Identitt');
INSERT INTO LANGUAGE_MAPPING (ID,LANGUAGE_ID,REFERENCE_ID,REFERENCE_TYPE,TEXT_VALUE) VALUES ('DEIDMAN_MENU_DISPLAY','2','IDMAN','ResourceEntity.displayNameMap','Benutzer Admin');
INSERT INTO LANGUAGE_MAPPING (ID,LANGUAGE_ID,REFERENCE_ID,REFERENCE_TYPE,TEXT_VALUE) VALUES ('DEIDQUEST_MENU_DISPLAY','2','IDQUEST','ResourceEntity.displayNameMap','Anfrage/Antwort');
INSERT INTO LANGUAGE_MAPPING (ID,LANGUAGE_ID,REFERENCE_ID,REFERENCE_TYPE,TEXT_VALUE) VALUES ('DEIMPERSIONATION_MENU_DESC','2','IMPERSIONATION_MENU','ResourceEntity.displayNameMap','Als anderen Benutzer ausgeben');
INSERT INTO LANGUAGE_MAPPING (ID,LANGUAGE_ID,REFERENCE_ID,REFERENCE_TYPE,TEXT_VALUE) VALUES ('DEMetadataTypeEntity34','2','INACTIVE','MetadataTypeEntity.displayNameMap','INAKTIV');
INSERT INTO LANGUAGE_MAPPING (ID,LANGUAGE_ID,REFERENCE_ID,REFERENCE_TYPE,TEXT_VALUE) VALUES ('DEMetadataTypeEntity35','2','InetOrgPerson','MetadataTypeEntity.displayNameMap','InetOrgPerson Benutzertyp');
INSERT INTO LANGUAGE_MAPPING (ID,LANGUAGE_ID,REFERENCE_ID,REFERENCE_TYPE,TEXT_VALUE) VALUES ('DEINTERNAL_USER_TYPE','2','INTERNAL_USER','MetadataTypeEntity.displayNameMap','Interner Benutzer');
INSERT INTO LANGUAGE_MAPPING (ID,LANGUAGE_ID,REFERENCE_ID,REFERENCE_TYPE,TEXT_VALUE) VALUES ('DEMetadataTypeEntity36','2','KERBEROS_KEYTAB_FILE','MetadataTypeEntity.displayNameMap','Kerberos Keytab File');
INSERT INTO LANGUAGE_MAPPING (ID,LANGUAGE_ID,REFERENCE_ID,REFERENCE_TYPE,TEXT_VALUE) VALUES ('DEMetadataTypeEntity37','2','KERBEROS_SERVICE_NAME','MetadataTypeEntity.displayNameMap','Kerberos Service Name');
INSERT INTO LANGUAGE_MAPPING (ID,LANGUAGE_ID,REFERENCE_ID,REFERENCE_TYPE,TEXT_VALUE) VALUES ('DELANGUAGE_ADMIN1','2','LANGUAGE_ADMIN','ResourceEntity.displayNameMap','Sprachen');
INSERT INTO LANGUAGE_MAPPING (ID,LANGUAGE_ID,REFERENCE_ID,REFERENCE_TYPE,TEXT_VALUE) VALUES ('DELANGUAGE_EDIT1','2','LANGUAGE_EDIT','ResourceEntity.displayNameMap','Neue Sprache');
INSERT INTO LANGUAGE_MAPPING (ID,LANGUAGE_ID,REFERENCE_ID,REFERENCE_TYPE,TEXT_VALUE) VALUES ('DELANGUAGE_SEARCH1','2','LANGUAGE_SEARCH','ResourceEntity.displayNameMap','Sprachen');
INSERT INTO LANGUAGE_MAPPING (ID,LANGUAGE_ID,REFERENCE_ID,REFERENCE_TYPE,TEXT_VALUE) VALUES ('DEMetadataTypeEntity38','2','LdapOrgPerson','MetadataTypeEntity.displayNameMap','LdapOrgPerson Benutzertyp');
INSERT INTO LANGUAGE_MAPPING (ID,LANGUAGE_ID,REFERENCE_ID,REFERENCE_TYPE,TEXT_VALUE) VALUES ('DEMetadataTypeEntity39','2','LDAP_Connector','MetadataTypeEntity.displayNameMap','LDAP Konnektor');
INSERT INTO LANGUAGE_MAPPING (ID,LANGUAGE_ID,REFERENCE_ID,REFERENCE_TYPE,TEXT_VALUE) VALUES ('DEMetadataTypeEntity40','2','LDAP_GROUP_TYPE','MetadataTypeEntity.displayNameMap','LDAP GROUP TYPE');
INSERT INTO LANGUAGE_MAPPING (ID,LANGUAGE_ID,REFERENCE_ID,REFERENCE_TYPE,TEXT_VALUE) VALUES ('DEMetadataTypeEntity41','2','LEAVE','MetadataTypeEntity.displayNameMap','LEAVE');
INSERT INTO LANGUAGE_MAPPING (ID,LANGUAGE_ID,REFERENCE_ID,REFERENCE_TYPE,TEXT_VALUE) VALUES ('DEMetadataTypeEntity42','2','LINUX_Connector','MetadataTypeEntity.displayNameMap','Linux Konnektor');
INSERT INTO LANGUAGE_MAPPING (ID,LANGUAGE_ID,REFERENCE_ID,REFERENCE_TYPE,TEXT_VALUE) VALUES ('DELOCATION_MENU_DISPLAY','2','LOCATION','ResourceEntity.displayNameMap','Ort');
INSERT INTO LANGUAGE_MAPPING (ID,LANGUAGE_ID,REFERENCE_ID,REFERENCE_TYPE,TEXT_VALUE) VALUES ('DEMetadataTypeEntity43','2','LOCKED','MetadataTypeEntity.displayNameMap','LOCKED');
INSERT INTO LANGUAGE_MAPPING (ID,LANGUAGE_ID,REFERENCE_ID,REFERENCE_TYPE,TEXT_VALUE) VALUES ('DEMetadataTypeEntity44','2','LOCKED_ADMIN','MetadataTypeEntity.displayNameMap','LOCKED_ADMIN');
INSERT INTO LANGUAGE_MAPPING (ID,LANGUAGE_ID,REFERENCE_ID,REFERENCE_TYPE,TEXT_VALUE) VALUES ('DEMetadataTypeEntity45','2','MANAGED_SYS','MetadataTypeEntity.displayNameMap','Verwaltetes System');
INSERT INTO LANGUAGE_MAPPING (ID,LANGUAGE_ID,REFERENCE_ID,REFERENCE_TYPE,TEXT_VALUE) VALUES ('DEMANAGED_SYS','2','MANAGED_SYS','ResourceTypeEntity.displayNameMap','Verwaltetes System');
INSERT INTO LANGUAGE_MAPPING (ID,LANGUAGE_ID,REFERENCE_ID,REFERENCE_TYPE,TEXT_VALUE) VALUES ('DEMetadataTypeEntity46','2','MANAGER','MetadataTypeEntity.displayNameMap','MANAGER');
INSERT INTO LANGUAGE_MAPPING (ID,LANGUAGE_ID,REFERENCE_ID,REFERENCE_TYPE,TEXT_VALUE) VALUES ('DEMANAGEREQ_MENU_DISPLAY','2','MANAGEREQ','ResourceEntity.displayNameMap','Verlauf der Anforderungen');
INSERT INTO LANGUAGE_MAPPING (ID,LANGUAGE_ID,REFERENCE_ID,REFERENCE_TYPE,TEXT_VALUE) VALUES ('DEMANUALRECON_DESC','2','MANUALRECON','ResourceEntity.displayNameMap','Manuelle Reconciliation');
INSERT INTO LANGUAGE_MAPPING (ID,LANGUAGE_ID,REFERENCE_ID,REFERENCE_TYPE,TEXT_VALUE) VALUES ('DEMENUS_SEARCH_DC','2','MENUS_SEARCH','ResourceEntity.displayNameMap','Menus');
INSERT INTO LANGUAGE_MAPPING (ID,LANGUAGE_ID,REFERENCE_ID,REFERENCE_TYPE,TEXT_VALUE) VALUES ('DEMetadataTypeEntity47','2','MENU_ITEM','MetadataTypeEntity.displayNameMap','Menu Element Type');
INSERT INTO LANGUAGE_MAPPING (ID,LANGUAGE_ID,REFERENCE_ID,REFERENCE_TYPE,TEXT_VALUE) VALUES ('DEMENU_ITEM','2','MENU_ITEM','ResourceTypeEntity.displayNameMap','Menus');
INSERT INTO LANGUAGE_MAPPING (ID,LANGUAGE_ID,REFERENCE_ID,REFERENCE_TYPE,TEXT_VALUE) VALUES ('DEMETADATA_MENU_DISPLAY','2','METADATA','ResourceEntity.displayNameMap','Metadaten');
INSERT INTO LANGUAGE_MAPPING (ID,LANGUAGE_ID,REFERENCE_ID,REFERENCE_TYPE,TEXT_VALUE) VALUES ('DEMETA_ADMIN_DESC','2','META_ADMIN','ResourceEntity.displayNameMap','Metadatenelemente');
INSERT INTO LANGUAGE_MAPPING (ID,LANGUAGE_ID,REFERENCE_ID,REFERENCE_TYPE,TEXT_VALUE) VALUES ('DEMETA_EDIT_DESC','2','META_EDIT','ResourceEntity.displayNameMap','Neue Metadaten');
INSERT INTO LANGUAGE_MAPPING (ID,LANGUAGE_ID,REFERENCE_ID,REFERENCE_TYPE,TEXT_VALUE) VALUES ('DEMETA_SEARCH_DESC','2','META_SEARCH','ResourceEntity.displayNameMap','Metadaten Suche');
INSERT INTO LANGUAGE_MAPPING (ID,LANGUAGE_ID,REFERENCE_ID,REFERENCE_TYPE,TEXT_VALUE) VALUES ('DEMETA_TYPE_ADMIN_DESC','2','META_TYPE_ADMIN','ResourceEntity.displayNameMap','Metadatentypen');
INSERT INTO LANGUAGE_MAPPING (ID,LANGUAGE_ID,REFERENCE_ID,REFERENCE_TYPE,TEXT_VALUE) VALUES ('DEMETA_TYPE_EDIT_DESC','2','META_TYPE_EDIT','ResourceEntity.displayNameMap','Neuer Metadatentyp');
INSERT INTO LANGUAGE_MAPPING (ID,LANGUAGE_ID,REFERENCE_ID,REFERENCE_TYPE,TEXT_VALUE) VALUES ('DEMETA_TYPE_EDIT_RETURN_DESC','2','META_TYPE_EDIT_RETURN','ResourceEntity.displayNameMap','Zurck zu den Metadatentypen');
INSERT INTO LANGUAGE_MAPPING (ID,LANGUAGE_ID,REFERENCE_ID,REFERENCE_TYPE,TEXT_VALUE) VALUES ('DEMETA_TYPE_SEARCH_DESC','2','META_TYPE_SEARCH','ResourceEntity.displayNameMap','Metadatentypen suche');
INSERT INTO LANGUAGE_MAPPING (ID,LANGUAGE_ID,REFERENCE_ID,REFERENCE_TYPE,TEXT_VALUE) VALUES ('DEMNGSYS_MENU_DISPLAY','2','MNGSYS','ResourceEntity.displayNameMap','Verwaltetes System');
INSERT INTO LANGUAGE_MAPPING (ID,LANGUAGE_ID,REFERENCE_ID,REFERENCE_TYPE,TEXT_VALUE) VALUES ('DEMNGSYSRULES_DESC','2','MNGSYSRULES','ResourceEntity.displayNameMap','Reglement des verwalteten Systems');
INSERT INTO LANGUAGE_MAPPING (ID,LANGUAGE_ID,REFERENCE_ID,REFERENCE_TYPE,TEXT_VALUE) VALUES ('DEMNGSYS_EDIT_DESC','2','MNGSYS_EDIT','ResourceEntity.displayNameMap','Verwaltetes System editieren');
INSERT INTO LANGUAGE_MAPPING (ID,LANGUAGE_ID,REFERENCE_ID,REFERENCE_TYPE,TEXT_VALUE) VALUES ('DEMNGSYS_DESC','2','MNGSYS_MENU_ITEM','ResourceEntity.displayNameMap','Verwaltete Systeme');
INSERT INTO LANGUAGE_MAPPING (ID,LANGUAGE_ID,REFERENCE_ID,REFERENCE_TYPE,TEXT_VALUE) VALUES ('DEMNGSYS_DSC','2','MNGSYS_NEW','ResourceEntity.displayNameMap','Verwaltetes System erstellen');
INSERT INTO LANGUAGE_MAPPING (ID,LANGUAGE_ID,REFERENCE_ID,REFERENCE_TYPE,TEXT_VALUE) VALUES ('DEMNG_SYS_VIEWER_DESC','2','MNG_SYS_VIEWER','ResourceEntity.displayNameMap','Ansicht der verwalteten Systeme');
INSERT INTO LANGUAGE_MAPPING (ID,LANGUAGE_ID,REFERENCE_ID,REFERENCE_TYPE,TEXT_VALUE) VALUES ('DEMetadataTypeEntity48','2','MULTI_SELECT','MetadataTypeEntity.displayNameMap','Mehrfachauswahl Liste');
INSERT INTO LANGUAGE_MAPPING (ID,LANGUAGE_ID,REFERENCE_ID,REFERENCE_TYPE,TEXT_VALUE) VALUES ('DENEWUSER_MENU_DISPLAY','2','NEWUSER','ResourceEntity.displayNameMap','Neuer Benutzer');
INSERT INTO LANGUAGE_MAPPING (ID,LANGUAGE_ID,REFERENCE_ID,REFERENCE_TYPE,TEXT_VALUE) VALUES ('DENEWUSER-NOAPPRV_MENU_DISPLAY','2','NEWUSER-NOAPPRV','ResourceEntity.displayNameMap','Neuer Benutzer ohne Bewilligungsverfahren');
INSERT INTO LANGUAGE_MAPPING (ID,LANGUAGE_ID,REFERENCE_ID,REFERENCE_TYPE,TEXT_VALUE) VALUES ('DENEW_AUTH_POLICY_DESC','2','NEW_AUTHENTICATION_POLICY','ResourceEntity.displayNameMap','Neue Auth Richtline erstellen');
INSERT INTO LANGUAGE_MAPPING (ID,LANGUAGE_ID,REFERENCE_ID,REFERENCE_TYPE,TEXT_VALUE) VALUES ('DENEW_AUTH_LVL_GRP_DN','2','NEW_AUTH_LVL_GRP','ResourceEntity.displayNameMap','Neue Gruppierung erstellen');
INSERT INTO LANGUAGE_MAPPING (ID,LANGUAGE_ID,REFERENCE_ID,REFERENCE_TYPE,TEXT_VALUE) VALUES ('DENEW_BATCH_TASK_DESC','2','NEW_BATCH_TASK','ResourceEntity.displayNameMap','Neue Stapelverarbeitungsaufgabe');
INSERT INTO LANGUAGE_MAPPING (ID,LANGUAGE_ID,REFERENCE_ID,REFERENCE_TYPE,TEXT_VALUE) VALUES ('DENEW_GROUP_DESC','2','NEW_GROUP','ResourceEntity.displayNameMap','Neue Gruppe erstellen');
INSERT INTO LANGUAGE_MAPPING (ID,LANGUAGE_ID,REFERENCE_ID,REFERENCE_TYPE,TEXT_VALUE) VALUES ('DENEW_ORG_DESC','2','NEW_ORG','ResourceEntity.displayNameMap','Neue Organisation erstellen');
INSERT INTO LANGUAGE_MAPPING (ID,LANGUAGE_ID,REFERENCE_ID,REFERENCE_TYPE,TEXT_VALUE) VALUES ('DENEW_ORG_TYPE_DESC','2','NEW_ORG_TYPE','ResourceEntity.displayNameMap','Neuer Organisationstyp');
INSERT INTO LANGUAGE_MAPPING (ID,LANGUAGE_ID,REFERENCE_ID,REFERENCE_TYPE,TEXT_VALUE) VALUES ('DENEW_PASSWORD_POLICY_DESC','2','NEW_PASSWORD_POLICY','ResourceEntity.displayNameMap','Neue Passwortrichtline erstellen');
INSERT INTO LANGUAGE_MAPPING (ID,LANGUAGE_ID,REFERENCE_ID,REFERENCE_TYPE,TEXT_VALUE) VALUES ('DENEW_POLICY_ATTR_DESC','2','NEW_POLICY_ATTR','ResourceEntity.displayNameMap','Neue Attributrichtlinie');
INSERT INTO LANGUAGE_MAPPING (ID,LANGUAGE_ID,REFERENCE_ID,REFERENCE_TYPE,TEXT_VALUE) VALUES ('DENEW_ROLE_DESC','2','NEW_ROLE','ResourceEntity.displayNameMap','Neue Rolle erstellen');
INSERT INTO LANGUAGE_MAPPING (ID,LANGUAGE_ID,REFERENCE_ID,REFERENCE_TYPE,TEXT_VALUE) VALUES ('DENEW_UI_THEME_DN','2','NEW_UI_THEME','ResourceEntity.displayNameMap','Neues UI Thema');
INSERT INTO LANGUAGE_MAPPING (ID,LANGUAGE_ID,REFERENCE_ID,REFERENCE_TYPE,TEXT_VALUE) VALUES ('DENEW_USER_DESC','2','NEW_USER','ResourceEntity.displayNameMap','Neuer Benutzer erstellen');
INSERT INTO LANGUAGE_MAPPING (ID,LANGUAGE_ID,REFERENCE_ID,REFERENCE_TYPE,TEXT_VALUE) VALUES ('DEMetadataTypeEntity49','2','NO-PROVISION-APP','MetadataTypeEntity.displayNameMap','Nicht provisionierbare Apps');
INSERT INTO LANGUAGE_MAPPING (ID,LANGUAGE_ID,REFERENCE_ID,REFERENCE_TYPE,TEXT_VALUE) VALUES ('DEMetadataTypeEntity50','2','OFF-LINE','MetadataTypeEntity.displayNameMap','OFF-LINE');
INSERT INTO LANGUAGE_MAPPING (ID,LANGUAGE_ID,REFERENCE_ID,REFERENCE_TYPE,TEXT_VALUE) VALUES ('DEMetadataTypeEntity51','2','OFFICE_ADDRESS','MetadataTypeEntity.displayNameMap','Adresse Geschft');
INSERT INTO LANGUAGE_MAPPING (ID,LANGUAGE_ID,REFERENCE_ID,REFERENCE_TYPE,TEXT_VALUE) VALUES ('DEMetadataTypeEntity52','2','OFFICE_PHONE','MetadataTypeEntity.displayNameMap','Telefon Geschft');
INSERT INTO LANGUAGE_MAPPING (ID,LANGUAGE_ID,REFERENCE_ID,REFERENCE_TYPE,TEXT_VALUE) VALUES ('DEORG_MENU_DISPLAY','2','ORG','ResourceEntity.displayNameMap','Organisation');
INSERT INTO LANGUAGE_MAPPING (ID,LANGUAGE_ID,REFERENCE_ID,REFERENCE_TYPE,TEXT_VALUE) VALUES ('DEORGANIZATION','2','ORGANIZATION','OrganizationTypeEntity.displayNameMap','Organisation');
INSERT INTO LANGUAGE_MAPPING (ID,LANGUAGE_ID,REFERENCE_ID,REFERENCE_TYPE,TEXT_VALUE) VALUES ('DEORGANIZATION_EDIT_ID_DESC','2','ORGANIZATION_EDIT_ID','ResourceEntity.displayNameMap','Organisation Menus editieren');
INSERT INTO LANGUAGE_MAPPING (ID,LANGUAGE_ID,REFERENCE_ID,REFERENCE_TYPE,TEXT_VALUE) VALUES ('DEORGANIZATION_ROOT_ID_DESC','2','ORGANIZATION_ROOT_ID','ResourceEntity.displayNameMap','Organisation Root Menus');
INSERT INTO LANGUAGE_MAPPING (ID,LANGUAGE_ID,REFERENCE_ID,REFERENCE_TYPE,TEXT_VALUE) VALUES ('DEMetadataTypeEntity53','2','OrgOpenIAM','MetadataTypeEntity.displayNameMap','OpenIAM');
INSERT INTO LANGUAGE_MAPPING (ID,LANGUAGE_ID,REFERENCE_ID,REFERENCE_TYPE,TEXT_VALUE) VALUES ('DEORG_APROVER_ASSOC_DN','2','ORG_APROVER_ASSOC','ResourceEntity.displayNameMap','Zuordnungsfreigebender');
INSERT INTO LANGUAGE_MAPPING (ID,LANGUAGE_ID,REFERENCE_ID,REFERENCE_TYPE,TEXT_VALUE) VALUES ('DEORG_MEMBERSHIP_DESC','2','ORG_MEMBERSHIP','ResourceEntity.displayNameMap','Organisation Mitglieder');
INSERT INTO LANGUAGE_MAPPING (ID,LANGUAGE_ID,REFERENCE_ID,REFERENCE_TYPE,TEXT_VALUE) VALUES ('DEORG_SEARCH_DESC','2','ORG_SEARCH','ResourceEntity.displayNameMap','Organisation Suche');
INSERT INTO LANGUAGE_MAPPING (ID,LANGUAGE_ID,REFERENCE_ID,REFERENCE_TYPE,TEXT_VALUE) VALUES ('DEORG_TYPE_EDIT_SEARCH_DESC','2','ORG_TYPE_EDIT_SEARCH','ResourceEntity.displayNameMap','Organisationtypen Suchen');
INSERT INTO LANGUAGE_MAPPING (ID,LANGUAGE_ID,REFERENCE_ID,REFERENCE_TYPE,TEXT_VALUE) VALUES ('DEORG_TYPE_SEARCH_DESC','2','ORG_TYPE_SEARCH','ResourceEntity.displayNameMap','Organisationtypen Suchen');
INSERT INTO LANGUAGE_MAPPING (ID,LANGUAGE_ID,REFERENCE_ID,REFERENCE_TYPE,TEXT_VALUE) VALUES ('DEORG_TYPE_SUBMENU_EDIT_DESC','2','ORG_TYPE_SUBMENU_EDIT','ResourceEntity.displayNameMap','Organisationtypen Suchen editieren');
INSERT INTO LANGUAGE_MAPPING (ID,LANGUAGE_ID,REFERENCE_ID,REFERENCE_TYPE,TEXT_VALUE) VALUES ('DEORG_TYPE_SUBMENU_ROOT_DESC','2','ORG_TYPE_SUBMENU_ROOT','ResourceEntity.displayNameMap','Organisationtypen Suchen Root');
INSERT INTO LANGUAGE_MAPPING (ID,LANGUAGE_ID,REFERENCE_ID,REFERENCE_TYPE,TEXT_VALUE) VALUES ('DEPAGE_TEMPLATE_EDIT_DESC','2','PAGE_TEMPLATE_EDIT','ResourceEntity.displayNameMap','Seitentemplate Menu editieren');
INSERT INTO LANGUAGE_MAPPING (ID,LANGUAGE_ID,REFERENCE_ID,REFERENCE_TYPE,TEXT_VALUE) VALUES ('DEPAGE_TEMPLATE_EDIT_NEW_DESC','2','PAGE_TEMPLATE_EDIT_NEW','ResourceEntity.displayNameMap','Neues Template erstellen');
INSERT INTO LANGUAGE_MAPPING (ID,LANGUAGE_ID,REFERENCE_ID,REFERENCE_TYPE,TEXT_VALUE) VALUES ('DEPAGE_TMP_EDIT_SEARCH_DESC','2','PAGE_TEMPLATE_EDIT_SEARCH','ResourceEntity.displayNameMap','Zurck zur Suche');
INSERT INTO LANGUAGE_MAPPING (ID,LANGUAGE_ID,REFERENCE_ID,REFERENCE_TYPE,TEXT_VALUE) VALUES ('DEPAGE_TEMPLATE_NEW_DSC','2','PAGE_TEMPLATE_NEW','ResourceEntity.displayNameMap','Neues Template erstellen');
INSERT INTO LANGUAGE_MAPPING (ID,LANGUAGE_ID,REFERENCE_ID,REFERENCE_TYPE,TEXT_VALUE) VALUES ('DEPAGE_TEMPLATE_ROOT_DESC','2','PAGE_TEMPLATE_ROOT','ResourceEntity.displayNameMap','Seitentemplate Root Menu');
INSERT INTO LANGUAGE_MAPPING (ID,LANGUAGE_ID,REFERENCE_ID,REFERENCE_TYPE,TEXT_VALUE) VALUES ('DEPAGE_TEMPLATE_SEARCH_DESC','2','PAGE_TEMPLATE_SEARCH','ResourceEntity.displayNameMap','Seitentemplate Suche');
INSERT INTO LANGUAGE_MAPPING (ID,LANGUAGE_ID,REFERENCE_ID,REFERENCE_TYPE,TEXT_VALUE) VALUES ('DEMetadataTypeEntity54','2','PASSWORD','MetadataTypeEntity.displayNameMap','Passwort Feld');
INSERT INTO LANGUAGE_MAPPING (ID,LANGUAGE_ID,REFERENCE_ID,REFERENCE_TYPE,TEXT_VALUE) VALUES ('DEPOLICY_MENU_DESC','2','PASSWORD_POLICY','ResourceEntity.displayNameMap','Passwortrichtlinie');
INSERT INTO LANGUAGE_MAPPING (ID,LANGUAGE_ID,REFERENCE_ID,REFERENCE_TYPE,TEXT_VALUE) VALUES ('DEPASSWORD_POLICY_EDIT_DESC','2','PASSWORD_POLICY_EDIT','ResourceEntity.displayNameMap','Zuordnugsrichtlinie Root Menu');
INSERT INTO LANGUAGE_MAPPING (ID,LANGUAGE_ID,REFERENCE_ID,REFERENCE_TYPE,TEXT_VALUE) VALUES ('DEPOLICY_ROOT_MENU_DESC','2','PASSWORD_POLICY_ROOT_MENU','ResourceEntity.displayNameMap','Passwort Richtlinie Root Menu');
INSERT INTO LANGUAGE_MAPPING (ID,LANGUAGE_ID,REFERENCE_ID,REFERENCE_TYPE,TEXT_VALUE) VALUES ('DEMetadataTypeEntity55','2','PENDING_APPROVAL','MetadataTypeEntity.displayNameMap','HNGIGE_FREIGABE');
INSERT INTO LANGUAGE_MAPPING (ID,LANGUAGE_ID,REFERENCE_ID,REFERENCE_TYPE,TEXT_VALUE) VALUES ('DEMetadataTypeEntity56','2','PENDING_INITIAL_LOGIN','MetadataTypeEntity.displayNameMap','HNGIGES_ERSTES_LOGIN');
INSERT INTO LANGUAGE_MAPPING (ID,LANGUAGE_ID,REFERENCE_ID,REFERENCE_TYPE,TEXT_VALUE) VALUES ('DEMetadataTypeEntity57','2','PENDING_START_DATE','MetadataTypeEntity.displayNameMap','HNGIGES_START_DATUM');
INSERT INTO LANGUAGE_MAPPING (ID,LANGUAGE_ID,REFERENCE_ID,REFERENCE_TYPE,TEXT_VALUE) VALUES ('DEMetadataTypeEntity58','2','PENDING_USER_VALIDATION','MetadataTypeEntity.displayNameMap','HNGIGE_BENUTZER_VALIDIERUNG');
INSERT INTO LANGUAGE_MAPPING (ID,LANGUAGE_ID,REFERENCE_ID,REFERENCE_TYPE,TEXT_VALUE) VALUES ('DEMetadataTypeEntity59','2','PERM FULL TIME','MetadataTypeEntity.displayNameMap','VOLLZEIT_ANGESTELLT');
INSERT INTO LANGUAGE_MAPPING (ID,LANGUAGE_ID,REFERENCE_ID,REFERENCE_TYPE,TEXT_VALUE) VALUES ('DEMetadataTypeEntity60','2','PERM PART TIME','MetadataTypeEntity.displayNameMap','TEILZEIT_ANGESTELLT');
INSERT INTO LANGUAGE_MAPPING (ID,LANGUAGE_ID,REFERENCE_ID,REFERENCE_TYPE,TEXT_VALUE) VALUES ('DEPOLICY_ATTR_EDIT_ROOTT_DESC','2','POLICY_ATTR_EDIT_ROOT','ResourceEntity.displayNameMap','Attribut Richtlinien Root Menu editieren');
INSERT INTO LANGUAGE_MAPPING (ID,LANGUAGE_ID,REFERENCE_ID,REFERENCE_TYPE,TEXT_VALUE) VALUES ('DEPOLICY_ATTR_ROOT_DESC','2','POLICY_ATTR_ROOT','ResourceEntity.displayNameMap','Attribut Richtlinien Root Menu');
INSERT INTO LANGUAGE_MAPPING (ID,LANGUAGE_ID,REFERENCE_ID,REFERENCE_TYPE,TEXT_VALUE) VALUES ('DEMetadataTypeEntity61','2','PRIMARY_EMAIL','MetadataTypeEntity.displayNameMap','E.-Mail');
INSERT INTO LANGUAGE_MAPPING (ID,LANGUAGE_ID,REFERENCE_ID,REFERENCE_TYPE,TEXT_VALUE) VALUES ('DEPROFILE_MENU_DISPLAY','2','PROFILE','ResourceEntity.displayNameMap','Profil editieren');
INSERT INTO LANGUAGE_MAPPING (ID,LANGUAGE_ID,REFERENCE_ID,REFERENCE_TYPE,TEXT_VALUE) VALUES ('DEPROVCONNECT_MENU_DISPLAY','2','PROVCONNECT','ResourceEntity.displayNameMap','Konnektoren');
INSERT INTO LANGUAGE_MAPPING (ID,LANGUAGE_ID,REFERENCE_ID,REFERENCE_TYPE,TEXT_VALUE) VALUES ('DEPROVCONNECT_DESC','2','PROVCONNECT_MENU_ITEM','ResourceEntity.displayNameMap','Provisionierungskonnektoren');
INSERT INTO LANGUAGE_MAPPING (ID,LANGUAGE_ID,REFERENCE_ID,REFERENCE_TYPE,TEXT_VALUE) VALUES ('DEPROVISIONING_MENU_DISPLAY','2','PROVISIONING','ResourceEntity.displayNameMap','Provisionierung');
INSERT INTO LANGUAGE_MAPPING (ID,LANGUAGE_ID,REFERENCE_ID,REFERENCE_TYPE,TEXT_VALUE) VALUES ('DEPROV_CONNECTOR_DSC','2','PROV_CONNECTOR_NEW','ResourceEntity.displayNameMap','Neuer Konnektor erstellen');
INSERT INTO LANGUAGE_MAPPING (ID,LANGUAGE_ID,REFERENCE_ID,REFERENCE_TYPE,TEXT_VALUE) VALUES ('DEMetadataTypeEntity62','2','RADIO','MetadataTypeEntity.displayNameMap','Radio Knopf');
INSERT INTO LANGUAGE_MAPPING (ID,LANGUAGE_ID,REFERENCE_ID,REFERENCE_TYPE,TEXT_VALUE) VALUES ('DEMetadataTypeEntity63','2','RDBMS_Connector','MetadataTypeEntity.displayNameMap','RDBMS Konnektor');
INSERT INTO LANGUAGE_MAPPING (ID,LANGUAGE_ID,REFERENCE_ID,REFERENCE_TYPE,TEXT_VALUE) VALUES ('DEMetadataTypeEntity64','2','READY','MetadataTypeEntity.displayNameMap','BEREIT');
INSERT INTO LANGUAGE_MAPPING (ID,LANGUAGE_ID,REFERENCE_ID,REFERENCE_TYPE,TEXT_VALUE) VALUES ('DEREPORT_MENU_DISPLAY','2','REPORT','ResourceEntity.displayNameMap','Berichte verwalten');
INSERT INTO LANGUAGE_MAPPING (ID,LANGUAGE_ID,REFERENCE_ID,REFERENCE_TYPE,TEXT_VALUE) VALUES ('DEREQINBOX_MENU_DISPLAY','2','REQINBOX','ResourceEntity.displayNameMap','Posteingang');
INSERT INTO LANGUAGE_MAPPING (ID,LANGUAGE_ID,REFERENCE_ID,REFERENCE_TYPE,TEXT_VALUE) VALUES ('DEREQUEST_APPROVAL_DESC','2','REQUEST_APPROVAL','ResourceEntity.displayNameMap','Anforderungsfreigabe');
INSERT INTO LANGUAGE_MAPPING (ID,LANGUAGE_ID,REFERENCE_ID,REFERENCE_TYPE,TEXT_VALUE) VALUES ('DERESOURCE_EDIT_PAGE_ROOT_DIS','2','RESOURCE_EDIT_PAGE_ROOT','ResourceEntity.displayNameMap','Ressource Seite Root editieren');
INSERT INTO LANGUAGE_MAPPING (ID,LANGUAGE_ID,REFERENCE_ID,REFERENCE_TYPE,TEXT_VALUE) VALUES ('DERESPOLICYMAP_MENU_DISPLAY','2','RESPOLICYMAP','ResourceEntity.displayNameMap','Zuordnungsrichtlinien');
INSERT INTO LANGUAGE_MAPPING (ID,LANGUAGE_ID,REFERENCE_ID,REFERENCE_TYPE,TEXT_VALUE) VALUES ('DERESRECONCILE_MENU_DISPLAY','2','RESRECONCILE','ResourceEntity.displayNameMap','Reconciliation');
INSERT INTO LANGUAGE_MAPPING (ID,LANGUAGE_ID,REFERENCE_ID,REFERENCE_TYPE,TEXT_VALUE) VALUES ('DERESSUMMARY_MENU_DISPLAY','2','RESSUMMARY','ResourceEntity.displayNameMap','Ressourcendetails');
INSERT INTO LANGUAGE_MAPPING (ID,LANGUAGE_ID,REFERENCE_ID,REFERENCE_TYPE,TEXT_VALUE) VALUES ('DERES_APROVER_ASSOC_DN','2','RES_APROVER_ASSOC','ResourceEntity.displayNameMap','Genehmigendenzuordnungen');
INSERT INTO LANGUAGE_MAPPING (ID,LANGUAGE_ID,REFERENCE_ID,REFERENCE_TYPE,TEXT_VALUE) VALUES ('DERES_ENT_SUB_DIS','2','RES_ENT_SUB','ResourceEntity.displayNameMap','Berechtigungen');
INSERT INTO LANGUAGE_MAPPING (ID,LANGUAGE_ID,REFERENCE_ID,REFERENCE_TYPE,TEXT_VALUE) VALUES ('DERES_TYPE_DESC','2','RES_TYPE_ITEM','ResourceEntity.displayNameMap','Ressourcetypen');
INSERT INTO LANGUAGE_MAPPING (ID,LANGUAGE_ID,REFERENCE_ID,REFERENCE_TYPE,TEXT_VALUE) VALUES ('DERES_TYPE_NEW_DESC','2','RES_TYPE_NEW','ResourceEntity.displayNameMap','Neuer Ressourcetyp');
INSERT INTO LANGUAGE_MAPPING (ID,LANGUAGE_ID,REFERENCE_ID,REFERENCE_TYPE,TEXT_VALUE) VALUES ('DEMetadataTypeEntity65','2','RETIRED','MetadataTypeEntity.displayNameMap','PENSIONIERT');
INSERT INTO LANGUAGE_MAPPING (ID,LANGUAGE_ID,REFERENCE_ID,REFERENCE_TYPE,TEXT_VALUE) VALUES ('DEMetadataTypeEntity66','2','RJ','MetadataTypeEntity.displayNameMap','ABGEWIESEN');
INSERT INTO LANGUAGE_MAPPING (ID,LANGUAGE_ID,REFERENCE_ID,REFERENCE_TYPE,TEXT_VALUE) VALUES ('DEROLE_APROVER_ASSOC_DN','2','ROLE_APROVER_ASSOC','ResourceEntity.displayNameMap','Genehmigendenzuordnungen');
INSERT INTO LANGUAGE_MAPPING (ID,LANGUAGE_ID,REFERENCE_ID,REFERENCE_TYPE,TEXT_VALUE) VALUES ('DEROLE_EDIT_MENU_DESC','2','ROLE_EDIT_MENU','ResourceEntity.displayNameMap','Rollen Root Menu editieren');
INSERT INTO LANGUAGE_MAPPING (ID,LANGUAGE_ID,REFERENCE_ID,REFERENCE_TYPE,TEXT_VALUE) VALUES ('DEROLE_ENTITLEMENTS_DESC','2','ROLE_ENTITLEMENTS','ResourceEntity.displayNameMap','Rollenberechtigungen');
INSERT INTO LANGUAGE_MAPPING (ID,LANGUAGE_ID,REFERENCE_ID,REFERENCE_TYPE,TEXT_VALUE) VALUES ('DEROLE_MENUS_DESC','2','ROLE_MENUS','ResourceEntity.displayNameMap','Menus');
INSERT INTO LANGUAGE_MAPPING (ID,LANGUAGE_ID,REFERENCE_ID,REFERENCE_TYPE,TEXT_VALUE) VALUES ('DEROLE_ROOT_MENU_DESC','2','ROLE_ROOT_MENU','ResourceEntity.displayNameMap','Rollen Root Menu');
INSERT INTO LANGUAGE_MAPPING (ID,LANGUAGE_ID,REFERENCE_ID,REFERENCE_TYPE,TEXT_VALUE) VALUES ('DEROLE_SEARCH_DESC','2','ROLE_SEARCH','ResourceEntity.displayNameMap','Rolle suchen');
INSERT INTO LANGUAGE_MAPPING (ID,LANGUAGE_ID,REFERENCE_ID,REFERENCE_TYPE,TEXT_VALUE) VALUES ('DEMetadataTypeEntity67','2','SALES REP','MetadataTypeEntity.displayNameMap','VERKAUF');
INSERT INTO LANGUAGE_MAPPING (ID,LANGUAGE_ID,REFERENCE_ID,REFERENCE_TYPE,TEXT_VALUE) VALUES ('DEMetadataTypeEntity68','2','SCRIPT_Connector','MetadataTypeEntity.displayNameMap','Skript Konnektor');
INSERT INTO LANGUAGE_MAPPING (ID,LANGUAGE_ID,REFERENCE_ID,REFERENCE_TYPE,TEXT_VALUE) VALUES ('DESEARCH_BATCH_EDIT_DESC','2','SEARCH_BATCH_EDIT','ResourceEntity.displayNameMap','Stapelverarbeitungen suchen');
INSERT INTO LANGUAGE_MAPPING (ID,LANGUAGE_ID,REFERENCE_ID,REFERENCE_TYPE,TEXT_VALUE) VALUES ('DESEARCH_BATCH_NEW_DESC','2','SEARCH_BATCH_NEW','ResourceEntity.displayNameMap','Stapelverarbeitungen ssuchen');
INSERT INTO LANGUAGE_MAPPING (ID,LANGUAGE_ID,REFERENCE_ID,REFERENCE_TYPE,TEXT_VALUE) VALUES ('DEMetadataTypeEntity69','2','SECURITY MANAGER','MetadataTypeEntity.displayNameMap','SECURITY MANAGER');
INSERT INTO LANGUAGE_MAPPING (ID,LANGUAGE_ID,REFERENCE_ID,REFERENCE_TYPE,TEXT_VALUE) VALUES ('DESECURITY_GROUP_MENU_DISPLAY','2','SECURITY_GROUP','ResourceEntity.displayNameMap','Gruppe');
INSERT INTO LANGUAGE_MAPPING (ID,LANGUAGE_ID,REFERENCE_ID,REFERENCE_TYPE,TEXT_VALUE) VALUES ('DESECURITY_POLICY_MENU_DISPLAY','2','SECURITY_POLICY','ResourceEntity.displayNameMap','Richtlinien');
INSERT INTO LANGUAGE_MAPPING (ID,LANGUAGE_ID,REFERENCE_ID,REFERENCE_TYPE,TEXT_VALUE) VALUES ('DESECURITY_RES_MENU_DISPLAY','2','SECURITY_RES','ResourceEntity.displayNameMap','Ressource');
INSERT INTO LANGUAGE_MAPPING (ID,LANGUAGE_ID,REFERENCE_ID,REFERENCE_TYPE,TEXT_VALUE) VALUES ('DESECURITY_ROLE_MENU_DISPLAY','2','SECURITY_ROLE','ResourceEntity.displayNameMap','Rolle');
INSERT INTO LANGUAGE_MAPPING (ID,LANGUAGE_ID,REFERENCE_ID,REFERENCE_TYPE,TEXT_VALUE) VALUES ('DEMetadataTypeEntity70','2','SELECT','MetadataTypeEntity.displayNameMap','Combo box');
INSERT INTO LANGUAGE_MAPPING (ID,LANGUAGE_ID,REFERENCE_ID,REFERENCE_TYPE,TEXT_VALUE) VALUES ('DESELFCENTER_MENU_DISPLAY','2','SELFCENTER','ResourceEntity.displayNameMap','Self-Service Center');
INSERT INTO LANGUAGE_MAPPING (ID,LANGUAGE_ID,REFERENCE_ID,REFERENCE_TYPE,TEXT_VALUE) VALUES ('DESELFSERVE_SUP_SUB_DESC','2','SELFSERVE_SUP_SUB','ResourceEntity.displayNameMap','Vorgesetzte & Mitarbeiter');
INSERT INTO LANGUAGE_MAPPING (ID,LANGUAGE_ID,REFERENCE_ID,REFERENCE_TYPE,TEXT_VALUE) VALUES ('DESELFSERVICE_MENU_DISPLAY','2','SELFSERVICE','ResourceEntity.displayNameMap','SELF-SERVICE');
INSERT INTO LANGUAGE_MAPPING (ID,LANGUAGE_ID,REFERENCE_ID,REFERENCE_TYPE,TEXT_VALUE) VALUES ('DESELFSERVICE_EXT_DN','2','SELFSERVICE_EXT','ResourceEntity.displayNameMap','Self-Service Extension Root');
INSERT INTO LANGUAGE_MAPPING (ID,LANGUAGE_ID,REFERENCE_ID,REFERENCE_TYPE,TEXT_VALUE) VALUES ('DESELFSERVICE_GROUPS_DN','2','SELFSERVICE_GROUPS','ResourceEntity.displayNameMap','Gruppen');
INSERT INTO LANGUAGE_MAPPING (ID,LANGUAGE_ID,REFERENCE_ID,REFERENCE_TYPE,TEXT_VALUE) VALUES ('DESELFSERVICE_MYAPPS_DESC','2','SELFSERVICE_MYAPPS','ResourceEntity.displayNameMap','Meine Applikationen');
INSERT INTO LANGUAGE_MAPPING (ID,LANGUAGE_ID,REFERENCE_ID,REFERENCE_TYPE,TEXT_VALUE) VALUES ('DESELFSERVICE_MYINFO_DESC','2','SELFSERVICE_MYINFO','ResourceEntity.displayNameMap','Meine Informationen');
INSERT INTO LANGUAGE_MAPPING (ID,LANGUAGE_ID,REFERENCE_ID,REFERENCE_TYPE,TEXT_VALUE) VALUES ('DESELFSERVICE_REPORT_DESC','2','SELFSERVICE_REPORT','ResourceEntity.displayNameMap','Bericht');
INSERT INTO LANGUAGE_MAPPING (ID,LANGUAGE_ID,REFERENCE_ID,REFERENCE_TYPE,TEXT_VALUE) VALUES ('DESELFSERVICE_RESOURCES_DN','2','SELFSERVICE_RESOURCES','ResourceEntity.displayNameMap','Ressourcen');
INSERT INTO LANGUAGE_MAPPING (ID,LANGUAGE_ID,REFERENCE_ID,REFERENCE_TYPE,TEXT_VALUE) VALUES ('DESELFSERVICE_ROLES_DN','2','SELFSERVICE_ROLES','ResourceEntity.displayNameMap','Rollen');
INSERT INTO LANGUAGE_MAPPING (ID,LANGUAGE_ID,REFERENCE_ID,REFERENCE_TYPE,TEXT_VALUE) VALUES ('DESS_ACCESS_REVIEW_DESC','2','SELFSERV_ACCESS_REVIEW','ResourceEntity.displayNameMap','Zugriffsberprfung');
INSERT INTO LANGUAGE_MAPPING (ID,LANGUAGE_ID,REFERENCE_ID,REFERENCE_TYPE,TEXT_VALUE) VALUES ('DESELFSERV_GRP_BACK_SRCH_DN','2','SELFSERV_GRP_BACK_SRCH','ResourceEntity.displayNameMap','Zurck zur Suche');
INSERT INTO LANGUAGE_MAPPING (ID,LANGUAGE_ID,REFERENCE_ID,REFERENCE_TYPE,TEXT_VALUE) VALUES ('DESELFSERV_GRP_EDIT_DN','2','SELFSERV_GRP_EDIT','ResourceEntity.displayNameMap','Gruppe editieren');
INSERT INTO LANGUAGE_MAPPING (ID,LANGUAGE_ID,REFERENCE_ID,REFERENCE_TYPE,TEXT_VALUE) VALUES ('DESELFSERV_GRP_NEW_DN','2','SELFSERV_GRP_NEW','ResourceEntity.displayNameMap','Neue Gruppe erstellen');
INSERT INTO LANGUAGE_MAPPING (ID,LANGUAGE_ID,REFERENCE_ID,REFERENCE_TYPE,TEXT_VALUE) VALUES ('DESELFSERV_ROLE_NEW_DN','2','SELFSERV_ROLE_NEW','ResourceEntity.displayNameMap','Neue Rolle erstellen');
INSERT INTO LANGUAGE_MAPPING (ID,LANGUAGE_ID,REFERENCE_ID,REFERENCE_TYPE,TEXT_VALUE) VALUES ('DESELFSERV_USER_EDIT_DESC','2','SELFSERV_USER_EDIT','ResourceEntity.displayNameMap','Benutzer editieren');
INSERT INTO LANGUAGE_MAPPING (ID,LANGUAGE_ID,REFERENCE_ID,REFERENCE_TYPE,TEXT_VALUE) VALUES ('DESS_USR_EDIT_RT_DESC','2','SELFSERV_USER_EDIT_ROOT','ResourceEntity.displayNameMap','Self-Service Benutzer Root editieren');
INSERT INTO LANGUAGE_MAPPING (ID,LANGUAGE_ID,REFERENCE_ID,REFERENCE_TYPE,TEXT_VALUE) VALUES ('DESELFSERV_USER_MEMSHP_DES','2','SELFSERV_USER_MEMSHP','ResourceEntity.displayNameMap','Benutzerberechtigungen');
INSERT INTO LANGUAGE_MAPPING (ID,LANGUAGE_ID,REFERENCE_ID,REFERENCE_TYPE,TEXT_VALUE) VALUES ('DESELFSER_USER_LOGIN_DESC','2','SELFSER_USER_LOGIN','ResourceEntity.displayNameMap','Identitten');
INSERT INTO LANGUAGE_MAPPING (ID,LANGUAGE_ID,REFERENCE_ID,REFERENCE_TYPE,TEXT_VALUE) VALUES ('DESELFSER_USER_NEW_LOGIN_DESC','2','SELFSER_USER_NEW_LOGIN','ResourceEntity.displayNameMap','Neue Identitt erstellen');
INSERT INTO LANGUAGE_MAPPING (ID,LANGUAGE_ID,REFERENCE_ID,REFERENCE_TYPE,TEXT_VALUE) VALUES ('DESS_ACCESS_MNGMNT_ORG_DESC','2','SELFSRVS_ACCESS_MNGMNT_ORG','ResourceEntity.displayNameMap','Organisationen');
INSERT INTO LANGUAGE_MAPPING (ID,LANGUAGE_ID,REFERENCE_ID,REFERENCE_TYPE,TEXT_VALUE) VALUES ('DESELFSRV_EXAMPLE_DN','2','SELFSRV_EXAMPLE','ResourceEntity.displayNameMap','Beispiel');
INSERT INTO LANGUAGE_MAPPING (ID,LANGUAGE_ID,REFERENCE_ID,REFERENCE_TYPE,TEXT_VALUE) VALUES ('DESELFSRV_GRP_EDIT_ROOT_DESC','2','SELFSRV_GRP_EDIT_ROOT','ResourceEntity.displayNameMap','Self-Service Gruppe Root editieren');
INSERT INTO LANGUAGE_MAPPING (ID,LANGUAGE_ID,REFERENCE_ID,REFERENCE_TYPE,TEXT_VALUE) VALUES ('DESELFSRV_GRP_SRCH_ROOT_DESC','2','SELFSRV_GRP_SRCH_ROOT','ResourceEntity.displayNameMap','Self-Service Gruppe Root');
INSERT INTO LANGUAGE_MAPPING (ID,LANGUAGE_ID,REFERENCE_ID,REFERENCE_TYPE,TEXT_VALUE) VALUES ('DESELFSRV_RES_BACK_SRCH_DN','2','SELFSRV_RES_BACK_SRCH','ResourceEntity.displayNameMap','Zurck zur Suche');
INSERT INTO LANGUAGE_MAPPING (ID,LANGUAGE_ID,REFERENCE_ID,REFERENCE_TYPE,TEXT_VALUE) VALUES ('DESELFSRV_RES_EDIT_DN','2','SELFSRV_RES_EDIT','ResourceEntity.displayNameMap','Ressourcen editieren');
INSERT INTO LANGUAGE_MAPPING (ID,LANGUAGE_ID,REFERENCE_ID,REFERENCE_TYPE,TEXT_VALUE) VALUES ('DESELFSRV_RES_EDIT_ROOT_DESC','2','SELFSRV_RES_EDIT_ROOT','ResourceEntity.displayNameMap','Self-Service Gruppe Root editieren');
INSERT INTO LANGUAGE_MAPPING (ID,LANGUAGE_ID,REFERENCE_ID,REFERENCE_TYPE,TEXT_VALUE) VALUES ('DESELFSRV_RES_NEW_DN','2','SELFSRV_RES_NEW','ResourceEntity.displayNameMap','Neue Ressource erstellen');
INSERT INTO LANGUAGE_MAPPING (ID,LANGUAGE_ID,REFERENCE_ID,REFERENCE_TYPE,TEXT_VALUE) VALUES ('DESELFSRV_RES_SRCH_ROOT_DN','2','SELFSRV_RES_SRCH_ROOT','ResourceEntity.displayNameMap','Self-Service Ressource Root');
INSERT INTO LANGUAGE_MAPPING (ID,LANGUAGE_ID,REFERENCE_ID,REFERENCE_TYPE,TEXT_VALUE) VALUES ('DESELFSRV_ROLE_BACK_SRCH_DN','2','SELFSRV_ROLE_BACK_SRCH','ResourceEntity.displayNameMap','Zurck zur Suche');
INSERT INTO LANGUAGE_MAPPING (ID,LANGUAGE_ID,REFERENCE_ID,REFERENCE_TYPE,TEXT_VALUE) VALUES ('DESELFSRV_ROLE_EDIT_DN','2','SELFSRV_ROLE_EDIT','ResourceEntity.displayNameMap','Rolle editieren');
INSERT INTO LANGUAGE_MAPPING (ID,LANGUAGE_ID,REFERENCE_ID,REFERENCE_TYPE,TEXT_VALUE) VALUES ('DESELFSRV_ROLE_EDIT_ROOT_DESC','2','SELFSRV_ROLE_EDIT_ROOT','ResourceEntity.displayNameMap','Self-Service Rolle Root editieren');
INSERT INTO LANGUAGE_MAPPING (ID,LANGUAGE_ID,REFERENCE_ID,REFERENCE_TYPE,TEXT_VALUE) VALUES ('DESELFSRV_ROLE_SRCH_ROOT_DN','2','SELFSRV_ROLE_SRCH_ROOT','ResourceEntity.displayNameMap','Self-Service Rolle Root');
INSERT INTO LANGUAGE_MAPPING (ID,LANGUAGE_ID,REFERENCE_ID,REFERENCE_TYPE,TEXT_VALUE) VALUES ('DESELF_QUERYUSER_MENU_DISPLAY','2','SELF_QUERYUSER','ResourceEntity.displayNameMap','Benutzer verwalten');
INSERT INTO LANGUAGE_MAPPING (ID,LANGUAGE_ID,REFERENCE_ID,REFERENCE_TYPE,TEXT_VALUE) VALUES ('DESELF_SUB_ORGS_EDIT_DESC','2','SELF_SUB_ORGS_EDIT','ResourceEntity.displayNameMap','Organisation editieren');
INSERT INTO LANGUAGE_MAPPING (ID,LANGUAGE_ID,REFERENCE_ID,REFERENCE_TYPE,TEXT_VALUE) VALUES ('DESELF_SUB_ORGS_NEW_DESC','2','SELF_SUB_ORGS_NEW','ResourceEntity.displayNameMap','Neue Organisation');
INSERT INTO LANGUAGE_MAPPING (ID,LANGUAGE_ID,REFERENCE_ID,REFERENCE_TYPE,TEXT_VALUE) VALUES ('DESELF_SUB_ORGS_SEARCH_DESC','2','SELF_SUB_ORGS_SEARCH','ResourceEntity.displayNameMap','Organisation suchen');
INSERT INTO LANGUAGE_MAPPING (ID,LANGUAGE_ID,REFERENCE_ID,REFERENCE_TYPE,TEXT_VALUE) VALUES ('DESELF_SUB_REPORT_NEW_DSC','2','SELF_SUB_REPORT_NEW','ResourceEntity.displayNameMap','Bericht abonnieren');
INSERT INTO LANGUAGE_MAPPING (ID,LANGUAGE_ID,REFERENCE_ID,REFERENCE_TYPE,TEXT_VALUE) VALUES ('DESELF_SUB_REPORT_ROOT_DESC','2','SELF_SUB_REPORT_ROOT','ResourceEntity.displayNameMap','Abonnierung Bericht Root Menu');
INSERT INTO LANGUAGE_MAPPING (ID,LANGUAGE_ID,REFERENCE_ID,REFERENCE_TYPE,TEXT_VALUE) VALUES ('DESELF_VIEW_REPORT_NEW_DSC','2','SELF_VIEW_REPORT_NEW','ResourceEntity.displayNameMap','Neue Berichtsanzeige erstellen');
INSERT INTO LANGUAGE_MAPPING (ID,LANGUAGE_ID,REFERENCE_ID,REFERENCE_TYPE,TEXT_VALUE) VALUES ('DESELF_VIEW_REPORT_ROOT_DESC','2','SELF_VIEW_REPORT_ROOT','ResourceEntity.displayNameMap','Bericht Anzeige Root Menu');
INSERT INTO LANGUAGE_MAPPING (ID,LANGUAGE_ID,REFERENCE_ID,REFERENCE_TYPE,TEXT_VALUE) VALUES ('DEMetadataTypeEntity71','2','SERVICE REP','MetadataTypeEntity.displayNameMap','SERVICE REP');
INSERT INTO LANGUAGE_MAPPING (ID,LANGUAGE_ID,REFERENCE_ID,REFERENCE_TYPE,TEXT_VALUE) VALUES ('DEMetadataTypeEntity72','2','SOAP_Connector','MetadataTypeEntity.displayNameMap','SOAP Konnektor');
INSERT INTO LANGUAGE_MAPPING (ID,LANGUAGE_ID,REFERENCE_ID,REFERENCE_TYPE,TEXT_VALUE) VALUES ('DESS_GRP_ENT_DN','2','SS_GRP_ENT','ResourceEntity.displayNameMap','Berechtigungen');
INSERT INTO LANGUAGE_MAPPING (ID,LANGUAGE_ID,REFERENCE_ID,REFERENCE_TYPE,TEXT_VALUE) VALUES ('DESS_ORG_BACK_SEARCH_DN','2','SS_ORG_BACK_SEARCH','ResourceEntity.displayNameMap','Zurck zur Suche');
INSERT INTO LANGUAGE_MAPPING (ID,LANGUAGE_ID,REFERENCE_ID,REFERENCE_TYPE,TEXT_VALUE) VALUES ('DESS_RES_ENT_DN','2','SS_RES_ENT','ResourceEntity.displayNameMap','Berechtigungen');
INSERT INTO LANGUAGE_MAPPING (ID,LANGUAGE_ID,REFERENCE_ID,REFERENCE_TYPE,TEXT_VALUE) VALUES ('DESS_ROLE_ENT_DN','2','SS_ROLE_ENT','ResourceEntity.displayNameMap','Berechtigungen');
INSERT INTO LANGUAGE_MAPPING (ID,LANGUAGE_ID,REFERENCE_ID,REFERENCE_TYPE,TEXT_VALUE) VALUES ('DESUBSCRIBE_MENU_DESC','2','SUBSCRIBE','ResourceEntity.displayNameMap','Abonnieren');
INSERT INTO LANGUAGE_MAPPING (ID,LANGUAGE_ID,REFERENCE_ID,REFERENCE_TYPE,TEXT_VALUE) VALUES ('DESUBSIDIARY','2','SUBSIDIARY','OrganizationTypeEntity.displayNameMap','FILIALE');
INSERT INTO LANGUAGE_MAPPING (ID,LANGUAGE_ID,REFERENCE_ID,REFERENCE_TYPE,TEXT_VALUE) VALUES ('DESUP_SUB_PAGE_DIS','2','SUP_SUB_PAGE','ResourceEntity.displayNameMap','Vorgesetze & Mitarbeiter');
INSERT INTO LANGUAGE_MAPPING (ID,LANGUAGE_ID,REFERENCE_ID,REFERENCE_TYPE,TEXT_VALUE) VALUES ('DESYNCLOG_ADMIN_DESC','2','SYNCLOG','ResourceEntity.displayNameMap','Ansicht Protokolldatei');
INSERT INTO LANGUAGE_MAPPING (ID,LANGUAGE_ID,REFERENCE_ID,REFERENCE_TYPE,TEXT_VALUE) VALUES ('DESYNCLOG_DESC','2','SYNCLOG_MENU_ITEM','ResourceEntity.displayNameMap','Synchronisationtransaktionsprotokoll Ansicht');
INSERT INTO LANGUAGE_MAPPING (ID,LANGUAGE_ID,REFERENCE_ID,REFERENCE_TYPE,TEXT_VALUE) VALUES ('DESYNCUSER_MENU_DISPLAY','2','SYNCUSER','ResourceEntity.displayNameMap','Synchronisation');
INSERT INTO LANGUAGE_MAPPING (ID,LANGUAGE_ID,REFERENCE_ID,REFERENCE_TYPE,TEXT_VALUE) VALUES ('DESYNCUSER_EDIT_DESC','2','SYNCUSER_EDIT','ResourceEntity.displayNameMap','Synchronisation editieren');
INSERT INTO LANGUAGE_MAPPING (ID,LANGUAGE_ID,REFERENCE_ID,REFERENCE_TYPE,TEXT_VALUE) VALUES ('DESYNCUSER_DESC','2','SYNCUSER_MENU_ITEM','ResourceEntity.displayNameMap','Synchronisation');
INSERT INTO LANGUAGE_MAPPING (ID,LANGUAGE_ID,REFERENCE_ID,REFERENCE_TYPE,TEXT_VALUE) VALUES ('DESYNCUSER_NEW_DESC','2','SYNCUSER_NEW','ResourceEntity.displayNameMap','Synchronisation erstellen');
INSERT INTO LANGUAGE_MAPPING (ID,LANGUAGE_ID,REFERENCE_ID,REFERENCE_TYPE,TEXT_VALUE) VALUES ('DESYNCUSER_POLICYMAP_DESC','2','SYNCUSER_POLICYMAP','ResourceEntity.displayNameMap','Zuordnungsrichtlinien');
INSERT INTO LANGUAGE_MAPPING (ID,LANGUAGE_ID,REFERENCE_ID,REFERENCE_TYPE,TEXT_VALUE) VALUES ('DEMetadataTypeEntity73','2','SYS ACCOUNT','MetadataTypeEntity.displayNameMap','SYSTEMKONTO');
INSERT INTO LANGUAGE_MAPPING (ID,LANGUAGE_ID,REFERENCE_ID,REFERENCE_TYPE,TEXT_VALUE) VALUES ('DEMetadataTypeEntity74','2','SystemAccount','MetadataTypeEntity.displayNameMap','Systemkontotyp');
INSERT INTO LANGUAGE_MAPPING (ID,LANGUAGE_ID,REFERENCE_ID,REFERENCE_TYPE,TEXT_VALUE) VALUES ('DEMetadataTypeEntity75','2','SYS_ACTION','MetadataTypeEntity.displayNameMap','Systemaktionen');
INSERT INTO LANGUAGE_MAPPING (ID,LANGUAGE_ID,REFERENCE_ID,REFERENCE_TYPE,TEXT_VALUE) VALUES ('DESYS_ACTION','2','SYS_ACTION','ResourceTypeEntity.displayNameMap','Systemaktion');
INSERT INTO LANGUAGE_MAPPING (ID,LANGUAGE_ID,REFERENCE_ID,REFERENCE_TYPE,TEXT_VALUE) VALUES ('DETEMPLATE_SEARCH_CHILD_DESC','2','TEMPLATE_SEARCH_CHILD','ResourceEntity.displayNameMap','Seitentemplate');
INSERT INTO LANGUAGE_MAPPING (ID,LANGUAGE_ID,REFERENCE_ID,REFERENCE_TYPE,TEXT_VALUE) VALUES ('DEMetadataTypeEntity76','2','TERMINATE','MetadataTypeEntity.displayNameMap','TERMINATE');
INSERT INTO LANGUAGE_MAPPING (ID,LANGUAGE_ID,REFERENCE_ID,REFERENCE_TYPE,TEXT_VALUE) VALUES ('DEMetadataTypeEntity77','2','TEXT','MetadataTypeEntity.displayNameMap','Text Feld');
INSERT INTO LANGUAGE_MAPPING (ID,LANGUAGE_ID,REFERENCE_ID,REFERENCE_TYPE,TEXT_VALUE) VALUES ('DEMetadataTypeEntity78','2','TEXTAREA','MetadataTypeEntity.displayNameMap','Mehrzeiliges Text Feld');
INSERT INTO LANGUAGE_MAPPING (ID,LANGUAGE_ID,REFERENCE_ID,REFERENCE_TYPE,TEXT_VALUE) VALUES ('DEMetadataTypeEntity79','2','UB','MetadataTypeEntity.displayNameMap','UN-DISABLE');
INSERT INTO LANGUAGE_MAPPING (ID,LANGUAGE_ID,REFERENCE_ID,REFERENCE_TYPE,TEXT_VALUE) VALUES ('DEMetadataTypeEntity80','2','UI_TEMPLATE','MetadataTypeEntity.displayNameMap','UI_TEMPLATE');
INSERT INTO LANGUAGE_MAPPING (ID,LANGUAGE_ID,REFERENCE_ID,REFERENCE_TYPE,TEXT_VALUE) VALUES ('DEUI_TEMPLATE','2','UI_TEMPLATE','ResourceTypeEntity.displayNameMap','UI Template');
INSERT INTO LANGUAGE_MAPPING (ID,LANGUAGE_ID,REFERENCE_ID,REFERENCE_TYPE,TEXT_VALUE) VALUES ('DEUI_THEMES_DN','2','UI_THEMES','ResourceEntity.displayNameMap','UI Themen');
INSERT INTO LANGUAGE_MAPPING (ID,LANGUAGE_ID,REFERENCE_ID,REFERENCE_TYPE,TEXT_VALUE) VALUES ('DEUI_THEME_BACK_SRCH_DN','2','UI_THEME_BACK_SRCH','ResourceEntity.displayNameMap','Zurck zur Suche');
INSERT INTO LANGUAGE_MAPPING (ID,LANGUAGE_ID,REFERENCE_ID,REFERENCE_TYPE,TEXT_VALUE) VALUES ('DEUI_THEME_EDIT_DN','2','UI_THEME_EDIT','ResourceEntity.displayNameMap','UI Thema editieren');
INSERT INTO LANGUAGE_MAPPING (ID,LANGUAGE_ID,REFERENCE_ID,REFERENCE_TYPE,TEXT_VALUE) VALUES ('DEUI_THEME_EDIT_MODIFY_DN','2','UI_THEME_EDIT_MODIFY','ResourceEntity.displayNameMap','UI Thema editieren');
INSERT INTO LANGUAGE_MAPPING (ID,LANGUAGE_ID,REFERENCE_ID,REFERENCE_TYPE,TEXT_VALUE) VALUES ('DEUI_THEME_ROOT_DN','2','UI_THEME_ROOT','ResourceEntity.displayNameMap','UI Thema Root');
INSERT INTO LANGUAGE_MAPPING (ID,LANGUAGE_ID,REFERENCE_ID,REFERENCE_TYPE,TEXT_VALUE) VALUES ('DEUI_THEME_ROOT_SRCH_DN','2','UI_THEME_ROOT_SRCH','ResourceEntity.displayNameMap','UI Themen suchen');
INSERT INTO LANGUAGE_MAPPING (ID,LANGUAGE_ID,REFERENCE_ID,REFERENCE_TYPE,TEXT_VALUE) VALUES ('DEMetadataTypeEntity81','2','UI_WIDGET','MetadataTypeEntity.displayNameMap','UI_WIDGET');
INSERT INTO LANGUAGE_MAPPING (ID,LANGUAGE_ID,REFERENCE_ID,REFERENCE_TYPE,TEXT_VALUE) VALUES ('DEUI_WIDGET','2','UI_WIDGET','ResourceTypeEntity.displayNameMap','UI Widget');
INSERT INTO LANGUAGE_MAPPING (ID,LANGUAGE_ID,REFERENCE_ID,REFERENCE_TYPE,TEXT_VALUE) VALUES ('DEUPLOAD_CUST_PSWD_POLICY_DESC','2','UPLOAD_CUST_PSWD_POLICY','ResourceEntity.displayNameMap','Benutzerdefinierte Passwort Richtlinien');
INSERT INTO LANGUAGE_MAPPING (ID,LANGUAGE_ID,REFERENCE_ID,REFERENCE_TYPE,TEXT_VALUE) VALUES ('DEURI_META_BACK_DESC','2','URI_META_BACK','ResourceEntity.displayNameMap','Zurch zu den Pattern');
INSERT INTO LANGUAGE_MAPPING (ID,LANGUAGE_ID,REFERENCE_ID,REFERENCE_TYPE,TEXT_VALUE) VALUES ('DEURI_META_EDIT_DESC','2','URI_META_EDIT','ResourceEntity.displayNameMap','URI Meta Root Einheit');
INSERT INTO LANGUAGE_MAPPING (ID,LANGUAGE_ID,REFERENCE_ID,REFERENCE_TYPE,TEXT_VALUE) VALUES ('DEURI_PATTERN_EDIT_DESC','2','URI_PATTERN_EDIT','ResourceEntity.displayNameMap','URI Pattern Menu editieren');
INSERT INTO LANGUAGE_MAPPING (ID,LANGUAGE_ID,REFERENCE_ID,REFERENCE_TYPE,TEXT_VALUE) VALUES ('DEURI_PATTERN_EDNW_PATTERN_DESC','2','URI_PATTERN_EDIT_NEW_PATTERN','ResourceEntity.displayNameMap','URI Pattern erstellen');
INSERT INTO LANGUAGE_MAPPING (ID,LANGUAGE_ID,REFERENCE_ID,REFERENCE_TYPE,TEXT_VALUE) VALUES ('DEURI_PATTERN_EDIT_PATTERN_DESC','2','URI_PATTERN_EDIT_PATTERN','ResourceEntity.displayNameMap','URI Pattern editieren');
INSERT INTO LANGUAGE_MAPPING (ID,LANGUAGE_ID,REFERENCE_ID,REFERENCE_TYPE,TEXT_VALUE) VALUES ('DEURI_PTRN_EDT_PROV_SEARCH_DESC','2','URI_PATTERN_EDT_PROV_SEARCH','ResourceEntity.displayNameMap','Content Provider Suche');
INSERT INTO LANGUAGE_MAPPING (ID,LANGUAGE_ID,REFERENCE_ID,REFERENCE_TYPE,TEXT_VALUE) VALUES ('DEMetadataTypeEntity82','2','URL','MetadataTypeEntity.displayNameMap','URL');
INSERT INTO LANGUAGE_MAPPING (ID,LANGUAGE_ID,REFERENCE_ID,REFERENCE_TYPE,TEXT_VALUE) VALUES ('DEMetadataTypeEntity83','2','URL_PATTERN','MetadataTypeEntity.displayNameMap','Url Pattern');
INSERT INTO LANGUAGE_MAPPING (ID,LANGUAGE_ID,REFERENCE_ID,REFERENCE_TYPE,TEXT_VALUE) VALUES ('DEURL_PATTERN','2','URL_PATTERN','ResourceTypeEntity.displayNameMap','Url Pattern');
INSERT INTO LANGUAGE_MAPPING (ID,LANGUAGE_ID,REFERENCE_ID,REFERENCE_TYPE,TEXT_VALUE) VALUES ('DEUSER_MENU_DESC','2','USER','ResourceEntity.displayNameMap','Benutzer');
INSERT INTO LANGUAGE_MAPPING (ID,LANGUAGE_ID,REFERENCE_ID,REFERENCE_TYPE,TEXT_VALUE) VALUES ('DEUSER_ATTRIBUTES_DESC','2','USER_ATTRIBUTES','ResourceEntity.displayNameMap','Benutzer Attribute');
INSERT INTO LANGUAGE_MAPPING (ID,LANGUAGE_ID,REFERENCE_ID,REFERENCE_TYPE,TEXT_VALUE) VALUES ('DEUSER_BULK_MENU_DISPLAY','2','USER_BULK','ResourceEntity.displayNameMap','Benutzer Stapeloperationen');
INSERT INTO LANGUAGE_MAPPING (ID,LANGUAGE_ID,REFERENCE_ID,REFERENCE_TYPE,TEXT_VALUE) VALUES ('DEUSER_DELEGATION_DESC','2','USER_DELEGATION','ResourceEntity.displayNameMap','Benutzer Delegation Filter');
INSERT INTO LANGUAGE_MAPPING (ID,LANGUAGE_ID,REFERENCE_ID,REFERENCE_TYPE,TEXT_VALUE) VALUES ('DEUSER_EDIT_CONTACT_INFO_DESC','2','USER_EDIT_CONTACT_INFO','ResourceEntity.displayNameMap','Kontakt Info');
INSERT INTO LANGUAGE_MAPPING (ID,LANGUAGE_ID,REFERENCE_ID,REFERENCE_TYPE,TEXT_VALUE) VALUES ('DEUSER_EDIT_INFO_DESC','2','USER_EDIT_INFO','ResourceEntity.displayNameMap','Benutzer Info');
INSERT INTO LANGUAGE_MAPPING (ID,LANGUAGE_ID,REFERENCE_ID,REFERENCE_TYPE,TEXT_VALUE) VALUES ('DEUSER_EDIT_MENU_DESC','2','USER_EDIT_MENU','ResourceEntity.displayNameMap','Benutzer Root Menu editieren');
INSERT INTO LANGUAGE_MAPPING (ID,LANGUAGE_ID,REFERENCE_ID,REFERENCE_TYPE,TEXT_VALUE) VALUES ('DEUSER_ENTITLEMENTS_DESC','2','USER_ENTITLEMENTS','ResourceEntity.displayNameMap','Benutzer Berechtigungen');
INSERT INTO LANGUAGE_MAPPING (ID,LANGUAGE_ID,REFERENCE_ID,REFERENCE_TYPE,TEXT_VALUE) VALUES ('DEUSER_HISTORY_DESC','2','USER_HISTORY','ResourceEntity.displayNameMap','Benutzer Historie');
INSERT INTO LANGUAGE_MAPPING (ID,LANGUAGE_ID,REFERENCE_ID,REFERENCE_TYPE,TEXT_VALUE) VALUES ('DEUSER_IDENTITY_DESC','2','USER_IDENTITY','ResourceEntity.displayNameMap','Benutzer Identitten');
INSERT INTO LANGUAGE_MAPPING (ID,LANGUAGE_ID,REFERENCE_ID,REFERENCE_TYPE,TEXT_VALUE) VALUES ('DEUSER_MENUS_DESC','2','USER_MENUS','ResourceEntity.displayNameMap','Menus');
INSERT INTO LANGUAGE_MAPPING (ID,LANGUAGE_ID,REFERENCE_ID,REFERENCE_TYPE,TEXT_VALUE) VALUES ('DEUSER_RESET_PASSWORD_DESC','2','USER_RESET_PASSWORD','ResourceEntity.displayNameMap','Passwort zurcksetzen');
INSERT INTO LANGUAGE_MAPPING (ID,LANGUAGE_ID,REFERENCE_ID,REFERENCE_TYPE,TEXT_VALUE) VALUES ('DEUSER_ROOT_MENU_DESC','2','USER_ROOT_MENU','ResourceEntity.displayNameMap','Benutzer Root Menu');
INSERT INTO LANGUAGE_MAPPING (ID,LANGUAGE_ID,REFERENCE_ID,REFERENCE_TYPE,TEXT_VALUE) VALUES ('DEUSER_SEARCH_DESC','2','USER_SEARCH','ResourceEntity.displayNameMap','Benutzersuche');
INSERT INTO LANGUAGE_MAPPING (ID,LANGUAGE_ID,REFERENCE_ID,REFERENCE_TYPE,TEXT_VALUE) VALUES ('DEMetadataTypeEntity84','2','VENDOR','MetadataTypeEntity.displayNameMap','VENDOR');
INSERT INTO LANGUAGE_MAPPING (ID,LANGUAGE_ID,REFERENCE_ID,REFERENCE_TYPE,TEXT_VALUE) VALUES ('DEVIEW_MENU_DESC','2','VIEW','ResourceEntity.displayNameMap','Ansicht');
INSERT INTO LANGUAGE_MAPPING (ID,LANGUAGE_ID,REFERENCE_ID,REFERENCE_TYPE,TEXT_VALUE) VALUES ('DEMetadataTypeEntity85','2','WEBSERVICE','MetadataTypeEntity.displayNameMap','Web Service');
INSERT INTO LANGUAGE_MAPPING (ID,LANGUAGE_ID,REFERENCE_ID,REFERENCE_TYPE,TEXT_VALUE) VALUES ('DEMetadataTypeEntity86','2','WEBSERVICE_OP','MetadataTypeEntity.displayNameMap','Web Service Operation');
INSERT INTO LANGUAGE_MAPPING (ID,LANGUAGE_ID,REFERENCE_ID,REFERENCE_TYPE,TEXT_VALUE) VALUES ('DEWEB_REPORT_DESC','2','WEB_REPORT','ResourceEntity.displayNameMap','Bericht');
INSERT INTO LANGUAGE_MAPPING (ID,LANGUAGE_ID,REFERENCE_ID,REFERENCE_TYPE,TEXT_VALUE) VALUES ('DEWEB_REPORT_NEW_DSC','2','WEB_REPORT_NEW','ResourceEntity.displayNameMap','Neuen Bericht erstellen');
INSERT INTO LANGUAGE_MAPPING (ID,LANGUAGE_ID,REFERENCE_ID,REFERENCE_TYPE,TEXT_VALUE) VALUES ('DEWEB_REPORT_ROOT_DESC','2','WEB_REPORT_ROOT','ResourceEntity.displayNameMap','Bericht Root Menu');
INSERT INTO LANGUAGE_MAPPING (ID,LANGUAGE_ID,REFERENCE_ID,REFERENCE_TYPE,TEXT_VALUE) VALUES ('DEMetadataTypeEntity87','2','WORK_EMAIL','MetadataTypeEntity.displayNameMap','Email Geschft');

INSERT INTO LANGUAGE_MAPPING (ID,LANGUAGE_ID,REFERENCE_ID,REFERENCE_TYPE,TEXT_VALUE) VALUES ('LanguageEntity2','1','2','LanguageEntity.displayNameMap','German');
INSERT INTO LANGUAGE_MAPPING (ID,LANGUAGE_ID,REFERENCE_ID,REFERENCE_TYPE,TEXT_VALUE) VALUES ('ESLanguageEntity2','4','2','LanguageEntity.displayNameMap','Alemn');

----------------------------------------------------------------------------

delete from LANGUAGE_LOCALE where LANGUAGE_ID='8';
delete from LANGUAGE_MAPPING where LANGUAGE_ID='8';
delete from LANGUAGE_MAPPING where LANGUAGE_ID in ('1','4','2') AND REFERENCE_ID='8' AND REFERENCE_TYPE like 'Language%';
delete from LANGUAGE where ID='8';


insert into LANGUAGE(ID, LANGUAGE,  IS_USED, LANGUAGE_CODE, IS_DEFAULT)
values ('8', 'Russian', 'Y', 'ru', 'N');

insert into LANGUAGE_LOCALE(ID, LANGUAGE_ID,  LOCALE)
values ('10', '8', 'ru_RU');

Insert into LANGUAGE_MAPPING (ID,LANGUAGE_ID,REFERENCE_ID,REFERENCE_TYPE,TEXT_VALUE) values ('RUElementMigrate326','8','326','MetadataElementEntity.languageMap','registeredAddress');
Insert into LANGUAGE_MAPPING (ID,LANGUAGE_ID,REFERENCE_ID,REFERENCE_TYPE,TEXT_VALUE) values ('RUElementMigrate327','8','327','MetadataElementEntity.languageMap','destinationIndicator');
Insert into LANGUAGE_MAPPING (ID,LANGUAGE_ID,REFERENCE_ID,REFERENCE_TYPE,TEXT_VALUE) values ('RUElementMigrate328','8','328','MetadataElementEntity.languageMap','preferredDeliveryMethod');
Insert into LANGUAGE_MAPPING (ID,LANGUAGE_ID,REFERENCE_ID,REFERENCE_TYPE,TEXT_VALUE) values ('RUElementMigrate329','8','329','MetadataElementEntity.languageMap','presentationAddress');
Insert into LANGUAGE_MAPPING (ID,LANGUAGE_ID,REFERENCE_ID,REFERENCE_TYPE,TEXT_VALUE) values ('RUElementMigrate330','8','330','MetadataElementEntity.languageMap','supportedApplicationContext');
Insert into LANGUAGE_MAPPING (ID,LANGUAGE_ID,REFERENCE_ID,REFERENCE_TYPE,TEXT_VALUE) values ('RUElementMigrate331','8','331','MetadataElementEntity.languageMap','member');
Insert into LANGUAGE_MAPPING (ID,LANGUAGE_ID,REFERENCE_ID,REFERENCE_TYPE,TEXT_VALUE) values ('RUElementMigrate332','8','332','MetadataElementEntity.languageMap','owner');
Insert into LANGUAGE_MAPPING (ID,LANGUAGE_ID,REFERENCE_ID,REFERENCE_TYPE,TEXT_VALUE) values ('RUElementMigrate333','8','333','MetadataElementEntity.languageMap','roleOccupant');
Insert into LANGUAGE_MAPPING (ID,LANGUAGE_ID,REFERENCE_ID,REFERENCE_TYPE,TEXT_VALUE) values ('RUElementMigrate334','8','334','MetadataElementEntity.languageMap','seeAlso');
Insert into LANGUAGE_MAPPING (ID,LANGUAGE_ID,REFERENCE_ID,REFERENCE_TYPE,TEXT_VALUE) values ('RUElementMigrate335','8','335','MetadataElementEntity.languageMap','userPassword');
Insert into LANGUAGE_MAPPING (ID,LANGUAGE_ID,REFERENCE_ID,REFERENCE_TYPE,TEXT_VALUE) values ('RUElementMigrate336','8','336','MetadataElementEntity.languageMap','userCertificate');
Insert into LANGUAGE_MAPPING (ID,LANGUAGE_ID,REFERENCE_ID,REFERENCE_TYPE,TEXT_VALUE) values ('RUElementMigrate337','8','337','MetadataElementEntity.languageMap','cACertificate');
Insert into LANGUAGE_MAPPING (ID,LANGUAGE_ID,REFERENCE_ID,REFERENCE_TYPE,TEXT_VALUE) values ('RUElementMigrate338','8','338','MetadataElementEntity.languageMap','authorityRevocationList');
Insert into LANGUAGE_MAPPING (ID,LANGUAGE_ID,REFERENCE_ID,REFERENCE_TYPE,TEXT_VALUE) values ('RUElementMigrate339','8','339','MetadataElementEntity.languageMap','certificateRevocationList');
Insert into LANGUAGE_MAPPING (ID,LANGUAGE_ID,REFERENCE_ID,REFERENCE_TYPE,TEXT_VALUE) values ('RUElementMigrate340','8','340','MetadataElementEntity.languageMap','crossCertificatePair');
Insert into LANGUAGE_MAPPING (ID,LANGUAGE_ID,REFERENCE_ID,REFERENCE_TYPE,TEXT_VALUE) values ('RUElementMigrate341','8','341','MetadataElementEntity.languageMap','givenName');
Insert into LANGUAGE_MAPPING (ID,LANGUAGE_ID,REFERENCE_ID,REFERENCE_TYPE,TEXT_VALUE) values ('RUElementMigrate342','8','342','MetadataElementEntity.languageMap','initials');
Insert into LANGUAGE_MAPPING (ID,LANGUAGE_ID,REFERENCE_ID,REFERENCE_TYPE,TEXT_VALUE) values ('RUElementMigrate343','8','343','MetadataElementEntity.languageMap','generationQualifier');
Insert into LANGUAGE_MAPPING (ID,LANGUAGE_ID,REFERENCE_ID,REFERENCE_TYPE,TEXT_VALUE) values ('RUElementMigrate344','8','344','MetadataElementEntity.languageMap','x500UniqueIdentifier');
Insert into LANGUAGE_MAPPING (ID,LANGUAGE_ID,REFERENCE_ID,REFERENCE_TYPE,TEXT_VALUE) values ('RUElementMigrate346','8','346','MetadataElementEntity.languageMap','uniqueMember');
Insert into LANGUAGE_MAPPING (ID,LANGUAGE_ID,REFERENCE_ID,REFERENCE_TYPE,TEXT_VALUE) values ('RUElementMigrate347','8','347','MetadataElementEntity.languageMap','houseIdentifier');
Insert into LANGUAGE_MAPPING (ID,LANGUAGE_ID,REFERENCE_ID,REFERENCE_TYPE,TEXT_VALUE) values ('RUElementMigrate348','8','348','MetadataElementEntity.languageMap','uid');
Insert into LANGUAGE_MAPPING (ID,LANGUAGE_ID,REFERENCE_ID,REFERENCE_TYPE,TEXT_VALUE) values ('RUElementMigrate349','8','349','MetadataElementEntity.languageMap','mail');
Insert into LANGUAGE_MAPPING (ID,LANGUAGE_ID,REFERENCE_ID,REFERENCE_TYPE,TEXT_VALUE) values ('RUElementMigrate350','8','350','MetadataElementEntity.languageMap','ref');
Insert into LANGUAGE_MAPPING (ID,LANGUAGE_ID,REFERENCE_ID,REFERENCE_TYPE,TEXT_VALUE) values ('RUElementMigrate351','8','351','MetadataElementEntity.languageMap','referral');
Insert into LANGUAGE_MAPPING (ID,LANGUAGE_ID,REFERENCE_ID,REFERENCE_TYPE,TEXT_VALUE) values ('RUElementMigrate352','8','352','MetadataElementEntity.languageMap','krbName');
Insert into LANGUAGE_MAPPING (ID,LANGUAGE_ID,REFERENCE_ID,REFERENCE_TYPE,TEXT_VALUE) values ('RUElementMigrate401','8','401','MetadataElementEntity.languageMap','SUBMIT_USER_TO_CONNECTOR');
Insert into LANGUAGE_MAPPING (ID,LANGUAGE_ID,REFERENCE_ID,REFERENCE_TYPE,TEXT_VALUE) values ('RUElementMigrate402','8','402','MetadataElementEntity.languageMap','INCLUDE_IN_PASSWORD_SYNC');
Insert into LANGUAGE_MAPPING (ID,LANGUAGE_ID,REFERENCE_ID,REFERENCE_TYPE,TEXT_VALUE) values ('RUElementMigrate405','8','405','MetadataElementEntity.languageMap','INCLUDE_IN_SYNC');
Insert into LANGUAGE_MAPPING (ID,LANGUAGE_ID,REFERENCE_ID,REFERENCE_TYPE,TEXT_VALUE) values ('RUElementMigrate406','8','406','MetadataElementEntity.languageMap','TABLE_NAME');
Insert into LANGUAGE_MAPPING (ID,LANGUAGE_ID,REFERENCE_ID,REFERENCE_TYPE,TEXT_VALUE) values ('RUElementMigrate407','8','407','MetadataElementEntity.languageMap','GROUP_MEMBERSHIP_ENABLED');
Insert into LANGUAGE_MAPPING (ID,LANGUAGE_ID,REFERENCE_ID,REFERENCE_TYPE,TEXT_VALUE) values ('RUElementMigrate408','8','408','MetadataElementEntity.languageMap','ON_DELETE');
Insert into LANGUAGE_MAPPING (ID,LANGUAGE_ID,REFERENCE_ID,REFERENCE_TYPE,TEXT_VALUE) values ('RUElementMigrate409','8','409','MetadataElementEntity.languageMap','PRE_PROCESS');
Insert into LANGUAGE_MAPPING (ID,LANGUAGE_ID,REFERENCE_ID,REFERENCE_TYPE,TEXT_VALUE) values ('RUElementMigrate410','8','410','MetadataElementEntity.languageMap','POST_PROCESS');
Insert into LANGUAGE_MAPPING (ID,LANGUAGE_ID,REFERENCE_ID,REFERENCE_TYPE,TEXT_VALUE) values ('RUElementMigrate411','8','411','MetadataElementEntity.languageMap','HOST_URL');
Insert into LANGUAGE_MAPPING (ID,LANGUAGE_ID,REFERENCE_ID,REFERENCE_TYPE,TEXT_VALUE) values ('RUElementMigrate412','8','412','MetadataElementEntity.languageMap','BASE_DN');
Insert into LANGUAGE_MAPPING (ID,LANGUAGE_ID,REFERENCE_ID,REFERENCE_TYPE,TEXT_VALUE) values ('RUElementMigrate413','8','413','MetadataElementEntity.languageMap','HOST_LOGIN ID');
Insert into LANGUAGE_MAPPING (ID,LANGUAGE_ID,REFERENCE_ID,REFERENCE_TYPE,TEXT_VALUE) values ('RUElementMigrate415','8','415','MetadataElementEntity.languageMap','COMMUNICATION_PROTOCOL');
Insert into LANGUAGE_MAPPING (ID,LANGUAGE_ID,REFERENCE_ID,REFERENCE_TYPE,TEXT_VALUE) values ('RUElementMigrate416','8','416','MetadataElementEntity.languageMap','OBJECT_CLASS');
Insert into LANGUAGE_MAPPING (ID,LANGUAGE_ID,REFERENCE_ID,REFERENCE_TYPE,TEXT_VALUE) values ('RUElementMigrate418','8','418','MetadataElementEntity.languageMap','SEARCH_ATTRIBUTE');
Insert into LANGUAGE_MAPPING (ID,LANGUAGE_ID,REFERENCE_ID,REFERENCE_TYPE,TEXT_VALUE) values ('RUElementMigrate419','8','419','MetadataElementEntity.languageMap','MANAGED_SYS_ID');
Insert into LANGUAGE_MAPPING (ID,LANGUAGE_ID,REFERENCE_ID,REFERENCE_TYPE,TEXT_VALUE) values ('RUElementMigrate420','8','420','MetadataElementEntity.languageMap','DN_ATTRIBUTE');
Insert into LANGUAGE_MAPPING (ID,LANGUAGE_ID,REFERENCE_ID,REFERENCE_TYPE,TEXT_VALUE) values ('RUElementMigrate421','8','421','MetadataElementEntity.languageMap','PASSWORD');
Insert into LANGUAGE_MAPPING (ID,LANGUAGE_ID,REFERENCE_ID,REFERENCE_TYPE,TEXT_VALUE) values ('RUElementMigrate430','8','430','MetadataElementEntity.languageMap','END_POINT');
Insert into LANGUAGE_MAPPING (ID,LANGUAGE_ID,REFERENCE_ID,REFERENCE_TYPE,TEXT_VALUE) values ('RUElementMigrate440','8','440','MetadataElementEntity.languageMap','OPERATION_NAME');
Insert into LANGUAGE_MAPPING (ID,LANGUAGE_ID,REFERENCE_ID,REFERENCE_TYPE,TEXT_VALUE) values ('RUElementMigrate450','8','450','MetadataElementEntity.languageMap','URL');
Insert into LANGUAGE_MAPPING (ID,LANGUAGE_ID,REFERENCE_ID,REFERENCE_TYPE,TEXT_VALUE) values ('RUDEPARTMENT','8','DEPARTMENT','OrganizationTypeEntity.displayNameMap','');
Insert into LANGUAGE_MAPPING (ID,LANGUAGE_ID,REFERENCE_ID,REFERENCE_TYPE,TEXT_VALUE) values ('RUDIVISION','8','DIVISION','OrganizationTypeEntity.displayNameMap','');
Insert into LANGUAGE_MAPPING (ID,LANGUAGE_ID,REFERENCE_ID,REFERENCE_TYPE,TEXT_VALUE) values ('RUORGANIZATION','8','ORGANIZATION','OrganizationTypeEntity.displayNameMap','');
Insert into LANGUAGE_MAPPING (ID,LANGUAGE_ID,REFERENCE_ID,REFERENCE_TYPE,TEXT_VALUE) values ('RUSUBSIDIARY','8','SUBSIDIARY','OrganizationTypeEntity.displayNameMap',' ');
Insert into LANGUAGE_MAPPING (ID,LANGUAGE_ID,REFERENCE_ID,REFERENCE_TYPE,TEXT_VALUE) values ('RUSYS_ACTION','8','SYS_ACTION','ResourceTypeEntity.displayNameMap',' ');
Insert into LANGUAGE_MAPPING (ID,LANGUAGE_ID,REFERENCE_ID,REFERENCE_TYPE,TEXT_VALUE) values ('RUUI_TEMPLATE','8','UI_TEMPLATE','ResourceTypeEntity.displayNameMap','UI-');
Insert into LANGUAGE_MAPPING (ID,LANGUAGE_ID,REFERENCE_ID,REFERENCE_TYPE,TEXT_VALUE) values ('RUURL_PATTERN','8','URL_PATTERN','ResourceTypeEntity.displayNameMap',' URL');
Insert into LANGUAGE_MAPPING (ID,LANGUAGE_ID,REFERENCE_ID,REFERENCE_TYPE,TEXT_VALUE) values ('RUAUTH_PROVIDER','8','AUTH_PROVIDER','ResourceTypeEntity.displayNameMap',' ');
Insert into LANGUAGE_MAPPING (ID,LANGUAGE_ID,REFERENCE_ID,REFERENCE_TYPE,TEXT_VALUE) values ('RUAUTH_REPO','8','AUTH_REPO','ResourceTypeEntity.displayNameMap',' ');
Insert into LANGUAGE_MAPPING (ID,LANGUAGE_ID,REFERENCE_ID,REFERENCE_TYPE,TEXT_VALUE) values ('RUUI_WIDGET','8','UI_WIDGET','ResourceTypeEntity.displayNameMap','UI-');
Insert into LANGUAGE_MAPPING (ID,LANGUAGE_ID,REFERENCE_ID,REFERENCE_TYPE,TEXT_VALUE) values ('RUADMIN_RESOURCE','8','ADMIN_RESOURCE','ResourceTypeEntity.displayNameMap',' ');
Insert into LANGUAGE_MAPPING (ID,LANGUAGE_ID,REFERENCE_ID,REFERENCE_TYPE,TEXT_VALUE) values ('RUCONTENT_PROVIDER','8','CONTENT_PROVIDER','ResourceTypeEntity.displayNameMap','-');
Insert into LANGUAGE_MAPPING (ID,LANGUAGE_ID,REFERENCE_ID,REFERENCE_TYPE,TEXT_VALUE) values ('RUMANAGED_SYS','8','MANAGED_SYS','ResourceTypeEntity.displayNameMap',' ');
Insert into LANGUAGE_MAPPING (ID,LANGUAGE_ID,REFERENCE_ID,REFERENCE_TYPE,TEXT_VALUE) values ('RUMENU_ITEM','8','MENU_ITEM','ResourceTypeEntity.displayNameMap','');
Insert into LANGUAGE_MAPPING (ID,LANGUAGE_ID,REFERENCE_ID,REFERENCE_TYPE,TEXT_VALUE) values ('RU200','8','200','IdentityQuestionEntity.displayNameMap','       .');
Insert into LANGUAGE_MAPPING (ID,LANGUAGE_ID,REFERENCE_ID,REFERENCE_TYPE,TEXT_VALUE) values ('RU201','8','201','IdentityQuestionEntity.displayNameMap','    .');
Insert into LANGUAGE_MAPPING (ID,LANGUAGE_ID,REFERENCE_ID,REFERENCE_TYPE,TEXT_VALUE) values ('RU202','8','202','IdentityQuestionEntity.displayNameMap','    ?');
Insert into LANGUAGE_MAPPING (ID,LANGUAGE_ID,REFERENCE_ID,REFERENCE_TYPE,TEXT_VALUE) values ('RU203','8','203','IdentityQuestionEntity.displayNameMap','    ?');
Insert into LANGUAGE_MAPPING (ID,LANGUAGE_ID,REFERENCE_ID,REFERENCE_TYPE,TEXT_VALUE) values ('RU204','8','204','IdentityQuestionEntity.displayNameMap','   ?');
Insert into LANGUAGE_MAPPING (ID,LANGUAGE_ID,REFERENCE_ID,REFERENCE_TYPE,TEXT_VALUE) values ('RU205','8','205','IdentityQuestionEntity.displayNameMap','   ?');
Insert into LANGUAGE_MAPPING (ID,LANGUAGE_ID,REFERENCE_ID,REFERENCE_TYPE,TEXT_VALUE) values ('RU206','8','206','IdentityQuestionEntity.displayNameMap','    ?');
Insert into LANGUAGE_MAPPING (ID,LANGUAGE_ID,REFERENCE_ID,REFERENCE_TYPE,TEXT_VALUE) values ('RU207','8','207','IdentityQuestionEntity.displayNameMap','    ?');
Insert into LANGUAGE_MAPPING (ID,LANGUAGE_ID,REFERENCE_ID,REFERENCE_TYPE,TEXT_VALUE) values ('RU209','8','209','IdentityQuestionEntity.displayNameMap','       .');
Insert into LANGUAGE_MAPPING (ID,LANGUAGE_ID,REFERENCE_ID,REFERENCE_TYPE,TEXT_VALUE) values ('RU210','8','210','IdentityQuestionEntity.displayNameMap','   ?');
Insert into LANGUAGE_MAPPING (ID,LANGUAGE_ID,REFERENCE_ID,REFERENCE_TYPE,TEXT_VALUE) values ('RU211','8','211','IdentityQuestionEntity.displayNameMap','    .');
Insert into LANGUAGE_MAPPING (ID,LANGUAGE_ID,REFERENCE_ID,REFERENCE_TYPE,TEXT_VALUE) values ('RU212','8','212','IdentityQuestionEntity.displayNameMap','   ,   .');
Insert into LANGUAGE_MAPPING (ID,LANGUAGE_ID,REFERENCE_ID,REFERENCE_TYPE,TEXT_VALUE) values ('RU213','8','213','IdentityQuestionEntity.displayNameMap','    ?');
Insert into LANGUAGE_MAPPING (ID,LANGUAGE_ID,REFERENCE_ID,REFERENCE_TYPE,TEXT_VALUE) values ('RU214','8','214','IdentityQuestionEntity.displayNameMap','     / .');
Insert into LANGUAGE_MAPPING (ID,LANGUAGE_ID,REFERENCE_ID,REFERENCE_TYPE,TEXT_VALUE) values ('RU215','8','215','IdentityQuestionEntity.displayNameMap','     .');
Insert into LANGUAGE_MAPPING (ID,LANGUAGE_ID,REFERENCE_ID,REFERENCE_TYPE,TEXT_VALUE) values ('RU216','8','216','IdentityQuestionEntity.displayNameMap','        (-).');
Insert into LANGUAGE_MAPPING (ID,LANGUAGE_ID,REFERENCE_ID,REFERENCE_TYPE,TEXT_VALUE) values ('RU217','8','217','IdentityQuestionEntity.displayNameMap','     ?');
Insert into LANGUAGE_MAPPING (ID,LANGUAGE_ID,REFERENCE_ID,REFERENCE_TYPE,TEXT_VALUE) values ('RU218','8','218','IdentityQuestionEntity.displayNameMap','         ( -)?');
Insert into LANGUAGE_MAPPING (ID,LANGUAGE_ID,REFERENCE_ID,REFERENCE_TYPE,TEXT_VALUE) values ('RULANGUAGE_ADMIN1','8','LANGUAGE_ADMIN','ResourceEntity.displayNameMap','');
Insert into LANGUAGE_MAPPING (ID,LANGUAGE_ID,REFERENCE_ID,REFERENCE_TYPE,TEXT_VALUE) values ('RULANGUAGE_EDIT1','8','LANGUAGE_EDIT','ResourceEntity.displayNameMap',' ');
Insert into LANGUAGE_MAPPING (ID,LANGUAGE_ID,REFERENCE_ID,REFERENCE_TYPE,TEXT_VALUE) values ('RULANGUAGE_SEARCH1','8','LANGUAGE_SEARCH','ResourceEntity.displayNameMap','');
Insert into LANGUAGE_MAPPING (ID,LANGUAGE_ID,REFERENCE_ID,REFERENCE_TYPE,TEXT_VALUE) values ('RUBULK_OPS_DESC','8','BULK_OPS','ResourceEntity.displayNameMap','   ');
Insert into LANGUAGE_MAPPING (ID,LANGUAGE_ID,REFERENCE_ID,REFERENCE_TYPE,TEXT_VALUE) values ('RUMetadataTypeEntity56','8','SECURITY MANAGER','MetadataTypeEntity.displayNameMap',' ');
Insert into LANGUAGE_MAPPING (ID,LANGUAGE_ID,REFERENCE_ID,REFERENCE_TYPE,TEXT_VALUE) values ('RUMetadataTypeEntity61','8','ATTR','MetadataTypeEntity.displayNameMap','');
Insert into LANGUAGE_MAPPING (ID,LANGUAGE_ID,REFERENCE_ID,REFERENCE_TYPE,TEXT_VALUE) values ('RUMetadataTypeEntity66','8','OFF-LINE','MetadataTypeEntity.displayNameMap','');
Insert into LANGUAGE_MAPPING (ID,LANGUAGE_ID,REFERENCE_ID,REFERENCE_TYPE,TEXT_VALUE) values ('RUMetadataTypeEntity70','8','DELETED','MetadataTypeEntity.displayNameMap','');
Insert into LANGUAGE_MAPPING (ID,LANGUAGE_ID,REFERENCE_ID,REFERENCE_TYPE,TEXT_VALUE) values ('RUMetadataTypeEntity75','8','PENDING_START_DATE','MetadataTypeEntity.displayNameMap','  ');
Insert into LANGUAGE_MAPPING (ID,LANGUAGE_ID,REFERENCE_ID,REFERENCE_TYPE,TEXT_VALUE) values ('RUMetadataTypeEntity81','8','LOCKED_ADMIN','MetadataTypeEntity.displayNameMap',' ');
Insert into LANGUAGE_MAPPING (ID,LANGUAGE_ID,REFERENCE_ID,REFERENCE_TYPE,TEXT_VALUE) values ('RUMetadataTypeEntity86','8','SYS ACCOUNT','MetadataTypeEntity.displayNameMap','  ');
Insert into LANGUAGE_MAPPING (ID,LANGUAGE_ID,REFERENCE_ID,REFERENCE_TYPE,TEXT_VALUE) values ('RUMETA_ADMIN_DESC','8','META_ADMIN','ResourceEntity.displayNameMap',' ');
Insert into LANGUAGE_MAPPING (ID,LANGUAGE_ID,REFERENCE_ID,REFERENCE_TYPE,TEXT_VALUE) values ('RUMETA_TYPE_ADMIN_DESC','8','META_TYPE_ADMIN','ResourceEntity.displayNameMap',' ');
Insert into LANGUAGE_MAPPING (ID,LANGUAGE_ID,REFERENCE_ID,REFERENCE_TYPE,TEXT_VALUE) values ('RUMETA_TYPE_EDIT_DESC','8','META_TYPE_EDIT','ResourceEntity.displayNameMap','  ');
Insert into LANGUAGE_MAPPING (ID,LANGUAGE_ID,REFERENCE_ID,REFERENCE_TYPE,TEXT_VALUE) values ('RUMETA_EDIT_DESC','8','META_EDIT','ResourceEntity.displayNameMap','  ');
Insert into LANGUAGE_MAPPING (ID,LANGUAGE_ID,REFERENCE_ID,REFERENCE_TYPE,TEXT_VALUE) values ('RUMETA_SEARCH_DESC','8','META_SEARCH','ResourceEntity.displayNameMap',' ');
Insert into LANGUAGE_MAPPING (ID,LANGUAGE_ID,REFERENCE_ID,REFERENCE_TYPE,TEXT_VALUE) values ('RURES_TYPE_DESC','8','RES_TYPE_ITEM','ResourceEntity.displayNameMap',' ');
Insert into LANGUAGE_MAPPING (ID,LANGUAGE_ID,REFERENCE_ID,REFERENCE_TYPE,TEXT_VALUE) values ('RURES_TYPE_NEW_DESC','8','RES_TYPE_NEW','ResourceEntity.displayNameMap','  ');
Insert into LANGUAGE_MAPPING (ID,LANGUAGE_ID,REFERENCE_ID,REFERENCE_TYPE,TEXT_VALUE) values ('RUAUTH_LVL_GRP_NEW_ROOT_DN','8','AUTH_LVL_GRP_NEW_ROOT','ResourceEntity.displayNameMap','   ');
Insert into LANGUAGE_MAPPING (ID,LANGUAGE_ID,REFERENCE_ID,REFERENCE_TYPE,TEXT_VALUE) values ('RUAUTH_LVL_GRP_EDIT_ROOT_DN','8','AUTH_LVL_GRP_EDIT_ROOT','ResourceEntity.displayNameMap','    ');
Insert into LANGUAGE_MAPPING (ID,LANGUAGE_ID,REFERENCE_ID,REFERENCE_TYPE,TEXT_VALUE) values ('RUBACK_TO_AUTH_LVL_GRP_SRH_DN','8','BACK_TO_AUTH_LVL_GRP_SRH','ResourceEntity.displayNameMap','  ');
Insert into LANGUAGE_MAPPING (ID,LANGUAGE_ID,REFERENCE_ID,REFERENCE_TYPE,TEXT_VALUE) values ('RUAUTH_LVL_GRP_ATTR_DN','8','AUTH_LVL_GRP_ATTR','ResourceEntity.displayNameMap','     -  ');
Insert into LANGUAGE_MAPPING (ID,LANGUAGE_ID,REFERENCE_ID,REFERENCE_TYPE,TEXT_VALUE) values ('RUBACK_TO_AUTH_LVL_DN','8','BACK_TO_AUTH_LVL','ResourceEntity.displayNameMap','  ');
Insert into LANGUAGE_MAPPING (ID,LANGUAGE_ID,REFERENCE_ID,REFERENCE_TYPE,TEXT_VALUE) values ('RUAUTH_LEVEL_GRP_DN','8','AUTH_LEVEL_GRP','ResourceEntity.displayNameMap',' ');
Insert into LANGUAGE_MAPPING (ID,LANGUAGE_ID,REFERENCE_ID,REFERENCE_TYPE,TEXT_VALUE) values ('RUSELFSERVICE_EXT_DN','8','SELFSERVICE_EXT','ResourceEntity.displayNameMap',' SelfService -  ');
Insert into LANGUAGE_MAPPING (ID,LANGUAGE_ID,REFERENCE_ID,REFERENCE_TYPE,TEXT_VALUE) values ('RUSELFSRV_EXAMPLE_DN','8','SELFSRV_EXAMPLE','ResourceEntity.displayNameMap','');
Insert into LANGUAGE_MAPPING (ID,LANGUAGE_ID,REFERENCE_ID,REFERENCE_TYPE,TEXT_VALUE) values ('RUGROUP_ROOT_MENU_DESC','8','GROUP_ROOT_MENU','ResourceEntity.displayNameMap','');
Insert into LANGUAGE_MAPPING (ID,LANGUAGE_ID,REFERENCE_ID,REFERENCE_TYPE,TEXT_VALUE) values ('RUGROUP_SEARCH_DESC','8','GROUP_SEARCH','ResourceEntity.displayNameMap',' ');
Insert into LANGUAGE_MAPPING (ID,LANGUAGE_ID,REFERENCE_ID,REFERENCE_TYPE,TEXT_VALUE) values ('RUIDM_MENU_DISPLAY','8','IDM','ResourceEntity.displayNameMap','');
Insert into LANGUAGE_MAPPING (ID,LANGUAGE_ID,REFERENCE_ID,REFERENCE_TYPE,TEXT_VALUE) values ('RUIDQUEST_MENU_DISPLAY','8','IDQUEST','ResourceEntity.displayNameMap','  ');
Insert into LANGUAGE_MAPPING (ID,LANGUAGE_ID,REFERENCE_ID,REFERENCE_TYPE,TEXT_VALUE) values ('RULOCATION_MENU_DISPLAY','8','LOCATION','ResourceEntity.displayNameMap','');
Insert into LANGUAGE_MAPPING (ID,LANGUAGE_ID,REFERENCE_ID,REFERENCE_TYPE,TEXT_VALUE) values ('RUMANAGEREQ_MENU_DISPLAY','8','MANAGEREQ','ResourceEntity.displayNameMap',' ');
Insert into LANGUAGE_MAPPING (ID,LANGUAGE_ID,REFERENCE_ID,REFERENCE_TYPE,TEXT_VALUE) values ('RUMETADATA_MENU_DISPLAY','8','METADATA','ResourceEntity.displayNameMap','');
Insert into LANGUAGE_MAPPING (ID,LANGUAGE_ID,REFERENCE_ID,REFERENCE_TYPE,TEXT_VALUE) values ('RUMNGSYS_DESC','8','MNGSYS_MENU_ITEM','ResourceEntity.displayNameMap',' ');
Insert into LANGUAGE_MAPPING (ID,LANGUAGE_ID,REFERENCE_ID,REFERENCE_TYPE,TEXT_VALUE) values ('RUMNGSYS_DSC','8','MNGSYS_NEW','ResourceEntity.displayNameMap','  ');
Insert into LANGUAGE_MAPPING (ID,LANGUAGE_ID,REFERENCE_ID,REFERENCE_TYPE,TEXT_VALUE) values ('RUMNGSYS_MENU_DISPLAY','8','MNGSYS','ResourceEntity.displayNameMap',' ');
Insert into LANGUAGE_MAPPING (ID,LANGUAGE_ID,REFERENCE_ID,REFERENCE_TYPE,TEXT_VALUE) values ('RUNEWUSER-NOAPPRV_MENU_DISPLAY','8','NEWUSER-NOAPPRV','ResourceEntity.displayNameMap','   ');
Insert into LANGUAGE_MAPPING (ID,LANGUAGE_ID,REFERENCE_ID,REFERENCE_TYPE,TEXT_VALUE) values ('RUNEWUSER_MENU_DISPLAY','8','NEWUSER','ResourceEntity.displayNameMap',' ');
Insert into LANGUAGE_MAPPING (ID,LANGUAGE_ID,REFERENCE_ID,REFERENCE_TYPE,TEXT_VALUE) values ('RUNEW_GROUP_DESC','8','NEW_GROUP','ResourceEntity.displayNameMap','  ');
Insert into LANGUAGE_MAPPING (ID,LANGUAGE_ID,REFERENCE_ID,REFERENCE_TYPE,TEXT_VALUE) values ('RUNEW_ORG_DESC','8','NEW_ORG','ResourceEntity.displayNameMap','  ');
Insert into LANGUAGE_MAPPING (ID,LANGUAGE_ID,REFERENCE_ID,REFERENCE_TYPE,TEXT_VALUE) values ('RUNEW_ROLE_DESC','8','NEW_ROLE','ResourceEntity.displayNameMap','  ');
Insert into LANGUAGE_MAPPING (ID,LANGUAGE_ID,REFERENCE_ID,REFERENCE_TYPE,TEXT_VALUE) values ('RUNEW_USER_DESC','8','NEW_USER','ResourceEntity.displayNameMap','  ');
Insert into LANGUAGE_MAPPING (ID,LANGUAGE_ID,REFERENCE_ID,REFERENCE_TYPE,TEXT_VALUE) values ('RUORGANIZATION_EDIT_ID_DESC','8','ORGANIZATION_EDIT_ID','ResourceEntity.displayNameMap','  ');
Insert into LANGUAGE_MAPPING (ID,LANGUAGE_ID,REFERENCE_ID,REFERENCE_TYPE,TEXT_VALUE) values ('RUORGANIZATION_ROOT_ID_DESC','8','ORGANIZATION_ROOT_ID','ResourceEntity.displayNameMap','');
Insert into LANGUAGE_MAPPING (ID,LANGUAGE_ID,REFERENCE_ID,REFERENCE_TYPE,TEXT_VALUE) values ('RUORG_MEMBERSHIP_DESC','8','ORG_MEMBERSHIP','ResourceEntity.displayNameMap',' ');
Insert into LANGUAGE_MAPPING (ID,LANGUAGE_ID,REFERENCE_ID,REFERENCE_TYPE,TEXT_VALUE) values ('RUORG_MENU_DISPLAY','8','ORG','ResourceEntity.displayNameMap','');
Insert into LANGUAGE_MAPPING (ID,LANGUAGE_ID,REFERENCE_ID,REFERENCE_TYPE,TEXT_VALUE) values ('RUORG_SEARCH_DESC','8','ORG_SEARCH','ResourceEntity.displayNameMap',' ');
Insert into LANGUAGE_MAPPING (ID,LANGUAGE_ID,REFERENCE_ID,REFERENCE_TYPE,TEXT_VALUE) values ('RUPAGE_TMPLT_EDIT_DESC','8','PAGE_TEMPLATE_EDIT','ResourceEntity.displayNameMap','   ');
Insert into LANGUAGE_MAPPING (ID,LANGUAGE_ID,REFERENCE_ID,REFERENCE_TYPE,TEXT_VALUE) values ('RUPAGE_TMPLT_EDIT_NEW_DESC','8','PAGE_TEMPLATE_EDIT_NEW','ResourceEntity.displayNameMap',' ');
Insert into LANGUAGE_MAPPING (ID,LANGUAGE_ID,REFERENCE_ID,REFERENCE_TYPE,TEXT_VALUE) values ('RUPAGE_TMPLT_EDIT_SEARCH_DESC','8','PAGE_TEMPLATE_EDIT_SEARCH','ResourceEntity.displayNameMap','  ');
Insert into LANGUAGE_MAPPING (ID,LANGUAGE_ID,REFERENCE_ID,REFERENCE_TYPE,TEXT_VALUE) values ('RUPAGE_TMPLT_NEW_DSC','8','PAGE_TEMPLATE_NEW','ResourceEntity.displayNameMap','  ');
Insert into LANGUAGE_MAPPING (ID,LANGUAGE_ID,REFERENCE_ID,REFERENCE_TYPE,TEXT_VALUE) values ('RUPAGE_TMPLT_ROOT_DESC','8','PAGE_TEMPLATE_ROOT','ResourceEntity.displayNameMap',' ');
Insert into LANGUAGE_MAPPING (ID,LANGUAGE_ID,REFERENCE_ID,REFERENCE_TYPE,TEXT_VALUE) values ('RUPAGE_TMPLT_SEARCH_DESC','8','PAGE_TEMPLATE_SEARCH','ResourceEntity.displayNameMap','  ');
Insert into LANGUAGE_MAPPING (ID,LANGUAGE_ID,REFERENCE_ID,REFERENCE_TYPE,TEXT_VALUE) values ('RUPROFILE_MENU_DISPLAY','8','PROFILE','ResourceEntity.displayNameMap','  ');
Insert into LANGUAGE_MAPPING (ID,LANGUAGE_ID,REFERENCE_ID,REFERENCE_TYPE,TEXT_VALUE) values ('RUPROVCONNECT_DESC','8','PROVCONNECT_MENU_ITEM','ResourceEntity.displayNameMap',' ');
Insert into LANGUAGE_MAPPING (ID,LANGUAGE_ID,REFERENCE_ID,REFERENCE_TYPE,TEXT_VALUE) values ('RUPROVCONNECT_MENU_DISPLAY','8','PROVCONNECT','ResourceEntity.displayNameMap','');
Insert into LANGUAGE_MAPPING (ID,LANGUAGE_ID,REFERENCE_ID,REFERENCE_TYPE,TEXT_VALUE) values ('RUPROVISIONING_MENU_DISPLAY','8','PROVISIONING','ResourceEntity.displayNameMap','');
Insert into LANGUAGE_MAPPING (ID,LANGUAGE_ID,REFERENCE_ID,REFERENCE_TYPE,TEXT_VALUE) values ('RUPROV_CONNECTOR_DSC','8','PROV_CONNECTOR_NEW','ResourceEntity.displayNameMap','  ');
Insert into LANGUAGE_MAPPING (ID,LANGUAGE_ID,REFERENCE_ID,REFERENCE_TYPE,TEXT_VALUE) values ('RUREPORT_MENU_DISPLAY','8','REPORT','ResourceEntity.displayNameMap',' ');
Insert into LANGUAGE_MAPPING (ID,LANGUAGE_ID,REFERENCE_ID,REFERENCE_TYPE,TEXT_VALUE) values ('RUREQINBOX_MENU_DISPLAY','8','REQINBOX','ResourceEntity.displayNameMap','');
Insert into LANGUAGE_MAPPING (ID,LANGUAGE_ID,REFERENCE_ID,REFERENCE_TYPE,TEXT_VALUE) values ('RURESOURCE_EDIT_PAGE_ROOT_DIS','8','RESOURCE_EDIT_PAGE_ROOT','ResourceEntity.displayNameMap',' ');
Insert into LANGUAGE_MAPPING (ID,LANGUAGE_ID,REFERENCE_ID,REFERENCE_TYPE,TEXT_VALUE) values ('RURESPOLICYMAP_MENU_DISPLAY','8','RESPOLICYMAP','ResourceEntity.displayNameMap',' ');
Insert into LANGUAGE_MAPPING (ID,LANGUAGE_ID,REFERENCE_ID,REFERENCE_TYPE,TEXT_VALUE) values ('RURESRECONCILE_MENU_DISPLAY','8','RESRECONCILE','ResourceEntity.displayNameMap','');
Insert into LANGUAGE_MAPPING (ID,LANGUAGE_ID,REFERENCE_ID,REFERENCE_TYPE,TEXT_VALUE) values ('RURESSUMMARY_MENU_DISPLAY','8','RESSUMMARY','ResourceEntity.displayNameMap',' ');
Insert into LANGUAGE_MAPPING (ID,LANGUAGE_ID,REFERENCE_ID,REFERENCE_TYPE,TEXT_VALUE) values ('RURES_ENT_SUB_DIS','8','RES_ENT_SUB','ResourceEntity.displayNameMap','');
Insert into LANGUAGE_MAPPING (ID,LANGUAGE_ID,REFERENCE_ID,REFERENCE_TYPE,TEXT_VALUE) values ('RUROLE_EDIT_MENU_DESC','8','ROLE_EDIT_MENU','ResourceEntity.displayNameMap','  -  ');
Insert into LANGUAGE_MAPPING (ID,LANGUAGE_ID,REFERENCE_ID,REFERENCE_TYPE,TEXT_VALUE) values ('RUROLE_ENTITLEMENTS_DESC','8','ROLE_ENTITLEMENTS','ResourceEntity.displayNameMap',' ');
Insert into LANGUAGE_MAPPING (ID,LANGUAGE_ID,REFERENCE_ID,REFERENCE_TYPE,TEXT_VALUE) values ('RUROLE_MENUS_DESC','8','ROLE_MENUS','ResourceEntity.displayNameMap','');
Insert into LANGUAGE_MAPPING (ID,LANGUAGE_ID,REFERENCE_ID,REFERENCE_TYPE,TEXT_VALUE) values ('RUROLE_ROOT_MENU_DESC','8','ROLE_ROOT_MENU','ResourceEntity.displayNameMap','');
Insert into LANGUAGE_MAPPING (ID,LANGUAGE_ID,REFERENCE_ID,REFERENCE_TYPE,TEXT_VALUE) values ('RUROLE_SEARCH_DESC','8','ROLE_SEARCH','ResourceEntity.displayNameMap',' ');
Insert into LANGUAGE_MAPPING (ID,LANGUAGE_ID,REFERENCE_ID,REFERENCE_TYPE,TEXT_VALUE) values ('RUSECURITY_GROUP_MENU_DISPLAY','8','SECURITY_GROUP','ResourceEntity.displayNameMap','');
Insert into LANGUAGE_MAPPING (ID,LANGUAGE_ID,REFERENCE_ID,REFERENCE_TYPE,TEXT_VALUE) values ('RUSECURITY_POLICY_MENU_DISPLAY','8','SECURITY_POLICY','ResourceEntity.displayNameMap','');
Insert into LANGUAGE_MAPPING (ID,LANGUAGE_ID,REFERENCE_ID,REFERENCE_TYPE,TEXT_VALUE) values ('RUSECURITY_RES_MENU_DISPLAY','8','SECURITY_RES','ResourceEntity.displayNameMap','');
Insert into LANGUAGE_MAPPING (ID,LANGUAGE_ID,REFERENCE_ID,REFERENCE_TYPE,TEXT_VALUE) values ('RUSECURITY_ROLE_MENU_DISPLAY','8','SECURITY_ROLE','ResourceEntity.displayNameMap','');
Insert into LANGUAGE_MAPPING (ID,LANGUAGE_ID,REFERENCE_ID,REFERENCE_TYPE,TEXT_VALUE) values ('RUSELFCENTER_MENU_DISPLAY','8','SELFCENTER','ResourceEntity.displayNameMap',' ');
Insert into LANGUAGE_MAPPING (ID,LANGUAGE_ID,REFERENCE_ID,REFERENCE_TYPE,TEXT_VALUE) values ('RUSELFSERVICE_MENU_DISPLAY','8','SELFSERVICE','ResourceEntity.displayNameMap','');
Insert into LANGUAGE_MAPPING (ID,LANGUAGE_ID,REFERENCE_ID,REFERENCE_TYPE,TEXT_VALUE) values ('RUSELFSERVICE_MYAPPS_DESC','8','SELFSERVICE_MYAPPS','ResourceEntity.displayNameMap',' ');
Insert into LANGUAGE_MAPPING (ID,LANGUAGE_ID,REFERENCE_ID,REFERENCE_TYPE,TEXT_VALUE) values ('RUSELFSERVICE_MYINFO_DESC','8','SELFSERVICE_MYINFO','ResourceEntity.displayNameMap',' ');
Insert into LANGUAGE_MAPPING (ID,LANGUAGE_ID,REFERENCE_ID,REFERENCE_TYPE,TEXT_VALUE) values ('RUSELF_QUERYUSER_MENU_DISPLAY','8','SELF_QUERYUSER','ResourceEntity.displayNameMap',' ');
Insert into LANGUAGE_MAPPING (ID,LANGUAGE_ID,REFERENCE_ID,REFERENCE_TYPE,TEXT_VALUE) values ('RUSYNCUSER_MENU_DISPLAY','8','SYNCUSER','ResourceEntity.displayNameMap','');
Insert into LANGUAGE_MAPPING (ID,LANGUAGE_ID,REFERENCE_ID,REFERENCE_TYPE,TEXT_VALUE) values ('RUTEMPLATE_SEARCH_CHILD_DESC','8','TEMPLATE_SEARCH_CHILD','ResourceEntity.displayNameMap',' ');
Insert into LANGUAGE_MAPPING (ID,LANGUAGE_ID,REFERENCE_ID,REFERENCE_TYPE,TEXT_VALUE) values ('RUURI_META_BACK_DESC','8','URI_META_BACK','ResourceEntity.displayNameMap','  ');
Insert into LANGUAGE_MAPPING (ID,LANGUAGE_ID,REFERENCE_ID,REFERENCE_TYPE,TEXT_VALUE) values ('RUURI_META_EDIT_DESC','8','URI_META_EDIT','ResourceEntity.displayNameMap','URI Meta ');
Insert into LANGUAGE_MAPPING (ID,LANGUAGE_ID,REFERENCE_ID,REFERENCE_TYPE,TEXT_VALUE) values ('RUURI_PTRN_EDIT_DESC','8','URI_PATTERN_EDIT','ResourceEntity.displayNameMap','  URI-');
Insert into LANGUAGE_MAPPING (ID,LANGUAGE_ID,REFERENCE_ID,REFERENCE_TYPE,TEXT_VALUE) values ('RUURI_PTRN_EDIT_NEW_PATTERN_DES','8','URI_PATTERN_EDIT_NEW_PATTERN','ResourceEntity.displayNameMap',' URI-');
Insert into LANGUAGE_MAPPING (ID,LANGUAGE_ID,REFERENCE_ID,REFERENCE_TYPE,TEXT_VALUE) values ('RUURI_PTRN_EDIT_PATTERN_DESC','8','URI_PATTERN_EDIT_PATTERN','ResourceEntity.displayNameMap',' URI-');
Insert into LANGUAGE_MAPPING (ID,LANGUAGE_ID,REFERENCE_ID,REFERENCE_TYPE,TEXT_VALUE) values ('RUUSER_ATTRIBUTES_DESC','8','USER_ATTRIBUTES','ResourceEntity.displayNameMap',' ');
Insert into LANGUAGE_MAPPING (ID,LANGUAGE_ID,REFERENCE_ID,REFERENCE_TYPE,TEXT_VALUE) values ('RUUSER_BULK_MENU_DISPLAY','8','USER_BULK','ResourceEntity.displayNameMap','   ');
Insert into LANGUAGE_MAPPING (ID,LANGUAGE_ID,REFERENCE_ID,REFERENCE_TYPE,TEXT_VALUE) values ('RUUSER_DELEGATION_DESC','8','USER_DELEGATION','ResourceEntity.displayNameMap','  ');
Insert into LANGUAGE_MAPPING (ID,LANGUAGE_ID,REFERENCE_ID,REFERENCE_TYPE,TEXT_VALUE) values ('RUUSER_EDIT_CONTACT_INFO_DESC','8','USER_EDIT_CONTACT_INFO','ResourceEntity.displayNameMap',' ');
Insert into LANGUAGE_MAPPING (ID,LANGUAGE_ID,REFERENCE_ID,REFERENCE_TYPE,TEXT_VALUE) values ('RULanguageEntity4','8','4','LanguageEntity.displayNameMap','');
Insert into LANGUAGE_MAPPING (ID,LANGUAGE_ID,REFERENCE_ID,REFERENCE_TYPE,TEXT_VALUE) values ('RUEDIT_ORG_TYPE_DESC','8','EDIT_ORG_TYPE','ResourceEntity.displayNameMap','  ');
Insert into LANGUAGE_MAPPING (ID,LANGUAGE_ID,REFERENCE_ID,REFERENCE_TYPE,TEXT_VALUE) values ('RUBATCH_TASK_ROOT_DESC','8','BATCH_TASK_ROOT','ResourceEntity.displayNameMap',' ');
Insert into LANGUAGE_MAPPING (ID,LANGUAGE_ID,REFERENCE_ID,REFERENCE_TYPE,TEXT_VALUE) values ('RUEDIT_BATCH_TASK_DESC','8','EDIT_BATCH_TASK','ResourceEntity.displayNameMap','  ');
Insert into LANGUAGE_MAPPING (ID,LANGUAGE_ID,REFERENCE_ID,REFERENCE_TYPE,TEXT_VALUE) values ('RUMetadataTypeEntity1','8','ADGroup','MetadataTypeEntity.displayNameMap','AD- ');
Insert into LANGUAGE_MAPPING (ID,LANGUAGE_ID,REFERENCE_ID,REFERENCE_TYPE,TEXT_VALUE) values ('RUMetadataTypeEntity2','8','ADUser','MetadataTypeEntity.displayNameMap','AD- ');
Insert into LANGUAGE_MAPPING (ID,LANGUAGE_ID,REFERENCE_ID,REFERENCE_TYPE,TEXT_VALUE) values ('RUMetadataTypeEntity3','8','AD_Connector','MetadataTypeEntity.displayNameMap','AD-');
Insert into LANGUAGE_MAPPING (ID,LANGUAGE_ID,REFERENCE_ID,REFERENCE_TYPE,TEXT_VALUE) values ('RUMetadataTypeEntity4','8','AD_GROUP_TYPE','MetadataTypeEntity.displayNameMap','AD- ');
Insert into LANGUAGE_MAPPING (ID,LANGUAGE_ID,REFERENCE_ID,REFERENCE_TYPE,TEXT_VALUE) values ('RUMetadataTypeEntity5','8','AUTHENTICATION_PROVIDER','MetadataTypeEntity.displayNameMap',' ');
Insert into LANGUAGE_MAPPING (ID,LANGUAGE_ID,REFERENCE_ID,REFERENCE_TYPE,TEXT_VALUE) values ('RUMetadataTypeEntity6','8','AUTH_REPO','MetadataTypeEntity.displayNameMap',' ');
Insert into LANGUAGE_MAPPING (ID,LANGUAGE_ID,REFERENCE_ID,REFERENCE_TYPE,TEXT_VALUE) values ('RUMetadataTypeEntity7','8','CHECKBOX','MetadataTypeEntity.displayNameMap','');
Insert into LANGUAGE_MAPPING (ID,LANGUAGE_ID,REFERENCE_ID,REFERENCE_TYPE,TEXT_VALUE) values ('RUMetadataTypeEntity8','8','CONTENT_PROVIDER','MetadataTypeEntity.displayNameMap','-');
Insert into LANGUAGE_MAPPING (ID,LANGUAGE_ID,REFERENCE_ID,REFERENCE_TYPE,TEXT_VALUE) values ('RUMetadataTypeEntity9','8','Contractor','MetadataTypeEntity.displayNameMap',' ');
Insert into LANGUAGE_MAPPING (ID,LANGUAGE_ID,REFERENCE_ID,REFERENCE_TYPE,TEXT_VALUE) values ('RUMetadataTypeEntity10','8','DATE','MetadataTypeEntity.displayNameMap','  ');
Insert into LANGUAGE_MAPPING (ID,LANGUAGE_ID,REFERENCE_ID,REFERENCE_TYPE,TEXT_VALUE) values ('RUMetadataTypeEntity11','8','DEFAULT_GROUP','MetadataTypeEntity.displayNameMap','   ');
Insert into LANGUAGE_MAPPING (ID,LANGUAGE_ID,REFERENCE_ID,REFERENCE_TYPE,TEXT_VALUE) values ('RUMetadataTypeEntity12','8','departmentType','MetadataTypeEntity.displayNameMap','');
Insert into LANGUAGE_MAPPING (ID,LANGUAGE_ID,REFERENCE_ID,REFERENCE_TYPE,TEXT_VALUE) values ('RUMetadataTypeEntity13','8','DIRECTORY','MetadataTypeEntity.displayNameMap','');
Insert into LANGUAGE_MAPPING (ID,LANGUAGE_ID,REFERENCE_ID,REFERENCE_TYPE,TEXT_VALUE) values ('RUMetadataTypeEntity14','8','divisionType','MetadataTypeEntity.displayNameMap','');
Insert into LANGUAGE_MAPPING (ID,LANGUAGE_ID,REFERENCE_ID,REFERENCE_TYPE,TEXT_VALUE) values ('RUMetadataTypeEntity15','8','FILE','MetadataTypeEntity.displayNameMap','');
Insert into LANGUAGE_MAPPING (ID,LANGUAGE_ID,REFERENCE_ID,REFERENCE_TYPE,TEXT_VALUE) values ('RUMetadataTypeEntity16','8','GOOGLE_Connector','MetadataTypeEntity.displayNameMap','Google Apps-');
Insert into LANGUAGE_MAPPING (ID,LANGUAGE_ID,REFERENCE_ID,REFERENCE_TYPE,TEXT_VALUE) values ('RUMetadataTypeEntity17','8','InetOrgPerson','MetadataTypeEntity.displayNameMap','  InetOrgPerson');
Insert into LANGUAGE_MAPPING (ID,LANGUAGE_ID,REFERENCE_ID,REFERENCE_TYPE,TEXT_VALUE) values ('RUMetadataTypeEntity18','8','LdapOrgPerson','MetadataTypeEntity.displayNameMap','  LdapOrgPerson');
Insert into LANGUAGE_MAPPING (ID,LANGUAGE_ID,REFERENCE_ID,REFERENCE_TYPE,TEXT_VALUE) values ('RUMetadataTypeEntity19','8','LDAP_Connector','MetadataTypeEntity.displayNameMap','LDAP-');
Insert into LANGUAGE_MAPPING (ID,LANGUAGE_ID,REFERENCE_ID,REFERENCE_TYPE,TEXT_VALUE) values ('RUMetadataTypeEntity20','8','LDAP_GROUP_TYPE','MetadataTypeEntity.displayNameMap','  LDAP');
Insert into LANGUAGE_MAPPING (ID,LANGUAGE_ID,REFERENCE_ID,REFERENCE_TYPE,TEXT_VALUE) values ('RUMetadataTypeEntity21','8','LINUX_Connector','MetadataTypeEntity.displayNameMap','Linux-');
Insert into LANGUAGE_MAPPING (ID,LANGUAGE_ID,REFERENCE_ID,REFERENCE_TYPE,TEXT_VALUE) values ('RUMetadataTypeEntity22','8','MANAGED_SYS','MetadataTypeEntity.displayNameMap',' ');
Insert into LANGUAGE_MAPPING (ID,LANGUAGE_ID,REFERENCE_ID,REFERENCE_TYPE,TEXT_VALUE) values ('RUMetadataTypeEntity23','8','MENU_ITEM','MetadataTypeEntity.displayNameMap','  ');
Insert into LANGUAGE_MAPPING (ID,LANGUAGE_ID,REFERENCE_ID,REFERENCE_TYPE,TEXT_VALUE) values ('RUMetadataTypeEntity24','8','MULTI_SELECT','MetadataTypeEntity.displayNameMap',' ');
Insert into LANGUAGE_MAPPING (ID,LANGUAGE_ID,REFERENCE_ID,REFERENCE_TYPE,TEXT_VALUE) values ('RUMetadataTypeEntity25','8','NO-PROVISION-APP','MetadataTypeEntity.displayNameMap',',    ');
Insert into LANGUAGE_MAPPING (ID,LANGUAGE_ID,REFERENCE_ID,REFERENCE_TYPE,TEXT_VALUE) values ('RUMetadataTypeEntity26','8','OrgOpenIAM','MetadataTypeEntity.displayNameMap','OpenIAM');
Insert into LANGUAGE_MAPPING (ID,LANGUAGE_ID,REFERENCE_ID,REFERENCE_TYPE,TEXT_VALUE) values ('RUMetadataTypeEntity27','8','PASSWORD','MetadataTypeEntity.displayNameMap','   ');
Insert into LANGUAGE_MAPPING (ID,LANGUAGE_ID,REFERENCE_ID,REFERENCE_TYPE,TEXT_VALUE) values ('RUMetadataTypeEntity28','8','RADIO','MetadataTypeEntity.displayNameMap','');
Insert into LANGUAGE_MAPPING (ID,LANGUAGE_ID,REFERENCE_ID,REFERENCE_TYPE,TEXT_VALUE) values ('RUMetadataTypeEntity29','8','RDBMS_Connector','MetadataTypeEntity.displayNameMap','RDBMS-');
Insert into LANGUAGE_MAPPING (ID,LANGUAGE_ID,REFERENCE_ID,REFERENCE_TYPE,TEXT_VALUE) values ('RUMetadataTypeEntity30','8','SCRIPT_Connector','MetadataTypeEntity.displayNameMap','Script-');
Insert into LANGUAGE_MAPPING (ID,LANGUAGE_ID,REFERENCE_ID,REFERENCE_TYPE,TEXT_VALUE) values ('RUMetadataTypeEntity31','8','SELECT','MetadataTypeEntity.displayNameMap','  ');
Insert into LANGUAGE_MAPPING (ID,LANGUAGE_ID,REFERENCE_ID,REFERENCE_TYPE,TEXT_VALUE) values ('RUMetadataTypeEntity32','8','SOAP_Connector','MetadataTypeEntity.displayNameMap','SOAP-');
Insert into LANGUAGE_MAPPING (ID,LANGUAGE_ID,REFERENCE_ID,REFERENCE_TYPE,TEXT_VALUE) values ('RUMetadataTypeEntity33','8','SystemAccount','MetadataTypeEntity.displayNameMap','  ');
Insert into LANGUAGE_MAPPING (ID,LANGUAGE_ID,REFERENCE_ID,REFERENCE_TYPE,TEXT_VALUE) values ('RUMetadataTypeEntity34','8','SYS_ACTION','MetadataTypeEntity.displayNameMap',' ');
Insert into LANGUAGE_MAPPING (ID,LANGUAGE_ID,REFERENCE_ID,REFERENCE_TYPE,TEXT_VALUE) values ('RUMetadataTypeEntity35','8','TEXT','MetadataTypeEntity.displayNameMap',' ');
Insert into LANGUAGE_MAPPING (ID,LANGUAGE_ID,REFERENCE_ID,REFERENCE_TYPE,TEXT_VALUE) values ('RUMetadataTypeEntity36','8','TEXTAREA','MetadataTypeEntity.displayNameMap','  ');
Insert into LANGUAGE_MAPPING (ID,LANGUAGE_ID,REFERENCE_ID,REFERENCE_TYPE,TEXT_VALUE) values ('RUMetadataTypeEntity37','8','UI_TEMPLATE','MetadataTypeEntity.displayNameMap','UI-');
Insert into LANGUAGE_MAPPING (ID,LANGUAGE_ID,REFERENCE_ID,REFERENCE_TYPE,TEXT_VALUE) values ('RUMetadataTypeEntity38','8','UI_WIDGET','MetadataTypeEntity.displayNameMap','UI-');
Insert into LANGUAGE_MAPPING (ID,LANGUAGE_ID,REFERENCE_ID,REFERENCE_TYPE,TEXT_VALUE) values ('RUMetadataTypeEntity39','8','URL','MetadataTypeEntity.displayNameMap','URL');
Insert into LANGUAGE_MAPPING (ID,LANGUAGE_ID,REFERENCE_ID,REFERENCE_TYPE,TEXT_VALUE) values ('RUMetadataTypeEntity40','8','URL_PATTERN','MetadataTypeEntity.displayNameMap',' URL');
Insert into LANGUAGE_MAPPING (ID,LANGUAGE_ID,REFERENCE_ID,REFERENCE_TYPE,TEXT_VALUE) values ('RUMetadataTypeEntity41','8','WEBSERVICE','MetadataTypeEntity.displayNameMap','-');
Insert into LANGUAGE_MAPPING (ID,LANGUAGE_ID,REFERENCE_ID,REFERENCE_TYPE,TEXT_VALUE) values ('RUMetadataTypeEntity42','8','WEBSERVICE_OP','MetadataTypeEntity.displayNameMap',' -');
Insert into LANGUAGE_MAPPING (ID,LANGUAGE_ID,REFERENCE_ID,REFERENCE_TYPE,TEXT_VALUE) values ('RUMetadataTypeEntity43','8','WORK_EMAIL','MetadataTypeEntity.displayNameMap',' email');
Insert into LANGUAGE_MAPPING (ID,LANGUAGE_ID,REFERENCE_ID,REFERENCE_TYPE,TEXT_VALUE) values ('RUMetadataTypeEntity44','8','PRIMARY_EMAIL','MetadataTypeEntity.displayNameMap',' email');
Insert into LANGUAGE_MAPPING (ID,LANGUAGE_ID,REFERENCE_ID,REFERENCE_TYPE,TEXT_VALUE) values ('RUMetadataTypeEntity45','8','HOME_EMAIL','MetadataTypeEntity.displayNameMap',' email');
Insert into LANGUAGE_MAPPING (ID,LANGUAGE_ID,REFERENCE_ID,REFERENCE_TYPE,TEXT_VALUE) values ('RUMetadataTypeEntity46','8','OFFICE_PHONE','MetadataTypeEntity.displayNameMap',' ');
Insert into LANGUAGE_MAPPING (ID,LANGUAGE_ID,REFERENCE_ID,REFERENCE_TYPE,TEXT_VALUE) values ('RUMetadataTypeEntity47','8','CELL_PHONE','MetadataTypeEntity.displayNameMap',' ');
Insert into LANGUAGE_MAPPING (ID,LANGUAGE_ID,REFERENCE_ID,REFERENCE_TYPE,TEXT_VALUE) values ('RUMetadataTypeEntity48','8','HOME_PHONE','MetadataTypeEntity.displayNameMap',' ');
Insert into LANGUAGE_MAPPING (ID,LANGUAGE_ID,REFERENCE_ID,REFERENCE_TYPE,TEXT_VALUE) values ('RUMetadataTypeEntity49','8','OFFICE_ADDRESS','MetadataTypeEntity.displayNameMap',' ');
Insert into LANGUAGE_MAPPING (ID,LANGUAGE_ID,REFERENCE_ID,REFERENCE_TYPE,TEXT_VALUE) values ('RUMetadataTypeEntity50','8','HOME_ADDRESS','MetadataTypeEntity.displayNameMap',' ');
Insert into LANGUAGE_MAPPING (ID,LANGUAGE_ID,REFERENCE_ID,REFERENCE_TYPE,TEXT_VALUE) values ('RUMetadataTypeEntity51','8','ADMIN_RESOURCE','MetadataTypeEntity.displayNameMap',' ');
Insert into LANGUAGE_MAPPING (ID,LANGUAGE_ID,REFERENCE_ID,REFERENCE_TYPE,TEXT_VALUE) values ('RUMetadataTypeEntity52','8','KERBEROS_SERVICE_NAME','MetadataTypeEntity.displayNameMap','  Kerberos');
Insert into LANGUAGE_MAPPING (ID,LANGUAGE_ID,REFERENCE_ID,REFERENCE_TYPE,TEXT_VALUE) values ('RUMetadataTypeEntity53','8','KERBEROS_KEYTAB_FILE','MetadataTypeEntity.displayNameMap',' Kerberos Keytab');
Insert into LANGUAGE_MAPPING (ID,LANGUAGE_ID,REFERENCE_ID,REFERENCE_TYPE,TEXT_VALUE) values ('RUMetadataTypeEntity54','8','MANAGER','MetadataTypeEntity.displayNameMap','');
Insert into LANGUAGE_MAPPING (ID,LANGUAGE_ID,REFERENCE_ID,REFERENCE_TYPE,TEXT_VALUE) values ('RUMetadataTypeEntity55','8','SALES REP','MetadataTypeEntity.displayNameMap',' ');
Insert into LANGUAGE_MAPPING (ID,LANGUAGE_ID,REFERENCE_ID,REFERENCE_TYPE,TEXT_VALUE) values ('RUMetadataTypeEntity57','8','SERVICE REP','MetadataTypeEntity.displayNameMap','  ');
Insert into LANGUAGE_MAPPING (ID,LANGUAGE_ID,REFERENCE_ID,REFERENCE_TYPE,TEXT_VALUE) values ('RUMetadataTypeEntity58','8','ACCNT','MetadataTypeEntity.displayNameMap','');
Insert into LANGUAGE_MAPPING (ID,LANGUAGE_ID,REFERENCE_ID,REFERENCE_TYPE,TEXT_VALUE) values ('RUMetadataTypeEntity59','8','ADMGP','MetadataTypeEntity.displayNameMap',' ');
Insert into LANGUAGE_MAPPING (ID,LANGUAGE_ID,REFERENCE_ID,REFERENCE_TYPE,TEXT_VALUE) values ('RUMetadataTypeEntity60','8','ADMIN','MetadataTypeEntity.displayNameMap','');
Insert into LANGUAGE_MAPPING (ID,LANGUAGE_ID,REFERENCE_ID,REFERENCE_TYPE,TEXT_VALUE) values ('RUMetadataTypeEntity62','8','BL','MetadataTypeEntity.displayNameMap','');
Insert into LANGUAGE_MAPPING (ID,LANGUAGE_ID,REFERENCE_ID,REFERENCE_TYPE,TEXT_VALUE) values ('RUMetadataTypeEntity63','8','DL','MetadataTypeEntity.displayNameMap','');
Insert into LANGUAGE_MAPPING (ID,LANGUAGE_ID,REFERENCE_ID,REFERENCE_TYPE,TEXT_VALUE) values ('RUMetadataTypeEntity64','8','RJ','MetadataTypeEntity.displayNameMap','');
Insert into LANGUAGE_MAPPING (ID,LANGUAGE_ID,REFERENCE_ID,REFERENCE_TYPE,TEXT_VALUE) values ('RUMetadataTypeEntity65','8','UB','MetadataTypeEntity.displayNameMap','');
Insert into LANGUAGE_MAPPING (ID,LANGUAGE_ID,REFERENCE_ID,REFERENCE_TYPE,TEXT_VALUE) values ('RUMetadataTypeEntity67','8','READY','MetadataTypeEntity.displayNameMap','  ');
Insert into LANGUAGE_MAPPING (ID,LANGUAGE_ID,REFERENCE_ID,REFERENCE_TYPE,TEXT_VALUE) values ('RUMetadataTypeEntity68','8','ACTIVE','MetadataTypeEntity.displayNameMap','');
Insert into LANGUAGE_MAPPING (ID,LANGUAGE_ID,REFERENCE_ID,REFERENCE_TYPE,TEXT_VALUE) values ('RUMetadataTypeEntity69','8','APPROVAL_DECLINED','MetadataTypeEntity.displayNameMap',' ');
Insert into LANGUAGE_MAPPING (ID,LANGUAGE_ID,REFERENCE_ID,REFERENCE_TYPE,TEXT_VALUE) values ('RUMetadataTypeEntity71','8','INACTIVE','MetadataTypeEntity.displayNameMap','');
Insert into LANGUAGE_MAPPING (ID,LANGUAGE_ID,REFERENCE_ID,REFERENCE_TYPE,TEXT_VALUE) values ('RUMetadataTypeEntity72','8','LEAVE','MetadataTypeEntity.displayNameMap','');
Insert into LANGUAGE_MAPPING (ID,LANGUAGE_ID,REFERENCE_ID,REFERENCE_TYPE,TEXT_VALUE) values ('RUMetadataTypeEntity73','8','PENDING_APPROVAL','MetadataTypeEntity.displayNameMap','  ');
Insert into LANGUAGE_MAPPING (ID,LANGUAGE_ID,REFERENCE_ID,REFERENCE_TYPE,TEXT_VALUE) values ('RUMetadataTypeEntity74','8','PENDING_INITIAL_LOGIN','MetadataTypeEntity.displayNameMap','   ');
Insert into LANGUAGE_MAPPING (ID,LANGUAGE_ID,REFERENCE_ID,REFERENCE_TYPE,TEXT_VALUE) values ('RUMetadataTypeEntity76','8','PENDING_USER_VALIDATION','MetadataTypeEntity.displayNameMap','  ');
Insert into LANGUAGE_MAPPING (ID,LANGUAGE_ID,REFERENCE_ID,REFERENCE_TYPE,TEXT_VALUE) values ('RUMetadataTypeEntity77','8','RETIRED','MetadataTypeEntity.displayNameMap',' ');
Insert into LANGUAGE_MAPPING (ID,LANGUAGE_ID,REFERENCE_ID,REFERENCE_TYPE,TEXT_VALUE) values ('RUMetadataTypeEntity78','8','TERMINATE','MetadataTypeEntity.displayNameMap','');
Insert into LANGUAGE_MAPPING (ID,LANGUAGE_ID,REFERENCE_ID,REFERENCE_TYPE,TEXT_VALUE) values ('RUMetadataTypeEntity79','8','DISABLED','MetadataTypeEntity.displayNameMap','');
Insert into LANGUAGE_MAPPING (ID,LANGUAGE_ID,REFERENCE_ID,REFERENCE_TYPE,TEXT_VALUE) values ('RUMetadataTypeEntity80','8','LOCKED','MetadataTypeEntity.displayNameMap','');
Insert into LANGUAGE_MAPPING (ID,LANGUAGE_ID,REFERENCE_ID,REFERENCE_TYPE,TEXT_VALUE) values ('RUMetadataTypeEntity82','8','AFFILIATE','MetadataTypeEntity.displayNameMap','');
Insert into LANGUAGE_MAPPING (ID,LANGUAGE_ID,REFERENCE_ID,REFERENCE_TYPE,TEXT_VALUE) values ('RUMetadataTypeEntity83','8','CONTRACTOR TYPE','MetadataTypeEntity.displayNameMap','');
Insert into LANGUAGE_MAPPING (ID,LANGUAGE_ID,REFERENCE_ID,REFERENCE_TYPE,TEXT_VALUE) values ('RUMetadataTypeEntity84','8','PERM FULL TIME','MetadataTypeEntity.displayNameMap','  ');
Insert into LANGUAGE_MAPPING (ID,LANGUAGE_ID,REFERENCE_ID,REFERENCE_TYPE,TEXT_VALUE) values ('RUMetadataTypeEntity85','8','PERM PART TIME','MetadataTypeEntity.displayNameMap','  ');
Insert into LANGUAGE_MAPPING (ID,LANGUAGE_ID,REFERENCE_ID,REFERENCE_TYPE,TEXT_VALUE) values ('RUMetadataTypeEntity87','8','VENDOR','MetadataTypeEntity.displayNameMap','');
Insert into LANGUAGE_MAPPING (ID,LANGUAGE_ID,REFERENCE_ID,REFERENCE_TYPE,TEXT_VALUE) values ('RULanguageEntity1','8','1','LanguageEntity.displayNameMap','');
Insert into LANGUAGE_MAPPING (ID,LANGUAGE_ID,REFERENCE_ID,REFERENCE_TYPE,TEXT_VALUE) values ('RULanguageEntity7','8','8','LanguageEntity.displayNameMap','');
Insert into LANGUAGE_MAPPING (ID,LANGUAGE_ID,REFERENCE_ID,REFERENCE_TYPE,TEXT_VALUE) values ('RUCNT_PROV_NEW_EDIT_PUB_DESC','8','CONTENT_PROV_NEW_EDIT','ResourceEntity.displayNameMap','  ');
Insert into LANGUAGE_MAPPING (ID,LANGUAGE_ID,REFERENCE_ID,REFERENCE_TYPE,TEXT_VALUE) values ('RUAM_PROV_AM_ATTR_DESC','8','AM_PROV_AM_ATTR','ResourceEntity.displayNameMap',' ');
Insert into LANGUAGE_MAPPING (ID,LANGUAGE_ID,REFERENCE_ID,REFERENCE_TYPE,TEXT_VALUE) values ('RUAM_PROV_EDIT_CURRENT_DESC','8','AM_PROV_EDIT_CURRENT','ResourceEntity.displayNameMap',' ');
Insert into LANGUAGE_MAPPING (ID,LANGUAGE_ID,REFERENCE_ID,REFERENCE_TYPE,TEXT_VALUE) values ('RUAM_PROV_EDIT_DESC','8','AM_PROV_EDIT','ResourceEntity.displayNameMap','   ');
Insert into LANGUAGE_MAPPING (ID,LANGUAGE_ID,REFERENCE_ID,REFERENCE_TYPE,TEXT_VALUE) values ('RUAM_PROV_NEW_DSC','8','AM_PROV_NEW','ResourceEntity.displayNameMap','  ');
Insert into LANGUAGE_MAPPING (ID,LANGUAGE_ID,REFERENCE_ID,REFERENCE_TYPE,TEXT_VALUE) values ('RUAM_PROV_NEW_EDIT_PUB_DESC','8','AM_PROV_NEW_EDIT','ResourceEntity.displayNameMap','  ');
Insert into LANGUAGE_MAPPING (ID,LANGUAGE_ID,REFERENCE_ID,REFERENCE_TYPE,TEXT_VALUE) values ('RUAM_PROV_ROOT_DESC','8','AM_PROV_ROOT','ResourceEntity.displayNameMap',' ');
Insert into LANGUAGE_MAPPING (ID,LANGUAGE_ID,REFERENCE_ID,REFERENCE_TYPE,TEXT_VALUE) values ('RUAM_PROV_SEARCH_CHILD_PUB_DESC','8','AM_PROV_SEARCH_CHILD','ResourceEntity.displayNameMap','  ');
Insert into LANGUAGE_MAPPING (ID,LANGUAGE_ID,REFERENCE_ID,REFERENCE_TYPE,TEXT_VALUE) values ('RUAM_PROV_SEARCH_DESC','8','AM_PROV_SEARCH','ResourceEntity.displayNameMap',' ');
Insert into LANGUAGE_MAPPING (ID,LANGUAGE_ID,REFERENCE_ID,REFERENCE_TYPE,TEXT_VALUE) values ('RUAUDITREPORT_MENU_DISPLAY','8','AUDITREPORT','ResourceEntity.displayNameMap',' ');
Insert into LANGUAGE_MAPPING (ID,LANGUAGE_ID,REFERENCE_ID,REFERENCE_TYPE,TEXT_VALUE) values ('RUAUDIT_RPT_MENU_DISPLAY','8','AUDIT_RPT','ResourceEntity.displayNameMap',' ');
Insert into LANGUAGE_MAPPING (ID,LANGUAGE_ID,REFERENCE_ID,REFERENCE_TYPE,TEXT_VALUE) values ('RUBACK_TO_CP_DESC','8','BACK_TO_CP','ResourceEntity.displayNameMap','  -');
Insert into LANGUAGE_MAPPING (ID,LANGUAGE_ID,REFERENCE_ID,REFERENCE_TYPE,TEXT_VALUE) values ('RUBATCH_PROC_MENU_DISPLAY','8','BATCH_PROC','ResourceEntity.displayNameMap',' ');
Insert into LANGUAGE_MAPPING (ID,LANGUAGE_ID,REFERENCE_ID,REFERENCE_TYPE,TEXT_VALUE) values ('RUCHALLENGE_MENU_DISPLAY','8','CHALLENGE','ResourceEntity.displayNameMap','   ');
Insert into LANGUAGE_MAPPING (ID,LANGUAGE_ID,REFERENCE_ID,REFERENCE_TYPE,TEXT_VALUE) values ('RUCHNGPSWD_MENU_DISPLAY','8','CHNGPSWD','ResourceEntity.displayNameMap',' ');
Insert into LANGUAGE_MAPPING (ID,LANGUAGE_ID,REFERENCE_ID,REFERENCE_TYPE,TEXT_VALUE) values ('RUCNT_PROV_EDIT_CURRENT_DESC','8','CONTENT_PROV_EDIT_CURRENT','ResourceEntity.displayNameMap',' ');
Insert into LANGUAGE_MAPPING (ID,LANGUAGE_ID,REFERENCE_ID,REFERENCE_TYPE,TEXT_VALUE) values ('RUCNT_PROV_EDIT_DESC','8','CONTENT_PROV_EDIT','ResourceEntity.displayNameMap','  -');
Insert into LANGUAGE_MAPPING (ID,LANGUAGE_ID,REFERENCE_ID,REFERENCE_TYPE,TEXT_VALUE) values ('RUCNT_PROV_EDIT_SEARCH_DESC','8','CONTENT_PROV_EDIT_SEARCH','ResourceEntity.displayNameMap','  ');
Insert into LANGUAGE_MAPPING (ID,LANGUAGE_ID,REFERENCE_ID,REFERENCE_TYPE,TEXT_VALUE) values ('RUCNT_PROV_NEW_DSC','8','CONTENT_PROV_NEW','ResourceEntity.displayNameMap','  ');
Insert into LANGUAGE_MAPPING (ID,LANGUAGE_ID,REFERENCE_ID,REFERENCE_TYPE,TEXT_VALUE) values ('RUCNT_PROV_ROOT_DESC','8','CONTENT_PROV_ROOT','ResourceEntity.displayNameMap','-');
Insert into LANGUAGE_MAPPING (ID,LANGUAGE_ID,REFERENCE_ID,REFERENCE_TYPE,TEXT_VALUE) values ('RUCNT_PROV_SEARCH_CHILD_PUB_DE','8','CONTENT_PROV_SEARCH_CHILD','ResourceEntity.displayNameMap','-');
Insert into LANGUAGE_MAPPING (ID,LANGUAGE_ID,REFERENCE_ID,REFERENCE_TYPE,TEXT_VALUE) values ('RUCNT_PROV_SEARCH_DESC','8','CONTENT_PROV_SEARCH','ResourceEntity.displayNameMap',' -');
Insert into LANGUAGE_MAPPING (ID,LANGUAGE_ID,REFERENCE_ID,REFERENCE_TYPE,TEXT_VALUE) values ('RUCREATEREQ_MENU_DISPLAY','8','CREATEREQ','ResourceEntity.displayNameMap',' ');
Insert into LANGUAGE_MAPPING (ID,LANGUAGE_ID,REFERENCE_ID,REFERENCE_TYPE,TEXT_VALUE) values ('RUCR_RES_DISP_NAME','8','CREATE_RESOURCE_MENU','ResourceEntity.displayNameMap','  ');
Insert into LANGUAGE_MAPPING (ID,LANGUAGE_ID,REFERENCE_ID,REFERENCE_TYPE,TEXT_VALUE) values ('RUCUST_FIELD_EDIT_DESC','8','CUSTOM_FIELD_EDIT','ResourceEntity.displayNameMap','   ');
Insert into LANGUAGE_MAPPING (ID,LANGUAGE_ID,REFERENCE_ID,REFERENCE_TYPE,TEXT_VALUE) values ('RUCUST_FIELD_EDIT_NEW_DESC','8','CUSTOM_FIELD_EDIT_NEW','ResourceEntity.displayNameMap','   ');
Insert into LANGUAGE_MAPPING (ID,LANGUAGE_ID,REFERENCE_ID,REFERENCE_TYPE,TEXT_VALUE) values ('RUCUST_FIELD_EDIT_SEARCH_DESC','8','CUSTOM_FIELD_EDIT_SEARCH','ResourceEntity.displayNameMap','  ');
Insert into LANGUAGE_MAPPING (ID,LANGUAGE_ID,REFERENCE_ID,REFERENCE_TYPE,TEXT_VALUE) values ('RUCUST_FIELD_NEW_DSC','8','CUSTOM_FIELD_NEW','ResourceEntity.displayNameMap','   ');
Insert into LANGUAGE_MAPPING (ID,LANGUAGE_ID,REFERENCE_ID,REFERENCE_TYPE,TEXT_VALUE) values ('RUCUST_FIELD_ROOT_DESC','8','CUSTOM_FIELD_ROOT','ResourceEntity.displayNameMap',' ');
Insert into LANGUAGE_MAPPING (ID,LANGUAGE_ID,REFERENCE_ID,REFERENCE_TYPE,TEXT_VALUE) values ('RUCUST_FIELD_SEARCH_CHILD_DESC','8','CUSTOM_FIELD_SEARCH_CHILD','ResourceEntity.displayNameMap',' ');
Insert into LANGUAGE_MAPPING (ID,LANGUAGE_ID,REFERENCE_ID,REFERENCE_TYPE,TEXT_VALUE) values ('RUCUST_FIELD_SEARCH_DESC','8','CUSTOM_FIELD_SEARCH','ResourceEntity.displayNameMap','  ');
Insert into LANGUAGE_MAPPING (ID,LANGUAGE_ID,REFERENCE_ID,REFERENCE_TYPE,TEXT_VALUE) values ('RUDELG_FILTER_MENU_DISPLAY','8','DELG_FILTER','ResourceEntity.displayNameMap',' ');
Insert into LANGUAGE_MAPPING (ID,LANGUAGE_ID,REFERENCE_ID,REFERENCE_TYPE,TEXT_VALUE) values ('RUDIRECTORY_MENU_DISPLAY','8','DIRECTORY','ResourceEntity.displayNameMap','  ');
Insert into LANGUAGE_MAPPING (ID,LANGUAGE_ID,REFERENCE_ID,REFERENCE_TYPE,TEXT_VALUE) values ('RUEDIT_GROUP_DESC','8','EDIT_GROUP','ResourceEntity.displayNameMap',' ');
Insert into LANGUAGE_MAPPING (ID,LANGUAGE_ID,REFERENCE_ID,REFERENCE_TYPE,TEXT_VALUE) values ('RUEDIT_ORG_DESC','8','EDIT_ORG','ResourceEntity.displayNameMap',' ');
Insert into LANGUAGE_MAPPING (ID,LANGUAGE_ID,REFERENCE_ID,REFERENCE_TYPE,TEXT_VALUE) values ('RUEDIT_RESOURCE_DIS','8','EDIT_RESOURCE','ResourceEntity.displayNameMap',' ');
Insert into LANGUAGE_MAPPING (ID,LANGUAGE_ID,REFERENCE_ID,REFERENCE_TYPE,TEXT_VALUE) values ('RUEDIT_ROLE_DESC','8','EDIT_ROLE','ResourceEntity.displayNameMap',' ');
Insert into LANGUAGE_MAPPING (ID,LANGUAGE_ID,REFERENCE_ID,REFERENCE_TYPE,TEXT_VALUE) values ('RUGROUP_EDIT_MENU_DESC','8','GROUP_EDIT_MENU','ResourceEntity.displayNameMap','   ');
Insert into LANGUAGE_MAPPING (ID,LANGUAGE_ID,REFERENCE_ID,REFERENCE_TYPE,TEXT_VALUE) values ('RUGROUP_ENTITLEMENTS_DESC','8','GROUP_ENTITLEMENTS','ResourceEntity.displayNameMap',' ');
Insert into LANGUAGE_MAPPING (ID,LANGUAGE_ID,REFERENCE_ID,REFERENCE_TYPE,TEXT_VALUE) values ('RUGROUP_MENUS_DESC','8','GROUP_MENUS','ResourceEntity.displayNameMap','');
Insert into LANGUAGE_MAPPING (ID,LANGUAGE_ID,REFERENCE_ID,REFERENCE_TYPE,TEXT_VALUE) values ('RUSS_ACCESS_REVIEW_DESC','8','SELFSERV_ACCESS_REVIEW','ResourceEntity.displayNameMap',' ');
Insert into LANGUAGE_MAPPING (ID,LANGUAGE_ID,REFERENCE_ID,REFERENCE_TYPE,TEXT_VALUE) values ('RUREQUEST_APPROVAL_DESC','8','REQUEST_APPROVAL','ResourceEntity.displayNameMap',' ');
Insert into LANGUAGE_MAPPING (ID,LANGUAGE_ID,REFERENCE_ID,REFERENCE_TYPE,TEXT_VALUE) values ('RUSELFSERVICE_GROUPS_DN','8','SELFSERVICE_GROUPS','ResourceEntity.displayNameMap','');
Insert into LANGUAGE_MAPPING (ID,LANGUAGE_ID,REFERENCE_ID,REFERENCE_TYPE,TEXT_VALUE) values ('RUSELFSERVICE_ROLES_DN','8','SELFSERVICE_ROLES','ResourceEntity.displayNameMap','');
Insert into LANGUAGE_MAPPING (ID,LANGUAGE_ID,REFERENCE_ID,REFERENCE_TYPE,TEXT_VALUE) values ('RUSELFSERVICE_RESOURCES_DN','8','SELFSERVICE_RESOURCES','ResourceEntity.displayNameMap','');
Insert into LANGUAGE_MAPPING (ID,LANGUAGE_ID,REFERENCE_ID,REFERENCE_TYPE,TEXT_VALUE) values ('RUSS_ORG_BACK_SEARCH_DN','8','SS_ORG_BACK_SEARCH','ResourceEntity.displayNameMap','  ');
Insert into LANGUAGE_MAPPING (ID,LANGUAGE_ID,REFERENCE_ID,REFERENCE_TYPE,TEXT_VALUE) values ('RUSELFSRV_GRP_SRCH_ROOT_DESC','8','SELFSRV_GRP_SRCH_ROOT','ResourceEntity.displayNameMap','');
Insert into LANGUAGE_MAPPING (ID,LANGUAGE_ID,REFERENCE_ID,REFERENCE_TYPE,TEXT_VALUE) values ('RUSELFSERV_GRP_NEW_DN','8','SELFSERV_GRP_NEW','ResourceEntity.displayNameMap','  ');
Insert into LANGUAGE_MAPPING (ID,LANGUAGE_ID,REFERENCE_ID,REFERENCE_TYPE,TEXT_VALUE) values ('RUSELFSRV_GRP_EDIT_ROOT_DESC','8','SELFSRV_GRP_EDIT_ROOT','ResourceEntity.displayNameMap',' ');
Insert into LANGUAGE_MAPPING (ID,LANGUAGE_ID,REFERENCE_ID,REFERENCE_TYPE,TEXT_VALUE) values ('RUSELFSERV_GRP_EDIT_DN','8','SELFSERV_GRP_EDIT','ResourceEntity.displayNameMap',' ');
Insert into LANGUAGE_MAPPING (ID,LANGUAGE_ID,REFERENCE_ID,REFERENCE_TYPE,TEXT_VALUE) values ('RUSELFSERV_GRP_BACK_SRCH_DN','8','SELFSERV_GRP_BACK_SRCH','ResourceEntity.displayNameMap','  ');
Insert into LANGUAGE_MAPPING (ID,LANGUAGE_ID,REFERENCE_ID,REFERENCE_TYPE,TEXT_VALUE) values ('RUSELFSRV_ROLE_SRCH_ROOT_DN','8','SELFSRV_ROLE_SRCH_ROOT','ResourceEntity.displayNameMap','');
Insert into LANGUAGE_MAPPING (ID,LANGUAGE_ID,REFERENCE_ID,REFERENCE_TYPE,TEXT_VALUE) values ('RUSELFSERV_ROLE_NEW_DN','8','SELFSERV_ROLE_NEW','ResourceEntity.displayNameMap','  ');
Insert into LANGUAGE_MAPPING (ID,LANGUAGE_ID,REFERENCE_ID,REFERENCE_TYPE,TEXT_VALUE) values ('RUSELFSRV_ROLE_EDIT_ROOT_DESC','8','SELFSRV_ROLE_EDIT_ROOT','ResourceEntity.displayNameMap',' ');
Insert into LANGUAGE_MAPPING (ID,LANGUAGE_ID,REFERENCE_ID,REFERENCE_TYPE,TEXT_VALUE) values ('RUSELFSRV_ROLE_EDIT_DN','8','SELFSRV_ROLE_EDIT','ResourceEntity.displayNameMap',' ');
Insert into LANGUAGE_MAPPING (ID,LANGUAGE_ID,REFERENCE_ID,REFERENCE_TYPE,TEXT_VALUE) values ('RUSELFSRV_ROLE_BACK_SRCH_DN','8','SELFSRV_ROLE_BACK_SRCH','ResourceEntity.displayNameMap','  ');
Insert into LANGUAGE_MAPPING (ID,LANGUAGE_ID,REFERENCE_ID,REFERENCE_TYPE,TEXT_VALUE) values ('RUSELFSRV_RES_SRCH_ROOT_DN','8','SELFSRV_RES_SRCH_ROOT','ResourceEntity.displayNameMap','');
Insert into LANGUAGE_MAPPING (ID,LANGUAGE_ID,REFERENCE_ID,REFERENCE_TYPE,TEXT_VALUE) values ('RUSELFSRV_RES_NEW_DN','8','SELFSRV_RES_NEW','ResourceEntity.displayNameMap','  ');
Insert into LANGUAGE_MAPPING (ID,LANGUAGE_ID,REFERENCE_ID,REFERENCE_TYPE,TEXT_VALUE) values ('RUSELFSRV_RES_EDIT_ROOT_DESC','8','SELFSRV_RES_EDIT_ROOT','ResourceEntity.displayNameMap',' ');
Insert into LANGUAGE_MAPPING (ID,LANGUAGE_ID,REFERENCE_ID,REFERENCE_TYPE,TEXT_VALUE) values ('RUSELFSRV_RES_EDIT_DN','8','SELFSRV_RES_EDIT','ResourceEntity.displayNameMap',' ');
Insert into LANGUAGE_MAPPING (ID,LANGUAGE_ID,REFERENCE_ID,REFERENCE_TYPE,TEXT_VALUE) values ('RUSELFSRV_RES_BACK_SRCH_DN','8','SELFSRV_RES_BACK_SRCH','ResourceEntity.displayNameMap','  ');
Insert into LANGUAGE_MAPPING (ID,LANGUAGE_ID,REFERENCE_ID,REFERENCE_TYPE,TEXT_VALUE) values ('RUMENUS_SEARCH_DC','8','MENUS_SEARCH','ResourceEntity.displayNameMap','');
Insert into LANGUAGE_MAPPING (ID,LANGUAGE_ID,REFERENCE_ID,REFERENCE_TYPE,TEXT_VALUE) values ('RUUI_THEME_ROOT_DN','8','UI_THEME_ROOT','ResourceEntity.displayNameMap','   ');
Insert into LANGUAGE_MAPPING (ID,LANGUAGE_ID,REFERENCE_ID,REFERENCE_TYPE,TEXT_VALUE) values ('RUUI_THEME_ROOT_SRCH_DN','8','UI_THEME_ROOT_SRCH','ResourceEntity.displayNameMap','   ');
Insert into LANGUAGE_MAPPING (ID,LANGUAGE_ID,REFERENCE_ID,REFERENCE_TYPE,TEXT_VALUE) values ('RUNEW_UI_THEME_DN','8','NEW_UI_THEME','ResourceEntity.displayNameMap','   ');
Insert into LANGUAGE_MAPPING (ID,LANGUAGE_ID,REFERENCE_ID,REFERENCE_TYPE,TEXT_VALUE) values ('RUUI_THEME_EDIT_DN','8','UI_THEME_EDIT','ResourceEntity.displayNameMap','   ');
Insert into LANGUAGE_MAPPING (ID,LANGUAGE_ID,REFERENCE_ID,REFERENCE_TYPE,TEXT_VALUE) values ('RUUI_THEME_EDIT_MODIFY_DN','8','UI_THEME_EDIT_MODIFY','ResourceEntity.displayNameMap','   ');
Insert into LANGUAGE_MAPPING (ID,LANGUAGE_ID,REFERENCE_ID,REFERENCE_TYPE,TEXT_VALUE) values ('RUUI_THEMES_DN','8','UI_THEMES','ResourceEntity.displayNameMap','  ');
Insert into LANGUAGE_MAPPING (ID,LANGUAGE_ID,REFERENCE_ID,REFERENCE_TYPE,TEXT_VALUE) values ('RUSS_GRP_ENT_DN','8','SS_GRP_ENT','ResourceEntity.displayNameMap','');
Insert into LANGUAGE_MAPPING (ID,LANGUAGE_ID,REFERENCE_ID,REFERENCE_TYPE,TEXT_VALUE) values ('RUSS_ROLE_ENT_DN','8','SS_ROLE_ENT','ResourceEntity.displayNameMap','');
Insert into LANGUAGE_MAPPING (ID,LANGUAGE_ID,REFERENCE_ID,REFERENCE_TYPE,TEXT_VALUE) values ('RUSELFSERV_USER_EDIT_DESC','8','SELFSERV_USER_EDIT','ResourceEntity.displayNameMap',' ');
Insert into LANGUAGE_MAPPING (ID,LANGUAGE_ID,REFERENCE_ID,REFERENCE_TYPE,TEXT_VALUE) values ('RUSELFSERV_USER_MEMSHP_DES','8','SELFSERV_USER_MEMSHP','ResourceEntity.displayNameMap',' ');
Insert into LANGUAGE_MAPPING (ID,LANGUAGE_ID,REFERENCE_ID,REFERENCE_TYPE,TEXT_VALUE) values ('RUCHLLNG_RESP_QUESTION_DESC','8','CHALLENGE_RESPONSE_QUESTION','ResourceEntity.displayNameMap','   ');
Insert into LANGUAGE_MAPPING (ID,LANGUAGE_ID,REFERENCE_ID,REFERENCE_TYPE,TEXT_VALUE) values ('RUCHLLNG_RESP_QUEST_ROOT_DESC','8','CHALLENGE_RESPONSE_QUESTION_ROOT','ResourceEntity.displayNameMap','   ');
Insert into LANGUAGE_MAPPING (ID,LANGUAGE_ID,REFERENCE_ID,REFERENCE_TYPE,TEXT_VALUE) values ('RUCHLLNG_RESP_QUESTION_NEW_DSC','8','CHALLENGE_RESPONSE_QUESTION_NEW','ResourceEntity.displayNameMap','  ');
Insert into LANGUAGE_MAPPING (ID,LANGUAGE_ID,REFERENCE_ID,REFERENCE_TYPE,TEXT_VALUE) values ('RUSYNCUSER_EDIT_DESC','8','SYNCUSER_EDIT','ResourceEntity.displayNameMap',' ');
Insert into LANGUAGE_MAPPING (ID,LANGUAGE_ID,REFERENCE_ID,REFERENCE_TYPE,TEXT_VALUE) values ('RUSYNCUSER_POLICYMAP_DESC','8','SYNCUSER_POLICYMAP','ResourceEntity.displayNameMap',' ');
Insert into LANGUAGE_MAPPING (ID,LANGUAGE_ID,REFERENCE_ID,REFERENCE_TYPE,TEXT_VALUE) values ('RUWEB_REPORT_ROOT_DESC','8','WEB_REPORT_ROOT','ResourceEntity.displayNameMap','');
Insert into LANGUAGE_MAPPING (ID,LANGUAGE_ID,REFERENCE_ID,REFERENCE_TYPE,TEXT_VALUE) values ('RUWEB_REPORT_NEW_DSC','8','WEB_REPORT_NEW','ResourceEntity.displayNameMap','  ');
Insert into LANGUAGE_MAPPING (ID,LANGUAGE_ID,REFERENCE_ID,REFERENCE_TYPE,TEXT_VALUE) values ('RUCONF_POLICY_PAGE_DIS','8','CONF_POLICY_PAGE','ResourceEntity.displayNameMap',' IT-');
Insert into LANGUAGE_MAPPING (ID,LANGUAGE_ID,REFERENCE_ID,REFERENCE_TYPE,TEXT_VALUE) values ('RUORG_TYPE_SUBMENU_ROOT_DESC','8','ORG_TYPE_SUBMENU_ROOT','ResourceEntity.displayNameMap',' ');
Insert into LANGUAGE_MAPPING (ID,LANGUAGE_ID,REFERENCE_ID,REFERENCE_TYPE,TEXT_VALUE) values ('RUORG_TYPE_SUBMENU_EDIT_DESC','8','ORG_TYPE_SUBMENU_EDIT','ResourceEntity.displayNameMap','  ');
Insert into LANGUAGE_MAPPING (ID,LANGUAGE_ID,REFERENCE_ID,REFERENCE_TYPE,TEXT_VALUE) values ('RUORG_TYPE_SEARCH_DESC','8','ORG_TYPE_SEARCH','ResourceEntity.displayNameMap','  ');
Insert into LANGUAGE_MAPPING (ID,LANGUAGE_ID,REFERENCE_ID,REFERENCE_TYPE,TEXT_VALUE) values ('RUNEW_ORG_TYPE_DESC','8','NEW_ORG_TYPE','ResourceEntity.displayNameMap','  ');
Insert into LANGUAGE_MAPPING (ID,LANGUAGE_ID,REFERENCE_ID,REFERENCE_TYPE,TEXT_VALUE) values ('RUEDIT_ORG_MEMBERSHIP_DESC','8','EDIT_ORG_MEMBERSHIP','ResourceEntity.displayNameMap',' ');
Insert into LANGUAGE_MAPPING (ID,LANGUAGE_ID,REFERENCE_ID,REFERENCE_TYPE,TEXT_VALUE) values ('RUORG_TYPE_EDIT_SEARCH_DESC','8','ORG_TYPE_EDIT_SEARCH','ResourceEntity.displayNameMap','  ');
Insert into LANGUAGE_MAPPING (ID,LANGUAGE_ID,REFERENCE_ID,REFERENCE_TYPE,TEXT_VALUE) values ('RUEDIT_ORG_TYPE_IDMAN_DESC','8','EDIT_ORG_TYPE_IDMAN','ResourceEntity.displayNameMap',' ');
Insert into LANGUAGE_MAPPING (ID,LANGUAGE_ID,REFERENCE_ID,REFERENCE_TYPE,TEXT_VALUE) values ('RUSUP_SUB_PAGE_DIS','8','SUP_SUB_PAGE','ResourceEntity.displayNameMap','  ');
Insert into LANGUAGE_MAPPING (ID,LANGUAGE_ID,REFERENCE_ID,REFERENCE_TYPE,TEXT_VALUE) values ('RUSEARCH_BATCH_NEW_DESC','8','SEARCH_BATCH_NEW','ResourceEntity.displayNameMap','  ');
Insert into LANGUAGE_MAPPING (ID,LANGUAGE_ID,REFERENCE_ID,REFERENCE_TYPE,TEXT_VALUE) values ('RUNEW_BATCH_TASK_DESC','8','NEW_BATCH_TASK','ResourceEntity.displayNameMap','  ');
Insert into LANGUAGE_MAPPING (ID,LANGUAGE_ID,REFERENCE_ID,REFERENCE_TYPE,TEXT_VALUE) values ('RUBATCH_TASK_EDIT_DESC','8','BATCH_TASK_EDIT','ResourceEntity.displayNameMap','  ');
Insert into LANGUAGE_MAPPING (ID,LANGUAGE_ID,REFERENCE_ID,REFERENCE_TYPE,TEXT_VALUE) values ('RUSEARCH_BATCH_EDIT_DESC','8','SEARCH_BATCH_EDIT','ResourceEntity.displayNameMap','  ');
Insert into LANGUAGE_MAPPING (ID,LANGUAGE_ID,REFERENCE_ID,REFERENCE_TYPE,TEXT_VALUE) values ('RUADMIN_BATCH_TASKS_DESC','8','ADMIN_BATCH_TASKS','ResourceEntity.displayNameMap',' ');
Insert into LANGUAGE_MAPPING (ID,LANGUAGE_ID,REFERENCE_ID,REFERENCE_TYPE,TEXT_VALUE) values ('RUDIR_LOOKUP_PAGE_DIS','8','DIR_LOOKUP_PAGE','ResourceEntity.displayNameMap','  ');
Insert into LANGUAGE_MAPPING (ID,LANGUAGE_ID,REFERENCE_ID,REFERENCE_TYPE,TEXT_VALUE) values ('RUMANUALRECON_DESC','8','MANUALRECON','ResourceEntity.displayNameMap','Reconciliation ');
Insert into LANGUAGE_MAPPING (ID,LANGUAGE_ID,REFERENCE_ID,REFERENCE_TYPE,TEXT_VALUE) values ('RUSUBSCRIBE_MENU_DESC','8','SUBSCRIBE','ResourceEntity.displayNameMap','');
Insert into LANGUAGE_MAPPING (ID,LANGUAGE_ID,REFERENCE_ID,REFERENCE_TYPE,TEXT_VALUE) values ('RUVIEW_MENU_DESC','8','VIEW','ResourceEntity.displayNameMap','');
Insert into LANGUAGE_MAPPING (ID,LANGUAGE_ID,REFERENCE_ID,REFERENCE_TYPE,TEXT_VALUE) values ('RUSELF_SUB_REPORT_NEW_DSC','8','SELF_SUB_REPORT_NEW','ResourceEntity.displayNameMap','  ');
Insert into LANGUAGE_MAPPING (ID,LANGUAGE_ID,REFERENCE_ID,REFERENCE_TYPE,TEXT_VALUE) values ('RUSELF_VIEW_REPORT_ROOT_DESC','8','SELF_VIEW_REPORT_ROOT','ResourceEntity.displayNameMap',' ');
Insert into LANGUAGE_MAPPING (ID,LANGUAGE_ID,REFERENCE_ID,REFERENCE_TYPE,TEXT_VALUE) values ('RUSELF_VIEW_REPORT_NEW_DSC','8','SELF_VIEW_REPORT_NEW','ResourceEntity.displayNameMap','   ');
Insert into LANGUAGE_MAPPING (ID,LANGUAGE_ID,REFERENCE_ID,REFERENCE_TYPE,TEXT_VALUE) values ('RUSELFSERVE_SUP_SUB_DESC','8','SELFSERVE_SUP_SUB','ResourceEntity.displayNameMap','  ');
Insert into LANGUAGE_MAPPING (ID,LANGUAGE_ID,REFERENCE_ID,REFERENCE_TYPE,TEXT_VALUE) values ('RUSELFSER_USER_LOGIN_DESC','8','SELFSER_USER_LOGIN','ResourceEntity.displayNameMap','');
Insert into LANGUAGE_MAPPING (ID,LANGUAGE_ID,REFERENCE_ID,REFERENCE_TYPE,TEXT_VALUE) values ('RUACCESSCENTER_MENU_DISPLAY','8','ACCESSCENTER','ResourceEntity.displayNameMap',' ');
Insert into LANGUAGE_MAPPING (ID,LANGUAGE_ID,REFERENCE_ID,REFERENCE_TYPE,TEXT_VALUE) values ('RUWEB_REPORT_DESC','8','WEB_REPORT','ResourceEntity.displayNameMap','');
Insert into LANGUAGE_MAPPING (ID,LANGUAGE_ID,REFERENCE_ID,REFERENCE_TYPE,TEXT_VALUE) values ('RUSELFSERVICE_REPORT_DESC','8','SELFSERVICE_REPORT','ResourceEntity.displayNameMap','');
Insert into LANGUAGE_MAPPING (ID,LANGUAGE_ID,REFERENCE_ID,REFERENCE_TYPE,TEXT_VALUE) values ('RUSS_ACC_MNGMNT_ORG_DESC','8','SELFSRVS_ACCESS_MNGMNT_ORG','ResourceEntity.displayNameMap','');
Insert into LANGUAGE_MAPPING (ID,LANGUAGE_ID,REFERENCE_ID,REFERENCE_TYPE,TEXT_VALUE) values ('RUSS_ACC_MNGMNT_ORG_NEW_DESC','8','SELF_SUB_ORGS_NEW','ResourceEntity.displayNameMap',' ');
Insert into LANGUAGE_MAPPING (ID,LANGUAGE_ID,REFERENCE_ID,REFERENCE_TYPE,TEXT_VALUE) values ('RUSS_ACC_MG_ORG_SEARCH_DESC','8','SELF_SUB_ORGS_SEARCH','ResourceEntity.displayNameMap',' ');
Insert into LANGUAGE_MAPPING (ID,LANGUAGE_ID,REFERENCE_ID,REFERENCE_TYPE,TEXT_VALUE) values ('RUSYNCLOG_ADMIN_DESC','8','SYNCLOG','ResourceEntity.displayNameMap',' ');
Insert into LANGUAGE_MAPPING (ID,LANGUAGE_ID,REFERENCE_ID,REFERENCE_TYPE,TEXT_VALUE) values ('RUACC_CONTROL_MENU_DISPLAY','8','ACC_CONTROL','ResourceEntity.displayNameMap',' ');
Insert into LANGUAGE_MAPPING (ID,LANGUAGE_ID,REFERENCE_ID,REFERENCE_TYPE,TEXT_VALUE) values ('RUElementMigrate101','8','101','MetadataElementEntity.languageMap','Display Name');
Insert into LANGUAGE_MAPPING (ID,LANGUAGE_ID,REFERENCE_ID,REFERENCE_TYPE,TEXT_VALUE) values ('RUElementMigrate104','8','104','MetadataElementEntity.languageMap','Preferred Language');
Insert into LANGUAGE_MAPPING (ID,LANGUAGE_ID,REFERENCE_ID,REFERENCE_TYPE,TEXT_VALUE) values ('RUElementMigrate105','8','105','MetadataElementEntity.languageMap','VehicleLicense');
Insert into LANGUAGE_MAPPING (ID,LANGUAGE_ID,REFERENCE_ID,REFERENCE_TYPE,TEXT_VALUE) values ('RUElementMigrate106','8','106','MetadataElementEntity.languageMap','Given Name');
Insert into LANGUAGE_MAPPING (ID,LANGUAGE_ID,REFERENCE_ID,REFERENCE_TYPE,TEXT_VALUE) values ('RUElementMigrate107','8','107','MetadataElementEntity.languageMap','LabeledURI');
Insert into LANGUAGE_MAPPING (ID,LANGUAGE_ID,REFERENCE_ID,REFERENCE_TYPE,TEXT_VALUE) values ('RUElementMigrate108','8','108','MetadataElementEntity.languageMap','Initials');
Insert into LANGUAGE_MAPPING (ID,LANGUAGE_ID,REFERENCE_ID,REFERENCE_TYPE,TEXT_VALUE) values ('RUElementMigrate110','8','110','MetadataElementEntity.languageMap','BusinessCategory');
Insert into LANGUAGE_MAPPING (ID,LANGUAGE_ID,REFERENCE_ID,REFERENCE_TYPE,TEXT_VALUE) values ('RUElementMigrate131','8','131','MetadataElementEntity.languageMap','Display Name');
Insert into LANGUAGE_MAPPING (ID,LANGUAGE_ID,REFERENCE_ID,REFERENCE_TYPE,TEXT_VALUE) values ('RUElementMigrate134','8','134','MetadataElementEntity.languageMap','Preferred Language');
Insert into LANGUAGE_MAPPING (ID,LANGUAGE_ID,REFERENCE_ID,REFERENCE_TYPE,TEXT_VALUE) values ('RUElementMigrate135','8','135','MetadataElementEntity.languageMap','VehicleLicense');
Insert into LANGUAGE_MAPPING (ID,LANGUAGE_ID,REFERENCE_ID,REFERENCE_TYPE,TEXT_VALUE) values ('RUElementMigrate136','8','136','MetadataElementEntity.languageMap','Given Name');
Insert into LANGUAGE_MAPPING (ID,LANGUAGE_ID,REFERENCE_ID,REFERENCE_TYPE,TEXT_VALUE) values ('RUElementMigrate137','8','137','MetadataElementEntity.languageMap','LabeledURI');
Insert into LANGUAGE_MAPPING (ID,LANGUAGE_ID,REFERENCE_ID,REFERENCE_TYPE,TEXT_VALUE) values ('RUElementMigrate138','8','138','MetadataElementEntity.languageMap','Initials');
Insert into LANGUAGE_MAPPING (ID,LANGUAGE_ID,REFERENCE_ID,REFERENCE_TYPE,TEXT_VALUE) values ('RUElementMigrate140','8','140','MetadataElementEntity.languageMap','Display Name');
Insert into LANGUAGE_MAPPING (ID,LANGUAGE_ID,REFERENCE_ID,REFERENCE_TYPE,TEXT_VALUE) values ('RUElementMigrate150','8','150','MetadataElementEntity.languageMap','Display Name');
Insert into LANGUAGE_MAPPING (ID,LANGUAGE_ID,REFERENCE_ID,REFERENCE_TYPE,TEXT_VALUE) values ('RUElementMigrate160','8','160','MetadataElementEntity.languageMap','Display Name');
Insert into LANGUAGE_MAPPING (ID,LANGUAGE_ID,REFERENCE_ID,REFERENCE_TYPE,TEXT_VALUE) values ('RUElementMigrate260','8','260','MetadataElementEntity.languageMap','BusinessCategory');
Insert into LANGUAGE_MAPPING (ID,LANGUAGE_ID,REFERENCE_ID,REFERENCE_TYPE,TEXT_VALUE) values ('RUElementMigrate261','8','261','MetadataElementEntity.languageMap','StartDate');
Insert into LANGUAGE_MAPPING (ID,LANGUAGE_ID,REFERENCE_ID,REFERENCE_TYPE,TEXT_VALUE) values ('RUElementMigrate262','8','262','MetadataElementEntity.languageMap','EndDate');
Insert into LANGUAGE_MAPPING (ID,LANGUAGE_ID,REFERENCE_ID,REFERENCE_TYPE,TEXT_VALUE) values ('RUElementMigrate300','8','300','MetadataElementEntity.languageMap','name');
Insert into LANGUAGE_MAPPING (ID,LANGUAGE_ID,REFERENCE_ID,REFERENCE_TYPE,TEXT_VALUE) values ('RUElementMigrate301','8','301','MetadataElementEntity.languageMap','distinguishedName');
Insert into LANGUAGE_MAPPING (ID,LANGUAGE_ID,REFERENCE_ID,REFERENCE_TYPE,TEXT_VALUE) values ('RUElementMigrate302','8','302','MetadataElementEntity.languageMap','objectclass');
Insert into LANGUAGE_MAPPING (ID,LANGUAGE_ID,REFERENCE_ID,REFERENCE_TYPE,TEXT_VALUE) values ('RUElementMigrate303','8','303','MetadataElementEntity.languageMap','aliasedObjectName');
Insert into LANGUAGE_MAPPING (ID,LANGUAGE_ID,REFERENCE_ID,REFERENCE_TYPE,TEXT_VALUE) values ('RUElementMigrate304','8','304','MetadataElementEntity.languageMap','cn');
Insert into LANGUAGE_MAPPING (ID,LANGUAGE_ID,REFERENCE_ID,REFERENCE_TYPE,TEXT_VALUE) values ('RUElementMigrate305','8','305','MetadataElementEntity.languageMap','sn');
Insert into LANGUAGE_MAPPING (ID,LANGUAGE_ID,REFERENCE_ID,REFERENCE_TYPE,TEXT_VALUE) values ('RUElementMigrate306','8','306','MetadataElementEntity.languageMap','serialNumber');
Insert into LANGUAGE_MAPPING (ID,LANGUAGE_ID,REFERENCE_ID,REFERENCE_TYPE,TEXT_VALUE) values ('RUElementMigrate307','8','307','MetadataElementEntity.languageMap','c');
Insert into LANGUAGE_MAPPING (ID,LANGUAGE_ID,REFERENCE_ID,REFERENCE_TYPE,TEXT_VALUE) values ('RUElementMigrate308','8','308','MetadataElementEntity.languageMap','l');
Insert into LANGUAGE_MAPPING (ID,LANGUAGE_ID,REFERENCE_ID,REFERENCE_TYPE,TEXT_VALUE) values ('RUElementMigrate309','8','309','MetadataElementEntity.languageMap','st');
Insert into LANGUAGE_MAPPING (ID,LANGUAGE_ID,REFERENCE_ID,REFERENCE_TYPE,TEXT_VALUE) values ('RUElementMigrate310','8','310','MetadataElementEntity.languageMap','street');
Insert into LANGUAGE_MAPPING (ID,LANGUAGE_ID,REFERENCE_ID,REFERENCE_TYPE,TEXT_VALUE) values ('RUElementMigrate311','8','311','MetadataElementEntity.languageMap','o');
Insert into LANGUAGE_MAPPING (ID,LANGUAGE_ID,REFERENCE_ID,REFERENCE_TYPE,TEXT_VALUE) values ('RUElementMigrate312','8','312','MetadataElementEntity.languageMap','ou');
Insert into LANGUAGE_MAPPING (ID,LANGUAGE_ID,REFERENCE_ID,REFERENCE_TYPE,TEXT_VALUE) values ('RUElementMigrate313','8','313','MetadataElementEntity.languageMap','title');
Insert into LANGUAGE_MAPPING (ID,LANGUAGE_ID,REFERENCE_ID,REFERENCE_TYPE,TEXT_VALUE) values ('RUElementMigrate314','8','314','MetadataElementEntity.languageMap','description');
Insert into LANGUAGE_MAPPING (ID,LANGUAGE_ID,REFERENCE_ID,REFERENCE_TYPE,TEXT_VALUE) values ('RUElementMigrate315','8','315','MetadataElementEntity.languageMap','businessCategory');
Insert into LANGUAGE_MAPPING (ID,LANGUAGE_ID,REFERENCE_ID,REFERENCE_TYPE,TEXT_VALUE) values ('RUElementMigrate316','8','316','MetadataElementEntity.languageMap','postalAddress');
Insert into LANGUAGE_MAPPING (ID,LANGUAGE_ID,REFERENCE_ID,REFERENCE_TYPE,TEXT_VALUE) values ('RUElementMigrate317','8','317','MetadataElementEntity.languageMap','postalCode');
Insert into LANGUAGE_MAPPING (ID,LANGUAGE_ID,REFERENCE_ID,REFERENCE_TYPE,TEXT_VALUE) values ('RUElementMigrate318','8','318','MetadataElementEntity.languageMap','postOfficeBox');
Insert into LANGUAGE_MAPPING (ID,LANGUAGE_ID,REFERENCE_ID,REFERENCE_TYPE,TEXT_VALUE) values ('RUElementMigrate319','8','319','MetadataElementEntity.languageMap','physicalDeliveryOfficeName');
Insert into LANGUAGE_MAPPING (ID,LANGUAGE_ID,REFERENCE_ID,REFERENCE_TYPE,TEXT_VALUE) values ('RUElementMigrate320','8','320','MetadataElementEntity.languageMap','telephoneNumber');
Insert into LANGUAGE_MAPPING (ID,LANGUAGE_ID,REFERENCE_ID,REFERENCE_TYPE,TEXT_VALUE) values ('RUElementMigrate321','8','321','MetadataElementEntity.languageMap','telexNumber');
Insert into LANGUAGE_MAPPING (ID,LANGUAGE_ID,REFERENCE_ID,REFERENCE_TYPE,TEXT_VALUE) values ('RUElementMigrate322','8','322','MetadataElementEntity.languageMap','teletexTerminalIdentifier');
Insert into LANGUAGE_MAPPING (ID,LANGUAGE_ID,REFERENCE_ID,REFERENCE_TYPE,TEXT_VALUE) values ('RUElementMigrate323','8','323','MetadataElementEntity.languageMap','facsimileTelephoneNumber');
Insert into LANGUAGE_MAPPING (ID,LANGUAGE_ID,REFERENCE_ID,REFERENCE_TYPE,TEXT_VALUE) values ('RUElementMigrate324','8','324','MetadataElementEntity.languageMap','x121Address');
Insert into LANGUAGE_MAPPING (ID,LANGUAGE_ID,REFERENCE_ID,REFERENCE_TYPE,TEXT_VALUE) values ('RUElementMigrate325','8','325','MetadataElementEntity.languageMap','internationaliSDNNumber');
Insert into LANGUAGE_MAPPING (ID,LANGUAGE_ID,REFERENCE_ID,REFERENCE_TYPE,TEXT_VALUE) values ('RUUSER_EDIT_INFO_DESC','8','USER_EDIT_INFO','ResourceEntity.displayNameMap','  ');
Insert into LANGUAGE_MAPPING (ID,LANGUAGE_ID,REFERENCE_ID,REFERENCE_TYPE,TEXT_VALUE) values ('RUUSER_EDIT_MENU_DESC','8','USER_EDIT_MENU','ResourceEntity.displayNameMap','  -  ');
Insert into LANGUAGE_MAPPING (ID,LANGUAGE_ID,REFERENCE_ID,REFERENCE_TYPE,TEXT_VALUE) values ('RUUSER_ENTITLEMENTS_DESC','8','USER_ENTITLEMENTS','ResourceEntity.displayNameMap',' ');
Insert into LANGUAGE_MAPPING (ID,LANGUAGE_ID,REFERENCE_ID,REFERENCE_TYPE,TEXT_VALUE) values ('RUUSER_IDENTITY_DESC','8','USER_IDENTITY','ResourceEntity.displayNameMap',' ');
Insert into LANGUAGE_MAPPING (ID,LANGUAGE_ID,REFERENCE_ID,REFERENCE_TYPE,TEXT_VALUE) values ('RUUSER_MENUS_DESC','8','USER_MENUS','ResourceEntity.displayNameMap','');
Insert into LANGUAGE_MAPPING (ID,LANGUAGE_ID,REFERENCE_ID,REFERENCE_TYPE,TEXT_VALUE) values ('RUUSER_MENU_DESC','8','USER','ResourceEntity.displayNameMap','');
Insert into LANGUAGE_MAPPING (ID,LANGUAGE_ID,REFERENCE_ID,REFERENCE_TYPE,TEXT_VALUE) values ('RUUSER_ROOT_MENU_DESC','8','USER_ROOT_MENU','ResourceEntity.displayNameMap','');
Insert into LANGUAGE_MAPPING (ID,LANGUAGE_ID,REFERENCE_ID,REFERENCE_TYPE,TEXT_VALUE) values ('RUUSER_SEARCH_DESC','8','USER_SEARCH','ResourceEntity.displayNameMap',' ');
Insert into LANGUAGE_MAPPING (ID,LANGUAGE_ID,REFERENCE_ID,REFERENCE_TYPE,TEXT_VALUE) values ('RUSYNCUSER_DESC','8','SYNCUSER_MENU_ITEM','ResourceEntity.displayNameMap','');
Insert into LANGUAGE_MAPPING (ID,LANGUAGE_ID,REFERENCE_ID,REFERENCE_TYPE,TEXT_VALUE) values ('RUSYNCUSER_NEW_DESC','8','SYNCUSER_NEW','ResourceEntity.displayNameMap',' ');
Insert into LANGUAGE_MAPPING (ID,LANGUAGE_ID,REFERENCE_ID,REFERENCE_TYPE,TEXT_VALUE) values ('RUMNGSYS_EDIT_DESC','8','MNGSYS_EDIT','ResourceEntity.displayNameMap','  ');
Insert into LANGUAGE_MAPPING (ID,LANGUAGE_ID,REFERENCE_ID,REFERENCE_TYPE,TEXT_VALUE) values ('RUPOLICY_ROOT_MENU_DESC','8','PASSWORD_POLICY_ROOT_MENU','ResourceEntity.displayNameMap',' ');
Insert into LANGUAGE_MAPPING (ID,LANGUAGE_ID,REFERENCE_ID,REFERENCE_TYPE,TEXT_VALUE) values ('RUNEW_PASSWORD_POLICY_DESC','8','NEW_PASSWORD_POLICY','ResourceEntity.displayNameMap','   ');
Insert into LANGUAGE_MAPPING (ID,LANGUAGE_ID,REFERENCE_ID,REFERENCE_TYPE,TEXT_VALUE) values ('RUAUTH_POLICY_MENU_DESC','8','AUTHENTICATION_POLICY','ResourceEntity.displayNameMap',' ');
Insert into LANGUAGE_MAPPING (ID,LANGUAGE_ID,REFERENCE_ID,REFERENCE_TYPE,TEXT_VALUE) values ('RUAUTH_POLICY_ROOT_MENU_DESC','8','AUTHENTICATION_POLICY_ROOT_MENU','ResourceEntity.displayNameMap',' ');
Insert into LANGUAGE_MAPPING (ID,LANGUAGE_ID,REFERENCE_ID,REFERENCE_TYPE,TEXT_VALUE) values ('RUASSOC_POLICY_DESC','8','ASSOC_POLICY','ResourceEntity.displayNameMap',' ');
Insert into LANGUAGE_MAPPING (ID,LANGUAGE_ID,REFERENCE_ID,REFERENCE_TYPE,TEXT_VALUE) values ('RUPASSWORD_POLICY_EDIT_DESC','8','PASSWORD_POLICY_EDIT','ResourceEntity.displayNameMap','  -  ');
Insert into LANGUAGE_MAPPING (ID,LANGUAGE_ID,REFERENCE_ID,REFERENCE_TYPE,TEXT_VALUE) values ('RUUPLOAD_CUST_PSWD_POLICY_DESC','8','UPLOAD_CUST_PSWD_POLICY','ResourceEntity.displayNameMap','  ');
Insert into LANGUAGE_MAPPING (ID,LANGUAGE_ID,REFERENCE_ID,REFERENCE_TYPE,TEXT_VALUE) values ('RUATTRIBUTE_POLICY_DESC','8','ATTRIBUTE_POLICY','ResourceEntity.displayNameMap',' ');
Insert into LANGUAGE_MAPPING (ID,LANGUAGE_ID,REFERENCE_ID,REFERENCE_TYPE,TEXT_VALUE) values ('RUPOLICY_ATTR_ROOT_DESC','8','POLICY_ATTR_ROOT','ResourceEntity.displayNameMap',' ');
Insert into LANGUAGE_MAPPING (ID,LANGUAGE_ID,REFERENCE_ID,REFERENCE_TYPE,TEXT_VALUE) values ('RUNEW_POLICY_ATTR_DESC','8','NEW_POLICY_ATTR','ResourceEntity.displayNameMap','  ');
Insert into LANGUAGE_MAPPING (ID,LANGUAGE_ID,REFERENCE_ID,REFERENCE_TYPE,TEXT_VALUE) values ('RUEDIT_POL_ATTR_SRCH_BCK_DESC','8','EDIT_POLICY_ATTR_SRCH_BCK','ResourceEntity.displayNameMap','  ');
Insert into LANGUAGE_MAPPING (ID,LANGUAGE_ID,REFERENCE_ID,REFERENCE_TYPE,TEXT_VALUE) values ('RURES_APROVER_ASSOC_DN','8','RES_APROVER_ASSOC','ResourceEntity.displayNameMap','  ');
Insert into LANGUAGE_MAPPING (ID,LANGUAGE_ID,REFERENCE_ID,REFERENCE_TYPE,TEXT_VALUE) values ('RUGRP_APROVER_ASSOC_DN','8','GRP_APROVER_ASSOC','ResourceEntity.displayNameMap','  ');
Insert into LANGUAGE_MAPPING (ID,LANGUAGE_ID,REFERENCE_ID,REFERENCE_TYPE,TEXT_VALUE) values ('RUROLE_APROVER_ASSOC_DN','8','ROLE_APROVER_ASSOC','ResourceEntity.displayNameMap','  ');
Insert into LANGUAGE_MAPPING (ID,LANGUAGE_ID,REFERENCE_ID,REFERENCE_TYPE,TEXT_VALUE) values ('RUSYNCLOG_DESC','8','SYNCLOG_MENU_ITEM','ResourceEntity.displayNameMap','   ');
Insert into LANGUAGE_MAPPING (ID,LANGUAGE_ID,REFERENCE_ID,REFERENCE_TYPE,TEXT_VALUE) values ('RUMNGSYSRULES_DESC','8','MNGSYSRULES','ResourceEntity.displayNameMap','  ');
Insert into LANGUAGE_MAPPING (ID,LANGUAGE_ID,REFERENCE_ID,REFERENCE_TYPE,TEXT_VALUE) values ('RUSELF_SUB_REPORT_ROOT_DESC','8','SELF_SUB_REPORT_ROOT','ResourceEntity.displayNameMap','  ');
Insert into LANGUAGE_MAPPING (ID,LANGUAGE_ID,REFERENCE_ID,REFERENCE_TYPE,TEXT_VALUE) values ('RUSELFSER_USER_NEW_LOGIN_DESC','8','SELFSER_USER_NEW_LOGIN','ResourceEntity.displayNameMap','  ');
Insert into LANGUAGE_MAPPING (ID,LANGUAGE_ID,REFERENCE_ID,REFERENCE_TYPE,TEXT_VALUE) values ('RUSS_ACC_MNGMNT_ORG_EDIT_DESC','8','SELF_SUB_ORGS_EDIT','ResourceEntity.displayNameMap',' ');
Insert into LANGUAGE_MAPPING (ID,LANGUAGE_ID,REFERENCE_ID,REFERENCE_TYPE,TEXT_VALUE) values ('RUADMIN_MENU_DISPLAY','8','ADMIN','ResourceEntity.displayNameMap','');
Insert into LANGUAGE_MAPPING (ID,LANGUAGE_ID,REFERENCE_ID,REFERENCE_TYPE,TEXT_VALUE) values ('RUAM_PROV_EDIT_SEARCH_DESC','8','AM_PROV_EDIT_SEARCH','ResourceEntity.displayNameMap','  ');
Insert into LANGUAGE_MAPPING (ID,LANGUAGE_ID,REFERENCE_ID,REFERENCE_TYPE,TEXT_VALUE) values ('RUORG_APROVER_ASSOC_DN','8','ORG_APROVER_ASSOC','ResourceEntity.displayNameMap','  ');
Insert into LANGUAGE_MAPPING (ID,LANGUAGE_ID,REFERENCE_ID,REFERENCE_TYPE,TEXT_VALUE) values ('RUUI_THEME_BACK_SRCH_DN','8','UI_THEME_BACK_SRCH','ResourceEntity.displayNameMap','  ');
Insert into LANGUAGE_MAPPING (ID,LANGUAGE_ID,REFERENCE_ID,REFERENCE_TYPE,TEXT_VALUE) values ('RUSS_RES_ENT_DN','8','SS_RES_ENT','ResourceEntity.displayNameMap','');
Insert into LANGUAGE_MAPPING (ID,LANGUAGE_ID,REFERENCE_ID,REFERENCE_TYPE,TEXT_VALUE) values ('RUMETA_TYPE_SEARCH_DESC','8','META_TYPE_SEARCH','ResourceEntity.displayNameMap','  ');
Insert into LANGUAGE_MAPPING (ID,LANGUAGE_ID,REFERENCE_ID,REFERENCE_TYPE,TEXT_VALUE) values ('RUNEW_AUTH_LVL_GRP_DN','8','NEW_AUTH_LVL_GRP','ResourceEntity.displayNameMap','  ');
Insert into LANGUAGE_MAPPING (ID,LANGUAGE_ID,REFERENCE_ID,REFERENCE_TYPE,TEXT_VALUE) values ('RUIMPERSIONATION_MENU_DESC','8','IMPERSIONATION_MENU','ResourceEntity.displayNameMap','');
Insert into LANGUAGE_MAPPING (ID,LANGUAGE_ID,REFERENCE_ID,REFERENCE_TYPE,TEXT_VALUE) values ('RUIDMAN_MENU_DISPLAY','8','IDMAN','ResourceEntity.displayNameMap','-');
Insert into LANGUAGE_MAPPING (ID,LANGUAGE_ID,REFERENCE_ID,REFERENCE_TYPE,TEXT_VALUE) values ('RUURI_PATTERN_EDTPROVSEARCHDESC','8','URI_PATTERN_EDT_PROV_SEARCH','ResourceEntity.displayNameMap',' -');
Insert into LANGUAGE_MAPPING (ID,LANGUAGE_ID,REFERENCE_ID,REFERENCE_TYPE,TEXT_VALUE) values ('RUUSER_HISTORY_DESC','8','USER_HISTORY','ResourceEntity.displayNameMap',' ');
Insert into LANGUAGE_MAPPING (ID,LANGUAGE_ID,REFERENCE_ID,REFERENCE_TYPE,TEXT_VALUE) values ('RUUSER_RESET_PASSWORD_DESC','8','USER_RESET_PASSWORD','ResourceEntity.displayNameMap',' ');
Insert into LANGUAGE_MAPPING (ID,LANGUAGE_ID,REFERENCE_ID,REFERENCE_TYPE,TEXT_VALUE) values ('RUPOLICY_MENU_DESC','8','PASSWORD_POLICY','ResourceEntity.displayNameMap',' ');
Insert into LANGUAGE_MAPPING (ID,LANGUAGE_ID,REFERENCE_ID,REFERENCE_TYPE,TEXT_VALUE) values ('RUNEW_AUTH_POLICY_DESC','8','NEW_AUTHENTICATION_POLICY','ResourceEntity.displayNameMap','    ');
Insert into LANGUAGE_MAPPING (ID,LANGUAGE_ID,REFERENCE_ID,REFERENCE_TYPE,TEXT_VALUE) values ('RUPOLICY_ATTR_EDIT_ROOT_DESC','8','POLICY_ATTR_EDIT_ROOT','ResourceEntity.displayNameMap','  ');
Insert into LANGUAGE_MAPPING (ID,LANGUAGE_ID,REFERENCE_ID,REFERENCE_TYPE,TEXT_VALUE) values ('RUSS_USR_EDIT_RT_DESC','8','SELFSERV_USER_EDIT_ROOT','ResourceEntity.displayNameMap',' ');
Insert into LANGUAGE_MAPPING (ID,LANGUAGE_ID,REFERENCE_ID,REFERENCE_TYPE,TEXT_VALUE) values ('RUMNG_SYS_VIEWER_DESC','8','MNG_SYS_VIEWER','ResourceEntity.displayNameMap','  ');
Insert into LANGUAGE_MAPPING (ID,LANGUAGE_ID,REFERENCE_ID,REFERENCE_TYPE,TEXT_VALUE) values ('RUDEFAULT_USER_TYPE','8','DEFAULT_USER','MetadataTypeEntity.displayNameMap','  ');
Insert into LANGUAGE_MAPPING (ID,LANGUAGE_ID,REFERENCE_ID,REFERENCE_TYPE,TEXT_VALUE) values ('RUINTERNAL_USER_TYPE','8','INTERNAL_USER','MetadataTypeEntity.displayNameMap',' ');
Insert into LANGUAGE_MAPPING (ID,LANGUAGE_ID,REFERENCE_ID,REFERENCE_TYPE,TEXT_VALUE) values ('RUMETA_TYPE_EDIT_RETURN_DESC','8','META_TYPE_EDIT_RETURN','ResourceEntity.displayNameMap','   ');
INSERT INTO LANGUAGE_MAPPING (ID,LANGUAGE_ID,REFERENCE_ID,REFERENCE_TYPE,TEXT_VALUE) VALUES ('RULanguageEntity2','8','2','LanguageEntity.displayNameMap','');

INSERT INTO LANGUAGE_MAPPING (ID,LANGUAGE_ID,REFERENCE_ID,REFERENCE_TYPE,TEXT_VALUE) VALUES ('LanguageEntity8','1','8','LanguageEntity.displayNameMap','Russian');
INSERT INTO LANGUAGE_MAPPING (ID,LANGUAGE_ID,REFERENCE_ID,REFERENCE_TYPE,TEXT_VALUE) VALUES ('ESLanguageEntity8','4','8','LanguageEntity.displayNameMap','Ruso');
INSERT INTO LANGUAGE_MAPPING (ID,LANGUAGE_ID,REFERENCE_ID,REFERENCE_TYPE,TEXT_VALUE) VALUES ('DELanguageEntity8','2','8','LanguageEntity.displayNameMap','Russisch');


DELETE FROM LANGUAGE_LOCALE WHERE LOCALE='en_GB';


delete from RESOURCE_GROUP where RESOURCE_ID='UPLOAD_CUST_PSWD_POLICY';
delete from RESOURCE_ROLE where RESOURCE_ID='UPLOAD_CUST_PSWD_POLICY';
delete from RESOURCE_USER where RESOURCE_ID='UPLOAD_CUST_PSWD_POLICY';
delete from RESOURCE_PROP where RESOURCE_ID='UPLOAD_CUST_PSWD_POLICY';
delete from res_to_res_membership where MEMBER_RESOURCE_ID='UPLOAD_CUST_PSWD_POLICY' or RESOURCE_ID='UPLOAD_CUST_PSWD_POLICY';
delete from RES where RESOURCE_ID='UPLOAD_CUST_PSWD_POLICY';

ALTER TABLE USERS ALTER COLUMN TYPE_ID NVARCHAR(32) NULL;
ALTER TABLE USERS ADD DEFAULT NULL FOR TYPE_ID;
ALTER TABLE USERS ADD CONSTRAINT USER_TYPE_FK FOREIGN KEY (TYPE_ID) REFERENCES METADATA_TYPE (TYPE_ID);

insert into POLICY_ATTRIBUTE(POLICY_ATTR_ID, DEF_PARAM_ID, POLICY_ID, NAME, REQUIRED) VALUES('PWD_EQ_PWD', '138', '4000', 'PWD_EQ_PWD', 'Y'); 

insert into POLICY_ATTRIBUTE(POLICY_ATTR_ID, DEF_PARAM_ID, POLICY_ID, NAME, REQUIRED) VALUES('PWD_PASSWORD', '183', '4000', 'PWD_PASSWORD', 'Y'); 

insert into POLICY_ATTRIBUTE(POLICY_ATTR_ID, DEF_PARAM_ID, POLICY_ID, NAME, REQUIRED) VALUES('RESET_BY_USER', '139', '4000', 'RESET_BY_USER', 'Y'); 