DROP DATABASE IF EXISTS openiam;

/* Creates the DB and initial user account and privleges */

CREATE database openiam DEFAULT CHARACTER SET utf8
CHARACTER SET = utf8;
USE openiam;

DELIMITER $$

DROP PROCEDURE IF EXISTS dropIdmUser$$

CREATE PROCEDURE dropIdmUser()
	BEGIN

		IF ((SELECT count(*) FROM mysql.user WHERE USER='idmuser' AND HOST='localhost') > 0) THEN
			DROP USER 'idmuser'@'localhost';
		END IF;

	END$$
DELIMITER ;

call dropIdmUser();

DROP PROCEDURE dropIdmUser;

CREATE USER 'idmuser'@'localhost' IDENTIFIED BY 'idmuser';
GRANT ALL ON *.* TO 'idmuser'@'localhost'; 

/* enable remote access to the database */
GRANT ALL ON openiam.* TO idmuser@'*' IDENTIFIED BY 'idmuser';
USE openiam;

SET NAMES utf8;

/* Create database schema */

CREATE TABLE `APPROVER_ASSOC` (
	`APPROVER_ASSOC_ID` varchar(32) NOT NULL,
	`REQUEST_TYPE` varchar(32) DEFAULT NULL,
	`APPROVER_LEVEL` int(11) DEFAULT '1',
	`ASSOCIATION_TYPE` varchar(20) DEFAULT NULL,
	`ASSOCIATION_ENTITY_ID` varchar(32) DEFAULT NULL,
	`ON_APPROVE_ENTITY_ID` varchar(32) DEFAULT NULL,
	`ON_REJECT_ENTITY_ID` varchar(32) DEFAULT NULL,
	`ON_APPROVE_ENTITY_TYPE` varchar(20) DEFAULT NULL,
	`ON_REJECT_ENTITY_TYPE` varchar(20) DEFAULT NULL,
	`APPROVER_ENTITY_TYPE` varchar(20) DEFAULT NULL,
	`APPROVER_ENTITY_ID` varchar(32) DEFAULT NULL,
	`APPLY_DELEGATION_FILTER` char(1) NOT NULL DEFAULT 'N',
	PRIMARY KEY (`APPROVER_ASSOC_ID`)
	) ENGINE=InnoDB DEFAULT CHARSET=utf8;


CREATE TABLE `ATTRIBUTE_MAP` (
	`ATTRIBUTE_MAP_ID` varchar(32) NOT NULL,
	`MANAGED_SYS_ID` varchar(32) DEFAULT NULL,
	`RESOURCE_ID` varchar(32) DEFAULT NULL,
	`MAP_FOR_OBJECT_TYPE` varchar(20) DEFAULT 'USER',
	`ATTRIBUTE_NAME` varchar(50) DEFAULT NULL,
	`TARGET_ATTRIBUTE_NAME` varchar(50) DEFAULT NULL,
	`AUTHORITATIVE_SRC` int(11) DEFAULT '0',
	`ATTRIBUTE_POLICY_ID` varchar(32) DEFAULT NULL,
	`RULE_TEXT` text,
	`STATUS` varchar(20) DEFAULT 'ACTIVE',
	`START_DATE` date DEFAULT NULL,
	`END_DATE` date DEFAULT NULL,
	`STORE_IN_IAMDB` int(11) DEFAULT '0',
	`DATA_TYPE` varchar(20) DEFAULT NULL,
	`DEFAULT_VALUE` varchar(32) DEFAULT NULL,
	`SYNCH_CONFIG_ID` varchar(32) DEFAULT NULL,
	PRIMARY KEY (`ATTRIBUTE_MAP_ID`)
	) ENGINE=InnoDB DEFAULT CHARSET=utf8;


CREATE TABLE `AUTH_LEVEL` (
	`AUTH_LEVEL_ID` varchar(32) NOT NULL,
	`AUTH_LEVEL_NAME` varchar(100) NOT NULL,
	`REQUIRES_AUTHENTICATION` char(1) NOT NULL DEFAULT 'Y',
	PRIMARY KEY (`AUTH_LEVEL_ID`),
	UNIQUE KEY `UNIQUE_AUTH_LEVEL_NAME` (`AUTH_LEVEL_NAME`)
	) ENGINE=InnoDB DEFAULT CHARSET=utf8;


CREATE TABLE `AUTH_PROVIDER_TYPE` (
	`PROVIDER_TYPE` varchar(32) NOT NULL,
	`DESCRIPTION` varchar(40) DEFAULT NULL,
	`ACTIVE` char(1) DEFAULT 'Y',
	PRIMARY KEY (`PROVIDER_TYPE`)
	) ENGINE=InnoDB DEFAULT CHARSET=utf8;


CREATE TABLE `AUTH_RESOURCE_AM_ATTRIBUTE` (
	`REFLECTION_KEY` varchar(255) NOT NULL,
	`ATTRIBUTE_NAME` varchar(100) NOT NULL,
	`AM_RES_ATTRIBUTE_ID` varchar(32) NOT NULL,
	PRIMARY KEY (`AM_RES_ATTRIBUTE_ID`),
	UNIQUE KEY `REFLECTION_KEY_IDX` (`REFLECTION_KEY`)
	) ENGINE=InnoDB DEFAULT CHARSET=utf8;


CREATE TABLE `BATCH_CONFIG` (
	`TASK_ID` varchar(32) NOT NULL,
	`TASK_NAME` varchar(50) DEFAULT NULL,
	`LAST_EXEC_TIME` datetime DEFAULT NULL,
	`TASK_URL` varchar(255) DEFAULT NULL,
	`EXECUTION_ORDER` int(11) DEFAULT '1',
	`STATUS` varchar(20) DEFAULT NULL,
	`PARAM1` varchar(255) DEFAULT NULL,
	`PARAM2` varchar(255) DEFAULT NULL,
	`PARAM3` varchar(255) DEFAULT NULL,
	`PARAM4` varchar(255) DEFAULT NULL,
	`RULE_TYPE` varchar(20) DEFAULT NULL,
	`ENABLED` char(1) NOT NULL DEFAULT 'N',
	`LAST_MODIFIED_DATETIME` datetime DEFAULT NULL,
	`RUN_ON` datetime DEFAULT NULL,
	`CRON_EXPRESSION` varchar(100) DEFAULT NULL,
	`SPRING_BEAN` varchar(100) DEFAULT NULL,
	`SPRING_BEAN_METHOD` varchar(100) DEFAULT NULL,
	PRIMARY KEY (`TASK_ID`)
	) ENGINE=InnoDB DEFAULT CHARSET=utf8;


DELIMITER ;;

CREATE TRIGGER ON_BATCH_TASK_INSERT 
BEFORE 
INSERT ON BATCH_CONFIG 
	FOR EACH ROW
	BEGIN
		SET NEW.LAST_MODIFIED_DATETIME = NOW();
	END ;;

CREATE TRIGGER ON_BATCH_TASK_UPDATE
BEFORE 
UPDATE ON BATCH_CONFIG 
	FOR EACH ROW
	BEGIN
		SET NEW.LAST_MODIFIED_DATETIME = NOW();
	END ;;

DELIMITER ;

CREATE TABLE `CATEGORY` (
	`CATEGORY_ID` varchar(32) NOT NULL,
	`PARENT_ID` varchar(32) DEFAULT NULL,
	`CATEGORY_NAME` varchar(40) DEFAULT NULL,
	`CATEGORY_DESC` varchar(80) DEFAULT NULL,
	`CREATE_DATE` datetime DEFAULT NULL,
	`CREATED_BY` varchar(20) DEFAULT NULL,
	`SHOW_LIST` int(11) DEFAULT '0',
	`DISPLAY_ORDER` int(11) DEFAULT '0',
	PRIMARY KEY (`CATEGORY_ID`)
	) ENGINE=InnoDB DEFAULT CHARSET=utf8;


CREATE TABLE `DEF_RECON_ATTR_MAP` (
	`DEF_ATTR_MAP_ID` varchar(32) NOT NULL,
	`DEF_ATTR_MAP_NAME` varchar(100) NOT NULL,
	PRIMARY KEY (`DEF_ATTR_MAP_ID`)
	) ENGINE=InnoDB DEFAULT CHARSET=utf8;


CREATE TABLE `ENTITLEMENT` (
	`ENTITLEMENT_ID` varchar(32) NOT NULL,
	`ENTITLEMENT_NAME` varchar(40) DEFAULT NULL,
	`ENTITLEMENT_VALUE` varchar(80) DEFAULT NULL,
	`DESCRIPTION` varchar(255) DEFAULT NULL,
	`CREATE_DATE` datetime DEFAULT NULL,
	`CREATED_BY` varchar(20) DEFAULT NULL,
	PRIMARY KEY (`ENTITLEMENT_ID`)
	) ENGINE=InnoDB DEFAULT CHARSET=utf8;


CREATE TABLE `IDENTITY` (
	`IDENTITY_ID` varchar(32) NOT NULL,
	`MANAGED_SYS_ID` varchar(32) NOT NULL,
	`IDENTITY` varchar(320) CHARACTER SET latin1 NOT NULL,
	`REFERRED_OBJECT_ID` varchar(32) NOT NULL,
	`IDENTITY_TYPE` varchar(20) DEFAULT NULL,
	`CREATE_DATE` datetime DEFAULT NULL,
	`CREATED_BY` varchar(32) DEFAULT NULL,
	`STATUS` varchar(20) DEFAULT NULL
	) ENGINE=InnoDB DEFAULT CHARSET=utf8;


CREATE TABLE `IDENTITY_QUEST_GRP` (
	`IDENTITY_QUEST_GRP_ID` varchar(32) NOT NULL,
	`NAME` varchar(60) DEFAULT NULL,
	`STATUS` varchar(20) DEFAULT NULL,
	`COMPANY_OWNER_ID` varchar(32) DEFAULT NULL,
	`CREATE_DATE` datetime DEFAULT NULL,
	`CREATED_BY` varchar(20) DEFAULT NULL,
	`LAST_UPDATE` datetime DEFAULT NULL,
	`LAST_UPDATED_BY` varchar(20) DEFAULT NULL,
	PRIMARY KEY (`IDENTITY_QUEST_GRP_ID`)
	) ENGINE=InnoDB DEFAULT CHARSET=utf8;


CREATE TABLE `IMAGE` (
	`IMAGE_ID` varchar(20) NOT NULL,
	`IMAGE_FILE` varchar(80) DEFAULT NULL,
	`IMAGE_TYPE` varchar(20) DEFAULT NULL,
	`DESCRIPTION` varchar(250) DEFAULT NULL,
	`MIME_TYPE` varchar(30) DEFAULT NULL,
	`URL` varchar(100) DEFAULT NULL,
	`FILE_SIZE` int(11) DEFAULT NULL,
	`IMAGE_BLOB` blob,
	PRIMARY KEY (`IMAGE_ID`)
	) ENGINE=InnoDB DEFAULT CHARSET=utf8;


CREATE TABLE `IT_POLICY` (
	`IT_POLICY_ID` varchar(32) COLLATE utf8_bin NOT NULL,
	`APPROVE_TYPE` varchar(64) COLLATE utf8_bin NOT NULL DEFAULT 'Once',
	`ACTIVE` char(1) COLLATE utf8_bin NOT NULL DEFAULT 'N',
	`CREATE_DATE` timestamp NULL DEFAULT NULL,
	`UPDATE_DATE` timestamp NULL DEFAULT NULL,
	`CREATED_BY` varchar(32) COLLATE utf8_bin DEFAULT NULL,
	`UPDATED_BY` varchar(32) COLLATE utf8_bin DEFAULT NULL,
	`POLICY_CONTENT` longtext COLLATE utf8_bin,
	`CONFIRMATION` varchar(255) COLLATE utf8_bin DEFAULT NULL,
	PRIMARY KEY (`IT_POLICY_ID`)
	) ENGINE=InnoDB DEFAULT CHARSET=utf8 COLLATE=utf8_bin;


CREATE TABLE `LANGUAGE` (
	`ID` varchar(32) NOT NULL,
	`LANGUAGE` varchar(20) DEFAULT NULL,
	`IS_USED` varchar(1) NOT NULL DEFAULT 'N',
	`LANGUAGE_CODE` varchar(2) NOT NULL,
	`IS_DEFAULT` char(1) NOT NULL DEFAULT 'N',
	PRIMARY KEY (`ID`)
	) ENGINE=InnoDB DEFAULT CHARSET=utf8;


CREATE TABLE `LOCATION` (
	`LOCATION_ID` varchar(32) NOT NULL,
	`NAME` varchar(80) DEFAULT NULL,
	`DESCRIPTION` varchar(255) DEFAULT NULL,
	`COUNTRY` varchar(30) DEFAULT NULL,
	`BLDG_NUM` varchar(10) DEFAULT NULL,
	`STREET_DIRECTION` varchar(20) DEFAULT NULL,
	`ADDRESS1` varchar(45) DEFAULT NULL,
	`ADDRESS2` varchar(45) DEFAULT NULL,
	`ADDRESS3` varchar(45) DEFAULT NULL,
	`CITY` varchar(30) DEFAULT NULL,
	`STATE` varchar(15) DEFAULT NULL,
	`POSTAL_CD` varchar(10) DEFAULT NULL,
	`ORGANIZATION_ID` varchar(32) DEFAULT NULL,
	`INTERNAL_LOCATION_ID` varchar(32) DEFAULT NULL,
	`ACTIVE` int(11) DEFAULT '1',
	`SENSITIVE_LOCATION` int(11) DEFAULT '0',
	PRIMARY KEY (`LOCATION_ID`)
	) ENGINE=InnoDB DEFAULT CHARSET=utf8;


CREATE TABLE `MANAGED_SYS_RULE` (
	`MANAGED_SYS_RULE_ID` varchar(32) NOT NULL,
	`MANAGED_SYS_ID` varchar(32) NOT NULL,
	`MANAGED_SYS_RULE_NAME` varchar(45) DEFAULT NULL,
	`MANAGED_SYS_RULE_VALUE` varchar(45) DEFAULT NULL,
	PRIMARY KEY (`MANAGED_SYS_RULE_ID`)
	) ENGINE=InnoDB DEFAULT CHARSET=utf8;


CREATE TABLE `METADATA_TYPE` (
	`TYPE_ID` varchar(32) NOT NULL,
	`DESCRIPTION` varchar(40) DEFAULT NULL,
	`ACTIVE` char(1) NOT NULL DEFAULT 'N',
	`SYNC_MANAGED_SYS` char(1) NOT NULL DEFAULT 'N',
	`GROUPING` varchar(100) DEFAULT NULL,
	`IS_BINARY` char(1) NOT NULL DEFAULT 'N',
	`IS_SENSITIVE` char(1) NOT NULL DEFAULT 'N',
	PRIMARY KEY (`TYPE_ID`)
	) ENGINE=InnoDB DEFAULT CHARSET=utf8;


CREATE TABLE `NOTIFICATION_CONFIG` (
	`NOTIFICATION_CONFIG_ID` varchar(32) NOT NULL,
	`NAME` varchar(40) DEFAULT NULL,
	`SELECTION_PARAM_XML` text,
	`MSG_SUBJECT` varchar(100) DEFAULT NULL,
	`MSG_TEMPLATE_URL` varchar(100) DEFAULT NULL,
	`MSG_FROM` varchar(100) DEFAULT NULL,
	`MSG_BCC` varchar(100) DEFAULT NULL,
	PRIMARY KEY (`NOTIFICATION_CONFIG_ID`)
	) ENGINE=InnoDB DEFAULT CHARSET=utf8;


CREATE TABLE `OPENIAM_LOG` (
	`OPENIAM_LOG_ID` varchar(32) COLLATE utf8_bin NOT NULL,
	`USER_ID` varchar(32) COLLATE utf8_bin DEFAULT NULL,
	`PRINCIPAL` varchar(320) COLLATE utf8_bin DEFAULT NULL,
	`MANAGED_SYS_ID` varchar(32) COLLATE utf8_bin DEFAULT NULL,
	`CREATED_DATETIME` datetime DEFAULT NULL,
	`SOURCE` varchar(50) COLLATE utf8_bin DEFAULT NULL,
	`CLIENT_IP` varchar(50) COLLATE utf8_bin DEFAULT NULL,
	`NODE_ID` varchar(50) COLLATE utf8_bin DEFAULT NULL,
	`LOG_ACTION` varchar(50) COLLATE utf8_bin DEFAULT NULL,
	`RESULT` varchar(50) COLLATE utf8_bin DEFAULT NULL,
	`SESSION_ID` varchar(100) COLLATE utf8_bin DEFAULT NULL,
	`HASH` varchar(100) COLLATE utf8_bin NOT NULL,
	`CORRELATION_ID` varchar(32) COLLATE utf8_bin DEFAULT NULL,
	PRIMARY KEY (`OPENIAM_LOG_ID`),
	KEY `CREATED_DATETIME` (`CREATED_DATETIME`),
	KEY `LOG_ACTION` (`LOG_ACTION`)
	) ENGINE=InnoDB DEFAULT CHARSET=utf8 COLLATE=utf8_bin;


CREATE TABLE `OPENIAM_LOG_ATTRIBUTE` (
	`OPENIAM_LOG_ATTRIBUTE_ID` varchar(32) COLLATE utf8_bin NOT NULL,
	`OPENIAM_LOG_ID` varchar(32) COLLATE utf8_bin NOT NULL,
	`NAME` varchar(100) COLLATE utf8_bin DEFAULT NULL,
	`VALUE` text COLLATE utf8_bin,
	`CREATED_TIMESTAMP` mediumtext COLLATE utf8_bin,
	PRIMARY KEY (`OPENIAM_LOG_ATTRIBUTE_ID`),
	KEY `FK_LOG_ATTRIBUTE_LOG` (`OPENIAM_LOG_ID`)
	) ENGINE=InnoDB DEFAULT CHARSET=utf8 COLLATE=utf8_bin;


CREATE TABLE `OPENIAM_LOG_LOG_MEMBERSHIP` (
	`OPENIAM_LOG_ID` varchar(32) COLLATE utf8_bin NOT NULL,
	`OPENIAM_MEMBER_LOG_ID` varchar(32) COLLATE utf8_bin NOT NULL,
	KEY `OPENIAM_LOG_ID` (`OPENIAM_LOG_ID`),
	KEY `OPENIAM_MEMBER_LOG_ID` (`OPENIAM_MEMBER_LOG_ID`)
	) ENGINE=InnoDB DEFAULT CHARSET=utf8 COLLATE=utf8_bin;


CREATE TABLE `OPENIAM_LOG_TARGET` (
	`OPENIAM_LOG_TARGET_ID` varchar(32) COLLATE utf8_bin NOT NULL,
	`OPENIAM_LOG_ID` varchar(32) COLLATE utf8_bin NOT NULL,
	`TARGET_ID` varchar(32) COLLATE utf8_bin DEFAULT NULL,
	`TARGET_TYPE` varchar(70) COLLATE utf8_bin DEFAULT NULL,
	`OBJECT_PRINCIPAL` varchar(255) COLLATE utf8_bin DEFAULT NULL,
	PRIMARY KEY (`OPENIAM_LOG_TARGET_ID`),
	KEY `FK_LOG_TARGET_LOG` (`OPENIAM_LOG_ID`)
	) ENGINE=InnoDB DEFAULT CHARSET=utf8 COLLATE=utf8_bin;


CREATE TABLE `ORGANIZATION_TYPE` (
	`ORG_TYPE_ID` varchar(32) NOT NULL,
	`NAME` varchar(100) NOT NULL,
	`DESCRIPTION` varchar(100) DEFAULT NULL,
	PRIMARY KEY (`ORG_TYPE_ID`),
	UNIQUE KEY `UNIQUE_ORG_TYPE` (`NAME`)
	) ENGINE=InnoDB DEFAULT CHARSET=utf8;


CREATE TABLE `ORG_POLICY` (
	`ORG_POLICY_ID` varchar(32) NOT NULL,
	`NAME` varchar(40) DEFAULT NULL,
	`TARGET_AUDIENCE_TYPE` varchar(20) DEFAULT NULL,
	`TARGET_AUDIENCE` varchar(255) DEFAULT NULL,
	`START_DATE` date DEFAULT NULL,
	`END_DATE` date DEFAULT NULL,
	`POLICY_TEXT` text,
	PRIMARY KEY (`ORG_POLICY_ID`)
	) ENGINE=InnoDB DEFAULT CHARSET=utf8;


CREATE TABLE `ORG_POLICY_USER_LOG` (
	`ORG_POLICY_LOG_ID` varchar(32) NOT NULL,
	`ORG_POLICY_ID` varchar(32) NOT NULL,
	`USER_ID` varchar(32) NOT NULL,
	`TIME_STAMP` datetime NOT NULL,
	`RESPONSE` varchar(255) DEFAULT NULL,
	PRIMARY KEY (`ORG_POLICY_LOG_ID`)
	) ENGINE=InnoDB DEFAULT CHARSET=utf8;


CREATE TABLE `POLICY` (
	`POLICY_ID` varchar(32) NOT NULL,
	`POLICY_DEF_ID` varchar(32) DEFAULT NULL,
	`NAME` varchar(60) DEFAULT NULL,
	`DESCRIPTION` varchar(255) DEFAULT NULL,
	`STATUS` int(11) DEFAULT NULL,
	`CREATE_DATE` datetime DEFAULT NULL,
	`CREATED_BY` varchar(20) DEFAULT NULL,
	`LAST_UPDATE` datetime DEFAULT NULL,
	`LAST_UPDATED_BY` varchar(20) DEFAULT NULL,
	`RULE_SRC_URL` varchar(80) DEFAULT NULL,
	`RULE_TEXT` text,
	`ENABLEMENT` int(11) DEFAULT '1',
	PRIMARY KEY (`POLICY_ID`),
	KEY `FK_POLICY_POLICY_DEF` (`POLICY_DEF_ID`)
	) ENGINE=InnoDB DEFAULT CHARSET=utf8;


CREATE TABLE `POLICY_DEF` (
	`POLICY_DEF_ID` varchar(32) NOT NULL,
	`NAME` varchar(60) DEFAULT NULL,
	`DESCRIPTION` varchar(255) DEFAULT NULL,
	`POLICY_TYPE` varchar(20) DEFAULT NULL,
	`LOCATION_TYPE` varchar(20) DEFAULT NULL,
	`POLICY_RULE` varchar(500) DEFAULT NULL,
	`POLICY_HANDLER` varchar(255) DEFAULT NULL,
	`POLICY_ADVISE_HANDLER` varchar(255) DEFAULT NULL,
	PRIMARY KEY (`POLICY_DEF_ID`)
	) ENGINE=InnoDB DEFAULT CHARSET=utf8;


CREATE TABLE `POLICY_OBJECT_ASSOC` (
	`POLICY_OBJECT_ID` varchar(32) NOT NULL,
	`POLICY_ID` varchar(32) DEFAULT NULL,
	`ASSOCIATION_LEVEL` varchar(20) DEFAULT NULL,
	`ASSOCIATION_VALUE` varchar(255) DEFAULT NULL,
	`OBJECT_TYPE` varchar(100) DEFAULT NULL,
	`OBJECT_ID` varchar(32) DEFAULT NULL,
	`PARENT_ASSOC_ID` varchar(32) DEFAULT NULL,
	PRIMARY KEY (`POLICY_OBJECT_ID`)
	) ENGINE=InnoDB DEFAULT CHARSET=utf8;


CREATE TABLE `PRIVILEGE` (
	`PRIVILEGE_ID` varchar(32) NOT NULL,
	`RESOURCE_ID` varchar(32) NOT NULL,
	`ABBRV` varchar(3) NOT NULL,
	`DESCRIPTION` varchar(40) DEFAULT NULL,
	PRIMARY KEY (`PRIVILEGE_ID`)
	) ENGINE=InnoDB DEFAULT CHARSET=utf8;


CREATE TABLE `PROVISION_CONNECTOR` (
	`CONNECTOR_ID` varchar(32) NOT NULL,
	`NAME` varchar(40) DEFAULT NULL,
	`METADATA_TYPE_ID` varchar(20) DEFAULT NULL,
	`STD_COMPLIANCE_LEVEL` varchar(20) DEFAULT NULL,
	`CLIENT_COMM_PROTOCOL` varchar(20) DEFAULT NULL,
	`SERVICE_URL` varchar(100) DEFAULT NULL,
	`SERVICE_NAMESPACE` varchar(100) DEFAULT NULL,
	`SERVICE_PORT` varchar(100) DEFAULT NULL,
	`SERVICE_WSDL` varchar(100) DEFAULT NULL,
	`CLASS_NAME` varchar(60) DEFAULT NULL,
	`HOST` varchar(60) DEFAULT NULL,
	`PORT` varchar(10) DEFAULT NULL,
	`CONNECTOR_INTERFACE` varchar(20) DEFAULT NULL,
	PRIMARY KEY (`CONNECTOR_ID`)
	) ENGINE=InnoDB DEFAULT CHARSET=utf8;


CREATE TABLE `PROV_REQUEST` (
	`REQUEST_ID` varchar(32) NOT NULL,
	`REQUESTOR_ID` varchar(100) DEFAULT NULL,
	`REQUEST_DATE` datetime DEFAULT NULL,
	`STATUS` varchar(20) DEFAULT NULL,
	`STATUS_DATE` datetime DEFAULT NULL,
	`REQUEST_REASON` varchar(500) DEFAULT NULL,
	`REQUEST_TYPE` varchar(20) DEFAULT NULL,
	`CHANGE_ACCESS_BY` varchar(32) DEFAULT NULL,
	`REQUEST_XML` text,
	`NEW_ROLE_ID` varchar(32) DEFAULT NULL,
	`NEW_SERVICE_ID` varchar(20) DEFAULT NULL,
	`MANAGED_RESOURCE_ID` varchar(32) DEFAULT NULL,
	`REQUEST_FOR_ORG_ID` varchar(32) DEFAULT NULL,
	PRIMARY KEY (`REQUEST_ID`)
	) ENGINE=InnoDB DEFAULT CHARSET=utf8;


CREATE TABLE `RECONCILIATION_CONFIG` (
	`RECON_CONFIG_ID` varchar(32) NOT NULL,
	`RESOURCE_ID` varchar(32) DEFAULT NULL,
	`FREQUENCY` varchar(20) DEFAULT NULL,
	`STATUS` varchar(20) DEFAULT 'ACTIVE',
	`CSV_LINE_SEPARATOR` varchar(10) DEFAULT 'comma',
	`CSV_END_OF_LINE` varchar(10) DEFAULT 'enter',
	`NOTIFICATION_EMAIL_ADDRESS` varchar(120) DEFAULT NULL,
	`TARGET_SYS_MATCH_SCRIPT` varchar(120) DEFAULT NULL,
	`MANUAL_RECONCILIATION_FLAG` char(1) NOT NULL DEFAULT 'N',
	`CUSTOM_IDENTITY_MATCH_SCRIPT` varchar(120) DEFAULT NULL,
	`MATCH_FIELD_NAME` varchar(40) DEFAULT NULL,
	`CUSTOM_MATCH_ATTR` varchar(40) DEFAULT NULL,
	`CUSTOM_MATCH_SRC_ATTR` varchar(40) DEFAULT NULL,
	`MANAGED_SYS_ID` varchar(32) DEFAULT NULL,
	`SEARCH_FILTER` varchar(200) DEFAULT NULL,
	`UPDATED_SINCE` datetime DEFAULT NULL,
	`TARGET_SYS_SEARCH_FILTER` varchar(200) DEFAULT NULL,
	`MATCH_SCRIPT` varchar(120) DEFAULT NULL,
	`EXEC_STATUS` varchar(20) DEFAULT NULL,
	`LAST_EXEC_TIME` datetime DEFAULT NULL,
	PRIMARY KEY (`RECON_CONFIG_ID`)
	) ENGINE=InnoDB DEFAULT CHARSET=utf8;


CREATE TABLE `RECON_RES_ATTR_MAP` (
	`RECON_RES_ATTR_MAP_ID` varchar(32) NOT NULL,
	`ATTR_POLICY_ID` varchar(32) DEFAULT NULL,
	`DEF_RECON_ATTR_MAP_ID` varchar(32) DEFAULT NULL,
	PRIMARY KEY (`RECON_RES_ATTR_MAP_ID`)
	) ENGINE=InnoDB DEFAULT CHARSET=utf8;


CREATE TABLE `RELATION_SET` (
	`RELATION_SET_ID` varchar(20) NOT NULL,
	`DESCRIPTION` varchar(80) DEFAULT NULL,
	PRIMARY KEY (`RELATION_SET_ID`)
	) ENGINE=InnoDB DEFAULT CHARSET=utf8;


CREATE TABLE `RELATION_TYPE` (
	`RELATION_TYPE_ID` varchar(20) NOT NULL,
	`DESCRIPTION` varchar(80) NOT NULL,
	PRIMARY KEY (`RELATION_TYPE_ID`)
	) ENGINE=InnoDB DEFAULT CHARSET=utf8;


CREATE TABLE `REPORT_INFO` (
	`REPORT_INFO_ID` varchar(32) COLLATE utf8_bin NOT NULL,
	`REPORT_NAME` varchar(64) COLLATE utf8_bin NOT NULL,
	`DATASOURCE_FILE_PATH` varchar(255) COLLATE utf8_bin NOT NULL,
	`REPORT_FILE_PATH` varchar(255) COLLATE utf8_bin DEFAULT NULL,
	`BUILT_IN` char(1) COLLATE utf8_bin NOT NULL DEFAULT 'N',
	PRIMARY KEY (`REPORT_INFO_ID`),
	UNIQUE KEY `REPORT_NAME` (`REPORT_NAME`)
	) ENGINE=InnoDB DEFAULT CHARSET=utf8 COLLATE=utf8_bin;


CREATE TABLE `REPORT_PARAMETER_METATYPE` (
	`PARAM_METATYPE_ID` varchar(32) CHARACTER SET utf8 COLLATE utf8_bin NOT NULL,
	`PARAM_METATYPE_NAME` varchar(45) NOT NULL,
	`IS_MULTIPLE` char(1) NOT NULL DEFAULT 'N',
	PRIMARY KEY (`PARAM_METATYPE_ID`)
	) ENGINE=InnoDB DEFAULT CHARSET=utf8;


CREATE TABLE `REPORT_PARAMETER_TYPE` (
	`RCPT_ID` varchar(100) COLLATE utf8_bin DEFAULT NULL,
	`TYPE_NAME` varchar(100) COLLATE utf8_bin DEFAULT NULL,
	`TYPE_DESCRIPTION` varchar(100) COLLATE utf8_bin DEFAULT NULL
	) ENGINE=InnoDB DEFAULT CHARSET=utf8 COLLATE=utf8_bin;


CREATE TABLE `REPORT_SUBSCRIPTIONS` (
	`REPORT_SUB_ID` varchar(32) COLLATE utf8_bin NOT NULL,
	`REPORT_INFO_ID` varchar(45) COLLATE utf8_bin DEFAULT NULL,
	`REPORT_NAME` varchar(64) COLLATE utf8_bin NOT NULL,
	`DELIVERY_METHOD` varchar(45) COLLATE utf8_bin DEFAULT NULL,
	`DELIVERY_FORMAT` varchar(45) COLLATE utf8_bin DEFAULT NULL,
	`DELIVERY_AUDIENCE` varchar(45) COLLATE utf8_bin DEFAULT NULL,
	`STATUS` varchar(45) COLLATE utf8_bin DEFAULT NULL,
	`USERID` varchar(45) COLLATE utf8_bin DEFAULT NULL,
	PRIMARY KEY (`REPORT_SUB_ID`)
	) ENGINE=InnoDB DEFAULT CHARSET=utf8 COLLATE=utf8_bin;


CREATE TABLE `REPORT_SUB_CRITERIA_PARAM` (
	`RSCP_ID` varchar(45) COLLATE utf8_bin NOT NULL,
	`RCP_ID` varchar(32) COLLATE utf8_bin DEFAULT NULL,
	`REPORT_SUB_ID` varchar(32) COLLATE utf8_bin DEFAULT NULL,
	`PARAM_NAME` varchar(64) COLLATE utf8_bin DEFAULT NULL,
	`PARAM_VALUE` varchar(64) COLLATE utf8_bin DEFAULT NULL,
	PRIMARY KEY (`RSCP_ID`)
	) ENGINE=InnoDB DEFAULT CHARSET=utf8 COLLATE=utf8_bin;


CREATE TABLE `REQ_APPROVER` (
	`REQ_APPROVER_ID` varchar(32) NOT NULL,
	`APPROVER_ID` varchar(32) DEFAULT NULL,
	`APPROVER_TYPE` varchar(20) DEFAULT NULL,
	`APPROVER_LEVEL` int(11) DEFAULT NULL,
	`REQUEST_ID` varchar(32) DEFAULT NULL,
	`ACTION_DATE` datetime DEFAULT NULL,
	`STATUS` varchar(20) DEFAULT NULL,
	`ACTION` varchar(20) DEFAULT NULL,
	`CMT` varchar(1000) DEFAULT NULL,
	`MANAGED_SYS_ID` varchar(32) DEFAULT NULL,
	`MNG_SYS_GROUP_ID` varchar(32) DEFAULT NULL,
	`ROLE_DOMAIN` varchar(20) DEFAULT NULL,
	PRIMARY KEY (`REQ_APPROVER_ID`)
	) ENGINE=InnoDB DEFAULT CHARSET=utf8;


CREATE TABLE `RESOURCE_TYPE` (
	`RESOURCE_TYPE_ID` varchar(32) NOT NULL,
	`DESCRIPTION` varchar(100) DEFAULT NULL,
	`PROVISION_RESOURCE` int(11) DEFAULT NULL,
	`PROCESS_NAME` varchar(80) DEFAULT NULL,
	`SUPPORTS_HIERARCHY` char(1) NOT NULL DEFAULT 'Y',
	`SEARCHABLE` char(1) DEFAULT 'Y',
	`URL` mediumtext,
	`IMAGE_TYPE` varchar(16) DEFAULT NULL,
	PRIMARY KEY (`RESOURCE_TYPE_ID`)
	) ENGINE=InnoDB DEFAULT CHARSET=utf8;


CREATE TABLE `SEQUENCE_GEN` (
	`ATTRIBUTE` varchar(32) NOT NULL,
	`NEXT_ID` int(11) DEFAULT NULL,
	PRIMARY KEY (`ATTRIBUTE`)
	) ENGINE=InnoDB DEFAULT CHARSET=utf8;


CREATE TABLE `SERVICE` (
	`SERVICE_ID` varchar(20) NOT NULL,
	`SERVICE_NAME` varchar(40) DEFAULT NULL,
	`STATUS` varchar(20) DEFAULT NULL,
	`LOCATION_IP_ADDRESS` varchar(80) DEFAULT NULL,
	`COMPANY_OWNER_ID` varchar(20) DEFAULT NULL,
	`START_DATE` datetime DEFAULT NULL,
	`END_DATE` datetime DEFAULT NULL,
	`LICENSE_KEY` varchar(255) DEFAULT NULL,
	`SERVICE_TYPE` varchar(20) DEFAULT NULL,
	`PARENT_SERVICE_ID` varchar(20) DEFAULT NULL,
	`ROOT_RESOURCE_ID` varchar(20) DEFAULT NULL,
	`ACCESS_CONTROL_MODEL` varchar(20) DEFAULT NULL,
	`PARAM1` varchar(20) DEFAULT NULL,
	`PARAM2` varchar(20) DEFAULT NULL,
	`PARAM3` varchar(20) DEFAULT NULL,
	`PARAM4` varchar(20) DEFAULT NULL,
	`PARAM5` varchar(20) DEFAULT NULL,
	PRIMARY KEY (`SERVICE_ID`)
	) ENGINE=InnoDB DEFAULT CHARSET=utf8;


CREATE TABLE `STATUS` (
	`STATUS_CD` varchar(40) NOT NULL,
	`STATUS_TYPE` varchar(20) DEFAULT NULL,
	`DESCRIPTION` varchar(80) DEFAULT NULL,
	`CODE_GROUP` varchar(40) NOT NULL,
	`LANGUAGE_CD` varchar(2) NOT NULL,
	`COMPANY_OWNER_ID` varchar(32) NOT NULL,
	`SERVICE_ID` varchar(20) NOT NULL,
	`WEIGHT` int(11) DEFAULT NULL,
	PRIMARY KEY (`CODE_GROUP`,`STATUS_CD`,`LANGUAGE_CD`)
	) ENGINE=InnoDB DEFAULT CHARSET=utf8;


CREATE TABLE `SYNCH_CONFIG` (
	`SYNCH_CONFIG_ID` varchar(32) NOT NULL,
	`NAME` varchar(60) DEFAULT NULL,
	`STATUS` varchar(20) DEFAULT NULL,
	`SYNCH_SRC` varchar(20) DEFAULT NULL,
	`FILE_NAME` varchar(80) DEFAULT NULL,
	`SRC_LOGIN_ID` varchar(100) DEFAULT NULL,
	`SRC_PASSWORD` varchar(100) DEFAULT NULL,
	`SRC_HOST` varchar(100) DEFAULT NULL,
	`DRIVER` varchar(100) DEFAULT NULL,
	`CONNECTION_URL` varchar(100) DEFAULT NULL,
	`QUERY` varchar(1000) DEFAULT NULL,
	`QUERY_TIME_FIELD` varchar(50) DEFAULT NULL,
	`BASE_DN` varchar(50) DEFAULT NULL,
	`LAST_EXEC_TIME` datetime DEFAULT NULL,
	`LAST_REC_PROCESSED` varchar(32) DEFAULT NULL,
	`MANAGED_SYS_ID` varchar(32) DEFAULT NULL,
	`LOAD_MATCH_ONLY` int(11) DEFAULT '0',
	`UPDATE_ATTRIBUTE` int(11) DEFAULT '1',
	`SYNCH_FREQUENCY` varchar(20) DEFAULT NULL,
	`SYNCH_TYPE` varchar(20) DEFAULT NULL,
	`DELETE_RULE` varchar(80) DEFAULT NULL,
	`PROCESS_RULE` varchar(80) DEFAULT NULL,
	`VALIDATION_RULE` varchar(80) DEFAULT NULL,
	`TRANSFORMATION_RULE` varchar(80) DEFAULT NULL,
	`MATCH_FIELD_NAME` varchar(40) DEFAULT NULL,
	`MATCH_MANAGED_SYS_ID` varchar(32) DEFAULT NULL,
	`MATCH_SRC_FIELD_NAME` varchar(40) DEFAULT NULL,
	`CUSTOM_MATCH_RULE` varchar(100) DEFAULT NULL,
	`CUSTOM_ADAPTER_SCRIPT` varchar(100) DEFAULT NULL,
	`CUSTOM_MATCH_ATTR` varchar(40) DEFAULT NULL,
	`WS_URL` varchar(100) DEFAULT NULL,
	`WS_SCRIPT` varchar(100) DEFAULT NULL,
	`USE_POLICY_MAP` char(1) DEFAULT 'Y',
	`USE_TRANSFORM_SCRIPT` char(1) DEFAULT 'Y',
	`POLICY_MAP_BEFORE_TRANSFORM` char(1) DEFAULT 'Y',
	`USE_SYSTEM_PATH` char(1) DEFAULT 'N',
	`PRE_SYNC_SCRIPT` varchar(80) DEFAULT NULL,
	`POST_SYNC_SCRIPT` varchar(80) DEFAULT NULL,
	`COMPANY_ID` varchar(32) DEFAULT NULL,
	`ATTRIBUTE_NAMES_LOOKUP` varchar(120) DEFAULT NULL,
	`SEARCH_SCOPE` int(11) NOT NULL DEFAULT '2',
	PRIMARY KEY (`SYNCH_CONFIG_ID`)
	) ENGINE=InnoDB DEFAULT CHARSET=utf8;


CREATE TABLE `UI_TEMPLATE_TYPE` (
	`TEMPLATE_TYPE_ID` varchar(32) NOT NULL,
	`NAME` varchar(100) NOT NULL,
	`DESCRIPTION` varchar(200) DEFAULT NULL,
	PRIMARY KEY (`TEMPLATE_TYPE_ID`)
	) ENGINE=InnoDB DEFAULT CHARSET=utf8;


CREATE TABLE `UI_THEME` (
	`UI_THEME_ID` varchar(32) NOT NULL,
	`UI_THEME_NAME` varchar(100) NOT NULL,
	`URL` varchar(300) NOT NULL,
	PRIMARY KEY (`UI_THEME_ID`),
	UNIQUE KEY `UI_THEME_NAME_UNIUE` (`UI_THEME_NAME`)
	) ENGINE=InnoDB DEFAULT CHARSET=utf8;


CREATE TABLE `URI_PATTERN_META_TYPE` (
	`URI_PATTERN_META_TYPE_ID` varchar(32) NOT NULL,
	`METADATA_TYPE_NAME` varchar(100) NOT NULL,
	`SPRING_BEAN_NAME` varchar(100) NOT NULL,
	PRIMARY KEY (`URI_PATTERN_META_TYPE_ID`),
	UNIQUE KEY `META_SPRING_BEAN_UNIQUE` (`SPRING_BEAN_NAME`),
	UNIQUE KEY `URI_META_TYPE_NAME_UNIQUE` (`METADATA_TYPE_NAME`)
	) ENGINE=InnoDB DEFAULT CHARSET=utf8;


CREATE TABLE `WEB_RESOURCE_ATTRIBUTE` (
	`ATTRIBUTE_MAP_ID` varchar(32) NOT NULL,
	`RESOURCE_ID` varchar(32) NOT NULL,
	`TARGET_ATTRIBUTE_NAME` varchar(100) NOT NULL,
	`AM_ATTRIBUTE_NAME` varchar(100) DEFAULT NULL,
	`AM_POLICY_URL` varchar(100) DEFAULT NULL,
	PRIMARY KEY (`ATTRIBUTE_MAP_ID`),
	UNIQUE KEY `RESOURCE_ID` (`RESOURCE_ID`,`TARGET_ATTRIBUTE_NAME`)
	) ENGINE=InnoDB DEFAULT CHARSET=utf8;


CREATE TABLE `AUTH_ATTRIBUTE` (
	`AUTH_ATTRIBUTE_ID` varchar(32) NOT NULL,
	`ATTRIBUTE_NAME` varchar(100) NOT NULL,
	`PROVIDER_TYPE` varchar(32) NOT NULL,
	`DESCRIPTION` varchar(255) DEFAULT NULL,
	`REQUIRED` char(1) DEFAULT 'N',
	`DATA_TYPE` varchar(20) NOT NULL DEFAULT 'singleValue',
	`DEFAULT_VALUE` varchar(4096) DEFAULT NULL,
	PRIMARY KEY (`AUTH_ATTRIBUTE_ID`),
	UNIQUE KEY `IDX_ATTRIBUTE_PT` (`ATTRIBUTE_NAME`,`PROVIDER_TYPE`),
	KEY `FK_PROVIDER_TYPE_ATTRIBUTE` (`PROVIDER_TYPE`)
	) ENGINE=InnoDB DEFAULT CHARSET=utf8;

ALTER TABLE `AUTH_ATTRIBUTE`
	ADD CONSTRAINT `FK_PROVIDER_TYPE_ATTRIBUTE` FOREIGN KEY (`PROVIDER_TYPE`) REFERENCES `AUTH_PROVIDER_TYPE` (`PROVIDER_TYPE`);

CREATE TABLE `AUTH_LEVEL_GROUPING` (
	`AUTH_LEVEL_GROUPING_ID` varchar(32) NOT NULL,
	`AUTH_LEVEL_ID` varchar(32) NOT NULL,
	`NAME` varchar(100) NOT NULL,
	PRIMARY KEY (`AUTH_LEVEL_GROUPING_ID`),
	KEY `AUTH_LEVEL_GROUPING_FK` (`AUTH_LEVEL_ID`)
	) ENGINE=InnoDB DEFAULT CHARSET=utf8;

ALTER TABLE `AUTH_LEVEL_GROUPING`
	ADD CONSTRAINT `AUTH_LEVEL_GROUPING_FK` FOREIGN KEY (`AUTH_LEVEL_ID`) REFERENCES `AUTH_LEVEL` (`AUTH_LEVEL_ID`);

CREATE TABLE `CATEGORY_LANGUAGE` (
	`CATEGORY_ID` varchar(32) NOT NULL,
	`LANGUAGE_ID` varchar(32) NOT NULL,
	`CATEGORY_NAME` varchar(40) DEFAULT NULL,
	PRIMARY KEY (`CATEGORY_ID`,`LANGUAGE_ID`),
	KEY `FK_CATEGORY_LANGUAGE_LANGUAGE` (`LANGUAGE_ID`)
	) ENGINE=InnoDB DEFAULT CHARSET=utf8;

ALTER TABLE `CATEGORY_LANGUAGE`
	ADD CONSTRAINT `FK_CATEGORY_LANGUAGE_CATEGORY` FOREIGN KEY (`CATEGORY_ID`) REFERENCES `CATEGORY` (`CATEGORY_ID`) ON DELETE CASCADE,
	ADD CONSTRAINT `FK_CATEGORY_LANGUAGE_LANGUAGE` FOREIGN KEY (`LANGUAGE_ID`) REFERENCES `LANGUAGE` (`ID`);

CREATE TABLE `CATEGORY_TYPE` (
	`CATEGORY_ID` varchar(32) NOT NULL,
	`TYPE_ID` varchar(32) NOT NULL,
	PRIMARY KEY (`TYPE_ID`,`CATEGORY_ID`),
	KEY `FK_CATEGORY_TYPE_CATEGORY` (`CATEGORY_ID`)
	) ENGINE=InnoDB DEFAULT CHARSET=utf8;

ALTER TABLE `CATEGORY_TYPE`
	ADD CONSTRAINT `FK_CATEGORY_METADATA_TYPE` FOREIGN KEY (`TYPE_ID`) REFERENCES `METADATA_TYPE` (`TYPE_ID`),
	ADD CONSTRAINT `FK_CATEGORY_TYPE_CATEGORY` FOREIGN KEY (`CATEGORY_ID`) REFERENCES `CATEGORY` (`CATEGORY_ID`);

CREATE TABLE `EXCLUDE_WORD_LIST` (
	`WORD` varchar(30) NOT NULL,
	`LANGUAGE_ID` varchar(32) NOT NULL,
	PRIMARY KEY (`WORD`,`LANGUAGE_ID`),
	KEY `FK_EXCLUDE_WORD_LIST_LANGUAGE` (`LANGUAGE_ID`)
	) ENGINE=InnoDB DEFAULT CHARSET=utf8;

ALTER TABLE `EXCLUDE_WORD_LIST`
	ADD CONSTRAINT `FK_EXCLUDE_WORD_LIST_LANGUAGE` FOREIGN KEY (`LANGUAGE_ID`) REFERENCES `LANGUAGE` (`ID`);

CREATE TABLE `IDENTITY_QUESTION` (
	`IDENTITY_QUESTION_ID` varchar(32) NOT NULL,
	`IDENTITY_QUEST_GRP_ID` varchar(32) DEFAULT NULL,
	`ACTIVE` char(1) DEFAULT 'Y',
	PRIMARY KEY (`IDENTITY_QUESTION_ID`),
	KEY `ID_QU_IDEN_QUEST_GRP_FK` (`IDENTITY_QUEST_GRP_ID`)
	) ENGINE=InnoDB DEFAULT CHARSET=utf8;

ALTER TABLE `IDENTITY_QUESTION`
	ADD CONSTRAINT `ID_QU_IDEN_QUEST_GRP_FK` FOREIGN KEY (`IDENTITY_QUEST_GRP_ID`) REFERENCES `IDENTITY_QUEST_GRP` (`IDENTITY_QUEST_GRP_ID`);

CREATE TABLE `LANGUAGE_LOCALE` (
	`ID` varchar(32) NOT NULL,
	`LANGUAGE_ID` varchar(32) NOT NULL,
	`LOCALE` varchar(32) NOT NULL,
	UNIQUE KEY `LANGUAGE_LOCALE_UNIQUE` (`LOCALE`),
	KEY `LANGUAGE_LOCALE_LANGUAGE_FK` (`LANGUAGE_ID`)
	) ENGINE=InnoDB DEFAULT CHARSET=utf8;

ALTER TABLE `LANGUAGE_LOCALE`
	ADD CONSTRAINT `LANGUAGE_LOCALE_LANGUAGE_FK` FOREIGN KEY (`LANGUAGE_ID`) REFERENCES `LANGUAGE` (`ID`);

CREATE TABLE `LANGUAGE_MAPPING` (
	`ID` varchar(32) NOT NULL,
	`LANGUAGE_ID` varchar(32) NOT NULL,
	`REFERENCE_ID` varchar(32) NOT NULL,
	`REFERENCE_TYPE` varchar(100) NOT NULL,
	`TEXT_VALUE` varchar(400) NOT NULL,
	PRIMARY KEY (`ID`),
	UNIQUE KEY `LANGUAGE_MAPPING_UNIQUE` (`LANGUAGE_ID`,`REFERENCE_ID`,`REFERENCE_TYPE`)
	) ENGINE=InnoDB DEFAULT CHARSET=utf8;

ALTER TABLE `LANGUAGE_MAPPING`
	ADD CONSTRAINT `LANGUAGE_MAPPING_LANGUAGE_FK` FOREIGN KEY (`LANGUAGE_ID`) REFERENCES `LANGUAGE` (`ID`);

CREATE TABLE `MANAGED_SYS` (
	`MANAGED_SYS_ID` varchar(32) NOT NULL,
	`NAME` varchar(40) DEFAULT NULL,
	`DESCRIPTION` varchar(80) DEFAULT NULL,
	`STATUS` varchar(20) DEFAULT NULL,
	`CONNECTOR_ID` varchar(32) DEFAULT NULL,
	`HOST_URL` varchar(80) DEFAULT NULL,
	`APPL_URL` varchar(80) DEFAULT NULL,
	`PORT` int(11) DEFAULT NULL,
	`COMM_PROTOCOL` varchar(20) DEFAULT NULL,
	`USER_ID` varchar(150) DEFAULT NULL,
	`PSWD` varchar(255) DEFAULT NULL,
	`START_DATE` date DEFAULT NULL,
	`END_DATE` date DEFAULT NULL,
	`RESOURCE_ID` varchar(32) DEFAULT NULL,
	`PRIMARY_REPOSITORY` int(11) DEFAULT NULL,
	`SECONDARY_REPOSITORY_ID` varchar(32) DEFAULT NULL,
	`ALWAYS_UPDATE_SECONDARY` int(11) DEFAULT NULL,
	`RES_DEPENDENCY` varchar(32) DEFAULT NULL,
	`ADD_HNDLR` varchar(100) DEFAULT NULL,
	`MODIFY_HNDLR` varchar(100) DEFAULT NULL,
	`DELETE_HNDLR` varchar(100) DEFAULT NULL,
	`SETPASS_HNDLR` varchar(100) DEFAULT NULL,
	`SUSPEND_HNDLR` varchar(100) DEFAULT NULL,
	`SEARCH_HNDLR` varchar(100) DEFAULT NULL,
	`LOOKUP_HNDLR` varchar(100) DEFAULT NULL,
	`TEST_CONNECTION_HNDLR` varchar(100) DEFAULT NULL,
	`RECONCILE_RESOURCE_HNDLR` varchar(100) DEFAULT NULL,
	`HNDLR_5` varchar(100) DEFAULT NULL,
	`DRIVER_URL` varchar(100) DEFAULT NULL,
	`CONNECTION_STRING` varchar(100) DEFAULT NULL,
	`ATTRIBUTE_NAMES_LOOKUP` varchar(120) DEFAULT NULL,
	`ATTRIBUTE_NAMES_HNDLR` varchar(100) DEFAULT NULL,
	`SEARCH_SCOPE` int(11) NOT NULL DEFAULT '2',
	`RESUME_HNDLR` varchar(100) DEFAULT NULL,
	PRIMARY KEY (`MANAGED_SYS_ID`),
	KEY `FK_MNG_SYS_PROV_CON` (`CONNECTOR_ID`)
	) ENGINE=InnoDB DEFAULT CHARSET=utf8;

ALTER TABLE `MANAGED_SYS`
	ADD CONSTRAINT `FK_MNG_SYS_PROV_CON` FOREIGN KEY (`CONNECTOR_ID`) REFERENCES `PROVISION_CONNECTOR` (`CONNECTOR_ID`);

CREATE TABLE `ORG_TYPE_VALID_MEMBERSHIP` (
	`ORG_TYPE_ID` varchar(32) NOT NULL,
	`MEMBER_ORG_TYPE_ID` varchar(32) NOT NULL,
	UNIQUE KEY `UNIQUE_USER_ORG_TYPE` (`ORG_TYPE_ID`,`MEMBER_ORG_TYPE_ID`),
	KEY `ORG_T_VAL_MEM_TARGET_FK` (`MEMBER_ORG_TYPE_ID`)
	) ENGINE=InnoDB DEFAULT CHARSET=utf8;

ALTER TABLE `ORG_TYPE_VALID_MEMBERSHIP`
	ADD CONSTRAINT `ORG_T_VAL_MEM_SOURCE_FK` FOREIGN KEY (`ORG_TYPE_ID`) REFERENCES `ORGANIZATION_TYPE` (`ORG_TYPE_ID`),
	ADD CONSTRAINT `ORG_T_VAL_MEM_TARGET_FK` FOREIGN KEY (`MEMBER_ORG_TYPE_ID`) REFERENCES `ORGANIZATION_TYPE` (`ORG_TYPE_ID`);

CREATE TABLE `POLICY_DEF_PARAM` (
	`DEF_PARAM_ID` varchar(32) NOT NULL,
	`POLICY_DEF_ID` varchar(32) DEFAULT NULL,
	`NAME` varchar(60) DEFAULT NULL,
	`DESCRIPTION` varchar(255) DEFAULT NULL,
	`OPERATION` varchar(20) DEFAULT NULL,
	`VALUE1` varchar(255) DEFAULT NULL,
	`VALUE2` varchar(255) DEFAULT NULL,
	`REPEATS` int(11) DEFAULT NULL,
	`PARAM_GROUP` varchar(20) DEFAULT NULL,
	`HANDLER_LANGUAGE` varchar(20) DEFAULT NULL,
	`POLICY_PARAM_HANDLER` varchar(255) DEFAULT NULL,
	PRIMARY KEY (`DEF_PARAM_ID`),
	KEY `FK_POLICY_DEF_PARAM_POLICY_DEF` (`POLICY_DEF_ID`)
	) ENGINE=InnoDB DEFAULT CHARSET=utf8;

ALTER TABLE `POLICY_DEF_PARAM`
	ADD CONSTRAINT `FK_POLICY_DEF_PARAM_POLICY_DEF` FOREIGN KEY (`POLICY_DEF_ID`) REFERENCES `POLICY_DEF` (`POLICY_DEF_ID`);

CREATE TABLE `RECONCILIATION_SITUATION` (
	`RECON_SITUATION_ID` varchar(32) NOT NULL,
	`RECON_CONFIG_ID` varchar(32) DEFAULT NULL,
	`SITUATION` varchar(40) DEFAULT NULL,
	`SITUATION_RESP` varchar(40) DEFAULT NULL,
	`SCRIPT` varchar(80) DEFAULT NULL,
	PRIMARY KEY (`RECON_SITUATION_ID`),
	KEY `RECON_SITUATION` (`RECON_CONFIG_ID`)
	) ENGINE=InnoDB DEFAULT CHARSET=utf8;

ALTER TABLE `RECONCILIATION_SITUATION`
	ADD CONSTRAINT `RECON_SITUATION` FOREIGN KEY (`RECON_CONFIG_ID`) REFERENCES `RECONCILIATION_CONFIG` (`RECON_CONFIG_ID`);

CREATE TABLE `RELATIONSHIP` (
	`RELATIONSHIP_ID` varchar(20) NOT NULL,
	`RELATION_SET_ID` varchar(20) DEFAULT NULL,
	`ITEM_OBJ` varchar(20) DEFAULT NULL,
	`ITEM_ID` varchar(20) DEFAULT NULL,
	`RANK` int(11) DEFAULT NULL,
	`ACTIVE` bit(1) DEFAULT NULL,
	PRIMARY KEY (`RELATIONSHIP_ID`),
	KEY `FK_RELATIONSHIP_RELATION_SET` (`RELATION_SET_ID`)
	) ENGINE=InnoDB DEFAULT CHARSET=utf8;

ALTER TABLE `RELATIONSHIP`
	ADD CONSTRAINT `FK_RELATIONSHIP_RELATION_SET` FOREIGN KEY (`RELATION_SET_ID`) REFERENCES `RELATION_SET` (`RELATION_SET_ID`);

CREATE TABLE `RELATION_CATEGORY` (
	`RELATION_SET_ID` varchar(20) NOT NULL,
	`CATEGORY_ID` varchar(20) NOT NULL,
	PRIMARY KEY (`RELATION_SET_ID`,`CATEGORY_ID`),
	KEY `FK_RELATION_CATEGORY_CATEGORY` (`CATEGORY_ID`)
	) ENGINE=InnoDB DEFAULT CHARSET=utf8;

ALTER TABLE `RELATION_CATEGORY`
	ADD CONSTRAINT `FK_RELATION_CATEGORY_CATEGORY` FOREIGN KEY (`CATEGORY_ID`) REFERENCES `CATEGORY` (`CATEGORY_ID`),
	ADD CONSTRAINT `REL_CAT_REL_SET_FK` FOREIGN KEY (`RELATION_SET_ID`) REFERENCES `RELATION_SET` (`RELATION_SET_ID`);

CREATE TABLE `RELATION_SOURCE` (
	`RELATION_TYPE_ID` varchar(20) NOT NULL,
	`SOURCE_OBJ` varchar(20) NOT NULL,
	`SOURCE_ID` varchar(20) NOT NULL,
	`RELATION_SET_ID` varchar(20) DEFAULT NULL,
	PRIMARY KEY (`RELATION_TYPE_ID`,`SOURCE_OBJ`,`SOURCE_ID`),
	KEY `FK_RELATION_SOURCE_RELATION_SET` (`RELATION_SET_ID`)
	) ENGINE=InnoDB DEFAULT CHARSET=utf8;

ALTER TABLE `RELATION_SOURCE`
	ADD CONSTRAINT `FK_RELATION_SOURCE_RELATION_SET` FOREIGN KEY (`RELATION_SET_ID`) REFERENCES `RELATION_SET` (`RELATION_SET_ID`),
	ADD CONSTRAINT `FK_RELATION_SOURCE_RELATION_TYPE` FOREIGN KEY (`RELATION_TYPE_ID`) REFERENCES `RELATION_TYPE` (`RELATION_TYPE_ID`);

CREATE TABLE `REPORT_CRITERIA_PARAMETER` (
	`RCP_ID` varchar(32) COLLATE utf8_bin NOT NULL,
	`REPORT_INFO_ID` varchar(32) COLLATE utf8_bin NOT NULL,
	`PARAM_NAME` varchar(64) COLLATE utf8_bin NOT NULL,
	`PARAM_VALUE` varchar(64) COLLATE utf8_bin DEFAULT NULL,
	`RCPT_ID` varchar(100) COLLATE utf8_bin DEFAULT NULL,
	`PARAM_META_TYPE_ID` varchar(32) COLLATE utf8_bin DEFAULT NULL,
	`IS_MULTIPLE` char(1) COLLATE utf8_bin NOT NULL DEFAULT 'N',
	`IS_REQUIRED` char(1) COLLATE utf8_bin NOT NULL DEFAULT 'N',
	`CAPTION` varchar(100) COLLATE utf8_bin NOT NULL,
	PRIMARY KEY (`RCP_ID`),
	KEY `RCP_PARAM_META_TYPE_FK` (`PARAM_META_TYPE_ID`)
	) ENGINE=InnoDB DEFAULT CHARSET=utf8 COLLATE=utf8_bin;

ALTER TABLE `REPORT_CRITERIA_PARAMETER`
	ADD CONSTRAINT `RCP_PARAM_META_TYPE_FK` FOREIGN KEY (`PARAM_META_TYPE_ID`) REFERENCES `REPORT_PARAMETER_METATYPE` (`PARAM_METATYPE_ID`);

CREATE TABLE `REQUEST_ATTACHMENT` (
	`REQUEST_ATTACHMENT_ID` varchar(32) NOT NULL,
	`NAME` varchar(20) DEFAULT NULL,
	`ATTACHMENT` varchar(20) DEFAULT NULL,
	`USER_ID` varchar(32) DEFAULT NULL,
	`ATTACHMENT_DATE` datetime DEFAULT NULL,
	`REQUEST_ID` varchar(32) NOT NULL,
	PRIMARY KEY (`REQUEST_ATTACHMENT_ID`),
	KEY `RefPROV_REQUEST1001` (`REQUEST_ID`)
	) ENGINE=InnoDB DEFAULT CHARSET=utf8;

ALTER TABLE `REQUEST_ATTACHMENT`
	ADD CONSTRAINT `RefPROV_REQUEST1001` FOREIGN KEY (`REQUEST_ID`) REFERENCES `PROV_REQUEST` (`REQUEST_ID`);

CREATE TABLE `REQUEST_ATTRIBUTE` (
	`REQUEST_ATTR_ID` varchar(32) NOT NULL,
	`NAME` varchar(100) DEFAULT NULL,
	`VALUE` varchar(4096) DEFAULT NULL,
	`METADATA_ID` varchar(32) DEFAULT NULL,
	`REQUEST_ID` varchar(32) DEFAULT NULL,
	PRIMARY KEY (`REQUEST_ATTR_ID`),
	KEY `RefPROV_REQUEST1011` (`REQUEST_ID`)
	) ENGINE=InnoDB DEFAULT CHARSET=utf8;

ALTER TABLE `REQUEST_ATTRIBUTE`
	ADD CONSTRAINT `RefPROV_REQUEST1011` FOREIGN KEY (`REQUEST_ID`) REFERENCES `PROV_REQUEST` (`REQUEST_ID`);

CREATE TABLE `REQUEST_USER` (
	`REQ_USER_ID` varchar(32) NOT NULL,
	`USER_ID` varchar(32) DEFAULT NULL,
	`FIRST_NAME` varchar(20) DEFAULT NULL,
	`LAST_NAME` varchar(20) DEFAULT NULL,
	`MIDDLE_INIT` varchar(20) DEFAULT NULL,
	`DEPT_CD` varchar(20) DEFAULT NULL,
	`DIVISION` varchar(20) DEFAULT NULL,
	`LOCATION_CD` varchar(20) DEFAULT NULL,
	`AFFILIATION` varchar(20) DEFAULT NULL,
	`REQUEST_ID` varchar(32) DEFAULT NULL,
	PRIMARY KEY (`REQ_USER_ID`),
	KEY `RefPROV_REQUEST931` (`REQUEST_ID`)
	) ENGINE=InnoDB DEFAULT CHARSET=utf8;

ALTER TABLE `REQUEST_USER`
	ADD CONSTRAINT `RefPROV_REQUEST931` FOREIGN KEY (`REQUEST_ID`) REFERENCES `PROV_REQUEST` (`REQUEST_ID`);

CREATE TABLE `RES` (
	`RESOURCE_ID` varchar(32) NOT NULL,
	`RESOURCE_TYPE_ID` varchar(32) NOT NULL,
	`DESCRIPTION` varchar(100) DEFAULT NULL,
	`NAME` varchar(150) NOT NULL,
	`DISPLAY_ORDER` int(11) DEFAULT '1',
	`URL` varchar(255) DEFAULT NULL,
	`MIN_AUTH_LEVEL` varchar(32) DEFAULT NULL,
	`IS_PUBLIC` char(1) DEFAULT 'Y',
	`ADMIN_RESOURCE_ID` varchar(32) DEFAULT NULL,
	`RISK` varchar(10) DEFAULT NULL,
	`TYPE_ID` varchar(32) DEFAULT NULL,
	PRIMARY KEY (`RESOURCE_ID`),
	UNIQUE KEY `NAME` (`NAME`),
	KEY `FK_RESOURCE_RESOURCE_TYPE` (`RESOURCE_TYPE_ID`),
	KEY `RES_ADMIN_RES_FK` (`ADMIN_RESOURCE_ID`),
	KEY `RES_TYPE_FK` (`TYPE_ID`)
	) ENGINE=InnoDB DEFAULT CHARSET=utf8;

ALTER TABLE `RES`
	ADD CONSTRAINT `FK_RESOURCE_RESOURCE_TYPE` FOREIGN KEY (`RESOURCE_TYPE_ID`) REFERENCES `RESOURCE_TYPE` (`RESOURCE_TYPE_ID`),
	ADD CONSTRAINT `RES_ADMIN_RES_FK` FOREIGN KEY (`ADMIN_RESOURCE_ID`) REFERENCES `RES` (`RESOURCE_ID`),
	ADD CONSTRAINT `RES_TYPE_FK` FOREIGN KEY (`TYPE_ID`) REFERENCES `METADATA_TYPE` (`TYPE_ID`);

CREATE TABLE `SERVICE_CONFIG` (
	`SERVICE_CONFIG_ID` varchar(20) NOT NULL,
	`SERVICE_ID` varchar(20) DEFAULT NULL,
	`NAME` varchar(40) DEFAULT NULL,
	`VALUE` varchar(40) DEFAULT NULL,
	PRIMARY KEY (`SERVICE_CONFIG_ID`),
	KEY `FK_SRV_SRV_CONF` (`SERVICE_ID`)
	) ENGINE=InnoDB DEFAULT CHARSET=utf8;

ALTER TABLE `SERVICE_CONFIG`
	ADD CONSTRAINT `FK_SRV_SRV_CONF` FOREIGN KEY (`SERVICE_ID`) REFERENCES `SERVICE` (`SERVICE_ID`);

CREATE TABLE `SYNCH_CONFIG_DATA_MAPPING` (
	`MAPPING_ID` varchar(32) NOT NULL,
	`SYNCH_CONFIG_ID` varchar(32) DEFAULT NULL,
	`IDM_FIELD_NAME` varchar(40) DEFAULT NULL,
	`SRC_FIELD_NAME` varchar(40) DEFAULT NULL,
	`MULTIVALUED` int(11) DEFAULT NULL,
	PRIMARY KEY (`MAPPING_ID`),
	KEY `SYNCH_DATA_MAP` (`SYNCH_CONFIG_ID`)
	) ENGINE=InnoDB DEFAULT CHARSET=utf8;

ALTER TABLE `SYNCH_CONFIG_DATA_MAPPING`
	ADD CONSTRAINT `SYNCH_DATA_MAP` FOREIGN KEY (`SYNCH_CONFIG_ID`) REFERENCES `SYNCH_CONFIG` (`SYNCH_CONFIG_ID`);

CREATE TABLE `UI_TEMPLATE_FIELDS` (
	`UI_FIELD_ID` varchar(32) NOT NULL,
	`NAME` varchar(100) NOT NULL,
	`DESCRIPTION` varchar(200) DEFAULT NULL,
	`TEMPLATE_TYPE_ID` varchar(32) NOT NULL,
	`IS_REQUIRED` char(1) NOT NULL DEFAULT 'N',
	PRIMARY KEY (`UI_FIELD_ID`),
	KEY `TEMPLATE_TYPE_UI_TEMPL_FK` (`TEMPLATE_TYPE_ID`)
	) ENGINE=InnoDB DEFAULT CHARSET=utf8;

ALTER TABLE `UI_TEMPLATE_FIELDS`
	ADD CONSTRAINT `TEMPLATE_TYPE_UI_TEMPL_FK` FOREIGN KEY (`TEMPLATE_TYPE_ID`) REFERENCES `UI_TEMPLATE_TYPE` (`TEMPLATE_TYPE_ID`);

CREATE TABLE `USERS` (
	`USER_ID` varchar(32) NOT NULL,
	`FIRST_NAME` varchar(50) DEFAULT NULL,
	`LAST_NAME` varchar(50) DEFAULT NULL,
	`MIDDLE_INIT` varchar(50) DEFAULT NULL,
	`TYPE_ID` varchar(20) DEFAULT NULL,
	`CLASSIFICATION` varchar(20) DEFAULT NULL,
	`TITLE` varchar(100) DEFAULT NULL,
	`MAIL_CODE` varchar(50) DEFAULT NULL,
	`COST_CENTER` varchar(20) DEFAULT NULL,
	`STATUS` varchar(40) DEFAULT NULL,
	`SECONDARY_STATUS` varchar(40) DEFAULT NULL,
	`BIRTHDATE` datetime DEFAULT NULL,
	`SEX` char(1) DEFAULT NULL,
	`CREATE_DATE` datetime DEFAULT NULL,
	`CREATED_BY` varchar(40) DEFAULT NULL,
	`LAST_UPDATE` datetime DEFAULT NULL,
	`LAST_UPDATED_BY` varchar(40) DEFAULT NULL,
	`PREFIX` varchar(4) DEFAULT NULL,
	`SUFFIX` varchar(20) DEFAULT NULL,
	`USER_TYPE_IND` varchar(20) DEFAULT NULL,
	`EMPLOYEE_ID` varchar(32) DEFAULT NULL,
	`EMPLOYEE_TYPE` varchar(32) DEFAULT NULL,
	`LOCATION_CD` varchar(50) DEFAULT NULL,
	`LOCATION_NAME` varchar(100) DEFAULT NULL,
	`COMPANY_OWNER_ID` varchar(32) DEFAULT NULL,
	`JOB_CODE` varchar(32) DEFAULT NULL,
	`ALTERNATE_ID` varchar(32) DEFAULT NULL,
	`START_DATE` date DEFAULT NULL,
	`LAST_DATE` date DEFAULT NULL,
	`MAIDEN_NAME` varchar(40) DEFAULT NULL,
	`NICKNAME` varchar(40) DEFAULT NULL,
	`PASSWORD_THEME` varchar(20) DEFAULT NULL,
	`SHOW_IN_SEARCH` int(11) DEFAULT NULL,
	`USER_OWNER_ID` varchar(32) DEFAULT NULL,
	`DATE_PASSWORD_CHANGED` datetime DEFAULT NULL,
	`DATE_CHALLENGE_RESP_CHANGED` datetime DEFAULT NULL,
	`SYSTEM_FLAG` varchar(1) DEFAULT NULL,
	`DATE_IT_POLICY_APPROVED` timestamp NULL DEFAULT NULL,
	PRIMARY KEY (`USER_ID`),
	KEY `FK_USERS_METADATA_TYPE` (`TYPE_ID`),
	KEY `LAST_NAME` (`LAST_NAME`),
	KEY `USER_EMPLOYEE_INDX` (`EMPLOYEE_ID`),
	KEY `FK_JOB_CODE_METADATA_TYPE` (`JOB_CODE`),
	KEY `FK_EMPLOYEE_TYPE_METADATA_TYPE` (`EMPLOYEE_TYPE`)
	) ENGINE=InnoDB DEFAULT CHARSET=utf8;

ALTER TABLE `USERS`
	ADD CONSTRAINT `FK_EMPLOYEE_TYPE_METADATA_TYPE` FOREIGN KEY (`EMPLOYEE_TYPE`) REFERENCES `METADATA_TYPE` (`TYPE_ID`),
	ADD CONSTRAINT `FK_JOB_CODE_METADATA_TYPE` FOREIGN KEY (`JOB_CODE`) REFERENCES `METADATA_TYPE` (`TYPE_ID`),
	ADD CONSTRAINT `FK_USERS_METADATA_TYPE` FOREIGN KEY (`TYPE_ID`) REFERENCES `METADATA_TYPE` (`TYPE_ID`);

DELIMITER ;;

CREATE TRIGGER ON_USER_INSERT 
BEFORE 
INSERT ON USERS 
	FOR EACH ROW
	BEGIN
		SET NEW.CREATE_DATE = NOW();
		SET NEW.LAST_UPDATE = NOW();
	END ;;

CREATE TRIGGER ON_USER_UPDATE
BEFORE 
UPDATE ON USERS 
	FOR EACH ROW
	BEGIN
		SET NEW.LAST_UPDATE = NOW();
	END ;;

DELIMITER ;

CREATE TABLE `ADDRESS` (
	`ADDRESS_ID` varchar(32) NOT NULL,
	`NAME` varchar(100) DEFAULT NULL,
	`COUNTRY` varchar(100) DEFAULT NULL,
	`BLDG_NUM` varchar(100) DEFAULT NULL,
	`STREET_DIRECTION` varchar(20) DEFAULT NULL,
	`SUITE` varchar(20) DEFAULT NULL,
	`ADDRESS1` varchar(45) DEFAULT NULL,
	`ADDRESS2` varchar(45) DEFAULT NULL,
	`ADDRESS3` varchar(45) DEFAULT NULL,
	`ADDRESS4` varchar(45) DEFAULT NULL,
	`ADDRESS5` varchar(45) DEFAULT NULL,
	`ADDRESS6` varchar(45) DEFAULT NULL,
	`ADDRESS7` varchar(45) DEFAULT NULL,
	`CITY` varchar(100) DEFAULT NULL,
	`STATE` varchar(100) DEFAULT NULL,
	`POSTAL_CD` varchar(100) DEFAULT NULL,
	`IS_DEFAULT` char(1) DEFAULT 'N',
	`DESCRIPTION` varchar(100) DEFAULT NULL,
	`ACTIVE` char(1) DEFAULT 'Y',
	`PARENT_ID` varchar(32) DEFAULT NULL,
	`LAST_UPDATE` timestamp NULL DEFAULT NULL,
	`CREATE_DATE` timestamp NULL DEFAULT CURRENT_TIMESTAMP,
	`TYPE_ID` varchar(32) DEFAULT NULL,
	PRIMARY KEY (`ADDRESS_ID`),
	KEY `ADDRESS_USER_FK` (`PARENT_ID`),
	KEY `ADDRESS_TYPE_FK` (`TYPE_ID`)
	) ENGINE=InnoDB DEFAULT CHARSET=utf8;

ALTER TABLE `ADDRESS`
	ADD CONSTRAINT `ADDRESS_TYPE_FK` FOREIGN KEY (`TYPE_ID`) REFERENCES `METADATA_TYPE` (`TYPE_ID`),
	ADD CONSTRAINT `ADDRESS_USER_FK` FOREIGN KEY (`PARENT_ID`) REFERENCES `USERS` (`USER_ID`);

DELIMITER ;;

CREATE TRIGGER ON_ADDRESS_INSERT 
BEFORE 
INSERT ON ADDRESS 
	FOR EACH ROW
	BEGIN
		SET NEW.CREATE_DATE = NOW();
		SET NEW.LAST_UPDATE = NOW();
	END ;;

CREATE TRIGGER ON_ADDRESS_UPDATE
BEFORE 
UPDATE ON ADDRESS 
	FOR EACH ROW
	BEGIN
		SET NEW.LAST_UPDATE = NOW();
	END ;;

DELIMITER ;

CREATE TABLE `AUTH_LEVEL_ATTRIBUTE` (
	`AUTH_LEVEL_ATTRIBUTE_ID` varchar(32) NOT NULL,
	`AUTH_LEVEL_GROUPING_ID` varchar(32) NOT NULL,
	`TYPE_ID` varchar(32) NOT NULL,
	`NAME` varchar(100) NOT NULL,
	`VALUE_AS_BYTE_ARRAY` blob,
	`VALUE_AS_STRING` varchar(4096) DEFAULT NULL,
	PRIMARY KEY (`AUTH_LEVEL_ATTRIBUTE_ID`),
	KEY `AUTH_LEVEL_ATTR_GRP_FK` (`AUTH_LEVEL_GROUPING_ID`),
	KEY `AUTH_LEVEL_ATTR_TYPE_FK` (`TYPE_ID`)
	) ENGINE=InnoDB DEFAULT CHARSET=utf8;

ALTER TABLE `AUTH_LEVEL_ATTRIBUTE`
	ADD CONSTRAINT `AUTH_LEVEL_ATTR_GRP_FK` FOREIGN KEY (`AUTH_LEVEL_GROUPING_ID`) REFERENCES `AUTH_LEVEL_GROUPING` (`AUTH_LEVEL_GROUPING_ID`),
	ADD CONSTRAINT `AUTH_LEVEL_ATTR_TYPE_FK` FOREIGN KEY (`TYPE_ID`) REFERENCES `METADATA_TYPE` (`TYPE_ID`);

CREATE TABLE `AUTH_PROVIDER` (
	`PROVIDER_ID` varchar(32) NOT NULL,
	`PROVIDER_TYPE` varchar(32) NOT NULL,
	`MANAGED_SYS_ID` varchar(32) NOT NULL,
	`RESOURCE_ID` varchar(32) NOT NULL,
	`NAME` varchar(50) NOT NULL,
	`DESCRIPTION` varchar(255) DEFAULT NULL,
	`SIGN_REQUEST` char(1) NOT NULL DEFAULT 'N',
	`PUBLIC_KEY` blob,
	`PRIVATE_KEY` blob,
	PRIMARY KEY (`PROVIDER_ID`),
	KEY `FK_PROVIDER_TYPE_PROVIDER` (`PROVIDER_TYPE`),
	KEY `FK_MNG_AUTH_PROVIDER` (`MANAGED_SYS_ID`),
	KEY `FK_RES_AUTH_PROVIDER` (`RESOURCE_ID`)
	) ENGINE=InnoDB DEFAULT CHARSET=utf8;

ALTER TABLE `AUTH_PROVIDER`
	ADD CONSTRAINT `FK_MNG_AUTH_PROVIDER` FOREIGN KEY (`MANAGED_SYS_ID`) REFERENCES `MANAGED_SYS` (`MANAGED_SYS_ID`),
	ADD CONSTRAINT `FK_PROVIDER_TYPE_PROVIDER` FOREIGN KEY (`PROVIDER_TYPE`) REFERENCES `AUTH_PROVIDER_TYPE` (`PROVIDER_TYPE`),
	ADD CONSTRAINT `FK_RES_AUTH_PROVIDER` FOREIGN KEY (`RESOURCE_ID`) REFERENCES `RES` (`RESOURCE_ID`);

CREATE TABLE `AUTH_STATE` (
	`USER_ID` varchar(32) NOT NULL,
	`AUTH_STATE` decimal(5,1) DEFAULT NULL,
	`TOKEN` varchar(2000) DEFAULT NULL,
	`AA` varchar(20) DEFAULT NULL,
	`EXPIRATION` decimal(18,0) DEFAULT NULL,
	`LAST_LOGIN` datetime DEFAULT NULL,
	`IP_ADDRESS` varchar(20) DEFAULT NULL,
	PRIMARY KEY (`USER_ID`)
	) ENGINE=InnoDB DEFAULT CHARSET=utf8;

ALTER TABLE `AUTH_STATE`
	ADD CONSTRAINT `FK_AUTH_STATE_USERS` FOREIGN KEY (`USER_ID`) REFERENCES `USERS` (`USER_ID`);

CREATE TABLE `COMPANY` (
	`COMPANY_ID` varchar(32) NOT NULL,
	`COMPANY_NAME` varchar(200) DEFAULT NULL,
	`LST_UPDATE` datetime DEFAULT NULL,
	`LST_UPDATED_BY` varchar(40) DEFAULT NULL,
	`PARENT_ID` varchar(32) DEFAULT NULL,
	`STATUS` varchar(20) DEFAULT NULL,
	`CREATE_DATE` datetime DEFAULT NULL,
	`CREATED_BY` varchar(40) DEFAULT NULL,
	`ALIAS` varchar(200) DEFAULT NULL,
	`DESCRIPTION` varchar(200) DEFAULT NULL,
	`DOMAIN_NAME` varchar(250) DEFAULT NULL,
	`LDAP_STR` varchar(255) DEFAULT NULL,
	`CLASSIFICATION` varchar(40) DEFAULT NULL,
	`INTERNAL_COMPANY_ID` varchar(200) DEFAULT NULL,
	`ABBREVIATION` varchar(20) DEFAULT NULL,
	`SYMBOL` varchar(10) DEFAULT NULL,
	`ORG_TYPE_ID` varchar(32) DEFAULT NULL,
	`ADMIN_RESOURCE_ID` varchar(32) DEFAULT NULL,
	`IS_SELECTABLE` char(1) NOT NULL DEFAULT 'Y',
	PRIMARY KEY (`COMPANY_ID`),
	KEY `COMPANY_ORG_TYPE_FK` (`ORG_TYPE_ID`),
	KEY `COMPANY_ADMIN_RES_FK` (`ADMIN_RESOURCE_ID`)
	) ENGINE=InnoDB DEFAULT CHARSET=utf8;

ALTER TABLE `COMPANY`
	ADD CONSTRAINT `COMPANY_ADMIN_RES_FK` FOREIGN KEY (`ADMIN_RESOURCE_ID`) REFERENCES `RES` (`RESOURCE_ID`),
	ADD CONSTRAINT `COMPANY_ORG_TYPE_FK` FOREIGN KEY (`ORG_TYPE_ID`) REFERENCES `ORGANIZATION_TYPE` (`ORG_TYPE_ID`);

CREATE TABLE `CONTENT_PROVIDER` (
	`CONTENT_PROVIDER_ID` varchar(32) NOT NULL,
	`CONTENT_PROVIDER_NAME` varchar(100) NOT NULL,
	`IS_PUBLIC` char(1) NOT NULL DEFAULT 'N',
	`DOMAIN_PATTERN` varchar(100) NOT NULL,
	`IS_SSL` char(1) DEFAULT NULL,
	`RESOURCE_ID` varchar(32) NOT NULL,
	`MANAGED_SYS_ID` varchar(32) NOT NULL,
	`UI_THEME_ID` varchar(32) DEFAULT NULL,
	PRIMARY KEY (`CONTENT_PROVIDER_ID`),
	UNIQUE KEY `UNIQUE_CP_NAME` (`CONTENT_PROVIDER_NAME`),
	UNIQUE KEY `UNIQUE_CP_PATTERN` (`DOMAIN_PATTERN`,`IS_SSL`),
	KEY `CP_RES_FK` (`RESOURCE_ID`),
	KEY `FK_CP_MANAGED_SYS` (`MANAGED_SYS_ID`),
	KEY `CP_UI_THEME` (`UI_THEME_ID`)
	) ENGINE=InnoDB DEFAULT CHARSET=utf8;

ALTER TABLE `CONTENT_PROVIDER`
	ADD CONSTRAINT `CP_RES_FK` FOREIGN KEY (`RESOURCE_ID`) REFERENCES `RES` (`RESOURCE_ID`),
	ADD CONSTRAINT `CP_UI_THEME` FOREIGN KEY (`UI_THEME_ID`) REFERENCES `UI_THEME` (`UI_THEME_ID`),
	ADD CONSTRAINT `FK_CP_MANAGED_SYS` FOREIGN KEY (`MANAGED_SYS_ID`) REFERENCES `MANAGED_SYS` (`MANAGED_SYS_ID`);

CREATE TABLE `CREDENTIALS` (
	`USER_ID` varchar(32) NOT NULL,
	`CREDENTIAL_TYPE` varchar(20) NOT NULL,
	`VALUE` varchar(100) DEFAULT NULL,
	`IS_PUBLIC` bit(1) DEFAULT NULL,
	PRIMARY KEY (`USER_ID`,`CREDENTIAL_TYPE`)
	) ENGINE=InnoDB DEFAULT CHARSET=utf8;

ALTER TABLE `CREDENTIALS`
	ADD CONSTRAINT `FK_CREDENTIALS_USERS` FOREIGN KEY (`USER_ID`) REFERENCES `USERS` (`USER_ID`);

CREATE TABLE `EMAIL_ADDRESS` (
	`EMAIL_ID` varchar(32) NOT NULL,
	`NAME` varchar(100) DEFAULT NULL,
	`DESCRIPTION` varchar(100) DEFAULT NULL,
	`EMAIL_ADDRESS` varchar(320) DEFAULT NULL,
	`IS_DEFAULT` char(1) DEFAULT 'N',
	`ACTIVE` char(1) DEFAULT 'Y',
	`PARENT_ID` varchar(32) DEFAULT NULL,
	`LAST_UPDATE` timestamp NULL DEFAULT NULL,
	`CREATE_DATE` timestamp NULL DEFAULT CURRENT_TIMESTAMP,
	`TYPE_ID` varchar(32) DEFAULT NULL,
	PRIMARY KEY (`EMAIL_ID`),
	KEY `EMAIL_ADDRESS_USER_FK` (`PARENT_ID`),
	KEY `EMAIL_ADDRESS_TYPE_FK` (`TYPE_ID`)
	) ENGINE=InnoDB DEFAULT CHARSET=utf8;

ALTER TABLE `EMAIL_ADDRESS`
	ADD CONSTRAINT `EMAIL_ADDRESS_TYPE_FK` FOREIGN KEY (`TYPE_ID`) REFERENCES `METADATA_TYPE` (`TYPE_ID`),
	ADD CONSTRAINT `EMAIL_ADDRESS_USER_FK` FOREIGN KEY (`PARENT_ID`) REFERENCES `USERS` (`USER_ID`);

DELIMITER ;;

CREATE TRIGGER ON_EMAIL_INSERT 
BEFORE 
INSERT ON EMAIL_ADDRESS 
	FOR EACH ROW
	BEGIN
		SET NEW.CREATE_DATE = NOW();
		SET NEW.LAST_UPDATE = NOW();
	END ;;

CREATE TRIGGER ON_EMAIL_UPDATE
BEFORE 
UPDATE ON EMAIL_ADDRESS 
	FOR EACH ROW
	BEGIN
		SET NEW.LAST_UPDATE = NOW();
	END ;;

DELIMITER ;

CREATE TABLE `LOGIN` (
	`LOGIN` varchar(320) CHARACTER SET latin1 NOT NULL,
	`MANAGED_SYS_ID` varchar(32) NOT NULL,
	`IDENTITY_TYPE` varchar(20) DEFAULT NULL,
	`CANONICAL_NAME` varchar(100) DEFAULT NULL,
	`USER_ID` varchar(32) DEFAULT NULL,
	`PASSWORD` varchar(255) DEFAULT NULL,
	`PWD_EQUIVALENT_TOKEN` varchar(255) DEFAULT NULL,
	`PWD_CHANGED` datetime DEFAULT NULL,
	`PWD_EXP` datetime DEFAULT NULL,
	`RESET_PWD` int(11) NOT NULL DEFAULT '0',
	`FIRST_TIME_LOGIN` int(11) NOT NULL DEFAULT '1',
	`IS_LOCKED` int(11) NOT NULL DEFAULT '0',
	`STATUS` varchar(20) DEFAULT NULL,
	`GRACE_PERIOD` datetime DEFAULT NULL,
	`CREATE_DATE` datetime DEFAULT NULL,
	`CREATED_BY` varchar(32) DEFAULT NULL,
	`CURRENT_LOGIN_HOST` varchar(40) DEFAULT NULL,
	`AUTH_FAIL_COUNT` int(11) NOT NULL DEFAULT '0',
	`LAST_AUTH_ATTEMPT` datetime DEFAULT NULL,
	`LAST_LOGIN` datetime DEFAULT NULL,
	`LAST_LOGIN_IP` varchar(60) DEFAULT NULL,
	`PREV_LOGIN` datetime DEFAULT NULL,
	`PREV_LOGIN_IP` varchar(60) DEFAULT NULL,
	`IS_DEFAULT` int(11) DEFAULT '0',
	`PWD_CHANGE_COUNT` int(11) DEFAULT '0',
	`PSWD_RESET_TOKEN` varchar(80) DEFAULT NULL,
	`PSWD_RESET_TOKEN_EXP` datetime DEFAULT NULL,
	`LOGIN_ID` varchar(32) NOT NULL DEFAULT '',
	`LAST_UPDATE` timestamp NULL DEFAULT NULL,
	`LOWERCASE_LOGIN` varchar(320) NOT NULL,
	PRIMARY KEY (`LOGIN_ID`),
	UNIQUE KEY `UNIQUE_LOGIN` (`LOGIN`,`MANAGED_SYS_ID`),
	KEY `login_user_indx` (`USER_ID`)
	) ENGINE=InnoDB DEFAULT CHARSET=utf8;

ALTER TABLE `LOGIN`
	ADD CONSTRAINT `FK_LOGIN_USERS` FOREIGN KEY (`USER_ID`) REFERENCES `USERS` (`USER_ID`);

DELIMITER ;;

CREATE TRIGGER ON_LOGIN_INSERT 
BEFORE 
INSERT ON LOGIN 
	FOR EACH ROW
	BEGIN
		SET NEW.CREATE_DATE = NOW();
		SET NEW.LAST_UPDATE = NOW();
	END ;;

CREATE TRIGGER ON_LOGIN_UPDATE
BEFORE 
UPDATE ON LOGIN 
	FOR EACH ROW
	BEGIN
		SET NEW.LAST_UPDATE = NOW();
	END ;;

DELIMITER ;

CREATE TABLE `MANAGED_SYS_ATTRIBUTE` (
	`MNG_SYS_ATTR_ID` varchar(32) NOT NULL,
	`NAME` varchar(60) DEFAULT NULL,
	`VALUE1` varchar(255) DEFAULT NULL,
	`VALUE2` varchar(255) DEFAULT NULL,
	`MANAGED_SYS_ID` varchar(32) DEFAULT NULL,
	PRIMARY KEY (`MNG_SYS_ATTR_ID`),
	KEY `FK_MNG_MNG_ATTR` (`MANAGED_SYS_ID`)
	) ENGINE=InnoDB DEFAULT CHARSET=utf8;

ALTER TABLE `MANAGED_SYS_ATTRIBUTE`
	ADD CONSTRAINT `FK_MNG_MNG_ATTR` FOREIGN KEY (`MANAGED_SYS_ID`) REFERENCES `MANAGED_SYS` (`MANAGED_SYS_ID`);

CREATE TABLE `METADATA_ELEMENT_PAGE_TEMPLATE` (
	`ID` varchar(32) NOT NULL,
	`NAME` varchar(40) NOT NULL,
	`RESOURCE_ID` varchar(32) NOT NULL,
	`IS_PUBLIC` char(1) NOT NULL DEFAULT 'Y',
	`TEMPLATE_TYPE_ID` varchar(32) NOT NULL,
	PRIMARY KEY (`ID`),
	UNIQUE KEY `PAGE_TEMPLATE_UNIQUE` (`NAME`),
	KEY `METADATA_PAGE_TEMPLATE_RES_FK` (`RESOURCE_ID`),
	KEY `TEMPLATE_TYPE_FK` (`TEMPLATE_TYPE_ID`)
	) ENGINE=InnoDB DEFAULT CHARSET=utf8;

ALTER TABLE `METADATA_ELEMENT_PAGE_TEMPLATE`
	ADD CONSTRAINT `METADATA_PAGE_TEMPLATE_RES_FK` FOREIGN KEY (`RESOURCE_ID`) REFERENCES `RES` (`RESOURCE_ID`),
	ADD CONSTRAINT `TEMPLATE_TYPE_FK` FOREIGN KEY (`TEMPLATE_TYPE_ID`) REFERENCES `UI_TEMPLATE_TYPE` (`TEMPLATE_TYPE_ID`);

CREATE TABLE `MNG_SYS_GROUP` (
	`MNG_SYS_GROUP_ID` varchar(32) NOT NULL,
	`MANAGED_SYS_ID` varchar(32) NOT NULL,
	PRIMARY KEY (`MANAGED_SYS_ID`,`MNG_SYS_GROUP_ID`)
	) ENGINE=InnoDB DEFAULT CHARSET=utf8;

ALTER TABLE `MNG_SYS_GROUP`
	ADD CONSTRAINT `Refmanaged_sys831` FOREIGN KEY (`MANAGED_SYS_ID`) REFERENCES `MANAGED_SYS` (`MANAGED_SYS_ID`);

CREATE TABLE `MNG_SYS_LIST` (
	`MANAGED_SYS_ID` varchar(32) NOT NULL,
	`REQUEST_ID` varchar(32) NOT NULL,
	PRIMARY KEY (`MANAGED_SYS_ID`,`REQUEST_ID`),
	KEY `RefPROV_REQUEST951` (`REQUEST_ID`)
	) ENGINE=InnoDB DEFAULT CHARSET=utf8;

ALTER TABLE `MNG_SYS_LIST`
	ADD CONSTRAINT `RefPROV_REQUEST951` FOREIGN KEY (`REQUEST_ID`) REFERENCES `PROV_REQUEST` (`REQUEST_ID`),
	ADD CONSTRAINT `Refmanaged_sys941` FOREIGN KEY (`MANAGED_SYS_ID`) REFERENCES `MANAGED_SYS` (`MANAGED_SYS_ID`);

CREATE TABLE `MNG_SYS_OBJECT_MATCH` (
	`OBJECT_SEARCH_ID` varchar(32) NOT NULL,
	`MANAGED_SYS_ID` varchar(32) NOT NULL,
	`OBJECT_TYPE` varchar(20) DEFAULT 'USER',
	`MATCH_METHOD` varchar(20) DEFAULT 'BASE_DN',
	`BASE_DN` varchar(200) DEFAULT NULL,
	`SEARCH_BASE_DN` varchar(200) DEFAULT NULL,
	`SEARCH_FILTER` varchar(1000) DEFAULT NULL,
	`KEY_FIELD` varchar(40) DEFAULT NULL,
	PRIMARY KEY (`OBJECT_SEARCH_ID`),
	KEY `FK_MNG_SYS_OBJ_MATC` (`MANAGED_SYS_ID`)
	) ENGINE=InnoDB DEFAULT CHARSET=utf8;

ALTER TABLE `MNG_SYS_OBJECT_MATCH`
	ADD CONSTRAINT `FK_MNG_SYS_OBJ_MATC` FOREIGN KEY (`MANAGED_SYS_ID`) REFERENCES `MANAGED_SYS` (`MANAGED_SYS_ID`);

CREATE TABLE `ORG_STRUCTURE` (
	`SUPERVISOR_ID` varchar(32) NOT NULL,
	`STAFF_ID` varchar(32) NOT NULL,
	`IS_PRIMARY_SUPER` varchar(1) NOT NULL DEFAULT 'N',
	PRIMARY KEY (`SUPERVISOR_ID`,`STAFF_ID`),
	KEY `FK_SUPR_USER` (`SUPERVISOR_ID`),
	KEY `FK_STAFF_USER` (`STAFF_ID`)
	) ENGINE=InnoDB DEFAULT CHARSET=utf8;

ALTER TABLE `ORG_STRUCTURE`
	ADD CONSTRAINT `FK_STAFF_USER` FOREIGN KEY (`STAFF_ID`) REFERENCES `USERS` (`USER_ID`),
	ADD CONSTRAINT `FK_SUPR_USER` FOREIGN KEY (`SUPERVISOR_ID`) REFERENCES `USERS` (`USER_ID`);

CREATE TABLE `PHONE` (
	`PHONE_ID` varchar(32) NOT NULL,
	`NAME` varchar(40) DEFAULT NULL,
	`AREA_CD` varchar(10) DEFAULT NULL,
	`COUNTRY_CD` varchar(3) DEFAULT NULL,
	`DESCRIPTION` varchar(100) DEFAULT NULL,
	`PHONE_NBR` varchar(50) DEFAULT NULL,
	`PHONE_EXT` varchar(20) DEFAULT NULL,
	`IS_DEFAULT` char(1) DEFAULT 'N',
	`ACTIVE` char(1) DEFAULT 'Y',
	`PARENT_ID` varchar(32) DEFAULT NULL,
	`LAST_UPDATE` timestamp NULL DEFAULT NULL,
	`CREATE_DATE` timestamp NULL DEFAULT CURRENT_TIMESTAMP,
	`TYPE_ID` varchar(32) DEFAULT NULL,
	PRIMARY KEY (`PHONE_ID`),
	KEY `AREA_CD` (`AREA_CD`,`PHONE_NBR`),
	KEY `PHONE_USER_FK` (`PARENT_ID`),
	KEY `PHONE_TYPE_FK` (`TYPE_ID`)
	) ENGINE=InnoDB DEFAULT CHARSET=utf8;

ALTER TABLE `PHONE`
	ADD CONSTRAINT `PHONE_TYPE_FK` FOREIGN KEY (`TYPE_ID`) REFERENCES `METADATA_TYPE` (`TYPE_ID`),
	ADD CONSTRAINT `PHONE_USER_FK` FOREIGN KEY (`PARENT_ID`) REFERENCES `USERS` (`USER_ID`);

DELIMITER ;;

CREATE TRIGGER ON_PHONE_INSERT 
BEFORE 
INSERT ON PHONE 
	FOR EACH ROW
	BEGIN
		SET NEW.CREATE_DATE = NOW();
		SET NEW.LAST_UPDATE = NOW();
	END ;;

CREATE TRIGGER ON_PHONE_UPDATE
BEFORE 
UPDATE ON PHONE 
	FOR EACH ROW
	BEGIN
		SET NEW.LAST_UPDATE = NOW();
	END ;;

DELIMITER ;

CREATE TABLE `POLICY_ATTRIBUTE` (
	`POLICY_ATTR_ID` varchar(32) NOT NULL,
	`DEF_PARAM_ID` varchar(32) DEFAULT NULL,
	`POLICY_ID` varchar(32) DEFAULT NULL,
	`NAME` varchar(100) DEFAULT NULL,
	`OPERATION` varchar(20) DEFAULT NULL,
	`VALUE1` varchar(4096) DEFAULT NULL,
	`VALUE2` varchar(4096) DEFAULT NULL,
	`RULE_TEXT` text,
	`REQUIRED` char(1) NOT NULL DEFAULT 'Y',
	PRIMARY KEY (`POLICY_ATTR_ID`),
	KEY `FK_POLICY_ATTRIBUTE_POLICY` (`POLICY_ID`),
	KEY `POLI_ATTR_POL_DEF_PARAM` (`DEF_PARAM_ID`)
	) ENGINE=InnoDB DEFAULT CHARSET=utf8;

ALTER TABLE `POLICY_ATTRIBUTE`
	ADD CONSTRAINT `FK_POLICY_ATTRIBUTE_POLICY` FOREIGN KEY (`POLICY_ID`) REFERENCES `POLICY` (`POLICY_ID`),
	ADD CONSTRAINT `POLI_ATTR_POL_DEF_PARAM` FOREIGN KEY (`DEF_PARAM_ID`) REFERENCES `POLICY_DEF_PARAM` (`DEF_PARAM_ID`);

CREATE TABLE `RESOURCE_PRIVILEGE` (
	`RESOURCE_PRIVLEGE_ID` varchar(32) NOT NULL,
	`RESOURCE_ID` varchar(32) DEFAULT NULL,
	`PRIVILEGE_NAME` varchar(32) DEFAULT NULL,
	`PRIVILEGE_TYPE` varchar(20) DEFAULT NULL,
	`DESCRIPTION` varchar(40) DEFAULT NULL,
	PRIMARY KEY (`RESOURCE_PRIVLEGE_ID`),
	KEY `FK_RESOURCE_PRIVILEGE_RES` (`RESOURCE_ID`)
	) ENGINE=InnoDB DEFAULT CHARSET=utf8;

ALTER TABLE `RESOURCE_PRIVILEGE`
	ADD CONSTRAINT `FK_RESOURCE_PRIVILEGE_RES` FOREIGN KEY (`RESOURCE_ID`) REFERENCES `RES` (`RESOURCE_ID`);

CREATE TABLE `RESOURCE_USER` (
	`RESOURCE_ID` varchar(32) NOT NULL,
	`USER_ID` varchar(32) NOT NULL,
	`START_DATE` datetime DEFAULT NULL,
	PRIMARY KEY (`RESOURCE_ID`,`USER_ID`),
	KEY `FK_RESOURCE_USER_USERS` (`USER_ID`)
	) ENGINE=InnoDB DEFAULT CHARSET=utf8;

ALTER TABLE `RESOURCE_USER`
	ADD CONSTRAINT `FK_RESOURCE_USER_USERS` FOREIGN KEY (`USER_ID`) REFERENCES `USERS` (`USER_ID`),
	ADD CONSTRAINT `RESOURCE_USER_ibfk_1` FOREIGN KEY (`RESOURCE_ID`) REFERENCES `RES` (`RESOURCE_ID`);

CREATE TABLE `ROLE` (
	`ROLE_NAME` varchar(80) NOT NULL,
	`CREATE_DATE` datetime DEFAULT NULL,
	`CREATED_BY` varchar(32) DEFAULT NULL,
	`DESCRIPTION` varchar(255) DEFAULT NULL,
	`STATUS` varchar(20) DEFAULT NULL,
	`ROLE_ID` varchar(32) NOT NULL,
	`MANAGED_SYS_ID` varchar(32) DEFAULT NULL,
	`ADMIN_RESOURCE_ID` varchar(32) DEFAULT NULL,
	`TYPE_ID` varchar(32) DEFAULT NULL,
	PRIMARY KEY (`ROLE_ID`),
	UNIQUE KEY `ROLE_NAME` (`ROLE_NAME`),
	KEY `ROLE_MNG_SYS_FK` (`MANAGED_SYS_ID`),
	KEY `ROLE_ADMIN_RES_FK` (`ADMIN_RESOURCE_ID`),
	KEY `ROLE_TYPE_FK` (`TYPE_ID`)
	) ENGINE=InnoDB DEFAULT CHARSET=utf8;

ALTER TABLE `ROLE`
	ADD CONSTRAINT `ROLE_ADMIN_RES_FK` FOREIGN KEY (`ADMIN_RESOURCE_ID`) REFERENCES `RES` (`RESOURCE_ID`),
	ADD CONSTRAINT `ROLE_MNG_SYS_FK` FOREIGN KEY (`MANAGED_SYS_ID`) REFERENCES `MANAGED_SYS` (`MANAGED_SYS_ID`),
	ADD CONSTRAINT `ROLE_TYPE_FK` FOREIGN KEY (`TYPE_ID`) REFERENCES `METADATA_TYPE` (`TYPE_ID`);

CREATE TABLE `USER_ATTACHMENT_REF` (
	`USER_ATTACH_REF_ID` varchar(20) NOT NULL,
	`USER_ID` varchar(20) DEFAULT NULL,
	`NAME` varchar(20) DEFAULT NULL,
	`VALUE` varchar(50) DEFAULT NULL,
	`URL` varchar(50) DEFAULT NULL,
	PRIMARY KEY (`USER_ATTACH_REF_ID`),
	KEY `FK_USER_ATTACHMENT_REF_USERS` (`USER_ID`)
	) ENGINE=InnoDB DEFAULT CHARSET=utf8;

ALTER TABLE `USER_ATTACHMENT_REF`
	ADD CONSTRAINT `FK_USER_ATTACHMENT_REF_USERS` FOREIGN KEY (`USER_ID`) REFERENCES `USERS` (`USER_ID`);

CREATE TABLE `USER_DELEGATION_ATTRIBUTE` (
	`ID` varchar(32) NOT NULL,
	`USER_ID` varchar(32) DEFAULT NULL,
	`OBJ_TYPE` varchar(50) DEFAULT NULL,
	`NAME` varchar(50) DEFAULT NULL,
	`VALUE` varchar(255) DEFAULT NULL,
	PRIMARY KEY (`ID`),
	KEY `USER_ID` (`USER_ID`)
	) ENGINE=InnoDB DEFAULT CHARSET=utf8;

ALTER TABLE `USER_DELEGATION_ATTRIBUTE`
	ADD CONSTRAINT `USER_DELEGATION_ATTRIBUTE_ibfk_1` FOREIGN KEY (`USER_ID`) REFERENCES `USERS` (`USER_ID`);

CREATE TABLE `USER_IDENTITY_ANS` (
	`IDENTITY_ANS_ID` varchar(32) NOT NULL,
	`IDENTITY_QUESTION_ID` varchar(32) NOT NULL,
	`USER_ID` varchar(32) DEFAULT NULL,
	`QUESTION_ANSWER` varchar(255) DEFAULT NULL,
	`IS_ENCRYPTED` varchar(1) NOT NULL DEFAULT 'N',
	PRIMARY KEY (`IDENTITY_ANS_ID`),
	KEY `FK_USER_IDENTITY_ANS_USERS` (`USER_ID`),
	KEY `FK_ID_AND_QUEST_FK` (`IDENTITY_QUESTION_ID`)
	) ENGINE=InnoDB DEFAULT CHARSET=utf8;

ALTER TABLE `USER_IDENTITY_ANS`
	ADD CONSTRAINT `FK_ID_AND_QUEST_FK` FOREIGN KEY (`IDENTITY_QUESTION_ID`) REFERENCES `IDENTITY_QUESTION` (`IDENTITY_QUESTION_ID`),
	ADD CONSTRAINT `FK_USER_IDENTITY_ANS_USERS` FOREIGN KEY (`USER_ID`) REFERENCES `USERS` (`USER_ID`);

CREATE TABLE `USER_KEY` (
	`USER_KEY_ID` varchar(32) NOT NULL,
	`USER_ID` varchar(32) NOT NULL,
	`NAME` varchar(40) NOT NULL,
	`KEY_VALUE` varchar(255) NOT NULL,
	PRIMARY KEY (`USER_KEY_ID`),
	KEY `FK_USER_KEY_USER_ID` (`USER_ID`)
	) ENGINE=InnoDB DEFAULT CHARSET=utf8;

ALTER TABLE `USER_KEY`
	ADD CONSTRAINT `FK_USER_KEY_USER_ID` FOREIGN KEY (`USER_ID`) REFERENCES `USERS` (`USER_ID`);

CREATE TABLE `USER_NOTE` (
	`USER_NOTE_ID` varchar(32) NOT NULL,
	`USER_ID` varchar(32) DEFAULT NULL,
	`NOTE_TYPE` varchar(20) DEFAULT NULL,
	`DESCRIPTION` varchar(2000) DEFAULT NULL,
	`CREATE_DATE` datetime DEFAULT NULL,
	`CREATED_BY` varchar(20) DEFAULT NULL,
	PRIMARY KEY (`USER_NOTE_ID`),
	KEY `FK_USER_NOTE_USERS` (`USER_ID`)
	) ENGINE=InnoDB DEFAULT CHARSET=utf8;

ALTER TABLE `USER_NOTE`
	ADD CONSTRAINT `FK_USER_NOTE_USERS` FOREIGN KEY (`USER_ID`) REFERENCES `USERS` (`USER_ID`);

CREATE TABLE `res_to_res_membership` (
	`RESOURCE_ID` varchar(32) NOT NULL,
	`MEMBER_RESOURCE_ID` varchar(32) NOT NULL,
	`CREATE_DATE` timestamp NULL DEFAULT NULL,
	`UPDATE_DATE` timestamp NULL DEFAULT NULL,
	`CREATED_BY` varchar(32) DEFAULT NULL,
	`UPDATED_BY` varchar(32) DEFAULT NULL,
	UNIQUE KEY `RESOURCE_ID` (`RESOURCE_ID`,`MEMBER_RESOURCE_ID`),
	KEY `MEMBER_RESOURCE_ID` (`MEMBER_RESOURCE_ID`)
	) ENGINE=InnoDB DEFAULT CHARSET=utf8;

ALTER TABLE `res_to_res_membership`
	ADD CONSTRAINT `res_to_res_membership_ibfk_1` FOREIGN KEY (`RESOURCE_ID`) REFERENCES `RES` (`RESOURCE_ID`),
	ADD CONSTRAINT `res_to_res_membership_ibfk_2` FOREIGN KEY (`MEMBER_RESOURCE_ID`) REFERENCES `RES` (`RESOURCE_ID`);

DELIMITER ;;

CREATE TRIGGER res_res_mem_insert
BEFORE
INSERT ON res_to_res_membership
	FOR EACH ROW
	BEGIN
		SET NEW.CREATE_DATE = NOW();
		SET NEW.UPDATE_DATE = NOW();
	END ;;

DELIMITER ;

CREATE TABLE `AUTH_PROVIDER_ATTRIBUTE` (
	`PROVIDER_ATTRIBUTE_ID` varchar(32) NOT NULL,
	`PROVIDER_ID` varchar(32) NOT NULL,
	`AUTH_ATTRIBUTE_ID` varchar(32) NOT NULL,
	`VALUE` varchar(4096) DEFAULT NULL,
	`DATA_TYPE` varchar(20) NOT NULL DEFAULT 'singleValue',
	PRIMARY KEY (`PROVIDER_ATTRIBUTE_ID`),
	UNIQUE KEY `IDX_PROVIDER_ATTRIBUTE` (`PROVIDER_ID`,`AUTH_ATTRIBUTE_ID`),
	KEY `FK_PROVIDER_PROVIDER_ATTRIBUTE` (`PROVIDER_ID`),
	KEY `FK_PROVIDER_ATTRIBUTE` (`AUTH_ATTRIBUTE_ID`)
	) ENGINE=InnoDB DEFAULT CHARSET=utf8;

ALTER TABLE `AUTH_PROVIDER_ATTRIBUTE`
	ADD CONSTRAINT `FK_PROVIDER_ATTRIBUTE` FOREIGN KEY (`AUTH_ATTRIBUTE_ID`) REFERENCES `AUTH_ATTRIBUTE` (`AUTH_ATTRIBUTE_ID`),
	ADD CONSTRAINT `FK_PROVIDER_PROVIDER_ATTRIBUTE` FOREIGN KEY (`PROVIDER_ID`) REFERENCES `AUTH_PROVIDER` (`PROVIDER_ID`);

CREATE TABLE `AUTH_RESOURCE_ATTRIBUTE_MAP` (
	`ATTRIBUTE_MAP_ID` varchar(32) NOT NULL,
	`PROVIDER_ID` varchar(32) NOT NULL,
	`TARGET_ATTRIBUTE_NAME` varchar(100) NOT NULL,
	`AM_RES_ATTRIBUTE_ID` varchar(32) DEFAULT NULL,
	`AM_POLICY_URL` varchar(100) DEFAULT NULL,
	`ATTRIBUTE_VALUE` varchar(100) DEFAULT NULL,
	`ATTRIBUTE_TYPE` varchar(32) NOT NULL,
	PRIMARY KEY (`ATTRIBUTE_MAP_ID`),
	UNIQUE KEY `IDX_PROVIDER_ATTRIBUTE` (`PROVIDER_ID`,`TARGET_ATTRIBUTE_NAME`),
	KEY `FK_AUTH_AM_ATTR` (`AM_RES_ATTRIBUTE_ID`),
	KEY `FK_PROVIDER_AUTH_RES_ATTR_MAP` (`PROVIDER_ID`)
	) ENGINE=InnoDB DEFAULT CHARSET=utf8;

ALTER TABLE `AUTH_RESOURCE_ATTRIBUTE_MAP`
	ADD CONSTRAINT `FK_AUTH_AM_ATTR` FOREIGN KEY (`AM_RES_ATTRIBUTE_ID`) REFERENCES `AUTH_RESOURCE_AM_ATTRIBUTE` (`AM_RES_ATTRIBUTE_ID`),
	ADD CONSTRAINT `FK_PROVIDER_AUTH_RES_ATTR_MAP` FOREIGN KEY (`PROVIDER_ID`) REFERENCES `AUTH_PROVIDER` (`PROVIDER_ID`);

CREATE TABLE `COMPANY_TO_COMPANY_MEMBERSHIP` (
	`COMPANY_ID` varchar(32) NOT NULL,
	`MEMBER_COMPANY_ID` varchar(32) NOT NULL,
	`CREATE_DATE` timestamp NULL DEFAULT NULL,
	`UPDATE_DATE` timestamp NULL DEFAULT NULL,
	`CREATED_BY` varchar(32) DEFAULT NULL,
	`UPDATED_BY` varchar(32) DEFAULT NULL,
	UNIQUE KEY `COMPANY_ID` (`COMPANY_ID`,`MEMBER_COMPANY_ID`),
	KEY `COMPANY_COMPANY_PARENT` (`MEMBER_COMPANY_ID`)
	) ENGINE=InnoDB DEFAULT CHARSET=utf8;

ALTER TABLE `COMPANY_TO_COMPANY_MEMBERSHIP`
	ADD CONSTRAINT `COMPANY_COMPANY_CHILD` FOREIGN KEY (`COMPANY_ID`) REFERENCES `COMPANY` (`COMPANY_ID`),
	ADD CONSTRAINT `COMPANY_COMPANY_PARENT` FOREIGN KEY (`MEMBER_COMPANY_ID`) REFERENCES `COMPANY` (`COMPANY_ID`);

DELIMITER ;;

CREATE TRIGGER ON_COMPANY_XREF_INSERT
BEFORE
INSERT ON COMPANY_TO_COMPANY_MEMBERSHIP
	FOR EACH ROW
	BEGIN
		SET NEW.CREATE_DATE = NOW();
		SET NEW.UPDATE_DATE = NOW();
	END ;;

DELIMITER ;

CREATE TABLE `CONTENT_PROVIDER_SERVER` (
	`CONTENT_PROVIDER_SERVER_ID` varchar(32) NOT NULL,
	`CONTENT_PROVIDER_ID` varchar(32) NOT NULL,
	`SERVER_URL` varchar(100) NOT NULL,
	PRIMARY KEY (`CONTENT_PROVIDER_SERVER_ID`),
	UNIQUE KEY `UNIQUE_CP_SERVER` (`CONTENT_PROVIDER_ID`,`SERVER_URL`)
	) ENGINE=InnoDB DEFAULT CHARSET=utf8;

ALTER TABLE `CONTENT_PROVIDER_SERVER`
	ADD CONSTRAINT `CP_SERVER_CP_FK` FOREIGN KEY (`CONTENT_PROVIDER_ID`) REFERENCES `CONTENT_PROVIDER` (`CONTENT_PROVIDER_ID`);

CREATE TABLE `CP_AUTH_LEVEL_GRP_XREF` (
	`CONTENT_PROVIDER_ID` varchar(32) NOT NULL,
	`AUTH_LEVEL_GROUPING_ID` varchar(32) NOT NULL,
	`EXEC_ORDER` int(3) NOT NULL,
	UNIQUE KEY `UNIQUE_CP_AUTH_GROUP` (`CONTENT_PROVIDER_ID`,`AUTH_LEVEL_GROUPING_ID`,`EXEC_ORDER`),
	KEY `CP_AUTH_LEVEL_GRP_FK` (`AUTH_LEVEL_GROUPING_ID`)
	) ENGINE=InnoDB DEFAULT CHARSET=utf8;

ALTER TABLE `CP_AUTH_LEVEL_GRP_XREF`
	ADD CONSTRAINT `CP_AUTH_LEVEL_CP_FK` FOREIGN KEY (`CONTENT_PROVIDER_ID`) REFERENCES `CONTENT_PROVIDER` (`CONTENT_PROVIDER_ID`),
	ADD CONSTRAINT `CP_AUTH_LEVEL_GRP_FK` FOREIGN KEY (`AUTH_LEVEL_GROUPING_ID`) REFERENCES `AUTH_LEVEL_GROUPING` (`AUTH_LEVEL_GROUPING_ID`);

CREATE TABLE `GRP` (
	`GRP_ID` varchar(32) NOT NULL,
	`GRP_NAME` varchar(80) NOT NULL,
	`CREATE_DATE` datetime DEFAULT NULL,
	`CREATED_BY` varchar(20) DEFAULT NULL,
	`COMPANY_ID` varchar(32) DEFAULT NULL,
	`GROUP_DESC` varchar(512) DEFAULT NULL,
	`STATUS` varchar(20) DEFAULT NULL,
	`LAST_UPDATE` datetime DEFAULT NULL,
	`LAST_UPDATED_BY` varchar(32) DEFAULT NULL,
	`MANAGED_SYS_ID` varchar(32) DEFAULT NULL,
	`ADMIN_RESOURCE_ID` varchar(32) DEFAULT NULL,
	`TYPE_ID` varchar(32) DEFAULT NULL,
	PRIMARY KEY (`GRP_ID`),
	UNIQUE KEY `GRP_NAME` (`GRP_NAME`),
	KEY `GRP_MNG_SYS_FK` (`MANAGED_SYS_ID`),
	KEY `GRP_ADMIN_RES_FK` (`ADMIN_RESOURCE_ID`),
	KEY `GRP_COMPANY_FK` (`COMPANY_ID`),
	KEY `GRP_TYPE_FK` (`TYPE_ID`)
	) ENGINE=InnoDB DEFAULT CHARSET=utf8;

ALTER TABLE `GRP`
	ADD CONSTRAINT `GRP_ADMIN_RES_FK` FOREIGN KEY (`ADMIN_RESOURCE_ID`) REFERENCES `RES` (`RESOURCE_ID`),
	ADD CONSTRAINT `GRP_COMPANY_FK` FOREIGN KEY (`COMPANY_ID`) REFERENCES `COMPANY` (`COMPANY_ID`),
	ADD CONSTRAINT `GRP_MNG_SYS_FK` FOREIGN KEY (`MANAGED_SYS_ID`) REFERENCES `MANAGED_SYS` (`MANAGED_SYS_ID`),
	ADD CONSTRAINT `GRP_TYPE_FK` FOREIGN KEY (`TYPE_ID`) REFERENCES `METADATA_TYPE` (`TYPE_ID`);

CREATE TABLE `METADATA_ELEMENT` (
	`METADATA_ID` varchar(32) NOT NULL,
	`TYPE_ID` varchar(32) NOT NULL,
	`ATTRIBUTE_NAME` varchar(100) DEFAULT NULL,
	`DESCRIPTION` varchar(40) DEFAULT NULL,
	`DATA_TYPE` varchar(20) DEFAULT NULL,
	`AUDITABLE` char(1) NOT NULL DEFAULT 'Y',
	`REQUIRED` char(1) NOT NULL DEFAULT 'N',
	`SELF_EDITABLE` char(1) NOT NULL DEFAULT 'N',
	`TEMPLATE_ID` varchar(32) DEFAULT NULL,
	`RESOURCE_ID` varchar(32) DEFAULT NULL,
	`VALIDATOR` varchar(150) DEFAULT NULL,
	`STATIC_DEFAULT_VALUE` varchar(4096) DEFAULT NULL,
	`IS_PUBLIC` char(1) NOT NULL DEFAULT 'Y',
	PRIMARY KEY (`METADATA_ID`),
	KEY `METADATA_ELEMENT_TEMPLATE_FK` (`TEMPLATE_ID`),
	KEY `METADATA_ELEMENT_RES_FK` (`RESOURCE_ID`),
	KEY `FK_MD_ELMT_TYPE_FK` (`TYPE_ID`)
	) ENGINE=InnoDB DEFAULT CHARSET=utf8;

ALTER TABLE `METADATA_ELEMENT`
	ADD CONSTRAINT `FK_MD_ELMT_TYPE_FK` FOREIGN KEY (`TYPE_ID`) REFERENCES `METADATA_TYPE` (`TYPE_ID`),
	ADD CONSTRAINT `METADATA_ELEMENT_RES_FK` FOREIGN KEY (`RESOURCE_ID`) REFERENCES `RES` (`RESOURCE_ID`),
	ADD CONSTRAINT `METADATA_ELEMENT_TEMPLATE_FK` FOREIGN KEY (`TEMPLATE_ID`) REFERENCES `METADATA_ELEMENT_PAGE_TEMPLATE` (`ID`);

CREATE TABLE `PWD_HISTORY` (
	`PWD_HISTORY_ID` varchar(32) NOT NULL,
	`DATE_CREATED` datetime NOT NULL,
	`PASSWORD` varchar(255) DEFAULT NULL,
	`LOGIN_ID` varchar(32) NOT NULL,
	PRIMARY KEY (`PWD_HISTORY_ID`),
	KEY `LOGIN_ID_PWD_HIST_FK` (`LOGIN_ID`)
	) ENGINE=InnoDB DEFAULT CHARSET=utf8;

ALTER TABLE `PWD_HISTORY`
	ADD CONSTRAINT `LOGIN_ID_PWD_HIST_FK` FOREIGN KEY (`LOGIN_ID`) REFERENCES `LOGIN` (`LOGIN_ID`);

CREATE TABLE `RESOURCE_POLICY` (
	`RESOURCE_POLICY_ID` varchar(32) NOT NULL,
	`RESOURCE_ID` varchar(32) DEFAULT NULL,
	`POLICY_START` datetime DEFAULT NULL,
	`POLICY_END` datetime DEFAULT NULL,
	`APPLY_TO_CHILDREN` int(11) DEFAULT NULL,
	`ROLE_ID` varchar(32) NOT NULL,
	PRIMARY KEY (`RESOURCE_POLICY_ID`),
	KEY `RS_PL_RS_RSID` (`RESOURCE_ID`),
	KEY `FK_RESOURCE_POLICY_ROLE` (`ROLE_ID`)
	) ENGINE=InnoDB DEFAULT CHARSET=utf8;

ALTER TABLE `RESOURCE_POLICY`
	ADD CONSTRAINT `FK_RESOURCE_POLICY_ROLE` FOREIGN KEY (`ROLE_ID`) REFERENCES `ROLE` (`ROLE_ID`),
	ADD CONSTRAINT `RS_PL_RS_RSID` FOREIGN KEY (`RESOURCE_ID`) REFERENCES `RES` (`RESOURCE_ID`);

CREATE TABLE `RESOURCE_ROLE` (
	`RESOURCE_ID` varchar(32) NOT NULL,
	`START_DATE` datetime DEFAULT NULL,
	`ROLE_ID` varchar(32) NOT NULL,
	PRIMARY KEY (`RESOURCE_ID`,`ROLE_ID`),
	KEY `FK_RESOURCE_ROLE_ROLE` (`ROLE_ID`)
	) ENGINE=InnoDB DEFAULT CHARSET=utf8;

ALTER TABLE `RESOURCE_ROLE`
	ADD CONSTRAINT `FK_RESOURCE_ROLE_RESOURCE` FOREIGN KEY (`RESOURCE_ID`) REFERENCES `RES` (`RESOURCE_ID`),
	ADD CONSTRAINT `FK_RESOURCE_ROLE_ROLE` FOREIGN KEY (`ROLE_ID`) REFERENCES `ROLE` (`ROLE_ID`);

CREATE TABLE `ROLE_POLICY` (
	`ROLE_POLICY_ID` varchar(32) NOT NULL,
	`ACTION` varchar(20) DEFAULT NULL,
	`NAME` varchar(40) DEFAULT NULL,
	`VALUE1` varchar(40) DEFAULT NULL,
	`VALUE2` varchar(40) DEFAULT NULL,
	`ACTION_QUALIFIER` varchar(20) DEFAULT NULL,
	`EXECUTION_ORDER` int(11) DEFAULT NULL,
	`POLICY_SCRIPT` varchar(100) DEFAULT NULL,
	`ROLE_ID` varchar(32) NOT NULL,
	PRIMARY KEY (`ROLE_POLICY_ID`),
	KEY `FK_ROLE_POLICY_ROLE` (`ROLE_ID`)
	) ENGINE=InnoDB DEFAULT CHARSET=utf8;

ALTER TABLE `ROLE_POLICY`
	ADD CONSTRAINT `FK_ROLE_POLICY_ROLE` FOREIGN KEY (`ROLE_ID`) REFERENCES `ROLE` (`ROLE_ID`);

CREATE TABLE `UI_FIELD_TEMPLATE_XREF` (
	`UI_FIELD_ID` varchar(32) NOT NULL,
	`TEMPLATE_ID` varchar(32) NOT NULL,
	`IS_REQUIRED` char(1) NOT NULL DEFAULT 'N',
	`IS_EDITABLE` char(1) NOT NULL DEFAULT 'Y',
	`DISPLAY_ORDER` int(3) NOT NULL,
	`XREF_ID` varchar(32) NOT NULL,
	PRIMARY KEY (`XREF_ID`),
	UNIQUE KEY `TEMPLATE_XREF_UNIQUE` (`TEMPLATE_ID`,`UI_FIELD_ID`),
	KEY `TEMPLATE_XREF_UI_FIELD_FK` (`UI_FIELD_ID`)
	) ENGINE=InnoDB DEFAULT CHARSET=utf8;

ALTER TABLE `UI_FIELD_TEMPLATE_XREF`
	ADD CONSTRAINT `TEMPLATE_XREF_TEMPLATE_FK` FOREIGN KEY (`TEMPLATE_ID`) REFERENCES `METADATA_ELEMENT_PAGE_TEMPLATE` (`ID`),
	ADD CONSTRAINT `TEMPLATE_XREF_UI_FIELD_FK` FOREIGN KEY (`UI_FIELD_ID`) REFERENCES `UI_TEMPLATE_FIELDS` (`UI_FIELD_ID`);

CREATE TABLE `URI_PATTERN` (
	`URI_PATTERN_ID` varchar(32) NOT NULL,
	`CONTENT_PROVIDER_ID` varchar(32) NOT NULL,
	`PATTERN` varchar(100) NOT NULL,
	`IS_PUBLIC` char(1) NOT NULL DEFAULT 'N',
	`RESOURCE_ID` varchar(32) NOT NULL,
	`UI_THEME_ID` varchar(32) DEFAULT NULL,
	PRIMARY KEY (`URI_PATTERN_ID`),
	UNIQUE KEY `URI_PATTERN_UNIQUE` (`CONTENT_PROVIDER_ID`,`PATTERN`),
	KEY `URI_PATTERN_RES_FK` (`RESOURCE_ID`),
	KEY `URI_PATTERN_UI_THEME` (`UI_THEME_ID`)
	) ENGINE=InnoDB DEFAULT CHARSET=utf8;

ALTER TABLE `URI_PATTERN`
	ADD CONSTRAINT `URI_PATTERN_CP_FK` FOREIGN KEY (`CONTENT_PROVIDER_ID`) REFERENCES `CONTENT_PROVIDER` (`CONTENT_PROVIDER_ID`),
	ADD CONSTRAINT `URI_PATTERN_RES_FK` FOREIGN KEY (`RESOURCE_ID`) REFERENCES `RES` (`RESOURCE_ID`),
	ADD CONSTRAINT `URI_PATTERN_UI_THEME` FOREIGN KEY (`UI_THEME_ID`) REFERENCES `UI_THEME` (`UI_THEME_ID`);

CREATE TABLE `USER_AFFILIATION` (
	`COMPANY_ID` varchar(32) NOT NULL,
	`USER_ID` varchar(32) NOT NULL,
	`CREATE_DATE` datetime DEFAULT NULL,
	PRIMARY KEY (`COMPANY_ID`,`USER_ID`),
	UNIQUE KEY `USER_AFFILIATION_UNIQUE` (`USER_ID`,`COMPANY_ID`)
	) ENGINE=InnoDB DEFAULT CHARSET=utf8;

ALTER TABLE `USER_AFFILIATION`
	ADD CONSTRAINT `FK_USR_ORG_AFFL` FOREIGN KEY (`COMPANY_ID`) REFERENCES `COMPANY` (`COMPANY_ID`),
	ADD CONSTRAINT `FK_USR_USER_AFFIL` FOREIGN KEY (`USER_ID`) REFERENCES `USERS` (`USER_ID`);

CREATE TABLE `USER_ROLE` (
	`USER_ID` varchar(32) NOT NULL,
	`ROLE_ID` varchar(32) NOT NULL,
	PRIMARY KEY (`ROLE_ID`,`USER_ID`),
	KEY `FK_USR_ROLE_USR` (`USER_ID`)
	) ENGINE=InnoDB DEFAULT CHARSET=utf8;

ALTER TABLE `USER_ROLE`
	ADD CONSTRAINT `FK_USR_ROLE_ROLE` FOREIGN KEY (`ROLE_ID`) REFERENCES `ROLE` (`ROLE_ID`),
	ADD CONSTRAINT `FK_USR_ROLE_USR` FOREIGN KEY (`USER_ID`) REFERENCES `USERS` (`USER_ID`);

CREATE TABLE `role_to_role_membership` (
	`ROLE_ID` varchar(32) NOT NULL,
	`MEMBER_ROLE_ID` varchar(32) NOT NULL,
	`CREATE_DATE` timestamp NULL DEFAULT NULL,
	`UPDATE_DATE` timestamp NULL DEFAULT NULL,
	`CREATED_BY` varchar(32) DEFAULT NULL,
	`UPDATED_BY` varchar(32) DEFAULT NULL,
	UNIQUE KEY `ROLE_ID` (`ROLE_ID`,`MEMBER_ROLE_ID`),
	KEY `ROLE_ROLE_MMSP_MEMBER_ROLE_ID` (`MEMBER_ROLE_ID`)
	) ENGINE=InnoDB DEFAULT CHARSET=utf8;

ALTER TABLE `role_to_role_membership`
	ADD CONSTRAINT `role_to_role_membership_ibfk_1` FOREIGN KEY (`ROLE_ID`) REFERENCES `ROLE` (`ROLE_ID`),
	ADD CONSTRAINT `role_to_role_membership_ibfk_2` FOREIGN KEY (`MEMBER_ROLE_ID`) REFERENCES `ROLE` (`ROLE_ID`);

DELIMITER ;;

CREATE TRIGGER role_role_mem_insert 
BEFORE 
INSERT ON role_to_role_membership 
	FOR EACH ROW
	BEGIN
		SET NEW.CREATE_DATE = NOW();
		SET NEW.UPDATE_DATE = NOW();
	END ;;

DELIMITER ;

CREATE TABLE `COMPANY_ATTRIBUTE` (
	`COMPANY_ATTR_ID` varchar(32) NOT NULL,
	`COMPANY_ID` varchar(32) NOT NULL,
	`NAME` varchar(100) DEFAULT NULL,
	`_VALUE` varchar(4096) DEFAULT NULL,
	`METADATA_ID` varchar(32) DEFAULT NULL,
	`IS_MULTIVALUED` char(1) NOT NULL DEFAULT 'N',
	PRIMARY KEY (`COMPANY_ATTR_ID`),
	KEY `FK_COMPANY_ATTRIBUTE_COMPANY` (`COMPANY_ID`),
	KEY `FK_COMPANY_METADATA_ELEMENT` (`METADATA_ID`)
	) ENGINE=InnoDB DEFAULT CHARSET=utf8;

ALTER TABLE `COMPANY_ATTRIBUTE`
	ADD CONSTRAINT `FK_COMPANY_ATTRIBUTE_COMPANY` FOREIGN KEY (`COMPANY_ID`) REFERENCES `COMPANY` (`COMPANY_ID`),
	ADD CONSTRAINT `FK_COMPANY_METADATA_ELEMENT` FOREIGN KEY (`METADATA_ID`) REFERENCES `METADATA_ELEMENT` (`METADATA_ID`);

CREATE TABLE `GRP_ATTRIBUTES` (
	`ID` varchar(32) NOT NULL,
	`GRP_ID` varchar(32) NOT NULL,
	`METADATA_ID` varchar(32) DEFAULT NULL,
	`NAME` varchar(100) DEFAULT NULL,
	`_VALUE` varchar(4096) DEFAULT NULL,
	`IS_MULTIVALUED` char(1) NOT NULL DEFAULT 'N',
	PRIMARY KEY (`ID`),
	KEY `GRP_ID` (`GRP_ID`),
	KEY `GRP_ATTR_META_ELMT_FK` (`METADATA_ID`)
	) ENGINE=InnoDB DEFAULT CHARSET=utf8;

ALTER TABLE `GRP_ATTRIBUTES`
	ADD CONSTRAINT `GRP_ATTRIBUTES_ibfk_1` FOREIGN KEY (`GRP_ID`) REFERENCES `GRP` (`GRP_ID`),
	ADD CONSTRAINT `GRP_ATTR_META_ELMT_FK` FOREIGN KEY (`METADATA_ID`) REFERENCES `METADATA_ELEMENT` (`METADATA_ID`);

CREATE TABLE `GRP_ROLE` (
	`GRP_ID` varchar(32) NOT NULL,
	`ROLE_ID` varchar(32) NOT NULL,
	PRIMARY KEY (`GRP_ID`,`ROLE_ID`),
	KEY `FK_GRP_ROLE_ROLE` (`ROLE_ID`)
	) ENGINE=InnoDB DEFAULT CHARSET=utf8;

ALTER TABLE `GRP_ROLE`
	ADD CONSTRAINT `FK_GRP_ROLE_GRP` FOREIGN KEY (`GRP_ID`) REFERENCES `GRP` (`GRP_ID`),
	ADD CONSTRAINT `FK_GRP_ROLE_ROLE` FOREIGN KEY (`ROLE_ID`) REFERENCES `ROLE` (`ROLE_ID`);

CREATE TABLE `LOGIN_ATTRIBUTE` (
	`LOGIN_ATTR_ID` varchar(32) NOT NULL,
	`NAME` varchar(100) DEFAULT NULL,
	`VALUE` varchar(4096) DEFAULT NULL,
	`METADATA_ID` varchar(20) DEFAULT NULL,
	`LOGIN_ID` varchar(32) NOT NULL,
	PRIMARY KEY (`LOGIN_ATTR_ID`),
	KEY `LOGIN_ID_LOGIN_ATTR_FK` (`LOGIN_ID`),
	KEY `FK_LOGIN_METADATA_ELEMENT` (`METADATA_ID`)
	) ENGINE=InnoDB DEFAULT CHARSET=utf8;

ALTER TABLE `LOGIN_ATTRIBUTE`
	ADD CONSTRAINT `FK_LOGIN_METADATA_ELEMENT` FOREIGN KEY (`METADATA_ID`) REFERENCES `METADATA_ELEMENT` (`METADATA_ID`),
	ADD CONSTRAINT `LOGIN_ID_LOGIN_ATTR_FK` FOREIGN KEY (`LOGIN_ID`) REFERENCES `LOGIN` (`LOGIN_ID`);

CREATE TABLE `MD_ELEMENT_VALID_VALUES` (
	`ID` varchar(32) NOT NULL,
	`METADATA_ELEMENT_ID` varchar(32) NOT NULL,
	`UI_VALUE` varchar(200) NOT NULL,
	`DISPLAY_ORDER` int(11) NOT NULL,
	PRIMARY KEY (`ID`),
	KEY `VALID_VALUES_ELEMENT_FK` (`METADATA_ELEMENT_ID`)
	) ENGINE=InnoDB DEFAULT CHARSET=utf8;

ALTER TABLE `MD_ELEMENT_VALID_VALUES`
	ADD CONSTRAINT `VALID_VALUES_ELEMENT_FK` FOREIGN KEY (`METADATA_ELEMENT_ID`) REFERENCES `METADATA_ELEMENT` (`METADATA_ID`);

CREATE TABLE `METADATA_URI_XREF` (
	`TEMPLATE_ID` varchar(32) NOT NULL,
	`URI_PATTERN_ID` varchar(32) NOT NULL,
	KEY `TEMPLATE_PATTERN_XREF_PATTERN_FK` (`URI_PATTERN_ID`),
	KEY `TEMPLETE_PATTERN_XREF_FK` (`TEMPLATE_ID`)
	) ENGINE=InnoDB DEFAULT CHARSET=utf8;

ALTER TABLE `METADATA_URI_XREF`
	ADD CONSTRAINT `TEMPLATE_PATTERN_XREF_PATTERN_FK` FOREIGN KEY (`URI_PATTERN_ID`) REFERENCES `URI_PATTERN` (`URI_PATTERN_ID`),
	ADD CONSTRAINT `TEMPLETE_PATTERN_XREF_FK` FOREIGN KEY (`TEMPLATE_ID`) REFERENCES `METADATA_ELEMENT_PAGE_TEMPLATE` (`ID`);

CREATE TABLE `PAGE_TEMPLATE_XREF` (
	`TEMPLATE_ID` varchar(32) NOT NULL,
	`METADATA_ELEMENT_ID` varchar(32) NOT NULL,
	`DISPLAY_ORDER` int(11) NOT NULL,
	PRIMARY KEY (`TEMPLATE_ID`,`METADATA_ELEMENT_ID`),
	KEY `MD_ELMT_TEMPLATE_FK` (`METADATA_ELEMENT_ID`)
	) ENGINE=InnoDB DEFAULT CHARSET=utf8;

ALTER TABLE `PAGE_TEMPLATE_XREF`
	ADD CONSTRAINT `MD_ELMT_TEMPLATE_FK` FOREIGN KEY (`METADATA_ELEMENT_ID`) REFERENCES `METADATA_ELEMENT` (`METADATA_ID`),
	ADD CONSTRAINT `META_PG_TEMPLATE_FK` FOREIGN KEY (`TEMPLATE_ID`) REFERENCES `METADATA_ELEMENT_PAGE_TEMPLATE` (`ID`);

CREATE TABLE `RESOURCE_GROUP` (
	`RESOURCE_ID` varchar(32) NOT NULL,
	`GRP_ID` varchar(32) NOT NULL,
	`START_DATE` datetime DEFAULT NULL,
	PRIMARY KEY (`RESOURCE_ID`,`GRP_ID`),
	UNIQUE KEY `UNIQUE_RESOURCE_GROUP` (`GRP_ID`,`RESOURCE_ID`)
	) ENGINE=InnoDB DEFAULT CHARSET=utf8;

ALTER TABLE `RESOURCE_GROUP`
	ADD CONSTRAINT `FK_RESOURCE_GRP` FOREIGN KEY (`GRP_ID`) REFERENCES `GRP` (`GRP_ID`),
	ADD CONSTRAINT `FK_RESOURCE_GRP_RESOURCE` FOREIGN KEY (`RESOURCE_ID`) REFERENCES `RES` (`RESOURCE_ID`);

CREATE TABLE `RESOURCE_PROP` (
	`RESOURCE_PROP_ID` varchar(32) NOT NULL,
	`RESOURCE_ID` varchar(32) DEFAULT NULL,
	`METADATA_ID` varchar(32) DEFAULT NULL,
	`NAME` varchar(100) DEFAULT NULL,
	`_VALUE` varchar(4096) DEFAULT NULL,
	`PROP_GROUP` varchar(20) DEFAULT NULL,
	`IS_MULTIVALUED` char(1) NOT NULL DEFAULT 'N',
	PRIMARY KEY (`RESOURCE_PROP_ID`),
	KEY `FK_RESOURCE_PROP_RESOURCE` (`RESOURCE_ID`),
	KEY `FK_RES_PROP_METADATA_ELEMENT` (`METADATA_ID`)
	) ENGINE=InnoDB DEFAULT CHARSET=utf8;

ALTER TABLE `RESOURCE_PROP`
	ADD CONSTRAINT `FK_RESOURCE_PROP_RESOURCE` FOREIGN KEY (`RESOURCE_ID`) REFERENCES `RES` (`RESOURCE_ID`),
	ADD CONSTRAINT `FK_RES_PROP_METADATA_ELEMENT` FOREIGN KEY (`METADATA_ID`) REFERENCES `METADATA_ELEMENT` (`METADATA_ID`);

CREATE TABLE `ROLE_ATTRIBUTE` (
	`ROLE_ATTR_ID` varchar(32) NOT NULL,
	`NAME` varchar(100) DEFAULT NULL,
	`_VALUE` varchar(4096) DEFAULT NULL,
	`METADATA_ID` varchar(32) DEFAULT NULL,
	`ROLE_ID` varchar(32) NOT NULL,
	`IS_MULTIVALUED` char(1) NOT NULL DEFAULT 'N',
	PRIMARY KEY (`ROLE_ATTR_ID`),
	KEY `FK_ROLE_ROLE_ATTRIBUTE` (`ROLE_ID`),
	KEY `FK_ROLE_ATTR_METADATA_ELEMENT` (`METADATA_ID`)
	) ENGINE=InnoDB DEFAULT CHARSET=utf8;

ALTER TABLE `ROLE_ATTRIBUTE`
	ADD CONSTRAINT `FK_ROLE_ATTR_METADATA_ELEMENT` FOREIGN KEY (`METADATA_ID`) REFERENCES `METADATA_ELEMENT` (`METADATA_ID`),
	ADD CONSTRAINT `FK_ROLE_ROLE_ATTRIBUTE` FOREIGN KEY (`ROLE_ID`) REFERENCES `ROLE` (`ROLE_ID`);

CREATE TABLE `URI_AUTH_LEVEL_GRP_XREF` (
	`URI_PATTERN_ID` varchar(32) NOT NULL,
	`AUTH_LEVEL_GROUPING_ID` varchar(32) NOT NULL,
	`EXEC_ORDER` int(3) NOT NULL,
	UNIQUE KEY `UNIQUE_URI_AUTH_GROUP` (`URI_PATTERN_ID`,`AUTH_LEVEL_GROUPING_ID`,`EXEC_ORDER`),
	KEY `URI_AUTH_LEVEL_GRP_FK` (`AUTH_LEVEL_GROUPING_ID`)
	) ENGINE=InnoDB DEFAULT CHARSET=utf8;

ALTER TABLE `URI_AUTH_LEVEL_GRP_XREF`
	ADD CONSTRAINT `URI_AUTH_LEVEL_GRP_FK` FOREIGN KEY (`AUTH_LEVEL_GROUPING_ID`) REFERENCES `AUTH_LEVEL_GROUPING` (`AUTH_LEVEL_GROUPING_ID`),
	ADD CONSTRAINT `URI_AUTH_LEVEL_URI_FK` FOREIGN KEY (`URI_PATTERN_ID`) REFERENCES `URI_PATTERN` (`URI_PATTERN_ID`);

CREATE TABLE `URI_PATTERN_META` (
	`URI_PATTERN_META_ID` varchar(32) NOT NULL,
	`URI_PATTERN_ID` varchar(32) NOT NULL,
	`URI_PATTERN_META_TYPE_ID` varchar(32) NOT NULL,
	`URI_PATTERN_NAME` varchar(100) NOT NULL,
	PRIMARY KEY (`URI_PATTERN_META_ID`),
	KEY `URI_PATTERN_META_URI_PATTERN_FK` (`URI_PATTERN_ID`),
	KEY `URI_PATTERN_META_META_TYPE_FK` (`URI_PATTERN_META_TYPE_ID`)
	) ENGINE=InnoDB DEFAULT CHARSET=utf8;

ALTER TABLE `URI_PATTERN_META`
	ADD CONSTRAINT `URI_PATTERN_META_META_TYPE_FK` FOREIGN KEY (`URI_PATTERN_META_TYPE_ID`) REFERENCES `URI_PATTERN_META_TYPE` (`URI_PATTERN_META_TYPE_ID`),
	ADD CONSTRAINT `URI_PATTERN_META_URI_PATTERN_FK` FOREIGN KEY (`URI_PATTERN_ID`) REFERENCES `URI_PATTERN` (`URI_PATTERN_ID`);

CREATE TABLE `USER_ATTRIBUTES` (
	`ID` varchar(32) NOT NULL,
	`USER_ID` varchar(32) DEFAULT NULL,
	`METADATA_ID` varchar(32) DEFAULT NULL,
	`NAME` varchar(100) DEFAULT NULL,
	`VALUE` varchar(4096) DEFAULT NULL,
	`VALUE_AS_BYTE_ARRAY` blob,
	`IS_MULTIVALUED` char(1) NOT NULL DEFAULT 'N',
	PRIMARY KEY (`ID`),
	KEY `USER_ID` (`USER_ID`),
	KEY `FK_USR_ATTR_ELMT_FK` (`METADATA_ID`)
	) ENGINE=InnoDB DEFAULT CHARSET=utf8;

ALTER TABLE `USER_ATTRIBUTES`
	ADD CONSTRAINT `FK_USR_ATTR_ELMT_FK` FOREIGN KEY (`METADATA_ID`) REFERENCES `METADATA_ELEMENT` (`METADATA_ID`),
	ADD CONSTRAINT `USER_ATTRIBUTES_ibfk_1` FOREIGN KEY (`USER_ID`) REFERENCES `USERS` (`USER_ID`);

CREATE TABLE `USER_GRP` (
	`GRP_ID` varchar(32) NOT NULL,
	`USER_ID` varchar(32) NOT NULL,
	UNIQUE KEY `USER_GRP_UNIQUE_RECORD` (`USER_ID`,`GRP_ID`),
	KEY `FK_USR_GRP_GPR` (`GRP_ID`)
	) ENGINE=InnoDB DEFAULT CHARSET=utf8;

ALTER TABLE `USER_GRP`
	ADD CONSTRAINT `FK_USR_GRP_GPR` FOREIGN KEY (`GRP_ID`) REFERENCES `GRP` (`GRP_ID`),
	ADD CONSTRAINT `FK_USR_GRP_USR` FOREIGN KEY (`USER_ID`) REFERENCES `USERS` (`USER_ID`);

CREATE TABLE `grp_to_grp_membership` (
	`GROUP_ID` varchar(32) NOT NULL,
	`MEMBER_GROUP_ID` varchar(32) NOT NULL,
	`CREATE_DATE` timestamp NULL DEFAULT NULL,
	`UPDATE_DATE` timestamp NULL DEFAULT NULL,
	`CREATED_BY` varchar(32) DEFAULT NULL,
	`UPDATED_BY` varchar(32) DEFAULT NULL,
	UNIQUE KEY `GROUP_ID` (`GROUP_ID`,`MEMBER_GROUP_ID`),
	KEY `MEMBER_GROUP_ID` (`MEMBER_GROUP_ID`)
	) ENGINE=InnoDB DEFAULT CHARSET=utf8;

ALTER TABLE `grp_to_grp_membership`
	ADD CONSTRAINT `grp_to_grp_membership_ibfk_1` FOREIGN KEY (`GROUP_ID`) REFERENCES `GRP` (`GRP_ID`),
	ADD CONSTRAINT `grp_to_grp_membership_ibfk_2` FOREIGN KEY (`MEMBER_GROUP_ID`) REFERENCES `GRP` (`GRP_ID`);

DELIMITER ;;

CREATE TRIGGER grp_grp_mem_insert 
BEFORE 
INSERT ON grp_to_grp_membership 
	FOR EACH ROW
	BEGIN
		SET NEW.CREATE_DATE = NOW();
		SET NEW.UPDATE_DATE = NOW();
	END ;;

DELIMITER ;

CREATE TABLE `COMPANY_ATTRIBUTE_VALUES` (
	`COMPANY_ATTRIBUTE_ID` varchar(32) NOT NULL,
	`VALUE` varchar(255) DEFAULT NULL,
	KEY `COMPANY_ATTRIBUTE_VALUES_FK` (`COMPANY_ATTRIBUTE_ID`)
	) ENGINE=InnoDB DEFAULT CHARSET=utf8;

ALTER TABLE `COMPANY_ATTRIBUTE_VALUES`
	ADD CONSTRAINT `COMPANY_ATTRIBUTE_VALUES_FK` FOREIGN KEY (`COMPANY_ATTRIBUTE_ID`) REFERENCES `COMPANY_ATTRIBUTE` (`COMPANY_ATTR_ID`);

CREATE TABLE `GROUP_ATTRIBUTE_VALUES` (
	`GROUP_ATTRIBUTE_ID` varchar(32) NOT NULL,
	`VALUE` varchar(255) DEFAULT NULL,
	KEY `GROUP_ATTRIBUTE_VALUES_FK` (`GROUP_ATTRIBUTE_ID`)
	) ENGINE=InnoDB DEFAULT CHARSET=utf8;

ALTER TABLE `GROUP_ATTRIBUTE_VALUES`
	ADD CONSTRAINT `GROUP_ATTRIBUTE_VALUES_FK` FOREIGN KEY (`GROUP_ATTRIBUTE_ID`) REFERENCES `GRP_ATTRIBUTES` (`ID`);

CREATE TABLE `ROLE_ATTRIBUTE_VALUES` (
	`ROLE_ATTRIBUTE_ID` varchar(32) NOT NULL,
	`VALUE` varchar(255) DEFAULT NULL,
	KEY `ROLE_ATTRIBUTE_VALUES_FK` (`ROLE_ATTRIBUTE_ID`)
	) ENGINE=InnoDB DEFAULT CHARSET=utf8;

ALTER TABLE `ROLE_ATTRIBUTE_VALUES`
	ADD CONSTRAINT `ROLE_ATTRIBUTE_VALUES_FK` FOREIGN KEY (`ROLE_ATTRIBUTE_ID`) REFERENCES `ROLE_ATTRIBUTE` (`ROLE_ATTR_ID`);

CREATE TABLE `URI_PATTERN_META_VALUE` (
	`URI_PATTERN_META_VALUE_ID` varchar(32) NOT NULL,
	`URI_PATTERN_META_ID` varchar(32) NOT NULL,
	`META_ATTRIBUTE_NAME` varchar(100) NOT NULL,
	`AM_RES_ATTRIBUTE_ID` varchar(32) DEFAULT NULL,
	`STATIC_VALUE` varchar(4096) DEFAULT NULL,
	`GROOVY_SCRIPT` varchar(200) DEFAULT NULL,
	PRIMARY KEY (`URI_PATTERN_META_VALUE_ID`),
	KEY `URI_PATTERN_META_VALUE_META_FK` (`URI_PATTERN_META_ID`),
	KEY `URI_PATTERN_META_VALUE_AM_FK` (`AM_RES_ATTRIBUTE_ID`)
	) ENGINE=InnoDB DEFAULT CHARSET=utf8;

ALTER TABLE `URI_PATTERN_META_VALUE`
	ADD CONSTRAINT `URI_PATTERN_META_VALUE_AM_FK` FOREIGN KEY (`AM_RES_ATTRIBUTE_ID`) REFERENCES `AUTH_RESOURCE_AM_ATTRIBUTE` (`AM_RES_ATTRIBUTE_ID`),
	ADD CONSTRAINT `URI_PATTERN_META_VALUE_META_FK` FOREIGN KEY (`URI_PATTERN_META_ID`) REFERENCES `URI_PATTERN_META` (`URI_PATTERN_META_ID`);

CREATE TABLE `USER_ATTRIBUTE_VALUES` (
	`USER_ATTRIBUTE_ID` varchar(32) NOT NULL,
	`VALUE` varchar(255) DEFAULT NULL,
	KEY `USER_ATTRIBUTE_VALUES_FK` (`USER_ATTRIBUTE_ID`)
	) ENGINE=InnoDB DEFAULT CHARSET=utf8;

ALTER TABLE `USER_ATTRIBUTE_VALUES`
	ADD CONSTRAINT `USER_ATTRIBUTE_VALUES_FK` FOREIGN KEY (`USER_ATTRIBUTE_ID`) REFERENCES `USER_ATTRIBUTES` (`ID`);


CREATE VIEW `USER_PSWD_EXPIRED_YESTERDAY_VW` AS 
	select `l`.`LOGIN` AS `LOGIN`,`l`.`MANAGED_SYS_ID` AS `MANAGED_SYS_ID`,`l`.`USER_ID` AS `USER_ID`,`l`.`GRACE_PERIOD` AS `EXPIRATION_DATE`,`u`.`FIRST_NAME` AS `FIRST_NAME`,`u`.`LAST_NAME` AS `LAST_NAME`,`u`.`STATUS` AS `STATUS` from (`LOGIN` `l` join `USERS` `u`) where ((`l`.`USER_ID` = `u`.`USER_ID`) and (`l`.`MANAGED_SYS_ID` = 0) and (((`l`.`GRACE_PERIOD` is not null) and (cast(`l`.`GRACE_PERIOD` as date) = (curdate() - 1))) or ((`l`.`PWD_EXP` is not null) and isnull(`l`.`GRACE_PERIOD`) and (cast(`l`.`PWD_EXP` as date) = (curdate() - 1)))));

USE openiam;

SET NAMES utf8;

/* Fill tables with initial data */

INSERT INTO `APPROVER_ASSOC` (`APPROVER_ASSOC_ID`, `REQUEST_TYPE`, `APPROVER_LEVEL`, `ASSOCIATION_TYPE`, `ASSOCIATION_ENTITY_ID`, `ON_APPROVE_ENTITY_ID`, `ON_REJECT_ENTITY_ID`, `ON_APPROVE_ENTITY_TYPE`, `ON_REJECT_ENTITY_TYPE`, `APPROVER_ENTITY_TYPE`, `APPROVER_ENTITY_ID`, `APPLY_DELEGATION_FILTER`) VALUES 
	('100','NEW_HIRE',1,'SUPERVISOR',NULL,NULL,NULL,NULL,NULL,NULL,NULL,'N'),
	('101','254',1,'RESOURCE','254',NULL,NULL,NULL,NULL,'USER','3000','N');

INSERT INTO `ATTRIBUTE_MAP` (`ATTRIBUTE_MAP_ID`, `MANAGED_SYS_ID`, `RESOURCE_ID`, `MAP_FOR_OBJECT_TYPE`, `ATTRIBUTE_NAME`, `TARGET_ATTRIBUTE_NAME`, `AUTHORITATIVE_SRC`, `ATTRIBUTE_POLICY_ID`, `RULE_TEXT`, `STATUS`, `START_DATE`, `END_DATE`, `STORE_IN_IAMDB`, `DATA_TYPE`, `DEFAULT_VALUE`, `SYNCH_CONFIG_ID`) VALUES 
	('201','101','101','USER','cn',NULL,0,'1',NULL,'ACTIVE',NULL,NULL,0,'STRING',NULL,NULL),
	('202','101','101','USER','mail',NULL,0,'2',NULL,'ACTIVE',NULL,NULL,0,'STRING',NULL,NULL),
	('203','101','101','USER','o',NULL,0,'3',NULL,'ACTIVE',NULL,NULL,0,'STRING',NULL,NULL),
	('204','101','101','USER','ou',NULL,0,'4',NULL,'ACTIVE',NULL,NULL,0,'STRING',NULL,NULL),
	('205','101','101','USER','postalCode',NULL,0,'5',NULL,'ACTIVE',NULL,NULL,0,'STRING',NULL,NULL),
	('206','101','101','USER','sn',NULL,0,'6',NULL,'ACTIVE',NULL,NULL,0,'STRING',NULL,NULL),
	('207','101','101','USER','st',NULL,0,'7',NULL,'ACTIVE',NULL,NULL,0,'STRING',NULL,NULL),
	('208','101','101','USER','street',NULL,0,'8',NULL,'ACTIVE',NULL,NULL,0,'STRING',NULL,NULL),
	('209','101','101','USER','userPassword',NULL,0,'9',NULL,'ACTIVE',NULL,NULL,0,'STRING',NULL,NULL),
	('210','101','101','USER','postalAddress',NULL,0,'10',NULL,'ACTIVE',NULL,NULL,0,'STRING',NULL,NULL),
	('211','101','101','USER','telephoneNumber',NULL,0,'11',NULL,'ACTIVE',NULL,NULL,0,'STRING',NULL,NULL),
	('212','101','101','USER','facsimileTelephoneNumber',NULL,0,'12',NULL,'ACTIVE',NULL,NULL,0,'STRING',NULL,NULL),
	('213','101','101','USER','mobileTelephoneNumber',NULL,0,'13',NULL,'ACTIVE',NULL,NULL,0,'STRING',NULL,NULL),
	('215','101','101','PRINCIPAL','uid',NULL,0,'14',NULL,'ACTIVE',NULL,NULL,0,'STRING',NULL,NULL),
	('216','101','101','USER','departmentNumber',NULL,0,'15',NULL,'ACTIVE',NULL,NULL,0,'STRING',NULL,NULL),
	('217','101','101','USER','displayName',NULL,0,'16',NULL,'ACTIVE',NULL,NULL,0,'STRING',NULL,NULL),
	('218','101','101','USER','employeeType',NULL,0,'17',NULL,'ACTIVE',NULL,NULL,0,'STRING',NULL,NULL),
	('221','101','101','USER','objectclass',NULL,0,'18',NULL,'ACTIVE',NULL,NULL,0,'STRING',NULL,NULL),
	('222','101','101','USER','title',NULL,0,'19',NULL,'ACTIVE',NULL,NULL,0,'STRING',NULL,NULL),
	('223','101','101','USER','givenName',NULL,0,'20',NULL,'ACTIVE',NULL,NULL,0,'STRING',NULL,NULL),
	('224','101','101','USER','uniqueMember',NULL,0,'21',NULL,'IN-ACTIVE',NULL,NULL,0,'MEMBER_OF',NULL,NULL),
	('230','0','0','PRINCIPAL','PRINCIPAL',NULL,0,'22',NULL,'ACTIVE',NULL,NULL,0,NULL,NULL,NULL),
	('231','0','0','PRINCIPAL','PASSWORD',NULL,0,'23',NULL,'ACTIVE',NULL,NULL,0,NULL,NULL,NULL),
	('232','0','0','EMAIL','EMAIL',NULL,0,'24',NULL,'ACTIVE',NULL,NULL,0,NULL,NULL,NULL),
	('400','103','103','PRINCIPAL','login',NULL,0,'26',NULL,'ACTIVE',NULL,NULL,0,'STRING',NULL,NULL),
	('401','103','103','USER','firstName',NULL,0,'27',NULL,'ACTIVE',NULL,NULL,0,'STRING',NULL,NULL),
	('402','103','103','USER','lastName',NULL,0,'28',NULL,'ACTIVE',NULL,NULL,0,'STRING',NULL,NULL),
	('403','103','103','USER','password',NULL,0,'29',NULL,'ACTIVE',NULL,NULL,0,'STRING',NULL,NULL),
	('501','110','110','PRINCIPAL','CN',NULL,0,'30',NULL,'ACTIVE',NULL,NULL,0,'STRING',NULL,NULL),
	('502','110','110','USER','sAMAccountName',NULL,0,'31',NULL,'ACTIVE',NULL,NULL,0,'STRING',NULL,NULL),
	('503','110','110','USER','sn',NULL,0,'32',NULL,'ACTIVE',NULL,NULL,0,'STRING',NULL,NULL),
	('504','110','110','USER','givenName',NULL,0,'33',NULL,'ACTIVE',NULL,NULL,0,'STRING',NULL,NULL),
	('505','110','110','USER','displayName',NULL,0,'34',NULL,'ACTIVE',NULL,NULL,0,'STRING',NULL,NULL),
	('506','110','110','USER','ou',NULL,0,'35',NULL,'ACTIVE',NULL,NULL,0,'STRING',NULL,NULL),
	('507','110','110','USER','objectclass',NULL,0,'36',NULL,'ACTIVE',NULL,NULL,0,'STRING',NULL,NULL),
	('508','110','110','USER','profilePath',NULL,0,'37',NULL,'ACTIVE',NULL,NULL,0,'STRING',NULL,NULL),
	('509','110','110','USER','homeDirectory',NULL,0,'38',NULL,'ACTIVE',NULL,NULL,0,'STRING',NULL,NULL),
	('510','110','110','USER','homeDrive',NULL,0,'39',NULL,'ACTIVE',NULL,NULL,0,'STRING',NULL,NULL),
	('511','110','110','USER','scriptPath',NULL,0,'40',NULL,'ACTIVE',NULL,NULL,0,'STRING',NULL,NULL),
	('512','110','110','USER','company',NULL,0,'41',NULL,'ACTIVE',NULL,NULL,0,'STRING',NULL,NULL),
	('513','110','110','USER','initials',NULL,0,'42',NULL,'ACTIVE',NULL,NULL,0,'STRING',NULL,NULL),
	('514','110','110','USER','department',NULL,0,'43',NULL,'ACTIVE',NULL,NULL,0,'STRING',NULL,NULL),
	('515','110','110','USER','telephoneNumber',NULL,0,'44',NULL,'ACTIVE',NULL,NULL,0,'STRING',NULL,NULL),
	('516','110','110','USER','title',NULL,0,'45',NULL,'ACTIVE',NULL,NULL,0,'STRING',NULL,NULL),
	('517','110','110','USER','unicodePwd',NULL,0,'46',NULL,'ACTIVE',NULL,NULL,0,'STRING',NULL,NULL),
	('518','110','110','USER','userAccountControl',NULL,0,'47',NULL,'ACTIVE',NULL,NULL,0,'STRING',NULL,NULL),
	('519','110','110','USER','userPrincipalName',NULL,0,'48',NULL,'ACTIVE',NULL,NULL,0,'STRING',NULL,NULL),
	('521','110','110','USER','streetAddress',NULL,0,'49',NULL,'ACTIVE',NULL,NULL,0,'STRING',NULL,NULL),
	('522','110','110','USER','l',NULL,0,'50',NULL,'ACTIVE',NULL,NULL,0,'STRING',NULL,NULL),
	('523','110','110','USER','st',NULL,0,'51',NULL,'ACTIVE',NULL,NULL,0,'STRING',NULL,NULL),
	('524','110','110','USER','postalCode',NULL,0,'52',NULL,'ACTIVE',NULL,NULL,0,'STRING',NULL,NULL),
	('550','106','106','PRINCIPAL','userName',NULL,0,'53',NULL,'ACTIVE',NULL,NULL,0,NULL,NULL,NULL),
	('553','106','106','USER','password',NULL,0,'54',NULL,'ACTIVE',NULL,NULL,0,NULL,NULL,NULL),
	('600','105','105','PRINCIPAL','login',NULL,0,'55',NULL,'ACTIVE',NULL,NULL,0,'STRING',NULL,NULL),
	('601','105','105','USER','name',NULL,0,'56',NULL,'ACTIVE',NULL,NULL,0,'STRING',NULL,NULL),
	('602','105','105','USER','surname',NULL,0,'57',NULL,'ACTIVE',NULL,NULL,0,'STRING',NULL,NULL),
	('603','105','105','USER','password',NULL,0,'58',NULL,'ACTIVE',NULL,NULL,0,'STRING',NULL,NULL),
	('604','105','105','USER','homePhone',NULL,0,'59',NULL,'ACTIVE',NULL,NULL,0,'STRING',NULL,NULL),
	('605','105','105','USER','workPhone',NULL,0,'60',NULL,'ACTIVE',NULL,NULL,0,'STRING',NULL,NULL),
	('606','105','105','USER','roomNumber',NULL,0,'61',NULL,'ACTIVE',NULL,NULL,0,'STRING',NULL,NULL),
	('607','105','105','USER','groups',NULL,0,'62',NULL,'ACTIVE',NULL,NULL,0,'STRING',NULL,NULL),
	('610','103','103','USER','userEmail',NULL,0,'63',NULL,'ACTIVE',NULL,NULL,0,'STRING',NULL,NULL),
	('611','103','103','USER','groups',NULL,0,'64',NULL,'ACTIVE',NULL,NULL,0,'STRING',NULL,NULL),
	('612','113','113','PRINCIPAL','LOGIN_ID',NULL,NULL,'65',NULL,'ACTIVE',NULL,NULL,NULL,'STRING',NULL,NULL),
	('613','113','113','USER','USER_PASSWORD',NULL,NULL,'66',NULL,'ACTIVE',NULL,NULL,NULL,'STRING',NULL,NULL),
	('614','113','113','USER','FIRST_NAME',NULL,NULL,'67',NULL,'ACTIVE',NULL,NULL,NULL,'STRING',NULL,NULL),
	('615','113','113','USER','LAST_NAME',NULL,NULL,'68',NULL,'ACTIVE',NULL,NULL,NULL,'STRING',NULL,NULL),
	('616','113','113','USER','EMPLOYEE_ID',NULL,NULL,'69',NULL,'ACTIVE',NULL,NULL,NULL,'STRING',NULL,NULL),
	('617','113','113','USER','DOB',NULL,NULL,'70',NULL,'ACTIVE',NULL,NULL,NULL,'DATE',NULL,NULL),
	('618','113','113','USER','CREATE_DATE',NULL,NULL,'71',NULL,'ACTIVE',NULL,NULL,NULL,'DATE',NULL,NULL),
	('619','113','113','USER','PHONE_EXT',NULL,NULL,'72',NULL,'ACTIVE',NULL,NULL,NULL,'INT',NULL,NULL),
	('620','113','113','USER','PHONE_NBR',NULL,NULL,'73',NULL,'ACTIVE',NULL,NULL,NULL,'STRING',NULL,NULL),
	('621','104','104','PRINCIPAL','principal',NULL,0,'26',NULL,'ACTIVE',NULL,NULL,0,'STRING',NULL,NULL),
	('622','104','104','USER','firstname',NULL,0,'27',NULL,'ACTIVE',NULL,NULL,0,'STRING',NULL,NULL),
	('623','113','113','GROUP','GRP_ID',NULL,NULL,'74',NULL,'ACTIVE',NULL,NULL,NULL,'STRING',NULL,NULL),
	('624','150','150','PRINCIPAL','principal',NULL,NULL,'65',NULL,'ACTIVE',NULL,NULL,NULL,'STRING',NULL,NULL),
	('625','150','150','USER','displayName',NULL,NULL,'76',NULL,'ACTIVE',NULL,NULL,NULL,'STRING',NULL,NULL),
	('626','150','150','USER','role',NULL,NULL,'75',NULL,'ACTIVE',NULL,NULL,NULL,'STRING',NULL,NULL),
	('627','150','150','USER','email',NULL,NULL,'2',NULL,'ACTIVE',NULL,NULL,NULL,'STRING',NULL,NULL),
	('628','150','150','USER','employeeId',NULL,NULL,'77',NULL,'ACTIVE',NULL,NULL,NULL,'STRING',NULL,NULL),
	('629','150','150','USER','password',NULL,NULL,'58',NULL,'ACTIVE',NULL,NULL,NULL,'DATE',NULL,NULL);

INSERT INTO `AUTH_LEVEL` (`AUTH_LEVEL_ID`, `AUTH_LEVEL_NAME`, `REQUIRES_AUTHENTICATION`) VALUES 
	('KERB_AUTH','Kerberos Authentication','Y'),
	('NONE','No Authentication Required','N'),
	('PASSWORD_AUTH','Password Authentication','Y');

INSERT INTO `AUTH_PROVIDER_TYPE` (`PROVIDER_TYPE`, `DESCRIPTION`, `ACTIVE`) VALUES 
	('SAML_PROVIDER','SAML Provider','Y');

INSERT INTO `AUTH_RESOURCE_AM_ATTRIBUTE` (`REFLECTION_KEY`, `ATTRIBUTE_NAME`, `AM_RES_ATTRIBUTE_ID`) VALUES 
	('Login.login','Principal','1'),
	('Login.password','Password','2'),
	('User.title','Functional Title','4');

INSERT INTO `BATCH_CONFIG` (`TASK_ID`, `TASK_NAME`, `LAST_EXEC_TIME`, `TASK_URL`, `EXECUTION_ORDER`, `STATUS`, `PARAM1`, `PARAM2`, `PARAM3`, `PARAM4`, `RULE_TYPE`, `ENABLED`, `LAST_MODIFIED_DATETIME`, `RUN_ON`, `CRON_EXPRESSION`, `SPRING_BEAN`, `SPRING_BEAN_METHOD`) VALUES 
	('100','ACCOUNT_LOCKED_NOTIFICATION',NULL,'batch/accountLockedNotification.groovy',2,NULL,NULL,NULL,NULL,NULL,NULL,'N',null,NULL,'0 0/1 * * * ?',NULL,NULL),
	('101','INACTIVE_USER',NULL,'batch/inactiveUser.groovy',1,NULL,NULL,NULL,NULL,NULL,NULL,'N',null,NULL,'0 0 0 1/1 * ?',NULL,NULL),
	('102','PASSWORD_NEAR_EXP',NULL,'batch/passwordNearExpNotification.groovy',2,NULL,NULL,NULL,NULL,NULL,NULL,'N',null,NULL,'0 0 0 1/1 * ?',NULL,NULL),
	('103','TERMINATE_EXP_ACCT',NULL,'batch/terminateOnExpiration.groovy',3,NULL,NULL,NULL,NULL,NULL,NULL,'N',null,NULL,'0 0 0 1/1 * ?',NULL,NULL),
	('104','AUTO_UNLOCK',NULL,'batch/autoUnlock.groovy',1,NULL,NULL,NULL,NULL,NULL,NULL,'N',null,NULL,'0 0/1 * * * ?',NULL,NULL),
	('105','RESET_PSWD_CHNG_COUNT',NULL,'batch/resetPasswordChangeCount.groovy',2,NULL,NULL,NULL,NULL,NULL,NULL,'N',null,NULL,'0 0/1 * * * ?',NULL,NULL),
	('106','PUBLISH_AUDIT_EVENT',NULL,'batch/publishAuditEvent.groovy',3,NULL,NULL,NULL,NULL,NULL,NULL,'N',null,NULL,'0 0 0 1/1 * ?',NULL,NULL),
	('107','PASSWORD_EXPIRED',NULL,'batch/passwordExpiredNotification.groovy',4,NULL,NULL,NULL,NULL,NULL,NULL,'N',null,NULL,'0 0 0 1/1 * ?',NULL,NULL),
	('108','PROV_ON_STARTDATE',NULL,'batch/provisionOnStartDate.groovy',4,NULL,NULL,NULL,NULL,NULL,NULL,'N',null,NULL,'0 0 0 1/1 * ?',NULL,NULL),
	('ATTESTATION','Attestation',NULL,NULL,1,NULL,NULL,NULL,NULL,NULL,NULL,'N',null,NULL,'0 0 0 1 1/3 ?','attestationInitializer','initializeAttestation');

INSERT INTO `CATEGORY` (`CATEGORY_ID`, `PARENT_ID`, `CATEGORY_NAME`, `CATEGORY_DESC`, `CREATE_DATE`, `CREATED_BY`, `SHOW_LIST`, `DISPLAY_ORDER`) VALUES 
	('ACL','','ACL Root',NULL,NULL,NULL,0,0),
	('Application','','ACL',NULL,NULL,NULL,0,0),
	('CONNECTOR_TYPE','ROOT','Provisioning Connectors',NULL,NULL,NULL,0,0),
	('GROUP_TYPE','ROOT','Group Type',NULL,NULL,NULL,0,0),
	('MANAGED_SYS_TYPE','ROOT','Managed System Types',NULL,NULL,NULL,0,0),
	('ORG_TYPE','ROOT','ORGANIZATION Types',NULL,NULL,NULL,0,0),
	('ROOT','','ROOT',NULL,NULL,NULL,0,0),
	('SECURITY',NULL,'SECURITY',NULL,NULL,NULL,0,0),
	('USER_TYPE','ROOT','User Types',NULL,NULL,NULL,0,0),
	('WebSite','','ACL',NULL,NULL,NULL,0,0);

INSERT INTO `DEF_RECON_ATTR_MAP` (`DEF_ATTR_MAP_ID`, `DEF_ATTR_MAP_NAME`) VALUES 
	('Login.login','Principal'),
	('User.title','Functional Title');

INSERT INTO `IDENTITY_QUEST_GRP` (`IDENTITY_QUEST_GRP_ID`, `NAME`, `STATUS`, `COMPANY_OWNER_ID`, `CREATE_DATE`, `CREATED_BY`, `LAST_UPDATE`, `LAST_UPDATED_BY`) VALUES 
	('GLOBAL','GLOBAL IDENTITY QUESTIONS','ACTIVE','GLOBAL',NULL,NULL,NULL,NULL);

INSERT INTO `LANGUAGE` (`ID`, `LANGUAGE`, `IS_USED`, `LANGUAGE_CODE`, `IS_DEFAULT`) VALUES 
	('1','English','Y','en','Y'),
	('4','Spanish','Y','es','N'),
	('8','Russian','Y','ru','N');

INSERT INTO `LOCATION` (`LOCATION_ID`, `NAME`, `DESCRIPTION`, `COUNTRY`, `BLDG_NUM`, `STREET_DIRECTION`, `ADDRESS1`, `ADDRESS2`, `ADDRESS3`, `CITY`, `STATE`, `POSTAL_CD`, `ORGANIZATION_ID`, `INTERNAL_LOCATION_ID`, `ACTIVE`, `SENSITIVE_LOCATION`) VALUES 
	('100','HQ',NULL,'US','111',NULL,'MAIN ST',NULL,NULL,'MY TOWN','NY','12345',NULL,NULL,1,0),
	('101','BRANCH',NULL,'US','112',NULL,'Next ST',NULL,NULL,'MY TOWN','CT','67890',NULL,NULL,1,0);

INSERT INTO `METADATA_TYPE` (`TYPE_ID`, `DESCRIPTION`, `ACTIVE`, `SYNC_MANAGED_SYS`, `GROUPING`, `IS_BINARY`, `IS_SENSITIVE`) VALUES 
	('ACCNT','Account','Y','Y','OBJECT_TYPE','N','Y'),
	('ACTIVE','ACTIVE','Y','Y','USER','N','Y'),
	('ADGroup','AD User type','Y','Y',NULL,'N','N'),
	('ADMGP','Admin Group','Y','Y','OBJECT_TYPE','N','Y'),
	('ADMIN','Administrator','Y','Y','OBJECT_TYPE','N','Y'),
	('ADMIN_RESOURCE','Admin Resource','Y','Y',NULL,'N','N'),
	('ADUser','AD User type','Y','Y',NULL,'N','N'),
	('AD_Connector','Active Directory Connector','Y','Y',NULL,'N','N'),
	('AD_GROUP_TYPE','AD GROUP TYPE','N','N',NULL,'N','N'),
	('AFFILIATE','AFFILIATE','Y','Y','USER_TYPE','N','Y'),
	('APPROVAL_DECLINED','APPROVAL_DECLINED','Y','Y','USER','N','Y'),
	('ATTR','Attribute','Y','Y','OBJECT_TYPE','N','Y'),
	('AUTHENTICATION_PROVIDER','Authentication Provider','Y','Y',NULL,'N','N'),
	('AUTH_REPO','Authentication Repository','Y','Y',NULL,'N','N'),
	('BL','DISABLE','Y','Y','OPERATION','N','Y'),
	('CELL_PHONE','Cell phone','Y','N','PHONE','N','N'),
	('CHECKBOX','Checkbox','Y','N','UI_WIDGET','N','N'),
	('CONTENT_PROVIDER','Content Provider','Y','Y',NULL,'N','N'),
	('Contractor','Contractor user type','Y','Y',NULL,'N','N'),
	('CONTRACTOR TYPE','CONTRACTOR','Y','Y','USER_TYPE','N','Y'),
	('DATE','Date field','Y','N','UI_WIDGET','N','N'),
	('DEFAULT_GROUP','DEFAULT GROUP TYPE','N','N',NULL,'N','N'),
	('DEFAULT_USER','Default User','Y','N','USER_OBJECT_TYPE','N','N'),
	('DELETED','DELETED','Y','Y','USER','N','Y'),
	('departmentType','Department','Y','Y',NULL,'N','N'),
	('DIRECTORY','Directory','Y','Y',NULL,'N','N'),
	('DISABLED','DISABLED','Y','Y','USER_2ND_STATUS','N','Y'),
	('divisionType','Division','Y','Y',NULL,'N','N'),
	('DL','DELETE','Y','Y','OPERATION','N','Y'),
	('FILE','File','Y','Y',NULL,'N','N'),
	('GOOGLE_Connector','GOOGLE APPS Connector','Y','Y',NULL,'N','N'),
	('HOME_ADDRESS','Home Address','Y','N','ADDRESS','N','N'),
	('HOME_EMAIL','Home Email','Y','N','EMAIL','N','N'),
	('HOME_PHONE','Home phone','Y','N','PHONE','N','N'),
	('INACTIVE','INACTIVE','Y','Y','USER','N','Y'),
	('InetOrgPerson','InetOrgPerson user type','Y','Y',NULL,'N','N'),
	('INTERNAL_USER','Internal User','Y','N','USER_OBJECT_TYPE','N','N'),
	('KERBEROS_KEYTAB_FILE','Kerberos Keytab File','Y','N','AUTH_LEVEL','Y','N'),
	('KERBEROS_SERVICE_NAME','Kerberos Service Name','Y','N','AUTH_LEVEL','N','N'),
	('LdapOrgPerson','LdapOrgPerson User type','Y','Y',NULL,'N','N'),
	('LDAP_Connector','LDAP Connector','Y','Y',NULL,'N','N'),
	('LDAP_GROUP_TYPE','LDAP GROUP TYPE','N','N',NULL,'N','N'),
	('LEAVE','LEAVE','Y','Y','USER','N','Y'),
	('LINUX_Connector','Linux Connector','Y','Y',NULL,'N','N'),
	('LOCKED','LOCKED','Y','Y','USER_2ND_STATUS','N','Y'),
	('LOCKED_ADMIN','LOCKED_ADMIN','Y','Y','USER_2ND_STATUS','N','Y'),
	('MANAGED_SYS','Managed System','Y','Y',NULL,'N','N'),
	('MANAGER','MANAGER','Y','Y','JOB_CODE','N','Y'),
	('MENU_ITEM','Menu Item Type','Y','Y',NULL,'N','N'),
	('MULTI_SELECT','MultiSelect list','Y','N','UI_WIDGET','N','N'),
	('NO-PROVISION-APP','Un-Provisionable Apps','Y','Y',NULL,'N','N'),
	('OFF-LINE','OFF-LINE','Y','Y','SERVICE_STATUS','N','Y'),
	('OFFICE_ADDRESS','Office Address','Y','N','ADDRESS','N','N'),
	('OFFICE_PHONE','Office phone','Y','N','PHONE','N','N'),
	('OrgOpenIAM','OpenIAM','Y','Y',NULL,'N','N'),
	('PASSWORD','Password field','Y','N','UI_WIDGET','N','N'),
	('PENDING_APPROVAL','PENDING_APPROVAL','Y','Y','USER','N','Y'),
	('PENDING_INITIAL_LOGIN','PENDING_INITIAL_LOGIN','Y','Y','USER','N','Y'),
	('PENDING_START_DATE','PENDING_START_DATE','Y','Y','USER','N','Y'),
	('PENDING_USER_VALIDATION','PENDING_USER_VALIDATION','Y','Y','USER','N','Y'),
	('PERM FULL TIME','PERMANENT FULL TIME','Y','Y','USER_TYPE','N','Y'),
	('PERM PART TIME','PERMANENT PART TIME','Y','Y','USER_TYPE','N','Y'),
	('PRIMARY_EMAIL','Primary Email','Y','N','EMAIL','N','N'),
	('RADIO','Radio button','Y','N','UI_WIDGET','N','N'),
	('RDBMS_Connector','RDBMS Connector','Y','Y',NULL,'N','N'),
	('READY','READY','Y','Y','SERVICE_STATUS','N','Y'),
	('RETIRED','RETIRED','Y','Y','USER','N','Y'),
	('RJ','REJECT','Y','Y','OPERATION','N','Y'),
	('SALES REP','SALES REP','Y','Y','JOB_CODE','N','Y'),
	('SCRIPT_Connector','Script Connector','Y','Y',NULL,'N','N'),
	('SECURITY MANAGER','SECURITY MANAGER','Y','Y','JOB_CODE','N','Y'),
	('SELECT','Combo box','Y','N','UI_WIDGET','N','N'),
	('SERVICE REP','SERVICE REP','Y','Y','JOB_CODE','N','Y'),
	('SOAP_Connector','SOAP Connector','Y','Y',NULL,'N','N'),
	('SYS ACCOUNT','SYSTEM ACCOUNT','Y','Y','USER_TYPE','N','Y'),
	('SystemAccount','System Account type','Y','Y',NULL,'N','N'),
	('SYS_ACTION','System Actions','Y','Y',NULL,'N','N'),
	('TERMINATE','TERMINATE','Y','Y','USER','N','Y'),
	('TEXT','Text field','Y','N','UI_WIDGET','N','N'),
	('TEXTAREA','Multiline text field','Y','N','UI_WIDGET','N','N'),
	('UB','UN-DISABLE','Y','Y','OPERATION','N','Y'),
	('UI_TEMPLATE','UI_TEMPLATE','Y','Y',NULL,'N','N'),
	('UI_WIDGET','UI_WIDGET','Y','Y',NULL,'N','N'),
	('URL','URL','Y','Y',NULL,'N','N'),
	('URL_PATTERN','Url Pattern','Y','Y',NULL,'N','N'),
	('VENDOR','VENDOR','Y','Y','USER_TYPE','N','Y'),
	('WEBSERVICE','Web Service','Y','Y',NULL,'N','N'),
	('WEBSERVICE_OP','Web Service Operation','Y','Y',NULL,'N','N'),
	('WORK_EMAIL','Work Email','Y','N','EMAIL','N','N');

INSERT INTO `ORGANIZATION_TYPE` (`ORG_TYPE_ID`, `NAME`, `DESCRIPTION`) VALUES 
	('DEPARTMENT','Department',NULL),
	('DIVISION','Division',NULL),
	('ORGANIZATION','Organization',NULL),
	('SUBSIDIARY','Subsidiary',NULL);

INSERT INTO `POLICY` (`POLICY_ID`, `POLICY_DEF_ID`, `NAME`, `DESCRIPTION`, `STATUS`, `CREATE_DATE`, `CREATED_BY`, `LAST_UPDATE`, `LAST_UPDATED_BY`, `RULE_SRC_URL`, `RULE_TEXT`, `ENABLEMENT`) VALUES 
	('4000','100','Default Pswd Policy','Default Password Policy',1,NULL,'3000',NULL,NULL,NULL,NULL,1),
	('4001','103','Default Authn Policy','Default Authentication Policy',1,NULL,'3000',NULL,NULL,NULL,NULL,1),
	('4501','104','cn','commonName',1,NULL,'3000',NULL,NULL,'provision/cn.groovy','',1),
	('4502','104','mail','email address',1,NULL,'3000',NULL,NULL,'provision/mail.groovy','',1),
	('4503','104','o','organization name',1,NULL,'3000',NULL,NULL,'provision/o.groovy','',1),
	('4504','104','ou','organizationalUnitName',1,NULL,'3000',NULL,NULL,'provision/ou.groovy','',1),
	('4505','104','postalCode','commonName',1,NULL,'3000',NULL,NULL,'provision/postalCode.groovy','',1),
	('4506','104','sn','surname',1,NULL,'3000',NULL,NULL,'provision/sn.groovy','',1),
	('4507','104','st','stateOrProvinceName',1,NULL,'3000',NULL,NULL,'provision/st.groovy','',1),
	('4508','104','street','streetAddress',1,NULL,'3000',NULL,NULL,'provision/street.groovy','',1),
	('4509','104','userPassword','password',1,NULL,'3000',NULL,NULL,'provision/userPassword.groovy','',1),
	('4510','104','postalAddress','postalAddress',1,NULL,'3000',NULL,NULL,'provision/postalAddress.groovy','',1),
	('4511','104','telephoneNumber','Primary Telephone',1,NULL,'3000',NULL,NULL,'provision/telephone.groovy','',1),
	('4512','104','facsimileTelephoneNumber','Fax',1,NULL,'3000',NULL,NULL,'provision/fax.groovy','',1),
	('4513','104','mobile','mobileTelephoneNumber',1,NULL,'3000',NULL,NULL,'provision/mobile.groovy','',1),
	('4514','104','gn','givenName',1,NULL,'3000',NULL,NULL,'provision/gn.groovy','',1),
	('4515','104','uid','User Id',1,NULL,'3000',NULL,NULL,'provision/uid.groovy','',1),
	('4516','104','departmentCD','Department Code',1,NULL,'3000',NULL,NULL,'provision/deptcd.groovy','',1),
	('4517','104','displayName','Display Name',1,NULL,'3000',NULL,NULL,'provision/displayName.groovy','',1),
	('4518','104','employeeType','Employee Type',1,NULL,'3000',NULL,NULL,'provision/employeeType.groovy','',1),
	('4519','104','initials','Intials',1,NULL,'3000',NULL,NULL,'provision/initials.groovy','',1),
	('4521','104','objectclass','Department Number',1,NULL,'3000',NULL,NULL,'provision/objectclass.groovy','',1),
	('4522','104','title','Title',1,NULL,'3000',NULL,NULL,'provision/title.groovy','',1),
	('4540','104','userDefineEmail','email address',1,NULL,'3000',NULL,NULL,'provision/emailUserDefined.groovy','',1),
	('4541','104','dob','Date of Birth',1,NULL,'3000',NULL,NULL,'provision/dob.groovy','',1),
	('4542','104','middleInit','Middle Initial',1,NULL,'3000',NULL,NULL,'provision/middleInit.groovy','',1),
	('4543','104','employeeId','Employee ID',1,NULL,'3000',NULL,NULL,'provision/employeeId.groovy','',1),
	('4544','104','userDefinedPassword','Password By User',1,NULL,'3000',NULL,NULL,'provision/userDefPassword.groovy','',1),
	('4545','104','userRole','Role Membership',1,NULL,'3000',NULL,NULL,'provision/userRole.groovy','',1),
	('4546','104','userGroup','Group Membership',1,NULL,'3000',NULL,NULL,'provision/userGroup.groovy','',1),
	('4547','104','isEnabled','Is the User Enabled',1,NULL,'3000',NULL,NULL,'provision/isEnabled.groovy','',1),
	('4548','104','GUID','GUID',1,NULL,'3000',NULL,NULL,'provision/guid.groovy','',1),
	('4562','104','principal','PRIMARY_PRINICPAL',1,NULL,NULL,NULL,NULL,'provision/primary_principal.groovy',NULL,1),
	('4563','104','password','PRIMARY_PASSWORD',1,NULL,NULL,NULL,NULL,'provision/primary_pswd.groovy',NULL,1),
	('4564','104','emailAddress','PRIMARY_EMAIL',1,NULL,NULL,NULL,NULL,'provision/primary_email.groovy',NULL,1),
	('4600','104','userName','Google User Name',1,NULL,'3000',NULL,NULL,'provision/gapps/gappsUid.groovy','',1),
	('4601','104','firstName','Google Fist Name',1,NULL,'3000',NULL,NULL,'provision/gapps/gappsFirstName.groovy','',1),
	('4602','104','lastName','Google Last Name',1,NULL,'3000',NULL,NULL,'provision/gapps/gappsLastName.groovy','',1),
	('4603','104','password','Google Password',1,NULL,'3000',NULL,NULL,'provision/gapps/gappsPassword.groovy','',1),
	('4630','104','ad-sAMAccountName','sAMAccountName',1,NULL,'3000',NULL,NULL,'provision/ad/sAMAccountName.groovy','',1),
	('4631','104','ad-givenName','givenName',1,NULL,'3000',NULL,NULL,'provision/gn.groovy','',1),
	('4632','104','ad-CN','CN',1,NULL,'3000',NULL,NULL,'provision/ad/adCN.groovy','',1),
	('4633','104','ad-ou','ou',1,NULL,'3000',NULL,NULL,'provision/ad/ou.groovy','',1),
	('4634','104','ad-objectclass','objectclass',1,NULL,'3000',NULL,NULL,'provision/ad/objectclass.groovy','',1),
	('4635','104','ad-profilePath','profilePath',1,NULL,'3000',NULL,NULL,'provision/ad/profilePath.groovy','',1),
	('4636','104','ad-homeDirectory','homeDirectory',1,NULL,'3000',NULL,NULL,'provision/ad/homeDirectory.groovy','',1),
	('4637','104','ad-homeDrive','homeDrive',1,NULL,'3000',NULL,NULL,'provision/ad/homeDrive.groovy','',1),
	('4639','104','ad-scriptPath','scriptPath',1,NULL,'3000',NULL,NULL,'provision/ad/scriptPath.groovy','',1),
	('4640','104','ad-company','company',1,NULL,'3000',NULL,NULL,'provision/ad/company.groovy','',1),
	('4642','104','ad-initials','initials',1,NULL,'3000',NULL,NULL,'provision/ad/initials.groovy','',1),
	('4643','104','ad-department','department',1,NULL,'3000',NULL,NULL,'provision/ad/department.groovy','',1),
	('4644','104','ad-telephoneNumber','telephoneNumber',1,NULL,'3000',NULL,NULL,'provision/ad/telephoneNumber.groovy','',1),
	('4645','104','ad-title','title',1,NULL,'3000',NULL,NULL,'provision/ad/title.groovy','',1),
	('4646','104','ad-unicodePwd','unicodePwd',1,NULL,'3000',NULL,NULL,'provision/ad/unicodePwd.groovy','',1),
	('4650','104','ad-userAccountControl','userAccountControl',1,NULL,'3000',NULL,NULL,'provision/ad/userAccountControl.groovy','',1),
	('4651','104','ad-userPrincipalName','userPrincipalName',1,NULL,'3000',NULL,NULL,'provision/ad/userPrincipalName.groovy','',1),
	('4652','104','ad-userGroup','Group Membership',1,NULL,'3000',NULL,NULL,'provision/ad/userGroup.groovy','',1),
	('4653','104','ad-streetAddress','Street Address',1,NULL,'3000',NULL,NULL,'provision/ad/street.groovy','',1),
	('4654','104','ad-city','City',1,NULL,'3000',NULL,NULL,'provision/ad/city.groovy','',1),
	('4655','104','ad-state','State',1,NULL,'3000',NULL,NULL,'provision/ad/state.groovy','',1),
	('4656','104','ad-zip','Zip',1,NULL,'3000',NULL,NULL,'provision/ad/zip.groovy','',1),
	('4657','104','sf-profile-grp','Sales Force Profile Group',1,NULL,'3000',NULL,NULL,'salesforce/salesforce-profile-group.groovy','',1),
	('4658','104','linuxGroups','Default Linux Groups provision rule',1,null,'3000',NULL,NULL,'provision/linuxGroups.groovy','',1),
	('4659','104','googleGroups','GoogleApps groups Policy',1,null,'3000',NULL,NULL,'provision/googleGroups.groovy','',1),
	('4660','104','userCreateDate','userCreateDate',1,null,'3000',NULL,NULL,'provision/userCreateDate.groovy','',1),
	('4661','104','userCreateDate','userCreateDate',1,null,'3000',NULL,NULL,'provision/ext_phone.groovy','',1),
	('4662','104','userCreateDate','userCreateDate',1,null,'3000',NULL,NULL,'provision/nmb_phone.groovy','',1),
	('4663','104','appTableGroups','Groups for AppTable connector',1,null,'3000',NULL,NULL,'provision/appTableGroup.groovy','',1),
	('5000','104','ps-role','role',1,null,'3000',NULL,NULL,'provision/ps/role.groovy','',1),
	('5001','104','ps-displayName','displayName',1,null,'3000',NULL,NULL,'provision/ps/displayName.groovy','',1),
	('5002','104','ps-employeeId','employeeId',1,null,'3000',NULL,NULL,'provision/ps/employeeId.groovy','',1);

INSERT INTO `POLICY_DEF` (`POLICY_DEF_ID`, `NAME`, `DESCRIPTION`, `POLICY_TYPE`, `LOCATION_TYPE`, `POLICY_RULE`, `POLICY_HANDLER`, `POLICY_ADVISE_HANDLER`) VALUES 
	('100','PASSWORD POLICY','Out of the box Password Policy','2','DB',NULL,NULL,NULL),
	('103','AUTHENTICATION POLICY','Out of the box Authentication Policy','4','DB',NULL,NULL,NULL),
	('104','ATTRIBUTE POLICY','Attribute value policies.','5','DB',NULL,NULL,NULL);

INSERT INTO `POLICY_OBJECT_ASSOC` (`POLICY_OBJECT_ID`, `POLICY_ID`, `ASSOCIATION_LEVEL`, `ASSOCIATION_VALUE`, `OBJECT_TYPE`, `OBJECT_ID`, `PARENT_ASSOC_ID`) VALUES 
	('1100','4000','GLOBAL','GLOBAL',NULL,NULL,NULL);

INSERT INTO `PROVISION_CONNECTOR` (`CONNECTOR_ID`, `NAME`, `METADATA_TYPE_ID`, `STD_COMPLIANCE_LEVEL`, `CLIENT_COMM_PROTOCOL`, `SERVICE_URL`, `SERVICE_NAMESPACE`, `SERVICE_PORT`, `SERVICE_WSDL`, `CLASS_NAME`, `HOST`, `PORT`, `CONNECTOR_INTERFACE`) VALUES 
	('100','PEOPLESOFT DB CONNECTOR',NULL,NULL,'CLEAR','localhost:9080/openiam-esb/idmsrvc/PeoplesoftDbConnector','http://www.openiam.org/service/connector','NA',NULL,NULL,NULL,NULL,'LOCAL'),
	('51','LDAP CONNECTOR','LDAP_Connector',NULL,NULL,'localhost:8080/openiam-idm-esb/idmsrvc/LDAPConnectorService','http://www.openiam.org/service/connector','LDAPConnectorServicePort',NULL,NULL,NULL,NULL,NULL),
	('54','Google Apps CONNECTOR','GOOGLE_Connector',NULL,NULL,'localhost:8080/openiam-idm-esb/idmsrvc/GoogleAppsConnectorService','http://www.openiam.org/service/connector','GoogleAppsConnectorServicePort',NULL,NULL,NULL,NULL,NULL),
	('61','AppTableConnector',NULL,NULL,'CLEAR','localhost:9080/openiam-esb/idmsrvc/ApplicationTablesConnector','http://www.openiam.org/service/connector','NA',NULL,NULL,NULL,NULL,'LOCAL'),
	('62','Groovy Script CONNECTOR','SCRIPT_Connector',NULL,'CLEAR','localhost:9080/openiam-esb/idmsrvc/ScriptConnectorService','http://www.openiam.org/service/connector','NA',NULL,NULL,NULL,NULL,NULL),
	('63','Linux CONNECTOR','LINUX_Connector',NULL,NULL,'localhost:8080/openiam-idm-esb/idmsrvc/LinuxConnectorService','http://www.openiam.org/service/connector','NA',NULL,NULL,NULL,NULL,NULL),
	('64','MySQL CONNECTOR','MySQL Connector',NULL,NULL,'localhost:8080/openiam-idm-esb/idmsrvc/MySQLConnector','http://www.openiam.org/service/connector','NA',NULL,NULL,NULL,NULL,NULL),
	('65','Oracle CONNECTOR','DB_Connector',NULL,NULL,'localhost:8080/openiam-idm-esb/idmsrvc/OracleConnector','http://www.openiam.org/service/connector','NA',NULL,NULL,NULL,NULL,NULL);

INSERT INTO `RECONCILIATION_CONFIG` (`RECON_CONFIG_ID`, `RESOURCE_ID`, `FREQUENCY`, `STATUS`, `CSV_LINE_SEPARATOR`, `CSV_END_OF_LINE`, `NOTIFICATION_EMAIL_ADDRESS`, `TARGET_SYS_MATCH_SCRIPT`, `MANUAL_RECONCILIATION_FLAG`, `CUSTOM_IDENTITY_MATCH_SCRIPT`, `MATCH_FIELD_NAME`, `CUSTOM_MATCH_ATTR`, `CUSTOM_MATCH_SRC_ATTR`, `MANAGED_SYS_ID`, `SEARCH_FILTER`, `UPDATED_SINCE`, `TARGET_SYS_SEARCH_FILTER`, `MATCH_SCRIPT`, `EXEC_STATUS`, `LAST_EXEC_TIME`) VALUES 
	('4028b881373b90e501373b92ec180001','101','NIGHTLY','ACTIVE','comma','enter',NULL,NULL,'N',NULL,NULL,NULL,NULL,NULL,NULL,NULL,NULL,NULL,NULL,NULL);

INSERT INTO `RECON_RES_ATTR_MAP` (`RECON_RES_ATTR_MAP_ID`, `ATTR_POLICY_ID`, `DEF_RECON_ATTR_MAP_ID`) VALUES 
	('1','4501',NULL),
	('10','4510',NULL),
	('11','4511',NULL),
	('12','4512',NULL),
	('13','4513',NULL),
	('14','4515',NULL),
	('15','4516',NULL),
	('16','4517',NULL),
	('17','4518',NULL),
	('18','4521',NULL),
	('19','4522',NULL),
	('2','4502',NULL),
	('20','4514',NULL),
	('21','4546',NULL),
	('22','4562',NULL),
	('23','4563',NULL),
	('24','4564',NULL),
	('26','4600',NULL),
	('27','4601',NULL),
	('28','4602',NULL),
	('29','4603',NULL),
	('3','4503',NULL),
	('30','4632',NULL),
	('31','4630',NULL),
	('32','4506',NULL),
	('33','4631',NULL),
	('34','4517',NULL),
	('35','4633',NULL),
	('36','4634',NULL),
	('37','4635',NULL),
	('38','4636',NULL),
	('39','4637',NULL),
	('4','4504',NULL),
	('40','4639',NULL),
	('41','4640',NULL),
	('42','4642',NULL),
	('43','4643',NULL),
	('44','4644',NULL),
	('45','4645',NULL),
	('46','4646',NULL),
	('47','4650',NULL),
	('48','4651',NULL),
	('49','4653',NULL),
	('5','4505',NULL),
	('50','4654',NULL),
	('51','4655',NULL),
	('52','4656',NULL),
	('53','4600',NULL),
	('54','4603',NULL),
	('55','4562',NULL),
	('56','4514',NULL),
	('57','4506',NULL),
	('58','4509',NULL),
	('59','4511',NULL),
	('6','4506',NULL),
	('60','4513',NULL),
	('61','4516',NULL),
	('62','4658',NULL),
	('63','4540',NULL),
	('64','4659',NULL),
	('65','4562',NULL),
	('66','4509',NULL),
	('67','4601',NULL),
	('68','4602',NULL),
	('69','4543',NULL),
	('7','4507',NULL),
	('70','4541',NULL),
	('71','4660',NULL),
	('72','4661',NULL),
	('73','4662',NULL),
	('74','4663',NULL),
	('75','5000',NULL),
	('76','5001',NULL),
	('77','5002',NULL),
	('8','4508',NULL),
	('9','4509',NULL);

INSERT INTO `REPORT_INFO` (`REPORT_INFO_ID`, `REPORT_NAME`, `DATASOURCE_FILE_PATH`, `REPORT_FILE_PATH`, `BUILT_IN`) VALUES 
	('101','USER_REPORT','UserReport.groovy','UserReport.rptdesign','Y'),
	('102','AUDIT_REPORT','AuditReport.groovy','AuditReport.rptdesign','Y'),
	('103','RECONCILIATION_REPORT','ReconciliationReport.groovy','ReconciliationReport.rptdesign','Y'),
	('104','SYNCHRONIZATION_REPORT','SynchronizationReport.groovy','SynchronizationReport.rptdesign','Y');

INSERT INTO `REPORT_PARAMETER_METATYPE` (`PARAM_METATYPE_ID`, `PARAM_METATYPE_NAME`, `IS_MULTIPLE`) VALUES 
	('ACTION','Audit action','Y'),
	('GROUP','Group','Y'),
	('MANAGED_SYSTEM','Managed system','Y'),
	('ORGANIZATION','Organization','N'),
	('ROLE','Role','Y'),
	('SUPERVISOR','Supervisor','Y'),
	('USER','User','Y'),
	('USER_SEC_STATUS','User secondary status','Y'),
	('USER_STATUS','User status','Y');

INSERT INTO `REPORT_PARAMETER_TYPE` (`RCPT_ID`, `TYPE_NAME`, `TYPE_DESCRIPTION`) VALUES 
	('1','STRING','String'),
	('2','DATE','Date'),
	('3','INTEGER','Integer');

INSERT INTO `RESOURCE_TYPE` (`RESOURCE_TYPE_ID`, `DESCRIPTION`, `PROVISION_RESOURCE`, `PROCESS_NAME`, `SUPPORTS_HIERARCHY`, `SEARCHABLE`, `URL`, `IMAGE_TYPE`) VALUES 
	('ADMIN_RESOURCE','Admin Resource',NULL,NULL,'N','Y','iVBORw0KGgoAAAANSUhEUgAAABAAAAAQCAYAAAAf8/9hAAAABmJLR0QA/wD/AP+gvaeTAAAACXBIWXMAAA3XAAAN1wFCKJt4AAAAB3RJTUUH3gEHFCs3kbWVPAAAAwRJREFUOMuFk19IW3cUxz/3xuTGpJ1Y0WUxf2B1NtsQBMvWZA+DInvoHpywFxm0T0JfOgp7kL0WWtjYw9Y99N2NgnuRCUMwOofGmXQT3MJdiEbRmpCIayq5We69v1+Su4cRkbGy79P5Hs73C4fzPfACJJPJW5VKxSyXy2Yqlbr3ojn1PJmbm5vu1O12e6y/v9/b19fndbvdVzv9paWlm//ptLm5+bMQwtna2krl8/njRqPhGIbhGIbhmKbpFAoFc3t7+wfLspyDg4PDjk4BmJ2dvT0xMfFISomqqrhcLqrVKnt7e7TbbcLhMMFgECklzWYTRVHIZrNfjY+P31U6TplMJh0Khd7WNI10Oo3X6yUajQIKpVKRk5MTEokEtm1zfHxcjMfjYYCujoGUckhKSS6XIxZ7HYDSye84OFy6dJlgcJBsNsvg4CBCiNDZChsbGx8JId4KBAIfq6rK6ekpFy/28mT/S67Fr+F2e/gls0bEGqHVUnEcjQuDb2CY5mNN0zZcU1NTv/b09CQURUFVVUBB31vBCszTclk8t/Y5ymzwwdXvWHxY5J13j8gsnxIaGR2xbft91bZthBBIKfH5fLRaLRqNBs+tP0kdrfPT4RoepYzLaTDxyVMCiQhK4w+EEAghUIUQX9RqtaSUEsuy6PZ6eTUQZ/9Jk7btot5wUzyUoMIrb55AVxeWDfV6PW0YxiPlXECE3+93x2Ixcrk8hd08m/q3qF1NhvreY/TZ51y/Y/Lb2hiF+i0+nL7tAeTZFWq1WtLj8dzQdZ3h4WFUVeFK7D5ujxu/z0fpRy8t81MMc4DuYDgPyLMoz8/P34xGozc0TcPn81Eul4lEwgwNXSYaidDb24tzwU/TBLUJAwMDVxYXFx+cGUxOTn5jmmapu7ubdrtdVBSFWq1GpVKhXC5TrVbxB8LYf/0jEUJYy8vLn/37HZTV1dWHHbKysvJY13VH13VnfX09dfdlRp9973Fmp6/rMzMzPfwfFhYW7uzu7jo7OztOMpn8GuD+a76xl0A7P/c3vwJuLRaz1L8AAAAASUVORK5CYII=','png'),
	('AUTH_PROVIDER','Authentication Provider',NULL,NULL,'Y','Y','iVBORw0KGgoAAAANSUhEUgAAABAAAAAQCAYAAAAf8/9hAAAABGdBTUEAAK/INwWK6QAAAAZiS0dEAAAAAAAA+UO7fwAAAAlwSFlzAAAASAAAAEgARslrPgAAAAl2cEFnAAAAEAAAABAAXMatwwAAAuBJREFUOMulU11IU2EYfr5zzuYwp+Yf+ZPOKObyl1lmEV4kZt1EijECgyikuyIiiFC68aYfoug2kO66kYqgFIPyN9GT29BUjrjppnNz/5uenblz9nVhLaxLX3hvXt7n4eF53pdQSrGf4gDAZLoF8q5PX1Ce22loLG3Vnyg75lxyL80MCV9si56H2f+AmN/dR+kuAQAYazPvVd+50bWTXg51fgzNl4MnGxsCxlcPRG8aJVGqJJOUEkpAIEYTwa1Y7H1KAQBsSFls9o4BsSCBw3UALs8R5Gkn2N6Breccy4JQCioTsBxBYHkHb7oD/QA6OACglJYpZ9qN9mU3aqoqoNVqQBgWgXgPhMVrqNfZEFoFuDRgcxVITwcSW4w/paC62vDteFWlzsybsb0dQUvLaYyO8giGvNjkD4tvP3sfSV7JrlHk/GAMvAYoiyLZnyKQpNicmuN0pxrrkZenhSSJqK2twPDwJHKbe9Tr2RbjqtnyIelyLGmUOBIOG6+K+FKGYm1to8/r9UCl0gAgCIXCkKQYJCkOjYZwrRearl65bporbWl5Ga80HpLOt+1JBNvb0se5ufn+UMgPUUxgfd2P5eVVWK0/x6anf1idjhUUFxaoOy613j7bUDdNCCnZQwAg4XR6unh+ZkwQFkGpAq02Ezpd8Q7PzzeMjEw9Gxr6OhEMBlBZqS/Jysxoky+asCdGgAbtdleTx+O/GYlEnlRVVR+sqTGcEwR7p88Xuu/3hzmfL/CU41RuSYoProjRvwo4TgUAYFmGimL8tcUimKxWSyIjQ4u6OkMvgByOY2WfL3zX7fY+VhRFGB/+9JdgfHwQKpUahBAwDIEsK0MOx8aAICxBrz9aWFRU0C3LCmFZBizL/nfWWFuzYWHBvDtgGBAC+P3RdrPZKsiyjJycrFZCCEmBGAYMw+wxERbLd8zOTiESCQEACCFyOBx7MTIyuRgIRHgAyT/gzU0Xksnk7t5+3/kXA01Zlqy1T94AAAAldEVYdGNyZWF0ZS1kYXRlADIwMDktMTEtMTVUMTY6MDg6NDEtMDc6MDAkruHgAAAAJXRFWHRkYXRlOmNyZWF0ZQAyMDEwLTAxLTExVDA5OjE4OjM2LTA3OjAwd0j55AAAACV0RVh0ZGF0ZTptb2RpZnkAMjAxMC0wMS0xMVQwOToxODozNi0wNzowMAYVQVgAAAA1dEVYdExpY2Vuc2UAaHR0cDovL2NyZWF0aXZlY29tbW9ucy5vcmcvbGljZW5zZXMvTEdQTC8yLjEvO8G0GAAAACV0RVh0bW9kaWZ5LWRhdGUAMjAwOS0xMS0xNVQxNjowODo0MS0wNzowMHsfl9QAAAAZdEVYdFNvZnR3YXJlAEFkb2JlIEltYWdlUmVhZHlxyWU8AAAADXRFWHRTb3VyY2UATnV2b2xhrE818QAAADR0RVh0U291cmNlX1VSTABodHRwOi8vd3d3Lmljb24ta2luZy5jb20vcHJvamVjdHMvbnV2b2xhL3Y9tFIAAAAASUVORK5CYII=','png'),
	('AUTH_REPO','Authentication Repository',NULL,NULL,'Y','Y','iVBORw0KGgoAAAANSUhEUgAAABAAAAAQCAYAAAAf8/9hAAAKPWlDQ1BpY2MAAHjanVNnVFPpFj333vRCS4iAlEtvUhUIIFJCi4AUkSYqIQkQSoghodkVUcERRUUEG8igiAOOjoCMFVEsDIoK2AfkIaKOg6OIisr74Xuja9a89+bN/rXXPues852zzwfACAyWSDNRNYAMqUIeEeCDx8TG4eQuQIEKJHAAEAizZCFz/SMBAPh+PDwrIsAHvgABeNMLCADATZvAMByH/w/qQplcAYCEAcB0kThLCIAUAEB6jkKmAEBGAYCdmCZTAKAEAGDLY2LjAFAtAGAnf+bTAICd+Jl7AQBblCEVAaCRACATZYhEAGg7AKzPVopFAFgwABRmS8Q5ANgtADBJV2ZIALC3AMDOEAuyAAgMADBRiIUpAAR7AGDIIyN4AISZABRG8lc88SuuEOcqAAB4mbI8uSQ5RYFbCC1xB1dXLh4ozkkXKxQ2YQJhmkAuwnmZGTKBNA/g88wAAKCRFRHgg/P9eM4Ors7ONo62Dl8t6r8G/yJiYuP+5c+rcEAAAOF0ftH+LC+zGoA7BoBt/qIl7gRoXgugdfeLZrIPQLUAoOnaV/Nw+H48PEWhkLnZ2eXk5NhKxEJbYcpXff5nwl/AV/1s+X48/Pf14L7iJIEyXYFHBPjgwsz0TKUcz5IJhGLc5o9H/LcL//wd0yLESWK5WCoU41EScY5EmozzMqUiiUKSKcUl0v9k4t8s+wM+3zUAsGo+AXuRLahdYwP2SycQWHTA4vcAAPK7b8HUKAgDgGiD4c93/+8//UegJQCAZkmScQAAXkQkLlTKsz/HCAAARKCBKrBBG/TBGCzABhzBBdzBC/xgNoRCJMTCQhBCCmSAHHJgKayCQiiGzbAdKmAv1EAdNMBRaIaTcA4uwlW4Dj1wD/phCJ7BKLyBCQRByAgTYSHaiAFiilgjjggXmYX4IcFIBBKLJCDJiBRRIkuRNUgxUopUIFVIHfI9cgI5h1xGupE7yAAygvyGvEcxlIGyUT3UDLVDuag3GoRGogvQZHQxmo8WoJvQcrQaPYw2oefQq2gP2o8+Q8cwwOgYBzPEbDAuxsNCsTgsCZNjy7EirAyrxhqwVqwDu4n1Y8+xdwQSgUXACTYEd0IgYR5BSFhMWE7YSKggHCQ0EdoJNwkDhFHCJyKTqEu0JroR+cQYYjIxh1hILCPWEo8TLxB7iEPENyQSiUMyJ7mQAkmxpFTSEtJG0m5SI+ksqZs0SBojk8naZGuyBzmULCAryIXkneTD5DPkG+Qh8lsKnWJAcaT4U+IoUspqShnlEOU05QZlmDJBVaOaUt2ooVQRNY9aQq2htlKvUYeoEzR1mjnNgxZJS6WtopXTGmgXaPdpr+h0uhHdlR5Ol9BX0svpR+iX6AP0dwwNhhWDx4hnKBmbGAcYZxl3GK+YTKYZ04sZx1QwNzHrmOeZD5lvVVgqtip8FZHKCpVKlSaVGyovVKmqpqreqgtV81XLVI+pXlN9rkZVM1PjqQnUlqtVqp1Q61MbU2epO6iHqmeob1Q/pH5Z/YkGWcNMw09DpFGgsV/jvMYgC2MZs3gsIWsNq4Z1gTXEJrHN2Xx2KruY/R27iz2qqaE5QzNKM1ezUvOUZj8H45hx+Jx0TgnnKKeX836K3hTvKeIpG6Y0TLkxZVxrqpaXllirSKtRq0frvTau7aedpr1Fu1n7gQ5Bx0onXCdHZ4/OBZ3nU9lT3acKpxZNPTr1ri6qa6UbobtEd79up+6Ynr5egJ5Mb6feeb3n+hx9L/1U/W36p/VHDFgGswwkBtsMzhg8xTVxbzwdL8fb8VFDXcNAQ6VhlWGX4YSRudE8o9VGjUYPjGnGXOMk423GbcajJgYmISZLTepN7ppSTbmmKaY7TDtMx83MzaLN1pk1mz0x1zLnm+eb15vft2BaeFostqi2uGVJsuRaplnutrxuhVo5WaVYVVpds0atna0l1rutu6cRp7lOk06rntZnw7Dxtsm2qbcZsOXYBtuutm22fWFnYhdnt8Wuw+6TvZN9un2N/T0HDYfZDqsdWh1+c7RyFDpWOt6azpzuP33F9JbpL2dYzxDP2DPjthPLKcRpnVOb00dnF2e5c4PziIuJS4LLLpc+Lpsbxt3IveRKdPVxXeF60vWdm7Obwu2o26/uNu5p7ofcn8w0nymeWTNz0MPIQ+BR5dE/C5+VMGvfrH5PQ0+BZ7XnIy9jL5FXrdewt6V3qvdh7xc+9j5yn+M+4zw33jLeWV/MN8C3yLfLT8Nvnl+F30N/I/9k/3r/0QCngCUBZwOJgUGBWwL7+Hp8Ib+OPzrbZfay2e1BjKC5QRVBj4KtguXBrSFoyOyQrSH355jOkc5pDoVQfujW0Adh5mGLw34MJ4WHhVeGP45wiFga0TGXNXfR3ENz30T6RJZE3ptnMU85ry1KNSo+qi5qPNo3ujS6P8YuZlnM1VidWElsSxw5LiquNm5svt/87fOH4p3iC+N7F5gvyF1weaHOwvSFpxapLhIsOpZATIhOOJTwQRAqqBaMJfITdyWOCnnCHcJnIi/RNtGI2ENcKh5O8kgqTXqS7JG8NXkkxTOlLOW5hCepkLxMDUzdmzqeFpp2IG0yPTq9MYOSkZBxQqohTZO2Z+pn5mZ2y6xlhbL+xW6Lty8elQfJa7OQrAVZLQq2QqboVFoo1yoHsmdlV2a/zYnKOZarnivN7cyzytuQN5zvn//tEsIS4ZK2pYZLVy0dWOa9rGo5sjxxedsK4xUFK4ZWBqw8uIq2Km3VT6vtV5eufr0mek1rgV7ByoLBtQFr6wtVCuWFfevc1+1dT1gvWd+1YfqGnRs+FYmKrhTbF5cVf9go3HjlG4dvyr+Z3JS0qavEuWTPZtJm6ebeLZ5bDpaql+aXDm4N2dq0Dd9WtO319kXbL5fNKNu7g7ZDuaO/PLi8ZafJzs07P1SkVPRU+lQ27tLdtWHX+G7R7ht7vPY07NXbW7z3/T7JvttVAVVN1WbVZftJ+7P3P66Jqun4lvttXa1ObXHtxwPSA/0HIw6217nU1R3SPVRSj9Yr60cOxx++/p3vdy0NNg1VjZzG4iNwRHnk6fcJ3/ceDTradox7rOEH0x92HWcdL2pCmvKaRptTmvtbYlu6T8w+0dbq3nr8R9sfD5w0PFl5SvNUyWna6YLTk2fyz4ydlZ19fi753GDborZ752PO32oPb++6EHTh0kX/i+c7vDvOXPK4dPKy2+UTV7hXmq86X23qdOo8/pPTT8e7nLuarrlca7nuer21e2b36RueN87d9L158Rb/1tWeOT3dvfN6b/fF9/XfFt1+cif9zsu72Xcn7q28T7xf9EDtQdlD3YfVP1v+3Njv3H9qwHeg89HcR/cGhYPP/pH1jw9DBY+Zj8uGDYbrnjg+OTniP3L96fynQ89kzyaeF/6i/suuFxYvfvjV69fO0ZjRoZfyl5O/bXyl/erA6xmv28bCxh6+yXgzMV70VvvtwXfcdx3vo98PT+R8IH8o/2j5sfVT0Kf7kxmTk/8EA5jz/Dou+7MAAAAGYktHRAD/AP8A/6C9p5MAAAAJcEhZcwAACxMAAAsTAQCanBgAAAAHdElNRQfeAQcUARBb1Ox/AAADE0lEQVQ4y22T3WubZRjGf8/zvPlom7RNwpK2KxPp3OZsZYy2fmCdTIdYlR04j/RgRx4Kng088dB/QHswD9WCiDCrIDgMFMeULptt7cRkznY1aVJJsywx70fe9709sI0gXufXdf1uuC/Ff1Qslh7XWp2LRCJPeJ53RER0LBYre173hh/4Vx89ceJH/k/FYun46tralcrOTmDbtvi+L0EQSBAE4vu+OI4j1WpNVtfW82sbt2cPfAqgVLrzWHmnsjx+eDwdjUbwgwAJQ5RoMEAIWiuMMYgIW/e23GRi6KVTp6byFsDq+vqHY2Oj6Xq9ju+HGKNQSqHUQYcgAiKCUYq+/oHY75t3LwNHLYDGXuOpVDpD5682Rmu0Niij0Urt2wERAhEkFOL9fYjIBIAFYNt298/dWsT3fYwxWMbCGI3SGqXYbw8JQiEMAmzHptlsSi9geHhI1Wq7pFIphAAERDTaGPbvoNuxiXZKWCbCXt2mb/QYABrAcRyVTCTwPJfBgQGGUynSmQypdIZ0JkMmk0HK9zg/9z6bVxaZn71F+fqy6hH0JxKyU6niuQ5Ga4aHhVYrIJkcQFsGu92h3/yCkQ4XLlUYmZ4jt/THvwQaZR2deJhabZfl76+hjMVILkvXcbHbHQYHB7GdFGg4PLUHlkXHEXoEjUaj1Wzq9PT0aZTS3Cn+irY0ruODCH0DMRyd49vLCc6943Hji2t0s6+E8OU/ARu3N269PD///NJXX6PQXLz4Jrlcjmq1BkFIJnuIdqvNJ+/lOWvnedDJUu1KsUdw9rkzC4VCYfbZuWeSrufy3dU88f44ruuDFuKxGK7r8tDJk/h2nk6zLccfmfig98phGOZWVlZe/3Txs3cFPXLhtfNkD2V50LpPGEIymaR5v8HS4sdceuMjfvrhye2Zt745E4/Ht639TdRnZmY+n5yc3C7cvPlqpVx+eq9eH2+1O7EwFIaGEp7nurunj02U/Bovbl7fK8y9HS9rrX11sKowDBUQBdLAWLfbHQ18f0hAGWNa0Wi0BpQXXpg6svBbu/Dz1pYD8DcBv3chtafXRwAAAABJRU5ErkJggg==','png'),
	('CONTENT_PROVIDER','Content Provider',NULL,NULL,'Y','Y','iVBORw0KGgoAAAANSUhEUgAAABAAAAAQCAYAAAAf8/9hAAAABGdBTUEAAK/INwWK6QAAAAZiS0dEAAAAAAAA+UO7fwAAAAlwSFlzAAAASAAAAEgARslrPgAAAAl2cEFnAAAAEAAAABAAXMatwwAAA5NJREFUOMtN0VtPm2UAB/D/877P+7R9Dz239KAM3zkKQ2EgQ6IZY2RbopuJJovxziujxktv/ACLiZ9Ar/RiyRLjhcsS1IsNt2RhgymsI2sLlHIorLTQc+nhPXphTPx9hR8BgKHZ75DJHLC5S2ffHD0bu/Fq1HPFLTtVjiOk29O3j8qte5ns4S+/3Vt7PjIY7T2++zX+Q9jgN7AqTcdHH09/cHUm8dXESOytgFeUHYwSSnkYhmlX6p2TzFZp9cGTze9v3f7zTo96Op30TQAAb7qnhdmZkWvvzw5/e340PinwlqPe6hDdMMGYAEI44mCU+T3SKUrpubZuv3yRSq/bjaQF2KDqK6FEf8z/hSLxg9ntfXQ1Ezxl6I8FwBMOpmUDIOB5injYqw7EQ1+q/fFUNm8+BwDOq7iul6vNqWR6l6xtHiNf7EKWJPQFPXA4GAghsG2g2zVgWiAeRZ6IhH1XIU0LAMCJLnZR0zQlt1dFLl9HvlAHIQSSU4DoYlAkF3ieR+uki0KxCl0zJUVyTcrBAQUAaCzkGRg+HeE5zsT6dh5rmTLKtTaSqTxmplSo/WFYFlCutfFkZRP5wgmpNttRyqgMoEIZo4YkOu1wUCSdTgNLyR1s5etYTu7CsmzE+/xotTU8+juHxWc5CFRC8bgGXe8AAKimaeuapideHpaF1dQBynUNpk3R6QKp7BEKpSZy6/tYW3gEn0PA6PkEmBBAYbdHPvv0Mfjo61cCjAnTT5MZ6dl6ERYEMIFCELh/R3o9xJ7OY666gHHVjbHLU4Zf6q1QXltUVdXiqWesbFjc6eN6Z9iwwCmyCK/bBa8ighACz8EWPlHSGJrrAz/5LrRiVm8vPUyPXbvxRrlWG+LLJ1JTcMolcMJwwOeOxcMeLhxUEPTJCEgUl5pZvBM10T0TwYmLwY0K71bH1OM2xL9WVv/gncFxu7izvO8L9GW9iihHQt5wPOxxhPwKF3TxeLuShsoZcAYo3GELTfcAaUASWgvzq9u3bv/AG40UoonrtlG6vyeK3mWXg9ugxCp6KgWblfYaicOUHm8eKRyVwYku2JIAt12FvLtXbGyVfucBoFVagT8+aSfGP6z9+uPna7puPriwdDcT3liEt1eFT2QhXmAMugO03TO6B6XjjRf5+Yfbh/cJ/iccO4PBkYsI+COY+Pkms1yO1xRJPHUu3veeLxK8YHsVWraxnzuqLizn8nd+2j3Y+QcjV4VtW4vPBAAAACV0RVh0ZGF0ZTpjcmVhdGUAMjAxMC0wMi0yM1QxODoxNDoxMy0wNzowMEqc8Q0AAAAldEVYdGRhdGU6bW9kaWZ5ADIwMTAtMDItMjNUMTg6MTQ6MTMtMDc6MDA7wUmxAAAANXRFWHRMaWNlbnNlAGh0dHA6Ly9jcmVhdGl2ZWNvbW1vbnMub3JnL2xpY2Vuc2VzL0xHUEwvMi4xLzvBtBgAAAAUdEVYdFNvdXJjZQBDcnlzdGFsIENsZWFy9eLnqAAAADp0RVh0U291cmNlX1VSTABodHRwOi8vY29tbW9ucy53aWtpbWVkaWEub3JnL3dpa2kvQ3J5c3RhbF9DbGVhcq++RWMAAAAASUVORK5CYII=','png'),
	('MANAGED_SYS','Managed Systems',1,NULL,'Y','Y','iVBORw0KGgoAAAANSUhEUgAAABAAAAAQCAYAAAAf8/9hAAAABmJLR0QAAAAAAAD5Q7t/AAAACXBIWXMAABuvAAAbrwFeGpEcAAAACXZwQWcAAAAQAAAAEABcxq3DAAADNElEQVQ4y3VTT0wjdRh9M79fpm1KaaEUisSCXQo1xPXg7kq4GZaEcFADBy0BEgGDid49qOFi1uwJE0P8E0Ig2VSSDZJoohgIK3qpyga3ON2lsN1ZCG1lGNpu0+nMr52OB6U2Ub/L917yve/wvfdx+J9aXV291tXV9SbHcdjb2/siFAr9+l9zfC2ZmJjw+nw+AIBhGP2BQGC6s7NzmhByHQDa2towOzvrrdVwF2B+fv6VoaGhFVEUb9lsNub3+0c9Ho8LAGRZzkqSFHa73ZampqbRSCTy+vDw8NfVLePj495oNFrM5XKmqqqmqqpmoVAwFUUxZVk2z8/PqziVSpnRaFQNhUJeAKAAsL29nR4ZGbnldrunGxoacKpkETs4hsYMMFYGTANBvxfNbidUVUUsFgtvbm6mqwuOjo5QLBbLuq4jfijhXjwFSil0VkKpXIGm6YhL99D/YgB2K4Gqqrosy3/dYG1t7arL5bouCMK7Ho/HufVzHE/UMnqf70BLox2/RBMQE2fI5PJodAgY7n8OmqblSqXSzWw2u8kXi8WZurq6G3a73WkYBnZ+l5CU82huboG7sQEv9fbgjVd7obEKftqJw2KxoL6+3ulwOG4UCoUZXlVVMMZQKpVQLpfx7Z27+GHnEAXNuLAT5yqH6OEpHh2fgud5MMbAGIOmaSB9fX2njLFjQsgLgiBYpGQGx3/kEQhcgsvpxI/3iwh/L0J69BBXnm1F7+V2KIryRJKkj9Lp9O1qDhYXFz8LBoMzmbyOdz5cQYuvG1euXkPZMPDb3R3IJw/x6ewoHDaCWCz2+dTU1FvVJPp8PlBKqa7rcNgIPnnvNficDBvf3Mad777CM+4KVj5+G92XngYhBIQQ2tHR8U8SJycnnxobG0vY7XYLpRSUUvA8X+0AwHEcTNOErus4OzvTFxYW/OFwOEkAYHd3N9/T0xNvbW19OZFIfKkoSsRqtQYEQbBWKhVkMpnc/v7+8snJyQOLxdIdiUQm5ubmIv/6rMHBwXZKKQ8AS0tLH4iiaIqiaC4vL78PAIQQfmBgoL1WQ2vJ+vr64wucSqW2Dg4OggCQTCa3/ra0srGx8bhW8yeDMIRDF0yzwwAAACV0RVh0Y3JlYXRlLWRhdGUAMjAwOS0xMS0xNVQxNzowMjozNC0wNzowMLbnjhIAAAAldEVYdGRhdGU6Y3JlYXRlADIwMTAtMDItMjBUMjM6MjY6MTgtMDc6MDBn7D1BAAAAJXRFWHRkYXRlOm1vZGlmeQAyMDEwLTAxLTExVDA5OjI0OjM1LTA3OjAwtCPdSgAAAGd0RVh0TGljZW5zZQBodHRwOi8vY3JlYXRpdmVjb21tb25zLm9yZy9saWNlbnNlcy9ieS1zYS8zLjAvIG9yIGh0dHA6Ly9jcmVhdGl2ZWNvbW1vbnMub3JnL2xpY2Vuc2VzL0xHUEwvMi4xL1uPPGMAAAAldEVYdG1vZGlmeS1kYXRlADIwMDktMDMtMTlUMTA6NTI6NTEtMDY6MDB/aP0GAAAAE3RFWHRTb3VyY2UAT3h5Z2VuIEljb25z7Biu6AAAACd0RVh0U291cmNlX1VSTABodHRwOi8vd3d3Lm94eWdlbi1pY29ucy5vcmcv7zeqywAAAABJRU5ErkJggg==','png'),
	('MENU_ITEM','Menus',NULL,NULL,'Y','N','iVBORw0KGgoAAAANSUhEUgAAABAAAAAQCAYAAAAf8/9hAAACrElEQVR4XoXTX0hTURwH8O+9XjfXJm2rKMgiSEYYEW1GOQT/PDTdq4T2ED1EBdVTj72UT4NMwoTAjB4kRBuOZM4pFBlS5CpiQ4OM0G1t15EpY3+8d7v3ns7dLkMk6QOXwz2H8z2/e+45DCEEDMOccblcx7mqKk5WFAUgBBUMQ/vZbC6Xm5ub84NqaWmBiud5QAuwkf8IBKZkUM6mJjidTjQ3N6O+vh4sUAop5gpFIgHYIkBOfZRKC9/0DI4crkufbGhozGQydlrM2Xw+3yQIgo1DGfGtimQ4wTDSVk4NBAgAhgZKCkgki7D7tGVxaekTtvF5X37goIkmNzE/nwPErDaZKbeKjD2p31AIwDLYDqn19Wwl4KZjP26dr4NUlKAiRIYgiChkM/C+WoAvJmJoWUC1mgmAM+3FCm+uqQSYDRxYjgFqqlFWBX4zgU0+BogZLMfTeP0mrnaXGc3AN55hoZFkRVtZgSRJiMcSePs+hHefwziwz0ortOLnnRNYvH4UX64cxOJlM+6eKgrlDQOOiaIoE00qlSIjIy/I48FBEolEyOjoKPmX50NPPrLQFAoFBdQav4bp4Aw2Nv6grbUVVqu1VNHw8NO82+2+1tHhuupyXbjh7uy87Xn4qJeDRq/Xo1gs4ms4DFEQ4HZ3libT/4729naEQqGNYDD4rKurC7IsQ6XT6aEFoBCNxpRkMolf8Tja2lphsVjUyWpl6kkFx3E6UBMTE+ju7oZ64ukJBwuqp+fSoUSS16XTaTp4ETabDQaDAbW1tTCZTDAajeq7CZrx8XE1ECzLAvfv9bqm/AHyoK9viw6s0AuzGggEopOTk1G6WnRsbCzq9XqTHo9nATvY7XbgnKPxO92QHwB0fr8fu+nv78dODocDKj0AFtTs7Cx2MzAwsO2CM5WAv/Vmfkv6rZhdAAAAAElFTkSuQmCC','png'),
	('SYS_ACTION','System Action',0,NULL,'Y','Y','iVBORw0KGgoAAAANSUhEUgAAABAAAAAQCAYAAAAf8/9hAAAABGdBTUEAALGPC/xhBQAAAAFzUkdCAK7OHOkAAAAgY0hSTQAAeiYAAICEAAD6AAAAgOgAAHUwAADqYAAAOpgAABdwnLpRPAAAAAZiS0dEAAAAAAAA+UO7fwAAAAlwSFlzAAAN1wAADdcBQiibeAAAAAl2cEFnAAAAEAAAABAAXMatwwAAAzlJREFUOMuNk11sU3UYxn89bUe3tZNuZSYDFjNYmKGLsOAUAku6zWxzcmNZwC1ZQoIxYhTjjVygGM2cNwZ0kY9NhRBogrKEmOk+KNtcaSUoS6zCNMRFA2vLuq6no+s5Zz2nf29ggYQLnqs3b/I8b/Lm98Bj5PP5dsTjcWV2dlbx+Xx199f53Z91bzt48P1yACHEo6aRkZFXAoFAB0AgEOjRdV0YhiGuXAkd7e///oiqZER6MS3+mb4lLvSf/wuwLZsHBgZ2plIpsbCwIKLRqNB1XWialstms7nh4SERjUXFUjYrQqGg2Lb1xWmgA1gBYAHIy8tzaZqGJElIksTg4CBLS0smi8XK6OgIbrebrKoip1J0dXV/4qn3nHtw3PRgCIfDoqioiBs3brKl5nnuJmbI5Qx+HBii2u1m+/YdyLJMRUXFSiAF8NHHHzxtCQaDW3Vdb3c4HMRiMTZUPkvo97Osq3YwOyOzeVMN1369SkXFOlavWS3OnjuTiESihxobG/f19fbdsqiq+nNxcbE1k8mIQnuhKSmnmNK7yM81czdeRuZOEZjM7PS28cvEZdP69ZWSoqjdSkbh+PEThyRVVYWmaSiKgsPuQFM1Uosyg5NjPLemg5rNmxi+dJmXGuqZCAQpLy83xaJRXvV6+6uqqr4ze73eoGEYqs1m2+JyuVAUjanrc7zVcB6zZKaqqhKXy8W1qyEKbPn09vZNXbz4w8lYNPr23NycsfzE8fFx4XQ6SSaT2O2FfHj4MHV1dTTUN+D3+ykrK6O0tJSWlhYJWKZIug/RHovFyvXJ30gk4+xqa8PpdNLa+jKRyAydnZ3U1tZSUlKC3+9/7WEAJYBIJGYL/zFJRlnk9X1vUFCQz/79bzI2OiY2bnQzPz+PYRhYrVY0TdMeCdi9e9fKZGr2aCI5L471nGCVaxWfdncxPjYumptbTJFI5Fh1dbUpHo/vTSQSba2trf0PB1iampoOpJX0U/9O/8faZ9bS3r6HwZ+G/n73wHsbzGYzsixfAPB4PKcfVzzT6TOn9urZpW/vpe9hLywkHP7zZs+XX70ApHkCmQCOfPH5yZQsN92+fWfim69PvQPIT2IG+B/FO35+VkPAygAAACV0RVh0Y3JlYXRlLWRhdGUAMjAwOS0xMS0xNVQxNzowMjozNC0wNzowMLbnjhIAAAAldEVYdGRhdGU6Y3JlYXRlADIwMTAtMDEtMTFUMDk6MjQ6MjQtMDc6MDCvo27cAAAAJXRFWHRkYXRlOm1vZGlmeQAyMDEwLTAxLTExVDA5OjI0OjI0LTA3OjAw3v7WYAAAAGd0RVh0TGljZW5zZQBodHRwOi8vY3JlYXRpdmVjb21tb25zLm9yZy9saWNlbnNlcy9ieS1zYS8zLjAvIG9yIGh0dHA6Ly9jcmVhdGl2ZWNvbW1vbnMub3JnL2xpY2Vuc2VzL0xHUEwvMi4xL1uPPGMAAAAldEVYdG1vZGlmeS1kYXRlADIwMDktMDgtMjdUMjE6NTE6MjYtMDY6MDAjJbvPAAAAE3RFWHRTb3VyY2UAT3h5Z2VuIEljb25z7Biu6AAAACd0RVh0U291cmNlX1VSTABodHRwOi8vd3d3Lm94eWdlbi1pY29ucy5vcmcv7zeqywAAAABJRU5ErkJggg==','png'),
	('UI_TEMPLATE','UI Template',NULL,NULL,'Y','Y','iVBORw0KGgoAAAANSUhEUgAAABAAAAAQCAYAAAAf8/9hAAAABmJLR0QA/wD/AP+gvaeTAAACzklEQVQ4jW2SzWtUZxTGn3PezzuZmzvXj9rJwkqDJabFUkEjLmpW7TZdZNVdIZSu3PgHDNRFwEXXumlrC0qyN+4sqBmIIFgS+jGdhVSKA3FCm8lM733v+75dJBml+MDZnIfzOw+HQ9evL3+ZNRqfAUBtYsJkk5O6Vqvb+kRN2yTRxlhtjVVaKyWE4KJ3c0LIktj3ft7rb7bln8+fn+/v7MwBRGmaUp7nnOc5O5dzA8RGW7LWcpZlbK2l3ssClh+ifjS/IMS5IQHA2r27f71z8lTTaI1hpwMVAhozM6ifOAEhxLiYGduda6jbNpTR2OlP3ZcAkGVZTIzB3vIyZqan4bRG+ewZXp45g7cuXkRZljDGgJnhqyF85aCMBoKPDABSStre3MSpLMPwxQv8cuQo1vMZbPcLEBGklGBmAAALDWKGryp4XxwAhODjs7N42G6j53bRe/9XFILgRAQRwXuPGCMAoHIDDHf/QVU5BO8OAEqRTVPM3rqFp8eOY/DA4WTD4cNP5wFgHB8AmDWkVPDOIfgyyv0EkkajEQKAC198BaUUlFIoigJKqYPBfYB3QxRhBA0L790BQO4DnHMwxsB7jxDCODYRjUEEBUSgciWCLw4BgpKkBu/9eLuUEsYYGGNARDiUr/bgRgPoJEEMfh/Q7++ERt74W0nFQGQiUIxRO1cKEComZiEEMTNAgkBEVeUQqiK+Qv9P3//wXXvq7amzjx6tp61WKxz2t9bO/qTt3mWpFMryyF1+0/Di4qK2NvkgTdMkO5bNve4RcQkf4J179Qev68rVK3MLCwvbg93BjY2Nx59cvvTx/ZWVlW8P/dINZPnvCJVzCK6Icn5+XjabzQYRTbLkxffePf1154/ffuz83n0SY2x2u92rS0tL39y5c/ujtbV7n/tqnXUtRyRG5Qt64w1arRZvbW2NvdXV1QAgAsDGbXkpgKaBAAZ1/wNbDyS1Uv4WmAAAAABJRU5ErkJggg==','png'),
	('UI_WIDGET','UI Widget',NULL,NULL,'Y','Y','iVBORw0KGgoAAAANSUhEUgAAABAAAAAQCAYAAAAf8/9hAAACaElEQVR4Xo2SX2iSURjGn08/3UzFgqIV/VsZWIwgumkadaFB6yIyIaKrRjdrwVhEBN0UFBR0Ewi76aIRDAajXcTKvGlF1JWtGmZ+bjUK0TnTRv7ZdN93Tt974IBIQT94PO8R3+d4zvMqnHMQ/YPXHAACAFT8Hx8ejdwvqGbjfgCDW7dsvti9Y1unxWIBIYzBQQsHfYgajDNYFQXOdZ3s9Ln+XuX2vQfFs+G+jU6nE/9i9rOGY0cOo9lsgjAMA6NjE0i8nxlXXS6Hw+PxIBaLgU4nhUIhdHV1QZLNF9FoNDA5OQlFUeD3+7G0VIQCbLDQF+l0GsFgELquw+12i+Z2lpeXMT09jWg0ilqtBsYNEBYTBAIBJJNJVKtVeL1eZLPZvxpEIhEMDw+jUChAoly/eTdxqu/4IavVCkkul0M+nzPN9oKut1gowuOyo1z+BUI3OLTMHL5o83ERY+/R0Ik7t27E3C4XaE+PJMUYk6lIgXA4HBh5+DguMvf1HFz0+XxY7/GQAb0FSdSymeKlfyljXllZAVqHplQqYTGfh6qqsNvtsNlsQh0dHbQXar0mY8yUYQg7mS1BJ8tampEJ1bpuIDO/AG3uG6ZevGQfZxKv2g0IOokapCgqkVDxZxkHevbBu3snatXfZS01+6TdgHKlYZF3Jok3eDr1HN27touBev3mbfPqlaELABakAV9bW4OEDEiyJgMaHtk8MHDpcr1WjXMTaaB9SmYaMiYyW11dRb1eR6VSESuDlY2NTyxFzoQj2R8Lo2avLg6QUZ0Mn99jUfgQwDeBQ0ELnBlMS6fefc2kngH4zmWTyR/tFUquTUg3IAAAAABJRU5ErkJggg==','png'),
	('URL_PATTERN','Url Pattern',NULL,NULL,'Y','Y','iVBORw0KGgoAAAANSUhEUgAAABAAAAAQCAYAAAAf8/9hAAACDElEQVR4XpWQP2gTYRjGn7sk9lIviZhBRLuJkw49apakawaRgDi7C0IWwUEKlW6SoVoXh6uDiUMTKmijaYvgkoBIlIB/eliHFtumFKElhFxyudzr970UE7DE+sDD8/ve93vf4zvFsiyq1WpoNpv4H2mahng8DmSzWWq1WuQ4DuULeU7mPPNRdXmfncvlCKZpygYXSqUS51+8XKLqwuxgnWfkLC+olMvsckX4iPzwbJrstQItz03x+dC8QIXQlVgM44YBXddhiDTGmWXyeX/Tgk/xY6RnQw/xHcTEjJSKAekn9T8c0vuMXheKsK/bEotDGBQ/oV6v066wzD73vXL/BvW+vKCv5p3D3q7M/hOi0SjCkQiCwVFERDKPMrNPnT0HTz2Bi/EErLm72C48wGkxI6XKt7quK1ksGOFk1jR8e/kQ26smIl4HShDoBnyYuHkNl69O4tP8NMLhMPzyZxSLRTQaDQwqqrk4b+/gzEQS6zsHIIXgFwsIAYAIdqeLZDIpeIjWl2aos7FE3fpbcrZWqLNZpPb3AtlrC7Q4c5sHVAyR6wHkOPxFQNjzmN12G2MXLkFq6IIx4zo+vnsN8no8qBAvgecKDmhg0T+0V31Flae3yPn5hjo/Fsn+/JzeP5mirWqV+6BjaHX+HjUO9qjnutT6tUGPH81y/dgL0uk0pVIpSiQmhRPMmUyGe78B5vckeH7oLeoAAAAASUVORK5CYII=','png');

INSERT INTO `SEQUENCE_GEN` (`ATTRIBUTE`, `NEXT_ID`) VALUES 
	('CATEGORY_ID',3000),
	('DOMAIN_ID',1000),
	('MANAGED_SYS_ID',100),
	('METADATA_ELEMENT_ID',2000),
	('METADATA_ID',3000),
	('METADATA_VALUE_ID',2000),
	('ORG_STRUCTURE_ID',200),
	('PRIVILEGE_ID',1001),
	('SERVICE_ID',1000),
	('TYPE_ID',1013);

INSERT INTO `SERVICE` (`SERVICE_ID`, `SERVICE_NAME`, `STATUS`, `LOCATION_IP_ADDRESS`, `COMPANY_OWNER_ID`, `START_DATE`, `END_DATE`, `LICENSE_KEY`, `SERVICE_TYPE`, `PARENT_SERVICE_ID`, `ROOT_RESOURCE_ID`, `ACCESS_CONTROL_MODEL`, `PARAM1`, `PARAM2`, `PARAM3`, `PARAM4`, `PARAM5`) VALUES 
	('USR_SEC_DOMAIN','USER SECURITY DOMAIN','ON-LINE',NULL,NULL,NULL,NULL,NULL,NULL,NULL,NULL,NULL,NULL,NULL,NULL,NULL,NULL);

INSERT INTO `STATUS` (`STATUS_CD`, `STATUS_TYPE`, `DESCRIPTION`, `CODE_GROUP`, `LANGUAGE_CD`, `COMPANY_OWNER_ID`, `SERVICE_ID`, `WEIGHT`) VALUES 
	('MANAGER','String','MANAGER','JOB_CODE','en','100','USR_SEC_DOMAIN',NULL),
	('SALES REP','String','SALES REP','JOB_CODE','en','100','USR_SEC_DOMAIN',NULL),
	('SECURITY MANAGER','String','SECURITY MANAGER','JOB_CODE','en','100','USR_SEC_DOMAIN',NULL),
	('SERVICE REP','String','SERVICE REP','JOB_CODE','en','100','USR_SEC_DOMAIN',NULL),
	('ACCNT','String','Account','OBJECT_TYPE','en','100','IDM',NULL),
	('ADMGP','String','Admin Group','OBJECT_TYPE','en','100','IDM',NULL),
	('ADMIN','String','Administrator','OBJECT_TYPE','en','100','IDM',NULL),
	('ATTR','String','Attribute','OBJECT_TYPE','en','100','IDM',NULL),
	('BL','String','DISABLE','OPERATION','en','100','IDM',NULL),
	('DL','String','DELETE','OPERATION','en','100','IDM',NULL),
	('RJ','String','REJECT','OPERATION','en','100','IDM',NULL),
	('UB','String','UN-DISABLE','OPERATION','en','100','IDM',NULL),
	('OFF-LINE','String','OFF-LINE','SERVICE_STATUS','en','100','IDM',NULL),
	('READY','String','READY','SERVICE_STATUS','en','100','IDM',NULL),
	('ACTIVE','String','ACTIVE','USER','en','100','IDM',NULL),
	('APPROVAL_DECLINED','String','APPROVAL_DECLINED','USER','en','100','IDM',NULL),
	('DELETED','String','DELETED','USER','en','100','IDM',NULL),
	('INACTIVE','String','INACTIVE','USER','en','100','IDM',NULL),
	('LEAVE','String','LEAVE','USER','en','100','IDM',NULL),
	('PENDING_APPROVAL','String','PENDING_APPROVAL','USER','en','100','IDM',NULL),
	('PENDING_INITIAL_LOGIN','String','PENDING_INITIAL_LOGIN','USER','en','100','IDM',NULL),
	('PENDING_START_DATE','String','PENDING_START_DATE','USER','en','100','IDM',NULL),
	('PENDING_USER_VALIDATION','String','PENDING_USER_VALIDATION','USER','en','100','IDM',NULL),
	('RETIRED','String','RETIRED','USER','en','100','IDM',NULL),
	('TERMINATE','String','TERMINATE','USER','en','100','IDM',NULL),
	('DISABLED','String','DISABLED','USER_2ND_STATUS','en','100','IDM',NULL),
	('LOCKED','String','LOCKED','USER_2ND_STATUS','en','100','IDM',NULL),
	('LOCKED_ADMIN','String','LOCKED_ADMIN','USER_2ND_STATUS','en','100','IDM',NULL),
	('AFFILIATE','String','AFFILIATE','USER_TYPE','en','100','USR_SEC_DOMAIN',NULL),
	('CONTRACTOR','String','CONTRACTOR','USER_TYPE','en','100','USR_SEC_DOMAIN',NULL),
	('PERM FULL TIME','String','PERMANENT FULL TIME','USER_TYPE','en','100','USR_SEC_DOMAIN',NULL),
	('PERM PART TIME','String','PERMANENT PART TIME','USER_TYPE','en','100','USR_SEC_DOMAIN',NULL),
	('SYS ACCOUNT','String','SYSTEM ACCOUNT','USER_TYPE','en','100','USR_SEC_DOMAIN',NULL),
	('VENDOR','String','VENDOR','USER_TYPE','en','100','USR_SEC_DOMAIN',NULL);

INSERT INTO `UI_TEMPLATE_TYPE` (`TEMPLATE_TYPE_ID`, `NAME`, `DESCRIPTION`) VALUES 
	('USER_TEMPLATE','User Page Tempate','Template for SelfService User-centric pages');

INSERT INTO `URI_PATTERN_META_TYPE` (`URI_PATTERN_META_TYPE_ID`, `METADATA_TYPE_NAME`, `SPRING_BEAN_NAME`) VALUES 
	('cookieURIPatternRule','Set Cookie','cookieURIPatternRule'),
	('formPostURIPatternRule','Form Post Processor','formPostURIPatternRule'),
	('headerURIPatternRule','Set Header','headerURIPatternRule'),
	('requestParamURIPatternRule','Set URI String Parameter','requestParamURIPatternRule');

INSERT INTO `AUTH_ATTRIBUTE` (`AUTH_ATTRIBUTE_ID`, `ATTRIBUTE_NAME`, `PROVIDER_TYPE`, `DESCRIPTION`, `REQUIRED`, `DATA_TYPE`, `DEFAULT_VALUE`) VALUES 
	('1','Request Issuer','SAML_PROVIDER','The Issuer element to look for in the SAMLRequest','Y','singleValue',NULL),
	('2','Response Issuer','SAML_PROVIDER','The Issuer element to send in the SAMLResponse.  Default is the SAML Login Page URL','N','singleValue',NULL),
	('3','Assertion Consumer URL','SAML_PROVIDER','Where the SAMLResponse will be POSTed to','Y','singleValue',NULL),
	('4','Audiences','SAML_PROVIDER','The Audience value(s) to send in the SAMLResponse','N','listValue',NULL),
	('AuthnContextClassRef','Authentication Context Class','SAML_PROVIDER','The Value of the AuthnContextClassRef attribute','N','singleValue','urn:oasis:names:tc:SAML:2.0:ac:classes:Password'),
	('METADATA_EXPOSED','Metdata Exposed','SAML_PROVIDER','Is the metadata for this SAML Provider exposed?  Some Service Providers require a URL that defines the Identity Provider Metadata','N','booleanValue',NULL),
	('NameIdFormat','Name ID Format','SAML_PROVIDER','The Value of the Format attribute in the NameID element','N','singleValue','urn:oasis:names:tc:SAML:1.1:nameid-format:emailAddress'),
	('NameQualifier','Name Qualifier','SAML_PROVIDER','Value of the NameQualifier attribute in the NameID element','N','singleValue',NULL),
	('SPNameQualifier','SP Name Qualifier','SAML_PROVIDER','Value of the SPNameQualifier attribute in the NameID element','N','singleValue',NULL);

INSERT INTO `AUTH_LEVEL_GROUPING` (`AUTH_LEVEL_GROUPING_ID`, `AUTH_LEVEL_ID`, `NAME`) VALUES 
	('KERB_AUTH','KERB_AUTH','Kerberos Authentication'),
	('NONE','NONE','None'),
	('PASSWORD_AUTH','PASSWORD_AUTH','Password Authentication');

INSERT INTO `CATEGORY_TYPE` (`CATEGORY_ID`, `TYPE_ID`) VALUES 
	('ACL','DIRECTORY'),
	('ACL','FILE'),
	('ACL','URL'),
	('CONNECTOR_TYPE','AD_Connector'),
	('CONNECTOR_TYPE','LDAP_Connector'),
	('CONNECTOR_TYPE','LINUX_Connector'),
	('CONNECTOR_TYPE','RDBMS_Connector'),
	('CONNECTOR_TYPE','SCRIPT_Connector'),
	('CONNECTOR_TYPE','SOAP_Connector'),
	('GROUP_TYPE','AD_GROUP_TYPE'),
	('GROUP_TYPE','DEFAULT_GROUP'),
	('GROUP_TYPE','LDAP_GROUP_TYPE'),
	('MANAGED_SYS_TYPE','ADGroup'),
	('MANAGED_SYS_TYPE','ADUser'),
	('MANAGED_SYS_TYPE','LdapOrgPerson'),
	('ORG_TYPE','departmentType'),
	('ORG_TYPE','divisionType'),
	('USER_TYPE','Contractor'),
	('USER_TYPE','InetOrgPerson'),
	('USER_TYPE','SystemAccount');

INSERT INTO `IDENTITY_QUESTION` (`IDENTITY_QUESTION_ID`, `IDENTITY_QUEST_GRP_ID`, `ACTIVE`) VALUES 
	('200','GLOBAL','Y'),
	('201','GLOBAL','Y'),
	('202','GLOBAL','Y'),
	('203','GLOBAL','Y'),
	('204','GLOBAL','Y'),
	('205','GLOBAL','Y'),
	('206','GLOBAL','Y'),
	('207','GLOBAL','Y'),
	('209','GLOBAL','Y'),
	('210','GLOBAL','Y'),
	('211','GLOBAL','Y'),
	('212','GLOBAL','Y'),
	('213','GLOBAL','Y'),
	('214','GLOBAL','Y'),
	('215','GLOBAL','Y'),
	('216','GLOBAL','Y'),
	('217','GLOBAL','Y'),
	('218','GLOBAL','Y');

INSERT INTO `LANGUAGE_LOCALE` (`ID`, `LANGUAGE_ID`, `LOCALE`) VALUES 
	('3','1','en_GB'),
	('2','1','en_US'),
	('6','4','es_ES'),
	('10','8','ru_RU');

INSERT INTO `LANGUAGE_MAPPING` (`ID`, `LANGUAGE_ID`, `REFERENCE_ID`, `REFERENCE_TYPE`, `TEXT_VALUE`) VALUES 
	('200','1','200','IdentityQuestionEntity.displayNameMap','What are the last four digits of your social security number?'),
	('201','1','201','IdentityQuestionEntity.displayNameMap','What is your mothers maiden name?'),
	('202','1','202','IdentityQuestionEntity.displayNameMap','Where did you go to school?'),
	('203','1','203','IdentityQuestionEntity.displayNameMap','What is your pets name?'),
	('204','1','204','IdentityQuestionEntity.displayNameMap','What is your favorite food?'),
	('205','1','205','IdentityQuestionEntity.displayNameMap','What is your favorite color?'),
	('206','1','206','IdentityQuestionEntity.displayNameMap','Which city were you born in?'),
	('207','1','207','IdentityQuestionEntity.displayNameMap','What is your favorite sport?'),
	('209','1','209','IdentityQuestionEntity.displayNameMap','What are the last four digits of your drivers license?'),
	('210','1','210','IdentityQuestionEntity.displayNameMap','What is the name of your favorite school?'),
	('211','1','211','IdentityQuestionEntity.displayNameMap','What is the name of your first pet'),
	('212','1','212','IdentityQuestionEntity.displayNameMap','What is the name of your favorite movie, play or song?'),
	('213','1','213','IdentityQuestionEntity.displayNameMap','What is the title of your favorite book?'),
	('214','1','214','IdentityQuestionEntity.displayNameMap','What is the name of your first boy or girl friend?'),
	('215','1','215','IdentityQuestionEntity.displayNameMap','What is the name of your favorite school teacher?'),
	('216','1','216','IdentityQuestionEntity.displayNameMap','What is the year and nick name of your first car (Year-Name)?'),
	('217','1','217','IdentityQuestionEntity.displayNameMap','Where did you meet your significant other?'),
	('218','1','218','IdentityQuestionEntity.displayNameMap','What is the type and name of your first pet (Type-Name)?'),
	('ABOUT_DESC','1','ABOUT','ResourceEntity.displayNameMap','About OpenIAM'),
	('ABOUT_ROOT_MENU_DESC','1','ABOUT_ROOT_MENU','ResourceEntity.displayNameMap','About OpenIAM'),
	('ACCESSCENTER_MENU_DISPLAY','1','ACCESSCENTER','ResourceEntity.displayNameMap','Access Management'),
	('ACC_CONTROL_MENU_DISPLAY','1','ACC_CONTROL','ResourceEntity.displayNameMap','Access Control'),
	('ADMIN_BATCH_TASKS_DESC','1','ADMIN_BATCH_TASKS','ResourceEntity.displayNameMap','Batch Tasks'),
	('ADMIN_MENU_DISPLAY','1','ADMIN','ResourceEntity.displayNameMap','Administration'),
	('ADMIN_RESOURCE','1','ADMIN_RESOURCE','ResourceTypeEntity.displayNameMap','Admin Resource'),
	('AM_PROV_AM_ATTR_DESC','1','AM_PROV_AM_ATTR','ResourceEntity.displayNameMap','Request Attributes'),
	('AM_PROV_EDIT_CURRENT_DESC','1','AM_PROV_EDIT_CURRENT','ResourceEntity.displayNameMap','Edit Provider'),
	('AM_PROV_EDIT_DESC','1','AM_PROV_EDIT','ResourceEntity.displayNameMap','Authentication Provider Edit Menu'),
	('AM_PROV_EDIT_SEARCH_DESC','1','AM_PROV_EDIT_SEARCH','ResourceEntity.displayNameMap','Back to Search'),
	('AM_PROV_NEW_DSC','1','AM_PROV_NEW','ResourceEntity.displayNameMap','Create New Provider'),
	('AM_PROV_NEW_EDIT_PUB_DESC','1','AM_PROV_NEW_EDIT','ResourceEntity.displayNameMap','Create New Provider'),
	('AM_PROV_ROOT_DESC','1','AM_PROV_ROOT','ResourceEntity.displayNameMap','Authentication Provider Root Menu'),
	('AM_PROV_SEARCH_CHILD_PUB_DESC','1','AM_PROV_SEARCH_CHILD','ResourceEntity.displayNameMap','Authentication Providers'),
	('AM_PROV_SEARCH_DESC','1','AM_PROV_SEARCH','ResourceEntity.displayNameMap','Search Providers'),
	('ASSOC_POLICY_DESC','1','ASSOC_POLICY','ResourceEntity.displayNameMap','Associate Policy'),
	('ATTRIBUTE_POLICY_DESC','1','ATTRIBUTE_POLICY','ResourceEntity.displayNameMap','Attribute Policy'),
	('AUDITREPORT_MENU_DISPLAY','1','AUDITREPORT','ResourceEntity.displayNameMap','Audit Reports'),
	('AUDIT_RPT_MENU_DISPLAY','1','AUDIT_RPT','ResourceEntity.displayNameMap','Audit Report'),
	('AUTHENTICATION_POLICY_MENU_DESC','1','AUTHENTICATION_POLICY','ResourceEntity.displayNameMap','Authenticaton Policy'),
	('AUTH_LEVEL_GRP_DN','1','AUTH_LEVEL_GRP','ResourceEntity.displayNameMap','Authentication Groupings'),
	('AUTH_LVL_GRP_ATTR_DN','1','AUTH_LVL_GRP_ATTR','ResourceEntity.displayNameMap','Auth Level Grouping Attribute Root'),
	('AUTH_LVL_GRP_EDIT_ROOT_DN','1','AUTH_LVL_GRP_EDIT_ROOT','ResourceEntity.displayNameMap','Auth Level Grouping Edit Root'),
	('AUTH_LVL_GRP_NEW_ROOT_DN','1','AUTH_LVL_GRP_NEW_ROOT','ResourceEntity.displayNameMap','Auth Level Grouping Root'),
	('AUTH_POLICY_ROOT_MENU_DESC','1','AUTHENTICATION_POLICY_ROOT_MENU','ResourceEntity.displayNameMap','Authentication Policy Root Menu'),
	('AUTH_PROVIDER','1','AUTH_PROVIDER','ResourceTypeEntity.displayNameMap','Authentication Provider'),
	('AUTH_REPO','1','AUTH_REPO','ResourceTypeEntity.displayNameMap','Authentication Repository'),
	('BACK_TO_AUTH_LVL_DN','1','BACK_TO_AUTH_LVL','ResourceEntity.displayNameMap','Back to Grouping'),
	('BACK_TO_AUTH_LVL_GRP_SRH_DN','1','BACK_TO_AUTH_LVL_GRP_SRH','ResourceEntity.displayNameMap','Back to Search'),
	('BACK_TO_CP_DESC','1','BACK_TO_CP','ResourceEntity.displayNameMap','Back To Content Provider'),
	('BATCH_PROC_MENU_DISPLAY','1','BATCH_PROC','ResourceEntity.displayNameMap','Batch Processes'),
	('BATCH_TASK_EDIT_DESC','1','BATCH_TASK_EDIT','ResourceEntity.displayNameMap','Batch Task Edit'),
	('BATCH_TASK_ROOT_DESC','1','BATCH_TASK_ROOT','ResourceEntity.displayNameMap','Batch Task Root'),
	('BULK_OPS_DESC','1','BULK_OPS','ResourceEntity.displayNameMap','User Bulk Operations'),
	('CHALLENGE_MENU_DISPLAY','1','CHALLENGE','ResourceEntity.displayNameMap','Challenge Quest'),
	('CHALLENGE_RESPONSE_QUESTION_DESC','1','CHALLENGE_RESPONSE_QUESTION','ResourceEntity.displayNameMap','Challenge Response Question'),
	('CHALLENGE_RESP_QUESTION_NEW_DSC','1','CHALLENGE_RESPONSE_QUESTION_NEW','ResourceEntity.displayNameMap','Create New Question'),
	('CHALLENGE_RESP_QUEST_ROOT_DESC','1','CHALLENGE_RESPONSE_QUESTION_ROOT','ResourceEntity.displayNameMap','Challenge Response Question Root Menu'),
	('CHNGPSWD_MENU_DISPLAY','1','CHNGPSWD','ResourceEntity.displayNameMap','Change Password'),
	('CONF_POLICY_PAGE_DIS','1','CONF_POLICY_PAGE','ResourceEntity.displayNameMap','Configure IT Policy'),
	('CONTENT_PROVIDER','1','CONTENT_PROVIDER','ResourceTypeEntity.displayNameMap','Content Provider'),
	('CONTENT_PROV_EDIT_CURRENT_DESC','1','CONTENT_PROV_EDIT_CURRENT','ResourceEntity.displayNameMap','Edit Provider'),
	('CONTENT_PROV_EDIT_DESC','1','CONTENT_PROV_EDIT','ResourceEntity.displayNameMap','Content Provider Edit Menu'),
	('CONTENT_PROV_EDIT_SEARCH_DESC','1','CONTENT_PROV_EDIT_SEARCH','ResourceEntity.displayNameMap','Back to Search'),
	('CONTENT_PROV_NEW_DSC','1','CONTENT_PROV_NEW','ResourceEntity.displayNameMap','Create New Provider'),
	('CONTENT_PROV_NEW_EDIT_DESC','1','CONTENT_PROV_NEW_EDIT','ResourceEntity.displayNameMap','Create New Provider'),
	('CONTENT_PROV_ROOT_DESC','1','CONTENT_PROV_ROOT','ResourceEntity.displayNameMap','Content Provider Root Menu'),
	('CONTENT_PROV_SEARCH_CHILD_DESC','1','CONTENT_PROV_SEARCH_CHILD','ResourceEntity.displayNameMap','Content Providers'),
	('CONTENT_PROV_SEARCH_DESC','1','CONTENT_PROV_SEARCH','ResourceEntity.displayNameMap','Search Content Providers'),
	('CREATEREQ_MENU_DISPLAY','1','CREATEREQ','ResourceEntity.displayNameMap','Create Request'),
	('CR_RES_DISP_NAME','1','CREATE_RESOURCE_MENU','ResourceEntity.displayNameMap','Create New Resource'),
	('CUSTOM_FIELD_EDIT_DESC','1','CUSTOM_FIELD_EDIT','ResourceEntity.displayNameMap','Custom Field Edit Menu'),
	('CUSTOM_FIELD_EDIT_NEW_DESC','1','CUSTOM_FIELD_EDIT_NEW','ResourceEntity.displayNameMap','Create New Custom Field'),
	('CUSTOM_FIELD_EDIT_SEARCH_DESC','1','CUSTOM_FIELD_EDIT_SEARCH','ResourceEntity.displayNameMap','Back to Search'),
	('CUSTOM_FIELD_NEW_DSC','1','CUSTOM_FIELD_NEW','ResourceEntity.displayNameMap','Create New Custom Field'),
	('CUSTOM_FIELD_ROOT_DESC','1','CUSTOM_FIELD_ROOT','ResourceEntity.displayNameMap','Custom Field Root Menu'),
	('CUSTOM_FIELD_SEARCH_CHILD_DESC','1','CUSTOM_FIELD_SEARCH_CHILD','ResourceEntity.displayNameMap','Custom Fields'),
	('CUSTOM_FIELD_SEARCH_DESC','1','CUSTOM_FIELD_SEARCH','ResourceEntity.displayNameMap','Search Custom Fields'),
	('DEFAULT_USER_TYPE','1','DEFAULT_USER','MetadataTypeEntity.displayNameMap','Default User'),
	('DELG_FILTER_MENU_DISPLAY','1','DELG_FILTER','ResourceEntity.displayNameMap','Delegation Filter'),
	('DEPARTMENT','1','DEPARTMENT','OrganizationTypeEntity.displayNameMap','Department'),
	('DIRECTORY_MENU_DISPLAY','1','DIRECTORY','ResourceEntity.displayNameMap','Directory Lookup'),
	('DIR_LOOKUP_PAGE_DIS','1','DIR_LOOKUP_PAGE','ResourceEntity.displayNameMap','Directory Lookup'),
	('DIVISION','1','DIVISION','OrganizationTypeEntity.displayNameMap','Division'),
	('EDIT_BATCH_TASK_DESC','1','EDIT_BATCH_TASK','ResourceEntity.displayNameMap','Edit Batch Task'),
	('EDIT_GROUP_DESC','1','EDIT_GROUP','ResourceEntity.displayNameMap','Edit Group'),
	('EDIT_ORG_DESC','1','EDIT_ORG','ResourceEntity.displayNameMap','Edit Organization'),
	('EDIT_ORG_MEMBERSHIP_DESC','1','EDIT_ORG_MEMBERSHIP','ResourceEntity.displayNameMap','Membership'),
	('EDIT_ORG_TYPE_DESC','1','EDIT_ORG_TYPE','ResourceEntity.displayNameMap','Edit Organization Type'),
	('EDIT_ORG_TYPE_IDMAN_DESC','1','EDIT_ORG_TYPE_IDMAN','ResourceEntity.displayNameMap','Organization Types'),
	('EDIT_POLICY_ATTR_SRCH_BCK_DESC','1','EDIT_POLICY_ATTR_SRCH_BCK','ResourceEntity.displayNameMap','Back to Search'),
	('EDIT_RESOURCE_DIS','1','EDIT_RESOURCE','ResourceEntity.displayNameMap','Edit Resource'),
	('EDIT_ROLE_DESC','1','EDIT_ROLE','ResourceEntity.displayNameMap','Edit Role'),
	('ElementMigrate101','1','101','MetadataElementEntity.languageMap','Display Name'),
	('ElementMigrate104','1','104','MetadataElementEntity.languageMap','Preferred Language'),
	('ElementMigrate105','1','105','MetadataElementEntity.languageMap','VehicleLicense'),
	('ElementMigrate106','1','106','MetadataElementEntity.languageMap','Given Name'),
	('ElementMigrate107','1','107','MetadataElementEntity.languageMap','LabeledURI'),
	('ElementMigrate108','1','108','MetadataElementEntity.languageMap','Initials'),
	('ElementMigrate110','1','110','MetadataElementEntity.languageMap','BusinessCategory'),
	('ElementMigrate131','1','131','MetadataElementEntity.languageMap','Display Name'),
	('ElementMigrate134','1','134','MetadataElementEntity.languageMap','Preferred Language'),
	('ElementMigrate135','1','135','MetadataElementEntity.languageMap','VehicleLicense'),
	('ElementMigrate136','1','136','MetadataElementEntity.languageMap','Given Name'),
	('ElementMigrate137','1','137','MetadataElementEntity.languageMap','LabeledURI'),
	('ElementMigrate138','1','138','MetadataElementEntity.languageMap','Initials'),
	('ElementMigrate140','1','140','MetadataElementEntity.languageMap','Display Name'),
	('ElementMigrate150','1','150','MetadataElementEntity.languageMap','Display Name'),
	('ElementMigrate160','1','160','MetadataElementEntity.languageMap','Display Name'),
	('ElementMigrate260','1','260','MetadataElementEntity.languageMap','BusinessCategory'),
	('ElementMigrate261','1','261','MetadataElementEntity.languageMap','StartDate'),
	('ElementMigrate262','1','262','MetadataElementEntity.languageMap','EndDate'),
	('ElementMigrate300','1','300','MetadataElementEntity.languageMap','name'),
	('ElementMigrate301','1','301','MetadataElementEntity.languageMap','distinguishedName'),
	('ElementMigrate302','1','302','MetadataElementEntity.languageMap','objectclass'),
	('ElementMigrate303','1','303','MetadataElementEntity.languageMap','aliasedObjectName'),
	('ElementMigrate304','1','304','MetadataElementEntity.languageMap','cn'),
	('ElementMigrate305','1','305','MetadataElementEntity.languageMap','sn'),
	('ElementMigrate306','1','306','MetadataElementEntity.languageMap','serialNumber'),
	('ElementMigrate307','1','307','MetadataElementEntity.languageMap','c'),
	('ElementMigrate308','1','308','MetadataElementEntity.languageMap','l'),
	('ElementMigrate309','1','309','MetadataElementEntity.languageMap','st'),
	('ElementMigrate310','1','310','MetadataElementEntity.languageMap','street'),
	('ElementMigrate311','1','311','MetadataElementEntity.languageMap','o'),
	('ElementMigrate312','1','312','MetadataElementEntity.languageMap','ou'),
	('ElementMigrate313','1','313','MetadataElementEntity.languageMap','title'),
	('ElementMigrate314','1','314','MetadataElementEntity.languageMap','description'),
	('ElementMigrate315','1','315','MetadataElementEntity.languageMap','businessCategory'),
	('ElementMigrate316','1','316','MetadataElementEntity.languageMap','postalAddress'),
	('ElementMigrate317','1','317','MetadataElementEntity.languageMap','postalCode'),
	('ElementMigrate318','1','318','MetadataElementEntity.languageMap','postOfficeBox'),
	('ElementMigrate319','1','319','MetadataElementEntity.languageMap','physicalDeliveryOfficeName'),
	('ElementMigrate320','1','320','MetadataElementEntity.languageMap','telephoneNumber'),
	('ElementMigrate321','1','321','MetadataElementEntity.languageMap','telexNumber'),
	('ElementMigrate322','1','322','MetadataElementEntity.languageMap','teletexTerminalIdentifier'),
	('ElementMigrate323','1','323','MetadataElementEntity.languageMap','facsimileTelephoneNumber'),
	('ElementMigrate324','1','324','MetadataElementEntity.languageMap','x121Address'),
	('ElementMigrate325','1','325','MetadataElementEntity.languageMap','internationaliSDNNumber'),
	('ElementMigrate326','1','326','MetadataElementEntity.languageMap','registeredAddress'),
	('ElementMigrate327','1','327','MetadataElementEntity.languageMap','destinationIndicator'),
	('ElementMigrate328','1','328','MetadataElementEntity.languageMap','preferredDeliveryMethod'),
	('ElementMigrate329','1','329','MetadataElementEntity.languageMap','presentationAddress'),
	('ElementMigrate330','1','330','MetadataElementEntity.languageMap','supportedApplicationContext'),
	('ElementMigrate331','1','331','MetadataElementEntity.languageMap','member'),
	('ElementMigrate332','1','332','MetadataElementEntity.languageMap','owner'),
	('ElementMigrate333','1','333','MetadataElementEntity.languageMap','roleOccupant'),
	('ElementMigrate334','1','334','MetadataElementEntity.languageMap','seeAlso'),
	('ElementMigrate335','1','335','MetadataElementEntity.languageMap','userPassword'),
	('ElementMigrate336','1','336','MetadataElementEntity.languageMap','userCertificate'),
	('ElementMigrate337','1','337','MetadataElementEntity.languageMap','cACertificate'),
	('ElementMigrate338','1','338','MetadataElementEntity.languageMap','authorityRevocationList'),
	('ElementMigrate339','1','339','MetadataElementEntity.languageMap','certificateRevocationList'),
	('ElementMigrate340','1','340','MetadataElementEntity.languageMap','crossCertificatePair'),
	('ElementMigrate341','1','341','MetadataElementEntity.languageMap','givenName'),
	('ElementMigrate342','1','342','MetadataElementEntity.languageMap','initials'),
	('ElementMigrate343','1','343','MetadataElementEntity.languageMap','generationQualifier'),
	('ElementMigrate344','1','344','MetadataElementEntity.languageMap','x500UniqueIdentifier'),
	('ElementMigrate346','1','346','MetadataElementEntity.languageMap','uniqueMember'),
	('ElementMigrate347','1','347','MetadataElementEntity.languageMap','houseIdentifier'),
	('ElementMigrate348','1','348','MetadataElementEntity.languageMap','uid'),
	('ElementMigrate349','1','349','MetadataElementEntity.languageMap','mail'),
	('ElementMigrate350','1','350','MetadataElementEntity.languageMap','ref'),
	('ElementMigrate351','1','351','MetadataElementEntity.languageMap','referral'),
	('ElementMigrate352','1','352','MetadataElementEntity.languageMap','krbName'),
	('ElementMigrate401','1','401','MetadataElementEntity.languageMap','SUBMIT_USER_TO_CONNECTOR'),
	('ElementMigrate402','1','402','MetadataElementEntity.languageMap','INCLUDE_IN_PASSWORD_SYNC'),
	('ElementMigrate405','1','405','MetadataElementEntity.languageMap','INCLUDE_IN_SYNC'),
	('ElementMigrate406','1','406','MetadataElementEntity.languageMap','TABLE_NAME'),
	('ElementMigrate407','1','407','MetadataElementEntity.languageMap','GROUP_MEMBERSHIP_ENABLED'),
	('ElementMigrate408','1','408','MetadataElementEntity.languageMap','ON_DELETE'),
	('ElementMigrate409','1','409','MetadataElementEntity.languageMap','PRE_PROCESS'),
	('ElementMigrate410','1','410','MetadataElementEntity.languageMap','POST_PROCESS'),
	('ElementMigrate411','1','411','MetadataElementEntity.languageMap','HOST_URL'),
	('ElementMigrate412','1','412','MetadataElementEntity.languageMap','BASE_DN'),
	('ElementMigrate413','1','413','MetadataElementEntity.languageMap','HOST_LOGIN ID'),
	('ElementMigrate415','1','415','MetadataElementEntity.languageMap','COMMUNICATION_PROTOCOL'),
	('ElementMigrate416','1','416','MetadataElementEntity.languageMap','OBJECT_CLASS'),
	('ElementMigrate418','1','418','MetadataElementEntity.languageMap','SEARCH_ATTRIBUTE'),
	('ElementMigrate419','1','419','MetadataElementEntity.languageMap','MANAGED_SYS_ID'),
	('ElementMigrate420','1','420','MetadataElementEntity.languageMap','DN_ATTRIBUTE'),
	('ElementMigrate421','1','421','MetadataElementEntity.languageMap','PASSWORD'),
	('ElementMigrate430','1','430','MetadataElementEntity.languageMap','END_POINT'),
	('ElementMigrate440','1','440','MetadataElementEntity.languageMap','OPERATION_NAME'),
	('ElementMigrate450','1','450','MetadataElementEntity.languageMap','URL'),
	('GROUP_EDIT_MENU_DESC','1','GROUP_EDIT_MENU','ResourceEntity.displayNameMap','Group Root Edit Menu'),
	('GROUP_ENTITLEMENTS_DESC','1','GROUP_ENTITLEMENTS','ResourceEntity.displayNameMap','Group Entitlements'),
	('GROUP_MENUS_DESC','1','GROUP_MENUS','ResourceEntity.displayNameMap','Menus'),
	('GROUP_ROOT_MENU_DESC','1','GROUP_ROOT_MENU','ResourceEntity.displayNameMap','Group Root Menu'),
	('GROUP_SEARCH_DESC','1','GROUP_SEARCH','ResourceEntity.displayNameMap','Group Search'),
	('GRP_APROVER_ASSOC_DN','1','GRP_APROVER_ASSOC','ResourceEntity.displayNameMap','Approver Associations'),
	('IDMAN_MENU_DISPLAY','1','IDMAN','ResourceEntity.displayNameMap','User Admin'),
	('IDM_MENU_DISPLAY','1','IDM','ResourceEntity.displayNameMap','Identity'),
	('IDQUEST_MENU_DISPLAY','1','IDQUEST','ResourceEntity.displayNameMap','Challenge Response'),
	('IMPERSIONATION_MENU_DESC','1','IMPERSIONATION_MENU','ResourceEntity.displayNameMap','Impersonation'),
	('INTERNAL_USER_TYPE','1','INTERNAL_USER','MetadataTypeEntity.displayNameMap','Internal User'),
	('LanguageEntity1','1','1','LanguageEntity.displayNameMap','English'),
	('LanguageEntity2','4','1','LanguageEntity.displayNameMap','Ingls'),
	('LanguageEntity3','8','1','LanguageEntity.displayNameMap',''),
	('LanguageEntity4','1','4','LanguageEntity.displayNameMap','Spanish'),
	('LanguageEntity5','4','4','LanguageEntity.displayNameMap','Espaol'),
	('LanguageEntity6','8','4','LanguageEntity.displayNameMap',''),
	('LanguageEntity7','1','8','LanguageEntity.displayNameMap','Russian'),
	('LanguageEntity8','4','8','LanguageEntity.displayNameMap','Ruso'),
	('LanguageEntity9','8','8','LanguageEntity.displayNameMap',''),
	('LANGUAGE_ADMIN1','1','LANGUAGE_ADMIN','ResourceEntity.displayNameMap','Languages'),
	('LANGUAGE_EDIT1','1','LANGUAGE_EDIT','ResourceEntity.displayNameMap','New Language'),
	('LANGUAGE_SEARCH1','1','LANGUAGE_SEARCH','ResourceEntity.displayNameMap','Languages'),
	('LOCATION_MENU_DISPLAY','1','LOCATION','ResourceEntity.displayNameMap','Location'),
	('MANAGED_SYS','1','MANAGED_SYS','ResourceTypeEntity.displayNameMap','Managed Systems'),
	('MANAGEREQ_MENU_DISPLAY','1','MANAGEREQ','ResourceEntity.displayNameMap','Request History'),
	('MANUALRECON_DESC','1','MANUALRECON','ResourceEntity.displayNameMap','Manual reconciliation'),
	('MENUS_SEARCH_DC','1','MENUS_SEARCH','ResourceEntity.displayNameMap','Menus'),
	('MENU_ITEM','1','MENU_ITEM','ResourceTypeEntity.displayNameMap','Menus'),
	('MetadataTypeEntity1','1','ACCNT','MetadataTypeEntity.displayNameMap','Account'),
	('MetadataTypeEntity10','1','AFFILIATE','MetadataTypeEntity.displayNameMap','AFFILIATE'),
	('MetadataTypeEntity11','1','APPROVAL_DECLINED','MetadataTypeEntity.displayNameMap','APPROVAL_DECLINED'),
	('MetadataTypeEntity12','1','ATTR','MetadataTypeEntity.displayNameMap','Attribute'),
	('MetadataTypeEntity13','1','AUTHENTICATION_PROVIDER','MetadataTypeEntity.displayNameMap','Authentication Provider'),
	('MetadataTypeEntity14','1','AUTH_REPO','MetadataTypeEntity.displayNameMap','Authentication Repository'),
	('MetadataTypeEntity15','1','BL','MetadataTypeEntity.displayNameMap','DISABLE'),
	('MetadataTypeEntity16','1','CELL_PHONE','MetadataTypeEntity.displayNameMap','Cell phone'),
	('MetadataTypeEntity17','1','CHECKBOX','MetadataTypeEntity.displayNameMap','Checkbox'),
	('MetadataTypeEntity18','1','CONTENT_PROVIDER','MetadataTypeEntity.displayNameMap','Content Provider'),
	('MetadataTypeEntity19','1','Contractor','MetadataTypeEntity.displayNameMap','Contractor user type'),
	('MetadataTypeEntity2','1','ACTIVE','MetadataTypeEntity.displayNameMap','ACTIVE'),
	('MetadataTypeEntity20','1','CONTRACTOR TYPE','MetadataTypeEntity.displayNameMap','CONTRACTOR'),
	('MetadataTypeEntity21','1','DATE','MetadataTypeEntity.displayNameMap','Date field'),
	('MetadataTypeEntity22','1','DEFAULT_GROUP','MetadataTypeEntity.displayNameMap','DEFAULT GROUP TYPE'),
	('MetadataTypeEntity23','1','DELETED','MetadataTypeEntity.displayNameMap','DELETED'),
	('MetadataTypeEntity24','1','departmentType','MetadataTypeEntity.displayNameMap','Department'),
	('MetadataTypeEntity25','1','DIRECTORY','MetadataTypeEntity.displayNameMap','Directory'),
	('MetadataTypeEntity26','1','DISABLED','MetadataTypeEntity.displayNameMap','DISABLED'),
	('MetadataTypeEntity27','1','divisionType','MetadataTypeEntity.displayNameMap','Division'),
	('MetadataTypeEntity28','1','DL','MetadataTypeEntity.displayNameMap','DELETE'),
	('MetadataTypeEntity29','1','FILE','MetadataTypeEntity.displayNameMap','File'),
	('MetadataTypeEntity3','1','ADGroup','MetadataTypeEntity.displayNameMap','AD User type'),
	('MetadataTypeEntity30','1','GOOGLE_Connector','MetadataTypeEntity.displayNameMap','GOOGLE APPS Connector'),
	('MetadataTypeEntity31','1','HOME_ADDRESS','MetadataTypeEntity.displayNameMap','Home Address'),
	('MetadataTypeEntity32','1','HOME_EMAIL','MetadataTypeEntity.displayNameMap','Home Email'),
	('MetadataTypeEntity33','1','HOME_PHONE','MetadataTypeEntity.displayNameMap','Home phone'),
	('MetadataTypeEntity34','1','INACTIVE','MetadataTypeEntity.displayNameMap','INACTIVE'),
	('MetadataTypeEntity35','1','InetOrgPerson','MetadataTypeEntity.displayNameMap','InetOrgPerson user type'),
	('MetadataTypeEntity36','1','KERBEROS_KEYTAB_FILE','MetadataTypeEntity.displayNameMap','Kerberos Keytab File'),
	('MetadataTypeEntity37','1','KERBEROS_SERVICE_NAME','MetadataTypeEntity.displayNameMap','Kerberos Service Name'),
	('MetadataTypeEntity38','1','LdapOrgPerson','MetadataTypeEntity.displayNameMap','LdapOrgPerson User type'),
	('MetadataTypeEntity39','1','LDAP_Connector','MetadataTypeEntity.displayNameMap','LDAP Connector'),
	('MetadataTypeEntity4','1','ADMGP','MetadataTypeEntity.displayNameMap','Admin Group'),
	('MetadataTypeEntity40','1','LDAP_GROUP_TYPE','MetadataTypeEntity.displayNameMap','LDAP GROUP TYPE'),
	('MetadataTypeEntity41','1','LEAVE','MetadataTypeEntity.displayNameMap','LEAVE'),
	('MetadataTypeEntity42','1','LINUX_Connector','MetadataTypeEntity.displayNameMap','Linux Connector'),
	('MetadataTypeEntity43','1','LOCKED','MetadataTypeEntity.displayNameMap','LOCKED'),
	('MetadataTypeEntity44','1','LOCKED_ADMIN','MetadataTypeEntity.displayNameMap','LOCKED_ADMIN'),
	('MetadataTypeEntity45','1','MANAGED_SYS','MetadataTypeEntity.displayNameMap','Managed System'),
	('MetadataTypeEntity46','1','MANAGER','MetadataTypeEntity.displayNameMap','MANAGER'),
	('MetadataTypeEntity47','1','MENU_ITEM','MetadataTypeEntity.displayNameMap','Menu Item Type'),
	('MetadataTypeEntity48','1','MULTI_SELECT','MetadataTypeEntity.displayNameMap','MultiSelect list'),
	('MetadataTypeEntity49','1','NO-PROVISION-APP','MetadataTypeEntity.displayNameMap','Un-Provisionable Apps'),
	('MetadataTypeEntity5','1','ADMIN','MetadataTypeEntity.displayNameMap','Administrator'),
	('MetadataTypeEntity50','1','OFF-LINE','MetadataTypeEntity.displayNameMap','OFF-LINE'),
	('MetadataTypeEntity51','1','OFFICE_ADDRESS','MetadataTypeEntity.displayNameMap','Office Address'),
	('MetadataTypeEntity52','1','OFFICE_PHONE','MetadataTypeEntity.displayNameMap','Office phone'),
	('MetadataTypeEntity53','1','OrgOpenIAM','MetadataTypeEntity.displayNameMap','OpenIAM'),
	('MetadataTypeEntity54','1','PASSWORD','MetadataTypeEntity.displayNameMap','Password field'),
	('MetadataTypeEntity55','1','PENDING_APPROVAL','MetadataTypeEntity.displayNameMap','PENDING_APPROVAL'),
	('MetadataTypeEntity56','1','PENDING_INITIAL_LOGIN','MetadataTypeEntity.displayNameMap','PENDING_INITIAL_LOGIN'),
	('MetadataTypeEntity57','1','PENDING_START_DATE','MetadataTypeEntity.displayNameMap','PENDING_START_DATE'),
	('MetadataTypeEntity58','1','PENDING_USER_VALIDATION','MetadataTypeEntity.displayNameMap','PENDING_USER_VALIDATION'),
	('MetadataTypeEntity59','1','PERM FULL TIME','MetadataTypeEntity.displayNameMap','PERMANENT FULL TIME'),
	('MetadataTypeEntity6','1','ADMIN_RESOURCE','MetadataTypeEntity.displayNameMap','Admin Resource'),
	('MetadataTypeEntity60','1','PERM PART TIME','MetadataTypeEntity.displayNameMap','PERMANENT PART TIME'),
	('MetadataTypeEntity61','1','PRIMARY_EMAIL','MetadataTypeEntity.displayNameMap','Primary Email'),
	('MetadataTypeEntity62','1','RADIO','MetadataTypeEntity.displayNameMap','Radio button'),
	('MetadataTypeEntity63','1','RDBMS_Connector','MetadataTypeEntity.displayNameMap','RDBMS Connector'),
	('MetadataTypeEntity64','1','READY','MetadataTypeEntity.displayNameMap','READY'),
	('MetadataTypeEntity65','1','RETIRED','MetadataTypeEntity.displayNameMap','RETIRED'),
	('MetadataTypeEntity66','1','RJ','MetadataTypeEntity.displayNameMap','REJECT'),
	('MetadataTypeEntity67','1','SALES REP','MetadataTypeEntity.displayNameMap','SALES REP'),
	('MetadataTypeEntity68','1','SCRIPT_Connector','MetadataTypeEntity.displayNameMap','Script Connector'),
	('MetadataTypeEntity69','1','SECURITY MANAGER','MetadataTypeEntity.displayNameMap','SECURITY MANAGER'),
	('MetadataTypeEntity7','1','ADUser','MetadataTypeEntity.displayNameMap','AD User type'),
	('MetadataTypeEntity70','1','SELECT','MetadataTypeEntity.displayNameMap','Combo box'),
	('MetadataTypeEntity71','1','SERVICE REP','MetadataTypeEntity.displayNameMap','SERVICE REP'),
	('MetadataTypeEntity72','1','SOAP_Connector','MetadataTypeEntity.displayNameMap','SOAP Connector'),
	('MetadataTypeEntity73','1','SYS ACCOUNT','MetadataTypeEntity.displayNameMap','SYSTEM ACCOUNT'),
	('MetadataTypeEntity74','1','SystemAccount','MetadataTypeEntity.displayNameMap','System Account type'),
	('MetadataTypeEntity75','1','SYS_ACTION','MetadataTypeEntity.displayNameMap','System Actions'),
	('MetadataTypeEntity76','1','TERMINATE','MetadataTypeEntity.displayNameMap','TERMINATE'),
	('MetadataTypeEntity77','1','TEXT','MetadataTypeEntity.displayNameMap','Text field'),
	('MetadataTypeEntity78','1','TEXTAREA','MetadataTypeEntity.displayNameMap','Multiline text field'),
	('MetadataTypeEntity79','1','UB','MetadataTypeEntity.displayNameMap','UN-DISABLE'),
	('MetadataTypeEntity8','1','AD_Connector','MetadataTypeEntity.displayNameMap','Active Directory Connector'),
	('MetadataTypeEntity80','1','UI_TEMPLATE','MetadataTypeEntity.displayNameMap','UI_TEMPLATE'),
	('MetadataTypeEntity81','1','UI_WIDGET','MetadataTypeEntity.displayNameMap','UI_WIDGET'),
	('MetadataTypeEntity82','1','URL','MetadataTypeEntity.displayNameMap','URL'),
	('MetadataTypeEntity83','1','URL_PATTERN','MetadataTypeEntity.displayNameMap','Url Pattern'),
	('MetadataTypeEntity84','1','VENDOR','MetadataTypeEntity.displayNameMap','VENDOR'),
	('MetadataTypeEntity85','1','WEBSERVICE','MetadataTypeEntity.displayNameMap','Web Service'),
	('MetadataTypeEntity86','1','WEBSERVICE_OP','MetadataTypeEntity.displayNameMap','Web Service Operation'),
	('MetadataTypeEntity87','1','WORK_EMAIL','MetadataTypeEntity.displayNameMap','Work Email'),
	('MetadataTypeEntity9','1','AD_GROUP_TYPE','MetadataTypeEntity.displayNameMap','AD GROUP TYPE'),
	('METADATA_MENU_DISPLAY','1','METADATA','ResourceEntity.displayNameMap','Metadata'),
	('META_ADMIN_DESC','1','META_ADMIN','ResourceEntity.displayNameMap','Metadata Elements'),
	('META_EDIT_DESC','1','META_EDIT','ResourceEntity.displayNameMap','New MetaData'),
	('META_SEARCH_DESC','1','META_SEARCH','ResourceEntity.displayNameMap','MetaData Search'),
	('META_TYPE_ADMIN_DESC','1','META_TYPE_ADMIN','ResourceEntity.displayNameMap','Metadata Types'),
	('META_TYPE_EDIT_DESC','1','META_TYPE_EDIT','ResourceEntity.displayNameMap','New MetaData Type'),
	('META_TYPE_EDIT_RETURN_DESC','1','META_TYPE_EDIT_RETURN','ResourceEntity.displayNameMap','Return to Metadata type'),
	('META_TYPE_SEARCH_DESC','1','META_TYPE_SEARCH','ResourceEntity.displayNameMap','MetaData Type Search'),
	('MNGSYSRULES_DESC','1','MNGSYSRULES','ResourceEntity.displayNameMap','Managed system rules'),
	('MNGSYS_DESC','1','MNGSYS_MENU_ITEM','ResourceEntity.displayNameMap','Managed Systems'),
	('MNGSYS_DSC','1','MNGSYS_NEW','ResourceEntity.displayNameMap','Create Managed System'),
	('MNGSYS_EDIT_DESC','1','MNGSYS_EDIT','ResourceEntity.displayNameMap','Edit managed system'),
	('MNGSYS_MENU_DISPLAY','1','MNGSYS','ResourceEntity.displayNameMap','Managed System'),
	('MNG_SYS_VIEWER_DESC','1','MNG_SYS_VIEWER','ResourceEntity.displayNameMap','Managed System Viewer'),
	('NEWUSER-NOAPPRV_MENU_DISPLAY','1','NEWUSER-NOAPPRV','ResourceEntity.displayNameMap','New User-NO Approver'),
	('NEWUSER_MENU_DISPLAY','1','NEWUSER','ResourceEntity.displayNameMap','New User'),
	('NEW_AUTHENTICATION_POLICY_DESC','1','NEW_AUTHENTICATION_POLICY','ResourceEntity.displayNameMap','Create New Auth Policy'),
	('NEW_AUTH_LVL_GRP_DN','1','NEW_AUTH_LVL_GRP','ResourceEntity.displayNameMap','Create New Grouping'),
	('NEW_BATCH_TASK_DESC','1','NEW_BATCH_TASK','ResourceEntity.displayNameMap','New Batch Task'),
	('NEW_GROUP_DESC','1','NEW_GROUP','ResourceEntity.displayNameMap','Create New Group'),
	('NEW_ORG_DESC','1','NEW_ORG','ResourceEntity.displayNameMap','Create New Organization'),
	('NEW_ORG_TYPE_DESC','1','NEW_ORG_TYPE','ResourceEntity.displayNameMap','New Organization Type'),
	('NEW_PASSWORD_POLICY_DESC','1','NEW_PASSWORD_POLICY','ResourceEntity.displayNameMap','Create New Pswd Policy'),
	('NEW_POLICY_ATTR_DESC','1','NEW_POLICY_ATTR','ResourceEntity.displayNameMap','New Attribute Policy'),
	('NEW_ROLE_DESC','1','NEW_ROLE','ResourceEntity.displayNameMap','Create New Role'),
	('NEW_UI_THEME_DN','1','NEW_UI_THEME','ResourceEntity.displayNameMap','New UI Theme'),
	('NEW_USER_DESC','1','NEW_USER','ResourceEntity.displayNameMap','Create New User'),
	('ORGANIZATION','1','ORGANIZATION','OrganizationTypeEntity.displayNameMap','Organization'),
	('ORGANIZATION_EDIT_ID_DESC','1','ORGANIZATION_EDIT_ID','ResourceEntity.displayNameMap','Organization Edit Menus'),
	('ORGANIZATION_ROOT_ID_DESC','1','ORGANIZATION_ROOT_ID','ResourceEntity.displayNameMap','Organization Root Menus'),
	('ORG_APROVER_ASSOC_DN','1','ORG_APROVER_ASSOC','ResourceEntity.displayNameMap','Approver Associations'),
	('ORG_MEMBERSHIP_DESC','1','ORG_MEMBERSHIP','ResourceEntity.displayNameMap','Organization Membership'),
	('ORG_MENU_DISPLAY','1','ORG','ResourceEntity.displayNameMap','Organization'),
	('ORG_SEARCH_DESC','1','ORG_SEARCH','ResourceEntity.displayNameMap','Organization Search'),
	('ORG_TYPE_EDIT_SEARCH_DESC','1','ORG_TYPE_EDIT_SEARCH','ResourceEntity.displayNameMap','Search Organization Types'),
	('ORG_TYPE_SEARCH_DESC','1','ORG_TYPE_SEARCH','ResourceEntity.displayNameMap','Search Organization Types'),
	('ORG_TYPE_SUBMENU_EDIT_DESC','1','ORG_TYPE_SUBMENU_EDIT','ResourceEntity.displayNameMap','Organization Type Edit'),
	('ORG_TYPE_SUBMENU_ROOT_DESC','1','ORG_TYPE_SUBMENU_ROOT','ResourceEntity.displayNameMap','Organization Type Root'),
	('PAGE_TEMPLATE_EDIT_DESC','1','PAGE_TEMPLATE_EDIT','ResourceEntity.displayNameMap','Page Template Edit Menu'),
	('PAGE_TEMPLATE_EDIT_NEW_DESC','1','PAGE_TEMPLATE_EDIT_NEW','ResourceEntity.displayNameMap','Create New Template'),
	('PAGE_TEMPLATE_EDIT_SEARCH_DESC','1','PAGE_TEMPLATE_EDIT_SEARCH','ResourceEntity.displayNameMap','Back to Search'),
	('PAGE_TEMPLATE_NEW_DSC','1','PAGE_TEMPLATE_NEW','ResourceEntity.displayNameMap','Create New Template'),
	('PAGE_TEMPLATE_ROOT_DESC','1','PAGE_TEMPLATE_ROOT','ResourceEntity.displayNameMap','Page Template Root Menu'),
	('PAGE_TEMPLATE_SEARCH_DESC','1','PAGE_TEMPLATE_SEARCH','ResourceEntity.displayNameMap','Search Page Templates'),
	('PASSWORD_POLICY_EDIT_DESC','1','PASSWORD_POLICY_EDIT','ResourceEntity.displayNameMap','Associate Policy Root Menu'),
	('POLICY_ATTR_EDIT_ROOTT_DESC','1','POLICY_ATTR_EDIT_ROOT','ResourceEntity.displayNameMap','Attribute Policy Edit Root Menu'),
	('POLICY_ATTR_ROOT_DESC','1','POLICY_ATTR_ROOT','ResourceEntity.displayNameMap','Attribute Policy Root Menu'),
	('POLICY_MENU_DESC','1','PASSWORD_POLICY','ResourceEntity.displayNameMap','Password Policy'),
	('POLICY_ROOT_MENU_DESC','1','PASSWORD_POLICY_ROOT_MENU','ResourceEntity.displayNameMap','Password Policy Root Menu'),
	('PROFILE_MENU_DISPLAY','1','PROFILE','ResourceEntity.displayNameMap','Edit Your Profile'),
	('PROVCONNECT_DESC','1','PROVCONNECT_MENU_ITEM','ResourceEntity.displayNameMap','Provisioning Connectors'),
	('PROVCONNECT_MENU_DISPLAY','1','PROVCONNECT','ResourceEntity.displayNameMap','Connectors'),
	('PROVISIONING_MENU_DISPLAY','1','PROVISIONING','ResourceEntity.displayNameMap','Provisioning'),
	('PROV_CONNECTOR_DSC','1','PROV_CONNECTOR_NEW','ResourceEntity.displayNameMap','Create New Connector'),
	('REPORT_MENU_DISPLAY','1','REPORT','ResourceEntity.displayNameMap','Manage Reports'),
	('REQINBOX_MENU_DISPLAY','1','REQINBOX','ResourceEntity.displayNameMap','In-Box'),
	('REQUEST_APPROVAL_DESC','1','REQUEST_APPROVAL','ResourceEntity.displayNameMap','Request Approval'),
	('RESOURCE_EDIT_PAGE_ROOT_DIS','1','RESOURCE_EDIT_PAGE_ROOT','ResourceEntity.displayNameMap','Resource Edit Page Root'),
	('RESPOLICYMAP_MENU_DISPLAY','1','RESPOLICYMAP','ResourceEntity.displayNameMap','Policy Map'),
	('RESRECONCILE_MENU_DISPLAY','1','RESRECONCILE','ResourceEntity.displayNameMap','Reconciliation'),
	('RESSUMMARY_MENU_DISPLAY','1','RESSUMMARY','ResourceEntity.displayNameMap','Resource Details'),
	('RES_APROVER_ASSOC_DN','1','RES_APROVER_ASSOC','ResourceEntity.displayNameMap','Approver Associations'),
	('RES_ENT_SUB_DIS','1','RES_ENT_SUB','ResourceEntity.displayNameMap','Entitlements'),
	('RES_TYPE_DESC','1','RES_TYPE_ITEM','ResourceEntity.displayNameMap','Resource Type'),
	('RES_TYPE_NEW_DESC','1','RES_TYPE_NEW','ResourceEntity.displayNameMap','New Resource Type'),
	('ROLE_APROVER_ASSOC_DN','1','ROLE_APROVER_ASSOC','ResourceEntity.displayNameMap','Approver Associations'),
	('ROLE_EDIT_MENU_DESC','1','ROLE_EDIT_MENU','ResourceEntity.displayNameMap','Role Root Edit Menu'),
	('ROLE_ENTITLEMENTS_DESC','1','ROLE_ENTITLEMENTS','ResourceEntity.displayNameMap','Role Entitlements'),
	('ROLE_MENUS_DESC','1','ROLE_MENUS','ResourceEntity.displayNameMap','Menus'),
	('ROLE_ROOT_MENU_DESC','1','ROLE_ROOT_MENU','ResourceEntity.displayNameMap','Role Root Menu'),
	('ROLE_SEARCH_DESC','1','ROLE_SEARCH','ResourceEntity.displayNameMap','Role Search'),
	('SEARCH_BATCH_EDIT_DESC','1','SEARCH_BATCH_EDIT','ResourceEntity.displayNameMap','Search Batch Tasks'),
	('SEARCH_BATCH_NEW_DESC','1','SEARCH_BATCH_NEW','ResourceEntity.displayNameMap','Search Batch Tasks'),
	('SECURITY_GROUP_MENU_DISPLAY','1','SECURITY_GROUP','ResourceEntity.displayNameMap','Group'),
	('SECURITY_POLICY_MENU_DISPLAY','1','SECURITY_POLICY','ResourceEntity.displayNameMap','Policy'),
	('SECURITY_RES_MENU_DISPLAY','1','SECURITY_RES','ResourceEntity.displayNameMap','Resource'),
	('SECURITY_ROLE_MENU_DISPLAY','1','SECURITY_ROLE','ResourceEntity.displayNameMap','Role'),
	('SELFCENTER_MENU_DISPLAY','1','SELFCENTER','ResourceEntity.displayNameMap','Self Service Center'),
	('SELFSERVE_SUP_SUB_DESC','1','SELFSERVE_SUP_SUB','ResourceEntity.displayNameMap','Superiors & Subordinates'),
	('SELFSERVICE_EXT_DN','1','SELFSERVICE_EXT','ResourceEntity.displayNameMap','SelfService Extension Root'),
	('SELFSERVICE_GROUPS_DN','1','SELFSERVICE_GROUPS','ResourceEntity.displayNameMap','Groups'),
	('SELFSERVICE_MENU_DISPLAY','1','SELFSERVICE','ResourceEntity.displayNameMap','SELF SERVICE'),
	('SELFSERVICE_MYAPPS_DESC','1','SELFSERVICE_MYAPPS','ResourceEntity.displayNameMap','My Applications'),
	('SELFSERVICE_MYINFO_DESC','1','SELFSERVICE_MYINFO','ResourceEntity.displayNameMap','My Info'),
	('SELFSERVICE_REPORT_DESC','1','SELFSERVICE_REPORT','ResourceEntity.displayNameMap','Report'),
	('SELFSERVICE_RESOURCES_DN','1','SELFSERVICE_RESOURCES','ResourceEntity.displayNameMap','Resources'),
	('SELFSERVICE_ROLES_DN','1','SELFSERVICE_ROLES','ResourceEntity.displayNameMap','Roles'),
	('SELFSERV_GRP_BACK_SRCH_DN','1','SELFSERV_GRP_BACK_SRCH','ResourceEntity.displayNameMap','Back to Search'),
	('SELFSERV_GRP_EDIT_DN','1','SELFSERV_GRP_EDIT','ResourceEntity.displayNameMap','Edit Group'),
	('SELFSERV_GRP_NEW_DN','1','SELFSERV_GRP_NEW','ResourceEntity.displayNameMap','Create New Group'),
	('SELFSERV_ROLE_NEW_DN','1','SELFSERV_ROLE_NEW','ResourceEntity.displayNameMap','Create New Role'),
	('SELFSERV_USER_EDIT_DESC','1','SELFSERV_USER_EDIT','ResourceEntity.displayNameMap','Edit User'),
	('SELFSERV_USER_MEMSHP_DES','1','SELFSERV_USER_MEMSHP','ResourceEntity.displayNameMap','User Entitlements'),
	('SELFSER_USER_LOGIN_DESC','1','SELFSER_USER_LOGIN','ResourceEntity.displayNameMap','Identities'),
	('SELFSER_USER_NEW_LOGIN_DESC','1','SELFSER_USER_NEW_LOGIN','ResourceEntity.displayNameMap','Create New Identity'),
	('SELFSRVS_ACCESS_MNGMNT_ORG_DESC','1','SELFSRVS_ACCESS_MNGMNT_ORG','ResourceEntity.displayNameMap','Organizations'),
	('SELFSRV_EXAMPLE_DN','1','SELFSRV_EXAMPLE','ResourceEntity.displayNameMap','Example'),
	('SELFSRV_GRP_EDIT_ROOT_DESC','1','SELFSRV_GRP_EDIT_ROOT','ResourceEntity.displayNameMap','SelfService Group Edit Root'),
	('SELFSRV_GRP_SRCH_ROOT_DESC','1','SELFSRV_GRP_SRCH_ROOT','ResourceEntity.displayNameMap','SelfService Group Root'),
	('SELFSRV_RES_BACK_SRCH_DN','1','SELFSRV_RES_BACK_SRCH','ResourceEntity.displayNameMap','Back to Search'),
	('SELFSRV_RES_EDIT_DN','1','SELFSRV_RES_EDIT','ResourceEntity.displayNameMap','Edit Resource'),
	('SELFSRV_RES_EDIT_ROOT_DESC','1','SELFSRV_RES_EDIT_ROOT','ResourceEntity.displayNameMap','SelfService Resource Edit Root'),
	('SELFSRV_RES_NEW_DN','1','SELFSRV_RES_NEW','ResourceEntity.displayNameMap','Create New Resource'),
	('SELFSRV_RES_SRCH_ROOT_DN','1','SELFSRV_RES_SRCH_ROOT','ResourceEntity.displayNameMap','SelfService Resource Root'),
	('SELFSRV_ROLE_BACK_SRCH_DN','1','SELFSRV_ROLE_BACK_SRCH','ResourceEntity.displayNameMap','Back to Search'),
	('SELFSRV_ROLE_EDIT_DN','1','SELFSRV_ROLE_EDIT','ResourceEntity.displayNameMap','Edit Role'),
	('SELFSRV_ROLE_EDIT_ROOT_DESC','1','SELFSRV_ROLE_EDIT_ROOT','ResourceEntity.displayNameMap','SelfService Role Edit Root'),
	('SELFSRV_ROLE_SRCH_ROOT_DN','1','SELFSRV_ROLE_SRCH_ROOT','ResourceEntity.displayNameMap','SelfService Role Root'),
	('SELF_QUERYUSER_MENU_DISPLAY','1','SELF_QUERYUSER','ResourceEntity.displayNameMap','Manage User'),
	('SELF_SUB_ORGS_EDIT_DESC','1','SELF_SUB_ORGS_EDIT','ResourceEntity.displayNameMap','Edit Organization'),
	('SELF_SUB_ORGS_NEW_DESC','1','SELF_SUB_ORGS_NEW','ResourceEntity.displayNameMap','New Organization'),
	('SELF_SUB_ORGS_SEARCH_DESC','1','SELF_SUB_ORGS_SEARCH','ResourceEntity.displayNameMap','Search Organization'),
	('SELF_SUB_REPORT_NEW_DSC','1','SELF_SUB_REPORT_NEW','ResourceEntity.displayNameMap','Subscribe Report'),
	('SELF_SUB_REPORT_ROOT_DESC','1','SELF_SUB_REPORT_ROOT','ResourceEntity.displayNameMap','Subscribe Report Root Menu'),
	('SELF_VIEW_REPORT_NEW_DSC','1','SELF_VIEW_REPORT_NEW','ResourceEntity.displayNameMap','Create New View Report'),
	('SELF_VIEW_REPORT_ROOT_DESC','1','SELF_VIEW_REPORT_ROOT','ResourceEntity.displayNameMap','View Report Root Menu'),
	('SS_ACCESS_REVIEW_DESC','1','SELFSERV_ACCESS_REVIEW','ResourceEntity.displayNameMap','Access Review'),
	('SS_GRP_ENT_DN','1','SS_GRP_ENT','ResourceEntity.displayNameMap','Entitlements'),
	('SS_ORG_BACK_SEARCH_DN','1','SS_ORG_BACK_SEARCH','ResourceEntity.displayNameMap','Back to Search'),
	('SS_RES_ENT_DN','1','SS_RES_ENT','ResourceEntity.displayNameMap','Entitlements'),
	('SS_ROLE_ENT_DN','1','SS_ROLE_ENT','ResourceEntity.displayNameMap','Entitlements'),
	('SS_USR_EDIT_RT_DESC','1','SELFSERV_USER_EDIT_ROOT','ResourceEntity.displayNameMap','SelfService Edit User Root'),
	('SUBSCRIBE_MENU_DESC','1','SUBSCRIBE','ResourceEntity.displayNameMap','Subscribe'),
	('SUBSIDIARY','1','SUBSIDIARY','OrganizationTypeEntity.displayNameMap','Subsidiary'),
	('SUP_SUB_PAGE_DIS','1','SUP_SUB_PAGE','ResourceEntity.displayNameMap','Superiors & Subordinates'),
	('SYNCLOG_ADMIN_DESC','1','SYNCLOG','ResourceEntity.displayNameMap','Log Viewer'),
	('SYNCLOG_DESC','1','SYNCLOG_MENU_ITEM','ResourceEntity.displayNameMap','Synchronization Transaction Log Viewer'),
	('SYNCUSER_DESC','1','SYNCUSER_MENU_ITEM','ResourceEntity.displayNameMap','Synchronization'),
	('SYNCUSER_EDIT_DESC','1','SYNCUSER_EDIT','ResourceEntity.displayNameMap','Edit Synchronization'),
	('SYNCUSER_MENU_DISPLAY','1','SYNCUSER','ResourceEntity.displayNameMap','Synchronization'),
	('SYNCUSER_NEW_DESC','1','SYNCUSER_NEW','ResourceEntity.displayNameMap','Create Synchronization'),
	('SYNCUSER_POLICYMAP_DESC','1','SYNCUSER_POLICYMAP','ResourceEntity.displayNameMap','Policy Map'),
	('SYS_ACTION','1','SYS_ACTION','ResourceTypeEntity.displayNameMap','System Action'),
	('TEMPLATE_SEARCH_CHILD_DESC','1','TEMPLATE_SEARCH_CHILD','ResourceEntity.displayNameMap','Page Template'),
	('UI_TEMPLATE','1','UI_TEMPLATE','ResourceTypeEntity.displayNameMap','UI Template'),
	('UI_THEMES_DN','1','UI_THEMES','ResourceEntity.displayNameMap','UI Themes'),
	('UI_THEME_BACK_SRCH_DN','1','UI_THEME_BACK_SRCH','ResourceEntity.displayNameMap','Back to Search'),
	('UI_THEME_EDIT_DN','1','UI_THEME_EDIT','ResourceEntity.displayNameMap','UI Theme Edit'),
	('UI_THEME_EDIT_MODIFY_DN','1','UI_THEME_EDIT_MODIFY','ResourceEntity.displayNameMap','Edit UI Theme'),
	('UI_THEME_ROOT_DN','1','UI_THEME_ROOT','ResourceEntity.displayNameMap','UI Theme Root'),
	('UI_THEME_ROOT_SRCH_DN','1','UI_THEME_ROOT_SRCH','ResourceEntity.displayNameMap','Search UI Themes'),
	('UI_WIDGET','1','UI_WIDGET','ResourceTypeEntity.displayNameMap','UI Widget'),
	('UPLOAD_CUST_PSWD_POLICY_DESC','1','UPLOAD_CUST_PSWD_POLICY','ResourceEntity.displayNameMap','Custom Pswd Policy'),
	('URI_META_BACK_DESC','1','URI_META_BACK','ResourceEntity.displayNameMap','Back To Pattern'),
	('URI_META_EDIT_DESC','1','URI_META_EDIT','ResourceEntity.displayNameMap','URI Meta Root Item'),
	('URI_PATTERN_EDIT_DESC','1','URI_PATTERN_EDIT','ResourceEntity.displayNameMap','URI Pattern Edit Menu'),
	('URI_PATTERN_EDIT_PATTERN_DESC','1','URI_PATTERN_EDIT_PATTERN','ResourceEntity.displayNameMap','Edit URI Pattern'),
	('URI_PATTERN_EDNW_PATTERN_DESC','1','URI_PATTERN_EDIT_NEW_PATTERN','ResourceEntity.displayNameMap','Create URI Pattern'),
	('URI_PATTERN_EDT_PROV_SEARCH_DESC','1','URI_PATTERN_EDT_PROV_SEARCH','ResourceEntity.displayNameMap','Content Provider Search'),
	('URL_PATTERN','1','URL_PATTERN','ResourceTypeEntity.displayNameMap','Url Pattern'),
	('USER_ATTRIBUTES_DESC','1','USER_ATTRIBUTES','ResourceEntity.displayNameMap','User Attributes'),
	('USER_BULK_MENU_DISPLAY','1','USER_BULK','ResourceEntity.displayNameMap','User Bulk Ops'),
	('USER_DELEGATION_DESC','1','USER_DELEGATION','ResourceEntity.displayNameMap','User Delegation Filter'),
	('USER_EDIT_CONTACT_INFO_DESC','1','USER_EDIT_CONTACT_INFO','ResourceEntity.displayNameMap','Contact Info'),
	('USER_EDIT_INFO_DESC','1','USER_EDIT_INFO','ResourceEntity.displayNameMap','User Info'),
	('USER_EDIT_MENU_DESC','1','USER_EDIT_MENU','ResourceEntity.displayNameMap','User Root Edit Menu'),
	('USER_ENTITLEMENTS_DESC','1','USER_ENTITLEMENTS','ResourceEntity.displayNameMap','User Entitlements'),
	('USER_HISTORY_DESC','1','USER_HISTORY','ResourceEntity.displayNameMap','User History'),
	('USER_IDENTITY_DESC','1','USER_IDENTITY','ResourceEntity.displayNameMap','User Identities'),
	('USER_MENUS_DESC','1','USER_MENUS','ResourceEntity.displayNameMap','Menus'),
	('USER_MENU_DESC','1','USER','ResourceEntity.displayNameMap','User'),
	('USER_RESET_PASSWORD_DESC','1','USER_RESET_PASSWORD','ResourceEntity.displayNameMap','Reset Password'),
	('USER_ROOT_MENU_DESC','1','USER_ROOT_MENU','ResourceEntity.displayNameMap','User Root Menu'),
	('USER_SEARCH_DESC','1','USER_SEARCH','ResourceEntity.displayNameMap','User Search'),
	('VIEW_MENU_DESC','1','VIEW','ResourceEntity.displayNameMap','View'),
	('WEB_REPORT_DESC','1','WEB_REPORT','ResourceEntity.displayNameMap','Report'),
	('WEB_REPORT_NEW_DSC','1','WEB_REPORT_NEW','ResourceEntity.displayNameMap','Create New Report'),
	('WEB_REPORT_ROOT_DESC','1','WEB_REPORT_ROOT','ResourceEntity.displayNameMap','Report Root Menu');

INSERT INTO `MANAGED_SYS` (`MANAGED_SYS_ID`, `NAME`, `DESCRIPTION`, `STATUS`, `CONNECTOR_ID`, `HOST_URL`, `APPL_URL`, `PORT`, `COMM_PROTOCOL`, `USER_ID`, `PSWD`, `START_DATE`, `END_DATE`, `RESOURCE_ID`, `PRIMARY_REPOSITORY`, `SECONDARY_REPOSITORY_ID`, `ALWAYS_UPDATE_SECONDARY`, `RES_DEPENDENCY`, `ADD_HNDLR`, `MODIFY_HNDLR`, `DELETE_HNDLR`, `SETPASS_HNDLR`, `SUSPEND_HNDLR`, `SEARCH_HNDLR`, `LOOKUP_HNDLR`, `TEST_CONNECTION_HNDLR`, `RECONCILE_RESOURCE_HNDLR`, `HNDLR_5`, `DRIVER_URL`, `CONNECTION_STRING`, `ATTRIBUTE_NAMES_LOOKUP`, `ATTRIBUTE_NAMES_HNDLR`, `SEARCH_SCOPE`, `RESUME_HNDLR`) VALUES 
	('0','OPENIAM','Primary IDENTITY','ACTIVE',NULL,NULL,NULL,NULL,NULL,NULL,NULL,NULL,NULL,'0',NULL,NULL,NULL,NULL,NULL,NULL,NULL,NULL,NULL,NULL,NULL,NULL,NULL,NULL,NULL,NULL,NULL,NULL,2,NULL),
	('101','LDAP','Primary Directory','ACTIVE','51','ldap://',NULL,389,'CLEAR',NULL,NULL,NULL,NULL,'101',NULL,NULL,NULL,NULL,NULL,NULL,NULL,NULL,NULL,NULL,NULL,NULL,NULL,NULL,NULL,NULL,NULL,NULL,2,NULL),
	('103','Google Apps Connector','Google Apps Connector','ACTIVE','54','',NULL,NULL,'CLEAR',NULL,NULL,NULL,NULL,'103',NULL,NULL,NULL,NULL,NULL,NULL,NULL,NULL,NULL,NULL,NULL,NULL,NULL,NULL,NULL,NULL,NULL,NULL,2,NULL),
	('104','Script_CONNECTOR','Groovy script connector','ACTIVE','62',NULL,NULL,NULL,'CLEAR',NULL,NULL,NULL,NULL,'104',0,NULL,NULL,NULL,'groovy/example/AddScriptConnector.groovy','groovy/example/ModifyScriptConnector.groovy','groovy/example/DeleteScriptConnector.groovy',NULL,NULL,'groovy/example/SearchScriptConnector.groovy','groovy/example/LookupScriptConnector.groovy','groovy/example/TestScriptConnector.groovy',NULL,NULL,NULL,NULL,NULL,NULL,2,NULL),
	('105','Linux CONNECTOR','Linux CONNECTOR','ACTIVE','63','',NULL,NULL,'CLEAR',NULL,NULL,NULL,NULL,'105',NULL,NULL,NULL,NULL,NULL,NULL,NULL,NULL,NULL,NULL,NULL,NULL,NULL,NULL,NULL,NULL,NULL,NULL,2,NULL),
	('106','MySQL CONNECTOR','MySQL CONNECTOR','ACTIVE','64','',NULL,NULL,'CLEAR',NULL,NULL,NULL,NULL,'106',NULL,NULL,NULL,NULL,NULL,NULL,NULL,NULL,NULL,NULL,NULL,NULL,NULL,NULL,NULL,NULL,NULL,NULL,2,NULL),
	('110','ACTIVE DIRECTORY','ACTIVE DIRECTORY','ACTIVE','51','ldaps://',NULL,636,'CLEAR',NULL,NULL,NULL,NULL,'110',NULL,NULL,NULL,NULL,NULL,NULL,NULL,NULL,NULL,NULL,NULL,NULL,NULL,NULL,NULL,NULL,NULL,NULL,2,NULL),
	('111','Oracle Connector','Oracle Connector','ACTIVE','65','',NULL,NULL,'CLEAR',NULL,NULL,NULL,NULL,'111',NULL,NULL,NULL,NULL,NULL,NULL,NULL,NULL,NULL,NULL,NULL,NULL,NULL,NULL,NULL,NULL,NULL,NULL,2,NULL),
	('113','AppTableMSys',NULL,'ACTIVE','61',NULL,NULL,NULL,'CLEAR','root',NULL,NULL,NULL,'113',0,NULL,0,NULL,NULL,NULL,NULL,NULL,NULL,'GROUP=GRP_ID,GRP_NAME;',NULL,NULL,NULL,NULL,'com.mysql.jdbc.Driver','jdbc:mysql://localhost/test',NULL,NULL,2,NULL),
	('150','PEOPLESOFT DB CONNECTOR','PEOPLESOFT DB CONNECTOR','ACTIVE','100',NULL,NULL,NULL,'CLEAR','root',NULL,NULL,NULL,'150',0,NULL,0,NULL,NULL,NULL,NULL,NULL,NULL,NULL,NULL,NULL,NULL,NULL,'oracle.jdbc.driver.OracleDriver','jdbc:oracle:thin:@localhost:1521:mkyong',NULL,NULL,2,NULL);

INSERT INTO `ORG_TYPE_VALID_MEMBERSHIP` (`ORG_TYPE_ID`, `MEMBER_ORG_TYPE_ID`) VALUES 
	('DIVISION','DEPARTMENT'),
	('ORGANIZATION','DEPARTMENT'),
	('ORGANIZATION','DIVISION'),
	('SUBSIDIARY','DIVISION'),
	('ORGANIZATION','SUBSIDIARY');

INSERT INTO `POLICY_DEF_PARAM` (`DEF_PARAM_ID`, `POLICY_DEF_ID`, `NAME`, `DESCRIPTION`, `OPERATION`, `VALUE1`, `VALUE2`, `REPEATS`, `PARAM_GROUP`, `HANDLER_LANGUAGE`, `POLICY_PARAM_HANDLER`) VALUES 
	('110','100','PWD_HIST_VER','Password history versions',NULL,NULL,NULL,0,'PSWD_COMPOSITION',NULL,'org.openiam.idm.srvc.pswd.rule.PasswordHistoryRule'),
	('111','100','PWD_EXPIRATION','Password expiration',NULL,NULL,NULL,0,'PSWD_CHANGE_RULE',NULL,''),
	('112','100','PWD_LEN','Password length','RANGE',NULL,NULL,0,'PSWD_COMPOSITION',NULL,'org.openiam.idm.srvc.pswd.rule.PasswordLengthRule'),
	('113','100','NUMERIC_CHARS','Numeric characters(Min-Max)','RANGE',NULL,NULL,0,'PSWD_COMPOSITION',NULL,'org.openiam.idm.srvc.pswd.rule.NumericCharRule'),
	('114','100','UPPERCASE_CHARS','Uppercase characters(Min-Max)','RANGE',NULL,NULL,0,'PSWD_COMPOSITION',NULL,'org.openiam.idm.srvc.pswd.rule.UpperCaseRule'),
	('115','100','LOWERCASE_CHARS','Lowercase characters(Min-Max)','RANGE',NULL,NULL,0,'PSWD_COMPOSITION',NULL,'org.openiam.idm.srvc.pswd.rule.LowerCaseRule'),
	('116','100','NON_ALPHA_CHARS','Non-alpha numeric symbols(Min-Max)','RANGE',NULL,NULL,0,'PSWD_COMPOSITION',NULL,'org.openiam.idm.srvc.pswd.rule.NonAlphaNumericRule'),
	('117','100','ALPHA_CHARS','Alpha character(Min-Max)','RANGE',NULL,NULL,0,'PSWD_COMPOSITION',NULL,'org.openiam.idm.srvc.pswd.rule.AlphaCharRule'),
	('121','100','PWD_LOGIN','Reject password = Login Id','boolean',NULL,NULL,0,'PSWD_COMPOSITION',NULL,'org.openiam.idm.srvc.pswd.rule.PasswordNotPrincipalRule'),
	('122','100','PWD_NAME','Reject password = First / Last name','boolean',NULL,NULL,0,'PSWD_COMPOSITION',NULL,'org.openiam.idm.srvc.pswd.rule.PasswordNotNameRule'),
	('129','100','PWD_EXP_WARN','Days to password expiration warning',NULL,NULL,NULL,0,'PSWD_CHANGE_RULE',NULL,NULL),
	('130','100','QUEST_COUNT','Number of questions to display',NULL,NULL,NULL,0,'FORGET_PSWD',NULL,NULL),
	('132','100','QUEST_LIST','Question list',NULL,NULL,NULL,0,'FORGET_PSWD',NULL,NULL),
	('133','100','PWD_EXP_GRACE','Password expiration grace period',NULL,NULL,NULL,0,'PSWD_CHANGE_RULE',NULL,''),
	('134','100','CHNG_PSWD_ON_RESET','Change Password after reset',NULL,NULL,NULL,0,'PSWD_CHANGE_RULE',NULL,''),
	('138','100','PWD_EQ_PWD','RejectPassword Equals password',NULL,NULL,NULL,0,'PSWD_COMPOSITION',NULL,'org.openiam.idm.srvc.pswd.rule.PasswordNotPasswordRule'),
	('139','100','RESET_BY_USER','Reject reset by user',NULL,NULL,NULL,0,'PSWD_CHANGE_RULE',NULL,'org.openiam.idm.srvc.pswd.rule.ChangePasswordByUserRule'),
	('142','100','PASSWORD_CHANGE_ALLOWED','Determines how many times you are allowed to change your password',NULL,NULL,NULL,0,'PSWD_CHANGE_RULE',NULL,'org.openiam.idm.srvc.pswd.rule.PasswordChangeAllowedRule'),
	('151','103','AUTO_UNLOCK_TIME','UnLock account in n minutes',NULL,NULL,NULL,0,NULL,NULL,NULL),
	('152','103','TOKEN_TYPE','SSO Token Type',NULL,NULL,NULL,0,NULL,NULL,NULL),
	('153','103','LOGIN_MODULE_SEL_POLCY','Policy to select the login module',NULL,NULL,NULL,0,NULL,NULL,NULL),
	('154','103','SUCCESS_URL','URL to forward on authn success',NULL,NULL,NULL,0,NULL,NULL,NULL),
	('155','103','FAIL_URL','URL to forward on authn fail',NULL,NULL,NULL,0,NULL,NULL,NULL),
	('157','103','FAILED_AUTH_COUNT','Failed Authentication Attempts',NULL,NULL,NULL,0,NULL,NULL,NULL),
	('158','103','DEFAULT_LOGIN_MOD','Default Login Module',NULL,NULL,NULL,0,NULL,NULL,NULL),
	('159','103','TOKEN_LIFE','SSO Token Type Life',NULL,NULL,NULL,0,NULL,NULL,NULL),
	('162','103','TOKEN_ISSUER','Issuer of the SSO Token',NULL,NULL,NULL,0,NULL,NULL,NULL),
	('163','103','LOGIN_MOD_TYPE','Type of authentication module',NULL,NULL,NULL,0,NULL,NULL,NULL),
	('164','103','AUTH_REPOSITORY','Authentication Repository',NULL,NULL,NULL,0,NULL,NULL,NULL),
	('170','100','REJECT_CHARS_IN_PSWD','Characters not allowed in a password',NULL,NULL,NULL,0,'PSWD_COMPOSITION',NULL,'org.openiam.idm.srvc.pswd.rule.RejectCharactersRule'),
	('171','100','QUEST_ANSWER_CORRECT','Number of answers that are required to be correct',NULL,NULL,NULL,0,'FORGET_PSWD',NULL,NULL),
	('172','103','HOST_LOGIN','Login to the host',NULL,NULL,NULL,0,NULL,NULL,NULL),
	('173','103','HOST_PASSWORD','Password to the host',NULL,NULL,NULL,0,NULL,NULL,NULL),
	('174','103','BASEDN','Type of authentication module',NULL,NULL,NULL,0,NULL,NULL,NULL),
	('175','103','PROTOCOL','Protocol',NULL,NULL,NULL,0,NULL,NULL,NULL),
	('176','103','KEY_ATTRIBUTE','Name of the Primary Key Attribute',NULL,NULL,NULL,0,NULL,NULL,NULL),
	('178','103','MANAGED_SYS_ID','Managed system Id',NULL,NULL,NULL,0,NULL,NULL,NULL),
	('179','103','HOST_URL','URL of the host system',NULL,NULL,NULL,0,NULL,NULL,NULL),
	('180','100','MIN_WORDS_PASSPHRASE','Minimum number of words in the phrase',NULL,'',NULL,NULL,'PSWD_COMPOSITION',NULL,'org.openiam.idm.srvc.pswd.rule.PassphraseMinWordsRule'),
	('181','100','REPEAT_SAME_WORD_PASSPHRASE','Repetition of the same word in the phrase',NULL,NULL,NULL,NULL,'PSWD_COMPOSITION',NULL,'org.openiam.idm.srvc.pswd.rule.PassphraseRepeatWordRule'),
	('182','100','LIMIT_NUM_REPEAT_CHAR','Limit the repetition of same character',NULL,NULL,NULL,NULL,'PSWD_COMPOSITION',NULL,'org.openiam.idm.srvc.pswd.rule.LimitNumberRepeatCharRule'),
	('183','100','PWD_PASSWORD','Cannot repeat same Password',NULL,NULL,NULL,NULL,'PSWD_COMPOSITION',NULL,'org.openiam.idm.srvc.pswd.rule.PasswordNotPasswordRule'),
	('NUM_DAYS_FRGT_PWD_TOKEN_VALID','100','NUM_DAYS_FORGET_PWD_TOKEN_VALID','Number of days the forgot password token is valid',NULL,NULL,NULL,NULL,'FORGET_PSWD',NULL,NULL);

INSERT INTO `RECONCILIATION_SITUATION` (`RECON_SITUATION_ID`, `RECON_CONFIG_ID`, `SITUATION`, `SITUATION_RESP`, `SCRIPT`) VALUES 
	('4028b881373b90e501373b92ec1f0002','4028b881373b90e501373b92ec180001','Match Found','UPD_IDM_USER','/recon/LDAPPopulationScript.groovy'),
	('4028b881373b90e501373b92ec1f0003','4028b881373b90e501373b92ec180001','Login Not Found','CREATE_RES_ACCOUNT',''),
	('4028b881373b90e501373b92ec1f0004','4028b881373b90e501373b92ec180001','IDM Delete','DEL_RES_ACCOUNT',''),
	('4028b881373b90e501373b92ec1f0005','4028b881373b90e501373b92ec180001','Resource Delete','CREATE_RES_ACCOUNT',''),
	('4028b881373b90e501373b92ec200006','4028b881373b90e501373b92ec180001','IDM Not Found','CREATE_IDM_ACCOUNT','/recon/LDAPPopulationScript.groovy');

INSERT INTO `REPORT_CRITERIA_PARAMETER` (`RCP_ID`, `REPORT_INFO_ID`, `PARAM_NAME`, `PARAM_VALUE`, `RCPT_ID`, `PARAM_META_TYPE_ID`, `IS_MULTIPLE`, `IS_REQUIRED`, `CAPTION`) VALUES 
	('1011','101','ROLE',NULL,'1','ROLE','Y','N','Role'),
	('1012','101','STATUS',NULL,'1','USER_STATUS','N','N','Status'),
	('1013','101','SECONDARY_STATUS',NULL,'1','USER_SEC_STATUS','N','N','User secondary status'),
	('1014','101','ORG_ID',NULL,'1','ORGANIZATION','Y','N','Organization'),
	('1021','102','ACTION_ID',NULL,'1','ACTION','N','N','Audit action'),
	('1022','102','ACTION_DATETIME_START',NULL,'2',NULL,'N','Y','Start date'),
	('1023','102','ACTION_DATETIME_END',NULL,'2',NULL,'N','N','End date'),
	('1024','102','USER_ID',NULL,'1','USER','N','N','User'),
	('1031','103','MANAGED_SYS_ID',NULL,'1','MANAGED_SYSTEM','N','Y','Managed system'),
	('1041','104','CONFIG_ID',NULL,'1',NULL,'N','Y','Configuration'),
	('1042','104','AUDIT_LOG_ID',NULL,'1',NULL,'N','N','Audit');

SET FOREIGN_KEY_CHECKS=0;

INSERT INTO `RES` (`RESOURCE_ID`, `RESOURCE_TYPE_ID`, `DESCRIPTION`, `NAME`, `DISPLAY_ORDER`, `URL`, `MIN_AUTH_LEVEL`, `IS_PUBLIC`, `ADMIN_RESOURCE_ID`, `RISK`, `TYPE_ID`) VALUES 
	('0','MANAGED_SYS',NULL,'OPENIAM',1,NULL,NULL,'Y',NULL,NULL,NULL),
	('101','MANAGED_SYS',NULL,'LDAP',2,NULL,NULL,'Y',NULL,NULL,NULL),
	('103','MANAGED_SYS',NULL,'Google App Con',3,NULL,NULL,'Y',NULL,NULL,NULL),
	('104','MANAGED_SYS','','Groovy Script Con',4,NULL,NULL,'Y',NULL,NULL,NULL),
	('105','MANAGED_SYS',NULL,'Linux Con',5,NULL,NULL,'Y',NULL,NULL,NULL),
	('106','MANAGED_SYS',NULL,'MySQL Con',6,NULL,NULL,'Y',NULL,NULL,NULL),
	('110','MANAGED_SYS',NULL,'ACTIVE DIRECTORY',3,NULL,NULL,'Y',NULL,NULL,NULL),
	('111','MANAGED_SYS',NULL,'Oracle Connector',4,NULL,NULL,'Y',NULL,NULL,NULL),
	('112','ADMIN_RESOURCE',NULL,'RES_ADMIN_AppTable',NULL,NULL,NULL,'Y',NULL,NULL,NULL),
	('113','MANAGED_SYS',NULL,'AppTableMSys',NULL,NULL,NULL,'N','112',NULL,NULL),
	('150','MANAGED_SYS',NULL,'PEOPLE_SOFT_M_SYS',NULL,NULL,NULL,'N','151',NULL,NULL),
	('151','ADMIN_RESOURCE',NULL,'RES_ADMIN_PEOPLE_SOFT',NULL,NULL,NULL,'Y',NULL,NULL,NULL),
	('ABOUT','MENU_ITEM','About OpenIAM','ABOUT',3,'/webconsole/about.html',NULL,'N',NULL,NULL,NULL),
	('ABOUT_ROOT_MENU','MENU_ITEM','About OpenIAM','ABOUT_ROOT_MENU',1,NULL,NULL,'N',NULL,NULL,NULL),
	('ACCESSCENTER','MENU_ITEM','Access Management Center','ACCESSCENTER',1,NULL,NULL,'N',NULL,NULL,NULL),
	('ACC_CONTROL','MENU_ITEM','Access Control','ACC_CONTROL',2,'javascript:void(0);',NULL,'N',NULL,NULL,NULL),
	('ADMIN','MENU_ITEM','Administration','ADMIN',6,'javascript:void(0);',NULL,'N',NULL,NULL,NULL),
	('ADMIN_BATCH_TASKS','MENU_ITEM','Batch Tasks','ADMIN_BATCH_TASKS',1,'/webconsole-idm/provisioning/batchTaskSearch.html',NULL,'N',NULL,NULL,NULL),
	('AM_PROV_AM_ATTR','MENU_ITEM','Create Authentication Provider','AM_PROV_AM_ATTR',1,'/webconsole-am/authProviderAMAttributes.html',NULL,'N',NULL,NULL,NULL),
	('AM_PROV_EDIT','MENU_ITEM','Authentication Provider Edit Menu','AM_PROV_EDIT',1,NULL,NULL,'N',NULL,NULL,NULL),
	('AM_PROV_EDIT_CURRENT','MENU_ITEM','Back to Search','AM_PROV_EDIT_CURRENT',1,'/webconsole-am/editAuthProvider.html',NULL,'N',NULL,NULL,NULL),
	('AM_PROV_EDIT_SEARCH','MENU_ITEM','Back to Search','AM_PROV_EDIT_SEARCH',1,'/webconsole-am/authenticationProviders.html',NULL,'N',NULL,NULL,NULL),
	('AM_PROV_NEW','MENU_ITEM','Create Authentication Provider','AM_PROV_NEW',1,'/webconsole-am/newAuthProvider.html',NULL,'N',NULL,NULL,NULL),
	('AM_PROV_NEW_EDIT','MENU_ITEM','Create Authentication Provider','AM_PROV_NEW_EDIT',1,'/webconsole-am/newAuthProvider.html',NULL,'N',NULL,NULL,NULL),
	('AM_PROV_ROOT','MENU_ITEM','Authentication Provider Root Menu','AM_PROV_ROOT',1,NULL,NULL,'N',NULL,NULL,NULL),
	('AM_PROV_SEARCH','MENU_ITEM','Search Authentication Providers','AM_PROV_SEARCH',1,'/webconsole-am/authenticationProviders.html',NULL,'N',NULL,NULL,NULL),
	('AM_PROV_SEARCH_CHILD','MENU_ITEM','Authentication Provider Search','AM_PROV_SEARCH_CHILD',1,'/webconsole-am/authenticationProviders.html',NULL,'N',NULL,NULL,NULL),
	('ASSOC_POLICY','MENU_ITEM','Associate Policy','ASSOC_POLICY',1,'/webconsole/assocPasswordPolicy.html',NULL,'N',NULL,NULL,NULL),
	('ATTRIBUTE_POLICY','MENU_ITEM','Attribute policy','ATTRIBUTE_POLICY',2,'/webconsole/attributePolicy.html',NULL,'N',NULL,NULL,NULL),
	('AUDITREPORT','MENU_ITEM','Audit Information Reports','AUDITREPORT',2,'',NULL,'N',NULL,NULL,NULL),
	('AUDIT_RPT','MENU_ITEM','Audit Report','AUDIT_RPT',1,'auditReport.cnt',NULL,'N',NULL,NULL,NULL),
	('AUTHENTICATION_POLICY','MENU_ITEM','Authentication policy','AUTHENTICATION_POLICY',2,'/webconsole/authenticationPolicy.html',NULL,'Y',NULL,NULL,NULL),
	('AUTHENTICATION_POLICY_ROOT_MENU','MENU_ITEM','Root for Authentication policy Context Menu','AUTHENTICATION_POLICY_ROOT_MENU',1,NULL,NULL,'N',NULL,NULL,NULL),
	('AUTH_LEVEL_GRP','MENU_ITEM','Authentication Levels','AUTH_LEVEL_GRP',1,'/webconsole-am/authLevelGroupings.html',NULL,'Y',NULL,NULL,NULL),
	('AUTH_LVL_GRP_ATTR','MENU_ITEM','Auth Level Grouping Attribute Root','AUTH_LVL_GRP_ATTR',1,NULL,NULL,'Y',NULL,NULL,NULL),
	('AUTH_LVL_GRP_EDIT_ROOT','MENU_ITEM','Auth Level Grouping Edit Root','AUTH_LVL_GRP_EDIT_ROOT',1,NULL,NULL,'Y',NULL,NULL,NULL),
	('AUTH_LVL_GRP_NEW_ROOT','MENU_ITEM','Auth Level Grouping Root','AUTH_LVL_GRP_NEW_ROOT',1,NULL,NULL,'Y',NULL,NULL,NULL),
	('BACK_TO_AUTH_LVL','MENU_ITEM','Back to Grouping','BACK_TO_AUTH_LVL',1,'/webconsole-am/editAuthLevelGrouping.html',NULL,'Y',NULL,NULL,NULL),
	('BACK_TO_AUTH_LVL_GRP_SRH','MENU_ITEM','Back to Search','BACK_TO_AUTH_LVL_GRP_SRH',1,'/webconsole-am/authLevelGroupings.html',NULL,'Y',NULL,NULL,NULL),
	('BACK_TO_CP','MENU_ITEM','Back To Content Provider','BACK_TO_CP',1,'/webconsole-am/editContentProvider.html',NULL,'N',NULL,NULL,NULL),
	('BATCH_PROC','MENU_ITEM','Batch Processes','BATCH_PROC',4,'batchList.cnt',NULL,'N',NULL,NULL,NULL),
	('BATCH_TASK_EDIT','MENU_ITEM','Batch Task Edit','BATCH_TASK_EDIT',1,NULL,NULL,'N',NULL,NULL,NULL),
	('BATCH_TASK_ROOT','MENU_ITEM','Batch Task Root','BATCH_TASK_ROOT',1,NULL,NULL,'N',NULL,NULL,NULL),
	('BULK_OPS','MENU_ITEM','User Bulk Operations Root','BULK_OPS',1,'/webconsole/bulkOperations.html',NULL,'N',NULL,NULL,NULL),
	('CHALLENGE','MENU_ITEM','Challenge Quest','CHALLENGE',3,'challengeQuestList.cnt',NULL,'N',NULL,NULL,NULL),
	('CHALLENGE_RESPONSE_QUESTION','MENU_ITEM','Challenge Response Question','CHALLENGE_RESPONSE_QUESTION',3,'/webconsole/challengeResponseQuestion.html',NULL,'N',NULL,NULL,NULL),
	('CHALLENGE_RESPONSE_QUESTION_NEW','MENU_ITEM','New Question','CHALLENGE_RESPONSE_QUESTION_NEW',1,'/webconsole/editChallengeResponseQuestion.html',NULL,'N',NULL,NULL,NULL),
	('CHALLENGE_RESPONSE_QUESTION_ROOT','MENU_ITEM','Challenge Response Question Root Menu','CHALLENGE_RESPONSE_QUESTION_ROOT',1,NULL,NULL,'N',NULL,NULL,NULL),
	('CHNGPSWD','MENU_ITEM','Change Password','CHNGPSWD',3,'/idp/changePassword.html',NULL,'Y',NULL,NULL,NULL),
	('CONF_POLICY_PAGE','MENU_ITEM','Configure IT Policy','IT_POLICY_PAGE',1,'/webconsole/configurePolicy.html',NULL,'N',NULL,NULL,NULL),
	('CONTENT_PROV_EDIT','MENU_ITEM','Content Provider Edit Menu','CONTENT_PROV_EDIT',1,NULL,NULL,'N',NULL,NULL,NULL),
	('CONTENT_PROV_EDIT_CURRENT','MENU_ITEM','Edit Current Provider','CONTENT_PROV_EDIT_CURRENT',1,'/webconsole-am/editContentProvider.html',NULL,'N',NULL,NULL,NULL),
	('CONTENT_PROV_EDIT_SEARCH','MENU_ITEM','Back to Search','CONTENT_PROV_EDIT_SEARCH',1,'/webconsole-am/contentProviders.html',NULL,'N',NULL,NULL,NULL),
	('CONTENT_PROV_NEW','MENU_ITEM','Create Content Provider','CONTENT_PROV_NEW',1,'/webconsole-am/newContentProvider.html',NULL,'N',NULL,NULL,NULL),
	('CONTENT_PROV_NEW_EDIT','MENU_ITEM','Create Content Provider','CONTENT_PROV_NEW_EDIT',1,'/webconsole-am/newContentProvider.html',NULL,'N',NULL,NULL,NULL),
	('CONTENT_PROV_ROOT','MENU_ITEM','Content Provider Root Menu','CONTENT_PROV_ROOT',1,NULL,NULL,'N',NULL,NULL,NULL),
	('CONTENT_PROV_SEARCH','MENU_ITEM','Search Content Providers','CONTENT_PROV_SEARCH',1,'/webconsole-am/contentProviders.html',NULL,'N',NULL,NULL,NULL),
	('CONTENT_PROV_SEARCH_CHILD','MENU_ITEM','Content Provider Search','CONTENT_PROV_SEARCH_CHILD',1,'/webconsole-am/contentProviders.html',NULL,'N',NULL,NULL,NULL),
	('CREATEREQ','MENU_ITEM','Change Access','CREATEREQ',4,'/selfservice/users.html',NULL,'N',NULL,NULL,NULL),
	('CREATE_RESOURCE_MENU','MENU_ITEM','Resource for Menu Creation','CREATE_RESOURCE_MENU',1,'/webconsole/editResource.html',NULL,'N',NULL,NULL,NULL),
	('CUSTOM_FIELD_EDIT','MENU_ITEM','Custom Field Edit Menu','CUSTOM_FIELD_EDIT',1,NULL,NULL,'N',NULL,NULL,NULL),
	('CUSTOM_FIELD_EDIT_NEW','MENU_ITEM','Create New Custom Field','CUSTOM_FIELD_EDIT_NEW',1,'/webconsole/newCustomField.html',NULL,'N',NULL,NULL,NULL),
	('CUSTOM_FIELD_EDIT_SEARCH','MENU_ITEM','Back to Search','CUSTOM_FIELD_EDIT_SEARCH',1,'/webconsole/customFields.html',NULL,'N',NULL,NULL,NULL),
	('CUSTOM_FIELD_NEW','MENU_ITEM','Create New Custom Field','CUSTOM_FIELD_NEW',1,'/webconsole/newCustomField.html',NULL,'N',NULL,NULL,NULL),
	('CUSTOM_FIELD_ROOT','MENU_ITEM','Custom Field Root Menu','CUSTOM_FIELD_ROOT',1,NULL,NULL,'N',NULL,NULL,NULL),
	('CUSTOM_FIELD_SEARCH','MENU_ITEM','Search Custom Fields','CUSTOM_FIELD_SEARCH',1,'/webconsole/customFields.html',NULL,'N',NULL,NULL,NULL),
	('CUSTOM_FIELD_SEARCH_CHILD','MENU_ITEM','Custom Field Search','CUSTOM_FIELD_SEARCH_CHILD',1,'/webconsole/customFields.html',NULL,'N',NULL,NULL,NULL),
	('DELG_FILTER','MENU_ITEM','Delegation Filter','DELG_FILTER',8,'userDelegationFilter.cnt',NULL,'N',NULL,NULL,NULL),
	('DIR_LOOKUP_PAGE','MENU_ITEM','Directory Lookup','DIR_LOOKUP_PAGE',5,'/selfservice/dirLookup.html',NULL,'N',NULL,NULL,NULL),
	('EDIT_BATCH_TASK','MENU_ITEM','Edit Batch Task','EDIT_BATCH_TASK',1,'/webconsole-idm/provisioning/batchTask.html',NULL,'N',NULL,NULL,NULL),
	('EDIT_GROUP','MENU_ITEM','Edit Group','EDIT_GROUP',1,'/webconsole/editGroup.html',NULL,'N',NULL,NULL,NULL),
	('EDIT_ORG','MENU_ITEM','Edit Organization','EDIT_ORG',1,'/webconsole/editOrganization.html',NULL,'N',NULL,NULL,NULL),
	('EDIT_ORG_MEMBERSHIP','MENU_ITEM','Membership','EDIT_ORG_MEMBERSHIP',1,'/webconsole/organizationTypeMembership.html',NULL,'N',NULL,NULL,NULL),
	('EDIT_ORG_TYPE','MENU_ITEM','Edit Organization Type','EDIT_ORG_TYPE',1,'/webconsole/organizationTypeEdit.html',NULL,'N',NULL,NULL,NULL),
	('EDIT_ORG_TYPE_IDMAN','MENU_ITEM','Membership','EDIT_ORG_TYPE_IDMAN',1,'/webconsole/organizationTypeSearch.html',NULL,'N',NULL,NULL,NULL),
	('EDIT_POLICY_ATTR_SRCH_BCK','MENU_ITEM','Back to Search','EDIT_POLICY_ATTR_SRCH_BCK',2,'/webconsole/attributePolicy.html',NULL,'N',NULL,NULL,NULL),
	('EDIT_RESOURCE','MENU_ITEM','Edit Resource','EDIT_RESOURCE',1,'/webconsole/editResource.html',NULL,'N',NULL,NULL,NULL),
	('EDIT_ROLE','MENU_ITEM','Role Menus','EDIT_ROLE',1,'/webconsole/editRole.html',NULL,'N',NULL,NULL,NULL),
	('GROUP_EDIT_MENU','MENU_ITEM','Group Edit Menus','GROUP_EDIT_MENU',1,NULL,NULL,'N',NULL,NULL,NULL),
	('GROUP_ENTITLEMENTS','MENU_ITEM','Group Entitlements','GROUP_ENTITLEMENTS',1,'/webconsole/groupEntitlements.html',NULL,'N',NULL,NULL,NULL),
	('GROUP_MENUS','MENU_ITEM','Group Menus','GROUP_MENUS',1,'/webconsole/groupMenuTree.html',NULL,'N',NULL,NULL,NULL),
	('GROUP_ROOT_MENU','MENU_ITEM','Group Menus','GROUP_ROOT_MENU',1,'/webconsole/groups.html',NULL,'N',NULL,NULL,NULL),
	('GROUP_SEARCH','MENU_ITEM','Group Search','GROUP_SEARCH',1,'/webconsole/groups.html',NULL,'N',NULL,NULL,NULL),
	('GRP_APROVER_ASSOC','MENU_ITEM','Approver Associations','GRP_APROVER_ASSOC',1,'/webconsole-idm/provisioning/groupApproverAssociations.html',NULL,'N',NULL,NULL,NULL),
	('IDM','MENU_ITEM','IDENTITY MANAGER','IDM',1,'javascript:void(0);',NULL,'Y',NULL,NULL,NULL),
	('IDMAN','MENU_ITEM','User Admin','IDMAN',1,'/webconsole/users.html',NULL,'N',NULL,NULL,NULL),
	('IDQUEST','MENU_ITEM','Challenge Response','IDQUEST',4,'/selfservice/challengeResponse.html',NULL,'Y',NULL,NULL,NULL),
	('IMPERSIONATION_MENU','MENU_ITEM','Impersonation','IMPERSIONATION_MENU',1,'/webconsole/impersonate.html',NULL,'N',NULL,NULL,NULL),
	('IMPERSONATION_ACCESS','SYS_ACTION','Ability to Impersonate','IMPERSONATION_ACCESS',1,NULL,NULL,'N',NULL,NULL,NULL),
	('LANGUAGE_ADMIN','MENU_ITEM','languages','LANGUAGE_ADMIN',1,'/webconsole/languages.html',NULL,'Y',NULL,NULL,NULL),
	('LANGUAGE_EDIT','MENU_ITEM','languages edit','LANGUAGE_EDIT',1,'/webconsole/languageEdit.html',NULL,'Y',NULL,NULL,NULL),
	('LANGUAGE_ROOT_MENU','MENU_ITEM','languages root menu','LANGUAGE_ROOT_MENU',1,NULL,NULL,'Y',NULL,NULL,NULL),
	('LANGUAGE_SEARCH','MENU_ITEM','language search','LANGUAGE_SEARCH',3,'/webconsole/languages.html',NULL,'Y',NULL,NULL,NULL),
	('LOCATION','MENU_ITEM','Location','LOCATION',2,'locationList.cnt',NULL,'N',NULL,NULL,NULL),
	('MANAGEREQ','MENU_ITEM','Request History','MANAGEREQ',5,'/selfservice/taskHistory.html',NULL,'N',NULL,NULL,NULL),
	('MANUALRECON','MENU_ITEM','Manual reconciliation','MANUALRECON',6,'/webconsole/manual-reconciliation.html',NULL,'N',NULL,NULL,NULL),
	('MENUS_SEARCH','MENU_ITEM','Menus Search','MENUS_SEARCH',1,'/webconsole/menus.html',NULL,'Y',NULL,NULL,NULL),
	('METADATA','MENU_ITEM','Metadata','METADATA',5,'metadataTypeList.cnt',NULL,'N',NULL,NULL,NULL),
	('META_ADMIN','MENU_ITEM','metadata admin root','META_ADMIN',1,'/webconsole/metaDataSearch.html',NULL,'Y',NULL,NULL,NULL),
	('META_EDIT','MENU_ITEM','metadata type edit','META_EDIT',2,'/webconsole/metaDataEdit.html',NULL,'Y',NULL,NULL,NULL),
	('META_SEARCH','MENU_ITEM','metadata search','META_SEARCH',4,'/webconsole/metaDataSearch.html',NULL,'Y',NULL,NULL,NULL),
	('META_SUBMENU_ROOT','MENU_ITEM','metadata root menu','META_SUBMENU_ROOT',1,NULL,NULL,'Y',NULL,NULL,NULL),
	('META_TYPE_ADMIN','MENU_ITEM','metadata admin root','META_TYPE_ADMIN',1,'/webconsole/metaDataTypeSearch.html',NULL,'Y',NULL,NULL,NULL),
	('META_TYPE_EDIT','MENU_ITEM','metadata type edit','META_TYPE_EDIT',1,'/webconsole/metaDataTypeEdit.html',NULL,'Y',NULL,NULL,NULL),
	('META_TYPE_EDIT_RETURN','MENU_ITEM','metadata type edit','metadata type edit',1,'/webconsole/metaDataTypeEdit.html',NULL,'Y',NULL,NULL,NULL),
	('META_TYPE_SEARCH','MENU_ITEM','metadata type search','META_TYPE_SEARCH',3,'/webconsole/metaDataTypeSearch.html',NULL,'Y',NULL,NULL,NULL),
	('META_TYPE_SUBMENU_ROOT','MENU_ITEM','metadata root menu','META_TYPE_SUBMENU_ROOT',1,NULL,NULL,'Y',NULL,NULL,NULL),
	('MNGSYS','MENU_ITEM','Managed Connections','MNGSYS',4,'/webconsole-idm/provisioning/mngsystemlist.html',NULL,'N',NULL,NULL,NULL),
	('MNGSYSRULES','MENU_ITEM','Managed system roles','MNGSYSRULES',3,'/webconsole-idm/provisioning/mngsystemrules.html',NULL,'N',NULL,NULL,NULL),
	('MNGSYS_EDIT','MENU_ITEM','Edit managed system','MNGSYS_EDIT',1,'/webconsole-idm/provisioning/mngsystem.html',NULL,'N',NULL,NULL,NULL),
	('MNGSYS_EDIT_MENU_ROOT','MENU_ITEM',NULL,'MNGSYS_EDIT_MENU_ROOT',1,NULL,NULL,'N',NULL,NULL,NULL),
	('MNGSYS_EDIT_NO_RES_MENU_ROOT','MENU_ITEM',NULL,'MNGSYS_EDIT_NO_RES_MENU_ROOT',1,NULL,NULL,'N',NULL,NULL,NULL),
	('MNGSYS_MENU_ITEM','MENU_ITEM','Managed Systems','MNGSYS_MENU_ITEM',1,'/webconsole-idm/provisioning/mngsystemlist.html',NULL,'N',NULL,NULL,NULL),
	('MNGSYS_NEW','MENU_ITEM','Create Managed System','MNGSYS_NEW',1,'/webconsole-idm/provisioning/mngsystem.html',NULL,'N',NULL,NULL,NULL),
	('MNG_SYS_VIEWER','MENU_ITEM','Managed System Viewer','USR_MNG_SYS_VIEWER',12,'/webconsole/mngSysViewerList.html',NULL,'N',NULL,NULL,NULL),
	('NEWUSER','MENU_ITEM','New User','NEWUSER',6,'/selfservice/newUserWithApprover.html',NULL,'N',NULL,NULL,NULL),
	('NEWUSER-NOAPPRV','MENU_ITEM','New User-No Approver','NEWUSER-NOAPPRV',7,'/selfservice/newUser.html',NULL,'N',NULL,NULL,NULL),
	('NEW_AUTHENTICATION_POLICY','MENU_ITEM','Create New Authentication Policy ','NEW_AUTHENTICATION_POLICY',1,'/webconsole/editAuthenticationPolicy.html',NULL,'N',NULL,NULL,NULL),
	('NEW_AUTH_LVL_GRP','MENU_ITEM','Create New Grouping','NEW_AUTH_LVL_GRP',1,'/webconsole-am/editAuthLevelGrouping.html',NULL,'Y',NULL,NULL,NULL),
	('NEW_BATCH_TASK','MENU_ITEM','New Batch Task','NEW_BATCH_TASK',1,'/webconsole-idm/provisioning/batchTask.html',NULL,'N',NULL,NULL,NULL),
	('NEW_GROUP','MENU_ITEM','Create New Group','NEW_GROUP',1,'/webconsole/editGroup.html',NULL,'N',NULL,NULL,NULL),
	('NEW_ORG','MENU_ITEM','New Organization','NEW_ORG',1,'/webconsole/editOrganization.html',NULL,'N',NULL,NULL,NULL),
	('NEW_ORG_TYPE','MENU_ITEM','Edit Organization Type','NEW_ORG_TYPE',1,'/webconsole/organizationTypeEdit.html',NULL,'N',NULL,NULL,NULL),
	('NEW_PASSWORD_POLICY','MENU_ITEM','Create New Password Policy ','NEW_PASSWORD_POLICY',1,'/webconsole/editPolicy.html',NULL,'N',NULL,NULL,NULL),
	('NEW_POLICY_ATTR','MENU_ITEM','New Attribute policy','NEW_POLICY_ATTR',2,'/webconsole/editAttributePolicy.html',NULL,'N',NULL,NULL,NULL),
	('NEW_ROLE','MENU_ITEM','New Role','NEW_ROLE',1,'/webconsole/editRole.html',NULL,'N',NULL,NULL,NULL),
	('NEW_UI_THEME','MENU_ITEM','New UI Theme','NEW_UI_THEME',1,'/webconsole/newUITheme.html',NULL,'Y',NULL,NULL,NULL),
	('NEW_USER','MENU_ITEM','Create New User','NEW_USER',1,'/webconsole/editUser.html',NULL,'N',NULL,NULL,NULL),
	('ORG','MENU_ITEM','Organization','ORG',2,'/webconsole/organizations.html',NULL,'N',NULL,NULL,NULL),
	('ORGANIZATION_EDIT_ID','MENU_ITEM','Organization Edit Menus','ORGANIZATION_EDIT_ID',1,NULL,NULL,'N',NULL,NULL,NULL),
	('ORGANIZATION_ROOT_ID','MENU_ITEM','Organization Root Menus','ORGANIZATION_ROOT_ID',1,'/webconsole/organizations.html',NULL,'N',NULL,NULL,NULL),
	('ORG_APROVER_ASSOC','MENU_ITEM','Approver Associations','ORG_APROVER_ASSOC',1,'/webconsole-idm/provisioning/organizationApproverAssociations.html',NULL,'Y',NULL,NULL,NULL),
	('ORG_MEMBERSHIP','MENU_ITEM','Organization Membership','ORG_MEMBERSHIP',1,'/webconsole/organizationMembership.html',NULL,'N',NULL,NULL,NULL),
	('ORG_SEARCH','MENU_ITEM','Organization Search','ORG_SEARCH',1,'/webconsole/organizations.html',NULL,'N',NULL,NULL,NULL),
	('ORG_TYPE_EDIT_SEARCH','MENU_ITEM','Organization Type Search','ORG_TYPE_EDIT_SEARCH',1,'/webconsole/organizationTypeSearch.html',NULL,'N',NULL,NULL,NULL),
	('ORG_TYPE_SEARCH','MENU_ITEM','Organization Type Search','ORG_TYPE_SEARCH',1,'/webconsole/organizationTypeSearch.html',NULL,'N',NULL,NULL,NULL),
	('ORG_TYPE_SUBMENU_EDIT','MENU_ITEM','Organization Type Edit','ORG_TYPE_SUBMENU_EDIT',1,NULL,NULL,'N',NULL,NULL,NULL),
	('ORG_TYPE_SUBMENU_ROOT','MENU_ITEM','Organization Type Root','ORG_TYPE_SUBMENU_ROOT',1,NULL,NULL,'N',NULL,NULL,NULL),
	('PAGE_TEMPLATE_EDIT','MENU_ITEM','Page Template Edit Menu','PAGE_TEMPLATE_EDIT',1,NULL,NULL,'N',NULL,NULL,NULL),
	('PAGE_TEMPLATE_EDIT_NEW','MENU_ITEM','Create New Template','PAGE_TEMPLATE_EDIT_NEW',1,'/webconsole/newPageTemplate.html',NULL,'N',NULL,NULL,NULL),
	('PAGE_TEMPLATE_EDIT_SEARCH','MENU_ITEM','Back to Search','PAGE_TEMPLATE_EDIT_SEARCH',1,'/webconsole/pageTemplates.html',NULL,'N',NULL,NULL,NULL),
	('PAGE_TEMPLATE_NEW','MENU_ITEM','Create Content Provider','PAGE_TEMPLATE_NEW',1,'/webconsole/newPageTemplate.html',NULL,'N',NULL,NULL,NULL),
	('PAGE_TEMPLATE_ROOT','MENU_ITEM','Page Template Root Menu','PAGE_TEMPLATE_ROOT',1,NULL,NULL,'Y',NULL,NULL,NULL),
	('PAGE_TEMPLATE_SEARCH','MENU_ITEM','Search Page Templates','PAGE_TEMPLATE_SEARCH',1,'/webconsole/pageTemplates.html',NULL,'N',NULL,NULL,NULL),
	('PASSWORD_POLICY','MENU_ITEM','Password policy','PASSWORD_POLICY',1,'/webconsole/passwordPolicy.html',NULL,'Y',NULL,NULL,NULL),
	('PASSWORD_POLICY_EDIT','MENU_ITEM','Root for edit policy Context Menu','PASSWORD_POLICY_EDIT',1,NULL,NULL,'N',NULL,NULL,NULL),
	('PASSWORD_POLICY_ROOT_MENU','MENU_ITEM','Root for Password policy Context Menu','PASSWORD_POLICY_ROOT_MENU',1,NULL,NULL,'N',NULL,NULL,NULL),
	('POLICY_ATTR_EDIT_ROOT','MENU_ITEM','Root for Edit Attribute policy Context Menu','POLICY_ATTR_EDIT_ROOT',1,NULL,NULL,'N',NULL,NULL,NULL),
	('POLICY_ATTR_ROOT','MENU_ITEM','Root for Attribute policy Context Menu','POLICY_ATTR_ROOT',1,NULL,NULL,'N',NULL,NULL,NULL),
	('PROFILE','MENU_ITEM','Edit Your Profile','PROFILE',6,'/selfservice/editProfile.html',NULL,'Y',NULL,NULL,NULL),
	('PROVCONNECT','MENU_ITEM','Provisioning Connectors','PROVCONNECT',3,'/webconsole-idm/provisioning/connectorlist.html',NULL,'N',NULL,NULL,NULL),
	('PROVCONNECT_MENU_ITEM','MENU_ITEM','Provisioning Connectors','PROVCONNECT_MENU_ITEM',1,'/webconsole-idm/provisioning/connectorlist.html',NULL,'N',NULL,NULL,NULL),
	('PROVISIONING','MENU_ITEM','Provisioning','PROVISIONING',3,'prov/provIndex.do',NULL,'N',NULL,NULL,NULL),
	('PROV_CONNECTOR_NEW','MENU_ITEM','Create Provisioning Connector','PROV_CONNECTOR_NEW',1,'/webconsole-idm/provisioning/connector.html',NULL,'N',NULL,NULL,NULL),
	('REPORT','MENU_ITEM','Report','REPORT',5,'security/reportIndex.do',NULL,'N',NULL,NULL,NULL),
	('REQINBOX','MENU_ITEM','In-Box','REQINBOX',3,'/selfservice/myTasks.html',NULL,'N',NULL,NULL,NULL),
	('REQUEST_APPROVAL','MENU_ITEM','Request Approval','REQUEST_APPROVAL',1,'javascript:void(0);',NULL,'N',NULL,NULL,NULL),
	('RESOURCE_EDIT_PAGE_ROOT','MENU_ITEM',NULL,'RESOURCE_EDIT_PAGE_ROOT',1,NULL,NULL,'N',NULL,NULL,NULL),
	('RESOURCE_MENU_ROOT','MENU_ITEM','Root for Resource Context Menu','RESOURCE_MENU_ROOT',1,NULL,NULL,'N',NULL,NULL,NULL),
	('RESPOLICYMAP','MENU_ITEM','Policy Map','RESPOLICYMAP',2,'/webconsole/policyMap.html',NULL,'N',NULL,NULL,NULL),
	('RESRECONCILE','MENU_ITEM','Reconciliation','RESRECONCILE',4,'/webconsole/reconciliationEdit.html',NULL,'N',NULL,NULL,NULL),
	('RESSUMMARY','MENU_ITEM','Resource Details','RESSUMMARY',1,'/webconsole/resources.html',NULL,'N',NULL,NULL,NULL),
	('RES_APROVER_ASSOC','MENU_ITEM','Approver Associations','RES_APROVER_ASSOC',1,'/webconsole-idm/provisioning/resourceApproverAssociations.html',NULL,'N',NULL,NULL,NULL),
	('RES_ENT_SUB','MENU_ITEM','Resouce Entitlements','RES_ENT_SUB',1,'/webconsole/resourceEntitlements.html',NULL,'N',NULL,NULL,NULL),
	('RES_TYPE_ITEM','MENU_ITEM','Resource Type','RES_TYPE_ITEM',1,'/webconsole/resourceTypes.html',NULL,'Y',NULL,NULL,NULL),
	('RES_TYPE_MENU_ROOT','MENU_ITEM','resource type root menu','RES_TYPE_MENU_ROOT',1,NULL,NULL,'Y',NULL,NULL,NULL),
	('RES_TYPE_NEW','MENU_ITEM','metadata type edit','RES_TYPE_EDIT',1,'/webconsole/editResourceType.html',NULL,'Y',NULL,NULL,NULL),
	('ROLE_APROVER_ASSOC','MENU_ITEM','Approver Associations','ROLE_APROVER_ASSOC',1,'/webconsole-idm/provisioning/roleApproverAssociations.html',NULL,'N',NULL,NULL,NULL),
	('ROLE_EDIT_MENU','MENU_ITEM','Role Edit Menus','ROLE_EDIT_MENU',1,NULL,NULL,'N',NULL,NULL,NULL),
	('ROLE_ENTITLEMENTS','MENU_ITEM','Role Entitlements','ROLE_ENTITLEMENTS',1,'/webconsole/roleEntitlements.html',NULL,'N',NULL,NULL,NULL),
	('ROLE_MENUS','MENU_ITEM','Role Menus','ROLE_MENUS',1,'/webconsole/roleMenuTree.html',NULL,'N',NULL,NULL,NULL),
	('ROLE_RESMAP','MENU_ITEM','Resource Map','ROLE_RESMAP',2,'roleResource.cnt',NULL,'N',NULL,NULL,NULL),
	('ROLE_ROOT_MENU','MENU_ITEM','Role Root Menus','ROLE_ROOT_MENU',1,'/webconsole/roles.html',NULL,'N',NULL,NULL,NULL),
	('ROLE_SEARCH','MENU_ITEM','Role Search','ROLE_SEARCH',1,'/webconsole/roles.html',NULL,'N',NULL,NULL,NULL),
	('ROLE_SUMMARY','MENU_ITEM','Role Details','ROLE_SUMMARY',1,'roleDetail.cnt',NULL,'N',NULL,NULL,NULL),
	('SEARCH_BATCH_EDIT','MENU_ITEM','Search Batch Tasks','SEARCH_BATCH_EDIT',1,'/webconsole-idm/provisioning/batchTaskSearch.html',NULL,'N',NULL,NULL,NULL),
	('SEARCH_BATCH_NEW','MENU_ITEM','Search Batch Tasks','SEARCH_BATCH_NEW',1,'/webconsole-idm/provisioning/batchTaskSearch.html',NULL,'N',NULL,NULL,NULL),
	('SECURITY_GROUP','MENU_ITEM','Group','SECURITY_GROUP',1,'/webconsole/groups.html',NULL,'N',NULL,NULL,NULL),
	('SECURITY_POLICY','MENU_ITEM','Policy','SECURITY_POLICY',4,'security/policy.do?method=init&nav=reset',NULL,'N',NULL,NULL,NULL),
	('SECURITY_RES','MENU_ITEM','Resource','SECURITY_RES',3,'/webconsole/resources.html',NULL,'N',NULL,NULL,NULL),
	('SECURITY_ROLE','MENU_ITEM','Role','SECURITY_ROLE',2,'/webconsole/roles.html',NULL,'N',NULL,NULL,NULL),
	('SELFCENTER','MENU_ITEM','Self Service Center','SELFCENTER',2,NULL,NULL,'Y',NULL,NULL,NULL),
	('SELFSERVE_SUP_SUB','MENU_ITEM','Superiors & Subordinates','SELFSERVE_SUP_SUB',1,'/selfservice/supSub.html',NULL,'Y',NULL,NULL,NULL),
	('SELFSERVICE','MENU_ITEM','SELF SERVICE','SELFSERVICE',0,'javascript:void(0);',NULL,'Y',NULL,NULL,NULL),
	('SELFSERVICE_EXT','MENU_ITEM','SelfService Extension Root','SELFSERVICE_EXT',1,NULL,NULL,'Y',NULL,NULL,NULL),
	('SELFSERVICE_GROUPS','MENU_ITEM','Selfservice Groups','SELFSERVICE_GROUPS',1,'/selfservice/groups.html',NULL,'N',NULL,NULL,NULL),
	('SELFSERVICE_MYAPPS','MENU_ITEM','My Applications','SELFSERVICE_MYAPPS',1,'/selfservice/myApplications.html',NULL,'Y',NULL,NULL,NULL),
	('SELFSERVICE_MYINFO','MENU_ITEM','My Info','SELFSERVICE_MYINFO',1,'/selfservice/myInfo.html',NULL,'Y',NULL,NULL,NULL),
	('SELFSERVICE_REPORT','MENU_ITEM','Report','SELFSERVICE_REPORT',5,NULL,NULL,'N',NULL,NULL,NULL),
	('SELFSERVICE_RESOURCES','MENU_ITEM','Selfservice Resources','SELFSERVICE_RESOURCES',1,'/selfservice/resources.html',NULL,'N',NULL,NULL,NULL),
	('SELFSERVICE_ROLES','MENU_ITEM','Selfservice Roles','SELFSERVICE_ROLES',1,'/selfservice/roles.html',NULL,'N',NULL,NULL,NULL),
	('SELFSERV_ACCESS_REVIEW','MENU_ITEM','Access Review','SELFSERV_ACCESS_REVIEW',1,'/selfservice/accessReview.html',NULL,'Y',NULL,NULL,NULL),
	('SELFSERV_GRP_BACK_SRCH','MENU_ITEM','Back to Search','SELFSERV_GRP_BACK_SRCH',1,'/selfservice/groups.html',NULL,'Y',NULL,NULL,NULL),
	('SELFSERV_GRP_EDIT','MENU_ITEM','Edit Group','SELFSERV_GRP_EDIT',1,'/selfservice/editGroup.html',NULL,'Y',NULL,NULL,NULL),
	('SELFSERV_GRP_NEW','MENU_ITEM','Create New Group','SELFSERV_GRP_NEW',1,'/selfservice/editGroup.html',NULL,'Y',NULL,NULL,NULL),
	('SELFSERV_ROLE_NEW','MENU_ITEM','Create New Role','SELFSERV_ROLE_NEW',1,'/selfservice/editRole.html',NULL,'Y',NULL,NULL,NULL),
	('SELFSERV_USER_EDIT','MENU_ITEM','Edit User','SELFSERV_USER_EDIT',1,'/selfservice/editUser.html',NULL,'Y',NULL,NULL,NULL),
	('SELFSERV_USER_EDIT_ROOT','MENU_ITEM','SelfService Edit User Root','SELFSERV_USER_EDIT_ROOT',1,NULL,NULL,'Y',NULL,NULL,NULL),
	('SELFSERV_USER_MEMSHP','MENU_ITEM','User Entitlements','SELFSERV_USER_MEMSHP',1,'/selfservice/userEntitlements.html',NULL,'Y',NULL,NULL,NULL),
	('SELFSER_USER_LOGIN','MENU_ITEM','Identities','SELFSER_USER_LOGIN',1,'/selfservice/userIdenties.html',NULL,'Y',NULL,NULL,NULL),
	('SELFSER_USER_NEW_LOGIN','MENU_ITEM','Create New Identity','SELFSER_USER_NEW_LOGIN',1,'/selfservice/identity.html',NULL,'Y',NULL,NULL,NULL),
	('SELFSRVS_ACCESS_MNGMNT_ORG','MENU_ITEM','Selfservice organization','SELFSRVS_ACCESS_MNGMNT_ORG',1,'/selfservice/organizations.html',NULL,'N',NULL,NULL,NULL),
	('SELFSRV_EXAMPLE','MENU_ITEM','Example','SELFSRV_EXAMPLE',1,'/selfservice-ext/example.html',NULL,'Y',NULL,NULL,NULL),
	('SELFSRV_GRP_EDIT_ROOT','MENU_ITEM','SelfService Group Edit Root','SELFSRV_GRP_EDIT_ROOT',1,NULL,NULL,'Y',NULL,NULL,NULL),
	('SELFSRV_GRP_SRCH_ROOT','MENU_ITEM','SelfService Group Root','SELFSRV_GRP_SRCH_ROOT',1,NULL,NULL,'Y',NULL,NULL,NULL),
	('SELFSRV_RES_BACK_SRCH','MENU_ITEM','Back to Search','SELFSRV_RES_BACK_SRCH',1,'/selfservice/resources.html',NULL,'Y',NULL,NULL,NULL),
	('SELFSRV_RES_EDIT','MENU_ITEM','Edit Resource','SELFSRV_RES_EDIT',1,'/selfservice/editResource.html',NULL,'Y',NULL,NULL,NULL),
	('SELFSRV_RES_EDIT_ROOT','MENU_ITEM','SelfService Resource Edit Root','SELFSRV_RES_EDIT_ROOT',1,NULL,NULL,'Y',NULL,NULL,NULL),
	('SELFSRV_RES_NEW','MENU_ITEM','Create New Resource','SELFSRV_RES_NEW',1,'/selfservice/editResource.html',NULL,'Y',NULL,NULL,NULL),
	('SELFSRV_RES_SRCH_ROOT','MENU_ITEM','SelfService Resource Root','SELFSRV_RES_SRCH_ROOT',1,NULL,NULL,'Y',NULL,NULL,NULL),
	('SELFSRV_ROLE_BACK_SRCH','MENU_ITEM','Back to Search','SELFSRV_ROLE_BACK_SRCH',1,'/selfservice/roles.html',NULL,'Y',NULL,NULL,NULL),
	('SELFSRV_ROLE_EDIT','MENU_ITEM','Edit Role','SELFSRV_ROLE_EDIT',1,'/selfservice/editRole.html',NULL,'Y',NULL,NULL,NULL),
	('SELFSRV_ROLE_EDIT_ROOT','MENU_ITEM','SelfService Role Edit Root','SELFSRV_ROLE_EDIT_ROOT',1,NULL,NULL,'Y',NULL,NULL,NULL),
	('SELFSRV_ROLE_SRCH_ROOT','MENU_ITEM','SelfService Role Root','SELFSRV_ROLE_SRCH_ROOT',1,NULL,NULL,'Y',NULL,NULL,NULL),
	('SELF_QUERYUSER','MENU_ITEM','Manage User','SELF_QUERYUSER',1,'/webconsole/users.html',NULL,'N',NULL,NULL,NULL),
	('SELF_SUB_ORGS_EDIT','MENU_ITEM','add organization','SELF_SUB_ORGS_EDIT',1,'/selfservice/editOrganization.html',NULL,'Y',NULL,NULL,NULL),
	('SELF_SUB_ORGS_EDIT_ROOT','MENU_ITEM','organizations menu','SELF_SUB_ORGS_EDIT_ROOT',2,'',NULL,'Y',NULL,NULL,NULL),
	('SELF_SUB_ORGS_NEW','MENU_ITEM','add organization','SELF_SUB_ORGS_NEW',1,'/selfservice/editOrganization.html',NULL,'Y',NULL,NULL,NULL),
	('SELF_SUB_ORGS_ROOT','MENU_ITEM','organizations menu','SELF_SUB_ORGS_ROOT',2,'',NULL,'Y',NULL,NULL,NULL),
	('SELF_SUB_ORGS_SEARCH','MENU_ITEM','add organization','SELF_SUB_ORGS_SEARCH',1,'/selfservice/organizations.html',NULL,'Y',NULL,NULL,NULL),
	('SELF_SUB_REPORT_NEW','MENU_ITEM','New Subscribe Report','SELF_SUB_REPORT_NEW',1,'/selfservice/editSubscribeReport.html',NULL,'Y',NULL,NULL,NULL),
	('SELF_SUB_REPORT_ROOT','MENU_ITEM','Subscribe Report Root Menu','SELF_SUB_REPORT_ROOT',1,NULL,NULL,'Y',NULL,NULL,NULL),
	('SELF_VIEW_REPORT_NEW','MENU_ITEM','New Subscribe Report','SELF_VIEW_REPORT_NEW',1,'/selfservice/editViewReport.html',NULL,'Y',NULL,NULL,NULL),
	('SELF_VIEW_REPORT_ROOT','MENU_ITEM','View Report Root Menu','SELF_VIEW_REPORT_ROOT',1,NULL,NULL,'Y',NULL,NULL,NULL),
	('SS_GRP_ENT','MENU_ITEM','New UI Theme','SS_GRP_ENT',1,'/selfservice/groupEntitlements.html',NULL,'Y',NULL,NULL,NULL),
	('SS_ORG_BACK_SEARCH','MENU_ITEM','Selfservice Resources','SS_ORG_BACK_SEARCH',1,'/selfservice/organizations.html',NULL,'Y',NULL,NULL,NULL),
	('SS_RES_ENT','MENU_ITEM','New UI Theme','SS_RES_ENT',1,'/selfservice/resourceEntitlements.html',NULL,'Y',NULL,NULL,NULL),
	('SS_ROLE_ENT','MENU_ITEM','New UI Theme','SS_ROLE_ENT',1,'/selfservice/roleEntitlements.html',NULL,'Y',NULL,NULL,NULL),
	('SUBSCRIBE','MENU_ITEM','Subscribe','SUBSCRIBE',1,'/selfservice/subscribe.html',NULL,'Y',NULL,NULL,NULL),
	('SUP_SUB_PAGE','MENU_ITEM','Configure IT Policy','SUP_SUB_PAGE',11,'/webconsole/supSub.html',NULL,'N',NULL,NULL,NULL),
	('SYNCLOG','MENU_ITEM','Log Viewer','SYNCLOG',1,'/webconsole/viewAuditLog.html',NULL,'N',NULL,NULL,NULL),
	('SYNCLOG_MENU_ITEM','MENU_ITEM','LOG Viewer','SYNCLOG_MENU_ITEM',1,'/webconsole-idm/provisioning/syncloglist.html',NULL,'N',NULL,NULL,NULL),
	('SYNCUSER','MENU_ITEM','Synchronization','SYNCUSER',3,'/webconsole-idm/provisioning/synchronizationlist.html',NULL,'N',NULL,NULL,NULL),
	('SYNCUSER_EDIT','MENU_ITEM','Edit sync','SYNCUSER_EDIT',1,'/webconsole-idm/provisioning/synchronization.html',NULL,'N',NULL,NULL,NULL),
	('SYNCUSER_EDIT_MENU_ROOT','MENU_ITEM','Edit sync','SYNCUSER_EDIT_MENU_ROOT',1,NULL,NULL,'N',NULL,NULL,NULL),
	('SYNCUSER_MENU_ITEM','MENU_ITEM','Synchronization','SYNCUSER_MENU_ITEM',1,'/webconsole-idm/provisioning/synchronizationlist.html',NULL,'N',NULL,NULL,NULL),
	('SYNCUSER_NEW','MENU_ITEM','Create Synchronization','SYNCUSER_NEW',1,'/webconsole-idm/provisioning/synchronization.html',NULL,'N',NULL,NULL,NULL),
	('SYNCUSER_POLICYMAP','MENU_ITEM','Policy map','SYNCUSER_POLICYMAP',1,'/webconsole/synchPolicyMap.html',NULL,'N',NULL,NULL,NULL),
	('TEMPLATE_SEARCH_CHILD','MENU_ITEM','Page Template Search','TEMPLATE_SEARCH_CHILD',1,'/webconsole/pageTemplates.html',NULL,'N',NULL,NULL,NULL),
	('UI_THEMES','MENU_ITEM','UI Themes','UI_THEMES',1,'/webconsole/uiThemes.html',NULL,'Y',NULL,NULL,NULL),
	('UI_THEME_BACK_SRCH','MENU_ITEM','Back to Search','UI_THEME_BACK_SRCH',1,'/webconsole/uiThemes.html',NULL,'Y',NULL,NULL,NULL),
	('UI_THEME_EDIT','MENU_ITEM','UI Theme Edit','UI_THEME_EDIT',1,NULL,NULL,'Y',NULL,NULL,NULL),
	('UI_THEME_EDIT_MODIFY','MENU_ITEM','Edit UI Theme','UI_THEME_EDIT_MODIFY',1,'/webconsole/editUITheme.html',NULL,'Y',NULL,NULL,NULL),
	('UI_THEME_ROOT','MENU_ITEM','UI Theme Root','UI_THEME_ROOT',1,NULL,NULL,'Y',NULL,NULL,NULL),
	('UI_THEME_ROOT_SRCH','MENU_ITEM','Search UI Themes','UI_THEME_ROOT_SRCH',1,'/webconsole/uiThemes.html',NULL,'Y',NULL,NULL,NULL),
	('UPLOAD_CUST_PSWD_POLICY','MENU_ITEM','Upload Custom Password Policy','UPLOAD_CUST_PSWD_POLICY',2,'/webconsole/uploadCustomPswdPolicy.html',NULL,'N',NULL,NULL,NULL),
	('URI_META_BACK','MENU_ITEM','Back To Pattern','URI_META_BACK',1,'/webconsole-am/editProviderPattern.html',NULL,'N',NULL,NULL,NULL),
	('URI_META_EDIT','MENU_ITEM','URI Meta Root','URI_META_EDIT',1,NULL,NULL,'N',NULL,NULL,NULL),
	('URI_PATTERN_EDIT','MENU_ITEM','URI Pattern Edit Menu','URI_PATTERN_EDIT',1,NULL,NULL,'N',NULL,NULL,NULL),
	('URI_PATTERN_EDIT_NEW_PATTERN','MENU_ITEM','Create URI Pattern','URI_PATTERN_EDIT_NEW_PATTERN',1,'/webconsole-am/newProviderPattern.html',NULL,'N',NULL,NULL,NULL),
	('URI_PATTERN_EDIT_PATTERN','MENU_ITEM','Edit URI Pattern','URI_PATTERN_EDIT_PATTERN',1,'/webconsole-am/editProviderPattern.html',NULL,'N',NULL,NULL,NULL),
	('URI_PATTERN_EDT_PROV_SEARCH','MENU_ITEM','Context Provider Search','URI_PATTERN_EDT_PROV_SEARCH',1,'/webconsole-am/contentProviders.html',NULL,'N',NULL,NULL,NULL),
	('USER','MENU_ITEM','User','USER',1,'/webconsole/users.html',NULL,'N',NULL,NULL,NULL),
	('USER_ATTRIBUTES','MENU_ITEM','Edit User Attributes','USER_ATTRIBUTES',4,'/webconsole/userAttributes.html',NULL,'N',NULL,NULL,NULL),
	('USER_BULK','MENU_ITEM','User Bulk Ops','USER_BULK',3,'userBulk.cnt',NULL,'N',NULL,NULL,NULL),
	('USER_DELEGATION','MENU_ITEM','User Delegation Filter','USER_DELEGATION',9,'/webconsole/userDelegation.html',NULL,'N',NULL,NULL,NULL),
	('USER_EDIT_CONTACT_INFO','MENU_ITEM','Edit User Contact Info','USER_EDIT_CONTACT_INFO',3,'/webconsole/editUserContact.html',NULL,'N',NULL,NULL,NULL),
	('USER_EDIT_INFO','MENU_ITEM','Edit User Primary Info','USER_EDIT_INFO',2,'/webconsole/editUser.html',NULL,'N',NULL,NULL,NULL),
	('USER_EDIT_MENU','MENU_ITEM','User Edit Menus','USER_EDIT_MENU',1,NULL,NULL,'N',NULL,NULL,NULL),
	('USER_ENTITLEMENTS','MENU_ITEM','User Entitlements','USER_ENTITLEMENTS',7,'/webconsole/userEntitlements.html',NULL,'N',NULL,NULL,NULL),
	('USER_HISTORY','MENU_ITEM','User History','USER_HISTORY',8,'/webconsole/userHistory.html',NULL,'N',NULL,NULL,NULL),
	('USER_IDENTITY','MENU_ITEM','Edit User Identity Info','USER_IDENTITY',6,'/webconsole/editUserIdentity.html',NULL,'N',NULL,NULL,NULL),
	('USER_MENUS','MENU_ITEM','User Menus','USER_MENUS',1,'/webconsole/userMenuTree.html',NULL,'N',NULL,NULL,NULL),
	('USER_RESET_PASSWORD','MENU_ITEM','Reset Password','USER_RESET_PASSWORD',10,'/webconsole/resetPassword.html',NULL,'N',NULL,NULL,NULL),
	('USER_ROOT_MENU','MENU_ITEM','Root for User Context Menu','USER_ROOT_MENU',1,NULL,NULL,'N',NULL,NULL,NULL),
	('USER_SEARCH','MENU_ITEM','User Search','USER_SEARCH',1,'/webconsole/users.html',NULL,'N',NULL,NULL,NULL),
	('VIEW','MENU_ITEM','View','VIEW',2,'/selfservice/view.html',NULL,'Y',NULL,NULL,NULL),
	('WEB_REPORT','MENU_ITEM','Report','WEB_REPORT',6,'/webconsole/report.html',NULL,'N',NULL,NULL,NULL),
	('WEB_REPORT_NEW','MENU_ITEM','New Report','WEB_REPORT_NEW',1,'/webconsole/editReport.html',NULL,'N',NULL,NULL,NULL),
	('WEB_REPORT_ROOT','MENU_ITEM','Report Root Menu','WEB_REPORT_ROOT',1,NULL,NULL,'N',NULL,NULL,NULL);

SET FOREIGN_KEY_CHECKS=1;

INSERT INTO `UI_TEMPLATE_FIELDS` (`UI_FIELD_ID`, `NAME`, `DESCRIPTION`, `TEMPLATE_TYPE_ID`, `IS_REQUIRED`) VALUES 
	('USER_ADDRESSES_CREATABLE','User can input addresses',NULL,'USER_TEMPLATE','N'),
	('USER_ALTERNATE_CONTACT','Alternate Contact',NULL,'USER_TEMPLATE','N'),
	('USER_CLASSICIATION','User Classification',NULL,'USER_TEMPLATE','N'),
	('USER_COST_CENTER','Cost Center',NULL,'USER_TEMPLATE','N'),
	('USER_CREATE_LOGIN','User can create a custom login',NULL,'USER_TEMPLATE','Y'),
	('USER_DOB','Date of Birth',NULL,'USER_TEMPLATE','N'),
	('USER_EMAIL_CREATABLE','User can create email addresses',NULL,'USER_TEMPLATE','N'),
	('USER_EMPLOYEE_ID','Employee ID',NULL,'USER_TEMPLATE','N'),
	('USER_EMPLOYEE_TYPE','Employee Type',NULL,'USER_TEMPLATE','N'),
	('USER_END_DATE','End Date',NULL,'USER_TEMPLATE','N'),
	('USER_FIRST_NAME','First Name',NULL,'USER_TEMPLATE','Y'),
	('USER_GENDER','Gender',NULL,'USER_TEMPLATE','N'),
	('USER_JOB_CODE','Job Code',NULL,'USER_TEMPLATE','N'),
	('USER_LAST_NAME','Last Name',NULL,'USER_TEMPLATE','Y'),
	('USER_LOCATION_CODE','Location Code',NULL,'USER_TEMPLATE','N'),
	('USER_LOCATION_NAME','Location Name',NULL,'USER_TEMPLATE','N'),
	('USER_MAIDEN_NAME','Maiden Name',NULL,'USER_TEMPLATE','N'),
	('USER_MAILCODE','Mail Code',NULL,'USER_TEMPLATE','N'),
	('USER_MIDDLE_INIT','Middle Initial',NULL,'USER_TEMPLATE','N'),
	('USER_NICKNAME','User NickName',NULL,'USER_TEMPLATE','N'),
	('USER_OBJECT_TYPE','Metadata Type',NULL,'USER_TEMPLATE','N'),
	('USER_PHONES_CREATABLE','User can input phone numbers',NULL,'USER_TEMPLATE','N'),
	('USER_PREFIX','Prefix',NULL,'USER_TEMPLATE','N'),
	('USER_SECONDARY_STATUS','Account Status',NULL,'USER_TEMPLATE','N'),
	('USER_SELECT_SUPERVISOR','Select Supervisor',NULL,'USER_TEMPLATE','N'),
	('USER_SHOW_GROUPS','User can select a Group',NULL,'USER_TEMPLATE','N'),
	('USER_SHOW_ORGANIZATIONS','User can define his organizational structure',NULL,'USER_TEMPLATE','N'),
	('USER_SHOW_ROLES','User can select a Role',NULL,'USER_TEMPLATE','N'),
	('USER_START_DATE','Start Date',NULL,'USER_TEMPLATE','N'),
	('USER_STATUS','User Status',NULL,'USER_TEMPLATE','N'),
	('USER_SUFFIX','User Suffix',NULL,'USER_TEMPLATE','N'),
	('USER_TITLE','User Title',NULL,'USER_TEMPLATE','N'),
	('USER_USER_TYPE','User Type',NULL,'USER_TEMPLATE','N');

INSERT INTO `USERS` (`USER_ID`, `FIRST_NAME`, `LAST_NAME`, `MIDDLE_INIT`, `TYPE_ID`, `CLASSIFICATION`, `TITLE`, `MAIL_CODE`, `COST_CENTER`, `STATUS`, `SECONDARY_STATUS`, `BIRTHDATE`, `SEX`, `CREATE_DATE`, `CREATED_BY`, `LAST_UPDATE`, `LAST_UPDATED_BY`, `PREFIX`, `SUFFIX`, `USER_TYPE_IND`, `EMPLOYEE_ID`, `EMPLOYEE_TYPE`, `LOCATION_CD`, `LOCATION_NAME`, `COMPANY_OWNER_ID`, `JOB_CODE`, `ALTERNATE_ID`, `START_DATE`, `LAST_DATE`, `MAIDEN_NAME`, `NICKNAME`, `PASSWORD_THEME`, `SHOW_IN_SEARCH`, `USER_OWNER_ID`, `DATE_PASSWORD_CHANGED`, `DATE_CHALLENGE_RESP_CHANGED`, `SYSTEM_FLAG`, `DATE_IT_POLICY_APPROVED`) VALUES 
	('0001','system','system',NULL,NULL,NULL,NULL,NULL,NULL,'ACTIVE',NULL,NULL,NULL,null,NULL,null,NULL,NULL,NULL,NULL,NULL,NULL,NULL,NULL,NULL,NULL,NULL,NULL,NULL,NULL,NULL,NULL,NULL,NULL,NULL,NULL,'1',NULL),
	('3000','sys','user',NULL,NULL,NULL,NULL,NULL,NULL,'ACTIVE',NULL,NULL,NULL,null,NULL,null,NULL,NULL,NULL,NULL,NULL,NULL,NULL,NULL,NULL,NULL,NULL,NULL,NULL,NULL,NULL,NULL,NULL,NULL,NULL,NULL,NULL,NULL),
	('3001','sys2','user',NULL,NULL,NULL,NULL,NULL,NULL,'ACTIVE',NULL,NULL,NULL,null,NULL,null,NULL,NULL,NULL,NULL,NULL,NULL,NULL,NULL,NULL,NULL,NULL,NULL,NULL,NULL,NULL,NULL,NULL,NULL,NULL,NULL,NULL,NULL),
	('3006','Scott','Nelson',NULL,NULL,NULL,NULL,NULL,NULL,'ACTIVE',NULL,NULL,NULL,null,NULL,null,NULL,NULL,NULL,NULL,NULL,NULL,NULL,NULL,NULL,NULL,NULL,NULL,NULL,NULL,NULL,NULL,NULL,NULL,NULL,NULL,NULL,NULL),
	('3007','HR','User',NULL,NULL,NULL,NULL,NULL,NULL,'ACTIVE',NULL,NULL,NULL,null,NULL,null,NULL,NULL,NULL,NULL,NULL,NULL,NULL,NULL,NULL,NULL,NULL,NULL,NULL,NULL,NULL,NULL,NULL,NULL,NULL,NULL,NULL,NULL),
	('3008','Hiring','Manager',NULL,NULL,NULL,NULL,NULL,NULL,'ACTIVE',NULL,NULL,NULL,null,NULL,null,NULL,NULL,NULL,NULL,NULL,NULL,NULL,NULL,NULL,NULL,NULL,NULL,NULL,NULL,NULL,NULL,NULL,NULL,NULL,NULL,NULL,NULL),
	('3009','Security','Manager',NULL,NULL,NULL,NULL,NULL,NULL,'ACTIVE',NULL,NULL,NULL,null,NULL,null,NULL,NULL,NULL,NULL,NULL,NULL,NULL,NULL,NULL,NULL,NULL,NULL,NULL,NULL,NULL,NULL,NULL,NULL,NULL,NULL,NULL,NULL),
	('3010','Help','Desk',NULL,NULL,NULL,NULL,NULL,NULL,'ACTIVE',NULL,NULL,NULL,null,NULL,null,NULL,NULL,NULL,NULL,NULL,NULL,NULL,NULL,NULL,NULL,NULL,NULL,NULL,NULL,NULL,NULL,NULL,NULL,NULL,NULL,NULL,NULL);

INSERT INTO `AUTH_STATE` (`USER_ID`, `AUTH_STATE`, `TOKEN`, `AA`, `EXPIRATION`, `LAST_LOGIN`, `IP_ADDRESS`) VALUES 
	('3000',0.0,NULL,'OPENIAM',0,NULL,NULL),
	('3001',0.0,NULL,'OPENIAM',0,NULL,NULL),
	('3006',0.0,NULL,'OPENIAM',0,NULL,NULL),
	('3007',0.0,NULL,'OPENIAM',0,NULL,NULL),
	('3008',0.0,NULL,'OPENIAM',0,NULL,NULL),
	('3009',0.0,NULL,'OPENIAM',0,NULL,NULL);

INSERT INTO `COMPANY` (`COMPANY_ID`, `COMPANY_NAME`, `LST_UPDATE`, `LST_UPDATED_BY`, `PARENT_ID`, `STATUS`, `CREATE_DATE`, `CREATED_BY`, `ALIAS`, `DESCRIPTION`, `DOMAIN_NAME`, `LDAP_STR`, `CLASSIFICATION`, `INTERNAL_COMPANY_ID`, `ABBREVIATION`, `SYMBOL`, `ORG_TYPE_ID`, `ADMIN_RESOURCE_ID`, `IS_SELECTABLE`) VALUES 
	('100','OpenIAM',NULL,NULL,NULL,'ACTIVE',NULL,NULL,NULL,NULL,'openiam.com',NULL,'ORGANIZATION',NULL,NULL,NULL,'ORGANIZATION',NULL,'Y'),
	('101','Sales',NULL,NULL,'100','ACTIVE',NULL,NULL,NULL,NULL,NULL,NULL,'DEPARTMENT',NULL,NULL,NULL,'DEPARTMENT',NULL,'Y'),
	('102','Finance',NULL,NULL,'100','ACTIVE',NULL,NULL,NULL,NULL,NULL,NULL,'DEPARTMENT',NULL,NULL,NULL,'DEPARTMENT',NULL,'Y'),
	('103','Customer Service',NULL,NULL,'100','ACTIVE',NULL,NULL,NULL,NULL,NULL,NULL,'DEPARTMENT',NULL,NULL,NULL,'DEPARTMENT',NULL,'Y'),
	('104','IT',NULL,NULL,'100','ACTIVE',NULL,NULL,NULL,NULL,NULL,NULL,'DEPARTMENT',NULL,NULL,NULL,'DEPARTMENT',NULL,'Y');

INSERT INTO `LOGIN` (`LOGIN`, `MANAGED_SYS_ID`, `IDENTITY_TYPE`, `CANONICAL_NAME`, `USER_ID`, `PASSWORD`, `PWD_EQUIVALENT_TOKEN`, `PWD_CHANGED`, `PWD_EXP`, `RESET_PWD`, `FIRST_TIME_LOGIN`, `IS_LOCKED`, `STATUS`, `GRACE_PERIOD`, `CREATE_DATE`, `CREATED_BY`, `CURRENT_LOGIN_HOST`, `AUTH_FAIL_COUNT`, `LAST_AUTH_ATTEMPT`, `LAST_LOGIN`, `LAST_LOGIN_IP`, `PREV_LOGIN`, `PREV_LOGIN_IP`, `IS_DEFAULT`, `PWD_CHANGE_COUNT`, `PSWD_RESET_TOKEN`, `PSWD_RESET_TOKEN_EXP`, `LOGIN_ID`, `LAST_UPDATE`, `LOWERCASE_LOGIN`) VALUES 
	('system','0',NULL,NULL,'0001','passwd00',NULL,NULL,NULL,0,1,0,'ACTIVE',NULL,null,NULL,NULL,0,NULL,NULL,NULL,NULL,NULL,0,0,NULL,NULL,'0',null,'system'),
	('helpdesk','0',NULL,NULL,'3010','passwd00',NULL,NULL,NULL,0,1,0,NULL,NULL,null,NULL,NULL,0,NULL,NULL,NULL,NULL,NULL,0,0,NULL,NULL,'3',null,'helpdesk'),
	('hrmanager','0',NULL,NULL,'3007','passwd00',NULL,NULL,NULL,0,1,0,NULL,NULL,null,NULL,NULL,0,NULL,NULL,NULL,NULL,NULL,0,0,NULL,NULL,'4',null,'hrmanager'),
	('manager','0',NULL,NULL,'3008','passwd00',NULL,NULL,NULL,0,1,0,NULL,NULL,null,NULL,NULL,0,NULL,NULL,NULL,NULL,NULL,0,0,NULL,NULL,'5',null,'manager'),
	('secmanager','0',NULL,NULL,'3009','passwd00',NULL,NULL,NULL,0,1,0,NULL,NULL,null,NULL,NULL,0,NULL,NULL,NULL,NULL,NULL,0,0,NULL,NULL,'6',null,'secmanager'),
	('snelson','0',NULL,NULL,'3006','passwd00',NULL,NULL,NULL,0,1,0,NULL,NULL,null,NULL,NULL,0,NULL,NULL,NULL,NULL,NULL,0,0,NULL,NULL,'7',null,'snelson'),
	('sysadmin','0',NULL,NULL,'3000','passwd00',NULL,NULL,NULL,0,1,0,NULL,NULL,null,NULL,NULL,0,NULL,NULL,NULL,NULL,NULL,0,0,NULL,NULL,'9',null,'sysadmin');

INSERT INTO `MNG_SYS_OBJECT_MATCH` (`OBJECT_SEARCH_ID`, `MANAGED_SYS_ID`, `OBJECT_TYPE`, `MATCH_METHOD`, `BASE_DN`, `SEARCH_BASE_DN`, `SEARCH_FILTER`, `KEY_FIELD`) VALUES 
	('101','101','USER','BASE_DN',NULL,NULL,'(&(objectclass=inetOrgPerson)(?))','uid'),
	('110','110','USER','BASE_DN',NULL,NULL,'(&(objectclass=user)(?))','CN');

INSERT INTO `POLICY_ATTRIBUTE` (`POLICY_ATTR_ID`, `DEF_PARAM_ID`, `POLICY_ID`, `NAME`, `OPERATION`, `VALUE1`, `VALUE2`, `RULE_TEXT`, `REQUIRED`) VALUES 
	('4000','116','4000','NON_ALPHA_CHARS','RANGE',NULL,NULL,NULL,'Y'),
	('4004','117','4000','ALPHA_CHARS','RANGE','',NULL,NULL,'Y'),
	('4007','114','4000','UPPERCASE_CHARS','RANGE',NULL,NULL,NULL,'Y'),
	('4008','113','4000','NUMERIC_CHARS','RANGE','1',NULL,NULL,'Y'),
	('4010','122','4000','PWD_NAME','boolean',NULL,NULL,NULL,'Y'),
	('4011','112','4000','PWD_LEN','RANGE','8','12',NULL,'Y'),
	('4013','110','4000','PWD_HIST_VER',NULL,'6',NULL,NULL,'Y'),
	('4015','132','4000','QUEST_LIST',NULL,NULL,NULL,NULL,'Y'),
	('4016','130','4000','QUEST_COUNT',NULL,'3',NULL,NULL,'Y'),
	('4017','121','4000','PWD_LOGIN','boolean',NULL,NULL,NULL,'Y'),
	('4019','115','4000','LOWERCASE_CHARS','RANGE',NULL,NULL,NULL,'Y'),
	('4020','129','4000','PWD_EXP_WARN',NULL,'2',NULL,NULL,'Y'),
	('4023','111','4000','PWD_EXPIRATION',NULL,'90',NULL,NULL,'Y'),
	('4050','133','4000','PWD_EXP_GRACE',NULL,'1',NULL,NULL,'Y'),
	('4051','134','4000','CHNG_PSWD_ON_RESET',NULL,'1',NULL,NULL,'Y'),
	('4052','180','4000','MIN_WORDS_PASSPHRASE',NULL,'',NULL,NULL,'Y'),
	('4053','181','4000','REPEAT_SAME_WORD_PASSPHRASE',NULL,'',NULL,NULL,'Y'),
	('4054','182','4000','LIMIT_NUM_REPEAT_CHAR',NULL,NULL,NULL,NULL,'Y'),
	('4055','142','4000','PASSWORD_CHANGE_ALLOWED',NULL,'1',NULL,NULL,'Y'),
	('4056','170','4000','REJECT_CHARS_IN_PSWD',NULL,'<>',NULL,NULL,'Y'),
	('4057','171','4000','QUEST_ANSWER_CORRECT',NULL,'3',NULL,NULL,'Y'),
	('4101','151','4001','AUTO_UNLOCK_TIME','','30',NULL,NULL,'Y'),
	('4102','152','4001','TOKEN_TYPE','','OPENIAM_TOKEN',NULL,NULL,'Y'),
	('4103','153','4001','LOGIN_MODULE_SEL_POLCY','','',NULL,NULL,'Y'),
	('4104','154','4001','SUCCESS_URL','','',NULL,NULL,'Y'),
	('4105','155','4001','FAIL_URL','','',NULL,NULL,'Y'),
	('4107','157','4001','FAILED_AUTH_COUNT','','3',NULL,NULL,'Y'),
	('4108','158','4001','DEFAULT_LOGIN_MOD','','defaultLoginModule',NULL,NULL,'Y'),
	('4109','159','4001','TOKEN_LIFE','','30',NULL,NULL,'Y'),
	('4110','162','4001','TOKEN_ISSUER','','openiam',NULL,NULL,'Y'),
	('4111','163','4001','LOGIN_MOD_TYPE','','1',NULL,NULL,'Y'),
	('4112','164','4001','AUTH_REPOSITORY','',NULL,NULL,NULL,'Y'),
	('4200','183','4000','PWD_PASSWORD',NULL,NULL,NULL,NULL,'Y'),
	('NUM_DAYS_FRGT_PWD_TOKEN_VALID','NUM_DAYS_FRGT_PWD_TOKEN_VALID','4000','NUM_DAYS_FORGET_PWD_TOKEN_VALID',NULL,NULL,NULL,NULL,'Y');

INSERT INTO `RESOURCE_USER` (`RESOURCE_ID`, `USER_ID`, `START_DATE`) VALUES 
	('GROUP_MENUS','3000',NULL),
	('ROLE_MENUS','3000',NULL),
	('SUP_SUB_PAGE','3000',NULL),
	('USER_DELEGATION','3000',NULL),
	('USER_MENUS','3000',NULL);

INSERT INTO `ROLE` (`ROLE_NAME`, `CREATE_DATE`, `CREATED_BY`, `DESCRIPTION`, `STATUS`, `ROLE_ID`, `MANAGED_SYS_ID`, `ADMIN_RESOURCE_ID`, `TYPE_ID`) VALUES 
	('End User',NULL,NULL,'Super Security Admin','ACTIVE','1',NULL,NULL,NULL),
	('Help Desk',NULL,NULL,'Super Security Admin','ACTIVE','2',NULL,NULL,NULL),
	('Human Resource',NULL,NULL,'Super Security Admin','ACTIVE','3',NULL,NULL,NULL),
	('Manager',NULL,NULL,'Super Security Admin','ACTIVE','4',NULL,NULL,NULL),
	('Security Manager',NULL,NULL,'Super Security Admin','ACTIVE','5',NULL,NULL,NULL),
	('Security Admin_IDM',NULL,NULL,'Super Security Admin','ACTIVE','6',NULL,NULL,NULL),
	('Security Admin',NULL,NULL,'Super Security Admin','ACTIVE','7',NULL,NULL,NULL),
	('Super Security Admin',NULL,NULL,'Super Security Admin','ACTIVE','9',NULL,NULL,NULL);

INSERT INTO `res_to_res_membership` (`RESOURCE_ID`, `MEMBER_RESOURCE_ID`, `CREATE_DATE`, `UPDATE_DATE`, `CREATED_BY`, `UPDATED_BY`) VALUES 
	('ACCESSCENTER','CREATEREQ',null,null,NULL,NULL),
	('ACCESSCENTER','NEWUSER',null,null,NULL,NULL),
	('ACCESSCENTER','NEWUSER-NOAPPRV',null,null,NULL,NULL),
	('ACCESSCENTER','SELFSERVICE_GROUPS',null,null,NULL,NULL),
	('ACCESSCENTER','SELFSERVICE_RESOURCES',null,null,NULL,NULL),
	('ACCESSCENTER','SELFSERVICE_ROLES',null,null,NULL,NULL),
	('ACCESSCENTER','SELFSRVS_ACCESS_MNGMNT_ORG',null,null,NULL,NULL),
	('ACCESSCENTER','SELF_QUERYUSER',null,null,NULL,NULL),
	('ACC_CONTROL','AM_PROV_SEARCH_CHILD',null,null,NULL,NULL),
	('ACC_CONTROL','AUTH_LEVEL_GRP',null,null,NULL,NULL),
	('ACC_CONTROL','CONTENT_PROV_SEARCH_CHILD',null,null,NULL,NULL),
	('ACC_CONTROL','MENUS_SEARCH',null,null,NULL,NULL),
	('ACC_CONTROL','RES_TYPE_ITEM',null,null,NULL,NULL),
	('ACC_CONTROL','SECURITY_GROUP',null,null,NULL,NULL),
	('ACC_CONTROL','SECURITY_RES',null,null,NULL,NULL),
	('ACC_CONTROL','SECURITY_ROLE',null,null,NULL,NULL),
	('ADMIN','ABOUT',null,null,NULL,NULL),
	('ADMIN','ADMIN_BATCH_TASKS',null,null,NULL,NULL),
	('ADMIN','BATCH_PROC',null,null,NULL,NULL),
	('ADMIN','CHALLENGE',null,null,NULL,NULL),
	('ADMIN','CHALLENGE_RESPONSE_QUESTION',null,null,NULL,NULL),
	('ADMIN','CONF_POLICY_PAGE',null,null,NULL,NULL),
	('ADMIN','CUSTOM_FIELD_SEARCH_CHILD',null,null,NULL,NULL),
	('ADMIN','IMPERSIONATION_MENU',null,null,NULL,NULL),
	('ADMIN','LANGUAGE_ADMIN',null,null,NULL,NULL),
	('ADMIN','LOCATION',null,null,NULL,NULL),
	('ADMIN','METADATA',null,null,NULL,NULL),
	('ADMIN','META_TYPE_ADMIN',null,null,NULL,NULL),
	('ADMIN','SYNCLOG',null,null,NULL,NULL),
	('ADMIN','TEMPLATE_SEARCH_CHILD',null,null,NULL,NULL),
	('ADMIN','UI_THEMES',null,null,NULL,NULL),
	('AM_PROV_EDIT','AM_PROV_AM_ATTR',null,null,NULL,NULL),
	('AM_PROV_EDIT','AM_PROV_EDIT_CURRENT',null,null,NULL,NULL),
	('AM_PROV_EDIT','AM_PROV_EDIT_SEARCH',null,null,NULL,NULL),
	('AM_PROV_EDIT','AM_PROV_NEW_EDIT',null,null,NULL,NULL),
	('AM_PROV_ROOT','AM_PROV_NEW',null,null,NULL,NULL),
	('AM_PROV_ROOT','AM_PROV_SEARCH',null,null,NULL,NULL),
	('AUDITREPORT','AUDIT_RPT',null,null,NULL,NULL),
	('AUTHENTICATION_POLICY_ROOT_MENU','NEW_AUTHENTICATION_POLICY',null,null,NULL,NULL),
	('AUTH_LVL_GRP_ATTR','BACK_TO_AUTH_LVL',null,null,NULL,NULL),
	('AUTH_LVL_GRP_EDIT_ROOT','BACK_TO_AUTH_LVL_GRP_SRH',null,null,NULL,NULL),
	('AUTH_LVL_GRP_NEW_ROOT','NEW_AUTH_LVL_GRP',null,null,NULL,NULL),
	('BATCH_TASK_EDIT','EDIT_BATCH_TASK',null,null,NULL,NULL),
	('BATCH_TASK_EDIT','SEARCH_BATCH_EDIT',null,null,NULL,NULL),
	('BATCH_TASK_ROOT','NEW_BATCH_TASK',null,null,NULL,NULL),
	('BATCH_TASK_ROOT','SEARCH_BATCH_NEW',null,null,NULL,NULL),
	('CHALLENGE_RESPONSE_QUESTION_ROOT','CHALLENGE_RESPONSE_QUESTION_NEW',null,null,NULL,NULL),
	('CONTENT_PROV_EDIT','CONTENT_PROV_EDIT_CURRENT',null,null,NULL,NULL),
	('CONTENT_PROV_EDIT','CONTENT_PROV_EDIT_SEARCH',null,null,NULL,NULL),
	('CONTENT_PROV_EDIT','CONTENT_PROV_NEW_EDIT',null,null,NULL,NULL),
	('CONTENT_PROV_ROOT','CONTENT_PROV_NEW',null,null,NULL,NULL),
	('CONTENT_PROV_ROOT','CONTENT_PROV_SEARCH',null,null,NULL,NULL),
	('CUSTOM_FIELD_EDIT','CUSTOM_FIELD_EDIT_NEW',null,null,NULL,NULL),
	('CUSTOM_FIELD_EDIT','CUSTOM_FIELD_EDIT_SEARCH',null,null,NULL,NULL),
	('CUSTOM_FIELD_ROOT','CUSTOM_FIELD_NEW',null,null,NULL,NULL),
	('CUSTOM_FIELD_ROOT','CUSTOM_FIELD_SEARCH',null,null,NULL,NULL),
	('GROUP_EDIT_MENU','EDIT_GROUP',null,null,NULL,NULL),
	('GROUP_EDIT_MENU','GROUP_ENTITLEMENTS',null,null,NULL,NULL),
	('GROUP_EDIT_MENU','GROUP_MENUS',null,null,NULL,NULL),
	('GROUP_EDIT_MENU','GRP_APROVER_ASSOC',null,null,NULL,NULL),
	('GROUP_ROOT_MENU','GROUP_SEARCH',null,null,NULL,NULL),
	('GROUP_ROOT_MENU','NEW_GROUP',null,null,NULL,NULL),
	('IDM','ACC_CONTROL',null,null,NULL,NULL),
	('IDM','ADMIN',null,null,NULL,NULL),
	('IDM','IDMAN',null,null,NULL,NULL),
	('IDM','PROVISIONING',null,null,NULL,NULL),
	('IDM','REPORT',null,null,NULL,NULL),
	('IDM','SECURITY_POLICY',null,null,NULL,NULL),
	('IDM','WEB_REPORT',null,null,NULL,NULL),
	('IDMAN','BULK_OPS',null,null,NULL,NULL),
	('IDMAN','EDIT_ORG_TYPE_IDMAN',null,null,NULL,NULL),
	('IDMAN','ORG',null,null,NULL,NULL),
	('IDMAN','USER',null,null,NULL,NULL),
	('IDMAN','USER_BULK',null,null,NULL,NULL),
	('LANGUAGE_ROOT_MENU','LANGUAGE_EDIT',null,null,NULL,NULL),
	('LANGUAGE_ROOT_MENU','LANGUAGE_SEARCH',null,null,NULL,NULL),
	('META_SUBMENU_ROOT','META_TYPE_EDIT_RETURN',null,null,NULL,NULL),
	('META_TYPE_SUBMENU_ROOT','META_TYPE_EDIT',null,null,NULL,NULL),
	('META_TYPE_SUBMENU_ROOT','META_TYPE_SEARCH',null,null,NULL,NULL),
	('MNGSYS_EDIT_MENU_ROOT','MANUALRECON',null,null,NULL,NULL),
	('MNGSYS_EDIT_MENU_ROOT','MNGSYSRULES',null,null,NULL,NULL),
	('MNGSYS_EDIT_MENU_ROOT','MNGSYS_EDIT',null,null,NULL,NULL),
	('MNGSYS_EDIT_MENU_ROOT','RESPOLICYMAP',null,null,NULL,NULL),
	('MNGSYS_EDIT_MENU_ROOT','RESRECONCILE',null,null,NULL,NULL),
	('MNGSYS_MENU_ITEM','MNGSYS_NEW',null,null,NULL,NULL),
	('ORGANIZATION_EDIT_ID','EDIT_ORG',null,null,NULL,NULL),
	('ORGANIZATION_EDIT_ID','ORG_APROVER_ASSOC',null,null,NULL,NULL),
	('ORGANIZATION_EDIT_ID','ORG_MEMBERSHIP',null,null,NULL,NULL),
	('ORGANIZATION_ROOT_ID','NEW_ORG',null,null,NULL,NULL),
	('ORGANIZATION_ROOT_ID','ORG_SEARCH',null,null,NULL,NULL),
	('ORG_TYPE_SUBMENU_EDIT','EDIT_ORG_MEMBERSHIP',null,null,NULL,NULL),
	('ORG_TYPE_SUBMENU_EDIT','EDIT_ORG_TYPE',null,null,NULL,NULL),
	('ORG_TYPE_SUBMENU_EDIT','ORG_TYPE_EDIT_SEARCH',null,null,NULL,NULL),
	('ORG_TYPE_SUBMENU_ROOT','NEW_ORG_TYPE',null,null,NULL,NULL),
	('ORG_TYPE_SUBMENU_ROOT','ORG_TYPE_SEARCH',null,null,NULL,NULL),
	('PAGE_TEMPLATE_EDIT','PAGE_TEMPLATE_EDIT_NEW',null,null,NULL,NULL),
	('PAGE_TEMPLATE_EDIT','PAGE_TEMPLATE_EDIT_SEARCH',null,null,NULL,NULL),
	('PAGE_TEMPLATE_ROOT','PAGE_TEMPLATE_NEW',null,null,NULL,NULL),
	('PAGE_TEMPLATE_ROOT','PAGE_TEMPLATE_SEARCH',null,null,NULL,NULL),
	('PASSWORD_POLICY_EDIT','ASSOC_POLICY',null,null,NULL,NULL),
	('PASSWORD_POLICY_ROOT_MENU','NEW_PASSWORD_POLICY',null,null,NULL,NULL),
	('PASSWORD_POLICY_ROOT_MENU','UPLOAD_CUST_PSWD_POLICY',null,null,NULL,NULL),
	('POLICY_ATTR_EDIT_ROOT','EDIT_POLICY_ATTR_SRCH_BCK',null,null,NULL,NULL),
	('POLICY_ATTR_ROOT','NEW_POLICY_ATTR',null,null,NULL,NULL),
	('PROVCONNECT_MENU_ITEM','PROV_CONNECTOR_NEW',null,null,NULL,NULL),
	('PROVISIONING','MNGSYS',null,null,NULL,NULL),
	('PROVISIONING','PROVCONNECT',null,null,NULL,NULL),
	('PROVISIONING','SYNCUSER',null,null,NULL,NULL),
	('REPORT','AUDITREPORT',null,null,NULL,NULL),
	('REQUEST_APPROVAL','MANAGEREQ',null,null,NULL,NULL),
	('REQUEST_APPROVAL','REQINBOX',null,null,NULL,NULL),
	('RESOURCE_EDIT_PAGE_ROOT','EDIT_RESOURCE',null,null,NULL,NULL),
	('RESOURCE_EDIT_PAGE_ROOT','RES_APROVER_ASSOC',null,null,NULL,NULL),
	('RESOURCE_EDIT_PAGE_ROOT','RES_ENT_SUB',null,null,NULL,NULL),
	('RESOURCE_MENU_ROOT','CREATE_RESOURCE_MENU',null,null,NULL,NULL),
	('RESOURCE_MENU_ROOT','RESSUMMARY',null,null,NULL,NULL),
	('RES_TYPE_MENU_ROOT','RES_TYPE_NEW',null,null,NULL,NULL),
	('ROLE_EDIT_MENU','EDIT_ROLE',null,null,NULL,NULL),
	('ROLE_EDIT_MENU','ROLE_APROVER_ASSOC',null,null,NULL,NULL),
	('ROLE_EDIT_MENU','ROLE_ENTITLEMENTS',null,null,NULL,NULL),
	('ROLE_EDIT_MENU','ROLE_MENUS',null,null,NULL,NULL),
	('ROLE_ROOT_MENU','NEW_ROLE',null,null,NULL,NULL),
	('ROLE_ROOT_MENU','ROLE_SEARCH',null,null,NULL,NULL),
	('SECURITY_POLICY','ATTRIBUTE_POLICY',null,null,NULL,NULL),
	('SECURITY_POLICY','AUTHENTICATION_POLICY',null,null,NULL,NULL),
	('SECURITY_POLICY','PASSWORD_POLICY',null,null,NULL,NULL),
	('SELFCENTER','CHNGPSWD',null,null,NULL,NULL),
	('SELFCENTER','DIR_LOOKUP_PAGE',null,null,NULL,NULL),
	('SELFCENTER','IDQUEST',null,null,NULL,NULL),
	('SELFCENTER','PROFILE',null,null,NULL,NULL),
	('SELFSERVICE','ACCESSCENTER',null,null,NULL,NULL),
	('SELFSERVICE','REQUEST_APPROVAL',null,null,NULL,NULL),
	('SELFSERVICE','SELFCENTER',null,null,NULL,NULL),
	('SELFSERVICE','SELFSERVICE_MYAPPS',null,null,NULL,NULL),
	('SELFSERVICE','SELFSERVICE_MYINFO',null,null,NULL,NULL),
	('SELFSERVICE','SELFSERVICE_REPORT',null,null,NULL,NULL),
	('SELFSERVICE_EXT','SELFSRV_EXAMPLE',null,null,NULL,NULL),
	('SELFSERVICE_REPORT','SUBSCRIBE',null,null,NULL,NULL),
	('SELFSERVICE_REPORT','VIEW',null,null,NULL,NULL),
	('SELFSERV_USER_EDIT_ROOT','SELFSERVE_SUP_SUB',null,null,NULL,NULL),
	('SELFSERV_USER_EDIT_ROOT','SELFSERV_ACCESS_REVIEW',null,null,NULL,NULL),
	('SELFSERV_USER_EDIT_ROOT','SELFSERV_USER_EDIT',null,null,NULL,NULL),
	('SELFSERV_USER_EDIT_ROOT','SELFSERV_USER_MEMSHP',null,null,NULL,NULL),
	('SELFSERV_USER_EDIT_ROOT','SELFSER_USER_LOGIN',null,null,NULL,NULL),
	('SELFSERV_USER_EDIT_ROOT','SELFSER_USER_NEW_LOGIN',null,null,NULL,NULL),
	('SELFSRV_GRP_EDIT_ROOT','SELFSERV_GRP_BACK_SRCH',null,null,NULL,NULL),
	('SELFSRV_GRP_EDIT_ROOT','SELFSERV_GRP_EDIT',null,null,NULL,NULL),
	('SELFSRV_GRP_EDIT_ROOT','SS_GRP_ENT',null,null,NULL,NULL),
	('SELFSRV_GRP_SRCH_ROOT','SELFSERV_GRP_NEW',null,null,NULL,NULL),
	('SELFSRV_RES_EDIT_ROOT','SELFSRV_RES_BACK_SRCH',null,null,NULL,NULL),
	('SELFSRV_RES_EDIT_ROOT','SELFSRV_RES_EDIT',null,null,NULL,NULL),
	('SELFSRV_RES_EDIT_ROOT','SS_RES_ENT',null,null,NULL,NULL),
	('SELFSRV_RES_SRCH_ROOT','SELFSRV_RES_NEW',null,null,NULL,NULL),
	('SELFSRV_ROLE_EDIT_ROOT','SELFSRV_ROLE_BACK_SRCH',null,null,NULL,NULL),
	('SELFSRV_ROLE_EDIT_ROOT','SELFSRV_ROLE_EDIT',null,null,NULL,NULL),
	('SELFSRV_ROLE_EDIT_ROOT','SS_ROLE_ENT',null,null,NULL,NULL),
	('SELFSRV_ROLE_SRCH_ROOT','SELFSERV_ROLE_NEW',null,null,NULL,NULL),
	('SELF_SUB_ORGS_EDIT_ROOT','SELF_SUB_ORGS_EDIT',null,null,NULL,NULL),
	('SELF_SUB_ORGS_EDIT_ROOT','SS_ORG_BACK_SEARCH',null,null,NULL,NULL),
	('SELF_SUB_ORGS_ROOT','SELF_SUB_ORGS_NEW',null,null,NULL,NULL),
	('SELF_SUB_ORGS_ROOT','SELF_SUB_ORGS_SEARCH',null,null,NULL,NULL),
	('SELF_SUB_REPORT_ROOT','SELF_SUB_REPORT_NEW',null,null,NULL,NULL),
	('SELF_VIEW_REPORT_ROOT','SELF_VIEW_REPORT_NEW',null,null,NULL,NULL),
	('SYNCUSER_EDIT_MENU_ROOT','SYNCUSER_EDIT',null,null,NULL,NULL),
	('SYNCUSER_EDIT_MENU_ROOT','SYNCUSER_POLICYMAP',null,null,NULL,NULL),
	('SYNCUSER_MENU_ITEM','SYNCUSER_NEW',null,null,NULL,NULL),
	('UI_THEME_EDIT','UI_THEME_BACK_SRCH',null,null,NULL,NULL),
	('UI_THEME_EDIT','UI_THEME_EDIT_MODIFY',null,null,NULL,NULL),
	('UI_THEME_ROOT','NEW_UI_THEME',null,null,NULL,NULL),
	('UI_THEME_ROOT','UI_THEME_ROOT_SRCH',null,null,NULL,NULL),
	('URI_META_EDIT','URI_META_BACK',null,null,NULL,NULL),
	('URI_PATTERN_EDIT','BACK_TO_CP',null,null,NULL,NULL),
	('URI_PATTERN_EDIT','URI_PATTERN_EDIT_NEW_PATTERN',null,null,NULL,NULL),
	('URI_PATTERN_EDIT','URI_PATTERN_EDIT_PATTERN',null,null,NULL,NULL),
	('URI_PATTERN_EDIT','URI_PATTERN_EDT_PROV_SEARCH',null,null,NULL,NULL),
	('USER_EDIT_MENU','MNG_SYS_VIEWER',null,null,NULL,NULL),
	('USER_EDIT_MENU','SUP_SUB_PAGE',null,null,NULL,NULL),
	('USER_EDIT_MENU','USER_ATTRIBUTES',null,null,NULL,NULL),
	('USER_EDIT_MENU','USER_DELEGATION',null,null,NULL,NULL),
	('USER_EDIT_MENU','USER_EDIT_CONTACT_INFO',null,null,NULL,NULL),
	('USER_EDIT_MENU','USER_EDIT_INFO',null,null,NULL,NULL),
	('USER_EDIT_MENU','USER_ENTITLEMENTS',null,null,NULL,NULL),
	('USER_EDIT_MENU','USER_HISTORY',null,null,NULL,NULL),
	('USER_EDIT_MENU','USER_IDENTITY',null,null,NULL,NULL),
	('USER_EDIT_MENU','USER_MENUS',null,null,NULL,NULL),
	('USER_EDIT_MENU','USER_RESET_PASSWORD',null,null,NULL,NULL),
	('USER_EDIT_MENU','USER_SEARCH',null,null,NULL,NULL),
	('USER_ROOT_MENU','NEW_USER',null,null,NULL,NULL),
	('WEB_REPORT_ROOT','WEB_REPORT_NEW',null,null,NULL,NULL);

INSERT INTO `COMPANY_TO_COMPANY_MEMBERSHIP` (`COMPANY_ID`, `MEMBER_COMPANY_ID`, `CREATE_DATE`, `UPDATE_DATE`, `CREATED_BY`, `UPDATED_BY`) VALUES 
	('100','101',null,null,NULL,NULL),
	('100','102',null,null,NULL,NULL),
	('100','103',null,null,NULL,NULL),
	('100','104',null,null,NULL,NULL);

INSERT INTO `GRP` (`GRP_ID`, `GRP_NAME`, `CREATE_DATE`, `CREATED_BY`, `COMPANY_ID`, `GROUP_DESC`, `STATUS`, `LAST_UPDATE`, `LAST_UPDATED_BY`, `MANAGED_SYS_ID`, `ADMIN_RESOURCE_ID`, `TYPE_ID`) VALUES 
	('END_USER_GRP','End User Group',NULL,NULL,NULL,NULL,NULL,NULL,NULL,NULL,NULL,NULL),
	('HR_GRP','HR Group',NULL,NULL,NULL,NULL,NULL,NULL,NULL,NULL,NULL,NULL),
	('MNGR_GRP','Manager Group',NULL,NULL,NULL,NULL,NULL,NULL,NULL,NULL,NULL,NULL),
	('SECURITY_GRP','Security Group',NULL,NULL,NULL,NULL,NULL,NULL,NULL,NULL,NULL,NULL),
	('SEC_ADMIN_GRP','Sec Admin Group',NULL,NULL,NULL,NULL,NULL,NULL,NULL,NULL,NULL,NULL),
	('SUPER_SEC_ADMIN_GRP','Super Admin Group',NULL,NULL,NULL,NULL,NULL,NULL,NULL,NULL,NULL,NULL);

INSERT INTO `METADATA_ELEMENT` (`METADATA_ID`, `TYPE_ID`, `ATTRIBUTE_NAME`, `DESCRIPTION`, `DATA_TYPE`, `AUDITABLE`, `REQUIRED`, `SELF_EDITABLE`, `TEMPLATE_ID`, `RESOURCE_ID`, `VALIDATOR`, `STATIC_DEFAULT_VALUE`, `IS_PUBLIC`) VALUES 
	('101','InetOrgPerson','Display Name',NULL,NULL,'Y','N','Y',NULL,NULL,NULL,NULL,'Y'),
	('104','InetOrgPerson','Preferred Language',NULL,NULL,'Y','N','Y',NULL,NULL,NULL,NULL,'Y'),
	('105','InetOrgPerson','VehicleLicense',NULL,NULL,'Y','N','Y',NULL,NULL,NULL,NULL,'Y'),
	('106','InetOrgPerson','Given Name',NULL,NULL,'Y','N','Y',NULL,NULL,NULL,NULL,'Y'),
	('107','InetOrgPerson','LabeledURI',NULL,NULL,'Y','N','Y',NULL,NULL,NULL,NULL,'Y'),
	('108','InetOrgPerson','Initials',NULL,NULL,'Y','N','Y',NULL,NULL,NULL,NULL,'Y'),
	('110','InetOrgPerson','BusinessCategory',NULL,NULL,'Y','N','Y',NULL,NULL,NULL,NULL,'Y'),
	('131','Contractor','Display Name',NULL,NULL,'Y','N','Y',NULL,NULL,NULL,NULL,'Y'),
	('134','Contractor','Preferred Language',NULL,NULL,'Y','N','Y',NULL,NULL,NULL,NULL,'Y'),
	('135','Contractor','VehicleLicense',NULL,NULL,'Y','N','Y',NULL,NULL,NULL,NULL,'Y'),
	('136','Contractor','Given Name',NULL,NULL,'Y','N','Y',NULL,NULL,NULL,NULL,'Y'),
	('137','Contractor','LabeledURI',NULL,NULL,'Y','N','Y',NULL,NULL,NULL,NULL,'Y'),
	('138','Contractor','Initials',NULL,NULL,'Y','N','Y',NULL,NULL,NULL,NULL,'Y'),
	('140','DIRECTORY','Display Name',NULL,NULL,'Y','N','N',NULL,NULL,NULL,NULL,'Y'),
	('150','FILE','Display Name',NULL,NULL,'Y','N','N',NULL,NULL,NULL,NULL,'Y'),
	('160','URL','Display Name',NULL,NULL,'Y','N','N',NULL,NULL,NULL,NULL,'Y'),
	('260','Contractor','BusinessCategory',NULL,NULL,'Y','N','Y',NULL,NULL,NULL,NULL,'Y'),
	('261','Contractor','StartDate',NULL,NULL,'Y','N','Y',NULL,NULL,NULL,NULL,'Y'),
	('262','Contractor','EndDate',NULL,NULL,'Y','N','Y',NULL,NULL,NULL,NULL,'Y'),
	('300','LdapOrgPerson','name','',NULL,'Y','N','N',NULL,NULL,NULL,NULL,'Y'),
	('301','LdapOrgPerson','distinguishedName','',NULL,'Y','N','N',NULL,NULL,NULL,NULL,'Y'),
	('302','LdapOrgPerson','objectclass','',NULL,'Y','Y','N',NULL,NULL,NULL,NULL,'Y'),
	('303','LdapOrgPerson','aliasedObjectName','',NULL,'Y','N','N',NULL,NULL,NULL,NULL,'Y'),
	('304','LdapOrgPerson','cn','',NULL,'Y','Y','N',NULL,NULL,NULL,NULL,'Y'),
	('305','LdapOrgPerson','sn','',NULL,'Y','N','N',NULL,NULL,NULL,NULL,'Y'),
	('306','LdapOrgPerson','serialNumber','',NULL,'Y','N','N',NULL,NULL,NULL,NULL,'Y'),
	('307','LdapOrgPerson','c','',NULL,'Y','N','N',NULL,NULL,NULL,NULL,'Y'),
	('308','LdapOrgPerson','l','',NULL,'Y','N','N',NULL,NULL,NULL,NULL,'Y'),
	('309','LdapOrgPerson','st','',NULL,'Y','N','N',NULL,NULL,NULL,NULL,'Y'),
	('310','LdapOrgPerson','street','',NULL,'Y','N','N',NULL,NULL,NULL,NULL,'Y'),
	('311','LdapOrgPerson','o','',NULL,'Y','Y','N',NULL,NULL,NULL,NULL,'Y'),
	('312','LdapOrgPerson','ou','',NULL,'Y','N','N',NULL,NULL,NULL,NULL,'Y'),
	('313','LdapOrgPerson','title','',NULL,'Y','N','N',NULL,NULL,NULL,NULL,'Y'),
	('314','LdapOrgPerson','description','',NULL,'Y','N','N',NULL,NULL,NULL,NULL,'Y'),
	('315','LdapOrgPerson','businessCategory','',NULL,'Y','N','N',NULL,NULL,NULL,NULL,'Y'),
	('316','LdapOrgPerson','postalAddress','',NULL,'Y','N','N',NULL,NULL,NULL,NULL,'Y'),
	('317','LdapOrgPerson','postalCode','',NULL,'Y','N','N',NULL,NULL,NULL,NULL,'Y'),
	('318','LdapOrgPerson','postOfficeBox','',NULL,'Y','N','N',NULL,NULL,NULL,NULL,'Y'),
	('319','LdapOrgPerson','physicalDeliveryOfficeName','',NULL,'Y','N','N',NULL,NULL,NULL,NULL,'Y'),
	('320','LdapOrgPerson','telephoneNumber','',NULL,'Y','N','N',NULL,NULL,NULL,NULL,'Y'),
	('321','LdapOrgPerson','telexNumber','',NULL,'Y','N','N',NULL,NULL,NULL,NULL,'Y'),
	('322','LdapOrgPerson','teletexTerminalIdentifier','',NULL,'Y','N','N',NULL,NULL,NULL,NULL,'Y'),
	('323','LdapOrgPerson','facsimileTelephoneNumber','',NULL,'Y','N','N',NULL,NULL,NULL,NULL,'Y'),
	('324','LdapOrgPerson','x121Address','',NULL,'Y','N','N',NULL,NULL,NULL,NULL,'Y'),
	('325','LdapOrgPerson','internationaliSDNNumber','',NULL,'Y','N','N',NULL,NULL,NULL,NULL,'Y'),
	('326','LdapOrgPerson','registeredAddress','',NULL,'Y','N','N',NULL,NULL,NULL,NULL,'Y'),
	('327','LdapOrgPerson','destinationIndicator','',NULL,'Y','N','N',NULL,NULL,NULL,NULL,'Y'),
	('328','LdapOrgPerson','preferredDeliveryMethod','',NULL,'Y','N','N',NULL,NULL,NULL,NULL,'Y'),
	('329','LdapOrgPerson','presentationAddress','',NULL,'Y','N','N',NULL,NULL,NULL,NULL,'Y'),
	('330','LdapOrgPerson','supportedApplicationContext','',NULL,'Y','N','N',NULL,NULL,NULL,NULL,'Y'),
	('331','LdapOrgPerson','member','',NULL,'Y','N','N',NULL,NULL,NULL,NULL,'Y'),
	('332','LdapOrgPerson','owner','',NULL,'Y','N','N',NULL,NULL,NULL,NULL,'Y'),
	('333','LdapOrgPerson','roleOccupant','',NULL,'Y','N','N',NULL,NULL,NULL,NULL,'Y'),
	('334','LdapOrgPerson','seeAlso','',NULL,'Y','N','N',NULL,NULL,NULL,NULL,'Y'),
	('335','LdapOrgPerson','userPassword','',NULL,'Y','N','N',NULL,NULL,NULL,NULL,'Y'),
	('336','LdapOrgPerson','userCertificate','',NULL,'Y','N','N',NULL,NULL,NULL,NULL,'Y'),
	('337','LdapOrgPerson','cACertificate','',NULL,'Y','N','N',NULL,NULL,NULL,NULL,'Y'),
	('338','LdapOrgPerson','authorityRevocationList','',NULL,'Y','N','N',NULL,NULL,NULL,NULL,'Y'),
	('339','LdapOrgPerson','certificateRevocationList','',NULL,'Y','N','N',NULL,NULL,NULL,NULL,'Y'),
	('340','LdapOrgPerson','crossCertificatePair','',NULL,'Y','N','N',NULL,NULL,NULL,NULL,'Y'),
	('341','LdapOrgPerson','givenName','',NULL,'Y','N','N',NULL,NULL,NULL,NULL,'Y'),
	('342','LdapOrgPerson','initials','',NULL,'Y','N','N',NULL,NULL,NULL,NULL,'Y'),
	('343','LdapOrgPerson','generationQualifier','',NULL,'Y','N','N',NULL,NULL,NULL,NULL,'Y'),
	('344','LdapOrgPerson','x500UniqueIdentifier','',NULL,'Y','N','N',NULL,NULL,NULL,NULL,'Y'),
	('346','LdapOrgPerson','uniqueMember','',NULL,'Y','N','N',NULL,NULL,NULL,NULL,'Y'),
	('347','LdapOrgPerson','houseIdentifier','',NULL,'Y','N','N',NULL,NULL,NULL,NULL,'Y'),
	('348','LdapOrgPerson','uid','',NULL,'Y','N','N',NULL,NULL,NULL,NULL,'Y'),
	('349','LdapOrgPerson','mail','',NULL,'Y','N','N',NULL,NULL,NULL,NULL,'Y'),
	('350','LdapOrgPerson','ref','',NULL,'Y','N','N',NULL,NULL,NULL,NULL,'Y'),
	('351','LdapOrgPerson','referral','',NULL,'Y','N','N',NULL,NULL,NULL,NULL,'Y'),
	('352','LdapOrgPerson','krbName','',NULL,'Y','N','N',NULL,NULL,NULL,NULL,'Y'),
	('401','MANAGED_SYS','SUBMIT_USER_TO_CONNECTOR',NULL,NULL,'Y','N','N',NULL,NULL,NULL,NULL,'Y'),
	('402','MANAGED_SYS','INCLUDE_IN_PASSWORD_SYNC',NULL,NULL,'Y','N','N',NULL,NULL,NULL,NULL,'Y'),
	('405','MANAGED_SYS','INCLUDE_IN_SYNC',NULL,NULL,'Y','N','N',NULL,NULL,NULL,NULL,'Y'),
	('406','MANAGED_SYS','TABLE_NAME',NULL,NULL,'Y','N','N',NULL,NULL,NULL,NULL,'Y'),
	('407','MANAGED_SYS','GROUP_MEMBERSHIP_ENABLED',NULL,NULL,'Y','N','N',NULL,NULL,NULL,NULL,'Y'),
	('408','MANAGED_SYS','ON_DELETE',NULL,NULL,'Y','N','N',NULL,NULL,NULL,NULL,'Y'),
	('409','MANAGED_SYS','PRE_PROCESS',NULL,NULL,'Y','N','N',NULL,NULL,NULL,NULL,'Y'),
	('410','MANAGED_SYS','POST_PROCESS',NULL,NULL,'Y','N','N',NULL,NULL,NULL,NULL,'Y'),
	('411','AUTH_REPO','HOST_URL',NULL,NULL,'Y','N','N',NULL,NULL,NULL,NULL,'Y'),
	('412','AUTH_REPO','BASE_DN',NULL,NULL,'Y','N','N',NULL,NULL,NULL,NULL,'Y'),
	('413','AUTH_REPO','HOST_LOGIN ID',NULL,NULL,'Y','N','N',NULL,NULL,NULL,NULL,'Y'),
	('415','AUTH_REPO','COMMUNICATION_PROTOCOL',NULL,NULL,'Y','N','N',NULL,NULL,NULL,NULL,'Y'),
	('416','AUTH_REPO','OBJECT_CLASS',NULL,NULL,'Y','N','N',NULL,NULL,NULL,NULL,'Y'),
	('418','AUTH_REPO','SEARCH_ATTRIBUTE',NULL,NULL,'Y','N','N',NULL,NULL,NULL,NULL,'Y'),
	('419','AUTH_REPO','MANAGED_SYS_ID',NULL,NULL,'Y','N','N',NULL,NULL,NULL,NULL,'Y'),
	('420','AUTH_REPO','DN_ATTRIBUTE',NULL,NULL,'Y','N','N',NULL,NULL,NULL,NULL,'Y'),
	('421','AUTH_REPO','PASSWORD',NULL,NULL,'Y','N','N',NULL,NULL,NULL,NULL,'Y'),
	('430','WEBSERVICE','END_POINT',NULL,NULL,'Y','N','N',NULL,NULL,NULL,NULL,'Y'),
	('440','WEBSERVICE_OP','OPERATION_NAME',NULL,NULL,'Y','N','N',NULL,NULL,NULL,NULL,'Y'),
	('450','NO-PROVISION-APP','URL',NULL,NULL,'Y','N','N',NULL,NULL,NULL,NULL,'Y');

INSERT INTO `RESOURCE_ROLE` (`RESOURCE_ID`, `START_DATE`, `ROLE_ID`) VALUES 
	('ABOUT',NULL,'9'),
	('ABOUT_ROOT_MENU',NULL,'9'),
	('ACCESSCENTER',NULL,'2'),
	('ACCESSCENTER',NULL,'4'),
	('ACCESSCENTER',NULL,'9'),
	('ACC_CONTROL',NULL,'9'),
	('ADMIN',NULL,'9'),
	('ADMIN_BATCH_TASKS',NULL,'9'),
	('AM_PROV_AM_ATTR',NULL,'9'),
	('AM_PROV_EDIT',NULL,'9'),
	('AM_PROV_EDIT_CURRENT',NULL,'9'),
	('AM_PROV_EDIT_SEARCH',NULL,'9'),
	('AM_PROV_NEW',NULL,'9'),
	('AM_PROV_NEW_EDIT',NULL,'9'),
	('AM_PROV_ROOT',NULL,'9'),
	('AM_PROV_SEARCH',NULL,'9'),
	('AM_PROV_SEARCH_CHILD',NULL,'9'),
	('ASSOC_POLICY',NULL,'9'),
	('ATTRIBUTE_POLICY',NULL,'9'),
	('AUDITREPORT',NULL,'9'),
	('AUDIT_RPT',NULL,'9'),
	('AUTHENTICATION_POLICY',NULL,'9'),
	('AUTHENTICATION_POLICY_ROOT_MENU',NULL,'9'),
	('AUTH_LEVEL_GRP',NULL,'9'),
	('AUTH_LVL_GRP_ATTR',NULL,'9'),
	('AUTH_LVL_GRP_EDIT_ROOT',NULL,'9'),
	('AUTH_LVL_GRP_NEW_ROOT',NULL,'9'),
	('BACK_TO_AUTH_LVL',NULL,'9'),
	('BACK_TO_AUTH_LVL_GRP_SRH',NULL,'9'),
	('BACK_TO_CP',NULL,'9'),
	('BATCH_PROC',NULL,'9'),
	('BATCH_TASK_EDIT',NULL,'9'),
	('BATCH_TASK_ROOT',NULL,'9'),
	('BULK_OPS',NULL,'9'),
	('CHALLENGE',NULL,'9'),
	('CHALLENGE_RESPONSE_QUESTION',NULL,'9'),
	('CHALLENGE_RESPONSE_QUESTION_NEW',NULL,'9'),
	('CHALLENGE_RESPONSE_QUESTION_ROOT',NULL,'9'),
	('CHNGPSWD',NULL,'1'),
	('CHNGPSWD',NULL,'2'),
	('CHNGPSWD',NULL,'9'),
	('CONF_POLICY_PAGE',NULL,'9'),
	('CONTENT_PROV_EDIT',NULL,'9'),
	('CONTENT_PROV_EDIT_CURRENT',NULL,'9'),
	('CONTENT_PROV_EDIT_SEARCH',NULL,'9'),
	('CONTENT_PROV_NEW',NULL,'9'),
	('CONTENT_PROV_NEW_EDIT',NULL,'9'),
	('CONTENT_PROV_ROOT',NULL,'9'),
	('CONTENT_PROV_SEARCH',NULL,'9'),
	('CONTENT_PROV_SEARCH_CHILD',NULL,'9'),
	('CREATEREQ',NULL,'1'),
	('CREATEREQ',NULL,'9'),
	('CREATE_RESOURCE_MENU',NULL,'9'),
	('CUSTOM_FIELD_EDIT',NULL,'9'),
	('CUSTOM_FIELD_EDIT_NEW',NULL,'9'),
	('CUSTOM_FIELD_EDIT_SEARCH',NULL,'9'),
	('CUSTOM_FIELD_NEW',NULL,'9'),
	('CUSTOM_FIELD_ROOT',NULL,'9'),
	('CUSTOM_FIELD_SEARCH',NULL,'9'),
	('CUSTOM_FIELD_SEARCH_CHILD',NULL,'9'),
	('DELG_FILTER',NULL,'9'),
	('DIR_LOOKUP_PAGE',NULL,'9'),
	('EDIT_BATCH_TASK',NULL,'9'),
	('EDIT_GROUP',NULL,'9'),
	('EDIT_ORG',NULL,'9'),
	('EDIT_ORG_MEMBERSHIP',NULL,'9'),
	('EDIT_ORG_TYPE',NULL,'9'),
	('EDIT_ORG_TYPE_IDMAN',NULL,'9'),
	('EDIT_POLICY_ATTR_SRCH_BCK',NULL,'9'),
	('EDIT_RESOURCE',NULL,'9'),
	('EDIT_ROLE',NULL,'9'),
	('GROUP_EDIT_MENU',NULL,'9'),
	('GROUP_ENTITLEMENTS',NULL,'9'),
	('GROUP_MENUS',NULL,'9'),
	('GROUP_ROOT_MENU',NULL,'9'),
	('GROUP_SEARCH',NULL,'9'),
	('GRP_APROVER_ASSOC',NULL,'9'),
	('IDM',NULL,'9'),
	('IDMAN',NULL,'9'),
	('IDQUEST',NULL,'1'),
	('IDQUEST',NULL,'2'),
	('IDQUEST',NULL,'9'),
	('IMPERSIONATION_MENU',NULL,'9'),
	('IMPERSONATION_ACCESS',NULL,'9'),
	('LANGUAGE_ADMIN',NULL,'9'),
	('LANGUAGE_EDIT',NULL,'9'),
	('LANGUAGE_ROOT_MENU',NULL,'9'),
	('LANGUAGE_SEARCH',NULL,'9'),
	('LOCATION',NULL,'9'),
	('MANAGEREQ',NULL,'4'),
	('MANAGEREQ',NULL,'9'),
	('MANUALRECON',NULL,'9'),
	('MENUS_SEARCH',NULL,'9'),
	('METADATA',NULL,'9'),
	('META_ADMIN',NULL,'9'),
	('META_EDIT',NULL,'9'),
	('META_SEARCH',NULL,'9'),
	('META_SUBMENU_ROOT',NULL,'9'),
	('META_TYPE_ADMIN',NULL,'9'),
	('META_TYPE_EDIT',NULL,'9'),
	('META_TYPE_SEARCH',NULL,'9'),
	('META_TYPE_SUBMENU_ROOT',NULL,'9'),
	('MNGSYS',NULL,'9'),
	('MNGSYSRULES',NULL,'9'),
	('MNGSYS_EDIT',NULL,'9'),
	('MNGSYS_EDIT_MENU_ROOT',NULL,'9'),
	('MNGSYS_EDIT_NO_RES_MENU_ROOT',NULL,'9'),
	('MNGSYS_MENU_ITEM',NULL,'9'),
	('MNGSYS_NEW',NULL,'9'),
	('MNG_SYS_VIEWER',NULL,'9'),
	('NEWUSER',NULL,'4'),
	('NEWUSER',NULL,'9'),
	('NEWUSER-NOAPPRV',NULL,'4'),
	('NEWUSER-NOAPPRV',NULL,'9'),
	('NEW_AUTHENTICATION_POLICY',NULL,'9'),
	('NEW_AUTH_LVL_GRP',NULL,'9'),
	('NEW_BATCH_TASK',NULL,'9'),
	('NEW_GROUP',NULL,'9'),
	('NEW_ORG',NULL,'9'),
	('NEW_ORG_TYPE',NULL,'9'),
	('NEW_PASSWORD_POLICY',NULL,'9'),
	('NEW_POLICY_ATTR',NULL,'9'),
	('NEW_ROLE',NULL,'9'),
	('NEW_UI_THEME',NULL,'9'),
	('NEW_USER',NULL,'9'),
	('ORG',NULL,'9'),
	('ORGANIZATION_EDIT_ID',NULL,'9'),
	('ORGANIZATION_ROOT_ID',NULL,'9'),
	('ORG_APROVER_ASSOC',NULL,'9'),
	('ORG_MEMBERSHIP',NULL,'9'),
	('ORG_SEARCH',NULL,'9'),
	('ORG_TYPE_EDIT_SEARCH',NULL,'9'),
	('ORG_TYPE_SEARCH',NULL,'9'),
	('ORG_TYPE_SUBMENU_EDIT',NULL,'9'),
	('ORG_TYPE_SUBMENU_ROOT',NULL,'9'),
	('PAGE_TEMPLATE_EDIT',NULL,'9'),
	('PAGE_TEMPLATE_EDIT_NEW',NULL,'9'),
	('PAGE_TEMPLATE_EDIT_SEARCH',NULL,'9'),
	('PAGE_TEMPLATE_NEW',NULL,'9'),
	('PAGE_TEMPLATE_ROOT',NULL,'9'),
	('PAGE_TEMPLATE_SEARCH',NULL,'9'),
	('PASSWORD_POLICY',NULL,'9'),
	('PASSWORD_POLICY_EDIT',NULL,'9'),
	('PASSWORD_POLICY_ROOT_MENU',NULL,'9'),
	('POLICY_ATTR_EDIT_ROOT',NULL,'9'),
	('POLICY_ATTR_ROOT',NULL,'9'),
	('PROFILE',NULL,'1'),
	('PROFILE',NULL,'2'),
	('PROFILE',NULL,'9'),
	('PROVCONNECT',NULL,'9'),
	('PROVCONNECT_MENU_ITEM',NULL,'9'),
	('PROVISIONING',NULL,'9'),
	('PROV_CONNECTOR_NEW',NULL,'9'),
	('REPORT',NULL,'9'),
	('REQINBOX',NULL,'4'),
	('REQINBOX',NULL,'9'),
	('REQUEST_APPROVAL',NULL,'4'),
	('REQUEST_APPROVAL',NULL,'9'),
	('RESOURCE_EDIT_PAGE_ROOT',NULL,'9'),
	('RESOURCE_MENU_ROOT',NULL,'9'),
	('RESPOLICYMAP',NULL,'9'),
	('RESRECONCILE',NULL,'9'),
	('RESSUMMARY',NULL,'9'),
	('RES_APROVER_ASSOC',NULL,'9'),
	('RES_ENT_SUB',NULL,'9'),
	('RES_TYPE_ITEM',NULL,'9'),
	('RES_TYPE_MENU_ROOT',NULL,'9'),
	('RES_TYPE_NEW',NULL,'9'),
	('ROLE_APROVER_ASSOC',NULL,'9'),
	('ROLE_EDIT_MENU',NULL,'9'),
	('ROLE_ENTITLEMENTS',NULL,'9'),
	('ROLE_MENUS',NULL,'9'),
	('ROLE_RESMAP',NULL,'9'),
	('ROLE_ROOT_MENU',NULL,'9'),
	('ROLE_SEARCH',NULL,'9'),
	('ROLE_SUMMARY',NULL,'9'),
	('SEARCH_BATCH_EDIT',NULL,'9'),
	('SEARCH_BATCH_NEW',NULL,'9'),
	('SECURITY_GROUP',NULL,'9'),
	('SECURITY_POLICY',NULL,'9'),
	('SECURITY_RES',NULL,'9'),
	('SECURITY_ROLE',NULL,'9'),
	('SELFCENTER',NULL,'1'),
	('SELFCENTER',NULL,'2'),
	('SELFCENTER',NULL,'9'),
	('SELFSERVE_SUP_SUB',NULL,'9'),
	('SELFSERVICE',NULL,'1'),
	('SELFSERVICE',NULL,'2'),
	('SELFSERVICE',NULL,'9'),
	('SELFSERVICE_EXT',NULL,'9'),
	('SELFSERVICE_GROUPS',NULL,'2'),
	('SELFSERVICE_GROUPS',NULL,'9'),
	('SELFSERVICE_MYAPPS',NULL,'9'),
	('SELFSERVICE_MYINFO',NULL,'9'),
	('SELFSERVICE_REPORT',NULL,'9'),
	('SELFSERVICE_RESOURCES',NULL,'2'),
	('SELFSERVICE_RESOURCES',NULL,'9'),
	('SELFSERVICE_ROLES',NULL,'2'),
	('SELFSERVICE_ROLES',NULL,'9'),
	('SELFSERV_ACCESS_REVIEW',NULL,'9'),
	('SELFSERV_GRP_BACK_SRCH',NULL,'9'),
	('SELFSERV_GRP_EDIT',NULL,'9'),
	('SELFSERV_GRP_NEW',NULL,'9'),
	('SELFSERV_ROLE_NEW',NULL,'9'),
	('SELFSERV_USER_EDIT',NULL,'9'),
	('SELFSERV_USER_EDIT_ROOT',NULL,'9'),
	('SELFSERV_USER_MEMSHP',NULL,'9'),
	('SELFSER_USER_LOGIN',NULL,'9'),
	('SELFSER_USER_NEW_LOGIN',NULL,'9'),
	('SELFSRVS_ACCESS_MNGMNT_ORG',NULL,'2'),
	('SELFSRVS_ACCESS_MNGMNT_ORG',NULL,'9'),
	('SELFSRV_EXAMPLE',NULL,'9'),
	('SELFSRV_GRP_EDIT_ROOT',NULL,'9'),
	('SELFSRV_GRP_SRCH_ROOT',NULL,'9'),
	('SELFSRV_RES_BACK_SRCH',NULL,'9'),
	('SELFSRV_RES_EDIT',NULL,'9'),
	('SELFSRV_RES_EDIT_ROOT',NULL,'9'),
	('SELFSRV_RES_NEW',NULL,'9'),
	('SELFSRV_RES_SRCH_ROOT',NULL,'9'),
	('SELFSRV_ROLE_BACK_SRCH',NULL,'9'),
	('SELFSRV_ROLE_EDIT',NULL,'9'),
	('SELFSRV_ROLE_EDIT_ROOT',NULL,'9'),
	('SELFSRV_ROLE_SRCH_ROOT',NULL,'9'),
	('SELF_QUERYUSER',NULL,'2'),
	('SELF_QUERYUSER',NULL,'9'),
	('SELF_SUB_ORGS_EDIT',NULL,'9'),
	('SELF_SUB_ORGS_EDIT_ROOT',NULL,'9'),
	('SELF_SUB_ORGS_NEW',NULL,'9'),
	('SELF_SUB_ORGS_ROOT',NULL,'9'),
	('SELF_SUB_ORGS_SEARCH',NULL,'9'),
	('SELF_SUB_REPORT_NEW',NULL,'9'),
	('SELF_SUB_REPORT_ROOT',NULL,'9'),
	('SELF_VIEW_REPORT_NEW',NULL,'9'),
	('SELF_VIEW_REPORT_ROOT',NULL,'9'),
	('SS_GRP_ENT',NULL,'9'),
	('SS_ORG_BACK_SEARCH',NULL,'9'),
	('SS_RES_ENT',NULL,'9'),
	('SS_ROLE_ENT',NULL,'9'),
	('SUBSCRIBE',NULL,'9'),
	('SUP_SUB_PAGE',NULL,'9'),
	('SYNCLOG',NULL,'9'),
	('SYNCLOG_MENU_ITEM',NULL,'9'),
	('SYNCUSER',NULL,'9'),
	('SYNCUSER_EDIT',NULL,'9'),
	('SYNCUSER_EDIT_MENU_ROOT',NULL,'9'),
	('SYNCUSER_MENU_ITEM',NULL,'9'),
	('SYNCUSER_NEW',NULL,'9'),
	('SYNCUSER_POLICYMAP',NULL,'9'),
	('TEMPLATE_SEARCH_CHILD',NULL,'9'),
	('UI_THEMES',NULL,'9'),
	('UI_THEME_BACK_SRCH',NULL,'9'),
	('UI_THEME_EDIT',NULL,'9'),
	('UI_THEME_EDIT_MODIFY',NULL,'9'),
	('UI_THEME_ROOT',NULL,'9'),
	('UI_THEME_ROOT_SRCH',NULL,'9'),
	('UPLOAD_CUST_PSWD_POLICY',NULL,'9'),
	('URI_META_BACK',NULL,'9'),
	('URI_META_EDIT',NULL,'9'),
	('URI_PATTERN_EDIT',NULL,'9'),
	('URI_PATTERN_EDIT_NEW_PATTERN',NULL,'9'),
	('URI_PATTERN_EDIT_PATTERN',NULL,'9'),
	('URI_PATTERN_EDT_PROV_SEARCH',NULL,'9'),
	('USER',NULL,'9'),
	('USER_ATTRIBUTES',NULL,'9'),
	('USER_BULK',NULL,'9'),
	('USER_DELEGATION',NULL,'9'),
	('USER_EDIT_CONTACT_INFO',NULL,'9'),
	('USER_EDIT_INFO',NULL,'9'),
	('USER_EDIT_MENU',NULL,'9'),
	('USER_ENTITLEMENTS',NULL,'9'),
	('USER_HISTORY',NULL,'9'),
	('USER_IDENTITY',NULL,'9'),
	('USER_MENUS',NULL,'9'),
	('USER_RESET_PASSWORD',NULL,'9'),
	('USER_ROOT_MENU',NULL,'9'),
	('USER_SEARCH',NULL,'9'),
	('VIEW',NULL,'9'),
	('WEB_REPORT',NULL,'9'),
	('WEB_REPORT_NEW',NULL,'9'),
	('WEB_REPORT_ROOT',NULL,'9');

INSERT INTO `USER_AFFILIATION` (`COMPANY_ID`, `USER_ID`, `CREATE_DATE`) VALUES 
	('100','0001',NULL),
	('100','3000',NULL),
	('100','3001',NULL),
	('100','3006',NULL),
	('100','3007',NULL),
	('100','3008',NULL),
	('100','3009',NULL),
	('100','3010',NULL);

INSERT INTO `USER_ROLE` (`USER_ID`, `ROLE_ID`) VALUES 
	('3000','9'),
	('3010','2');

INSERT INTO `GRP_ROLE` (`GRP_ID`, `ROLE_ID`) VALUES 
	('END_USER_GRP','1'),
	('HR_GRP','3'),
	('MNGR_GRP','4'),
	('SECURITY_GRP','5'),
	('SUPER_SEC_ADMIN_GRP','9');

INSERT INTO `RESOURCE_PROP` (`RESOURCE_PROP_ID`, `RESOURCE_ID`, `METADATA_ID`, `NAME`, `_VALUE`, `PROP_GROUP`, `IS_MULTIVALUED`) VALUES 
	('113','113',NULL,'USER_TABLE','MY_USR_TABLE',NULL,'N'),
	('114','113',NULL,'GROUP_TABLE','MY_GRP_TABLE',NULL,'N'),
	('115','113',NULL,'USER_GROUP_MEMBERSHIP','USR_GRP_MBR',NULL,'N'),
	('116','113',NULL,'USER_GROUP_MEMBERSHIP_GRP_ID','GRP_ID',NULL,'N'),
	('117','113',NULL,'USER_GROUP_MEMBERSHIP_USR_ID','USR_ID',NULL,'N'),
	('200','101',NULL,'INCLUDE_USER_OBJECT','N',NULL,'N'),
	('202','101',NULL,'PRINCIPAL_NAME','uid',NULL,'N'),
	('203','101',NULL,'PRINCIPAL_PASSWORD','userPassword',NULL,'N'),
	('204','101',NULL,'INCLUDE_IN_PASSWORD_SYNC','Y',NULL,'N'),
	('205','101',NULL,'ON_DELETE','DELETE',NULL,'N'),
	('206','101',NULL,'GROUP_MEMBERSHIP_ENABLED','Y',NULL,'N'),
	('207','101',NULL,'PRE_PROCESS','/prov-helper/LDAPPreProcessor.groovy',NULL,'N'),
	('208','101',NULL,'POST_PROCESS','/prov-helper/LDAPPostProcessor.groovy',NULL,'N'),
	('210','105',NULL,'INCLUDE_USER_OBJECT','Y',NULL,'N'),
	('211','105',NULL,'PRINCIPAL_NAME','login',NULL,'N'),
	('212','105',NULL,'PRINCIPAL_PASSWORD','userPassword',NULL,'N'),
	('213','105',NULL,'INCLUDE_IN_PASSWORD_SYNC','Y',NULL,'N'),
	('214','105',NULL,'ON_DELETE','DELETE',NULL,'N'),
	('215','105',NULL,'GROUP_MEMBERSHIP_ENABLED','Y',NULL,'N'),
	('216','105',NULL,'PRE_PROCESS',NULL,NULL,'N'),
	('217','105',NULL,'POST_PROCESS',NULL,NULL,'N'),
	('220','110',NULL,'ON_DELETE','DELETE',NULL,'N'),
	('221','110',NULL,'INCLUDE_IN_PASSWORD_SYNC','Y',NULL,'N'),
	('222','110',NULL,'GROUP_MEMBERSHIP_ENABLED','Y',NULL,'N'),
	('223','101',NULL,'PRE_PROCESS',NULL,NULL,'N'),
	('224','101',NULL,'POST_PROCESS',NULL,NULL,'N'),
	('ABOUT_DESC','ABOUT',NULL,'MENU_DISPLAY_NAME','About OpenIAM',NULL,'N'),
	('ABOUT_PUB','ABOUT',NULL,'MENU_IS_PUBLIC','true',NULL,'N'),
	('ABOUT_ROOT_MENU_DESC','ABOUT_ROOT_MENU',NULL,'MENU_DISPLAY_NAME','About OpenIAM',NULL,'N'),
	('ABOUT_ROOT_MENU_PUB','ABOUT_ROOT_MENU',NULL,'MENU_IS_PUBLIC','true',NULL,'N'),
	('ACCESSCENTER_MENU_DISPLAY','ACCESSCENTER',NULL,'MENU_DISPLAY_NAME','Access Management',NULL,'N'),
	('ACCESSCENTER_MENU_ICON','ACCESSCENTER',NULL,'MENU_ICON','/openiam-ui-static/images/common/icons/access_control.png',NULL,'N'),
	('ACC_CONTROL_MENU_DISPLAY','ACC_CONTROL',NULL,'MENU_DISPLAY_NAME','Access Control',NULL,'N'),
	('ACC_CONTROL_MENU_ICON','ACC_CONTROL',NULL,'MENU_ICON','/openiam-ui-static/images/common/icons/access_control.png',NULL,'N'),
	('ADMIN_BATCH_TASKS_DESC','ADMIN_BATCH_TASKS',NULL,'MENU_DISPLAY_NAME','Batch Tasks',NULL,'N'),
	('ADMIN_BATCH_TASKS_PUB','ADMIN_BATCH_TASKS',NULL,'MENU_IS_PUBLIC','true',NULL,'N'),
	('ADMIN_MENU_DISPLAY','ADMIN',NULL,'MENU_DISPLAY_NAME','Administration',NULL,'N'),
	('ADMIN_MENU_ICON','ADMIN',NULL,'MENU_ICON','/openiam-ui-static/images/common/icons/admin.png',NULL,'N'),
	('AM_PROV_AM_ATTR_DESC','AM_PROV_AM_ATTR',NULL,'MENU_DISPLAY_NAME','Request Attributes',NULL,'N'),
	('AM_PROV_AM_ATTR_PUB','AM_PROV_AM_ATTR',NULL,'MENU_IS_PUBLIC','true',NULL,'N'),
	('AM_PROV_EDIT_CURRENT_DESC','AM_PROV_EDIT_CURRENT',NULL,'MENU_DISPLAY_NAME','Edit Provider',NULL,'N'),
	('AM_PROV_EDIT_CURRENT_PUB','AM_PROV_EDIT_CURRENT',NULL,'MENU_IS_PUBLIC','true',NULL,'N'),
	('AM_PROV_EDIT_DESC','AM_PROV_EDIT',NULL,'MENU_DISPLAY_NAME','Authentication Provider Edit Menu',NULL,'N'),
	('AM_PROV_EDIT_PUB','AM_PROV_EDIT',NULL,'MENU_IS_PUBLIC','true',NULL,'N'),
	('AM_PROV_EDIT_SEARCH_DESC','AM_PROV_EDIT_SEARCH',NULL,'MENU_DISPLAY_NAME','Back to Search',NULL,'N'),
	('AM_PROV_EDIT_SEARCH_PUB','AM_PROV_EDIT_SEARCH',NULL,'MENU_IS_PUBLIC','true',NULL,'N'),
	('AM_PROV_NEW_DSC','AM_PROV_NEW',NULL,'MENU_DISPLAY_NAME','Create New Provider',NULL,'N'),
	('AM_PROV_NEW_EDIT_PUB','AM_PROV_NEW_EDIT',NULL,'MENU_IS_PUBLIC','true',NULL,'N'),
	('AM_PROV_NEW_EDIT_PUB_DESC','AM_PROV_NEW_EDIT',NULL,'MENU_DISPLAY_NAME','Create New Provider',NULL,'N'),
	('AM_PROV_NEW_PUB','AM_PROV_NEW',NULL,'MENU_IS_PUBLIC','true',NULL,'N'),
	('AM_PROV_ROOT_DESC','AM_PROV_ROOT',NULL,'MENU_DISPLAY_NAME','Authentication Provider Root Menu',NULL,'N'),
	('AM_PROV_ROOT_PUB','AM_PROV_ROOT',NULL,'MENU_IS_PUBLIC','true',NULL,'N'),
	('AM_PROV_SEARCH_CHILD_PUB','AM_PROV_SEARCH_CHILD',NULL,'MENU_IS_PUBLIC','true',NULL,'N'),
	('AM_PROV_SEARCH_CHILD_PUB_DESC','AM_PROV_SEARCH_CHILD',NULL,'MENU_DISPLAY_NAME','Authentication Providers',NULL,'N'),
	('AM_PROV_SEARCH_DESC','AM_PROV_SEARCH',NULL,'MENU_DISPLAY_NAME','Search Providers',NULL,'N'),
	('AM_PROV_SEARCH_PUB','AM_PROV_SEARCH',NULL,'MENU_IS_PUBLIC','true',NULL,'N'),
	('ASSOC_POLICY_DESC','ASSOC_POLICY',NULL,'MENU_DISPLAY_NAME','Associate Policy',NULL,'N'),
	('ASSOC_POLICY_PUB','ASSOC_POLICY',NULL,'MENU_IS_PUBLIC','true',NULL,'N'),
	('ATTRIBUTE_POLICY_DESC','ATTRIBUTE_POLICY',NULL,'MENU_DISPLAY_NAME','Attribute Policy',NULL,'N'),
	('ATTRIBUTE_POLICY_PUB','ATTRIBUTE_POLICY',NULL,'MENU_IS_PUBLIC','true',NULL,'N'),
	('AUDITREPORT_MENU_DISPLAY','AUDITREPORT',NULL,'MENU_DISPLAY_NAME','Audit Reports',NULL,'N'),
	('AUDIT_RPT_MENU_DISPLAY','AUDIT_RPT',NULL,'MENU_DISPLAY_NAME','Audit Report',NULL,'N'),
	('AUTHENTICATION_POLICY_MENU_DESC','AUTHENTICATION_POLICY',NULL,'MENU_DISPLAY_NAME','Authenticaton Policy',NULL,'N'),
	('AUTHENTICATION_POLICY_MENU_PUB','AUTHENTICATION_POLICY',NULL,'MENU_IS_PUBLIC','true',NULL,'N'),
	('AUTH_LEVEL_GRP_DN','AUTH_LEVEL_GRP',NULL,'MENU_DISPLAY_NAME','Authentication Groupings',NULL,'N'),
	('AUTH_LEVEL_GRP_PB','AUTH_LEVEL_GRP',NULL,'MENU_IS_PUBLIC','true',NULL,'N'),
	('AUTH_LVL_GRP_ATTR_DN','AUTH_LVL_GRP_ATTR',NULL,'MENU_DISPLAY_NAME','Auth Level Grouping Attribute Root',NULL,'N'),
	('AUTH_LVL_GRP_ATTR_PB','AUTH_LVL_GRP_ATTR',NULL,'MENU_IS_PUBLIC','true',NULL,'N'),
	('AUTH_LVL_GRP_EDIT_ROOT_DN','AUTH_LVL_GRP_EDIT_ROOT',NULL,'MENU_DISPLAY_NAME','Auth Level Grouping Edit Root',NULL,'N'),
	('AUTH_LVL_GRP_EDIT_ROOT_PB','AUTH_LVL_GRP_EDIT_ROOT',NULL,'MENU_IS_PUBLIC','true',NULL,'N'),
	('AUTH_LVL_GRP_NEW_ROOT_DN','AUTH_LVL_GRP_NEW_ROOT',NULL,'MENU_DISPLAY_NAME','Auth Level Grouping Root',NULL,'N'),
	('AUTH_LVL_GRP_NEW_ROOT_PB','AUTH_LVL_GRP_NEW_ROOT',NULL,'MENU_IS_PUBLIC','true',NULL,'N'),
	('AUTH_POLICY_ROOT_MENU_DESC','AUTHENTICATION_POLICY_ROOT_MENU',NULL,'MENU_DISPLAY_NAME','Authentication Policy Root Menu',NULL,'N'),
	('AUTH_POLICY_ROOT_MENU_PUB','AUTHENTICATION_POLICY_ROOT_MENU',NULL,'MENU_IS_PUBLIC','true',NULL,'N'),
	('BACK_TO_AUTH_LVL_DN','BACK_TO_AUTH_LVL',NULL,'MENU_DISPLAY_NAME','Back to Grouping',NULL,'N'),
	('BACK_TO_AUTH_LVL_GRP_SRH_DN','BACK_TO_AUTH_LVL_GRP_SRH',NULL,'MENU_DISPLAY_NAME','Back to Search',NULL,'N'),
	('BACK_TO_AUTH_LVL_GRP_SRH_PUB','BACK_TO_AUTH_LVL_GRP_SRH',NULL,'MENU_IS_PUBLIC','true',NULL,'N'),
	('BACK_TO_AUTH_LVL_PUB','BACK_TO_AUTH_LVL',NULL,'MENU_IS_PUBLIC','true',NULL,'N'),
	('BACK_TO_CP_DESC','BACK_TO_CP',NULL,'MENU_DISPLAY_NAME','Back To Content Provider',NULL,'N'),
	('BACK_TO_CP_PUB','BACK_TO_CP',NULL,'MENU_IS_PUBLIC','true',NULL,'N'),
	('BATCH_PROC_MENU_DISPLAY','BATCH_PROC',NULL,'MENU_DISPLAY_NAME','Batch Processes',NULL,'N'),
	('BATCH_PROC_VISIBLE','BATCH_PROC',NULL,'IS_VISIBLE','false',NULL,'N'),
	('BATCH_TASK_EDIT_DESC','BATCH_TASK_EDIT',NULL,'MENU_DISPLAY_NAME','Batch Task Edit',NULL,'N'),
	('BATCH_TASK_EDIT_PUB','BATCH_TASK_EDIT',NULL,'MENU_IS_PUBLIC','true',NULL,'N'),
	('BATCH_TASK_ROOT_DESC','BATCH_TASK_ROOT',NULL,'MENU_DISPLAY_NAME','Batch Task Root',NULL,'N'),
	('BATCH_TASK_ROOT_PUB','BATCH_TASK_ROOT',NULL,'MENU_IS_PUBLIC','true',NULL,'N'),
	('BULK_OPS_DESC','BULK_OPS',NULL,'MENU_DISPLAY_NAME','User Bulk Operations',NULL,'N'),
	('BULK_OPS_PUB','BULK_OPS',NULL,'MENU_IS_PUBLIC','true',NULL,'N'),
	('CHALLENGE_MENU_DISPLAY','CHALLENGE',NULL,'MENU_DISPLAY_NAME','Challenge Quest',NULL,'N'),
	('CHALLENGE_RESPONSE_QUESTION_DESC','CHALLENGE_RESPONSE_QUESTION',NULL,'MENU_DISPLAY_NAME','Challenge Response Question',NULL,'N'),
	('CHALLENGE_RESPONSE_QUESTION_PUB','CHALLENGE_RESPONSE_QUESTION',NULL,'MENU_IS_PUBLIC','true',NULL,'N'),
	('CHALLENGE_RESP_QUESTION_NEW_DSC','CHALLENGE_RESPONSE_QUESTION_NEW',NULL,'MENU_DISPLAY_NAME','Create New Question',NULL,'N'),
	('CHALLENGE_RESP_QUESTION_NEW_PUB','CHALLENGE_RESPONSE_QUESTION_NEW',NULL,'MENU_IS_PUBLIC','true',NULL,'N'),
	('CHALLENGE_RESP_QUESTION_ROOT_PUB','CHALLENGE_RESPONSE_QUESTION_ROOT',NULL,'MENU_IS_PUBLIC','true',NULL,'N'),
	('CHALLENGE_RESP_QUEST_ROOT_DESC','CHALLENGE_RESPONSE_QUESTION_ROOT',NULL,'MENU_DISPLAY_NAME','Challenge Response Question Root Menu',NULL,'N'),
	('CHALLENGE_VISIBLE','CHALLENGE',NULL,'IS_VISIBLE','false',NULL,'N'),
	('CHNGPSWD_MENU_DISPLAY','CHNGPSWD',NULL,'MENU_DISPLAY_NAME','Change Password',NULL,'N'),
	('CONF_POLICY_PAGE_DIS','CONF_POLICY_PAGE',NULL,'MENU_DISPLAY_NAME','Configure IT Policy',NULL,'N'),
	('CONF_POLICY_PAGE_PUB','CONF_POLICY_PAGE',NULL,'MENU_IS_PUBLIC','true',NULL,'N'),
	('CONTENT_PROV_EDIT_CURRENT_DESC','CONTENT_PROV_EDIT_CURRENT',NULL,'MENU_DISPLAY_NAME','Edit Provider',NULL,'N'),
	('CONTENT_PROV_EDIT_CURRENT_PUB','CONTENT_PROV_EDIT_CURRENT',NULL,'MENU_IS_PUBLIC','true',NULL,'N'),
	('CONTENT_PROV_EDIT_DESC','CONTENT_PROV_EDIT',NULL,'MENU_DISPLAY_NAME','Content Provider Edit Menu',NULL,'N'),
	('CONTENT_PROV_EDIT_PUB','CONTENT_PROV_EDIT',NULL,'MENU_IS_PUBLIC','true',NULL,'N'),
	('CONTENT_PROV_EDIT_SEARCH_DESC','CONTENT_PROV_EDIT_SEARCH',NULL,'MENU_DISPLAY_NAME','Back to Search',NULL,'N'),
	('CONTENT_PROV_EDIT_SEARCH_PUB','CONTENT_PROV_EDIT_SEARCH',NULL,'MENU_IS_PUBLIC','true',NULL,'N'),
	('CONTENT_PROV_NEW_DSC','CONTENT_PROV_NEW',NULL,'MENU_DISPLAY_NAME','Create New Provider',NULL,'N'),
	('CONTENT_PROV_NEW_EDIT_DESC','CONTENT_PROV_NEW_EDIT',NULL,'MENU_DISPLAY_NAME','Create New Provider',NULL,'N'),
	('CONTENT_PROV_NEW_EDIT_PUB','CONTENT_PROV_NEW_EDIT',NULL,'MENU_IS_PUBLIC','true',NULL,'N'),
	('CONTENT_PROV_NEW_PUB','CONTENT_PROV_NEW',NULL,'MENU_IS_PUBLIC','true',NULL,'N'),
	('CONTENT_PROV_ROOT_DESC','CONTENT_PROV_ROOT',NULL,'MENU_DISPLAY_NAME','Content Provider Root Menu',NULL,'N'),
	('CONTENT_PROV_ROOT_PUB','CONTENT_PROV_ROOT',NULL,'MENU_IS_PUBLIC','true',NULL,'N'),
	('CONTENT_PROV_SEARCH_CHILD_DESC','CONTENT_PROV_SEARCH_CHILD',NULL,'MENU_DISPLAY_NAME','Content Providers',NULL,'N'),
	('CONTENT_PROV_SEARCH_CHILD_PUB','CONTENT_PROV_SEARCH_CHILD',NULL,'MENU_IS_PUBLIC','true',NULL,'N'),
	('CONTENT_PROV_SEARCH_DESC','CONTENT_PROV_SEARCH',NULL,'MENU_DISPLAY_NAME','Search Content Providers',NULL,'N'),
	('CONTENT_PROV_SEARCH_PUB','CONTENT_PROV_SEARCH',NULL,'MENU_IS_PUBLIC','true',NULL,'N'),
	('CREATEREQ_MENU_DISPLAY','CREATEREQ',NULL,'MENU_DISPLAY_NAME','Create Request',NULL,'N'),
	('CREATEREQ_VISIBLE','CREATEREQ',NULL,'IS_VISIBLE','true',NULL,'N'),
	('CR_RES_DISP_NAME','CREATE_RESOURCE_MENU',NULL,'MENU_DISPLAY_NAME','Create New Resource',NULL,'N'),
	('CR_RES_MENU_PUB','CREATE_RESOURCE_MENU',NULL,'MENU_IS_PUBLIC','true',NULL,'N'),
	('CUSTOM_FIELD_EDIT_DESC','CUSTOM_FIELD_EDIT',NULL,'MENU_DISPLAY_NAME','Custom Field Edit Menu',NULL,'N'),
	('CUSTOM_FIELD_EDIT_NEW_DESC','CUSTOM_FIELD_EDIT_NEW',NULL,'MENU_DISPLAY_NAME','Create New Custom Field',NULL,'N'),
	('CUSTOM_FIELD_EDIT_NEW_PUB','CUSTOM_FIELD_EDIT_NEW',NULL,'MENU_IS_PUBLIC','true',NULL,'N'),
	('CUSTOM_FIELD_EDIT_PUB','CUSTOM_FIELD_EDIT',NULL,'MENU_IS_PUBLIC','true',NULL,'N'),
	('CUSTOM_FIELD_EDIT_SEARCH_DESC','CUSTOM_FIELD_EDIT_SEARCH',NULL,'MENU_DISPLAY_NAME','Back to Search',NULL,'N'),
	('CUSTOM_FIELD_EDIT_SEARCH_PUB','CUSTOM_FIELD_EDIT_SEARCH',NULL,'MENU_IS_PUBLIC','true',NULL,'N'),
	('CUSTOM_FIELD_NEW_DSC','CUSTOM_FIELD_NEW',NULL,'MENU_DISPLAY_NAME','Create New Custom Field',NULL,'N'),
	('CUSTOM_FIELD_NEW_PUB','CUSTOM_FIELD_NEW',NULL,'MENU_IS_PUBLIC','true',NULL,'N'),
	('CUSTOM_FIELD_ROOT_DESC','CUSTOM_FIELD_ROOT',NULL,'MENU_DISPLAY_NAME','Custom Field Root Menu',NULL,'N'),
	('CUSTOM_FIELD_ROOT_PUB','CUSTOM_FIELD_ROOT',NULL,'MENU_IS_PUBLIC','true',NULL,'N'),
	('CUSTOM_FIELD_SEARCH_CHILD_DESC','CUSTOM_FIELD_SEARCH_CHILD',NULL,'MENU_DISPLAY_NAME','Custom Fields',NULL,'N'),
	('CUSTOM_FIELD_SEARCH_CHILD_PUB','CUSTOM_FIELD_SEARCH_CHILD',NULL,'MENU_IS_PUBLIC','true',NULL,'N'),
	('CUSTOM_FIELD_SEARCH_DESC','CUSTOM_FIELD_SEARCH',NULL,'MENU_DISPLAY_NAME','Search Custom Fields',NULL,'N'),
	('CUSTOM_FIELD_SEARCH_PUB','CUSTOM_FIELD_SEARCH',NULL,'MENU_IS_PUBLIC','true',NULL,'N'),
	('DELG_FILTER_MENU_DISPLAY','DELG_FILTER',NULL,'MENU_DISPLAY_NAME','Delegation Filter',NULL,'N'),
	('DIR_LOOKUP_PAGE_DIS','DIR_LOOKUP_PAGE',NULL,'MENU_DISPLAY_NAME','Directory Lookup',NULL,'N'),
	('DIR_LOOKUP_PAGE_PUB','DIR_LOOKUP_PAGE',NULL,'MENU_IS_PUBLIC','true',NULL,'N'),
	('EDIT_BATCH_TASK_DESC','EDIT_BATCH_TASK',NULL,'MENU_DISPLAY_NAME','Edit Batch Task',NULL,'N'),
	('EDIT_BATCH_TASK_PUB','EDIT_BATCH_TASK',NULL,'MENU_IS_PUBLIC','true',NULL,'N'),
	('EDIT_GROUP_DESC','EDIT_GROUP',NULL,'MENU_DISPLAY_NAME','Edit Group',NULL,'N'),
	('EDIT_GROUP_PUB','EDIT_GROUP',NULL,'MENU_IS_PUBLIC','true',NULL,'N'),
	('EDIT_ORG_DESC','EDIT_ORG',NULL,'MENU_DISPLAY_NAME','Edit Organization',NULL,'N'),
	('EDIT_ORG_MEMBERSHIP_DESC','EDIT_ORG_MEMBERSHIP',NULL,'MENU_DISPLAY_NAME','Membership',NULL,'N'),
	('EDIT_ORG_MEMBERSHIP_PUB','EDIT_ORG_MEMBERSHIP',NULL,'MENU_IS_PUBLIC','true',NULL,'N'),
	('EDIT_ORG_PUB','EDIT_ORG',NULL,'MENU_IS_PUBLIC','true',NULL,'N'),
	('EDIT_ORG_TYPE_DESC','EDIT_ORG_TYPE',NULL,'MENU_DISPLAY_NAME','Edit Organization Type',NULL,'N'),
	('EDIT_ORG_TYPE_IDMAN_DESC','EDIT_ORG_TYPE_IDMAN',NULL,'MENU_DISPLAY_NAME','Organization Types',NULL,'N'),
	('EDIT_ORG_TYPE_IDMAN_PUB','EDIT_ORG_TYPE_IDMAN',NULL,'MENU_IS_PUBLIC','true',NULL,'N'),
	('EDIT_ORG_TYPE_PUB','EDIT_ORG_TYPE',NULL,'MENU_IS_PUBLIC','true',NULL,'N'),
	('EDIT_POLICY_ATTR_SRCH_BCK_DESC','EDIT_POLICY_ATTR_SRCH_BCK',NULL,'MENU_DISPLAY_NAME','Back to Search',NULL,'N'),
	('EDIT_POLICY_ATTR_SRCH_BCK_PUB','EDIT_POLICY_ATTR_SRCH_BCK',NULL,'MENU_IS_PUBLIC','true',NULL,'N'),
	('EDIT_RESOURCE_DIS','EDIT_RESOURCE',NULL,'MENU_DISPLAY_NAME','Edit Resource',NULL,'N'),
	('EDIT_RESOURCE_PUB','EDIT_RESOURCE',NULL,'MENU_IS_PUBLIC','true',NULL,'N'),
	('EDIT_ROLE_DESC','EDIT_ROLE',NULL,'MENU_DISPLAY_NAME','Edit Role',NULL,'N'),
	('EDIT_ROLE_PUB','EDIT_ROLE',NULL,'MENU_IS_PUBLIC','true',NULL,'N'),
	('GROUP_EDIT_MENU_DESC','GROUP_EDIT_MENU',NULL,'MENU_DISPLAY_NAME','Group Root Edit Menu',NULL,'N'),
	('GROUP_EDIT_MENU_PUB','GROUP_EDIT_MENU',NULL,'MENU_IS_PUBLIC','true',NULL,'N'),
	('GROUP_ENTITLEMENTS_DESC','GROUP_ENTITLEMENTS',NULL,'MENU_DISPLAY_NAME','Group Entitlements',NULL,'N'),
	('GROUP_ENTITLEMENTS_PUB','GROUP_ENTITLEMENTS',NULL,'MENU_IS_PUBLIC','true',NULL,'N'),
	('GROUP_MENUS_DESC','GROUP_MENUS',NULL,'MENU_DISPLAY_NAME','Menus',NULL,'N'),
	('GROUP_MENUS_PUB','GROUP_MENUS',NULL,'MENU_IS_PUBLIC','false',NULL,'N'),
	('GROUP_ROOT_MENU_DESC','GROUP_ROOT_MENU',NULL,'MENU_DISPLAY_NAME','Group Root Menu',NULL,'N'),
	('GROUP_ROOT_MENU_PUB','GROUP_ROOT_MENU',NULL,'MENU_IS_PUBLIC','true',NULL,'N'),
	('GROUP_SEARCH_DESC','GROUP_SEARCH',NULL,'MENU_DISPLAY_NAME','Group Search',NULL,'N'),
	('GROUP_SEARCH_PUB','GROUP_SEARCH',NULL,'MENU_IS_PUBLIC','true',NULL,'N'),
	('GRP_APROVER_ASSOC_DN','GRP_APROVER_ASSOC',NULL,'MENU_DISPLAY_NAME','Approver Associations',NULL,'N'),
	('GRP_APROVER_ASSOC_PUB','GRP_APROVER_ASSOC',NULL,'MENU_IS_PUBLIC','true',NULL,'N'),
	('IDMAN_MENU_DISPLAY','IDMAN',NULL,'MENU_DISPLAY_NAME','User Admin',NULL,'N'),
	('IDMAN_MENU_ICON','IDMAN',NULL,'MENU_ICON','/openiam-ui-static/images/common/icons/user_manager.png',NULL,'N'),
	('IDM_MENU_DISPLAY','IDM',NULL,'MENU_DISPLAY_NAME','Identity',NULL,'N'),
	('IDM_MENU_PUBLIC','IDM',NULL,'MENU_IS_PUBLIC','true',NULL,'N'),
	('IDQUEST_MENU_DISPLAY','IDQUEST',NULL,'MENU_DISPLAY_NAME','Challenge Response',NULL,'N'),
	('IMPERSIONATION_MENU_DESC','IMPERSIONATION_MENU',NULL,'MENU_DISPLAY_NAME','Impersonation',NULL,'N'),
	('IMPERSIONATION_MENU_PUB','IMPERSIONATION_MENU',NULL,'MENU_IS_PUBLIC','true',NULL,'N'),
	('LOCATION_MENU_DISPLAY','LOCATION',NULL,'MENU_DISPLAY_NAME','Location',NULL,'N'),
	('LOCATION_VISIBLE','LOCATION',NULL,'IS_VISIBLE','false',NULL,'N'),
	('MANAGEREQ_MENU_DISPLAY','MANAGEREQ',NULL,'MENU_DISPLAY_NAME','Request History',NULL,'N'),
	('MANAGEREQ_VISIBLE','MANAGEREQ',NULL,'IS_VISIBLE','true',NULL,'N'),
	('MANUALRECON_DESC','MANUALRECON',NULL,'MENU_DISPLAY_NAME','Manual reconciliation',NULL,'N'),
	('MANUALRECON_VISIBLE','MANUALRECON',NULL,'IS_VISIBLE','false',NULL,'N'),
	('MENUS_SEARCH_DC','MENUS_SEARCH',NULL,'MENU_DISPLAY_NAME','Menus',NULL,'N'),
	('MENUS_SEARCH_PB','MENUS_SEARCH',NULL,'MENU_IS_PUBLIC','true',NULL,'N'),
	('METADATA_MENU_DISPLAY','METADATA',NULL,'MENU_DISPLAY_NAME','Metadata',NULL,'N'),
	('METADATA_VISIBLE','METADATA',NULL,'IS_VISIBLE','false',NULL,'N'),
	('META_ADMIN_DESC','META_ADMIN',NULL,'MENU_DISPLAY_NAME','Metadata Elements',NULL,'N'),
	('META_EDIT_DESC','META_EDIT',NULL,'MENU_DISPLAY_NAME','New MetaData',NULL,'N'),
	('META_SEARCH_DESC','META_SEARCH',NULL,'MENU_DISPLAY_NAME','MetaData Search',NULL,'N'),
	('META_TYPE_ADMIN_DESC','META_TYPE_ADMIN',NULL,'MENU_DISPLAY_NAME','Metadata Types',NULL,'N'),
	('META_TYPE_EDIT_DESC','META_TYPE_EDIT',NULL,'MENU_DISPLAY_NAME','New MetaData Type',NULL,'N'),
	('META_TYPE_SEARCH_DESC','META_TYPE_SEARCH',NULL,'MENU_DISPLAY_NAME','MetaData Type Search',NULL,'N'),
	('MNGSYSRULES_DESC','MNGSYSRULES',NULL,'MENU_DISPLAY_NAME','Managed system rules',NULL,'N'),
	('MNGSYS_DESC','MNGSYS_MENU_ITEM',NULL,'MENU_DISPLAY_NAME','Managed Systems',NULL,'N'),
	('MNGSYS_DSC','MNGSYS_NEW',NULL,'MENU_DISPLAY_NAME','Create Managed System',NULL,'N'),
	('MNGSYS_EDIT_DESC','MNGSYS_EDIT',NULL,'MENU_DISPLAY_NAME','Edit managed system',NULL,'N'),
	('MNGSYS_MENU_DISPLAY','MNGSYS',NULL,'MENU_DISPLAY_NAME','Managed System',NULL,'N'),
	('MNGSYS_NEW_PUB','MNGSYS_NEW',NULL,'MENU_IS_PUBLIC','true',NULL,'N'),
	('MNGSYS_PUB','MNGSYS_MENU_ITEM',NULL,'MENU_IS_PUBLIC','true',NULL,'N'),
	('MNG_SYS_VIEWER_DESC','MNG_SYS_VIEWER',NULL,'MENU_DISPLAY_NAME','Managed System Viewer',NULL,'N'),
	('MNG_SYS_VIEWER_PUB','MNG_SYS_VIEWER',NULL,'MENU_IS_PUBLIC','true',NULL,'N'),
	('NEWUSER-NOAPPRV_MENU_DISPLAY','NEWUSER-NOAPPRV',NULL,'MENU_DISPLAY_NAME','New User-NO Approver',NULL,'N'),
	('NEWUSER_MENU_DISPLAY','NEWUSER',NULL,'MENU_DISPLAY_NAME','New User',NULL,'N'),
	('NEWUSER_VISIBLE','NEWUSER',NULL,'IS_VISIBLE','true',NULL,'N'),
	('NEW_AUTHENTICATION_POLICY_DESC','NEW_AUTHENTICATION_POLICY',NULL,'MENU_DISPLAY_NAME','Create New Auth Policy',NULL,'N'),
	('NEW_AUTHENTICATION_POLICY_PUB','NEW_AUTHENTICATION_POLICY',NULL,'MENU_IS_PUBLIC','true',NULL,'N'),
	('NEW_AUTH_LVL_GRP_DN','NEW_AUTH_LVL_GRP',NULL,'MENU_DISPLAY_NAME','Create New Grouping',NULL,'N'),
	('NEW_AUTH_LVL_GRP_PB','NEW_AUTH_LVL_GRP',NULL,'MENU_IS_PUBLIC','true',NULL,'N'),
	('NEW_BATCH_TASK_DESC','NEW_BATCH_TASK',NULL,'MENU_DISPLAY_NAME','New Batch Task',NULL,'N'),
	('NEW_BATCH_TASK_PUB','NEW_BATCH_TASK',NULL,'MENU_IS_PUBLIC','true',NULL,'N'),
	('NEW_GROUP_DESC','NEW_GROUP',NULL,'MENU_DISPLAY_NAME','Create New Group',NULL,'N'),
	('NEW_GROUP_PUB','NEW_GROUP',NULL,'MENU_IS_PUBLIC','true',NULL,'N'),
	('NEW_ORG_DESC','NEW_ORG',NULL,'MENU_DISPLAY_NAME','Create New Organization',NULL,'N'),
	('NEW_ORG_PUB','NEW_ORG',NULL,'MENU_IS_PUBLIC','true',NULL,'N'),
	('NEW_ORG_TYPE_DESC','NEW_ORG_TYPE',NULL,'MENU_DISPLAY_NAME','New Organization Type',NULL,'N'),
	('NEW_ORG_TYPE_PUB','NEW_ORG_TYPE',NULL,'MENU_IS_PUBLIC','true',NULL,'N'),
	('NEW_PASSWORD_POLICY_DESC','NEW_PASSWORD_POLICY',NULL,'MENU_DISPLAY_NAME','Create New Pswd Policy',NULL,'N'),
	('NEW_PASSWORD_POLICY_PUB','NEW_PASSWORD_POLICY',NULL,'MENU_IS_PUBLIC','true',NULL,'N'),
	('NEW_POLICY_ATTR_DESC','NEW_POLICY_ATTR',NULL,'MENU_DISPLAY_NAME','New Attribute Policy',NULL,'N'),
	('NEW_POLICY_ATTR_PUB','NEW_POLICY_ATTR',NULL,'MENU_IS_PUBLIC','true',NULL,'N'),
	('NEW_ROLE_DESC','NEW_ROLE',NULL,'MENU_DISPLAY_NAME','Create New Role',NULL,'N'),
	('NEW_ROLE_PUB','NEW_ROLE',NULL,'MENU_IS_PUBLIC','true',NULL,'N'),
	('NEW_UI_THEME_DN','NEW_UI_THEME',NULL,'MENU_DISPLAY_NAME','New UI Theme',NULL,'N'),
	('NEW_UI_THEME_PB','NEW_UI_THEME',NULL,'MENU_IS_PUBLIC','true',NULL,'N'),
	('NEW_USER_DESC','NEW_USER',NULL,'MENU_DISPLAY_NAME','Create New User',NULL,'N'),
	('NEW_USER_PUB','NEW_USER',NULL,'MENU_IS_PUBLIC','true',NULL,'N'),
	('ORGANIZATION_EDIT_ID_DESC','ORGANIZATION_EDIT_ID',NULL,'MENU_DISPLAY_NAME','Organization Edit Menus',NULL,'N'),
	('ORGANIZATION_EDIT_ID_PUB','ORGANIZATION_EDIT_ID',NULL,'MENU_IS_PUBLIC','true',NULL,'N'),
	('ORGANIZATION_ROOT_ID_DESC','ORGANIZATION_ROOT_ID',NULL,'MENU_DISPLAY_NAME','Organization Root Menus',NULL,'N'),
	('ORGANIZATION_ROOT_ID_PUB','ORGANIZATION_ROOT_ID',NULL,'MENU_IS_PUBLIC','true',NULL,'N'),
	('ORG_APROVER_ASSOC_DN','ORG_APROVER_ASSOC',NULL,'MENU_DISPLAY_NAME','Approver Associations',NULL,'N'),
	('ORG_APROVER_ASSOC_PUB','ORG_APROVER_ASSOC',NULL,'MENU_IS_PUBLIC','true',NULL,'N'),
	('ORG_MEMBERSHIP_DESC','ORG_MEMBERSHIP',NULL,'MENU_DISPLAY_NAME','Organization Membership',NULL,'N'),
	('ORG_MEMBERSHIP_PUB','ORG_MEMBERSHIP',NULL,'MENU_IS_PUBLIC','true',NULL,'N'),
	('ORG_MENU_DISPLAY','ORG',NULL,'MENU_DISPLAY_NAME','Organization',NULL,'N'),
	('ORG_MENU_PUBLIC','ORG',NULL,'MENU_IS_PUBLIC','true',NULL,'N'),
	('ORG_SEARCH_DESC','ORG_SEARCH',NULL,'MENU_DISPLAY_NAME','Organization Search',NULL,'N'),
	('ORG_SEARCH_PUB','ORG_SEARCH',NULL,'MENU_IS_PUBLIC','true',NULL,'N'),
	('ORG_TYPE_EDIT_SEARCH_DESC','ORG_TYPE_EDIT_SEARCH',NULL,'MENU_DISPLAY_NAME','Search Organization Types',NULL,'N'),
	('ORG_TYPE_EDIT_SEARCH_PUB','ORG_TYPE_EDIT_SEARCH',NULL,'MENU_IS_PUBLIC','true',NULL,'N'),
	('ORG_TYPE_SEARCH_DESC','ORG_TYPE_SEARCH',NULL,'MENU_DISPLAY_NAME','Search Organization Types',NULL,'N'),
	('ORG_TYPE_SEARCH_PUB','ORG_TYPE_SEARCH',NULL,'MENU_IS_PUBLIC','true',NULL,'N'),
	('ORG_TYPE_SUBMENU_EDIT_DESC','ORG_TYPE_SUBMENU_EDIT',NULL,'MENU_DISPLAY_NAME','Organization Type Edit',NULL,'N'),
	('ORG_TYPE_SUBMENU_EDIT_PUB','ORG_TYPE_SUBMENU_EDIT',NULL,'MENU_IS_PUBLIC','true',NULL,'N'),
	('ORG_TYPE_SUBMENU_ROOT_DESC','ORG_TYPE_SUBMENU_ROOT',NULL,'MENU_DISPLAY_NAME','Organization Type Root',NULL,'N'),
	('ORG_TYPE_SUBMENU_ROOT_PUB','ORG_TYPE_SUBMENU_ROOT',NULL,'MENU_IS_PUBLIC','true',NULL,'N'),
	('PAGE_TEMPLATE_EDIT_DESC','PAGE_TEMPLATE_EDIT',NULL,'MENU_DISPLAY_NAME','Page Template Edit Menu',NULL,'N'),
	('PAGE_TEMPLATE_EDIT_NEW_DESC','PAGE_TEMPLATE_EDIT_NEW',NULL,'MENU_DISPLAY_NAME','Create New Template',NULL,'N'),
	('PAGE_TEMPLATE_EDIT_NEW_PUB','PAGE_TEMPLATE_EDIT_NEW',NULL,'MENU_IS_PUBLIC','true',NULL,'N'),
	('PAGE_TEMPLATE_EDIT_PUB','PAGE_TEMPLATE_EDIT',NULL,'MENU_IS_PUBLIC','true',NULL,'N'),
	('PAGE_TEMPLATE_EDIT_SEARCH_DESC','PAGE_TEMPLATE_EDIT_SEARCH',NULL,'MENU_DISPLAY_NAME','Back to Search',NULL,'N'),
	('PAGE_TEMPLATE_EDIT_SEARCH_PUB','PAGE_TEMPLATE_EDIT_SEARCH',NULL,'MENU_IS_PUBLIC','true',NULL,'N'),
	('PAGE_TEMPLATE_NEW_DSC','PAGE_TEMPLATE_NEW',NULL,'MENU_DISPLAY_NAME','Create New Template',NULL,'N'),
	('PAGE_TEMPLATE_NEW_PUB','PAGE_TEMPLATE_NEW',NULL,'MENU_IS_PUBLIC','true',NULL,'N'),
	('PAGE_TEMPLATE_ROOT_DESC','PAGE_TEMPLATE_ROOT',NULL,'MENU_DISPLAY_NAME','Page Template Root Menu',NULL,'N'),
	('PAGE_TEMPLATE_ROOT_PUB','PAGE_TEMPLATE_ROOT',NULL,'MENU_IS_PUBLIC','true',NULL,'N'),
	('PAGE_TEMPLATE_SEARCH_DESC','PAGE_TEMPLATE_SEARCH',NULL,'MENU_DISPLAY_NAME','Search Page Templates',NULL,'N'),
	('PAGE_TEMPLATE_SEARCH_PUB','PAGE_TEMPLATE_SEARCH',NULL,'MENU_IS_PUBLIC','true',NULL,'N'),
	('PASSWORD_POLICY_EDIT_DESC','PASSWORD_POLICY_EDIT',NULL,'MENU_DISPLAY_NAME','Associate Policy Root Menu',NULL,'N'),
	('PASSWORD_POLICY_EDIT_PUB','PASSWORD_POLICY_EDIT',NULL,'MENU_IS_PUBLIC','true',NULL,'N'),
	('POLICY_ATTR_EDIT_ROOTT_DESC','POLICY_ATTR_EDIT_ROOT',NULL,'MENU_DISPLAY_NAME','Attribute Policy Edit Root Menu',NULL,'N'),
	('POLICY_ATTR_EDIT_ROOT_PUB','POLICY_ATTR_EDIT_ROOT',NULL,'MENU_IS_PUBLIC','true',NULL,'N'),
	('POLICY_ATTR_ROOT_DESC','POLICY_ATTR_ROOT',NULL,'MENU_DISPLAY_NAME','Attribute Policy Root Menu',NULL,'N'),
	('POLICY_ATTR_ROOT_PUB','POLICY_ATTR_ROOT',NULL,'MENU_IS_PUBLIC','true',NULL,'N'),
	('POLICY_MENU_DESC','PASSWORD_POLICY',NULL,'MENU_DISPLAY_NAME','Password Policy',NULL,'N'),
	('POLICY_MENU_PUB','PASSWORD_POLICY',NULL,'MENU_IS_PUBLIC','true',NULL,'N'),
	('POLICY_ROOT_MENU_DESC','PASSWORD_POLICY_ROOT_MENU',NULL,'MENU_DISPLAY_NAME','Password Policy Root Menu',NULL,'N'),
	('POLICY_ROOT_MENU_PUB','PASSWORD_POLICY_ROOT_MENU',NULL,'MENU_IS_PUBLIC','true',NULL,'N'),
	('PROFILE_MENU_DISPLAY','PROFILE',NULL,'MENU_DISPLAY_NAME','Edit Your Profile',NULL,'N'),
	('PROFILE_VISIBLE','PROFILE',NULL,'IS_VISIBLE','true',NULL,'N'),
	('PROVCONNECT_DESC','PROVCONNECT_MENU_ITEM',NULL,'MENU_DISPLAY_NAME','Provisioning Connectors',NULL,'N'),
	('PROVCONNECT_MENU_DISPLAY','PROVCONNECT',NULL,'MENU_DISPLAY_NAME','Connectors',NULL,'N'),
	('PROVCONNECT_PUB','PROVCONNECT_MENU_ITEM',NULL,'MENU_IS_PUBLIC','true',NULL,'N'),
	('PROVISIONING_MENU_DISPLAY','PROVISIONING',NULL,'MENU_DISPLAY_NAME','Provisioning',NULL,'N'),
	('PROVISIONING_MENU_ICON','PROVISIONING',NULL,'MENU_ICON','/openiam-ui-static/images/common/icons/menu7.png',NULL,'N'),
	('PROV_CONNECTOR_DSC','PROV_CONNECTOR_NEW',NULL,'MENU_DISPLAY_NAME','Create New Connector',NULL,'N'),
	('PROV_CONNECTOR_NEW_PUB','PROV_CONNECTOR_NEW',NULL,'MENU_IS_PUBLIC','true',NULL,'N'),
	('REPORT_MENU_DISPLAY','REPORT',NULL,'MENU_DISPLAY_NAME','Manage Reports',NULL,'N'),
	('REPORT_VISIBLE','REPORT',NULL,'IS_VISIBLE','false',NULL,'N'),
	('REQINBOX_MENU_DISPLAY','REQINBOX',NULL,'MENU_DISPLAY_NAME','In-Box',NULL,'N'),
	('REQINBOX_VISIBLE','REQINBOX',NULL,'IS_VISIBLE','true',NULL,'N'),
	('REQUEST_APPROVAL_DESC','REQUEST_APPROVAL',NULL,'MENU_DISPLAY_NAME','Request Approval',NULL,'N'),
	('REQUEST_APPROVAL_DESC_ICON','REQUEST_APPROVAL',NULL,'MENU_ICON','/openiam-ui-static/images/common/icons/admin.png',NULL,'N'),
	('REQUEST_APPROVAL_PUB','REQUEST_APPROVAL',NULL,'MENU_IS_PUBLIC','false',NULL,'N'),
	('RESOURCE_EDIT_PAGE_ROOT_DIS','RESOURCE_EDIT_PAGE_ROOT',NULL,'MENU_DISPLAY_NAME','Resource Edit Page Root',NULL,'N'),
	('RESOURCE_EDIT_PAGE_ROOT_PUB','RESOURCE_EDIT_PAGE_ROOT',NULL,'MENU_IS_PUBLIC','true',NULL,'N'),
	('RESPOLICYMAP_MENU_DISPLAY','RESPOLICYMAP',NULL,'MENU_DISPLAY_NAME','Policy Map',NULL,'N'),
	('RESRECONCILE_MENU_DISPLAY','RESRECONCILE',NULL,'MENU_DISPLAY_NAME','Reconciliation',NULL,'N'),
	('RESSUMMARY_MENU_DISPLAY','RESSUMMARY',NULL,'MENU_DISPLAY_NAME','Resource Details',NULL,'N'),
	('RES_APROVER_ASSOC_DN','RES_APROVER_ASSOC',NULL,'MENU_DISPLAY_NAME','Approver Associations',NULL,'N'),
	('RES_APROVER_ASSOC_PUB','RES_APROVER_ASSOC',NULL,'MENU_IS_PUBLIC','true',NULL,'N'),
	('RES_ENT_SUB_DIS','RES_ENT_SUB',NULL,'MENU_DISPLAY_NAME','Entitlements',NULL,'N'),
	('RES_ENT_SUB_PUB','RES_ENT_SUB',NULL,'MENU_IS_PUBLIC','true',NULL,'N'),
	('RES_TYPE_DESC','RES_TYPE_ITEM',NULL,'MENU_DISPLAY_NAME','Resource Type',NULL,'N'),
	('RES_TYPE_NEW_DESC','RES_TYPE_NEW',NULL,'MENU_DISPLAY_NAME','New Resource Type',NULL,'N'),
	('ROLE_APROVER_ASSOC_DN','ROLE_APROVER_ASSOC',NULL,'MENU_DISPLAY_NAME','Approver Associations',NULL,'N'),
	('ROLE_APROVER_ASSOC_PUB','ROLE_APROVER_ASSOC',NULL,'MENU_IS_PUBLIC','true',NULL,'N'),
	('ROLE_EDIT_MENU_DESC','ROLE_EDIT_MENU',NULL,'MENU_DISPLAY_NAME','Role Root Edit Menu',NULL,'N'),
	('ROLE_EDIT_MENU_PUB','ROLE_EDIT_MENU',NULL,'MENU_IS_PUBLIC','true',NULL,'N'),
	('ROLE_ENTITLEMENTS_DESC','ROLE_ENTITLEMENTS',NULL,'MENU_DISPLAY_NAME','Role Entitlements',NULL,'N'),
	('ROLE_ENTITLEMENTS_PUB','ROLE_ENTITLEMENTS',NULL,'MENU_IS_PUBLIC','true',NULL,'N'),
	('ROLE_MENUS_DESC','ROLE_MENUS',NULL,'MENU_DISPLAY_NAME','Menus',NULL,'N'),
	('ROLE_MENUS_PUB','ROLE_MENUS',NULL,'MENU_IS_PUBLIC','false',NULL,'N'),
	('ROLE_ROOT_MENU_DESC','ROLE_ROOT_MENU',NULL,'MENU_DISPLAY_NAME','Role Root Menu',NULL,'N'),
	('ROLE_ROOT_MENU_PUB','ROLE_ROOT_MENU',NULL,'MENU_IS_PUBLIC','true',NULL,'N'),
	('ROLE_SEARCH_DESC','ROLE_SEARCH',NULL,'MENU_DISPLAY_NAME','Role Search',NULL,'N'),
	('ROLE_SEARCH_PUB','ROLE_SEARCH',NULL,'MENU_IS_PUBLIC','true',NULL,'N'),
	('SEARCH_BATCH_EDIT_DESC','SEARCH_BATCH_EDIT',NULL,'MENU_DISPLAY_NAME','Search Batch Tasks',NULL,'N'),
	('SEARCH_BATCH_EDIT_PUB','SEARCH_BATCH_EDIT',NULL,'MENU_IS_PUBLIC','true',NULL,'N'),
	('SEARCH_BATCH_NEW_DESC','SEARCH_BATCH_NEW',NULL,'MENU_DISPLAY_NAME','Search Batch Tasks',NULL,'N'),
	('SEARCH_BATCH_NEW_PUB','SEARCH_BATCH_NEW',NULL,'MENU_IS_PUBLIC','true',NULL,'N'),
	('SECURITY_GROUP_MENU_DISPLAY','SECURITY_GROUP',NULL,'MENU_DISPLAY_NAME','Group',NULL,'N'),
	('SECURITY_GROUP_PUB','SECURITY_GROUP',NULL,'MENU_IS_PUBLIC','true',NULL,'N'),
	('SECURITY_POLICY_MENU_DISPLAY','SECURITY_POLICY',NULL,'MENU_DISPLAY_NAME','Policy',NULL,'N'),
	('SECURITY_POLICY_MENU_ICON','SECURITY_POLICY',NULL,'MENU_ICON','/openiam-ui-static/images/common/icons/sso.png',NULL,'N'),
	('SECURITY_RES_MENU_DISPLAY','SECURITY_RES',NULL,'MENU_DISPLAY_NAME','Resource',NULL,'N'),
	('SECURITY_ROLE_MENU_DISPLAY','SECURITY_ROLE',NULL,'MENU_DISPLAY_NAME','Role',NULL,'N'),
	('SECURITY_ROLE_MENU_PUBLIC','SECURITY_ROLE',NULL,'MENU_IS_PUBLIC','true',NULL,'N'),
	('SEFSERV_ORG_PUBLIC','SELFSRVS_ACCESS_MNGMNT_ORG',NULL,'MENU_IS_PUBLIC','false',NULL,'N'),
	('SELFCENTER_MENU_DISPLAY','SELFCENTER',NULL,'MENU_DISPLAY_NAME','Self Service Center',NULL,'N'),
	('SELFCENTER_MENU_ICON','SELFCENTER',NULL,'MENU_ICON','/openiam-ui-static/images/common/icons/user_manager.png',NULL,'N'),
	('SELFSERVE_SUP_SUB_DESC','SELFSERVE_SUP_SUB',NULL,'MENU_DISPLAY_NAME','Superiors & Subordinates',NULL,'N'),
	('SELFSERVE_SUP_SUB_PUB','SELFSERVE_SUP_SUB',NULL,'MENU_IS_PUBLIC','true',NULL,'N'),
	('SELFSERVICE_EXT_DN','SELFSERVICE_EXT',NULL,'MENU_DISPLAY_NAME','SelfService Extension Root',NULL,'N'),
	('SELFSERVICE_EXT_PB','SELFSERVICE_EXT',NULL,'MENU_IS_PUBLIC','true',NULL,'N'),
	('SELFSERVICE_GROUPS_DN','SELFSERVICE_GROUPS',NULL,'MENU_DISPLAY_NAME','Groups',NULL,'N'),
	('SELFSERVICE_GROUPS_PUB','SELFSERVICE_GROUPS',NULL,'MENU_IS_PUBLIC','false',NULL,'N'),
	('SELFSERVICE_MENU_DISPLAY','SELFSERVICE',NULL,'MENU_DISPLAY_NAME','SELF SERVICE',NULL,'N'),
	('SELFSERVICE_MENU_PUBLIC','SELFSERVICE',NULL,'MENU_IS_PUBLIC','true',NULL,'N'),
	('SELFSERVICE_MYAPPS_DESC','SELFSERVICE_MYAPPS',NULL,'MENU_DISPLAY_NAME','My Applications',NULL,'N'),
	('SELFSERVICE_MYAPPS_MENU_ICON','SELFSERVICE_MYAPPS',NULL,'MENU_ICON','/openiam-ui-static/images/common/icons/sso.png',NULL,'N'),
	('SELFSERVICE_MYAPPS_PUB','SELFSERVICE_MYAPPS',NULL,'MENU_IS_PUBLIC','true',NULL,'N'),
	('SELFSERVICE_MYINFO_DESC','SELFSERVICE_MYINFO',NULL,'MENU_DISPLAY_NAME','My Info',NULL,'N'),
	('SELFSERVICE_MYINFO_MENU_ICON','SELFSERVICE_MYINFO',NULL,'MENU_ICON','/openiam-ui-static/images/common/icons/menu7.png',NULL,'N'),
	('SELFSERVICE_MYINFO_PUB','SELFSERVICE_MYINFO',NULL,'MENU_IS_PUBLIC','true',NULL,'N'),
	('SELFSERVICE_REPORT_DESC','SELFSERVICE_REPORT',NULL,'MENU_DISPLAY_NAME','Report',NULL,'N'),
	('SELFSERVICE_REPORT_DISPLAY','SELFSERVICE_REPORT',NULL,'MENU_ICON','/openiam-ui-static/images/common/icons/reports.png',NULL,'N'),
	('SELFSERVICE_REPORT_PUB','SELFSERVICE_REPORT',NULL,'MENU_IS_PUBLIC','true',NULL,'N'),
	('SELFSERVICE_RESOURCES_DN','SELFSERVICE_RESOURCES',NULL,'MENU_DISPLAY_NAME','Resources',NULL,'N'),
	('SELFSERVICE_RESOURCES_PUB','SELFSERVICE_RESOURCES',NULL,'MENU_IS_PUBLIC','false',NULL,'N'),
	('SELFSERVICE_ROLES_DN','SELFSERVICE_ROLES',NULL,'MENU_DISPLAY_NAME','Roles',NULL,'N'),
	('SELFSERVICE_ROLES_PUB','SELFSERVICE_ROLES',NULL,'MENU_IS_PUBLIC','false',NULL,'N'),
	('SELFSERV_GRP_BACK_SRCH_DN','SELFSERV_GRP_BACK_SRCH',NULL,'MENU_DISPLAY_NAME','Back to Search',NULL,'N'),
	('SELFSERV_GRP_BACK_SRCH_PUB','SELFSERV_GRP_BACK_SRCH',NULL,'MENU_IS_PUBLIC','true',NULL,'N'),
	('SELFSERV_GRP_EDIT_DN','SELFSERV_GRP_EDIT',NULL,'MENU_DISPLAY_NAME','Edit Group',NULL,'N'),
	('SELFSERV_GRP_EDIT_PUB','SELFSERV_GRP_EDIT',NULL,'MENU_IS_PUBLIC','true',NULL,'N'),
	('SELFSERV_GRP_NEW_DN','SELFSERV_GRP_NEW',NULL,'MENU_DISPLAY_NAME','Create New Group',NULL,'N'),
	('SELFSERV_GRP_NEW_PUB','SELFSERV_GRP_NEW',NULL,'MENU_IS_PUBLIC','true',NULL,'N'),
	('SELFSERV_ROLE_NEW_DN','SELFSERV_ROLE_NEW',NULL,'MENU_DISPLAY_NAME','Create New Role',NULL,'N'),
	('SELFSERV_ROLE_NEW_PB','SELFSERV_ROLE_NEW',NULL,'MENU_IS_PUBLIC','true',NULL,'N'),
	('SELFSERV_USER_EDIT_DESC','SELFSERV_USER_EDIT',NULL,'MENU_DISPLAY_NAME','Edit User',NULL,'N'),
	('SELFSERV_USER_EDIT_PUB','SELFSERV_USER_EDIT',NULL,'MENU_IS_PUBLIC','true',NULL,'N'),
	('SELFSERV_USER_MEMSHP_DES','SELFSERV_USER_MEMSHP',NULL,'MENU_DISPLAY_NAME','User Entitlements',NULL,'N'),
	('SELFSERV_USER_MEMSHP_PUB','SELFSERV_USER_MEMSHP',NULL,'MENU_IS_PUBLIC','true',NULL,'N'),
	('SELFSER_USER_LOGIN_DESC','SELFSER_USER_LOGIN',NULL,'MENU_DISPLAY_NAME','Identities',NULL,'N'),
	('SELFSER_USER_LOGIN_PUB','SELFSER_USER_LOGIN',NULL,'MENU_IS_PUBLIC','true',NULL,'N'),
	('SELFSER_USER_NEW_LOGIN_DESC','SELFSER_USER_NEW_LOGIN',NULL,'MENU_DISPLAY_NAME','Create New Identity',NULL,'N'),
	('SELFSER_USER_NEW_LOGIN_PUB','SELFSER_USER_NEW_LOGIN',NULL,'MENU_IS_PUBLIC','true',NULL,'N'),
	('SELFSRVS_ACCESS_MNGMNT_ORG_DESC','SELFSRVS_ACCESS_MNGMNT_ORG',NULL,'MENU_DISPLAY_NAME','Organizations',NULL,'N'),
	('SELFSRV_EXAMPLE_DN','SELFSRV_EXAMPLE',NULL,'MENU_DISPLAY_NAME','Example',NULL,'N'),
	('SELFSRV_EXAMPLE_PB','SELFSRV_EXAMPLE',NULL,'MENU_IS_PUBLIC','false',NULL,'N'),
	('SELFSRV_GRP_EDIT_ROOT_DESC','SELFSRV_GRP_EDIT_ROOT',NULL,'MENU_DISPLAY_NAME','SelfService Group Edit Root',NULL,'N'),
	('SELFSRV_GRP_EDIT_ROOT_DN','SELFSRV_GRP_EDIT_ROOT',NULL,'MENU_IS_PUBLIC','true',NULL,'N'),
	('SELFSRV_GRP_SRCH_ROOT_DESC','SELFSRV_GRP_SRCH_ROOT',NULL,'MENU_DISPLAY_NAME','SelfService Group Root',NULL,'N'),
	('SELFSRV_GRP_SRCH_ROOT_PUB','SELFSRV_GRP_SRCH_ROOT',NULL,'MENU_IS_PUBLIC','true',NULL,'N'),
	('SELFSRV_RES_BACK_SRCH_DN','SELFSRV_RES_BACK_SRCH',NULL,'MENU_DISPLAY_NAME','Back to Search',NULL,'N'),
	('SELFSRV_RES_BACK_SRCH_PUB','SELFSRV_RES_BACK_SRCH',NULL,'MENU_IS_PUBLIC','true',NULL,'N'),
	('SELFSRV_RES_EDIT_DN','SELFSRV_RES_EDIT',NULL,'MENU_DISPLAY_NAME','Edit Resource',NULL,'N'),
	('SELFSRV_RES_EDIT_PUB','SELFSRV_RES_EDIT',NULL,'MENU_IS_PUBLIC','true',NULL,'N'),
	('SELFSRV_RES_EDIT_ROOT_DESC','SELFSRV_RES_EDIT_ROOT',NULL,'MENU_DISPLAY_NAME','SelfService Resource Edit Root',NULL,'N'),
	('SELFSRV_RES_EDIT_ROOT_DN','SELFSRV_RES_EDIT_ROOT',NULL,'MENU_IS_PUBLIC','true',NULL,'N'),
	('SELFSRV_RES_NEW_DN','SELFSRV_RES_NEW',NULL,'MENU_DISPLAY_NAME','Create New Resource',NULL,'N'),
	('SELFSRV_RES_NEW_PB','SELFSRV_RES_NEW',NULL,'MENU_IS_PUBLIC','true',NULL,'N'),
	('SELFSRV_RES_SRCH_ROOT_DN','SELFSRV_RES_SRCH_ROOT',NULL,'MENU_DISPLAY_NAME','SelfService Resource Root',NULL,'N'),
	('SELFSRV_RES_SRCH_ROOT_PB','SELFSRV_RES_SRCH_ROOT',NULL,'MENU_IS_PUBLIC','true',NULL,'N'),
	('SELFSRV_ROLE_BACK_SRCH_DN','SELFSRV_ROLE_BACK_SRCH',NULL,'MENU_DISPLAY_NAME','Back to Search',NULL,'N'),
	('SELFSRV_ROLE_BACK_SRCH_PUB','SELFSRV_ROLE_BACK_SRCH',NULL,'MENU_IS_PUBLIC','true',NULL,'N'),
	('SELFSRV_ROLE_EDIT_DN','SELFSRV_ROLE_EDIT',NULL,'MENU_DISPLAY_NAME','Edit Role',NULL,'N'),
	('SELFSRV_ROLE_EDIT_PUB','SELFSRV_ROLE_EDIT',NULL,'MENU_IS_PUBLIC','true',NULL,'N'),
	('SELFSRV_ROLE_EDIT_ROOT_DESC','SELFSRV_ROLE_EDIT_ROOT',NULL,'MENU_DISPLAY_NAME','SelfService Role Edit Root',NULL,'N'),
	('SELFSRV_ROLE_EDIT_ROOT_DN','SELFSRV_ROLE_EDIT_ROOT',NULL,'MENU_IS_PUBLIC','true',NULL,'N'),
	('SELFSRV_ROLE_SRCH_ROOT_DN','SELFSRV_ROLE_SRCH_ROOT',NULL,'MENU_DISPLAY_NAME','SelfService Role Root',NULL,'N'),
	('SELFSRV_ROLE_SRCH_ROOT_PB','SELFSRV_ROLE_SRCH_ROOT',NULL,'MENU_IS_PUBLIC','true',NULL,'N'),
	('SELF_QUERYUSER_MENU_DISPLAY','SELF_QUERYUSER',NULL,'MENU_DISPLAY_NAME','Manage User',NULL,'N'),
	('SELF_SUB_ORGS_EDIT_DESC','SELF_SUB_ORGS_EDIT',NULL,'MENU_DISPLAY_NAME','Edit Organization',NULL,'N'),
	('SELF_SUB_ORGS_NEW_DESC','SELF_SUB_ORGS_NEW',NULL,'MENU_DISPLAY_NAME','New Organization',NULL,'N'),
	('SELF_SUB_ORGS_SEARCH_DESC','SELF_SUB_ORGS_SEARCH',NULL,'MENU_DISPLAY_NAME','Search Organization',NULL,'N'),
	('SELF_SUB_REPORT_NEW_DSC','SELF_SUB_REPORT_NEW',NULL,'MENU_DISPLAY_NAME','Subscribe Report',NULL,'N'),
	('SELF_SUB_REPORT_NEW_PUB','SELF_SUB_REPORT_NEW',NULL,'MENU_IS_PUBLIC','true',NULL,'N'),
	('SELF_SUB_REPORT_ROOT_DESC','SELF_SUB_REPORT_ROOT',NULL,'MENU_DISPLAY_NAME','Subscribe Report Root Menu',NULL,'N'),
	('SELF_SUB_REPORT_ROOT_PUB','SELF_SUB_REPORT_ROOT',NULL,'MENU_IS_PUBLIC','true',NULL,'N'),
	('SELF_VIEW_REPORT_NEW_DSC','SELF_VIEW_REPORT_NEW',NULL,'MENU_DISPLAY_NAME','Create New View Report',NULL,'N'),
	('SELF_VIEW_REPORT_NEW_PUB','SELF_VIEW_REPORT_NEW',NULL,'MENU_IS_PUBLIC','true',NULL,'N'),
	('SELF_VIEW_REPORT_ROOT_DESC','SELF_VIEW_REPORT_ROOT',NULL,'MENU_DISPLAY_NAME','View Report Root Menu',NULL,'N'),
	('SELF_VIEW_REPORT_ROOT_PUB','SELF_VIEW_REPORT_ROOT',NULL,'MENU_IS_PUBLIC','true',NULL,'N'),
	('SS_ACCESS_REVIEW_DESC','SELFSERV_ACCESS_REVIEW',NULL,'MENU_DISPLAY_NAME','Access Review',NULL,'N'),
	('SS_ACCESS_REVIEW_PUB','SELFSERV_ACCESS_REVIEW',NULL,'MENU_IS_PUBLIC','true',NULL,'N'),
	('SS_GRP_ENT_DN','SS_GRP_ENT',NULL,'MENU_DISPLAY_NAME','Entitlements',NULL,'N'),
	('SS_GRP_ENT_PB','SS_GRP_ENT',NULL,'MENU_IS_PUBLIC','true',NULL,'N'),
	('SS_ORG_BACK_SEARCH_DN','SS_ORG_BACK_SEARCH',NULL,'MENU_DISPLAY_NAME','Back to Search',NULL,'N'),
	('SS_ORG_BACK_SEARCH_PUB','SS_ORG_BACK_SEARCH',NULL,'MENU_IS_PUBLIC','true',NULL,'N'),
	('SS_RES_ENT_DN','SS_RES_ENT',NULL,'MENU_DISPLAY_NAME','Entitlements',NULL,'N'),
	('SS_RES_ENT_PB','SS_RES_ENT',NULL,'MENU_IS_PUBLIC','true',NULL,'N'),
	('SS_ROLE_ENT_DN','SS_ROLE_ENT',NULL,'MENU_DISPLAY_NAME','Entitlements',NULL,'N'),
	('SS_ROLE_ENT_PB','SS_ROLE_ENT',NULL,'MENU_IS_PUBLIC','true',NULL,'N'),
	('SS_USR_EDIT_RT_DESC','SELFSERV_USER_EDIT_ROOT',NULL,'MENU_DISPLAY_NAME','SelfService Edit User Root',NULL,'N'),
	('SS_USR_EDIT_RT_PUB','SELFSERV_USER_EDIT_ROOT',NULL,'MENU_IS_PUBLIC','true',NULL,'N'),
	('SUBSCRIBE_MENU_DESC','SUBSCRIBE',NULL,'MENU_DISPLAY_NAME','Subscribe',NULL,'N'),
	('SUBSCRIBE_MENU_PUB','SUBSCRIBE',NULL,'MENU_IS_PUBLIC','true',NULL,'N'),
	('SUP_SUB_PAGE_DIS','SUP_SUB_PAGE',NULL,'MENU_DISPLAY_NAME','Superiors & Subordinates',NULL,'N'),
	('SUP_SUB_PAGE_PUB','SUP_SUB_PAGE',NULL,'MENU_IS_PUBLIC','false',NULL,'N'),
	('SYNCLOG_ADMIN_DESC','SYNCLOG',NULL,'MENU_DISPLAY_NAME','Log Viewer',NULL,'N'),
	('SYNCLOG_ADMIN_PUB','SYNCLOG',NULL,'MENU_IS_PUBLIC','true',NULL,'N'),
	('SYNCLOG_DESC','SYNCLOG_MENU_ITEM',NULL,'MENU_DISPLAY_NAME','Synchronization Transaction Log Viewer',NULL,'N'),
	('SYNCLOG_PUB','SYNCLOG_MENU_ITEM',NULL,'MENU_IS_PUBLIC','true',NULL,'N'),
	('SYNCUSER_DESC','SYNCUSER_MENU_ITEM',NULL,'MENU_DISPLAY_NAME','Synchronization',NULL,'N'),
	('SYNCUSER_EDIT_DESC','SYNCUSER_EDIT',NULL,'MENU_DISPLAY_NAME','Edit Synchronization',NULL,'N'),
	('SYNCUSER_EDIT_PUB','SYNCUSER_EDIT',NULL,'MENU_IS_PUBLIC','true',NULL,'N'),
	('SYNCUSER_MENU_DISPLAY','SYNCUSER',NULL,'MENU_DISPLAY_NAME','Synchronization',NULL,'N'),
	('SYNCUSER_NEW_DESC','SYNCUSER_NEW',NULL,'MENU_DISPLAY_NAME','Create Synchronization',NULL,'N'),
	('SYNCUSER_NEW_PUB','SYNCUSER_NEW',NULL,'MENU_IS_PUBLIC','true',NULL,'N'),
	('SYNCUSER_POLICYMAP_DESC','SYNCUSER_POLICYMAP',NULL,'MENU_DISPLAY_NAME','Policy Map',NULL,'N'),
	('SYNCUSER_POLICYMAP_PUB','SYNCUSER_POLICYMAP',NULL,'MENU_IS_PUBLIC','true',NULL,'N'),
	('SYNCUSER_PUB','SYNCUSER_MENU_ITEM',NULL,'MENU_IS_PUBLIC','true',NULL,'N'),
	('TEMPLATE_SEARCH_CHILD_DESC','TEMPLATE_SEARCH_CHILD',NULL,'MENU_DISPLAY_NAME','Page Template',NULL,'N'),
	('TEMPLATE_SEARCH_CHILD_PUB','TEMPLATE_SEARCH_CHILD',NULL,'MENU_IS_PUBLIC','true',NULL,'N'),
	('UI_THEMES_DN','UI_THEMES',NULL,'MENU_DISPLAY_NAME','UI Themes',NULL,'N'),
	('UI_THEMES_PB','UI_THEMES',NULL,'MENU_IS_PUBLIC','true',NULL,'N'),
	('UI_THEME_BACK_SRCH_DN','UI_THEME_BACK_SRCH',NULL,'MENU_DISPLAY_NAME','Back to Search',NULL,'N'),
	('UI_THEME_BACK_SRCH_PB','UI_THEME_BACK_SRCH',NULL,'MENU_IS_PUBLIC','true',NULL,'N'),
	('UI_THEME_EDIT_DN','UI_THEME_EDIT',NULL,'MENU_DISPLAY_NAME','UI Theme Edit',NULL,'N'),
	('UI_THEME_EDIT_MODIFY_DN','UI_THEME_EDIT_MODIFY',NULL,'MENU_DISPLAY_NAME','Edit UI Theme',NULL,'N'),
	('UI_THEME_EDIT_MODIFY_PB','UI_THEME_EDIT_MODIFY',NULL,'MENU_IS_PUBLIC','true',NULL,'N'),
	('UI_THEME_EDIT_PB','UI_THEME_EDIT',NULL,'MENU_IS_PUBLIC','true',NULL,'N'),
	('UI_THEME_ROOT_DN','UI_THEME_ROOT',NULL,'MENU_DISPLAY_NAME','UI Theme Root',NULL,'N'),
	('UI_THEME_ROOT_PB','UI_THEME_ROOT',NULL,'MENU_IS_PUBLIC','true',NULL,'N'),
	('UI_THEME_ROOT_SRCH_DN','UI_THEME_ROOT_SRCH',NULL,'MENU_DISPLAY_NAME','Search UI Themes',NULL,'N'),
	('UI_THEME_ROOT_SRCH_PB','UI_THEME_ROOT_SRCH',NULL,'MENU_IS_PUBLIC','true',NULL,'N'),
	('UPLOAD_CUST_PSWD_POLICY_DESC','UPLOAD_CUST_PSWD_POLICY',NULL,'MENU_DISPLAY_NAME','Custom Pswd Policy',NULL,'N'),
	('UPLOAD_CUST_PSWD_POLICY_PUB','UPLOAD_CUST_PSWD_POLICY',NULL,'MENU_IS_PUBLIC','true',NULL,'N'),
	('URI_META_BACK_DESC','URI_META_BACK',NULL,'MENU_DISPLAY_NAME','Back To Pattern',NULL,'N'),
	('URI_META_BACK_PUB','URI_META_BACK',NULL,'MENU_IS_PUBLIC','true',NULL,'N'),
	('URI_META_EDIT_DESC','URI_META_EDIT',NULL,'MENU_DISPLAY_NAME','URI Meta Root Item',NULL,'N'),
	('URI_META_EDIT_PUB','URI_META_EDIT',NULL,'MENU_IS_PUBLIC','true',NULL,'N'),
	('URI_PATTERN_EDIT_DESC','URI_PATTERN_EDIT',NULL,'MENU_DISPLAY_NAME','URI Pattern Edit Menu',NULL,'N'),
	('URI_PATTERN_EDIT_PATTERN_DESC','URI_PATTERN_EDIT_PATTERN',NULL,'MENU_DISPLAY_NAME','Edit URI Pattern',NULL,'N'),
	('URI_PATTERN_EDIT_PATTERN_PUB','URI_PATTERN_EDIT_PATTERN',NULL,'MENU_IS_PUBLIC','true',NULL,'N'),
	('URI_PATTERN_EDIT_PUB','URI_PATTERN_EDIT',NULL,'MENU_IS_PUBLIC','true',NULL,'N'),
	('URI_PATTERN_EDNW_PATTERN_DESC','URI_PATTERN_EDIT_NEW_PATTERN',NULL,'MENU_DISPLAY_NAME','Create URI Pattern',NULL,'N'),
	('URI_PATTERN_EDNW_PATTERN_PUB','URI_PATTERN_EDIT_NEW_PATTERN',NULL,'MENU_IS_PUBLIC','true',NULL,'N'),
	('URI_PATTERN_EDT_PROV_SEARCH_DESC','URI_PATTERN_EDT_PROV_SEARCH',NULL,'MENU_DISPLAY_NAME','Content Provider Search',NULL,'N'),
	('URI_PATTERN_EDT_PROV_SEARCH_PUB','URI_PATTERN_EDT_PROV_SEARCH',NULL,'MENU_IS_PUBLIC','true',NULL,'N'),
	('USER_ATTRIBUTES_DESC','USER_ATTRIBUTES',NULL,'MENU_DISPLAY_NAME','User Attributes',NULL,'N'),
	('USER_ATTRIBUTES_PUB','USER_ATTRIBUTES',NULL,'MENU_IS_PUBLIC','true',NULL,'N'),
	('USER_BULK_MENU_DISPLAY','USER_BULK',NULL,'MENU_DISPLAY_NAME','User Bulk Ops',NULL,'N'),
	('USER_BULK_VISIBLE','USER_BULK',NULL,'IS_VISIBLE','false',NULL,'N'),
	('USER_DELEGATION_DESC','USER_DELEGATION',NULL,'MENU_DISPLAY_NAME','User Delegation Filter',NULL,'N'),
	('USER_DELEGATION_PUB','USER_DELEGATION',NULL,'MENU_IS_PUBLIC','false',NULL,'N'),
	('USER_EDIT_CONTACT_INFO_DESC','USER_EDIT_CONTACT_INFO',NULL,'MENU_DISPLAY_NAME','Contact Info',NULL,'N'),
	('USER_EDIT_CONTACT_INFO_PUB','USER_EDIT_CONTACT_INFO',NULL,'MENU_IS_PUBLIC','true',NULL,'N'),
	('USER_EDIT_INFO_DESC','USER_EDIT_INFO',NULL,'MENU_DISPLAY_NAME','User Info',NULL,'N'),
	('USER_EDIT_INFO_PUB','USER_EDIT_INFO',NULL,'MENU_IS_PUBLIC','true',NULL,'N'),
	('USER_EDIT_MENU_DESC','USER_EDIT_MENU',NULL,'MENU_DISPLAY_NAME','User Root Edit Menu',NULL,'N'),
	('USER_EDIT_MENU_PUB','USER_EDIT_MENU',NULL,'MENU_IS_PUBLIC','true',NULL,'N'),
	('USER_ENTITLEMENTS_DESC','USER_ENTITLEMENTS',NULL,'MENU_DISPLAY_NAME','User Entitlements',NULL,'N'),
	('USER_ENTITLEMENTS_PUB','USER_ENTITLEMENTS',NULL,'MENU_IS_PUBLIC','true',NULL,'N'),
	('USER_HISTORY_DESC','USER_HISTORY',NULL,'MENU_DISPLAY_NAME','User History',NULL,'N'),
	('USER_HISTORY_PUB','USER_HISTORY',NULL,'MENU_IS_PUBLIC','true',NULL,'N'),
	('USER_IDENTITY_DESC','USER_IDENTITY',NULL,'MENU_DISPLAY_NAME','User Identities',NULL,'N'),
	('USER_IDENTITY_PUB','USER_IDENTITY',NULL,'MENU_IS_PUBLIC','true',NULL,'N'),
	('USER_MENUS_DESC','USER_MENUS',NULL,'MENU_DISPLAY_NAME','Menus',NULL,'N'),
	('USER_MENUS_PUB','USER_MENUS',NULL,'MENU_IS_PUBLIC','false',NULL,'N'),
	('USER_MENU_DESC','USER',NULL,'MENU_DISPLAY_NAME','User',NULL,'N'),
	('USER_MENU_PUB','USER',NULL,'MENU_IS_PUBLIC','true',NULL,'N'),
	('USER_RESET_PASSWORD_DESC','USER_RESET_PASSWORD',NULL,'MENU_DISPLAY_NAME','Reset Password',NULL,'N'),
	('USER_RESET_PASSWORD_PUB','USER_RESET_PASSWORD',NULL,'MENU_IS_PUBLIC','true',NULL,'N'),
	('USER_ROOT_MENU_DESC','USER_ROOT_MENU',NULL,'MENU_DISPLAY_NAME','User Root Menu',NULL,'N'),
	('USER_ROOT_MENU_PUB','USER_ROOT_MENU',NULL,'MENU_IS_PUBLIC','true',NULL,'N'),
	('USER_SEARCH_DESC','USER_SEARCH',NULL,'MENU_DISPLAY_NAME','User Search',NULL,'N'),
	('USER_SEARCH_PUB','USER_SEARCH',NULL,'MENU_IS_PUBLIC','true',NULL,'N'),
	('VIEW_MENU_DESC','VIEW',NULL,'MENU_DISPLAY_NAME','View',NULL,'N'),
	('VIEW_MENU_PUB','VIEW',NULL,'MENU_IS_PUBLIC','true',NULL,'N'),
	('WEB_REPORT_DESC','WEB_REPORT',NULL,'MENU_DISPLAY_NAME','Report',NULL,'N'),
	('WEB_REPORT_DISPLAY','WEB_REPORT',NULL,'MENU_ICON','/openiam-ui-static/images/common/icons/reports.png',NULL,'N'),
	('WEB_REPORT_NEW_DSC','WEB_REPORT_NEW',NULL,'MENU_DISPLAY_NAME','Create New Report',NULL,'N'),
	('WEB_REPORT_NEW_PUB','WEB_REPORT_NEW',NULL,'MENU_IS_PUBLIC','true',NULL,'N'),
	('WEB_REPORT_PUB','WEB_REPORT',NULL,'MENU_IS_PUBLIC','true',NULL,'N'),
	('WEB_REPORT_ROOT_DESC','WEB_REPORT_ROOT',NULL,'MENU_DISPLAY_NAME','Report Root Menu',NULL,'N'),
	('WEB_REPORT_ROOT_PUB','WEB_REPORT_ROOT',NULL,'MENU_IS_PUBLIC','true',NULL,'N');

INSERT INTO `USER_GRP` (`GRP_ID`, `USER_ID`) VALUES 
	('END_USER_GRP','3006'),
	('HR_GRP','3007'),
	('MNGR_GRP','3008'),
	('SECURITY_GRP','3009'),
	('SUPER_SEC_ADMIN_GRP','3000'),
	('SUPER_SEC_ADMIN_GRP','3001');


/* Creates the activiti schema */

DROP DATABASE IF EXISTS activiti;

CREATE database activiti DEFAULT CHARACTER SET utf8
CHARACTER SET = utf8;
USE activiti;

CREATE TABLE ACT_GE_PROPERTY (
	NAME_ varchar(64),
	VALUE_ varchar(300),
	REV_ integer,
	PRIMARY KEY (NAME_)
) ENGINE=InnoDB DEFAULT CHARSET=utf8 COLLATE utf8_bin;

INSERT INTO ACT_GE_PROPERTY (NAME_, VALUE_, REV_) VALUES
	('historyLevel', '2', 1),
	('schema.version', '5.10', 1),
	('schema.history', 'create(5.10)', 1),
	('next.dbid', '1', 1);

CREATE TABLE ACT_GE_BYTEARRAY (
	ID_ varchar(64),
	REV_ integer,
	NAME_ varchar(255),
	DEPLOYMENT_ID_ varchar(64),
	BYTES_ LONGBLOB,
	GENERATED_ TINYINT,
	PRIMARY KEY (ID_)
) ENGINE=InnoDB DEFAULT CHARSET=utf8 COLLATE utf8_bin;

CREATE TABLE ACT_RE_DEPLOYMENT (
	ID_ varchar(64),
	NAME_ varchar(255),
	DEPLOY_TIME_ timestamp,
	PRIMARY KEY (ID_)
) ENGINE=InnoDB DEFAULT CHARSET=utf8 COLLATE utf8_bin;

CREATE TABLE ACT_RU_EXECUTION (
	ID_ varchar(64),
	REV_ integer,
	PROC_INST_ID_ varchar(64),
	BUSINESS_KEY_ varchar(255),
	PARENT_ID_ varchar(64),
	PROC_DEF_ID_ varchar(64),
	SUPER_EXEC_ varchar(64),
	ACT_ID_ varchar(255),
	IS_ACTIVE_ TINYINT,
	IS_CONCURRENT_ TINYINT,
	IS_SCOPE_ TINYINT,
	IS_EVENT_SCOPE_ TINYINT,
	SUSPENSION_STATE_ integer,
	CACHED_ENT_STATE_ integer,
	PRIMARY KEY (ID_),
	unique ACT_UNIQ_RU_BUS_KEY (PROC_DEF_ID_, BUSINESS_KEY_)
) ENGINE=InnoDB DEFAULT CHARSET=utf8 COLLATE utf8_bin;

CREATE TABLE ACT_RU_JOB (
	ID_ varchar(64) NOT NULL,
	  REV_ integer,
	TYPE_ varchar(255) NOT NULL,
	LOCK_EXP_TIME_ timestamp,
	LOCK_OWNER_ varchar(255),
	EXCLUSIVE_ boolean,
	EXECUTION_ID_ varchar(64),
	PROCESS_INSTANCE_ID_ varchar(64),
	RETRIES_ integer,
	EXCEPTION_STACK_ID_ varchar(64),
	EXCEPTION_MSG_ varchar(4000),
	DUEDATE_ timestamp NULL,
	REPEAT_ varchar(255),
	HANDLER_TYPE_ varchar(255),
	HANDLER_CFG_ varchar(4000),
	PRIMARY KEY (ID_)
) ENGINE=InnoDB DEFAULT CHARSET=utf8 COLLATE utf8_bin;

CREATE TABLE ACT_RE_PROCDEF (
	ID_ varchar(64),
	REV_ integer,
	CATEGORY_ varchar(255),
	NAME_ varchar(255),
	KEY_ varchar(255),
	VERSION_ integer,
	DEPLOYMENT_ID_ varchar(64),
	RESOURCE_NAME_ varchar(4000),
	DGRM_RESOURCE_NAME_ varchar(4000),
	HAS_START_FORM_KEY_ TINYINT,
	SUSPENSION_STATE_ integer,
	PRIMARY KEY (ID_)
) ENGINE=InnoDB DEFAULT CHARSET=utf8 COLLATE utf8_bin;

CREATE TABLE ACT_RU_TASK (
	ID_ varchar(64),
	REV_ integer,
	EXECUTION_ID_ varchar(64),
	PROC_INST_ID_ varchar(64),
	PROC_DEF_ID_ varchar(64),
	NAME_ varchar(255),
	PARENT_TASK_ID_ varchar(64),
	DESCRIPTION_ varchar(4000),
	TASK_DEF_KEY_ varchar(255),
	OWNER_ varchar(64),
	ASSIGNEE_ varchar(64),
	DELEGATION_ varchar(64),
	PRIORITY_ integer,
	CREATE_TIME_ timestamp,
	DUE_DATE_ datetime,
	PRIMARY KEY (ID_)
) ENGINE=InnoDB DEFAULT CHARSET=utf8 COLLATE utf8_bin;

CREATE TABLE ACT_RU_IDENTITYLINK (
	ID_ varchar(64),
	REV_ integer,
	GROUP_ID_ varchar(64),
	TYPE_ varchar(255),
	USER_ID_ varchar(64),
	TASK_ID_ varchar(64),
	PROC_DEF_ID_ varchar(64),    
	PRIMARY KEY (ID_)
) ENGINE=InnoDB DEFAULT CHARSET=utf8 COLLATE utf8_bin;

CREATE TABLE ACT_RU_VARIABLE (
	ID_ varchar(64) NOT NULL,
	REV_ integer,
	TYPE_ varchar(255) NOT NULL,
	NAME_ varchar(255) NOT NULL,
	EXECUTION_ID_ varchar(64),
	  PROC_INST_ID_ varchar(64),
	TASK_ID_ varchar(64),
	BYTEARRAY_ID_ varchar(64),
	DOUBLE_ double,
	LONG_ bigint,
	TEXT_ varchar(4000),
	TEXT2_ varchar(4000),
	PRIMARY KEY (ID_)
) ENGINE=InnoDB DEFAULT CHARSET=utf8 COLLATE utf8_bin;

CREATE TABLE ACT_RU_EVENT_SUBSCR (
	ID_ varchar(64) NOT NULL,
	REV_ integer,
	EVENT_TYPE_ varchar(255) NOT NULL,
	EVENT_NAME_ varchar(255),
	EXECUTION_ID_ varchar(64),
	PROC_INST_ID_ varchar(64),
	ACTIVITY_ID_ varchar(64),
	CONFIGURATION_ varchar(255),
	CREATED_ timestamp NOT NULL,
	PRIMARY KEY (ID_)
) ENGINE=InnoDB DEFAULT CHARSET=utf8 COLLATE utf8_bin;

CREATE INDEX ACT_IDX_EXEC_BUSKEY ON ACT_RU_EXECUTION(BUSINESS_KEY_);
CREATE INDEX ACT_IDX_TASK_CREATE ON ACT_RU_TASK(CREATE_TIME_);
CREATE INDEX ACT_IDX_IDENT_LNK_USER ON ACT_RU_IDENTITYLINK(USER_ID_);
CREATE INDEX ACT_IDX_IDENT_LNK_GROUP ON ACT_RU_IDENTITYLINK(GROUP_ID_);
CREATE INDEX ACT_IDX_EVENT_SUBSCR_CONFIG_ ON ACT_RU_EVENT_SUBSCR(CONFIGURATION_);
CREATE INDEX ACT_IDX_VARIABLE_TASK_ID ON ACT_RU_VARIABLE(TASK_ID_);
CREATE INDEX ACT_IDX_ATHRZ_PROCEDEF ON ACT_RU_IDENTITYLINK(PROC_DEF_ID_);

ALTER TABLE ACT_GE_BYTEARRAY
	ADD CONSTRAINT ACT_FK_BYTEARR_DEPL 
	FOREIGN KEY (DEPLOYMENT_ID_) 
	REFERENCES ACT_RE_DEPLOYMENT (ID_);

ALTER TABLE ACT_RE_PROCDEF
	ADD CONSTRAINT ACT_UNIQ_PROCDEF
	UNIQUE (KEY_,VERSION_);
	
ALTER TABLE ACT_RU_EXECUTION
	ADD CONSTRAINT ACT_FK_EXE_PROCINST 
	FOREIGN KEY (PROC_INST_ID_) 
	REFERENCES ACT_RU_EXECUTION (ID_) ON DELETE CASCADE ON UPDATE CASCADE;

ALTER TABLE ACT_RU_EXECUTION
	ADD CONSTRAINT ACT_FK_EXE_PARENT 
	FOREIGN KEY (PARENT_ID_) 
	REFERENCES ACT_RU_EXECUTION (ID_);
	
ALTER TABLE ACT_RU_EXECUTION
	ADD CONSTRAINT ACT_FK_EXE_SUPER 
	FOREIGN KEY (SUPER_EXEC_) 
	REFERENCES ACT_RU_EXECUTION (ID_);
	
ALTER TABLE ACT_RU_IDENTITYLINK
	ADD CONSTRAINT ACT_FK_TSKASS_TASK 
	FOREIGN KEY (TASK_ID_) 
	REFERENCES ACT_RU_TASK (ID_);
	
ALTER TABLE ACT_RU_IDENTITYLINK
	ADD CONSTRAINT ACT_FK_ATHRZ_PROCEDEF 
	FOREIGN KEY (PROC_DEF_ID_) 
	REFERENCES ACT_RE_PROCDEF(ID_);
	
ALTER TABLE ACT_RU_TASK
	ADD CONSTRAINT ACT_FK_TASK_EXE
	FOREIGN KEY (EXECUTION_ID_)
	REFERENCES ACT_RU_EXECUTION (ID_);
	
ALTER TABLE ACT_RU_TASK
	ADD CONSTRAINT ACT_FK_TASK_PROCINST
	FOREIGN KEY (PROC_INST_ID_)
	REFERENCES ACT_RU_EXECUTION (ID_);
	
ALTER TABLE ACT_RU_TASK
	ADD CONSTRAINT ACT_FK_TASK_PROCDEF
	FOREIGN KEY (PROC_DEF_ID_)
	REFERENCES ACT_RE_PROCDEF (ID_);
  
ALTER TABLE ACT_RU_VARIABLE 
	ADD CONSTRAINT ACT_FK_VAR_EXE 
	FOREIGN KEY (EXECUTION_ID_) 
	REFERENCES ACT_RU_EXECUTION (ID_);

ALTER TABLE ACT_RU_VARIABLE
	ADD CONSTRAINT ACT_FK_VAR_PROCINST
	FOREIGN KEY (PROC_INST_ID_)
	REFERENCES ACT_RU_EXECUTION(ID_);

ALTER TABLE ACT_RU_VARIABLE 
	ADD CONSTRAINT ACT_FK_VAR_BYTEARRAY 
	FOREIGN KEY (BYTEARRAY_ID_) 
	REFERENCES ACT_GE_BYTEARRAY (ID_);

ALTER TABLE ACT_RU_JOB 
	ADD CONSTRAINT ACT_FK_JOB_EXCEPTION 
	FOREIGN KEY (EXCEPTION_STACK_ID_) 
	REFERENCES ACT_GE_BYTEARRAY (ID_);

ALTER TABLE ACT_RU_EVENT_SUBSCR
	ADD CONSTRAINT ACT_FK_EVENT_EXEC
	FOREIGN KEY (EXECUTION_ID_)
	REFERENCES ACT_RU_EXECUTION(ID_);
