DROP DATABASE IF EXISTS openiam;

/* Creates the DB and initial user account and privleges */

CREATE database openiam DEFAULT CHARACTER SET utf8
CHARACTER SET = utf8;
USE openiam;

DELIMITER $$

DROP PROCEDURE IF EXISTS dropIdmUser$$

CREATE PROCEDURE dropIdmUser()
	BEGIN

		IF ((SELECT count(*) FROM mysql.user WHERE USER='idmuser' AND HOST='localhost') > 0) THEN
			DROP USER 'idmuser'@'localhost';
		END IF;

	END$$
DELIMITER ;

call dropIdmUser();

DROP PROCEDURE dropIdmUser;

CREATE USER 'idmuser'@'localhost' IDENTIFIED BY 'idmuser';
GRANT ALL ON *.* TO 'idmuser'@'localhost'; 

/* enable remote access to the database */
GRANT ALL ON openiam.* TO idmuser@'*' IDENTIFIED BY 'idmuser';
USE openiam;

/* Creates the database schema */

CREATE TABLE ADDRESS (
	ADDRESS_ID varchar(32) NOT NULL,
	NAME varchar(100) DEFAULT NULL,
	COUNTRY varchar(100) DEFAULT NULL,
	BLDG_NUM varchar(100) DEFAULT NULL,
	STREET_DIRECTION varchar(20) DEFAULT NULL,
	SUITE varchar(20) DEFAULT NULL,
	ADDRESS1 varchar(45) DEFAULT NULL,
	ADDRESS2 varchar(45) DEFAULT NULL,
	ADDRESS3 varchar(45) DEFAULT NULL,
	ADDRESS4 varchar(45) DEFAULT NULL,
	ADDRESS5 varchar(45) DEFAULT NULL,
	ADDRESS6 varchar(45) DEFAULT NULL,
	ADDRESS7 varchar(45) DEFAULT NULL,
	CITY varchar(100) DEFAULT NULL,
	STATE varchar(100) DEFAULT NULL,
	POSTAL_CD varchar(100) DEFAULT NULL,
	IS_DEFAULT char(1) DEFAULT 'N',
	DESCRIPTION varchar(100) DEFAULT NULL,
	ACTIVE char(1) DEFAULT 'Y',
	PARENT_ID varchar(32) DEFAULT NULL,
	LAST_UPDATE timestamp NULL DEFAULT NULL,
	CREATE_DATE timestamp NULL DEFAULT CURRENT_TIMESTAMP,
	TYPE_ID varchar(32) NOT NULL,
	PRIMARY KEY (ADDRESS_ID),
	KEY ADDRESS_USER_FK (PARENT_ID),
	KEY ADDRESS_TYPE_FK (TYPE_ID)
) ENGINE=InnoDB DEFAULT CHARSET=utf8;

DELIMITER ;;

CREATE TRIGGER ON_ADDRESS_INSERT 
BEFORE 
INSERT ON ADDRESS 
	FOR EACH ROW
	BEGIN
		SET NEW.CREATE_DATE = NOW();
		SET NEW.LAST_UPDATE = NOW();
	END ;;


CREATE TRIGGER ON_ADDRESS_UPDATE
BEFORE 
UPDATE ON ADDRESS 
	FOR EACH ROW
	BEGIN
		SET NEW.LAST_UPDATE = NOW();
	END ;;

DELIMITER ;


CREATE TABLE APPROVER_ASSOC (
	APPROVER_ASSOC_ID varchar(32) NOT NULL,
	REQUEST_TYPE varchar(32) DEFAULT NULL,
	APPROVER_LEVEL int(11) DEFAULT '1',
	ASSOCIATION_TYPE varchar(20) DEFAULT NULL,
	ASSOCIATION_ENTITY_ID varchar(32) DEFAULT NULL,
	ON_APPROVE_ENTITY_ID varchar(32) DEFAULT NULL,
	ON_REJECT_ENTITY_ID varchar(32) DEFAULT NULL,
	ON_APPROVE_ENTITY_TYPE varchar(20) DEFAULT NULL,
	ON_REJECT_ENTITY_TYPE varchar(20) DEFAULT NULL,
	APPROVER_ENTITY_TYPE varchar(20) DEFAULT NULL,
	APPROVER_ENTITY_ID varchar(32) DEFAULT NULL,
	APPLY_DELEGATION_FILTER char(1) NOT NULL DEFAULT 'N',
	PRIMARY KEY (APPROVER_ASSOC_ID)
) ENGINE=InnoDB DEFAULT CHARSET=utf8;


CREATE TABLE ATTRIBUTE_MAP (
	ATTRIBUTE_MAP_ID varchar(32) NOT NULL,
	MANAGED_SYS_ID varchar(32) DEFAULT NULL,
	RESOURCE_ID varchar(32) DEFAULT NULL,
	MAP_FOR_OBJECT_TYPE varchar(20) DEFAULT 'USER',
	ATTRIBUTE_NAME varchar(50) DEFAULT NULL,
	TARGET_ATTRIBUTE_NAME varchar(50) DEFAULT NULL,
	AUTHORITATIVE_SRC int(11) DEFAULT '0',
	ATTRIBUTE_POLICY_ID varchar(32) DEFAULT NULL,
	RULE_TEXT text,
	STATUS varchar(20) DEFAULT 'ACTIVE',
	START_DATE date DEFAULT NULL,
	END_DATE date DEFAULT NULL,
	STORE_IN_IAMDB int(11) DEFAULT '0',
	DATA_TYPE varchar(20) DEFAULT NULL,
	DEFAULT_VALUE varchar(32) DEFAULT NULL,
	SYNCH_CONFIG_ID varchar(32) DEFAULT NULL,
	PRIMARY KEY (ATTRIBUTE_MAP_ID)
) ENGINE=InnoDB DEFAULT CHARSET=utf8;


CREATE TABLE AUTH_ATTRIBUTE (
	AUTH_ATTRIBUTE_ID varchar(32) NOT NULL,
	ATTRIBUTE_NAME varchar(100) NOT NULL,
	PROVIDER_TYPE varchar(32) NOT NULL,
	DESCRIPTION varchar(255) DEFAULT NULL,
	REQUIRED char(1) DEFAULT 'N',
	DATA_TYPE varchar(20) NOT NULL DEFAULT 'singleValue',
	DEFAULT_VALUE varchar(255) DEFAULT NULL,
	PRIMARY KEY (AUTH_ATTRIBUTE_ID),
	UNIQUE KEY IDX_ATTRIBUTE_PT (ATTRIBUTE_NAME,PROVIDER_TYPE),
	KEY FK_PROVIDER_TYPE_ATTRIBUTE (PROVIDER_TYPE)
) ENGINE=InnoDB DEFAULT CHARSET=utf8;


CREATE TABLE AUTH_LEVEL (
	AUTH_LEVEL_ID varchar(32) NOT NULL,
	AUTH_LEVEL_NAME varchar(100) NOT NULL,
	AUTH_LEVEL_DIG int(3) NOT NULL,
	PRIMARY KEY (AUTH_LEVEL_ID),
	UNIQUE KEY UNIQUE_AUTH_LEVEL_NAME (AUTH_LEVEL_NAME),
	UNIQUE KEY UNIQUE_AUTH_LEVEL_LEVEL (AUTH_LEVEL_DIG)
) ENGINE=InnoDB DEFAULT CHARSET=utf8;


CREATE TABLE AUTH_PROVIDER (
	PROVIDER_ID varchar(32) NOT NULL,
	PROVIDER_TYPE varchar(32) NOT NULL,
	MANAGED_SYS_ID varchar(32) NOT NULL,
	RESOURCE_ID varchar(32) NOT NULL,
	NAME varchar(50) NOT NULL,
	DESCRIPTION varchar(255) DEFAULT NULL,
	SIGN_REQUEST char(1) NOT NULL DEFAULT 'N',
	PUBLIC_KEY blob,
	PRIVATE_KEY blob,
	PRIMARY KEY (PROVIDER_ID),
	KEY FK_PROVIDER_TYPE_PROVIDER (PROVIDER_TYPE),
	KEY FK_MNG_AUTH_PROVIDER (MANAGED_SYS_ID),
	KEY FK_RES_AUTH_PROVIDER (RESOURCE_ID)
) ENGINE=InnoDB DEFAULT CHARSET=utf8;


CREATE TABLE AUTH_PROVIDER_ATTRIBUTE (
	PROVIDER_ATTRIBUTE_ID varchar(32) NOT NULL,
	PROVIDER_ID varchar(32) NOT NULL,
	AUTH_ATTRIBUTE_ID varchar(32) NOT NULL,
	VALUE varchar(255) NOT NULL,
	DATA_TYPE varchar(20) NOT NULL DEFAULT 'singleValue',
	PRIMARY KEY (PROVIDER_ATTRIBUTE_ID),
	UNIQUE KEY IDX_PROVIDER_ATTRIBUTE (PROVIDER_ID,AUTH_ATTRIBUTE_ID),
	KEY FK_PROVIDER_PROVIDER_ATTRIBUTE (PROVIDER_ID),
	KEY FK_PROVIDER_ATTRIBUTE (AUTH_ATTRIBUTE_ID)
) ENGINE=InnoDB DEFAULT CHARSET=utf8;


CREATE TABLE AUTH_PROVIDER_TYPE (
	PROVIDER_TYPE varchar(32) NOT NULL,
	DESCRIPTION varchar(40) DEFAULT NULL,
	ACTIVE char(1) DEFAULT 'Y',
	PRIMARY KEY (PROVIDER_TYPE)
) ENGINE=InnoDB DEFAULT CHARSET=utf8;


CREATE TABLE AUTH_RESOURCE_AM_ATTRIBUTE (
	REFLECTION_KEY varchar(255) NOT NULL,
	ATTRIBUTE_NAME varchar(100) NOT NULL,
	AM_RES_ATTRIBUTE_ID varchar(32) NOT NULL,
	PRIMARY KEY (AM_RES_ATTRIBUTE_ID),
	UNIQUE KEY REFLECTION_KEY_IDX (REFLECTION_KEY) 
) ENGINE=InnoDB DEFAULT CHARSET=utf8;


CREATE TABLE AUTH_RESOURCE_ATTRIBUTE_MAP (
	ATTRIBUTE_MAP_ID varchar(32) NOT NULL,
	PROVIDER_ID varchar(32) NOT NULL,
	TARGET_ATTRIBUTE_NAME varchar(100) NOT NULL,
	AM_RES_ATTRIBUTE_ID varchar(32) DEFAULT NULL,
	AM_POLICY_URL varchar(100) DEFAULT NULL,
	ATTRIBUTE_VALUE varchar(100) DEFAULT NULL,
	ATTRIBUTE_TYPE varchar(32) NOT NULL,
	PRIMARY KEY (ATTRIBUTE_MAP_ID),
	UNIQUE KEY IDX_PROVIDER_ATTRIBUTE (PROVIDER_ID,TARGET_ATTRIBUTE_NAME),
	KEY FK_AUTH_AM_ATTR (AM_RES_ATTRIBUTE_ID),
	KEY FK_PROVIDER_AUTH_RES_ATTR_MAP (PROVIDER_ID)
) ENGINE=InnoDB DEFAULT CHARSET=utf8;


CREATE TABLE AUTH_STATE (
	USER_ID varchar(32) NOT NULL,
	AUTH_STATE decimal(5,1) DEFAULT NULL,
	TOKEN varchar(2000) DEFAULT NULL,
	AA varchar(20) DEFAULT NULL,
	EXPIRATION decimal(18,0) DEFAULT NULL,
	LAST_LOGIN datetime DEFAULT NULL,
	IP_ADDRESS varchar(20) DEFAULT NULL,
	PRIMARY KEY (USER_ID)
) ENGINE=InnoDB DEFAULT CHARSET=utf8;


CREATE TABLE BATCH_CONFIG (
	TASK_ID varchar(32) NOT NULL,
	TASK_NAME varchar(50) DEFAULT NULL,
	LAST_EXEC_TIME datetime DEFAULT NULL,
	TASK_URL varchar(255) DEFAULT NULL,
	EXECUTION_ORDER int(11) DEFAULT '1',
	STATUS varchar(20) DEFAULT NULL,
	PARAM1 varchar(255) DEFAULT NULL,
	PARAM2 varchar(255) DEFAULT NULL,
	PARAM3 varchar(255) DEFAULT NULL,
	PARAM4 varchar(255) DEFAULT NULL,
	RULE_TYPE varchar(20) DEFAULT NULL,
	ENABLED char(1) NOT NULL DEFAULT 'N',
	LAST_MODIFIED_DATETIME datetime DEFAULT NULL,
	RUN_ON datetime DEFAULT NULL,
	CRON_EXPRESSION varchar(100) DEFAULT NULL,
	SPRING_BEAN varchar(100) DEFAULT NULL,
	SPRING_BEAN_METHOD varchar(100) DEFAULT NULL,
	PRIMARY KEY (TASK_ID)
) ENGINE=InnoDB DEFAULT CHARSET=utf8;

DELIMITER ;;

CREATE TRIGGER ON_BATCH_TASK_INSERT 
BEFORE 
INSERT ON BATCH_CONFIG 
	FOR EACH ROW
	BEGIN
		SET NEW.LAST_MODIFIED_DATETIME = NOW();
	END ;;


CREATE TRIGGER ON_BATCH_TASK_UPDATE
BEFORE 
UPDATE ON BATCH_CONFIG 
	FOR EACH ROW
	BEGIN
		SET NEW.LAST_MODIFIED_DATETIME = NOW();
	END ;;

DELIMITER ;


CREATE TABLE CATEGORY (
	CATEGORY_ID varchar(32) NOT NULL,
	PARENT_ID varchar(32) DEFAULT NULL,
	CATEGORY_NAME varchar(40) DEFAULT NULL,
	CATEGORY_DESC varchar(80) DEFAULT NULL,
	CREATE_DATE datetime DEFAULT NULL,
	CREATED_BY varchar(20) DEFAULT NULL,
	SHOW_LIST int(11) DEFAULT '0',
	DISPLAY_ORDER int(11) DEFAULT '0',
	PRIMARY KEY (CATEGORY_ID)
) ENGINE=InnoDB DEFAULT CHARSET=utf8;


CREATE TABLE CATEGORY_LANGUAGE (
	CATEGORY_ID varchar(32) NOT NULL,
	LANGUAGE_ID varchar(32) NOT NULL,
	CATEGORY_NAME varchar(40) DEFAULT NULL,
	PRIMARY KEY (CATEGORY_ID,LANGUAGE_ID),
	KEY FK_CATEGORY_LANGUAGE_LANGUAGE (LANGUAGE_ID)
) ENGINE=InnoDB DEFAULT CHARSET=utf8;


CREATE TABLE CATEGORY_TYPE (
	CATEGORY_ID varchar(32) NOT NULL,
	TYPE_ID varchar(32) NOT NULL,
	PRIMARY KEY (TYPE_ID,CATEGORY_ID),
	KEY FK_CATEGORY_TYPE_CATEGORY (CATEGORY_ID)
) ENGINE=InnoDB DEFAULT CHARSET=utf8;


CREATE TABLE COMPANY (
	COMPANY_ID varchar(32) NOT NULL,
	COMPANY_NAME varchar(200) DEFAULT NULL,
	LST_UPDATE datetime DEFAULT NULL,
	LST_UPDATED_BY varchar(40) DEFAULT NULL,
	PARENT_ID varchar(32) DEFAULT NULL,
	STATUS varchar(20) DEFAULT NULL,
	CREATE_DATE datetime DEFAULT NULL,
	CREATED_BY varchar(40) DEFAULT NULL,
	ALIAS varchar(200) DEFAULT NULL,
	DESCRIPTION varchar(200) DEFAULT NULL,
	DOMAIN_NAME varchar(250) DEFAULT NULL,
	LDAP_STR varchar(255) DEFAULT NULL,
	CLASSIFICATION varchar(40) DEFAULT NULL,
	INTERNAL_COMPANY_ID varchar(200) DEFAULT NULL,
	ABBREVIATION varchar(20) DEFAULT NULL,
	SYMBOL varchar(10) DEFAULT NULL,
	ORG_TYPE_ID varchar(32) DEFAULT NULL,
	PRIMARY KEY (COMPANY_ID),
	KEY COMPANY_ORG_TYPE_FK (ORG_TYPE_ID)
) ENGINE=InnoDB DEFAULT CHARSET=utf8;


CREATE TABLE COMPANY_ATTRIBUTE (
	COMPANY_ATTR_ID varchar(32) NOT NULL,
	COMPANY_ID varchar(32) NOT NULL,
	NAME varchar(100) DEFAULT NULL,
	VALUE varchar(255) DEFAULT NULL,
	METADATA_ID varchar(32) DEFAULT NULL,
	PRIMARY KEY (COMPANY_ATTR_ID),
	KEY FK_COMPANY_ATTRIBUTE_COMPANY (COMPANY_ID),
	KEY FK_COMPANY_METADATA_ELEMENT (METADATA_ID)
) ENGINE=InnoDB DEFAULT CHARSET=utf8;


CREATE TABLE COMPANY_TO_COMPANY_MEMBERSHIP (
	COMPANY_ID varchar(32) NOT NULL,
	MEMBER_COMPANY_ID varchar(32) NOT NULL,
	CREATE_DATE timestamp NULL DEFAULT NULL,
	UPDATE_DATE timestamp NULL DEFAULT NULL,
	CREATED_BY varchar(32) DEFAULT NULL,
	UPDATED_BY varchar(32) DEFAULT NULL,
	UNIQUE KEY COMPANY_ID (COMPANY_ID,MEMBER_COMPANY_ID),
	KEY COMPANY_COMPANY_PARENT (MEMBER_COMPANY_ID)
) ENGINE=InnoDB DEFAULT CHARSET=utf8;

DELIMITER ;;

CREATE TRIGGER ON_COMPANY_XREF_INSERT
BEFORE
INSERT ON COMPANY_TO_COMPANY_MEMBERSHIP
	FOR EACH ROW
	BEGIN
		SET NEW.CREATE_DATE = NOW();
		SET NEW.UPDATE_DATE = NOW();
	END ;;

DELIMITER ;


CREATE TABLE CONTENT_PROVIDER (
	CONTENT_PROVIDER_ID varchar(32) NOT NULL,
	CONTENT_PROVIDER_NAME varchar(100) NOT NULL,
	IS_PUBLIC char(1) NOT NULL DEFAULT 'N',
	MIN_AUTH_LEVEL varchar(32) NOT NULL,
	DOMAIN_PATTERN varchar(100) NOT NULL,
	IS_SSL char(1) DEFAULT NULL,
	RESOURCE_ID varchar(32) NOT NULL,
	MANAGED_SYS_ID varchar(32) NOT NULL,
	PRIMARY KEY (CONTENT_PROVIDER_ID),
	UNIQUE KEY UNIQUE_CP_NAME (CONTENT_PROVIDER_NAME),
	UNIQUE KEY UNIQUE_CP_PATTERN (DOMAIN_PATTERN,IS_SSL),
	KEY CP_AUTH_LEVEL_FK (MIN_AUTH_LEVEL),
	KEY CP_RES_FK (RESOURCE_ID),
	KEY FK_CP_MANAGED_SYS (MANAGED_SYS_ID)
) ENGINE=InnoDB DEFAULT CHARSET=utf8;


CREATE TABLE CONTENT_PROVIDER_SERVER (
	CONTENT_PROVIDER_SERVER_ID varchar(32) NOT NULL,
	CONTENT_PROVIDER_ID varchar(32) NOT NULL,
	SERVER_URL varchar(100) NOT NULL,
	PRIMARY KEY (CONTENT_PROVIDER_SERVER_ID),
	UNIQUE KEY UNIQUE_CP_SERVER (CONTENT_PROVIDER_ID,SERVER_URL)
) ENGINE=InnoDB DEFAULT CHARSET=utf8;


CREATE TABLE CREDENTIALS (
	USER_ID varchar(32) NOT NULL,
	CREDENTIAL_TYPE varchar(20) NOT NULL,
	VALUE varchar(100) DEFAULT NULL,
	IS_PUBLIC bit(1) DEFAULT NULL,
	PRIMARY KEY (USER_ID,CREDENTIAL_TYPE)
) ENGINE=InnoDB DEFAULT CHARSET=utf8;


CREATE TABLE DEF_RECON_ATTR_MAP (
	DEF_ATTR_MAP_ID varchar(32) NOT NULL,
	DEF_ATTR_MAP_NAME varchar(100) NOT NULL,
	PRIMARY KEY (DEF_ATTR_MAP_ID)
) ENGINE=InnoDB DEFAULT CHARSET=utf8;


CREATE TABLE EMAIL_ADDRESS (
	EMAIL_ID varchar(32) NOT NULL,
	NAME varchar(100) DEFAULT NULL,
	DESCRIPTION varchar(100) DEFAULT NULL,
	EMAIL_ADDRESS varchar(320) DEFAULT NULL,
	IS_DEFAULT char(1) DEFAULT 'N',
	ACTIVE char(1) DEFAULT 'Y',
	PARENT_ID varchar(32) DEFAULT NULL,
	LAST_UPDATE timestamp NULL DEFAULT NULL,
	CREATE_DATE timestamp NULL DEFAULT CURRENT_TIMESTAMP,
	TYPE_ID varchar(32) NOT NULL,
	PRIMARY KEY (EMAIL_ID),
	KEY EMAIL_ADDRESS_USER_FK (PARENT_ID),
	KEY EMAIL_ADDRESS_TYPE_FK (TYPE_ID)
) ENGINE=InnoDB DEFAULT CHARSET=utf8;

DELIMITER ;;

CREATE TRIGGER ON_EMAIL_INSERT 
BEFORE 
INSERT ON EMAIL_ADDRESS 
	FOR EACH ROW
	BEGIN
		SET NEW.CREATE_DATE = NOW();
		SET NEW.LAST_UPDATE = NOW();
	END ;;


CREATE TRIGGER ON_EMAIL_UPDATE
BEFORE 
UPDATE ON EMAIL_ADDRESS 
	FOR EACH ROW
	BEGIN
		SET NEW.LAST_UPDATE = NOW();
	END ;;

DELIMITER ;


CREATE TABLE ENTITLEMENT (
	ENTITLEMENT_ID varchar(32) NOT NULL,
	ENTITLEMENT_NAME varchar(40) DEFAULT NULL,
	ENTITLEMENT_VALUE varchar(80) DEFAULT NULL,
	DESCRIPTION varchar(255) DEFAULT NULL,
	CREATE_DATE datetime DEFAULT NULL,
	CREATED_BY varchar(20) DEFAULT NULL,
	PRIMARY KEY (ENTITLEMENT_ID)
) ENGINE=InnoDB DEFAULT CHARSET=utf8;


CREATE TABLE EXCLUDE_WORD_LIST (
	WORD varchar(30) NOT NULL,
	LANGUAGE_ID varchar(32) NOT NULL,
	PRIMARY KEY (WORD,LANGUAGE_ID),
	KEY FK_EXCLUDE_WORD_LIST_LANGUAGE (LANGUAGE_ID)
) ENGINE=InnoDB DEFAULT CHARSET=utf8;


CREATE TABLE GRP (
	GRP_ID varchar(32) NOT NULL,
	GRP_NAME varchar(80) NOT NULL,
	CREATE_DATE datetime DEFAULT NULL,
	CREATED_BY varchar(20) DEFAULT NULL,
	COMPANY_ID varchar(32) DEFAULT NULL,
	GROUP_DESC varchar(80) DEFAULT NULL,
	STATUS varchar(20) DEFAULT NULL,
	LAST_UPDATE datetime DEFAULT NULL,
	LAST_UPDATED_BY varchar(32) DEFAULT NULL,
	MANAGED_SYS_ID varchar(32) DEFAULT NULL,
	PRIMARY KEY (GRP_ID),
	UNIQUE KEY GRP_NAME (GRP_NAME),
	KEY GRP_MNG_SYS_FK (MANAGED_SYS_ID)
) ENGINE=InnoDB DEFAULT CHARSET=utf8;


CREATE TABLE GRP_ATTRIBUTES (
	ID varchar(32) NOT NULL,
	GRP_ID varchar(32) NOT NULL,
	METADATA_ID varchar(20) DEFAULT NULL,
	NAME varchar(20) DEFAULT NULL,
	VALUE varchar(255) DEFAULT NULL,
	PRIMARY KEY (ID),
	KEY GRP_ID (GRP_ID),
	KEY GRP_ATTR_META_ELMT_FK (METADATA_ID)
) ENGINE=InnoDB DEFAULT CHARSET=utf8;


CREATE TABLE GRP_ROLE (
	GRP_ID varchar(32) NOT NULL,
	ROLE_ID varchar(32) NOT NULL,
	PRIMARY KEY (GRP_ID,ROLE_ID),
	KEY FK_GRP_ROLE_ROLE (ROLE_ID)
) ENGINE=InnoDB DEFAULT CHARSET=utf8;


CREATE TABLE IDENTITY_QUESTION (
	IDENTITY_QUESTION_ID varchar(32) NOT NULL,
	IDENTITY_QUEST_GRP_ID varchar(32) DEFAULT NULL,
	QUESTION_TEXT varchar(255) DEFAULT NULL,
	ACTIVE char(1) DEFAULT 'Y',
	PRIMARY KEY (IDENTITY_QUESTION_ID),
	KEY ID_QU_IDEN_QUEST_GRP_FK (IDENTITY_QUEST_GRP_ID)
) ENGINE=InnoDB DEFAULT CHARSET=utf8;


CREATE TABLE IDENTITY_QUEST_GRP (
	IDENTITY_QUEST_GRP_ID varchar(32) NOT NULL,
	NAME varchar(60) DEFAULT NULL,
	STATUS varchar(20) DEFAULT NULL,
	COMPANY_OWNER_ID varchar(32) DEFAULT NULL,
	CREATE_DATE datetime DEFAULT NULL,
	CREATED_BY varchar(20) DEFAULT NULL,
	LAST_UPDATE datetime DEFAULT NULL,
	LAST_UPDATED_BY varchar(20) DEFAULT NULL,
	PRIMARY KEY (IDENTITY_QUEST_GRP_ID)
) ENGINE=InnoDB DEFAULT CHARSET=utf8;


CREATE TABLE IMAGE (
	IMAGE_ID varchar(20) NOT NULL,
	IMAGE_FILE varchar(80) DEFAULT NULL,
	IMAGE_TYPE varchar(20) DEFAULT NULL,
	DESCRIPTION varchar(250) DEFAULT NULL,
	MIME_TYPE varchar(30) DEFAULT NULL,
	URL varchar(100) DEFAULT NULL,
	FILE_SIZE int(11) DEFAULT NULL,
	IMAGE_BLOB blob,
	PRIMARY KEY (IMAGE_ID)
) ENGINE=InnoDB DEFAULT CHARSET=utf8;


CREATE TABLE IT_POLICY (
	IT_POLICY_ID varchar(32) COLLATE utf8_bin NOT NULL,
	APPROVE_TYPE varchar(64) COLLATE utf8_bin NOT NULL DEFAULT 'Once',
	ACTIVE char(1) COLLATE utf8_bin NOT NULL DEFAULT 'N',
	CREATE_DATE timestamp NULL DEFAULT NULL,
	UPDATE_DATE timestamp NULL DEFAULT NULL,
	CREATED_BY varchar(32) COLLATE utf8_bin DEFAULT NULL,
	UPDATED_BY varchar(32) COLLATE utf8_bin DEFAULT NULL,
	POLICY_CONTENT longtext COLLATE utf8_bin,
	CONFIRMATION varchar(255) COLLATE utf8_bin DEFAULT NULL,
	PRIMARY KEY (IT_POLICY_ID)
) ENGINE=InnoDB DEFAULT CHARSET=utf8 COLLATE=utf8_bin;


CREATE TABLE LANGUAGE (
	ID varchar(32) NOT NULL,
	LANGUAGE varchar(20) DEFAULT NULL,
	IS_USED varchar(1) NOT NULL DEFAULT 'N',
	LANGUAGE_CODE varchar(2) NOT NULL,
	IS_DEFAULT char(1) NOT NULL DEFAULT 'N',
	PRIMARY KEY (ID)
) ENGINE=InnoDB DEFAULT CHARSET=utf8;


CREATE TABLE LANGUAGE_LOCALE (
	ID varchar(32) NOT NULL,
	LANGUAGE_ID varchar(32) NOT NULL,
	LOCALE varchar(32) NOT NULL,
	UNIQUE KEY LANGUAGE_LOCALE_UNIQUE (LOCALE),
	KEY LANGUAGE_LOCALE_LANGUAGE_FK (LANGUAGE_ID)
) ENGINE=InnoDB DEFAULT CHARSET=utf8;


CREATE TABLE LANGUAGE_MAPPING (
	ID varchar(32) NOT NULL,
	LANGUAGE_ID varchar(32) NOT NULL,
	REFERENCE_ID varchar(32) NOT NULL,
	REFERENCE_TYPE varchar(100) NOT NULL,
	TEXT_VALUE varchar(400) NOT NULL,
	PRIMARY KEY (ID),
	UNIQUE KEY LANGUAGE_MAPPING_UNIQUE (LANGUAGE_ID,REFERENCE_ID,REFERENCE_TYPE)
) ENGINE=InnoDB DEFAULT CHARSET=utf8;


CREATE TABLE LOCATION (
	LOCATION_ID varchar(32) NOT NULL,
	NAME varchar(80) DEFAULT NULL,
	DESCRIPTION varchar(255) DEFAULT NULL,
	COUNTRY varchar(30) DEFAULT NULL,
	BLDG_NUM varchar(10) DEFAULT NULL,
	STREET_DIRECTION varchar(20) DEFAULT NULL,
	ADDRESS1 varchar(45) DEFAULT NULL,
	ADDRESS2 varchar(45) DEFAULT NULL,
	ADDRESS3 varchar(45) DEFAULT NULL,
	CITY varchar(30) DEFAULT NULL,
	STATE varchar(15) DEFAULT NULL,
	POSTAL_CD varchar(10) DEFAULT NULL,
	ORGANIZATION_ID varchar(32) DEFAULT NULL,
	INTERNAL_LOCATION_ID varchar(32) DEFAULT NULL,
	ACTIVE int(11) DEFAULT '1',
	SENSITIVE_LOCATION int(11) DEFAULT '0',
	PRIMARY KEY (LOCATION_ID)
) ENGINE=InnoDB DEFAULT CHARSET=utf8;


CREATE TABLE LOGIN (
	SERVICE_ID varchar(20) NOT NULL,
	LOGIN varchar(320) CHARACTER SET latin1 NOT NULL,
	MANAGED_SYS_ID varchar(32) NOT NULL,
	IDENTITY_TYPE varchar(20) DEFAULT NULL,
	CANONICAL_NAME varchar(100) DEFAULT NULL,
	USER_ID varchar(32) DEFAULT NULL,
	PASSWORD varchar(255) DEFAULT NULL,
	PWD_EQUIVALENT_TOKEN varchar(255) DEFAULT NULL,
	PWD_CHANGED datetime DEFAULT NULL,
	PWD_EXP datetime DEFAULT NULL,
	RESET_PWD int(11) NOT NULL DEFAULT '0',
	FIRST_TIME_LOGIN int(11) NOT NULL DEFAULT '1',
	IS_LOCKED int(11) NOT NULL DEFAULT '0',
	STATUS varchar(20) DEFAULT NULL,
	GRACE_PERIOD datetime DEFAULT NULL,
	CREATE_DATE datetime DEFAULT NULL,
	CREATED_BY varchar(32) DEFAULT NULL,
	CURRENT_LOGIN_HOST varchar(40) DEFAULT NULL,
	AUTH_FAIL_COUNT int(11) NOT NULL DEFAULT '0',
	LAST_AUTH_ATTEMPT datetime DEFAULT NULL,
	LAST_LOGIN datetime DEFAULT NULL,
	LAST_LOGIN_IP varchar(60) DEFAULT NULL,
	PREV_LOGIN datetime DEFAULT NULL,
	PREV_LOGIN_IP varchar(60) DEFAULT NULL,
	IS_DEFAULT int(11) DEFAULT '0',
	PWD_CHANGE_COUNT int(11) DEFAULT '0',
	PSWD_RESET_TOKEN varchar(80) DEFAULT NULL,
	PSWD_RESET_TOKEN_EXP datetime DEFAULT NULL,
	LOGIN_ID varchar(32) NOT NULL DEFAULT '',
	LAST_UPDATE timestamp NULL DEFAULT NULL,
	LOWERCASE_LOGIN varchar(320) NOT NULL,
	PRIMARY KEY (LOGIN_ID),
	UNIQUE KEY UNIQUE_LOGIN (LOGIN,MANAGED_SYS_ID,SERVICE_ID),
	KEY login_user_indx (USER_ID),
	KEY FK_LOGIN_SERVICE (SERVICE_ID)
) ENGINE=InnoDB DEFAULT CHARSET=utf8;

DELIMITER ;;

CREATE TRIGGER ON_LOGIN_INSERT 
BEFORE 
INSERT ON LOGIN 
	FOR EACH ROW
	BEGIN
		SET NEW.CREATE_DATE = NOW();
		SET NEW.LAST_UPDATE = NOW();
	END ;;


CREATE TRIGGER ON_LOGIN_UPDATE
BEFORE 
UPDATE ON LOGIN 
	FOR EACH ROW
	BEGIN
		SET NEW.LAST_UPDATE = NOW();
	END ;;

DELIMITER ;


CREATE TABLE LOGIN_ATTRIBUTE (
	LOGIN_ATTR_ID varchar(32) NOT NULL,
	NAME varchar(20) DEFAULT NULL,
	VALUE varchar(255) DEFAULT NULL,
	METADATA_ID varchar(20) DEFAULT NULL,
	ATTR_GROUP varchar(20) DEFAULT NULL,
	LOGIN_ID varchar(32) NOT NULL,
	PRIMARY KEY (LOGIN_ATTR_ID),
	KEY LOGIN_ID_LOGIN_ATTR_FK (LOGIN_ID)
) ENGINE=InnoDB DEFAULT CHARSET=utf8;


CREATE TABLE MANAGED_SYS (
	MANAGED_SYS_ID varchar(32) NOT NULL,
	NAME varchar(40) DEFAULT NULL,
	DESCRIPTION varchar(80) DEFAULT NULL,
	STATUS varchar(20) DEFAULT NULL,
	CONNECTOR_ID varchar(32) DEFAULT NULL,
	DOMAIN_ID varchar(20) DEFAULT NULL,
	HOST_URL varchar(80) DEFAULT NULL,
	APPL_URL varchar(80) DEFAULT NULL,
	PORT int(11) DEFAULT NULL,
	COMM_PROTOCOL varchar(20) DEFAULT NULL,
	USER_ID varchar(150) DEFAULT NULL,
	PSWD varchar(255) DEFAULT NULL,
	START_DATE date DEFAULT NULL,
	END_DATE date DEFAULT NULL,
	RESOURCE_ID varchar(32) DEFAULT NULL,
	PRIMARY_REPOSITORY int(11) DEFAULT NULL,
	SECONDARY_REPOSITORY_ID varchar(32) DEFAULT NULL,
	ALWAYS_UPDATE_SECONDARY int(11) DEFAULT NULL,
	RES_DEPENDENCY varchar(32) DEFAULT NULL,
	ADD_HNDLR varchar(100) DEFAULT NULL,
	MODIFY_HNDLR varchar(100) DEFAULT NULL,
	DELETE_HNDLR varchar(100) DEFAULT NULL,
	SETPASS_HNDLR varchar(100) DEFAULT NULL,
	SUSPEND_HNDLR varchar(100) DEFAULT NULL,
	SEARCH_HNDLR varchar(100) DEFAULT NULL,
	LOOKUP_HNDLR varchar(100) DEFAULT NULL,
	TEST_CONNECTION_HNDLR varchar(100) DEFAULT NULL,
	RECONCILE_RESOURCE_HNDLR varchar(100) DEFAULT NULL,
	HNDLR_5 varchar(100) DEFAULT NULL,
	DRIVER_URL varchar(100) DEFAULT NULL,
	CONNECTION_STRING varchar(100) DEFAULT NULL,
	ATTRIBUTE_NAMES_LOOKUP varchar(120) DEFAULT NULL,
	ATTRIBUTE_NAMES_HNDLR varchar(100) DEFAULT NULL,
	SEARCH_SCOPE int(11) NOT NULL DEFAULT '2',
	PRIMARY KEY (MANAGED_SYS_ID),
	KEY FK_MNG_SYS_PROV_CON (CONNECTOR_ID)
) ENGINE=InnoDB DEFAULT CHARSET=utf8;


CREATE TABLE MANAGED_SYS_ATTRIBUTE (
	MNG_SYS_ATTR_ID varchar(32) NOT NULL,
	NAME varchar(60) DEFAULT NULL,
	VALUE1 varchar(255) DEFAULT NULL,
	VALUE2 varchar(255) DEFAULT NULL,
	MANAGED_SYS_ID varchar(32) DEFAULT NULL,
	PRIMARY KEY (MNG_SYS_ATTR_ID),
	KEY FK_MNG_MNG_ATTR (MANAGED_SYS_ID)
) ENGINE=InnoDB DEFAULT CHARSET=utf8;


CREATE TABLE MANAGED_SYS_RULE (
	MANAGED_SYS_RULE_ID varchar(32) NOT NULL,
	MANAGED_SYS_ID varchar(32) NOT NULL,
	MANAGED_SYS_RULE_NAME varchar(45) DEFAULT NULL,
	MANAGED_SYS_RULE_VALUE varchar(45) DEFAULT NULL,
	PRIMARY KEY (MANAGED_SYS_RULE_ID)
) ENGINE=InnoDB DEFAULT CHARSET=utf8;


CREATE TABLE MD_ELEMENT_VALID_VALUES (
	ID varchar(32) NOT NULL,
	METADATA_ELEMENT_ID varchar(32) NOT NULL,
	UI_VALUE varchar(200) NOT NULL,
	DISPLAY_ORDER int(11) NOT NULL,
	PRIMARY KEY (ID),
	KEY VALID_VALUES_ELEMENT_FK (METADATA_ELEMENT_ID)
) ENGINE=InnoDB DEFAULT CHARSET=utf8;


CREATE TABLE METADATA_ELEMENT (
	METADATA_ID varchar(32) NOT NULL,
	TYPE_ID varchar(32) NOT NULL,
	ATTRIBUTE_NAME varchar(50) DEFAULT NULL,
	DESCRIPTION varchar(40) DEFAULT NULL,
	DATA_TYPE varchar(20) DEFAULT NULL,
	AUDITABLE char(1) NOT NULL DEFAULT 'Y',
	REQUIRED char(1) NOT NULL DEFAULT 'N',
	SELF_EDITABLE char(1) NOT NULL DEFAULT 'N',
	TEMPLATE_ID varchar(32) DEFAULT NULL,
	RESOURCE_ID varchar(32) DEFAULT NULL,
	VALIDATOR varchar(150) DEFAULT NULL,
	STATIC_DEFAULT_VALUE varchar(400) DEFAULT NULL,
	IS_PUBLIC char(1) NOT NULL DEFAULT 'Y',
	PRIMARY KEY (METADATA_ID),
	KEY METADATA_ELEMENT_TEMPLATE_FK (TEMPLATE_ID),
	KEY METADATA_ELEMENT_RES_FK (RESOURCE_ID),
	KEY FK_MD_ELMT_TYPE_FK (TYPE_ID)
) ENGINE=InnoDB DEFAULT CHARSET=utf8;


CREATE TABLE METADATA_ELEMENT_PAGE_TEMPLATE (
	ID varchar(32) NOT NULL,
	NAME varchar(40) NOT NULL,
	RESOURCE_ID varchar(32) NOT NULL,
	IS_PUBLIC char(1) NOT NULL DEFAULT 'Y',
	TEMPLATE_TYPE_ID varchar(32) NOT NULL,
	PRIMARY KEY (ID),
	UNIQUE KEY PAGE_TEMPLATE_UNIQUE (NAME),
	KEY METADATA_PAGE_TEMPLATE_RES_FK (RESOURCE_ID),
	KEY TEMPLATE_TYPE_FK (TEMPLATE_TYPE_ID)
) ENGINE=InnoDB DEFAULT CHARSET=utf8;


CREATE TABLE METADATA_TYPE (
	TYPE_ID varchar(32) NOT NULL,
	DESCRIPTION varchar(40) DEFAULT NULL,
	ACTIVE char(1) NOT NULL DEFAULT 'N',
	SYNC_MANAGED_SYS char(1) NOT NULL DEFAULT 'N',
	GROUPING varchar(100) DEFAULT NULL,
	PRIMARY KEY (TYPE_ID)
) ENGINE=InnoDB DEFAULT CHARSET=utf8;


CREATE TABLE METADATA_URI_XREF (
	TEMPLATE_ID varchar(32) NOT NULL,
	URI_PATTERN_ID varchar(32) NOT NULL,
	KEY TEMPLATE_PATTERN_XREF_PATTERN_FK (URI_PATTERN_ID),
	KEY TEMPLETE_PATTERN_XREF_FK (TEMPLATE_ID)
) ENGINE=InnoDB DEFAULT CHARSET=utf8;


CREATE TABLE MNG_SYS_GROUP (
	MNG_SYS_GROUP_ID varchar(32) NOT NULL,
	MANAGED_SYS_ID varchar(32) NOT NULL,
	PRIMARY KEY (MANAGED_SYS_ID,MNG_SYS_GROUP_ID)
) ENGINE=InnoDB DEFAULT CHARSET=utf8;


CREATE TABLE MNG_SYS_LIST (
	MANAGED_SYS_ID varchar(32) NOT NULL,
	REQUEST_ID varchar(32) NOT NULL,
	PRIMARY KEY (MANAGED_SYS_ID,REQUEST_ID),
	KEY RefPROV_REQUEST951 (REQUEST_ID)
) ENGINE=InnoDB DEFAULT CHARSET=utf8;


CREATE TABLE MNG_SYS_OBJECT_MATCH (
	OBJECT_SEARCH_ID varchar(32) NOT NULL,
	MANAGED_SYS_ID varchar(32) NOT NULL,
	OBJECT_TYPE varchar(20) DEFAULT 'USER',
	MATCH_METHOD varchar(20) DEFAULT 'BASE_DN',
	BASE_DN varchar(200) DEFAULT NULL,
	SEARCH_BASE_DN varchar(200) DEFAULT NULL,
	SEARCH_FILTER varchar(1000) DEFAULT NULL,
	KEY_FIELD varchar(40) DEFAULT NULL,
	PRIMARY KEY (OBJECT_SEARCH_ID),
	KEY FK_MNG_SYS_OBJ_MATC (MANAGED_SYS_ID)
) ENGINE=InnoDB DEFAULT CHARSET=utf8;


CREATE TABLE NOTIFICATION_CONFIG (
	NOTIFICATION_CONFIG_ID varchar(32) NOT NULL,
	NAME varchar(40) DEFAULT NULL,
	SELECTION_PARAM_XML text,
	MSG_SUBJECT varchar(100) DEFAULT NULL,
	MSG_TEMPLATE_URL varchar(100) DEFAULT NULL,
	MSG_FROM varchar(100) DEFAULT NULL,
	MSG_BCC varchar(100) DEFAULT NULL,
	PRIMARY KEY (NOTIFICATION_CONFIG_ID)
) ENGINE=InnoDB DEFAULT CHARSET=utf8;


CREATE TABLE OPENIAM_LOG (
	OPENIAM_LOG_ID varchar(32) COLLATE utf8_bin NOT NULL,
	USER_ID varchar(32) COLLATE utf8_bin DEFAULT NULL,
	PRINCIPAL varchar(320) COLLATE utf8_bin DEFAULT NULL,
	MANAGED_SYS_ID varchar(32) COLLATE utf8_bin DEFAULT NULL,
	CREATED_DATETIME datetime DEFAULT NULL,
	SOURCE varchar(50) COLLATE utf8_bin DEFAULT NULL,
	CLIENT_IP varchar(50) COLLATE utf8_bin DEFAULT NULL,
	NODE_ID varchar(50) COLLATE utf8_bin DEFAULT NULL,
	LOG_ACTION varchar(50) COLLATE utf8_bin DEFAULT NULL,
	RESULT varchar(50) COLLATE utf8_bin DEFAULT NULL,
	SESSION_ID varchar(100) COLLATE utf8_bin DEFAULT NULL,
	HASH varchar(100) COLLATE utf8_bin NOT NULL,
	CORRELATION_ID varchar(32) COLLATE utf8_bin DEFAULT NULL,
	PRIMARY KEY (OPENIAM_LOG_ID)
) ENGINE=InnoDB DEFAULT CHARSET=utf8 COLLATE=utf8_bin;


CREATE TABLE OPENIAM_LOG_ATTRIBUTE (
	OPENIAM_LOG_ATTRIBUTE_ID varchar(32) COLLATE utf8_bin NOT NULL,
	OPENIAM_LOG_ID varchar(32) COLLATE utf8_bin NOT NULL,
	NAME varchar(100) COLLATE utf8_bin DEFAULT NULL,
	VALUE text COLLATE utf8_bin,
	CREATED_TIMESTAMP mediumtext COLLATE utf8_bin,
	PRIMARY KEY (OPENIAM_LOG_ATTRIBUTE_ID)
) ENGINE=InnoDB DEFAULT CHARSET=utf8 COLLATE=utf8_bin;


CREATE TABLE OPENIAM_LOG_LOG_MEMBERSHIP (
	OPENIAM_LOG_ID varchar(32) COLLATE utf8_bin NOT NULL,
	OPENIAM_MEMBER_LOG_ID varchar(32) COLLATE utf8_bin NOT NULL
) ENGINE=InnoDB DEFAULT CHARSET=utf8 COLLATE=utf8_bin;


CREATE TABLE OPENIAM_LOG_TARGET (
	OPENIAM_LOG_TARGET_ID varchar(32) COLLATE utf8_bin NOT NULL,
	OPENIAM_LOG_ID varchar(32) COLLATE utf8_bin NOT NULL,
	TARGET_ID varchar(32) COLLATE utf8_bin DEFAULT NULL,
	TARGET_TYPE varchar(70) COLLATE utf8_bin DEFAULT NULL,
	PRIMARY KEY (OPENIAM_LOG_TARGET_ID)
) ENGINE=InnoDB DEFAULT CHARSET=utf8 COLLATE=utf8_bin;


CREATE TABLE ORGANIZATION_TYPE (
	ORG_TYPE_ID varchar(32) NOT NULL,
	NAME varchar(100) NOT NULL,
	DESCRIPTION varchar(100) DEFAULT NULL,
	PRIMARY KEY (ORG_TYPE_ID),
	UNIQUE KEY UNIQUE_ORG_TYPE (NAME)
) ENGINE=InnoDB DEFAULT CHARSET=utf8;


CREATE TABLE ORG_POLICY (
	ORG_POLICY_ID varchar(32) NOT NULL,
	NAME varchar(40) DEFAULT NULL,
	TARGET_AUDIENCE_TYPE varchar(20) DEFAULT NULL,
	TARGET_AUDIENCE varchar(255) DEFAULT NULL,
	START_DATE date DEFAULT NULL,
	END_DATE date DEFAULT NULL,
	POLICY_TEXT text,
	PRIMARY KEY (ORG_POLICY_ID)
) ENGINE=InnoDB DEFAULT CHARSET=utf8;


CREATE TABLE ORG_POLICY_USER_LOG (
	ORG_POLICY_LOG_ID varchar(32) NOT NULL,
	ORG_POLICY_ID varchar(32) NOT NULL,
	USER_ID varchar(32) NOT NULL,
	TIME_STAMP datetime NOT NULL,
	RESPONSE varchar(255) DEFAULT NULL,
	PRIMARY KEY (ORG_POLICY_LOG_ID)
) ENGINE=InnoDB DEFAULT CHARSET=utf8;


CREATE TABLE ORG_STRUCTURE (
	ORG_STRUCTURE_ID varchar(32) NOT NULL,
	SUPERVISOR_ID varchar(32) NOT NULL,
	STAFF_ID varchar(32) NOT NULL,
	SUPERVISOR_TYPE varchar(20) DEFAULT NULL,
	IS_PRIMARY_SUPER int(11) DEFAULT '0',
	START_DATE datetime DEFAULT NULL,
	END_DATE datetime DEFAULT NULL,
	STATUS varchar(20) DEFAULT NULL,
	COMMENTS varchar(255) DEFAULT NULL,
	PRIMARY KEY (ORG_STRUCTURE_ID),
	KEY FK_SUPR_USER (SUPERVISOR_ID),
	KEY FK_STAFF_USER (STAFF_ID)
) ENGINE=InnoDB DEFAULT CHARSET=utf8;


CREATE TABLE ORG_TYPE_VALID_MEMBERSHIP (
	ORG_TYPE_ID varchar(32) NOT NULL,
	MEMBER_ORG_TYPE_ID varchar(32) NOT NULL,
	UNIQUE KEY UNIQUE_USER_ORG_TYPE (ORG_TYPE_ID,MEMBER_ORG_TYPE_ID),
	KEY ORG_T_VAL_MEM_TARGET_FK (MEMBER_ORG_TYPE_ID)
) ENGINE=InnoDB DEFAULT CHARSET=utf8;


CREATE TABLE PAGE_TEMPLATE_XREF (
	TEMPLATE_ID varchar(32) NOT NULL,
	METADATA_ELEMENT_ID varchar(32) NOT NULL,
	DISPLAY_ORDER int(11) NOT NULL,
	PRIMARY KEY (TEMPLATE_ID,METADATA_ELEMENT_ID),
	KEY MD_ELMT_TEMPLATE_FK (METADATA_ELEMENT_ID)
) ENGINE=InnoDB DEFAULT CHARSET=utf8;


CREATE TABLE PHONE (
	PHONE_ID varchar(32) NOT NULL,
	NAME varchar(40) DEFAULT NULL,
	AREA_CD varchar(10) DEFAULT NULL,
	COUNTRY_CD varchar(3) DEFAULT NULL,
	DESCRIPTION varchar(100) DEFAULT NULL,
	PHONE_NBR varchar(50) DEFAULT NULL,
	PHONE_EXT varchar(20) DEFAULT NULL,
	IS_DEFAULT char(1) DEFAULT 'N',
	ACTIVE char(1) DEFAULT 'Y',
	PARENT_ID varchar(32) DEFAULT NULL,
	LAST_UPDATE timestamp NULL DEFAULT NULL,
	CREATE_DATE timestamp NULL DEFAULT CURRENT_TIMESTAMP,
	TYPE_ID varchar(32) NOT NULL,
	PRIMARY KEY (PHONE_ID),
	KEY AREA_CD (AREA_CD,PHONE_NBR),
	KEY PHONE_USER_FK (PARENT_ID),
	KEY PHONE_TYPE_FK (TYPE_ID)
) ENGINE=InnoDB DEFAULT CHARSET=utf8;

DELIMITER ;;

CREATE TRIGGER ON_PHONE_INSERT 
BEFORE 
INSERT ON PHONE 
	FOR EACH ROW
	BEGIN
		SET NEW.CREATE_DATE = NOW();
		SET NEW.LAST_UPDATE = NOW();
	END ;;


CREATE TRIGGER ON_PHONE_UPDATE
BEFORE 
UPDATE ON PHONE 
	FOR EACH ROW
	BEGIN
		SET NEW.LAST_UPDATE = NOW();
	END ;;

DELIMITER ;


CREATE TABLE POLICY (
	POLICY_ID varchar(32) NOT NULL,
	POLICY_DEF_ID varchar(32) DEFAULT NULL,
	NAME varchar(60) DEFAULT NULL,
	DESCRIPTION varchar(255) DEFAULT NULL,
	STATUS int(11) DEFAULT NULL,
	CREATE_DATE datetime DEFAULT NULL,
	CREATED_BY varchar(20) DEFAULT NULL,
	LAST_UPDATE datetime DEFAULT NULL,
	LAST_UPDATED_BY varchar(20) DEFAULT NULL,
	RULE_SRC_URL varchar(80) DEFAULT NULL,
	RULE_TEXT text,
	ENABLEMENT int(11) DEFAULT '1',
	PRIMARY KEY (POLICY_ID),
	KEY FK_POLICY_POLICY_DEF (POLICY_DEF_ID)
) ENGINE=InnoDB DEFAULT CHARSET=utf8;


CREATE TABLE POLICY_ATTRIBUTE (
	POLICY_ATTR_ID varchar(32) NOT NULL,
	DEF_PARAM_ID varchar(32) DEFAULT NULL,
	POLICY_ID varchar(32) DEFAULT NULL,
	NAME varchar(60) DEFAULT NULL,
	OPERATION varchar(20) DEFAULT NULL,
	VALUE1 varchar(255) DEFAULT NULL,
	VALUE2 varchar(255) DEFAULT NULL,
	RULE_TEXT text,
	REQUIRED char(1) NOT NULL DEFAULT 'Y',
	PRIMARY KEY (POLICY_ATTR_ID),
	KEY FK_POLICY_ATTRIBUTE_POLICY (POLICY_ID),
	KEY POLI_ATTR_POL_DEF_PARAM (DEF_PARAM_ID)
) ENGINE=InnoDB DEFAULT CHARSET=utf8;


CREATE TABLE POLICY_DEF (
	POLICY_DEF_ID varchar(32) NOT NULL,
	NAME varchar(60) DEFAULT NULL,
	DESCRIPTION varchar(255) DEFAULT NULL,
	POLICY_TYPE varchar(20) DEFAULT NULL,
	LOCATION_TYPE varchar(20) DEFAULT NULL,
	POLICY_RULE varchar(500) DEFAULT NULL,
	POLICY_HANDLER varchar(255) DEFAULT NULL,
	POLICY_ADVISE_HANDLER varchar(255) DEFAULT NULL,
	PRIMARY KEY (POLICY_DEF_ID)
) ENGINE=InnoDB DEFAULT CHARSET=utf8;


CREATE TABLE POLICY_DEF_PARAM (
	DEF_PARAM_ID varchar(32) NOT NULL,
	POLICY_DEF_ID varchar(32) DEFAULT NULL,
	NAME varchar(60) DEFAULT NULL,
	DESCRIPTION varchar(255) DEFAULT NULL,
	OPERATION varchar(20) DEFAULT NULL,
	VALUE1 varchar(255) DEFAULT NULL,
	VALUE2 varchar(255) DEFAULT NULL,
	REPEATS int(11) DEFAULT NULL,
	PARAM_GROUP varchar(20) DEFAULT NULL,
	HANDLER_LANGUAGE varchar(20) DEFAULT NULL,
	POLICY_PARAM_HANDLER varchar(255) DEFAULT NULL,
	PRIMARY KEY (DEF_PARAM_ID),
	KEY FK_POLICY_DEF_PARAM_POLICY_DEF (POLICY_DEF_ID)
) ENGINE=InnoDB DEFAULT CHARSET=utf8;


CREATE TABLE POLICY_OBJECT_ASSOC (
	POLICY_OBJECT_ID varchar(32) NOT NULL,
	POLICY_ID varchar(32) DEFAULT NULL,
	ASSOCIATION_LEVEL varchar(20) DEFAULT NULL,
	ASSOCIATION_VALUE varchar(255) DEFAULT NULL,
	OBJECT_TYPE varchar(100) DEFAULT NULL,
	OBJECT_ID varchar(32) DEFAULT NULL,
	PARENT_ASSOC_ID varchar(32) DEFAULT NULL,
	PRIMARY KEY (POLICY_OBJECT_ID)
) ENGINE=InnoDB DEFAULT CHARSET=utf8;


CREATE TABLE PRIVILEGE (
	PRIVILEGE_ID varchar(32) NOT NULL,
	RESOURCE_ID varchar(32) NOT NULL,
	ABBRV varchar(3) NOT NULL,
	DESCRIPTION varchar(40) DEFAULT NULL,
	PRIMARY KEY (PRIVILEGE_ID)
) ENGINE=InnoDB DEFAULT CHARSET=utf8;


CREATE TABLE PROVISION_CONNECTOR (
	CONNECTOR_ID varchar(32) NOT NULL,
	NAME varchar(40) DEFAULT NULL,
	METADATA_TYPE_ID varchar(20) DEFAULT NULL,
	STD_COMPLIANCE_LEVEL varchar(20) DEFAULT NULL,
	CLIENT_COMM_PROTOCOL varchar(20) DEFAULT NULL,
	SERVICE_URL varchar(100) DEFAULT NULL,
	SERVICE_NAMESPACE varchar(100) DEFAULT NULL,
	SERVICE_PORT varchar(100) DEFAULT NULL,
	SERVICE_WSDL varchar(100) DEFAULT NULL,
	CLASS_NAME varchar(60) DEFAULT NULL,
	HOST varchar(60) DEFAULT NULL,
	PORT varchar(10) DEFAULT NULL,
	CONNECTOR_INTERFACE varchar(20) DEFAULT NULL,
	PRIMARY KEY (CONNECTOR_ID)
) ENGINE=InnoDB DEFAULT CHARSET=utf8;


CREATE TABLE PROV_REQUEST (
	REQUEST_ID varchar(32) NOT NULL,
	REQUESTOR_ID varchar(100) DEFAULT NULL,
	REQUEST_DATE datetime DEFAULT NULL,
	STATUS varchar(20) DEFAULT NULL,
	STATUS_DATE datetime DEFAULT NULL,
	REQUEST_REASON varchar(500) DEFAULT NULL,
	REQUEST_TYPE varchar(20) DEFAULT NULL,
	CHANGE_ACCESS_BY varchar(32) DEFAULT NULL,
	REQUEST_XML text,
	NEW_ROLE_ID varchar(32) DEFAULT NULL,
	NEW_SERVICE_ID varchar(20) DEFAULT NULL,
	MANAGED_RESOURCE_ID varchar(32) DEFAULT NULL,
	REQUEST_FOR_ORG_ID varchar(32) DEFAULT NULL,
	PRIMARY KEY (REQUEST_ID)
) ENGINE=InnoDB DEFAULT CHARSET=utf8;


CREATE TABLE PWD_HISTORY (
	PWD_HISTORY_ID varchar(32) NOT NULL,
	DATE_CREATED datetime NOT NULL,
	PASSWORD varchar(255) DEFAULT NULL,
	LOGIN_ID varchar(32) NOT NULL,
	PRIMARY KEY (PWD_HISTORY_ID),
	KEY LOGIN_ID_PWD_HIST_FK (LOGIN_ID)
) ENGINE=InnoDB DEFAULT CHARSET=utf8;


CREATE TABLE RECONCILIATION_CONFIG (
	RECON_CONFIG_ID varchar(32) NOT NULL,
	RESOURCE_ID varchar(32) DEFAULT NULL,
	FREQUENCY varchar(20) DEFAULT NULL,
	STATUS varchar(20) DEFAULT 'ACTIVE',
	CSV_LINE_SEPARATOR varchar(10) DEFAULT 'comma',
	CSV_END_OF_LINE varchar(10) DEFAULT 'enter',
	NOTIFICATION_EMAIL_ADDRESS varchar(120) DEFAULT NULL,
	TARGET_SYS_MATCH_SCRIPT varchar(120) DEFAULT NULL,
	MANUAL_RECONCILIATION_FLAG char(1) NOT NULL DEFAULT 'N',
	CUSTOM_IDENTITY_MATCH_SCRIPT varchar(120) DEFAULT NULL,
	MATCH_FIELD_NAME varchar(40) DEFAULT NULL,
	CUSTOM_MATCH_ATTR varchar(40) DEFAULT NULL,
	CUSTOM_MATCH_SRC_ATTR varchar(40) DEFAULT NULL,
	MANAGED_SYS_ID varchar(32) DEFAULT NULL,
	SEARCH_FILTER varchar(200) DEFAULT NULL,
	UPDATED_SINCE datetime DEFAULT NULL,
	TARGET_SYS_SEARCH_FILTER varchar(200) DEFAULT NULL,
	MATCH_SCRIPT varchar(120) DEFAULT NULL,
	EXEC_STATUS varchar(20) DEFAULT NULL,
	LAST_EXEC_TIME datetime DEFAULT NULL,
	PRIMARY KEY (RECON_CONFIG_ID)
) ENGINE=InnoDB DEFAULT CHARSET=utf8;


CREATE TABLE RECONCILIATION_SITUATION (
	RECON_SITUATION_ID varchar(32) NOT NULL,
	RECON_CONFIG_ID varchar(32) DEFAULT NULL,
	SITUATION varchar(40) DEFAULT NULL,
	SITUATION_RESP varchar(40) DEFAULT NULL,
	SCRIPT varchar(80) DEFAULT NULL,
	PRIMARY KEY (RECON_SITUATION_ID),
	KEY RECON_SITUATION (RECON_CONFIG_ID)
) ENGINE=InnoDB DEFAULT CHARSET=utf8;


CREATE TABLE RECON_RES_ATTR_MAP (
	RECON_RES_ATTR_MAP_ID varchar(32) NOT NULL,
	ATTR_POLICY_ID varchar(32) DEFAULT NULL,
	DEF_RECON_ATTR_MAP_ID varchar(32) DEFAULT NULL,
	PRIMARY KEY (RECON_RES_ATTR_MAP_ID)
) ENGINE=InnoDB DEFAULT CHARSET=utf8;


CREATE TABLE RELATIONSHIP (
	RELATIONSHIP_ID varchar(20) NOT NULL,
	RELATION_SET_ID varchar(20) DEFAULT NULL,
	ITEM_OBJ varchar(20) DEFAULT NULL,
	ITEM_ID varchar(20) DEFAULT NULL,
	RANK int(11) DEFAULT NULL,
	ACTIVE bit(1) DEFAULT NULL,
	PRIMARY KEY (RELATIONSHIP_ID),
	KEY FK_RELATIONSHIP_RELATION_SET (RELATION_SET_ID)
) ENGINE=InnoDB DEFAULT CHARSET=utf8;


CREATE TABLE RELATION_CATEGORY (
	RELATION_SET_ID varchar(20) NOT NULL,
	CATEGORY_ID varchar(20) NOT NULL,
	PRIMARY KEY (RELATION_SET_ID,CATEGORY_ID),
	KEY FK_RELATION_CATEGORY_CATEGORY (CATEGORY_ID)
) ENGINE=InnoDB DEFAULT CHARSET=utf8;


CREATE TABLE RELATION_SET (
	RELATION_SET_ID varchar(20) NOT NULL,
	DESCRIPTION varchar(80) DEFAULT NULL,
	PRIMARY KEY (RELATION_SET_ID)
) ENGINE=InnoDB DEFAULT CHARSET=utf8;


CREATE TABLE RELATION_SOURCE (
	RELATION_TYPE_ID varchar(20) NOT NULL,
	SOURCE_OBJ varchar(20) NOT NULL,
	SOURCE_ID varchar(20) NOT NULL,
	RELATION_SET_ID varchar(20) DEFAULT NULL,
	PRIMARY KEY (RELATION_TYPE_ID,SOURCE_OBJ,SOURCE_ID),
	KEY FK_RELATION_SOURCE_RELATION_SET (RELATION_SET_ID)
) ENGINE=InnoDB DEFAULT CHARSET=utf8;


CREATE TABLE RELATION_TYPE (
	RELATION_TYPE_ID varchar(20) NOT NULL,
	DESCRIPTION varchar(80) NOT NULL,
	PRIMARY KEY (RELATION_TYPE_ID)
) ENGINE=InnoDB DEFAULT CHARSET=utf8;


CREATE TABLE REPORT_CRITERIA_PARAMETER (
	RCP_ID varchar(32) COLLATE utf8_bin NOT NULL,
	REPORT_INFO_ID varchar(32) COLLATE utf8_bin NOT NULL,
	PARAM_NAME varchar(64) COLLATE utf8_bin NOT NULL,
	PARAM_VALUE varchar(64) COLLATE utf8_bin DEFAULT NULL,
	RCPT_ID varchar(100) COLLATE utf8_bin DEFAULT NULL,
	PRIMARY KEY (RCP_ID)
) ENGINE=InnoDB DEFAULT CHARSET=utf8 COLLATE=utf8_bin;


CREATE TABLE REPORT_INFO (
	REPORT_INFO_ID varchar(32) COLLATE utf8_bin NOT NULL,
	REPORT_NAME varchar(64) COLLATE utf8_bin NOT NULL,
	DATASOURCE_FILE_PATH varchar(255) COLLATE utf8_bin NOT NULL,
	REPORT_FILE_PATH varchar(255) COLLATE utf8_bin DEFAULT NULL,
	PRIMARY KEY (REPORT_INFO_ID),
	UNIQUE KEY REPORT_NAME (REPORT_NAME)
) ENGINE=InnoDB DEFAULT CHARSET=utf8 COLLATE=utf8_bin;


CREATE TABLE REPORT_PARAMETER_TYPE (
	RCPT_ID varchar(100) COLLATE utf8_bin DEFAULT NULL,
	TYPE_NAME varchar(100) COLLATE utf8_bin DEFAULT NULL,
	TYPE_DESCRIPTION varchar(100) COLLATE utf8_bin DEFAULT NULL
) ENGINE=InnoDB DEFAULT CHARSET=utf8 COLLATE=utf8_bin;


CREATE TABLE REPORT_SUBSCRIPTIONS (
	REPORT_SUB_ID varchar(32) COLLATE utf8_bin NOT NULL,
	REPORT_INFO_ID varchar(45) COLLATE utf8_bin DEFAULT NULL,
	REPORT_NAME varchar(64) COLLATE utf8_bin NOT NULL,
	DELIVERY_METHOD varchar(45) COLLATE utf8_bin DEFAULT NULL,
	DELIVERY_FORMAT varchar(45) COLLATE utf8_bin DEFAULT NULL,
	DELIVERY_AUDIENCE varchar(45) COLLATE utf8_bin DEFAULT NULL,
	STATUS varchar(45) COLLATE utf8_bin DEFAULT NULL,
	USERID varchar(45) COLLATE utf8_bin DEFAULT NULL,
	PRIMARY KEY (REPORT_SUB_ID)
) ENGINE=InnoDB DEFAULT CHARSET=utf8 COLLATE=utf8_bin;


CREATE TABLE REPORT_SUB_CRITERIA_PARAM (
	RSCP_ID varchar(45) COLLATE utf8_bin NOT NULL,
	RCP_ID varchar(32) COLLATE utf8_bin DEFAULT NULL,
	REPORT_SUB_ID varchar(32) COLLATE utf8_bin DEFAULT NULL,
	PARAM_NAME varchar(64) COLLATE utf8_bin DEFAULT NULL,
	PARAM_VALUE varchar(64) COLLATE utf8_bin DEFAULT NULL,
	PRIMARY KEY (RSCP_ID)
) ENGINE=InnoDB DEFAULT CHARSET=utf8 COLLATE=utf8_bin;


CREATE TABLE REQUEST_ATTACHMENT (
	REQUEST_ATTACHMENT_ID varchar(32) NOT NULL,
	NAME varchar(20) DEFAULT NULL,
	ATTACHMENT varchar(20) DEFAULT NULL,
	USER_ID varchar(32) DEFAULT NULL,
	ATTACHMENT_DATE datetime DEFAULT NULL,
	REQUEST_ID varchar(32) NOT NULL,
	PRIMARY KEY (REQUEST_ATTACHMENT_ID),
	KEY RefPROV_REQUEST1001 (REQUEST_ID)
) ENGINE=InnoDB DEFAULT CHARSET=utf8;


CREATE TABLE REQUEST_ATTRIBUTE (
	REQUEST_ATTR_ID varchar(32) NOT NULL,
	NAME varchar(40) DEFAULT NULL,
	VALUE varchar(255) DEFAULT NULL,
	METADATA_ID varchar(32) DEFAULT NULL,
	ATTR_GROUP varchar(20) DEFAULT NULL,
	REQUEST_ID varchar(32) DEFAULT NULL,
	PRIMARY KEY (REQUEST_ATTR_ID),
	KEY RefPROV_REQUEST1011 (REQUEST_ID)
) ENGINE=InnoDB DEFAULT CHARSET=utf8;


CREATE TABLE REQUEST_USER (
	REQ_USER_ID varchar(32) NOT NULL,
	USER_ID varchar(32) DEFAULT NULL,
	FIRST_NAME varchar(20) DEFAULT NULL,
	LAST_NAME varchar(20) DEFAULT NULL,
	MIDDLE_INIT varchar(20) DEFAULT NULL,
	DEPT_CD varchar(20) DEFAULT NULL,
	DIVISION varchar(20) DEFAULT NULL,
	LOCATION_CD varchar(20) DEFAULT NULL,
	AFFILIATION varchar(20) DEFAULT NULL,
	REQUEST_ID varchar(32) DEFAULT NULL,
	PRIMARY KEY (REQ_USER_ID),
	KEY RefPROV_REQUEST931 (REQUEST_ID)
) ENGINE=InnoDB DEFAULT CHARSET=utf8;


CREATE TABLE REQ_APPROVER (
	REQ_APPROVER_ID varchar(32) NOT NULL,
	APPROVER_ID varchar(32) DEFAULT NULL,
	APPROVER_TYPE varchar(20) DEFAULT NULL,
	APPROVER_LEVEL int(11) DEFAULT NULL,
	REQUEST_ID varchar(32) DEFAULT NULL,
	ACTION_DATE datetime DEFAULT NULL,
	STATUS varchar(20) DEFAULT NULL,
	ACTION varchar(20) DEFAULT NULL,
	CMT varchar(1000) DEFAULT NULL,
	MANAGED_SYS_ID varchar(32) DEFAULT NULL,
	MNG_SYS_GROUP_ID varchar(32) DEFAULT NULL,
	ROLE_DOMAIN varchar(20) DEFAULT NULL,
	PRIMARY KEY (REQ_APPROVER_ID)
) ENGINE=InnoDB DEFAULT CHARSET=utf8;


CREATE TABLE RES (
	RESOURCE_ID varchar(32) NOT NULL,
	RESOURCE_TYPE_ID varchar(20) NOT NULL,
	DESCRIPTION varchar(100) DEFAULT NULL,
	NAME varchar(150) NOT NULL,
	BRANCH_ID varchar(32) DEFAULT NULL,
	CATEGORY_ID varchar(20) DEFAULT NULL,
	DISPLAY_ORDER int(11) DEFAULT '1',
	URL varchar(255) DEFAULT NULL,
	RES_OWNER_GROUP_ID varchar(32) DEFAULT NULL,
	RES_OWNER_USER_ID varchar(32) DEFAULT NULL,
	MIN_AUTH_LEVEL varchar(32) DEFAULT NULL,
	DOMAIN varchar(64) DEFAULT NULL,
	IS_PUBLIC char(1) DEFAULT 'Y',
	IS_SSL char(1) DEFAULT 'N',
	PRIMARY KEY (RESOURCE_ID),
	UNIQUE KEY NAME (NAME),
	KEY FK_RESOURCE_RESOURCE_TYPE (RESOURCE_TYPE_ID),
	KEY FK_RESOURCE_CATEGORY (CATEGORY_ID)
) ENGINE=InnoDB DEFAULT CHARSET=utf8;


CREATE TABLE RESOURCE_GROUP (
	RESOURCE_ID varchar(32) NOT NULL,
	GRP_ID varchar(32) NOT NULL,
	START_DATE datetime DEFAULT NULL,
	PRIMARY KEY (RESOURCE_ID,GRP_ID),
	UNIQUE KEY UNIQUE_RESOURCE_GROUP (GRP_ID,RESOURCE_ID)
) ENGINE=InnoDB DEFAULT CHARSET=utf8;


CREATE TABLE RESOURCE_POLICY (
	RESOURCE_POLICY_ID varchar(32) NOT NULL,
	RESOURCE_ID varchar(32) DEFAULT NULL,
	POLICY_START datetime DEFAULT NULL,
	POLICY_END datetime DEFAULT NULL,
	APPLY_TO_CHILDREN int(11) DEFAULT NULL,
	ROLE_ID varchar(32) NOT NULL,
	PRIMARY KEY (RESOURCE_POLICY_ID),
	KEY RS_PL_RS_RSID (RESOURCE_ID),
	KEY FK_RESOURCE_POLICY_ROLE (ROLE_ID)
) ENGINE=InnoDB DEFAULT CHARSET=utf8;


CREATE TABLE RESOURCE_PRIVILEGE (
	RESOURCE_PRIVLEGE_ID varchar(32) NOT NULL,
	RESOURCE_ID varchar(32) DEFAULT NULL,
	PRIVILEGE_NAME varchar(32) DEFAULT NULL,
	PRIVILEGE_TYPE varchar(20) DEFAULT NULL,
	DESCRIPTION varchar(40) DEFAULT NULL,
	PRIMARY KEY (RESOURCE_PRIVLEGE_ID),
	KEY FK_RESOURCE_PRIVILEGE_RES (RESOURCE_ID)
) ENGINE=InnoDB DEFAULT CHARSET=utf8;


CREATE TABLE RESOURCE_PROP (
	RESOURCE_PROP_ID varchar(32) NOT NULL,
	RESOURCE_ID varchar(32) DEFAULT NULL,
	METADATA_ID varchar(20) DEFAULT NULL,
	NAME varchar(40) NOT NULL,
	PROP_VALUE varchar(500) DEFAULT NULL,
	PROP_GROUP varchar(20) DEFAULT NULL,
	PRIMARY KEY (RESOURCE_PROP_ID),
	KEY FK_RESOURCE_PROP_RESOURCE (RESOURCE_ID)
) ENGINE=InnoDB DEFAULT CHARSET=utf8;


CREATE TABLE RESOURCE_ROLE (
	RESOURCE_ID varchar(32) NOT NULL,
	START_DATE datetime DEFAULT NULL,
	ROLE_ID varchar(32) NOT NULL,
	PRIMARY KEY (RESOURCE_ID,ROLE_ID),
	KEY FK_RESOURCE_ROLE_ROLE (ROLE_ID)
) ENGINE=InnoDB DEFAULT CHARSET=utf8;


CREATE TABLE RESOURCE_TYPE (
	RESOURCE_TYPE_ID varchar(20) NOT NULL,
	DESCRIPTION varchar(100) DEFAULT NULL,
	METADATA_TYPE_ID varchar(32) DEFAULT NULL,
	PROVISION_RESOURCE int(11) DEFAULT NULL,
	PROCESS_NAME varchar(80) DEFAULT NULL,
	PRIMARY KEY (RESOURCE_TYPE_ID)
) ENGINE=InnoDB DEFAULT CHARSET=utf8;


CREATE TABLE RESOURCE_USER (
	RESOURCE_ID varchar(32) NOT NULL,
	USER_ID varchar(32) NOT NULL,
	START_DATE datetime DEFAULT NULL,
	PRIMARY KEY (RESOURCE_ID,USER_ID),
	KEY FK_RESOURCE_USER_USERS (USER_ID)
) ENGINE=InnoDB DEFAULT CHARSET=utf8;


CREATE TABLE ROLE (
	SERVICE_ID varchar(20) NOT NULL,
	ROLE_NAME varchar(80) NOT NULL,
	CREATE_DATE datetime DEFAULT NULL,
	CREATED_BY varchar(32) DEFAULT NULL,
	DESCRIPTION varchar(255) DEFAULT NULL,
	STATUS varchar(20) DEFAULT NULL,
	ROLE_ID varchar(32) NOT NULL,
	MANAGED_SYS_ID varchar(32) DEFAULT NULL,
	PRIMARY KEY (ROLE_ID),
	UNIQUE KEY ROLE_NAME (ROLE_NAME),
	KEY FK_ROLE_SERVICE (SERVICE_ID),
	KEY ROLE_MNG_SYS_FK (MANAGED_SYS_ID)
) ENGINE=InnoDB DEFAULT CHARSET=utf8;


CREATE TABLE ROLE_ATTRIBUTE (
	ROLE_ATTR_ID varchar(32) NOT NULL,
	NAME varchar(40) DEFAULT NULL,
	VALUE varchar(255) DEFAULT NULL,
	METADATA_ID varchar(20) DEFAULT NULL,
	ATTR_GROUP varchar(20) DEFAULT NULL,
	ROLE_ID varchar(32) NOT NULL,
	PRIMARY KEY (ROLE_ATTR_ID),
	KEY FK_ROLE_ROLE_ATTRIBUTE (ROLE_ID)
) ENGINE=InnoDB DEFAULT CHARSET=utf8;


CREATE TABLE ROLE_POLICY (
	ROLE_POLICY_ID varchar(32) NOT NULL,
	ACTION varchar(20) DEFAULT NULL,
	NAME varchar(40) DEFAULT NULL,
	VALUE1 varchar(40) DEFAULT NULL,
	VALUE2 varchar(40) DEFAULT NULL,
	ACTION_QUALIFIER varchar(20) DEFAULT NULL,
	EXECUTION_ORDER int(11) DEFAULT NULL,
	POLICY_SCRIPT varchar(100) DEFAULT NULL,
	ROLE_ID varchar(32) NOT NULL,
	PRIMARY KEY (ROLE_POLICY_ID),
	KEY FK_ROLE_POLICY_ROLE (ROLE_ID)
) ENGINE=InnoDB DEFAULT CHARSET=utf8;


CREATE TABLE SECURITY_DOMAIN (
	DOMAIN_ID varchar(20) NOT NULL,
	NAME varchar(40) DEFAULT NULL,
	STATUS varchar(20) DEFAULT NULL,
	AUTH_SYS_ID varchar(32) DEFAULT NULL,
	LOGIN_MODULE varchar(100) DEFAULT NULL,
	PASSWORD_POLICY varchar(32) DEFAULT NULL,
	AUTHENTICATION_POLICY varchar(32) DEFAULT NULL,
	AUDIT_POLICY varchar(32) DEFAULT NULL,
	PRIMARY KEY (DOMAIN_ID)
) ENGINE=InnoDB DEFAULT CHARSET=utf8;


CREATE TABLE SEQUENCE_GEN (
	ATTRIBUTE varchar(32) NOT NULL,
	NEXT_ID int(11) DEFAULT NULL,
	PRIMARY KEY (ATTRIBUTE)
) ENGINE=InnoDB DEFAULT CHARSET=utf8;


CREATE TABLE SERVICE (
	SERVICE_ID varchar(20) NOT NULL,
	SERVICE_NAME varchar(40) DEFAULT NULL,
	STATUS varchar(20) DEFAULT NULL,
	LOCATION_IP_ADDRESS varchar(80) DEFAULT NULL,
	COMPANY_OWNER_ID varchar(20) DEFAULT NULL,
	START_DATE datetime DEFAULT NULL,
	END_DATE datetime DEFAULT NULL,
	LICENSE_KEY varchar(255) DEFAULT NULL,
	SERVICE_TYPE varchar(20) DEFAULT NULL,
	PARENT_SERVICE_ID varchar(20) DEFAULT NULL,
	ROOT_RESOURCE_ID varchar(20) DEFAULT NULL,
	ACCESS_CONTROL_MODEL varchar(20) DEFAULT NULL,
	PARAM1 varchar(20) DEFAULT NULL,
	PARAM2 varchar(20) DEFAULT NULL,
	PARAM3 varchar(20) DEFAULT NULL,
	PARAM4 varchar(20) DEFAULT NULL,
	PARAM5 varchar(20) DEFAULT NULL,
	PRIMARY KEY (SERVICE_ID)
) ENGINE=InnoDB DEFAULT CHARSET=utf8;


CREATE TABLE SERVICE_CONFIG (
	SERVICE_CONFIG_ID varchar(20) NOT NULL,
	SERVICE_ID varchar(20) DEFAULT NULL,
	NAME varchar(40) DEFAULT NULL,
	VALUE varchar(40) DEFAULT NULL,
	PRIMARY KEY (SERVICE_CONFIG_ID),
	KEY FK_SRV_SRV_CONF (SERVICE_ID)
) ENGINE=InnoDB DEFAULT CHARSET=utf8;


CREATE TABLE STATUS (
	STATUS_CD varchar(40) NOT NULL,
	STATUS_TYPE varchar(20) DEFAULT NULL,
	DESCRIPTION varchar(80) DEFAULT NULL,
	CODE_GROUP varchar(40) NOT NULL,
	LANGUAGE_CD varchar(2) NOT NULL,
	COMPANY_OWNER_ID varchar(32) NOT NULL,
	SERVICE_ID varchar(20) NOT NULL,
	WEIGHT int(11) DEFAULT NULL,
	PRIMARY KEY (CODE_GROUP,STATUS_CD,LANGUAGE_CD)
) ENGINE=InnoDB DEFAULT CHARSET=utf8;


CREATE TABLE SYNCH_CONFIG (
	SYNCH_CONFIG_ID varchar(32) NOT NULL,
	NAME varchar(60) DEFAULT NULL,
	STATUS varchar(20) DEFAULT NULL,
	SYNCH_SRC varchar(20) DEFAULT NULL,
	FILE_NAME varchar(80) DEFAULT NULL,
	SRC_LOGIN_ID varchar(100) DEFAULT NULL,
	SRC_PASSWORD varchar(100) DEFAULT NULL,
	SRC_HOST varchar(100) DEFAULT NULL,
	DRIVER varchar(100) DEFAULT NULL,
	CONNECTION_URL varchar(100) DEFAULT NULL,
	QUERY varchar(1000) DEFAULT NULL,
	QUERY_TIME_FIELD varchar(50) DEFAULT NULL,
	BASE_DN varchar(50) DEFAULT NULL,
	LAST_EXEC_TIME datetime DEFAULT NULL,
	LAST_REC_PROCESSED varchar(32) DEFAULT NULL,
	MANAGED_SYS_ID varchar(32) DEFAULT NULL,
	LOAD_MATCH_ONLY int(11) DEFAULT '0',
	UPDATE_ATTRIBUTE int(11) DEFAULT '1',
	SYNCH_FREQUENCY varchar(20) DEFAULT NULL,
	SYNCH_TYPE varchar(20) DEFAULT NULL,
	DELETE_RULE varchar(80) DEFAULT NULL,
	PROCESS_RULE varchar(80) DEFAULT NULL,
	VALIDATION_RULE varchar(80) DEFAULT NULL,
	TRANSFORMATION_RULE varchar(80) DEFAULT NULL,
	MATCH_FIELD_NAME varchar(40) DEFAULT NULL,
	MATCH_MANAGED_SYS_ID varchar(32) DEFAULT NULL,
	MATCH_SRC_FIELD_NAME varchar(40) DEFAULT NULL,
	CUSTOM_MATCH_RULE varchar(100) DEFAULT NULL,
	CUSTOM_ADAPTER_SCRIPT varchar(100) DEFAULT NULL,
	CUSTOM_MATCH_ATTR varchar(40) DEFAULT NULL,
	WS_URL varchar(100) DEFAULT NULL,
	WS_SCRIPT varchar(100) DEFAULT NULL,
	USE_POLICY_MAP char(1) DEFAULT 'Y',
	USE_TRANSFORM_SCRIPT char(1) DEFAULT 'Y',
	POLICY_MAP_BEFORE_TRANSFORM char(1) DEFAULT 'Y',
	USE_SYSTEM_PATH char(1) DEFAULT 'N',
	PRE_SYNC_SCRIPT varchar(80) DEFAULT NULL,
	POST_SYNC_SCRIPT varchar(80) DEFAULT NULL,
	COMPANY_ID varchar(32) DEFAULT NULL,
	ATTRIBUTE_NAMES_LOOKUP varchar(120) DEFAULT NULL,
	SEARCH_SCOPE int(11) NOT NULL DEFAULT '2',
	PRIMARY KEY (SYNCH_CONFIG_ID)
) ENGINE=InnoDB DEFAULT CHARSET=utf8;


CREATE TABLE SYNCH_CONFIG_DATA_MAPPING (
	MAPPING_ID varchar(32) NOT NULL,
	SYNCH_CONFIG_ID varchar(32) DEFAULT NULL,
	IDM_FIELD_NAME varchar(40) DEFAULT NULL,
	SRC_FIELD_NAME varchar(40) DEFAULT NULL,
	MULTIVALUED int(11) DEFAULT NULL,
	PRIMARY KEY (MAPPING_ID),
	KEY SYNCH_DATA_MAP (SYNCH_CONFIG_ID)
) ENGINE=InnoDB DEFAULT CHARSET=utf8;


CREATE TABLE UI_FIELD_TEMPLATE_XREF (
	UI_FIELD_ID varchar(32) NOT NULL,
	TEMPLATE_ID varchar(32) NOT NULL,
	IS_REQUIRED char(1) NOT NULL DEFAULT 'N',
	IS_EDITABLE char(1) NOT NULL DEFAULT 'Y',
	DISPLAY_ORDER int(3) NOT NULL,
	UNIQUE KEY TEMPLATE_XREF_UNIQUE (TEMPLATE_ID,UI_FIELD_ID),
	KEY TEMPLATE_XREF_UI_FIELD_FK (UI_FIELD_ID)
) ENGINE=InnoDB DEFAULT CHARSET=utf8;


CREATE TABLE UI_TEMPLATE_FIELDS (
	UI_FIELD_ID varchar(32) NOT NULL,
	NAME varchar(100) NOT NULL,
	DESCRIPTION varchar(200) DEFAULT NULL,
	TEMPLATE_TYPE_ID varchar(32) NOT NULL,
	IS_REQUIRED char(1) NOT NULL DEFAULT 'N',
	PRIMARY KEY (UI_FIELD_ID),
	KEY TEMPLATE_TYPE_UI_TEMPL_FK (TEMPLATE_TYPE_ID)
) ENGINE=InnoDB DEFAULT CHARSET=utf8;


CREATE TABLE UI_TEMPLATE_TYPE (
	TEMPLATE_TYPE_ID varchar(32) NOT NULL,
	NAME varchar(100) NOT NULL,
	DESCRIPTION varchar(200) DEFAULT NULL,
	PRIMARY KEY (TEMPLATE_TYPE_ID)
) ENGINE=InnoDB DEFAULT CHARSET=utf8;


CREATE TABLE URI_PATTERN (
	URI_PATTERN_ID varchar(32) NOT NULL,
	CONTENT_PROVIDER_ID varchar(32) NOT NULL,
	MIN_AUTH_LEVEL varchar(32) NOT NULL,
	PATTERN varchar(100) NOT NULL,
	IS_PUBLIC char(1) NOT NULL DEFAULT 'N',
	RESOURCE_ID varchar(32) NOT NULL,
	PRIMARY KEY (URI_PATTERN_ID),
	UNIQUE KEY URI_PATTERN_UNIQUE (CONTENT_PROVIDER_ID,PATTERN),
	KEY URI_PATTERN_AUTH_LEVEL_FK (MIN_AUTH_LEVEL),
	KEY URI_PATTERN_RES_FK (RESOURCE_ID)
) ENGINE=InnoDB DEFAULT CHARSET=utf8;


CREATE TABLE URI_PATTERN_META (
	URI_PATTERN_META_ID varchar(32) NOT NULL,
	URI_PATTERN_ID varchar(32) NOT NULL,
	URI_PATTERN_META_TYPE_ID varchar(32) NOT NULL,
	URI_PATTERN_NAME varchar(100) NOT NULL,
	PRIMARY KEY (URI_PATTERN_META_ID),
	KEY URI_PATTERN_META_URI_PATTERN_FK (URI_PATTERN_ID),
	KEY URI_PATTERN_META_META_TYPE_FK (URI_PATTERN_META_TYPE_ID)
) ENGINE=InnoDB DEFAULT CHARSET=utf8;


CREATE TABLE URI_PATTERN_META_TYPE (
	URI_PATTERN_META_TYPE_ID varchar(32) NOT NULL,
	METADATA_TYPE_NAME varchar(100) NOT NULL,
	SPRING_BEAN_NAME varchar(100) NOT NULL,
	PRIMARY KEY (URI_PATTERN_META_TYPE_ID),
	UNIQUE KEY META_SPRING_BEAN_UNIQUE (SPRING_BEAN_NAME),
	UNIQUE KEY URI_META_TYPE_NAME_UNIQUE (METADATA_TYPE_NAME)
) ENGINE=InnoDB DEFAULT CHARSET=utf8;


CREATE TABLE URI_PATTERN_META_VALUE (
	URI_PATTERN_META_VALUE_ID varchar(32) NOT NULL,
	URI_PATTERN_META_ID varchar(32) NOT NULL,
	META_ATTRIBUTE_NAME varchar(100) NOT NULL,
	AM_RES_ATTRIBUTE_ID varchar(32) DEFAULT NULL,
	STATIC_VALUE varchar(100) DEFAULT NULL,
	GROOVY_SCRIPT varchar(200) DEFAULT NULL,
	PRIMARY KEY (URI_PATTERN_META_VALUE_ID),
	KEY URI_PATTERN_META_VALUE_META_FK (URI_PATTERN_META_ID),
	KEY URI_PATTERN_META_VALUE_AM_FK (AM_RES_ATTRIBUTE_ID)
) ENGINE=InnoDB DEFAULT CHARSET=utf8;


CREATE TABLE USERS (
	USER_ID varchar(32) NOT NULL,
	FIRST_NAME varchar(50) DEFAULT NULL,
	LAST_NAME varchar(50) DEFAULT NULL,
	MIDDLE_INIT varchar(50) DEFAULT NULL,
	TYPE_ID varchar(20) DEFAULT NULL,
	CLASSIFICATION varchar(20) DEFAULT NULL,
	TITLE varchar(100) DEFAULT NULL,
	MAIL_CODE varchar(50) DEFAULT NULL,
	COST_CENTER varchar(20) DEFAULT NULL,
	STATUS varchar(40) DEFAULT NULL,
	SECONDARY_STATUS varchar(40) DEFAULT NULL,
	BIRTHDATE datetime DEFAULT NULL,
	SEX char(1) DEFAULT NULL,
	CREATE_DATE datetime DEFAULT NULL,
	CREATED_BY varchar(40) DEFAULT NULL,
	LAST_UPDATE datetime DEFAULT NULL,
	LAST_UPDATED_BY varchar(40) DEFAULT NULL,
	PREFIX varchar(4) DEFAULT NULL,
	SUFFIX varchar(20) DEFAULT NULL,
	USER_TYPE_IND varchar(20) DEFAULT NULL,
	EMPLOYEE_ID varchar(32) DEFAULT NULL,
	EMPLOYEE_TYPE varchar(20) DEFAULT NULL,
	LOCATION_CD varchar(50) DEFAULT NULL,
	LOCATION_NAME varchar(100) DEFAULT NULL,
	COMPANY_OWNER_ID varchar(32) DEFAULT NULL,
	JOB_CODE varchar(50) DEFAULT NULL,
	ALTERNATE_ID varchar(32) DEFAULT NULL,
	START_DATE date DEFAULT NULL,
	LAST_DATE date DEFAULT NULL,
	MAIDEN_NAME varchar(40) DEFAULT NULL,
	NICKNAME varchar(40) DEFAULT NULL,
	PASSWORD_THEME varchar(20) DEFAULT NULL,
	SHOW_IN_SEARCH int(11) DEFAULT NULL,
	USER_OWNER_ID varchar(32) DEFAULT NULL,
	DATE_PASSWORD_CHANGED datetime DEFAULT NULL,
	DATE_CHALLENGE_RESP_CHANGED datetime DEFAULT NULL,
	SYSTEM_FLAG varchar(1) DEFAULT NULL,
	DATE_IT_POLICY_APPROVED timestamp NULL DEFAULT NULL,
	PRIMARY KEY (USER_ID),
	KEY FK_USERS_METADATA_TYPE (TYPE_ID),
	KEY LAST_NAME (LAST_NAME),
	KEY USER_EMPLOYEE_INDX (EMPLOYEE_ID)
) ENGINE=InnoDB DEFAULT CHARSET=utf8;

DELIMITER ;;

CREATE TRIGGER ON_USER_INSERT 
BEFORE 
INSERT ON USERS 
	FOR EACH ROW
	BEGIN
		SET NEW.CREATE_DATE = NOW();
		SET NEW.LAST_UPDATE = NOW();
	END ;;


CREATE TRIGGER ON_USER_UPDATE
BEFORE 
UPDATE ON USERS 
	FOR EACH ROW
	BEGIN
		SET NEW.LAST_UPDATE = NOW();
	END ;;

DELIMITER ;


CREATE TABLE USER_AFFILIATION (
	COMPANY_ID varchar(32) NOT NULL,
	USER_ID varchar(32) NOT NULL,
	CREATE_DATE datetime DEFAULT NULL,
	PRIMARY KEY (COMPANY_ID,USER_ID),
	UNIQUE KEY USER_AFFILIATION_UNIQUE (USER_ID,COMPANY_ID)
) ENGINE=InnoDB DEFAULT CHARSET=utf8;


CREATE TABLE USER_ATTACHMENT_REF (
	USER_ATTACH_REF_ID varchar(20) NOT NULL,
	USER_ID varchar(20) DEFAULT NULL,
	NAME varchar(20) DEFAULT NULL,
	VALUE varchar(50) DEFAULT NULL,
	URL varchar(50) DEFAULT NULL,
	PRIMARY KEY (USER_ATTACH_REF_ID),
	KEY FK_USER_ATTACHMENT_REF_USERS (USER_ID)
) ENGINE=InnoDB DEFAULT CHARSET=utf8;


CREATE TABLE USER_ATTRIBUTES (
	ID varchar(32) NOT NULL,
	USER_ID varchar(32) DEFAULT NULL,
	METADATA_ID varchar(32) DEFAULT NULL,
	NAME varchar(50) DEFAULT NULL,
	VALUE varchar(1000) DEFAULT NULL,
	ATTR_GROUP varchar(20) DEFAULT NULL,
	VALUE_AS_BYTE_ARRAY blob,
	PRIMARY KEY (ID),
	KEY USER_ID (USER_ID),
	KEY FK_USR_ATTR_ELMT_FK (METADATA_ID)
) ENGINE=InnoDB DEFAULT CHARSET=utf8;


CREATE TABLE USER_DELEGATION_ATTRIBUTE (
	ID varchar(32) NOT NULL,
	USER_ID varchar(32) DEFAULT NULL,
	OBJ_TYPE varchar(50) DEFAULT NULL,
	NAME varchar(50) DEFAULT NULL,
	VALUE varchar(255) DEFAULT NULL,
	PRIMARY KEY (ID),
	KEY USER_ID (USER_ID)
) ENGINE=InnoDB DEFAULT CHARSET=utf8;


CREATE TABLE USER_GRP (
	GRP_ID varchar(32) NOT NULL,
	USER_ID varchar(32) NOT NULL,
	UNIQUE KEY USER_GRP_UNIQUE_RECORD (USER_ID,GRP_ID),
	KEY FK_USR_GRP_GPR (GRP_ID)
) ENGINE=InnoDB DEFAULT CHARSET=utf8;


CREATE TABLE USER_IDENTITY_ANS (
	IDENTITY_ANS_ID varchar(32) NOT NULL,
	IDENTITY_QUESTION_ID varchar(32) NOT NULL,
	USER_ID varchar(32) DEFAULT NULL,
	QUESTION_ANSWER varchar(255) DEFAULT NULL,
	PRIMARY KEY (IDENTITY_ANS_ID),
	KEY FK_USER_IDENTITY_ANS_USERS (USER_ID),
	KEY FK_ID_AND_QUEST_FK (IDENTITY_QUESTION_ID)
) ENGINE=InnoDB DEFAULT CHARSET=utf8;


CREATE TABLE USER_KEY (
	USER_KEY_ID varchar(32) NOT NULL,
	USER_ID varchar(32) NOT NULL,
	NAME varchar(40) NOT NULL,
	KEY_VALUE varchar(255) NOT NULL,
	PRIMARY KEY (USER_KEY_ID),
	KEY FK_USER_KEY_USER_ID (USER_ID)
) ENGINE=InnoDB DEFAULT CHARSET=utf8;


CREATE TABLE USER_NOTE (
	USER_NOTE_ID varchar(32) NOT NULL,
	USER_ID varchar(32) DEFAULT NULL,
	NOTE_TYPE varchar(20) DEFAULT NULL,
	DESCRIPTION varchar(2000) DEFAULT NULL,
	CREATE_DATE datetime DEFAULT NULL,
	CREATED_BY varchar(20) DEFAULT NULL,
	PRIMARY KEY (USER_NOTE_ID),
	KEY FK_USER_NOTE_USERS (USER_ID)
) ENGINE=InnoDB DEFAULT CHARSET=utf8;


CREATE TABLE USER_ROLE (
	USER_ID varchar(32) NOT NULL,
	ROLE_ID varchar(32) NOT NULL,
	PRIMARY KEY (ROLE_ID,USER_ID),
	KEY FK_USR_ROLE_USR (USER_ID)
) ENGINE=InnoDB DEFAULT CHARSET=utf8;


CREATE TABLE WEB_RESOURCE_ATTRIBUTE (
	ATTRIBUTE_MAP_ID varchar(32) NOT NULL,
	RESOURCE_ID varchar(32) NOT NULL,
	TARGET_ATTRIBUTE_NAME varchar(100) NOT NULL,
	AM_ATTRIBUTE_NAME varchar(100) DEFAULT NULL,
	AM_POLICY_URL varchar(100) DEFAULT NULL,
	PRIMARY KEY (ATTRIBUTE_MAP_ID),
	UNIQUE KEY RESOURCE_ID (RESOURCE_ID,TARGET_ATTRIBUTE_NAME)
) ENGINE=InnoDB DEFAULT CHARSET=utf8;


CREATE TABLE grp_to_grp_membership (
	GROUP_ID varchar(32) NOT NULL,
	MEMBER_GROUP_ID varchar(32) NOT NULL,
	CREATE_DATE timestamp NULL DEFAULT NULL,
	UPDATE_DATE timestamp NULL DEFAULT NULL,
	CREATED_BY varchar(32) DEFAULT NULL,
	UPDATED_BY varchar(32) DEFAULT NULL,
	UNIQUE KEY GROUP_ID (GROUP_ID,MEMBER_GROUP_ID),
	KEY MEMBER_GROUP_ID (MEMBER_GROUP_ID)
) ENGINE=InnoDB DEFAULT CHARSET=utf8;

DELIMITER ;;

CREATE TRIGGER grp_grp_mem_insert 
BEFORE 
INSERT ON grp_to_grp_membership 
	FOR EACH ROW
	BEGIN
		SET NEW.CREATE_DATE = NOW();
		SET NEW.UPDATE_DATE = NOW();
	END ;;

DELIMITER ;


CREATE TABLE res_to_res_membership (
	RESOURCE_ID varchar(32) NOT NULL,
	MEMBER_RESOURCE_ID varchar(32) NOT NULL,
	CREATE_DATE timestamp NULL DEFAULT NULL,
	UPDATE_DATE timestamp NULL DEFAULT NULL,
	CREATED_BY varchar(32) DEFAULT NULL,
	UPDATED_BY varchar(32) DEFAULT NULL,
	UNIQUE KEY RESOURCE_ID (RESOURCE_ID,MEMBER_RESOURCE_ID),
	KEY MEMBER_RESOURCE_ID (MEMBER_RESOURCE_ID)
) ENGINE=InnoDB DEFAULT CHARSET=utf8;

DELIMITER ;;

CREATE TRIGGER res_res_mem_insert
BEFORE
INSERT ON res_to_res_membership
	FOR EACH ROW
	BEGIN
		SET NEW.CREATE_DATE = NOW();
		SET NEW.UPDATE_DATE = NOW();
	END ;;

DELIMITER ;


CREATE TABLE role_to_role_membership (
	ROLE_ID varchar(32) NOT NULL,
	MEMBER_ROLE_ID varchar(32) NOT NULL,
	CREATE_DATE timestamp NULL DEFAULT NULL,
	UPDATE_DATE timestamp NULL DEFAULT NULL,
	CREATED_BY varchar(32) DEFAULT NULL,
	UPDATED_BY varchar(32) DEFAULT NULL,
	UNIQUE KEY ROLE_ID (ROLE_ID,MEMBER_ROLE_ID),
	KEY ROLE_ROLE_MMSP_MEMBER_ROLE_ID (MEMBER_ROLE_ID)
) ENGINE=InnoDB DEFAULT CHARSET=utf8;

DELIMITER ;;

CREATE TRIGGER role_role_mem_insert 
BEFORE 
INSERT ON role_to_role_membership 
	FOR EACH ROW
	BEGIN
		SET NEW.CREATE_DATE = NOW();
		SET NEW.UPDATE_DATE = NOW();
	END ;;

DELIMITER ;


/* Creates constraints */

ALTER TABLE ADDRESS 
	ADD CONSTRAINT ADDRESS_TYPE_FK FOREIGN KEY (TYPE_ID) REFERENCES METADATA_TYPE (TYPE_ID),
	ADD CONSTRAINT ADDRESS_USER_FK FOREIGN KEY (PARENT_ID) REFERENCES USERS (USER_ID);

ALTER TABLE AUTH_ATTRIBUTE 
	ADD CONSTRAINT FK_PROVIDER_TYPE_ATTRIBUTE FOREIGN KEY (PROVIDER_TYPE) REFERENCES AUTH_PROVIDER_TYPE (PROVIDER_TYPE);

ALTER TABLE AUTH_PROVIDER 
	ADD CONSTRAINT FK_MNG_AUTH_PROVIDER FOREIGN KEY (MANAGED_SYS_ID) REFERENCES MANAGED_SYS (MANAGED_SYS_ID),
	ADD CONSTRAINT FK_PROVIDER_TYPE_PROVIDER FOREIGN KEY (PROVIDER_TYPE) REFERENCES AUTH_PROVIDER_TYPE (PROVIDER_TYPE),
	ADD CONSTRAINT FK_RES_AUTH_PROVIDER FOREIGN KEY (RESOURCE_ID) REFERENCES RES (RESOURCE_ID);

ALTER TABLE AUTH_PROVIDER_ATTRIBUTE 
	ADD CONSTRAINT FK_PROVIDER_PROVIDER_ATTRIBUTE FOREIGN KEY (PROVIDER_ID) REFERENCES AUTH_PROVIDER (PROVIDER_ID),
	ADD CONSTRAINT FK_PROVIDER_ATTRIBUTE FOREIGN KEY (AUTH_ATTRIBUTE_ID) REFERENCES AUTH_ATTRIBUTE (AUTH_ATTRIBUTE_ID);

ALTER TABLE AUTH_RESOURCE_ATTRIBUTE_MAP 
	ADD CONSTRAINT FK_AUTH_AM_ATTR FOREIGN KEY (AM_RES_ATTRIBUTE_ID) REFERENCES AUTH_RESOURCE_AM_ATTRIBUTE (AM_RES_ATTRIBUTE_ID),
	ADD CONSTRAINT FK_PROVIDER_AUTH_RES_ATTR_MAP FOREIGN KEY (PROVIDER_ID) REFERENCES AUTH_PROVIDER (PROVIDER_ID);

ALTER TABLE AUTH_STATE 
	ADD CONSTRAINT FK_AUTH_STATE_USERS FOREIGN KEY (USER_ID) REFERENCES USERS (USER_ID);

ALTER TABLE CATEGORY_LANGUAGE 
	ADD CONSTRAINT FK_CATEGORY_LANGUAGE_LANGUAGE FOREIGN KEY (LANGUAGE_ID) REFERENCES LANGUAGE (ID),
	ADD CONSTRAINT FK_CATEGORY_LANGUAGE_CATEGORY FOREIGN KEY (CATEGORY_ID) REFERENCES CATEGORY (CATEGORY_ID) ON DELETE CASCADE;

ALTER TABLE CATEGORY_TYPE 
	ADD CONSTRAINT FK_CATEGORY_METADATA_TYPE FOREIGN KEY (TYPE_ID) REFERENCES METADATA_TYPE (TYPE_ID),
	ADD CONSTRAINT FK_CATEGORY_TYPE_CATEGORY FOREIGN KEY (CATEGORY_ID) REFERENCES CATEGORY (CATEGORY_ID);

ALTER TABLE COMPANY 
	ADD CONSTRAINT COMPANY_ORG_TYPE_FK FOREIGN KEY (ORG_TYPE_ID) REFERENCES ORGANIZATION_TYPE (ORG_TYPE_ID);

ALTER TABLE COMPANY_ATTRIBUTE 
	ADD CONSTRAINT FK_COMPANY_ATTRIBUTE_COMPANY FOREIGN KEY (COMPANY_ID) REFERENCES COMPANY (COMPANY_ID),
	ADD CONSTRAINT FK_COMPANY_METADATA_ELEMENT FOREIGN KEY (METADATA_ID) REFERENCES METADATA_ELEMENT (METADATA_ID);

ALTER TABLE COMPANY_TO_COMPANY_MEMBERSHIP 
	ADD CONSTRAINT COMPANY_COMPANY_PARENT FOREIGN KEY (MEMBER_COMPANY_ID) REFERENCES COMPANY (COMPANY_ID),
	ADD CONSTRAINT COMPANY_COMPANY_CHILD FOREIGN KEY (COMPANY_ID) REFERENCES COMPANY (COMPANY_ID);

ALTER TABLE CONTENT_PROVIDER 
	ADD CONSTRAINT FK_CP_MANAGED_SYS FOREIGN KEY (MANAGED_SYS_ID) REFERENCES MANAGED_SYS (MANAGED_SYS_ID),
	ADD CONSTRAINT CP_AUTH_LEVEL_FK FOREIGN KEY (MIN_AUTH_LEVEL) REFERENCES AUTH_LEVEL (AUTH_LEVEL_ID),
	ADD CONSTRAINT CP_RES_FK FOREIGN KEY (RESOURCE_ID) REFERENCES RES (RESOURCE_ID);

ALTER TABLE CONTENT_PROVIDER_SERVER 
	ADD CONSTRAINT CP_SERVER_CP_FK FOREIGN KEY (CONTENT_PROVIDER_ID) REFERENCES CONTENT_PROVIDER (CONTENT_PROVIDER_ID);

ALTER TABLE CREDENTIALS 
	ADD CONSTRAINT FK_CREDENTIALS_USERS FOREIGN KEY (USER_ID) REFERENCES USERS (USER_ID);

ALTER TABLE EMAIL_ADDRESS 
	ADD CONSTRAINT EMAIL_ADDRESS_TYPE_FK FOREIGN KEY (TYPE_ID) REFERENCES METADATA_TYPE (TYPE_ID),
	ADD CONSTRAINT EMAIL_ADDRESS_USER_FK FOREIGN KEY (PARENT_ID) REFERENCES USERS (USER_ID);

ALTER TABLE EXCLUDE_WORD_LIST 
	ADD CONSTRAINT FK_EXCLUDE_WORD_LIST_LANGUAGE FOREIGN KEY (LANGUAGE_ID) REFERENCES LANGUAGE (ID);

ALTER TABLE GRP 
	ADD CONSTRAINT GRP_MNG_SYS_FK FOREIGN KEY (MANAGED_SYS_ID) REFERENCES MANAGED_SYS (MANAGED_SYS_ID);

ALTER TABLE GRP_ATTRIBUTES 
	ADD CONSTRAINT GRP_ATTR_META_ELMT_FK FOREIGN KEY (METADATA_ID) REFERENCES METADATA_ELEMENT (METADATA_ID),
	ADD CONSTRAINT GRP_ATTRIBUTES_ibfk_1 FOREIGN KEY (GRP_ID) REFERENCES GRP (GRP_ID);

ALTER TABLE GRP_ROLE 
	ADD CONSTRAINT FK_GRP_ROLE_GRP FOREIGN KEY (GRP_ID) REFERENCES GRP (GRP_ID),
	ADD CONSTRAINT FK_GRP_ROLE_ROLE FOREIGN KEY (ROLE_ID) REFERENCES ROLE (ROLE_ID);

ALTER TABLE IDENTITY_QUESTION 
	ADD CONSTRAINT ID_QU_IDEN_QUEST_GRP_FK FOREIGN KEY (IDENTITY_QUEST_GRP_ID) REFERENCES IDENTITY_QUEST_GRP (IDENTITY_QUEST_GRP_ID);

ALTER TABLE LANGUAGE_LOCALE 
	ADD CONSTRAINT LANGUAGE_LOCALE_LANGUAGE_FK FOREIGN KEY (LANGUAGE_ID) REFERENCES LANGUAGE (ID);

ALTER TABLE LANGUAGE_MAPPING 
	ADD CONSTRAINT LANGUAGE_MAPPING_LANGUAGE_FK FOREIGN KEY (LANGUAGE_ID) REFERENCES LANGUAGE (ID);

ALTER TABLE LOGIN 
	ADD CONSTRAINT FK_LOGIN_SERVICE FOREIGN KEY (SERVICE_ID) REFERENCES SECURITY_DOMAIN (DOMAIN_ID),
	ADD CONSTRAINT FK_LOGIN_USERS FOREIGN KEY (USER_ID) REFERENCES USERS (USER_ID);

ALTER TABLE LOGIN_ATTRIBUTE 
	ADD CONSTRAINT LOGIN_ID_LOGIN_ATTR_FK FOREIGN KEY (LOGIN_ID) REFERENCES LOGIN (LOGIN_ID);

ALTER TABLE MANAGED_SYS 
	ADD CONSTRAINT FK_MNG_SYS_PROV_CON FOREIGN KEY (CONNECTOR_ID) REFERENCES PROVISION_CONNECTOR (CONNECTOR_ID);

ALTER TABLE MANAGED_SYS_ATTRIBUTE 
	ADD CONSTRAINT FK_MNG_MNG_ATTR FOREIGN KEY (MANAGED_SYS_ID) REFERENCES MANAGED_SYS (MANAGED_SYS_ID);

ALTER TABLE MD_ELEMENT_VALID_VALUES 
	ADD CONSTRAINT VALID_VALUES_ELEMENT_FK FOREIGN KEY (METADATA_ELEMENT_ID) REFERENCES METADATA_ELEMENT (METADATA_ID);

ALTER TABLE METADATA_ELEMENT 
	ADD CONSTRAINT FK_MD_ELMT_TYPE_FK FOREIGN KEY (TYPE_ID) REFERENCES METADATA_TYPE (TYPE_ID),
	ADD CONSTRAINT METADATA_ELEMENT_RES_FK FOREIGN KEY (RESOURCE_ID) REFERENCES RES (RESOURCE_ID),
	ADD CONSTRAINT METADATA_ELEMENT_TEMPLATE_FK FOREIGN KEY (TEMPLATE_ID) REFERENCES METADATA_ELEMENT_PAGE_TEMPLATE (ID);

ALTER TABLE METADATA_ELEMENT_PAGE_TEMPLATE 
	ADD CONSTRAINT TEMPLATE_TYPE_FK FOREIGN KEY (TEMPLATE_TYPE_ID) REFERENCES UI_TEMPLATE_TYPE (TEMPLATE_TYPE_ID),
	ADD CONSTRAINT METADATA_PAGE_TEMPLATE_RES_FK FOREIGN KEY (RESOURCE_ID) REFERENCES RES (RESOURCE_ID);

ALTER TABLE METADATA_URI_XREF 
	ADD CONSTRAINT TEMPLETE_PATTERN_XREF_FK FOREIGN KEY (TEMPLATE_ID) REFERENCES METADATA_ELEMENT_PAGE_TEMPLATE (ID),
	ADD CONSTRAINT TEMPLATE_PATTERN_XREF_PATTERN_FK FOREIGN KEY (URI_PATTERN_ID) REFERENCES URI_PATTERN (URI_PATTERN_ID);

ALTER TABLE MNG_SYS_GROUP 
	ADD CONSTRAINT Refmanaged_sys831 FOREIGN KEY (MANAGED_SYS_ID) REFERENCES MANAGED_SYS (MANAGED_SYS_ID);

ALTER TABLE MNG_SYS_LIST 
	ADD CONSTRAINT Refmanaged_sys941 FOREIGN KEY (MANAGED_SYS_ID) REFERENCES MANAGED_SYS (MANAGED_SYS_ID),
	ADD CONSTRAINT RefPROV_REQUEST951 FOREIGN KEY (REQUEST_ID) REFERENCES PROV_REQUEST (REQUEST_ID);

ALTER TABLE MNG_SYS_OBJECT_MATCH 
	ADD CONSTRAINT FK_MNG_SYS_OBJ_MATC FOREIGN KEY (MANAGED_SYS_ID) REFERENCES MANAGED_SYS (MANAGED_SYS_ID);

ALTER TABLE ORG_STRUCTURE 
	ADD CONSTRAINT FK_SUPR_USER FOREIGN KEY (SUPERVISOR_ID) REFERENCES USERS (USER_ID),
	ADD CONSTRAINT FK_STAFF_USER FOREIGN KEY (STAFF_ID) REFERENCES USERS (USER_ID);

ALTER TABLE ORG_TYPE_VALID_MEMBERSHIP 
	ADD CONSTRAINT ORG_T_VAL_MEM_SOURCE_FK FOREIGN KEY (ORG_TYPE_ID) REFERENCES ORGANIZATION_TYPE (ORG_TYPE_ID),
	ADD CONSTRAINT ORG_T_VAL_MEM_TARGET_FK FOREIGN KEY (MEMBER_ORG_TYPE_ID) REFERENCES ORGANIZATION_TYPE (ORG_TYPE_ID);

ALTER TABLE PAGE_TEMPLATE_XREF 
	ADD CONSTRAINT META_PG_TEMPLATE_FK FOREIGN KEY (TEMPLATE_ID) REFERENCES METADATA_ELEMENT_PAGE_TEMPLATE (ID),
	ADD CONSTRAINT MD_ELMT_TEMPLATE_FK FOREIGN KEY (METADATA_ELEMENT_ID) REFERENCES METADATA_ELEMENT (METADATA_ID);

ALTER TABLE PHONE 
	ADD CONSTRAINT PHONE_TYPE_FK FOREIGN KEY (TYPE_ID) REFERENCES METADATA_TYPE (TYPE_ID),
	ADD CONSTRAINT PHONE_USER_FK FOREIGN KEY (PARENT_ID) REFERENCES USERS (USER_ID);

ALTER TABLE POLICY_ATTRIBUTE 
	ADD CONSTRAINT FK_POLICY_ATTRIBUTE_POLICY FOREIGN KEY (POLICY_ID) REFERENCES POLICY (POLICY_ID),
	ADD CONSTRAINT POLI_ATTR_POL_DEF_PARAM FOREIGN KEY (DEF_PARAM_ID) REFERENCES POLICY_DEF_PARAM (DEF_PARAM_ID);

ALTER TABLE POLICY_DEF_PARAM 
	ADD CONSTRAINT FK_POLICY_DEF_PARAM_POLICY_DEF FOREIGN KEY (POLICY_DEF_ID) REFERENCES POLICY_DEF (POLICY_DEF_ID);

ALTER TABLE PWD_HISTORY 
	ADD CONSTRAINT LOGIN_ID_PWD_HIST_FK FOREIGN KEY (LOGIN_ID) REFERENCES LOGIN (LOGIN_ID);

ALTER TABLE RECONCILIATION_SITUATION 
	ADD CONSTRAINT RECON_SITUATION FOREIGN KEY (RECON_CONFIG_ID) REFERENCES RECONCILIATION_CONFIG (RECON_CONFIG_ID);

ALTER TABLE RELATIONSHIP 
	ADD CONSTRAINT FK_RELATIONSHIP_RELATION_SET FOREIGN KEY (RELATION_SET_ID) REFERENCES RELATION_SET (RELATION_SET_ID);

ALTER TABLE RELATION_CATEGORY 
	ADD CONSTRAINT REL_CAT_REL_SET_FK FOREIGN KEY (RELATION_SET_ID) REFERENCES RELATION_SET (RELATION_SET_ID),
	ADD CONSTRAINT FK_RELATION_CATEGORY_CATEGORY FOREIGN KEY (CATEGORY_ID) REFERENCES CATEGORY (CATEGORY_ID);

ALTER TABLE RELATION_SOURCE 
	ADD CONSTRAINT FK_RELATION_SOURCE_RELATION_SET FOREIGN KEY (RELATION_SET_ID) REFERENCES RELATION_SET (RELATION_SET_ID),
	ADD CONSTRAINT FK_RELATION_SOURCE_RELATION_TYPE FOREIGN KEY (RELATION_TYPE_ID) REFERENCES RELATION_TYPE (RELATION_TYPE_ID);

ALTER TABLE REQUEST_ATTACHMENT 
	ADD CONSTRAINT RefPROV_REQUEST1001 FOREIGN KEY (REQUEST_ID) REFERENCES PROV_REQUEST (REQUEST_ID);

ALTER TABLE REQUEST_ATTRIBUTE 
	ADD CONSTRAINT RefPROV_REQUEST1011 FOREIGN KEY (REQUEST_ID) REFERENCES PROV_REQUEST (REQUEST_ID);

ALTER TABLE REQUEST_USER 
	ADD CONSTRAINT RefPROV_REQUEST931 FOREIGN KEY (REQUEST_ID) REFERENCES PROV_REQUEST (REQUEST_ID);

ALTER TABLE RES 
	ADD CONSTRAINT FK_RESOURCE_CATEGORY FOREIGN KEY (CATEGORY_ID) REFERENCES CATEGORY (CATEGORY_ID),
	ADD CONSTRAINT FK_RESOURCE_RESOURCE_TYPE FOREIGN KEY (RESOURCE_TYPE_ID) REFERENCES RESOURCE_TYPE (RESOURCE_TYPE_ID);

ALTER TABLE RESOURCE_GROUP 
	ADD CONSTRAINT FK_RESOURCE_GRP FOREIGN KEY (GRP_ID) REFERENCES GRP (GRP_ID),
	ADD CONSTRAINT FK_RESOURCE_GRP_RESOURCE FOREIGN KEY (RESOURCE_ID) REFERENCES RES (RESOURCE_ID);

ALTER TABLE RESOURCE_POLICY 
	ADD CONSTRAINT FK_RESOURCE_POLICY_ROLE FOREIGN KEY (ROLE_ID) REFERENCES ROLE (ROLE_ID),
	ADD CONSTRAINT RS_PL_RS_RSID FOREIGN KEY (RESOURCE_ID) REFERENCES RES (RESOURCE_ID);

ALTER TABLE RESOURCE_PRIVILEGE 
	ADD CONSTRAINT FK_RESOURCE_PRIVILEGE_RES FOREIGN KEY (RESOURCE_ID) REFERENCES RES (RESOURCE_ID);

ALTER TABLE RESOURCE_PROP 
	ADD CONSTRAINT FK_RESOURCE_PROP_RESOURCE FOREIGN KEY (RESOURCE_ID) REFERENCES RES (RESOURCE_ID);

ALTER TABLE RESOURCE_ROLE 
	ADD CONSTRAINT FK_RESOURCE_ROLE_RESOURCE FOREIGN KEY (RESOURCE_ID) REFERENCES RES (RESOURCE_ID),
	ADD CONSTRAINT FK_RESOURCE_ROLE_ROLE FOREIGN KEY (ROLE_ID) REFERENCES ROLE (ROLE_ID);

ALTER TABLE RESOURCE_USER 
	ADD CONSTRAINT FK_RESOURCE_USER_USERS FOREIGN KEY (USER_ID) REFERENCES USERS (USER_ID),
	ADD CONSTRAINT RESOURCE_USER_ibfk_1 FOREIGN KEY (RESOURCE_ID) REFERENCES RES (RESOURCE_ID);

ALTER TABLE ROLE 
	ADD CONSTRAINT ROLE_MNG_SYS_FK FOREIGN KEY (MANAGED_SYS_ID) REFERENCES MANAGED_SYS (MANAGED_SYS_ID),
	ADD CONSTRAINT FK_ROLE_SERVICE FOREIGN KEY (SERVICE_ID) REFERENCES SECURITY_DOMAIN (DOMAIN_ID);

ALTER TABLE ROLE_ATTRIBUTE 
	ADD CONSTRAINT FK_ROLE_ROLE_ATTRIBUTE FOREIGN KEY (ROLE_ID) REFERENCES ROLE (ROLE_ID);

ALTER TABLE ROLE_POLICY 
	ADD CONSTRAINT FK_ROLE_POLICY_ROLE FOREIGN KEY (ROLE_ID) REFERENCES ROLE (ROLE_ID);

ALTER TABLE SERVICE_CONFIG 
	ADD CONSTRAINT FK_SRV_SRV_CONF FOREIGN KEY (SERVICE_ID) REFERENCES SERVICE (SERVICE_ID);

ALTER TABLE SYNCH_CONFIG_DATA_MAPPING 
	ADD CONSTRAINT SYNCH_DATA_MAP FOREIGN KEY (SYNCH_CONFIG_ID) REFERENCES SYNCH_CONFIG (SYNCH_CONFIG_ID);

ALTER TABLE UI_FIELD_TEMPLATE_XREF 
	ADD CONSTRAINT TEMPLATE_XREF_UI_FIELD_FK FOREIGN KEY (UI_FIELD_ID) REFERENCES UI_TEMPLATE_FIELDS (UI_FIELD_ID),
	ADD CONSTRAINT TEMPLATE_XREF_TEMPLATE_FK FOREIGN KEY (TEMPLATE_ID) REFERENCES METADATA_ELEMENT_PAGE_TEMPLATE (ID);

ALTER TABLE UI_TEMPLATE_FIELDS 
	ADD CONSTRAINT TEMPLATE_TYPE_UI_TEMPL_FK FOREIGN KEY (TEMPLATE_TYPE_ID) REFERENCES UI_TEMPLATE_TYPE (TEMPLATE_TYPE_ID);

ALTER TABLE URI_PATTERN 
	ADD CONSTRAINT URI_PATTERN_AUTH_LEVEL_FK FOREIGN KEY (MIN_AUTH_LEVEL) REFERENCES AUTH_LEVEL (AUTH_LEVEL_ID),
	ADD CONSTRAINT URI_PATTERN_RES_FK FOREIGN KEY (RESOURCE_ID) REFERENCES RES (RESOURCE_ID),
	ADD CONSTRAINT URI_PATTERN_CP_FK FOREIGN KEY (CONTENT_PROVIDER_ID) REFERENCES CONTENT_PROVIDER (CONTENT_PROVIDER_ID);

ALTER TABLE URI_PATTERN_META 
	ADD CONSTRAINT URI_PATTERN_META_META_TYPE_FK FOREIGN KEY (URI_PATTERN_META_TYPE_ID) REFERENCES URI_PATTERN_META_TYPE (URI_PATTERN_META_TYPE_ID),
	ADD CONSTRAINT URI_PATTERN_META_URI_PATTERN_FK FOREIGN KEY (URI_PATTERN_ID) REFERENCES URI_PATTERN (URI_PATTERN_ID);

ALTER TABLE URI_PATTERN_META_VALUE 
	ADD CONSTRAINT URI_PATTERN_META_VALUE_AM_FK FOREIGN KEY (AM_RES_ATTRIBUTE_ID) REFERENCES AUTH_RESOURCE_AM_ATTRIBUTE (AM_RES_ATTRIBUTE_ID),
	ADD CONSTRAINT URI_PATTERN_META_VALUE_META_FK FOREIGN KEY (URI_PATTERN_META_ID) REFERENCES URI_PATTERN_META (URI_PATTERN_META_ID);

ALTER TABLE USERS 
	ADD CONSTRAINT FK_USERS_METADATA_TYPE FOREIGN KEY (TYPE_ID) REFERENCES METADATA_TYPE (TYPE_ID);

ALTER TABLE USER_AFFILIATION 
	ADD CONSTRAINT FK_USR_ORG_AFFL FOREIGN KEY (COMPANY_ID) REFERENCES COMPANY (COMPANY_ID),
	ADD CONSTRAINT FK_USR_USER_AFFIL FOREIGN KEY (USER_ID) REFERENCES USERS (USER_ID);

ALTER TABLE USER_ATTACHMENT_REF 
	ADD CONSTRAINT FK_USER_ATTACHMENT_REF_USERS FOREIGN KEY (USER_ID) REFERENCES USERS (USER_ID);

ALTER TABLE USER_ATTRIBUTES 
	ADD CONSTRAINT FK_USR_ATTR_ELMT_FK FOREIGN KEY (METADATA_ID) REFERENCES METADATA_ELEMENT (METADATA_ID),
	ADD CONSTRAINT USER_ATTRIBUTES_ibfk_1 FOREIGN KEY (USER_ID) REFERENCES USERS (USER_ID);

ALTER TABLE USER_DELEGATION_ATTRIBUTE 
	ADD CONSTRAINT USER_DELEGATION_ATTRIBUTE_ibfk_1 FOREIGN KEY (USER_ID) REFERENCES USERS (USER_ID);

ALTER TABLE USER_GRP 
	ADD CONSTRAINT FK_USR_GRP_GPR FOREIGN KEY (GRP_ID) REFERENCES GRP (GRP_ID),
	ADD CONSTRAINT FK_USR_GRP_USR FOREIGN KEY (USER_ID) REFERENCES USERS (USER_ID);

ALTER TABLE USER_IDENTITY_ANS 
	ADD CONSTRAINT FK_ID_AND_QUEST_FK FOREIGN KEY (IDENTITY_QUESTION_ID) REFERENCES IDENTITY_QUESTION (IDENTITY_QUESTION_ID),
	ADD CONSTRAINT FK_USER_IDENTITY_ANS_USERS FOREIGN KEY (USER_ID) REFERENCES USERS (USER_ID);

ALTER TABLE USER_KEY 
	ADD CONSTRAINT FK_USER_KEY_USER_ID FOREIGN KEY (USER_ID) REFERENCES USERS (USER_ID);

ALTER TABLE USER_NOTE 
	ADD CONSTRAINT FK_USER_NOTE_USERS FOREIGN KEY (USER_ID) REFERENCES USERS (USER_ID);

ALTER TABLE USER_ROLE 
	ADD CONSTRAINT FK_USR_ROLE_ROLE FOREIGN KEY (ROLE_ID) REFERENCES ROLE (ROLE_ID),
	ADD CONSTRAINT FK_USR_ROLE_USR FOREIGN KEY (USER_ID) REFERENCES USERS (USER_ID);

ALTER TABLE grp_to_grp_membership 
	ADD CONSTRAINT grp_to_grp_membership_ibfk_1 FOREIGN KEY (GROUP_ID) REFERENCES GRP (GRP_ID),
	ADD CONSTRAINT grp_to_grp_membership_ibfk_2 FOREIGN KEY (MEMBER_GROUP_ID) REFERENCES GRP (GRP_ID);

ALTER TABLE res_to_res_membership 
	ADD CONSTRAINT res_to_res_membership_ibfk_1 FOREIGN KEY (RESOURCE_ID) REFERENCES RES (RESOURCE_ID),
	ADD CONSTRAINT res_to_res_membership_ibfk_2 FOREIGN KEY (MEMBER_RESOURCE_ID) REFERENCES RES (RESOURCE_ID);

ALTER TABLE role_to_role_membership 
	ADD CONSTRAINT role_to_role_membership_ibfk_1 FOREIGN KEY (ROLE_ID) REFERENCES ROLE (ROLE_ID),
	ADD CONSTRAINT role_to_role_membership_ibfk_2 FOREIGN KEY (MEMBER_ROLE_ID) REFERENCES ROLE (ROLE_ID);


/* Create views */

CREATE VIEW USER_PSWD_EXPIRED_YESTERDAY_VW AS 
	select l.LOGIN AS LOGIN,l.SERVICE_ID AS SERVICE_ID,l.MANAGED_SYS_ID AS MANAGED_SYS_ID,
		l.USER_ID AS USER_ID,l.GRACE_PERIOD AS EXPIRATION_DATE,u.FIRST_NAME AS FIRST_NAME,
		u.LAST_NAME AS LAST_NAME,u.STATUS AS STATUS 
	from (LOGIN l join USERS u) 
	where ((l.USER_ID = u.USER_ID) and (l.MANAGED_SYS_ID = 0) and (((l.GRACE_PERIOD is not null) 
		and (cast(l.GRACE_PERIOD as date) = (curdate() - 1))) or ((l.PWD_EXP is not null) 
		and isnull(l.GRACE_PERIOD) and (cast(l.PWD_EXP as date) = (curdate() - 1)))));
USE openiam;

/* Inserts initial data into tables during instalation */

INSERT INTO SERVICE (SERVICE_ID, SERVICE_NAME, STATUS, LOCATION_IP_ADDRESS, COMPANY_OWNER_ID, START_DATE, END_DATE, LICENSE_KEY, SERVICE_TYPE, PARENT_SERVICE_ID, ROOT_RESOURCE_ID, ACCESS_CONTROL_MODEL, PARAM1, PARAM2, PARAM3, PARAM4, PARAM5) VALUES
	('USR_SEC_DOMAIN','USER SECURITY DOMAIN','ON-LINE',NULL,NULL,NULL,NULL,NULL,NULL,NULL,NULL,NULL,NULL,NULL,NULL,NULL,NULL);

INSERT INTO SECURITY_DOMAIN (DOMAIN_ID, NAME, STATUS, AUTH_SYS_ID, LOGIN_MODULE, PASSWORD_POLICY, AUTHENTICATION_POLICY, AUDIT_POLICY) VALUES
	('IDM','IDM','ON-LINE','0',NULL,'4000','4001','4002'),
	('USR_SEC_DOMAIN','DEFAULT DOMAIN','ON-LINE','0',NULL,'4000','4001','4002');

INSERT INTO PROVISION_CONNECTOR (CONNECTOR_ID, NAME, METADATA_TYPE_ID, STD_COMPLIANCE_LEVEL, CLIENT_COMM_PROTOCOL, SERVICE_URL, SERVICE_NAMESPACE, SERVICE_PORT, SERVICE_WSDL, CLASS_NAME, HOST, PORT, CONNECTOR_INTERFACE) VALUES
	('51','LDAP CONNECTOR','LDAP_Connector',NULL,NULL,'localhost:8080/openiam-idm-esb/idmsrvc/LDAPConnectorService','http://www.openiam.org/service/connector','LDAPConnectorServicePort',NULL,NULL,NULL,NULL,NULL),
	('54','Google Apps CONNECTOR','GOOGLE_Connector',NULL,NULL,'localhost:8080/openiam-idm-esb/idmsrvc/GoogleAppsConnectorService','http://www.openiam.org/service/connector','GoogleAppsConnectorServicePort',NULL,NULL,NULL,NULL,NULL),
	('61','AppTableConnector',NULL,NULL,'CLEAR','localhost:9080/openiam-esb/idmsrvc/ApplicationTablesConnector','http://www.openiam.org/service/connector','NA',NULL,NULL,NULL,NULL,'LOCAL'),
	('62','Groovy Script CONNECTOR','SCRIPT_Connector',NULL,NULL,'localhost:8080/openiam-idm-esb/idmsrvc/ScriptConnectorService','http://www.openiam.org/service/connector','NA',NULL,NULL,NULL,NULL,NULL),
	('63','Linux CONNECTOR','LINUX_Connector',NULL,NULL,'localhost:8080/openiam-idm-esb/idmsrvc/LinuxConnectorService','http://www.openiam.org/service/connector','NA',NULL,NULL,NULL,NULL,NULL),
	('64','MySQL CONNECTOR','MySQL Connector',NULL,NULL,'localhost:8080/openiam-idm-esb/idmsrvc/MySQLConnector','http://www.openiam.org/service/connector','NA',NULL,NULL,NULL,NULL,NULL),
	('65','Oracle CONNECTOR','DB_Connector',NULL,NULL,'localhost:8080/openiam-idm-esb/idmsrvc/OracleConnector','http://www.openiam.org/service/connector','NA',NULL,NULL,NULL,NULL,NULL);

INSERT INTO MANAGED_SYS (MANAGED_SYS_ID, NAME, DESCRIPTION, STATUS, CONNECTOR_ID, DOMAIN_ID, HOST_URL, APPL_URL, PORT, COMM_PROTOCOL, USER_ID, PSWD, START_DATE, END_DATE, RESOURCE_ID, PRIMARY_REPOSITORY, SECONDARY_REPOSITORY_ID, ALWAYS_UPDATE_SECONDARY, RES_DEPENDENCY, ADD_HNDLR, MODIFY_HNDLR, DELETE_HNDLR, SETPASS_HNDLR, SUSPEND_HNDLR, SEARCH_HNDLR, LOOKUP_HNDLR, TEST_CONNECTION_HNDLR, RECONCILE_RESOURCE_HNDLR, HNDLR_5, DRIVER_URL, CONNECTION_STRING, ATTRIBUTE_NAMES_LOOKUP, ATTRIBUTE_NAMES_HNDLR, SEARCH_SCOPE) VALUES
	('0','OPENIAM','Primary IDENTITY','ACTIVE',NULL,'USR_SEC_DOMAIN',NULL,NULL,NULL,NULL,NULL,NULL,NULL,NULL,'0',NULL,NULL,NULL,NULL,NULL,NULL,NULL,NULL,NULL,NULL,NULL,NULL,NULL,NULL,NULL,NULL,NULL,NULL,2),
	('101','LDAP','Primary Directory','ACTIVE','51','USR_SEC_DOMAIN','ldap://',NULL,389,'CLEAR',NULL,NULL,NULL,NULL,'101',NULL,NULL,NULL,NULL,NULL,NULL,NULL,NULL,NULL,NULL,NULL,NULL,NULL,NULL,NULL,NULL,NULL,NULL,2),
	('103','Google Apps Connector','Google Apps Connector','ACTIVE','54','USR_SEC_DOMAIN','',NULL,NULL,'CLEAR',NULL,NULL,NULL,NULL,'103',NULL,NULL,NULL,NULL,NULL,NULL,NULL,NULL,NULL,NULL,NULL,NULL,NULL,NULL,NULL,NULL,NULL,NULL,2),
	('104','Test_Script_CONNECTOR','Test Script CONNECTOR','ACTIVE','62','USR_SEC_DOMAIN','',NULL,NULL,'CLEAR',NULL,NULL,NULL,NULL,'104',NULL,NULL,NULL,NULL,NULL,NULL,NULL,NULL,NULL,NULL,NULL,NULL,NULL,NULL,NULL,NULL,NULL,NULL,2),
	('105','Linux CONNECTOR','Linux CONNECTOR','ACTIVE','63','USR_SEC_DOMAIN','',NULL,NULL,'CLEAR',NULL,NULL,NULL,NULL,'105',NULL,NULL,NULL,NULL,NULL,NULL,NULL,NULL,NULL,NULL,NULL,NULL,NULL,NULL,NULL,NULL,NULL,NULL,2),
	('106','MySQL CONNECTOR','MySQL CONNECTOR','ACTIVE','64','USR_SEC_DOMAIN','',NULL,NULL,'CLEAR',NULL,NULL,NULL,NULL,'106',NULL,NULL,NULL,NULL,NULL,NULL,NULL,NULL,NULL,NULL,NULL,NULL,NULL,NULL,NULL,NULL,NULL,NULL,2),
	('110','ACTIVE DIRECTORY','ACTIVE DIRECTORY','ACTIVE','51','USR_SEC_DOMAIN','ldaps://',NULL,636,'CLEAR',NULL,NULL,NULL,NULL,'110',NULL,NULL,NULL,NULL,NULL,NULL,NULL,NULL,NULL,NULL,NULL,NULL,NULL,NULL,NULL,NULL,NULL,NULL,2),
	('111','Oracle Connector','Oracle Connector','ACTIVE','65','USR_SEC_DOMAIN','',NULL,NULL,'CLEAR',NULL,NULL,NULL,NULL,'111',NULL,NULL,NULL,NULL,NULL,NULL,NULL,NULL,NULL,NULL,NULL,NULL,NULL,NULL,NULL,NULL,NULL,NULL,2),
	('113','AppTableMSys',NULL,'ACTIVE','61',NULL,NULL,NULL,NULL,'CLEAR','root',NULL,NULL,NULL,'113',0,NULL,0,NULL,NULL,NULL,NULL,NULL,NULL,NULL,NULL,NULL,NULL,NULL,'com.mysql.jdbc.Driver','jdbc:mysql://localhost/test',NULL,NULL,2);

INSERT INTO MNG_SYS_OBJECT_MATCH (OBJECT_SEARCH_ID, MANAGED_SYS_ID, OBJECT_TYPE, MATCH_METHOD, BASE_DN, SEARCH_BASE_DN, SEARCH_FILTER, KEY_FIELD) VALUES
	('101','101','USER','BASE_DN',NULL,NULL,'(&(objectclass=inetOrgPerson)(?))','uid'),
	('110','110','USER','BASE_DN',NULL,NULL,'(&(objectclass=user)(?))','CN');

INSERT INTO METADATA_TYPE (TYPE_ID, DESCRIPTION, ACTIVE, SYNC_MANAGED_SYS, GROUPING) VALUES
	('ADGroup','AD User type','Y','Y',NULL),
	('ADUser','AD User type','Y','Y',NULL),
	('AD_Connector','Active Directory Connector','Y','Y',NULL),
	('AD_GROUP_TYPE','AD GROUP TYPE','N','N',NULL),
	('AUTHENTICATION_PROVIDER','Authentication Provider','Y','Y',NULL),
	('AUTH_REPO','Authentication Repository','Y','Y',NULL),
	('CELL_PHONE','Cell phone','Y','N','PHONE'),
	('CHECKBOX','Checkbox','Y','N','UI_WIDGET'),
	('CONTENT_PROVIDER','Content Provider','Y','Y',NULL),
	('Contractor','Contractor user type','Y','Y',NULL),
	('DATE','Date field','Y','N','UI_WIDGET'),
	('DEFAULT_GROUP','DEFAULT GROUP TYPE','N','N',NULL),
	('departmentType','Department','Y','Y',NULL),
	('DIRECTORY','Directory','Y','Y',NULL),
	('divisionType','Division','Y','Y',NULL),
	('FILE','File','Y','Y',NULL),
	('GOOGLE_Connector','GOOGLE APPS Connector','Y','Y',NULL),
	('HOME_ADDRESS','Home Address','Y','N','ADDRESS'),
	('HOME_EMAIL','Home Email','Y','N','EMAIL'),
	('HOME_PHONE','Home phone','Y','N','PHONE'),
	('InetOrgPerson','InetOrgPerson user type','Y','Y',NULL),
	('LdapOrgPerson','LdapOrgPerson User type','Y','Y',NULL),
	('LDAP_Connector','LDAP Connector','Y','Y',NULL),
	('LDAP_GROUP_TYPE','LDAP GROUP TYPE','N','N',NULL),
	('LINUX_Connector','Linux Connector','Y','Y',NULL),
	('MANAGED_SYS','Managed System','Y','Y',NULL),
	('MENU_ITEM','Menu Item Type','Y','Y',NULL),
	('MULTI_SELECT','MultiSelect list','Y','N','UI_WIDGET'),
	('NO-PROVISION-APP','Un-Provisionable Apps','Y','Y',NULL),
	('OFFICE_ADDRESS','Office Address','Y','N','ADDRESS'),
	('OFFICE_PHONE','Office phone','Y','N','PHONE'),
	('OrgOpenIAM','OpenIAM','Y','Y',NULL),
	('PASSWORD','Password field','Y','N','UI_WIDGET'),
	('PRIMARY_EMAIL','Primary Email','Y','N','EMAIL'),
	('RADIO','Radio button','Y','N','UI_WIDGET'),
	('RDBMS_Connector','RDBMS Connector','Y','Y',NULL),
	('SCRIPT_Connector','Script Connector','Y','Y',NULL),
	('SELECT','Combo box','Y','N','UI_WIDGET'),
	('SOAP_Connector','SOAP Connector','Y','Y',NULL),
	('SystemAccount','System Account type','Y','Y',NULL),
	('SYS_ACTION','System Actions','Y','Y',NULL),
	('TEXT','Text field','Y','N','UI_WIDGET'),
	('TEXTAREA','Multiline text field','Y','N','UI_WIDGET'),
	('UI_TEMPLATE','UI_TEMPLATE','Y','Y',NULL),
	('UI_WIDGET','UI_WIDGET','Y','Y',NULL),
	('URL','URL','Y','Y',NULL),
	('URL_PATTERN','Url Pattern','Y','Y',NULL),
	('WEBSERVICE','Web Service','Y','Y',NULL),
	('WEBSERVICE_OP','Web Service Operation','Y','Y',NULL),
	('WORK_EMAIL','Work Email','Y','N','EMAIL');

INSERT INTO METADATA_ELEMENT (METADATA_ID, TYPE_ID, ATTRIBUTE_NAME, DESCRIPTION, DATA_TYPE, AUDITABLE, REQUIRED, SELF_EDITABLE, TEMPLATE_ID, RESOURCE_ID, VALIDATOR, STATIC_DEFAULT_VALUE, IS_PUBLIC) VALUES
	('101','InetOrgPerson','Display Name',NULL,NULL,'Y','N','Y',NULL,NULL,NULL,NULL,'Y'),
	('104','InetOrgPerson','Preferred Language',NULL,NULL,'Y','N','Y',NULL,NULL,NULL,NULL,'Y'),
	('105','InetOrgPerson','VehicleLicense',NULL,NULL,'Y','N','Y',NULL,NULL,NULL,NULL,'Y'),
	('106','InetOrgPerson','Given Name',NULL,NULL,'Y','N','Y',NULL,NULL,NULL,NULL,'Y'),
	('107','InetOrgPerson','LabeledURI',NULL,NULL,'Y','N','Y',NULL,NULL,NULL,NULL,'Y'),
	('108','InetOrgPerson','Initials',NULL,NULL,'Y','N','Y',NULL,NULL,NULL,NULL,'Y'),
	('110','InetOrgPerson','BusinessCategory',NULL,NULL,'Y','N','Y',NULL,NULL,NULL,NULL,'Y'),
	('131','Contractor','Display Name',NULL,NULL,'Y','N','Y',NULL,NULL,NULL,NULL,'Y'),
	('134','Contractor','Preferred Language',NULL,NULL,'Y','N','Y',NULL,NULL,NULL,NULL,'Y'),
	('135','Contractor','VehicleLicense',NULL,NULL,'Y','N','Y',NULL,NULL,NULL,NULL,'Y'),
	('136','Contractor','Given Name',NULL,NULL,'Y','N','Y',NULL,NULL,NULL,NULL,'Y'),
	('137','Contractor','LabeledURI',NULL,NULL,'Y','N','Y',NULL,NULL,NULL,NULL,'Y'),
	('138','Contractor','Initials',NULL,NULL,'Y','N','Y',NULL,NULL,NULL,NULL,'Y'),
	('140','DIRECTORY','Display Name',NULL,NULL,'Y','N','N',NULL,NULL,NULL,NULL,'Y'),
	('150','FILE','Display Name',NULL,NULL,'Y','N','N',NULL,NULL,NULL,NULL,'Y'),
	('160','URL','Display Name',NULL,NULL,'Y','N','N',NULL,NULL,NULL,NULL,'Y'),
	('260','Contractor','BusinessCategory',NULL,NULL,'Y','N','Y',NULL,NULL,NULL,NULL,'Y'),
	('261','Contractor','StartDate',NULL,NULL,'Y','N','Y',NULL,NULL,NULL,NULL,'Y'),
	('262','Contractor','EndDate',NULL,NULL,'Y','N','Y',NULL,NULL,NULL,NULL,'Y'),
	('300','LdapOrgPerson','name','',NULL,'Y','N','N',NULL,NULL,NULL,NULL,'Y'),
	('301','LdapOrgPerson','distinguishedName','',NULL,'Y','N','N',NULL,NULL,NULL,NULL,'Y'),
	('302','LdapOrgPerson','objectclass','',NULL,'Y','Y','N',NULL,NULL,NULL,NULL,'Y'),
	('303','LdapOrgPerson','aliasedObjectName','',NULL,'Y','N','N',NULL,NULL,NULL,NULL,'Y'),
	('304','LdapOrgPerson','cn','',NULL,'Y','Y','N',NULL,NULL,NULL,NULL,'Y'),
	('305','LdapOrgPerson','sn','',NULL,'Y','N','N',NULL,NULL,NULL,NULL,'Y'),
	('306','LdapOrgPerson','serialNumber','',NULL,'Y','N','N',NULL,NULL,NULL,NULL,'Y'),
	('307','LdapOrgPerson','c','',NULL,'Y','N','N',NULL,NULL,NULL,NULL,'Y'),
	('308','LdapOrgPerson','l','',NULL,'Y','N','N',NULL,NULL,NULL,NULL,'Y'),
	('309','LdapOrgPerson','st','',NULL,'Y','N','N',NULL,NULL,NULL,NULL,'Y'),
	('310','LdapOrgPerson','street','',NULL,'Y','N','N',NULL,NULL,NULL,NULL,'Y'),
	('311','LdapOrgPerson','o','',NULL,'Y','Y','N',NULL,NULL,NULL,NULL,'Y'),
	('312','LdapOrgPerson','ou','',NULL,'Y','N','N',NULL,NULL,NULL,NULL,'Y'),
	('313','LdapOrgPerson','title','',NULL,'Y','N','N',NULL,NULL,NULL,NULL,'Y'),
	('314','LdapOrgPerson','description','',NULL,'Y','N','N',NULL,NULL,NULL,NULL,'Y'),
	('315','LdapOrgPerson','businessCategory','',NULL,'Y','N','N',NULL,NULL,NULL,NULL,'Y'),
	('316','LdapOrgPerson','postalAddress','',NULL,'Y','N','N',NULL,NULL,NULL,NULL,'Y'),
	('317','LdapOrgPerson','postalCode','',NULL,'Y','N','N',NULL,NULL,NULL,NULL,'Y'),
	('318','LdapOrgPerson','postOfficeBox','',NULL,'Y','N','N',NULL,NULL,NULL,NULL,'Y'),
	('319','LdapOrgPerson','physicalDeliveryOfficeName','',NULL,'Y','N','N',NULL,NULL,NULL,NULL,'Y'),
	('320','LdapOrgPerson','telephoneNumber','',NULL,'Y','N','N',NULL,NULL,NULL,NULL,'Y'),
	('321','LdapOrgPerson','telexNumber','',NULL,'Y','N','N',NULL,NULL,NULL,NULL,'Y'),
	('322','LdapOrgPerson','teletexTerminalIdentifier','',NULL,'Y','N','N',NULL,NULL,NULL,NULL,'Y'),
	('323','LdapOrgPerson','facsimileTelephoneNumber','',NULL,'Y','N','N',NULL,NULL,NULL,NULL,'Y'),
	('324','LdapOrgPerson','x121Address','',NULL,'Y','N','N',NULL,NULL,NULL,NULL,'Y'),
	('325','LdapOrgPerson','internationaliSDNNumber','',NULL,'Y','N','N',NULL,NULL,NULL,NULL,'Y'),
	('326','LdapOrgPerson','registeredAddress','',NULL,'Y','N','N',NULL,NULL,NULL,NULL,'Y'),
	('327','LdapOrgPerson','destinationIndicator','',NULL,'Y','N','N',NULL,NULL,NULL,NULL,'Y'),
	('328','LdapOrgPerson','preferredDeliveryMethod','',NULL,'Y','N','N',NULL,NULL,NULL,NULL,'Y'),
	('329','LdapOrgPerson','presentationAddress','',NULL,'Y','N','N',NULL,NULL,NULL,NULL,'Y'),
	('330','LdapOrgPerson','supportedApplicationContext','',NULL,'Y','N','N',NULL,NULL,NULL,NULL,'Y'),
	('331','LdapOrgPerson','member','',NULL,'Y','N','N',NULL,NULL,NULL,NULL,'Y'),
	('332','LdapOrgPerson','owner','',NULL,'Y','N','N',NULL,NULL,NULL,NULL,'Y'),
	('333','LdapOrgPerson','roleOccupant','',NULL,'Y','N','N',NULL,NULL,NULL,NULL,'Y'),
	('334','LdapOrgPerson','seeAlso','',NULL,'Y','N','N',NULL,NULL,NULL,NULL,'Y'),
	('335','LdapOrgPerson','userPassword','',NULL,'Y','N','N',NULL,NULL,NULL,NULL,'Y'),
	('336','LdapOrgPerson','userCertificate','',NULL,'Y','N','N',NULL,NULL,NULL,NULL,'Y'),
	('337','LdapOrgPerson','cACertificate','',NULL,'Y','N','N',NULL,NULL,NULL,NULL,'Y'),
	('338','LdapOrgPerson','authorityRevocationList','',NULL,'Y','N','N',NULL,NULL,NULL,NULL,'Y'),
	('339','LdapOrgPerson','certificateRevocationList','',NULL,'Y','N','N',NULL,NULL,NULL,NULL,'Y'),
	('340','LdapOrgPerson','crossCertificatePair','',NULL,'Y','N','N',NULL,NULL,NULL,NULL,'Y'),
	('341','LdapOrgPerson','givenName','',NULL,'Y','N','N',NULL,NULL,NULL,NULL,'Y'),
	('342','LdapOrgPerson','initials','',NULL,'Y','N','N',NULL,NULL,NULL,NULL,'Y'),
	('343','LdapOrgPerson','generationQualifier','',NULL,'Y','N','N',NULL,NULL,NULL,NULL,'Y'),
	('344','LdapOrgPerson','x500UniqueIdentifier','',NULL,'Y','N','N',NULL,NULL,NULL,NULL,'Y'),
	('346','LdapOrgPerson','uniqueMember','',NULL,'Y','N','N',NULL,NULL,NULL,NULL,'Y'),
	('347','LdapOrgPerson','houseIdentifier','',NULL,'Y','N','N',NULL,NULL,NULL,NULL,'Y'),
	('348','LdapOrgPerson','uid','',NULL,'Y','N','N',NULL,NULL,NULL,NULL,'Y'),
	('349','LdapOrgPerson','mail','',NULL,'Y','N','N',NULL,NULL,NULL,NULL,'Y'),
	('350','LdapOrgPerson','ref','',NULL,'Y','N','N',NULL,NULL,NULL,NULL,'Y'),
	('351','LdapOrgPerson','referral','',NULL,'Y','N','N',NULL,NULL,NULL,NULL,'Y'),
	('352','LdapOrgPerson','krbName','',NULL,'Y','N','N',NULL,NULL,NULL,NULL,'Y'),
	('401','MANAGED_SYS','SUBMIT_USER_TO_CONNECTOR',NULL,NULL,'Y','N','N',NULL,NULL,NULL,NULL,'Y'),
	('402','MANAGED_SYS','INCLUDE_IN_PASSWORD_SYNC',NULL,NULL,'Y','N','N',NULL,NULL,NULL,NULL,'Y'),
	('405','MANAGED_SYS','INCLUDE_IN_SYNC',NULL,NULL,'Y','N','N',NULL,NULL,NULL,NULL,'Y'),
	('406','MANAGED_SYS','TABLE_NAME',NULL,NULL,'Y','N','N',NULL,NULL,NULL,NULL,'Y'),
	('407','MANAGED_SYS','GROUP_MEMBERSHIP_ENABLED',NULL,NULL,'Y','N','N',NULL,NULL,NULL,NULL,'Y'),
	('408','MANAGED_SYS','ON_DELETE',NULL,NULL,'Y','N','N',NULL,NULL,NULL,NULL,'Y'),
	('409','MANAGED_SYS','PRE_PROCESS',NULL,NULL,'Y','N','N',NULL,NULL,NULL,NULL,'Y'),
	('410','MANAGED_SYS','POST_PROCESS',NULL,NULL,'Y','N','N',NULL,NULL,NULL,NULL,'Y'),
	('411','AUTH_REPO','HOST_URL',NULL,NULL,'Y','N','N',NULL,NULL,NULL,NULL,'Y'),
	('412','AUTH_REPO','BASE_DN',NULL,NULL,'Y','N','N',NULL,NULL,NULL,NULL,'Y'),
	('413','AUTH_REPO','HOST_LOGIN ID',NULL,NULL,'Y','N','N',NULL,NULL,NULL,NULL,'Y'),
	('415','AUTH_REPO','COMMUNICATION_PROTOCOL',NULL,NULL,'Y','N','N',NULL,NULL,NULL,NULL,'Y'),
	('416','AUTH_REPO','OBJECT_CLASS',NULL,NULL,'Y','N','N',NULL,NULL,NULL,NULL,'Y'),
	('418','AUTH_REPO','SEARCH_ATTRIBUTE',NULL,NULL,'Y','N','N',NULL,NULL,NULL,NULL,'Y'),
	('419','AUTH_REPO','MANAGED_SYS_ID',NULL,NULL,'Y','N','N',NULL,NULL,NULL,NULL,'Y'),
	('420','AUTH_REPO','DN_ATTRIBUTE',NULL,NULL,'Y','N','N',NULL,NULL,NULL,NULL,'Y'),
	('421','AUTH_REPO','PASSWORD',NULL,NULL,'Y','N','N',NULL,NULL,NULL,NULL,'Y'),
	('430','WEBSERVICE','END_POINT',NULL,NULL,'Y','N','N',NULL,NULL,NULL,NULL,'Y'),
	('440','WEBSERVICE_OP','OPERATION_NAME',NULL,NULL,'Y','N','N',NULL,NULL,NULL,NULL,'Y'),
	('450','NO-PROVISION-APP','URL',NULL,NULL,'Y','N','N',NULL,NULL,NULL,NULL,'Y');

INSERT INTO ORGANIZATION_TYPE (ORG_TYPE_ID, NAME, DESCRIPTION) VALUES
	('DEPARTMENT','Department',NULL),
	('DIVISION','Division',NULL),
	('ORGANIZATION','Organization',NULL),
	('SUBSIDIARY','Subsidiary',NULL);

INSERT INTO ORG_TYPE_VALID_MEMBERSHIP (ORG_TYPE_ID, MEMBER_ORG_TYPE_ID) VALUES
	('DIVISION','DEPARTMENT'),
	('ORGANIZATION','DEPARTMENT'),
	('ORGANIZATION','DIVISION'),
	('SUBSIDIARY','DIVISION'),
	('ORGANIZATION','SUBSIDIARY');

INSERT INTO COMPANY (COMPANY_ID, COMPANY_NAME, LST_UPDATE, LST_UPDATED_BY, PARENT_ID, STATUS, CREATE_DATE, CREATED_BY, ALIAS, DESCRIPTION, DOMAIN_NAME, LDAP_STR, CLASSIFICATION, INTERNAL_COMPANY_ID, ABBREVIATION, SYMBOL, ORG_TYPE_ID) VALUES
	('100','OpenIAM',NULL,NULL,NULL,'ACTIVE',NULL,NULL,NULL,NULL,'openiam.com',NULL,'ORGANIZATION',NULL,NULL,NULL,'ORGANIZATION'),
	('101','Sales',NULL,NULL,'100','ACTIVE',NULL,NULL,NULL,NULL,NULL,NULL,'DEPARTMENT',NULL,NULL,NULL,'DEPARTMENT'),
	('102','Finance',NULL,NULL,'100','ACTIVE',NULL,NULL,NULL,NULL,NULL,NULL,'DEPARTMENT',NULL,NULL,NULL,'DEPARTMENT'),
	('103','Customer Service',NULL,NULL,'100','ACTIVE',NULL,NULL,NULL,NULL,NULL,NULL,'DEPARTMENT',NULL,NULL,NULL,'DEPARTMENT'),
	('104','IT',NULL,NULL,'100','ACTIVE',NULL,NULL,NULL,NULL,NULL,NULL,'DEPARTMENT',NULL,NULL,NULL,'DEPARTMENT');

INSERT INTO COMPANY_TO_COMPANY_MEMBERSHIP (COMPANY_ID, MEMBER_COMPANY_ID, CREATE_DATE, UPDATE_DATE, CREATED_BY, UPDATED_BY) VALUES
	('100','101',NULL,NULL,NULL,NULL),
	('100','102',NULL,NULL,NULL,NULL),
	('100','103',NULL,NULL,NULL,NULL),
	('100','104',NULL,NULL,NULL,NULL);

INSERT INTO ROLE (SERVICE_ID, ROLE_NAME, CREATE_DATE, CREATED_BY, DESCRIPTION, STATUS, ROLE_ID, MANAGED_SYS_ID) VALUES
	('USR_SEC_DOMAIN','End User',NULL,NULL,NULL,NULL,'1',NULL),
	('USR_SEC_DOMAIN','Help Desk',NULL,NULL,NULL,NULL,'2',NULL),
	('USR_SEC_DOMAIN','Human Resource',NULL,NULL,NULL,NULL,'3',NULL),
	('USR_SEC_DOMAIN','Manager',NULL,NULL,NULL,NULL,'4',NULL),
	('USR_SEC_DOMAIN','Security Manager',NULL,NULL,NULL,NULL,'5',NULL),
	('IDM','Security Admin_IDM',NULL,NULL,NULL,NULL,'6',NULL),
	('USR_SEC_DOMAIN','Security Admin',NULL,NULL,NULL,NULL,'7',NULL),
	('IDM','Super Security Admin',NULL,NULL,NULL,NULL,'9',NULL);

INSERT INTO GRP (GRP_ID, GRP_NAME, CREATE_DATE, CREATED_BY, COMPANY_ID, GROUP_DESC, STATUS, LAST_UPDATE, LAST_UPDATED_BY, MANAGED_SYS_ID) VALUES
	('END_USER_GRP','End User Group',NULL,NULL,NULL,NULL,NULL,NULL,NULL,NULL),
	('HR_GRP','HR Group',NULL,NULL,NULL,NULL,NULL,NULL,NULL,NULL),
	('MNGR_GRP','Manager Group',NULL,NULL,NULL,NULL,NULL,NULL,NULL,NULL),
	('SECURITY_GRP','Security Group',NULL,NULL,NULL,NULL,NULL,NULL,NULL,NULL),
	('SEC_ADMIN_GRP','Sec Admin Group',NULL,NULL,NULL,NULL,NULL,NULL,NULL,NULL),
	('SUPER_SEC_ADMIN_GRP','Super Admin Group',NULL,NULL,NULL,NULL,NULL,NULL,NULL,NULL);

INSERT INTO GRP_ROLE (GRP_ID, ROLE_ID) VALUES
	('END_USER_GRP','1'),
	('HR_GRP','3'),
	('MNGR_GRP','4'),
	('SECURITY_GRP','5'),
	('SUPER_SEC_ADMIN_GRP','9');

INSERT INTO USERS (USER_ID, FIRST_NAME, LAST_NAME, MIDDLE_INIT, TYPE_ID, CLASSIFICATION, TITLE, MAIL_CODE, COST_CENTER, STATUS, SECONDARY_STATUS, BIRTHDATE, SEX, CREATE_DATE, CREATED_BY, LAST_UPDATE, LAST_UPDATED_BY, PREFIX, SUFFIX, USER_TYPE_IND, EMPLOYEE_ID, EMPLOYEE_TYPE, LOCATION_CD, LOCATION_NAME, COMPANY_OWNER_ID, JOB_CODE, ALTERNATE_ID, START_DATE, LAST_DATE, MAIDEN_NAME, NICKNAME, PASSWORD_THEME, SHOW_IN_SEARCH, USER_OWNER_ID, DATE_PASSWORD_CHANGED, DATE_CHALLENGE_RESP_CHANGED, SYSTEM_FLAG, DATE_IT_POLICY_APPROVED) VALUES
	('0001','system','system',NULL,NULL,NULL,NULL,NULL,NULL,'ACTIVE',NULL,NULL,NULL,NULL,NULL,NULL,NULL,NULL,NULL,NULL,NULL,NULL,NULL,NULL,NULL,NULL,NULL,NULL,NULL,NULL,NULL,NULL,NULL,NULL,NULL,NULL,'1',NULL),
	('3000','sys','',NULL,NULL,NULL,NULL,NULL,NULL,'ACTIVE',NULL,NULL,NULL,NULL,NULL,NULL,NULL,NULL,NULL,NULL,NULL,NULL,NULL,NULL,NULL,NULL,NULL,NULL,NULL,NULL,NULL,NULL,NULL,NULL,NULL,NULL,NULL,NULL),
	('3001','sys2','',NULL,NULL,NULL,NULL,NULL,NULL,'ACTIVE',NULL,NULL,NULL,NULL,NULL,NULL,NULL,NULL,NULL,NULL,NULL,NULL,NULL,NULL,NULL,NULL,NULL,NULL,NULL,NULL,NULL,NULL,NULL,NULL,NULL,NULL,NULL,NULL),
	('3006','Scott','Nelson',NULL,NULL,NULL,NULL,NULL,NULL,'ACTIVE',NULL,NULL,NULL,NULL,NULL,NULL,NULL,NULL,NULL,NULL,NULL,NULL,NULL,NULL,NULL,NULL,NULL,NULL,NULL,NULL,NULL,NULL,NULL,NULL,NULL,NULL,NULL,NULL),
	('3007','HR','User',NULL,NULL,NULL,NULL,NULL,NULL,'ACTIVE',NULL,NULL,NULL,NULL,NULL,NULL,NULL,NULL,NULL,NULL,NULL,NULL,NULL,NULL,NULL,NULL,NULL,NULL,NULL,NULL,NULL,NULL,NULL,NULL,NULL,NULL,NULL,NULL),
	('3008','Hiring','Manager',NULL,NULL,NULL,NULL,NULL,NULL,'ACTIVE',NULL,NULL,NULL,NULL,NULL,NULL,NULL,NULL,NULL,NULL,NULL,NULL,NULL,NULL,NULL,NULL,NULL,NULL,NULL,NULL,NULL,NULL,NULL,NULL,NULL,NULL,NULL,NULL),
	('3009','Security','Manager',NULL,NULL,NULL,NULL,NULL,NULL,'ACTIVE',NULL,NULL,NULL,NULL,NULL,NULL,NULL,NULL,NULL,NULL,NULL,NULL,NULL,NULL,NULL,NULL,NULL,NULL,NULL,NULL,NULL,NULL,NULL,NULL,NULL,NULL,NULL,NULL),
	('3010','Help','Desk',NULL,NULL,NULL,NULL,NULL,NULL,'ACTIVE',NULL,NULL,NULL,NULL,NULL,NULL,NULL,NULL,NULL,NULL,NULL,NULL,NULL,NULL,NULL,NULL,NULL,NULL,NULL,NULL,NULL,NULL,NULL,NULL,NULL,NULL,NULL,NULL);

INSERT INTO USER_AFFILIATION (COMPANY_ID, USER_ID, CREATE_DATE) VALUES
	('100','0001',NULL),
	('100','3000',NULL),
	('100','3001',NULL),
	('100','3006',NULL),
	('100','3007',NULL),
	('100','3008',NULL),
	('100','3009',NULL),
	('100','3010',NULL);

INSERT INTO USER_GRP (GRP_ID, USER_ID) VALUES
	('END_USER_GRP','3006'),
	('HR_GRP','3007'),
	('MNGR_GRP','3008'),
	('SECURITY_GRP','3009'),
	('SUPER_SEC_ADMIN_GRP','3000'),
	('SUPER_SEC_ADMIN_GRP','3001');

INSERT INTO USER_ROLE (USER_ID, ROLE_ID) VALUES
	('3010','2');

INSERT INTO POLICY (POLICY_ID, POLICY_DEF_ID, NAME, DESCRIPTION, STATUS, CREATE_DATE, CREATED_BY, LAST_UPDATE, LAST_UPDATED_BY, RULE_SRC_URL, RULE_TEXT, ENABLEMENT) VALUES
	('4000','100','Default Pswd Policy','Default Password Policy',1,NULL,'3000',NULL,NULL,NULL,NULL,1),
	('4001','103','Default Authn Policy','Default Authentication Policy',1,NULL,'3000',NULL,NULL,NULL,NULL,1),
	('4501','104','cn','commonName',1,NULL,'3000',NULL,NULL,'provision/cn.groovy','',1),
	('4502','104','mail','email address',1,NULL,'3000',NULL,NULL,'provision/mail.groovy','',1),
	('4503','104','o','organization name',1,NULL,'3000',NULL,NULL,'provision/o.groovy','',1),
	('4504','104','ou','organizationalUnitName',1,NULL,'3000',NULL,NULL,'provision/ou.groovy','',1),
	('4505','104','postalCode','commonName',1,NULL,'3000',NULL,NULL,'provision/postalCode.groovy','',1),
	('4506','104','sn','surname',1,NULL,'3000',NULL,NULL,'provision/sn.groovy','',1),
	('4507','104','st','stateOrProvinceName',1,NULL,'3000',NULL,NULL,'provision/st.groovy','',1),
	('4508','104','street','streetAddress',1,NULL,'3000',NULL,NULL,'provision/street.groovy','',1),
	('4509','104','userPassword','password',1,NULL,'3000',NULL,NULL,'provision/userPassword.groovy','',1),
	('4510','104','postalAddress','postalAddress',1,NULL,'3000',NULL,NULL,'provision/postalAddress.groovy','',1),
	('4511','104','telephoneNumber','Primary Telephone',1,NULL,'3000',NULL,NULL,'provision/telephone.groovy','',1),
	('4512','104','facsimileTelephoneNumber','Fax',1,NULL,'3000',NULL,NULL,'provision/fax.groovy','',1),
	('4513','104','mobile','mobileTelephoneNumber',1,NULL,'3000',NULL,NULL,'provision/mobile.groovy','',1),
	('4514','104','gn','givenName',1,NULL,'3000',NULL,NULL,'provision/gn.groovy','',1),
	('4515','104','uid','User Id',1,NULL,'3000',NULL,NULL,'provision/uid.groovy','',1),
	('4516','104','departmentCD','Department Code',1,NULL,'3000',NULL,NULL,'provision/deptcd.groovy','',1),
	('4517','104','displayName','Display Name',1,NULL,'3000',NULL,NULL,'provision/displayName.groovy','',1),
	('4518','104','employeeType','Employee Type',1,NULL,'3000',NULL,NULL,'provision/employeeType.groovy','',1),
	('4519','104','initials','Intials',1,NULL,'3000',NULL,NULL,'provision/initials.groovy','',1),
	('4521','104','objectclass','Department Number',1,NULL,'3000',NULL,NULL,'provision/objectclass.groovy','',1),
	('4522','104','title','Title',1,NULL,'3000',NULL,NULL,'provision/title.groovy','',1),
	('4540','104','userDefineEmail','email address',1,NULL,'3000',NULL,NULL,'provision/emailUserDefined.groovy','',1),
	('4541','104','dob','Date of Birth',1,NULL,'3000',NULL,NULL,'provision/dob.groovy','',1),
	('4542','104','middleInit','Middle Initial',1,NULL,'3000',NULL,NULL,'provision/middleInit.groovy','',1),
	('4543','104','employeeId','Employee ID',1,NULL,'3000',NULL,NULL,'provision/employeeId.groovy','',1),
	('4544','104','userDefinedPassword','Password By User',1,NULL,'3000',NULL,NULL,'provision/userDefPassword.groovy','',1),
	('4545','104','userRole','Role Membership',1,NULL,'3000',NULL,NULL,'provision/userRole.groovy','',1),
	('4546','104','userGroup','Group Membership',1,NULL,'3000',NULL,NULL,'provision/userGroup.groovy','',1),
	('4547','104','isEnabled','Is the User Enabled',1,NULL,'3000',NULL,NULL,'provision/isEnabled.groovy','',1),
	('4548','104','GUID','GUID',1,NULL,'3000',NULL,NULL,'provision/guid.groovy','',1),
	('4562','104','principal','PRIMARY_PRINICPAL',1,NULL,NULL,NULL,NULL,'provision/primary_principal.groovy',NULL,1),
	('4563','104','password','PRIMARY_PASSWORD',1,NULL,NULL,NULL,NULL,'provision/primary_pswd.groovy',NULL,1),
	('4564','104','emailAddress','PRIMARY_EMAIL',1,NULL,NULL,NULL,NULL,'provision/primary_email.groovy',NULL,1),
	('4565','104','domain','PRIMARY_DOMAIN',1,NULL,NULL,NULL,NULL,'provision/primaryDomain.groovy',NULL,1),
	('4600','104','userName','Google User Name',1,NULL,'3000',NULL,NULL,'provision/gapps/gappsUid.groovy','',1),
	('4601','104','firstName','Google Fist Name',1,NULL,'3000',NULL,NULL,'provision/gapps/gappsFirstName.groovy','',1),
	('4602','104','lastName','Google Last Name',1,NULL,'3000',NULL,NULL,'provision/gapps/gappsLastName.groovy','',1),
	('4603','104','password','Google Password',1,NULL,'3000',NULL,NULL,'provision/gapps/gappsPassword.groovy','',1),
	('4630','104','ad-sAMAccountName','sAMAccountName',1,NULL,'3000',NULL,NULL,'provision/ad/sAMAccountName.groovy','',1),
	('4631','104','ad-givenName','givenName',1,NULL,'3000',NULL,NULL,'provision/gn.groovy','',1),
	('4632','104','ad-CN','CN',1,NULL,'3000',NULL,NULL,'provision/ad/adCN.groovy','',1),
	('4633','104','ad-ou','ou',1,NULL,'3000',NULL,NULL,'provision/ad/ou.groovy','',1),
	('4634','104','ad-objectclass','objectclass',1,NULL,'3000',NULL,NULL,'provision/ad/objectclass.groovy','',1),
	('4635','104','ad-profilePath','profilePath',1,NULL,'3000',NULL,NULL,'provision/ad/profilePath.groovy','',1),
	('4636','104','ad-homeDirectory','homeDirectory',1,NULL,'3000',NULL,NULL,'provision/ad/homeDirectory.groovy','',1),
	('4637','104','ad-homeDrive','homeDrive',1,NULL,'3000',NULL,NULL,'provision/ad/homeDrive.groovy','',1),
	('4639','104','ad-scriptPath','scriptPath',1,NULL,'3000',NULL,NULL,'provision/ad/scriptPath.groovy','',1),
	('4640','104','ad-company','company',1,NULL,'3000',NULL,NULL,'provision/ad/company.groovy','',1),
	('4642','104','ad-initials','initials',1,NULL,'3000',NULL,NULL,'provision/ad/initials.groovy','',1),
	('4643','104','ad-department','department',1,NULL,'3000',NULL,NULL,'provision/ad/department.groovy','',1),
	('4644','104','ad-telephoneNumber','telephoneNumber',1,NULL,'3000',NULL,NULL,'provision/ad/telephoneNumber.groovy','',1),
	('4645','104','ad-title','title',1,NULL,'3000',NULL,NULL,'provision/ad/title.groovy','',1),
	('4646','104','ad-unicodePwd','unicodePwd',1,NULL,'3000',NULL,NULL,'provision/ad/unicodePwd.groovy','',1),
	('4650','104','ad-userAccountControl','userAccountControl',1,NULL,'3000',NULL,NULL,'provision/ad/userAccountControl.groovy','',1),
	('4651','104','ad-userPrincipalName','userPrincipalName',1,NULL,'3000',NULL,NULL,'provision/ad/userPrincipalName.groovy','',1),
	('4652','104','ad-userGroup','Group Membership',1,NULL,'3000',NULL,NULL,'provision/ad/userGroup.groovy','',1),
	('4653','104','ad-streetAddress','Street Address',1,NULL,'3000',NULL,NULL,'provision/ad/street.groovy','',1),
	('4654','104','ad-city','City',1,NULL,'3000',NULL,NULL,'provision/ad/city.groovy','',1),
	('4655','104','ad-state','State',1,NULL,'3000',NULL,NULL,'provision/ad/state.groovy','',1),
	('4656','104','ad-zip','Zip',1,NULL,'3000',NULL,NULL,'provision/ad/zip.groovy','',1),
	('4657','104','sf-profile-grp','Sales Force Profile Group',1,NULL,'3000',NULL,NULL,'salesforce/salesforce-profile-group.groovy','',1),
	('4660','104','userCreateDate','userCreateDate',1,NULL,'3000',NULL,NULL,'provision/userCreateDate.groovy','',1),
	('4661','104','userCreateDate','userCreateDate',1,NULL,'3000',NULL,NULL,'provision/ext_phone.groovy','',1),
	('4662','104','userCreateDate','userCreateDate',1,NULL,'3000',NULL,NULL,'provision/nmb_phone.groovy','',1);

INSERT INTO POLICY_DEF (POLICY_DEF_ID, NAME, DESCRIPTION, POLICY_TYPE, LOCATION_TYPE, POLICY_RULE, POLICY_HANDLER, POLICY_ADVISE_HANDLER) VALUES
	('100','PASSWORD POLICY','Out of the box Password Policy','2','DB',NULL,NULL,NULL),
	('103','AUTHENTICATION POLICY','Out of the box Authentication Policy','4','DB',NULL,NULL,NULL),
	('104','ATTRIBUTE POLICY','Attribute value policies.','5','DB',NULL,NULL,NULL);

INSERT INTO POLICY_DEF_PARAM (DEF_PARAM_ID, POLICY_DEF_ID, NAME, DESCRIPTION, OPERATION, VALUE1, VALUE2, REPEATS, PARAM_GROUP, HANDLER_LANGUAGE, POLICY_PARAM_HANDLER) VALUES
	('110','100','PWD_HIST_VER','Password history versions',NULL,NULL,NULL,0,'PSWD_COMPOSITION',NULL,'org.openiam.idm.srvc.pswd.rule.PasswordHistoryRule'),
	('111','100','PWD_EXPIRATION','Password expiration',NULL,NULL,NULL,0,'PSWD_CHANGE_RULE',NULL,''),
	('112','100','PWD_LEN','Password length','RANGE',NULL,NULL,0,'PSWD_COMPOSITION',NULL,'org.openiam.idm.srvc.pswd.rule.PasswordLengthRule'),
	('113','100','NUMERIC_CHARS','Numeric characters(Min-Max)','RANGE',NULL,NULL,0,'PSWD_COMPOSITION',NULL,'org.openiam.idm.srvc.pswd.rule.NumericCharRule'),
	('114','100','UPPERCASE_CHARS','Uppercase characters(Min-Max)','RANGE',NULL,NULL,0,'PSWD_COMPOSITION',NULL,'org.openiam.idm.srvc.pswd.rule.UpperCaseRule'),
	('115','100','LOWERCASE_CHARS','Lowercase characters(Min-Max)','RANGE',NULL,NULL,0,'PSWD_COMPOSITION',NULL,'org.openiam.idm.srvc.pswd.rule.LowerCaseRule'),
	('116','100','NON_ALPHA_CHARS','Non-alpha numeric symbols(Min-Max)','RANGE',NULL,NULL,0,'PSWD_COMPOSITION',NULL,'org.openiam.idm.srvc.pswd.rule.NonAlphaNumericRule'),
	('117','100','ALPHA_CHARS','Alpha character(Min-Max)','RANGE',NULL,NULL,0,'PSWD_COMPOSITION',NULL,'org.openiam.idm.srvc.pswd.rule.AlphaCharRule'),
	('121','100','PWD_LOGIN','Reject password = Login Id','boolean',NULL,NULL,0,'PSWD_COMPOSITION',NULL,'org.openiam.idm.srvc.pswd.rule.PasswordNotPrincipalRule'),
	('122','100','PWD_NAME','Reject password = First / Last name','boolean',NULL,NULL,0,'PSWD_COMPOSITION',NULL,'org.openiam.idm.srvc.pswd.rule.PasswordNotNameRule'),
	('129','100','PWD_EXP_WARN','Days to password expiration warning',NULL,NULL,NULL,0,'PSWD_CHANGE_RULE',NULL,NULL),
	('130','100','QUEST_COUNT','Number of questions to display',NULL,NULL,NULL,0,'FORGET_PSWD',NULL,NULL),
	('132','100','QUEST_LIST','Question list',NULL,NULL,NULL,0,'FORGET_PSWD',NULL,NULL),
	('133','100','PWD_EXP_GRACE','Password expiration grace period',NULL,NULL,NULL,0,'PSWD_CHANGE_RULE',NULL,''),
	('134','100','CHNG_PSWD_ON_RESET','Change Password after reset',NULL,NULL,NULL,0,'PSWD_CHANGE_RULE',NULL,''),
	('138','100','PWD_EQ_PWD','RejectPassword Equals password',NULL,NULL,NULL,0,'PSWD_COMPOSITION',NULL,'org.openiam.idm.srvc.pswd.rule.PasswordNotPasswordRule'),
	('139','100','RESET_BY_USER','Reject reset by user',NULL,NULL,NULL,0,'PSWD_CHANGE_RULE',NULL,'org.openiam.idm.srvc.pswd.rule.ChangePasswordByUserRule'),
	('142','100','PASSWORD_CHANGE_ALLOWED','Determines how many times you are allowed to change your password',NULL,NULL,NULL,0,'PSWD_CHANGE_RULE',NULL,'org.openiam.idm.srvc.pswd.rule.PasswordChangeAllowedRule'),
	('151','103','AUTO_UNLOCK_TIME','UnLock account in n minutes',NULL,NULL,NULL,0,NULL,NULL,NULL),
	('152','103','TOKEN_TYPE','SSO Token Type',NULL,NULL,NULL,0,NULL,NULL,NULL),
	('153','103','LOGIN_MODULE_SEL_POLCY','Policy to select the login module',NULL,NULL,NULL,0,NULL,NULL,NULL),
	('154','103','SUCCESS_URL','URL to forward on authn success',NULL,NULL,NULL,0,NULL,NULL,NULL),
	('155','103','FAIL_URL','URL to forward on authn fail',NULL,NULL,NULL,0,NULL,NULL,NULL),
	('157','103','FAILED_AUTH_COUNT','Failed Authentication Attempts',NULL,NULL,NULL,0,NULL,NULL,NULL),
	('158','103','DEFAULT_LOGIN_MOD','Default Login Module',NULL,NULL,NULL,0,NULL,NULL,NULL),
	('159','103','TOKEN_LIFE','SSO Token Type Life',NULL,NULL,NULL,0,NULL,NULL,NULL),
	('162','103','TOKEN_ISSUER','Issuer of the SSO Token',NULL,NULL,NULL,0,NULL,NULL,NULL),
	('163','103','LOGIN_MOD_TYPE','Type of authentication module',NULL,NULL,NULL,0,NULL,NULL,NULL),
	('164','103','AUTH_REPOSITORY','Authentication Repository',NULL,NULL,NULL,0,NULL,NULL,NULL),
	('170','100','REJECT_CHARS_IN_PSWD','Characters not allowed in a password',NULL,NULL,NULL,0,'PSWD_COMPOSITION',NULL,'org.openiam.idm.srvc.pswd.rule.RejectCharactersRule'),
	('171','100','QUEST_ANSWER_CORRECT','Number of answers that are required to be correct',NULL,NULL,NULL,0,'FORGET_PSWD',NULL,NULL),
	('172','103','HOST_LOGIN','Login to the host',NULL,NULL,NULL,0,NULL,NULL,NULL),
	('173','103','HOST_PASSWORD','Password to the host',NULL,NULL,NULL,0,NULL,NULL,NULL),
	('174','103','BASEDN','Type of authentication module',NULL,NULL,NULL,0,NULL,NULL,NULL),
	('175','103','PROTOCOL','Protocol',NULL,NULL,NULL,0,NULL,NULL,NULL),
	('176','103','KEY_ATTRIBUTE','Name of the Primary Key Attribute',NULL,NULL,NULL,0,NULL,NULL,NULL),
	('178','103','MANAGED_SYS_ID','Managed system Id',NULL,NULL,NULL,0,NULL,NULL,NULL),
	('179','103','HOST_URL','URL of the host system',NULL,NULL,NULL,0,NULL,NULL,NULL),
	('180','100','MIN_WORDS_PASSPHRASE','Minimum number of words in the phrase',NULL,'',NULL,NULL,'PSWD_COMPOSITION',NULL,'org.openiam.idm.srvc.pswd.rule.PassphraseMinWordsRule'),
	('181','100','REPEAT_SAME_WORD_PASSPHRASE','Repetition of the same word in the phrase',NULL,NULL,NULL,NULL,'PSWD_COMPOSITION',NULL,'org.openiam.idm.srvc.pswd.rule.PassphraseRepeatWordRule'),
	('182','100','LIMIT_NUM_REPEAT_CHAR','Limit the repetition of same character',NULL,NULL,NULL,NULL,'PSWD_COMPOSITION',NULL,'org.openiam.idm.srvc.pswd.rule.LimitNumberRepeatCharRule'),
	('183','100','PWD_PASSWORD','Cannot repeat same Password',NULL,NULL,NULL,NULL,'PSWD_COMPOSITION',NULL,'org.openiam.idm.srvc.pswd.rule.PasswordNotPasswordRule'),
	('NUM_DAYS_FRGT_PWD_TOKEN_VALID','100','NUM_DAYS_FORGET_PWD_TOKEN_VALID','Number of days the forgot password token is valid',NULL,NULL,NULL,NULL,'FORGET_PSWD',NULL,NULL);

INSERT INTO POLICY_ATTRIBUTE (POLICY_ATTR_ID, DEF_PARAM_ID, POLICY_ID, NAME, OPERATION, VALUE1, VALUE2, RULE_TEXT, REQUIRED) VALUES
	('4000','116','4000','NON_ALPHA_CHARS','RANGE',NULL,NULL,NULL,'Y'),
	('4004','117','4000','ALPHA_CHARS','RANGE','',NULL,NULL,'Y'),
	('4007','114','4000','UPPERCASE_CHARS','RANGE',NULL,NULL,NULL,'Y'),
	('4008','113','4000','NUMERIC_CHARS','RANGE','1',NULL,NULL,'Y'),
	('4010','122','4000','PWD_NAME','boolean',NULL,NULL,NULL,'Y'),
	('4011','112','4000','PWD_LEN','RANGE','8','12',NULL,'Y'),
	('4013','110','4000','PWD_HIST_VER',NULL,'6',NULL,NULL,'Y'),
	('4015','132','4000','QUEST_LIST',NULL,NULL,NULL,NULL,'Y'),
	('4016','130','4000','QUEST_COUNT',NULL,'3',NULL,NULL,'Y'),
	('4017','121','4000','PWD_LOGIN','boolean',NULL,NULL,NULL,'Y'),
	('4019','115','4000','LOWERCASE_CHARS','RANGE',NULL,NULL,NULL,'Y'),
	('4020','129','4000','PWD_EXP_WARN',NULL,'2',NULL,NULL,'Y'),
	('4023','111','4000','PWD_EXPIRATION',NULL,'90',NULL,NULL,'Y'),
	('4050','133','4000','PWD_EXP_GRACE',NULL,'1',NULL,NULL,'Y'),
	('4051','134','4000','CHNG_PSWD_ON_RESET',NULL,'1',NULL,NULL,'Y'),
	('4052','180','4000','MIN_WORDS_PASSPHRASE',NULL,'',NULL,NULL,'Y'),
	('4053','181','4000','REPEAT_SAME_WORD_PASSPHRASE',NULL,'',NULL,NULL,'Y'),
	('4054','182','4000','LIMIT_NUM_REPEAT_CHAR',NULL,NULL,NULL,NULL,'Y'),
	('4055','142','4000','PASSWORD_CHANGE_ALLOWED',NULL,'1',NULL,NULL,'Y'),
	('4056','170','4000','REJECT_CHARS_IN_PSWD',NULL,'<>',NULL,NULL,'Y'),
	('4057','171','4000','QUEST_ANSWER_CORRECT',NULL,'3',NULL,NULL,'Y'),
	('4101','151','4001','AUTO_UNLOCK_TIME','','30',NULL,NULL,'Y'),
	('4102','152','4001','TOKEN_TYPE','','OPENIAM_TOKEN',NULL,NULL,'Y'),
	('4103','153','4001','LOGIN_MODULE_SEL_POLCY','','',NULL,NULL,'Y'),
	('4104','154','4001','SUCCESS_URL','','',NULL,NULL,'Y'),
	('4105','155','4001','FAIL_URL','','',NULL,NULL,'Y'),
	('4107','157','4001','FAILED_AUTH_COUNT','','3',NULL,NULL,'Y'),
	('4108','158','4001','DEFAULT_LOGIN_MOD','','defaultLoginModule',NULL,NULL,'Y'),
	('4109','159','4001','TOKEN_LIFE','','30',NULL,NULL,'Y'),
	('4110','162','4001','TOKEN_ISSUER','','openiam',NULL,NULL,'Y'),
	('4111','163','4001','LOGIN_MOD_TYPE','','1',NULL,NULL,'Y'),
	('4112','164','4001','AUTH_REPOSITORY','',NULL,NULL,NULL,'Y'),
	('4200','183','4000','PWD_PASSWORD',NULL,NULL,NULL,NULL,'Y'),
	('NUM_DAYS_FRGT_PWD_TOKEN_VALID','NUM_DAYS_FRGT_PWD_TOKEN_VALID','4000','NUM_DAYS_FORGET_PWD_TOKEN_VALID',NULL,NULL,NULL,NULL,'Y');

INSERT INTO POLICY_OBJECT_ASSOC (POLICY_OBJECT_ID, POLICY_ID, ASSOCIATION_LEVEL, ASSOCIATION_VALUE, OBJECT_TYPE, OBJECT_ID, PARENT_ASSOC_ID) VALUES
	('1100','4000','GLOBAL','GLOBAL',NULL,NULL,NULL);

INSERT INTO RESOURCE_TYPE (RESOURCE_TYPE_ID, DESCRIPTION, METADATA_TYPE_ID, PROVISION_RESOURCE, PROCESS_NAME) VALUES
	('AUTH_PROVIDER','Authentication Provider','AUTHENTICATION_PROVIDER',NULL,NULL),
	('AUTH_REPO','Authentication Repository','AUTH_REPO',NULL,NULL),
	('CONTENT_PROVIDER','Content Provider','CONTENT_PROVIDER',NULL,NULL),
	('MANAGED_SYS','Managed Systems','MANAGED_SYSTEM',1,NULL),
	('MENU_ITEM','Menus','MENU_ITEM',NULL,NULL),
	('SYS_ACTION','System Action','SYS_ACTION',0,NULL),
	('UI_TEMPLATE','UI Template','UI_TEMPLATE',NULL,NULL),
	('UI_WIDGET','UI Widget','UI_WIDGET',NULL,NULL),
	('URL_PATTERN','Url Pattern','URL_PATTERN',NULL,NULL);

INSERT INTO RES (RESOURCE_ID, RESOURCE_TYPE_ID, DESCRIPTION, NAME, BRANCH_ID, CATEGORY_ID, DISPLAY_ORDER, URL, RES_OWNER_GROUP_ID, RES_OWNER_USER_ID, MIN_AUTH_LEVEL, DOMAIN, IS_PUBLIC, IS_SSL) VALUES
	('0','MANAGED_SYS',NULL,'OPENIAM',NULL,NULL,1,NULL,NULL,NULL,NULL,NULL,'Y','N'),
	('101','MANAGED_SYS',NULL,'LDAP',NULL,NULL,2,NULL,NULL,NULL,NULL,NULL,'Y','N'),
	('103','MANAGED_SYS',NULL,'Google App Con',NULL,NULL,3,NULL,NULL,NULL,NULL,NULL,'Y','N'),
	('104','MANAGED_SYS',NULL,'Groovy Script Con',NULL,NULL,4,NULL,NULL,NULL,NULL,NULL,'Y','N'),
	('105','MANAGED_SYS',NULL,'Linux Con',NULL,NULL,5,NULL,NULL,NULL,NULL,NULL,'Y','N'),
	('106','MANAGED_SYS',NULL,'MySQL Con',NULL,NULL,6,NULL,NULL,NULL,NULL,NULL,'Y','N'),
	('110','MANAGED_SYS',NULL,'ACTIVE DIRECTORY',NULL,NULL,3,NULL,NULL,NULL,NULL,NULL,'Y','N'),
	('111','MANAGED_SYS',NULL,'Oracle Connector',NULL,NULL,4,NULL,NULL,NULL,NULL,NULL,'Y','N'),
	('113','MANAGED_SYS',NULL,'AppTableMSys',NULL,NULL,NULL,NULL,NULL,NULL,NULL,NULL,'N','N'),
	('ABOUT','MENU_ITEM','About OpenIAM','ABOUT',NULL,NULL,3,'/webconsole/about.html',NULL,NULL,NULL,NULL,'Y','N'),
	('ABOUT_ROOT_MENU','MENU_ITEM','About OpenIAM','ABOUT_ROOT_MENU',NULL,NULL,1,NULL,NULL,NULL,NULL,NULL,'Y','N'),
	('ACCESSCENTER','MENU_ITEM','Access Management Center','ACCESSCENTER',NULL,NULL,1,NULL,NULL,NULL,NULL,NULL,'N','N'),
	('ACC_CONTROL','MENU_ITEM','Access Control','ACC_CONTROL',NULL,NULL,2,'javascript:void(0);',NULL,NULL,NULL,NULL,'N','N'),
	('ADMIN','MENU_ITEM','Administration','ADMIN',NULL,NULL,6,'javascript:void(0);',NULL,NULL,NULL,NULL,'N','N'),
	('ADMIN_BATCH_TASKS','MENU_ITEM','Batch Tasks','ADMIN_BATCH_TASKS',NULL,NULL,1,'/webconsole-idm/provisioning/batchTaskSearch.html',NULL,NULL,NULL,NULL,'Y','N'),
	('AM_PROV_AM_ATTR','MENU_ITEM','Create Authentication Provider','AM_PROV_AM_ATTR',NULL,NULL,1,'/webconsole-am/authProviderAMAttributes.html',NULL,NULL,NULL,NULL,'Y','N'),
	('AM_PROV_EDIT','MENU_ITEM','Authentication Provider Edit Menu','AM_PROV_EDIT',NULL,NULL,1,NULL,NULL,NULL,NULL,NULL,'Y','N'),
	('AM_PROV_EDIT_CURRENT','MENU_ITEM','Back to Search','AM_PROV_EDIT_CURRENT',NULL,NULL,1,'/webconsole-am/editAuthProvider.html',NULL,NULL,NULL,NULL,'Y','N'),
	('AM_PROV_EDIT_SEARCH','MENU_ITEM','Back to Search','AM_PROV_EDIT_SEARCH',NULL,NULL,1,'/webconsole-am/authenticationProviders.html',NULL,NULL,NULL,NULL,'Y','N'),
	('AM_PROV_NEW','MENU_ITEM','Create Authentication Provider','AM_PROV_NEW',NULL,NULL,1,'/webconsole-am/newAuthProvider.html',NULL,NULL,NULL,NULL,'Y','N'),
	('AM_PROV_NEW_EDIT','MENU_ITEM','Create Authentication Provider','AM_PROV_NEW_EDIT',NULL,NULL,1,'/webconsole-am/newAuthProvider.html',NULL,NULL,NULL,NULL,'Y','N'),
	('AM_PROV_ROOT','MENU_ITEM','Authentication Provider Root Menu','AM_PROV_ROOT',NULL,NULL,1,NULL,NULL,NULL,NULL,NULL,'Y','N'),
	('AM_PROV_SEARCH','MENU_ITEM','Search Authentication Providers','AM_PROV_SEARCH',NULL,NULL,1,'/webconsole-am/authenticationProviders.html',NULL,NULL,NULL,NULL,'Y','N'),
	('AM_PROV_SEARCH_CHILD','MENU_ITEM','Authentication Provider Search','AM_PROV_SEARCH_CHILD',NULL,NULL,1,'/webconsole-am/authenticationProviders.html',NULL,NULL,NULL,NULL,'Y','N'),
	('ASSOC_POLICY','MENU_ITEM','Associate Policy','ASSOC_POLICY',NULL,NULL,1,'/webconsole/assocPasswordPolicy.html',NULL,NULL,NULL,NULL,'Y','N'),
	('ATTRIBUTE_POLICY','MENU_ITEM','Attribute policy','ATTRIBUTE_POLICY',NULL,NULL,2,'/webconsole/attributePolicy.html',NULL,NULL,NULL,NULL,'Y','N'),
	('AUDITREPORT','MENU_ITEM','Audit Information Reports','AUDITREPORT',NULL,NULL,2,'',NULL,NULL,NULL,NULL,'N','N'),
	('AUDIT_RPT','MENU_ITEM','Audit Report','AUDIT_RPT',NULL,NULL,1,'auditReport.cnt',NULL,NULL,NULL,NULL,'N','N'),
	('AUTHENTICATION_POLICY','MENU_ITEM','Authentication policy','AUTHENTICATION_POLICY',NULL,NULL,2,'/webconsole/authenticationPolicy.html',NULL,NULL,NULL,NULL,'Y','N'),
	('AUTHENTICATION_POLICY_ROOT_MENU','MENU_ITEM','Root for Authentication policy Context Menu','AUTHENTICATION_POLICY_ROOT_MENU',NULL,NULL,1,NULL,NULL,NULL,NULL,NULL,'Y','N'),
	('BACK_TO_CP','MENU_ITEM','Back To Content Provider','BACK_TO_CP',NULL,NULL,1,'/webconsole-am/editContentProvider.html',NULL,NULL,NULL,NULL,'Y','N'),
	('BATCH_PROC','MENU_ITEM','Batch Processes','BATCH_PROC',NULL,NULL,4,'batchList.cnt',NULL,NULL,NULL,NULL,'N','N'),
	('BATCH_TASK_EDIT','MENU_ITEM','Batch Task Edit','BATCH_TASK_EDIT',NULL,NULL,1,NULL,NULL,NULL,NULL,NULL,'Y','N'),
	('BATCH_TASK_ROOT','MENU_ITEM','Batch Task Root','BATCH_TASK_ROOT',NULL,NULL,1,NULL,NULL,NULL,NULL,NULL,'Y','N'),
	('CHALLENGE','MENU_ITEM','Challenge Quest','CHALLENGE',NULL,NULL,3,'challengeQuestList.cnt',NULL,NULL,NULL,NULL,'N','N'),
	('CHALLENGE_RESPONSE_QUESTION','MENU_ITEM','Challenge Response Question','CHALLENGE_RESPONSE_QUESTION',NULL,NULL,3,'/webconsole/challengeResponseQuestion.html',NULL,NULL,NULL,NULL,'Y','N'),
	('CHALLENGE_RESPONSE_QUESTION_NEW','MENU_ITEM','New Question','CHALLENGE_RESPONSE_QUESTION_NEW',NULL,NULL,1,'/webconsole/editChallengeResponseQuestion.html',NULL,NULL,NULL,NULL,'Y','N'),
	('CHALLENGE_RESPONSE_QUESTION_ROOT','MENU_ITEM','Challenge Response Question Root Menu','CHALLENGE_RESPONSE_QUESTION_ROOT',NULL,NULL,1,NULL,NULL,NULL,NULL,NULL,'Y','N'),
	('CHNGPSWD','MENU_ITEM','Change Password','CHNGPSWD',NULL,NULL,3,'/idp/changePassword.html',NULL,NULL,NULL,NULL,'Y','N'),
	('CONF_POLICY_PAGE','MENU_ITEM','Configure IT Policy','IT_POLICY_PAGE',NULL,NULL,1,'/webconsole/configurePolicy.html',NULL,NULL,NULL,NULL,'Y','N'),
	('CONTENT_PROV_EDIT','MENU_ITEM','Content Provider Edit Menu','CONTENT_PROV_EDIT',NULL,NULL,1,NULL,NULL,NULL,NULL,NULL,'Y','N'),
	('CONTENT_PROV_EDIT_CURRENT','MENU_ITEM','Edit Current Provider','CONTENT_PROV_EDIT_CURRENT',NULL,NULL,1,'/webconsole-am/editContentProvider.html',NULL,NULL,NULL,NULL,'Y','N'),
	('CONTENT_PROV_EDIT_SEARCH','MENU_ITEM','Back to Search','CONTENT_PROV_EDIT_SEARCH',NULL,NULL,1,'/webconsole-am/contentProviders.html',NULL,NULL,NULL,NULL,'Y','N'),
	('CONTENT_PROV_NEW','MENU_ITEM','Create Content Provider','CONTENT_PROV_NEW',NULL,NULL,1,'/webconsole-am/newContentProvider.html',NULL,NULL,NULL,NULL,'Y','N'),
	('CONTENT_PROV_NEW_EDIT','MENU_ITEM','Create Content Provider','CONTENT_PROV_NEW_EDIT',NULL,NULL,1,'/webconsole-am/newContentProvider.html',NULL,NULL,NULL,NULL,'Y','N'),
	('CONTENT_PROV_ROOT','MENU_ITEM','Content Provider Root Menu','CONTENT_PROV_ROOT',NULL,NULL,1,NULL,NULL,NULL,NULL,NULL,'Y','N'),
	('CONTENT_PROV_SEARCH','MENU_ITEM','Search Content Providers','CONTENT_PROV_SEARCH',NULL,NULL,1,'/webconsole-am/contentProviders.html',NULL,NULL,NULL,NULL,'Y','N'),
	('CONTENT_PROV_SEARCH_CHILD','MENU_ITEM','Content Provider Search','CONTENT_PROV_SEARCH_CHILD',NULL,NULL,1,'/webconsole-am/contentProviders.html',NULL,NULL,NULL,NULL,'Y','N'),
	('CREATEREQ','MENU_ITEM','Change Access','CREATEREQ',NULL,NULL,4,'/selfservice/users.html',NULL,NULL,NULL,NULL,'N','N'),
	('CREATE_RESOURCE_MENU','MENU_ITEM','Resource for Menu Creation','CREATE_RESOURCE_MENU',NULL,NULL,1,'/webconsole/editResource.html',NULL,NULL,NULL,NULL,'Y','N'),
	('CUSTOM_FIELD_EDIT','MENU_ITEM','Custom Field Edit Menu','CUSTOM_FIELD_EDIT',NULL,NULL,1,NULL,NULL,NULL,NULL,NULL,'Y','N'),
	('CUSTOM_FIELD_EDIT_NEW','MENU_ITEM','Create New Custom Field','CUSTOM_FIELD_EDIT_NEW',NULL,NULL,1,'/webconsole/newCustomField.html',NULL,NULL,NULL,NULL,'Y','N'),
	('CUSTOM_FIELD_EDIT_SEARCH','MENU_ITEM','Back to Search','CUSTOM_FIELD_EDIT_SEARCH',NULL,NULL,1,'/webconsole/customFields.html',NULL,NULL,NULL,NULL,'Y','N'),
	('CUSTOM_FIELD_NEW','MENU_ITEM','Create New Custom Field','CUSTOM_FIELD_NEW',NULL,NULL,1,'/webconsole/newCustomField.html',NULL,NULL,NULL,NULL,'Y','N'),
	('CUSTOM_FIELD_ROOT','MENU_ITEM','Custom Field Root Menu','CUSTOM_FIELD_ROOT',NULL,NULL,1,NULL,NULL,NULL,NULL,NULL,'Y','N'),
	('CUSTOM_FIELD_SEARCH','MENU_ITEM','Search Custom Fields','CUSTOM_FIELD_SEARCH',NULL,NULL,1,'/webconsole/customFields.html',NULL,NULL,NULL,NULL,'Y','N'),
	('CUSTOM_FIELD_SEARCH_CHILD','MENU_ITEM','Custom Field Search','CUSTOM_FIELD_SEARCH_CHILD',NULL,NULL,1,'/webconsole/customFields.html',NULL,NULL,NULL,NULL,'Y','N'),
	('DELG_FILTER','MENU_ITEM','Delegation Filter','DELG_FILTER',NULL,NULL,8,'userDelegationFilter.cnt',NULL,NULL,NULL,NULL,'N','N'),
	('DIRECTORY','MENU_ITEM','Directory Lookup','DIRECTORY',NULL,NULL,1,'pub/directory.do?method=view',NULL,NULL,NULL,NULL,'N','N'),
	('DIR_LOOKUP_PAGE','MENU_ITEM','Directory Lookup','DIR_LOOKUP_PAGE',NULL,NULL,5,'/selfservice/dirLookup.html',NULL,NULL,NULL,NULL,'Y','N'),
	('EDIT_BATCH_TASK','MENU_ITEM','Edit Batch Task','EDIT_BATCH_TASK',NULL,NULL,1,'/webconsole-idm/provisioning/batchTask.html',NULL,NULL,NULL,NULL,'Y','N'),
	('EDIT_GROUP','MENU_ITEM','Edit Group','EDIT_GROUP',NULL,NULL,1,'/webconsole/editGroup.html',NULL,NULL,NULL,NULL,'Y','N'),
	('EDIT_ORG','MENU_ITEM','Edit Organization','EDIT_ORG',NULL,NULL,1,'/webconsole/editOrganization.html',NULL,NULL,NULL,NULL,'Y','N'),
	('EDIT_ORG_MEMBERSHIP','MENU_ITEM','Membership','EDIT_ORG_MEMBERSHIP',NULL,NULL,1,'/webconsole/organizationTypeMembership.html',NULL,NULL,NULL,NULL,'Y','N'),
	('EDIT_ORG_TYPE','MENU_ITEM','Edit Organization Type','EDIT_ORG_TYPE',NULL,NULL,1,'/webconsole/organizationTypeEdit.html',NULL,NULL,NULL,NULL,'Y','N'),
	('EDIT_ORG_TYPE_IDMAN','MENU_ITEM','Membership','EDIT_ORG_TYPE_IDMAN',NULL,NULL,1,'/webconsole/organizationTypeSearch.html',NULL,NULL,NULL,NULL,'Y','N'),
	('EDIT_POLICY_ATTR_SRCH_BCK','MENU_ITEM','Back to Search','EDIT_POLICY_ATTR_SRCH_BCK',NULL,NULL,2,'/webconsole/attributePolicy.html',NULL,NULL,NULL,NULL,'Y','N'),
	('EDIT_RESOURCE','MENU_ITEM','Edit Resource','EDIT_RESOURCE',NULL,NULL,1,'/webconsole/editResource.html',NULL,NULL,NULL,NULL,'Y','N'),
	('EDIT_ROLE','MENU_ITEM','Role Menus','EDIT_ROLE',NULL,NULL,1,'/webconsole/editRole.html',NULL,NULL,NULL,NULL,'Y','N'),
	('GROUP_EDIT_MENU','MENU_ITEM','Group Edit Menus','GROUP_EDIT_MENU',NULL,NULL,1,NULL,NULL,NULL,NULL,NULL,'Y','N'),
	('GROUP_ENTITLEMENTS','MENU_ITEM','Group Entitlements','GROUP_ENTITLEMENTS',NULL,NULL,1,'/webconsole/groupEntitlements.html',NULL,NULL,NULL,NULL,'Y','N'),
	('GROUP_MENUS','MENU_ITEM','Group Menus','GROUP_MENUS',NULL,NULL,1,'/webconsole/groupMenuTree.html',NULL,NULL,NULL,NULL,'N','N'),
	('GROUP_ROOT_MENU','MENU_ITEM','Group Menus','GROUP_ROOT_MENU',NULL,NULL,1,'/webconsole/groups.html',NULL,NULL,NULL,NULL,'Y','N'),
	('GROUP_SEARCH','MENU_ITEM','Group Search','GROUP_SEARCH',NULL,NULL,1,'/webconsole/groups.html',NULL,NULL,NULL,NULL,'Y','N'),
	('GRP_APROVER_ASSOC','MENU_ITEM','Approver Associations','GRP_APROVER_ASSOC',NULL,NULL,1,'/webconsole-idm/provisioning/groupApproverAssociations.html',NULL,NULL,NULL,NULL,'Y','N'),
	('IDM','MENU_ITEM','IDENTITY MANAGER','IDM',NULL,NULL,1,'javascript:void(0);',NULL,NULL,NULL,NULL,'Y','N'),
	('IDMAN','MENU_ITEM','User Admin','IDMAN',NULL,NULL,1,'/webconsole/users.html',NULL,NULL,NULL,NULL,'N','N'),
	('IDQUEST','MENU_ITEM','Challenge Response','IDQUEST',NULL,NULL,4,'/selfservice/challengeResponse.html',NULL,NULL,NULL,NULL,'Y','N'),
	('LOCATION','MENU_ITEM','Location','LOCATION',NULL,NULL,2,'locationList.cnt',NULL,NULL,NULL,NULL,'N','N'),
	('MANAGEREQ','MENU_ITEM','Request History','MANAGEREQ',NULL,NULL,5,'/selfservice/taskHistory.html',NULL,NULL,NULL,NULL,'N','N'),
	('MANUALRECON','MENU_ITEM','Manual reconciliation','MANUALRECON',NULL,NULL,6,'/webconsole/manual-reconciliation.html',NULL,NULL,NULL,NULL,'Y','N'),
	('METADATA','MENU_ITEM','Metadata','METADATA',NULL,NULL,5,'metadataTypeList.cnt',NULL,NULL,NULL,NULL,'N','N'),
	('MNGSYS','MENU_ITEM','Managed Connections','MNGSYS',NULL,NULL,4,'/webconsole-idm/provisioning/mngsystemlist.html',NULL,NULL,NULL,NULL,'N','N'),
	('MNGSYSRULES','MENU_ITEM','Managed system roles','MNGSYSRULES',NULL,NULL,3,'/webconsole-idm/provisioning/mngsystemrules.html',NULL,NULL,NULL,NULL,'Y','N'),
	('MNGSYS_EDIT','MENU_ITEM','Edit managed system','MNGSYS_EDIT',NULL,NULL,1,'/webconsole-idm/provisioning/mngsystem.html',NULL,NULL,NULL,NULL,'Y','N'),
	('MNGSYS_EDIT_MENU_ROOT','MENU_ITEM',NULL,'MNGSYS_EDIT_MENU_ROOT',NULL,NULL,1,NULL,NULL,NULL,NULL,NULL,'Y','N'),
	('MNGSYS_EDIT_NO_RES_MENU_ROOT','MENU_ITEM',NULL,'MNGSYS_EDIT_NO_RES_MENU_ROOT',NULL,NULL,1,NULL,NULL,NULL,NULL,NULL,'Y','N'),
	('MNGSYS_MENU_ITEM','MENU_ITEM','Managed Systems','MNGSYS_MENU_ITEM',NULL,NULL,1,'/webconsole-idm/provisioning/mngsystemlist.html',NULL,NULL,NULL,NULL,'Y','N'),
	('MNGSYS_NEW','MENU_ITEM','Create Managed System','MNGSYS_NEW',NULL,NULL,1,'/webconsole-idm/provisioning/mngsystem.html',NULL,NULL,NULL,NULL,'Y','N'),
	('NEWUSER','MENU_ITEM','New User','NEWUSER',NULL,NULL,6,'/selfservice/newUserWithApprover.html',NULL,NULL,NULL,NULL,'N','N'),
	('NEWUSER-NOAPPRV','MENU_ITEM','New User-No Approver','NEWUSER-NOAPPRV',NULL,NULL,7,'/selfservice/newUser.html',NULL,NULL,NULL,NULL,'N','N'),
	('NEW_AUTHENTICATION_POLICY','MENU_ITEM','Create New Authentication Policy ','NEW_AUTHENTICATION_POLICY',NULL,NULL,1,'/webconsole/editAuthenticationPolicy.html',NULL,NULL,NULL,NULL,'Y','N'),
	('NEW_BATCH_TASK','MENU_ITEM','New Batch Task','NEW_BATCH_TASK',NULL,NULL,1,'/webconsole-idm/provisioning/batchTask.html',NULL,NULL,NULL,NULL,'Y','N'),
	('NEW_GROUP','MENU_ITEM','Create New Group','NEW_GROUP',NULL,NULL,1,'/webconsole/editGroup.html',NULL,NULL,NULL,NULL,'Y','N'),
	('NEW_ORG','MENU_ITEM','New Organization','NEW_ORG',NULL,NULL,1,'/webconsole/editOrganization.html',NULL,NULL,NULL,NULL,'Y','N'),
	('NEW_ORG_TYPE','MENU_ITEM','Edit Organization Type','NEW_ORG_TYPE',NULL,NULL,1,'/webconsole/organizationTypeEdit.html',NULL,NULL,NULL,NULL,'Y','N'),
	('NEW_PASSWORD_POLICY','MENU_ITEM','Create New Password Policy ','NEW_PASSWORD_POLICY',NULL,NULL,1,'/webconsole/editPolicy.html',NULL,NULL,NULL,NULL,'Y','N'),
	('NEW_POLICY_ATTR','MENU_ITEM','New Attribute policy','NEW_POLICY_ATTR',NULL,NULL,2,'/webconsole/editAttributePolicy.html',NULL,NULL,NULL,NULL,'Y','N'),
	('NEW_ROLE','MENU_ITEM','New Role','NEW_ROLE',NULL,NULL,1,'/webconsole/editRole.html',NULL,NULL,NULL,NULL,'Y','N'),
	('NEW_USER','MENU_ITEM','Create New User','NEW_USER',NULL,NULL,1,'/webconsole/editUser.html',NULL,NULL,NULL,NULL,'Y','N'),
	('ORG','MENU_ITEM','Organization','ORG',NULL,NULL,2,'/webconsole/organizations.html',NULL,NULL,NULL,NULL,'N','N'),
	('ORGANIZATION_EDIT_ID','MENU_ITEM','Organization Edit Menus','ORGANIZATION_EDIT_ID',NULL,NULL,1,NULL,NULL,NULL,NULL,NULL,'Y','N'),
	('ORGANIZATION_ROOT_ID','MENU_ITEM','Organization Root Menus','ORGANIZATION_ROOT_ID',NULL,NULL,1,'/webconsole/organizations.html',NULL,NULL,NULL,NULL,'Y','N'),
	('ORG_APROVER_ASSOC','MENU_ITEM','Approver Associations','ORG_APROVER_ASSOC',NULL,NULL,1,'/webconsole-idm/provisioning/organizationApproverAssociations.html',NULL,NULL,NULL,NULL,'Y','N'),
	('ORG_MEMBERSHIP','MENU_ITEM','Organization Membership','ORG_MEMBERSHIP',NULL,NULL,1,'/webconsole/organizationMembership.html',NULL,NULL,NULL,NULL,'Y','N'),
	('ORG_SEARCH','MENU_ITEM','Organization Search','ORG_SEARCH',NULL,NULL,1,'/webconsole/organizations.html',NULL,NULL,NULL,NULL,'Y','N'),
	('ORG_TYPE_EDIT_SEARCH','MENU_ITEM','Organization Type Search','ORG_TYPE_EDIT_SEARCH',NULL,NULL,1,'/webconsole/organizationTypeSearch.html',NULL,NULL,NULL,NULL,'Y','N'),
	('ORG_TYPE_SEARCH','MENU_ITEM','Organization Type Search','ORG_TYPE_SEARCH',NULL,NULL,1,'/webconsole/organizationTypeSearch.html',NULL,NULL,NULL,NULL,'Y','N'),
	('ORG_TYPE_SUBMENU_EDIT','MENU_ITEM','Organization Type Edit','ORG_TYPE_SUBMENU_EDIT',NULL,NULL,1,NULL,NULL,NULL,NULL,NULL,'Y','N'),
	('ORG_TYPE_SUBMENU_ROOT','MENU_ITEM','Organization Type Root','ORG_TYPE_SUBMENU_ROOT',NULL,NULL,1,NULL,NULL,NULL,NULL,NULL,'Y','N'),
	('PAGE_TEMPLATE_EDIT','MENU_ITEM','Page Template Edit Menu','PAGE_TEMPLATE_EDIT',NULL,NULL,1,NULL,NULL,NULL,NULL,NULL,'Y','N'),
	('PAGE_TEMPLATE_EDIT_NEW','MENU_ITEM','Create New Template','PAGE_TEMPLATE_EDIT_NEW',NULL,NULL,1,'/webconsole/newPageTemplate.html',NULL,NULL,NULL,NULL,'Y','N'),
	('PAGE_TEMPLATE_EDIT_SEARCH','MENU_ITEM','Back to Search','PAGE_TEMPLATE_EDIT_SEARCH',NULL,NULL,1,'/webconsole/pageTemplates.html',NULL,NULL,NULL,NULL,'Y','N'),
	('PAGE_TEMPLATE_NEW','MENU_ITEM','Create Content Provider','PAGE_TEMPLATE_NEW',NULL,NULL,1,'/webconsole/newPageTemplate.html',NULL,NULL,NULL,NULL,'Y','N'),
	('PAGE_TEMPLATE_ROOT','MENU_ITEM','Page Template Root Menu','PAGE_TEMPLATE_ROOT',NULL,NULL,1,NULL,NULL,NULL,NULL,NULL,'Y','N'),
	('PAGE_TEMPLATE_SEARCH','MENU_ITEM','Search Page Templates','PAGE_TEMPLATE_SEARCH',NULL,NULL,1,'/webconsole/pageTemplates.html',NULL,NULL,NULL,NULL,'Y','N'),
	('PASSWORD_POLICY','MENU_ITEM','Password policy','PASSWORD_POLICY',NULL,NULL,1,'/webconsole/passwordPolicy.html',NULL,NULL,NULL,NULL,'Y','N'),
	('PASSWORD_POLICY_EDIT','MENU_ITEM','Root for edit policy Context Menu','PASSWORD_POLICY_EDIT',NULL,NULL,1,NULL,NULL,NULL,NULL,NULL,'Y','N'),
	('PASSWORD_POLICY_ROOT_MENU','MENU_ITEM','Root for Password policy Context Menu','PASSWORD_POLICY_ROOT_MENU',NULL,NULL,1,NULL,NULL,NULL,NULL,NULL,'Y','N'),
	('POLICY_ATTR_EDIT_ROOT','MENU_ITEM','Root for Edit Attribute policy Context Menu','POLICY_ATTR_EDIT_ROOT',NULL,NULL,1,NULL,NULL,NULL,NULL,NULL,'Y','N'),
	('POLICY_ATTR_ROOT','MENU_ITEM','Root for Attribute policy Context Menu','POLICY_ATTR_ROOT',NULL,NULL,1,NULL,NULL,NULL,NULL,NULL,'Y','N'),
	('PROFILE','MENU_ITEM','Edit Your Profile','PROFILE',NULL,NULL,6,'/selfservice/editProfile.html',NULL,NULL,NULL,NULL,'Y','N'),
	('PROVCONNECT','MENU_ITEM','Provisioning Connectors','PROVCONNECT',NULL,NULL,3,'/webconsole-idm/provisioning/connectorlist.html',NULL,NULL,NULL,NULL,'N','N'),
	('PROVCONNECT_MENU_ITEM','MENU_ITEM','Provisioning Connectors','PROVCONNECT_MENU_ITEM',NULL,NULL,1,'/webconsole-idm/provisioning/connectorlist.html',NULL,NULL,NULL,NULL,'Y','N'),
	('PROVISIONING','MENU_ITEM','Provisioning','PROVISIONING',NULL,NULL,3,'prov/provIndex.do',NULL,NULL,NULL,NULL,'N','N'),
	('PROV_CONNECTOR_NEW','MENU_ITEM','Create Provisioning Connector','PROV_CONNECTOR_NEW',NULL,NULL,1,'/webconsole-idm/provisioning/connector.html',NULL,NULL,NULL,NULL,'Y','N'),
	('REPORT','MENU_ITEM','Report','REPORT',NULL,NULL,5,'security/reportIndex.do',NULL,NULL,NULL,NULL,'N','N'),
	('REQINBOX','MENU_ITEM','In-Box','REQINBOX',NULL,NULL,3,'/selfservice/myTasks.html',NULL,NULL,NULL,NULL,'N','N'),
	('RESOURCE_EDIT_PAGE_ROOT','MENU_ITEM',NULL,'RESOURCE_EDIT_PAGE_ROOT',NULL,NULL,1,NULL,NULL,NULL,NULL,NULL,'Y','N'),
	('RESOURCE_MENU_ROOT','MENU_ITEM','Root for Resource Context Menu','RESOURCE_MENU_ROOT',NULL,NULL,1,NULL,NULL,NULL,NULL,NULL,'Y','N'),
	('RESPOLICYMAP','MENU_ITEM','Policy Map','RESPOLICYMAP',NULL,NULL,2,'/webconsole/policyMap.html',NULL,NULL,NULL,NULL,'N','N'),
	('RESRECONCILE','MENU_ITEM','Reconciliation','RESRECONCILE',NULL,NULL,4,'/webconsole/reconciliationEdit.html',NULL,NULL,NULL,NULL,'N','N'),
	('RESSUMMARY','MENU_ITEM','Resource Details','RESSUMMARY',NULL,NULL,1,'/webconsole/resources.html',NULL,NULL,NULL,NULL,'N','N'),
	('RES_APROVER_ASSOC','MENU_ITEM','Approver Associations','RES_APROVER_ASSOC',NULL,NULL,1,'/webconsole-idm/provisioning/resourceApproverAssociations.html',NULL,NULL,NULL,NULL,'Y','N'),
	('RES_ENT_SUB','MENU_ITEM','Resouce Entitlements','RES_ENT_SUB',NULL,NULL,1,'/webconsole/resourceEntitlements.html',NULL,NULL,NULL,NULL,'Y','N'),
	('ROLE_APROVER_ASSOC','MENU_ITEM','Approver Associations','ROLE_APROVER_ASSOC',NULL,NULL,1,'/webconsole-idm/provisioning/roleApproverAssociations.html',NULL,NULL,NULL,NULL,'Y','N'),
	('ROLE_EDIT_MENU','MENU_ITEM','Role Edit Menus','ROLE_EDIT_MENU',NULL,NULL,1,NULL,NULL,NULL,NULL,NULL,'Y','N'),
	('ROLE_ENTITLEMENTS','MENU_ITEM','Role Entitlements','ROLE_ENTITLEMENTS',NULL,NULL,1,'/webconsole/roleEntitlements.html',NULL,NULL,NULL,NULL,'Y','N'),
	('ROLE_MENUS','MENU_ITEM','Role Menus','ROLE_MENUS',NULL,NULL,1,'/webconsole/roleMenuTree.html',NULL,NULL,NULL,NULL,'N','N'),
	('ROLE_RESMAP','MENU_ITEM','Resource Map','ROLE_RESMAP',NULL,NULL,2,'roleResource.cnt',NULL,NULL,NULL,NULL,'N','N'),
	('ROLE_ROOT_MENU','MENU_ITEM','Role Root Menus','ROLE_ROOT_MENU',NULL,NULL,1,'/webconsole/roles.html',NULL,NULL,NULL,NULL,'Y','N'),
	('ROLE_SEARCH','MENU_ITEM','Role Search','ROLE_SEARCH',NULL,NULL,1,'/webconsole/roles.html',NULL,NULL,NULL,NULL,'Y','N'),
	('ROLE_SUMMARY','MENU_ITEM','Role Details','ROLE_SUMMARY',NULL,NULL,1,'roleDetail.cnt',NULL,NULL,NULL,NULL,'N','N'),
	('SEARCH_BATCH_EDIT','MENU_ITEM','Search Batch Tasks','SEARCH_BATCH_EDIT',NULL,NULL,1,'/webconsole-idm/provisioning/batchTaskSearch.html',NULL,NULL,NULL,NULL,'Y','N'),
	('SEARCH_BATCH_NEW','MENU_ITEM','Search Batch Tasks','SEARCH_BATCH_NEW',NULL,NULL,1,'/webconsole-idm/provisioning/batchTaskSearch.html',NULL,NULL,NULL,NULL,'Y','N'),
	('SECDOMAIN','MENU_ITEM','Security Domain','SECDOMAIN',NULL,NULL,1,'secDomainList.cnt',NULL,NULL,NULL,NULL,'N','N'),
	('SECURITY_GROUP','MENU_ITEM','Group','SECURITY_GROUP',NULL,NULL,1,'/webconsole/groups.html',NULL,NULL,NULL,NULL,'N','N'),
	('SECURITY_POLICY','MENU_ITEM','Policy','SECURITY_POLICY',NULL,NULL,4,'security/policy.do?method=init&nav=reset',NULL,NULL,NULL,NULL,'N','N'),
	('SECURITY_RES','MENU_ITEM','Resource','SECURITY_RES',NULL,NULL,3,'/webconsole/resources.html',NULL,NULL,NULL,NULL,'N','N'),
	('SECURITY_ROLE','MENU_ITEM','Role','SECURITY_ROLE',NULL,NULL,2,'/webconsole/roles.html',NULL,NULL,NULL,NULL,'N','N'),
	('SELFCENTER','MENU_ITEM','Self Service Center','SELFCENTER',NULL,NULL,2,NULL,NULL,NULL,NULL,NULL,'Y','N'),
	('SELFSERVE_SUP_SUB','MENU_ITEM','Superiors & Subordinates','SELFSERVE_SUP_SUB',NULL,NULL,1,'/selfservice/supSub.html',NULL,NULL,NULL,NULL,'Y','N'),
	('SELFSERVICE','MENU_ITEM','SELF SERVICE','SELFSERVICE',NULL,NULL,0,'javascript:void(0);',NULL,NULL,NULL,NULL,'Y','N'),
	('SELFSERVICE_MYAPPS','MENU_ITEM','My Applications','SELFSERVICE_MYAPPS',NULL,NULL,1,'/selfservice/myApplications.html',NULL,NULL,NULL,NULL,'Y','N'),
	('SELFSERVICE_MYINFO','MENU_ITEM','My Info','SELFSERVICE_MYINFO',NULL,NULL,1,'/selfservice/myInfo.html',NULL,NULL,NULL,NULL,'Y','N'),
	('SELFSERVICE_REPORT','MENU_ITEM','Report','SELFSERVICE_REPORT',NULL,NULL,5,NULL,NULL,NULL,NULL,NULL,'Y','N'),
	('SELFSERV_USER_EDIT','MENU_ITEM','Edit User','SELFSERV_USER_EDIT',NULL,NULL,1,'/selfservice/editUser.html',NULL,NULL,NULL,NULL,'Y','N'),
	('SELFSERV_USER_EDIT_ROOT','MENU_ITEM','SelfService Edit User Root','SELFSERV_USER_EDIT_ROOT',NULL,NULL,1,NULL,NULL,NULL,NULL,NULL,'Y','N'),
	('SELFSERV_USER_MEMSHP','MENU_ITEM','User Entitlements','SELFSERV_USER_MEMSHP',NULL,NULL,1,'/selfservice/userEntitlements.html',NULL,NULL,NULL,NULL,'Y','N'),
	('SELFSER_USER_LOGIN','MENU_ITEM','Identities','SELFSER_USER_LOGIN',NULL,NULL,1,'/selfservice/userIdenties.html',NULL,NULL,NULL,NULL,'Y','N'),
	('SELFSER_USER_NEW_LOGIN','MENU_ITEM','Create New Identity','SELFSER_USER_NEW_LOGIN',NULL,NULL,1,'/selfservice/identity.html',NULL,NULL,NULL,NULL,'Y','N'),
	('SELFSRVS_ACCESS_MNGMNT_ORG','MENU_ITEM','Selfservice organization','SELFSRVS_ACCESS_MNGMNT_ORG',NULL,NULL,1,'/selfservice/organizations.html',NULL,NULL,NULL,NULL,'Y','N'),
	('SELF_QUERYUSER','MENU_ITEM','Manage User','SELF_QUERYUSER',NULL,NULL,1,'/webconsole/users.html',NULL,NULL,NULL,NULL,'N','N'),
	('SELF_SUB_ORGS_EDIT','MENU_ITEM','add organization','SELF_SUB_ORGS_EDIT',NULL,NULL,1,'/selfservice/editOrganization.html',NULL,NULL,NULL,NULL,'Y','N'),
	('SELF_SUB_ORGS_EDIT_ROOT','MENU_ITEM','organizations menu','SELF_SUB_ORGS_EDIT_ROOT',NULL,NULL,2,'',NULL,NULL,NULL,NULL,'Y','N'),
	('SELF_SUB_ORGS_MEMEBERSHIP','MENU_ITEM','add organization','SELF_SUB_ORGS_MEMEBERSHIP',NULL,NULL,1,'/selfservice/membership-organizations.html',NULL,NULL,NULL,NULL,'Y','N'),
	('SELF_SUB_ORGS_NEW','MENU_ITEM','add organization','SELF_SUB_ORGS_NEW',NULL,NULL,1,'/selfservice/editOrganization.html',NULL,NULL,NULL,NULL,'Y','N'),
	('SELF_SUB_ORGS_ROOT','MENU_ITEM','organizations menu','SELF_SUB_ORGS_ROOT',NULL,NULL,2,'',NULL,NULL,NULL,NULL,'Y','N'),
	('SELF_SUB_ORGS_SEARCH','MENU_ITEM','add organization','SELF_SUB_ORGS_SEARCH',NULL,NULL,1,'/selfservice/organizations.html',NULL,NULL,NULL,NULL,'Y','N'),
	('SELF_SUB_REPORT_NEW','MENU_ITEM','New Subscribe Report','SELF_SUB_REPORT_NEW',NULL,NULL,1,'/selfservice/editSubscribeReport.html',NULL,NULL,NULL,NULL,'Y','N'),
	('SELF_SUB_REPORT_ROOT','MENU_ITEM','Subscribe Report Root Menu','SELF_SUB_REPORT_ROOT',NULL,NULL,1,NULL,NULL,NULL,NULL,NULL,'Y','N'),
	('SELF_VIEW_REPORT_NEW','MENU_ITEM','New Subscribe Report','SELF_VIEW_REPORT_NEW',NULL,NULL,1,'/selfservice/editViewReport.html',NULL,NULL,NULL,NULL,'Y','N'),
	('SELF_VIEW_REPORT_ROOT','MENU_ITEM','View Report Root Menu','SELF_VIEW_REPORT_ROOT',NULL,NULL,1,NULL,NULL,NULL,NULL,NULL,'Y','N'),
	('SUBSCRIBE','MENU_ITEM','Subscribe','SUBSCRIBE',NULL,NULL,1,'/selfservice/subscribe.html',NULL,NULL,NULL,NULL,'Y','N'),
	('SUP_SUB_PAGE','MENU_ITEM','Configure IT Policy','SUP_SUB_PAGE',NULL,NULL,11,'/webconsole/supSub.html',NULL,NULL,NULL,NULL,'N','N'),
	('SYNCLOG','MENU_ITEM','Log Viewer','SYNCLOG',NULL,NULL,1,'/webconsole/viewAuditLog.html',NULL,NULL,NULL,NULL,'Y','N'),
	('SYNCLOG_MENU_ITEM','MENU_ITEM','LOG Viewer','SYNCLOG_MENU_ITEM',NULL,NULL,1,'/webconsole-idm/provisioning/syncloglist.html',NULL,NULL,NULL,NULL,'Y','N'),
	('SYNCUSER','MENU_ITEM','Synchronization','SYNCUSER',NULL,NULL,3,'/webconsole-idm/provisioning/synchronizationlist.html',NULL,NULL,NULL,NULL,'N','N'),
	('SYNCUSER_EDIT','MENU_ITEM','Edit sync','SYNCUSER_EDIT',NULL,NULL,1,'/webconsole-idm/provisioning/synchronization.html',NULL,NULL,NULL,NULL,'Y','N'),
	('SYNCUSER_EDIT_MENU_ROOT','MENU_ITEM','Edit sync','SYNCUSER_EDIT_MENU_ROOT',NULL,NULL,1,NULL,NULL,NULL,NULL,NULL,'Y','N'),
	('SYNCUSER_MENU_ITEM','MENU_ITEM','Synchronization','SYNCUSER_MENU_ITEM',NULL,NULL,1,'/webconsole-idm/provisioning/synchronizationlist.html',NULL,NULL,NULL,NULL,'Y','N'),
	('SYNCUSER_NEW','MENU_ITEM','Create Synchronization','SYNCUSER_NEW',NULL,NULL,1,'/webconsole-idm/provisioning/synchronization.html',NULL,NULL,NULL,NULL,'Y','N'),
	('SYNCUSER_POLICYMAP','MENU_ITEM','Policy map','SYNCUSER_POLICYMAP',NULL,NULL,1,'/webconsole/synchPolicyMap.html',NULL,NULL,NULL,NULL,'Y','N'),
	('TEMPLATE_SEARCH_CHILD','MENU_ITEM','Page Template Search','TEMPLATE_SEARCH_CHILD',NULL,NULL,1,'/webconsole/pageTemplates.html',NULL,NULL,NULL,NULL,'Y','N'),
	('UPLOAD_CUST_PSWD_POLICY','MENU_ITEM','Upload Custom Password Policy','UPLOAD_CUST_PSWD_POLICY',NULL,NULL,2,'/webconsole/uploadCustomPswdPolicy.html',NULL,NULL,NULL,NULL,'Y','N'),
	('URI_META_BACK','MENU_ITEM','Back To Pattern','URI_META_BACK',NULL,NULL,1,'/webconsole-am/editProviderPattern.html',NULL,NULL,NULL,NULL,'Y','N'),
	('URI_META_EDIT','MENU_ITEM','URI Meta Root','URI_META_EDIT',NULL,NULL,1,NULL,NULL,NULL,NULL,NULL,'Y','N'),
	('URI_PATTERN_EDIT','MENU_ITEM','URI Pattern Edit Menu','URI_PATTERN_EDIT',NULL,NULL,1,NULL,NULL,NULL,NULL,NULL,'Y','N'),
	('URI_PATTERN_EDIT_NEW_PATTERN','MENU_ITEM','Create URI Pattern','URI_PATTERN_EDIT_NEW_PATTERN',NULL,NULL,1,'/webconsole-am/newProviderPattern.html',NULL,NULL,NULL,NULL,'Y','N'),
	('URI_PATTERN_EDIT_PATTERN','MENU_ITEM','Edit URI Pattern','URI_PATTERN_EDIT_PATTERN',NULL,NULL,1,'/webconsole-am/editProviderPattern.html',NULL,NULL,NULL,NULL,'Y','N'),
	('URI_PATTERN_EDT_PROV_SEARCH','MENU_ITEM','Context Provider Search','URI_PATTERN_EDT_PROV_SEARCH',NULL,NULL,1,'/webconsole-am/contentProviders.html',NULL,NULL,NULL,NULL,'Y','N'),
	('USER','MENU_ITEM','User','USER',NULL,NULL,1,'/webconsole/users.html',NULL,NULL,NULL,NULL,'N','N'),
	('USER_ATTRIBUTES','MENU_ITEM','Edit User Attributes','USER_ATTRIBUTES',NULL,NULL,4,'/webconsole/userAttributes.html',NULL,NULL,NULL,NULL,'Y','N'),
	('USER_BULK','MENU_ITEM','User Bulk Ops','USER_BULK',NULL,NULL,3,'userBulk.cnt',NULL,NULL,NULL,NULL,'N','N'),
	('USER_DELEGATION','MENU_ITEM','User Delegation Filter','USER_DELEGATION',NULL,NULL,9,'/webconsole/userDelegation.html',NULL,NULL,NULL,NULL,'N','N'),
	('USER_EDIT_CONTACT_INFO','MENU_ITEM','Edit User Contact Info','USER_EDIT_CONTACT_INFO',NULL,NULL,3,'/webconsole/editUserContact.html',NULL,NULL,NULL,NULL,'Y','N'),
	('USER_EDIT_INFO','MENU_ITEM','Edit User Primary Info','USER_EDIT_INFO',NULL,NULL,2,'/webconsole/editUser.html',NULL,NULL,NULL,NULL,'Y','N'),
	('USER_EDIT_MENU','MENU_ITEM','User Edit Menus','USER_EDIT_MENU',NULL,NULL,1,NULL,NULL,NULL,NULL,NULL,'Y','N'),
	('USER_ENTITLEMENTS','MENU_ITEM','User Entitlements','USER_ENTITLEMENTS',NULL,NULL,7,'/webconsole/userEntitlements.html',NULL,NULL,NULL,NULL,'Y','N'),
	('USER_HISTORY','MENU_ITEM','User History','USER_HISTORY',NULL,NULL,8,'/webconsole/userHistory.html',NULL,NULL,NULL,NULL,'Y','N'),
	('USER_IDENTITY','MENU_ITEM','Edit User Identity Info','USER_IDENTITY',NULL,NULL,6,'/webconsole/editUserIdentity.html',NULL,NULL,NULL,NULL,'Y','N'),
	('USER_MENUS','MENU_ITEM','User Menus','USER_MENUS',NULL,NULL,1,'/webconsole/userMenuTree.html',NULL,NULL,NULL,NULL,'N','N'),
	('USER_RESET_PASSWORD','MENU_ITEM','Reset Password','USER_RESET_PASSWORD',NULL,NULL,10,'/webconsole/resetPassword.html',NULL,NULL,NULL,NULL,'Y','N'),
	('USER_ROOT_MENU','MENU_ITEM','Root for User Context Menu','USER_ROOT_MENU',NULL,NULL,1,NULL,NULL,NULL,NULL,NULL,'Y','N'),
	('USER_SEARCH','MENU_ITEM','User Search','USER_SEARCH',NULL,NULL,1,'/webconsole/users.html',NULL,NULL,NULL,NULL,'Y','N'),
	('VIEW','MENU_ITEM','View','VIEW',NULL,NULL,2,'/selfservice/view.html',NULL,NULL,NULL,NULL,'Y','N'),
	('WEB_REPORT','MENU_ITEM','Report','WEB_REPORT',NULL,NULL,6,'/webconsole/report.html',NULL,NULL,NULL,NULL,'Y','N'),
	('WEB_REPORT_NEW','MENU_ITEM','New Report','WEB_REPORT_NEW',NULL,NULL,1,'/webconsole/editReport.html',NULL,NULL,NULL,NULL,'Y','N'),
	('WEB_REPORT_ROOT','MENU_ITEM','Report Root Menu','WEB_REPORT_ROOT',NULL,NULL,1,NULL,NULL,NULL,NULL,NULL,'Y','N');

INSERT INTO res_to_res_membership (RESOURCE_ID, MEMBER_RESOURCE_ID, CREATE_DATE, UPDATE_DATE, CREATED_BY, UPDATED_BY) VALUES
	('ACCESSCENTER','CREATEREQ',NULL,NULL,NULL,NULL),
	('ACCESSCENTER','MANAGEREQ',NULL,NULL,NULL,NULL),
	('ACCESSCENTER','NEWUSER',NULL,NULL,NULL,NULL),
	('ACCESSCENTER','NEWUSER-NOAPPRV',NULL,NULL,NULL,NULL),
	('ACCESSCENTER','REQINBOX',NULL,NULL,NULL,NULL),
	('ACCESSCENTER','SELFSRVS_ACCESS_MNGMNT_ORG',NULL,NULL,NULL,NULL),
	('ACCESSCENTER','SELF_QUERYUSER',NULL,NULL,NULL,NULL),
	('ACC_CONTROL','AM_PROV_SEARCH_CHILD',NULL,NULL,NULL,NULL),
	('ACC_CONTROL','CONTENT_PROV_SEARCH_CHILD',NULL,NULL,NULL,NULL),
	('ACC_CONTROL','SECURITY_GROUP',NULL,NULL,NULL,NULL),
	('ACC_CONTROL','SECURITY_RES',NULL,NULL,NULL,NULL),
	('ACC_CONTROL','SECURITY_ROLE',NULL,NULL,NULL,NULL),
	('ADMIN','ABOUT',NULL,NULL,NULL,NULL),
	('ADMIN','ADMIN_BATCH_TASKS',NULL,NULL,NULL,NULL),
	('ADMIN','BATCH_PROC',NULL,NULL,NULL,NULL),
	('ADMIN','CHALLENGE',NULL,NULL,NULL,NULL),
	('ADMIN','CHALLENGE_RESPONSE_QUESTION',NULL,NULL,NULL,NULL),
	('ADMIN','CONF_POLICY_PAGE',NULL,NULL,NULL,NULL),
	('ADMIN','CUSTOM_FIELD_SEARCH_CHILD',NULL,NULL,NULL,NULL),
	('ADMIN','LOCATION',NULL,NULL,NULL,NULL),
	('ADMIN','METADATA',NULL,NULL,NULL,NULL),
	('ADMIN','SECDOMAIN',NULL,NULL,NULL,NULL),
	('ADMIN','SYNCLOG',NULL,NULL,NULL,NULL),
	('ADMIN','TEMPLATE_SEARCH_CHILD',NULL,NULL,NULL,NULL),
	('AM_PROV_EDIT','AM_PROV_AM_ATTR',NULL,NULL,NULL,NULL),
	('AM_PROV_EDIT','AM_PROV_EDIT_CURRENT',NULL,NULL,NULL,NULL),
	('AM_PROV_EDIT','AM_PROV_EDIT_SEARCH',NULL,NULL,NULL,NULL),
	('AM_PROV_EDIT','AM_PROV_NEW_EDIT',NULL,NULL,NULL,NULL),
	('AM_PROV_ROOT','AM_PROV_NEW',NULL,NULL,NULL,NULL),
	('AM_PROV_ROOT','AM_PROV_SEARCH',NULL,NULL,NULL,NULL),
	('AUDITREPORT','AUDIT_RPT',NULL,NULL,NULL,NULL),
	('AUTHENTICATION_POLICY_ROOT_MENU','NEW_AUTHENTICATION_POLICY',NULL,NULL,NULL,NULL),
	('BATCH_TASK_EDIT','EDIT_BATCH_TASK',NULL,NULL,NULL,NULL),
	('BATCH_TASK_EDIT','SEARCH_BATCH_EDIT',NULL,NULL,NULL,NULL),
	('BATCH_TASK_ROOT','NEW_BATCH_TASK',NULL,NULL,NULL,NULL),
	('BATCH_TASK_ROOT','SEARCH_BATCH_NEW',NULL,NULL,NULL,NULL),
	('CHALLENGE_RESPONSE_QUESTION_ROOT','CHALLENGE_RESPONSE_QUESTION_NEW',NULL,NULL,NULL,NULL),
	('CONTENT_PROV_EDIT','CONTENT_PROV_EDIT_CURRENT',NULL,NULL,NULL,NULL),
	('CONTENT_PROV_EDIT','CONTENT_PROV_EDIT_SEARCH',NULL,NULL,NULL,NULL),
	('CONTENT_PROV_EDIT','CONTENT_PROV_NEW_EDIT',NULL,NULL,NULL,NULL),
	('CONTENT_PROV_ROOT','CONTENT_PROV_NEW',NULL,NULL,NULL,NULL),
	('CONTENT_PROV_ROOT','CONTENT_PROV_SEARCH',NULL,NULL,NULL,NULL),
	('CUSTOM_FIELD_EDIT','CUSTOM_FIELD_EDIT_NEW',NULL,NULL,NULL,NULL),
	('CUSTOM_FIELD_EDIT','CUSTOM_FIELD_EDIT_SEARCH',NULL,NULL,NULL,NULL),
	('CUSTOM_FIELD_ROOT','CUSTOM_FIELD_NEW',NULL,NULL,NULL,NULL),
	('CUSTOM_FIELD_ROOT','CUSTOM_FIELD_SEARCH',NULL,NULL,NULL,NULL),
	('GROUP_EDIT_MENU','EDIT_GROUP',NULL,NULL,NULL,NULL),
	('GROUP_EDIT_MENU','GROUP_ENTITLEMENTS',NULL,NULL,NULL,NULL),
	('GROUP_EDIT_MENU','GROUP_MENUS',NULL,NULL,NULL,NULL),
	('GROUP_EDIT_MENU','GRP_APROVER_ASSOC',NULL,NULL,NULL,NULL),
	('GROUP_ROOT_MENU','GROUP_SEARCH',NULL,NULL,NULL,NULL),
	('GROUP_ROOT_MENU','NEW_GROUP',NULL,NULL,NULL,NULL),
	('IDM','ACC_CONTROL',NULL,NULL,NULL,NULL),
	('IDM','ADMIN',NULL,NULL,NULL,NULL),
	('IDM','IDMAN',NULL,NULL,NULL,NULL),
	('IDM','PROVISIONING',NULL,NULL,NULL,NULL),
	('IDM','REPORT',NULL,NULL,NULL,NULL),
	('IDM','SECURITY_POLICY',NULL,NULL,NULL,NULL),
	('IDM','WEB_REPORT',NULL,NULL,NULL,NULL),
	('IDMAN','EDIT_ORG_TYPE_IDMAN',NULL,NULL,NULL,NULL),
	('IDMAN','ORG',NULL,NULL,NULL,NULL),
	('IDMAN','USER',NULL,NULL,NULL,NULL),
	('IDMAN','USER_BULK',NULL,NULL,NULL,NULL),
	('MNGSYS_EDIT_MENU_ROOT','MANUALRECON',NULL,NULL,NULL,NULL),
	('MNGSYS_EDIT_MENU_ROOT','MNGSYSRULES',NULL,NULL,NULL,NULL),
	('MNGSYS_EDIT_MENU_ROOT','MNGSYS_EDIT',NULL,NULL,NULL,NULL),
	('MNGSYS_EDIT_MENU_ROOT','RESPOLICYMAP',NULL,NULL,NULL,NULL),
	('MNGSYS_EDIT_MENU_ROOT','RESRECONCILE',NULL,NULL,NULL,NULL),
	('MNGSYS_MENU_ITEM','MNGSYS_NEW',NULL,NULL,NULL,NULL),
	('ORGANIZATION_EDIT_ID','EDIT_ORG',NULL,NULL,NULL,NULL),
	('ORGANIZATION_EDIT_ID','ORG_APROVER_ASSOC',NULL,NULL,NULL,NULL),
	('ORGANIZATION_EDIT_ID','ORG_MEMBERSHIP',NULL,NULL,NULL,NULL),
	('ORGANIZATION_ROOT_ID','NEW_ORG',NULL,NULL,NULL,NULL),
	('ORGANIZATION_ROOT_ID','ORG_SEARCH',NULL,NULL,NULL,NULL),
	('ORG_TYPE_SUBMENU_EDIT','EDIT_ORG_MEMBERSHIP',NULL,NULL,NULL,NULL),
	('ORG_TYPE_SUBMENU_EDIT','EDIT_ORG_TYPE',NULL,NULL,NULL,NULL),
	('ORG_TYPE_SUBMENU_EDIT','ORG_TYPE_EDIT_SEARCH',NULL,NULL,NULL,NULL),
	('ORG_TYPE_SUBMENU_ROOT','NEW_ORG_TYPE',NULL,NULL,NULL,NULL),
	('ORG_TYPE_SUBMENU_ROOT','ORG_TYPE_SEARCH',NULL,NULL,NULL,NULL),
	('PAGE_TEMPLATE_EDIT','PAGE_TEMPLATE_EDIT_NEW',NULL,NULL,NULL,NULL),
	('PAGE_TEMPLATE_EDIT','PAGE_TEMPLATE_EDIT_SEARCH',NULL,NULL,NULL,NULL),
	('PAGE_TEMPLATE_ROOT','PAGE_TEMPLATE_NEW',NULL,NULL,NULL,NULL),
	('PAGE_TEMPLATE_ROOT','PAGE_TEMPLATE_SEARCH',NULL,NULL,NULL,NULL),
	('PASSWORD_POLICY_EDIT','ASSOC_POLICY',NULL,NULL,NULL,NULL),
	('PASSWORD_POLICY_ROOT_MENU','NEW_PASSWORD_POLICY',NULL,NULL,NULL,NULL),
	('PASSWORD_POLICY_ROOT_MENU','UPLOAD_CUST_PSWD_POLICY',NULL,NULL,NULL,NULL),
	('POLICY_ATTR_EDIT_ROOT','EDIT_POLICY_ATTR_SRCH_BCK',NULL,NULL,NULL,NULL),
	('POLICY_ATTR_ROOT','NEW_POLICY_ATTR',NULL,NULL,NULL,NULL),
	('PROVCONNECT_MENU_ITEM','PROV_CONNECTOR_NEW',NULL,NULL,NULL,NULL),
	('PROVISIONING','MNGSYS',NULL,NULL,NULL,NULL),
	('PROVISIONING','PROVCONNECT',NULL,NULL,NULL,NULL),
	('PROVISIONING','SYNCUSER',NULL,NULL,NULL,NULL),
	('REPORT','AUDITREPORT',NULL,NULL,NULL,NULL),
	('RESOURCE_EDIT_PAGE_ROOT','EDIT_RESOURCE',NULL,NULL,NULL,NULL),
	('RESOURCE_EDIT_PAGE_ROOT','RES_APROVER_ASSOC',NULL,NULL,NULL,NULL),
	('RESOURCE_EDIT_PAGE_ROOT','RES_ENT_SUB',NULL,NULL,NULL,NULL),
	('RESOURCE_MENU_ROOT','CREATE_RESOURCE_MENU',NULL,NULL,NULL,NULL),
	('RESOURCE_MENU_ROOT','RESSUMMARY',NULL,NULL,NULL,NULL),
	('ROLE_EDIT_MENU','EDIT_ROLE',NULL,NULL,NULL,NULL),
	('ROLE_EDIT_MENU','ROLE_APROVER_ASSOC',NULL,NULL,NULL,NULL),
	('ROLE_EDIT_MENU','ROLE_ENTITLEMENTS',NULL,NULL,NULL,NULL),
	('ROLE_EDIT_MENU','ROLE_MENUS',NULL,NULL,NULL,NULL),
	('ROLE_ROOT_MENU','NEW_ROLE',NULL,NULL,NULL,NULL),
	('ROLE_ROOT_MENU','ROLE_SEARCH',NULL,NULL,NULL,NULL),
	('SECURITY_POLICY','ATTRIBUTE_POLICY',NULL,NULL,NULL,NULL),
	('SECURITY_POLICY','AUTHENTICATION_POLICY',NULL,NULL,NULL,NULL),
	('SECURITY_POLICY','PASSWORD_POLICY',NULL,NULL,NULL,NULL),
	('SELFCENTER','CHNGPSWD',NULL,NULL,NULL,NULL),
	('SELFCENTER','DIRECTORY',NULL,NULL,NULL,NULL),
	('SELFCENTER','DIR_LOOKUP_PAGE',NULL,NULL,NULL,NULL),
	('SELFCENTER','IDQUEST',NULL,NULL,NULL,NULL),
	('SELFCENTER','PROFILE',NULL,NULL,NULL,NULL),
	('SELFSERVICE','ACCESSCENTER',NULL,NULL,NULL,NULL),
	('SELFSERVICE','SELFCENTER',NULL,NULL,NULL,NULL),
	('SELFSERVICE','SELFSERVICE_MYAPPS',NULL,NULL,NULL,NULL),
	('SELFSERVICE','SELFSERVICE_MYINFO',NULL,NULL,NULL,NULL),
	('SELFSERVICE','SELFSERVICE_REPORT',NULL,NULL,NULL,NULL),
	('SELFSERVICE_REPORT','SUBSCRIBE',NULL,NULL,NULL,NULL),
	('SELFSERVICE_REPORT','VIEW',NULL,NULL,NULL,NULL),
	('SELFSERV_USER_EDIT_ROOT','SELFSERVE_SUP_SUB',NULL,NULL,NULL,NULL),
	('SELFSERV_USER_EDIT_ROOT','SELFSERV_USER_EDIT',NULL,NULL,NULL,NULL),
	('SELFSERV_USER_EDIT_ROOT','SELFSERV_USER_MEMSHP',NULL,NULL,NULL,NULL),
	('SELFSERV_USER_EDIT_ROOT','SELFSER_USER_LOGIN',NULL,NULL,NULL,NULL),
	('SELFSERV_USER_EDIT_ROOT','SELFSER_USER_NEW_LOGIN',NULL,NULL,NULL,NULL),
	('SELF_SUB_ORGS_EDIT_ROOT','SELF_SUB_ORGS_EDIT',NULL,NULL,NULL,NULL),
	('SELF_SUB_ORGS_EDIT_ROOT','SELF_SUB_ORGS_MEMEBERSHIP',NULL,NULL,NULL,NULL),
	('SELF_SUB_ORGS_ROOT','SELF_SUB_ORGS_NEW',NULL,NULL,NULL,NULL),
	('SELF_SUB_ORGS_ROOT','SELF_SUB_ORGS_SEARCH',NULL,NULL,NULL,NULL),
	('SELF_SUB_REPORT_ROOT','SELF_SUB_REPORT_NEW',NULL,NULL,NULL,NULL),
	('SELF_VIEW_REPORT_ROOT','SELF_VIEW_REPORT_NEW',NULL,NULL,NULL,NULL),
	('SYNCUSER_EDIT_MENU_ROOT','SYNCUSER_EDIT',NULL,NULL,NULL,NULL),
	('SYNCUSER_EDIT_MENU_ROOT','SYNCUSER_POLICYMAP',NULL,NULL,NULL,NULL),
	('SYNCUSER_MENU_ITEM','SYNCUSER_NEW',NULL,NULL,NULL,NULL),
	('URI_META_EDIT','URI_META_BACK',NULL,NULL,NULL,NULL),
	('URI_PATTERN_EDIT','BACK_TO_CP',NULL,NULL,NULL,NULL),
	('URI_PATTERN_EDIT','URI_PATTERN_EDIT_NEW_PATTERN',NULL,NULL,NULL,NULL),
	('URI_PATTERN_EDIT','URI_PATTERN_EDIT_PATTERN',NULL,NULL,NULL,NULL),
	('URI_PATTERN_EDIT','URI_PATTERN_EDT_PROV_SEARCH',NULL,NULL,NULL,NULL),
	('USER_EDIT_MENU','SUP_SUB_PAGE',NULL,NULL,NULL,NULL),
	('USER_EDIT_MENU','USER_ATTRIBUTES',NULL,NULL,NULL,NULL),
	('USER_EDIT_MENU','USER_DELEGATION',NULL,NULL,NULL,NULL),
	('USER_EDIT_MENU','USER_EDIT_CONTACT_INFO',NULL,NULL,NULL,NULL),
	('USER_EDIT_MENU','USER_EDIT_INFO',NULL,NULL,NULL,NULL),
	('USER_EDIT_MENU','USER_ENTITLEMENTS',NULL,NULL,NULL,NULL),
	('USER_EDIT_MENU','USER_HISTORY',NULL,NULL,NULL,NULL),
	('USER_EDIT_MENU','USER_IDENTITY',NULL,NULL,NULL,NULL),
	('USER_EDIT_MENU','USER_MENUS',NULL,NULL,NULL,NULL),
	('USER_EDIT_MENU','USER_RESET_PASSWORD',NULL,NULL,NULL,NULL),
	('USER_EDIT_MENU','USER_SEARCH',NULL,NULL,NULL,NULL),
	('USER_ROOT_MENU','NEW_USER',NULL,NULL,NULL,NULL),
	('WEB_REPORT_ROOT','WEB_REPORT_NEW',NULL,NULL,NULL,NULL);

INSERT INTO RESOURCE_PROP (RESOURCE_PROP_ID, RESOURCE_ID, METADATA_ID, NAME, PROP_VALUE, PROP_GROUP) VALUES
	('113','113',NULL,'TABLE_NAME','MY_USR_TABLE',NULL),
	('200','101',NULL,'INCLUDE_USER_OBJECT','N',NULL),
	('202','101',NULL,'PRINCIPAL_NAME','uid',NULL),
	('203','101',NULL,'PRINCIPAL_PASSWORD','userPassword',NULL),
	('204','101',NULL,'INCLUDE_IN_PASSWORD_SYNC','Y',NULL),
	('205','101',NULL,'ON_DELETE','DELETE',NULL),
	('206','101',NULL,'GROUP_MEMBERSHIP_ENABLED','Y',NULL),
	('207','101',NULL,'PRE_PROCESS','/prov-helper/LDAPPreProcessor.groovy',NULL),
	('208','101',NULL,'POST_PROCESS','/prov-helper/LDAPPostProcessor.groovy',NULL),
	('210','105',NULL,'INCLUDE_USER_OBJECT','Y',NULL),
	('211','105',NULL,'PRINCIPAL_NAME','login',NULL),
	('212','105',NULL,'PRINCIPAL_PASSWORD','userPassword',NULL),
	('213','105',NULL,'INCLUDE_IN_PASSWORD_SYNC','Y',NULL),
	('214','105',NULL,'ON_DELETE','DELETE',NULL),
	('215','105',NULL,'GROUP_MEMBERSHIP_ENABLED','Y',NULL),
	('216','105',NULL,'PRE_PROCESS',NULL,NULL),
	('217','105',NULL,'POST_PROCESS',NULL,NULL),
	('220','110',NULL,'ON_DELETE','DELETE',NULL),
	('221','110',NULL,'INCLUDE_IN_PASSWORD_SYNC','Y',NULL),
	('222','110',NULL,'GROUP_MEMBERSHIP_ENABLED','Y',NULL),
	('223','101',NULL,'PRE_PROCESS',NULL,NULL),
	('224','101',NULL,'POST_PROCESS',NULL,NULL),
	('ABOUT_DESC','ABOUT',NULL,'MENU_DISPLAY_NAME','About OpenIAM',NULL),
	('ABOUT_PUB','ABOUT',NULL,'MENU_IS_PUBLIC','true',NULL),
	('ABOUT_ROOT_MENU_DESC','ABOUT_ROOT_MENU',NULL,'MENU_DISPLAY_NAME','About OpenIAM',NULL),
	('ABOUT_ROOT_MENU_PUB','ABOUT_ROOT_MENU',NULL,'MENU_IS_PUBLIC','true',NULL),
	('ACCESSCENTER_MENU_DISPLAY','ACCESSCENTER',NULL,'MENU_DISPLAY_NAME','Access Management',NULL),
	('ACCESSCENTER_MENU_ICON','ACCESSCENTER',NULL,'MENU_ICON','/openiam-ui-static/images/common/icons/access_control.png',NULL),
	('ACC_CONTROL_MENU_DISPLAY','ACC_CONTROL',NULL,'MENU_DISPLAY_NAME','Access Control',NULL),
	('ACC_CONTROL_MENU_ICON','ACC_CONTROL',NULL,'MENU_ICON','/openiam-ui-static/images/common/icons/access_control.png',NULL),
	('ADMIN_BATCH_TASKS_DESC','ADMIN_BATCH_TASKS',NULL,'MENU_DISPLAY_NAME','Batch Tasks',NULL),
	('ADMIN_BATCH_TASKS_PUB','ADMIN_BATCH_TASKS',NULL,'MENU_IS_PUBLIC','true',NULL),
	('ADMIN_MENU_DISPLAY','ADMIN',NULL,'MENU_DISPLAY_NAME','Administration',NULL),
	('ADMIN_MENU_ICON','ADMIN',NULL,'MENU_ICON','/openiam-ui-static/images/common/icons/admin.png',NULL),
	('AM_PROV_AM_ATTR_DESC','AM_PROV_AM_ATTR',NULL,'MENU_DISPLAY_NAME','Request Attributes',NULL),
	('AM_PROV_AM_ATTR_PUB','AM_PROV_AM_ATTR',NULL,'MENU_IS_PUBLIC','true',NULL),
	('AM_PROV_EDIT_CURRENT_DESC','AM_PROV_EDIT_CURRENT',NULL,'MENU_DISPLAY_NAME','Edit Provider',NULL),
	('AM_PROV_EDIT_CURRENT_PUB','AM_PROV_EDIT_CURRENT',NULL,'MENU_IS_PUBLIC','true',NULL),
	('AM_PROV_EDIT_DESC','AM_PROV_EDIT',NULL,'MENU_DISPLAY_NAME','Authentication Provider Edit Menu',NULL),
	('AM_PROV_EDIT_PUB','AM_PROV_EDIT',NULL,'MENU_IS_PUBLIC','true',NULL),
	('AM_PROV_EDIT_SEARCH_DESC','AM_PROV_EDIT_SEARCH',NULL,'MENU_DISPLAY_NAME','Back to Search',NULL),
	('AM_PROV_EDIT_SEARCH_PUB','AM_PROV_EDIT_SEARCH',NULL,'MENU_IS_PUBLIC','true',NULL),
	('AM_PROV_NEW_DSC','AM_PROV_NEW',NULL,'MENU_DISPLAY_NAME','Create New Provider',NULL),
	('AM_PROV_NEW_EDIT_PUB','AM_PROV_NEW_EDIT',NULL,'MENU_IS_PUBLIC','true',NULL),
	('AM_PROV_NEW_EDIT_PUB_DESC','AM_PROV_NEW_EDIT',NULL,'MENU_DISPLAY_NAME','Create New Provider',NULL),
	('AM_PROV_NEW_PUB','AM_PROV_NEW',NULL,'MENU_IS_PUBLIC','true',NULL),
	('AM_PROV_ROOT_DESC','AM_PROV_ROOT',NULL,'MENU_DISPLAY_NAME','Authentication Provider Root Menu',NULL),
	('AM_PROV_ROOT_PUB','AM_PROV_ROOT',NULL,'MENU_IS_PUBLIC','true',NULL),
	('AM_PROV_SEARCH_CHILD_PUB','AM_PROV_SEARCH_CHILD',NULL,'MENU_IS_PUBLIC','true',NULL),
	('AM_PROV_SEARCH_CHILD_PUB_DESC','AM_PROV_SEARCH_CHILD',NULL,'MENU_DISPLAY_NAME','Authentication Providers',NULL),
	('AM_PROV_SEARCH_DESC','AM_PROV_SEARCH',NULL,'MENU_DISPLAY_NAME','Search Providers',NULL),
	('AM_PROV_SEARCH_PUB','AM_PROV_SEARCH',NULL,'MENU_IS_PUBLIC','true',NULL),
	('ASSOC_POLICY_DESC','ASSOC_POLICY',NULL,'MENU_DISPLAY_NAME','Associate Policy',NULL),
	('ASSOC_POLICY_PUB','ASSOC_POLICY',NULL,'MENU_IS_PUBLIC','true',NULL),
	('ATTRIBUTE_POLICY_DESC','ATTRIBUTE_POLICY',NULL,'MENU_DISPLAY_NAME','Attribute Policy',NULL),
	('ATTRIBUTE_POLICY_PUB','ATTRIBUTE_POLICY',NULL,'MENU_IS_PUBLIC','true',NULL),
	('AUDITREPORT_MENU_DISPLAY','AUDITREPORT',NULL,'MENU_DISPLAY_NAME','Audit Reports',NULL),
	('AUDIT_RPT_MENU_DISPLAY','AUDIT_RPT',NULL,'MENU_DISPLAY_NAME','Audit Report',NULL),
	('AUTHENTICATION_POLICY_MENU_DESC','AUTHENTICATION_POLICY',NULL,'MENU_DISPLAY_NAME','Authenticaton Policy',NULL),
	('AUTHENTICATION_POLICY_MENU_PUB','AUTHENTICATION_POLICY',NULL,'MENU_IS_PUBLIC','true',NULL),
	('AUTH_POLICY_ROOT_MENU_DESC','AUTHENTICATION_POLICY_ROOT_MENU',NULL,'MENU_DISPLAY_NAME','Authentication Policy Root Menu',NULL),
	('AUTH_POLICY_ROOT_MENU_PUB','AUTHENTICATION_POLICY_ROOT_MENU',NULL,'MENU_IS_PUBLIC','true',NULL),
	('BACK_TO_CP_DESC','BACK_TO_CP',NULL,'MENU_DISPLAY_NAME','Back To Content Provider',NULL),
	('BACK_TO_CP_PUB','BACK_TO_CP',NULL,'MENU_IS_PUBLIC','true',NULL),
	('BATCH_PROC_MENU_DISPLAY','BATCH_PROC',NULL,'MENU_DISPLAY_NAME','Batch Processes',NULL),
	('BATCH_PROC_VISIBLE','BATCH_PROC',NULL,'IS_VISIBLE','false',NULL),
	('BATCH_TASK_EDIT_DESC','BATCH_TASK_EDIT',NULL,'MENU_DISPLAY_NAME','Batch Task Edit',NULL),
	('BATCH_TASK_EDIT_PUB','BATCH_TASK_EDIT',NULL,'MENU_IS_PUBLIC','true',NULL),
	('BATCH_TASK_ROOT_DESC','BATCH_TASK_ROOT',NULL,'MENU_DISPLAY_NAME','Batch Task Root',NULL),
	('BATCH_TASK_ROOT_PUB','BATCH_TASK_ROOT',NULL,'MENU_IS_PUBLIC','true',NULL),
	('CHALLENGE_MENU_DISPLAY','CHALLENGE',NULL,'MENU_DISPLAY_NAME','Challenge Quest',NULL),
	('CHALLENGE_RESPONSE_QUESTION_DESC','CHALLENGE_RESPONSE_QUESTION',NULL,'MENU_DISPLAY_NAME','Challenge Response Question',NULL),
	('CHALLENGE_RESPONSE_QUESTION_PUB','CHALLENGE_RESPONSE_QUESTION',NULL,'MENU_IS_PUBLIC','true',NULL),
	('CHALLENGE_RESP_QUESTION_NEW_DSC','CHALLENGE_RESPONSE_QUESTION_NEW',NULL,'MENU_DISPLAY_NAME','Create New Question',NULL),
	('CHALLENGE_RESP_QUESTION_NEW_PUB','CHALLENGE_RESPONSE_QUESTION_NEW',NULL,'MENU_IS_PUBLIC','true',NULL),
	('CHALLENGE_RESP_QUESTION_ROOT_PUB','CHALLENGE_RESPONSE_QUESTION_ROOT',NULL,'MENU_IS_PUBLIC','true',NULL),
	('CHALLENGE_RESP_QUEST_ROOT_DESC','CHALLENGE_RESPONSE_QUESTION_ROOT',NULL,'MENU_DISPLAY_NAME','Challenge Response Question Root Menu',NULL),
	('CHALLENGE_VISIBLE','CHALLENGE',NULL,'IS_VISIBLE','false',NULL),
	('CHNGPSWD_MENU_DISPLAY','CHNGPSWD',NULL,'MENU_DISPLAY_NAME','Change Password',NULL),
	('CONF_POLICY_PAGE_DIS','CONF_POLICY_PAGE',NULL,'MENU_DISPLAY_NAME','Configure IT Policy',NULL),
	('CONF_POLICY_PAGE_PUB','CONF_POLICY_PAGE',NULL,'MENU_IS_PUBLIC','true',NULL),
	('CONTENT_PROV_EDIT_CURRENT_DESC','CONTENT_PROV_EDIT_CURRENT',NULL,'MENU_DISPLAY_NAME','Edit Provider',NULL),
	('CONTENT_PROV_EDIT_CURRENT_PUB','CONTENT_PROV_EDIT_CURRENT',NULL,'MENU_IS_PUBLIC','true',NULL),
	('CONTENT_PROV_EDIT_DESC','CONTENT_PROV_EDIT',NULL,'MENU_DISPLAY_NAME','Content Provider Edit Menu',NULL),
	('CONTENT_PROV_EDIT_PUB','CONTENT_PROV_EDIT',NULL,'MENU_IS_PUBLIC','true',NULL),
	('CONTENT_PROV_EDIT_SEARCH_DESC','CONTENT_PROV_EDIT_SEARCH',NULL,'MENU_DISPLAY_NAME','Back to Search',NULL),
	('CONTENT_PROV_EDIT_SEARCH_PUB','CONTENT_PROV_EDIT_SEARCH',NULL,'MENU_IS_PUBLIC','true',NULL),
	('CONTENT_PROV_NEW_DSC','CONTENT_PROV_NEW',NULL,'MENU_DISPLAY_NAME','Create New Provider',NULL),
	('CONTENT_PROV_NEW_EDIT_DESC','CONTENT_PROV_NEW_EDIT',NULL,'MENU_DISPLAY_NAME','Create New Provider',NULL),
	('CONTENT_PROV_NEW_EDIT_PUB','CONTENT_PROV_NEW_EDIT',NULL,'MENU_IS_PUBLIC','true',NULL),
	('CONTENT_PROV_NEW_PUB','CONTENT_PROV_NEW',NULL,'MENU_IS_PUBLIC','true',NULL),
	('CONTENT_PROV_ROOT_DESC','CONTENT_PROV_ROOT',NULL,'MENU_DISPLAY_NAME','Content Provider Root Menu',NULL),
	('CONTENT_PROV_ROOT_PUB','CONTENT_PROV_ROOT',NULL,'MENU_IS_PUBLIC','true',NULL),
	('CONTENT_PROV_SEARCH_CHILD_DESC','CONTENT_PROV_SEARCH_CHILD',NULL,'MENU_DISPLAY_NAME','Content Providers',NULL),
	('CONTENT_PROV_SEARCH_CHILD_PUB','CONTENT_PROV_SEARCH_CHILD',NULL,'MENU_IS_PUBLIC','true',NULL),
	('CONTENT_PROV_SEARCH_DESC','CONTENT_PROV_SEARCH',NULL,'MENU_DISPLAY_NAME','Search Content Providers',NULL),
	('CONTENT_PROV_SEARCH_PUB','CONTENT_PROV_SEARCH',NULL,'MENU_IS_PUBLIC','true',NULL),
	('CREATEREQ_MENU_DISPLAY','CREATEREQ',NULL,'MENU_DISPLAY_NAME','Create Request',NULL),
	('CREATEREQ_VISIBLE','CREATEREQ',NULL,'IS_VISIBLE','true',NULL),
	('CR_RES_DISP_NAME','CREATE_RESOURCE_MENU',NULL,'MENU_DISPLAY_NAME','Create New Resource',NULL),
	('CR_RES_MENU_PUB','CREATE_RESOURCE_MENU',NULL,'MENU_IS_PUBLIC','true',NULL),
	('CUSTOM_FIELD_EDIT_DESC','CUSTOM_FIELD_EDIT',NULL,'MENU_DISPLAY_NAME','Custom Field Edit Menu',NULL),
	('CUSTOM_FIELD_EDIT_NEW_DESC','CUSTOM_FIELD_EDIT_NEW',NULL,'MENU_DISPLAY_NAME','Create New Custom Field',NULL),
	('CUSTOM_FIELD_EDIT_NEW_PUB','CUSTOM_FIELD_EDIT_NEW',NULL,'MENU_IS_PUBLIC','true',NULL),
	('CUSTOM_FIELD_EDIT_PUB','CUSTOM_FIELD_EDIT',NULL,'MENU_IS_PUBLIC','true',NULL),
	('CUSTOM_FIELD_EDIT_SEARCH_DESC','CUSTOM_FIELD_EDIT_SEARCH',NULL,'MENU_DISPLAY_NAME','Back to Search',NULL),
	('CUSTOM_FIELD_EDIT_SEARCH_PUB','CUSTOM_FIELD_EDIT_SEARCH',NULL,'MENU_IS_PUBLIC','true',NULL),
	('CUSTOM_FIELD_NEW_DSC','CUSTOM_FIELD_NEW',NULL,'MENU_DISPLAY_NAME','Create New Custom Field',NULL),
	('CUSTOM_FIELD_NEW_PUB','CUSTOM_FIELD_NEW',NULL,'MENU_IS_PUBLIC','true',NULL),
	('CUSTOM_FIELD_ROOT_DESC','CUSTOM_FIELD_ROOT',NULL,'MENU_DISPLAY_NAME','Custom Field Root Menu',NULL),
	('CUSTOM_FIELD_ROOT_PUB','CUSTOM_FIELD_ROOT',NULL,'MENU_IS_PUBLIC','true',NULL),
	('CUSTOM_FIELD_SEARCH_CHILD_DESC','CUSTOM_FIELD_SEARCH_CHILD',NULL,'MENU_DISPLAY_NAME','Custom Fields',NULL),
	('CUSTOM_FIELD_SEARCH_CHILD_PUB','CUSTOM_FIELD_SEARCH_CHILD',NULL,'MENU_IS_PUBLIC','true',NULL),
	('CUSTOM_FIELD_SEARCH_DESC','CUSTOM_FIELD_SEARCH',NULL,'MENU_DISPLAY_NAME','Search Custom Fields',NULL),
	('CUSTOM_FIELD_SEARCH_PUB','CUSTOM_FIELD_SEARCH',NULL,'MENU_IS_PUBLIC','true',NULL),
	('DELG_FILTER_MENU_DISPLAY','DELG_FILTER',NULL,'MENU_DISPLAY_NAME','Delegation Filter',NULL),
	('DIRECTORY_MENU_DISPLAY','DIRECTORY',NULL,'MENU_DISPLAY_NAME','Directory Lookup',NULL),
	('DIRECTORY_VISIBLE','DIRECTORY',NULL,'IS_VISIBLE','false',NULL),
	('DIR_LOOKUP_PAGE_DIS','DIR_LOOKUP_PAGE',NULL,'MENU_DISPLAY_NAME','Directory Lookup',NULL),
	('DIR_LOOKUP_PAGE_PUB','DIR_LOOKUP_PAGE',NULL,'MENU_IS_PUBLIC','true',NULL),
	('EDIT_BATCH_TASK_DESC','EDIT_BATCH_TASK',NULL,'MENU_DISPLAY_NAME','Edit Batch Task',NULL),
	('EDIT_BATCH_TASK_PUB','EDIT_BATCH_TASK',NULL,'MENU_IS_PUBLIC','true',NULL),
	('EDIT_GROUP_DESC','EDIT_GROUP',NULL,'MENU_DISPLAY_NAME','Edit Group',NULL),
	('EDIT_GROUP_PUB','EDIT_GROUP',NULL,'MENU_IS_PUBLIC','true',NULL),
	('EDIT_ORG_DESC','EDIT_ORG',NULL,'MENU_DISPLAY_NAME','Edit Organization',NULL),
	('EDIT_ORG_MEMBERSHIP_DESC','EDIT_ORG_MEMBERSHIP',NULL,'MENU_DISPLAY_NAME','Membership',NULL),
	('EDIT_ORG_MEMBERSHIP_PUB','EDIT_ORG_MEMBERSHIP',NULL,'MENU_IS_PUBLIC','true',NULL),
	('EDIT_ORG_PUB','EDIT_ORG',NULL,'MENU_IS_PUBLIC','true',NULL),
	('EDIT_ORG_TYPE_DESC','EDIT_ORG_TYPE',NULL,'MENU_DISPLAY_NAME','Edit Organization Type',NULL),
	('EDIT_ORG_TYPE_IDMAN_DESC','EDIT_ORG_TYPE_IDMAN',NULL,'MENU_DISPLAY_NAME','Organization Types',NULL),
	('EDIT_ORG_TYPE_IDMAN_PUB','EDIT_ORG_TYPE_IDMAN',NULL,'MENU_IS_PUBLIC','true',NULL),
	('EDIT_ORG_TYPE_PUB','EDIT_ORG_TYPE',NULL,'MENU_IS_PUBLIC','true',NULL),
	('EDIT_POLICY_ATTR_SRCH_BCK_DESC','EDIT_POLICY_ATTR_SRCH_BCK',NULL,'MENU_DISPLAY_NAME','Back to Search',NULL),
	('EDIT_POLICY_ATTR_SRCH_BCK_PUB','EDIT_POLICY_ATTR_SRCH_BCK',NULL,'MENU_IS_PUBLIC','true',NULL),
	('EDIT_RESOURCE_DIS','EDIT_RESOURCE',NULL,'MENU_DISPLAY_NAME','Edit Resource',NULL),
	('EDIT_RESOURCE_PUB','EDIT_RESOURCE',NULL,'MENU_IS_PUBLIC','true',NULL),
	('EDIT_ROLE_DESC','EDIT_ROLE',NULL,'MENU_DISPLAY_NAME','Edit Role',NULL),
	('EDIT_ROLE_PUB','EDIT_ROLE',NULL,'MENU_IS_PUBLIC','true',NULL),
	('GROUP_EDIT_MENU_DESC','GROUP_EDIT_MENU',NULL,'MENU_DISPLAY_NAME','Group Root Edit Menu',NULL),
	('GROUP_EDIT_MENU_PUB','GROUP_EDIT_MENU',NULL,'MENU_IS_PUBLIC','true',NULL),
	('GROUP_ENTITLEMENTS_DESC','GROUP_ENTITLEMENTS',NULL,'MENU_DISPLAY_NAME','Group Entitlements',NULL),
	('GROUP_ENTITLEMENTS_PUB','GROUP_ENTITLEMENTS',NULL,'MENU_IS_PUBLIC','true',NULL),
	('GROUP_MENUS_DESC','GROUP_MENUS',NULL,'MENU_DISPLAY_NAME','Menus',NULL),
	('GROUP_MENUS_PUB','GROUP_MENUS',NULL,'MENU_IS_PUBLIC','false',NULL),
	('GROUP_ROOT_MENU_DESC','GROUP_ROOT_MENU',NULL,'MENU_DISPLAY_NAME','Group Root Menu',NULL),
	('GROUP_ROOT_MENU_PUB','GROUP_ROOT_MENU',NULL,'MENU_IS_PUBLIC','true',NULL),
	('GROUP_SEARCH_DESC','GROUP_SEARCH',NULL,'MENU_DISPLAY_NAME','Group Search',NULL),
	('GROUP_SEARCH_PUB','GROUP_SEARCH',NULL,'MENU_IS_PUBLIC','true',NULL),
	('GRP_APROVER_ASSOC_DN','GRP_APROVER_ASSOC',NULL,'MENU_DISPLAY_NAME','Approver Associations',NULL),
	('GRP_APROVER_ASSOC_PUB','GRP_APROVER_ASSOC',NULL,'MENU_IS_PUBLIC','true',NULL),
	('IDMAN_MENU_DISPLAY','IDMAN',NULL,'MENU_DISPLAY_NAME','User Admin',NULL),
	('IDMAN_MENU_ICON','IDMAN',NULL,'MENU_ICON','/openiam-ui-static/images/common/icons/user_manager.png',NULL),
	('IDM_MENU_DISPLAY','IDM',NULL,'MENU_DISPLAY_NAME','Identity',NULL),
	('IDM_MENU_PUBLIC','IDM',NULL,'MENU_IS_PUBLIC','true',NULL),
	('IDQUEST_MENU_DISPLAY','IDQUEST',NULL,'MENU_DISPLAY_NAME','Challenge Response',NULL),
	('LOCATION_MENU_DISPLAY','LOCATION',NULL,'MENU_DISPLAY_NAME','Location',NULL),
	('LOCATION_VISIBLE','LOCATION',NULL,'IS_VISIBLE','false',NULL),
	('MANAGEREQ_MENU_DISPLAY','MANAGEREQ',NULL,'MENU_DISPLAY_NAME','Request History',NULL),
	('MANAGEREQ_VISIBLE','MANAGEREQ',NULL,'IS_VISIBLE','true',NULL),
	('MANUALRECON_DESC','MANUALRECON',NULL,'MENU_DISPLAY_NAME','Manual reconciliation',NULL),
	('METADATA_MENU_DISPLAY','METADATA',NULL,'MENU_DISPLAY_NAME','Metadata',NULL),
	('METADATA_VISIBLE','METADATA',NULL,'IS_VISIBLE','false',NULL),
	('MNGSYSRULES_DESC','MNGSYSRULES',NULL,'MENU_DISPLAY_NAME','Managed system rules',NULL),
	('MNGSYS_DESC','MNGSYS_MENU_ITEM',NULL,'MENU_DISPLAY_NAME','Managed Systems',NULL),
	('MNGSYS_DSC','MNGSYS_NEW',NULL,'MENU_DISPLAY_NAME','Create Managed System',NULL),
	('MNGSYS_EDIT_DESC','MNGSYS_EDIT',NULL,'MENU_DISPLAY_NAME','Edit managed system',NULL),
	('MNGSYS_MENU_DISPLAY','MNGSYS',NULL,'MENU_DISPLAY_NAME','Managed System',NULL),
	('MNGSYS_NEW_PUB','MNGSYS_NEW',NULL,'MENU_IS_PUBLIC','true',NULL),
	('MNGSYS_PUB','MNGSYS_MENU_ITEM',NULL,'MENU_IS_PUBLIC','true',NULL),
	('NEWUSER-NOAPPRV_MENU_DISPLAY','NEWUSER-NOAPPRV',NULL,'MENU_DISPLAY_NAME','New User-NO Approver',NULL),
	('NEWUSER_MENU_DISPLAY','NEWUSER',NULL,'MENU_DISPLAY_NAME','New User',NULL),
	('NEWUSER_VISIBLE','NEWUSER',NULL,'IS_VISIBLE','true',NULL),
	('NEW_AUTHENTICATION_POLICY_DESC','NEW_AUTHENTICATION_POLICY',NULL,'MENU_DISPLAY_NAME','Create New Auth Policy',NULL),
	('NEW_AUTHENTICATION_POLICY_PUB','NEW_AUTHENTICATION_POLICY',NULL,'MENU_IS_PUBLIC','true',NULL),
	('NEW_BATCH_TASK_DESC','NEW_BATCH_TASK',NULL,'MENU_DISPLAY_NAME','New Batch Task',NULL),
	('NEW_BATCH_TASK_PUB','NEW_BATCH_TASK',NULL,'MENU_IS_PUBLIC','true',NULL),
	('NEW_GROUP_DESC','NEW_GROUP',NULL,'MENU_DISPLAY_NAME','Create New Group',NULL),
	('NEW_GROUP_PUB','NEW_GROUP',NULL,'MENU_IS_PUBLIC','true',NULL),
	('NEW_ORG_DESC','NEW_ORG',NULL,'MENU_DISPLAY_NAME','Create New Organization',NULL),
	('NEW_ORG_PUB','NEW_ORG',NULL,'MENU_IS_PUBLIC','true',NULL),
	('NEW_ORG_TYPE_DESC','NEW_ORG_TYPE',NULL,'MENU_DISPLAY_NAME','New Organization Type',NULL),
	('NEW_ORG_TYPE_PUB','NEW_ORG_TYPE',NULL,'MENU_IS_PUBLIC','true',NULL),
	('NEW_PASSWORD_POLICY_DESC','NEW_PASSWORD_POLICY',NULL,'MENU_DISPLAY_NAME','Create New Pswd Policy',NULL),
	('NEW_PASSWORD_POLICY_PUB','NEW_PASSWORD_POLICY',NULL,'MENU_IS_PUBLIC','true',NULL),
	('NEW_POLICY_ATTR_DESC','NEW_POLICY_ATTR',NULL,'MENU_DISPLAY_NAME','New Attribute Policy',NULL),
	('NEW_POLICY_ATTR_PUB','NEW_POLICY_ATTR',NULL,'MENU_IS_PUBLIC','true',NULL),
	('NEW_ROLE_DESC','NEW_ROLE',NULL,'MENU_DISPLAY_NAME','Create New Role',NULL),
	('NEW_ROLE_PUB','NEW_ROLE',NULL,'MENU_IS_PUBLIC','true',NULL),
	('NEW_USER_DESC','NEW_USER',NULL,'MENU_DISPLAY_NAME','Create New User',NULL),
	('NEW_USER_PUB','NEW_USER',NULL,'MENU_IS_PUBLIC','true',NULL),
	('ORGANIZATION_EDIT_ID_DESC','ORGANIZATION_EDIT_ID',NULL,'MENU_DISPLAY_NAME','Organization Edit Menus',NULL),
	('ORGANIZATION_EDIT_ID_PUB','ORGANIZATION_EDIT_ID',NULL,'MENU_IS_PUBLIC','true',NULL),
	('ORGANIZATION_ROOT_ID_DESC','ORGANIZATION_ROOT_ID',NULL,'MENU_DISPLAY_NAME','Organization Root Menus',NULL),
	('ORGANIZATION_ROOT_ID_PUB','ORGANIZATION_ROOT_ID',NULL,'MENU_IS_PUBLIC','true',NULL),
	('ORG_APROVER_ASSOC_DN','ORG_APROVER_ASSOC',NULL,'MENU_DISPLAY_NAME','Approver Associations',NULL),
	('ORG_APROVER_ASSOC_PUB','ORG_APROVER_ASSOC',NULL,'MENU_IS_PUBLIC','true',NULL),
	('ORG_MEMBERSHIP_DESC','ORG_MEMBERSHIP',NULL,'MENU_DISPLAY_NAME','Organization Membership',NULL),
	('ORG_MEMBERSHIP_PUB','ORG_MEMBERSHIP',NULL,'MENU_IS_PUBLIC','true',NULL),
	('ORG_MENU_DISPLAY','ORG',NULL,'MENU_DISPLAY_NAME','Organization',NULL),
	('ORG_MENU_PUBLIC','ORG',NULL,'MENU_IS_PUBLIC','true',NULL),
	('ORG_SEARCH_DESC','ORG_SEARCH',NULL,'MENU_DISPLAY_NAME','Organization Search',NULL),
	('ORG_SEARCH_PUB','ORG_SEARCH',NULL,'MENU_IS_PUBLIC','true',NULL),
	('ORG_TYPE_EDIT_SEARCH_DESC','ORG_TYPE_EDIT_SEARCH',NULL,'MENU_DISPLAY_NAME','Search Organization Types',NULL),
	('ORG_TYPE_EDIT_SEARCH_PUB','ORG_TYPE_EDIT_SEARCH',NULL,'MENU_IS_PUBLIC','true',NULL),
	('ORG_TYPE_SEARCH_DESC','ORG_TYPE_SEARCH',NULL,'MENU_DISPLAY_NAME','Search Organization Types',NULL),
	('ORG_TYPE_SEARCH_PUB','ORG_TYPE_SEARCH',NULL,'MENU_IS_PUBLIC','true',NULL),
	('ORG_TYPE_SUBMENU_EDIT_DESC','ORG_TYPE_SUBMENU_EDIT',NULL,'MENU_DISPLAY_NAME','Organization Type Edit',NULL),
	('ORG_TYPE_SUBMENU_EDIT_PUB','ORG_TYPE_SUBMENU_EDIT',NULL,'MENU_IS_PUBLIC','true',NULL),
	('ORG_TYPE_SUBMENU_ROOT_DESC','ORG_TYPE_SUBMENU_ROOT',NULL,'MENU_DISPLAY_NAME','Organization Type Root',NULL),
	('ORG_TYPE_SUBMENU_ROOT_PUB','ORG_TYPE_SUBMENU_ROOT',NULL,'MENU_IS_PUBLIC','true',NULL),
	('PAGE_TEMPLATE_EDIT_DESC','PAGE_TEMPLATE_EDIT',NULL,'MENU_DISPLAY_NAME','Page Template Edit Menu',NULL),
	('PAGE_TEMPLATE_EDIT_NEW_DESC','PAGE_TEMPLATE_EDIT_NEW',NULL,'MENU_DISPLAY_NAME','Create New Template',NULL),
	('PAGE_TEMPLATE_EDIT_NEW_PUB','PAGE_TEMPLATE_EDIT_NEW',NULL,'MENU_IS_PUBLIC','true',NULL),
	('PAGE_TEMPLATE_EDIT_PUB','PAGE_TEMPLATE_EDIT',NULL,'MENU_IS_PUBLIC','true',NULL),
	('PAGE_TEMPLATE_EDIT_SEARCH_DESC','PAGE_TEMPLATE_EDIT_SEARCH',NULL,'MENU_DISPLAY_NAME','Back to Search',NULL),
	('PAGE_TEMPLATE_EDIT_SEARCH_PUB','PAGE_TEMPLATE_EDIT_SEARCH',NULL,'MENU_IS_PUBLIC','true',NULL),
	('PAGE_TEMPLATE_NEW_DSC','PAGE_TEMPLATE_NEW',NULL,'MENU_DISPLAY_NAME','Create New Template',NULL),
	('PAGE_TEMPLATE_NEW_PUB','PAGE_TEMPLATE_NEW',NULL,'MENU_IS_PUBLIC','true',NULL),
	('PAGE_TEMPLATE_ROOT_DESC','PAGE_TEMPLATE_ROOT',NULL,'MENU_DISPLAY_NAME','Page Template Root Menu',NULL),
	('PAGE_TEMPLATE_ROOT_PUB','PAGE_TEMPLATE_ROOT',NULL,'MENU_IS_PUBLIC','true',NULL),
	('PAGE_TEMPLATE_SEARCH_DESC','PAGE_TEMPLATE_SEARCH',NULL,'MENU_DISPLAY_NAME','Search Page Templates',NULL),
	('PAGE_TEMPLATE_SEARCH_PUB','PAGE_TEMPLATE_SEARCH',NULL,'MENU_IS_PUBLIC','true',NULL),
	('PASSWORD_POLICY_EDIT_DESC','PASSWORD_POLICY_EDIT',NULL,'MENU_DISPLAY_NAME','Associate Policy Root Menu',NULL),
	('PASSWORD_POLICY_EDIT_PUB','PASSWORD_POLICY_EDIT',NULL,'MENU_IS_PUBLIC','true',NULL),
	('POLICY_ATTR_EDIT_ROOTT_DESC','POLICY_ATTR_EDIT_ROOT',NULL,'MENU_DISPLAY_NAME','Attribute Policy Edit Root Menu',NULL),
	('POLICY_ATTR_EDIT_ROOT_PUB','POLICY_ATTR_EDIT_ROOT',NULL,'MENU_IS_PUBLIC','true',NULL),
	('POLICY_ATTR_ROOT_DESC','POLICY_ATTR_ROOT',NULL,'MENU_DISPLAY_NAME','Attribute Policy Root Menu',NULL),
	('POLICY_ATTR_ROOT_PUB','POLICY_ATTR_ROOT',NULL,'MENU_IS_PUBLIC','true',NULL),
	('POLICY_MENU_DESC','PASSWORD_POLICY',NULL,'MENU_DISPLAY_NAME','Password Policy',NULL),
	('POLICY_MENU_PUB','PASSWORD_POLICY',NULL,'MENU_IS_PUBLIC','true',NULL),
	('POLICY_ROOT_MENU_DESC','PASSWORD_POLICY_ROOT_MENU',NULL,'MENU_DISPLAY_NAME','Password Policy Root Menu',NULL),
	('POLICY_ROOT_MENU_PUB','PASSWORD_POLICY_ROOT_MENU',NULL,'MENU_IS_PUBLIC','true',NULL),
	('PROFILE_MENU_DISPLAY','PROFILE',NULL,'MENU_DISPLAY_NAME','Edit Your Profile',NULL),
	('PROFILE_VISIBLE','PROFILE',NULL,'IS_VISIBLE','true',NULL),
	('PROVCONNECT_DESC','PROVCONNECT_MENU_ITEM',NULL,'MENU_DISPLAY_NAME','Provisioning Connectors',NULL),
	('PROVCONNECT_MENU_DISPLAY','PROVCONNECT',NULL,'MENU_DISPLAY_NAME','Connectors',NULL),
	('PROVCONNECT_PUB','PROVCONNECT_MENU_ITEM',NULL,'MENU_IS_PUBLIC','true',NULL),
	('PROVISIONING_MENU_DISPLAY','PROVISIONING',NULL,'MENU_DISPLAY_NAME','Provisioning',NULL),
	('PROVISIONING_MENU_ICON','PROVISIONING',NULL,'MENU_ICON','/openiam-ui-static/images/common/icons/menu7.png',NULL),
	('PROV_CONNECTOR_DSC','PROV_CONNECTOR_NEW',NULL,'MENU_DISPLAY_NAME','Create New Connector',NULL),
	('PROV_CONNECTOR_NEW_PUB','PROV_CONNECTOR_NEW',NULL,'MENU_IS_PUBLIC','true',NULL),
	('REPORT_MENU_DISPLAY','REPORT',NULL,'MENU_DISPLAY_NAME','Manage Reports',NULL),
	('REPORT_VISIBLE','REPORT',NULL,'IS_VISIBLE','false',NULL),
	('REQINBOX_MENU_DISPLAY','REQINBOX',NULL,'MENU_DISPLAY_NAME','In-Box',NULL),
	('REQINBOX_VISIBLE','REQINBOX',NULL,'IS_VISIBLE','true',NULL),
	('RESOURCE_EDIT_PAGE_ROOT_DIS','RESOURCE_EDIT_PAGE_ROOT',NULL,'MENU_DISPLAY_NAME','Resource Edit Page Root',NULL),
	('RESOURCE_EDIT_PAGE_ROOT_PUB','RESOURCE_EDIT_PAGE_ROOT',NULL,'MENU_IS_PUBLIC','true',NULL),
	('RESPOLICYMAP_MENU_DISPLAY','RESPOLICYMAP',NULL,'MENU_DISPLAY_NAME','Policy Map',NULL),
	('RESRECONCILE_MENU_DISPLAY','RESRECONCILE',NULL,'MENU_DISPLAY_NAME','Reconciliation',NULL),
	('RESSUMMARY_MENU_DISPLAY','RESSUMMARY',NULL,'MENU_DISPLAY_NAME','Resource Details',NULL),
	('RES_APROVER_ASSOC_DN','RES_APROVER_ASSOC',NULL,'MENU_DISPLAY_NAME','Approver Associations',NULL),
	('RES_APROVER_ASSOC_PUB','RES_APROVER_ASSOC',NULL,'MENU_IS_PUBLIC','true',NULL),
	('RES_ENT_SUB_DIS','RES_ENT_SUB',NULL,'MENU_DISPLAY_NAME','Entitlements',NULL),
	('RES_ENT_SUB_PUB','RES_ENT_SUB',NULL,'MENU_IS_PUBLIC','true',NULL),
	('ROLE_APROVER_ASSOC_DN','ROLE_APROVER_ASSOC',NULL,'MENU_DISPLAY_NAME','Approver Associations',NULL),
	('ROLE_APROVER_ASSOC_PUB','ROLE_APROVER_ASSOC',NULL,'MENU_IS_PUBLIC','true',NULL),
	('ROLE_EDIT_MENU_DESC','ROLE_EDIT_MENU',NULL,'MENU_DISPLAY_NAME','Role Root Edit Menu',NULL),
	('ROLE_EDIT_MENU_PUB','ROLE_EDIT_MENU',NULL,'MENU_IS_PUBLIC','true',NULL),
	('ROLE_ENTITLEMENTS_DESC','ROLE_ENTITLEMENTS',NULL,'MENU_DISPLAY_NAME','Role Entitlements',NULL),
	('ROLE_ENTITLEMENTS_PUB','ROLE_ENTITLEMENTS',NULL,'MENU_IS_PUBLIC','true',NULL),
	('ROLE_MENUS_DESC','ROLE_MENUS',NULL,'MENU_DISPLAY_NAME','Menus',NULL),
	('ROLE_MENUS_PUB','ROLE_MENUS',NULL,'MENU_IS_PUBLIC','false',NULL),
	('ROLE_ROOT_MENU_DESC','ROLE_ROOT_MENU',NULL,'MENU_DISPLAY_NAME','Role Root Menu',NULL),
	('ROLE_ROOT_MENU_PUB','ROLE_ROOT_MENU',NULL,'MENU_IS_PUBLIC','true',NULL),
	('ROLE_SEARCH_DESC','ROLE_SEARCH',NULL,'MENU_DISPLAY_NAME','Role Search',NULL),
	('ROLE_SEARCH_PUB','ROLE_SEARCH',NULL,'MENU_IS_PUBLIC','true',NULL),
	('SEARCH_BATCH_EDIT_DESC','SEARCH_BATCH_EDIT',NULL,'MENU_DISPLAY_NAME','Search Batch Tasks',NULL),
	('SEARCH_BATCH_EDIT_PUB','SEARCH_BATCH_EDIT',NULL,'MENU_IS_PUBLIC','true',NULL),
	('SEARCH_BATCH_NEW_DESC','SEARCH_BATCH_NEW',NULL,'MENU_DISPLAY_NAME','Search Batch Tasks',NULL),
	('SEARCH_BATCH_NEW_PUB','SEARCH_BATCH_NEW',NULL,'MENU_IS_PUBLIC','true',NULL),
	('SECDOMAIN_MENU_DISPLAY','SECDOMAIN',NULL,'MENU_DISPLAY_NAME','Security Domain',NULL),
	('SECDOMAIN_VISIBLE','SECDOMAIN',NULL,'IS_VISIBLE','false',NULL),
	('SECURITY_GROUP_MENU_DISPLAY','SECURITY_GROUP',NULL,'MENU_DISPLAY_NAME','Group',NULL),
	('SECURITY_GROUP_PUB','SECURITY_GROUP',NULL,'MENU_IS_PUBLIC','true',NULL),
	('SECURITY_POLICY_MENU_DISPLAY','SECURITY_POLICY',NULL,'MENU_DISPLAY_NAME','Policy',NULL),
	('SECURITY_POLICY_MENU_ICON','SECURITY_POLICY',NULL,'MENU_ICON','/openiam-ui-static/images/common/icons/sso.png',NULL),
	('SECURITY_RES_MENU_DISPLAY','SECURITY_RES',NULL,'MENU_DISPLAY_NAME','Resource',NULL),
	('SECURITY_ROLE_MENU_DISPLAY','SECURITY_ROLE',NULL,'MENU_DISPLAY_NAME','Role',NULL),
	('SECURITY_ROLE_MENU_PUBLIC','SECURITY_ROLE',NULL,'MENU_IS_PUBLIC','true',NULL),
	('SELFCENTER_MENU_DISPLAY','SELFCENTER',NULL,'MENU_DISPLAY_NAME','Self Service Center',NULL),
	('SELFCENTER_MENU_ICON','SELFCENTER',NULL,'MENU_ICON','/openiam-ui-static/images/common/icons/user_manager.png',NULL),
	('SELFSERVE_SUP_SUB_DESC','SELFSERVE_SUP_SUB',NULL,'MENU_DISPLAY_NAME','Superiors & Subordinates',NULL),
	('SELFSERVE_SUP_SUB_PUB','SELFSERVE_SUP_SUB',NULL,'MENU_IS_PUBLIC','true',NULL),
	('SELFSERVICE_MENU_DISPLAY','SELFSERVICE',NULL,'MENU_DISPLAY_NAME','SELF SERVICE',NULL),
	('SELFSERVICE_MENU_PUBLIC','SELFSERVICE',NULL,'MENU_IS_PUBLIC','true',NULL),
	('SELFSERVICE_MYAPPS_DESC','SELFSERVICE_MYAPPS',NULL,'MENU_DISPLAY_NAME','My Applications',NULL),
	('SELFSERVICE_MYAPPS_MENU_ICON','SELFSERVICE_MYAPPS',NULL,'MENU_ICON','/openiam-ui-static/images/common/icons/sso.png',NULL),
	('SELFSERVICE_MYAPPS_PUB','SELFSERVICE_MYAPPS',NULL,'MENU_IS_PUBLIC','true',NULL),
	('SELFSERVICE_MYINFO_DESC','SELFSERVICE_MYINFO',NULL,'MENU_DISPLAY_NAME','My Info',NULL),
	('SELFSERVICE_MYINFO_MENU_ICON','SELFSERVICE_MYINFO',NULL,'MENU_ICON','/openiam-ui-static/images/common/icons/menu7.png',NULL),
	('SELFSERVICE_MYINFO_PUB','SELFSERVICE_MYINFO',NULL,'MENU_IS_PUBLIC','true',NULL),
	('SELFSERVICE_REPORT_DESC','SELFSERVICE_REPORT',NULL,'MENU_DISPLAY_NAME','Report',NULL),
	('SELFSERVICE_REPORT_DISPLAY','SELFSERVICE_REPORT',NULL,'MENU_ICON','/openiam-ui-static/images/common/icons/reports.png',NULL),
	('SELFSERVICE_REPORT_PUB','SELFSERVICE_REPORT',NULL,'MENU_IS_PUBLIC','true',NULL),
	('SELFSERV_USER_EDIT_DESC','SELFSERV_USER_EDIT',NULL,'MENU_DISPLAY_NAME','Edit User',NULL),
	('SELFSERV_USER_EDIT_PUB','SELFSERV_USER_EDIT',NULL,'MENU_IS_PUBLIC','true',NULL),
	('SELFSERV_USER_MEMSHP_DES','SELFSERV_USER_MEMSHP',NULL,'MENU_DISPLAY_NAME','User Entitlements',NULL),
	('SELFSERV_USER_MEMSHP_PUB','SELFSERV_USER_MEMSHP',NULL,'MENU_IS_PUBLIC','true',NULL),
	('SELFSER_USER_LOGIN_DESC','SELFSER_USER_LOGIN',NULL,'MENU_DISPLAY_NAME','Identities',NULL),
	('SELFSER_USER_LOGIN_PUB','SELFSER_USER_LOGIN',NULL,'MENU_IS_PUBLIC','true',NULL),
	('SELFSER_USER_NEW_LOGIN_DESC','SELFSER_USER_NEW_LOGIN',NULL,'MENU_DISPLAY_NAME','Create New Identity',NULL),
	('SELFSER_USER_NEW_LOGIN_PUB','SELFSER_USER_NEW_LOGIN',NULL,'MENU_IS_PUBLIC','true',NULL),
	('SELFSRVS_ACCESS_MNGMNT_ORG_DESC','SELFSRVS_ACCESS_MNGMNT_ORG',NULL,'MENU_DISPLAY_NAME','Organizations',NULL),
	('SELF_QUERYUSER_MENU_DISPLAY','SELF_QUERYUSER',NULL,'MENU_DISPLAY_NAME','Manage User',NULL),
	('SELF_SUB_ORGS_EDIT_DESC','SELF_SUB_ORGS_EDIT',NULL,'MENU_DISPLAY_NAME','Edit Organization',NULL),
	('SELF_SUB_ORGS_MEMEBERSHIP_DESC','SELF_SUB_ORGS_MEMEBERSHIP',NULL,'MENU_DISPLAY_NAME','Organization Membership',NULL),
	('SELF_SUB_ORGS_NEW_DESC','SELF_SUB_ORGS_NEW',NULL,'MENU_DISPLAY_NAME','New Organization',NULL),
	('SELF_SUB_ORGS_SEARCH_DESC','SELF_SUB_ORGS_SEARCH',NULL,'MENU_DISPLAY_NAME','Search Organization',NULL),
	('SELF_SUB_REPORT_NEW_DSC','SELF_SUB_REPORT_NEW',NULL,'MENU_DISPLAY_NAME','Subscribe Report',NULL),
	('SELF_SUB_REPORT_NEW_PUB','SELF_SUB_REPORT_NEW',NULL,'MENU_IS_PUBLIC','true',NULL),
	('SELF_SUB_REPORT_ROOT_DESC','SELF_SUB_REPORT_ROOT',NULL,'MENU_DISPLAY_NAME','Subscribe Report Root Menu',NULL),
	('SELF_SUB_REPORT_ROOT_PUB','SELF_SUB_REPORT_ROOT',NULL,'MENU_IS_PUBLIC','true',NULL),
	('SELF_VIEW_REPORT_NEW_DSC','SELF_VIEW_REPORT_NEW',NULL,'MENU_DISPLAY_NAME','Create New View Report',NULL),
	('SELF_VIEW_REPORT_NEW_PUB','SELF_VIEW_REPORT_NEW',NULL,'MENU_IS_PUBLIC','true',NULL),
	('SELF_VIEW_REPORT_ROOT_DESC','SELF_VIEW_REPORT_ROOT',NULL,'MENU_DISPLAY_NAME','View Report Root Menu',NULL),
	('SELF_VIEW_REPORT_ROOT_PUB','SELF_VIEW_REPORT_ROOT',NULL,'MENU_IS_PUBLIC','true',NULL),
	('SS_USR_EDIT_RT_DESC','SELFSERV_USER_EDIT_ROOT',NULL,'MENU_DISPLAY_NAME','SelfService Edit User Root',NULL),
	('SS_USR_EDIT_RT_PUB','SELFSERV_USER_EDIT_ROOT',NULL,'MENU_IS_PUBLIC','true',NULL),
	('SUBSCRIBE_MENU_DESC','SUBSCRIBE',NULL,'MENU_DISPLAY_NAME','Subscribe',NULL),
	('SUBSCRIBE_MENU_PUB','SUBSCRIBE',NULL,'MENU_IS_PUBLIC','true',NULL),
	('SUP_SUB_PAGE_DIS','SUP_SUB_PAGE',NULL,'MENU_DISPLAY_NAME','Superiors & Subordinates',NULL),
	('SUP_SUB_PAGE_PUB','SUP_SUB_PAGE',NULL,'MENU_IS_PUBLIC','false',NULL),
	('SYNCLOG_ADMIN_DESC','SYNCLOG',NULL,'MENU_DISPLAY_NAME','Log Viewer',NULL),
	('SYNCLOG_ADMIN_PUB','SYNCLOG',NULL,'MENU_IS_PUBLIC','true',NULL),
	('SYNCLOG_DESC','SYNCLOG_MENU_ITEM',NULL,'MENU_DISPLAY_NAME','Synchronization Transaction Log Viewer',NULL),
	('SYNCLOG_PUB','SYNCLOG_MENU_ITEM',NULL,'MENU_IS_PUBLIC','true',NULL),
	('SYNCUSER_DESC','SYNCUSER_MENU_ITEM',NULL,'MENU_DISPLAY_NAME','Synchronization',NULL),
	('SYNCUSER_EDIT_DESC','SYNCUSER_EDIT',NULL,'MENU_DISPLAY_NAME','Edit Synchronization',NULL),
	('SYNCUSER_EDIT_PUB','SYNCUSER_EDIT',NULL,'MENU_IS_PUBLIC','true',NULL),
	('SYNCUSER_MENU_DISPLAY','SYNCUSER',NULL,'MENU_DISPLAY_NAME','Synchronization',NULL),
	('SYNCUSER_NEW_DESC','SYNCUSER_NEW',NULL,'MENU_DISPLAY_NAME','Create Synchronization',NULL),
	('SYNCUSER_NEW_PUB','SYNCUSER_NEW',NULL,'MENU_IS_PUBLIC','true',NULL),
	('SYNCUSER_POLICYMAP_DESC','SYNCUSER_POLICYMAP',NULL,'MENU_DISPLAY_NAME','Policy Map',NULL),
	('SYNCUSER_POLICYMAP_PUB','SYNCUSER_POLICYMAP',NULL,'MENU_IS_PUBLIC','true',NULL),
	('SYNCUSER_PUB','SYNCUSER_MENU_ITEM',NULL,'MENU_IS_PUBLIC','true',NULL),
	('TEMPLATE_SEARCH_CHILD_DESC','TEMPLATE_SEARCH_CHILD',NULL,'MENU_DISPLAY_NAME','Page Template',NULL),
	('TEMPLATE_SEARCH_CHILD_PUB','TEMPLATE_SEARCH_CHILD',NULL,'MENU_IS_PUBLIC','true',NULL),
	('UPLOAD_CUST_PSWD_POLICY_DESC','UPLOAD_CUST_PSWD_POLICY',NULL,'MENU_DISPLAY_NAME','Custom Pswd Policy',NULL),
	('UPLOAD_CUST_PSWD_POLICY_PUB','UPLOAD_CUST_PSWD_POLICY',NULL,'MENU_IS_PUBLIC','true',NULL),
	('URI_META_BACK_DESC','URI_META_BACK',NULL,'MENU_DISPLAY_NAME','Back To Pattern',NULL),
	('URI_META_BACK_PUB','URI_META_BACK',NULL,'MENU_IS_PUBLIC','true',NULL),
	('URI_META_EDIT_DESC','URI_META_EDIT',NULL,'MENU_DISPLAY_NAME','URI Meta Root Item',NULL),
	('URI_META_EDIT_PUB','URI_META_EDIT',NULL,'MENU_IS_PUBLIC','true',NULL),
	('URI_PATTERN_EDIT_DESC','URI_PATTERN_EDIT',NULL,'MENU_DISPLAY_NAME','URI Pattern Edit Menu',NULL),
	('URI_PATTERN_EDIT_PATTERN_DESC','URI_PATTERN_EDIT_PATTERN',NULL,'MENU_DISPLAY_NAME','Edit URI Pattern',NULL),
	('URI_PATTERN_EDIT_PATTERN_PUB','URI_PATTERN_EDIT_PATTERN',NULL,'MENU_IS_PUBLIC','true',NULL),
	('URI_PATTERN_EDIT_PUB','URI_PATTERN_EDIT',NULL,'MENU_IS_PUBLIC','true',NULL),
	('URI_PATTERN_EDNW_PATTERN_DESC','URI_PATTERN_EDIT_NEW_PATTERN',NULL,'MENU_DISPLAY_NAME','Create URI Pattern',NULL),
	('URI_PATTERN_EDNW_PATTERN_PUB','URI_PATTERN_EDIT_NEW_PATTERN',NULL,'MENU_IS_PUBLIC','true',NULL),
	('URI_PATTERN_EDT_PROV_SEARCH_DESC','URI_PATTERN_EDT_PROV_SEARCH',NULL,'MENU_DISPLAY_NAME','Content Provider Search',NULL),
	('URI_PATTERN_EDT_PROV_SEARCH_PUB','URI_PATTERN_EDT_PROV_SEARCH',NULL,'MENU_IS_PUBLIC','true',NULL),
	('USER_ATTRIBUTES_DESC','USER_ATTRIBUTES',NULL,'MENU_DISPLAY_NAME','User Attributes',NULL),
	('USER_ATTRIBUTES_PUB','USER_ATTRIBUTES',NULL,'MENU_IS_PUBLIC','true',NULL),
	('USER_BULK_MENU_DISPLAY','USER_BULK',NULL,'MENU_DISPLAY_NAME','User Bulk Ops',NULL),
	('USER_BULK_VISIBLE','USER_BULK',NULL,'IS_VISIBLE','false',NULL),
	('USER_DELEGATION_DESC','USER_DELEGATION',NULL,'MENU_DISPLAY_NAME','User Delegation Filter',NULL),
	('USER_DELEGATION_PUB','USER_DELEGATION',NULL,'MENU_IS_PUBLIC','false',NULL),
	('USER_EDIT_CONTACT_INFO_DESC','USER_EDIT_CONTACT_INFO',NULL,'MENU_DISPLAY_NAME','Contact Info',NULL),
	('USER_EDIT_CONTACT_INFO_PUB','USER_EDIT_CONTACT_INFO',NULL,'MENU_IS_PUBLIC','true',NULL),
	('USER_EDIT_INFO_DESC','USER_EDIT_INFO',NULL,'MENU_DISPLAY_NAME','User Info',NULL),
	('USER_EDIT_INFO_PUB','USER_EDIT_INFO',NULL,'MENU_IS_PUBLIC','true',NULL),
	('USER_EDIT_MENU_DESC','USER_EDIT_MENU',NULL,'MENU_DISPLAY_NAME','User Root Edit Menu',NULL),
	('USER_EDIT_MENU_PUB','USER_EDIT_MENU',NULL,'MENU_IS_PUBLIC','true',NULL),
	('USER_ENTITLEMENTS_DESC','USER_ENTITLEMENTS',NULL,'MENU_DISPLAY_NAME','User Entitlements',NULL),
	('USER_ENTITLEMENTS_PUB','USER_ENTITLEMENTS',NULL,'MENU_IS_PUBLIC','true',NULL),
	('USER_HISTORY_DESC','USER_HISTORY',NULL,'MENU_DISPLAY_NAME','User History',NULL),
	('USER_HISTORY_PUB','USER_HISTORY',NULL,'MENU_IS_PUBLIC','true',NULL),
	('USER_IDENTITY_DESC','USER_IDENTITY',NULL,'MENU_DISPLAY_NAME','User Identities',NULL),
	('USER_IDENTITY_PUB','USER_IDENTITY',NULL,'MENU_IS_PUBLIC','true',NULL),
	('USER_MENUS_DESC','USER_MENUS',NULL,'MENU_DISPLAY_NAME','Menus',NULL),
	('USER_MENUS_PUB','USER_MENUS',NULL,'MENU_IS_PUBLIC','false',NULL),
	('USER_MENU_DESC','USER',NULL,'MENU_DISPLAY_NAME','User',NULL),
	('USER_MENU_PUB','USER',NULL,'MENU_IS_PUBLIC','true',NULL),
	('USER_RESET_PASSWORD_DESC','USER_RESET_PASSWORD',NULL,'MENU_DISPLAY_NAME','Reset Password',NULL),
	('USER_RESET_PASSWORD_PUB','USER_RESET_PASSWORD',NULL,'MENU_IS_PUBLIC','true',NULL),
	('USER_ROOT_MENU_DESC','USER_ROOT_MENU',NULL,'MENU_DISPLAY_NAME','User Root Menu',NULL),
	('USER_ROOT_MENU_PUB','USER_ROOT_MENU',NULL,'MENU_IS_PUBLIC','true',NULL),
	('USER_SEARCH_DESC','USER_SEARCH',NULL,'MENU_DISPLAY_NAME','User Search',NULL),
	('USER_SEARCH_PUB','USER_SEARCH',NULL,'MENU_IS_PUBLIC','true',NULL),
	('VIEW_MENU_DESC','VIEW',NULL,'MENU_DISPLAY_NAME','View',NULL),
	('VIEW_MENU_PUB','VIEW',NULL,'MENU_IS_PUBLIC','true',NULL),
	('WEB_REPORT_DESC','WEB_REPORT',NULL,'MENU_DISPLAY_NAME','Report',NULL),
	('WEB_REPORT_DISPLAY','WEB_REPORT',NULL,'MENU_ICON','/openiam-ui-static/images/common/icons/reports.png',NULL),
	('WEB_REPORT_NEW_DSC','WEB_REPORT_NEW',NULL,'MENU_DISPLAY_NAME','Create New Report',NULL),
	('WEB_REPORT_NEW_PUB','WEB_REPORT_NEW',NULL,'MENU_IS_PUBLIC','true',NULL),
	('WEB_REPORT_PUB','WEB_REPORT',NULL,'MENU_IS_PUBLIC','true',NULL),
	('WEB_REPORT_ROOT_DESC','WEB_REPORT_ROOT',NULL,'MENU_DISPLAY_NAME','Report Root Menu',NULL),
	('WEB_REPORT_ROOT_PUB','WEB_REPORT_ROOT',NULL,'MENU_IS_PUBLIC','true',NULL);

INSERT INTO RESOURCE_ROLE (RESOURCE_ID, START_DATE, ROLE_ID) VALUES
	('ACCESSCENTER',NULL,'2'),
	('ACCESSCENTER',NULL,'4'),
	('ACC_CONTROL',NULL,'9'),
	('ADMIN',NULL,'9'),
	('BATCH_PROC',NULL,'9'),
	('CHALLENGE',NULL,'9'),
	('CHNGPSWD',NULL,'1'),
	('CHNGPSWD',NULL,'2'),
	('CREATEREQ',NULL,'1'),
	('DELG_FILTER',NULL,'9'),
	('DIRECTORY',NULL,'1'),
	('DIRECTORY',NULL,'2'),
	('IDMAN',NULL,'9'),
	('IDQUEST',NULL,'1'),
	('IDQUEST',NULL,'2'),
	('LOCATION',NULL,'9'),
	('MANAGEREQ',NULL,'4'),
	('METADATA',NULL,'9'),
	('MNGSYS',NULL,'9'),
	('NEWUSER',NULL,'4'),
	('NEWUSER-NOAPPRV',NULL,'4'),
	('NEW_USER',NULL,'9'),
	('ORG',NULL,'9'),
	('PROFILE',NULL,'1'),
	('PROFILE',NULL,'2'),
	('PROVCONNECT',NULL,'9'),
	('PROVISIONING',NULL,'9'),
	('REPORT',NULL,'9'),
	('REQINBOX',NULL,'4'),
	('RESPOLICYMAP',NULL,'9'),
	('RESRECONCILE',NULL,'9'),
	('RESSUMMARY',NULL,'9'),
	('SECDOMAIN',NULL,'9'),
	('SECURITY_GROUP',NULL,'9'),
	('SECURITY_POLICY',NULL,'9'),
	('SECURITY_RES',NULL,'9'),
	('SECURITY_ROLE',NULL,'9'),
	('SELFCENTER',NULL,'1'),
	('SELFCENTER',NULL,'2'),
	('SELFSERVICE',NULL,'1'),
	('SELFSERVICE',NULL,'2'),
	('SELF_QUERYUSER',NULL,'2'),
	('SYNCUSER',NULL,'9'),
	('USER',NULL,'9'),
	('USER_ATTRIBUTES',NULL,'9'),
	('USER_BULK',NULL,'9'),
	('USER_DELEGATION',NULL,'9'),
	('USER_EDIT_CONTACT_INFO',NULL,'9'),
	('USER_EDIT_INFO',NULL,'9'),
	('USER_ENTITLEMENTS',NULL,'9'),
	('USER_HISTORY',NULL,'9'),
	('USER_RESET_PASSWORD',NULL,'9'),
	('USER_SEARCH',NULL,'9');

INSERT INTO RESOURCE_USER (RESOURCE_ID, USER_ID, START_DATE) VALUES
	('GROUP_MENUS','3000',NULL),
	('ROLE_MENUS','3000',NULL),
	('SUP_SUB_PAGE','3000',NULL),
	('USER_DELEGATION','3000',NULL),
	('USER_MENUS','3000',NULL);

INSERT INTO DEF_RECON_ATTR_MAP (DEF_ATTR_MAP_ID, DEF_ATTR_MAP_NAME) VALUES
	('Login.login','Principal'),
	('User.title','Functional Title');

INSERT INTO RECON_RES_ATTR_MAP (RECON_RES_ATTR_MAP_ID, ATTR_POLICY_ID, DEF_RECON_ATTR_MAP_ID) VALUES
	('1','4501',NULL),
	('10','4510',NULL),
	('11','4511',NULL),
	('12','4512',NULL),
	('13','4513',NULL),
	('14','4515',NULL),
	('15','4516',NULL),
	('16','4517',NULL),
	('17','4518',NULL),
	('18','4521',NULL),
	('19','4522',NULL),
	('2','4502',NULL),
	('20','4514',NULL),
	('21','4546',NULL),
	('22','4562',NULL),
	('23','4563',NULL),
	('24','4564',NULL),
	('25','4565',NULL),
	('26','4600',NULL),
	('27','4601',NULL),
	('28','4602',NULL),
	('29','4603',NULL),
	('3','4503',NULL),
	('30','4632',NULL),
	('31','4630',NULL),
	('32','4506',NULL),
	('33','4631',NULL),
	('34','4517',NULL),
	('35','4633',NULL),
	('36','4634',NULL),
	('37','4635',NULL),
	('38','4636',NULL),
	('39','4637',NULL),
	('4','4504',NULL),
	('40','4639',NULL),
	('41','4640',NULL),
	('42','4642',NULL),
	('43','4643',NULL),
	('44','4644',NULL),
	('45','4645',NULL),
	('46','4646',NULL),
	('47','4650',NULL),
	('48','4651',NULL),
	('49','4653',NULL),
	('5','4505',NULL),
	('50','4654',NULL),
	('51','4655',NULL),
	('52','4656',NULL),
	('53','4600',NULL),
	('54','4603',NULL),
	('55','4562',NULL),
	('56','4514',NULL),
	('57','4506',NULL),
	('58','4509',NULL),
	('59','4511',NULL),
	('6','4506',NULL),
	('60','4513',NULL),
	('61','4516',NULL),
	('62','4546',NULL),
	('65','4562',NULL),
	('66','4509',NULL),
	('67','4601',NULL),
	('68','4602',NULL),
	('69','4543',NULL),
	('7','4507',NULL),
	('70','4541',NULL),
	('71','4660',NULL),
	('72','4661',NULL),
	('73','4662',NULL),
	('8','4508',NULL),
	('9','4509',NULL);

INSERT INTO ATTRIBUTE_MAP (ATTRIBUTE_MAP_ID, MANAGED_SYS_ID, RESOURCE_ID, MAP_FOR_OBJECT_TYPE, ATTRIBUTE_NAME, TARGET_ATTRIBUTE_NAME, AUTHORITATIVE_SRC, ATTRIBUTE_POLICY_ID, RULE_TEXT, STATUS, START_DATE, END_DATE, STORE_IN_IAMDB, DATA_TYPE, DEFAULT_VALUE, SYNCH_CONFIG_ID) VALUES
	('201','101','101','USER','cn',NULL,0,'1',NULL,'ACTIVE',NULL,NULL,0,'STRING',NULL,NULL),
	('202','101','101','USER','mail',NULL,0,'2',NULL,'ACTIVE',NULL,NULL,0,'STRING',NULL,NULL),
	('203','101','101','USER','o',NULL,0,'3',NULL,'ACTIVE',NULL,NULL,0,'STRING',NULL,NULL),
	('204','101','101','USER','ou',NULL,0,'4',NULL,'ACTIVE',NULL,NULL,0,'STRING',NULL,NULL),
	('205','101','101','USER','postalCode',NULL,0,'5',NULL,'ACTIVE',NULL,NULL,0,'STRING',NULL,NULL),
	('206','101','101','USER','sn',NULL,0,'6',NULL,'ACTIVE',NULL,NULL,0,'STRING',NULL,NULL),
	('207','101','101','USER','st',NULL,0,'7',NULL,'ACTIVE',NULL,NULL,0,'STRING',NULL,NULL),
	('208','101','101','USER','street',NULL,0,'8',NULL,'ACTIVE',NULL,NULL,0,'STRING',NULL,NULL),
	('209','101','101','USER','userPassword',NULL,0,'9',NULL,'ACTIVE',NULL,NULL,0,'STRING',NULL,NULL),
	('210','101','101','USER','postalAddress',NULL,0,'10',NULL,'ACTIVE',NULL,NULL,0,'STRING',NULL,NULL),
	('211','101','101','USER','telephoneNumber',NULL,0,'11',NULL,'ACTIVE',NULL,NULL,0,'STRING',NULL,NULL),
	('212','101','101','USER','facsimileTelephoneNumber',NULL,0,'12',NULL,'ACTIVE',NULL,NULL,0,'STRING',NULL,NULL),
	('213','101','101','USER','mobileTelephoneNumber',NULL,0,'13',NULL,'ACTIVE',NULL,NULL,0,'STRING',NULL,NULL),
	('215','101','101','PRINCIPAL','uid',NULL,0,'14',NULL,'ACTIVE',NULL,NULL,0,'STRING',NULL,NULL),
	('216','101','101','USER','departmentNumber',NULL,0,'15',NULL,'ACTIVE',NULL,NULL,0,'STRING',NULL,NULL),
	('217','101','101','USER','displayName',NULL,0,'16',NULL,'ACTIVE',NULL,NULL,0,'STRING',NULL,NULL),
	('218','101','101','USER','employeeType',NULL,0,'17',NULL,'ACTIVE',NULL,NULL,0,'STRING',NULL,NULL),
	('221','101','101','USER','objectclass',NULL,0,'18',NULL,'ACTIVE',NULL,NULL,0,'STRING',NULL,NULL),
	('222','101','101','USER','title',NULL,0,'19',NULL,'ACTIVE',NULL,NULL,0,'STRING',NULL,NULL),
	('223','101','101','USER','givenName',NULL,0,'20',NULL,'ACTIVE',NULL,NULL,0,'STRING',NULL,NULL),
	('224','101','101','USER','uniqueMember',NULL,0,'21',NULL,'IN-ACTIVE',NULL,NULL,0,'MEMBER_OF',NULL,NULL),
	('230','0','0','PRINCIPAL','PRINCIPAL',NULL,0,'22',NULL,'ACTIVE',NULL,NULL,0,NULL,NULL,NULL),
	('231','0','0','PRINCIPAL','PASSWORD',NULL,0,'23',NULL,'ACTIVE',NULL,NULL,0,NULL,NULL,NULL),
	('232','0','0','EMAIL','EMAIL',NULL,0,'24',NULL,'ACTIVE',NULL,NULL,0,NULL,NULL,NULL),
	('233','0','0','PRINCIPAL','DOMAIN',NULL,0,'25',NULL,'ACTIVE',NULL,NULL,0,NULL,NULL,NULL),
	('400','103','103','PRINCIPAL','userName',NULL,0,'26',NULL,'ACTIVE',NULL,NULL,0,NULL,NULL,NULL),
	('401','103','103','USER','firstName',NULL,0,'27',NULL,'ACTIVE',NULL,NULL,0,NULL,NULL,NULL),
	('402','103','103','USER','lastName',NULL,0,'28',NULL,'ACTIVE',NULL,NULL,0,NULL,NULL,NULL),
	('403','103','103','USER','password',NULL,0,'29',NULL,'ACTIVE',NULL,NULL,0,NULL,NULL,NULL),
	('501','110','110','PRINCIPAL','CN',NULL,0,'30',NULL,'ACTIVE',NULL,NULL,0,'STRING',NULL,NULL),
	('502','110','110','USER','sAMAccountName',NULL,0,'31',NULL,'ACTIVE',NULL,NULL,0,'STRING',NULL,NULL),
	('503','110','110','USER','sn',NULL,0,'32',NULL,'ACTIVE',NULL,NULL,0,'STRING',NULL,NULL),
	('504','110','110','USER','givenName',NULL,0,'33',NULL,'ACTIVE',NULL,NULL,0,'STRING',NULL,NULL),
	('505','110','110','USER','displayName',NULL,0,'34',NULL,'ACTIVE',NULL,NULL,0,'STRING',NULL,NULL),
	('506','110','110','USER','ou',NULL,0,'35',NULL,'ACTIVE',NULL,NULL,0,'STRING',NULL,NULL),
	('507','110','110','USER','objectclass',NULL,0,'36',NULL,'ACTIVE',NULL,NULL,0,'STRING',NULL,NULL),
	('508','110','110','USER','profilePath',NULL,0,'37',NULL,'ACTIVE',NULL,NULL,0,'STRING',NULL,NULL),
	('509','110','110','USER','homeDirectory',NULL,0,'38',NULL,'ACTIVE',NULL,NULL,0,'STRING',NULL,NULL),
	('510','110','110','USER','homeDrive',NULL,0,'39',NULL,'ACTIVE',NULL,NULL,0,'STRING',NULL,NULL),
	('511','110','110','USER','scriptPath',NULL,0,'40',NULL,'ACTIVE',NULL,NULL,0,'STRING',NULL,NULL),
	('512','110','110','USER','company',NULL,0,'41',NULL,'ACTIVE',NULL,NULL,0,'STRING',NULL,NULL),
	('513','110','110','USER','initials',NULL,0,'42',NULL,'ACTIVE',NULL,NULL,0,'STRING',NULL,NULL),
	('514','110','110','USER','department',NULL,0,'43',NULL,'ACTIVE',NULL,NULL,0,'STRING',NULL,NULL),
	('515','110','110','USER','telephoneNumber',NULL,0,'44',NULL,'ACTIVE',NULL,NULL,0,'STRING',NULL,NULL),
	('516','110','110','USER','title',NULL,0,'45',NULL,'ACTIVE',NULL,NULL,0,'STRING',NULL,NULL),
	('517','110','110','USER','unicodePwd',NULL,0,'46',NULL,'ACTIVE',NULL,NULL,0,'STRING',NULL,NULL),
	('518','110','110','USER','userAccountControl',NULL,0,'47',NULL,'ACTIVE',NULL,NULL,0,'STRING',NULL,NULL),
	('519','110','110','USER','userPrincipalName',NULL,0,'48',NULL,'ACTIVE',NULL,NULL,0,'STRING',NULL,NULL),
	('521','110','110','USER','streetAddress',NULL,0,'49',NULL,'ACTIVE',NULL,NULL,0,'STRING',NULL,NULL),
	('522','110','110','USER','l',NULL,0,'50',NULL,'ACTIVE',NULL,NULL,0,'STRING',NULL,NULL),
	('523','110','110','USER','st',NULL,0,'51',NULL,'ACTIVE',NULL,NULL,0,'STRING',NULL,NULL),
	('524','110','110','USER','postalCode',NULL,0,'52',NULL,'ACTIVE',NULL,NULL,0,'STRING',NULL,NULL),
	('550','106','106','PRINCIPAL','userName',NULL,0,'53',NULL,'ACTIVE',NULL,NULL,0,NULL,NULL,NULL),
	('553','106','106','USER','password',NULL,0,'54',NULL,'ACTIVE',NULL,NULL,0,NULL,NULL,NULL),
	('600','105','105','PRINCIPAL','login',NULL,0,'55',NULL,'ACTIVE',NULL,NULL,0,'STRING',NULL,NULL),
	('601','105','105','USER','name',NULL,0,'56',NULL,'ACTIVE',NULL,NULL,0,'STRING',NULL,NULL),
	('602','105','105','USER','surname',NULL,0,'57',NULL,'ACTIVE',NULL,NULL,0,'STRING',NULL,NULL),
	('603','105','105','USER','password',NULL,0,'58',NULL,'ACTIVE',NULL,NULL,0,'STRING',NULL,NULL),
	('604','105','105','USER','homePhone',NULL,0,'59',NULL,'ACTIVE',NULL,NULL,0,'STRING',NULL,NULL),
	('605','105','105','USER','workPhone',NULL,0,'60',NULL,'ACTIVE',NULL,NULL,0,'STRING',NULL,NULL),
	('606','105','105','USER','roomNumber',NULL,0,'61',NULL,'ACTIVE',NULL,NULL,0,'STRING',NULL,NULL),
	('607','105','105','USER','groups',NULL,0,'62',NULL,'ACTIVE',NULL,NULL,0,'STRING',NULL,NULL),
	('612','113','113','PRINCIPAL','LOGIN_ID',NULL,NULL,'65',NULL,'ACTIVE',NULL,NULL,NULL,'STRING',NULL,NULL),
	('613','113','113','USER','USER_PASSWORD',NULL,NULL,'66',NULL,'ACTIVE',NULL,NULL,NULL,'STRING',NULL,NULL),
	('614','113','113','USER','FIRST_NAME',NULL,NULL,'67',NULL,'ACTIVE',NULL,NULL,NULL,'STRING',NULL,NULL),
	('615','113','113','USER','LAST_NAME',NULL,NULL,'68',NULL,'ACTIVE',NULL,NULL,NULL,'STRING',NULL,NULL),
	('616','113','113','USER','EMPLOYEE_ID',NULL,NULL,'69',NULL,'ACTIVE',NULL,NULL,NULL,'STRING',NULL,NULL),
	('617','113','113','USER','DOB',NULL,NULL,'70',NULL,'ACTIVE',NULL,NULL,NULL,'DATE',NULL,NULL),
	('618','113','113','USER','CREATE_DATE',NULL,NULL,'71',NULL,'ACTIVE',NULL,NULL,NULL,'DATE',NULL,NULL),
	('619','113','113','USER','PHONE_EXT',NULL,NULL,'72',NULL,'ACTIVE',NULL,NULL,NULL,'INT',NULL,NULL),
	('620','113','113','USER','PHONE_NBR',NULL,NULL,'73',NULL,'ACTIVE',NULL,NULL,NULL,'STRING',NULL,NULL);

INSERT INTO LOGIN (SERVICE_ID, LOGIN, MANAGED_SYS_ID, IDENTITY_TYPE, CANONICAL_NAME, USER_ID, PASSWORD, PWD_EQUIVALENT_TOKEN, PWD_CHANGED, PWD_EXP, RESET_PWD, FIRST_TIME_LOGIN, IS_LOCKED, STATUS, GRACE_PERIOD, CREATE_DATE, CREATED_BY, CURRENT_LOGIN_HOST, AUTH_FAIL_COUNT, LAST_AUTH_ATTEMPT, LAST_LOGIN, LAST_LOGIN_IP, PREV_LOGIN, PREV_LOGIN_IP, IS_DEFAULT, PWD_CHANGE_COUNT, PSWD_RESET_TOKEN, PSWD_RESET_TOKEN_EXP, LOGIN_ID, LAST_UPDATE, LOWERCASE_LOGIN) VALUES
	('IDM','system','0',NULL,NULL,'0001','passwd00',NULL,NULL,NULL,0,1,0,NULL,NULL,NULL,NULL,NULL,0,NULL,NULL,NULL,NULL,NULL,0,0,NULL,NULL,'',NULL,'system'),
	('IDM','sysadmin','0',NULL,NULL,'3000','passwd00',NULL,NULL,NULL,0,1,0,NULL,NULL,NULL,NULL,NULL,0,NULL,NULL,NULL,NULL,NULL,0,0,NULL,NULL,'1',NULL,'sysadmin'),
	('IDM','sysadmin2','0',NULL,NULL,'3001','passwd00',NULL,NULL,NULL,0,1,0,NULL,NULL,NULL,NULL,NULL,0,NULL,NULL,NULL,NULL,NULL,0,0,NULL,NULL,'2',NULL,'sysadmin2'),
	('USR_SEC_DOMAIN','helpdesk','0',NULL,NULL,'3010','passwd00',NULL,NULL,NULL,0,1,0,NULL,NULL,NULL,NULL,NULL,0,NULL,NULL,NULL,NULL,NULL,0,0,NULL,NULL,'3',NULL,'helpdesk'),
	('USR_SEC_DOMAIN','hrmanager','0',NULL,NULL,'3007','passwd00',NULL,NULL,NULL,0,1,0,NULL,NULL,NULL,NULL,NULL,0,NULL,NULL,NULL,NULL,NULL,0,0,NULL,NULL,'4',NULL,'hrmanager'),
	('USR_SEC_DOMAIN','manager','0',NULL,NULL,'3008','passwd00',NULL,NULL,NULL,0,1,0,NULL,NULL,NULL,NULL,NULL,0,NULL,NULL,NULL,NULL,NULL,0,0,NULL,NULL,'5',NULL,'manager'),
	('USR_SEC_DOMAIN','secmanager','0',NULL,NULL,'3009','passwd00',NULL,NULL,NULL,0,1,0,NULL,NULL,NULL,NULL,NULL,0,NULL,NULL,NULL,NULL,NULL,0,0,NULL,NULL,'6',NULL,'secmanager'),
	('USR_SEC_DOMAIN','snelson','0',NULL,NULL,'3006','passwd00',NULL,NULL,NULL,0,1,0,NULL,NULL,NULL,NULL,NULL,0,NULL,NULL,NULL,NULL,NULL,0,0,NULL,NULL,'7',NULL,'snelson'),
	('USR_SEC_DOMAIN','sysadmin','0',NULL,NULL,'3000','passwd00',NULL,NULL,NULL,0,1,0,NULL,NULL,NULL,NULL,NULL,0,NULL,NULL,NULL,NULL,NULL,0,0,NULL,NULL,'9',NULL,'sysadmin');

INSERT INTO AUTH_STATE (USER_ID, AUTH_STATE, TOKEN, AA, EXPIRATION, LAST_LOGIN, IP_ADDRESS) VALUES
	('3000',0.0,NULL,'OPENIAM',0,NULL,NULL),
	('3001',0.0,NULL,'OPENIAM',0,NULL,NULL),
	('3006',0.0,NULL,'OPENIAM',0,NULL,NULL),
	('3007',0.0,NULL,'OPENIAM',0,NULL,NULL),
	('3008',0.0,NULL,'OPENIAM',0,NULL,NULL),
	('3009',0.0,NULL,'OPENIAM',0,NULL,NULL);

INSERT INTO IDENTITY_QUEST_GRP (IDENTITY_QUEST_GRP_ID, NAME, STATUS, COMPANY_OWNER_ID, CREATE_DATE, CREATED_BY, LAST_UPDATE, LAST_UPDATED_BY) VALUES
	('GLOBAL','GLOBAL IDENTITY QUESTIONS','ACTIVE','GLOBAL',NULL,NULL,NULL,NULL);

INSERT INTO IDENTITY_QUESTION (IDENTITY_QUESTION_ID, IDENTITY_QUEST_GRP_ID, QUESTION_TEXT, ACTIVE) VALUES
	('200','GLOBAL','What are the last four digits of your social security number?','Y'),
	('201','GLOBAL','What is your mothers maiden name?','Y'),
	('202','GLOBAL','Where did you go to school?','Y'),
	('203','GLOBAL','What is your pets name?','Y'),
	('204','GLOBAL','What is your favorite food?','Y'),
	('205','GLOBAL','What is your favorite color?','Y'),
	('206','GLOBAL','Which city were you born in?','Y'),
	('207','GLOBAL','What is your favorite sport?','Y'),
	('209','GLOBAL','What are the last four digits of your drivers license?','Y'),
	('210','GLOBAL','What is the name of your favorite school?','Y'),
	('211','GLOBAL','What is the name of your first pet','Y'),
	('212','GLOBAL','What is the name of your favorite movie, play or song?','Y'),
	('213','GLOBAL','What is the title of your favorite book?','Y'),
	('214','GLOBAL','What is the name of your first boy or girl friend?','Y'),
	('215','GLOBAL','What is the name of your favorite school teacher?','Y'),
	('216','GLOBAL','What is the year and nick name of your first car (Year-Name)?','Y'),
	('217','GLOBAL','Where did you meet your significant other?','Y'),
	('218','GLOBAL','What is the type and name of your first pet (Type-Name)?','Y');

INSERT INTO AUTH_PROVIDER_TYPE (PROVIDER_TYPE, DESCRIPTION, ACTIVE) VALUES
	('SAML_PROVIDER','SAML Provider','Y');

INSERT INTO AUTH_ATTRIBUTE (AUTH_ATTRIBUTE_ID, ATTRIBUTE_NAME, PROVIDER_TYPE, DESCRIPTION, REQUIRED, DATA_TYPE, DEFAULT_VALUE) VALUES
	('1','Request Issuer','SAML_PROVIDER','The Issuer element to look for in the SAMLRequest','Y','singleValue',NULL),
	('2','Response Issuer','SAML_PROVIDER','The Issuer element to send in the SAMLResponse.  Default is the SAML Login Page URL','N','singleValue',NULL),
	('3','Assertion Consumer URL','SAML_PROVIDER','Where the SAMLResponse will be POSTed to','Y','singleValue',NULL),
	('4','Audiences','SAML_PROVIDER','The Audience value(s) to send in the SAMLResponse','N','listValue',NULL),
	('AuthnContextClassRef','Authentication Context Class','SAML_PROVIDER','The Value of the AuthnContextClassRef attribute','N','singleValue','urn:oasis:names:tc:SAML:2.0:ac:classes:Password'),
	('METADATA_EXPOSED','Metdata Exposed','SAML_PROVIDER','Is the metadata for this SAML Provider exposed?  Some Service Providers require a URL that defines the Identity Provider Metadata','N','booleanValue',NULL),
	('NameIdFormat','Name ID Format','SAML_PROVIDER','The Value of the Format attribute in the NameID element','N','singleValue','urn:oasis:names:tc:SAML:1.1:nameid-format:emailAddress'),
	('NameQualifier','Name Qualifier','SAML_PROVIDER','Value of the NameQualifier attribute in the NameID element','N','singleValue',NULL),
	('SPNameQualifier','SP Name Qualifier','SAML_PROVIDER','Value of the SPNameQualifier attribute in the NameID element','N','singleValue',NULL);

INSERT INTO AUTH_LEVEL (AUTH_LEVEL_ID, AUTH_LEVEL_NAME, AUTH_LEVEL_DIG) VALUES
	('CERT_AUTH','Certification Authentication',2),
	('PASSWORD_AUTH','Password Authentication',1);

INSERT INTO LANGUAGE (ID, LANGUAGE, IS_USED, LANGUAGE_CODE, IS_DEFAULT) VALUES
	('1','English','Y','en','Y'),
	('2','German','N','de','N'),
	('3','French','N','fr','N'),
	('4','Spanish','N','es','N'),
	('5','Italian','N','it','N'),
	('6','Dutch','N','nl','N'),
	('7','Portugese','N','pt','N');

INSERT INTO LANGUAGE_LOCALE (ID, LANGUAGE_ID, LOCALE) VALUES
	('4','2','de_DE'),
	('1','1','en_EN'),
	('3','1','en_GB'),
	('2','1','en_US'),
	('6','4','es_ES'),
	('5','3','fr_FR'),
	('7','5','it_IT'),
	('8','6','nl_NL'),
	('9','7','pt_PT');

INSERT INTO CATEGORY (CATEGORY_ID, PARENT_ID, CATEGORY_NAME, CATEGORY_DESC, CREATE_DATE, CREATED_BY, SHOW_LIST, DISPLAY_ORDER) VALUES
	('ACL','','ACL Root',NULL,NULL,NULL,0,0),
	('Application','','ACL',NULL,NULL,NULL,0,0),
	('CONNECTOR_TYPE','ROOT','Provisioning Connectors',NULL,NULL,NULL,0,0),
	('GROUP_TYPE','ROOT','Group Type',NULL,NULL,NULL,0,0),
	('MANAGED_SYS_TYPE','ROOT','Managed System Types',NULL,NULL,NULL,0,0),
	('ORG_TYPE','ROOT','ORGANIZATION Types',NULL,NULL,NULL,0,0),
	('ROOT','','ROOT',NULL,NULL,NULL,0,0),
	('SECURITY',NULL,'SECURITY',NULL,NULL,NULL,0,0),
	('USER_TYPE','ROOT','User Types',NULL,NULL,NULL,0,0),
	('WebSite','','ACL',NULL,NULL,NULL,0,0);

INSERT INTO CATEGORY_TYPE (CATEGORY_ID, TYPE_ID) VALUES
	('ACL','DIRECTORY'),
	('ACL','FILE'),
	('ACL','URL'),
	('CONNECTOR_TYPE','AD_Connector'),
	('CONNECTOR_TYPE','LDAP_Connector'),
	('CONNECTOR_TYPE','LINUX_Connector'),
	('CONNECTOR_TYPE','RDBMS_Connector'),
	('CONNECTOR_TYPE','SCRIPT_Connector'),
	('CONNECTOR_TYPE','SOAP_Connector'),
	('GROUP_TYPE','AD_GROUP_TYPE'),
	('GROUP_TYPE','DEFAULT_GROUP'),
	('GROUP_TYPE','LDAP_GROUP_TYPE'),
	('MANAGED_SYS_TYPE','ADGroup'),
	('MANAGED_SYS_TYPE','ADUser'),
	('MANAGED_SYS_TYPE','LdapOrgPerson'),
	('ORG_TYPE','departmentType'),
	('ORG_TYPE','divisionType'),
	('USER_TYPE','Contractor'),
	('USER_TYPE','InetOrgPerson'),
	('USER_TYPE','SystemAccount');

INSERT INTO AUTH_RESOURCE_AM_ATTRIBUTE (REFLECTION_KEY, ATTRIBUTE_NAME, AM_RES_ATTRIBUTE_ID) VALUES
	('Login.login','Principal','1'),
	('Login.password','Password','2'),
	('User.title','Functional Title','4');

INSERT INTO URI_PATTERN_META_TYPE (URI_PATTERN_META_TYPE_ID, METADATA_TYPE_NAME, SPRING_BEAN_NAME) VALUES
	('cookieURIPatternRule','Set Cookie','cookieURIPatternRule'),
	('formPostURIPatternRule','Form Post Processor','formPostURIPatternRule'),
	('headerURIPatternRule','Set Header','headerURIPatternRule'),
	('requestParamURIPatternRule','Set URI String Parameter','requestParamURIPatternRule');

INSERT INTO RECONCILIATION_CONFIG (RECON_CONFIG_ID, RESOURCE_ID, FREQUENCY, STATUS, CSV_LINE_SEPARATOR, CSV_END_OF_LINE, NOTIFICATION_EMAIL_ADDRESS, TARGET_SYS_MATCH_SCRIPT, MANUAL_RECONCILIATION_FLAG, CUSTOM_IDENTITY_MATCH_SCRIPT, MATCH_FIELD_NAME, CUSTOM_MATCH_ATTR, CUSTOM_MATCH_SRC_ATTR, MANAGED_SYS_ID, SEARCH_FILTER, UPDATED_SINCE, TARGET_SYS_SEARCH_FILTER, MATCH_SCRIPT, EXEC_STATUS, LAST_EXEC_TIME) VALUES
	('4028b881373b90e501373b92ec180001','101','NIGHTLY','ACTIVE','comma','enter',NULL,NULL,'N',NULL,NULL,NULL,NULL,NULL,NULL,NULL,NULL,NULL,NULL,NULL);

INSERT INTO RECONCILIATION_SITUATION (RECON_SITUATION_ID, RECON_CONFIG_ID, SITUATION, SITUATION_RESP, SCRIPT) VALUES
	('4028b881373b90e501373b92ec1f0002','4028b881373b90e501373b92ec180001','Match Found','UPD_IDM_USER','/recon/LDAPPopulationScript.groovy'),
	('4028b881373b90e501373b92ec1f0003','4028b881373b90e501373b92ec180001','Login Not Found','CREATE_RES_ACCOUNT',''),
	('4028b881373b90e501373b92ec1f0004','4028b881373b90e501373b92ec180001','IDM Delete','DEL_RES_ACCOUNT',''),
	('4028b881373b90e501373b92ec1f0005','4028b881373b90e501373b92ec180001','Resource Delete','CREATE_RES_ACCOUNT',''),
	('4028b881373b90e501373b92ec200006','4028b881373b90e501373b92ec180001','IDM Not Found','CREATE_IDM_ACCOUNT','/recon/LDAPPopulationScript.groovy');

INSERT INTO UI_TEMPLATE_TYPE (TEMPLATE_TYPE_ID, NAME, DESCRIPTION) VALUES
	('USER_TEMPLATE','User Page Tempate','Template for SelfService User-centric pages');

INSERT INTO UI_TEMPLATE_FIELDS (UI_FIELD_ID, NAME, DESCRIPTION, TEMPLATE_TYPE_ID, IS_REQUIRED) VALUES
	('USER_ADDRESSES_CREATABLE','User can input addresses',NULL,'USER_TEMPLATE','N'),
	('USER_ADDRESS_REQUIRED','User is required to input at least one address',NULL,'USER_TEMPLATE','N'),
	('USER_ALTERNATE_CONTACT','Alternate Contact',NULL,'USER_TEMPLATE','N'),
	('USER_CLASSICIATION','User Classification',NULL,'USER_TEMPLATE','N'),
	('USER_COST_CENTER','Cost Center',NULL,'USER_TEMPLATE','N'),
	('USER_CREATE_LOGIN','User can create a custom login',NULL,'USER_TEMPLATE','Y'),
	('USER_DOB','Date of Birth',NULL,'USER_TEMPLATE','N'),
	('USER_EMAILS_REQUIRED','User is required to input at least one email address',NULL,'USER_TEMPLATE','N'),
	('USER_EMAIL_CREATABLE','User can create email addresses',NULL,'USER_TEMPLATE','N'),
	('USER_EMPLOYEE_ID','Employee ID',NULL,'USER_TEMPLATE','N'),
	('USER_EMPLOYEE_TYPE','Employee Type',NULL,'USER_TEMPLATE','N'),
	('USER_END_DATE','End Date',NULL,'USER_TEMPLATE','N'),
	('USER_FIRST_NAME','First Name',NULL,'USER_TEMPLATE','Y'),
	('USER_GENDER','Gender',NULL,'USER_TEMPLATE','N'),
	('USER_JOB_CODE','Job Code',NULL,'USER_TEMPLATE','N'),
	('USER_LAST_NAME','Last Name',NULL,'USER_TEMPLATE','Y'),
	('USER_LOCATION_CODE','Location Code',NULL,'USER_TEMPLATE','N'),
	('USER_LOCATION_NAME','Location Name',NULL,'USER_TEMPLATE','N'),
	('USER_MAIDEN_NAME','Maiden Name',NULL,'USER_TEMPLATE','N'),
	('USER_MAILCODE','Mail Code',NULL,'USER_TEMPLATE','N'),
	('USER_MIDDLE_INIT','Middle Initial',NULL,'USER_TEMPLATE','N'),
	('USER_NICKNAME','User NickName',NULL,'USER_TEMPLATE','N'),
	('USER_OBJECT_TYPE','User Type',NULL,'USER_TEMPLATE','N'),
	('USER_PHONES_CREATABLE','User can input phone numbers',NULL,'USER_TEMPLATE','N'),
	('USER_PHONES_REQUIRED','User is required to input at least one phone number',NULL,'USER_TEMPLATE','N'),
	('USER_PREFIX','Prefix',NULL,'USER_TEMPLATE','N'),
	('USER_SECONDARY_STATUS','Account Status',NULL,'USER_TEMPLATE','N'),
	('USER_SELECT_SUPERVISOR','Select Supervisor',NULL,'USER_TEMPLATE','N'),
	('USER_SHOW_GROUPS','User can select a Group',NULL,'USER_TEMPLATE','N'),
	('USER_SHOW_ORGANIZATIONS','User can define his organizational structure',NULL,'USER_TEMPLATE','N'),
	('USER_SHOW_ROLES','User can select a Role',NULL,'USER_TEMPLATE','N'),
	('USER_START_DATE','Start Date',NULL,'USER_TEMPLATE','N'),
	('USER_STATUS','User Status',NULL,'USER_TEMPLATE','N'),
	('USER_SUFFIX','User Suffix',NULL,'USER_TEMPLATE','N'),
	('USER_TITLE','User Title',NULL,'USER_TEMPLATE','N'),
	('USER_USER_TYPE','User Type',NULL,'USER_TEMPLATE','N');

INSERT INTO APPROVER_ASSOC (APPROVER_ASSOC_ID, REQUEST_TYPE, APPROVER_LEVEL, ASSOCIATION_TYPE, ASSOCIATION_ENTITY_ID, ON_APPROVE_ENTITY_ID, ON_REJECT_ENTITY_ID, ON_APPROVE_ENTITY_TYPE, ON_REJECT_ENTITY_TYPE, APPROVER_ENTITY_TYPE, APPROVER_ENTITY_ID, APPLY_DELEGATION_FILTER) VALUES
	('100','NEW_HIRE',1,'SUPERVISOR',NULL,NULL,NULL,NULL,NULL,NULL,NULL,'N'),
	('101','254',1,'RESOURCE','254',NULL,NULL,NULL,NULL,'USER','3000','N');

INSERT INTO BATCH_CONFIG (TASK_ID, TASK_NAME, LAST_EXEC_TIME, TASK_URL, EXECUTION_ORDER, STATUS, PARAM1, PARAM2, PARAM3, PARAM4, RULE_TYPE, ENABLED, LAST_MODIFIED_DATETIME, RUN_ON, CRON_EXPRESSION, SPRING_BEAN, SPRING_BEAN_METHOD) VALUES
	('100','ACCOUNT_LOCKED_NOTIFICATION',NULL,'batch/accountLockedNotification.groovy',2,NULL,NULL,NULL,NULL,NULL,NULL,'N',NULL,NULL,'0 0/1 * * * ?',NULL,NULL),
	('101','INACTIVE_USER',NULL,'batch/inactiveUser.groovy',1,NULL,NULL,NULL,NULL,NULL,NULL,'N',NULL,NULL,'0 0 0 1/1 * ?',NULL,NULL),
	('102','PASSWORD_NEAR_EXP',NULL,'batch/passwordNearExpNotification.groovy',2,NULL,NULL,NULL,NULL,NULL,NULL,'N',NULL,NULL,'0 0 0 1/1 * ?',NULL,NULL),
	('103','TERMINATE_EXP_ACCT',NULL,'batch/terminateOnExpiration.groovy',3,NULL,NULL,NULL,NULL,NULL,NULL,'N',NULL,NULL,'0 0 0 1/1 * ?',NULL,NULL),
	('104','AUTO_UNLOCK',NULL,'batch/autoUnlock.groovy',1,NULL,NULL,NULL,NULL,NULL,NULL,'N',NULL,NULL,'0 0/1 * * * ?',NULL,NULL),
	('105','RESET_PSWD_CHNG_COUNT',NULL,'batch/resetPasswordChangeCount.groovy',2,NULL,NULL,NULL,NULL,NULL,NULL,'N',NULL,NULL,'0 0/1 * * * ?',NULL,NULL),
	('106','PUBLISH_AUDIT_EVENT',NULL,'batch/publishAuditEvent.groovy',3,NULL,NULL,NULL,NULL,NULL,NULL,'N',NULL,NULL,'0 0 0 1/1 * ?',NULL,NULL),
	('107','PASSWORD_EXPIRED',NULL,'batch/passwordExpiredNotification.groovy',4,NULL,NULL,NULL,NULL,NULL,NULL,'N',NULL,NULL,'0 0 0 1/1 * ?',NULL,NULL),
	('108','PROV_ON_STARTDATE',NULL,'batch/provisionOnStartDate.groovy',4,NULL,NULL,NULL,NULL,NULL,NULL,'N',NULL,NULL,'0 0 0 1/1 * ?',NULL,NULL),
	('ATTESTATION','Attestation',NULL,NULL,1,NULL,NULL,NULL,NULL,NULL,NULL,'N',NULL,NULL,'0 0 0 1 1/3 ?','attestationInitializer','initializeAttestation');

INSERT INTO LOCATION (LOCATION_ID, NAME, DESCRIPTION, COUNTRY, BLDG_NUM, STREET_DIRECTION, ADDRESS1, ADDRESS2, ADDRESS3, CITY, STATE, POSTAL_CD, ORGANIZATION_ID, INTERNAL_LOCATION_ID, ACTIVE, SENSITIVE_LOCATION) VALUES
	('100','HQ',NULL,'US','111',NULL,'MAIN ST',NULL,NULL,'MY TOWN','NY','12345',NULL,NULL,1,0),
	('101','BRANCH',NULL,'US','112',NULL,'Next ST',NULL,NULL,'MY TOWN','CT','67890',NULL,NULL,1,0);

INSERT INTO REPORT_PARAMETER_TYPE (RCPT_ID, TYPE_NAME, TYPE_DESCRIPTION) VALUES
	('1','STRING','String'),
	('2','DATE','Date'),
	('3','INTEGER','Integer');

INSERT INTO SEQUENCE_GEN (ATTRIBUTE, NEXT_ID) VALUES
	('CATEGORY_ID',3000),
	('DOMAIN_ID',1000),
	('MANAGED_SYS_ID',100),
	('METADATA_ELEMENT_ID',2000),
	('METADATA_ID',3000),
	('METADATA_VALUE_ID',2000),
	('ORG_STRUCTURE_ID',200),
	('PRIVILEGE_ID',1001),
	('SERVICE_ID',1000),
	('TYPE_ID',1013);

INSERT INTO STATUS (STATUS_CD, STATUS_TYPE, DESCRIPTION, CODE_GROUP, LANGUAGE_CD, COMPANY_OWNER_ID, SERVICE_ID, WEIGHT) VALUES
	('MANAGER','String','MANAGER','JOB_CODE','en','100','USR_SEC_DOMAIN',NULL),
	('SALES REP','String','SALES REP','JOB_CODE','en','100','USR_SEC_DOMAIN',NULL),
	('SECURITY MANAGER','String','SECURITY MANAGER','JOB_CODE','en','100','USR_SEC_DOMAIN',NULL),
	('SERVICE REP','String','SERVICE REP','JOB_CODE','en','100','USR_SEC_DOMAIN',NULL),
	('ACCNT','String','Account','OBJECT_TYPE','en','100','IDM',NULL),
	('ADMGP','String','Admin Group','OBJECT_TYPE','en','100','IDM',NULL),
	('ADMIN','String','Administrator','OBJECT_TYPE','en','100','IDM',NULL),
	('ATTR','String','Attribute','OBJECT_TYPE','en','100','IDM',NULL),
	('BL','String','DISABLE','OPERATION','en','100','IDM',NULL),
	('DL','String','DELETE','OPERATION','en','100','IDM',NULL),
	('RJ','String','REJECT','OPERATION','en','100','IDM',NULL),
	('UB','String','UN-DISABLE','OPERATION','en','100','IDM',NULL),
	('OFF-LINE','String','OFF-LINE','SERVICE_STATUS','en','100','IDM',NULL),
	('READY','String','READY','SERVICE_STATUS','en','100','IDM',NULL),
	('ACTIVE','String','ACTIVE','USER','en','100','IDM',NULL),
	('APPROVAL_DECLINED','String','APPROVAL_DECLINED','USER','en','100','IDM',NULL),
	('DELETED','String','DELETED','USER','en','100','IDM',NULL),
	('INACTIVE','String','INACTIVE','USER','en','100','IDM',NULL),
	('LEAVE','String','LEAVE','USER','en','100','IDM',NULL),
	('PENDING_APPROVAL','String','PENDING_APPROVAL','USER','en','100','IDM',NULL),
	('PENDING_INITIAL_LOGIN','String','PENDING_INITIAL_LOGIN','USER','en','100','IDM',NULL),
	('PENDING_START_DATE','String','PENDING_START_DATE','USER','en','100','IDM',NULL),
	('PENDING_USER_VALIDATION','String','PENDING_USER_VALIDATION','USER','en','100','IDM',NULL),
	('RETIRED','String','RETIRED','USER','en','100','IDM',NULL),
	('TERMINATE','String','TERMINATE','USER','en','100','IDM',NULL),
	('DISABLED','String','DISABLED','USER_2ND_STATUS','en','100','IDM',NULL),
	('LOCKED','String','LOCKED','USER_2ND_STATUS','en','100','IDM',NULL),
	('LOCKED_ADMIN','String','LOCKED_ADMIN','USER_2ND_STATUS','en','100','IDM',NULL),
	('AFFILIATE','String','AFFILIATE','USER_TYPE','en','100','USR_SEC_DOMAIN',NULL),
	('CONTRACTOR','String','CONTRACTOR','USER_TYPE','en','100','USR_SEC_DOMAIN',NULL),
	('PERM FULL TIME','String','PERMANENT FULL TIME','USER_TYPE','en','100','USR_SEC_DOMAIN',NULL),
	('PERM PART TIME','String','PERMANENT PART TIME','USER_TYPE','en','100','USR_SEC_DOMAIN',NULL),
	('SYS ACCOUNT','String','SYSTEM ACCOUNT','USER_TYPE','en','100','USR_SEC_DOMAIN',NULL),
	('VENDOR','String','VENDOR','USER_TYPE','en','100','USR_SEC_DOMAIN',NULL);

/* Creates the activiti schema */

DROP DATABASE IF EXISTS activiti;

CREATE database activiti DEFAULT CHARACTER SET utf8
CHARACTER SET = utf8;
USE activiti;

CREATE TABLE ACT_GE_PROPERTY (
	NAME_ varchar(64),
	VALUE_ varchar(300),
	REV_ integer,
	PRIMARY KEY (NAME_)
) ENGINE=InnoDB DEFAULT CHARSET=utf8 COLLATE utf8_bin;

INSERT INTO ACT_GE_PROPERTY (NAME_, VALUE_, REV_) VALUES
	('historyLevel', '2', 1),
	('schema.version', '5.10', 1),
	('schema.history', 'create(5.10)', 1),
	('next.dbid', '1', 1);

CREATE TABLE ACT_GE_BYTEARRAY (
	ID_ varchar(64),
	REV_ integer,
	NAME_ varchar(255),
	DEPLOYMENT_ID_ varchar(64),
	BYTES_ LONGBLOB,
	GENERATED_ TINYINT,
	PRIMARY KEY (ID_)
) ENGINE=InnoDB DEFAULT CHARSET=utf8 COLLATE utf8_bin;

CREATE TABLE ACT_RE_DEPLOYMENT (
	ID_ varchar(64),
	NAME_ varchar(255),
	DEPLOY_TIME_ timestamp,
	PRIMARY KEY (ID_)
) ENGINE=InnoDB DEFAULT CHARSET=utf8 COLLATE utf8_bin;

CREATE TABLE ACT_RU_EXECUTION (
	ID_ varchar(64),
	REV_ integer,
	PROC_INST_ID_ varchar(64),
	BUSINESS_KEY_ varchar(255),
	PARENT_ID_ varchar(64),
	PROC_DEF_ID_ varchar(64),
	SUPER_EXEC_ varchar(64),
	ACT_ID_ varchar(255),
	IS_ACTIVE_ TINYINT,
	IS_CONCURRENT_ TINYINT,
	IS_SCOPE_ TINYINT,
	IS_EVENT_SCOPE_ TINYINT,
	SUSPENSION_STATE_ integer,
	CACHED_ENT_STATE_ integer,
	PRIMARY KEY (ID_),
	unique ACT_UNIQ_RU_BUS_KEY (PROC_DEF_ID_, BUSINESS_KEY_)
) ENGINE=InnoDB DEFAULT CHARSET=utf8 COLLATE utf8_bin;

CREATE TABLE ACT_RU_JOB (
	ID_ varchar(64) NOT NULL,
	  REV_ integer,
	TYPE_ varchar(255) NOT NULL,
	LOCK_EXP_TIME_ timestamp,
	LOCK_OWNER_ varchar(255),
	EXCLUSIVE_ boolean,
	EXECUTION_ID_ varchar(64),
	PROCESS_INSTANCE_ID_ varchar(64),
	RETRIES_ integer,
	EXCEPTION_STACK_ID_ varchar(64),
	EXCEPTION_MSG_ varchar(4000),
	DUEDATE_ timestamp NULL,
	REPEAT_ varchar(255),
	HANDLER_TYPE_ varchar(255),
	HANDLER_CFG_ varchar(4000),
	PRIMARY KEY (ID_)
) ENGINE=InnoDB DEFAULT CHARSET=utf8 COLLATE utf8_bin;

CREATE TABLE ACT_RE_PROCDEF (
	ID_ varchar(64),
	REV_ integer,
	CATEGORY_ varchar(255),
	NAME_ varchar(255),
	KEY_ varchar(255),
	VERSION_ integer,
	DEPLOYMENT_ID_ varchar(64),
	RESOURCE_NAME_ varchar(4000),
	DGRM_RESOURCE_NAME_ varchar(4000),
	HAS_START_FORM_KEY_ TINYINT,
	SUSPENSION_STATE_ integer,
	PRIMARY KEY (ID_)
) ENGINE=InnoDB DEFAULT CHARSET=utf8 COLLATE utf8_bin;

CREATE TABLE ACT_RU_TASK (
	ID_ varchar(64),
	REV_ integer,
	EXECUTION_ID_ varchar(64),
	PROC_INST_ID_ varchar(64),
	PROC_DEF_ID_ varchar(64),
	NAME_ varchar(255),
	PARENT_TASK_ID_ varchar(64),
	DESCRIPTION_ varchar(4000),
	TASK_DEF_KEY_ varchar(255),
	OWNER_ varchar(64),
	ASSIGNEE_ varchar(64),
	DELEGATION_ varchar(64),
	PRIORITY_ integer,
	CREATE_TIME_ timestamp,
	DUE_DATE_ datetime,
	PRIMARY KEY (ID_)
) ENGINE=InnoDB DEFAULT CHARSET=utf8 COLLATE utf8_bin;

CREATE TABLE ACT_RU_IDENTITYLINK (
	ID_ varchar(64),
	REV_ integer,
	GROUP_ID_ varchar(64),
	TYPE_ varchar(255),
	USER_ID_ varchar(64),
	TASK_ID_ varchar(64),
	PROC_DEF_ID_ varchar(64),    
	PRIMARY KEY (ID_)
) ENGINE=InnoDB DEFAULT CHARSET=utf8 COLLATE utf8_bin;

CREATE TABLE ACT_RU_VARIABLE (
	ID_ varchar(64) NOT NULL,
	REV_ integer,
	TYPE_ varchar(255) NOT NULL,
	NAME_ varchar(255) NOT NULL,
	EXECUTION_ID_ varchar(64),
	  PROC_INST_ID_ varchar(64),
	TASK_ID_ varchar(64),
	BYTEARRAY_ID_ varchar(64),
	DOUBLE_ double,
	LONG_ bigint,
	TEXT_ varchar(4000),
	TEXT2_ varchar(4000),
	PRIMARY KEY (ID_)
) ENGINE=InnoDB DEFAULT CHARSET=utf8 COLLATE utf8_bin;

CREATE TABLE ACT_RU_EVENT_SUBSCR (
	ID_ varchar(64) NOT NULL,
	REV_ integer,
	EVENT_TYPE_ varchar(255) NOT NULL,
	EVENT_NAME_ varchar(255),
	EXECUTION_ID_ varchar(64),
	PROC_INST_ID_ varchar(64),
	ACTIVITY_ID_ varchar(64),
	CONFIGURATION_ varchar(255),
	CREATED_ timestamp NOT NULL,
	PRIMARY KEY (ID_)
) ENGINE=InnoDB DEFAULT CHARSET=utf8 COLLATE utf8_bin;

CREATE INDEX ACT_IDX_EXEC_BUSKEY ON ACT_RU_EXECUTION(BUSINESS_KEY_);
CREATE INDEX ACT_IDX_TASK_CREATE ON ACT_RU_TASK(CREATE_TIME_);
CREATE INDEX ACT_IDX_IDENT_LNK_USER ON ACT_RU_IDENTITYLINK(USER_ID_);
CREATE INDEX ACT_IDX_IDENT_LNK_GROUP ON ACT_RU_IDENTITYLINK(GROUP_ID_);
CREATE INDEX ACT_IDX_EVENT_SUBSCR_CONFIG_ ON ACT_RU_EVENT_SUBSCR(CONFIGURATION_);
CREATE INDEX ACT_IDX_VARIABLE_TASK_ID ON ACT_RU_VARIABLE(TASK_ID_);
CREATE INDEX ACT_IDX_ATHRZ_PROCEDEF ON ACT_RU_IDENTITYLINK(PROC_DEF_ID_);

ALTER TABLE ACT_GE_BYTEARRAY
	ADD CONSTRAINT ACT_FK_BYTEARR_DEPL 
	FOREIGN KEY (DEPLOYMENT_ID_) 
	REFERENCES ACT_RE_DEPLOYMENT (ID_);

ALTER TABLE ACT_RE_PROCDEF
	ADD CONSTRAINT ACT_UNIQ_PROCDEF
	UNIQUE (KEY_,VERSION_);
	
ALTER TABLE ACT_RU_EXECUTION
	ADD CONSTRAINT ACT_FK_EXE_PROCINST 
	FOREIGN KEY (PROC_INST_ID_) 
	REFERENCES ACT_RU_EXECUTION (ID_) ON DELETE CASCADE ON UPDATE CASCADE;

ALTER TABLE ACT_RU_EXECUTION
	ADD CONSTRAINT ACT_FK_EXE_PARENT 
	FOREIGN KEY (PARENT_ID_) 
	REFERENCES ACT_RU_EXECUTION (ID_);
	
ALTER TABLE ACT_RU_EXECUTION
	ADD CONSTRAINT ACT_FK_EXE_SUPER 
	FOREIGN KEY (SUPER_EXEC_) 
	REFERENCES ACT_RU_EXECUTION (ID_);
	
ALTER TABLE ACT_RU_IDENTITYLINK
	ADD CONSTRAINT ACT_FK_TSKASS_TASK 
	FOREIGN KEY (TASK_ID_) 
	REFERENCES ACT_RU_TASK (ID_);
	
ALTER TABLE ACT_RU_IDENTITYLINK
	ADD CONSTRAINT ACT_FK_ATHRZ_PROCEDEF 
	FOREIGN KEY (PROC_DEF_ID_) 
	REFERENCES ACT_RE_PROCDEF(ID_);
	
ALTER TABLE ACT_RU_TASK
	ADD CONSTRAINT ACT_FK_TASK_EXE
	FOREIGN KEY (EXECUTION_ID_)
	REFERENCES ACT_RU_EXECUTION (ID_);
	
ALTER TABLE ACT_RU_TASK
	ADD CONSTRAINT ACT_FK_TASK_PROCINST
	FOREIGN KEY (PROC_INST_ID_)
	REFERENCES ACT_RU_EXECUTION (ID_);
	
ALTER TABLE ACT_RU_TASK
	ADD CONSTRAINT ACT_FK_TASK_PROCDEF
	FOREIGN KEY (PROC_DEF_ID_)
	REFERENCES ACT_RE_PROCDEF (ID_);
  
ALTER TABLE ACT_RU_VARIABLE 
	ADD CONSTRAINT ACT_FK_VAR_EXE 
	FOREIGN KEY (EXECUTION_ID_) 
	REFERENCES ACT_RU_EXECUTION (ID_);

ALTER TABLE ACT_RU_VARIABLE
	ADD CONSTRAINT ACT_FK_VAR_PROCINST
	FOREIGN KEY (PROC_INST_ID_)
	REFERENCES ACT_RU_EXECUTION(ID_);

ALTER TABLE ACT_RU_VARIABLE 
	ADD CONSTRAINT ACT_FK_VAR_BYTEARRAY 
	FOREIGN KEY (BYTEARRAY_ID_) 
	REFERENCES ACT_GE_BYTEARRAY (ID_);

ALTER TABLE ACT_RU_JOB 
	ADD CONSTRAINT ACT_FK_JOB_EXCEPTION 
	FOREIGN KEY (EXCEPTION_STACK_ID_) 
	REFERENCES ACT_GE_BYTEARRAY (ID_);

ALTER TABLE ACT_RU_EVENT_SUBSCR
	ADD CONSTRAINT ACT_FK_EVENT_EXEC
	FOREIGN KEY (EXECUTION_ID_)
	REFERENCES ACT_RU_EXECUTION(ID_);
