IF  EXISTS (SELECT name FROM master.dbo.sysdatabases WHERE name = N'openiam')
DROP DATABASE openiam

CREATE database openiam
GO
USE openiam;

IF EXISTS (SELECT * FROM master.sys.sql_logins WHERE name = N'idmuser')
DROP LOGIN idmuser

CREATE LOGIN idmuser WITH PASSWORD = 'Password$51', DEFAULT_DATABASE = openiam;
EXEC master..sp_addsrvrolemember @loginame = N'idmuser', @rolename = N'dbcreator'
GO
USE openiam; CREATE USER idmuser FOR LOGIN idmuser;
GO

CREATE TABLE SECURITY_DOMAIN (
  DOMAIN_ID NVARCHAR(20) NOT NULL,
  NAME NVARCHAR(40) NULL,
  STATUS NVARCHAR(20) NULL,
  AUTH_SYS_ID NVARCHAR(32) NULL,
  LOGIN_MODULE NVARCHAR(100) NULL,
  PASSWORD_POLICY NVARCHAR(32) NULL,
  AUTHENTICATION_POLICY NVARCHAR(32) NULL,
  AUDIT_POLICY NVARCHAR(32) NULL,
  PRIMARY KEY (DOMAIN_ID)
);

CREATE TABLE APPROVER_ASSOC (
  APPROVER_ASSOC_ID NVARCHAR(32) NOT NULL,
  REQUEST_TYPE NVARCHAR(32) NULL,
  APPROVER_LEVEL NUMERIC(4) DEFAULT (1),
  ASSOCIATION_TYPE NVARCHAR(20) NULL,
  ASSOCIATION_OBJ_ID NVARCHAR(32) NULL,
  APPROVER_USER_ID NVARCHAR(32) NULL,
  ON_APPROVE_NOTIFY_USER_ID NVARCHAR(32) NULL,
  ON_REJECT_NOTIFY_USER_ID NVARCHAR(32) NULL,
  APPROVE_NOTIFY_USER_TYPE NVARCHAR(20) NULL,
  REJECT_NOTIFY_USER_TYPE NVARCHAR(20) NULL,
  ACTN NVARCHAR(32) DEFAULT ('START'),
  APPROVER_ROLE_ID NVARCHAR(32) NULL,
  APPROVER_ROLE_DOMAIN NVARCHAR(20) NULL,
  APPLY_DELEGATION_FILTER NUMERIC(4) NULL,
  PRIMARY KEY (APPROVER_ASSOC_ID)
);

CREATE TABLE ATTRIBUTE_MAP (
  ATTRIBUTE_MAP_ID NVARCHAR(32) NOT NULL,
  MANAGED_SYS_ID NVARCHAR(32) NOT NULL,
  RESOURCE_ID NVARCHAR(32) NULL,
  MAP_FOR_OBJECT_TYPE NVARCHAR(20) DEFAULT ('USER'),
  ATTRIBUTE_NAME NVARCHAR(50) NULL,
  TARGET_ATTRIBUTE_NAME NVARCHAR(50) NULL,
  AUTHORITATIVE_SRC NUMERIC(4) DEFAULT (0),
  ATTRIBUTE_POLICY_ID NVARCHAR(32) NULL,
  RULE_TEXT NVARCHAR(max),
  STATUS NVARCHAR(20) DEFAULT 'ACTIVE',
  START_DATE DATETIME NULL,
  END_DATE DATETIME NULL,
  STORE_IN_IAMDB NUMERIC(4) DEFAULT (0),
  DATA_TYPE NVARCHAR(20) NULL,
  DEFAULT_VALUE NVARCHAR(32) NULL,
  PRIMARY KEY (ATTRIBUTE_MAP_ID)
);

CREATE TABLE AUTH_LEVEL (
  AUTH_LEVEL_ID 	NVARCHAR(32) NOT NULL,
  AUTH_LEVEL_NAME NVARCHAR(100) NOT NULL,
  AUTH_LEVEL_DIG 	NUMERIC(3) NOT NULL,
  PRIMARY KEY (AUTH_LEVEL_ID)
);

CREATE UNIQUE INDEX UNIQUE_AUTH_LEVEL_NAME ON AUTH_LEVEL(AUTH_LEVEL_NAME);
CREATE UNIQUE INDEX UNIQUE_AUTH_LEVEL_LEVEL ON AUTH_LEVEL(AUTH_LEVEL_DIG);


CREATE TABLE AUTH_PROVIDER_TYPE (
  PROVIDER_TYPE NVARCHAR(32) NOT NULL,
  DESCRIPTION NVARCHAR(40) NULL,
  ACTIVE char(1) DEFAULT ('Y'),
  PRIMARY KEY (PROVIDER_TYPE)
);

CREATE TABLE AUTH_RESOURCE_AM_ATTRIBUTE (
  AM_ATTRIBUTE_ID NVARCHAR(32) NOT NULL,
  ATTRIBUTE_NAME NVARCHAR(100) NOT NULL,
  PRIMARY KEY (AM_ATTRIBUTE_ID)
);


CREATE TABLE BATCH_CONFIG (
  TASK_ID NVARCHAR(32) NOT NULL,
  TASK_NAME NVARCHAR(50) NULL,
  FREQUENCY NUMERIC(4) NULL,
  FREQUENCY_UNIT_OF_MEASURE NVARCHAR(10) NULL,
  LAST_EXEC_TIME DATETIME NULL,
  ENABLED NUMERIC(4) DEFAULT (1),
  TASK_URL NVARCHAR(255) NULL,
  EXECUTION_ORDER NUMERIC(4) DEFAULT (1),
  STATUS NVARCHAR(20) NULL,
  PARAM1 NVARCHAR(255) NULL,
  PARAM2 NVARCHAR(255) NULL,
  PARAM3 NVARCHAR(255) NULL,
  PARAM4 NVARCHAR(255) NULL,
  RULE_TYPE NVARCHAR(20) NULL,
  PRIMARY KEY (TASK_ID)
);

CREATE TABLE ENTITLEMENT (
  ENTITLEMENT_ID NVARCHAR(32) NOT NULL,
  ENTITLEMENT_NAME NVARCHAR(40) NULL,
  ENTITLEMENT_VALUE NVARCHAR(80) NULL,
  DESCRIPTION NVARCHAR(255) NULL,
  CREATE_DATE DATETIME NULL,
  CREATED_BY NVARCHAR(20) NULL,
  PRIMARY KEY (ENTITLEMENT_ID)
);

CREATE TABLE CATEGORY (
  CATEGORY_ID NVARCHAR(32) NOT NULL,
  PARENT_ID NVARCHAR(32) NULL,
  CATEGORY_NAME NVARCHAR(40) NULL,
  CATEGORY_DESC NVARCHAR(80) NULL,
  CREATE_DATE DATETIME NULL,
  CREATED_BY NVARCHAR(20) NULL,
  SHOW_LIST NUMERIC(4) DEFAULT (0),
  DISPLAY_ORDER NUMERIC(4) DEFAULT (0),
  PRIMARY KEY (CATEGORY_ID)
);


CREATE TABLE IDM_AUDIT_LOG (
  LOG_ID NVARCHAR(32) NOT NULL,
  OBJECT_TYPE_ID NVARCHAR(20) NOT NULL,
  OBJECT_ID NVARCHAR(32) NULL,
  ACTION_ID NVARCHAR(50) NOT NULL,
  ACTION_STATUS NVARCHAR(100) NULL,
  REASON NVARCHAR(1000) NULL,
  REASON_DETAIL NVARCHAR(MAX),
  ACTION_DATETIME DATETIME NULL,
  OBJECT_NAME NVARCHAR(255) NULL,
  RESOURCE_NAME NVARCHAR(255) NULL,
  USER_ID NVARCHAR(32) NULL,
  SERVICE_ID NVARCHAR(20) NULL,
  LOGIN_ID NVARCHAR(320) NULL,
  HOST NVARCHAR(100) NULL,
  NODE_IP NVARCHAR(60) NULL,
  CLIENT_ID NVARCHAR(20) NULL,
  REQ_URL NVARCHAR(255) NULL,
  LINKED_LOG_ID NVARCHAR(40) NULL,
  LINK_SEQUENCE NUMERIC(4) NULL,
  LOG_HASH NVARCHAR(80) NULL,
  SRC_SYSTEM_ID NVARCHAR(40) NULL,
  TARGET_SYSTEM_ID NVARCHAR(40) NULL,
  REQUEST_ID NVARCHAR(40) NULL,
  SESSION_ID NVARCHAR(40) NULL,
  PRIMARY KEY (LOG_ID)
);


CREATE TABLE IDM_AUDIT_LOG_CUSTOM (
  CUSTOM_LOG_ID NVARCHAR(32) NOT NULL,
  LOG_ID NVARCHAR(32) NOT NULL,
  NAME NVARCHAR(255) NULL,
  VALUE NVARCHAR(255) NULL,
  TYPE NUMERIC(4) NOT NULL,
  DISPLAY_ORDER NUMERIC(4) NOT NULL,
  PRIMARY KEY (CUSTOM_LOG_ID),
  CONSTRAINT FK_LOG_ID FOREIGN KEY (LOG_ID) REFERENCES IDM_AUDIT_LOG (LOG_ID)
);

CREATE TABLE IMAGE (
  IMAGE_ID NVARCHAR(20) NOT NULL,
  IMAGE_FILE NVARCHAR(80) NULL,
  IMAGE_TYPE NVARCHAR(20) NULL,
  DESCRIPTION NVARCHAR(250) NULL,
  MIME_TYPE NVARCHAR(30) NULL,
  URL NVARCHAR(100) NULL,
  FILE_SIZE NUMERIC(4) NULL,
  IMAGE_BLOB VARBINARY(MAX),
  PRIMARY KEY (IMAGE_ID)
);



CREATE TABLE LOCATION (
  LOCATION_ID NVARCHAR(32) NOT NULL,
  NAME NVARCHAR(80) NULL,
  DESCRIPTION NVARCHAR(255) NULL,
  COUNTRY NVARCHAR(30) NULL,
  BLDG_NUM NVARCHAR(10) NULL,
  STREET_DIRECTION NVARCHAR(20) NULL,
  ADDRESS1 NVARCHAR(45) NULL,
  ADDRESS2 NVARCHAR(45) NULL,
  ADDRESS3 NVARCHAR(45) NULL,
  CITY NVARCHAR(30) NULL,
  STATE NVARCHAR(15) NULL,
  POSTAL_CD NVARCHAR(10) NULL,
  ORGANIZATION_ID NVARCHAR(32) NULL,
  INTERNAL_LOCATION_ID NVARCHAR(32) NULL,
  ACTIVE NUMERIC(4) DEFAULT (1),
  SENSITIVE_LOCATION NUMERIC(4) DEFAULT (0),
  PRIMARY KEY (LOCATION_ID)
);


CREATE TABLE LANGUAGE (
  ID NVARCHAR(32) NOT NULL,
  LANGUAGE NVARCHAR(20) NULL,
  IS_USED NVARCHAR(1) DEFAULT ('N')  NOT NULL ,
  LANGUAGE_CODE NVARCHAR(2) NOT NULL,
  PRIMARY KEY (ID)
);

CREATE TABLE LANGUAGE_LOCALE (
  ID NVARCHAR(32) NOT NULL,
  LANGUAGE_ID NVARCHAR(32) NOT NULL,
  LOCALE NVARCHAR(32) NOT NULL,
  CONSTRAINT LANGUAGE_LOCALE_LANGUAGE_FK FOREIGN KEY (LANGUAGE_ID) REFERENCES LANGUAGE (ID)
);


CREATE UNIQUE INDEX LANGUAGE_LOCALE_UNIQUE ON LANGUAGE_LOCALE(LOCALE);
CREATE INDEX LANGUAGE_LOCALE_LANGUAGE_FK ON LANGUAGE_LOCALE(LANGUAGE_ID);

CREATE TABLE LANGUAGE_MAPPING (
  ID NVARCHAR(32) NOT NULL,
  LANGUAGE_ID 		NVARCHAR(32) NOT NULL,
  REFERENCE_ID 		NVARCHAR(32) NOT NULL,
  REFERENCE_TYPE 	NVARCHAR(100) NOT NULL,
  TEXT_VALUE 			NVARCHAR(400) NOT NULL,
  PRIMARY KEY (ID),
  CONSTRAINT LANGUAGE_MAPPING_LANGUAGE_FK FOREIGN KEY (LANGUAGE_ID) REFERENCES LANGUAGE (ID)
);

CREATE UNIQUE INDEX LANGUAGE_MAPPING_UNIQUE ON LANGUAGE_MAPPING(LANGUAGE_ID,REFERENCE_ID,REFERENCE_TYPE);


CREATE TABLE CATEGORY_LANGUAGE (
  CATEGORY_ID NVARCHAR(32) NOT NULL,
  LANGUAGE_ID NVARCHAR(32) NOT NULL,
  CATEGORY_NAME NVARCHAR(40) NULL,
  PRIMARY KEY (CATEGORY_ID,LANGUAGE_ID),
  CONSTRAINT FK_CATEGORY_LANGUAGE_LANGUAGE FOREIGN KEY (LANGUAGE_ID) REFERENCES LANGUAGE (ID),
  CONSTRAINT FK_CATEGORY_LANGUAGE_CATEGORY FOREIGN KEY (CATEGORY_ID) REFERENCES CATEGORY (CATEGORY_ID) ON DELETE CASCADE
);

CREATE INDEX FK_CATEGORY_LANGUAGE_LANGUAGE ON CATEGORY_LANGUAGE(LANGUAGE_ID);




CREATE TABLE EXCLUDE_WORD_LIST (
  WORD NVARCHAR(30) NOT NULL,
  LANGUAGE_ID NVARCHAR(32) NOT NULL,
  PRIMARY KEY (WORD,LANGUAGE_ID),
  CONSTRAINT FK_EXCLUDE_WORD_LIST_LANGUAGE FOREIGN KEY (LANGUAGE_ID) REFERENCES LANGUAGE (ID)
);

CREATE INDEX FK_EXCLUDE_WORD_LIST_LANGUAGE ON EXCLUDE_WORD_LIST(LANGUAGE_ID);


CREATE TABLE PRIVILEGE (
  PRIVILEGE_ID NVARCHAR(32) NOT NULL,
  RESOURCE_ID NVARCHAR(32) NOT NULL,
  ABBRV NVARCHAR(3) NOT NULL,
  DESCRIPTION NVARCHAR(40) NULL,
  PRIMARY KEY (PRIVILEGE_ID)
);


CREATE TABLE METADATA_TYPE (
  TYPE_ID NVARCHAR(32) NOT NULL,
  DESCRIPTION NVARCHAR(40) NULL,
  ACTIVE char(1) DEFAULT ('N') NOT NULL,
  SYNC_MANAGED_SYS char(1)  DEFAULT ('N') NOT NULL,
  GROUPING NVARCHAR(100) NULL,
  PRIMARY KEY (TYPE_ID)
);

CREATE TABLE CATEGORY_TYPE (
  CATEGORY_ID NVARCHAR(32) NOT NULL,
  TYPE_ID NVARCHAR(32) NOT NULL,
  PRIMARY KEY (TYPE_ID,CATEGORY_ID),
  CONSTRAINT FK_CATEGORY_METADATA_TYPE FOREIGN KEY (TYPE_ID) REFERENCES METADATA_TYPE (TYPE_ID),
  CONSTRAINT FK_CATEGORY_TYPE_CATEGORY FOREIGN KEY (CATEGORY_ID) REFERENCES CATEGORY (CATEGORY_ID)
);

CREATE INDEX FK_CATEGORY_TYPE_CATEGORY ON CATEGORY_TYPE(CATEGORY_ID);


CREATE TABLE PROVISION_CONNECTOR (
  CONNECTOR_ID NVARCHAR(32) NOT NULL,
  NAME NVARCHAR(40) NULL,
  METADATA_TYPE_ID NVARCHAR(20) NULL,
  STD_COMPLIANCE_LEVEL NVARCHAR(20) NULL,
  CLIENT_COMM_PROTOCOL NVARCHAR(20) NULL,
  SERVICE_URL NVARCHAR(100) NULL,
  SERVICE_NAMESPACE NVARCHAR(100) NULL,
  SERVICE_PORT NVARCHAR(100) NULL,
  SERVICE_WSDL NVARCHAR(100) NULL,
  CLASS_NAME NVARCHAR(60) NULL,
  HOST NVARCHAR(60) NULL,
  PORT NVARCHAR(10) NULL,
  CONNECTOR_INTERFACE NVARCHAR(20) NULL,
  PRIMARY KEY (CONNECTOR_ID)
);

CREATE TABLE MANAGED_SYS (
  MANAGED_SYS_ID NVARCHAR(32) NOT NULL,
  NAME NVARCHAR(40) NULL,
  DESCRIPTION NVARCHAR(80) NULL,
  STATUS NVARCHAR(20) NULL,
  CONNECTOR_ID NVARCHAR(32) NULL,
  DOMAIN_ID NVARCHAR(20) NULL,
  HOST_URL NVARCHAR(80) NULL,
  APPL_URL NVARCHAR(80) NULL,
  PORT NUMERIC(4) NULL,
  COMM_PROTOCOL NVARCHAR(20) NULL,
  USER_ID NVARCHAR(150) NULL,
  PSWD NVARCHAR(255) NULL,
  START_DATE DATETIME NULL,
  END_DATE DATETIME NULL,
  RESOURCE_ID NVARCHAR(32) NULL,
  PRIMARY_REPOSITORY NUMERIC(4) NULL,
  SECONDARY_REPOSITORY_ID NVARCHAR(32) NULL,
  ALWAYS_UPDATE_SECONDARY NUMERIC(4) NULL,
  RES_DEPENDENCY NVARCHAR(32) NULL,
  ADD_HNDLR NVARCHAR(100) NULL,
  MODIFY_HNDLR NVARCHAR(100) NULL,
  DELETE_HNDLR NVARCHAR(100) NULL,
  SETPASS_HNDLR NVARCHAR(100) NULL,
  SUSPEND_HNDLR NVARCHAR(100) NULL,
  SEARCH_HNDLR NVARCHAR(100) NULL,
  LOOKUP_HNDLR NVARCHAR(100) NULL,
  TEST_CONNECTION_HNDLR NVARCHAR(100) NULL,
  RECONCILE_RESOURCE_HNDLR NVARCHAR(100) NULL,
  HNDLR_5 NVARCHAR(100) NULL,
  DRIVER_URL NVARCHAR(100) NULL,
  CONNECTION_STRING NVARCHAR(100) NULL,
  PRIMARY KEY (MANAGED_SYS_ID),
  CONSTRAINT FK_MNG_SYS_PROV_CON FOREIGN KEY (CONNECTOR_ID) REFERENCES PROVISION_CONNECTOR (CONNECTOR_ID)
);


CREATE INDEX FK_MNG_SYS_PROV_CON ON MANAGED_SYS(CONNECTOR_ID);



CREATE TABLE RESOURCE_TYPE (
  RESOURCE_TYPE_ID NVARCHAR(20) NOT NULL,
  DESCRIPTION NVARCHAR(100) NULL,
  METADATA_TYPE_ID NVARCHAR(32) NULL,
  PROVISION_RESOURCE NUMERIC(4) NULL,
  PROCESS_NAME NVARCHAR(80) NULL,
  PRIMARY KEY (RESOURCE_TYPE_ID)
);


CREATE TABLE RES (
  RESOURCE_ID NVARCHAR(32) NOT NULL,
  RESOURCE_TYPE_ID NVARCHAR(20) NOT NULL,
  DESCRIPTION NVARCHAR(100) NULL,
  NAME NVARCHAR(150) NOT NULL,
  BRANCH_ID NVARCHAR(32) NULL,
  CATEGORY_ID NVARCHAR(32) NULL,
  DISPLAY_ORDER NUMERIC(4) DEFAULT (1),
  MANAGED_SYS_ID NVARCHAR(32) NULL,
  URL NVARCHAR(255) NULL,
  RES_OWNER_GROUP_ID NVARCHAR(32) NULL,
  RES_OWNER_USER_ID NVARCHAR(32) NULL,
  MIN_AUTH_LEVEL NVARCHAR(32) NULL,
  DOMAIN NVARCHAR(64) NULL,
  IS_PUBLIC char(1) DEFAULT ('Y'),
  IS_SSL char(1) DEFAULT ('N'),
  PRIMARY KEY (RESOURCE_ID),
  CONSTRAINT FK_RESOURCE_CATEGORY FOREIGN KEY (CATEGORY_ID) REFERENCES CATEGORY (CATEGORY_ID),
  CONSTRAINT FK_RESOURCE_RESOURCE_TYPE FOREIGN KEY (RESOURCE_TYPE_ID) REFERENCES RESOURCE_TYPE (RESOURCE_TYPE_ID)
);

CREATE UNIQUE INDEX NAME ON RES(NAME);
CREATE INDEX FK_RESOURCE_RESOURCE_TYPE ON RES(RESOURCE_TYPE_ID);
CREATE INDEX FK_RESOURCE_CATEGORY ON RES(CATEGORY_ID);


CREATE TABLE RESOURCE_PRIVILEGE (
  RESOURCE_PRIVLEGE_ID NVARCHAR(32) NOT NULL,
  RESOURCE_ID NVARCHAR(32) NULL,
  PRIVILEGE_NAME NVARCHAR(32) NULL,
  PRIVILEGE_TYPE NVARCHAR(20) NULL,
  DESCRIPTION NVARCHAR(40) NULL,
  PRIMARY KEY (RESOURCE_PRIVLEGE_ID),
  CONSTRAINT FK_RESOURCE_PRIVILEGE_RES FOREIGN KEY (RESOURCE_ID) REFERENCES RES (RESOURCE_ID)
);

CREATE INDEX FK_RESOURCE_PRIVILEGE_RES ON RESOURCE_PRIVILEGE(RESOURCE_ID);


CREATE TABLE RESOURCE_PROP (
  RESOURCE_PROP_ID NVARCHAR(32) NOT NULL,
  RESOURCE_ID NVARCHAR(32) NULL,
  METADATA_ID NVARCHAR(20) NULL,
  NAME NVARCHAR(40) NOT NULL,
  PROP_VALUE NVARCHAR(500) NULL,
  PROP_GROUP NVARCHAR(20) NULL,
  PRIMARY KEY (RESOURCE_PROP_ID),
  CONSTRAINT FK_RESOURCE_PROP_RESOURCE FOREIGN KEY (RESOURCE_ID) REFERENCES RES (RESOURCE_ID)
);
CREATE INDEX FK_RESOURCE_PROP_RESOURCE ON RESOURCE_PROP(RESOURCE_ID);


CREATE TABLE METADATA_ELEMENT_PAGE_TEMPLATE (
  ID NVARCHAR(32) NOT NULL,
  NAME NVARCHAR(40) NOT NULL,
  RESOURCE_ID NVARCHAR(32) NOT NULL,
  IS_PUBLIC char(1) DEFAULT ('Y') NOT NULL,
  PRIMARY KEY (ID),
  CONSTRAINT METADATA_PAGE_TEMPLATE_RES_FK FOREIGN KEY (RESOURCE_ID) REFERENCES RES (RESOURCE_ID)
);

CREATE UNIQUE INDEX PAGE_TEMPLATE_UNIQUE ON METADATA_ELEMENT_PAGE_TEMPLATE(NAME);
CREATE INDEX METADATA_PAGE_TEMPLATE_RES_FK ON METADATA_ELEMENT_PAGE_TEMPLATE(RESOURCE_ID);


CREATE TABLE METADATA_ELEMENT (
  METADATA_ID NVARCHAR(32) NOT NULL,
  TYPE_ID NVARCHAR(32) NOT NULL,
  ATTRIBUTE_NAME NVARCHAR(50) NULL,
  DESCRIPTION NVARCHAR(40) NULL,
  DATA_TYPE NVARCHAR(20) NULL,
  AUDITABLE char(1)  DEFAULT ('Y') NOT NULL,
  REQUIRED char(1)  DEFAULT ('N') NOT NULL,
  SELF_EDITABLE char(1)  DEFAULT ('N') NOT NULL,
  TEMPLATE_ID NVARCHAR(32) NULL,
  RESOURCE_ID NVARCHAR(32) NULL,
  VALIDATOR NVARCHAR(150) NULL,
  STATIC_DEFAULT_VALUE NVARCHAR(400) NULL,
  IS_PUBLIC char(1)  DEFAULT ('Y') NOT NULL,
  PRIMARY KEY (METADATA_ID),
  CONSTRAINT FK_MD_ELMT_TYPE_FK FOREIGN KEY (TYPE_ID) REFERENCES METADATA_TYPE (TYPE_ID),
  CONSTRAINT METADATA_ELEMENT_RES_FK FOREIGN KEY (RESOURCE_ID) REFERENCES RES (RESOURCE_ID),
  CONSTRAINT METADATA_ELEMENT_TEMPLATE_FK FOREIGN KEY (TEMPLATE_ID) REFERENCES METADATA_ELEMENT_PAGE_TEMPLATE (ID)
);

CREATE INDEX METADATA_ELEMENT_TEMPLATE_FK ON METADATA_ELEMENT(TEMPLATE_ID);
CREATE INDEX METADATA_ELEMENT_RES_FK ON METADATA_ELEMENT(RESOURCE_ID);


CREATE TABLE GRP (
  GRP_ID NVARCHAR(32) NOT NULL,
  GRP_NAME NVARCHAR(80) NOT NULL,
  CREATE_DATE DATETIME NULL,
  CREATED_BY NVARCHAR(20) NULL,
  COMPANY_ID NVARCHAR(32) NULL,
  OWNER_ID NVARCHAR(32) NULL,
  PROVISION_METHOD NVARCHAR(20) NULL,
  PROVISION_OBJ_NAME NVARCHAR(80) NULL,
  TYPE_ID NVARCHAR(32) NULL,
  GROUP_DESC NVARCHAR(80) NULL,
  STATUS NVARCHAR(20) NULL,
  LAST_UPDATE DATETIME NULL,
  LAST_UPDATED_BY NVARCHAR(32) NULL,
  INTERNAL_GROUP_ID NVARCHAR(32) NULL,
  EXTERNAL_GRP_NAME NVARCHAR(200) NULL,
  PRIMARY KEY (GRP_ID),
  CONSTRAINT FK_GRP_METADATA_TYPE FOREIGN KEY (TYPE_ID) REFERENCES METADATA_TYPE (TYPE_ID)
);

CREATE UNIQUE INDEX GRP_NAME ON GRP(GRP_NAME);
CREATE INDEX FK_GRP_METADATA_TYPE ON GRP(TYPE_ID);


CREATE TABLE GRP_ATTRIBUTES (
  ID NVARCHAR(32) NOT NULL,
  GRP_ID NVARCHAR(32) NOT NULL,
  METADATA_ID NVARCHAR(32) NULL,
  NAME NVARCHAR(20) NULL,
  VALUE NVARCHAR(255) NULL,
  PRIMARY KEY (ID),
  CONSTRAINT GRP_ATTR_META_ELMT_FK FOREIGN KEY (METADATA_ID) REFERENCES METADATA_ELEMENT (METADATA_ID),
  CONSTRAINT GRP_ATTRIBUTES_ibfk_1 FOREIGN KEY (GRP_ID) REFERENCES GRP (GRP_ID)
);


CREATE INDEX GRP_ID ON GRP_ATTRIBUTES(GRP_ID);
CREATE INDEX GRP_ATTR_META_ELMT_FK ON GRP_ATTRIBUTES(METADATA_ID);

CREATE TABLE RESOURCE_GROUP (
  RES_GROUP_ID NVARCHAR(32) NOT NULL,
  RESOURCE_ID NVARCHAR(32) NOT NULL,
  GRP_ID NVARCHAR(32) NOT NULL,
  START_DATE DATETIME NULL,
  END_DATE DATETIME NULL,
  PRIMARY KEY (RES_GROUP_ID),
  CONSTRAINT FK_RESOURCE_GRP FOREIGN KEY (GRP_ID) REFERENCES GRP (GRP_ID),
  CONSTRAINT FK_RESOURCE_GRP_RESOURCE FOREIGN KEY (RESOURCE_ID) REFERENCES RES (RESOURCE_ID)
);

CREATE UNIQUE INDEX UNIQUE_RESOURCE_GROUP ON RESOURCE_GROUP(GRP_ID,RESOURCE_ID);
CREATE INDEX FK_RESOURCE_GRP_RESOURCE ON RESOURCE_GROUP(RESOURCE_ID);




CREATE TABLE ROLE (
  SERVICE_ID NVARCHAR(20) NOT NULL,
  ROLE_NAME NVARCHAR(80) NOT NULL,
  CREATE_DATE DATETIME NULL,
  CREATED_BY NVARCHAR(32) NULL,
  DESCRIPTION NVARCHAR(255) NULL,
  TYPE_ID NVARCHAR(20) NULL,
  OWNER_ID NVARCHAR(32) NULL,
  STATUS NVARCHAR(20) NULL,
  INTERNAL_ROLE_ID NVARCHAR(32) NULL,
  ROLE_ID NVARCHAR(32) NOT NULL,
  PRIMARY KEY (ROLE_ID),
  CONSTRAINT FK_ROLE_SERVICE FOREIGN KEY (SERVICE_ID) REFERENCES SECURITY_DOMAIN (DOMAIN_ID)
);

CREATE UNIQUE INDEX ROLE_NAME ON ROLE(ROLE_NAME);
CREATE INDEX FK_ROLE_SERVICE ON ROLE(SERVICE_ID);

CREATE TABLE ROLE_ATTRIBUTE (
  ROLE_ATTR_ID NVARCHAR(32) NOT NULL,
  NAME NVARCHAR(40) NULL,
  VALUE NVARCHAR(255) NULL,
  METADATA_ID NVARCHAR(20) NULL,
  ATTR_GROUP NVARCHAR(20) NULL,
  ROLE_ID NVARCHAR(32) NOT NULL,
  PRIMARY KEY (ROLE_ATTR_ID),
  CONSTRAINT FK_ROLE_ROLE_ATTRIBUTE FOREIGN KEY (ROLE_ID) REFERENCES ROLE (ROLE_ID)
);


CREATE TABLE ROLE_POLICY (
  ROLE_POLICY_ID NVARCHAR(32) NOT NULL,
  ACTION NVARCHAR(20) NULL,
  NAME NVARCHAR(40) NULL,
  VALUE1 NVARCHAR(40) NULL,
  VALUE2 NVARCHAR(40) NULL,
  ACTION_QUALIFIER NVARCHAR(20) NULL,
  EXECUTION_ORDER NUMERIC(4) NULL,
  POLICY_SCRIPT NVARCHAR(100) NULL,
  ROLE_ID NVARCHAR(32) NOT NULL,
  PRIMARY KEY (ROLE_POLICY_ID),
  CONSTRAINT FK_ROLE_POLICY_ROLE FOREIGN KEY (ROLE_ID) REFERENCES ROLE (ROLE_ID)
);


CREATE INDEX FK_ROLE_POLICY_ROLE ON ROLE_POLICY(ROLE_ID);


CREATE TABLE GRP_ROLE (
  GRP_ID NVARCHAR(32) NOT NULL,
  ROLE_ID NVARCHAR(32) NOT NULL,
  PRIMARY KEY (GRP_ID,ROLE_ID),
  CONSTRAINT FK_GRP_ROLE_GRP FOREIGN KEY (GRP_ID) REFERENCES GRP (GRP_ID),
  CONSTRAINT FK_GRP_ROLE_ROLE FOREIGN KEY (ROLE_ID) REFERENCES ROLE (ROLE_ID)
);

CREATE INDEX FK_GRP_ROLE_ROLE ON GRP_ROLE(ROLE_ID);


CREATE TABLE WEB_RESOURCE_ATTRIBUTE (
  ATTRIBUTE_MAP_ID NVARCHAR(32) NOT NULL,
  RESOURCE_ID NVARCHAR(32) NOT NULL,
  TARGET_ATTRIBUTE_NAME NVARCHAR(100) NOT NULL,
  AM_ATTRIBUTE_NAME NVARCHAR(100) NULL,
  AM_POLICY_URL NVARCHAR(100) NULL,
  PRIMARY KEY (ATTRIBUTE_MAP_ID)
);

CREATE UNIQUE INDEX RESOURCE_ID ON WEB_RESOURCE_ATTRIBUTE(RESOURCE_ID,TARGET_ATTRIBUTE_NAME);

CREATE TABLE grp_to_grp_membership (
  GROUP_ID NVARCHAR(32) NOT NULL,
  MEMBER_GROUP_ID NVARCHAR(32) NOT NULL,
  CREATE_DATE DATETIME NULL,
  UPDATE_DATE DATETIME NULL,
  CREATED_BY NVARCHAR(32) NULL,
  UPDATED_BY NVARCHAR(32) NULL,
  PRIMARY KEY (GROUP_ID,MEMBER_GROUP_ID),
  CONSTRAINT grp_to_grp_membership_ibfk_1 FOREIGN KEY (GROUP_ID) REFERENCES GRP (GRP_ID),
  CONSTRAINT grp_to_grp_membership_ibfk_2 FOREIGN KEY (MEMBER_GROUP_ID) REFERENCES GRP (GRP_ID)
);

CREATE INDEX MEMBER_GROUP_ID ON grp_to_grp_membership(MEMBER_GROUP_ID);


CREATE TABLE res_to_res_membership (
  RESOURCE_ID NVARCHAR(32) NOT NULL,
  MEMBER_RESOURCE_ID NVARCHAR(32) NOT NULL,
  CREATE_DATE DATETIME NULL,
  UPDATE_DATE DATETIME NULL,
  CREATED_BY NVARCHAR(32) NULL,
  UPDATED_BY NVARCHAR(32) NULL,
  PRIMARY KEY (RESOURCE_ID,MEMBER_RESOURCE_ID),
  CONSTRAINT res_to_res_membership_ibfk_1 FOREIGN KEY (RESOURCE_ID) REFERENCES RES (RESOURCE_ID),
  CONSTRAINT res_to_res_membership_ibfk_2 FOREIGN KEY (MEMBER_RESOURCE_ID) REFERENCES RES (RESOURCE_ID)
);
CREATE INDEX MEMBER_RESOURCE_ID ON res_to_res_membership(MEMBER_RESOURCE_ID);


CREATE TABLE role_to_role_membership (
  ROLE_ID NVARCHAR(32) NOT NULL,
  MEMBER_ROLE_ID NVARCHAR(32) NOT NULL,
  CREATE_DATE DATETIME NULL,
  UPDATE_DATE DATETIME NULL,
  CREATED_BY NVARCHAR(32) NULL,
  UPDATED_BY NVARCHAR(32) NULL,
  PRIMARY KEY (ROLE_ID,MEMBER_ROLE_ID),
  CONSTRAINT role_to_role_membership_ibfk_1 FOREIGN KEY (ROLE_ID) REFERENCES ROLE (ROLE_ID),
  CONSTRAINT role_to_role_membership_ibfk_2 FOREIGN KEY (MEMBER_ROLE_ID) REFERENCES ROLE (ROLE_ID)
);
CREATE INDEX ROLE_ROLE_MMSP_MEMBER_ROLE_ID ON role_to_role_membership(MEMBER_ROLE_ID);


CREATE TABLE AUTH_PROVIDER (
  PROVIDER_ID NVARCHAR(32) NOT NULL,
  PROVIDER_TYPE NVARCHAR(32) NOT NULL,
  MANAGED_SYS_ID NVARCHAR(32) NOT NULL,
  RESOURCE_ID NVARCHAR(32) NOT NULL,
  NAME NVARCHAR(50) NOT NULL,
  DESCRIPTION NVARCHAR(255) NULL,
  SIGN_REQUEST char(1) DEFAULT ('N') NOT NULL,
  PUBLIC_KEY VARBINARY(MAX),
  PRIVATE_KEY VARBINARY(MAX),
  PRIMARY KEY (PROVIDER_ID),
  CONSTRAINT FK_MNG_AUTH_PROVIDER FOREIGN KEY (MANAGED_SYS_ID) REFERENCES MANAGED_SYS (MANAGED_SYS_ID),
  CONSTRAINT FK_PROVIDER_TYPE_PROVIDER FOREIGN KEY (PROVIDER_TYPE) REFERENCES AUTH_PROVIDER_TYPE (PROVIDER_TYPE),
  CONSTRAINT FK_RES_AUTH_PROVIDER FOREIGN KEY (RESOURCE_ID) REFERENCES RES (RESOURCE_ID)
);

CREATE INDEX FK_PROVIDER_TYPE_PROVIDER ON AUTH_PROVIDER(PROVIDER_TYPE);
CREATE INDEX FK_MNG_AUTH_PROVIDER ON AUTH_PROVIDER(MANAGED_SYS_ID);
CREATE INDEX FK_RES_AUTH_PROVIDER ON AUTH_PROVIDER(RESOURCE_ID);

CREATE TABLE AUTH_ATTRIBUTE (
  AUTH_ATTRIBUTE_ID NVARCHAR(32) NOT NULL,
  ATTRIBUTE_NAME NVARCHAR(100) NOT NULL,
  PROVIDER_TYPE NVARCHAR(32) NOT NULL,
  DESCRIPTION NVARCHAR(255) NULL,
  REQUIRED char(1) DEFAULT ('N'),
  DATA_TYPE NVARCHAR(20) DEFAULT ('singleValue') NOT NULL ,
  DEFAULT_VALUE NVARCHAR(255) NULL,
  PRIMARY KEY (AUTH_ATTRIBUTE_ID),
  CONSTRAINT FK_PROVIDER_TYPE_ATTRIBUTE FOREIGN KEY (PROVIDER_TYPE) REFERENCES AUTH_PROVIDER_TYPE (PROVIDER_TYPE)
);

CREATE UNIQUE INDEX IDX_ATTRIBUTE_PT ON AUTH_ATTRIBUTE(ATTRIBUTE_NAME,PROVIDER_TYPE);
CREATE INDEX FK_PROVIDER_TYPE_ATTRIBUTE ON AUTH_ATTRIBUTE(PROVIDER_TYPE);

CREATE TABLE AUTH_PROVIDER_ATTRIBUTE (
  PROVIDER_ATTRIBUTE_ID NVARCHAR(32) NOT NULL,
  PROVIDER_ID NVARCHAR(32) NOT NULL,
  AUTH_ATTRIBUTE_ID NVARCHAR(32) NOT NULL,
  VALUE NVARCHAR(255) NOT NULL,
  DATA_TYPE NVARCHAR(20) DEFAULT ('singleValue') NOT NULL ,
  PRIMARY KEY (PROVIDER_ATTRIBUTE_ID),
  CONSTRAINT FK_PROVIDER_PROVIDER_ATTRIBUTE FOREIGN KEY (PROVIDER_ID) REFERENCES AUTH_PROVIDER (PROVIDER_ID),
  CONSTRAINT FK_PROVIDER_ATTRIBUTE FOREIGN KEY (AUTH_ATTRIBUTE_ID) REFERENCES AUTH_ATTRIBUTE (AUTH_ATTRIBUTE_ID)
);


CREATE UNIQUE INDEX IDX_PROVIDER_ATTRIBUTE ON AUTH_PROVIDER_ATTRIBUTE(PROVIDER_ID,AUTH_ATTRIBUTE_ID);
CREATE INDEX FK_PROVIDER_PROVIDER_ATTRIBUTE ON AUTH_PROVIDER_ATTRIBUTE(PROVIDER_ID);
CREATE INDEX FK_PROVIDER_ATTRIBUTE ON AUTH_PROVIDER_ATTRIBUTE(AUTH_ATTRIBUTE_ID);


CREATE TABLE AUTH_RESOURCE_ATTRIBUTE_MAP (
  ATTRIBUTE_MAP_ID NVARCHAR(32) NOT NULL,
  PROVIDER_ID NVARCHAR(32) NOT NULL,
  TARGET_ATTRIBUTE_NAME NVARCHAR(100) NOT NULL,
  AM_ATTRIBUTE_ID NVARCHAR(32) NULL,
  AM_POLICY_URL NVARCHAR(100) NULL,
  ATTRIBUTE_VALUE NVARCHAR(100) NULL,
  ATTRIBUTE_TYPE NVARCHAR(32) NOT NULL,
  PRIMARY KEY (ATTRIBUTE_MAP_ID),
  CONSTRAINT FK_AUTH_AM_ATTR FOREIGN KEY (AM_ATTRIBUTE_ID) REFERENCES AUTH_RESOURCE_AM_ATTRIBUTE (AM_ATTRIBUTE_ID),
  CONSTRAINT FK_PROVIDER_AUTH_RES_ATTR_MAP FOREIGN KEY (PROVIDER_ID) REFERENCES AUTH_PROVIDER (PROVIDER_ID)
);


CREATE TABLE COMPANY (
  COMPANY_ID NVARCHAR(32) NOT NULL,
  COMPANY_NAME NVARCHAR(200) NULL,
  LST_UPDATE DATETIME NULL,
  LST_UPDATED_BY NVARCHAR(40) NULL,
  PARENT_ID NVARCHAR(32) NULL,
  STATUS NVARCHAR(20) NULL,
  TYPE_ID NVARCHAR(32) NULL,
  CREATE_DATE DATETIME NULL,
  CREATED_BY NVARCHAR(40) NULL,
  ALIAS NVARCHAR(200) NULL,
  DESCRIPTION NVARCHAR(200) NULL,
  DOMAIN_NAME NVARCHAR(40) NULL,
  LDAP_STR NVARCHAR(255) NULL,
  CLASSIFICATION NVARCHAR(40) NULL,
  INTERNAL_COMPANY_ID NVARCHAR(200) NULL,
  ABBREVIATION NVARCHAR(20) NULL,
  SYMBOL NVARCHAR(10) NULL,
  PRIMARY KEY (COMPANY_ID),
  CONSTRAINT FK_COMPANY_METADATA_TYPE FOREIGN KEY (TYPE_ID) REFERENCES METADATA_TYPE (TYPE_ID)
);

CREATE INDEX FK_COMPANY_METADATA_TYPE ON COMPANY(TYPE_ID);

CREATE TABLE COMPANY_ATTRIBUTE (
  COMPANY_ATTR_ID NVARCHAR(32) NOT NULL,
  COMPANY_ID NVARCHAR(32) NOT NULL,
  NAME NVARCHAR(20) NULL,
  VALUE NVARCHAR(255) NULL,
  METADATA_ID NVARCHAR(32) NULL,
  PRIMARY KEY (COMPANY_ATTR_ID),
  CONSTRAINT FK_COMPANY_ATTRIBUTE_COMPANY FOREIGN KEY (COMPANY_ID) REFERENCES COMPANY (COMPANY_ID),
  CONSTRAINT FK_COMPANY_METADATA_ELEMENT FOREIGN KEY (METADATA_ID) REFERENCES METADATA_ELEMENT (METADATA_ID)
);

CREATE INDEX FK_COMPANY_ATTRIBUTE_COMPANY ON COMPANY_ATTRIBUTE(COMPANY_ID);
CREATE INDEX FK_COMPANY_METADATA_ELEMENT ON COMPANY_ATTRIBUTE(METADATA_ID);


CREATE TABLE COMPANY_TO_COMPANY_MEMBERSHIP (
  COMPANY_ID NVARCHAR(32) NOT NULL,
  MEMBER_COMPANY_ID NVARCHAR(32) NOT NULL,
  CREATE_DATE DATETIME NULL,
  UPDATE_DATE DATETIME NULL,
  CREATED_BY NVARCHAR(32) NULL,
  UPDATED_BY NVARCHAR(32) NULL,
  PRIMARY KEY (COMPANY_ID,MEMBER_COMPANY_ID),
  CONSTRAINT COMPANY_COMPANY_PARENT FOREIGN KEY (MEMBER_COMPANY_ID) REFERENCES COMPANY (COMPANY_ID),
  CONSTRAINT COMPANY_COMPANY_CHILD FOREIGN KEY (COMPANY_ID) REFERENCES COMPANY (COMPANY_ID)
);

CREATE INDEX COMPANY_COMPANY_PARENT ON COMPANY_TO_COMPANY_MEMBERSHIP(MEMBER_COMPANY_ID);

CREATE TABLE USERS (
  USER_ID NVARCHAR(32) NOT NULL,
  FIRST_NAME NVARCHAR(50) NULL,
  LAST_NAME NVARCHAR(50) NULL,
  MIDDLE_INIT NVARCHAR(50) NULL,
  TYPE_ID NVARCHAR(32) NULL,
  CLASSIFICATION NVARCHAR(20) NULL,
  TITLE NVARCHAR(100) NULL,
  DEPT_CD NVARCHAR(32) NULL,
  DEPT_NAME NVARCHAR(100) NULL,
  MAIL_CODE NVARCHAR(50) NULL,
  DIVISION NVARCHAR(32) NULL,
  COST_CENTER NVARCHAR(20) NULL,
  STATUS NVARCHAR(40) NULL,
  SECONDARY_STATUS NVARCHAR(40) NULL,
  BIRTHDATE DATETIME NULL,
  SEX char(1) NULL,
  CREATE_DATE DATETIME NULL,
  CREATED_BY NVARCHAR(40) NULL,
  LAST_UPDATE DATETIME NULL,
  LAST_UPDATED_BY NVARCHAR(40) NULL,
  PREFIX NVARCHAR(4) NULL,
  SUFFIX NVARCHAR(20) NULL,
  USER_TYPE_IND NVARCHAR(20) NULL,
  EMPLOYEE_ID NVARCHAR(32) NULL,
  EMPLOYEE_TYPE NVARCHAR(20) NULL,
  LOCATION_CD NVARCHAR(50) NULL,
  LOCATION_NAME NVARCHAR(100) NULL,
  COMPANY_ID NVARCHAR(32) NULL,
  COMPANY_OWNER_ID NVARCHAR(32) NULL,
  JOB_CODE NVARCHAR(50) NULL,
  MANAGER_ID NVARCHAR(32) NULL,
  ALTERNATE_ID NVARCHAR(32) NULL,
  START_DATE DATETIME NULL,
  LAST_DATE DATETIME NULL,
  MAIDEN_NAME NVARCHAR(40) NULL,
  NICKNAME NVARCHAR(40) NULL,
  PASSWORD_THEME NVARCHAR(20) NULL,
  SHOW_IN_SEARCH NUMERIC(4) NULL,
  DEL_ADMIN NUMERIC(4) NULL,
  USER_OWNER_ID NVARCHAR(32) NULL,
  DATE_PASSWORD_CHANGED DATETIME NULL,
  DATE_CHALLENGE_RESP_CHANGED DATETIME NULL,
  SYSTEM_FLAG NVARCHAR(1) NULL,
  PRIMARY KEY (USER_ID),
  CONSTRAINT FK_USERS_COMPANY FOREIGN KEY (COMPANY_ID) REFERENCES COMPANY (COMPANY_ID),
  CONSTRAINT FK_USERS_METADATA_TYPE FOREIGN KEY (TYPE_ID) REFERENCES METADATA_TYPE (TYPE_ID)
);


CREATE INDEX FK_USERS_METADATA_TYPE ON USERS(TYPE_ID);
CREATE INDEX LAST_NAME ON USERS(LAST_NAME);
CREATE INDEX USER_EMPLOYEE_INDX ON USERS(EMPLOYEE_ID);
CREATE INDEX FK_USERS_COMPANY ON USERS(COMPANY_ID);


CREATE TABLE AUTH_STATE (
  USER_ID NVARCHAR(32) NOT NULL,
  AUTH_STATE decimal(5,1) NULL,
  TOKEN NVARCHAR(2000) NULL,
  AA NVARCHAR(20) NULL,
  EXPIRATION decimal(18,0) NULL,
  LAST_LOGIN DATETIME NULL,
  IP_ADDRESS NVARCHAR(20) NULL,
  PRIMARY KEY (USER_ID),
  CONSTRAINT FK_AUTH_STATE_USERS FOREIGN KEY (USER_ID) REFERENCES USERS (USER_ID)
);


CREATE TABLE ADDRESS (
  ADDRESS_ID NVARCHAR(32) NOT NULL,
  NAME NVARCHAR(100) NULL,
  COUNTRY NVARCHAR(100) NULL,
  BLDG_NUM NVARCHAR(100) NULL,
  STREET_DIRECTION NVARCHAR(20) NULL,
  SUITE NVARCHAR(20) NULL,
  ADDRESS1 NVARCHAR(45) NULL,
  ADDRESS2 NVARCHAR(45) NULL,
  ADDRESS3 NVARCHAR(45) NULL,
  ADDRESS4 NVARCHAR(45) NULL,
  ADDRESS5 NVARCHAR(45) NULL,
  ADDRESS6 NVARCHAR(45) NULL,
  ADDRESS7 NVARCHAR(45) NULL,
  CITY NVARCHAR(100) NULL,
  STATE NVARCHAR(100) NULL,
  POSTAL_CD NVARCHAR(100) NULL,
  IS_DEFAULT char(1) DEFAULT ('N'),
  DESCRIPTION NVARCHAR(100) NULL,
  ACTIVE char(1) DEFAULT ('Y'),
  PARENT_ID NVARCHAR(32) NULL,
  LAST_UPDATE DATETIME NULL,
  CREATE_DATE DATETIME DEFAULT CURRENT_TIMESTAMP,
  PRIMARY KEY (ADDRESS_ID),
  CONSTRAINT ADDRESS_USER_FK FOREIGN KEY (PARENT_ID) REFERENCES USERS (USER_ID)
  );
  
  CREATE INDEX ADDRESS_USER_FK ON ADDRESS(PARENT_ID);
  


CREATE TABLE EMAIL_ADDRESS (
  EMAIL_ID NVARCHAR(32) NOT NULL,
  NAME NVARCHAR(100) NULL,
  DESCRIPTION NVARCHAR(100) NULL,
  EMAIL_ADDRESS NVARCHAR(320) NULL,
  IS_DEFAULT char(1) DEFAULT ('N'),
  ACTIVE char(1) DEFAULT ('Y'),
  PARENT_ID NVARCHAR(32) NULL,
  LAST_UPDATE DATETIME NULL,
  CREATE_DATE DATETIME DEFAULT CURRENT_TIMESTAMP,
  PRIMARY KEY (EMAIL_ID),
  CONSTRAINT EMAIL_ADDRESS_USER_FK FOREIGN KEY (PARENT_ID) REFERENCES USERS (USER_ID)
);

CREATE INDEX EMAIL_ADDRESS_USER_FK ON EMAIL_ADDRESS(PARENT_ID);
 

CREATE TABLE PHONE (
  PHONE_ID NVARCHAR(32) NOT NULL,
  NAME NVARCHAR(40) NULL,
  AREA_CD NVARCHAR(10) NULL,
  COUNTRY_CD NVARCHAR(3) NULL,
  DESCRIPTION NVARCHAR(100) NULL,
  PHONE_NBR NVARCHAR(50) NULL,
  PHONE_EXT NVARCHAR(20) NULL,
  IS_DEFAULT char(1) DEFAULT ('N'),
  ACTIVE char(1) DEFAULT ('Y'),
  PARENT_ID NVARCHAR(32) NULL,
  PHONE_TYPE NVARCHAR(20) NULL,
  LAST_UPDATE DATETIME NULL,
  CREATE_DATE DATETIME DEFAULT CURRENT_TIMESTAMP,
  PRIMARY KEY (PHONE_ID),
  CONSTRAINT PHONE_USER_FK FOREIGN KEY (PARENT_ID) REFERENCES USERS (USER_ID)
);

CREATE INDEX AREA_CD ON PHONE(AREA_CD,PHONE_NBR);
CREATE INDEX PHONE_USER_FK ON PHONE(AREA_CD,PARENT_ID);


CREATE TABLE CREDENTIALS (
  USER_ID NVARCHAR(32) NOT NULL,
  CREDENTIAL_TYPE NVARCHAR(20) NOT NULL,
  VALUE           NVARCHAR(100) NULL,
  IS_PUBLIC       NUMERIC(1) NULL,
  PRIMARY KEY (USER_ID,CREDENTIAL_TYPE),
  CONSTRAINT FK_CREDENTIALS_USERS FOREIGN KEY (USER_ID) REFERENCES USERS (USER_ID)
);


CREATE TABLE USER_ATTACHMENT_REF (
  USER_ATTACH_REF_ID NVARCHAR(20) NOT NULL,
  USER_ID NVARCHAR(32) NULL,
  NAME NVARCHAR(20) NULL,
  VALUE NVARCHAR(50) NULL,
  URL NVARCHAR(50) NULL,
  PRIMARY KEY (USER_ATTACH_REF_ID),
  CONSTRAINT FK_USER_ATTACHMENT_REF_USERS FOREIGN KEY (USER_ID) REFERENCES USERS (USER_ID)
);

CREATE INDEX FK_USER_ATTACHMENT_REF_USERS ON USER_ATTACHMENT_REF(USER_ID);


CREATE TABLE USER_ATTRIBUTES (
  ID NVARCHAR(32) NOT NULL,
  USER_ID NVARCHAR(32) NULL,
  METADATA_ID NVARCHAR(32) NULL,
  NAME NVARCHAR(50) NULL,
  VALUE NVARCHAR(1000) NULL,
  ATTR_GROUP NVARCHAR(20) NULL,
  PRIMARY KEY (ID),
  CONSTRAINT FK_USR_ATTR_ELMT_FK FOREIGN KEY (METADATA_ID) REFERENCES METADATA_ELEMENT (METADATA_ID),
  CONSTRAINT USER_ATTRIBUTES_ibfk_1 FOREIGN KEY (USER_ID) REFERENCES USERS (USER_ID)
);

CREATE INDEX USER_ID ON USER_ATTRIBUTES(USER_ID);
CREATE INDEX FK_USR_ATTR_ELMT_FK ON USER_ATTRIBUTES(METADATA_ID);



CREATE TABLE USER_DELEGATION_ATTRIBUTE (
  ID NVARCHAR(32) NOT NULL,
  USER_ID NVARCHAR(32) NULL,
  OBJ_TYPE NVARCHAR(50) NULL,
  NAME NVARCHAR(50) NULL,
  VALUE NVARCHAR(255) NULL,
  PRIMARY KEY (ID),
  CONSTRAINT USER_DELEG_ATTRIBUTE_ibfk_1 FOREIGN KEY (USER_ID) REFERENCES USERS (USER_ID)
);

CREATE INDEX USER_DELEG_USER_ID ON USER_DELEGATION_ATTRIBUTE(USER_ID);




CREATE TABLE USER_ROLE (
  USER_ROLE_ID NVARCHAR(32) NOT NULL,
  USER_ID NVARCHAR(32) NOT NULL,
  STATUS NVARCHAR(20) NULL,
  CREATE_DATE DATETIME NULL,
  START_DATE DATETIME NULL,
  END_DATE DATETIME NULL,
  CREATED_BY NVARCHAR(32) NULL,
  ROLE_ID NVARCHAR(32) NOT NULL,
  PRIMARY KEY (ROLE_ID,USER_ID),
  CONSTRAINT FK_USR_ROLE_ROLE FOREIGN KEY (ROLE_ID) REFERENCES ROLE (ROLE_ID),
  CONSTRAINT FK_USR_ROLE_USR FOREIGN KEY (USER_ID) REFERENCES USERS (USER_ID)
);

CREATE INDEX FK_USR_ROLE_USR ON USER_ROLE(USER_ID);

CREATE TABLE USER_GRP (
  USER_GRP_ID NVARCHAR(32) NOT NULL,
  GRP_ID NVARCHAR(32) NOT NULL,
  USER_ID NVARCHAR(32) NOT NULL,
  STATUS NVARCHAR(20) DEFAULT 'ACTIVE',
  CREATE_DATE DATETIME NULL,
  CREATED_BY NVARCHAR(32) NULL,
  START_DATE DATETIME NULL,
  END_DATE DATETIME NULL,
  PRIMARY KEY (USER_GRP_ID),
  CONSTRAINT FK_USR_GRP_GPR FOREIGN KEY (GRP_ID) REFERENCES GRP (GRP_ID),
  CONSTRAINT FK_USR_GRP_USR FOREIGN KEY (USER_ID) REFERENCES USERS (USER_ID)
);

CREATE UNIQUE INDEX USER_GRP_UNIQUE_RECORD ON USER_GRP(USER_ID,GRP_ID);
CREATE INDEX FK_USR_GRP_GPR ON USER_GRP(GRP_ID);

CREATE TABLE USER_KEY (
  USER_KEY_ID NVARCHAR(32) NOT NULL,
  USER_ID NVARCHAR(32) NOT NULL,
  NAME NVARCHAR(40) NOT NULL,
  KEY_VALUE NVARCHAR(255) NOT NULL,
  PRIMARY KEY (USER_KEY_ID),
  CONSTRAINT FK_USER_KEY_USER_ID FOREIGN KEY (USER_ID) REFERENCES USERS (USER_ID)
);

CREATE INDEX FK_USER_KEY_USER_ID ON USER_KEY(USER_ID);


CREATE TABLE USER_NOTE (
  USER_NOTE_ID NVARCHAR(32) NOT NULL,
  USER_ID NVARCHAR(32) NULL,
  NOTE_TYPE NVARCHAR(20) NULL,
  DESCRIPTION NVARCHAR(2000) NULL,
  CREATE_DATE DATETIME NULL,
  CREATED_BY NVARCHAR(20) NULL,
  PRIMARY KEY (USER_NOTE_ID),
  CONSTRAINT FK_USER_NOTE_USERS FOREIGN KEY (USER_ID) REFERENCES USERS (USER_ID)
);

CREATE INDEX FK_USER_NOTE_USERS ON USER_NOTE(USER_ID);



CREATE TABLE LOGIN (
  SERVICE_ID NVARCHAR(20) NOT NULL,
  LOGIN NVARCHAR(320) NOT NULL,
  LOWERCASE_LOGIN NVARCHAR(320) NOT NULL,
  MANAGED_SYS_ID NVARCHAR(32) NOT NULL,
  IDENTITY_TYPE NVARCHAR(20) NULL,
  CANONICAL_NAME NVARCHAR(100) NULL,
  USER_ID NVARCHAR(32) NULL,
  PASSWORD NVARCHAR(255) NULL,
  PWD_EQUIVALENT_TOKEN NVARCHAR(255) NULL,
  PWD_CHANGED DATETIME NULL,
  PWD_EXP DATETIME NULL,
  RESET_PWD NUMERIC(4) DEFAULT (0) NOT NULL,
  FIRST_TIME_LOGIN NUMERIC(4) DEFAULT (1) NOT NULL ,
  IS_LOCKED NUMERIC(4)  DEFAULT (0) NOT NULL,
  STATUS NVARCHAR(20) NULL,
  GRACE_PERIOD DATETIME NULL,
  CREATE_DATE DATETIME NULL,
  CREATED_BY NVARCHAR(32) NULL,
  CURRENT_LOGIN_HOST NVARCHAR(40) NULL,
  AUTH_FAIL_COUNT NUMERIC(4)  DEFAULT (0) NOT NULL,
  LAST_AUTH_ATTEMPT DATETIME NULL, 
  LAST_LOGIN DATETIME NULL,
  LAST_LOGIN_IP NVARCHAR(60) NULL,
  PREV_LOGIN DATETIME NULL,
  PREV_LOGIN_IP NVARCHAR(60) NULL,
  IS_DEFAULT NUMERIC(4) DEFAULT (0),
  PWD_CHANGE_COUNT NUMERIC(4) DEFAULT (0),
  PSWD_RESET_TOKEN NVARCHAR(80) NULL,
  PSWD_RESET_TOKEN_EXP DATETIME NULL,
  LOGIN_ID NVARCHAR(32) NOT NULL,
  LAST_UPDATE DATETIME NULL,
  PRIMARY KEY (LOGIN_ID),
  CONSTRAINT FK_LOGIN_SERVICE FOREIGN KEY (SERVICE_ID) REFERENCES SECURITY_DOMAIN (DOMAIN_ID),
  CONSTRAINT FK_LOGIN_USERS FOREIGN KEY (USER_ID) REFERENCES USERS (USER_ID)
);
 
 CREATE UNIQUE INDEX UNIQUE_LOGIN ON LOGIN(LOGIN,MANAGED_SYS_ID,SERVICE_ID);
 CREATE INDEX login_user_indx ON LOGIN(USER_ID);
 CREATE INDEX FK_LOGIN_SERVICE ON LOGIN(SERVICE_ID);
 
 
 CREATE TABLE LOGIN_ATTRIBUTE (
  LOGIN_ATTR_ID NVARCHAR(32) NOT NULL,
  NAME NVARCHAR(20) NULL,
  VALUE NVARCHAR(255) NULL,
  METADATA_ID NVARCHAR(20) NULL,
  ATTR_GROUP NVARCHAR(20) NULL,
  LOGIN_ID NVARCHAR(32) NOT NULL,
  PRIMARY KEY (LOGIN_ATTR_ID),
  CONSTRAINT LOGIN_ID_LOGIN_ATTR_FK FOREIGN KEY (LOGIN_ID) REFERENCES LOGIN (LOGIN_ID)
);
 
CREATE INDEX LOGIN_ID_LOGIN_ATTR_FK ON LOGIN_ATTRIBUTE(LOGIN_ID);

CREATE TABLE PWD_HISTORY (
  PWD_HISTORY_ID NVARCHAR(32) NOT NULL,
  DATE_CREATED DATETIME NOT NULL,
  PASSWORD NVARCHAR(255) NULL,
  LOGIN_ID NVARCHAR(32) NOT NULL,
  PRIMARY KEY (PWD_HISTORY_ID),
  CONSTRAINT LOGIN_ID_PWD_HIST_FK FOREIGN KEY (LOGIN_ID) REFERENCES LOGIN (LOGIN_ID)
);

CREATE INDEX LOGIN_ID_PWD_HIST_FK ON PWD_HISTORY(LOGIN_ID);


CREATE TABLE ORG_STRUCTURE (
  ORG_STRUCTURE_ID NVARCHAR(32) NOT NULL,
  SUPERVISOR_ID NVARCHAR(32) NOT NULL,
  STAFF_ID NVARCHAR(32) NOT NULL,
  SUPERVISOR_TYPE NVARCHAR(20) NULL,
  IS_PRIMARY_SUPER NUMERIC(4) DEFAULT (0),
  START_DATE DATETIME NULL,
  END_DATE DATETIME NULL,
  STATUS NVARCHAR(20) NULL,
  COMMENTS NVARCHAR(255) NULL,
  PRIMARY KEY (ORG_STRUCTURE_ID),
  CONSTRAINT FK_SUPR_USER FOREIGN KEY (SUPERVISOR_ID) REFERENCES USERS (USER_ID),
  CONSTRAINT FK_STAFF_USER FOREIGN KEY (STAFF_ID) REFERENCES USERS (USER_ID)
);

CREATE INDEX FK_SUPR_USER ON ORG_STRUCTURE(SUPERVISOR_ID);
CREATE INDEX FK_STAFF_USER ON ORG_STRUCTURE(STAFF_ID);


CREATE TABLE USER_AFFILIATION (
  USER_AFFILIATION_ID NVARCHAR(32) NOT NULL,
  COMPANY_ID NVARCHAR(32) NOT NULL,
  USER_ID NVARCHAR(32) NOT NULL,
  STATUS NVARCHAR(20) NULL,
  CREATE_DATE DATETIME NULL,
  START_DATE DATETIME NULL,
  END_DATE DATETIME NULL,
  CREATED_BY NVARCHAR(32) NULL,
  PRIMARY KEY (USER_AFFILIATION_ID),
  CONSTRAINT FK_USR_ORG_AFFL FOREIGN KEY (COMPANY_ID) REFERENCES COMPANY (COMPANY_ID),
  CONSTRAINT FK_USR_USER_AFFIL FOREIGN KEY (USER_ID) REFERENCES USERS (USER_ID)
);


CREATE INDEX FK_USR_ORG_AFFL ON USER_AFFILIATION(COMPANY_ID);
CREATE INDEX FK_USR_USER_AFFIL ON USER_AFFILIATION(USER_ID);


CREATE TABLE PROV_REQUEST (
  REQUEST_ID NVARCHAR(32) NOT NULL,
  REQUESTOR_ID NVARCHAR(100) NULL,
  REQUEST_DATE DATETIME NULL,
  STATUS NVARCHAR(20) NULL,
  STATUS_DATE DATETIME NULL,
  REQUEST_REASON NVARCHAR(500) NULL,
  REQUEST_TYPE NVARCHAR(20) NULL,
  CHANGE_ACCESS_BY NVARCHAR(32) NULL,
  REQUEST_XML NVARCHAR(MAX),
  NEW_ROLE_ID NVARCHAR(32) NULL,
  NEW_SERVICE_ID NVARCHAR(20) NULL,
  MANAGED_RESOURCE_ID NVARCHAR(32) NULL,
  REQUEST_FOR_ORG_ID NVARCHAR(32) NULL,
  PRIMARY KEY (REQUEST_ID)
);
CREATE TABLE REQUEST_ATTACHMENT (
  REQUEST_ATTACHMENT_ID NVARCHAR(32) NOT NULL,
  NAME NVARCHAR(20) NULL,
  ATTACHMENT NVARCHAR(20) NULL,
  USER_ID NVARCHAR(32) NULL,
  ATTACHMENT_DATE DATETIME NULL,
  REQUEST_ID NVARCHAR(32) NOT NULL,
  PRIMARY KEY (REQUEST_ATTACHMENT_ID),
  CONSTRAINT RefPROV_REQUEST1001 FOREIGN KEY (REQUEST_ID) REFERENCES PROV_REQUEST (REQUEST_ID)
);

CREATE INDEX RefPROV_REQUEST1001 ON REQUEST_ATTACHMENT(REQUEST_ID);

CREATE TABLE REQUEST_ATTRIBUTE (
  REQUEST_ATTR_ID NVARCHAR(32) NOT NULL,
  NAME NVARCHAR(40) NULL,
  VALUE NVARCHAR(255) NULL,
  METADATA_ID NVARCHAR(32) NULL,
  ATTR_GROUP NVARCHAR(20) NULL,
  REQUEST_ID NVARCHAR(32) NULL,
  PRIMARY KEY (REQUEST_ATTR_ID),
  CONSTRAINT RefPROV_REQUEST1011 FOREIGN KEY (REQUEST_ID) REFERENCES PROV_REQUEST (REQUEST_ID)
);

CREATE INDEX REQUEST_ATTRIBUTE_PROV_REQUEST ON REQUEST_ATTRIBUTE(REQUEST_ID);


CREATE TABLE REQUEST_USER (
  REQ_USER_ID NVARCHAR(32) NOT NULL,
  USER_ID NVARCHAR(32) NULL,
  FIRST_NAME NVARCHAR(20) NULL,
  LAST_NAME NVARCHAR(20) NULL,
  MIDDLE_INIT NVARCHAR(20) NULL,
  DEPT_CD NVARCHAR(20) NULL,
  DIVISION NVARCHAR(20) NULL,
  LOCATION_CD NVARCHAR(20) NULL,
  AFFILIATION NVARCHAR(20) NULL,
  REQUEST_ID NVARCHAR(32) NULL,
  PRIMARY KEY (REQ_USER_ID),
  CONSTRAINT RefPROV_REQUEST931 FOREIGN KEY (REQUEST_ID) REFERENCES PROV_REQUEST (REQUEST_ID)
);

CREATE INDEX REQUEST_USER_PROV_REQUEST ON REQUEST_USER(REQUEST_ID);


CREATE TABLE REQ_APPROVER (
  REQ_APPROVER_ID NVARCHAR(32) NOT NULL,
  APPROVER_ID NVARCHAR(32) NULL,
  APPROVER_TYPE NVARCHAR(20) NULL,
  APPROVER_LEVEL NUMERIC(4) NULL,
  REQUEST_ID NVARCHAR(32) NULL,
  ACTION_DATE DATETIME NULL,
  STATUS NVARCHAR(20) NULL,
  ACTION NVARCHAR(20) NULL,
  CMT NVARCHAR(1000) NULL,
  MANAGED_SYS_ID NVARCHAR(32) NULL,
  MNG_SYS_GROUP_ID NVARCHAR(32) NULL,
  ROLE_DOMAIN NVARCHAR(20) NULL,
  PRIMARY KEY (REQ_APPROVER_ID)
);



CREATE TABLE MNG_SYS_GROUP (
  MNG_SYS_GROUP_ID NVARCHAR(32) NOT NULL,
  MANAGED_SYS_ID NVARCHAR(32) NOT NULL,
  PRIMARY KEY (MANAGED_SYS_ID,MNG_SYS_GROUP_ID),
  CONSTRAINT Refmanaged_sys831 FOREIGN KEY (MANAGED_SYS_ID) REFERENCES MANAGED_SYS (MANAGED_SYS_ID)
);

CREATE TABLE MNG_SYS_LIST (
  MANAGED_SYS_ID NVARCHAR(32) NOT NULL,
  REQUEST_ID NVARCHAR(32) NOT NULL,
  PRIMARY KEY (MANAGED_SYS_ID,REQUEST_ID),
  CONSTRAINT Refmanaged_sys941 FOREIGN KEY (MANAGED_SYS_ID) REFERENCES MANAGED_SYS (MANAGED_SYS_ID),
  CONSTRAINT RefPROV_REQUEST951 FOREIGN KEY (REQUEST_ID) REFERENCES PROV_REQUEST (REQUEST_ID)
);

CREATE INDEX RefPROV_REQUEST951 ON MNG_SYS_LIST(REQUEST_ID);


CREATE TABLE MNG_SYS_OBJECT_MATCH (
  OBJECT_SEARCH_ID NVARCHAR(32) NOT NULL,
  MANAGED_SYS_ID NVARCHAR(32) NOT NULL,
  OBJECT_TYPE NVARCHAR(20) DEFAULT 'USER',
  MATCH_METHOD NVARCHAR(20) DEFAULT 'BASE_DN',
  BASE_DN NVARCHAR(200) NULL,
  SEARCH_BASE_DN NVARCHAR(200) NULL,
  SEARCH_FILTER NVARCHAR(1000) NULL,
  KEY_FIELD NVARCHAR(40) NULL,
  PRIMARY KEY (OBJECT_SEARCH_ID),
  CONSTRAINT FK_MNG_SYS_OBJ_MATC FOREIGN KEY (MANAGED_SYS_ID) REFERENCES MANAGED_SYS (MANAGED_SYS_ID)
);

CREATE INDEX FK_MNG_SYS_OBJ_MATC ON MNG_SYS_OBJECT_MATCH(MANAGED_SYS_ID);


CREATE TABLE MANAGED_SYS_ATTRIBUTE (
  MNG_SYS_ATTR_ID NVARCHAR(32) NOT NULL,
  NAME NVARCHAR(60) NULL,
  VALUE1 NVARCHAR(255) NULL,
  VALUE2 NVARCHAR(255) NULL,
  MANAGED_SYS_ID NVARCHAR(32) NULL,
  PRIMARY KEY (MNG_SYS_ATTR_ID),
  CONSTRAINT FK_MNG_MNG_ATTR FOREIGN KEY (MANAGED_SYS_ID) REFERENCES MANAGED_SYS (MANAGED_SYS_ID)
);
CREATE INDEX FK_MNG_MNG_ATTR ON MANAGED_SYS_ATTRIBUTE(MANAGED_SYS_ID);


CREATE TABLE IDENTITY_QUEST_GRP (
  IDENTITY_QUEST_GRP_ID NVARCHAR(32) NOT NULL,
  NAME NVARCHAR(60) NULL,
  STATUS NVARCHAR(20) NULL,
  COMPANY_OWNER_ID NVARCHAR(32) NULL,
  CREATE_DATE DATETIME NULL,
  CREATED_BY NVARCHAR(20) NULL,
  LAST_UPDATE DATETIME NULL,
  LAST_UPDATED_BY NVARCHAR(20) NULL,
  PRIMARY KEY (IDENTITY_QUEST_GRP_ID)
);

CREATE TABLE IDENTITY_QUESTION (
  IDENTITY_QUESTION_ID NVARCHAR(32) NOT NULL,
  IDENTITY_QUEST_GRP_ID NVARCHAR(32) NULL,
  QUESTION_TEXT NVARCHAR(255) NULL,
  ACTIVE char(1) DEFAULT ('Y'),
  PRIMARY KEY (IDENTITY_QUESTION_ID),
  CONSTRAINT ID_QU_IDEN_QUEST_GRP_FK FOREIGN KEY (IDENTITY_QUEST_GRP_ID) REFERENCES IDENTITY_QUEST_GRP (IDENTITY_QUEST_GRP_ID)
);

CREATE INDEX ID_QU_IDEN_QUEST_GRP_FK ON IDENTITY_QUESTION(IDENTITY_QUEST_GRP_ID);

CREATE TABLE USER_IDENTITY_ANS (
  IDENTITY_ANS_ID NVARCHAR(32) NOT NULL,
  IDENTITY_QUESTION_ID NVARCHAR(32) NOT NULL,
  USER_ID NVARCHAR(32) NULL,
  QUESTION_ANSWER NVARCHAR(255) NULL,
  PRIMARY KEY (IDENTITY_ANS_ID),
  CONSTRAINT FK_ID_AND_QUEST_FK FOREIGN KEY (IDENTITY_QUESTION_ID) REFERENCES IDENTITY_QUESTION (IDENTITY_QUESTION_ID),
  CONSTRAINT FK_USER_IDENTITY_ANS_USERS FOREIGN KEY (USER_ID) REFERENCES USERS (USER_ID)
);
CREATE INDEX FK_USER_IDENTITY_ANS_USERS ON USER_IDENTITY_ANS(USER_ID);
CREATE INDEX FK_ID_AND_QUEST_FK ON USER_IDENTITY_ANS(IDENTITY_QUESTION_ID);



CREATE TABLE CONTENT_PROVIDER (
  CONTENT_PROVIDER_ID NVARCHAR(32) NOT NULL,
  CONTENT_PROVIDER_NAME NVARCHAR(100) NOT NULL,
  IS_PUBLIC char(1) DEFAULT ('N') NOT NULL ,
  MIN_AUTH_LEVEL NVARCHAR(32) NOT NULL,
  DOMAIN_PATTERN NVARCHAR(100) NOT NULL,
  IS_SSL char(1) NULL,
  RESOURCE_ID NVARCHAR(32) NOT NULL,
  PRIMARY KEY (CONTENT_PROVIDER_ID),
  CONSTRAINT CP_AUTH_LEVEL_FK FOREIGN KEY (MIN_AUTH_LEVEL) REFERENCES AUTH_LEVEL (AUTH_LEVEL_ID),
  CONSTRAINT CP_RES_FK FOREIGN KEY (RESOURCE_ID) REFERENCES RES (RESOURCE_ID)
);

CREATE UNIQUE INDEX UNIQUE_CP_NAME ON CONTENT_PROVIDER(CONTENT_PROVIDER_NAME);
CREATE UNIQUE INDEX UNIQUE_CP_PATTERN ON CONTENT_PROVIDER(DOMAIN_PATTERN,IS_SSL);
CREATE INDEX CP_AUTH_LEVEL_FK ON CONTENT_PROVIDER(MIN_AUTH_LEVEL);
CREATE INDEX CP_RES_FK ON CONTENT_PROVIDER(RESOURCE_ID);

CREATE TABLE CONTENT_PROVIDER_SERVER (
  CONTENT_PROVIDER_SERVER_ID NVARCHAR(32) NOT NULL,
  CONTENT_PROVIDER_ID NVARCHAR(32) NOT NULL,
  SERVER_URL NVARCHAR(100) NOT NULL,
  PRIMARY KEY (CONTENT_PROVIDER_SERVER_ID),
  CONSTRAINT CP_SERVER_CP_FK FOREIGN KEY (CONTENT_PROVIDER_ID) REFERENCES CONTENT_PROVIDER (CONTENT_PROVIDER_ID)
);

CREATE UNIQUE INDEX UNIQUE_CP_SERVER ON CONTENT_PROVIDER_SERVER(CONTENT_PROVIDER_ID,SERVER_URL);

CREATE TABLE PAGE_TEMPLATE_XREF (
  TEMPLATE_ID NVARCHAR(32) NOT NULL,
  METADATA_ELEMENT_ID NVARCHAR(32) NOT NULL,
  DISPLAY_ORDER NUMERIC(4) NOT NULL,
  PRIMARY KEY (TEMPLATE_ID,METADATA_ELEMENT_ID),
  CONSTRAINT META_PG_TEMPLATE_FK FOREIGN KEY (TEMPLATE_ID) REFERENCES METADATA_ELEMENT_PAGE_TEMPLATE (ID),
  CONSTRAINT MD_ELMT_TEMPLATE_FK FOREIGN KEY (METADATA_ELEMENT_ID) REFERENCES METADATA_ELEMENT (METADATA_ID)
);




CREATE TABLE URI_PATTERN (
  URI_PATTERN_ID NVARCHAR(32) NOT NULL,
  CONTENT_PROVIDER_ID NVARCHAR(32) NOT NULL,
  MIN_AUTH_LEVEL NVARCHAR(32) NOT NULL,
  PATTERN NVARCHAR(100) NOT NULL,
  IS_PUBLIC char(1) DEFAULT ('N')  NOT NULL ,
  RESOURCE_ID NVARCHAR(32) NOT NULL,
  PRIMARY KEY (URI_PATTERN_ID),
  CONSTRAINT URI_PATTERN_AUTH_LEVEL_FK FOREIGN KEY (MIN_AUTH_LEVEL) REFERENCES AUTH_LEVEL (AUTH_LEVEL_ID),
  CONSTRAINT URI_PATTERN_RES_FK FOREIGN KEY (RESOURCE_ID) REFERENCES RES (RESOURCE_ID),
  CONSTRAINT URI_PATTERN_CP_FK FOREIGN KEY (CONTENT_PROVIDER_ID) REFERENCES CONTENT_PROVIDER (CONTENT_PROVIDER_ID)
);

CREATE UNIQUE INDEX URI_PATTERN_UNIQUE ON URI_PATTERN(CONTENT_PROVIDER_ID,PATTERN);
CREATE INDEX URI_PATTERN_AUTH_LEVEL_FK ON URI_PATTERN(MIN_AUTH_LEVEL);
CREATE INDEX URI_PATTERN_RES_FK ON URI_PATTERN(RESOURCE_ID);



CREATE TABLE METADATA_URI_XREF (
  TEMPLATE_ID NVARCHAR(32) NOT NULL,
  URI_PATTERN_ID NVARCHAR(32) NOT NULL,
  CONSTRAINT TEMPLETE_PATTERN_XREF_FK FOREIGN KEY (TEMPLATE_ID) REFERENCES METADATA_ELEMENT_PAGE_TEMPLATE (ID),
  CONSTRAINT TEMPLATE_PATRN_XREF_PATRN_FK FOREIGN KEY (URI_PATTERN_ID) REFERENCES URI_PATTERN (URI_PATTERN_ID)
);
CREATE INDEX TEMPLATE_PATRN_XREF_PATRN_FK ON METADATA_URI_XREF(URI_PATTERN_ID);
CREATE INDEX TEMPLETE_PATTERN_XREF_FK ON METADATA_URI_XREF(TEMPLATE_ID);



CREATE TABLE MD_ELEMENT_VALID_VALUES (
  ID NVARCHAR(32) NOT NULL,
  METADATA_ELEMENT_ID NVARCHAR(32) NOT NULL,
  UI_VALUE NVARCHAR(200) NOT NULL,
  DISPLAY_ORDER NUMERIC(4) NOT NULL,
  PRIMARY KEY (ID),
  CONSTRAINT VALID_VALUES_ELEMENT_FK FOREIGN KEY (METADATA_ELEMENT_ID) REFERENCES METADATA_ELEMENT (METADATA_ID)
);
CREATE INDEX VALID_VALUES_ELEMENT_FK ON MD_ELEMENT_VALID_VALUES(METADATA_ELEMENT_ID);


CREATE TABLE URI_PATTERN_META_TYPE (
  URI_PATTERN_META_TYPE_ID NVARCHAR(32) NOT NULL,
  METADATA_TYPE_NAME NVARCHAR(100) NOT NULL,
  SPRING_BEAN_NAME NVARCHAR(100) NOT NULL,
  PRIMARY KEY (URI_PATTERN_META_TYPE_ID)
);

CREATE UNIQUE INDEX META_SPRING_BEAN_UNIQUE ON URI_PATTERN_META_TYPE(SPRING_BEAN_NAME);
CREATE UNIQUE INDEX URI_META_TYPE_NAME_UNIQUE ON URI_PATTERN_META_TYPE(METADATA_TYPE_NAME);


CREATE TABLE URI_PATTERN_META (
  URI_PATTERN_META_ID NVARCHAR(32) NOT NULL,
  URI_PATTERN_ID NVARCHAR(32) NOT NULL,
  URI_PATTERN_META_TYPE_ID NVARCHAR(32) NOT NULL,
  URI_PATTERN_NAME NVARCHAR(100) NOT NULL,
  PRIMARY KEY (URI_PATTERN_META_ID),
  CONSTRAINT URI_PATTERN_META_META_TYPE_FK FOREIGN KEY (URI_PATTERN_META_TYPE_ID) REFERENCES URI_PATTERN_META_TYPE (URI_PATTERN_META_TYPE_ID),
  CONSTRAINT URI_PATTERN_META_URI_PATRN_FK FOREIGN KEY (URI_PATTERN_ID) REFERENCES URI_PATTERN (URI_PATTERN_ID)
);

CREATE INDEX URI_PATTERN_META_URI_PATRN_FK ON URI_PATTERN_META(URI_PATTERN_ID);
CREATE INDEX URI_PATTERN_META_META_TYPE_FK ON URI_PATTERN_META(URI_PATTERN_META_TYPE_ID);

CREATE TABLE URI_PATTERN_META_VALUE (
  URI_PATTERN_META_VALUE_ID NVARCHAR(32) NOT NULL,
  URI_PATTERN_META_ID NVARCHAR(32) NOT NULL,
  META_ATTRIBUTE_NAME NVARCHAR(100) NOT NULL,
  AM_ATTRIBUTE_ID NVARCHAR(32) NULL,
  STATIC_VALUE NVARCHAR(100) NULL,
  PRIMARY KEY (URI_PATTERN_META_VALUE_ID),
  CONSTRAINT URI_PATTERN_META_VALUE_AM_FK FOREIGN KEY (AM_ATTRIBUTE_ID) REFERENCES AUTH_RESOURCE_AM_ATTRIBUTE (AM_ATTRIBUTE_ID),
  CONSTRAINT URI_PATTERN_META_VALUE_META_FK FOREIGN KEY (URI_PATTERN_META_ID) REFERENCES URI_PATTERN_META (URI_PATTERN_META_ID)
);

CREATE INDEX URI_PATTERN_META_VALUE_AM_FK ON URI_PATTERN_META_VALUE(AM_ATTRIBUTE_ID);
CREATE INDEX URI_PATTERN_META_VALUE_META_FK ON URI_PATTERN_META_VALUE(URI_PATTERN_META_ID);



CREATE TABLE NOTIFICATION_CONFIG (
  NOTIFICATION_CONFIG_ID NVARCHAR(32) NOT NULL,
  NAME NVARCHAR(40) NULL,
  SELECTION_PARAM_XML NVARCHAR(max),
  MSG_SUBJECT NVARCHAR(100) NULL,
  MSG_TEMPLATE_URL NVARCHAR(100) NULL,
  MSG_FROM NVARCHAR(100) NULL,
  MSG_BCC NVARCHAR(100) NULL,
  PRIMARY KEY (NOTIFICATION_CONFIG_ID)
);

CREATE TABLE ORG_POLICY (
  ORG_POLICY_ID NVARCHAR(32) NOT NULL,
  NAME NVARCHAR(40) NULL,
  TARGET_AUDIENCE_TYPE NVARCHAR(20) NULL,
  TARGET_AUDIENCE NVARCHAR(255) NULL,
  START_DATE DATETIME NULL,
  END_DATE DATETIME NULL,
  POLICY_TEXT NVARCHAR(max),
  PRIMARY KEY (ORG_POLICY_ID)
);


CREATE TABLE ORG_POLICY_USER_LOG (
  ORG_POLICY_LOG_ID NVARCHAR(32) NOT NULL,
  ORG_POLICY_ID NVARCHAR(32) NOT NULL,
  USER_ID NVARCHAR(32) NOT NULL,
  TIME_STAMP DATETIME NOT NULL,
  RESPONSE NVARCHAR(255) NULL,
  PRIMARY KEY (ORG_POLICY_LOG_ID)
);



CREATE TABLE POLICY_DEF (
  POLICY_DEF_ID NVARCHAR(32) NOT NULL,
  NAME NVARCHAR(60) NULL,
  DESCRIPTION NVARCHAR(255) NULL,
  POLICY_TYPE NVARCHAR(20) NULL,
  LOCATION_TYPE NVARCHAR(20) NULL,
  POLICY_RULE NVARCHAR(500) NULL,
  POLICY_HANDLER NVARCHAR(255) NULL,
  POLICY_ADVISE_HANDLER NVARCHAR(255) NULL,
  PRIMARY KEY (POLICY_DEF_ID)
);

CREATE TABLE POLICY_DEF_PARAM (
  DEF_PARAM_ID NVARCHAR(32) NOT NULL,
  POLICY_DEF_ID NVARCHAR(32) NULL,
  NAME NVARCHAR(60) NULL,
  DESCRIPTION NVARCHAR(255) NULL,
  OPERATION NVARCHAR(20) NULL,
  VALUE1 NVARCHAR(255) NULL,
  VALUE2 NVARCHAR(255) NULL,
  REPEATS NUMERIC(4) NULL,
  PARAM_GROUP NVARCHAR(20) NULL,
  HANDLER_LANGUAGE NVARCHAR(20) NULL,
  POLICY_PARAM_HANDLER NVARCHAR(255) NULL,
  PRIMARY KEY (DEF_PARAM_ID),
  CONSTRAINT FK_POLICY_DEF_PARAM_POLICY_DEF FOREIGN KEY (POLICY_DEF_ID) REFERENCES POLICY_DEF (POLICY_DEF_ID)
);

CREATE INDEX FK_POLICY_DEF_PARAM_POLICY_DEF ON POLICY_DEF_PARAM(POLICY_DEF_ID);


CREATE TABLE POLICY (
  POLICY_ID NVARCHAR(32) NOT NULL,
  POLICY_DEF_ID NVARCHAR(32) NULL,
  NAME NVARCHAR(60) NULL,
  DESCRIPTION NVARCHAR(255) NULL,
  STATUS NUMERIC(4) NULL,
  CREATE_DATE DATETIME NULL,
  CREATED_BY NVARCHAR(20) NULL,
  LAST_UPDATE DATETIME NULL,
  LAST_UPDATED_BY NVARCHAR(20) NULL,
  RULE_SRC_URL NVARCHAR(80) NULL,
  RULE_TEXT NVARCHAR(max),
  ENABLEMENT NUMERIC(4) DEFAULT (1),
  PRIMARY KEY (POLICY_ID)
);

CREATE INDEX FK_POLICY_POLICY_DEF ON POLICY(POLICY_DEF_ID);


CREATE TABLE POLICY_ATTRIBUTE (
  POLICY_ATTR_ID NVARCHAR(32) NOT NULL,
  DEF_PARAM_ID NVARCHAR(32) NULL,
  POLICY_ID NVARCHAR(32) NULL,
  NAME NVARCHAR(60) NULL,
  OPERATION NVARCHAR(20) NULL,
  VALUE1 NVARCHAR(255) NULL,
  VALUE2 NVARCHAR(255) NULL,
  RULE_TEXT NVARCHAR(max),
  PRIMARY KEY (POLICY_ATTR_ID),
  CONSTRAINT POLI_ATTR_POL_DEF_PARAM FOREIGN KEY (DEF_PARAM_ID) REFERENCES POLICY_DEF_PARAM (DEF_PARAM_ID),
  CONSTRAINT FK_POLICY_ATTRIBUTE_POLICY FOREIGN KEY (POLICY_ID) REFERENCES POLICY (POLICY_ID)
);

CREATE INDEX FK_POLICY_ATTRIBUTE_POLICY ON POLICY_ATTRIBUTE(POLICY_ID);
CREATE INDEX POLI_ATTR_POL_DEF_PARAM ON POLICY_ATTRIBUTE(DEF_PARAM_ID);


CREATE TABLE POLICY_OBJECT_ASSOC (
  POLICY_OBJECT_ID NVARCHAR(32) NOT NULL,
  POLICY_ID NVARCHAR(32) NULL,
  ASSOCIATION_LEVEL NVARCHAR(20) NULL,
  ASSOCIATION_VALUE NVARCHAR(255) NULL,
  OBJECT_TYPE NVARCHAR(100) NULL,
  OBJECT_ID NVARCHAR(32) NULL,
  PARENT_ASSOC_ID NVARCHAR(32) NULL,
  PRIMARY KEY (POLICY_OBJECT_ID)
);





CREATE TABLE RECONCILIATION_CONFIG (
  RECON_CONFIG_ID NVARCHAR(32) NOT NULL,
  RESOURCE_ID NVARCHAR(32) NULL,
  FREQUENCY NVARCHAR(20) NULL,
  STATUS NVARCHAR(20) DEFAULT 'ACTIVE',
  PRIMARY KEY (RECON_CONFIG_ID)
);

CREATE TABLE RECONCILIATION_SITUATION (
  RECON_SITUATION_ID NVARCHAR(32) NOT NULL,
  RECON_CONFIG_ID NVARCHAR(32) NULL,
  SITUATION NVARCHAR(40) NULL,
  SITUATION_RESP NVARCHAR(40) NULL,
  SCRIPT NVARCHAR(80) NULL,
  PRIMARY KEY (RECON_SITUATION_ID),
  CONSTRAINT RECON_SITUATION FOREIGN KEY (RECON_CONFIG_ID) REFERENCES RECONCILIATION_CONFIG (RECON_CONFIG_ID)
);


CREATE INDEX RECON_SITUATION ON RECONCILIATION_SITUATION(RECON_CONFIG_ID);


CREATE TABLE REPORT_INFO (
  REPORT_INFO_ID NVARCHAR(32) NOT NULL,
  REPORT_NAME NVARCHAR(64) NOT NULL,
  DATASOURCE_FILE_PATH NVARCHAR(255) NOT NULL,
  REPORT_FILE_PATH NVARCHAR(255) NULL,
  PRIMARY KEY (REPORT_INFO_ID)
);

CREATE UNIQUE INDEX REPORT_NAME ON REPORT_INFO(REPORT_NAME);


CREATE TABLE RESOURCE_ROLE (
  RESOURCE_ID NVARCHAR(32) NOT NULL,
  START_DATE DATETIME NULL,
  END_DATE DATETIME NULL,
  ROLE_ID NVARCHAR(32) NOT NULL,
  PRIMARY KEY (RESOURCE_ID,ROLE_ID),
  CONSTRAINT FK_RESOURCE_ROLE_RESOURCE FOREIGN KEY (RESOURCE_ID) REFERENCES RES (RESOURCE_ID),
  CONSTRAINT FK_RESOURCE_ROLE_ROLE FOREIGN KEY (ROLE_ID) REFERENCES ROLE (ROLE_ID)
);

CREATE TABLE RESOURCE_USER (
  RESOURCE_USER_ID NVARCHAR(32) NOT NULL,
  RESOURCE_ID NVARCHAR(32) NOT NULL,
  USER_ID NVARCHAR(32) NOT NULL,
  PRIVILEGE_LIST NVARCHAR(100) NULL,
  OP_AGAINST_ROLE NUMERIC(4) NULL,
  STATUS NVARCHAR(20) NULL,
  START_DATE DATETIME NULL,
  END_DATE DATETIME NULL,
  PRIMARY KEY (RESOURCE_USER_ID),
  CONSTRAINT FK_RESOURCE_USER_USERS FOREIGN KEY (USER_ID) REFERENCES USERS (USER_ID),
  CONSTRAINT RESOURCE_USER_ibfk_1 FOREIGN KEY (RESOURCE_ID) REFERENCES RES (RESOURCE_ID)
);

CREATE UNIQUE INDEX FK_RESOURCE_USER_USERS ON RESOURCE_USER(USER_ID);
CREATE UNIQUE INDEX RESOURCE_ID_UNIQUE ON RESOURCE_USER(RESOURCE_ID);

CREATE TABLE SYNCH_CONFIG (
  SYNCH_CONFIG_ID NVARCHAR(32) NOT NULL,
  NAME NVARCHAR(60) NULL,
  STATUS NVARCHAR(20) NULL,
  SYNCH_SRC NVARCHAR(20) NULL,
  FILE_NAME NVARCHAR(80) NULL,
  SRC_LOGIN_ID NVARCHAR(100) NULL,
  SRC_PASSWORD NVARCHAR(100) NULL,
  SRC_HOST NVARCHAR(100) NULL,
  DRIVER NVARCHAR(100) NULL,
  CONNECTION_URL NVARCHAR(100) NULL,
  QUERY NVARCHAR(1000) NULL,
  QUERY_TIME_FIELD NVARCHAR(50) NULL,
  BASE_DN NVARCHAR(50) NULL,
  LAST_EXEC_TIME DATETIME NULL,
  LAST_REC_PROCESSED NVARCHAR(32) NULL,
  MANAGED_SYS_ID NVARCHAR(32) NULL,
  LOAD_MATCH_ONLY NUMERIC(4) DEFAULT (0),
  UPDATE_ATTRIBUTE NUMERIC(4) DEFAULT (1),
  SYNCH_FREQUENCY NVARCHAR(20) NULL,
  SYNCH_TYPE NVARCHAR(20) NULL,
  DELETE_RULE NVARCHAR(80) NULL,
  PROCESS_RULE NVARCHAR(80) NULL,
  VALIDATION_RULE NVARCHAR(80) NULL,
  TRANSFORMATION_RULE NVARCHAR(80) NULL,
  MATCH_FIELD_NAME NVARCHAR(40) NULL,
  MATCH_MANAGED_SYS_ID NVARCHAR(32) NULL,
  MATCH_SRC_FIELD_NAME NVARCHAR(40) NULL,
  CUSTOM_MATCH_RULE NVARCHAR(100) NULL,
  CUSTOM_ADAPTER_SCRIPT NVARCHAR(100) NULL,
  CUSTOM_MATCH_ATTR NVARCHAR(40) NULL,
  WS_URL NVARCHAR(100) NULL,
  WS_SCRIPT NVARCHAR(100) NULL,
  PRIMARY KEY (SYNCH_CONFIG_ID)
);

CREATE TABLE SYNCH_CONFIG_DATA_MAPPING (
  MAPPING_ID NVARCHAR(32) NOT NULL,
  SYNCH_CONFIG_ID NVARCHAR(32) NULL,
  IDM_FIELD_NAME NVARCHAR(40) NULL,
  SRC_FIELD_NAME NVARCHAR(40) NULL,
  MULTIVALUED NUMERIC(4) NULL,
  PRIMARY KEY (MAPPING_ID),
  CONSTRAINT SYNCH_DATA_MAP FOREIGN KEY (SYNCH_CONFIG_ID) REFERENCES SYNCH_CONFIG (SYNCH_CONFIG_ID)
);

CREATE UNIQUE INDEX SYNCH_DATA_MAP ON SYNCH_CONFIG_DATA_MAPPING(SYNCH_CONFIG_ID);

CREATE TABLE RELATION_SET (
  RELATION_SET_ID NVARCHAR(20) NOT NULL,
  DESCRIPTION NVARCHAR(80) NULL,
  PRIMARY KEY (RELATION_SET_ID)
);

CREATE TABLE RELATION_TYPE (
  RELATION_TYPE_ID NVARCHAR(20) NOT NULL,
  DESCRIPTION NVARCHAR(80) NOT NULL,
  PRIMARY KEY (RELATION_TYPE_ID)
);

CREATE TABLE RELATIONSHIP (
  RELATIONSHIP_ID NVARCHAR(20) NOT NULL,
  RELATION_SET_ID NVARCHAR(20) NULL,
  ITEM_OBJ NVARCHAR(20) NULL,
  ITEM_ID NVARCHAR(20) NULL,
  RANK NUMERIC(4) NULL,
  ACTIVE NUMERIC(1) NULL,
  PRIMARY KEY (RELATIONSHIP_ID),
  CONSTRAINT FK_RELATIONSHIP_RELATION_SET FOREIGN KEY (RELATION_SET_ID) REFERENCES RELATION_SET (RELATION_SET_ID)
);

CREATE INDEX FK_RELATIONSHIP_RELATION_SET ON RELATIONSHIP(RELATION_SET_ID);


CREATE TABLE RELATION_SOURCE (
  RELATION_TYPE_ID NVARCHAR(20) NOT NULL,
  SOURCE_OBJ NVARCHAR(20) NOT NULL,
  SOURCE_ID NVARCHAR(20) NOT NULL,
  RELATION_SET_ID NVARCHAR(20) NULL,
  PRIMARY KEY (RELATION_TYPE_ID,SOURCE_OBJ,SOURCE_ID),
  CONSTRAINT FK_RELAT_SOURCE_RELATION_SET FOREIGN KEY (RELATION_SET_ID) REFERENCES RELATION_SET (RELATION_SET_ID),
  CONSTRAINT FK_RELAT_SOURCE_RELATION_TYPE FOREIGN KEY (RELATION_TYPE_ID) REFERENCES RELATION_TYPE (RELATION_TYPE_ID)
);

CREATE INDEX FK_RELAT_SOURCE_RELATION_SET ON RELATION_SOURCE(RELATION_SET_ID);

CREATE TABLE RELATION_CATEGORY (
  RELATION_SET_ID NVARCHAR(20) NOT NULL,
  CATEGORY_ID NVARCHAR(32) NOT NULL,
  PRIMARY KEY (RELATION_SET_ID,CATEGORY_ID),
  CONSTRAINT REL_CAT_REL_SET_FK FOREIGN KEY (RELATION_SET_ID) REFERENCES RELATION_SET (RELATION_SET_ID),
  CONSTRAINT FK_RELATION_CATEGORY_CATEGORY FOREIGN KEY (CATEGORY_ID) REFERENCES CATEGORY (CATEGORY_ID)
);

CREATE INDEX FK_RELATION_CATEGORY_CATEGORY ON RELATION_CATEGORY(CATEGORY_ID);


CREATE TABLE RESOURCE_POLICY (
  RESOURCE_POLICY_ID NVARCHAR(32) NOT NULL,
  RESOURCE_ID NVARCHAR(32) NULL,
  POLICY_START DATETIME NULL,
  POLICY_END DATETIME NULL,
  APPLY_TO_CHILDREN NUMERIC(4) NULL,
  ROLE_ID NVARCHAR(32) NOT NULL,
  PRIMARY KEY (RESOURCE_POLICY_ID),
  CONSTRAINT FK_RESOURCE_POLICY_ROLE FOREIGN KEY (ROLE_ID) REFERENCES ROLE (ROLE_ID),
  CONSTRAINT RS_PL_RS_RSID FOREIGN KEY (RESOURCE_ID) REFERENCES RES (RESOURCE_ID)
);

CREATE INDEX RS_PL_RS_RSID ON RESOURCE_POLICY(RESOURCE_ID);
CREATE INDEX FK_RESOURCE_POLICY_ROLE ON RESOURCE_POLICY(ROLE_ID);

CREATE TABLE SEQUENCE_GEN (
  ATTRIBUTE NVARCHAR(32) NOT NULL,
  NEXT_ID NUMERIC(4) NULL,
  PRIMARY KEY (ATTRIBUTE)
);

CREATE TABLE SERVICE (
  SERVICE_ID NVARCHAR(20) NOT NULL,
  SERVICE_NAME NVARCHAR(40) NULL,
  STATUS NVARCHAR(20) NULL,
  LOCATION_IP_ADDRESS NVARCHAR(80) NULL,
  COMPANY_OWNER_ID NVARCHAR(20) NULL,
  START_DATE DATETIME NULL,
  END_DATE DATETIME NULL,
  LICENSE_KEY NVARCHAR(255) NULL,
  SERVICE_TYPE NVARCHAR(20) NULL,
  PARENT_SERVICE_ID NVARCHAR(20) NULL,
  ROOT_RESOURCE_ID NVARCHAR(20) NULL,
  ACCESS_CONTROL_MODEL NVARCHAR(20) NULL,
  PARAM1 NVARCHAR(20) NULL,
  PARAM2 NVARCHAR(20) NULL,
  PARAM3 NVARCHAR(20) NULL,
  PARAM4 NVARCHAR(20) NULL,
  PARAM5 NVARCHAR(20) NULL,
  PRIMARY KEY (SERVICE_ID)
);

CREATE TABLE SERVICE_CONFIG (
  SERVICE_CONFIG_ID NVARCHAR(20) NOT NULL,
  SERVICE_ID NVARCHAR(20) NULL,
  NAME NVARCHAR(40) NULL,
  VALUE NVARCHAR(40) NULL,
  PRIMARY KEY (SERVICE_CONFIG_ID),
  CONSTRAINT FK_SRV_SRV_CONF FOREIGN KEY (SERVICE_ID) REFERENCES SERVICE (SERVICE_ID)
);

CREATE INDEX FK_SRV_SRV_CONF ON SERVICE_CONFIG(SERVICE_ID);


CREATE TABLE STATUS (
  STATUS_CD NVARCHAR(40) NOT NULL,
  STATUS_TYPE NVARCHAR(20) NULL,
  DESCRIPTION NVARCHAR(80) NULL,
  CODE_GROUP NVARCHAR(40) NOT NULL,
  LANGUAGE_CD NVARCHAR(2) NOT NULL,
  COMPANY_OWNER_ID NVARCHAR(32) NOT NULL,
  SERVICE_ID NVARCHAR(20) NOT NULL,
  WEIGHT NUMERIC(4) NULL,
  PRIMARY KEY (CODE_GROUP,STATUS_CD,LANGUAGE_CD)
);
GO

CREATE TRIGGER role_role_mem_insert 
ON role_to_role_membership 
AFTER INSERT
	AS 
	BEGIN
		UPDATE role_to_role_membership
		SET CREATE_DATE = GETDATE(),
		UPDATE_DATE = GETDATE()
		FROM inserted, role_to_role_membership
		WHERE inserted.ROLE_ID = role_to_role_membership.ROLE_ID
	END;
GO

CREATE TRIGGER ON_USER_INSERT 
ON USERS 
AFTER INSERT
	AS
	BEGIN
	UPDATE USERS
		SET CREATE_DATE = GETDATE(),
		LAST_UPDATE = GETDATE()
		FROM inserted, USERS
		WHERE inserted.USER_ID = USERS.USER_ID
	END;
GO
		
CREATE TRIGGER ON_USER_UPDATE
ON USERS 
AFTER UPDATE
	AS
	BEGIN
	UPDATE USERS
		SET LAST_UPDATE = GETDATE()
		FROM inserted, USERS
		WHERE inserted.USER_ID = USERS.USER_ID
	END;
GO

CREATE TRIGGER ON_COMPANY_XREF_INSERT
ON COMPANY_TO_COMPANY_MEMBERSHIP
AFTER INSERT
	AS
	BEGIN
	UPDATE COMPANY_TO_COMPANY_MEMBERSHIP
		SET CREATE_DATE = GETDATE(),
		UPDATE_DATE = GETDATE()
		FROM inserted, COMPANY_TO_COMPANY_MEMBERSHIP
		WHERE inserted.COMPANY_ID = COMPANY_TO_COMPANY_MEMBERSHIP.COMPANY_ID
	END;
GO	

CREATE TRIGGER ON_LOGIN_INSERT 
ON LOGIN 
AFTER INSERT
	AS
	BEGIN
	UPDATE LOGIN
		SET CREATE_DATE = GETDATE(),
		LAST_UPDATE = GETDATE()
		FROM inserted, LOGIN
		WHERE inserted.LOGIN_ID = LOGIN.LOGIN_ID
	END;
GO
	
CREATE TRIGGER ON_LOGIN_UPDATE
ON LOGIN 
AFTER UPDATE
	AS
	BEGIN
	UPDATE LOGIN
		SET LAST_UPDATE = GETDATE()
		FROM inserted, LOGIN
		WHERE inserted.LOGIN_ID = LOGIN.LOGIN_ID
	END;
GO
	
CREATE TRIGGER ON_EMAIL_INSERT 
ON EMAIL_ADDRESS 
AFTER INSERT
	AS
	BEGIN
	UPDATE EMAIL_ADDRESS
		SET CREATE_DATE = GETDATE(),
		LAST_UPDATE = GETDATE()
		FROM inserted, EMAIL_ADDRESS
		WHERE inserted.EMAIL_ID = EMAIL_ADDRESS.EMAIL_ID
	END;
GO
	
CREATE TRIGGER ON_EMAIL_UPDATE
ON EMAIL_ADDRESS 
AFTER UPDATE
	AS
	BEGIN
	UPDATE EMAIL_ADDRESS
		SET LAST_UPDATE = GETDATE()
		FROM inserted, EMAIL_ADDRESS
		WHERE inserted.EMAIL_ID = EMAIL_ADDRESS.EMAIL_ID
	END;
GO
  
CREATE TRIGGER ON_PHONE_INSERT 
ON PHONE
AFTER INSERT
	AS
	BEGIN
	UPDATE PHONE
		SET CREATE_DATE = GETDATE(),
		LAST_UPDATE = GETDATE()
		FROM inserted, PHONE
		WHERE inserted.PHONE_ID = PHONE.PHONE_ID
	END;
GO
	
CREATE TRIGGER ON_PHONE_UPDATE
ON PHONE 
AFTER UPDATE
	AS
	BEGIN
	UPDATE PHONE
		SET LAST_UPDATE = GETDATE()
		FROM inserted, PHONE
		WHERE inserted.PHONE_ID = PHONE.PHONE_ID
	END;
GO
	
CREATE TRIGGER ON_ADDRESS_INSERT 
ON ADDRESS 
AFTER INSERT
	AS
	BEGIN
	UPDATE ADDRESS
		SET CREATE_DATE = GETDATE(),
		LAST_UPDATE = GETDATE()
		FROM inserted, ADDRESS
		WHERE inserted.ADDRESS_ID = ADDRESS.ADDRESS_ID
	END;
GO
	
CREATE TRIGGER ON_ADDRESS_UPDATE
ON ADDRESS
AFTER UPDATE
	AS
	BEGIN
	UPDATE ADDRESS
		SET LAST_UPDATE = GETDATE()
		FROM inserted, ADDRESS
		WHERE inserted.ADDRESS_ID = ADDRESS.ADDRESS_ID
	END;
GO
	
CREATE TRIGGER res_res_mem_insert
ON res_to_res_membership
AFTER INSERT
	AS
	BEGIN
	UPDATE res_to_res_membership
		SET CREATE_DATE = GETDATE(),
		UPDATE_DATE = GETDATE()
		FROM inserted, res_to_res_membership
		WHERE inserted.RESOURCE_ID = res_to_res_membership.RESOURCE_ID
	END;
GO

CREATE TRIGGER grp_grp_mem_insert 
ON grp_to_grp_membership  
AFTER INSERT
	AS
	BEGIN
	UPDATE grp_to_grp_membership
		SET CREATE_DATE = GETDATE(),
		UPDATE_DATE = GETDATE()
		FROM inserted, grp_to_grp_membership
		WHERE inserted.GROUP_ID = grp_to_grp_membership.GROUP_ID
	END;
GO


IF  EXISTS (SELECT name FROM master.dbo.sysdatabases WHERE name = N'activiti')
DROP DATABASE activiti

CREATE database activiti;
GO

USE activiti;

CREATE USER idmuser FOR LOGIN idmuser;

create table ACT_GE_PROPERTY (
    NAME_ NVARCHAR(64),
    VALUE_ NVARCHAR(300),
    REV_ INTEGER,
    primary key (NAME_)
);

insert into ACT_GE_PROPERTY
values ('historyLevel', '2', 1);

insert into ACT_GE_PROPERTY
values ('schema.version', '5.10', 1);

insert into ACT_GE_PROPERTY
values ('schema.history', 'create(5.10)', 1);

insert into ACT_GE_PROPERTY
values ('next.dbid', '1', 1);

create table ACT_GE_BYTEARRAY (
    ID_ NVARCHAR(64),
    REV_ INTEGER,
    NAME_ NVARCHAR(255),
    DEPLOYMENT_ID_ NVARCHAR(64),
    BYTES_ VARBINARY(MAX),
    GENERATED_ NUMERIC(1,0) CHECK (GENERATED_ IN (1,0)),
    primary key (ID_)
);

create table ACT_RE_DEPLOYMENT (
    ID_ NVARCHAR(64),
    NAME_ NVARCHAR(255),
    DEPLOY_TIME_ DATETIME DEFAULT GETDATE(),
    primary key (ID_)
);

create table ACT_RU_EXECUTION (
    ID_ NVARCHAR(64),
    REV_ INTEGER,
    PROC_INST_ID_ NVARCHAR(64),
    BUSINESS_KEY_ NVARCHAR(255),
    PARENT_ID_ NVARCHAR(64),
    PROC_DEF_ID_ NVARCHAR(64),
    SUPER_EXEC_ NVARCHAR(64),
    ACT_ID_ NVARCHAR(255),
    IS_ACTIVE_ NUMERIC(1,0) CHECK (IS_ACTIVE_ IN (1,0)),
    IS_CONCURRENT_ NUMERIC(1,0) CHECK (IS_CONCURRENT_ IN (1,0)),
    IS_SCOPE_ NUMERIC(1,0) CHECK (IS_SCOPE_ IN (1,0)),
    IS_EVENT_SCOPE_ NUMERIC(1,0) CHECK (IS_EVENT_SCOPE_ IN (1,0)),
    SUSPENSION_STATE_ INTEGER,
    CACHED_ENT_STATE_ INTEGER,
    primary key (ID_)
);

create table ACT_RU_JOB (
    ID_ NVARCHAR(64) NOT NULL,
    REV_ INTEGER,
    TYPE_ NVARCHAR(255) NOT NULL,
    LOCK_EXP_TIME_ DATETIME DEFAULT GETDATE(),
    LOCK_OWNER_ NVARCHAR(255),
    EXCLUSIVE_ NUMERIC(1,0) CHECK (EXCLUSIVE_ IN (1,0)),
    EXECUTION_ID_ NVARCHAR(64),
    PROCESS_INSTANCE_ID_ NVARCHAR(64),
    RETRIES_ INTEGER,
    EXCEPTION_STACK_ID_ NVARCHAR(64),
    EXCEPTION_MSG_ NVARCHAR(2000),
    DUEDATE_ DATETIME DEFAULT GETDATE(),
    REPEAT_ NVARCHAR(255),
    HANDLER_TYPE_ NVARCHAR(255),
    HANDLER_CFG_ NVARCHAR(2000),
    primary key (ID_)
);

create table ACT_RE_PROCDEF (
    ID_ NVARCHAR(64),
    REV_ INTEGER,
    CATEGORY_ NVARCHAR(255),
    NAME_ NVARCHAR(255),
    KEY_ NVARCHAR(255),
    VERSION_ INTEGER,
    DEPLOYMENT_ID_ NVARCHAR(64),
    RESOURCE_NAME_ NVARCHAR(2000),
    DGRM_RESOURCE_NAME_ NVARCHAR(4000),
    HAS_START_FORM_KEY_ NUMERIC(1,0) CHECK (HAS_START_FORM_KEY_ IN (1,0)),
    SUSPENSION_STATE_ INTEGER,
    primary key (ID_)
);

create table ACT_RU_TASK (
    ID_ NVARCHAR(64),
    REV_ INTEGER,
    EXECUTION_ID_ NVARCHAR(64),
    PROC_INST_ID_ NVARCHAR(64),
    PROC_DEF_ID_ NVARCHAR(64),
    NAME_ NVARCHAR(255),
    PARENT_TASK_ID_ NVARCHAR(64),
    DESCRIPTION_ NVARCHAR(2000),
    TASK_DEF_KEY_ NVARCHAR(255),
    OWNER_ NVARCHAR(64),
    ASSIGNEE_ NVARCHAR(64),
    DELEGATION_ NVARCHAR(64),
    PRIORITY_ INTEGER,
    CREATE_TIME_ DATETIME DEFAULT GETDATE(),
    DUE_DATE_ DATETIME DEFAULT GETDATE(),
    primary key (ID_)
);

create table ACT_RU_IDENTITYLINK (
    ID_ NVARCHAR(64),
    REV_ INTEGER,
    GROUP_ID_ NVARCHAR(64),
    TYPE_ NVARCHAR(255),
    USER_ID_ NVARCHAR(64),
    TASK_ID_ NVARCHAR(64),
    PROC_DEF_ID_ NVARCHAR(64),
    primary key (ID_)
);

create table ACT_RU_VARIABLE (
    ID_ NVARCHAR(64) not null,
    REV_ INTEGER,
    TYPE_ NVARCHAR(255) not null,
    NAME_ NVARCHAR(255) not null,
    EXECUTION_ID_ NVARCHAR(64),
    PROC_INST_ID_ NVARCHAR(64),
    TASK_ID_ NVARCHAR(64),
    BYTEARRAY_ID_ NVARCHAR(64),
    DOUBLE_ SMALLMONEY,
    LONG_ NUMERIC(19,0),
    TEXT_ NVARCHAR(2000),
    TEXT2_ NVARCHAR(2000),
    primary key (ID_)
);

create table ACT_RU_EVENT_SUBSCR (
    ID_ NVARCHAR(64) not null,
    REV_ integer,
    EVENT_TYPE_ NVARCHAR(255) not null,
    EVENT_NAME_ NVARCHAR(255),
    EXECUTION_ID_ NVARCHAR(64),
    PROC_INST_ID_ NVARCHAR(64),
    ACTIVITY_ID_ NVARCHAR(64),
    CONFIGURATION_ NVARCHAR(255),
    CREATED_ DATETIME DEFAULT GETDATE() not null,
    primary key (ID_)
);

create index ACT_IDX_EXEC_BUSKEY on ACT_RU_EXECUTION(BUSINESS_KEY_);
create index ACT_IDX_TASK_CREATE on ACT_RU_TASK(CREATE_TIME_);
create index ACT_IDX_IDENT_LNK_USER on ACT_RU_IDENTITYLINK(USER_ID_);
create index ACT_IDX_IDENT_LNK_GROUP on ACT_RU_IDENTITYLINK(GROUP_ID_);
create index ACT_IDX_EVENT_SUBSCR_CONFIG_ on ACT_RU_EVENT_SUBSCR(CONFIGURATION_);
create index ACT_IDX_VARIABLE_TASK_ID on ACT_RU_VARIABLE(TASK_ID_);

create index ACT_IDX_BYTEAR_DEPL on ACT_GE_BYTEARRAY(DEPLOYMENT_ID_);
alter table ACT_GE_BYTEARRAY
    add constraint ACT_FK_BYTEARR_DEPL
    foreign key (DEPLOYMENT_ID_) 
    references ACT_RE_DEPLOYMENT (ID_);

alter table ACT_RE_PROCDEF
    add constraint ACT_UNIQ_PROCDEF
    unique (KEY_,VERSION_);
    
create index ACT_IDX_EXE_PROCINST on ACT_RU_EXECUTION(PROC_INST_ID_);
alter table ACT_RU_EXECUTION
    add constraint ACT_FK_EXE_PROCINST
    foreign key (PROC_INST_ID_) 
    references ACT_RU_EXECUTION (ID_);

create index ACT_IDX_EXE_PARENT on ACT_RU_EXECUTION(PARENT_ID_);
alter table ACT_RU_EXECUTION
    add constraint ACT_FK_EXE_PARENT
    foreign key (PARENT_ID_) 
    references ACT_RU_EXECUTION (ID_);
    
create index ACT_IDX_EXE_SUPER on ACT_RU_EXECUTION(SUPER_EXEC_);
alter table ACT_RU_EXECUTION
    add constraint ACT_FK_EXE_SUPER
    foreign key (SUPER_EXEC_) 
    references ACT_RU_EXECUTION (ID_);

create index ACT_IDX_TSKASS_TASK on ACT_RU_IDENTITYLINK(TASK_ID_);
alter table ACT_RU_IDENTITYLINK
    add constraint ACT_FK_TSKASS_TASK
    foreign key (TASK_ID_) 
    references ACT_RU_TASK (ID_);

create index ACT_IDX_ATHRZ_PROCEDEF  on ACT_RU_IDENTITYLINK(PROC_DEF_ID_);
alter table ACT_RU_IDENTITYLINK
    add constraint ACT_FK_ATHRZ_PROCEDEF
    foreign key (PROC_DEF_ID_) 
    references ACT_RE_PROCDEF (ID_);

create index ACT_IDX_TASK_EXEC on ACT_RU_TASK(EXECUTION_ID_);
alter table ACT_RU_TASK
    add constraint ACT_FK_TASK_EXE
    foreign key (EXECUTION_ID_)
    references ACT_RU_EXECUTION (ID_);
    
create index ACT_IDX_TASK_PROCINST on ACT_RU_TASK(PROC_INST_ID_);
alter table ACT_RU_TASK
    add constraint ACT_FK_TASK_PROCINST
    foreign key (PROC_INST_ID_)
    references ACT_RU_EXECUTION (ID_);
    
create index ACT_IDX_TASK_PROCDEF on ACT_RU_TASK(PROC_DEF_ID_);
alter table ACT_RU_TASK
  add constraint ACT_FK_TASK_PROCDEF
  foreign key (PROC_DEF_ID_)
  references ACT_RE_PROCDEF (ID_);
  
create index ACT_IDX_VAR_EXE on ACT_RU_VARIABLE(EXECUTION_ID_);
alter table ACT_RU_VARIABLE 
    add constraint ACT_FK_VAR_EXE
    foreign key (EXECUTION_ID_) 
    references ACT_RU_EXECUTION (ID_);

create index ACT_IDX_VAR_PROCINST on ACT_RU_VARIABLE(PROC_INST_ID_);
alter table ACT_RU_VARIABLE
    add constraint ACT_FK_VAR_PROCINST
    foreign key (PROC_INST_ID_)
    references ACT_RU_EXECUTION(ID_);

create index ACT_IDX_VAR_BYTEARRAY on ACT_RU_VARIABLE(BYTEARRAY_ID_);
alter table ACT_RU_VARIABLE 
    add constraint ACT_FK_VAR_BYTEARRAY 
    foreign key (BYTEARRAY_ID_) 
    references ACT_GE_BYTEARRAY (ID_);

create index ACT_IDX_JOB_EXCEPTION on ACT_RU_JOB(EXCEPTION_STACK_ID_);
alter table ACT_RU_JOB 
    add constraint ACT_FK_JOB_EXCEPTION
    foreign key (EXCEPTION_STACK_ID_) 
    references ACT_GE_BYTEARRAY (ID_);

create index ACT_IDX_EVENT_SUBSCR on ACT_RU_EVENT_SUBSCR(EXECUTION_ID_);
alter table ACT_RU_EVENT_SUBSCR
    add constraint ACT_FK_EVENT_EXEC
    foreign key (EXECUTION_ID_)
    references ACT_RU_EXECUTION(ID_);
    
-- see http://stackoverflow.com/questions/675398/how-can-i-constrain-multiple-columns-to-prevent-duplicates-but-ignore-null-value
create unique index ACT_UNIQ_RU_BUS_KEY on ACT_RU_EXECUTION (PROC_DEF_ID_, BUSINESS_KEY_)
where PROC_DEF_ID_ is not null and BUSINESS_KEY_ is not null;


create table ACT_HI_PROCINST (
    ID_ NVARCHAR(64) not null,
    PROC_INST_ID_ NVARCHAR(64) not null,
    BUSINESS_KEY_ NVARCHAR(255),
    PROC_DEF_ID_ NVARCHAR(64) not null,
    START_TIME_ DATETIME DEFAULT GETDATE() not null,
    END_TIME_ DATETIME DEFAULT GETDATE(),
    DURATION_ NUMERIC(19,0),
    START_USER_ID_ NVARCHAR(255),
    START_ACT_ID_ NVARCHAR(255),
    END_ACT_ID_ NVARCHAR(255),
    SUPER_PROCESS_INSTANCE_ID_ NVARCHAR(64),
    DELETE_REASON_ NVARCHAR(2000),
    primary key (ID_),
    unique (PROC_INST_ID_)
);

create table ACT_HI_ACTINST (
    ID_ NVARCHAR(64) not null,
    PROC_DEF_ID_ NVARCHAR(64) not null,
    PROC_INST_ID_ NVARCHAR(64) not null,
    EXECUTION_ID_ NVARCHAR(64) not null,
    ACT_ID_ NVARCHAR(255) not null,
    ACT_NAME_ NVARCHAR(255),
    ACT_TYPE_ NVARCHAR(255) not null,
    ASSIGNEE_ NVARCHAR(64),
    START_TIME_ DATETIME DEFAULT GETDATE() not null,
    END_TIME_ DATETIME DEFAULT GETDATE(),
    DURATION_ NUMERIC(19,0),
    primary key (ID_)
);

create table ACT_HI_TASKINST (
    ID_ NVARCHAR(64) not null,
    PROC_DEF_ID_ NVARCHAR(64),
    TASK_DEF_KEY_ NVARCHAR(255),
    PROC_INST_ID_ NVARCHAR(64),
    EXECUTION_ID_ NVARCHAR(64),
    PARENT_TASK_ID_ NVARCHAR(64),
    NAME_ NVARCHAR(255),
    DESCRIPTION_ NVARCHAR(2000),
    OWNER_ NVARCHAR(64),
    ASSIGNEE_ NVARCHAR(64),
    START_TIME_ DATETIME DEFAULT GETDATE() not null,
    END_TIME_ DATETIME DEFAULT GETDATE(),
    DURATION_ NUMERIC(19,0),
    DELETE_REASON_ NVARCHAR(2000),
    PRIORITY_ INTEGER,
    DUE_DATE_ DATETIME DEFAULT GETDATE(),
    primary key (ID_)
);

create table ACT_HI_DETAIL (
    ID_ NVARCHAR(64) not null,
    TYPE_ NVARCHAR(255) not null,
    PROC_INST_ID_ NVARCHAR(64) not null,
    EXECUTION_ID_ NVARCHAR(64) not null,
    TASK_ID_ NVARCHAR(64),
    ACT_INST_ID_ NVARCHAR(64),
    NAME_ NVARCHAR(255) not null,
    VAR_TYPE_ NVARCHAR(64),
    REV_ INTEGER,
    TIME_ DATETIME DEFAULT GETDATE() not null,
    BYTEARRAY_ID_ NVARCHAR(64),
    DOUBLE_ SMALLMONEY,
    LONG_ NUMERIC(19,0),
    TEXT_ NVARCHAR(2000),
    TEXT2_ NVARCHAR(2000),
    primary key (ID_)
);

create table ACT_HI_COMMENT (
    ID_ NVARCHAR(64) not null,
    TYPE_ NVARCHAR(255),
    TIME_ DATETIME DEFAULT GETDATE() not null,
    USER_ID_ NVARCHAR(255),
    TASK_ID_ NVARCHAR(64),
    PROC_INST_ID_ NVARCHAR(64),
    ACTION_ NVARCHAR(255),
    MESSAGE_ NVARCHAR(2000),
    FULL_MSG_ VARBINARY(MAX),
    primary key (ID_)
);

create table ACT_HI_ATTACHMENT (
    ID_ NVARCHAR(64) not null,
    REV_ INTEGER,
    USER_ID_ NVARCHAR(255),
    NAME_ NVARCHAR(255),
    DESCRIPTION_ NVARCHAR(2000),
    TYPE_ NVARCHAR(255),
    TASK_ID_ NVARCHAR(64),
    PROC_INST_ID_ NVARCHAR(64),
    URL_ NVARCHAR(2000),
    CONTENT_ID_ NVARCHAR(64),
    primary key (ID_)
);

create index ACT_IDX_HI_PRO_INST_END on ACT_HI_PROCINST(END_TIME_);
create index ACT_IDX_HI_PRO_I_BUSKEY on ACT_HI_PROCINST(BUSINESS_KEY_);
create index ACT_IDX_HI_ACT_INST_START on ACT_HI_ACTINST(START_TIME_);
create index ACT_IDX_HI_ACT_INST_END on ACT_HI_ACTINST(END_TIME_);
create index ACT_IDX_HI_DETAIL_PROC_INST on ACT_HI_DETAIL(PROC_INST_ID_);
create index ACT_IDX_HI_DETAIL_ACT_INST on ACT_HI_DETAIL(ACT_INST_ID_);
create index ACT_IDX_HI_DETAIL_TIME on ACT_HI_DETAIL(TIME_);
create index ACT_IDX_HI_DETAIL_NAME on ACT_HI_DETAIL(NAME_);
create index ACT_IDX_HI_DETAIL_TASK_ID on ACT_HI_DETAIL(TASK_ID_);

-- see http://stackoverflow.com/questions/675398/how-can-i-constrain-multiple-columns-to-prevent-duplicates-but-ignore-null-value
create unique index ACT_UNIQ_HI_BUS_KEY on ACT_HI_PROCINST (PROC_DEF_ID_, BUSINESS_KEY_)
where PROC_DEF_ID_ is not null and BUSINESS_KEY_ is not null;


create table ACT_ID_GROUP (
    ID_ NVARCHAR(64),
    REV_ INTEGER,
    NAME_ NVARCHAR(255),
    TYPE_ NVARCHAR(255),
    primary key (ID_)
);

create table ACT_ID_MEMBERSHIP (
    USER_ID_ NVARCHAR(64),
    GROUP_ID_ NVARCHAR(64),
    primary key (USER_ID_, GROUP_ID_)
);

create table ACT_ID_USER (
    ID_ NVARCHAR(64),
    REV_ INTEGER,
    FIRST_ NVARCHAR(255),
    LAST_ NVARCHAR(255),
    EMAIL_ NVARCHAR(255),
    PWD_ NVARCHAR(255),
    PICTURE_ID_ NVARCHAR(64),
    primary key (ID_)
);

create table ACT_ID_INFO (
    ID_ NVARCHAR(64),
    REV_ INTEGER,
    USER_ID_ NVARCHAR(64),
    TYPE_ NVARCHAR(64),
    KEY_ NVARCHAR(255),
    VALUE_ NVARCHAR(255),
    PASSWORD_ VARBINARY(MAX),
    PARENT_ID_ NVARCHAR(255),
    primary key (ID_)
);

create index ACT_IDX_MEMB_GROUP on ACT_ID_MEMBERSHIP(GROUP_ID_);
alter table ACT_ID_MEMBERSHIP 
    add constraint ACT_FK_MEMB_GROUP 
    foreign key (GROUP_ID_) 
    references ACT_ID_GROUP (ID_);

create index ACT_IDX_MEMB_USER on ACT_ID_MEMBERSHIP(USER_ID_);
alter table ACT_ID_MEMBERSHIP 
    add constraint ACT_FK_MEMB_USER
    foreign key (USER_ID_) 
    references ACT_ID_USER (ID_);

USE openiam;

DELETE FROM AUTH_LEVEL;
DELETE FROM AUTH_STATE;
DELETE FROM USER_GRP;
DELETE FROM USER_ROLE;
DELETE FROM LOGIN;
DELETE FROM USERS;
DELETE FROM STATUS;
DELETE FROM IDENTITY_QUESTION;
DELETE FROM IDENTITY_QUEST_GRP;
DELETE FROM RECONCILIATION_SITUATION;
DELETE FROM RECONCILIATION_CONFIG;
DELETE FROM POLICY_OBJECT_ASSOC;
DELETE FROM POLICY_ATTRIBUTE;
DELETE FROM POLICY;
DELETE FROM POLICY_DEF_PARAM;
DELETE FROM POLICY_DEF;
DELETE FROM MNG_SYS_OBJECT_MATCH;
DELETE FROM LOCATION;
DELETE FROM LANGUAGE_LOCALE;
DELETE FROM LANGUAGE;
DELETE FROM COMPANY_TO_COMPANY_MEMBERSHIP;
DELETE FROM COMPANY;
DELETE FROM METADATA_ELEMENT;
DELETE FROM GRP_ROLE;
DELETE FROM GRP;
DELETE FROM MANAGED_SYS;
DELETE FROM URI_PATTERN_META_TYPE;
DELETE FROM RESOURCE_ROLE;
DELETE FROM RESOURCE_PROP;
DELETE FROM res_to_res_membership;
DELETE FROM RES;
DELETE FROM PROVISION_CONNECTOR;
DELETE FROM RESOURCE_TYPE;
DELETE FROM ROLE;
DELETE FROM SEQUENCE_GEN;
DELETE FROM SERVICE;
DELETE FROM CATEGORY_TYPE;
DELETE FROM METADATA_TYPE;
DELETE FROM CATEGORY;
DELETE FROM BATCH_CONFIG;
DELETE FROM AUTH_RESOURCE_AM_ATTRIBUTE;
DELETE FROM AUTH_ATTRIBUTE;
DELETE FROM AUTH_PROVIDER_TYPE;
DELETE FROM ATTRIBUTE_MAP;
DELETE FROM APPROVER_ASSOC;
DELETE FROM SECURITY_DOMAIN;

Insert into SECURITY_DOMAIN (DOMAIN_ID,NAME,STATUS,AUTH_SYS_ID,LOGIN_MODULE,PASSWORD_POLICY,AUTHENTICATION_POLICY,AUDIT_POLICY) values ('IDM','IDM','ON-LINE','0',null,'4000','4001','4002');
Insert into SECURITY_DOMAIN (DOMAIN_ID,NAME,STATUS,AUTH_SYS_ID,LOGIN_MODULE,PASSWORD_POLICY,AUTHENTICATION_POLICY,AUDIT_POLICY) values ('USR_SEC_DOMAIN','DEFAULT DOMAIN','ON-LINE','0',null,'4000','4001','4002');

Insert into APPROVER_ASSOC (APPROVER_ASSOC_ID,REQUEST_TYPE,APPROVER_LEVEL,ASSOCIATION_TYPE,ASSOCIATION_OBJ_ID,APPROVER_USER_ID,ON_APPROVE_NOTIFY_USER_ID,ON_REJECT_NOTIFY_USER_ID,APPROVE_NOTIFY_USER_TYPE,REJECT_NOTIFY_USER_TYPE,ACTN,APPROVER_ROLE_ID,APPROVER_ROLE_DOMAIN,APPLY_DELEGATION_FILTER) values ('100','NEW_HIRE',1,'SUPERVISOR',null,null,null,null,null,null,'START',null,null,null);
Insert into APPROVER_ASSOC (APPROVER_ASSOC_ID,REQUEST_TYPE,APPROVER_LEVEL,ASSOCIATION_TYPE,ASSOCIATION_OBJ_ID,APPROVER_USER_ID,ON_APPROVE_NOTIFY_USER_ID,ON_REJECT_NOTIFY_USER_ID,APPROVE_NOTIFY_USER_TYPE,REJECT_NOTIFY_USER_TYPE,ACTN,APPROVER_ROLE_ID,APPROVER_ROLE_DOMAIN,APPLY_DELEGATION_FILTER) values ('101','254',1,'USER',null,'3000',null,null,null,null,'START',null,null,null);

Insert into ATTRIBUTE_MAP (ATTRIBUTE_MAP_ID,MANAGED_SYS_ID,RESOURCE_ID,MAP_FOR_OBJECT_TYPE,ATTRIBUTE_NAME,TARGET_ATTRIBUTE_NAME,AUTHORITATIVE_SRC,ATTRIBUTE_POLICY_ID,RULE_TEXT,STATUS,START_DATE,END_DATE,STORE_IN_IAMDB,DATA_TYPE,DEFAULT_VALUE) values ('201','101','101','USER','cn',null,0,'4501',null,'ACTIVE',null,null,0,'string',null);
Insert into ATTRIBUTE_MAP (ATTRIBUTE_MAP_ID,MANAGED_SYS_ID,RESOURCE_ID,MAP_FOR_OBJECT_TYPE,ATTRIBUTE_NAME,TARGET_ATTRIBUTE_NAME,AUTHORITATIVE_SRC,ATTRIBUTE_POLICY_ID,RULE_TEXT,STATUS,START_DATE,END_DATE,STORE_IN_IAMDB,DATA_TYPE,DEFAULT_VALUE) values ('202','101','101','USER','mail',null,0,'4502',null,'ACTIVE',null,null,0,'string',null);
Insert into ATTRIBUTE_MAP (ATTRIBUTE_MAP_ID,MANAGED_SYS_ID,RESOURCE_ID,MAP_FOR_OBJECT_TYPE,ATTRIBUTE_NAME,TARGET_ATTRIBUTE_NAME,AUTHORITATIVE_SRC,ATTRIBUTE_POLICY_ID,RULE_TEXT,STATUS,START_DATE,END_DATE,STORE_IN_IAMDB,DATA_TYPE,DEFAULT_VALUE) values ('203','101','101','USER','o',null,0,'4503',null,'ACTIVE',null,null,0,'string',null);
Insert into ATTRIBUTE_MAP (ATTRIBUTE_MAP_ID,MANAGED_SYS_ID,RESOURCE_ID,MAP_FOR_OBJECT_TYPE,ATTRIBUTE_NAME,TARGET_ATTRIBUTE_NAME,AUTHORITATIVE_SRC,ATTRIBUTE_POLICY_ID,RULE_TEXT,STATUS,START_DATE,END_DATE,STORE_IN_IAMDB,DATA_TYPE,DEFAULT_VALUE) values ('204','101','101','USER','ou',null,0,'4504',null,'ACTIVE',null,null,0,'string',null);
Insert into ATTRIBUTE_MAP (ATTRIBUTE_MAP_ID,MANAGED_SYS_ID,RESOURCE_ID,MAP_FOR_OBJECT_TYPE,ATTRIBUTE_NAME,TARGET_ATTRIBUTE_NAME,AUTHORITATIVE_SRC,ATTRIBUTE_POLICY_ID,RULE_TEXT,STATUS,START_DATE,END_DATE,STORE_IN_IAMDB,DATA_TYPE,DEFAULT_VALUE) values ('205','101','101','USER','postalCode',null,0,'4505',null,'ACTIVE',null,null,0,'string',null);
Insert into ATTRIBUTE_MAP (ATTRIBUTE_MAP_ID,MANAGED_SYS_ID,RESOURCE_ID,MAP_FOR_OBJECT_TYPE,ATTRIBUTE_NAME,TARGET_ATTRIBUTE_NAME,AUTHORITATIVE_SRC,ATTRIBUTE_POLICY_ID,RULE_TEXT,STATUS,START_DATE,END_DATE,STORE_IN_IAMDB,DATA_TYPE,DEFAULT_VALUE) values ('206','101','101','USER','sn',null,0,'4506',null,'ACTIVE',null,null,0,'string',null);
Insert into ATTRIBUTE_MAP (ATTRIBUTE_MAP_ID,MANAGED_SYS_ID,RESOURCE_ID,MAP_FOR_OBJECT_TYPE,ATTRIBUTE_NAME,TARGET_ATTRIBUTE_NAME,AUTHORITATIVE_SRC,ATTRIBUTE_POLICY_ID,RULE_TEXT,STATUS,START_DATE,END_DATE,STORE_IN_IAMDB,DATA_TYPE,DEFAULT_VALUE) values ('207','101','101','USER','st',null,0,'4507',null,'ACTIVE',null,null,0,'string',null);
Insert into ATTRIBUTE_MAP (ATTRIBUTE_MAP_ID,MANAGED_SYS_ID,RESOURCE_ID,MAP_FOR_OBJECT_TYPE,ATTRIBUTE_NAME,TARGET_ATTRIBUTE_NAME,AUTHORITATIVE_SRC,ATTRIBUTE_POLICY_ID,RULE_TEXT,STATUS,START_DATE,END_DATE,STORE_IN_IAMDB,DATA_TYPE,DEFAULT_VALUE) values ('208','101','101','USER','street',null,0,'4508',null,'ACTIVE',null,null,0,'string',null);
Insert into ATTRIBUTE_MAP (ATTRIBUTE_MAP_ID,MANAGED_SYS_ID,RESOURCE_ID,MAP_FOR_OBJECT_TYPE,ATTRIBUTE_NAME,TARGET_ATTRIBUTE_NAME,AUTHORITATIVE_SRC,ATTRIBUTE_POLICY_ID,RULE_TEXT,STATUS,START_DATE,END_DATE,STORE_IN_IAMDB,DATA_TYPE,DEFAULT_VALUE) values ('209','101','101','USER','userPassword',null,0,'4509',null,'ACTIVE',null,null,0,'string',null);
Insert into ATTRIBUTE_MAP (ATTRIBUTE_MAP_ID,MANAGED_SYS_ID,RESOURCE_ID,MAP_FOR_OBJECT_TYPE,ATTRIBUTE_NAME,TARGET_ATTRIBUTE_NAME,AUTHORITATIVE_SRC,ATTRIBUTE_POLICY_ID,RULE_TEXT,STATUS,START_DATE,END_DATE,STORE_IN_IAMDB,DATA_TYPE,DEFAULT_VALUE) values ('210','101','101','USER','postalAddress',null,0,'4510',null,'ACTIVE',null,null,0,'string',null);
Insert into ATTRIBUTE_MAP (ATTRIBUTE_MAP_ID,MANAGED_SYS_ID,RESOURCE_ID,MAP_FOR_OBJECT_TYPE,ATTRIBUTE_NAME,TARGET_ATTRIBUTE_NAME,AUTHORITATIVE_SRC,ATTRIBUTE_POLICY_ID,RULE_TEXT,STATUS,START_DATE,END_DATE,STORE_IN_IAMDB,DATA_TYPE,DEFAULT_VALUE) values ('211','101','101','USER','telephoneNumber',null,0,'4511',null,'ACTIVE',null,null,0,'string',null);
Insert into ATTRIBUTE_MAP (ATTRIBUTE_MAP_ID,MANAGED_SYS_ID,RESOURCE_ID,MAP_FOR_OBJECT_TYPE,ATTRIBUTE_NAME,TARGET_ATTRIBUTE_NAME,AUTHORITATIVE_SRC,ATTRIBUTE_POLICY_ID,RULE_TEXT,STATUS,START_DATE,END_DATE,STORE_IN_IAMDB,DATA_TYPE,DEFAULT_VALUE) values ('212','101','101','USER','facsimileTelephoneNumber',null,0,'4512',null,'ACTIVE',null,null,0,'string',null);
Insert into ATTRIBUTE_MAP (ATTRIBUTE_MAP_ID,MANAGED_SYS_ID,RESOURCE_ID,MAP_FOR_OBJECT_TYPE,ATTRIBUTE_NAME,TARGET_ATTRIBUTE_NAME,AUTHORITATIVE_SRC,ATTRIBUTE_POLICY_ID,RULE_TEXT,STATUS,START_DATE,END_DATE,STORE_IN_IAMDB,DATA_TYPE,DEFAULT_VALUE) values ('213','101','101','USER','mobileTelephoneNumber',null,0,'4513',null,'ACTIVE',null,null,0,'string',null);
Insert into ATTRIBUTE_MAP (ATTRIBUTE_MAP_ID,MANAGED_SYS_ID,RESOURCE_ID,MAP_FOR_OBJECT_TYPE,ATTRIBUTE_NAME,TARGET_ATTRIBUTE_NAME,AUTHORITATIVE_SRC,ATTRIBUTE_POLICY_ID,RULE_TEXT,STATUS,START_DATE,END_DATE,STORE_IN_IAMDB,DATA_TYPE,DEFAULT_VALUE) values ('215','101','101','PRINCIPAL','uid',null,0,'4515',null,'ACTIVE',null,null,0,'string',null);
Insert into ATTRIBUTE_MAP (ATTRIBUTE_MAP_ID,MANAGED_SYS_ID,RESOURCE_ID,MAP_FOR_OBJECT_TYPE,ATTRIBUTE_NAME,TARGET_ATTRIBUTE_NAME,AUTHORITATIVE_SRC,ATTRIBUTE_POLICY_ID,RULE_TEXT,STATUS,START_DATE,END_DATE,STORE_IN_IAMDB,DATA_TYPE,DEFAULT_VALUE) values ('216','101','101','USER','departmentNumber',null,0,'4516',null,'ACTIVE',null,null,0,'string',null);
Insert into ATTRIBUTE_MAP (ATTRIBUTE_MAP_ID,MANAGED_SYS_ID,RESOURCE_ID,MAP_FOR_OBJECT_TYPE,ATTRIBUTE_NAME,TARGET_ATTRIBUTE_NAME,AUTHORITATIVE_SRC,ATTRIBUTE_POLICY_ID,RULE_TEXT,STATUS,START_DATE,END_DATE,STORE_IN_IAMDB,DATA_TYPE,DEFAULT_VALUE) values ('217','101','101','USER','displayName',null,0,'4517',null,'ACTIVE',null,null,0,'string',null);
Insert into ATTRIBUTE_MAP (ATTRIBUTE_MAP_ID,MANAGED_SYS_ID,RESOURCE_ID,MAP_FOR_OBJECT_TYPE,ATTRIBUTE_NAME,TARGET_ATTRIBUTE_NAME,AUTHORITATIVE_SRC,ATTRIBUTE_POLICY_ID,RULE_TEXT,STATUS,START_DATE,END_DATE,STORE_IN_IAMDB,DATA_TYPE,DEFAULT_VALUE) values ('218','101','101','USER','employeeType',null,0,'4518',null,'ACTIVE',null,null,0,'string',null);
Insert into ATTRIBUTE_MAP (ATTRIBUTE_MAP_ID,MANAGED_SYS_ID,RESOURCE_ID,MAP_FOR_OBJECT_TYPE,ATTRIBUTE_NAME,TARGET_ATTRIBUTE_NAME,AUTHORITATIVE_SRC,ATTRIBUTE_POLICY_ID,RULE_TEXT,STATUS,START_DATE,END_DATE,STORE_IN_IAMDB,DATA_TYPE,DEFAULT_VALUE) values ('221','101','101','USER','objectclass',null,0,'4521',null,'ACTIVE',null,null,0,'string',null);
Insert into ATTRIBUTE_MAP (ATTRIBUTE_MAP_ID,MANAGED_SYS_ID,RESOURCE_ID,MAP_FOR_OBJECT_TYPE,ATTRIBUTE_NAME,TARGET_ATTRIBUTE_NAME,AUTHORITATIVE_SRC,ATTRIBUTE_POLICY_ID,RULE_TEXT,STATUS,START_DATE,END_DATE,STORE_IN_IAMDB,DATA_TYPE,DEFAULT_VALUE) values ('222','101','101','USER','title',null,0,'4522',null,'ACTIVE',null,null,0,'string',null);
Insert into ATTRIBUTE_MAP (ATTRIBUTE_MAP_ID,MANAGED_SYS_ID,RESOURCE_ID,MAP_FOR_OBJECT_TYPE,ATTRIBUTE_NAME,TARGET_ATTRIBUTE_NAME,AUTHORITATIVE_SRC,ATTRIBUTE_POLICY_ID,RULE_TEXT,STATUS,START_DATE,END_DATE,STORE_IN_IAMDB,DATA_TYPE,DEFAULT_VALUE) values ('223','101','101','USER','givenName',null,0,'4514',null,'ACTIVE',null,null,0,'string',null);
Insert into ATTRIBUTE_MAP (ATTRIBUTE_MAP_ID,MANAGED_SYS_ID,RESOURCE_ID,MAP_FOR_OBJECT_TYPE,ATTRIBUTE_NAME,TARGET_ATTRIBUTE_NAME,AUTHORITATIVE_SRC,ATTRIBUTE_POLICY_ID,RULE_TEXT,STATUS,START_DATE,END_DATE,STORE_IN_IAMDB,DATA_TYPE,DEFAULT_VALUE) values ('224','101','101','USER','uniqueMember',null,0,'4546',null,'IN-ACTIVE',null,null,0,'memberOf',null);
Insert into ATTRIBUTE_MAP (ATTRIBUTE_MAP_ID,MANAGED_SYS_ID,RESOURCE_ID,MAP_FOR_OBJECT_TYPE,ATTRIBUTE_NAME,TARGET_ATTRIBUTE_NAME,AUTHORITATIVE_SRC,ATTRIBUTE_POLICY_ID,RULE_TEXT,STATUS,START_DATE,END_DATE,STORE_IN_IAMDB,DATA_TYPE,DEFAULT_VALUE) values ('230','0','0','PRINCIPAL','PRINCIPAL',null,0,'4562',null,'ACTIVE',null,null,0,null,null);
Insert into ATTRIBUTE_MAP (ATTRIBUTE_MAP_ID,MANAGED_SYS_ID,RESOURCE_ID,MAP_FOR_OBJECT_TYPE,ATTRIBUTE_NAME,TARGET_ATTRIBUTE_NAME,AUTHORITATIVE_SRC,ATTRIBUTE_POLICY_ID,RULE_TEXT,STATUS,START_DATE,END_DATE,STORE_IN_IAMDB,DATA_TYPE,DEFAULT_VALUE) values ('231','0','0','PRINCIPAL','PASSWORD',null,0,'4563',null,'ACTIVE',null,null,0,null,null);
Insert into ATTRIBUTE_MAP (ATTRIBUTE_MAP_ID,MANAGED_SYS_ID,RESOURCE_ID,MAP_FOR_OBJECT_TYPE,ATTRIBUTE_NAME,TARGET_ATTRIBUTE_NAME,AUTHORITATIVE_SRC,ATTRIBUTE_POLICY_ID,RULE_TEXT,STATUS,START_DATE,END_DATE,STORE_IN_IAMDB,DATA_TYPE,DEFAULT_VALUE) values ('232','0','0','EMAIL','EMAIL',null,0,'4564',null,'ACTIVE',null,null,0,null,null);
Insert into ATTRIBUTE_MAP (ATTRIBUTE_MAP_ID,MANAGED_SYS_ID,RESOURCE_ID,MAP_FOR_OBJECT_TYPE,ATTRIBUTE_NAME,TARGET_ATTRIBUTE_NAME,AUTHORITATIVE_SRC,ATTRIBUTE_POLICY_ID,RULE_TEXT,STATUS,START_DATE,END_DATE,STORE_IN_IAMDB,DATA_TYPE,DEFAULT_VALUE) values ('233','0','0','PRINCIPAL','DOMAIN',null,0,'4565',null,'ACTIVE',null,null,0,null,null);
Insert into ATTRIBUTE_MAP (ATTRIBUTE_MAP_ID,MANAGED_SYS_ID,RESOURCE_ID,MAP_FOR_OBJECT_TYPE,ATTRIBUTE_NAME,TARGET_ATTRIBUTE_NAME,AUTHORITATIVE_SRC,ATTRIBUTE_POLICY_ID,RULE_TEXT,STATUS,START_DATE,END_DATE,STORE_IN_IAMDB,DATA_TYPE,DEFAULT_VALUE) values ('400','103','103','PRINCIPAL','userName',null,0,'4600',null,'ACTIVE',null,null,0,null,null);
Insert into ATTRIBUTE_MAP (ATTRIBUTE_MAP_ID,MANAGED_SYS_ID,RESOURCE_ID,MAP_FOR_OBJECT_TYPE,ATTRIBUTE_NAME,TARGET_ATTRIBUTE_NAME,AUTHORITATIVE_SRC,ATTRIBUTE_POLICY_ID,RULE_TEXT,STATUS,START_DATE,END_DATE,STORE_IN_IAMDB,DATA_TYPE,DEFAULT_VALUE) values ('401','103','103','USER','firstName',null,0,'4601',null,'ACTIVE',null,null,0,null,null);
Insert into ATTRIBUTE_MAP (ATTRIBUTE_MAP_ID,MANAGED_SYS_ID,RESOURCE_ID,MAP_FOR_OBJECT_TYPE,ATTRIBUTE_NAME,TARGET_ATTRIBUTE_NAME,AUTHORITATIVE_SRC,ATTRIBUTE_POLICY_ID,RULE_TEXT,STATUS,START_DATE,END_DATE,STORE_IN_IAMDB,DATA_TYPE,DEFAULT_VALUE) values ('402','103','103','USER','lastName',null,0,'4602',null,'ACTIVE',null,null,0,null,null);
Insert into ATTRIBUTE_MAP (ATTRIBUTE_MAP_ID,MANAGED_SYS_ID,RESOURCE_ID,MAP_FOR_OBJECT_TYPE,ATTRIBUTE_NAME,TARGET_ATTRIBUTE_NAME,AUTHORITATIVE_SRC,ATTRIBUTE_POLICY_ID,RULE_TEXT,STATUS,START_DATE,END_DATE,STORE_IN_IAMDB,DATA_TYPE,DEFAULT_VALUE) values ('403','103','103','USER','password',null,0,'4603',null,'ACTIVE',null,null,0,null,null);
Insert into ATTRIBUTE_MAP (ATTRIBUTE_MAP_ID,MANAGED_SYS_ID,RESOURCE_ID,MAP_FOR_OBJECT_TYPE,ATTRIBUTE_NAME,TARGET_ATTRIBUTE_NAME,AUTHORITATIVE_SRC,ATTRIBUTE_POLICY_ID,RULE_TEXT,STATUS,START_DATE,END_DATE,STORE_IN_IAMDB,DATA_TYPE,DEFAULT_VALUE) values ('501','110','110','PRINCIPAL','CN',null,0,'4632',null,'ACTIVE',null,null,0,'string',null);
Insert into ATTRIBUTE_MAP (ATTRIBUTE_MAP_ID,MANAGED_SYS_ID,RESOURCE_ID,MAP_FOR_OBJECT_TYPE,ATTRIBUTE_NAME,TARGET_ATTRIBUTE_NAME,AUTHORITATIVE_SRC,ATTRIBUTE_POLICY_ID,RULE_TEXT,STATUS,START_DATE,END_DATE,STORE_IN_IAMDB,DATA_TYPE,DEFAULT_VALUE) values ('502','110','110','USER','sAMAccountName',null,0,'4630',null,'ACTIVE',null,null,0,'string',null);
Insert into ATTRIBUTE_MAP (ATTRIBUTE_MAP_ID,MANAGED_SYS_ID,RESOURCE_ID,MAP_FOR_OBJECT_TYPE,ATTRIBUTE_NAME,TARGET_ATTRIBUTE_NAME,AUTHORITATIVE_SRC,ATTRIBUTE_POLICY_ID,RULE_TEXT,STATUS,START_DATE,END_DATE,STORE_IN_IAMDB,DATA_TYPE,DEFAULT_VALUE) values ('503','110','110','USER','sn',null,0,'4506',null,'ACTIVE',null,null,0,'string',null);
Insert into ATTRIBUTE_MAP (ATTRIBUTE_MAP_ID,MANAGED_SYS_ID,RESOURCE_ID,MAP_FOR_OBJECT_TYPE,ATTRIBUTE_NAME,TARGET_ATTRIBUTE_NAME,AUTHORITATIVE_SRC,ATTRIBUTE_POLICY_ID,RULE_TEXT,STATUS,START_DATE,END_DATE,STORE_IN_IAMDB,DATA_TYPE,DEFAULT_VALUE) values ('504','110','110','USER','givenName',null,0,'4631',null,'ACTIVE',null,null,0,'string',null);
Insert into ATTRIBUTE_MAP (ATTRIBUTE_MAP_ID,MANAGED_SYS_ID,RESOURCE_ID,MAP_FOR_OBJECT_TYPE,ATTRIBUTE_NAME,TARGET_ATTRIBUTE_NAME,AUTHORITATIVE_SRC,ATTRIBUTE_POLICY_ID,RULE_TEXT,STATUS,START_DATE,END_DATE,STORE_IN_IAMDB,DATA_TYPE,DEFAULT_VALUE) values ('505','110','110','USER','displayName',null,0,'4517',null,'ACTIVE',null,null,0,'string',null);
Insert into ATTRIBUTE_MAP (ATTRIBUTE_MAP_ID,MANAGED_SYS_ID,RESOURCE_ID,MAP_FOR_OBJECT_TYPE,ATTRIBUTE_NAME,TARGET_ATTRIBUTE_NAME,AUTHORITATIVE_SRC,ATTRIBUTE_POLICY_ID,RULE_TEXT,STATUS,START_DATE,END_DATE,STORE_IN_IAMDB,DATA_TYPE,DEFAULT_VALUE) values ('506','110','110','USER','ou',null,0,'4633',null,'ACTIVE',null,null,0,'string',null);
Insert into ATTRIBUTE_MAP (ATTRIBUTE_MAP_ID,MANAGED_SYS_ID,RESOURCE_ID,MAP_FOR_OBJECT_TYPE,ATTRIBUTE_NAME,TARGET_ATTRIBUTE_NAME,AUTHORITATIVE_SRC,ATTRIBUTE_POLICY_ID,RULE_TEXT,STATUS,START_DATE,END_DATE,STORE_IN_IAMDB,DATA_TYPE,DEFAULT_VALUE) values ('507','110','110','USER','objectclass',null,0,'4634',null,'ACTIVE',null,null,0,'string',null);
Insert into ATTRIBUTE_MAP (ATTRIBUTE_MAP_ID,MANAGED_SYS_ID,RESOURCE_ID,MAP_FOR_OBJECT_TYPE,ATTRIBUTE_NAME,TARGET_ATTRIBUTE_NAME,AUTHORITATIVE_SRC,ATTRIBUTE_POLICY_ID,RULE_TEXT,STATUS,START_DATE,END_DATE,STORE_IN_IAMDB,DATA_TYPE,DEFAULT_VALUE) values ('508','110','110','USER','profilePath',null,0,'4635',null,'ACTIVE',null,null,0,'string',null);
Insert into ATTRIBUTE_MAP (ATTRIBUTE_MAP_ID,MANAGED_SYS_ID,RESOURCE_ID,MAP_FOR_OBJECT_TYPE,ATTRIBUTE_NAME,TARGET_ATTRIBUTE_NAME,AUTHORITATIVE_SRC,ATTRIBUTE_POLICY_ID,RULE_TEXT,STATUS,START_DATE,END_DATE,STORE_IN_IAMDB,DATA_TYPE,DEFAULT_VALUE) values ('509','110','110','USER','homeDirectory',null,0,'4636',null,'ACTIVE',null,null,0,'string',null);
Insert into ATTRIBUTE_MAP (ATTRIBUTE_MAP_ID,MANAGED_SYS_ID,RESOURCE_ID,MAP_FOR_OBJECT_TYPE,ATTRIBUTE_NAME,TARGET_ATTRIBUTE_NAME,AUTHORITATIVE_SRC,ATTRIBUTE_POLICY_ID,RULE_TEXT,STATUS,START_DATE,END_DATE,STORE_IN_IAMDB,DATA_TYPE,DEFAULT_VALUE) values ('510','110','110','USER','homeDrive',null,0,'4637',null,'ACTIVE',null,null,0,'string',null);
Insert into ATTRIBUTE_MAP (ATTRIBUTE_MAP_ID,MANAGED_SYS_ID,RESOURCE_ID,MAP_FOR_OBJECT_TYPE,ATTRIBUTE_NAME,TARGET_ATTRIBUTE_NAME,AUTHORITATIVE_SRC,ATTRIBUTE_POLICY_ID,RULE_TEXT,STATUS,START_DATE,END_DATE,STORE_IN_IAMDB,DATA_TYPE,DEFAULT_VALUE) values ('511','110','110','USER','scriptPath',null,0,'4639',null,'ACTIVE',null,null,0,'string',null);
Insert into ATTRIBUTE_MAP (ATTRIBUTE_MAP_ID,MANAGED_SYS_ID,RESOURCE_ID,MAP_FOR_OBJECT_TYPE,ATTRIBUTE_NAME,TARGET_ATTRIBUTE_NAME,AUTHORITATIVE_SRC,ATTRIBUTE_POLICY_ID,RULE_TEXT,STATUS,START_DATE,END_DATE,STORE_IN_IAMDB,DATA_TYPE,DEFAULT_VALUE) values ('512','110','110','USER','company',null,0,'4640',null,'ACTIVE',null,null,0,'string',null);
Insert into ATTRIBUTE_MAP (ATTRIBUTE_MAP_ID,MANAGED_SYS_ID,RESOURCE_ID,MAP_FOR_OBJECT_TYPE,ATTRIBUTE_NAME,TARGET_ATTRIBUTE_NAME,AUTHORITATIVE_SRC,ATTRIBUTE_POLICY_ID,RULE_TEXT,STATUS,START_DATE,END_DATE,STORE_IN_IAMDB,DATA_TYPE,DEFAULT_VALUE) values ('513','110','110','USER','initials',null,0,'4642',null,'ACTIVE',null,null,0,'string',null);
Insert into ATTRIBUTE_MAP (ATTRIBUTE_MAP_ID,MANAGED_SYS_ID,RESOURCE_ID,MAP_FOR_OBJECT_TYPE,ATTRIBUTE_NAME,TARGET_ATTRIBUTE_NAME,AUTHORITATIVE_SRC,ATTRIBUTE_POLICY_ID,RULE_TEXT,STATUS,START_DATE,END_DATE,STORE_IN_IAMDB,DATA_TYPE,DEFAULT_VALUE) values ('514','110','110','USER','department',null,0,'4643',null,'ACTIVE',null,null,0,'string',null);
Insert into ATTRIBUTE_MAP (ATTRIBUTE_MAP_ID,MANAGED_SYS_ID,RESOURCE_ID,MAP_FOR_OBJECT_TYPE,ATTRIBUTE_NAME,TARGET_ATTRIBUTE_NAME,AUTHORITATIVE_SRC,ATTRIBUTE_POLICY_ID,RULE_TEXT,STATUS,START_DATE,END_DATE,STORE_IN_IAMDB,DATA_TYPE,DEFAULT_VALUE) values ('515','110','110','USER','telephoneNumber',null,0,'4644',null,'ACTIVE',null,null,0,'string',null);
Insert into ATTRIBUTE_MAP (ATTRIBUTE_MAP_ID,MANAGED_SYS_ID,RESOURCE_ID,MAP_FOR_OBJECT_TYPE,ATTRIBUTE_NAME,TARGET_ATTRIBUTE_NAME,AUTHORITATIVE_SRC,ATTRIBUTE_POLICY_ID,RULE_TEXT,STATUS,START_DATE,END_DATE,STORE_IN_IAMDB,DATA_TYPE,DEFAULT_VALUE) values ('516','110','110','USER','title',null,0,'4645',null,'ACTIVE',null,null,0,'string',null);
Insert into ATTRIBUTE_MAP (ATTRIBUTE_MAP_ID,MANAGED_SYS_ID,RESOURCE_ID,MAP_FOR_OBJECT_TYPE,ATTRIBUTE_NAME,TARGET_ATTRIBUTE_NAME,AUTHORITATIVE_SRC,ATTRIBUTE_POLICY_ID,RULE_TEXT,STATUS,START_DATE,END_DATE,STORE_IN_IAMDB,DATA_TYPE,DEFAULT_VALUE) values ('517','110','110','USER','unicodePwd',null,0,'4646',null,'ACTIVE',null,null,0,'string',null);
Insert into ATTRIBUTE_MAP (ATTRIBUTE_MAP_ID,MANAGED_SYS_ID,RESOURCE_ID,MAP_FOR_OBJECT_TYPE,ATTRIBUTE_NAME,TARGET_ATTRIBUTE_NAME,AUTHORITATIVE_SRC,ATTRIBUTE_POLICY_ID,RULE_TEXT,STATUS,START_DATE,END_DATE,STORE_IN_IAMDB,DATA_TYPE,DEFAULT_VALUE) values ('518','110','110','USER','userAccountControl',null,0,'4650',null,'ACTIVE',null,null,0,'string',null);
Insert into ATTRIBUTE_MAP (ATTRIBUTE_MAP_ID,MANAGED_SYS_ID,RESOURCE_ID,MAP_FOR_OBJECT_TYPE,ATTRIBUTE_NAME,TARGET_ATTRIBUTE_NAME,AUTHORITATIVE_SRC,ATTRIBUTE_POLICY_ID,RULE_TEXT,STATUS,START_DATE,END_DATE,STORE_IN_IAMDB,DATA_TYPE,DEFAULT_VALUE) values ('519','110','110','USER','userPrincipalName',null,0,'4651',null,'ACTIVE',null,null,0,'string',null);
Insert into ATTRIBUTE_MAP (ATTRIBUTE_MAP_ID,MANAGED_SYS_ID,RESOURCE_ID,MAP_FOR_OBJECT_TYPE,ATTRIBUTE_NAME,TARGET_ATTRIBUTE_NAME,AUTHORITATIVE_SRC,ATTRIBUTE_POLICY_ID,RULE_TEXT,STATUS,START_DATE,END_DATE,STORE_IN_IAMDB,DATA_TYPE,DEFAULT_VALUE) values ('521','110','110','USER','streetAddress',null,0,'4653',null,'ACTIVE',null,null,0,'String',null);
Insert into ATTRIBUTE_MAP (ATTRIBUTE_MAP_ID,MANAGED_SYS_ID,RESOURCE_ID,MAP_FOR_OBJECT_TYPE,ATTRIBUTE_NAME,TARGET_ATTRIBUTE_NAME,AUTHORITATIVE_SRC,ATTRIBUTE_POLICY_ID,RULE_TEXT,STATUS,START_DATE,END_DATE,STORE_IN_IAMDB,DATA_TYPE,DEFAULT_VALUE) values ('522','110','110','USER','l',null,0,'4654',null,'ACTIVE',null,null,0,'String',null);
Insert into ATTRIBUTE_MAP (ATTRIBUTE_MAP_ID,MANAGED_SYS_ID,RESOURCE_ID,MAP_FOR_OBJECT_TYPE,ATTRIBUTE_NAME,TARGET_ATTRIBUTE_NAME,AUTHORITATIVE_SRC,ATTRIBUTE_POLICY_ID,RULE_TEXT,STATUS,START_DATE,END_DATE,STORE_IN_IAMDB,DATA_TYPE,DEFAULT_VALUE) values ('523','110','110','USER','st',null,0,'4655',null,'ACTIVE',null,null,0,'String',null);
Insert into ATTRIBUTE_MAP (ATTRIBUTE_MAP_ID,MANAGED_SYS_ID,RESOURCE_ID,MAP_FOR_OBJECT_TYPE,ATTRIBUTE_NAME,TARGET_ATTRIBUTE_NAME,AUTHORITATIVE_SRC,ATTRIBUTE_POLICY_ID,RULE_TEXT,STATUS,START_DATE,END_DATE,STORE_IN_IAMDB,DATA_TYPE,DEFAULT_VALUE) values ('524','110','110','USER','postalCode',null,0,'4656',null,'ACTIVE',null,null,0,'String',null);
Insert into ATTRIBUTE_MAP (ATTRIBUTE_MAP_ID,MANAGED_SYS_ID,RESOURCE_ID,MAP_FOR_OBJECT_TYPE,ATTRIBUTE_NAME,TARGET_ATTRIBUTE_NAME,AUTHORITATIVE_SRC,ATTRIBUTE_POLICY_ID,RULE_TEXT,STATUS,START_DATE,END_DATE,STORE_IN_IAMDB,DATA_TYPE,DEFAULT_VALUE) values ('550','106','106','PRINCIPAL','userName',null,0,'4600',null,'ACTIVE',null,null,0,null,null);
Insert into ATTRIBUTE_MAP (ATTRIBUTE_MAP_ID,MANAGED_SYS_ID,RESOURCE_ID,MAP_FOR_OBJECT_TYPE,ATTRIBUTE_NAME,TARGET_ATTRIBUTE_NAME,AUTHORITATIVE_SRC,ATTRIBUTE_POLICY_ID,RULE_TEXT,STATUS,START_DATE,END_DATE,STORE_IN_IAMDB,DATA_TYPE,DEFAULT_VALUE) values ('553','106','106','USER','password',null,0,'4603',null,'ACTIVE',null,null,0,null,null);
Insert into ATTRIBUTE_MAP (ATTRIBUTE_MAP_ID,MANAGED_SYS_ID,RESOURCE_ID,MAP_FOR_OBJECT_TYPE,ATTRIBUTE_NAME,TARGET_ATTRIBUTE_NAME,AUTHORITATIVE_SRC,ATTRIBUTE_POLICY_ID,RULE_TEXT,STATUS,START_DATE,END_DATE,STORE_IN_IAMDB,DATA_TYPE,DEFAULT_VALUE) values ('600','105','105','PRINCIPAL','login',null,0,'4562',null,'ACTIVE',null,null,0,null,null);
Insert into ATTRIBUTE_MAP (ATTRIBUTE_MAP_ID,MANAGED_SYS_ID,RESOURCE_ID,MAP_FOR_OBJECT_TYPE,ATTRIBUTE_NAME,TARGET_ATTRIBUTE_NAME,AUTHORITATIVE_SRC,ATTRIBUTE_POLICY_ID,RULE_TEXT,STATUS,START_DATE,END_DATE,STORE_IN_IAMDB,DATA_TYPE,DEFAULT_VALUE) values ('601','105','105','USER','name',null,0,'4514',null,'ACTIVE',null,null,0,null,null);
Insert into ATTRIBUTE_MAP (ATTRIBUTE_MAP_ID,MANAGED_SYS_ID,RESOURCE_ID,MAP_FOR_OBJECT_TYPE,ATTRIBUTE_NAME,TARGET_ATTRIBUTE_NAME,AUTHORITATIVE_SRC,ATTRIBUTE_POLICY_ID,RULE_TEXT,STATUS,START_DATE,END_DATE,STORE_IN_IAMDB,DATA_TYPE,DEFAULT_VALUE) values ('602','105','105','USER','surname',null,0,'4506',null,'ACTIVE',null,null,0,null,null);
Insert into ATTRIBUTE_MAP (ATTRIBUTE_MAP_ID,MANAGED_SYS_ID,RESOURCE_ID,MAP_FOR_OBJECT_TYPE,ATTRIBUTE_NAME,TARGET_ATTRIBUTE_NAME,AUTHORITATIVE_SRC,ATTRIBUTE_POLICY_ID,RULE_TEXT,STATUS,START_DATE,END_DATE,STORE_IN_IAMDB,DATA_TYPE,DEFAULT_VALUE) values ('603','105','105','USER','password',null,0,'4509',null,'ACTIVE',null,null,0,null,null);
Insert into ATTRIBUTE_MAP (ATTRIBUTE_MAP_ID,MANAGED_SYS_ID,RESOURCE_ID,MAP_FOR_OBJECT_TYPE,ATTRIBUTE_NAME,TARGET_ATTRIBUTE_NAME,AUTHORITATIVE_SRC,ATTRIBUTE_POLICY_ID,RULE_TEXT,STATUS,START_DATE,END_DATE,STORE_IN_IAMDB,DATA_TYPE,DEFAULT_VALUE) values ('604','105','105','USER','homePhone',null,0,'4511',null,'ACTIVE',null,null,0,null,null);
Insert into ATTRIBUTE_MAP (ATTRIBUTE_MAP_ID,MANAGED_SYS_ID,RESOURCE_ID,MAP_FOR_OBJECT_TYPE,ATTRIBUTE_NAME,TARGET_ATTRIBUTE_NAME,AUTHORITATIVE_SRC,ATTRIBUTE_POLICY_ID,RULE_TEXT,STATUS,START_DATE,END_DATE,STORE_IN_IAMDB,DATA_TYPE,DEFAULT_VALUE) values ('605','105','105','USER','workPhone',null,0,'4513',null,'ACTIVE',null,null,0,null,null);
Insert into ATTRIBUTE_MAP (ATTRIBUTE_MAP_ID,MANAGED_SYS_ID,RESOURCE_ID,MAP_FOR_OBJECT_TYPE,ATTRIBUTE_NAME,TARGET_ATTRIBUTE_NAME,AUTHORITATIVE_SRC,ATTRIBUTE_POLICY_ID,RULE_TEXT,STATUS,START_DATE,END_DATE,STORE_IN_IAMDB,DATA_TYPE,DEFAULT_VALUE) values ('606','105','105','USER','roomNumber',null,0,'4516',null,'ACTIVE',null,null,0,null,null);
Insert into ATTRIBUTE_MAP (ATTRIBUTE_MAP_ID,MANAGED_SYS_ID,RESOURCE_ID,MAP_FOR_OBJECT_TYPE,ATTRIBUTE_NAME,TARGET_ATTRIBUTE_NAME,AUTHORITATIVE_SRC,ATTRIBUTE_POLICY_ID,RULE_TEXT,STATUS,START_DATE,END_DATE,STORE_IN_IAMDB,DATA_TYPE,DEFAULT_VALUE) values ('607','105','105','USER','groups',null,0,'4546',null,'ACTIVE',null,null,0,null,null);

Insert into AUTH_PROVIDER_TYPE (PROVIDER_TYPE,DESCRIPTION,ACTIVE) values ('SAML_PROVIDER','SAML Provider','Y');

Insert into AUTH_ATTRIBUTE (AUTH_ATTRIBUTE_ID,ATTRIBUTE_NAME,PROVIDER_TYPE,DESCRIPTION,REQUIRED,DATA_TYPE,DEFAULT_VALUE) values ('1','Request Issuer','SAML_PROVIDER','The Issuer element to look for in the SAMLRequest','Y','singleValue',null);
Insert into AUTH_ATTRIBUTE (AUTH_ATTRIBUTE_ID,ATTRIBUTE_NAME,PROVIDER_TYPE,DESCRIPTION,REQUIRED,DATA_TYPE,DEFAULT_VALUE) values ('2','Response Issuer','SAML_PROVIDER','The Issuer element to send in the SAMLResponse.  Default is the SAML Login Page URL','N','singleValue',null);
Insert into AUTH_ATTRIBUTE (AUTH_ATTRIBUTE_ID,ATTRIBUTE_NAME,PROVIDER_TYPE,DESCRIPTION,REQUIRED,DATA_TYPE,DEFAULT_VALUE) values ('3','Assertion Consumer URL','SAML_PROVIDER','Where the SAMLResponse will be POSTed to','Y','singleValue',null);
Insert into AUTH_ATTRIBUTE (AUTH_ATTRIBUTE_ID,ATTRIBUTE_NAME,PROVIDER_TYPE,DESCRIPTION,REQUIRED,DATA_TYPE,DEFAULT_VALUE) values ('4','Audiences','SAML_PROVIDER','The Audience value(s) to send in the SAMLResponse','N','listValue',null);
Insert into AUTH_ATTRIBUTE (AUTH_ATTRIBUTE_ID,ATTRIBUTE_NAME,PROVIDER_TYPE,DESCRIPTION,REQUIRED,DATA_TYPE,DEFAULT_VALUE) values ('AuthnContextClassRef','Authentication Context Class','SAML_PROVIDER','The Value of the AuthnContextClassRef attribute','N','singleValue','urn:oasis:names:tc:SAML:2.0:ac:classes:Password');
Insert into AUTH_ATTRIBUTE (AUTH_ATTRIBUTE_ID,ATTRIBUTE_NAME,PROVIDER_TYPE,DESCRIPTION,REQUIRED,DATA_TYPE,DEFAULT_VALUE) values ('METADATA_EXPOSED','Metdata Exposed','SAML_PROVIDER','Is the metadata for this SAML Provider exposed?  Some Service Providers require a URL that defines the Identity Provider Metadata','N','booleanValue',null);
Insert into AUTH_ATTRIBUTE (AUTH_ATTRIBUTE_ID,ATTRIBUTE_NAME,PROVIDER_TYPE,DESCRIPTION,REQUIRED,DATA_TYPE,DEFAULT_VALUE) values ('NameIdFormat','Name ID Format','SAML_PROVIDER','The Value of the Format attribute in the NameID element','N','singleValue','urn:oasis:names:tc:SAML:1.1:nameid-format:emailAddress');
Insert into AUTH_ATTRIBUTE (AUTH_ATTRIBUTE_ID,ATTRIBUTE_NAME,PROVIDER_TYPE,DESCRIPTION,REQUIRED,DATA_TYPE,DEFAULT_VALUE) values ('NameQualifier','Name Qualifier','SAML_PROVIDER','Value of the NameQualifier attribute in the NameID element','N','singleValue',null);
Insert into AUTH_ATTRIBUTE (AUTH_ATTRIBUTE_ID,ATTRIBUTE_NAME,PROVIDER_TYPE,DESCRIPTION,REQUIRED,DATA_TYPE,DEFAULT_VALUE) values ('SPNameQualifier','SP Name Qualifier','SAML_PROVIDER','Value of the SPNameQualifier attribute in the NameID element','N','singleValue',null);

Insert into AUTH_RESOURCE_AM_ATTRIBUTE (AM_ATTRIBUTE_ID,ATTRIBUTE_NAME) values ('Login.login','Principal');
Insert into AUTH_RESOURCE_AM_ATTRIBUTE (AM_ATTRIBUTE_ID,ATTRIBUTE_NAME) values ('User.title','Functional Title');


Insert into BATCH_CONFIG (TASK_ID,TASK_NAME,FREQUENCY,FREQUENCY_UNIT_OF_MEASURE,LAST_EXEC_TIME,ENABLED,TASK_URL,EXECUTION_ORDER,STATUS,PARAM1,PARAM2,PARAM3,PARAM4,RULE_TYPE) values ('100','ACCOUNT_LOCKED_NOTIFICATION',null,'MINUTE',null,0,'batch/accountLockedNotification.groovy',2,null,null,null,null,null,null);
Insert into BATCH_CONFIG (TASK_ID,TASK_NAME,FREQUENCY,FREQUENCY_UNIT_OF_MEASURE,LAST_EXEC_TIME,ENABLED,TASK_URL,EXECUTION_ORDER,STATUS,PARAM1,PARAM2,PARAM3,PARAM4,RULE_TYPE) values ('101','INACTIVE_USER',null,'NIGHTLY',null,0,'batch/inactiveUser.groovy',1,null,null,null,null,null,null);
Insert into BATCH_CONFIG (TASK_ID,TASK_NAME,FREQUENCY,FREQUENCY_UNIT_OF_MEASURE,LAST_EXEC_TIME,ENABLED,TASK_URL,EXECUTION_ORDER,STATUS,PARAM1,PARAM2,PARAM3,PARAM4,RULE_TYPE) values ('102','PASSWORD_NEAR_EXP',null,'NIGHTLY',null,0,'batch/passwordNearExpNotification.groovy',2,null,null,null,null,null,null);
Insert into BATCH_CONFIG (TASK_ID,TASK_NAME,FREQUENCY,FREQUENCY_UNIT_OF_MEASURE,LAST_EXEC_TIME,ENABLED,TASK_URL,EXECUTION_ORDER,STATUS,PARAM1,PARAM2,PARAM3,PARAM4,RULE_TYPE) values ('103','TERMINATE_EXP_ACCT',null,'NIGHTLY',null,0,'batch/terminateOnExpiration.groovy',3,null,null,null,null,null,null);
Insert into BATCH_CONFIG (TASK_ID,TASK_NAME,FREQUENCY,FREQUENCY_UNIT_OF_MEASURE,LAST_EXEC_TIME,ENABLED,TASK_URL,EXECUTION_ORDER,STATUS,PARAM1,PARAM2,PARAM3,PARAM4,RULE_TYPE) values ('104','AUTO_UNLOCK',null,'MINUTE',null,0,'batch/autoUnlock.groovy',1,null,null,null,null,null,null);
Insert into BATCH_CONFIG (TASK_ID,TASK_NAME,FREQUENCY,FREQUENCY_UNIT_OF_MEASURE,LAST_EXEC_TIME,ENABLED,TASK_URL,EXECUTION_ORDER,STATUS,PARAM1,PARAM2,PARAM3,PARAM4,RULE_TYPE) values ('105','RESET_PSWD_CHNG_COUNT',null,'MINUTE',null,0,'batch/resetPasswordChangeCount.groovy',2,null,null,null,null,null,null);
Insert into BATCH_CONFIG (TASK_ID,TASK_NAME,FREQUENCY,FREQUENCY_UNIT_OF_MEASURE,LAST_EXEC_TIME,ENABLED,TASK_URL,EXECUTION_ORDER,STATUS,PARAM1,PARAM2,PARAM3,PARAM4,RULE_TYPE) values ('106','PUBLISH_AUDIT_EVENT',null,'NIGHTLY',null,0,'batch/publishAuditEvent.groovy',3,null,null,null,null,null,null);
Insert into BATCH_CONFIG (TASK_ID,TASK_NAME,FREQUENCY,FREQUENCY_UNIT_OF_MEASURE,LAST_EXEC_TIME,ENABLED,TASK_URL,EXECUTION_ORDER,STATUS,PARAM1,PARAM2,PARAM3,PARAM4,RULE_TYPE) values ('107','PASSWORD_EXPIRED',null,'NIGHTLY',null,0,'batch/passwordExpiredNotification.groovy',4,null,null,null,null,null,null);
Insert into BATCH_CONFIG (TASK_ID,TASK_NAME,FREQUENCY,FREQUENCY_UNIT_OF_MEASURE,LAST_EXEC_TIME,ENABLED,TASK_URL,EXECUTION_ORDER,STATUS,PARAM1,PARAM2,PARAM3,PARAM4,RULE_TYPE) values ('108','PROV_ON_STARTDATE',null,'NIGHTLY',null,0,'batch/provisionOnStartDate.groovy',4,null,null,null,null,null,null);

Insert into CATEGORY (CATEGORY_ID,PARENT_ID,CATEGORY_NAME,CATEGORY_DESC,CREATE_DATE,CREATED_BY,SHOW_LIST,DISPLAY_ORDER) values ('ACL','','ACL Root',null,null,null,0,0);
Insert into CATEGORY (CATEGORY_ID,PARENT_ID,CATEGORY_NAME,CATEGORY_DESC,CREATE_DATE,CREATED_BY,SHOW_LIST,DISPLAY_ORDER) values ('Application','','ACL',null,null,null,0,0);
Insert into CATEGORY (CATEGORY_ID,PARENT_ID,CATEGORY_NAME,CATEGORY_DESC,CREATE_DATE,CREATED_BY,SHOW_LIST,DISPLAY_ORDER) values ('CONNECTOR_TYPE','ROOT','Provisioning Connectors',null,null,null,0,0);
Insert into CATEGORY (CATEGORY_ID,PARENT_ID,CATEGORY_NAME,CATEGORY_DESC,CREATE_DATE,CREATED_BY,SHOW_LIST,DISPLAY_ORDER) values ('GROUP_TYPE','ROOT','Group Type',null,null,null,0,0);
Insert into CATEGORY (CATEGORY_ID,PARENT_ID,CATEGORY_NAME,CATEGORY_DESC,CREATE_DATE,CREATED_BY,SHOW_LIST,DISPLAY_ORDER) values ('MANAGED_SYS_TYPE','ROOT','Managed System Types',null,null,null,0,0);
Insert into CATEGORY (CATEGORY_ID,PARENT_ID,CATEGORY_NAME,CATEGORY_DESC,CREATE_DATE,CREATED_BY,SHOW_LIST,DISPLAY_ORDER) values ('ORG_TYPE','ROOT','ORGANIZATION Types',null,null,null,0,0);
Insert into CATEGORY (CATEGORY_ID,PARENT_ID,CATEGORY_NAME,CATEGORY_DESC,CREATE_DATE,CREATED_BY,SHOW_LIST,DISPLAY_ORDER) values ('ROOT','','ROOT',null,null,null,0,0);
Insert into CATEGORY (CATEGORY_ID,PARENT_ID,CATEGORY_NAME,CATEGORY_DESC,CREATE_DATE,CREATED_BY,SHOW_LIST,DISPLAY_ORDER) values ('SECURITY',null,'SECURITY',null,null,null,0,0);
Insert into CATEGORY (CATEGORY_ID,PARENT_ID,CATEGORY_NAME,CATEGORY_DESC,CREATE_DATE,CREATED_BY,SHOW_LIST,DISPLAY_ORDER) values ('USER_TYPE','ROOT','User Types',null,null,null,0,0);
Insert into CATEGORY (CATEGORY_ID,PARENT_ID,CATEGORY_NAME,CATEGORY_DESC,CREATE_DATE,CREATED_BY,SHOW_LIST,DISPLAY_ORDER) values ('WebSite','','ACL',null,null,null,0,0);

Insert into METADATA_TYPE (TYPE_ID,DESCRIPTION,ACTIVE,SYNC_MANAGED_SYS,GROUPING) values ('ADGroup','AD User type','Y','Y',null);
Insert into METADATA_TYPE (TYPE_ID,DESCRIPTION,ACTIVE,SYNC_MANAGED_SYS,GROUPING) values ('ADUser','AD User type','Y','Y',null);
Insert into METADATA_TYPE (TYPE_ID,DESCRIPTION,ACTIVE,SYNC_MANAGED_SYS,GROUPING) values ('AD_Connector','Active Directory Connector','Y','Y',null);
Insert into METADATA_TYPE (TYPE_ID,DESCRIPTION,ACTIVE,SYNC_MANAGED_SYS,GROUPING) values ('AD_GROUP_TYPE','AD GROUP TYPE','N','N',null);
Insert into METADATA_TYPE (TYPE_ID,DESCRIPTION,ACTIVE,SYNC_MANAGED_SYS,GROUPING) values ('AUTHENTICATION_PROVIDER','Authentication Provider','Y','Y',null);
Insert into METADATA_TYPE (TYPE_ID,DESCRIPTION,ACTIVE,SYNC_MANAGED_SYS,GROUPING) values ('AUTH_REPO','Authentication Repository','Y','Y',null);
Insert into METADATA_TYPE (TYPE_ID,DESCRIPTION,ACTIVE,SYNC_MANAGED_SYS,GROUPING) values ('CHECKBOX','Checkbox','Y','N','UI_WIDGET');
Insert into METADATA_TYPE (TYPE_ID,DESCRIPTION,ACTIVE,SYNC_MANAGED_SYS,GROUPING) values ('CONTENT_PROVIDER','Content Provider','Y','Y',null);
Insert into METADATA_TYPE (TYPE_ID,DESCRIPTION,ACTIVE,SYNC_MANAGED_SYS,GROUPING) values ('Contractor','Contractor user type','Y','Y',null);
Insert into METADATA_TYPE (TYPE_ID,DESCRIPTION,ACTIVE,SYNC_MANAGED_SYS,GROUPING) values ('DATE','Date field','Y','N','UI_WIDGET');
Insert into METADATA_TYPE (TYPE_ID,DESCRIPTION,ACTIVE,SYNC_MANAGED_SYS,GROUPING) values ('DEFAULT_GROUP','DEFAULT GROUP TYPE','N','N',null);
Insert into METADATA_TYPE (TYPE_ID,DESCRIPTION,ACTIVE,SYNC_MANAGED_SYS,GROUPING) values ('departmentType','Department','Y','Y',null);
Insert into METADATA_TYPE (TYPE_ID,DESCRIPTION,ACTIVE,SYNC_MANAGED_SYS,GROUPING) values ('DIRECTORY','Directory','Y','Y',null);
Insert into METADATA_TYPE (TYPE_ID,DESCRIPTION,ACTIVE,SYNC_MANAGED_SYS,GROUPING) values ('divisionType','Division','Y','Y',null);
Insert into METADATA_TYPE (TYPE_ID,DESCRIPTION,ACTIVE,SYNC_MANAGED_SYS,GROUPING) values ('FILE','File','Y','Y',null);
Insert into METADATA_TYPE (TYPE_ID,DESCRIPTION,ACTIVE,SYNC_MANAGED_SYS,GROUPING) values ('GOOGLE_Connector','GOOGLE APPS Connector','Y','Y',null);
Insert into METADATA_TYPE (TYPE_ID,DESCRIPTION,ACTIVE,SYNC_MANAGED_SYS,GROUPING) values ('InetOrgPerson','InetOrgPerson user type','Y','Y',null);
Insert into METADATA_TYPE (TYPE_ID,DESCRIPTION,ACTIVE,SYNC_MANAGED_SYS,GROUPING) values ('LdapOrgPerson','LdapOrgPerson User type','Y','Y',null);
Insert into METADATA_TYPE (TYPE_ID,DESCRIPTION,ACTIVE,SYNC_MANAGED_SYS,GROUPING) values ('LDAP_Connector','LDAP Connector','Y','Y',null);
Insert into METADATA_TYPE (TYPE_ID,DESCRIPTION,ACTIVE,SYNC_MANAGED_SYS,GROUPING) values ('LDAP_GROUP_TYPE','LDAP GROUP TYPE','N','N',null);
Insert into METADATA_TYPE (TYPE_ID,DESCRIPTION,ACTIVE,SYNC_MANAGED_SYS,GROUPING) values ('LINUX_Connector','Linux Connector','Y','Y',null);
Insert into METADATA_TYPE (TYPE_ID,DESCRIPTION,ACTIVE,SYNC_MANAGED_SYS,GROUPING) values ('MANAGED_SYS','Managed System','Y','Y',null);
Insert into METADATA_TYPE (TYPE_ID,DESCRIPTION,ACTIVE,SYNC_MANAGED_SYS,GROUPING) values ('MENU_ITEM','Menu Item Type','Y','Y',null);
Insert into METADATA_TYPE (TYPE_ID,DESCRIPTION,ACTIVE,SYNC_MANAGED_SYS,GROUPING) values ('MULTI_SELECT','MultiSelect list','Y','N','UI_WIDGET');
Insert into METADATA_TYPE (TYPE_ID,DESCRIPTION,ACTIVE,SYNC_MANAGED_SYS,GROUPING) values ('NO-PROVISION-APP','Un-Provisionable Apps','Y','Y',null);
Insert into METADATA_TYPE (TYPE_ID,DESCRIPTION,ACTIVE,SYNC_MANAGED_SYS,GROUPING) values ('OrgOpenIAM','OpenIAM','Y','Y',null);
Insert into METADATA_TYPE (TYPE_ID,DESCRIPTION,ACTIVE,SYNC_MANAGED_SYS,GROUPING) values ('PASSWORD','Password field','Y','N','UI_WIDGET');
Insert into METADATA_TYPE (TYPE_ID,DESCRIPTION,ACTIVE,SYNC_MANAGED_SYS,GROUPING) values ('RADIO','Radio button','Y','N','UI_WIDGET');
Insert into METADATA_TYPE (TYPE_ID,DESCRIPTION,ACTIVE,SYNC_MANAGED_SYS,GROUPING) values ('RDBMS_Connector','RDBMS Connector','Y','Y',null);
Insert into METADATA_TYPE (TYPE_ID,DESCRIPTION,ACTIVE,SYNC_MANAGED_SYS,GROUPING) values ('SCRIPT_Connector','Script Connector','Y','Y',null);
Insert into METADATA_TYPE (TYPE_ID,DESCRIPTION,ACTIVE,SYNC_MANAGED_SYS,GROUPING) values ('SELECT','Combo box','Y','N','UI_WIDGET');
Insert into METADATA_TYPE (TYPE_ID,DESCRIPTION,ACTIVE,SYNC_MANAGED_SYS,GROUPING) values ('SOAP_Connector','SOAP Connector','Y','Y',null);
Insert into METADATA_TYPE (TYPE_ID,DESCRIPTION,ACTIVE,SYNC_MANAGED_SYS,GROUPING) values ('SystemAccount','System Account type','Y','Y',null);
Insert into METADATA_TYPE (TYPE_ID,DESCRIPTION,ACTIVE,SYNC_MANAGED_SYS,GROUPING) values ('SYS_ACTION','System Actions','Y','Y',null);
Insert into METADATA_TYPE (TYPE_ID,DESCRIPTION,ACTIVE,SYNC_MANAGED_SYS,GROUPING) values ('TEXT','Text field','Y','N','UI_WIDGET');
Insert into METADATA_TYPE (TYPE_ID,DESCRIPTION,ACTIVE,SYNC_MANAGED_SYS,GROUPING) values ('TEXTAREA','Multiline text field','Y','N','UI_WIDGET');
Insert into METADATA_TYPE (TYPE_ID,DESCRIPTION,ACTIVE,SYNC_MANAGED_SYS,GROUPING) values ('UI_TEMPLATE','UI_TEMPLATE','Y','Y',null);
Insert into METADATA_TYPE (TYPE_ID,DESCRIPTION,ACTIVE,SYNC_MANAGED_SYS,GROUPING) values ('UI_WIDGET','UI_WIDGET','Y','Y',null);
Insert into METADATA_TYPE (TYPE_ID,DESCRIPTION,ACTIVE,SYNC_MANAGED_SYS,GROUPING) values ('URL','URL','Y','Y',null);
Insert into METADATA_TYPE (TYPE_ID,DESCRIPTION,ACTIVE,SYNC_MANAGED_SYS,GROUPING) values ('URL_PATTERN','Url Pattern','Y','Y',null);
Insert into METADATA_TYPE (TYPE_ID,DESCRIPTION,ACTIVE,SYNC_MANAGED_SYS,GROUPING) values ('WEBSERVICE','Web Service','Y','Y',null);
Insert into METADATA_TYPE (TYPE_ID,DESCRIPTION,ACTIVE,SYNC_MANAGED_SYS,GROUPING) values ('WEBSERVICE_OP','Web Service Operation','Y','Y',null);


Insert into CATEGORY_TYPE (CATEGORY_ID,TYPE_ID) values ('ACL','DIRECTORY');
Insert into CATEGORY_TYPE (CATEGORY_ID,TYPE_ID) values ('ACL','FILE');
Insert into CATEGORY_TYPE (CATEGORY_ID,TYPE_ID) values ('ACL','URL');
Insert into CATEGORY_TYPE (CATEGORY_ID,TYPE_ID) values ('CONNECTOR_TYPE','AD_Connector');
Insert into CATEGORY_TYPE (CATEGORY_ID,TYPE_ID) values ('CONNECTOR_TYPE','LDAP_Connector');
Insert into CATEGORY_TYPE (CATEGORY_ID,TYPE_ID) values ('CONNECTOR_TYPE','LINUX_Connector');
Insert into CATEGORY_TYPE (CATEGORY_ID,TYPE_ID) values ('CONNECTOR_TYPE','RDBMS_Connector');
Insert into CATEGORY_TYPE (CATEGORY_ID,TYPE_ID) values ('CONNECTOR_TYPE','SCRIPT_Connector');
Insert into CATEGORY_TYPE (CATEGORY_ID,TYPE_ID) values ('CONNECTOR_TYPE','SOAP_Connector');
Insert into CATEGORY_TYPE (CATEGORY_ID,TYPE_ID) values ('GROUP_TYPE','AD_GROUP_TYPE');
Insert into CATEGORY_TYPE (CATEGORY_ID,TYPE_ID) values ('GROUP_TYPE','DEFAULT_GROUP');
Insert into CATEGORY_TYPE (CATEGORY_ID,TYPE_ID) values ('GROUP_TYPE','LDAP_GROUP_TYPE');
Insert into CATEGORY_TYPE (CATEGORY_ID,TYPE_ID) values ('MANAGED_SYS_TYPE','ADGroup');
Insert into CATEGORY_TYPE (CATEGORY_ID,TYPE_ID) values ('MANAGED_SYS_TYPE','ADUser');
Insert into CATEGORY_TYPE (CATEGORY_ID,TYPE_ID) values ('MANAGED_SYS_TYPE','LdapOrgPerson');
Insert into CATEGORY_TYPE (CATEGORY_ID,TYPE_ID) values ('ORG_TYPE','departmentType');
Insert into CATEGORY_TYPE (CATEGORY_ID,TYPE_ID) values ('ORG_TYPE','divisionType');
Insert into CATEGORY_TYPE (CATEGORY_ID,TYPE_ID) values ('USER_TYPE','Contractor');
Insert into CATEGORY_TYPE (CATEGORY_ID,TYPE_ID) values ('USER_TYPE','InetOrgPerson');
Insert into CATEGORY_TYPE (CATEGORY_ID,TYPE_ID) values ('USER_TYPE','SystemAccount');

Insert into SERVICE (SERVICE_ID,SERVICE_NAME,STATUS,LOCATION_IP_ADDRESS,COMPANY_OWNER_ID,START_DATE,END_DATE,LICENSE_KEY,SERVICE_TYPE,PARENT_SERVICE_ID,ROOT_RESOURCE_ID,ACCESS_CONTROL_MODEL,PARAM1,PARAM2,PARAM3,PARAM4,PARAM5) values ('USR_SEC_DOMAIN','USER SECURITY DOMAIN','ON-LINE',null,null,null,null,null,null,null,null,null,null,null,null,null,null);

Insert into SEQUENCE_GEN (ATTRIBUTE,NEXT_ID) values ('CATEGORY_ID',3000);
Insert into SEQUENCE_GEN (ATTRIBUTE,NEXT_ID) values ('DOMAIN_ID',1000);
Insert into SEQUENCE_GEN (ATTRIBUTE,NEXT_ID) values ('MANAGED_SYS_ID',100);
Insert into SEQUENCE_GEN (ATTRIBUTE,NEXT_ID) values ('METADATA_ELEMENT_ID',2000);
Insert into SEQUENCE_GEN (ATTRIBUTE,NEXT_ID) values ('METADATA_ID',3000);
Insert into SEQUENCE_GEN (ATTRIBUTE,NEXT_ID) values ('METADATA_VALUE_ID',2000);
Insert into SEQUENCE_GEN (ATTRIBUTE,NEXT_ID) values ('ORG_STRUCTURE_ID',200);
Insert into SEQUENCE_GEN (ATTRIBUTE,NEXT_ID) values ('PRIVILEGE_ID',1001);
Insert into SEQUENCE_GEN (ATTRIBUTE,NEXT_ID) values ('SERVICE_ID',1000);
Insert into SEQUENCE_GEN (ATTRIBUTE,NEXT_ID) values ('TYPE_ID',1013);


Insert into ROLE (SERVICE_ID,ROLE_NAME,CREATE_DATE,CREATED_BY,DESCRIPTION,TYPE_ID,OWNER_ID,STATUS,INTERNAL_ROLE_ID,ROLE_ID) values ('USR_SEC_DOMAIN','End User',null,null,null,null,null,null,null,'1');
Insert into ROLE (SERVICE_ID,ROLE_NAME,CREATE_DATE,CREATED_BY,DESCRIPTION,TYPE_ID,OWNER_ID,STATUS,INTERNAL_ROLE_ID,ROLE_ID) values ('USR_SEC_DOMAIN','Help Desk',null,null,null,null,null,null,null,'2');
Insert into ROLE (SERVICE_ID,ROLE_NAME,CREATE_DATE,CREATED_BY,DESCRIPTION,TYPE_ID,OWNER_ID,STATUS,INTERNAL_ROLE_ID,ROLE_ID) values ('USR_SEC_DOMAIN','Human Resource',null,null,null,null,null,null,null,'3');
Insert into ROLE (SERVICE_ID,ROLE_NAME,CREATE_DATE,CREATED_BY,DESCRIPTION,TYPE_ID,OWNER_ID,STATUS,INTERNAL_ROLE_ID,ROLE_ID) values ('USR_SEC_DOMAIN','Manager',null,null,null,null,null,null,null,'4');
Insert into ROLE (SERVICE_ID,ROLE_NAME,CREATE_DATE,CREATED_BY,DESCRIPTION,TYPE_ID,OWNER_ID,STATUS,INTERNAL_ROLE_ID,ROLE_ID) values ('USR_SEC_DOMAIN','Security Manager',null,null,null,null,null,null,null,'5');
Insert into ROLE (SERVICE_ID,ROLE_NAME,CREATE_DATE,CREATED_BY,DESCRIPTION,TYPE_ID,OWNER_ID,STATUS,INTERNAL_ROLE_ID,ROLE_ID) values ('IDM','Security Admin_IDM',null,null,null,null,null,null,null,'6');
Insert into ROLE (SERVICE_ID,ROLE_NAME,CREATE_DATE,CREATED_BY,DESCRIPTION,TYPE_ID,OWNER_ID,STATUS,INTERNAL_ROLE_ID,ROLE_ID) values ('USR_SEC_DOMAIN','Security Admin',null,null,null,null,null,null,null,'7');
Insert into ROLE (SERVICE_ID,ROLE_NAME,CREATE_DATE,CREATED_BY,DESCRIPTION,TYPE_ID,OWNER_ID,STATUS,INTERNAL_ROLE_ID,ROLE_ID) values ('IDM','Super Security Admin',null,null,null,null,null,null,null,'9');


Insert into RESOURCE_TYPE (RESOURCE_TYPE_ID,DESCRIPTION,METADATA_TYPE_ID,PROVISION_RESOURCE,PROCESS_NAME) values ('AUTH_PROVIDER','Authentication Provider','AUTHENTICATION_PROVIDER',null,null);
Insert into RESOURCE_TYPE (RESOURCE_TYPE_ID,DESCRIPTION,METADATA_TYPE_ID,PROVISION_RESOURCE,PROCESS_NAME) values ('AUTH_REPO','Authentication Repository','AUTH_REPO',null,null);
Insert into RESOURCE_TYPE (RESOURCE_TYPE_ID,DESCRIPTION,METADATA_TYPE_ID,PROVISION_RESOURCE,PROCESS_NAME) values ('CONTENT_PROVIDER','Content Provider','CONTENT_PROVIDER',null,null);
Insert into RESOURCE_TYPE (RESOURCE_TYPE_ID,DESCRIPTION,METADATA_TYPE_ID,PROVISION_RESOURCE,PROCESS_NAME) values ('MANAGED_SYS','Managed Systems','MANAGED_SYSTEM',1,null);
Insert into RESOURCE_TYPE (RESOURCE_TYPE_ID,DESCRIPTION,METADATA_TYPE_ID,PROVISION_RESOURCE,PROCESS_NAME) values ('MENU_ITEM','Menus','MENU_ITEM',null,null);
Insert into RESOURCE_TYPE (RESOURCE_TYPE_ID,DESCRIPTION,METADATA_TYPE_ID,PROVISION_RESOURCE,PROCESS_NAME) values ('SYS_ACTION','System Action','SYS_ACTION',0,null);
Insert into RESOURCE_TYPE (RESOURCE_TYPE_ID,DESCRIPTION,METADATA_TYPE_ID,PROVISION_RESOURCE,PROCESS_NAME) values ('UI_TEMPLATE','UI Template','UI_TEMPLATE',null,null);
Insert into RESOURCE_TYPE (RESOURCE_TYPE_ID,DESCRIPTION,METADATA_TYPE_ID,PROVISION_RESOURCE,PROCESS_NAME) values ('UI_WIDGET','UI Widget','UI_WIDGET',null,null);
Insert into RESOURCE_TYPE (RESOURCE_TYPE_ID,DESCRIPTION,METADATA_TYPE_ID,PROVISION_RESOURCE,PROCESS_NAME) values ('URL_PATTERN','Url Pattern','URL_PATTERN',null,null);

Insert into PROVISION_CONNECTOR (CONNECTOR_ID,NAME,METADATA_TYPE_ID,STD_COMPLIANCE_LEVEL,CLIENT_COMM_PROTOCOL,SERVICE_URL,SERVICE_NAMESPACE,SERVICE_PORT,SERVICE_WSDL,CLASS_NAME,HOST,PORT,CONNECTOR_INTERFACE) values ('51','LDAP CONNECTOR','LDAP_Connector',null,null,'localhost:8080/openiam-idm-esb/idmsrvc/LDAPConnectorService','http://www.openiam.org/service/connector','LDAPConnectorServicePort',null,null,null,null,null);
Insert into PROVISION_CONNECTOR (CONNECTOR_ID,NAME,METADATA_TYPE_ID,STD_COMPLIANCE_LEVEL,CLIENT_COMM_PROTOCOL,SERVICE_URL,SERVICE_NAMESPACE,SERVICE_PORT,SERVICE_WSDL,CLASS_NAME,HOST,PORT,CONNECTOR_INTERFACE) values ('54','Google Apps CONNECTOR','GOOGLE_Connector',null,null,'localhost:8080/openiam-idm-esb/idmsrvc/GoogleAppsConnectorService','http://www.openiam.org/service/connector','GoogleAppsConnectorServicePort',null,null,null,null,null);
Insert into PROVISION_CONNECTOR (CONNECTOR_ID,NAME,METADATA_TYPE_ID,STD_COMPLIANCE_LEVEL,CLIENT_COMM_PROTOCOL,SERVICE_URL,SERVICE_NAMESPACE,SERVICE_PORT,SERVICE_WSDL,CLASS_NAME,HOST,PORT,CONNECTOR_INTERFACE) values ('61','Application Tables CONNECTOR','DB_Connector',null,null,'localhost:8080/openiam-idm-esb/idmsrvc/ApplicationTablesConnector','http://www.openiam.org/service/connector','NA',null,null,null,null,null);
Insert into PROVISION_CONNECTOR (CONNECTOR_ID,NAME,METADATA_TYPE_ID,STD_COMPLIANCE_LEVEL,CLIENT_COMM_PROTOCOL,SERVICE_URL,SERVICE_NAMESPACE,SERVICE_PORT,SERVICE_WSDL,CLASS_NAME,HOST,PORT,CONNECTOR_INTERFACE) values ('62','Groovy Script CONNECTOR','SCRIPT_Connector',null,null,'localhost:8080/openiam-idm-esb/idmsrvc/ScriptConnectorService','http://www.openiam.org/service/connector','NA',null,null,null,null,null);
Insert into PROVISION_CONNECTOR (CONNECTOR_ID,NAME,METADATA_TYPE_ID,STD_COMPLIANCE_LEVEL,CLIENT_COMM_PROTOCOL,SERVICE_URL,SERVICE_NAMESPACE,SERVICE_PORT,SERVICE_WSDL,CLASS_NAME,HOST,PORT,CONNECTOR_INTERFACE) values ('63','Linux CONNECTOR','LINUX_Connector',null,null,'localhost:8080/openiam-idm-esb/idmsrvc/LinuxConnectorService','http://www.openiam.org/service/connector','NA',null,null,null,null,null);
Insert into PROVISION_CONNECTOR (CONNECTOR_ID,NAME,METADATA_TYPE_ID,STD_COMPLIANCE_LEVEL,CLIENT_COMM_PROTOCOL,SERVICE_URL,SERVICE_NAMESPACE,SERVICE_PORT,SERVICE_WSDL,CLASS_NAME,HOST,PORT,CONNECTOR_INTERFACE) values ('64','MySQL CONNECTOR','MySQL Connector',null,null,'localhost:8080/openiam-idm-esb/idmsrvc/MySQLConnector','http://www.openiam.org/service/connector','NA',null,null,null,null,null);
Insert into PROVISION_CONNECTOR (CONNECTOR_ID,NAME,METADATA_TYPE_ID,STD_COMPLIANCE_LEVEL,CLIENT_COMM_PROTOCOL,SERVICE_URL,SERVICE_NAMESPACE,SERVICE_PORT,SERVICE_WSDL,CLASS_NAME,HOST,PORT,CONNECTOR_INTERFACE) values ('65','Oracle CONNECTOR','DB_Connector',null,null,'localhost:8080/openiam-idm-esb/idmsrvc/OracleConnector','http://www.openiam.org/service/connector','NA',null,null,null,null,null);


Insert into RES (RESOURCE_ID,RESOURCE_TYPE_ID,DESCRIPTION,NAME,BRANCH_ID,CATEGORY_ID,DISPLAY_ORDER,MANAGED_SYS_ID,URL,RES_OWNER_GROUP_ID,RES_OWNER_USER_ID,MIN_AUTH_LEVEL,DOMAIN,IS_PUBLIC,IS_SSL) values ('0','MANAGED_SYS',null,'OPENIAM',null,null,1,null,null,null,null,null,null,'Y','N');
Insert into RES (RESOURCE_ID,RESOURCE_TYPE_ID,DESCRIPTION,NAME,BRANCH_ID,CATEGORY_ID,DISPLAY_ORDER,MANAGED_SYS_ID,URL,RES_OWNER_GROUP_ID,RES_OWNER_USER_ID,MIN_AUTH_LEVEL,DOMAIN,IS_PUBLIC,IS_SSL) values ('101','MANAGED_SYS',null,'LDAP',null,null,2,'101',null,null,null,null,null,'Y','N');
Insert into RES (RESOURCE_ID,RESOURCE_TYPE_ID,DESCRIPTION,NAME,BRANCH_ID,CATEGORY_ID,DISPLAY_ORDER,MANAGED_SYS_ID,URL,RES_OWNER_GROUP_ID,RES_OWNER_USER_ID,MIN_AUTH_LEVEL,DOMAIN,IS_PUBLIC,IS_SSL) values ('103','MANAGED_SYS',null,'Google App Con',null,null,3,'103',null,null,null,null,null,'Y','N');
Insert into RES (RESOURCE_ID,RESOURCE_TYPE_ID,DESCRIPTION,NAME,BRANCH_ID,CATEGORY_ID,DISPLAY_ORDER,MANAGED_SYS_ID,URL,RES_OWNER_GROUP_ID,RES_OWNER_USER_ID,MIN_AUTH_LEVEL,DOMAIN,IS_PUBLIC,IS_SSL) values ('104','MANAGED_SYS',null,'Groovy Script Con',null,null,4,'104',null,null,null,null,null,'Y','N');
Insert into RES (RESOURCE_ID,RESOURCE_TYPE_ID,DESCRIPTION,NAME,BRANCH_ID,CATEGORY_ID,DISPLAY_ORDER,MANAGED_SYS_ID,URL,RES_OWNER_GROUP_ID,RES_OWNER_USER_ID,MIN_AUTH_LEVEL,DOMAIN,IS_PUBLIC,IS_SSL) values ('105','MANAGED_SYS',null,'Linux Con',null,null,5,'105',null,null,null,null,null,'Y','N');
Insert into RES (RESOURCE_ID,RESOURCE_TYPE_ID,DESCRIPTION,NAME,BRANCH_ID,CATEGORY_ID,DISPLAY_ORDER,MANAGED_SYS_ID,URL,RES_OWNER_GROUP_ID,RES_OWNER_USER_ID,MIN_AUTH_LEVEL,DOMAIN,IS_PUBLIC,IS_SSL) values ('106','MANAGED_SYS',null,'MySQL Con',null,null,6,'106',null,null,null,null,null,'Y','N');
Insert into RES (RESOURCE_ID,RESOURCE_TYPE_ID,DESCRIPTION,NAME,BRANCH_ID,CATEGORY_ID,DISPLAY_ORDER,MANAGED_SYS_ID,URL,RES_OWNER_GROUP_ID,RES_OWNER_USER_ID,MIN_AUTH_LEVEL,DOMAIN,IS_PUBLIC,IS_SSL) values ('110','MANAGED_SYS',null,'ACTIVE DIRECTORY',null,null,3,'110',null,null,null,null,null,'Y','N');
Insert into RES (RESOURCE_ID,RESOURCE_TYPE_ID,DESCRIPTION,NAME,BRANCH_ID,CATEGORY_ID,DISPLAY_ORDER,MANAGED_SYS_ID,URL,RES_OWNER_GROUP_ID,RES_OWNER_USER_ID,MIN_AUTH_LEVEL,DOMAIN,IS_PUBLIC,IS_SSL) values ('111','MANAGED_SYS',null,'Oracle Connector',null,null,4,'111',null,null,null,null,null,'Y','N');
Insert into RES (RESOURCE_ID,RESOURCE_TYPE_ID,DESCRIPTION,NAME,BRANCH_ID,CATEGORY_ID,DISPLAY_ORDER,MANAGED_SYS_ID,URL,RES_OWNER_GROUP_ID,RES_OWNER_USER_ID,MIN_AUTH_LEVEL,DOMAIN,IS_PUBLIC,IS_SSL) values ('254','SYS_ACTION','NEW USER','SELFSERVICE_NEWUSER',null,null,6,null,null,null,null,null,null,'Y','N');
Insert into RES (RESOURCE_ID,RESOURCE_TYPE_ID,DESCRIPTION,NAME,BRANCH_ID,CATEGORY_ID,DISPLAY_ORDER,MANAGED_SYS_ID,URL,RES_OWNER_GROUP_ID,RES_OWNER_USER_ID,MIN_AUTH_LEVEL,DOMAIN,IS_PUBLIC,IS_SSL) values ('255','SYS_ACTION','SELF REGISTRATION','SELFSERVICE_SELFREGISTER',null,null,6,null,null,null,null,null,null,'Y','N');
Insert into RES (RESOURCE_ID,RESOURCE_TYPE_ID,DESCRIPTION,NAME,BRANCH_ID,CATEGORY_ID,DISPLAY_ORDER,MANAGED_SYS_ID,URL,RES_OWNER_GROUP_ID,RES_OWNER_USER_ID,MIN_AUTH_LEVEL,DOMAIN,IS_PUBLIC,IS_SSL) values ('ACCESSCENTER','MENU_ITEM','Access Management Center','ACCESSCENTER',null,null,1,null,null,null,null,null,null,'N','N');
Insert into RES (RESOURCE_ID,RESOURCE_TYPE_ID,DESCRIPTION,NAME,BRANCH_ID,CATEGORY_ID,DISPLAY_ORDER,MANAGED_SYS_ID,URL,RES_OWNER_GROUP_ID,RES_OWNER_USER_ID,MIN_AUTH_LEVEL,DOMAIN,IS_PUBLIC,IS_SSL) values ('ACC_CONTROL','MENU_ITEM','Access Control','ACC_CONTROL',null,null,2,null,'javascript:void(0);',null,null,null,null,'N','N');
Insert into RES (RESOURCE_ID,RESOURCE_TYPE_ID,DESCRIPTION,NAME,BRANCH_ID,CATEGORY_ID,DISPLAY_ORDER,MANAGED_SYS_ID,URL,RES_OWNER_GROUP_ID,RES_OWNER_USER_ID,MIN_AUTH_LEVEL,DOMAIN,IS_PUBLIC,IS_SSL) values ('ADMIN','MENU_ITEM','Administration','ADMIN',null,null,6,null,'javascript:void(0);',null,null,null,null,'N','N');
Insert into RES (RESOURCE_ID,RESOURCE_TYPE_ID,DESCRIPTION,NAME,BRANCH_ID,CATEGORY_ID,DISPLAY_ORDER,MANAGED_SYS_ID,URL,RES_OWNER_GROUP_ID,RES_OWNER_USER_ID,MIN_AUTH_LEVEL,DOMAIN,IS_PUBLIC,IS_SSL) values ('AM_PROV_AM_ATTR','MENU_ITEM','Create Authentication Provider','AM_PROV_AM_ATTR',null,null,1,null,'/webconsole-am/authProviderAMAttributes.html',null,null,null,null,'Y','N');
Insert into RES (RESOURCE_ID,RESOURCE_TYPE_ID,DESCRIPTION,NAME,BRANCH_ID,CATEGORY_ID,DISPLAY_ORDER,MANAGED_SYS_ID,URL,RES_OWNER_GROUP_ID,RES_OWNER_USER_ID,MIN_AUTH_LEVEL,DOMAIN,IS_PUBLIC,IS_SSL) values ('AM_PROV_EDIT','MENU_ITEM','Authentication Provider Edit Menu','AM_PROV_EDIT',null,null,1,null,null,null,null,null,null,'Y','N');
Insert into RES (RESOURCE_ID,RESOURCE_TYPE_ID,DESCRIPTION,NAME,BRANCH_ID,CATEGORY_ID,DISPLAY_ORDER,MANAGED_SYS_ID,URL,RES_OWNER_GROUP_ID,RES_OWNER_USER_ID,MIN_AUTH_LEVEL,DOMAIN,IS_PUBLIC,IS_SSL) values ('AM_PROV_EDIT_CURRENT','MENU_ITEM','Back to Search','AM_PROV_EDIT_CURRENT',null,null,1,null,'/webconsole-am/editAuthProvider.html',null,null,null,null,'Y','N');
Insert into RES (RESOURCE_ID,RESOURCE_TYPE_ID,DESCRIPTION,NAME,BRANCH_ID,CATEGORY_ID,DISPLAY_ORDER,MANAGED_SYS_ID,URL,RES_OWNER_GROUP_ID,RES_OWNER_USER_ID,MIN_AUTH_LEVEL,DOMAIN,IS_PUBLIC,IS_SSL) values ('AM_PROV_EDIT_SEARCH','MENU_ITEM','Back to Search','AM_PROV_EDIT_SEARCH',null,null,1,null,'/webconsole-am/authenticationProviders.html',null,null,null,null,'Y','N');
Insert into RES (RESOURCE_ID,RESOURCE_TYPE_ID,DESCRIPTION,NAME,BRANCH_ID,CATEGORY_ID,DISPLAY_ORDER,MANAGED_SYS_ID,URL,RES_OWNER_GROUP_ID,RES_OWNER_USER_ID,MIN_AUTH_LEVEL,DOMAIN,IS_PUBLIC,IS_SSL) values ('AM_PROV_NEW','MENU_ITEM','Create Authentication Provider','AM_PROV_NEW',null,null,1,null,'/webconsole-am/newAuthProvider.html',null,null,null,null,'Y','N');
Insert into RES (RESOURCE_ID,RESOURCE_TYPE_ID,DESCRIPTION,NAME,BRANCH_ID,CATEGORY_ID,DISPLAY_ORDER,MANAGED_SYS_ID,URL,RES_OWNER_GROUP_ID,RES_OWNER_USER_ID,MIN_AUTH_LEVEL,DOMAIN,IS_PUBLIC,IS_SSL) values ('AM_PROV_NEW_EDIT','MENU_ITEM','Create Authentication Provider','AM_PROV_NEW_EDIT',null,null,1,null,'/webconsole-am/newAuthProvider.html',null,null,null,null,'Y','N');
Insert into RES (RESOURCE_ID,RESOURCE_TYPE_ID,DESCRIPTION,NAME,BRANCH_ID,CATEGORY_ID,DISPLAY_ORDER,MANAGED_SYS_ID,URL,RES_OWNER_GROUP_ID,RES_OWNER_USER_ID,MIN_AUTH_LEVEL,DOMAIN,IS_PUBLIC,IS_SSL) values ('AM_PROV_ROOT','MENU_ITEM','Authentication Provider Root Menu','AM_PROV_ROOT',null,null,1,null,null,null,null,null,null,'Y','N');
Insert into RES (RESOURCE_ID,RESOURCE_TYPE_ID,DESCRIPTION,NAME,BRANCH_ID,CATEGORY_ID,DISPLAY_ORDER,MANAGED_SYS_ID,URL,RES_OWNER_GROUP_ID,RES_OWNER_USER_ID,MIN_AUTH_LEVEL,DOMAIN,IS_PUBLIC,IS_SSL) values ('AM_PROV_SEARCH','MENU_ITEM','Search Authentication Providers','AM_PROV_SEARCH',null,null,1,null,'/webconsole-am/authenticationProviders.html',null,null,null,null,'Y','N');
Insert into RES (RESOURCE_ID,RESOURCE_TYPE_ID,DESCRIPTION,NAME,BRANCH_ID,CATEGORY_ID,DISPLAY_ORDER,MANAGED_SYS_ID,URL,RES_OWNER_GROUP_ID,RES_OWNER_USER_ID,MIN_AUTH_LEVEL,DOMAIN,IS_PUBLIC,IS_SSL) values ('AM_PROV_SEARCH_CHILD','MENU_ITEM','Authentication Provider Search','AM_PROV_SEARCH_CHILD',null,null,1,null,'/webconsole-am/authenticationProviders.html',null,null,null,null,'Y','N');
Insert into RES (RESOURCE_ID,RESOURCE_TYPE_ID,DESCRIPTION,NAME,BRANCH_ID,CATEGORY_ID,DISPLAY_ORDER,MANAGED_SYS_ID,URL,RES_OWNER_GROUP_ID,RES_OWNER_USER_ID,MIN_AUTH_LEVEL,DOMAIN,IS_PUBLIC,IS_SSL) values ('AUDITREPORT','MENU_ITEM','Audit Information Reports','AUDITREPORT',null,null,2,null,'',null,null,null,null,'N','N');
Insert into RES (RESOURCE_ID,RESOURCE_TYPE_ID,DESCRIPTION,NAME,BRANCH_ID,CATEGORY_ID,DISPLAY_ORDER,MANAGED_SYS_ID,URL,RES_OWNER_GROUP_ID,RES_OWNER_USER_ID,MIN_AUTH_LEVEL,DOMAIN,IS_PUBLIC,IS_SSL) values ('AUDIT_RPT','MENU_ITEM','Audit Report','AUDIT_RPT',null,null,1,null,'auditReport.cnt',null,null,null,null,'N','N');
Insert into RES (RESOURCE_ID,RESOURCE_TYPE_ID,DESCRIPTION,NAME,BRANCH_ID,CATEGORY_ID,DISPLAY_ORDER,MANAGED_SYS_ID,URL,RES_OWNER_GROUP_ID,RES_OWNER_USER_ID,MIN_AUTH_LEVEL,DOMAIN,IS_PUBLIC,IS_SSL) values ('BACK_TO_CP','MENU_ITEM','Back To Content Provider','BACK_TO_CP',null,null,1,null,'/webconsole-am/editContentProvider.html',null,null,null,null,'Y','N');
Insert into RES (RESOURCE_ID,RESOURCE_TYPE_ID,DESCRIPTION,NAME,BRANCH_ID,CATEGORY_ID,DISPLAY_ORDER,MANAGED_SYS_ID,URL,RES_OWNER_GROUP_ID,RES_OWNER_USER_ID,MIN_AUTH_LEVEL,DOMAIN,IS_PUBLIC,IS_SSL) values ('BATCH_PROC','MENU_ITEM','Batch Processes','BATCH_PROC',null,null,4,null,'batchList.cnt',null,null,null,null,'N','N');
Insert into RES (RESOURCE_ID,RESOURCE_TYPE_ID,DESCRIPTION,NAME,BRANCH_ID,CATEGORY_ID,DISPLAY_ORDER,MANAGED_SYS_ID,URL,RES_OWNER_GROUP_ID,RES_OWNER_USER_ID,MIN_AUTH_LEVEL,DOMAIN,IS_PUBLIC,IS_SSL) values ('CHALLENGE','MENU_ITEM','Challenge Quest','CHALLENGE',null,null,3,null,'challengeQuestList.cnt',null,null,null,null,'N','N');
Insert into RES (RESOURCE_ID,RESOURCE_TYPE_ID,DESCRIPTION,NAME,BRANCH_ID,CATEGORY_ID,DISPLAY_ORDER,MANAGED_SYS_ID,URL,RES_OWNER_GROUP_ID,RES_OWNER_USER_ID,MIN_AUTH_LEVEL,DOMAIN,IS_PUBLIC,IS_SSL) values ('CHNGPSWD','MENU_ITEM','Change Password','CHNGPSWD',null,null,3,null,'/selfservice/changePasswordInternal.html',null,null,null,null,'Y','N');
Insert into RES (RESOURCE_ID,RESOURCE_TYPE_ID,DESCRIPTION,NAME,BRANCH_ID,CATEGORY_ID,DISPLAY_ORDER,MANAGED_SYS_ID,URL,RES_OWNER_GROUP_ID,RES_OWNER_USER_ID,MIN_AUTH_LEVEL,DOMAIN,IS_PUBLIC,IS_SSL) values ('CONTENT_PROV_EDIT','MENU_ITEM','Content Provider Edit Menu','CONTENT_PROV_EDIT',null,null,1,null,null,null,null,null,null,'Y','N');
Insert into RES (RESOURCE_ID,RESOURCE_TYPE_ID,DESCRIPTION,NAME,BRANCH_ID,CATEGORY_ID,DISPLAY_ORDER,MANAGED_SYS_ID,URL,RES_OWNER_GROUP_ID,RES_OWNER_USER_ID,MIN_AUTH_LEVEL,DOMAIN,IS_PUBLIC,IS_SSL) values ('CONTENT_PROV_EDIT_CURRENT','MENU_ITEM','Edit Current Provider','CONTENT_PROV_EDIT_CURRENT',null,null,1,null,'/webconsole-am/editContentProvider.html',null,null,null,null,'Y','N');
Insert into RES (RESOURCE_ID,RESOURCE_TYPE_ID,DESCRIPTION,NAME,BRANCH_ID,CATEGORY_ID,DISPLAY_ORDER,MANAGED_SYS_ID,URL,RES_OWNER_GROUP_ID,RES_OWNER_USER_ID,MIN_AUTH_LEVEL,DOMAIN,IS_PUBLIC,IS_SSL) values ('CONTENT_PROV_EDIT_SEARCH','MENU_ITEM','Back to Search','CONTENT_PROV_EDIT_SEARCH',null,null,1,null,'/webconsole-am/contentProviders.html',null,null,null,null,'Y','N');
Insert into RES (RESOURCE_ID,RESOURCE_TYPE_ID,DESCRIPTION,NAME,BRANCH_ID,CATEGORY_ID,DISPLAY_ORDER,MANAGED_SYS_ID,URL,RES_OWNER_GROUP_ID,RES_OWNER_USER_ID,MIN_AUTH_LEVEL,DOMAIN,IS_PUBLIC,IS_SSL) values ('CONTENT_PROV_NEW','MENU_ITEM','Create Content Provider','CONTENT_PROV_NEW',null,null,1,null,'/webconsole-am/newContentProvider.html',null,null,null,null,'Y','N');
Insert into RES (RESOURCE_ID,RESOURCE_TYPE_ID,DESCRIPTION,NAME,BRANCH_ID,CATEGORY_ID,DISPLAY_ORDER,MANAGED_SYS_ID,URL,RES_OWNER_GROUP_ID,RES_OWNER_USER_ID,MIN_AUTH_LEVEL,DOMAIN,IS_PUBLIC,IS_SSL) values ('CONTENT_PROV_NEW_EDIT','MENU_ITEM','Create Content Provider','CONTENT_PROV_NEW_EDIT',null,null,1,null,'/webconsole-am/newContentProvider.html',null,null,null,null,'Y','N');
Insert into RES (RESOURCE_ID,RESOURCE_TYPE_ID,DESCRIPTION,NAME,BRANCH_ID,CATEGORY_ID,DISPLAY_ORDER,MANAGED_SYS_ID,URL,RES_OWNER_GROUP_ID,RES_OWNER_USER_ID,MIN_AUTH_LEVEL,DOMAIN,IS_PUBLIC,IS_SSL) values ('CONTENT_PROV_ROOT','MENU_ITEM','Content Provider Root Menu','CONTENT_PROV_ROOT',null,null,1,null,null,null,null,null,null,'Y','N');
Insert into RES (RESOURCE_ID,RESOURCE_TYPE_ID,DESCRIPTION,NAME,BRANCH_ID,CATEGORY_ID,DISPLAY_ORDER,MANAGED_SYS_ID,URL,RES_OWNER_GROUP_ID,RES_OWNER_USER_ID,MIN_AUTH_LEVEL,DOMAIN,IS_PUBLIC,IS_SSL) values ('CONTENT_PROV_SEARCH','MENU_ITEM','Search Content Providers','CONTENT_PROV_SEARCH',null,null,1,null,'/webconsole-am/contentProviders.html',null,null,null,null,'Y','N');
Insert into RES (RESOURCE_ID,RESOURCE_TYPE_ID,DESCRIPTION,NAME,BRANCH_ID,CATEGORY_ID,DISPLAY_ORDER,MANAGED_SYS_ID,URL,RES_OWNER_GROUP_ID,RES_OWNER_USER_ID,MIN_AUTH_LEVEL,DOMAIN,IS_PUBLIC,IS_SSL) values ('CONTENT_PROV_SEARCH_CHILD','MENU_ITEM','Content Provider Search','CONTENT_PROV_SEARCH_CHILD',null,null,1,null,'/webconsole-am/contentProviders.html',null,null,null,null,'Y','N');
Insert into RES (RESOURCE_ID,RESOURCE_TYPE_ID,DESCRIPTION,NAME,BRANCH_ID,CATEGORY_ID,DISPLAY_ORDER,MANAGED_SYS_ID,URL,RES_OWNER_GROUP_ID,RES_OWNER_USER_ID,MIN_AUTH_LEVEL,DOMAIN,IS_PUBLIC,IS_SSL) values ('CREATEREQ','MENU_ITEM','Change Access','CREATEREQ',null,null,4,null,'createRequest.selfserve',null,null,null,null,'N','N');
Insert into RES (RESOURCE_ID,RESOURCE_TYPE_ID,DESCRIPTION,NAME,BRANCH_ID,CATEGORY_ID,DISPLAY_ORDER,MANAGED_SYS_ID,URL,RES_OWNER_GROUP_ID,RES_OWNER_USER_ID,MIN_AUTH_LEVEL,DOMAIN,IS_PUBLIC,IS_SSL) values ('CREATE_RESOURCE_MENU','MENU_ITEM','Resource for Menu Creation','CREATE_RESOURCE_MENU',null,null,1,null,'/webconsole/editResource.html',null,null,null,null,'Y','N');
Insert into RES (RESOURCE_ID,RESOURCE_TYPE_ID,DESCRIPTION,NAME,BRANCH_ID,CATEGORY_ID,DISPLAY_ORDER,MANAGED_SYS_ID,URL,RES_OWNER_GROUP_ID,RES_OWNER_USER_ID,MIN_AUTH_LEVEL,DOMAIN,IS_PUBLIC,IS_SSL) values ('CUSTOM_FIELD_EDIT','MENU_ITEM','Custom Field Edit Menu','CUSTOM_FIELD_EDIT',null,null,1,null,null,null,null,null,null,'Y','N');
Insert into RES (RESOURCE_ID,RESOURCE_TYPE_ID,DESCRIPTION,NAME,BRANCH_ID,CATEGORY_ID,DISPLAY_ORDER,MANAGED_SYS_ID,URL,RES_OWNER_GROUP_ID,RES_OWNER_USER_ID,MIN_AUTH_LEVEL,DOMAIN,IS_PUBLIC,IS_SSL) values ('CUSTOM_FIELD_EDIT_NEW','MENU_ITEM','Create New Custom Field','CUSTOM_FIELD_EDIT_NEW',null,null,1,null,'/webconsole/newCustomField.html',null,null,null,null,'Y','N');
Insert into RES (RESOURCE_ID,RESOURCE_TYPE_ID,DESCRIPTION,NAME,BRANCH_ID,CATEGORY_ID,DISPLAY_ORDER,MANAGED_SYS_ID,URL,RES_OWNER_GROUP_ID,RES_OWNER_USER_ID,MIN_AUTH_LEVEL,DOMAIN,IS_PUBLIC,IS_SSL) values ('CUSTOM_FIELD_EDIT_SEARCH','MENU_ITEM','Back to Search','CUSTOM_FIELD_EDIT_SEARCH',null,null,1,null,'/webconsole/customFields.html',null,null,null,null,'Y','N');
Insert into RES (RESOURCE_ID,RESOURCE_TYPE_ID,DESCRIPTION,NAME,BRANCH_ID,CATEGORY_ID,DISPLAY_ORDER,MANAGED_SYS_ID,URL,RES_OWNER_GROUP_ID,RES_OWNER_USER_ID,MIN_AUTH_LEVEL,DOMAIN,IS_PUBLIC,IS_SSL) values ('CUSTOM_FIELD_NEW','MENU_ITEM','Create New Custom Field','CUSTOM_FIELD_NEW',null,null,1,null,'/webconsole/newCustomField.html',null,null,null,null,'Y','N');
Insert into RES (RESOURCE_ID,RESOURCE_TYPE_ID,DESCRIPTION,NAME,BRANCH_ID,CATEGORY_ID,DISPLAY_ORDER,MANAGED_SYS_ID,URL,RES_OWNER_GROUP_ID,RES_OWNER_USER_ID,MIN_AUTH_LEVEL,DOMAIN,IS_PUBLIC,IS_SSL) values ('CUSTOM_FIELD_ROOT','MENU_ITEM','Custom Field Root Menu','CUSTOM_FIELD_ROOT',null,null,1,null,null,null,null,null,null,'Y','N');
Insert into RES (RESOURCE_ID,RESOURCE_TYPE_ID,DESCRIPTION,NAME,BRANCH_ID,CATEGORY_ID,DISPLAY_ORDER,MANAGED_SYS_ID,URL,RES_OWNER_GROUP_ID,RES_OWNER_USER_ID,MIN_AUTH_LEVEL,DOMAIN,IS_PUBLIC,IS_SSL) values ('CUSTOM_FIELD_SEARCH','MENU_ITEM','Search Custom Fields','CUSTOM_FIELD_SEARCH',null,null,1,null,'/webconsole/customFields.html',null,null,null,null,'Y','N');
Insert into RES (RESOURCE_ID,RESOURCE_TYPE_ID,DESCRIPTION,NAME,BRANCH_ID,CATEGORY_ID,DISPLAY_ORDER,MANAGED_SYS_ID,URL,RES_OWNER_GROUP_ID,RES_OWNER_USER_ID,MIN_AUTH_LEVEL,DOMAIN,IS_PUBLIC,IS_SSL) values ('CUSTOM_FIELD_SEARCH_CHILD','MENU_ITEM','Custom Field Search','CUSTOM_FIELD_SEARCH_CHILD',null,null,1,null,'/webconsole/customFields.html',null,null,null,null,'Y','N');
Insert into RES (RESOURCE_ID,RESOURCE_TYPE_ID,DESCRIPTION,NAME,BRANCH_ID,CATEGORY_ID,DISPLAY_ORDER,MANAGED_SYS_ID,URL,RES_OWNER_GROUP_ID,RES_OWNER_USER_ID,MIN_AUTH_LEVEL,DOMAIN,IS_PUBLIC,IS_SSL) values ('DELG_FILTER','MENU_ITEM','Delegation Filter','DELG_FILTER',null,null,8,null,'userDelegationFilter.cnt',null,null,null,null,'N','N');
Insert into RES (RESOURCE_ID,RESOURCE_TYPE_ID,DESCRIPTION,NAME,BRANCH_ID,CATEGORY_ID,DISPLAY_ORDER,MANAGED_SYS_ID,URL,RES_OWNER_GROUP_ID,RES_OWNER_USER_ID,MIN_AUTH_LEVEL,DOMAIN,IS_PUBLIC,IS_SSL) values ('DIRECTORY','MENU_ITEM','Directory Lookup','DIRECTORY',null,null,1,null,'pub/directory.do?method=view',null,null,null,null,'N','N');
Insert into RES (RESOURCE_ID,RESOURCE_TYPE_ID,DESCRIPTION,NAME,BRANCH_ID,CATEGORY_ID,DISPLAY_ORDER,MANAGED_SYS_ID,URL,RES_OWNER_GROUP_ID,RES_OWNER_USER_ID,MIN_AUTH_LEVEL,DOMAIN,IS_PUBLIC,IS_SSL) values ('EDIT_GROUP','MENU_ITEM','Edit Group','EDIT_GROUP',null,null,1,null,'/webconsole/editGroup.html',null,null,null,null,'Y','N');
Insert into RES (RESOURCE_ID,RESOURCE_TYPE_ID,DESCRIPTION,NAME,BRANCH_ID,CATEGORY_ID,DISPLAY_ORDER,MANAGED_SYS_ID,URL,RES_OWNER_GROUP_ID,RES_OWNER_USER_ID,MIN_AUTH_LEVEL,DOMAIN,IS_PUBLIC,IS_SSL) values ('EDIT_ORG','MENU_ITEM','Edit Organization','EDIT_ORG',null,null,1,null,'/webconsole/editOrganization.html',null,null,null,null,'Y','N');
Insert into RES (RESOURCE_ID,RESOURCE_TYPE_ID,DESCRIPTION,NAME,BRANCH_ID,CATEGORY_ID,DISPLAY_ORDER,MANAGED_SYS_ID,URL,RES_OWNER_GROUP_ID,RES_OWNER_USER_ID,MIN_AUTH_LEVEL,DOMAIN,IS_PUBLIC,IS_SSL) values ('EDIT_RESOURCE','MENU_ITEM','Edit Resource','EDIT_RESOURCE',null,null,1,null,'/webconsole/editResource.html',null,null,null,null,'Y','N');
Insert into RES (RESOURCE_ID,RESOURCE_TYPE_ID,DESCRIPTION,NAME,BRANCH_ID,CATEGORY_ID,DISPLAY_ORDER,MANAGED_SYS_ID,URL,RES_OWNER_GROUP_ID,RES_OWNER_USER_ID,MIN_AUTH_LEVEL,DOMAIN,IS_PUBLIC,IS_SSL) values ('EDIT_ROLE','MENU_ITEM','Role Menus','EDIT_ROLE',null,null,1,null,'/webconsole/editRole.html',null,null,null,null,'Y','N');
Insert into RES (RESOURCE_ID,RESOURCE_TYPE_ID,DESCRIPTION,NAME,BRANCH_ID,CATEGORY_ID,DISPLAY_ORDER,MANAGED_SYS_ID,URL,RES_OWNER_GROUP_ID,RES_OWNER_USER_ID,MIN_AUTH_LEVEL,DOMAIN,IS_PUBLIC,IS_SSL) values ('GROUP_ATTRIBUTES','MENU_ITEM','Group Attributes','GROUP_ATTRIBUTES',null,null,1,null,'/webconsole/groupAttributes.html',null,null,null,null,'Y','N');
Insert into RES (RESOURCE_ID,RESOURCE_TYPE_ID,DESCRIPTION,NAME,BRANCH_ID,CATEGORY_ID,DISPLAY_ORDER,MANAGED_SYS_ID,URL,RES_OWNER_GROUP_ID,RES_OWNER_USER_ID,MIN_AUTH_LEVEL,DOMAIN,IS_PUBLIC,IS_SSL) values ('GROUP_EDIT_MENU','MENU_ITEM','Group Edit Menus','GROUP_EDIT_MENU',null,null,1,null,null,null,null,null,null,'Y','N');
Insert into RES (RESOURCE_ID,RESOURCE_TYPE_ID,DESCRIPTION,NAME,BRANCH_ID,CATEGORY_ID,DISPLAY_ORDER,MANAGED_SYS_ID,URL,RES_OWNER_GROUP_ID,RES_OWNER_USER_ID,MIN_AUTH_LEVEL,DOMAIN,IS_PUBLIC,IS_SSL) values ('GROUP_ENTITLEMENTS','MENU_ITEM','Group Entitlements','GROUP_ENTITLEMENTS',null,null,1,null,'/webconsole/groupEntitlements.html',null,null,null,null,'Y','N');
Insert into RES (RESOURCE_ID,RESOURCE_TYPE_ID,DESCRIPTION,NAME,BRANCH_ID,CATEGORY_ID,DISPLAY_ORDER,MANAGED_SYS_ID,URL,RES_OWNER_GROUP_ID,RES_OWNER_USER_ID,MIN_AUTH_LEVEL,DOMAIN,IS_PUBLIC,IS_SSL) values ('GROUP_MENUS','MENU_ITEM','Group Menus','GROUP_MENUS',null,null,1,null,'/webconsole/groupMenuTree.html',null,null,null,null,'Y','N');
Insert into RES (RESOURCE_ID,RESOURCE_TYPE_ID,DESCRIPTION,NAME,BRANCH_ID,CATEGORY_ID,DISPLAY_ORDER,MANAGED_SYS_ID,URL,RES_OWNER_GROUP_ID,RES_OWNER_USER_ID,MIN_AUTH_LEVEL,DOMAIN,IS_PUBLIC,IS_SSL) values ('GROUP_ROOT_MENU','MENU_ITEM','Group Menus','GROUP_ROOT_MENU',null,null,1,null,'/webconsole/groups.html',null,null,null,null,'Y','N');
Insert into RES (RESOURCE_ID,RESOURCE_TYPE_ID,DESCRIPTION,NAME,BRANCH_ID,CATEGORY_ID,DISPLAY_ORDER,MANAGED_SYS_ID,URL,RES_OWNER_GROUP_ID,RES_OWNER_USER_ID,MIN_AUTH_LEVEL,DOMAIN,IS_PUBLIC,IS_SSL) values ('GROUP_SEARCH','MENU_ITEM','Group Search','GROUP_SEARCH',null,null,1,null,'/webconsole/groups.html',null,null,null,null,'Y','N');
Insert into RES (RESOURCE_ID,RESOURCE_TYPE_ID,DESCRIPTION,NAME,BRANCH_ID,CATEGORY_ID,DISPLAY_ORDER,MANAGED_SYS_ID,URL,RES_OWNER_GROUP_ID,RES_OWNER_USER_ID,MIN_AUTH_LEVEL,DOMAIN,IS_PUBLIC,IS_SSL) values ('IDM','MENU_ITEM','IDENTITY MANAGER','IDM',null,null,1,null,'javascript:void(0);',null,null,null,null,'Y','N');
Insert into RES (RESOURCE_ID,RESOURCE_TYPE_ID,DESCRIPTION,NAME,BRANCH_ID,CATEGORY_ID,DISPLAY_ORDER,MANAGED_SYS_ID,URL,RES_OWNER_GROUP_ID,RES_OWNER_USER_ID,MIN_AUTH_LEVEL,DOMAIN,IS_PUBLIC,IS_SSL) values ('IDMAN','MENU_ITEM','User Admin','IDMAN',null,null,1,null,'/webconsole/users.html',null,null,null,null,'N','N');
Insert into RES (RESOURCE_ID,RESOURCE_TYPE_ID,DESCRIPTION,NAME,BRANCH_ID,CATEGORY_ID,DISPLAY_ORDER,MANAGED_SYS_ID,URL,RES_OWNER_GROUP_ID,RES_OWNER_USER_ID,MIN_AUTH_LEVEL,DOMAIN,IS_PUBLIC,IS_SSL) values ('IDQUEST','MENU_ITEM','Challenge Response','IDQUEST',null,null,4,null,'/selfservice/challengeResponse.html',null,null,null,null,'Y','N');
Insert into RES (RESOURCE_ID,RESOURCE_TYPE_ID,DESCRIPTION,NAME,BRANCH_ID,CATEGORY_ID,DISPLAY_ORDER,MANAGED_SYS_ID,URL,RES_OWNER_GROUP_ID,RES_OWNER_USER_ID,MIN_AUTH_LEVEL,DOMAIN,IS_PUBLIC,IS_SSL) values ('LOCATION','MENU_ITEM','Location','LOCATION',null,null,2,null,'locationList.cnt',null,null,null,null,'N','N');
Insert into RES (RESOURCE_ID,RESOURCE_TYPE_ID,DESCRIPTION,NAME,BRANCH_ID,CATEGORY_ID,DISPLAY_ORDER,MANAGED_SYS_ID,URL,RES_OWNER_GROUP_ID,RES_OWNER_USER_ID,MIN_AUTH_LEVEL,DOMAIN,IS_PUBLIC,IS_SSL) values ('MANAGEREQ','MENU_ITEM','Request History','MANAGEREQ',null,null,5,null,'requestList.selfserve',null,null,null,null,'N','N');
Insert into RES (RESOURCE_ID,RESOURCE_TYPE_ID,DESCRIPTION,NAME,BRANCH_ID,CATEGORY_ID,DISPLAY_ORDER,MANAGED_SYS_ID,URL,RES_OWNER_GROUP_ID,RES_OWNER_USER_ID,MIN_AUTH_LEVEL,DOMAIN,IS_PUBLIC,IS_SSL) values ('METADATA','MENU_ITEM','Metadata','METADATA',null,null,5,null,'metadataTypeList.cnt',null,null,null,null,'N','N');
Insert into RES (RESOURCE_ID,RESOURCE_TYPE_ID,DESCRIPTION,NAME,BRANCH_ID,CATEGORY_ID,DISPLAY_ORDER,MANAGED_SYS_ID,URL,RES_OWNER_GROUP_ID,RES_OWNER_USER_ID,MIN_AUTH_LEVEL,DOMAIN,IS_PUBLIC,IS_SSL) values ('MNGSYS','MENU_ITEM','Managed Connections','MNGSYS',null,null,4,null,'/webconsole-idm/provisioning/mngsystemlist.html',null,null,null,null,'N','N');
Insert into RES (RESOURCE_ID,RESOURCE_TYPE_ID,DESCRIPTION,NAME,BRANCH_ID,CATEGORY_ID,DISPLAY_ORDER,MANAGED_SYS_ID,URL,RES_OWNER_GROUP_ID,RES_OWNER_USER_ID,MIN_AUTH_LEVEL,DOMAIN,IS_PUBLIC,IS_SSL) values ('MNGSYS_MENU_ITEM','MENU_ITEM','Managed Systems','MNGSYS_MENU_ITEM',null,null,1,null,'/webconsole-idm/provisioning/mngsystemlist.html',null,null,null,null,'Y','N');
Insert into RES (RESOURCE_ID,RESOURCE_TYPE_ID,DESCRIPTION,NAME,BRANCH_ID,CATEGORY_ID,DISPLAY_ORDER,MANAGED_SYS_ID,URL,RES_OWNER_GROUP_ID,RES_OWNER_USER_ID,MIN_AUTH_LEVEL,DOMAIN,IS_PUBLIC,IS_SSL) values ('MNGSYS_NEW','MENU_ITEM','Create Managed System','MNGSYS_NEW',null,null,1,null,'/webconsole-idm/provisioning/mngsystem.html',null,null,null,null,'Y','N');
Insert into RES (RESOURCE_ID,RESOURCE_TYPE_ID,DESCRIPTION,NAME,BRANCH_ID,CATEGORY_ID,DISPLAY_ORDER,MANAGED_SYS_ID,URL,RES_OWNER_GROUP_ID,RES_OWNER_USER_ID,MIN_AUTH_LEVEL,DOMAIN,IS_PUBLIC,IS_SSL) values ('NEWUSER','MENU_ITEM','New User','NEWUSER',null,null,6,null,'newHire.selfserve',null,null,null,null,'N','N');
Insert into RES (RESOURCE_ID,RESOURCE_TYPE_ID,DESCRIPTION,NAME,BRANCH_ID,CATEGORY_ID,DISPLAY_ORDER,MANAGED_SYS_ID,URL,RES_OWNER_GROUP_ID,RES_OWNER_USER_ID,MIN_AUTH_LEVEL,DOMAIN,IS_PUBLIC,IS_SSL) values ('NEWUSER-NOAPPRV','MENU_ITEM','New User-No Approver','NEWUSER-NOAPPRV',null,null,7,null,'/selfservice/newUser.html',null,null,null,null,'N','N');
Insert into RES (RESOURCE_ID,RESOURCE_TYPE_ID,DESCRIPTION,NAME,BRANCH_ID,CATEGORY_ID,DISPLAY_ORDER,MANAGED_SYS_ID,URL,RES_OWNER_GROUP_ID,RES_OWNER_USER_ID,MIN_AUTH_LEVEL,DOMAIN,IS_PUBLIC,IS_SSL) values ('NEW_GROUP','MENU_ITEM','Create New Group','NEW_GROUP',null,null,1,null,'/webconsole/editGroup.html',null,null,null,null,'Y','N');
Insert into RES (RESOURCE_ID,RESOURCE_TYPE_ID,DESCRIPTION,NAME,BRANCH_ID,CATEGORY_ID,DISPLAY_ORDER,MANAGED_SYS_ID,URL,RES_OWNER_GROUP_ID,RES_OWNER_USER_ID,MIN_AUTH_LEVEL,DOMAIN,IS_PUBLIC,IS_SSL) values ('NEW_ORG','MENU_ITEM','New Organization','NEW_ORG',null,null,1,null,'/webconsole/editOrganization.html',null,null,null,null,'Y','N');
Insert into RES (RESOURCE_ID,RESOURCE_TYPE_ID,DESCRIPTION,NAME,BRANCH_ID,CATEGORY_ID,DISPLAY_ORDER,MANAGED_SYS_ID,URL,RES_OWNER_GROUP_ID,RES_OWNER_USER_ID,MIN_AUTH_LEVEL,DOMAIN,IS_PUBLIC,IS_SSL) values ('NEW_ROLE','MENU_ITEM','New Role','NEW_ROLE',null,null,1,null,'/webconsole/editRole.html',null,null,null,null,'Y','N');
Insert into RES (RESOURCE_ID,RESOURCE_TYPE_ID,DESCRIPTION,NAME,BRANCH_ID,CATEGORY_ID,DISPLAY_ORDER,MANAGED_SYS_ID,URL,RES_OWNER_GROUP_ID,RES_OWNER_USER_ID,MIN_AUTH_LEVEL,DOMAIN,IS_PUBLIC,IS_SSL) values ('NEW_USER','MENU_ITEM','Create New User','NEW_USER',null,null,1,null,'/webconsole/editUser.html',null,null,null,null,'Y','N');
Insert into RES (RESOURCE_ID,RESOURCE_TYPE_ID,DESCRIPTION,NAME,BRANCH_ID,CATEGORY_ID,DISPLAY_ORDER,MANAGED_SYS_ID,URL,RES_OWNER_GROUP_ID,RES_OWNER_USER_ID,MIN_AUTH_LEVEL,DOMAIN,IS_PUBLIC,IS_SSL) values ('ORG','MENU_ITEM','Organization','ORG',null,null,2,null,'/webconsole/organizations.html',null,null,null,null,'N','N');
Insert into RES (RESOURCE_ID,RESOURCE_TYPE_ID,DESCRIPTION,NAME,BRANCH_ID,CATEGORY_ID,DISPLAY_ORDER,MANAGED_SYS_ID,URL,RES_OWNER_GROUP_ID,RES_OWNER_USER_ID,MIN_AUTH_LEVEL,DOMAIN,IS_PUBLIC,IS_SSL) values ('ORGANIZATION_EDIT_ID','MENU_ITEM','Organization Edit Menus','ORGANIZATION_EDIT_ID',null,null,1,null,null,null,null,null,null,'Y','N');
Insert into RES (RESOURCE_ID,RESOURCE_TYPE_ID,DESCRIPTION,NAME,BRANCH_ID,CATEGORY_ID,DISPLAY_ORDER,MANAGED_SYS_ID,URL,RES_OWNER_GROUP_ID,RES_OWNER_USER_ID,MIN_AUTH_LEVEL,DOMAIN,IS_PUBLIC,IS_SSL) values ('ORGANIZATION_ROOT_ID','MENU_ITEM','Organization Root Menus','ORGANIZATION_ROOT_ID',null,null,1,null,'/webconsole/organizations.html',null,null,null,null,'Y','N');
Insert into RES (RESOURCE_ID,RESOURCE_TYPE_ID,DESCRIPTION,NAME,BRANCH_ID,CATEGORY_ID,DISPLAY_ORDER,MANAGED_SYS_ID,URL,RES_OWNER_GROUP_ID,RES_OWNER_USER_ID,MIN_AUTH_LEVEL,DOMAIN,IS_PUBLIC,IS_SSL) values ('ORG_ATTRIBUTES','MENU_ITEM','Organization Attributes','ORG_ATTRIBUTES',null,null,1,null,'/webconsole/organizationAttributes.html',null,null,null,null,'Y','N');
Insert into RES (RESOURCE_ID,RESOURCE_TYPE_ID,DESCRIPTION,NAME,BRANCH_ID,CATEGORY_ID,DISPLAY_ORDER,MANAGED_SYS_ID,URL,RES_OWNER_GROUP_ID,RES_OWNER_USER_ID,MIN_AUTH_LEVEL,DOMAIN,IS_PUBLIC,IS_SSL) values ('ORG_MEMBERSHIP','MENU_ITEM','Organization Membership','ORG_MEMBERSHIP',null,null,1,null,'/webconsole/organizationMembership.html',null,null,null,null,'Y','N');
Insert into RES (RESOURCE_ID,RESOURCE_TYPE_ID,DESCRIPTION,NAME,BRANCH_ID,CATEGORY_ID,DISPLAY_ORDER,MANAGED_SYS_ID,URL,RES_OWNER_GROUP_ID,RES_OWNER_USER_ID,MIN_AUTH_LEVEL,DOMAIN,IS_PUBLIC,IS_SSL) values ('ORG_SEARCH','MENU_ITEM','Organization Search','ORG_SEARCH',null,null,1,null,'/webconsole/organizations.html',null,null,null,null,'Y','N');
Insert into RES (RESOURCE_ID,RESOURCE_TYPE_ID,DESCRIPTION,NAME,BRANCH_ID,CATEGORY_ID,DISPLAY_ORDER,MANAGED_SYS_ID,URL,RES_OWNER_GROUP_ID,RES_OWNER_USER_ID,MIN_AUTH_LEVEL,DOMAIN,IS_PUBLIC,IS_SSL) values ('PAGE_TEMPLATE_EDIT','MENU_ITEM','Page Template Edit Menu','PAGE_TEMPLATE_EDIT',null,null,1,null,null,null,null,null,null,'Y','N');
Insert into RES (RESOURCE_ID,RESOURCE_TYPE_ID,DESCRIPTION,NAME,BRANCH_ID,CATEGORY_ID,DISPLAY_ORDER,MANAGED_SYS_ID,URL,RES_OWNER_GROUP_ID,RES_OWNER_USER_ID,MIN_AUTH_LEVEL,DOMAIN,IS_PUBLIC,IS_SSL) values ('PAGE_TEMPLATE_EDIT_NEW','MENU_ITEM','Create New Template','PAGE_TEMPLATE_EDIT_NEW',null,null,1,null,'/webconsole/newPageTemplate.html',null,null,null,null,'Y','N');
Insert into RES (RESOURCE_ID,RESOURCE_TYPE_ID,DESCRIPTION,NAME,BRANCH_ID,CATEGORY_ID,DISPLAY_ORDER,MANAGED_SYS_ID,URL,RES_OWNER_GROUP_ID,RES_OWNER_USER_ID,MIN_AUTH_LEVEL,DOMAIN,IS_PUBLIC,IS_SSL) values ('PAGE_TEMPLATE_EDIT_SEARCH','MENU_ITEM','Back to Search','PAGE_TEMPLATE_EDIT_SEARCH',null,null,1,null,'/webconsole/pageTemplates.html',null,null,null,null,'Y','N');
Insert into RES (RESOURCE_ID,RESOURCE_TYPE_ID,DESCRIPTION,NAME,BRANCH_ID,CATEGORY_ID,DISPLAY_ORDER,MANAGED_SYS_ID,URL,RES_OWNER_GROUP_ID,RES_OWNER_USER_ID,MIN_AUTH_LEVEL,DOMAIN,IS_PUBLIC,IS_SSL) values ('PAGE_TEMPLATE_NEW','MENU_ITEM','Create Content Provider','PAGE_TEMPLATE_NEW',null,null,1,null,'/webconsole/newPageTemplate.html',null,null,null,null,'Y','N');
Insert into RES (RESOURCE_ID,RESOURCE_TYPE_ID,DESCRIPTION,NAME,BRANCH_ID,CATEGORY_ID,DISPLAY_ORDER,MANAGED_SYS_ID,URL,RES_OWNER_GROUP_ID,RES_OWNER_USER_ID,MIN_AUTH_LEVEL,DOMAIN,IS_PUBLIC,IS_SSL) values ('PAGE_TEMPLATE_ROOT','MENU_ITEM','Page Template Root Menu','PAGE_TEMPLATE_ROOT',null,null,1,null,null,null,null,null,null,'Y','N');
Insert into RES (RESOURCE_ID,RESOURCE_TYPE_ID,DESCRIPTION,NAME,BRANCH_ID,CATEGORY_ID,DISPLAY_ORDER,MANAGED_SYS_ID,URL,RES_OWNER_GROUP_ID,RES_OWNER_USER_ID,MIN_AUTH_LEVEL,DOMAIN,IS_PUBLIC,IS_SSL) values ('PAGE_TEMPLATE_SEARCH','MENU_ITEM','Search Page Templates','PAGE_TEMPLATE_SEARCH',null,null,1,null,'/webconsole/pageTemplates.html',null,null,null,null,'Y','N');
Insert into RES (RESOURCE_ID,RESOURCE_TYPE_ID,DESCRIPTION,NAME,BRANCH_ID,CATEGORY_ID,DISPLAY_ORDER,MANAGED_SYS_ID,URL,RES_OWNER_GROUP_ID,RES_OWNER_USER_ID,MIN_AUTH_LEVEL,DOMAIN,IS_PUBLIC,IS_SSL) values ('PROFILE','MENU_ITEM','Edit Your Profile','PROFILE',null,null,6,null,'/selfservice/editProfile.html',null,null,null,null,'Y','N');
Insert into RES (RESOURCE_ID,RESOURCE_TYPE_ID,DESCRIPTION,NAME,BRANCH_ID,CATEGORY_ID,DISPLAY_ORDER,MANAGED_SYS_ID,URL,RES_OWNER_GROUP_ID,RES_OWNER_USER_ID,MIN_AUTH_LEVEL,DOMAIN,IS_PUBLIC,IS_SSL) values ('PROVCONNECT','MENU_ITEM','Provisioning Connectors','PROVCONNECT',null,null,3,null,'/webconsole-idm/provisioning/connectorlist.html',null,null,null,null,'N','N');
Insert into RES (RESOURCE_ID,RESOURCE_TYPE_ID,DESCRIPTION,NAME,BRANCH_ID,CATEGORY_ID,DISPLAY_ORDER,MANAGED_SYS_ID,URL,RES_OWNER_GROUP_ID,RES_OWNER_USER_ID,MIN_AUTH_LEVEL,DOMAIN,IS_PUBLIC,IS_SSL) values ('PROVCONNECT_MENU_ITEM','MENU_ITEM','Provisioning Connectors','PROVCONNECT_MENU_ITEM',null,null,1,null,'/webconsole-idm/provisioning/connectorlist.html',null,null,null,null,'Y','N');
Insert into RES (RESOURCE_ID,RESOURCE_TYPE_ID,DESCRIPTION,NAME,BRANCH_ID,CATEGORY_ID,DISPLAY_ORDER,MANAGED_SYS_ID,URL,RES_OWNER_GROUP_ID,RES_OWNER_USER_ID,MIN_AUTH_LEVEL,DOMAIN,IS_PUBLIC,IS_SSL) values ('PROVISIONING','MENU_ITEM','Provisioning','PROVISIONING',null,null,3,null,'prov/provIndex.do',null,null,null,null,'N','N');
Insert into RES (RESOURCE_ID,RESOURCE_TYPE_ID,DESCRIPTION,NAME,BRANCH_ID,CATEGORY_ID,DISPLAY_ORDER,MANAGED_SYS_ID,URL,RES_OWNER_GROUP_ID,RES_OWNER_USER_ID,MIN_AUTH_LEVEL,DOMAIN,IS_PUBLIC,IS_SSL) values ('PROV_CONNECTOR_NEW','MENU_ITEM','Create Provisioning Connector','PROV_CONNECTOR_NEW',null,null,1,null,'/webconsole-idm/provisioning/connector.html',null,null,null,null,'Y','N');
Insert into RES (RESOURCE_ID,RESOURCE_TYPE_ID,DESCRIPTION,NAME,BRANCH_ID,CATEGORY_ID,DISPLAY_ORDER,MANAGED_SYS_ID,URL,RES_OWNER_GROUP_ID,RES_OWNER_USER_ID,MIN_AUTH_LEVEL,DOMAIN,IS_PUBLIC,IS_SSL) values ('REPORT','MENU_ITEM','Report','REPORT',null,null,5,null,'security/reportIndex.do',null,null,null,null,'N','N');
Insert into RES (RESOURCE_ID,RESOURCE_TYPE_ID,DESCRIPTION,NAME,BRANCH_ID,CATEGORY_ID,DISPLAY_ORDER,MANAGED_SYS_ID,URL,RES_OWNER_GROUP_ID,RES_OWNER_USER_ID,MIN_AUTH_LEVEL,DOMAIN,IS_PUBLIC,IS_SSL) values ('REQINBOX','MENU_ITEM','In-Box','REQINBOX',null,null,3,null,'myPendingRequest.selfserve',null,null,null,null,'N','N');
Insert into RES (RESOURCE_ID,RESOURCE_TYPE_ID,DESCRIPTION,NAME,BRANCH_ID,CATEGORY_ID,DISPLAY_ORDER,MANAGED_SYS_ID,URL,RES_OWNER_GROUP_ID,RES_OWNER_USER_ID,MIN_AUTH_LEVEL,DOMAIN,IS_PUBLIC,IS_SSL) values ('RESAPPROVER','MENU_ITEM','Approval Flow','RESAPPROVER',null,null,3,null,'resApprovalFlow.cnt',null,null,null,null,'N','N');
Insert into RES (RESOURCE_ID,RESOURCE_TYPE_ID,DESCRIPTION,NAME,BRANCH_ID,CATEGORY_ID,DISPLAY_ORDER,MANAGED_SYS_ID,URL,RES_OWNER_GROUP_ID,RES_OWNER_USER_ID,MIN_AUTH_LEVEL,DOMAIN,IS_PUBLIC,IS_SSL) values ('RESENTITLEMENT','MENU_ITEM','Entitlement','RESENTITLEMENT',null,null,5,null,'resourceEntitlement.cnt',null,null,null,null,'N','N');
Insert into RES (RESOURCE_ID,RESOURCE_TYPE_ID,DESCRIPTION,NAME,BRANCH_ID,CATEGORY_ID,DISPLAY_ORDER,MANAGED_SYS_ID,URL,RES_OWNER_GROUP_ID,RES_OWNER_USER_ID,MIN_AUTH_LEVEL,DOMAIN,IS_PUBLIC,IS_SSL) values ('RESOURCE_EDIT_PAGE_ROOT','MENU_ITEM',null,'RESOURCE_EDIT_PAGE_ROOT',null,null,1,null,null,null,null,null,null,'Y','N');
Insert into RES (RESOURCE_ID,RESOURCE_TYPE_ID,DESCRIPTION,NAME,BRANCH_ID,CATEGORY_ID,DISPLAY_ORDER,MANAGED_SYS_ID,URL,RES_OWNER_GROUP_ID,RES_OWNER_USER_ID,MIN_AUTH_LEVEL,DOMAIN,IS_PUBLIC,IS_SSL) values ('RESOURCE_MENU_ROOT','MENU_ITEM','Root for Resource Context Menu','RESOURCE_MENU_ROOT',null,null,1,null,null,null,null,null,null,'Y','N');
Insert into RES (RESOURCE_ID,RESOURCE_TYPE_ID,DESCRIPTION,NAME,BRANCH_ID,CATEGORY_ID,DISPLAY_ORDER,MANAGED_SYS_ID,URL,RES_OWNER_GROUP_ID,RES_OWNER_USER_ID,MIN_AUTH_LEVEL,DOMAIN,IS_PUBLIC,IS_SSL) values ('RESPOLICYMAP','MENU_ITEM','Policy Map','RESPOLICYMAP',null,null,2,null,'/webconsole/policyMap.html',null,null,null,null,'N','N');
Insert into RES (RESOURCE_ID,RESOURCE_TYPE_ID,DESCRIPTION,NAME,BRANCH_ID,CATEGORY_ID,DISPLAY_ORDER,MANAGED_SYS_ID,URL,RES_OWNER_GROUP_ID,RES_OWNER_USER_ID,MIN_AUTH_LEVEL,DOMAIN,IS_PUBLIC,IS_SSL) values ('RESRECONCILE','MENU_ITEM','Reconciliation','RESRECONCILE',null,null,4,null,'/webconsole/reconConfig.html',null,null,null,null,'N','N');
Insert into RES (RESOURCE_ID,RESOURCE_TYPE_ID,DESCRIPTION,NAME,BRANCH_ID,CATEGORY_ID,DISPLAY_ORDER,MANAGED_SYS_ID,URL,RES_OWNER_GROUP_ID,RES_OWNER_USER_ID,MIN_AUTH_LEVEL,DOMAIN,IS_PUBLIC,IS_SSL) values ('RESSUMMARY','MENU_ITEM','Resource Details','RESSUMMARY',null,null,1,null,'/webconsole/resources.html',null,null,null,null,'N','N');
Insert into RES (RESOURCE_ID,RESOURCE_TYPE_ID,DESCRIPTION,NAME,BRANCH_ID,CATEGORY_ID,DISPLAY_ORDER,MANAGED_SYS_ID,URL,RES_OWNER_GROUP_ID,RES_OWNER_USER_ID,MIN_AUTH_LEVEL,DOMAIN,IS_PUBLIC,IS_SSL) values ('RES_ATTR_PAGE','MENU_ITEM','Resource Attributes','RES_ATTR_PAGE',null,null,1,null,'/webconsole/resourceAttributes.html',null,null,null,null,'Y','N');
Insert into RES (RESOURCE_ID,RESOURCE_TYPE_ID,DESCRIPTION,NAME,BRANCH_ID,CATEGORY_ID,DISPLAY_ORDER,MANAGED_SYS_ID,URL,RES_OWNER_GROUP_ID,RES_OWNER_USER_ID,MIN_AUTH_LEVEL,DOMAIN,IS_PUBLIC,IS_SSL) values ('RES_ENT_SUB','MENU_ITEM','Resouce Entitlements','RES_ENT_SUB',null,null,1,null,'/webconsole/resourceEntitlements.html',null,null,null,null,'Y','N');
Insert into RES (RESOURCE_ID,RESOURCE_TYPE_ID,DESCRIPTION,NAME,BRANCH_ID,CATEGORY_ID,DISPLAY_ORDER,MANAGED_SYS_ID,URL,RES_OWNER_GROUP_ID,RES_OWNER_USER_ID,MIN_AUTH_LEVEL,DOMAIN,IS_PUBLIC,IS_SSL) values ('ROLE_ATTRIBUTES','MENU_ITEM','Role Attributes','ROLE_ATTRIBUTES',null,null,1,null,'/webconsole/roleAttributes.html',null,null,null,null,'Y','N');
Insert into RES (RESOURCE_ID,RESOURCE_TYPE_ID,DESCRIPTION,NAME,BRANCH_ID,CATEGORY_ID,DISPLAY_ORDER,MANAGED_SYS_ID,URL,RES_OWNER_GROUP_ID,RES_OWNER_USER_ID,MIN_AUTH_LEVEL,DOMAIN,IS_PUBLIC,IS_SSL) values ('ROLE_EDIT_MENU','MENU_ITEM','Role Edit Menus','ROLE_EDIT_MENU',null,null,1,null,null,null,null,null,null,'Y','N');
Insert into RES (RESOURCE_ID,RESOURCE_TYPE_ID,DESCRIPTION,NAME,BRANCH_ID,CATEGORY_ID,DISPLAY_ORDER,MANAGED_SYS_ID,URL,RES_OWNER_GROUP_ID,RES_OWNER_USER_ID,MIN_AUTH_LEVEL,DOMAIN,IS_PUBLIC,IS_SSL) values ('ROLE_ENTITLEMENTS','MENU_ITEM','Role Entitlements','ROLE_ENTITLEMENTS',null,null,1,null,'/webconsole/roleEntitlements.html',null,null,null,null,'Y','N');
Insert into RES (RESOURCE_ID,RESOURCE_TYPE_ID,DESCRIPTION,NAME,BRANCH_ID,CATEGORY_ID,DISPLAY_ORDER,MANAGED_SYS_ID,URL,RES_OWNER_GROUP_ID,RES_OWNER_USER_ID,MIN_AUTH_LEVEL,DOMAIN,IS_PUBLIC,IS_SSL) values ('ROLE_MENUS','MENU_ITEM','Role Menus','ROLE_MENUS',null,null,1,null,'/webconsole/roleMenuTree.html',null,null,null,null,'Y','N');
Insert into RES (RESOURCE_ID,RESOURCE_TYPE_ID,DESCRIPTION,NAME,BRANCH_ID,CATEGORY_ID,DISPLAY_ORDER,MANAGED_SYS_ID,URL,RES_OWNER_GROUP_ID,RES_OWNER_USER_ID,MIN_AUTH_LEVEL,DOMAIN,IS_PUBLIC,IS_SSL) values ('ROLE_RESMAP','MENU_ITEM','Resource Map','ROLE_RESMAP',null,null,2,null,'roleResource.cnt',null,null,null,null,'N','N');
Insert into RES (RESOURCE_ID,RESOURCE_TYPE_ID,DESCRIPTION,NAME,BRANCH_ID,CATEGORY_ID,DISPLAY_ORDER,MANAGED_SYS_ID,URL,RES_OWNER_GROUP_ID,RES_OWNER_USER_ID,MIN_AUTH_LEVEL,DOMAIN,IS_PUBLIC,IS_SSL) values ('ROLE_ROOT_MENU','MENU_ITEM','Role Root Menus','ROLE_ROOT_MENU',null,null,1,null,'/webconsole/roles.html',null,null,null,null,'Y','N');
Insert into RES (RESOURCE_ID,RESOURCE_TYPE_ID,DESCRIPTION,NAME,BRANCH_ID,CATEGORY_ID,DISPLAY_ORDER,MANAGED_SYS_ID,URL,RES_OWNER_GROUP_ID,RES_OWNER_USER_ID,MIN_AUTH_LEVEL,DOMAIN,IS_PUBLIC,IS_SSL) values ('ROLE_SEARCH','MENU_ITEM','Role Search','ROLE_SEARCH',null,null,1,null,'/webconsole/roles.html',null,null,null,null,'Y','N');
Insert into RES (RESOURCE_ID,RESOURCE_TYPE_ID,DESCRIPTION,NAME,BRANCH_ID,CATEGORY_ID,DISPLAY_ORDER,MANAGED_SYS_ID,URL,RES_OWNER_GROUP_ID,RES_OWNER_USER_ID,MIN_AUTH_LEVEL,DOMAIN,IS_PUBLIC,IS_SSL) values ('ROLE_SUMMARY','MENU_ITEM','Role Details','ROLE_SUMMARY',null,null,1,null,'roleDetail.cnt',null,null,null,null,'N','N');
Insert into RES (RESOURCE_ID,RESOURCE_TYPE_ID,DESCRIPTION,NAME,BRANCH_ID,CATEGORY_ID,DISPLAY_ORDER,MANAGED_SYS_ID,URL,RES_OWNER_GROUP_ID,RES_OWNER_USER_ID,MIN_AUTH_LEVEL,DOMAIN,IS_PUBLIC,IS_SSL) values ('SECDOMAIN','MENU_ITEM','Security Domain','SECDOMAIN',null,null,1,null,'secDomainList.cnt',null,null,null,null,'N','N');
Insert into RES (RESOURCE_ID,RESOURCE_TYPE_ID,DESCRIPTION,NAME,BRANCH_ID,CATEGORY_ID,DISPLAY_ORDER,MANAGED_SYS_ID,URL,RES_OWNER_GROUP_ID,RES_OWNER_USER_ID,MIN_AUTH_LEVEL,DOMAIN,IS_PUBLIC,IS_SSL) values ('SECURITY_GROUP','MENU_ITEM','Group','SECURITY_GROUP',null,null,1,null,'/webconsole/groups.html',null,null,null,null,'N','N');
Insert into RES (RESOURCE_ID,RESOURCE_TYPE_ID,DESCRIPTION,NAME,BRANCH_ID,CATEGORY_ID,DISPLAY_ORDER,MANAGED_SYS_ID,URL,RES_OWNER_GROUP_ID,RES_OWNER_USER_ID,MIN_AUTH_LEVEL,DOMAIN,IS_PUBLIC,IS_SSL) values ('SECURITY_POLICY','MENU_ITEM','Policy','SECURITY_POLICY',null,null,4,null,'security/policy.do?method=init',null,null,null,null,'N','N');
Insert into RES (RESOURCE_ID,RESOURCE_TYPE_ID,DESCRIPTION,NAME,BRANCH_ID,CATEGORY_ID,DISPLAY_ORDER,MANAGED_SYS_ID,URL,RES_OWNER_GROUP_ID,RES_OWNER_USER_ID,MIN_AUTH_LEVEL,DOMAIN,IS_PUBLIC,IS_SSL) values ('SECURITY_RES','MENU_ITEM','Resource','SECURITY_RES',null,null,3,null,'/webconsole/resources.html',null,null,null,null,'N','N');
Insert into RES (RESOURCE_ID,RESOURCE_TYPE_ID,DESCRIPTION,NAME,BRANCH_ID,CATEGORY_ID,DISPLAY_ORDER,MANAGED_SYS_ID,URL,RES_OWNER_GROUP_ID,RES_OWNER_USER_ID,MIN_AUTH_LEVEL,DOMAIN,IS_PUBLIC,IS_SSL) values ('SECURITY_ROLE','MENU_ITEM','Role','SECURITY_ROLE',null,null,2,null,'/webconsole/roles.html',null,null,null,null,'N','N');
Insert into RES (RESOURCE_ID,RESOURCE_TYPE_ID,DESCRIPTION,NAME,BRANCH_ID,CATEGORY_ID,DISPLAY_ORDER,MANAGED_SYS_ID,URL,RES_OWNER_GROUP_ID,RES_OWNER_USER_ID,MIN_AUTH_LEVEL,DOMAIN,IS_PUBLIC,IS_SSL) values ('SELFCENTER','MENU_ITEM','Self Service Center','SELFCENTER',null,null,2,null,null,null,null,null,null,'Y','N');
Insert into RES (RESOURCE_ID,RESOURCE_TYPE_ID,DESCRIPTION,NAME,BRANCH_ID,CATEGORY_ID,DISPLAY_ORDER,MANAGED_SYS_ID,URL,RES_OWNER_GROUP_ID,RES_OWNER_USER_ID,MIN_AUTH_LEVEL,DOMAIN,IS_PUBLIC,IS_SSL) values ('SELFSERVICE','MENU_ITEM','SELF SERVICE','SELFSERVICE',null,null,0,null,'javascript:void(0);',null,null,null,null,'Y','N');
Insert into RES (RESOURCE_ID,RESOURCE_TYPE_ID,DESCRIPTION,NAME,BRANCH_ID,CATEGORY_ID,DISPLAY_ORDER,MANAGED_SYS_ID,URL,RES_OWNER_GROUP_ID,RES_OWNER_USER_ID,MIN_AUTH_LEVEL,DOMAIN,IS_PUBLIC,IS_SSL) values ('SELFSERVICE_MYAPPS','MENU_ITEM','My Applications','SELFSERVICE_MYAPPS',null,null,1,null,'/selfservice/myApplications.html',null,null,null,null,'Y','N');
Insert into RES (RESOURCE_ID,RESOURCE_TYPE_ID,DESCRIPTION,NAME,BRANCH_ID,CATEGORY_ID,DISPLAY_ORDER,MANAGED_SYS_ID,URL,RES_OWNER_GROUP_ID,RES_OWNER_USER_ID,MIN_AUTH_LEVEL,DOMAIN,IS_PUBLIC,IS_SSL) values ('SELFSERVICE_MYINFO','MENU_ITEM','My Info','SELFSERVICE_MYINFO',null,null,1,null,'/selfservice/myInfo.html',null,null,null,null,'Y','N');
Insert into RES (RESOURCE_ID,RESOURCE_TYPE_ID,DESCRIPTION,NAME,BRANCH_ID,CATEGORY_ID,DISPLAY_ORDER,MANAGED_SYS_ID,URL,RES_OWNER_GROUP_ID,RES_OWNER_USER_ID,MIN_AUTH_LEVEL,DOMAIN,IS_PUBLIC,IS_SSL) values ('SELF_LOGIN_LIST','MENU_ITEM','My Identities','SELF_LOGIN_LIST',null,null,1,null,'/selfservice/myIdentities.html',null,null,null,null,'Y','N');
Insert into RES (RESOURCE_ID,RESOURCE_TYPE_ID,DESCRIPTION,NAME,BRANCH_ID,CATEGORY_ID,DISPLAY_ORDER,MANAGED_SYS_ID,URL,RES_OWNER_GROUP_ID,RES_OWNER_USER_ID,MIN_AUTH_LEVEL,DOMAIN,IS_PUBLIC,IS_SSL) values ('SELF_LOGIN_NEW','MENU_ITEM','New Login','SELF_LOGIN_NEW',null,null,1,null,'/selfservice/identity.html',null,null,null,null,'Y','N');
Insert into RES (RESOURCE_ID,RESOURCE_TYPE_ID,DESCRIPTION,NAME,BRANCH_ID,CATEGORY_ID,DISPLAY_ORDER,MANAGED_SYS_ID,URL,RES_OWNER_GROUP_ID,RES_OWNER_USER_ID,MIN_AUTH_LEVEL,DOMAIN,IS_PUBLIC,IS_SSL) values ('SELF_LOGIN_ROOT','MENU_ITEM','SelfService Login Root Context Menu','SELF_LOGIN_ROOT',null,null,1,null,null,null,null,null,null,'Y','N');
Insert into RES (RESOURCE_ID,RESOURCE_TYPE_ID,DESCRIPTION,NAME,BRANCH_ID,CATEGORY_ID,DISPLAY_ORDER,MANAGED_SYS_ID,URL,RES_OWNER_GROUP_ID,RES_OWNER_USER_ID,MIN_AUTH_LEVEL,DOMAIN,IS_PUBLIC,IS_SSL) values ('SELF_QUERYUSER','MENU_ITEM','Manage User','SELF_QUERYUSER',null,null,1,null,'/webconsole/users.html',null,null,null,null,'N','N');
Insert into RES (RESOURCE_ID,RESOURCE_TYPE_ID,DESCRIPTION,NAME,BRANCH_ID,CATEGORY_ID,DISPLAY_ORDER,MANAGED_SYS_ID,URL,RES_OWNER_GROUP_ID,RES_OWNER_USER_ID,MIN_AUTH_LEVEL,DOMAIN,IS_PUBLIC,IS_SSL) values ('SELF_USERIDENTITY','MENU_ITEM','User Identities','SELF_USERIDENTITY',null,null,2,null,'/selfservice/myIdentities.html',null,null,null,null,'Y','N');
Insert into RES (RESOURCE_ID,RESOURCE_TYPE_ID,DESCRIPTION,NAME,BRANCH_ID,CATEGORY_ID,DISPLAY_ORDER,MANAGED_SYS_ID,URL,RES_OWNER_GROUP_ID,RES_OWNER_USER_ID,MIN_AUTH_LEVEL,DOMAIN,IS_PUBLIC,IS_SSL) values ('SYNCDETAIL','MENU_ITEM','Configuration','SYNCDETAIL',null,null,1,null,'syncConfiguration.cnt',null,null,null,null,'N','N');
Insert into RES (RESOURCE_ID,RESOURCE_TYPE_ID,DESCRIPTION,NAME,BRANCH_ID,CATEGORY_ID,DISPLAY_ORDER,MANAGED_SYS_ID,URL,RES_OWNER_GROUP_ID,RES_OWNER_USER_ID,MIN_AUTH_LEVEL,DOMAIN,IS_PUBLIC,IS_SSL) values ('SYNCLOG','MENU_ITEM','LOG Viewer','SYNCLOG',null,null,4,null,'syncExecLog.cnt',null,null,null,null,'N','N');
Insert into RES (RESOURCE_ID,RESOURCE_TYPE_ID,DESCRIPTION,NAME,BRANCH_ID,CATEGORY_ID,DISPLAY_ORDER,MANAGED_SYS_ID,URL,RES_OWNER_GROUP_ID,RES_OWNER_USER_ID,MIN_AUTH_LEVEL,DOMAIN,IS_PUBLIC,IS_SSL) values ('SYNCUSER','MENU_ITEM','Synchronization','SYNCUSER',null,null,3,null,'syncUser.cnt',null,null,null,null,'N','N');
Insert into RES (RESOURCE_ID,RESOURCE_TYPE_ID,DESCRIPTION,NAME,BRANCH_ID,CATEGORY_ID,DISPLAY_ORDER,MANAGED_SYS_ID,URL,RES_OWNER_GROUP_ID,RES_OWNER_USER_ID,MIN_AUTH_LEVEL,DOMAIN,IS_PUBLIC,IS_SSL) values ('TEMPLATE_SEARCH_CHILD','MENU_ITEM','Page Template Search','TEMPLATE_SEARCH_CHILD',null,null,1,null,'/webconsole/pageTemplates.html',null,null,null,null,'Y','N');
Insert into RES (RESOURCE_ID,RESOURCE_TYPE_ID,DESCRIPTION,NAME,BRANCH_ID,CATEGORY_ID,DISPLAY_ORDER,MANAGED_SYS_ID,URL,RES_OWNER_GROUP_ID,RES_OWNER_USER_ID,MIN_AUTH_LEVEL,DOMAIN,IS_PUBLIC,IS_SSL) values ('URI_META_BACK','MENU_ITEM','Back To Pattern','URI_META_BACK',null,null,1,null,'/webconsole-am/editProviderPattern.html',null,null,null,null,'Y','N');
Insert into RES (RESOURCE_ID,RESOURCE_TYPE_ID,DESCRIPTION,NAME,BRANCH_ID,CATEGORY_ID,DISPLAY_ORDER,MANAGED_SYS_ID,URL,RES_OWNER_GROUP_ID,RES_OWNER_USER_ID,MIN_AUTH_LEVEL,DOMAIN,IS_PUBLIC,IS_SSL) values ('URI_META_EDIT','MENU_ITEM','URI Meta Root','URI_META_EDIT',null,null,1,null,null,null,null,null,null,'Y','N');
Insert into RES (RESOURCE_ID,RESOURCE_TYPE_ID,DESCRIPTION,NAME,BRANCH_ID,CATEGORY_ID,DISPLAY_ORDER,MANAGED_SYS_ID,URL,RES_OWNER_GROUP_ID,RES_OWNER_USER_ID,MIN_AUTH_LEVEL,DOMAIN,IS_PUBLIC,IS_SSL) values ('URI_PATTERN_EDIT','MENU_ITEM','URI Pattern Edit Menu','URI_PATTERN_EDIT',null,null,1,null,null,null,null,null,null,'Y','N');
Insert into RES (RESOURCE_ID,RESOURCE_TYPE_ID,DESCRIPTION,NAME,BRANCH_ID,CATEGORY_ID,DISPLAY_ORDER,MANAGED_SYS_ID,URL,RES_OWNER_GROUP_ID,RES_OWNER_USER_ID,MIN_AUTH_LEVEL,DOMAIN,IS_PUBLIC,IS_SSL) values ('URI_PATTERN_EDIT_NEW_PATTERN','MENU_ITEM','Create URI Pattern','URI_PATTERN_EDIT_NEW_PATTERN',null,null,1,null,'/webconsole-am/newProviderPattern.html',null,null,null,null,'Y','N');
Insert into RES (RESOURCE_ID,RESOURCE_TYPE_ID,DESCRIPTION,NAME,BRANCH_ID,CATEGORY_ID,DISPLAY_ORDER,MANAGED_SYS_ID,URL,RES_OWNER_GROUP_ID,RES_OWNER_USER_ID,MIN_AUTH_LEVEL,DOMAIN,IS_PUBLIC,IS_SSL) values ('URI_PATTERN_EDIT_PATTERN','MENU_ITEM','Edit URI Pattern','URI_PATTERN_EDIT_PATTERN',null,null,1,null,'/webconsole-am/editProviderPattern.html',null,null,null,null,'Y','N');
Insert into RES (RESOURCE_ID,RESOURCE_TYPE_ID,DESCRIPTION,NAME,BRANCH_ID,CATEGORY_ID,DISPLAY_ORDER,MANAGED_SYS_ID,URL,RES_OWNER_GROUP_ID,RES_OWNER_USER_ID,MIN_AUTH_LEVEL,DOMAIN,IS_PUBLIC,IS_SSL) values ('URI_PATTERN_EDT_PROV_SEARCH','MENU_ITEM','Context Provider Search','URI_PATTERN_EDT_PROV_SEARCH',null,null,1,null,'/webconsole-am/contentProviders.html',null,null,null,null,'Y','N');
Insert into RES (RESOURCE_ID,RESOURCE_TYPE_ID,DESCRIPTION,NAME,BRANCH_ID,CATEGORY_ID,DISPLAY_ORDER,MANAGED_SYS_ID,URL,RES_OWNER_GROUP_ID,RES_OWNER_USER_ID,MIN_AUTH_LEVEL,DOMAIN,IS_PUBLIC,IS_SSL) values ('USER','MENU_ITEM','User','USER',null,null,1,null,'/webconsole/users.html',null,null,null,null,'N','N');
Insert into RES (RESOURCE_ID,RESOURCE_TYPE_ID,DESCRIPTION,NAME,BRANCH_ID,CATEGORY_ID,DISPLAY_ORDER,MANAGED_SYS_ID,URL,RES_OWNER_GROUP_ID,RES_OWNER_USER_ID,MIN_AUTH_LEVEL,DOMAIN,IS_PUBLIC,IS_SSL) values ('USER_ATTRIBUTES','MENU_ITEM','Edit User Attributes','USER_ATTRIBUTES',null,null,4,null,'/webconsole/userAttributes.html',null,null,null,null,'Y','N');
Insert into RES (RESOURCE_ID,RESOURCE_TYPE_ID,DESCRIPTION,NAME,BRANCH_ID,CATEGORY_ID,DISPLAY_ORDER,MANAGED_SYS_ID,URL,RES_OWNER_GROUP_ID,RES_OWNER_USER_ID,MIN_AUTH_LEVEL,DOMAIN,IS_PUBLIC,IS_SSL) values ('USER_BULK','MENU_ITEM','User Bulk Ops','USER_BULK',null,null,3,null,'userBulk.cnt',null,null,null,null,'N','N');
Insert into RES (RESOURCE_ID,RESOURCE_TYPE_ID,DESCRIPTION,NAME,BRANCH_ID,CATEGORY_ID,DISPLAY_ORDER,MANAGED_SYS_ID,URL,RES_OWNER_GROUP_ID,RES_OWNER_USER_ID,MIN_AUTH_LEVEL,DOMAIN,IS_PUBLIC,IS_SSL) values ('USER_DELEGATION','MENU_ITEM','User Delegation Filter','USER_DELEGATION',null,null,9,null,'/webconsole/userDelegation.html',null,null,null,null,'Y','N');
Insert into RES (RESOURCE_ID,RESOURCE_TYPE_ID,DESCRIPTION,NAME,BRANCH_ID,CATEGORY_ID,DISPLAY_ORDER,MANAGED_SYS_ID,URL,RES_OWNER_GROUP_ID,RES_OWNER_USER_ID,MIN_AUTH_LEVEL,DOMAIN,IS_PUBLIC,IS_SSL) values ('USER_EDIT_CONTACT_INFO','MENU_ITEM','Edit User Contact Info','USER_EDIT_CONTACT_INFO',null,null,3,null,'/webconsole/editUserContact.html',null,null,null,null,'Y','N');
Insert into RES (RESOURCE_ID,RESOURCE_TYPE_ID,DESCRIPTION,NAME,BRANCH_ID,CATEGORY_ID,DISPLAY_ORDER,MANAGED_SYS_ID,URL,RES_OWNER_GROUP_ID,RES_OWNER_USER_ID,MIN_AUTH_LEVEL,DOMAIN,IS_PUBLIC,IS_SSL) values ('USER_EDIT_INFO','MENU_ITEM','Edit User Primary Info','USER_EDIT_INFO',null,null,2,null,'/webconsole/editUser.html',null,null,null,null,'Y','N');
Insert into RES (RESOURCE_ID,RESOURCE_TYPE_ID,DESCRIPTION,NAME,BRANCH_ID,CATEGORY_ID,DISPLAY_ORDER,MANAGED_SYS_ID,URL,RES_OWNER_GROUP_ID,RES_OWNER_USER_ID,MIN_AUTH_LEVEL,DOMAIN,IS_PUBLIC,IS_SSL) values ('USER_EDIT_MENU','MENU_ITEM','User Edit Menus','USER_EDIT_MENU',null,null,1,null,null,null,null,null,null,'Y','N');
Insert into RES (RESOURCE_ID,RESOURCE_TYPE_ID,DESCRIPTION,NAME,BRANCH_ID,CATEGORY_ID,DISPLAY_ORDER,MANAGED_SYS_ID,URL,RES_OWNER_GROUP_ID,RES_OWNER_USER_ID,MIN_AUTH_LEVEL,DOMAIN,IS_PUBLIC,IS_SSL) values ('USER_ENTITLEMENTS','MENU_ITEM','User Entitlements','USER_ENTITLEMENTS',null,null,7,null,'/webconsole/userEntitlements.html',null,null,null,null,'Y','N');
Insert into RES (RESOURCE_ID,RESOURCE_TYPE_ID,DESCRIPTION,NAME,BRANCH_ID,CATEGORY_ID,DISPLAY_ORDER,MANAGED_SYS_ID,URL,RES_OWNER_GROUP_ID,RES_OWNER_USER_ID,MIN_AUTH_LEVEL,DOMAIN,IS_PUBLIC,IS_SSL) values ('USER_HISTORY','MENU_ITEM','User History','USER_HISTORY',null,null,8,null,'/webconsole/userHistory.html',null,null,null,null,'Y','N');
Insert into RES (RESOURCE_ID,RESOURCE_TYPE_ID,DESCRIPTION,NAME,BRANCH_ID,CATEGORY_ID,DISPLAY_ORDER,MANAGED_SYS_ID,URL,RES_OWNER_GROUP_ID,RES_OWNER_USER_ID,MIN_AUTH_LEVEL,DOMAIN,IS_PUBLIC,IS_SSL) values ('USER_IDENTITY','MENU_ITEM','Edit User Identity Info','USER_IDENTITY',null,null,6,null,'/webconsole/editUserIdentity.html',null,null,null,null,'Y','N');
Insert into RES (RESOURCE_ID,RESOURCE_TYPE_ID,DESCRIPTION,NAME,BRANCH_ID,CATEGORY_ID,DISPLAY_ORDER,MANAGED_SYS_ID,URL,RES_OWNER_GROUP_ID,RES_OWNER_USER_ID,MIN_AUTH_LEVEL,DOMAIN,IS_PUBLIC,IS_SSL) values ('USER_MENUS','MENU_ITEM','User Menus','USER_MENUS',null,null,1,null,'/webconsole/userMenuTree.html',null,null,null,null,'Y','N');
Insert into RES (RESOURCE_ID,RESOURCE_TYPE_ID,DESCRIPTION,NAME,BRANCH_ID,CATEGORY_ID,DISPLAY_ORDER,MANAGED_SYS_ID,URL,RES_OWNER_GROUP_ID,RES_OWNER_USER_ID,MIN_AUTH_LEVEL,DOMAIN,IS_PUBLIC,IS_SSL) values ('USER_RESET_PASSWORD','MENU_ITEM','Reset Password','USER_RESET_PASSWORD',null,null,10,null,'/webconsole/resetPassword.html',null,null,null,null,'Y','N');
Insert into RES (RESOURCE_ID,RESOURCE_TYPE_ID,DESCRIPTION,NAME,BRANCH_ID,CATEGORY_ID,DISPLAY_ORDER,MANAGED_SYS_ID,URL,RES_OWNER_GROUP_ID,RES_OWNER_USER_ID,MIN_AUTH_LEVEL,DOMAIN,IS_PUBLIC,IS_SSL) values ('USER_ROOT_MENU','MENU_ITEM','Root for User Context Menu','USER_ROOT_MENU',null,null,1,null,null,null,null,null,null,'Y','N');
Insert into RES (RESOURCE_ID,RESOURCE_TYPE_ID,DESCRIPTION,NAME,BRANCH_ID,CATEGORY_ID,DISPLAY_ORDER,MANAGED_SYS_ID,URL,RES_OWNER_GROUP_ID,RES_OWNER_USER_ID,MIN_AUTH_LEVEL,DOMAIN,IS_PUBLIC,IS_SSL) values ('USER_SEARCH','MENU_ITEM','User Search','USER_SEARCH',null,null,1,null,'/webconsole/users.html',null,null,null,null,'Y','N');

Insert into res_to_res_membership (RESOURCE_ID,MEMBER_RESOURCE_ID) values ('ACCESSCENTER','CREATEREQ');
Insert into res_to_res_membership (RESOURCE_ID,MEMBER_RESOURCE_ID) values ('ACCESSCENTER','MANAGEREQ');
Insert into res_to_res_membership (RESOURCE_ID,MEMBER_RESOURCE_ID) values ('ACCESSCENTER','NEWUSER');
Insert into res_to_res_membership (RESOURCE_ID,MEMBER_RESOURCE_ID) values ('ACCESSCENTER','NEWUSER-NOAPPRV');
Insert into res_to_res_membership (RESOURCE_ID,MEMBER_RESOURCE_ID) values ('ACCESSCENTER','REQINBOX');
Insert into res_to_res_membership (RESOURCE_ID,MEMBER_RESOURCE_ID) values ('ACCESSCENTER','SELF_QUERYUSER');
Insert into res_to_res_membership (RESOURCE_ID,MEMBER_RESOURCE_ID) values ('ACC_CONTROL','AM_PROV_SEARCH_CHILD');
Insert into res_to_res_membership (RESOURCE_ID,MEMBER_RESOURCE_ID) values ('ACC_CONTROL','CONTENT_PROV_SEARCH_CHILD');
Insert into res_to_res_membership (RESOURCE_ID,MEMBER_RESOURCE_ID) values ('ACC_CONTROL','SECURITY_GROUP');
Insert into res_to_res_membership (RESOURCE_ID,MEMBER_RESOURCE_ID) values ('ACC_CONTROL','SECURITY_RES');
Insert into res_to_res_membership (RESOURCE_ID,MEMBER_RESOURCE_ID) values ('ACC_CONTROL','SECURITY_ROLE');
Insert into res_to_res_membership (RESOURCE_ID,MEMBER_RESOURCE_ID) values ('ADMIN','BATCH_PROC');
Insert into res_to_res_membership (RESOURCE_ID,MEMBER_RESOURCE_ID) values ('ADMIN','CHALLENGE');
Insert into res_to_res_membership (RESOURCE_ID,MEMBER_RESOURCE_ID) values ('ADMIN','CUSTOM_FIELD_SEARCH_CHILD');
Insert into res_to_res_membership (RESOURCE_ID,MEMBER_RESOURCE_ID) values ('ADMIN','LOCATION');
Insert into res_to_res_membership (RESOURCE_ID,MEMBER_RESOURCE_ID) values ('ADMIN','METADATA');
Insert into res_to_res_membership (RESOURCE_ID,MEMBER_RESOURCE_ID) values ('ADMIN','SECDOMAIN');
Insert into res_to_res_membership (RESOURCE_ID,MEMBER_RESOURCE_ID) values ('ADMIN','TEMPLATE_SEARCH_CHILD');
Insert into res_to_res_membership (RESOURCE_ID,MEMBER_RESOURCE_ID) values ('AM_PROV_EDIT','AM_PROV_AM_ATTR');
Insert into res_to_res_membership (RESOURCE_ID,MEMBER_RESOURCE_ID) values ('AM_PROV_EDIT','AM_PROV_EDIT_CURRENT');
Insert into res_to_res_membership (RESOURCE_ID,MEMBER_RESOURCE_ID) values ('AM_PROV_EDIT','AM_PROV_EDIT_SEARCH');
Insert into res_to_res_membership (RESOURCE_ID,MEMBER_RESOURCE_ID) values ('AM_PROV_EDIT','AM_PROV_NEW_EDIT');
Insert into res_to_res_membership (RESOURCE_ID,MEMBER_RESOURCE_ID) values ('AM_PROV_ROOT','AM_PROV_NEW');
Insert into res_to_res_membership (RESOURCE_ID,MEMBER_RESOURCE_ID) values ('AM_PROV_ROOT','AM_PROV_SEARCH');
Insert into res_to_res_membership (RESOURCE_ID,MEMBER_RESOURCE_ID) values ('AUDITREPORT','AUDIT_RPT');
Insert into res_to_res_membership (RESOURCE_ID,MEMBER_RESOURCE_ID) values ('CONTENT_PROV_EDIT','CONTENT_PROV_EDIT_CURRENT');
Insert into res_to_res_membership (RESOURCE_ID,MEMBER_RESOURCE_ID) values ('CONTENT_PROV_EDIT','CONTENT_PROV_EDIT_SEARCH');
Insert into res_to_res_membership (RESOURCE_ID,MEMBER_RESOURCE_ID) values ('CONTENT_PROV_EDIT','CONTENT_PROV_NEW_EDIT');
Insert into res_to_res_membership (RESOURCE_ID,MEMBER_RESOURCE_ID) values ('CONTENT_PROV_ROOT','CONTENT_PROV_NEW');
Insert into res_to_res_membership (RESOURCE_ID,MEMBER_RESOURCE_ID) values ('CONTENT_PROV_ROOT','CONTENT_PROV_SEARCH');
Insert into res_to_res_membership (RESOURCE_ID,MEMBER_RESOURCE_ID) values ('CUSTOM_FIELD_EDIT','CUSTOM_FIELD_EDIT_NEW');
Insert into res_to_res_membership (RESOURCE_ID,MEMBER_RESOURCE_ID) values ('CUSTOM_FIELD_EDIT','CUSTOM_FIELD_EDIT_SEARCH');
Insert into res_to_res_membership (RESOURCE_ID,MEMBER_RESOURCE_ID) values ('CUSTOM_FIELD_ROOT','CUSTOM_FIELD_NEW');
Insert into res_to_res_membership (RESOURCE_ID,MEMBER_RESOURCE_ID) values ('CUSTOM_FIELD_ROOT','CUSTOM_FIELD_SEARCH');
Insert into res_to_res_membership (RESOURCE_ID,MEMBER_RESOURCE_ID) values ('GROUP_EDIT_MENU','EDIT_GROUP');
Insert into res_to_res_membership (RESOURCE_ID,MEMBER_RESOURCE_ID) values ('GROUP_EDIT_MENU','GROUP_ATTRIBUTES');
Insert into res_to_res_membership (RESOURCE_ID,MEMBER_RESOURCE_ID) values ('GROUP_EDIT_MENU','GROUP_ENTITLEMENTS');
Insert into res_to_res_membership (RESOURCE_ID,MEMBER_RESOURCE_ID) values ('GROUP_EDIT_MENU','GROUP_MENUS');
Insert into res_to_res_membership (RESOURCE_ID,MEMBER_RESOURCE_ID) values ('GROUP_ROOT_MENU','GROUP_SEARCH');
Insert into res_to_res_membership (RESOURCE_ID,MEMBER_RESOURCE_ID) values ('GROUP_ROOT_MENU','NEW_GROUP');
Insert into res_to_res_membership (RESOURCE_ID,MEMBER_RESOURCE_ID) values ('IDM','ACC_CONTROL');
Insert into res_to_res_membership (RESOURCE_ID,MEMBER_RESOURCE_ID) values ('IDM','ADMIN');
Insert into res_to_res_membership (RESOURCE_ID,MEMBER_RESOURCE_ID) values ('IDM','IDMAN');
Insert into res_to_res_membership (RESOURCE_ID,MEMBER_RESOURCE_ID) values ('IDM','PROVISIONING');
Insert into res_to_res_membership (RESOURCE_ID,MEMBER_RESOURCE_ID) values ('IDM','REPORT');
Insert into res_to_res_membership (RESOURCE_ID,MEMBER_RESOURCE_ID) values ('IDM','SECURITY_POLICY');
Insert into res_to_res_membership (RESOURCE_ID,MEMBER_RESOURCE_ID) values ('IDMAN','ORG');
Insert into res_to_res_membership (RESOURCE_ID,MEMBER_RESOURCE_ID) values ('IDMAN','USER');
Insert into res_to_res_membership (RESOURCE_ID,MEMBER_RESOURCE_ID) values ('IDMAN','USER_BULK');
Insert into res_to_res_membership (RESOURCE_ID,MEMBER_RESOURCE_ID) values ('MNGSYS_MENU_ITEM','MNGSYS_NEW');
Insert into res_to_res_membership (RESOURCE_ID,MEMBER_RESOURCE_ID) values ('ORGANIZATION_EDIT_ID','EDIT_ORG');
Insert into res_to_res_membership (RESOURCE_ID,MEMBER_RESOURCE_ID) values ('ORGANIZATION_EDIT_ID','ORG_ATTRIBUTES');
Insert into res_to_res_membership (RESOURCE_ID,MEMBER_RESOURCE_ID) values ('ORGANIZATION_EDIT_ID','ORG_MEMBERSHIP');
Insert into res_to_res_membership (RESOURCE_ID,MEMBER_RESOURCE_ID) values ('ORGANIZATION_ROOT_ID','NEW_ORG');
Insert into res_to_res_membership (RESOURCE_ID,MEMBER_RESOURCE_ID) values ('ORGANIZATION_ROOT_ID','ORG_SEARCH');
Insert into res_to_res_membership (RESOURCE_ID,MEMBER_RESOURCE_ID) values ('PAGE_TEMPLATE_EDIT','PAGE_TEMPLATE_EDIT_NEW');
Insert into res_to_res_membership (RESOURCE_ID,MEMBER_RESOURCE_ID) values ('PAGE_TEMPLATE_EDIT','PAGE_TEMPLATE_EDIT_SEARCH');
Insert into res_to_res_membership (RESOURCE_ID,MEMBER_RESOURCE_ID) values ('PAGE_TEMPLATE_ROOT','PAGE_TEMPLATE_NEW');
Insert into res_to_res_membership (RESOURCE_ID,MEMBER_RESOURCE_ID) values ('PAGE_TEMPLATE_ROOT','PAGE_TEMPLATE_SEARCH');
Insert into res_to_res_membership (RESOURCE_ID,MEMBER_RESOURCE_ID) values ('PROVCONNECT_MENU_ITEM','PROV_CONNECTOR_NEW');
Insert into res_to_res_membership (RESOURCE_ID,MEMBER_RESOURCE_ID) values ('PROVISIONING','MNGSYS');
Insert into res_to_res_membership (RESOURCE_ID,MEMBER_RESOURCE_ID) values ('PROVISIONING','PROVCONNECT');
Insert into res_to_res_membership (RESOURCE_ID,MEMBER_RESOURCE_ID) values ('PROVISIONING','SYNCLOG');
Insert into res_to_res_membership (RESOURCE_ID,MEMBER_RESOURCE_ID) values ('PROVISIONING','SYNCUSER');
Insert into res_to_res_membership (RESOURCE_ID,MEMBER_RESOURCE_ID) values ('REPORT','AUDITREPORT');
Insert into res_to_res_membership (RESOURCE_ID,MEMBER_RESOURCE_ID) values ('RESOURCE_EDIT_PAGE_ROOT','EDIT_RESOURCE');
Insert into res_to_res_membership (RESOURCE_ID,MEMBER_RESOURCE_ID) values ('RESOURCE_EDIT_PAGE_ROOT','RESPOLICYMAP');
Insert into res_to_res_membership (RESOURCE_ID,MEMBER_RESOURCE_ID) values ('RESOURCE_EDIT_PAGE_ROOT','RES_ATTR_PAGE');
Insert into res_to_res_membership (RESOURCE_ID,MEMBER_RESOURCE_ID) values ('RESOURCE_EDIT_PAGE_ROOT','RES_ENT_SUB');
Insert into res_to_res_membership (RESOURCE_ID,MEMBER_RESOURCE_ID) values ('RESOURCE_MENU_ROOT','CREATE_RESOURCE_MENU');
Insert into res_to_res_membership (RESOURCE_ID,MEMBER_RESOURCE_ID) values ('RESOURCE_MENU_ROOT','RESAPPROVER');
Insert into res_to_res_membership (RESOURCE_ID,MEMBER_RESOURCE_ID) values ('RESOURCE_MENU_ROOT','RESENTITLEMENT');
Insert into res_to_res_membership (RESOURCE_ID,MEMBER_RESOURCE_ID) values ('RESOURCE_MENU_ROOT','RESRECONCILE');
Insert into res_to_res_membership (RESOURCE_ID,MEMBER_RESOURCE_ID) values ('RESOURCE_MENU_ROOT','RESSUMMARY');
Insert into res_to_res_membership (RESOURCE_ID,MEMBER_RESOURCE_ID) values ('ROLE_EDIT_MENU','EDIT_ROLE');
Insert into res_to_res_membership (RESOURCE_ID,MEMBER_RESOURCE_ID) values ('ROLE_EDIT_MENU','ROLE_ATTRIBUTES');
Insert into res_to_res_membership (RESOURCE_ID,MEMBER_RESOURCE_ID) values ('ROLE_EDIT_MENU','ROLE_ENTITLEMENTS');
Insert into res_to_res_membership (RESOURCE_ID,MEMBER_RESOURCE_ID) values ('ROLE_EDIT_MENU','ROLE_MENUS');
Insert into res_to_res_membership (RESOURCE_ID,MEMBER_RESOURCE_ID) values ('ROLE_ROOT_MENU','NEW_ROLE');
Insert into res_to_res_membership (RESOURCE_ID,MEMBER_RESOURCE_ID) values ('ROLE_ROOT_MENU','ROLE_SEARCH');
Insert into res_to_res_membership (RESOURCE_ID,MEMBER_RESOURCE_ID) values ('SELFCENTER','CHNGPSWD');
Insert into res_to_res_membership (RESOURCE_ID,MEMBER_RESOURCE_ID) values ('SELFCENTER','DIRECTORY');
Insert into res_to_res_membership (RESOURCE_ID,MEMBER_RESOURCE_ID) values ('SELFCENTER','IDQUEST');
Insert into res_to_res_membership (RESOURCE_ID,MEMBER_RESOURCE_ID) values ('SELFCENTER','PROFILE');
Insert into res_to_res_membership (RESOURCE_ID,MEMBER_RESOURCE_ID) values ('SELFCENTER','SELF_USERIDENTITY');
Insert into res_to_res_membership (RESOURCE_ID,MEMBER_RESOURCE_ID) values ('SELFSERVICE','ACCESSCENTER');
Insert into res_to_res_membership (RESOURCE_ID,MEMBER_RESOURCE_ID) values ('SELFSERVICE','SELFCENTER');
Insert into res_to_res_membership (RESOURCE_ID,MEMBER_RESOURCE_ID) values ('SELFSERVICE','SELFSERVICE_MYAPPS');
Insert into res_to_res_membership (RESOURCE_ID,MEMBER_RESOURCE_ID) values ('SELFSERVICE','SELFSERVICE_MYINFO');
Insert into res_to_res_membership (RESOURCE_ID,MEMBER_RESOURCE_ID) values ('SELF_LOGIN_ROOT','SELF_LOGIN_LIST');
Insert into res_to_res_membership (RESOURCE_ID,MEMBER_RESOURCE_ID) values ('SELF_LOGIN_ROOT','SELF_LOGIN_NEW');
Insert into res_to_res_membership (RESOURCE_ID,MEMBER_RESOURCE_ID) values ('SYNCUSER','SYNCDETAIL');
Insert into res_to_res_membership (RESOURCE_ID,MEMBER_RESOURCE_ID) values ('URI_META_EDIT','URI_META_BACK');
Insert into res_to_res_membership (RESOURCE_ID,MEMBER_RESOURCE_ID) values ('URI_PATTERN_EDIT','BACK_TO_CP');
Insert into res_to_res_membership (RESOURCE_ID,MEMBER_RESOURCE_ID) values ('URI_PATTERN_EDIT','URI_PATTERN_EDIT_NEW_PATTERN');
Insert into res_to_res_membership (RESOURCE_ID,MEMBER_RESOURCE_ID) values ('URI_PATTERN_EDIT','URI_PATTERN_EDIT_PATTERN');
Insert into res_to_res_membership (RESOURCE_ID,MEMBER_RESOURCE_ID) values ('URI_PATTERN_EDIT','URI_PATTERN_EDT_PROV_SEARCH');
Insert into res_to_res_membership (RESOURCE_ID,MEMBER_RESOURCE_ID) values ('USER_EDIT_MENU','USER_ATTRIBUTES');
Insert into res_to_res_membership (RESOURCE_ID,MEMBER_RESOURCE_ID) values ('USER_EDIT_MENU','USER_DELEGATION');
Insert into res_to_res_membership (RESOURCE_ID,MEMBER_RESOURCE_ID) values ('USER_EDIT_MENU','USER_EDIT_CONTACT_INFO');
Insert into res_to_res_membership (RESOURCE_ID,MEMBER_RESOURCE_ID) values ('USER_EDIT_MENU','USER_EDIT_INFO');
Insert into res_to_res_membership (RESOURCE_ID,MEMBER_RESOURCE_ID) values ('USER_EDIT_MENU','USER_ENTITLEMENTS');
Insert into res_to_res_membership (RESOURCE_ID,MEMBER_RESOURCE_ID) values ('USER_EDIT_MENU','USER_HISTORY');
Insert into res_to_res_membership (RESOURCE_ID,MEMBER_RESOURCE_ID) values ('USER_EDIT_MENU','USER_IDENTITY');
Insert into res_to_res_membership (RESOURCE_ID,MEMBER_RESOURCE_ID) values ('USER_EDIT_MENU','USER_MENUS');
Insert into res_to_res_membership (RESOURCE_ID,MEMBER_RESOURCE_ID) values ('USER_EDIT_MENU','USER_RESET_PASSWORD');
Insert into res_to_res_membership (RESOURCE_ID,MEMBER_RESOURCE_ID) values ('USER_EDIT_MENU','USER_SEARCH');
Insert into res_to_res_membership (RESOURCE_ID,MEMBER_RESOURCE_ID) values ('USER_ROOT_MENU','NEW_USER');

Insert into RESOURCE_PROP (RESOURCE_PROP_ID,RESOURCE_ID,METADATA_ID,NAME,PROP_VALUE,PROP_GROUP) values ('200','101',null,'INCLUDE_USER_OBJECT','N',null);
Insert into RESOURCE_PROP (RESOURCE_PROP_ID,RESOURCE_ID,METADATA_ID,NAME,PROP_VALUE,PROP_GROUP) values ('202','101',null,'PRINCIPAL_NAME','uid',null);
Insert into RESOURCE_PROP (RESOURCE_PROP_ID,RESOURCE_ID,METADATA_ID,NAME,PROP_VALUE,PROP_GROUP) values ('203','101',null,'PRINCIPAL_PASSWORD','userPassword',null);
Insert into RESOURCE_PROP (RESOURCE_PROP_ID,RESOURCE_ID,METADATA_ID,NAME,PROP_VALUE,PROP_GROUP) values ('204','101',null,'INCLUDE_IN_PASSWORD_SYNC','Y',null);
Insert into RESOURCE_PROP (RESOURCE_PROP_ID,RESOURCE_ID,METADATA_ID,NAME,PROP_VALUE,PROP_GROUP) values ('205','101',null,'ON_DELETE','DELETE',null);
Insert into RESOURCE_PROP (RESOURCE_PROP_ID,RESOURCE_ID,METADATA_ID,NAME,PROP_VALUE,PROP_GROUP) values ('206','101',null,'GROUP_MEMBERSHIP_ENABLED','Y',null);
Insert into RESOURCE_PROP (RESOURCE_PROP_ID,RESOURCE_ID,METADATA_ID,NAME,PROP_VALUE,PROP_GROUP) values ('207','101',null,'PRE_PROCESS','/prov-helper/LDAPPreProcessor.groovy',null);
Insert into RESOURCE_PROP (RESOURCE_PROP_ID,RESOURCE_ID,METADATA_ID,NAME,PROP_VALUE,PROP_GROUP) values ('208','101',null,'POST_PROCESS','/prov-helper/LDAPPostProcessor.groovy',null);
Insert into RESOURCE_PROP (RESOURCE_PROP_ID,RESOURCE_ID,METADATA_ID,NAME,PROP_VALUE,PROP_GROUP) values ('210','105',null,'INCLUDE_USER_OBJECT','Y',null);
Insert into RESOURCE_PROP (RESOURCE_PROP_ID,RESOURCE_ID,METADATA_ID,NAME,PROP_VALUE,PROP_GROUP) values ('211','105',null,'PRINCIPAL_NAME','login',null);
Insert into RESOURCE_PROP (RESOURCE_PROP_ID,RESOURCE_ID,METADATA_ID,NAME,PROP_VALUE,PROP_GROUP) values ('212','105',null,'PRINCIPAL_PASSWORD','userPassword',null);
Insert into RESOURCE_PROP (RESOURCE_PROP_ID,RESOURCE_ID,METADATA_ID,NAME,PROP_VALUE,PROP_GROUP) values ('213','105',null,'INCLUDE_IN_PASSWORD_SYNC','Y',null);
Insert into RESOURCE_PROP (RESOURCE_PROP_ID,RESOURCE_ID,METADATA_ID,NAME,PROP_VALUE,PROP_GROUP) values ('214','105',null,'ON_DELETE','DELETE',null);
Insert into RESOURCE_PROP (RESOURCE_PROP_ID,RESOURCE_ID,METADATA_ID,NAME,PROP_VALUE,PROP_GROUP) values ('215','105',null,'GROUP_MEMBERSHIP_ENABLED','Y',null);
Insert into RESOURCE_PROP (RESOURCE_PROP_ID,RESOURCE_ID,METADATA_ID,NAME,PROP_VALUE,PROP_GROUP) values ('216','105',null,'PRE_PROCESS',null,null);
Insert into RESOURCE_PROP (RESOURCE_PROP_ID,RESOURCE_ID,METADATA_ID,NAME,PROP_VALUE,PROP_GROUP) values ('217','105',null,'POST_PROCESS',null,null);
Insert into RESOURCE_PROP (RESOURCE_PROP_ID,RESOURCE_ID,METADATA_ID,NAME,PROP_VALUE,PROP_GROUP) values ('220','110',null,'ON_DELETE','DELETE',null);
Insert into RESOURCE_PROP (RESOURCE_PROP_ID,RESOURCE_ID,METADATA_ID,NAME,PROP_VALUE,PROP_GROUP) values ('221','110',null,'INCLUDE_IN_PASSWORD_SYNC','Y',null);
Insert into RESOURCE_PROP (RESOURCE_PROP_ID,RESOURCE_ID,METADATA_ID,NAME,PROP_VALUE,PROP_GROUP) values ('222','110',null,'GROUP_MEMBERSHIP_ENABLED','Y',null);
Insert into RESOURCE_PROP (RESOURCE_PROP_ID,RESOURCE_ID,METADATA_ID,NAME,PROP_VALUE,PROP_GROUP) values ('223','101',null,'PRE_PROCESS',null,null);
Insert into RESOURCE_PROP (RESOURCE_PROP_ID,RESOURCE_ID,METADATA_ID,NAME,PROP_VALUE,PROP_GROUP) values ('224','101',null,'POST_PROCESS',null,null);
Insert into RESOURCE_PROP (RESOURCE_PROP_ID,RESOURCE_ID,METADATA_ID,NAME,PROP_VALUE,PROP_GROUP) values ('ACCESSCENTER_MENU_DISPLAY','ACCESSCENTER',null,'MENU_DISPLAY_NAME','Access Management Center',null);
Insert into RESOURCE_PROP (RESOURCE_PROP_ID,RESOURCE_ID,METADATA_ID,NAME,PROP_VALUE,PROP_GROUP) values ('ACCESSCENTER_MENU_ICON','ACCESSCENTER',null,'MENU_ICON','/openiam-ui-static/images/common/icons/access_control.png',null);
Insert into RESOURCE_PROP (RESOURCE_PROP_ID,RESOURCE_ID,METADATA_ID,NAME,PROP_VALUE,PROP_GROUP) values ('ACC_CONTROL_MENU_DISPLAY','ACC_CONTROL',null,'MENU_DISPLAY_NAME','Access Control',null);
Insert into RESOURCE_PROP (RESOURCE_PROP_ID,RESOURCE_ID,METADATA_ID,NAME,PROP_VALUE,PROP_GROUP) values ('ACC_CONTROL_MENU_ICON','ACC_CONTROL',null,'MENU_ICON','/openiam-ui-static/images/common/icons/access_control.png',null);
Insert into RESOURCE_PROP (RESOURCE_PROP_ID,RESOURCE_ID,METADATA_ID,NAME,PROP_VALUE,PROP_GROUP) values ('ACONTENT_PROV_NEW_EDIT_PUB_DESC','CONTENT_PROV_NEW_EDIT',null,'MENU_DISPLAY_NAME','Create New Provider',null);
Insert into RESOURCE_PROP (RESOURCE_PROP_ID,RESOURCE_ID,METADATA_ID,NAME,PROP_VALUE,PROP_GROUP) values ('ADMIN_MENU_DISPLAY','ADMIN',null,'MENU_DISPLAY_NAME','Administration',null);
Insert into RESOURCE_PROP (RESOURCE_PROP_ID,RESOURCE_ID,METADATA_ID,NAME,PROP_VALUE,PROP_GROUP) values ('ADMIN_MENU_ICON','ADMIN',null,'MENU_ICON','/openiam-ui-static/images/common/icons/admin.png',null);
Insert into RESOURCE_PROP (RESOURCE_PROP_ID,RESOURCE_ID,METADATA_ID,NAME,PROP_VALUE,PROP_GROUP) values ('AM_PROV_AM_ATTR_DESC','AM_PROV_AM_ATTR',null,'MENU_DISPLAY_NAME','Request Attributes',null);
Insert into RESOURCE_PROP (RESOURCE_PROP_ID,RESOURCE_ID,METADATA_ID,NAME,PROP_VALUE,PROP_GROUP) values ('AM_PROV_AM_ATTR_PUB','AM_PROV_AM_ATTR',null,'MENU_IS_PUBLIC','true',null);
Insert into RESOURCE_PROP (RESOURCE_PROP_ID,RESOURCE_ID,METADATA_ID,NAME,PROP_VALUE,PROP_GROUP) values ('AM_PROV_EDIT_CURRENT_DESC','AM_PROV_EDIT_CURRENT',null,'MENU_DISPLAY_NAME','Edit Provider',null);
Insert into RESOURCE_PROP (RESOURCE_PROP_ID,RESOURCE_ID,METADATA_ID,NAME,PROP_VALUE,PROP_GROUP) values ('AM_PROV_EDIT_CURRENT_PUB','AM_PROV_EDIT_CURRENT',null,'MENU_IS_PUBLIC','true',null);
Insert into RESOURCE_PROP (RESOURCE_PROP_ID,RESOURCE_ID,METADATA_ID,NAME,PROP_VALUE,PROP_GROUP) values ('AM_PROV_EDIT_DESC','AM_PROV_EDIT',null,'MENU_DISPLAY_NAME','Authentication Provider Edit Menu',null);
Insert into RESOURCE_PROP (RESOURCE_PROP_ID,RESOURCE_ID,METADATA_ID,NAME,PROP_VALUE,PROP_GROUP) values ('AM_PROV_EDIT_PUB','AM_PROV_EDIT',null,'MENU_IS_PUBLIC','true',null);
Insert into RESOURCE_PROP (RESOURCE_PROP_ID,RESOURCE_ID,METADATA_ID,NAME,PROP_VALUE,PROP_GROUP) values ('AM_PROV_EDIT_SEARCH_DESC','AM_PROV_EDIT_SEARCH',null,'MENU_DISPLAY_NAME','Back to Search',null);
Insert into RESOURCE_PROP (RESOURCE_PROP_ID,RESOURCE_ID,METADATA_ID,NAME,PROP_VALUE,PROP_GROUP) values ('AM_PROV_EDIT_SEARCH_PUB','AM_PROV_EDIT_SEARCH',null,'MENU_IS_PUBLIC','true',null);
Insert into RESOURCE_PROP (RESOURCE_PROP_ID,RESOURCE_ID,METADATA_ID,NAME,PROP_VALUE,PROP_GROUP) values ('AM_PROV_NEW_DSC','AM_PROV_NEW',null,'MENU_DISPLAY_NAME','Create New Provider',null);
Insert into RESOURCE_PROP (RESOURCE_PROP_ID,RESOURCE_ID,METADATA_ID,NAME,PROP_VALUE,PROP_GROUP) values ('AM_PROV_NEW_EDIT_PUB','AM_PROV_NEW_EDIT',null,'MENU_IS_PUBLIC','true',null);
Insert into RESOURCE_PROP (RESOURCE_PROP_ID,RESOURCE_ID,METADATA_ID,NAME,PROP_VALUE,PROP_GROUP) values ('AM_PROV_NEW_EDIT_PUB_DESC','AM_PROV_NEW_EDIT',null,'MENU_DISPLAY_NAME','Create New Provider',null);
Insert into RESOURCE_PROP (RESOURCE_PROP_ID,RESOURCE_ID,METADATA_ID,NAME,PROP_VALUE,PROP_GROUP) values ('AM_PROV_NEW_PUB','AM_PROV_NEW',null,'MENU_IS_PUBLIC','true',null);
Insert into RESOURCE_PROP (RESOURCE_PROP_ID,RESOURCE_ID,METADATA_ID,NAME,PROP_VALUE,PROP_GROUP) values ('AM_PROV_ROOT_DESC','AM_PROV_ROOT',null,'MENU_DISPLAY_NAME','Authentication Provider Root Menu',null);
Insert into RESOURCE_PROP (RESOURCE_PROP_ID,RESOURCE_ID,METADATA_ID,NAME,PROP_VALUE,PROP_GROUP) values ('AM_PROV_ROOT_PUB','AM_PROV_ROOT',null,'MENU_IS_PUBLIC','true',null);
Insert into RESOURCE_PROP (RESOURCE_PROP_ID,RESOURCE_ID,METADATA_ID,NAME,PROP_VALUE,PROP_GROUP) values ('AM_PROV_SEARCH_CHILD_PUB','AM_PROV_SEARCH_CHILD',null,'MENU_IS_PUBLIC','true',null);
Insert into RESOURCE_PROP (RESOURCE_PROP_ID,RESOURCE_ID,METADATA_ID,NAME,PROP_VALUE,PROP_GROUP) values ('AM_PROV_SEARCH_CHILD_PUB_DESC','AM_PROV_SEARCH_CHILD',null,'MENU_DISPLAY_NAME','Authentication Providers',null);
Insert into RESOURCE_PROP (RESOURCE_PROP_ID,RESOURCE_ID,METADATA_ID,NAME,PROP_VALUE,PROP_GROUP) values ('AM_PROV_SEARCH_DESC','AM_PROV_SEARCH',null,'MENU_DISPLAY_NAME','Search Providers',null);
Insert into RESOURCE_PROP (RESOURCE_PROP_ID,RESOURCE_ID,METADATA_ID,NAME,PROP_VALUE,PROP_GROUP) values ('AM_PROV_SEARCH_PUB','AM_PROV_SEARCH',null,'MENU_IS_PUBLIC','true',null);
Insert into RESOURCE_PROP (RESOURCE_PROP_ID,RESOURCE_ID,METADATA_ID,NAME,PROP_VALUE,PROP_GROUP) values ('AUDITREPORT_MENU_DISPLAY','AUDITREPORT',null,'MENU_DISPLAY_NAME','Audit Reports',null);
Insert into RESOURCE_PROP (RESOURCE_PROP_ID,RESOURCE_ID,METADATA_ID,NAME,PROP_VALUE,PROP_GROUP) values ('AUDIT_RPT_MENU_DISPLAY','AUDIT_RPT',null,'MENU_DISPLAY_NAME','Audit Report',null);
Insert into RESOURCE_PROP (RESOURCE_PROP_ID,RESOURCE_ID,METADATA_ID,NAME,PROP_VALUE,PROP_GROUP) values ('BACK_TO_CP_DESC','BACK_TO_CP',null,'MENU_DISPLAY_NAME','Back To Content Provider',null);
Insert into RESOURCE_PROP (RESOURCE_PROP_ID,RESOURCE_ID,METADATA_ID,NAME,PROP_VALUE,PROP_GROUP) values ('BACK_TO_CP_PUB','BACK_TO_CP',null,'MENU_IS_PUBLIC','true',null);
Insert into RESOURCE_PROP (RESOURCE_PROP_ID,RESOURCE_ID,METADATA_ID,NAME,PROP_VALUE,PROP_GROUP) values ('BATCH_PROC_MENU_DISPLAY','BATCH_PROC',null,'MENU_DISPLAY_NAME','Batch Processes',null);
Insert into RESOURCE_PROP (RESOURCE_PROP_ID,RESOURCE_ID,METADATA_ID,NAME,PROP_VALUE,PROP_GROUP) values ('BATCH_PROC_VISIBLE','BATCH_PROC',null,'IS_VISIBLE','false',null);
Insert into RESOURCE_PROP (RESOURCE_PROP_ID,RESOURCE_ID,METADATA_ID,NAME,PROP_VALUE,PROP_GROUP) values ('CHALLENGE_MENU_DISPLAY','CHALLENGE',null,'MENU_DISPLAY_NAME','Challenge Quest',null);
Insert into RESOURCE_PROP (RESOURCE_PROP_ID,RESOURCE_ID,METADATA_ID,NAME,PROP_VALUE,PROP_GROUP) values ('CHALLENGE_VISIBLE','CHALLENGE',null,'IS_VISIBLE','false',null);
Insert into RESOURCE_PROP (RESOURCE_PROP_ID,RESOURCE_ID,METADATA_ID,NAME,PROP_VALUE,PROP_GROUP) values ('CHNGPSWD_MENU_DISPLAY','CHNGPSWD',null,'MENU_DISPLAY_NAME','Change Password',null);
Insert into RESOURCE_PROP (RESOURCE_PROP_ID,RESOURCE_ID,METADATA_ID,NAME,PROP_VALUE,PROP_GROUP) values ('CONTENT_PROV_EDIT_CURRENT_DESC','CONTENT_PROV_EDIT_CURRENT',null,'MENU_DISPLAY_NAME','Edit Provider',null);
Insert into RESOURCE_PROP (RESOURCE_PROP_ID,RESOURCE_ID,METADATA_ID,NAME,PROP_VALUE,PROP_GROUP) values ('CONTENT_PROV_EDIT_CURRENT_PUB','CONTENT_PROV_EDIT_CURRENT',null,'MENU_IS_PUBLIC','true',null);
Insert into RESOURCE_PROP (RESOURCE_PROP_ID,RESOURCE_ID,METADATA_ID,NAME,PROP_VALUE,PROP_GROUP) values ('CONTENT_PROV_EDIT_DESC','CONTENT_PROV_EDIT',null,'MENU_DISPLAY_NAME','Content Provider Edit Menu',null);
Insert into RESOURCE_PROP (RESOURCE_PROP_ID,RESOURCE_ID,METADATA_ID,NAME,PROP_VALUE,PROP_GROUP) values ('CONTENT_PROV_EDIT_PUB','CONTENT_PROV_EDIT',null,'MENU_IS_PUBLIC','true',null);
Insert into RESOURCE_PROP (RESOURCE_PROP_ID,RESOURCE_ID,METADATA_ID,NAME,PROP_VALUE,PROP_GROUP) values ('CONTENT_PROV_EDIT_SEARCH_DESC','CONTENT_PROV_EDIT_SEARCH',null,'MENU_DISPLAY_NAME','Back to Search',null);
Insert into RESOURCE_PROP (RESOURCE_PROP_ID,RESOURCE_ID,METADATA_ID,NAME,PROP_VALUE,PROP_GROUP) values ('CONTENT_PROV_EDIT_SEARCH_PUB','CONTENT_PROV_EDIT_SEARCH',null,'MENU_IS_PUBLIC','true',null);
Insert into RESOURCE_PROP (RESOURCE_PROP_ID,RESOURCE_ID,METADATA_ID,NAME,PROP_VALUE,PROP_GROUP) values ('CONTENT_PROV_NEW_DSC','CONTENT_PROV_NEW',null,'MENU_DISPLAY_NAME','Create New Provider',null);
Insert into RESOURCE_PROP (RESOURCE_PROP_ID,RESOURCE_ID,METADATA_ID,NAME,PROP_VALUE,PROP_GROUP) values ('CONTENT_PROV_NEW_EDIT_PUB','CONTENT_PROV_NEW_EDIT',null,'MENU_IS_PUBLIC','true',null);
Insert into RESOURCE_PROP (RESOURCE_PROP_ID,RESOURCE_ID,METADATA_ID,NAME,PROP_VALUE,PROP_GROUP) values ('CONTENT_PROV_NEW_PUB','CONTENT_PROV_NEW',null,'MENU_IS_PUBLIC','true',null);
Insert into RESOURCE_PROP (RESOURCE_PROP_ID,RESOURCE_ID,METADATA_ID,NAME,PROP_VALUE,PROP_GROUP) values ('CONTENT_PROV_ROOT_DESC','CONTENT_PROV_ROOT',null,'MENU_DISPLAY_NAME','Content Provider Root Menu',null);
Insert into RESOURCE_PROP (RESOURCE_PROP_ID,RESOURCE_ID,METADATA_ID,NAME,PROP_VALUE,PROP_GROUP) values ('CONTENT_PROV_ROOT_PUB','CONTENT_PROV_ROOT',null,'MENU_IS_PUBLIC','true',null);
Insert into RESOURCE_PROP (RESOURCE_PROP_ID,RESOURCE_ID,METADATA_ID,NAME,PROP_VALUE,PROP_GROUP) values ('CONTENT_PROV_SEARCH_CHILD_PUB','CONTENT_PROV_SEARCH_CHILD',null,'MENU_IS_PUBLIC','true',null);
Insert into RESOURCE_PROP (RESOURCE_PROP_ID,RESOURCE_ID,METADATA_ID,NAME,PROP_VALUE,PROP_GROUP) values ('CONTENT_PROV_SEARCH_CHILD_PUB_DE','CONTENT_PROV_SEARCH_CHILD',null,'MENU_DISPLAY_NAME','Content Providers',null);
Insert into RESOURCE_PROP (RESOURCE_PROP_ID,RESOURCE_ID,METADATA_ID,NAME,PROP_VALUE,PROP_GROUP) values ('CONTENT_PROV_SEARCH_DESC','CONTENT_PROV_SEARCH',null,'MENU_DISPLAY_NAME','Search Content Providers',null);
Insert into RESOURCE_PROP (RESOURCE_PROP_ID,RESOURCE_ID,METADATA_ID,NAME,PROP_VALUE,PROP_GROUP) values ('CONTENT_PROV_SEARCH_PUB','CONTENT_PROV_SEARCH',null,'MENU_IS_PUBLIC','true',null);
Insert into RESOURCE_PROP (RESOURCE_PROP_ID,RESOURCE_ID,METADATA_ID,NAME,PROP_VALUE,PROP_GROUP) values ('CREATEREQ_MENU_DISPLAY','CREATEREQ',null,'MENU_DISPLAY_NAME','Create Request',null);
Insert into RESOURCE_PROP (RESOURCE_PROP_ID,RESOURCE_ID,METADATA_ID,NAME,PROP_VALUE,PROP_GROUP) values ('CREATEREQ_VISIBLE','CREATEREQ',null,'IS_VISIBLE','false',null);
Insert into RESOURCE_PROP (RESOURCE_PROP_ID,RESOURCE_ID,METADATA_ID,NAME,PROP_VALUE,PROP_GROUP) values ('CR_RES_DISP_NAME','CREATE_RESOURCE_MENU',null,'MENU_DISPLAY_NAME','Create New Resource',null);
Insert into RESOURCE_PROP (RESOURCE_PROP_ID,RESOURCE_ID,METADATA_ID,NAME,PROP_VALUE,PROP_GROUP) values ('CR_RES_MENU_PUB','CREATE_RESOURCE_MENU',null,'MENU_IS_PUBLIC','true',null);
Insert into RESOURCE_PROP (RESOURCE_PROP_ID,RESOURCE_ID,METADATA_ID,NAME,PROP_VALUE,PROP_GROUP) values ('CUSTOM_FIELD_EDIT_DESC','CUSTOM_FIELD_EDIT',null,'MENU_DISPLAY_NAME','Custom Field Edit Menu',null);
Insert into RESOURCE_PROP (RESOURCE_PROP_ID,RESOURCE_ID,METADATA_ID,NAME,PROP_VALUE,PROP_GROUP) values ('CUSTOM_FIELD_EDIT_NEW_DESC','CUSTOM_FIELD_EDIT_NEW',null,'MENU_DISPLAY_NAME','Create New Custom Field',null);
Insert into RESOURCE_PROP (RESOURCE_PROP_ID,RESOURCE_ID,METADATA_ID,NAME,PROP_VALUE,PROP_GROUP) values ('CUSTOM_FIELD_EDIT_NEW_PUB','CUSTOM_FIELD_EDIT_NEW',null,'MENU_IS_PUBLIC','true',null);
Insert into RESOURCE_PROP (RESOURCE_PROP_ID,RESOURCE_ID,METADATA_ID,NAME,PROP_VALUE,PROP_GROUP) values ('CUSTOM_FIELD_EDIT_PUB','CUSTOM_FIELD_EDIT',null,'MENU_IS_PUBLIC','true',null);
Insert into RESOURCE_PROP (RESOURCE_PROP_ID,RESOURCE_ID,METADATA_ID,NAME,PROP_VALUE,PROP_GROUP) values ('CUSTOM_FIELD_EDIT_SEARCH_DESC','CUSTOM_FIELD_EDIT_SEARCH',null,'MENU_DISPLAY_NAME','Back to Search',null);
Insert into RESOURCE_PROP (RESOURCE_PROP_ID,RESOURCE_ID,METADATA_ID,NAME,PROP_VALUE,PROP_GROUP) values ('CUSTOM_FIELD_EDIT_SEARCH_PUB','CUSTOM_FIELD_EDIT_SEARCH',null,'MENU_IS_PUBLIC','true',null);
Insert into RESOURCE_PROP (RESOURCE_PROP_ID,RESOURCE_ID,METADATA_ID,NAME,PROP_VALUE,PROP_GROUP) values ('CUSTOM_FIELD_NEW_DSC','CUSTOM_FIELD_NEW',null,'MENU_DISPLAY_NAME','Create New Custom Field',null);
Insert into RESOURCE_PROP (RESOURCE_PROP_ID,RESOURCE_ID,METADATA_ID,NAME,PROP_VALUE,PROP_GROUP) values ('CUSTOM_FIELD_NEW_PUB','CUSTOM_FIELD_NEW',null,'MENU_IS_PUBLIC','true',null);
Insert into RESOURCE_PROP (RESOURCE_PROP_ID,RESOURCE_ID,METADATA_ID,NAME,PROP_VALUE,PROP_GROUP) values ('CUSTOM_FIELD_ROOT_DESC','CUSTOM_FIELD_ROOT',null,'MENU_DISPLAY_NAME','Custom Field Root Menu',null);
Insert into RESOURCE_PROP (RESOURCE_PROP_ID,RESOURCE_ID,METADATA_ID,NAME,PROP_VALUE,PROP_GROUP) values ('CUSTOM_FIELD_ROOT_PUB','CUSTOM_FIELD_ROOT',null,'MENU_IS_PUBLIC','true',null);
Insert into RESOURCE_PROP (RESOURCE_PROP_ID,RESOURCE_ID,METADATA_ID,NAME,PROP_VALUE,PROP_GROUP) values ('CUSTOM_FIELD_SEARCH_CHILD_DESC','CUSTOM_FIELD_SEARCH_CHILD',null,'MENU_DISPLAY_NAME','Custom Fields',null);
Insert into RESOURCE_PROP (RESOURCE_PROP_ID,RESOURCE_ID,METADATA_ID,NAME,PROP_VALUE,PROP_GROUP) values ('CUSTOM_FIELD_SEARCH_CHILD_PUB','CUSTOM_FIELD_SEARCH_CHILD',null,'MENU_IS_PUBLIC','true',null);
Insert into RESOURCE_PROP (RESOURCE_PROP_ID,RESOURCE_ID,METADATA_ID,NAME,PROP_VALUE,PROP_GROUP) values ('CUSTOM_FIELD_SEARCH_DESC','CUSTOM_FIELD_SEARCH',null,'MENU_DISPLAY_NAME','Search Custom Fields',null);
Insert into RESOURCE_PROP (RESOURCE_PROP_ID,RESOURCE_ID,METADATA_ID,NAME,PROP_VALUE,PROP_GROUP) values ('CUSTOM_FIELD_SEARCH_PUB','CUSTOM_FIELD_SEARCH',null,'MENU_IS_PUBLIC','true',null);
Insert into RESOURCE_PROP (RESOURCE_PROP_ID,RESOURCE_ID,METADATA_ID,NAME,PROP_VALUE,PROP_GROUP) values ('DELG_FILTER_MENU_DISPLAY','DELG_FILTER',null,'MENU_DISPLAY_NAME','Delegation Filter',null);
Insert into RESOURCE_PROP (RESOURCE_PROP_ID,RESOURCE_ID,METADATA_ID,NAME,PROP_VALUE,PROP_GROUP) values ('DIRECTORY_MENU_DISPLAY','DIRECTORY',null,'MENU_DISPLAY_NAME','Directory Lookup',null);
Insert into RESOURCE_PROP (RESOURCE_PROP_ID,RESOURCE_ID,METADATA_ID,NAME,PROP_VALUE,PROP_GROUP) values ('DIRECTORY_VISIBLE','DIRECTORY',null,'IS_VISIBLE','false',null);
Insert into RESOURCE_PROP (RESOURCE_PROP_ID,RESOURCE_ID,METADATA_ID,NAME,PROP_VALUE,PROP_GROUP) values ('EDIT_GROUP_DESC','EDIT_GROUP',null,'MENU_DISPLAY_NAME','Edit Group',null);
Insert into RESOURCE_PROP (RESOURCE_PROP_ID,RESOURCE_ID,METADATA_ID,NAME,PROP_VALUE,PROP_GROUP) values ('EDIT_GROUP_PUB','EDIT_GROUP',null,'MENU_IS_PUBLIC','true',null);
Insert into RESOURCE_PROP (RESOURCE_PROP_ID,RESOURCE_ID,METADATA_ID,NAME,PROP_VALUE,PROP_GROUP) values ('EDIT_ORG_DESC','EDIT_ORG',null,'MENU_DISPLAY_NAME','Edit Organization',null);
Insert into RESOURCE_PROP (RESOURCE_PROP_ID,RESOURCE_ID,METADATA_ID,NAME,PROP_VALUE,PROP_GROUP) values ('EDIT_ORG_PUB','EDIT_ORG',null,'MENU_IS_PUBLIC','true',null);
Insert into RESOURCE_PROP (RESOURCE_PROP_ID,RESOURCE_ID,METADATA_ID,NAME,PROP_VALUE,PROP_GROUP) values ('EDIT_RESOURCE_DIS','EDIT_RESOURCE',null,'MENU_DISPLAY_NAME','Edit Resource',null);
Insert into RESOURCE_PROP (RESOURCE_PROP_ID,RESOURCE_ID,METADATA_ID,NAME,PROP_VALUE,PROP_GROUP) values ('EDIT_RESOURCE_PUB','EDIT_RESOURCE',null,'MENU_IS_PUBLIC','true',null);
Insert into RESOURCE_PROP (RESOURCE_PROP_ID,RESOURCE_ID,METADATA_ID,NAME,PROP_VALUE,PROP_GROUP) values ('EDIT_ROLE_DESC','EDIT_ROLE',null,'MENU_DISPLAY_NAME','Edit Role',null);
Insert into RESOURCE_PROP (RESOURCE_PROP_ID,RESOURCE_ID,METADATA_ID,NAME,PROP_VALUE,PROP_GROUP) values ('EDIT_ROLE_PUB','EDIT_ROLE',null,'MENU_IS_PUBLIC','true',null);
Insert into RESOURCE_PROP (RESOURCE_PROP_ID,RESOURCE_ID,METADATA_ID,NAME,PROP_VALUE,PROP_GROUP) values ('GROUP_ATTRIBUTES_DESC','GROUP_ATTRIBUTES',null,'MENU_DISPLAY_NAME','Group Attributes',null);
Insert into RESOURCE_PROP (RESOURCE_PROP_ID,RESOURCE_ID,METADATA_ID,NAME,PROP_VALUE,PROP_GROUP) values ('GROUP_ATTRIBUTES_PUB','GROUP_ATTRIBUTES',null,'MENU_IS_PUBLIC','true',null);
Insert into RESOURCE_PROP (RESOURCE_PROP_ID,RESOURCE_ID,METADATA_ID,NAME,PROP_VALUE,PROP_GROUP) values ('GROUP_EDIT_MENU_DESC','GROUP_EDIT_MENU',null,'MENU_DISPLAY_NAME','Group Root Edit Menu',null);
Insert into RESOURCE_PROP (RESOURCE_PROP_ID,RESOURCE_ID,METADATA_ID,NAME,PROP_VALUE,PROP_GROUP) values ('GROUP_EDIT_MENU_PUB','GROUP_EDIT_MENU',null,'MENU_IS_PUBLIC','true',null);
Insert into RESOURCE_PROP (RESOURCE_PROP_ID,RESOURCE_ID,METADATA_ID,NAME,PROP_VALUE,PROP_GROUP) values ('GROUP_ENTITLEMENTS_DESC','GROUP_ENTITLEMENTS',null,'MENU_DISPLAY_NAME','Group Entitlements',null);
Insert into RESOURCE_PROP (RESOURCE_PROP_ID,RESOURCE_ID,METADATA_ID,NAME,PROP_VALUE,PROP_GROUP) values ('GROUP_ENTITLEMENTS_PUB','GROUP_ENTITLEMENTS',null,'MENU_IS_PUBLIC','true',null);
Insert into RESOURCE_PROP (RESOURCE_PROP_ID,RESOURCE_ID,METADATA_ID,NAME,PROP_VALUE,PROP_GROUP) values ('GROUP_MENUS_DESC','GROUP_MENUS',null,'MENU_DISPLAY_NAME','Menus',null);
Insert into RESOURCE_PROP (RESOURCE_PROP_ID,RESOURCE_ID,METADATA_ID,NAME,PROP_VALUE,PROP_GROUP) values ('GROUP_MENUS_PUB','GROUP_MENUS',null,'MENU_IS_PUBLIC','true',null);
Insert into RESOURCE_PROP (RESOURCE_PROP_ID,RESOURCE_ID,METADATA_ID,NAME,PROP_VALUE,PROP_GROUP) values ('GROUP_ROOT_MENU_DESC','GROUP_ROOT_MENU',null,'MENU_DISPLAY_NAME','Group Root Menu',null);
Insert into RESOURCE_PROP (RESOURCE_PROP_ID,RESOURCE_ID,METADATA_ID,NAME,PROP_VALUE,PROP_GROUP) values ('GROUP_ROOT_MENU_PUB','GROUP_ROOT_MENU',null,'MENU_IS_PUBLIC','true',null);
Insert into RESOURCE_PROP (RESOURCE_PROP_ID,RESOURCE_ID,METADATA_ID,NAME,PROP_VALUE,PROP_GROUP) values ('GROUP_SEARCH_DESC','GROUP_SEARCH',null,'MENU_DISPLAY_NAME','Group Search',null);
Insert into RESOURCE_PROP (RESOURCE_PROP_ID,RESOURCE_ID,METADATA_ID,NAME,PROP_VALUE,PROP_GROUP) values ('GROUP_SEARCH_PUB','GROUP_SEARCH',null,'MENU_IS_PUBLIC','true',null);
Insert into RESOURCE_PROP (RESOURCE_PROP_ID,RESOURCE_ID,METADATA_ID,NAME,PROP_VALUE,PROP_GROUP) values ('IDMAN_MENU_DISPLAY','IDMAN',null,'MENU_DISPLAY_NAME','User Admin',null);
Insert into RESOURCE_PROP (RESOURCE_PROP_ID,RESOURCE_ID,METADATA_ID,NAME,PROP_VALUE,PROP_GROUP) values ('IDMAN_MENU_ICON','IDMAN',null,'MENU_ICON','/openiam-ui-static/images/common/icons/user_manager.png',null);
Insert into RESOURCE_PROP (RESOURCE_PROP_ID,RESOURCE_ID,METADATA_ID,NAME,PROP_VALUE,PROP_GROUP) values ('IDM_MENU_DISPLAY','IDM',null,'MENU_DISPLAY_NAME','Identity',null);
Insert into RESOURCE_PROP (RESOURCE_PROP_ID,RESOURCE_ID,METADATA_ID,NAME,PROP_VALUE,PROP_GROUP) values ('IDM_MENU_PUBLIC','IDM',null,'MENU_IS_PUBLIC','true',null);
Insert into RESOURCE_PROP (RESOURCE_PROP_ID,RESOURCE_ID,METADATA_ID,NAME,PROP_VALUE,PROP_GROUP) values ('IDQUEST_MENU_DISPLAY','IDQUEST',null,'MENU_DISPLAY_NAME','Challenge Response',null);
Insert into RESOURCE_PROP (RESOURCE_PROP_ID,RESOURCE_ID,METADATA_ID,NAME,PROP_VALUE,PROP_GROUP) values ('LOCATION_MENU_DISPLAY','LOCATION',null,'MENU_DISPLAY_NAME','Location',null);
Insert into RESOURCE_PROP (RESOURCE_PROP_ID,RESOURCE_ID,METADATA_ID,NAME,PROP_VALUE,PROP_GROUP) values ('LOCATION_VISIBLE','LOCATION',null,'IS_VISIBLE','false',null);
Insert into RESOURCE_PROP (RESOURCE_PROP_ID,RESOURCE_ID,METADATA_ID,NAME,PROP_VALUE,PROP_GROUP) values ('MANAGEREQ_MENU_DISPLAY','MANAGEREQ',null,'MENU_DISPLAY_NAME','Request History',null);
Insert into RESOURCE_PROP (RESOURCE_PROP_ID,RESOURCE_ID,METADATA_ID,NAME,PROP_VALUE,PROP_GROUP) values ('MANAGEREQ_VISIBLE','MANAGEREQ',null,'IS_VISIBLE','false',null);
Insert into RESOURCE_PROP (RESOURCE_PROP_ID,RESOURCE_ID,METADATA_ID,NAME,PROP_VALUE,PROP_GROUP) values ('METADATA_MENU_DISPLAY','METADATA',null,'MENU_DISPLAY_NAME','Metadata',null);
Insert into RESOURCE_PROP (RESOURCE_PROP_ID,RESOURCE_ID,METADATA_ID,NAME,PROP_VALUE,PROP_GROUP) values ('METADATA_VISIBLE','METADATA',null,'IS_VISIBLE','false',null);
Insert into RESOURCE_PROP (RESOURCE_PROP_ID,RESOURCE_ID,METADATA_ID,NAME,PROP_VALUE,PROP_GROUP) values ('MNGSYS_DESC','MNGSYS_MENU_ITEM',null,'MENU_DISPLAY_NAME','Managed Systems',null);
Insert into RESOURCE_PROP (RESOURCE_PROP_ID,RESOURCE_ID,METADATA_ID,NAME,PROP_VALUE,PROP_GROUP) values ('MNGSYS_DSC','MNGSYS_NEW',null,'MENU_DISPLAY_NAME','Create New Managed System',null);
Insert into RESOURCE_PROP (RESOURCE_PROP_ID,RESOURCE_ID,METADATA_ID,NAME,PROP_VALUE,PROP_GROUP) values ('MNGSYS_MENU_DISPLAY','MNGSYS',null,'MENU_DISPLAY_NAME','Managed Resource',null);
Insert into RESOURCE_PROP (RESOURCE_PROP_ID,RESOURCE_ID,METADATA_ID,NAME,PROP_VALUE,PROP_GROUP) values ('MNGSYS_NEW_PUB','MNGSYS_NEW',null,'MENU_IS_PUBLIC','true',null);
Insert into RESOURCE_PROP (RESOURCE_PROP_ID,RESOURCE_ID,METADATA_ID,NAME,PROP_VALUE,PROP_GROUP) values ('MNGSYS_PUB','MNGSYS_MENU_ITEM',null,'MENU_IS_PUBLIC','true',null);
Insert into RESOURCE_PROP (RESOURCE_PROP_ID,RESOURCE_ID,METADATA_ID,NAME,PROP_VALUE,PROP_GROUP) values ('NEWUSER-NOAPPRV_MENU_DISPLAY','NEWUSER-NOAPPRV',null,'MENU_DISPLAY_NAME','New User-NO Approver',null);
Insert into RESOURCE_PROP (RESOURCE_PROP_ID,RESOURCE_ID,METADATA_ID,NAME,PROP_VALUE,PROP_GROUP) values ('NEWUSER_MENU_DISPLAY','NEWUSER',null,'MENU_DISPLAY_NAME','New User',null);
Insert into RESOURCE_PROP (RESOURCE_PROP_ID,RESOURCE_ID,METADATA_ID,NAME,PROP_VALUE,PROP_GROUP) values ('NEWUSER_VISIBLE','NEWUSER',null,'IS_VISIBLE','false',null);
Insert into RESOURCE_PROP (RESOURCE_PROP_ID,RESOURCE_ID,METADATA_ID,NAME,PROP_VALUE,PROP_GROUP) values ('NEW_GROUP_DESC','NEW_GROUP',null,'MENU_DISPLAY_NAME','Create New Group',null);
Insert into RESOURCE_PROP (RESOURCE_PROP_ID,RESOURCE_ID,METADATA_ID,NAME,PROP_VALUE,PROP_GROUP) values ('NEW_GROUP_PUB','NEW_GROUP',null,'MENU_IS_PUBLIC','true',null);
Insert into RESOURCE_PROP (RESOURCE_PROP_ID,RESOURCE_ID,METADATA_ID,NAME,PROP_VALUE,PROP_GROUP) values ('NEW_ORG_DESC','NEW_ORG',null,'MENU_DISPLAY_NAME','Create New Organization',null);
Insert into RESOURCE_PROP (RESOURCE_PROP_ID,RESOURCE_ID,METADATA_ID,NAME,PROP_VALUE,PROP_GROUP) values ('NEW_ORG_PUB','NEW_ORG',null,'MENU_IS_PUBLIC','true',null);
Insert into RESOURCE_PROP (RESOURCE_PROP_ID,RESOURCE_ID,METADATA_ID,NAME,PROP_VALUE,PROP_GROUP) values ('NEW_ROLE_DESC','NEW_ROLE',null,'MENU_DISPLAY_NAME','Create New Role',null);
Insert into RESOURCE_PROP (RESOURCE_PROP_ID,RESOURCE_ID,METADATA_ID,NAME,PROP_VALUE,PROP_GROUP) values ('NEW_ROLE_PUB','NEW_ROLE',null,'MENU_IS_PUBLIC','true',null);
Insert into RESOURCE_PROP (RESOURCE_PROP_ID,RESOURCE_ID,METADATA_ID,NAME,PROP_VALUE,PROP_GROUP) values ('NEW_USER_DESC','NEW_USER',null,'MENU_DISPLAY_NAME','Create New User',null);
Insert into RESOURCE_PROP (RESOURCE_PROP_ID,RESOURCE_ID,METADATA_ID,NAME,PROP_VALUE,PROP_GROUP) values ('NEW_USER_PUB','NEW_USER',null,'MENU_IS_PUBLIC','true',null);
Insert into RESOURCE_PROP (RESOURCE_PROP_ID,RESOURCE_ID,METADATA_ID,NAME,PROP_VALUE,PROP_GROUP) values ('ORGANIZATION_EDIT_ID_DESC','ORGANIZATION_EDIT_ID',null,'MENU_DISPLAY_NAME','Organization Edit Menus',null);
Insert into RESOURCE_PROP (RESOURCE_PROP_ID,RESOURCE_ID,METADATA_ID,NAME,PROP_VALUE,PROP_GROUP) values ('ORGANIZATION_EDIT_ID_PUB','ORGANIZATION_EDIT_ID',null,'MENU_IS_PUBLIC','true',null);
Insert into RESOURCE_PROP (RESOURCE_PROP_ID,RESOURCE_ID,METADATA_ID,NAME,PROP_VALUE,PROP_GROUP) values ('ORGANIZATION_ROOT_ID_DESC','ORGANIZATION_ROOT_ID',null,'MENU_DISPLAY_NAME','Organization Root Menus',null);
Insert into RESOURCE_PROP (RESOURCE_PROP_ID,RESOURCE_ID,METADATA_ID,NAME,PROP_VALUE,PROP_GROUP) values ('ORGANIZATION_ROOT_ID_PUB','ORGANIZATION_ROOT_ID',null,'MENU_IS_PUBLIC','true',null);
Insert into RESOURCE_PROP (RESOURCE_PROP_ID,RESOURCE_ID,METADATA_ID,NAME,PROP_VALUE,PROP_GROUP) values ('ORG_ATTRIBUTES_DESC','ORG_ATTRIBUTES',null,'MENU_DISPLAY_NAME','Organization Attributes',null);
Insert into RESOURCE_PROP (RESOURCE_PROP_ID,RESOURCE_ID,METADATA_ID,NAME,PROP_VALUE,PROP_GROUP) values ('ORG_ATTRIBUTES_PUB','ORG_ATTRIBUTES',null,'MENU_IS_PUBLIC','true',null);
Insert into RESOURCE_PROP (RESOURCE_PROP_ID,RESOURCE_ID,METADATA_ID,NAME,PROP_VALUE,PROP_GROUP) values ('ORG_MEMBERSHIP_DESC','ORG_MEMBERSHIP',null,'MENU_DISPLAY_NAME','Organization Membership',null);
Insert into RESOURCE_PROP (RESOURCE_PROP_ID,RESOURCE_ID,METADATA_ID,NAME,PROP_VALUE,PROP_GROUP) values ('ORG_MEMBERSHIP_PUB','ORG_MEMBERSHIP',null,'MENU_IS_PUBLIC','true',null);
Insert into RESOURCE_PROP (RESOURCE_PROP_ID,RESOURCE_ID,METADATA_ID,NAME,PROP_VALUE,PROP_GROUP) values ('ORG_MENU_DISPLAY','ORG',null,'MENU_DISPLAY_NAME','Organization',null);
Insert into RESOURCE_PROP (RESOURCE_PROP_ID,RESOURCE_ID,METADATA_ID,NAME,PROP_VALUE,PROP_GROUP) values ('ORG_MENU_PUBLIC','ORG',null,'MENU_IS_PUBLIC','true',null);
Insert into RESOURCE_PROP (RESOURCE_PROP_ID,RESOURCE_ID,METADATA_ID,NAME,PROP_VALUE,PROP_GROUP) values ('ORG_SEARCH_DESC','ORG_SEARCH',null,'MENU_DISPLAY_NAME','Organization Search',null);
Insert into RESOURCE_PROP (RESOURCE_PROP_ID,RESOURCE_ID,METADATA_ID,NAME,PROP_VALUE,PROP_GROUP) values ('ORG_SEARCH_PUB','ORG_SEARCH',null,'MENU_IS_PUBLIC','true',null);
Insert into RESOURCE_PROP (RESOURCE_PROP_ID,RESOURCE_ID,METADATA_ID,NAME,PROP_VALUE,PROP_GROUP) values ('PAGE_TEMPLATE_EDIT_DESC','PAGE_TEMPLATE_EDIT',null,'MENU_DISPLAY_NAME','Page Template Edit Menu',null);
Insert into RESOURCE_PROP (RESOURCE_PROP_ID,RESOURCE_ID,METADATA_ID,NAME,PROP_VALUE,PROP_GROUP) values ('PAGE_TEMPLATE_EDIT_NEW_DESC','PAGE_TEMPLATE_EDIT_NEW',null,'MENU_DISPLAY_NAME','Create New Template',null);
Insert into RESOURCE_PROP (RESOURCE_PROP_ID,RESOURCE_ID,METADATA_ID,NAME,PROP_VALUE,PROP_GROUP) values ('PAGE_TEMPLATE_EDIT_NEW_PUB','PAGE_TEMPLATE_EDIT_NEW',null,'MENU_IS_PUBLIC','true',null);
Insert into RESOURCE_PROP (RESOURCE_PROP_ID,RESOURCE_ID,METADATA_ID,NAME,PROP_VALUE,PROP_GROUP) values ('PAGE_TEMPLATE_EDIT_PUB','PAGE_TEMPLATE_EDIT',null,'MENU_IS_PUBLIC','true',null);
Insert into RESOURCE_PROP (RESOURCE_PROP_ID,RESOURCE_ID,METADATA_ID,NAME,PROP_VALUE,PROP_GROUP) values ('PAGE_TEMPLATE_EDIT_SEARCH_DESC','PAGE_TEMPLATE_EDIT_SEARCH',null,'MENU_DISPLAY_NAME','Back to Search',null);
Insert into RESOURCE_PROP (RESOURCE_PROP_ID,RESOURCE_ID,METADATA_ID,NAME,PROP_VALUE,PROP_GROUP) values ('PAGE_TEMPLATE_EDIT_SEARCH_PUB','PAGE_TEMPLATE_EDIT_SEARCH',null,'MENU_IS_PUBLIC','true',null);
Insert into RESOURCE_PROP (RESOURCE_PROP_ID,RESOURCE_ID,METADATA_ID,NAME,PROP_VALUE,PROP_GROUP) values ('PAGE_TEMPLATE_NEW_DSC','PAGE_TEMPLATE_NEW',null,'MENU_DISPLAY_NAME','Create New Template',null);
Insert into RESOURCE_PROP (RESOURCE_PROP_ID,RESOURCE_ID,METADATA_ID,NAME,PROP_VALUE,PROP_GROUP) values ('PAGE_TEMPLATE_NEW_PUB','PAGE_TEMPLATE_NEW',null,'MENU_IS_PUBLIC','true',null);
Insert into RESOURCE_PROP (RESOURCE_PROP_ID,RESOURCE_ID,METADATA_ID,NAME,PROP_VALUE,PROP_GROUP) values ('PAGE_TEMPLATE_ROOT_DESC','PAGE_TEMPLATE_ROOT',null,'MENU_DISPLAY_NAME','Page Template Root Menu',null);
Insert into RESOURCE_PROP (RESOURCE_PROP_ID,RESOURCE_ID,METADATA_ID,NAME,PROP_VALUE,PROP_GROUP) values ('PAGE_TEMPLATE_ROOT_PUB','PAGE_TEMPLATE_ROOT',null,'MENU_IS_PUBLIC','true',null);
Insert into RESOURCE_PROP (RESOURCE_PROP_ID,RESOURCE_ID,METADATA_ID,NAME,PROP_VALUE,PROP_GROUP) values ('PAGE_TEMPLATE_SEARCH_DESC','PAGE_TEMPLATE_SEARCH',null,'MENU_DISPLAY_NAME','Search Page Templates',null);
Insert into RESOURCE_PROP (RESOURCE_PROP_ID,RESOURCE_ID,METADATA_ID,NAME,PROP_VALUE,PROP_GROUP) values ('PAGE_TEMPLATE_SEARCH_PUB','PAGE_TEMPLATE_SEARCH',null,'MENU_IS_PUBLIC','true',null);
Insert into RESOURCE_PROP (RESOURCE_PROP_ID,RESOURCE_ID,METADATA_ID,NAME,PROP_VALUE,PROP_GROUP) values ('PROFILE_MENU_DISPLAY','PROFILE',null,'MENU_DISPLAY_NAME','Edit Your Profile',null);
Insert into RESOURCE_PROP (RESOURCE_PROP_ID,RESOURCE_ID,METADATA_ID,NAME,PROP_VALUE,PROP_GROUP) values ('PROFILE_VISIBLE','PROFILE',null,'IS_VISIBLE','true',null);
Insert into RESOURCE_PROP (RESOURCE_PROP_ID,RESOURCE_ID,METADATA_ID,NAME,PROP_VALUE,PROP_GROUP) values ('PROVCONNECT_DESC','PROVCONNECT_MENU_ITEM',null,'MENU_DISPLAY_NAME','Provisioning Connectors',null);
Insert into RESOURCE_PROP (RESOURCE_PROP_ID,RESOURCE_ID,METADATA_ID,NAME,PROP_VALUE,PROP_GROUP) values ('PROVCONNECT_MENU_DISPLAY','PROVCONNECT',null,'MENU_DISPLAY_NAME','Connectors',null);
Insert into RESOURCE_PROP (RESOURCE_PROP_ID,RESOURCE_ID,METADATA_ID,NAME,PROP_VALUE,PROP_GROUP) values ('PROVCONNECT_PUB','PROVCONNECT_MENU_ITEM',null,'MENU_IS_PUBLIC','true',null);
Insert into RESOURCE_PROP (RESOURCE_PROP_ID,RESOURCE_ID,METADATA_ID,NAME,PROP_VALUE,PROP_GROUP) values ('PROVISIONING_MENU_DISPLAY','PROVISIONING',null,'MENU_DISPLAY_NAME','Provisioning',null);
Insert into RESOURCE_PROP (RESOURCE_PROP_ID,RESOURCE_ID,METADATA_ID,NAME,PROP_VALUE,PROP_GROUP) values ('PROVISIONING_MENU_ICON','PROVISIONING',null,'MENU_ICON','/openiam-ui-static/images/common/icons/menu7.png',null);
Insert into RESOURCE_PROP (RESOURCE_PROP_ID,RESOURCE_ID,METADATA_ID,NAME,PROP_VALUE,PROP_GROUP) values ('PROV_CONNECTOR_DSC','PROV_CONNECTOR_NEW',null,'MENU_DISPLAY_NAME','Create New Connector',null);
Insert into RESOURCE_PROP (RESOURCE_PROP_ID,RESOURCE_ID,METADATA_ID,NAME,PROP_VALUE,PROP_GROUP) values ('PROV_CONNECTOR_NEW_PUB','PROV_CONNECTOR_NEW',null,'MENU_IS_PUBLIC','true',null);
Insert into RESOURCE_PROP (RESOURCE_PROP_ID,RESOURCE_ID,METADATA_ID,NAME,PROP_VALUE,PROP_GROUP) values ('REPORT_MENU_DISPLAY','REPORT',null,'MENU_DISPLAY_NAME','Manage Reports',null);
Insert into RESOURCE_PROP (RESOURCE_PROP_ID,RESOURCE_ID,METADATA_ID,NAME,PROP_VALUE,PROP_GROUP) values ('REPORT_VISIBLE','REPORT',null,'IS_VISIBLE','false',null);
Insert into RESOURCE_PROP (RESOURCE_PROP_ID,RESOURCE_ID,METADATA_ID,NAME,PROP_VALUE,PROP_GROUP) values ('REQINBOX_MENU_DISPLAY','REQINBOX',null,'MENU_DISPLAY_NAME','In-Box',null);
Insert into RESOURCE_PROP (RESOURCE_PROP_ID,RESOURCE_ID,METADATA_ID,NAME,PROP_VALUE,PROP_GROUP) values ('REQINBOX_VISIBLE','REQINBOX',null,'IS_VISIBLE','false',null);
Insert into RESOURCE_PROP (RESOURCE_PROP_ID,RESOURCE_ID,METADATA_ID,NAME,PROP_VALUE,PROP_GROUP) values ('RESAPPROVER_MENU_DISPLAY','RESAPPROVER',null,'MENU_DISPLAY_NAME','Approval Flow',null);
Insert into RESOURCE_PROP (RESOURCE_PROP_ID,RESOURCE_ID,METADATA_ID,NAME,PROP_VALUE,PROP_GROUP) values ('RESENTITLEMENT_MENU_DISPLAY','RESENTITLEMENT',null,'MENU_DISPLAY_NAME','Entitlement',null);
Insert into RESOURCE_PROP (RESOURCE_PROP_ID,RESOURCE_ID,METADATA_ID,NAME,PROP_VALUE,PROP_GROUP) values ('RESOURCE_EDIT_PAGE_ROOT_DIS','RESOURCE_EDIT_PAGE_ROOT',null,'MENU_DISPLAY_NAME','Resource Edit Page Root',null);
Insert into RESOURCE_PROP (RESOURCE_PROP_ID,RESOURCE_ID,METADATA_ID,NAME,PROP_VALUE,PROP_GROUP) values ('RESOURCE_EDIT_PAGE_ROOT_PUB','RESOURCE_EDIT_PAGE_ROOT',null,'MENU_IS_PUBLIC','true',null);
Insert into RESOURCE_PROP (RESOURCE_PROP_ID,RESOURCE_ID,METADATA_ID,NAME,PROP_VALUE,PROP_GROUP) values ('RESPOLICYMAP_MENU_DISPLAY','RESPOLICYMAP',null,'MENU_DISPLAY_NAME','Policy Map',null);
Insert into RESOURCE_PROP (RESOURCE_PROP_ID,RESOURCE_ID,METADATA_ID,NAME,PROP_VALUE,PROP_GROUP) values ('RESRECONCILE_MENU_DISPLAY','RESRECONCILE',null,'MENU_DISPLAY_NAME','Reconciliation',null);
Insert into RESOURCE_PROP (RESOURCE_PROP_ID,RESOURCE_ID,METADATA_ID,NAME,PROP_VALUE,PROP_GROUP) values ('RESSUMMARY_MENU_DISPLAY','RESSUMMARY',null,'MENU_DISPLAY_NAME','Resource Details',null);
Insert into RESOURCE_PROP (RESOURCE_PROP_ID,RESOURCE_ID,METADATA_ID,NAME,PROP_VALUE,PROP_GROUP) values ('RES_ATTR_PAGE_DIS','RES_ATTR_PAGE',null,'MENU_DISPLAY_NAME','Attributes and Patterns',null);
Insert into RESOURCE_PROP (RESOURCE_PROP_ID,RESOURCE_ID,METADATA_ID,NAME,PROP_VALUE,PROP_GROUP) values ('RES_ATTR_PAGE_PUB','RES_ATTR_PAGE',null,'MENU_IS_PUBLIC','true',null);
Insert into RESOURCE_PROP (RESOURCE_PROP_ID,RESOURCE_ID,METADATA_ID,NAME,PROP_VALUE,PROP_GROUP) values ('RES_ENT_SUB_DIS','RES_ENT_SUB',null,'MENU_DISPLAY_NAME','Entitlements',null);
Insert into RESOURCE_PROP (RESOURCE_PROP_ID,RESOURCE_ID,METADATA_ID,NAME,PROP_VALUE,PROP_GROUP) values ('RES_ENT_SUB_PUB','RES_ENT_SUB',null,'MENU_IS_PUBLIC','true',null);
Insert into RESOURCE_PROP (RESOURCE_PROP_ID,RESOURCE_ID,METADATA_ID,NAME,PROP_VALUE,PROP_GROUP) values ('ROLE_ATTRIBUTES_DESC','ROLE_ATTRIBUTES',null,'MENU_DISPLAY_NAME','Role Attributes',null);
Insert into RESOURCE_PROP (RESOURCE_PROP_ID,RESOURCE_ID,METADATA_ID,NAME,PROP_VALUE,PROP_GROUP) values ('ROLE_ATTRIBUTES_PUB','ROLE_ATTRIBUTES',null,'MENU_IS_PUBLIC','true',null);
Insert into RESOURCE_PROP (RESOURCE_PROP_ID,RESOURCE_ID,METADATA_ID,NAME,PROP_VALUE,PROP_GROUP) values ('ROLE_EDIT_MENU_DESC','ROLE_EDIT_MENU',null,'MENU_DISPLAY_NAME','Role Root Edit Menu',null);
Insert into RESOURCE_PROP (RESOURCE_PROP_ID,RESOURCE_ID,METADATA_ID,NAME,PROP_VALUE,PROP_GROUP) values ('ROLE_EDIT_MENU_PUB','ROLE_EDIT_MENU',null,'MENU_IS_PUBLIC','true',null);
Insert into RESOURCE_PROP (RESOURCE_PROP_ID,RESOURCE_ID,METADATA_ID,NAME,PROP_VALUE,PROP_GROUP) values ('ROLE_ENTITLEMENTS_DESC','ROLE_ENTITLEMENTS',null,'MENU_DISPLAY_NAME','Role Entitlements',null);
Insert into RESOURCE_PROP (RESOURCE_PROP_ID,RESOURCE_ID,METADATA_ID,NAME,PROP_VALUE,PROP_GROUP) values ('ROLE_ENTITLEMENTS_PUB','ROLE_ENTITLEMENTS',null,'MENU_IS_PUBLIC','true',null);
Insert into RESOURCE_PROP (RESOURCE_PROP_ID,RESOURCE_ID,METADATA_ID,NAME,PROP_VALUE,PROP_GROUP) values ('ROLE_MENUS_DESC','ROLE_MENUS',null,'MENU_DISPLAY_NAME','Menus',null);
Insert into RESOURCE_PROP (RESOURCE_PROP_ID,RESOURCE_ID,METADATA_ID,NAME,PROP_VALUE,PROP_GROUP) values ('ROLE_MENUS_PUB','ROLE_MENUS',null,'MENU_IS_PUBLIC','true',null);
Insert into RESOURCE_PROP (RESOURCE_PROP_ID,RESOURCE_ID,METADATA_ID,NAME,PROP_VALUE,PROP_GROUP) values ('ROLE_ROOT_MENU_DESC','ROLE_ROOT_MENU',null,'MENU_DISPLAY_NAME','Role Root Menu',null);
Insert into RESOURCE_PROP (RESOURCE_PROP_ID,RESOURCE_ID,METADATA_ID,NAME,PROP_VALUE,PROP_GROUP) values ('ROLE_ROOT_MENU_PUB','ROLE_ROOT_MENU',null,'MENU_IS_PUBLIC','true',null);
Insert into RESOURCE_PROP (RESOURCE_PROP_ID,RESOURCE_ID,METADATA_ID,NAME,PROP_VALUE,PROP_GROUP) values ('ROLE_SEARCH_DESC','ROLE_SEARCH',null,'MENU_DISPLAY_NAME','Role Search',null);
Insert into RESOURCE_PROP (RESOURCE_PROP_ID,RESOURCE_ID,METADATA_ID,NAME,PROP_VALUE,PROP_GROUP) values ('ROLE_SEARCH_PUB','ROLE_SEARCH',null,'MENU_IS_PUBLIC','true',null);
Insert into RESOURCE_PROP (RESOURCE_PROP_ID,RESOURCE_ID,METADATA_ID,NAME,PROP_VALUE,PROP_GROUP) values ('SECDOMAIN_MENU_DISPLAY','SECDOMAIN',null,'MENU_DISPLAY_NAME','Security Domain',null);
Insert into RESOURCE_PROP (RESOURCE_PROP_ID,RESOURCE_ID,METADATA_ID,NAME,PROP_VALUE,PROP_GROUP) values ('SECDOMAIN_VISIBLE','SECDOMAIN',null,'IS_VISIBLE','false',null);
Insert into RESOURCE_PROP (RESOURCE_PROP_ID,RESOURCE_ID,METADATA_ID,NAME,PROP_VALUE,PROP_GROUP) values ('SECURITY_GROUP_MENU_DISPLAY','SECURITY_GROUP',null,'MENU_DISPLAY_NAME','Group',null);
Insert into RESOURCE_PROP (RESOURCE_PROP_ID,RESOURCE_ID,METADATA_ID,NAME,PROP_VALUE,PROP_GROUP) values ('SECURITY_GROUP_PUB','SECURITY_GROUP',null,'MENU_IS_PUBLIC','true',null);
Insert into RESOURCE_PROP (RESOURCE_PROP_ID,RESOURCE_ID,METADATA_ID,NAME,PROP_VALUE,PROP_GROUP) values ('SECURITY_POLICY_MENU_DISPLAY','SECURITY_POLICY',null,'MENU_DISPLAY_NAME','Policy',null);
Insert into RESOURCE_PROP (RESOURCE_PROP_ID,RESOURCE_ID,METADATA_ID,NAME,PROP_VALUE,PROP_GROUP) values ('SECURITY_POLICY_MENU_ICON','SECURITY_POLICY',null,'MENU_ICON','/openiam-ui-static/images/common/icons/sso.png',null);
Insert into RESOURCE_PROP (RESOURCE_PROP_ID,RESOURCE_ID,METADATA_ID,NAME,PROP_VALUE,PROP_GROUP) values ('SECURITY_RES_MENU_DISPLAY','SECURITY_RES',null,'MENU_DISPLAY_NAME','Resource',null);
Insert into RESOURCE_PROP (RESOURCE_PROP_ID,RESOURCE_ID,METADATA_ID,NAME,PROP_VALUE,PROP_GROUP) values ('SECURITY_ROLE_MENU_DISPLAY','SECURITY_ROLE',null,'MENU_DISPLAY_NAME','Role',null);
Insert into RESOURCE_PROP (RESOURCE_PROP_ID,RESOURCE_ID,METADATA_ID,NAME,PROP_VALUE,PROP_GROUP) values ('SECURITY_ROLE_MENU_PUBLIC','SECURITY_ROLE',null,'MENU_IS_PUBLIC','true',null);
Insert into RESOURCE_PROP (RESOURCE_PROP_ID,RESOURCE_ID,METADATA_ID,NAME,PROP_VALUE,PROP_GROUP) values ('SELFCENTER_MENU_DISPLAY','SELFCENTER',null,'MENU_DISPLAY_NAME','Self Service Center',null);
Insert into RESOURCE_PROP (RESOURCE_PROP_ID,RESOURCE_ID,METADATA_ID,NAME,PROP_VALUE,PROP_GROUP) values ('SELFCENTER_MENU_ICON','SELFCENTER',null,'MENU_ICON','/openiam-ui-static/images/common/icons/user_manager.png',null);
Insert into RESOURCE_PROP (RESOURCE_PROP_ID,RESOURCE_ID,METADATA_ID,NAME,PROP_VALUE,PROP_GROUP) values ('SELFSERVICE_MENU_DISPLAY','SELFSERVICE',null,'MENU_DISPLAY_NAME','SELF SERVICE',null);
Insert into RESOURCE_PROP (RESOURCE_PROP_ID,RESOURCE_ID,METADATA_ID,NAME,PROP_VALUE,PROP_GROUP) values ('SELFSERVICE_MENU_PUBLIC','SELFSERVICE',null,'MENU_IS_PUBLIC','true',null);
Insert into RESOURCE_PROP (RESOURCE_PROP_ID,RESOURCE_ID,METADATA_ID,NAME,PROP_VALUE,PROP_GROUP) values ('SELFSERVICE_MYAPPS_DESC','SELFSERVICE_MYAPPS',null,'MENU_DISPLAY_NAME','My Applications',null);
Insert into RESOURCE_PROP (RESOURCE_PROP_ID,RESOURCE_ID,METADATA_ID,NAME,PROP_VALUE,PROP_GROUP) values ('SELFSERVICE_MYAPPS_MENU_ICON','SELFSERVICE_MYAPPS',null,'MENU_ICON','/openiam-ui-static/images/common/icons/sso.png',null);
Insert into RESOURCE_PROP (RESOURCE_PROP_ID,RESOURCE_ID,METADATA_ID,NAME,PROP_VALUE,PROP_GROUP) values ('SELFSERVICE_MYAPPS_PUB','SELFSERVICE_MYAPPS',null,'MENU_IS_PUBLIC','true',null);
Insert into RESOURCE_PROP (RESOURCE_PROP_ID,RESOURCE_ID,METADATA_ID,NAME,PROP_VALUE,PROP_GROUP) values ('SELFSERVICE_MYINFO_DESC','SELFSERVICE_MYINFO',null,'MENU_DISPLAY_NAME','My Info',null);
Insert into RESOURCE_PROP (RESOURCE_PROP_ID,RESOURCE_ID,METADATA_ID,NAME,PROP_VALUE,PROP_GROUP) values ('SELFSERVICE_MYINFO_MENU_ICON','SELFSERVICE_MYINFO',null,'MENU_ICON','/openiam-ui-static/images/common/icons/menu7.png',null);
Insert into RESOURCE_PROP (RESOURCE_PROP_ID,RESOURCE_ID,METADATA_ID,NAME,PROP_VALUE,PROP_GROUP) values ('SELFSERVICE_MYINFO_PUB','SELFSERVICE_MYINFO',null,'MENU_IS_PUBLIC','true',null);
Insert into RESOURCE_PROP (RESOURCE_PROP_ID,RESOURCE_ID,METADATA_ID,NAME,PROP_VALUE,PROP_GROUP) values ('SELF_LOGIN_LIST_DESC','SELF_LOGIN_LIST',null,'MENU_DISPLAY_NAME','My Identities',null);
Insert into RESOURCE_PROP (RESOURCE_PROP_ID,RESOURCE_ID,METADATA_ID,NAME,PROP_VALUE,PROP_GROUP) values ('SELF_LOGIN_LIST_PUB','SELF_LOGIN_LIST',null,'MENU_IS_PUBLIC','true',null);
Insert into RESOURCE_PROP (RESOURCE_PROP_ID,RESOURCE_ID,METADATA_ID,NAME,PROP_VALUE,PROP_GROUP) values ('SELF_LOGIN_NEW_DESC','SELF_LOGIN_NEW',null,'MENU_DISPLAY_NAME','New Login',null);
Insert into RESOURCE_PROP (RESOURCE_PROP_ID,RESOURCE_ID,METADATA_ID,NAME,PROP_VALUE,PROP_GROUP) values ('SELF_LOGIN_NEW_PUB','SELF_LOGIN_NEW',null,'MENU_IS_PUBLIC','true',null);
Insert into RESOURCE_PROP (RESOURCE_PROP_ID,RESOURCE_ID,METADATA_ID,NAME,PROP_VALUE,PROP_GROUP) values ('SELF_LOGIN_ROOT_DESC','SELF_LOGIN_ROOT',null,'MENU_DISPLAY_NAME','SelfService Login Root',null);
Insert into RESOURCE_PROP (RESOURCE_PROP_ID,RESOURCE_ID,METADATA_ID,NAME,PROP_VALUE,PROP_GROUP) values ('SELF_LOGIN_ROOT_PUB','SELF_LOGIN_ROOT',null,'MENU_IS_PUBLIC','true',null);
Insert into RESOURCE_PROP (RESOURCE_PROP_ID,RESOURCE_ID,METADATA_ID,NAME,PROP_VALUE,PROP_GROUP) values ('SELF_QUERYUSER_MENU_DISPLAY','SELF_QUERYUSER',null,'MENU_DISPLAY_NAME','Manage User',null);
Insert into RESOURCE_PROP (RESOURCE_PROP_ID,RESOURCE_ID,METADATA_ID,NAME,PROP_VALUE,PROP_GROUP) values ('SELF_USERIDENTITY_MENU_DISPLAY','SELF_USERIDENTITY',null,'MENU_DISPLAY_NAME','Identities',null);
Insert into RESOURCE_PROP (RESOURCE_PROP_ID,RESOURCE_ID,METADATA_ID,NAME,PROP_VALUE,PROP_GROUP) values ('SELF_USERIDENTITY_VISIBLE','SELF_USERIDENTITY',null,'IS_VISIBLE','true',null);
Insert into RESOURCE_PROP (RESOURCE_PROP_ID,RESOURCE_ID,METADATA_ID,NAME,PROP_VALUE,PROP_GROUP) values ('SYNCDETAIL_MENU_DISPLAY','SYNCDETAIL',null,'MENU_DISPLAY_NAME','Configuration',null);
Insert into RESOURCE_PROP (RESOURCE_PROP_ID,RESOURCE_ID,METADATA_ID,NAME,PROP_VALUE,PROP_GROUP) values ('SYNCLOG_MENU_DISPLAY','SYNCLOG',null,'MENU_DISPLAY_NAME','LOG Viewer',null);
Insert into RESOURCE_PROP (RESOURCE_PROP_ID,RESOURCE_ID,METADATA_ID,NAME,PROP_VALUE,PROP_GROUP) values ('SYNCUSER_MENU_DISPLAY','SYNCUSER',null,'MENU_DISPLAY_NAME','Sychronization',null);
Insert into RESOURCE_PROP (RESOURCE_PROP_ID,RESOURCE_ID,METADATA_ID,NAME,PROP_VALUE,PROP_GROUP) values ('TEMPLATE_SEARCH_CHILD_DESC','TEMPLATE_SEARCH_CHILD',null,'MENU_DISPLAY_NAME','Page Template',null);
Insert into RESOURCE_PROP (RESOURCE_PROP_ID,RESOURCE_ID,METADATA_ID,NAME,PROP_VALUE,PROP_GROUP) values ('TEMPLATE_SEARCH_CHILD_PUB','TEMPLATE_SEARCH_CHILD',null,'MENU_IS_PUBLIC','true',null);
Insert into RESOURCE_PROP (RESOURCE_PROP_ID,RESOURCE_ID,METADATA_ID,NAME,PROP_VALUE,PROP_GROUP) values ('URI_META_BACK_DESC','URI_META_BACK',null,'MENU_DISPLAY_NAME','Back To Pattern',null);
Insert into RESOURCE_PROP (RESOURCE_PROP_ID,RESOURCE_ID,METADATA_ID,NAME,PROP_VALUE,PROP_GROUP) values ('URI_META_BACK_PUB','URI_META_BACK',null,'MENU_IS_PUBLIC','true',null);
Insert into RESOURCE_PROP (RESOURCE_PROP_ID,RESOURCE_ID,METADATA_ID,NAME,PROP_VALUE,PROP_GROUP) values ('URI_META_EDIT_DESC','URI_META_EDIT',null,'MENU_DISPLAY_NAME','URI Meta Root Item',null);
Insert into RESOURCE_PROP (RESOURCE_PROP_ID,RESOURCE_ID,METADATA_ID,NAME,PROP_VALUE,PROP_GROUP) values ('URI_META_EDIT_PUB','URI_META_EDIT',null,'MENU_IS_PUBLIC','true',null);
Insert into RESOURCE_PROP (RESOURCE_PROP_ID,RESOURCE_ID,METADATA_ID,NAME,PROP_VALUE,PROP_GROUP) values ('URI_PATTERN_EDIT_DESC','URI_PATTERN_EDIT',null,'MENU_DISPLAY_NAME','URI Pattern Edit Menu',null);
Insert into RESOURCE_PROP (RESOURCE_PROP_ID,RESOURCE_ID,METADATA_ID,NAME,PROP_VALUE,PROP_GROUP) values ('URI_PATTERN_EDIT_NEW_PATTERN_DES','URI_PATTERN_EDIT_NEW_PATTERN',null,'MENU_DISPLAY_NAME','Create URI Pattern',null);
Insert into RESOURCE_PROP (RESOURCE_PROP_ID,RESOURCE_ID,METADATA_ID,NAME,PROP_VALUE,PROP_GROUP) values ('URI_PATTERN_EDIT_NEW_PATTERN_PUB','URI_PATTERN_EDIT_NEW_PATTERN',null,'MENU_IS_PUBLIC','true',null);
Insert into RESOURCE_PROP (RESOURCE_PROP_ID,RESOURCE_ID,METADATA_ID,NAME,PROP_VALUE,PROP_GROUP) values ('URI_PATTERN_EDIT_PATTERN_DESC','URI_PATTERN_EDIT_PATTERN',null,'MENU_DISPLAY_NAME','Edit URI Pattern',null);
Insert into RESOURCE_PROP (RESOURCE_PROP_ID,RESOURCE_ID,METADATA_ID,NAME,PROP_VALUE,PROP_GROUP) values ('URI_PATTERN_EDIT_PATTERN_PUB','URI_PATTERN_EDIT_PATTERN',null,'MENU_IS_PUBLIC','true',null);
Insert into RESOURCE_PROP (RESOURCE_PROP_ID,RESOURCE_ID,METADATA_ID,NAME,PROP_VALUE,PROP_GROUP) values ('URI_PATTERN_EDIT_PUB','URI_PATTERN_EDIT',null,'MENU_IS_PUBLIC','true',null);
Insert into RESOURCE_PROP (RESOURCE_PROP_ID,RESOURCE_ID,METADATA_ID,NAME,PROP_VALUE,PROP_GROUP) values ('URI_PATTERN_EDT_PROV_SEARCH_DESC','URI_PATTERN_EDT_PROV_SEARCH',null,'MENU_DISPLAY_NAME','Content Provider Search',null);
Insert into RESOURCE_PROP (RESOURCE_PROP_ID,RESOURCE_ID,METADATA_ID,NAME,PROP_VALUE,PROP_GROUP) values ('URI_PATTERN_EDT_PROV_SEARCH_PUB','URI_PATTERN_EDT_PROV_SEARCH',null,'MENU_IS_PUBLIC','true',null);
Insert into RESOURCE_PROP (RESOURCE_PROP_ID,RESOURCE_ID,METADATA_ID,NAME,PROP_VALUE,PROP_GROUP) values ('USER_ATTRIBUTES_DESC','USER_ATTRIBUTES',null,'MENU_DISPLAY_NAME','User Attributes',null);
Insert into RESOURCE_PROP (RESOURCE_PROP_ID,RESOURCE_ID,METADATA_ID,NAME,PROP_VALUE,PROP_GROUP) values ('USER_ATTRIBUTES_PUB','USER_ATTRIBUTES',null,'MENU_IS_PUBLIC','true',null);
Insert into RESOURCE_PROP (RESOURCE_PROP_ID,RESOURCE_ID,METADATA_ID,NAME,PROP_VALUE,PROP_GROUP) values ('USER_BULK_MENU_DISPLAY','USER_BULK',null,'MENU_DISPLAY_NAME','User Bulk Ops',null);
Insert into RESOURCE_PROP (RESOURCE_PROP_ID,RESOURCE_ID,METADATA_ID,NAME,PROP_VALUE,PROP_GROUP) values ('USER_BULK_VISIBLE','USER_BULK',null,'IS_VISIBLE','false',null);
Insert into RESOURCE_PROP (RESOURCE_PROP_ID,RESOURCE_ID,METADATA_ID,NAME,PROP_VALUE,PROP_GROUP) values ('USER_DELEGATION_DESC','USER_DELEGATION',null,'MENU_DISPLAY_NAME','User Delegation Filter',null);
Insert into RESOURCE_PROP (RESOURCE_PROP_ID,RESOURCE_ID,METADATA_ID,NAME,PROP_VALUE,PROP_GROUP) values ('USER_DELEGATION_PUB','USER_DELEGATION',null,'MENU_IS_PUBLIC','true',null);
Insert into RESOURCE_PROP (RESOURCE_PROP_ID,RESOURCE_ID,METADATA_ID,NAME,PROP_VALUE,PROP_GROUP) values ('USER_EDIT_CONTACT_INFO_DESC','USER_EDIT_CONTACT_INFO',null,'MENU_DISPLAY_NAME','Contact Info',null);
Insert into RESOURCE_PROP (RESOURCE_PROP_ID,RESOURCE_ID,METADATA_ID,NAME,PROP_VALUE,PROP_GROUP) values ('USER_EDIT_CONTACT_INFO_PUB','USER_EDIT_CONTACT_INFO',null,'MENU_IS_PUBLIC','true',null);
Insert into RESOURCE_PROP (RESOURCE_PROP_ID,RESOURCE_ID,METADATA_ID,NAME,PROP_VALUE,PROP_GROUP) values ('USER_EDIT_INFO_DESC','USER_EDIT_INFO',null,'MENU_DISPLAY_NAME','User Info',null);
Insert into RESOURCE_PROP (RESOURCE_PROP_ID,RESOURCE_ID,METADATA_ID,NAME,PROP_VALUE,PROP_GROUP) values ('USER_EDIT_INFO_PUB','USER_EDIT_INFO',null,'MENU_IS_PUBLIC','true',null);
Insert into RESOURCE_PROP (RESOURCE_PROP_ID,RESOURCE_ID,METADATA_ID,NAME,PROP_VALUE,PROP_GROUP) values ('USER_EDIT_MENU_DESC','USER_EDIT_MENU',null,'MENU_DISPLAY_NAME','User Root Edit Menu',null);
Insert into RESOURCE_PROP (RESOURCE_PROP_ID,RESOURCE_ID,METADATA_ID,NAME,PROP_VALUE,PROP_GROUP) values ('USER_EDIT_MENU_PUB','USER_EDIT_MENU',null,'MENU_IS_PUBLIC','true',null);
Insert into RESOURCE_PROP (RESOURCE_PROP_ID,RESOURCE_ID,METADATA_ID,NAME,PROP_VALUE,PROP_GROUP) values ('USER_ENTITLEMENTS_DESC','USER_ENTITLEMENTS',null,'MENU_DISPLAY_NAME','User Entitlements',null);
Insert into RESOURCE_PROP (RESOURCE_PROP_ID,RESOURCE_ID,METADATA_ID,NAME,PROP_VALUE,PROP_GROUP) values ('USER_ENTITLEMENTS_PUB','USER_ENTITLEMENTS',null,'MENU_IS_PUBLIC','true',null);
Insert into RESOURCE_PROP (RESOURCE_PROP_ID,RESOURCE_ID,METADATA_ID,NAME,PROP_VALUE,PROP_GROUP) values ('USER_HISTORY_DESC','USER_HISTORY',null,'MENU_DISPLAY_NAME','User History',null);
Insert into RESOURCE_PROP (RESOURCE_PROP_ID,RESOURCE_ID,METADATA_ID,NAME,PROP_VALUE,PROP_GROUP) values ('USER_HISTORY_PUB','USER_HISTORY',null,'MENU_IS_PUBLIC','true',null);
Insert into RESOURCE_PROP (RESOURCE_PROP_ID,RESOURCE_ID,METADATA_ID,NAME,PROP_VALUE,PROP_GROUP) values ('USER_IDENTITY_DESC','USER_IDENTITY',null,'MENU_DISPLAY_NAME','User Identities',null);
Insert into RESOURCE_PROP (RESOURCE_PROP_ID,RESOURCE_ID,METADATA_ID,NAME,PROP_VALUE,PROP_GROUP) values ('USER_IDENTITY_PUB','USER_IDENTITY',null,'MENU_IS_PUBLIC','true',null);
Insert into RESOURCE_PROP (RESOURCE_PROP_ID,RESOURCE_ID,METADATA_ID,NAME,PROP_VALUE,PROP_GROUP) values ('USER_MENUS_DESC','USER_MENUS',null,'MENU_DISPLAY_NAME','Menus',null);
Insert into RESOURCE_PROP (RESOURCE_PROP_ID,RESOURCE_ID,METADATA_ID,NAME,PROP_VALUE,PROP_GROUP) values ('USER_MENUS_PUB','USER_MENUS',null,'MENU_IS_PUBLIC','true',null);
Insert into RESOURCE_PROP (RESOURCE_PROP_ID,RESOURCE_ID,METADATA_ID,NAME,PROP_VALUE,PROP_GROUP) values ('USER_MENU_DESC','USER',null,'MENU_DISPLAY_NAME','User',null);
Insert into RESOURCE_PROP (RESOURCE_PROP_ID,RESOURCE_ID,METADATA_ID,NAME,PROP_VALUE,PROP_GROUP) values ('USER_MENU_PUB','USER',null,'MENU_IS_PUBLIC','true',null);
Insert into RESOURCE_PROP (RESOURCE_PROP_ID,RESOURCE_ID,METADATA_ID,NAME,PROP_VALUE,PROP_GROUP) values ('USER_RESET_PASSWORD_DESC','USER_RESET_PASSWORD',null,'MENU_DISPLAY_NAME','Reset Password',null);
Insert into RESOURCE_PROP (RESOURCE_PROP_ID,RESOURCE_ID,METADATA_ID,NAME,PROP_VALUE,PROP_GROUP) values ('USER_RESET_PASSWORD_PUB','USER_RESET_PASSWORD',null,'MENU_IS_PUBLIC','true',null);
Insert into RESOURCE_PROP (RESOURCE_PROP_ID,RESOURCE_ID,METADATA_ID,NAME,PROP_VALUE,PROP_GROUP) values ('USER_ROOT_MENU_DESC','USER_ROOT_MENU',null,'MENU_DISPLAY_NAME','User Root Menu',null);
Insert into RESOURCE_PROP (RESOURCE_PROP_ID,RESOURCE_ID,METADATA_ID,NAME,PROP_VALUE,PROP_GROUP) values ('USER_ROOT_MENU_PUB','USER_ROOT_MENU',null,'MENU_IS_PUBLIC','true',null);
Insert into RESOURCE_PROP (RESOURCE_PROP_ID,RESOURCE_ID,METADATA_ID,NAME,PROP_VALUE,PROP_GROUP) values ('USER_SEARCH_DESC','USER_SEARCH',null,'MENU_DISPLAY_NAME','User Search',null);
Insert into RESOURCE_PROP (RESOURCE_PROP_ID,RESOURCE_ID,METADATA_ID,NAME,PROP_VALUE,PROP_GROUP) values ('USER_SEARCH_PUB','USER_SEARCH',null,'MENU_IS_PUBLIC','true',null);

Insert into RESOURCE_ROLE (RESOURCE_ID,START_DATE,END_DATE,ROLE_ID) values ('ACCESSCENTER',null,null,'2');
Insert into RESOURCE_ROLE (RESOURCE_ID,START_DATE,END_DATE,ROLE_ID) values ('ACCESSCENTER',null,null,'4');
Insert into RESOURCE_ROLE (RESOURCE_ID,START_DATE,END_DATE,ROLE_ID) values ('ACC_CONTROL',null,null,'9');
Insert into RESOURCE_ROLE (RESOURCE_ID,START_DATE,END_DATE,ROLE_ID) values ('ADMIN',null,null,'9');
Insert into RESOURCE_ROLE (RESOURCE_ID,START_DATE,END_DATE,ROLE_ID) values ('BATCH_PROC',null,null,'9');
Insert into RESOURCE_ROLE (RESOURCE_ID,START_DATE,END_DATE,ROLE_ID) values ('CHALLENGE',null,null,'9');
Insert into RESOURCE_ROLE (RESOURCE_ID,START_DATE,END_DATE,ROLE_ID) values ('CHNGPSWD',null,null,'1');
Insert into RESOURCE_ROLE (RESOURCE_ID,START_DATE,END_DATE,ROLE_ID) values ('CHNGPSWD',null,null,'2');
Insert into RESOURCE_ROLE (RESOURCE_ID,START_DATE,END_DATE,ROLE_ID) values ('CREATEREQ',null,null,'4');
Insert into RESOURCE_ROLE (RESOURCE_ID,START_DATE,END_DATE,ROLE_ID) values ('DELG_FILTER',null,null,'9');
Insert into RESOURCE_ROLE (RESOURCE_ID,START_DATE,END_DATE,ROLE_ID) values ('DIRECTORY',null,null,'1');
Insert into RESOURCE_ROLE (RESOURCE_ID,START_DATE,END_DATE,ROLE_ID) values ('DIRECTORY',null,null,'2');
Insert into RESOURCE_ROLE (RESOURCE_ID,START_DATE,END_DATE,ROLE_ID) values ('IDMAN',null,null,'9');
Insert into RESOURCE_ROLE (RESOURCE_ID,START_DATE,END_DATE,ROLE_ID) values ('IDQUEST',null,null,'1');
Insert into RESOURCE_ROLE (RESOURCE_ID,START_DATE,END_DATE,ROLE_ID) values ('IDQUEST',null,null,'2');
Insert into RESOURCE_ROLE (RESOURCE_ID,START_DATE,END_DATE,ROLE_ID) values ('LOCATION',null,null,'9');
Insert into RESOURCE_ROLE (RESOURCE_ID,START_DATE,END_DATE,ROLE_ID) values ('MANAGEREQ',null,null,'4');
Insert into RESOURCE_ROLE (RESOURCE_ID,START_DATE,END_DATE,ROLE_ID) values ('METADATA',null,null,'9');
Insert into RESOURCE_ROLE (RESOURCE_ID,START_DATE,END_DATE,ROLE_ID) values ('MNGSYS',null,null,'9');
Insert into RESOURCE_ROLE (RESOURCE_ID,START_DATE,END_DATE,ROLE_ID) values ('NEWUSER',null,null,'4');
Insert into RESOURCE_ROLE (RESOURCE_ID,START_DATE,END_DATE,ROLE_ID) values ('NEWUSER-NOAPPRV',null,null,'4');
Insert into RESOURCE_ROLE (RESOURCE_ID,START_DATE,END_DATE,ROLE_ID) values ('NEW_USER',null,null,'9');
Insert into RESOURCE_ROLE (RESOURCE_ID,START_DATE,END_DATE,ROLE_ID) values ('ORG',null,null,'9');
Insert into RESOURCE_ROLE (RESOURCE_ID,START_DATE,END_DATE,ROLE_ID) values ('PROFILE',null,null,'1');
Insert into RESOURCE_ROLE (RESOURCE_ID,START_DATE,END_DATE,ROLE_ID) values ('PROFILE',null,null,'2');
Insert into RESOURCE_ROLE (RESOURCE_ID,START_DATE,END_DATE,ROLE_ID) values ('PROVCONNECT',null,null,'9');
Insert into RESOURCE_ROLE (RESOURCE_ID,START_DATE,END_DATE,ROLE_ID) values ('PROVISIONING',null,null,'9');
Insert into RESOURCE_ROLE (RESOURCE_ID,START_DATE,END_DATE,ROLE_ID) values ('REPORT',null,null,'9');
Insert into RESOURCE_ROLE (RESOURCE_ID,START_DATE,END_DATE,ROLE_ID) values ('REQINBOX',null,null,'4');
Insert into RESOURCE_ROLE (RESOURCE_ID,START_DATE,END_DATE,ROLE_ID) values ('RESAPPROVER',null,null,'9');
Insert into RESOURCE_ROLE (RESOURCE_ID,START_DATE,END_DATE,ROLE_ID) values ('RESENTITLEMENT',null,null,'9');
Insert into RESOURCE_ROLE (RESOURCE_ID,START_DATE,END_DATE,ROLE_ID) values ('RESPOLICYMAP',null,null,'9');
Insert into RESOURCE_ROLE (RESOURCE_ID,START_DATE,END_DATE,ROLE_ID) values ('RESRECONCILE',null,null,'9');
Insert into RESOURCE_ROLE (RESOURCE_ID,START_DATE,END_DATE,ROLE_ID) values ('RESSUMMARY',null,null,'9');
Insert into RESOURCE_ROLE (RESOURCE_ID,START_DATE,END_DATE,ROLE_ID) values ('SECDOMAIN',null,null,'9');
Insert into RESOURCE_ROLE (RESOURCE_ID,START_DATE,END_DATE,ROLE_ID) values ('SECURITY_GROUP',null,null,'9');
Insert into RESOURCE_ROLE (RESOURCE_ID,START_DATE,END_DATE,ROLE_ID) values ('SECURITY_POLICY',null,null,'9');
Insert into RESOURCE_ROLE (RESOURCE_ID,START_DATE,END_DATE,ROLE_ID) values ('SECURITY_RES',null,null,'9');
Insert into RESOURCE_ROLE (RESOURCE_ID,START_DATE,END_DATE,ROLE_ID) values ('SECURITY_ROLE',null,null,'9');
Insert into RESOURCE_ROLE (RESOURCE_ID,START_DATE,END_DATE,ROLE_ID) values ('SELFCENTER',null,null,'1');
Insert into RESOURCE_ROLE (RESOURCE_ID,START_DATE,END_DATE,ROLE_ID) values ('SELFCENTER',null,null,'2');
Insert into RESOURCE_ROLE (RESOURCE_ID,START_DATE,END_DATE,ROLE_ID) values ('SELFSERVICE',null,null,'1');
Insert into RESOURCE_ROLE (RESOURCE_ID,START_DATE,END_DATE,ROLE_ID) values ('SELFSERVICE',null,null,'2');
Insert into RESOURCE_ROLE (RESOURCE_ID,START_DATE,END_DATE,ROLE_ID) values ('SELF_QUERYUSER',null,null,'2');
Insert into RESOURCE_ROLE (RESOURCE_ID,START_DATE,END_DATE,ROLE_ID) values ('SELF_USERIDENTITY',null,null,'1');
Insert into RESOURCE_ROLE (RESOURCE_ID,START_DATE,END_DATE,ROLE_ID) values ('SELF_USERIDENTITY',null,null,'2');
Insert into RESOURCE_ROLE (RESOURCE_ID,START_DATE,END_DATE,ROLE_ID) values ('SYNCDETAIL',null,null,'9');
Insert into RESOURCE_ROLE (RESOURCE_ID,START_DATE,END_DATE,ROLE_ID) values ('SYNCLOG',null,null,'9');
Insert into RESOURCE_ROLE (RESOURCE_ID,START_DATE,END_DATE,ROLE_ID) values ('SYNCUSER',null,null,'9');
Insert into RESOURCE_ROLE (RESOURCE_ID,START_DATE,END_DATE,ROLE_ID) values ('USER',null,null,'9');
Insert into RESOURCE_ROLE (RESOURCE_ID,START_DATE,END_DATE,ROLE_ID) values ('USER_ATTRIBUTES',null,null,'9');
Insert into RESOURCE_ROLE (RESOURCE_ID,START_DATE,END_DATE,ROLE_ID) values ('USER_BULK',null,null,'9');
Insert into RESOURCE_ROLE (RESOURCE_ID,START_DATE,END_DATE,ROLE_ID) values ('USER_DELEGATION',null,null,'9');
Insert into RESOURCE_ROLE (RESOURCE_ID,START_DATE,END_DATE,ROLE_ID) values ('USER_EDIT_CONTACT_INFO',null,null,'9');
Insert into RESOURCE_ROLE (RESOURCE_ID,START_DATE,END_DATE,ROLE_ID) values ('USER_EDIT_INFO',null,null,'9');
Insert into RESOURCE_ROLE (RESOURCE_ID,START_DATE,END_DATE,ROLE_ID) values ('USER_ENTITLEMENTS',null,null,'9');
Insert into RESOURCE_ROLE (RESOURCE_ID,START_DATE,END_DATE,ROLE_ID) values ('USER_HISTORY',null,null,'9');
Insert into RESOURCE_ROLE (RESOURCE_ID,START_DATE,END_DATE,ROLE_ID) values ('USER_RESET_PASSWORD',null,null,'9');
Insert into RESOURCE_ROLE (RESOURCE_ID,START_DATE,END_DATE,ROLE_ID) values ('USER_SEARCH',null,null,'9');

Insert into URI_PATTERN_META_TYPE (URI_PATTERN_META_TYPE_ID,METADATA_TYPE_NAME,SPRING_BEAN_NAME) values ('cookieURIPatternRule','Set Cookie','cookieURIPatternRule');
Insert into URI_PATTERN_META_TYPE (URI_PATTERN_META_TYPE_ID,METADATA_TYPE_NAME,SPRING_BEAN_NAME) values ('formPostURIPatternRule','Form Post Processor','formPostURIPatternRule');
Insert into URI_PATTERN_META_TYPE (URI_PATTERN_META_TYPE_ID,METADATA_TYPE_NAME,SPRING_BEAN_NAME) values ('headerURIPatternRule','Set Header','headerURIPatternRule');
Insert into URI_PATTERN_META_TYPE (URI_PATTERN_META_TYPE_ID,METADATA_TYPE_NAME,SPRING_BEAN_NAME) values ('requestParamURIPatternRule','Set URI String Parameter','requestParamURIPatternRule');


Insert into MANAGED_SYS (MANAGED_SYS_ID,NAME,DESCRIPTION,STATUS,CONNECTOR_ID,DOMAIN_ID,HOST_URL,APPL_URL,PORT,COMM_PROTOCOL,USER_ID,PSWD,START_DATE,END_DATE,RESOURCE_ID,PRIMARY_REPOSITORY,SECONDARY_REPOSITORY_ID,ALWAYS_UPDATE_SECONDARY,RES_DEPENDENCY,ADD_HNDLR,MODIFY_HNDLR,DELETE_HNDLR,SETPASS_HNDLR,SUSPEND_HNDLR,SEARCH_HNDLR,LOOKUP_HNDLR,TEST_CONNECTION_HNDLR,RECONCILE_RESOURCE_HNDLR,HNDLR_5,DRIVER_URL,CONNECTION_STRING) values ('0','OPENIAM','Primary IDENTITY','ACTIVE',null,'USR_SEC_DOMAIN',null,null,null,null,'0001',null,null,null,'0',null,null,null,null,null,null,null,null,null,null,null,null,null,null,null,null);
Insert into MANAGED_SYS (MANAGED_SYS_ID,NAME,DESCRIPTION,STATUS,CONNECTOR_ID,DOMAIN_ID,HOST_URL,APPL_URL,PORT,COMM_PROTOCOL,USER_ID,PSWD,START_DATE,END_DATE,RESOURCE_ID,PRIMARY_REPOSITORY,SECONDARY_REPOSITORY_ID,ALWAYS_UPDATE_SECONDARY,RES_DEPENDENCY,ADD_HNDLR,MODIFY_HNDLR,DELETE_HNDLR,SETPASS_HNDLR,SUSPEND_HNDLR,SEARCH_HNDLR,LOOKUP_HNDLR,TEST_CONNECTION_HNDLR,RECONCILE_RESOURCE_HNDLR,HNDLR_5,DRIVER_URL,CONNECTION_STRING) values ('101','LDAP','Primary Directory','ACTIVE','51','USR_SEC_DOMAIN','ldap://',null,389,'CLEAR','0001',null,null,null,'101',null,null,null,null,null,null,null,null,null,null,null,null,null,null,null,null);
Insert into MANAGED_SYS (MANAGED_SYS_ID,NAME,DESCRIPTION,STATUS,CONNECTOR_ID,DOMAIN_ID,HOST_URL,APPL_URL,PORT,COMM_PROTOCOL,USER_ID,PSWD,START_DATE,END_DATE,RESOURCE_ID,PRIMARY_REPOSITORY,SECONDARY_REPOSITORY_ID,ALWAYS_UPDATE_SECONDARY,RES_DEPENDENCY,ADD_HNDLR,MODIFY_HNDLR,DELETE_HNDLR,SETPASS_HNDLR,SUSPEND_HNDLR,SEARCH_HNDLR,LOOKUP_HNDLR,TEST_CONNECTION_HNDLR,RECONCILE_RESOURCE_HNDLR,HNDLR_5,DRIVER_URL,CONNECTION_STRING) values ('103','Google Apps Connector','Google Apps Connector','ACTIVE','54','USR_SEC_DOMAIN','',null,null,'CLEAR','0001',null,null,null,'103',null,null,null,null,null,null,null,null,null,null,null,null,null,null,null,null);
Insert into MANAGED_SYS (MANAGED_SYS_ID,NAME,DESCRIPTION,STATUS,CONNECTOR_ID,DOMAIN_ID,HOST_URL,APPL_URL,PORT,COMM_PROTOCOL,USER_ID,PSWD,START_DATE,END_DATE,RESOURCE_ID,PRIMARY_REPOSITORY,SECONDARY_REPOSITORY_ID,ALWAYS_UPDATE_SECONDARY,RES_DEPENDENCY,ADD_HNDLR,MODIFY_HNDLR,DELETE_HNDLR,SETPASS_HNDLR,SUSPEND_HNDLR,SEARCH_HNDLR,LOOKUP_HNDLR,TEST_CONNECTION_HNDLR,RECONCILE_RESOURCE_HNDLR,HNDLR_5,DRIVER_URL,CONNECTION_STRING) values ('104','Test_Script_CONNECTOR','Test Script CONNECTOR','ACTIVE','62','USR_SEC_DOMAIN','',null,null,'CLEAR','0001',null,null,null,'104',null,null,null,null,null,null,null,null,null,null,null,null,null,null,null,null);
Insert into MANAGED_SYS (MANAGED_SYS_ID,NAME,DESCRIPTION,STATUS,CONNECTOR_ID,DOMAIN_ID,HOST_URL,APPL_URL,PORT,COMM_PROTOCOL,USER_ID,PSWD,START_DATE,END_DATE,RESOURCE_ID,PRIMARY_REPOSITORY,SECONDARY_REPOSITORY_ID,ALWAYS_UPDATE_SECONDARY,RES_DEPENDENCY,ADD_HNDLR,MODIFY_HNDLR,DELETE_HNDLR,SETPASS_HNDLR,SUSPEND_HNDLR,SEARCH_HNDLR,LOOKUP_HNDLR,TEST_CONNECTION_HNDLR,RECONCILE_RESOURCE_HNDLR,HNDLR_5,DRIVER_URL,CONNECTION_STRING) values ('105','Linux CONNECTOR','Linux CONNECTOR','ACTIVE','63','USR_SEC_DOMAIN','',null,null,'CLEAR','0001',null,null,null,'105',null,null,null,null,null,null,null,null,null,null,null,null,null,null,null,null);
Insert into MANAGED_SYS (MANAGED_SYS_ID,NAME,DESCRIPTION,STATUS,CONNECTOR_ID,DOMAIN_ID,HOST_URL,APPL_URL,PORT,COMM_PROTOCOL,USER_ID,PSWD,START_DATE,END_DATE,RESOURCE_ID,PRIMARY_REPOSITORY,SECONDARY_REPOSITORY_ID,ALWAYS_UPDATE_SECONDARY,RES_DEPENDENCY,ADD_HNDLR,MODIFY_HNDLR,DELETE_HNDLR,SETPASS_HNDLR,SUSPEND_HNDLR,SEARCH_HNDLR,LOOKUP_HNDLR,TEST_CONNECTION_HNDLR,RECONCILE_RESOURCE_HNDLR,HNDLR_5,DRIVER_URL,CONNECTION_STRING) values ('106','MySQL CONNECTOR','MySQL CONNECTOR','ACTIVE','64','USR_SEC_DOMAIN','',null,null,'CLEAR','0001',null,null,null,'106',null,null,null,null,null,null,null,null,null,null,null,null,null,null,null,null);
Insert into MANAGED_SYS (MANAGED_SYS_ID,NAME,DESCRIPTION,STATUS,CONNECTOR_ID,DOMAIN_ID,HOST_URL,APPL_URL,PORT,COMM_PROTOCOL,USER_ID,PSWD,START_DATE,END_DATE,RESOURCE_ID,PRIMARY_REPOSITORY,SECONDARY_REPOSITORY_ID,ALWAYS_UPDATE_SECONDARY,RES_DEPENDENCY,ADD_HNDLR,MODIFY_HNDLR,DELETE_HNDLR,SETPASS_HNDLR,SUSPEND_HNDLR,SEARCH_HNDLR,LOOKUP_HNDLR,TEST_CONNECTION_HNDLR,RECONCILE_RESOURCE_HNDLR,HNDLR_5,DRIVER_URL,CONNECTION_STRING) values ('110','ACTIVE DIRECTORY','ACTIVE DIRECTORY','ACTIVE','51','USR_SEC_DOMAIN','ldaps://',null,636,'CLEAR','0001',null,null,null,'110',null,null,null,null,null,null,null,null,null,null,null,null,null,null,null,null);
Insert into MANAGED_SYS (MANAGED_SYS_ID,NAME,DESCRIPTION,STATUS,CONNECTOR_ID,DOMAIN_ID,HOST_URL,APPL_URL,PORT,COMM_PROTOCOL,USER_ID,PSWD,START_DATE,END_DATE,RESOURCE_ID,PRIMARY_REPOSITORY,SECONDARY_REPOSITORY_ID,ALWAYS_UPDATE_SECONDARY,RES_DEPENDENCY,ADD_HNDLR,MODIFY_HNDLR,DELETE_HNDLR,SETPASS_HNDLR,SUSPEND_HNDLR,SEARCH_HNDLR,LOOKUP_HNDLR,TEST_CONNECTION_HNDLR,RECONCILE_RESOURCE_HNDLR,HNDLR_5,DRIVER_URL,CONNECTION_STRING) values ('111','Oracle Connector','Oracle Connector','ACTIVE','65','USR_SEC_DOMAIN','',null,null,'CLEAR','0001',null,null,null,'111',null,null,null,null,null,null,null,null,null,null,null,null,null,null,null,null);
Insert into MANAGED_SYS (MANAGED_SYS_ID,NAME,DESCRIPTION,STATUS,CONNECTOR_ID,DOMAIN_ID,HOST_URL,APPL_URL,PORT,COMM_PROTOCOL,USER_ID,PSWD,START_DATE,END_DATE,RESOURCE_ID,PRIMARY_REPOSITORY,SECONDARY_REPOSITORY_ID,ALWAYS_UPDATE_SECONDARY,RES_DEPENDENCY,ADD_HNDLR,MODIFY_HNDLR,DELETE_HNDLR,SETPASS_HNDLR,SUSPEND_HNDLR,SEARCH_HNDLR,LOOKUP_HNDLR,TEST_CONNECTION_HNDLR,RECONCILE_RESOURCE_HNDLR,HNDLR_5,DRIVER_URL,CONNECTION_STRING) values ('200','SELFSERVICE_NEWHIRE','New Hire Form','ACTIVE',null,null,null,null,null,null,'0001',null,null,null,'200',null,null,null,null,null,null,null,null,null,null,null,null,null,null,null,null);
Insert into MANAGED_SYS (MANAGED_SYS_ID,NAME,DESCRIPTION,STATUS,CONNECTOR_ID,DOMAIN_ID,HOST_URL,APPL_URL,PORT,COMM_PROTOCOL,USER_ID,PSWD,START_DATE,END_DATE,RESOURCE_ID,PRIMARY_REPOSITORY,SECONDARY_REPOSITORY_ID,ALWAYS_UPDATE_SECONDARY,RES_DEPENDENCY,ADD_HNDLR,MODIFY_HNDLR,DELETE_HNDLR,SETPASS_HNDLR,SUSPEND_HNDLR,SEARCH_HNDLR,LOOKUP_HNDLR,TEST_CONNECTION_HNDLR,RECONCILE_RESOURCE_HNDLR,HNDLR_5,DRIVER_URL,CONNECTION_STRING) values ('201','SELFSERVICE_CREATEREQUEST','Create Request Form','ACTIVE',null,null,null,null,null,null,'0001',null,null,null,'201',null,null,null,null,null,null,null,null,null,null,null,null,null,null,null,null);
Insert into MANAGED_SYS (MANAGED_SYS_ID,NAME,DESCRIPTION,STATUS,CONNECTOR_ID,DOMAIN_ID,HOST_URL,APPL_URL,PORT,COMM_PROTOCOL,USER_ID,PSWD,START_DATE,END_DATE,RESOURCE_ID,PRIMARY_REPOSITORY,SECONDARY_REPOSITORY_ID,ALWAYS_UPDATE_SECONDARY,RES_DEPENDENCY,ADD_HNDLR,MODIFY_HNDLR,DELETE_HNDLR,SETPASS_HNDLR,SUSPEND_HNDLR,SEARCH_HNDLR,LOOKUP_HNDLR,TEST_CONNECTION_HNDLR,RECONCILE_RESOURCE_HNDLR,HNDLR_5,DRIVER_URL,CONNECTION_STRING) values ('202','SELFSERVICE_PROFILE','Profile Form','ACTIVE',null,null,null,null,null,null,'0001',null,null,null,'202',null,null,null,null,null,null,null,null,null,null,null,null,null,null,null,null);

Insert into GRP (GRP_ID,GRP_NAME,CREATE_DATE,CREATED_BY,COMPANY_ID,OWNER_ID,PROVISION_METHOD,PROVISION_OBJ_NAME,TYPE_ID,GROUP_DESC,STATUS,LAST_UPDATE,LAST_UPDATED_BY,INTERNAL_GROUP_ID,EXTERNAL_GRP_NAME) values ('END_USER_GRP','End User Group',null,null,null,null,null,null,null,null,null,null,null,null,null);
Insert into GRP (GRP_ID,GRP_NAME,CREATE_DATE,CREATED_BY,COMPANY_ID,OWNER_ID,PROVISION_METHOD,PROVISION_OBJ_NAME,TYPE_ID,GROUP_DESC,STATUS,LAST_UPDATE,LAST_UPDATED_BY,INTERNAL_GROUP_ID,EXTERNAL_GRP_NAME) values ('HR_GRP','HR Group',null,null,null,null,null,null,null,null,null,null,null,null,null);
Insert into GRP (GRP_ID,GRP_NAME,CREATE_DATE,CREATED_BY,COMPANY_ID,OWNER_ID,PROVISION_METHOD,PROVISION_OBJ_NAME,TYPE_ID,GROUP_DESC,STATUS,LAST_UPDATE,LAST_UPDATED_BY,INTERNAL_GROUP_ID,EXTERNAL_GRP_NAME) values ('MNGR_GRP','Manager Group',null,null,null,null,null,null,null,null,null,null,null,null,null);
Insert into GRP (GRP_ID,GRP_NAME,CREATE_DATE,CREATED_BY,COMPANY_ID,OWNER_ID,PROVISION_METHOD,PROVISION_OBJ_NAME,TYPE_ID,GROUP_DESC,STATUS,LAST_UPDATE,LAST_UPDATED_BY,INTERNAL_GROUP_ID,EXTERNAL_GRP_NAME) values ('SECURITY_GRP','Security Group',null,null,null,null,null,null,null,null,null,null,null,null,null);
Insert into GRP (GRP_ID,GRP_NAME,CREATE_DATE,CREATED_BY,COMPANY_ID,OWNER_ID,PROVISION_METHOD,PROVISION_OBJ_NAME,TYPE_ID,GROUP_DESC,STATUS,LAST_UPDATE,LAST_UPDATED_BY,INTERNAL_GROUP_ID,EXTERNAL_GRP_NAME) values ('SEC_ADMIN_GRP','Sec Admin Group',null,null,null,null,null,null,null,null,null,null,null,null,null);
Insert into GRP (GRP_ID,GRP_NAME,CREATE_DATE,CREATED_BY,COMPANY_ID,OWNER_ID,PROVISION_METHOD,PROVISION_OBJ_NAME,TYPE_ID,GROUP_DESC,STATUS,LAST_UPDATE,LAST_UPDATED_BY,INTERNAL_GROUP_ID,EXTERNAL_GRP_NAME) values ('SUPER_SEC_ADMIN_GRP','Super Admin Group',null,null,null,null,null,null,null,null,null,null,null,null,null);

Insert into GRP_ROLE (GRP_ID,ROLE_ID) values ('END_USER_GRP','1');
Insert into GRP_ROLE (GRP_ID,ROLE_ID) values ('HR_GRP','3');
Insert into GRP_ROLE (GRP_ID,ROLE_ID) values ('MNGR_GRP','4');
Insert into GRP_ROLE (GRP_ID,ROLE_ID) values ('SECURITY_GRP','5');
Insert into GRP_ROLE (GRP_ID,ROLE_ID) values ('SUPER_SEC_ADMIN_GRP','9');

Insert into METADATA_ELEMENT (METADATA_ID,TYPE_ID,ATTRIBUTE_NAME,DESCRIPTION,DATA_TYPE,AUDITABLE,REQUIRED,SELF_EDITABLE,TEMPLATE_ID,RESOURCE_ID,VALIDATOR,STATIC_DEFAULT_VALUE,IS_PUBLIC) values ('101','InetOrgPerson','Display Name',null,null,'Y','N','Y',null,null,null,null,'Y');
Insert into METADATA_ELEMENT (METADATA_ID,TYPE_ID,ATTRIBUTE_NAME,DESCRIPTION,DATA_TYPE,AUDITABLE,REQUIRED,SELF_EDITABLE,TEMPLATE_ID,RESOURCE_ID,VALIDATOR,STATIC_DEFAULT_VALUE,IS_PUBLIC) values ('104','InetOrgPerson','Preferred Language',null,null,'Y','N','Y',null,null,null,null,'Y');
Insert into METADATA_ELEMENT (METADATA_ID,TYPE_ID,ATTRIBUTE_NAME,DESCRIPTION,DATA_TYPE,AUDITABLE,REQUIRED,SELF_EDITABLE,TEMPLATE_ID,RESOURCE_ID,VALIDATOR,STATIC_DEFAULT_VALUE,IS_PUBLIC) values ('105','InetOrgPerson','VehicleLicense',null,null,'Y','N','Y',null,null,null,null,'Y');
Insert into METADATA_ELEMENT (METADATA_ID,TYPE_ID,ATTRIBUTE_NAME,DESCRIPTION,DATA_TYPE,AUDITABLE,REQUIRED,SELF_EDITABLE,TEMPLATE_ID,RESOURCE_ID,VALIDATOR,STATIC_DEFAULT_VALUE,IS_PUBLIC) values ('106','InetOrgPerson','Given Name',null,null,'Y','N','Y',null,null,null,null,'Y');
Insert into METADATA_ELEMENT (METADATA_ID,TYPE_ID,ATTRIBUTE_NAME,DESCRIPTION,DATA_TYPE,AUDITABLE,REQUIRED,SELF_EDITABLE,TEMPLATE_ID,RESOURCE_ID,VALIDATOR,STATIC_DEFAULT_VALUE,IS_PUBLIC) values ('107','InetOrgPerson','LabeledURI',null,null,'Y','N','Y',null,null,null,null,'Y');
Insert into METADATA_ELEMENT (METADATA_ID,TYPE_ID,ATTRIBUTE_NAME,DESCRIPTION,DATA_TYPE,AUDITABLE,REQUIRED,SELF_EDITABLE,TEMPLATE_ID,RESOURCE_ID,VALIDATOR,STATIC_DEFAULT_VALUE,IS_PUBLIC) values ('108','InetOrgPerson','Initials',null,null,'Y','N','Y',null,null,null,null,'Y');
Insert into METADATA_ELEMENT (METADATA_ID,TYPE_ID,ATTRIBUTE_NAME,DESCRIPTION,DATA_TYPE,AUDITABLE,REQUIRED,SELF_EDITABLE,TEMPLATE_ID,RESOURCE_ID,VALIDATOR,STATIC_DEFAULT_VALUE,IS_PUBLIC) values ('110','InetOrgPerson','BusinessCategory',null,null,'Y','N','Y',null,null,null,null,'Y');
Insert into METADATA_ELEMENT (METADATA_ID,TYPE_ID,ATTRIBUTE_NAME,DESCRIPTION,DATA_TYPE,AUDITABLE,REQUIRED,SELF_EDITABLE,TEMPLATE_ID,RESOURCE_ID,VALIDATOR,STATIC_DEFAULT_VALUE,IS_PUBLIC) values ('131','Contractor','Display Name',null,null,'Y','N','Y',null,null,null,null,'Y');
Insert into METADATA_ELEMENT (METADATA_ID,TYPE_ID,ATTRIBUTE_NAME,DESCRIPTION,DATA_TYPE,AUDITABLE,REQUIRED,SELF_EDITABLE,TEMPLATE_ID,RESOURCE_ID,VALIDATOR,STATIC_DEFAULT_VALUE,IS_PUBLIC) values ('134','Contractor','Preferred Language',null,null,'Y','N','Y',null,null,null,null,'Y');
Insert into METADATA_ELEMENT (METADATA_ID,TYPE_ID,ATTRIBUTE_NAME,DESCRIPTION,DATA_TYPE,AUDITABLE,REQUIRED,SELF_EDITABLE,TEMPLATE_ID,RESOURCE_ID,VALIDATOR,STATIC_DEFAULT_VALUE,IS_PUBLIC) values ('135','Contractor','VehicleLicense',null,null,'Y','N','Y',null,null,null,null,'Y');
Insert into METADATA_ELEMENT (METADATA_ID,TYPE_ID,ATTRIBUTE_NAME,DESCRIPTION,DATA_TYPE,AUDITABLE,REQUIRED,SELF_EDITABLE,TEMPLATE_ID,RESOURCE_ID,VALIDATOR,STATIC_DEFAULT_VALUE,IS_PUBLIC) values ('136','Contractor','Given Name',null,null,'Y','N','Y',null,null,null,null,'Y');
Insert into METADATA_ELEMENT (METADATA_ID,TYPE_ID,ATTRIBUTE_NAME,DESCRIPTION,DATA_TYPE,AUDITABLE,REQUIRED,SELF_EDITABLE,TEMPLATE_ID,RESOURCE_ID,VALIDATOR,STATIC_DEFAULT_VALUE,IS_PUBLIC) values ('137','Contractor','LabeledURI',null,null,'Y','N','Y',null,null,null,null,'Y');
Insert into METADATA_ELEMENT (METADATA_ID,TYPE_ID,ATTRIBUTE_NAME,DESCRIPTION,DATA_TYPE,AUDITABLE,REQUIRED,SELF_EDITABLE,TEMPLATE_ID,RESOURCE_ID,VALIDATOR,STATIC_DEFAULT_VALUE,IS_PUBLIC) values ('138','Contractor','Initials',null,null,'Y','N','Y',null,null,null,null,'Y');
Insert into METADATA_ELEMENT (METADATA_ID,TYPE_ID,ATTRIBUTE_NAME,DESCRIPTION,DATA_TYPE,AUDITABLE,REQUIRED,SELF_EDITABLE,TEMPLATE_ID,RESOURCE_ID,VALIDATOR,STATIC_DEFAULT_VALUE,IS_PUBLIC) values ('140','DIRECTORY','Display Name',null,null,'Y','N','N',null,null,null,null,'Y');
Insert into METADATA_ELEMENT (METADATA_ID,TYPE_ID,ATTRIBUTE_NAME,DESCRIPTION,DATA_TYPE,AUDITABLE,REQUIRED,SELF_EDITABLE,TEMPLATE_ID,RESOURCE_ID,VALIDATOR,STATIC_DEFAULT_VALUE,IS_PUBLIC) values ('150','FILE','Display Name',null,null,'Y','N','N',null,null,null,null,'Y');
Insert into METADATA_ELEMENT (METADATA_ID,TYPE_ID,ATTRIBUTE_NAME,DESCRIPTION,DATA_TYPE,AUDITABLE,REQUIRED,SELF_EDITABLE,TEMPLATE_ID,RESOURCE_ID,VALIDATOR,STATIC_DEFAULT_VALUE,IS_PUBLIC) values ('160','URL','Display Name',null,null,'Y','N','N',null,null,null,null,'Y');
Insert into METADATA_ELEMENT (METADATA_ID,TYPE_ID,ATTRIBUTE_NAME,DESCRIPTION,DATA_TYPE,AUDITABLE,REQUIRED,SELF_EDITABLE,TEMPLATE_ID,RESOURCE_ID,VALIDATOR,STATIC_DEFAULT_VALUE,IS_PUBLIC) values ('260','Contractor','BusinessCategory',null,null,'Y','N','Y',null,null,null,null,'Y');
Insert into METADATA_ELEMENT (METADATA_ID,TYPE_ID,ATTRIBUTE_NAME,DESCRIPTION,DATA_TYPE,AUDITABLE,REQUIRED,SELF_EDITABLE,TEMPLATE_ID,RESOURCE_ID,VALIDATOR,STATIC_DEFAULT_VALUE,IS_PUBLIC) values ('261','Contractor','StartDate',null,null,'Y','N','Y',null,null,null,null,'Y');
Insert into METADATA_ELEMENT (METADATA_ID,TYPE_ID,ATTRIBUTE_NAME,DESCRIPTION,DATA_TYPE,AUDITABLE,REQUIRED,SELF_EDITABLE,TEMPLATE_ID,RESOURCE_ID,VALIDATOR,STATIC_DEFAULT_VALUE,IS_PUBLIC) values ('262','Contractor','EndDate',null,null,'Y','N','Y',null,null,null,null,'Y');
Insert into METADATA_ELEMENT (METADATA_ID,TYPE_ID,ATTRIBUTE_NAME,DESCRIPTION,DATA_TYPE,AUDITABLE,REQUIRED,SELF_EDITABLE,TEMPLATE_ID,RESOURCE_ID,VALIDATOR,STATIC_DEFAULT_VALUE,IS_PUBLIC) values ('300','LdapOrgPerson','name','',null,'Y','N','N',null,null,null,null,'Y');
Insert into METADATA_ELEMENT (METADATA_ID,TYPE_ID,ATTRIBUTE_NAME,DESCRIPTION,DATA_TYPE,AUDITABLE,REQUIRED,SELF_EDITABLE,TEMPLATE_ID,RESOURCE_ID,VALIDATOR,STATIC_DEFAULT_VALUE,IS_PUBLIC) values ('301','LdapOrgPerson','distinguishedName','',null,'Y','N','N',null,null,null,null,'Y');
Insert into METADATA_ELEMENT (METADATA_ID,TYPE_ID,ATTRIBUTE_NAME,DESCRIPTION,DATA_TYPE,AUDITABLE,REQUIRED,SELF_EDITABLE,TEMPLATE_ID,RESOURCE_ID,VALIDATOR,STATIC_DEFAULT_VALUE,IS_PUBLIC) values ('302','LdapOrgPerson','objectclass','',null,'Y','Y','N',null,null,null,null,'Y');
Insert into METADATA_ELEMENT (METADATA_ID,TYPE_ID,ATTRIBUTE_NAME,DESCRIPTION,DATA_TYPE,AUDITABLE,REQUIRED,SELF_EDITABLE,TEMPLATE_ID,RESOURCE_ID,VALIDATOR,STATIC_DEFAULT_VALUE,IS_PUBLIC) values ('303','LdapOrgPerson','aliasedObjectName','',null,'Y','N','N',null,null,null,null,'Y');
Insert into METADATA_ELEMENT (METADATA_ID,TYPE_ID,ATTRIBUTE_NAME,DESCRIPTION,DATA_TYPE,AUDITABLE,REQUIRED,SELF_EDITABLE,TEMPLATE_ID,RESOURCE_ID,VALIDATOR,STATIC_DEFAULT_VALUE,IS_PUBLIC) values ('304','LdapOrgPerson','cn','',null,'Y','Y','N',null,null,null,null,'Y');
Insert into METADATA_ELEMENT (METADATA_ID,TYPE_ID,ATTRIBUTE_NAME,DESCRIPTION,DATA_TYPE,AUDITABLE,REQUIRED,SELF_EDITABLE,TEMPLATE_ID,RESOURCE_ID,VALIDATOR,STATIC_DEFAULT_VALUE,IS_PUBLIC) values ('305','LdapOrgPerson','sn','',null,'Y','N','N',null,null,null,null,'Y');
Insert into METADATA_ELEMENT (METADATA_ID,TYPE_ID,ATTRIBUTE_NAME,DESCRIPTION,DATA_TYPE,AUDITABLE,REQUIRED,SELF_EDITABLE,TEMPLATE_ID,RESOURCE_ID,VALIDATOR,STATIC_DEFAULT_VALUE,IS_PUBLIC) values ('306','LdapOrgPerson','serialNumber','',null,'Y','N','N',null,null,null,null,'Y');
Insert into METADATA_ELEMENT (METADATA_ID,TYPE_ID,ATTRIBUTE_NAME,DESCRIPTION,DATA_TYPE,AUDITABLE,REQUIRED,SELF_EDITABLE,TEMPLATE_ID,RESOURCE_ID,VALIDATOR,STATIC_DEFAULT_VALUE,IS_PUBLIC) values ('307','LdapOrgPerson','c','',null,'Y','N','N',null,null,null,null,'Y');
Insert into METADATA_ELEMENT (METADATA_ID,TYPE_ID,ATTRIBUTE_NAME,DESCRIPTION,DATA_TYPE,AUDITABLE,REQUIRED,SELF_EDITABLE,TEMPLATE_ID,RESOURCE_ID,VALIDATOR,STATIC_DEFAULT_VALUE,IS_PUBLIC) values ('308','LdapOrgPerson','l','',null,'Y','N','N',null,null,null,null,'Y');
Insert into METADATA_ELEMENT (METADATA_ID,TYPE_ID,ATTRIBUTE_NAME,DESCRIPTION,DATA_TYPE,AUDITABLE,REQUIRED,SELF_EDITABLE,TEMPLATE_ID,RESOURCE_ID,VALIDATOR,STATIC_DEFAULT_VALUE,IS_PUBLIC) values ('309','LdapOrgPerson','st','',null,'Y','N','N',null,null,null,null,'Y');
Insert into METADATA_ELEMENT (METADATA_ID,TYPE_ID,ATTRIBUTE_NAME,DESCRIPTION,DATA_TYPE,AUDITABLE,REQUIRED,SELF_EDITABLE,TEMPLATE_ID,RESOURCE_ID,VALIDATOR,STATIC_DEFAULT_VALUE,IS_PUBLIC) values ('310','LdapOrgPerson','street','',null,'Y','N','N',null,null,null,null,'Y');
Insert into METADATA_ELEMENT (METADATA_ID,TYPE_ID,ATTRIBUTE_NAME,DESCRIPTION,DATA_TYPE,AUDITABLE,REQUIRED,SELF_EDITABLE,TEMPLATE_ID,RESOURCE_ID,VALIDATOR,STATIC_DEFAULT_VALUE,IS_PUBLIC) values ('311','LdapOrgPerson','o','',null,'Y','Y','N',null,null,null,null,'Y');
Insert into METADATA_ELEMENT (METADATA_ID,TYPE_ID,ATTRIBUTE_NAME,DESCRIPTION,DATA_TYPE,AUDITABLE,REQUIRED,SELF_EDITABLE,TEMPLATE_ID,RESOURCE_ID,VALIDATOR,STATIC_DEFAULT_VALUE,IS_PUBLIC) values ('312','LdapOrgPerson','ou','',null,'Y','N','N',null,null,null,null,'Y');
Insert into METADATA_ELEMENT (METADATA_ID,TYPE_ID,ATTRIBUTE_NAME,DESCRIPTION,DATA_TYPE,AUDITABLE,REQUIRED,SELF_EDITABLE,TEMPLATE_ID,RESOURCE_ID,VALIDATOR,STATIC_DEFAULT_VALUE,IS_PUBLIC) values ('313','LdapOrgPerson','title','',null,'Y','N','N',null,null,null,null,'Y');
Insert into METADATA_ELEMENT (METADATA_ID,TYPE_ID,ATTRIBUTE_NAME,DESCRIPTION,DATA_TYPE,AUDITABLE,REQUIRED,SELF_EDITABLE,TEMPLATE_ID,RESOURCE_ID,VALIDATOR,STATIC_DEFAULT_VALUE,IS_PUBLIC) values ('314','LdapOrgPerson','description','',null,'Y','N','N',null,null,null,null,'Y');
Insert into METADATA_ELEMENT (METADATA_ID,TYPE_ID,ATTRIBUTE_NAME,DESCRIPTION,DATA_TYPE,AUDITABLE,REQUIRED,SELF_EDITABLE,TEMPLATE_ID,RESOURCE_ID,VALIDATOR,STATIC_DEFAULT_VALUE,IS_PUBLIC) values ('315','LdapOrgPerson','businessCategory','',null,'Y','N','N',null,null,null,null,'Y');
Insert into METADATA_ELEMENT (METADATA_ID,TYPE_ID,ATTRIBUTE_NAME,DESCRIPTION,DATA_TYPE,AUDITABLE,REQUIRED,SELF_EDITABLE,TEMPLATE_ID,RESOURCE_ID,VALIDATOR,STATIC_DEFAULT_VALUE,IS_PUBLIC) values ('316','LdapOrgPerson','postalAddress','',null,'Y','N','N',null,null,null,null,'Y');
Insert into METADATA_ELEMENT (METADATA_ID,TYPE_ID,ATTRIBUTE_NAME,DESCRIPTION,DATA_TYPE,AUDITABLE,REQUIRED,SELF_EDITABLE,TEMPLATE_ID,RESOURCE_ID,VALIDATOR,STATIC_DEFAULT_VALUE,IS_PUBLIC) values ('317','LdapOrgPerson','postalCode','',null,'Y','N','N',null,null,null,null,'Y');
Insert into METADATA_ELEMENT (METADATA_ID,TYPE_ID,ATTRIBUTE_NAME,DESCRIPTION,DATA_TYPE,AUDITABLE,REQUIRED,SELF_EDITABLE,TEMPLATE_ID,RESOURCE_ID,VALIDATOR,STATIC_DEFAULT_VALUE,IS_PUBLIC) values ('318','LdapOrgPerson','postOfficeBox','',null,'Y','N','N',null,null,null,null,'Y');
Insert into METADATA_ELEMENT (METADATA_ID,TYPE_ID,ATTRIBUTE_NAME,DESCRIPTION,DATA_TYPE,AUDITABLE,REQUIRED,SELF_EDITABLE,TEMPLATE_ID,RESOURCE_ID,VALIDATOR,STATIC_DEFAULT_VALUE,IS_PUBLIC) values ('319','LdapOrgPerson','physicalDeliveryOfficeName','',null,'Y','N','N',null,null,null,null,'Y');
Insert into METADATA_ELEMENT (METADATA_ID,TYPE_ID,ATTRIBUTE_NAME,DESCRIPTION,DATA_TYPE,AUDITABLE,REQUIRED,SELF_EDITABLE,TEMPLATE_ID,RESOURCE_ID,VALIDATOR,STATIC_DEFAULT_VALUE,IS_PUBLIC) values ('320','LdapOrgPerson','telephoneNumber','',null,'Y','N','N',null,null,null,null,'Y');
Insert into METADATA_ELEMENT (METADATA_ID,TYPE_ID,ATTRIBUTE_NAME,DESCRIPTION,DATA_TYPE,AUDITABLE,REQUIRED,SELF_EDITABLE,TEMPLATE_ID,RESOURCE_ID,VALIDATOR,STATIC_DEFAULT_VALUE,IS_PUBLIC) values ('321','LdapOrgPerson','telexNumber','',null,'Y','N','N',null,null,null,null,'Y');
Insert into METADATA_ELEMENT (METADATA_ID,TYPE_ID,ATTRIBUTE_NAME,DESCRIPTION,DATA_TYPE,AUDITABLE,REQUIRED,SELF_EDITABLE,TEMPLATE_ID,RESOURCE_ID,VALIDATOR,STATIC_DEFAULT_VALUE,IS_PUBLIC) values ('322','LdapOrgPerson','teletexTerminalIdentifier','',null,'Y','N','N',null,null,null,null,'Y');
Insert into METADATA_ELEMENT (METADATA_ID,TYPE_ID,ATTRIBUTE_NAME,DESCRIPTION,DATA_TYPE,AUDITABLE,REQUIRED,SELF_EDITABLE,TEMPLATE_ID,RESOURCE_ID,VALIDATOR,STATIC_DEFAULT_VALUE,IS_PUBLIC) values ('323','LdapOrgPerson','facsimileTelephoneNumber','',null,'Y','N','N',null,null,null,null,'Y');
Insert into METADATA_ELEMENT (METADATA_ID,TYPE_ID,ATTRIBUTE_NAME,DESCRIPTION,DATA_TYPE,AUDITABLE,REQUIRED,SELF_EDITABLE,TEMPLATE_ID,RESOURCE_ID,VALIDATOR,STATIC_DEFAULT_VALUE,IS_PUBLIC) values ('324','LdapOrgPerson','x121Address','',null,'Y','N','N',null,null,null,null,'Y');
Insert into METADATA_ELEMENT (METADATA_ID,TYPE_ID,ATTRIBUTE_NAME,DESCRIPTION,DATA_TYPE,AUDITABLE,REQUIRED,SELF_EDITABLE,TEMPLATE_ID,RESOURCE_ID,VALIDATOR,STATIC_DEFAULT_VALUE,IS_PUBLIC) values ('325','LdapOrgPerson','internationaliSDNNumber','',null,'Y','N','N',null,null,null,null,'Y');
Insert into METADATA_ELEMENT (METADATA_ID,TYPE_ID,ATTRIBUTE_NAME,DESCRIPTION,DATA_TYPE,AUDITABLE,REQUIRED,SELF_EDITABLE,TEMPLATE_ID,RESOURCE_ID,VALIDATOR,STATIC_DEFAULT_VALUE,IS_PUBLIC) values ('326','LdapOrgPerson','registeredAddress','',null,'Y','N','N',null,null,null,null,'Y');
Insert into METADATA_ELEMENT (METADATA_ID,TYPE_ID,ATTRIBUTE_NAME,DESCRIPTION,DATA_TYPE,AUDITABLE,REQUIRED,SELF_EDITABLE,TEMPLATE_ID,RESOURCE_ID,VALIDATOR,STATIC_DEFAULT_VALUE,IS_PUBLIC) values ('327','LdapOrgPerson','destinationIndicator','',null,'Y','N','N',null,null,null,null,'Y');
Insert into METADATA_ELEMENT (METADATA_ID,TYPE_ID,ATTRIBUTE_NAME,DESCRIPTION,DATA_TYPE,AUDITABLE,REQUIRED,SELF_EDITABLE,TEMPLATE_ID,RESOURCE_ID,VALIDATOR,STATIC_DEFAULT_VALUE,IS_PUBLIC) values ('328','LdapOrgPerson','preferredDeliveryMethod','',null,'Y','N','N',null,null,null,null,'Y');
Insert into METADATA_ELEMENT (METADATA_ID,TYPE_ID,ATTRIBUTE_NAME,DESCRIPTION,DATA_TYPE,AUDITABLE,REQUIRED,SELF_EDITABLE,TEMPLATE_ID,RESOURCE_ID,VALIDATOR,STATIC_DEFAULT_VALUE,IS_PUBLIC) values ('329','LdapOrgPerson','presentationAddress','',null,'Y','N','N',null,null,null,null,'Y');
Insert into METADATA_ELEMENT (METADATA_ID,TYPE_ID,ATTRIBUTE_NAME,DESCRIPTION,DATA_TYPE,AUDITABLE,REQUIRED,SELF_EDITABLE,TEMPLATE_ID,RESOURCE_ID,VALIDATOR,STATIC_DEFAULT_VALUE,IS_PUBLIC) values ('330','LdapOrgPerson','supportedApplicationContext','',null,'Y','N','N',null,null,null,null,'Y');
Insert into METADATA_ELEMENT (METADATA_ID,TYPE_ID,ATTRIBUTE_NAME,DESCRIPTION,DATA_TYPE,AUDITABLE,REQUIRED,SELF_EDITABLE,TEMPLATE_ID,RESOURCE_ID,VALIDATOR,STATIC_DEFAULT_VALUE,IS_PUBLIC) values ('331','LdapOrgPerson','member','',null,'Y','N','N',null,null,null,null,'Y');
Insert into METADATA_ELEMENT (METADATA_ID,TYPE_ID,ATTRIBUTE_NAME,DESCRIPTION,DATA_TYPE,AUDITABLE,REQUIRED,SELF_EDITABLE,TEMPLATE_ID,RESOURCE_ID,VALIDATOR,STATIC_DEFAULT_VALUE,IS_PUBLIC) values ('332','LdapOrgPerson','owner','',null,'Y','N','N',null,null,null,null,'Y');
Insert into METADATA_ELEMENT (METADATA_ID,TYPE_ID,ATTRIBUTE_NAME,DESCRIPTION,DATA_TYPE,AUDITABLE,REQUIRED,SELF_EDITABLE,TEMPLATE_ID,RESOURCE_ID,VALIDATOR,STATIC_DEFAULT_VALUE,IS_PUBLIC) values ('333','LdapOrgPerson','roleOccupant','',null,'Y','N','N',null,null,null,null,'Y');
Insert into METADATA_ELEMENT (METADATA_ID,TYPE_ID,ATTRIBUTE_NAME,DESCRIPTION,DATA_TYPE,AUDITABLE,REQUIRED,SELF_EDITABLE,TEMPLATE_ID,RESOURCE_ID,VALIDATOR,STATIC_DEFAULT_VALUE,IS_PUBLIC) values ('334','LdapOrgPerson','seeAlso','',null,'Y','N','N',null,null,null,null,'Y');
Insert into METADATA_ELEMENT (METADATA_ID,TYPE_ID,ATTRIBUTE_NAME,DESCRIPTION,DATA_TYPE,AUDITABLE,REQUIRED,SELF_EDITABLE,TEMPLATE_ID,RESOURCE_ID,VALIDATOR,STATIC_DEFAULT_VALUE,IS_PUBLIC) values ('335','LdapOrgPerson','userPassword','',null,'Y','N','N',null,null,null,null,'Y');
Insert into METADATA_ELEMENT (METADATA_ID,TYPE_ID,ATTRIBUTE_NAME,DESCRIPTION,DATA_TYPE,AUDITABLE,REQUIRED,SELF_EDITABLE,TEMPLATE_ID,RESOURCE_ID,VALIDATOR,STATIC_DEFAULT_VALUE,IS_PUBLIC) values ('336','LdapOrgPerson','userCertificate','',null,'Y','N','N',null,null,null,null,'Y');
Insert into METADATA_ELEMENT (METADATA_ID,TYPE_ID,ATTRIBUTE_NAME,DESCRIPTION,DATA_TYPE,AUDITABLE,REQUIRED,SELF_EDITABLE,TEMPLATE_ID,RESOURCE_ID,VALIDATOR,STATIC_DEFAULT_VALUE,IS_PUBLIC) values ('337','LdapOrgPerson','cACertificate','',null,'Y','N','N',null,null,null,null,'Y');
Insert into METADATA_ELEMENT (METADATA_ID,TYPE_ID,ATTRIBUTE_NAME,DESCRIPTION,DATA_TYPE,AUDITABLE,REQUIRED,SELF_EDITABLE,TEMPLATE_ID,RESOURCE_ID,VALIDATOR,STATIC_DEFAULT_VALUE,IS_PUBLIC) values ('338','LdapOrgPerson','authorityRevocationList','',null,'Y','N','N',null,null,null,null,'Y');
Insert into METADATA_ELEMENT (METADATA_ID,TYPE_ID,ATTRIBUTE_NAME,DESCRIPTION,DATA_TYPE,AUDITABLE,REQUIRED,SELF_EDITABLE,TEMPLATE_ID,RESOURCE_ID,VALIDATOR,STATIC_DEFAULT_VALUE,IS_PUBLIC) values ('339','LdapOrgPerson','certificateRevocationList','',null,'Y','N','N',null,null,null,null,'Y');
Insert into METADATA_ELEMENT (METADATA_ID,TYPE_ID,ATTRIBUTE_NAME,DESCRIPTION,DATA_TYPE,AUDITABLE,REQUIRED,SELF_EDITABLE,TEMPLATE_ID,RESOURCE_ID,VALIDATOR,STATIC_DEFAULT_VALUE,IS_PUBLIC) values ('340','LdapOrgPerson','crossCertificatePair','',null,'Y','N','N',null,null,null,null,'Y');
Insert into METADATA_ELEMENT (METADATA_ID,TYPE_ID,ATTRIBUTE_NAME,DESCRIPTION,DATA_TYPE,AUDITABLE,REQUIRED,SELF_EDITABLE,TEMPLATE_ID,RESOURCE_ID,VALIDATOR,STATIC_DEFAULT_VALUE,IS_PUBLIC) values ('341','LdapOrgPerson','givenName','',null,'Y','N','N',null,null,null,null,'Y');
Insert into METADATA_ELEMENT (METADATA_ID,TYPE_ID,ATTRIBUTE_NAME,DESCRIPTION,DATA_TYPE,AUDITABLE,REQUIRED,SELF_EDITABLE,TEMPLATE_ID,RESOURCE_ID,VALIDATOR,STATIC_DEFAULT_VALUE,IS_PUBLIC) values ('342','LdapOrgPerson','initials','',null,'Y','N','N',null,null,null,null,'Y');
Insert into METADATA_ELEMENT (METADATA_ID,TYPE_ID,ATTRIBUTE_NAME,DESCRIPTION,DATA_TYPE,AUDITABLE,REQUIRED,SELF_EDITABLE,TEMPLATE_ID,RESOURCE_ID,VALIDATOR,STATIC_DEFAULT_VALUE,IS_PUBLIC) values ('343','LdapOrgPerson','generationQualifier','',null,'Y','N','N',null,null,null,null,'Y');
Insert into METADATA_ELEMENT (METADATA_ID,TYPE_ID,ATTRIBUTE_NAME,DESCRIPTION,DATA_TYPE,AUDITABLE,REQUIRED,SELF_EDITABLE,TEMPLATE_ID,RESOURCE_ID,VALIDATOR,STATIC_DEFAULT_VALUE,IS_PUBLIC) values ('344','LdapOrgPerson','x500UniqueIdentifier','',null,'Y','N','N',null,null,null,null,'Y');
Insert into METADATA_ELEMENT (METADATA_ID,TYPE_ID,ATTRIBUTE_NAME,DESCRIPTION,DATA_TYPE,AUDITABLE,REQUIRED,SELF_EDITABLE,TEMPLATE_ID,RESOURCE_ID,VALIDATOR,STATIC_DEFAULT_VALUE,IS_PUBLIC) values ('346','LdapOrgPerson','uniqueMember','',null,'Y','N','N',null,null,null,null,'Y');
Insert into METADATA_ELEMENT (METADATA_ID,TYPE_ID,ATTRIBUTE_NAME,DESCRIPTION,DATA_TYPE,AUDITABLE,REQUIRED,SELF_EDITABLE,TEMPLATE_ID,RESOURCE_ID,VALIDATOR,STATIC_DEFAULT_VALUE,IS_PUBLIC) values ('347','LdapOrgPerson','houseIdentifier','',null,'Y','N','N',null,null,null,null,'Y');
Insert into METADATA_ELEMENT (METADATA_ID,TYPE_ID,ATTRIBUTE_NAME,DESCRIPTION,DATA_TYPE,AUDITABLE,REQUIRED,SELF_EDITABLE,TEMPLATE_ID,RESOURCE_ID,VALIDATOR,STATIC_DEFAULT_VALUE,IS_PUBLIC) values ('348','LdapOrgPerson','uid','',null,'Y','N','N',null,null,null,null,'Y');
Insert into METADATA_ELEMENT (METADATA_ID,TYPE_ID,ATTRIBUTE_NAME,DESCRIPTION,DATA_TYPE,AUDITABLE,REQUIRED,SELF_EDITABLE,TEMPLATE_ID,RESOURCE_ID,VALIDATOR,STATIC_DEFAULT_VALUE,IS_PUBLIC) values ('349','LdapOrgPerson','mail','',null,'Y','N','N',null,null,null,null,'Y');
Insert into METADATA_ELEMENT (METADATA_ID,TYPE_ID,ATTRIBUTE_NAME,DESCRIPTION,DATA_TYPE,AUDITABLE,REQUIRED,SELF_EDITABLE,TEMPLATE_ID,RESOURCE_ID,VALIDATOR,STATIC_DEFAULT_VALUE,IS_PUBLIC) values ('350','LdapOrgPerson','ref','',null,'Y','N','N',null,null,null,null,'Y');
Insert into METADATA_ELEMENT (METADATA_ID,TYPE_ID,ATTRIBUTE_NAME,DESCRIPTION,DATA_TYPE,AUDITABLE,REQUIRED,SELF_EDITABLE,TEMPLATE_ID,RESOURCE_ID,VALIDATOR,STATIC_DEFAULT_VALUE,IS_PUBLIC) values ('351','LdapOrgPerson','referral','',null,'Y','N','N',null,null,null,null,'Y');
Insert into METADATA_ELEMENT (METADATA_ID,TYPE_ID,ATTRIBUTE_NAME,DESCRIPTION,DATA_TYPE,AUDITABLE,REQUIRED,SELF_EDITABLE,TEMPLATE_ID,RESOURCE_ID,VALIDATOR,STATIC_DEFAULT_VALUE,IS_PUBLIC) values ('352','LdapOrgPerson','krbName','',null,'Y','N','N',null,null,null,null,'Y');
Insert into METADATA_ELEMENT (METADATA_ID,TYPE_ID,ATTRIBUTE_NAME,DESCRIPTION,DATA_TYPE,AUDITABLE,REQUIRED,SELF_EDITABLE,TEMPLATE_ID,RESOURCE_ID,VALIDATOR,STATIC_DEFAULT_VALUE,IS_PUBLIC) values ('401','MANAGED_SYS','SUBMIT_USER_TO_CONNECTOR',null,null,'Y','N','N',null,null,null,null,'Y');
Insert into METADATA_ELEMENT (METADATA_ID,TYPE_ID,ATTRIBUTE_NAME,DESCRIPTION,DATA_TYPE,AUDITABLE,REQUIRED,SELF_EDITABLE,TEMPLATE_ID,RESOURCE_ID,VALIDATOR,STATIC_DEFAULT_VALUE,IS_PUBLIC) values ('402','MANAGED_SYS','INCLUDE_IN_PASSWORD_SYNC',null,null,'Y','N','N',null,null,null,null,'Y');
Insert into METADATA_ELEMENT (METADATA_ID,TYPE_ID,ATTRIBUTE_NAME,DESCRIPTION,DATA_TYPE,AUDITABLE,REQUIRED,SELF_EDITABLE,TEMPLATE_ID,RESOURCE_ID,VALIDATOR,STATIC_DEFAULT_VALUE,IS_PUBLIC) values ('405','MANAGED_SYS','INCLUDE_IN_SYNC',null,null,'Y','N','N',null,null,null,null,'Y');
Insert into METADATA_ELEMENT (METADATA_ID,TYPE_ID,ATTRIBUTE_NAME,DESCRIPTION,DATA_TYPE,AUDITABLE,REQUIRED,SELF_EDITABLE,TEMPLATE_ID,RESOURCE_ID,VALIDATOR,STATIC_DEFAULT_VALUE,IS_PUBLIC) values ('406','MANAGED_SYS','TABLE_NAME',null,null,'Y','N','N',null,null,null,null,'Y');
Insert into METADATA_ELEMENT (METADATA_ID,TYPE_ID,ATTRIBUTE_NAME,DESCRIPTION,DATA_TYPE,AUDITABLE,REQUIRED,SELF_EDITABLE,TEMPLATE_ID,RESOURCE_ID,VALIDATOR,STATIC_DEFAULT_VALUE,IS_PUBLIC) values ('407','MANAGED_SYS','GROUP_MEMBERSHIP_ENABLED',null,null,'Y','N','N',null,null,null,null,'Y');
Insert into METADATA_ELEMENT (METADATA_ID,TYPE_ID,ATTRIBUTE_NAME,DESCRIPTION,DATA_TYPE,AUDITABLE,REQUIRED,SELF_EDITABLE,TEMPLATE_ID,RESOURCE_ID,VALIDATOR,STATIC_DEFAULT_VALUE,IS_PUBLIC) values ('408','MANAGED_SYS','ON_DELETE',null,null,'Y','N','N',null,null,null,null,'Y');
Insert into METADATA_ELEMENT (METADATA_ID,TYPE_ID,ATTRIBUTE_NAME,DESCRIPTION,DATA_TYPE,AUDITABLE,REQUIRED,SELF_EDITABLE,TEMPLATE_ID,RESOURCE_ID,VALIDATOR,STATIC_DEFAULT_VALUE,IS_PUBLIC) values ('409','MANAGED_SYS','PRE_PROCESS',null,null,'Y','N','N',null,null,null,null,'Y');
Insert into METADATA_ELEMENT (METADATA_ID,TYPE_ID,ATTRIBUTE_NAME,DESCRIPTION,DATA_TYPE,AUDITABLE,REQUIRED,SELF_EDITABLE,TEMPLATE_ID,RESOURCE_ID,VALIDATOR,STATIC_DEFAULT_VALUE,IS_PUBLIC) values ('410','MANAGED_SYS','POST_PROCESS',null,null,'Y','N','N',null,null,null,null,'Y');
Insert into METADATA_ELEMENT (METADATA_ID,TYPE_ID,ATTRIBUTE_NAME,DESCRIPTION,DATA_TYPE,AUDITABLE,REQUIRED,SELF_EDITABLE,TEMPLATE_ID,RESOURCE_ID,VALIDATOR,STATIC_DEFAULT_VALUE,IS_PUBLIC) values ('411','AUTH_REPO','HOST_URL',null,null,'Y','N','N',null,null,null,null,'Y');
Insert into METADATA_ELEMENT (METADATA_ID,TYPE_ID,ATTRIBUTE_NAME,DESCRIPTION,DATA_TYPE,AUDITABLE,REQUIRED,SELF_EDITABLE,TEMPLATE_ID,RESOURCE_ID,VALIDATOR,STATIC_DEFAULT_VALUE,IS_PUBLIC) values ('412','AUTH_REPO','BASE_DN',null,null,'Y','N','N',null,null,null,null,'Y');
Insert into METADATA_ELEMENT (METADATA_ID,TYPE_ID,ATTRIBUTE_NAME,DESCRIPTION,DATA_TYPE,AUDITABLE,REQUIRED,SELF_EDITABLE,TEMPLATE_ID,RESOURCE_ID,VALIDATOR,STATIC_DEFAULT_VALUE,IS_PUBLIC) values ('413','AUTH_REPO','HOST_LOGIN ID',null,null,'Y','N','N',null,null,null,null,'Y');
Insert into METADATA_ELEMENT (METADATA_ID,TYPE_ID,ATTRIBUTE_NAME,DESCRIPTION,DATA_TYPE,AUDITABLE,REQUIRED,SELF_EDITABLE,TEMPLATE_ID,RESOURCE_ID,VALIDATOR,STATIC_DEFAULT_VALUE,IS_PUBLIC) values ('415','AUTH_REPO','COMMUNICATION_PROTOCOL',null,null,'Y','N','N',null,null,null,null,'Y');
Insert into METADATA_ELEMENT (METADATA_ID,TYPE_ID,ATTRIBUTE_NAME,DESCRIPTION,DATA_TYPE,AUDITABLE,REQUIRED,SELF_EDITABLE,TEMPLATE_ID,RESOURCE_ID,VALIDATOR,STATIC_DEFAULT_VALUE,IS_PUBLIC) values ('416','AUTH_REPO','OBJECT_CLASS',null,null,'Y','N','N',null,null,null,null,'Y');
Insert into METADATA_ELEMENT (METADATA_ID,TYPE_ID,ATTRIBUTE_NAME,DESCRIPTION,DATA_TYPE,AUDITABLE,REQUIRED,SELF_EDITABLE,TEMPLATE_ID,RESOURCE_ID,VALIDATOR,STATIC_DEFAULT_VALUE,IS_PUBLIC) values ('418','AUTH_REPO','SEARCH_ATTRIBUTE',null,null,'Y','N','N',null,null,null,null,'Y');
Insert into METADATA_ELEMENT (METADATA_ID,TYPE_ID,ATTRIBUTE_NAME,DESCRIPTION,DATA_TYPE,AUDITABLE,REQUIRED,SELF_EDITABLE,TEMPLATE_ID,RESOURCE_ID,VALIDATOR,STATIC_DEFAULT_VALUE,IS_PUBLIC) values ('419','AUTH_REPO','MANAGED_SYS_ID',null,null,'Y','N','N',null,null,null,null,'Y');
Insert into METADATA_ELEMENT (METADATA_ID,TYPE_ID,ATTRIBUTE_NAME,DESCRIPTION,DATA_TYPE,AUDITABLE,REQUIRED,SELF_EDITABLE,TEMPLATE_ID,RESOURCE_ID,VALIDATOR,STATIC_DEFAULT_VALUE,IS_PUBLIC) values ('420','AUTH_REPO','DN_ATTRIBUTE',null,null,'Y','N','N',null,null,null,null,'Y');
Insert into METADATA_ELEMENT (METADATA_ID,TYPE_ID,ATTRIBUTE_NAME,DESCRIPTION,DATA_TYPE,AUDITABLE,REQUIRED,SELF_EDITABLE,TEMPLATE_ID,RESOURCE_ID,VALIDATOR,STATIC_DEFAULT_VALUE,IS_PUBLIC) values ('421','AUTH_REPO','PASSWORD',null,null,'Y','N','N',null,null,null,null,'Y');
Insert into METADATA_ELEMENT (METADATA_ID,TYPE_ID,ATTRIBUTE_NAME,DESCRIPTION,DATA_TYPE,AUDITABLE,REQUIRED,SELF_EDITABLE,TEMPLATE_ID,RESOURCE_ID,VALIDATOR,STATIC_DEFAULT_VALUE,IS_PUBLIC) values ('430','WEBSERVICE','END_POINT',null,null,'Y','N','N',null,null,null,null,'Y');
Insert into METADATA_ELEMENT (METADATA_ID,TYPE_ID,ATTRIBUTE_NAME,DESCRIPTION,DATA_TYPE,AUDITABLE,REQUIRED,SELF_EDITABLE,TEMPLATE_ID,RESOURCE_ID,VALIDATOR,STATIC_DEFAULT_VALUE,IS_PUBLIC) values ('440','WEBSERVICE_OP','OPERATION_NAME',null,null,'Y','N','N',null,null,null,null,'Y');
Insert into METADATA_ELEMENT (METADATA_ID,TYPE_ID,ATTRIBUTE_NAME,DESCRIPTION,DATA_TYPE,AUDITABLE,REQUIRED,SELF_EDITABLE,TEMPLATE_ID,RESOURCE_ID,VALIDATOR,STATIC_DEFAULT_VALUE,IS_PUBLIC) values ('450','NO-PROVISION-APP','URL',null,null,'Y','N','N',null,null,null,null,'Y');

Insert into COMPANY (COMPANY_ID,COMPANY_NAME,LST_UPDATE,LST_UPDATED_BY,PARENT_ID,STATUS,TYPE_ID,CREATE_DATE,CREATED_BY,ALIAS,DESCRIPTION,DOMAIN_NAME,LDAP_STR,CLASSIFICATION,INTERNAL_COMPANY_ID,ABBREVIATION,SYMBOL) values ('100','OpenIAM',null,null,null,'ACTIVE','OrgOpenIAM',null,null,null,null,'openiam.com',null,'ORGANIZATION',null,null,null);
Insert into COMPANY (COMPANY_ID,COMPANY_NAME,LST_UPDATE,LST_UPDATED_BY,PARENT_ID,STATUS,TYPE_ID,CREATE_DATE,CREATED_BY,ALIAS,DESCRIPTION,DOMAIN_NAME,LDAP_STR,CLASSIFICATION,INTERNAL_COMPANY_ID,ABBREVIATION,SYMBOL) values ('101','Sales',null,null,'100','ACTIVE','departmentType',null,null,null,null,null,null,'DEPARTMENT',null,null,null);
Insert into COMPANY (COMPANY_ID,COMPANY_NAME,LST_UPDATE,LST_UPDATED_BY,PARENT_ID,STATUS,TYPE_ID,CREATE_DATE,CREATED_BY,ALIAS,DESCRIPTION,DOMAIN_NAME,LDAP_STR,CLASSIFICATION,INTERNAL_COMPANY_ID,ABBREVIATION,SYMBOL) values ('102','Finance',null,null,'100','ACTIVE','departmentType',null,null,null,null,null,null,'DEPARTMENT',null,null,null);
Insert into COMPANY (COMPANY_ID,COMPANY_NAME,LST_UPDATE,LST_UPDATED_BY,PARENT_ID,STATUS,TYPE_ID,CREATE_DATE,CREATED_BY,ALIAS,DESCRIPTION,DOMAIN_NAME,LDAP_STR,CLASSIFICATION,INTERNAL_COMPANY_ID,ABBREVIATION,SYMBOL) values ('103','Customer Service',null,null,'100','ACTIVE','departmentType',null,null,null,null,null,null,'DEPARTMENT',null,null,null);
Insert into COMPANY (COMPANY_ID,COMPANY_NAME,LST_UPDATE,LST_UPDATED_BY,PARENT_ID,STATUS,TYPE_ID,CREATE_DATE,CREATED_BY,ALIAS,DESCRIPTION,DOMAIN_NAME,LDAP_STR,CLASSIFICATION,INTERNAL_COMPANY_ID,ABBREVIATION,SYMBOL) values ('104','IT',null,null,'100','ACTIVE','departmentType',null,null,null,null,null,null,'DEPARTMENT',null,null,null);

Insert into COMPANY_TO_COMPANY_MEMBERSHIP (COMPANY_ID,MEMBER_COMPANY_ID) values ('100','101');
Insert into COMPANY_TO_COMPANY_MEMBERSHIP (COMPANY_ID,MEMBER_COMPANY_ID) values ('100','102');
Insert into COMPANY_TO_COMPANY_MEMBERSHIP (COMPANY_ID,MEMBER_COMPANY_ID) values ('100','103');
Insert into COMPANY_TO_COMPANY_MEMBERSHIP (COMPANY_ID,MEMBER_COMPANY_ID) values ('100','104');


Insert into LANGUAGE (ID,LANGUAGE,IS_USED,LANGUAGE_CODE) values ('1','English','Y','en');
Insert into LANGUAGE (ID,LANGUAGE,IS_USED,LANGUAGE_CODE) values ('2','German','N','de');
Insert into LANGUAGE (ID,LANGUAGE,IS_USED,LANGUAGE_CODE) values ('3','French','N','fr');
Insert into LANGUAGE (ID,LANGUAGE,IS_USED,LANGUAGE_CODE) values ('4','Spanish','N','es');
Insert into LANGUAGE (ID,LANGUAGE,IS_USED,LANGUAGE_CODE) values ('5','Italian','N','it');
Insert into LANGUAGE (ID,LANGUAGE,IS_USED,LANGUAGE_CODE) values ('6','Dutch','N','nl');
Insert into LANGUAGE (ID,LANGUAGE,IS_USED,LANGUAGE_CODE) values ('7','Portugese','N','pt');

Insert into LANGUAGE_LOCALE (ID,LANGUAGE_ID,LOCALE) values ('4','2','de_DE');
Insert into LANGUAGE_LOCALE (ID,LANGUAGE_ID,LOCALE) values ('1','1','en_EN');
Insert into LANGUAGE_LOCALE (ID,LANGUAGE_ID,LOCALE) values ('3','1','en_GB');
Insert into LANGUAGE_LOCALE (ID,LANGUAGE_ID,LOCALE) values ('2','1','en_US');
Insert into LANGUAGE_LOCALE (ID,LANGUAGE_ID,LOCALE) values ('6','4','es_ES');
Insert into LANGUAGE_LOCALE (ID,LANGUAGE_ID,LOCALE) values ('5','3','fr_FR');
Insert into LANGUAGE_LOCALE (ID,LANGUAGE_ID,LOCALE) values ('7','5','it_IT');
Insert into LANGUAGE_LOCALE (ID,LANGUAGE_ID,LOCALE) values ('8','6','nl_NL');
Insert into LANGUAGE_LOCALE (ID,LANGUAGE_ID,LOCALE) values ('9','7','pt_PT');


Insert into LOCATION (LOCATION_ID,NAME,DESCRIPTION,COUNTRY,BLDG_NUM,STREET_DIRECTION,ADDRESS1,ADDRESS2,ADDRESS3,CITY,STATE,POSTAL_CD,ORGANIZATION_ID,INTERNAL_LOCATION_ID,ACTIVE,SENSITIVE_LOCATION) values ('100','HQ',null,'US','111',null,'MAIN ST',null,null,'MY TOWN','NY','12345',null,null,1,0);
Insert into LOCATION (LOCATION_ID,NAME,DESCRIPTION,COUNTRY,BLDG_NUM,STREET_DIRECTION,ADDRESS1,ADDRESS2,ADDRESS3,CITY,STATE,POSTAL_CD,ORGANIZATION_ID,INTERNAL_LOCATION_ID,ACTIVE,SENSITIVE_LOCATION) values ('101','BRANCH',null,'US','112',null,'Next ST',null,null,'MY TOWN','CT','67890',null,null,1,0);

Insert into MNG_SYS_OBJECT_MATCH (OBJECT_SEARCH_ID,MANAGED_SYS_ID,OBJECT_TYPE,MATCH_METHOD,BASE_DN,SEARCH_BASE_DN,SEARCH_FILTER,KEY_FIELD) values ('100','101','USER','BASE_DN','ou=people,dc=openiam,dc=org','dc=openiam,dc=org','(&(objectclass=inetOrgPerson)(?))','uid');
Insert into MNG_SYS_OBJECT_MATCH (OBJECT_SEARCH_ID,MANAGED_SYS_ID,OBJECT_TYPE,MATCH_METHOD,BASE_DN,SEARCH_BASE_DN,SEARCH_FILTER,KEY_FIELD) values ('101','101','USER','BASE_DN',null,null,'(&(objectclass=inetOrgPerson)(?))','uid');
Insert into MNG_SYS_OBJECT_MATCH (OBJECT_SEARCH_ID,MANAGED_SYS_ID,OBJECT_TYPE,MATCH_METHOD,BASE_DN,SEARCH_BASE_DN,SEARCH_FILTER,KEY_FIELD) values ('110','110','USER','BASE_DN',null,null,'(&(objectclass=user)(?))','CN');

Insert into POLICY_DEF (POLICY_DEF_ID,NAME,DESCRIPTION,POLICY_TYPE,LOCATION_TYPE,POLICY_RULE,POLICY_HANDLER,POLICY_ADVISE_HANDLER) values ('100','PASSWORD POLICY','Out of the box Password Policy','2','DB',null,null,null);
Insert into POLICY_DEF (POLICY_DEF_ID,NAME,DESCRIPTION,POLICY_TYPE,LOCATION_TYPE,POLICY_RULE,POLICY_HANDLER,POLICY_ADVISE_HANDLER) values ('103','AUTHENTICATION POLICY','Out of the box Authentication Policy','4','DB',null,null,null);
Insert into POLICY_DEF (POLICY_DEF_ID,NAME,DESCRIPTION,POLICY_TYPE,LOCATION_TYPE,POLICY_RULE,POLICY_HANDLER,POLICY_ADVISE_HANDLER) values ('104','ATTRIBUTE POLICY','Attribute value policies.','5','DB',null,null,null);

Insert into POLICY_DEF_PARAM (DEF_PARAM_ID,POLICY_DEF_ID,NAME,DESCRIPTION,OPERATION,VALUE1,VALUE2,REPEATS,PARAM_GROUP,HANDLER_LANGUAGE,POLICY_PARAM_HANDLER) values ('110','100','PWD_HIST_VER','Password history versions',null,null,null,0,'PSWD_COMPOSITION',null,'org.openiam.idm.srvc.pswd.rule.PasswordHistoryRule');
Insert into POLICY_DEF_PARAM (DEF_PARAM_ID,POLICY_DEF_ID,NAME,DESCRIPTION,OPERATION,VALUE1,VALUE2,REPEATS,PARAM_GROUP,HANDLER_LANGUAGE,POLICY_PARAM_HANDLER) values ('111','100','PWD_EXPIRATION','Password expiration',null,null,null,0,'',null,'');
Insert into POLICY_DEF_PARAM (DEF_PARAM_ID,POLICY_DEF_ID,NAME,DESCRIPTION,OPERATION,VALUE1,VALUE2,REPEATS,PARAM_GROUP,HANDLER_LANGUAGE,POLICY_PARAM_HANDLER) values ('112','100','PWD_LEN','Password length','RANGE',null,null,0,'PSWD_COMPOSITION',null,'org.openiam.idm.srvc.pswd.rule.PasswordLengthRule');
Insert into POLICY_DEF_PARAM (DEF_PARAM_ID,POLICY_DEF_ID,NAME,DESCRIPTION,OPERATION,VALUE1,VALUE2,REPEATS,PARAM_GROUP,HANDLER_LANGUAGE,POLICY_PARAM_HANDLER) values ('113','100','NUMERIC_CHARS','Numeric characters(Min-Max)','RANGE',null,null,0,'PSWD_COMPOSITION',null,'org.openiam.idm.srvc.pswd.rule.NumericCharRule');
Insert into POLICY_DEF_PARAM (DEF_PARAM_ID,POLICY_DEF_ID,NAME,DESCRIPTION,OPERATION,VALUE1,VALUE2,REPEATS,PARAM_GROUP,HANDLER_LANGUAGE,POLICY_PARAM_HANDLER) values ('114','100','UPPERCASE_CHARS','Uppercase characters(Min-Max)','RANGE',null,null,0,'PSWD_COMPOSITION',null,'org.openiam.idm.srvc.pswd.rule.UpperCaseRule');
Insert into POLICY_DEF_PARAM (DEF_PARAM_ID,POLICY_DEF_ID,NAME,DESCRIPTION,OPERATION,VALUE1,VALUE2,REPEATS,PARAM_GROUP,HANDLER_LANGUAGE,POLICY_PARAM_HANDLER) values ('115','100','LOWERCASE_CHARS','Lowercase characters(Min-Max)','RANGE',null,null,0,'PSWD_COMPOSITION',null,'org.openiam.idm.srvc.pswd.rule.LowerCaseRule');
Insert into POLICY_DEF_PARAM (DEF_PARAM_ID,POLICY_DEF_ID,NAME,DESCRIPTION,OPERATION,VALUE1,VALUE2,REPEATS,PARAM_GROUP,HANDLER_LANGUAGE,POLICY_PARAM_HANDLER) values ('116','100','NON_ALPHA_CHARS','Non-alpha numeric symbols(Min-Max)','RANGE',null,null,0,'PSWD_COMPOSITION',null,'org.openiam.idm.srvc.pswd.rule.NonAlphaNumericRule');
Insert into POLICY_DEF_PARAM (DEF_PARAM_ID,POLICY_DEF_ID,NAME,DESCRIPTION,OPERATION,VALUE1,VALUE2,REPEATS,PARAM_GROUP,HANDLER_LANGUAGE,POLICY_PARAM_HANDLER) values ('117','100','ALPHA_CHARS','Alpha character(Min-Max)','RANGE',null,null,0,'PSWD_COMPOSITION',null,'org.openiam.idm.srvc.pswd.rule.AlphaCharRule');
Insert into POLICY_DEF_PARAM (DEF_PARAM_ID,POLICY_DEF_ID,NAME,DESCRIPTION,OPERATION,VALUE1,VALUE2,REPEATS,PARAM_GROUP,HANDLER_LANGUAGE,POLICY_PARAM_HANDLER) values ('120','100','DICTIONARY_CHECK','Dictionary Check','boolean',null,null,0,'',null,'');
Insert into POLICY_DEF_PARAM (DEF_PARAM_ID,POLICY_DEF_ID,NAME,DESCRIPTION,OPERATION,VALUE1,VALUE2,REPEATS,PARAM_GROUP,HANDLER_LANGUAGE,POLICY_PARAM_HANDLER) values ('121','100','PWD_LOGIN','Reject password = Login Id','boolean',null,null,0,'PSWD_COMPOSITION',null,'org.openiam.idm.srvc.pswd.rule.PasswordNotPrincipalRule');
Insert into POLICY_DEF_PARAM (DEF_PARAM_ID,POLICY_DEF_ID,NAME,DESCRIPTION,OPERATION,VALUE1,VALUE2,REPEATS,PARAM_GROUP,HANDLER_LANGUAGE,POLICY_PARAM_HANDLER) values ('122','100','PWD_NAME','Reject password = First / Last name','boolean',null,null,0,'PSWD_COMPOSITION',null,'org.openiam.idm.srvc.pswd.rule.PasswordNotNameRule');
Insert into POLICY_DEF_PARAM (DEF_PARAM_ID,POLICY_DEF_ID,NAME,DESCRIPTION,OPERATION,VALUE1,VALUE2,REPEATS,PARAM_GROUP,HANDLER_LANGUAGE,POLICY_PARAM_HANDLER) values ('123','100','VOWELS_IN_PWD','Reject Password containing vowels ','boolean',null,null,0,'PSWD_COMPOSITION',null,'');
Insert into POLICY_DEF_PARAM (DEF_PARAM_ID,POLICY_DEF_ID,NAME,DESCRIPTION,OPERATION,VALUE1,VALUE2,REPEATS,PARAM_GROUP,HANDLER_LANGUAGE,POLICY_PARAM_HANDLER) values ('124','100','REJECT_NUM_START','Reject passwords that begin or end with a numeric character','boolean',null,null,0,'PSWD_COMPOSITION',null,'');
Insert into POLICY_DEF_PARAM (DEF_PARAM_ID,POLICY_DEF_ID,NAME,DESCRIPTION,OPERATION,VALUE1,VALUE2,REPEATS,PARAM_GROUP,HANDLER_LANGUAGE,POLICY_PARAM_HANDLER) values ('125','100','HAS_NUMERIC_AT','Password to contain numeric chars at following positions',null,null,null,0,'PSWD_COMPOSITION',null,'');
Insert into POLICY_DEF_PARAM (DEF_PARAM_ID,POLICY_DEF_ID,NAME,DESCRIPTION,OPERATION,VALUE1,VALUE2,REPEATS,PARAM_GROUP,HANDLER_LANGUAGE,POLICY_PARAM_HANDLER) values ('126','100','HAS_ALPHA_NUM_AT','Password to contain alpha numeric chars at following positions',null,null,null,0,'PSWD_COMPOSITION',null,'');
Insert into POLICY_DEF_PARAM (DEF_PARAM_ID,POLICY_DEF_ID,NAME,DESCRIPTION,OPERATION,VALUE1,VALUE2,REPEATS,PARAM_GROUP,HANDLER_LANGUAGE,POLICY_PARAM_HANDLER) values ('128','100','FORCE_NON_ALPHA_NUM_AT','Force password to contain non-alpha numeric chars at following positions',null,null,null,0,'PSWD_COMPOSITION',null,'');
Insert into POLICY_DEF_PARAM (DEF_PARAM_ID,POLICY_DEF_ID,NAME,DESCRIPTION,OPERATION,VALUE1,VALUE2,REPEATS,PARAM_GROUP,HANDLER_LANGUAGE,POLICY_PARAM_HANDLER) values ('129','100','PWD_EXP_WARN','Days to password expiration warning',null,null,null,0,'MISC',null,null);
Insert into POLICY_DEF_PARAM (DEF_PARAM_ID,POLICY_DEF_ID,NAME,DESCRIPTION,OPERATION,VALUE1,VALUE2,REPEATS,PARAM_GROUP,HANDLER_LANGUAGE,POLICY_PARAM_HANDLER) values ('130','100','QUEST_COUNT','Number of questions to display',null,null,null,0,null,null,null);
Insert into POLICY_DEF_PARAM (DEF_PARAM_ID,POLICY_DEF_ID,NAME,DESCRIPTION,OPERATION,VALUE1,VALUE2,REPEATS,PARAM_GROUP,HANDLER_LANGUAGE,POLICY_PARAM_HANDLER) values ('131','100','QUEST_SRC','Source of questions',null,null,null,0,'SELFSERVE',null,null);
Insert into POLICY_DEF_PARAM (DEF_PARAM_ID,POLICY_DEF_ID,NAME,DESCRIPTION,OPERATION,VALUE1,VALUE2,REPEATS,PARAM_GROUP,HANDLER_LANGUAGE,POLICY_PARAM_HANDLER) values ('132','100','QUEST_LIST','Question list',null,null,null,0,'SELFSERVE',null,null);
Insert into POLICY_DEF_PARAM (DEF_PARAM_ID,POLICY_DEF_ID,NAME,DESCRIPTION,OPERATION,VALUE1,VALUE2,REPEATS,PARAM_GROUP,HANDLER_LANGUAGE,POLICY_PARAM_HANDLER) values ('133','100','PWD_EXP_GRACE','Password expiration grace period',null,null,null,0,null,null,'');
Insert into POLICY_DEF_PARAM (DEF_PARAM_ID,POLICY_DEF_ID,NAME,DESCRIPTION,OPERATION,VALUE1,VALUE2,REPEATS,PARAM_GROUP,HANDLER_LANGUAGE,POLICY_PARAM_HANDLER) values ('134','100','CHNG_PSWD_ON_RESET','Change Password after reset',null,null,null,0,null,null,'');
Insert into POLICY_DEF_PARAM (DEF_PARAM_ID,POLICY_DEF_ID,NAME,DESCRIPTION,OPERATION,VALUE1,VALUE2,REPEATS,PARAM_GROUP,HANDLER_LANGUAGE,POLICY_PARAM_HANDLER) values ('138','100','PWD_EQ_PWD','RejectPassword Equals password',null,null,null,0,'PSWD_COMPOSITION',null,'org.openiam.idm.srvc.pswd.rule.PasswordNotPasswordRule');
Insert into POLICY_DEF_PARAM (DEF_PARAM_ID,POLICY_DEF_ID,NAME,DESCRIPTION,OPERATION,VALUE1,VALUE2,REPEATS,PARAM_GROUP,HANDLER_LANGUAGE,POLICY_PARAM_HANDLER) values ('139','100','RESET_BY_USER','Reject reset by user',null,null,null,0,'PSWD_COMPOSITION',null,'org.openiam.idm.srvc.pswd.rule.ChangePasswordByUserRule');
Insert into POLICY_DEF_PARAM (DEF_PARAM_ID,POLICY_DEF_ID,NAME,DESCRIPTION,OPERATION,VALUE1,VALUE2,REPEATS,PARAM_GROUP,HANDLER_LANGUAGE,POLICY_PARAM_HANDLER) values ('141','100','PWD_EXPIRATION_ON_RESET','Password expiration time on reset',null,null,null,0,'',null,'');
Insert into POLICY_DEF_PARAM (DEF_PARAM_ID,POLICY_DEF_ID,NAME,DESCRIPTION,OPERATION,VALUE1,VALUE2,REPEATS,PARAM_GROUP,HANDLER_LANGUAGE,POLICY_PARAM_HANDLER) values ('142','100','PASSWORD_CHANGE_ALLOWED','Determines how many times you are allowed to change your password',null,null,null,0,'PSWD_COMPOSITION',null,'org.openiam.idm.srvc.pswd.rule.PasswordChangeAllowedRule');
Insert into POLICY_DEF_PARAM (DEF_PARAM_ID,POLICY_DEF_ID,NAME,DESCRIPTION,OPERATION,VALUE1,VALUE2,REPEATS,PARAM_GROUP,HANDLER_LANGUAGE,POLICY_PARAM_HANDLER) values ('151','103','AUTO_UNLOCK_TIME','UnLock account in n minutes',null,null,null,0,null,null,null);
Insert into POLICY_DEF_PARAM (DEF_PARAM_ID,POLICY_DEF_ID,NAME,DESCRIPTION,OPERATION,VALUE1,VALUE2,REPEATS,PARAM_GROUP,HANDLER_LANGUAGE,POLICY_PARAM_HANDLER) values ('152','103','TOKEN_TYPE','SSO Token Type',null,null,null,0,null,null,null);
Insert into POLICY_DEF_PARAM (DEF_PARAM_ID,POLICY_DEF_ID,NAME,DESCRIPTION,OPERATION,VALUE1,VALUE2,REPEATS,PARAM_GROUP,HANDLER_LANGUAGE,POLICY_PARAM_HANDLER) values ('153','103','LOGIN_MODULE_SEL_POLCY','Policy to select the login module',null,null,null,0,null,null,null);
Insert into POLICY_DEF_PARAM (DEF_PARAM_ID,POLICY_DEF_ID,NAME,DESCRIPTION,OPERATION,VALUE1,VALUE2,REPEATS,PARAM_GROUP,HANDLER_LANGUAGE,POLICY_PARAM_HANDLER) values ('154','103','SUCCESS_URL','URL to forward on authn success',null,null,null,0,null,null,null);
Insert into POLICY_DEF_PARAM (DEF_PARAM_ID,POLICY_DEF_ID,NAME,DESCRIPTION,OPERATION,VALUE1,VALUE2,REPEATS,PARAM_GROUP,HANDLER_LANGUAGE,POLICY_PARAM_HANDLER) values ('155','103','FAIL_URL','URL to forward on authn fail',null,null,null,0,null,null,null);
Insert into POLICY_DEF_PARAM (DEF_PARAM_ID,POLICY_DEF_ID,NAME,DESCRIPTION,OPERATION,VALUE1,VALUE2,REPEATS,PARAM_GROUP,HANDLER_LANGUAGE,POLICY_PARAM_HANDLER) values ('157','103','FAILED_AUTH_COUNT','Failed Authentication Attempts',null,null,null,0,null,null,null);
Insert into POLICY_DEF_PARAM (DEF_PARAM_ID,POLICY_DEF_ID,NAME,DESCRIPTION,OPERATION,VALUE1,VALUE2,REPEATS,PARAM_GROUP,HANDLER_LANGUAGE,POLICY_PARAM_HANDLER) values ('158','103','DEFAULT_LOGIN_MOD','Default Login Module',null,null,null,0,null,null,null);
Insert into POLICY_DEF_PARAM (DEF_PARAM_ID,POLICY_DEF_ID,NAME,DESCRIPTION,OPERATION,VALUE1,VALUE2,REPEATS,PARAM_GROUP,HANDLER_LANGUAGE,POLICY_PARAM_HANDLER) values ('159','103','TOKEN_LIFE','SSO Token Type Life',null,null,null,0,null,null,null);
Insert into POLICY_DEF_PARAM (DEF_PARAM_ID,POLICY_DEF_ID,NAME,DESCRIPTION,OPERATION,VALUE1,VALUE2,REPEATS,PARAM_GROUP,HANDLER_LANGUAGE,POLICY_PARAM_HANDLER) values ('162','103','TOKEN_ISSUER','Issuer of the SSO Token',null,null,null,0,null,null,null);
Insert into POLICY_DEF_PARAM (DEF_PARAM_ID,POLICY_DEF_ID,NAME,DESCRIPTION,OPERATION,VALUE1,VALUE2,REPEATS,PARAM_GROUP,HANDLER_LANGUAGE,POLICY_PARAM_HANDLER) values ('163','103','LOGIN_MOD_TYPE','Type of authentication module',null,null,null,0,null,null,null);
Insert into POLICY_DEF_PARAM (DEF_PARAM_ID,POLICY_DEF_ID,NAME,DESCRIPTION,OPERATION,VALUE1,VALUE2,REPEATS,PARAM_GROUP,HANDLER_LANGUAGE,POLICY_PARAM_HANDLER) values ('164','103','AUTH_REPOSITORY','Authentication Repository',null,null,null,0,null,null,null);
Insert into POLICY_DEF_PARAM (DEF_PARAM_ID,POLICY_DEF_ID,NAME,DESCRIPTION,OPERATION,VALUE1,VALUE2,REPEATS,PARAM_GROUP,HANDLER_LANGUAGE,POLICY_PARAM_HANDLER) values ('170','100','REJECT_CHARS_IN_PSWD','Characters not allowed in a password',null,null,null,0,'PSWD_COMPOSITION',null,'org.openiam.idm.srvc.pswd.rule.RejectCharactersRule');
Insert into POLICY_DEF_PARAM (DEF_PARAM_ID,POLICY_DEF_ID,NAME,DESCRIPTION,OPERATION,VALUE1,VALUE2,REPEATS,PARAM_GROUP,HANDLER_LANGUAGE,POLICY_PARAM_HANDLER) values ('171','100','QUEST_ANSWER_CORRECT','Number of answers that are required to be correct',null,null,null,0,null,null,null);
Insert into POLICY_DEF_PARAM (DEF_PARAM_ID,POLICY_DEF_ID,NAME,DESCRIPTION,OPERATION,VALUE1,VALUE2,REPEATS,PARAM_GROUP,HANDLER_LANGUAGE,POLICY_PARAM_HANDLER) values ('172','103','HOST_LOGIN','Login to the host',null,null,null,0,null,null,null);
Insert into POLICY_DEF_PARAM (DEF_PARAM_ID,POLICY_DEF_ID,NAME,DESCRIPTION,OPERATION,VALUE1,VALUE2,REPEATS,PARAM_GROUP,HANDLER_LANGUAGE,POLICY_PARAM_HANDLER) values ('173','103','HOST_PASSWORD','Password to the host',null,null,null,0,null,null,null);
Insert into POLICY_DEF_PARAM (DEF_PARAM_ID,POLICY_DEF_ID,NAME,DESCRIPTION,OPERATION,VALUE1,VALUE2,REPEATS,PARAM_GROUP,HANDLER_LANGUAGE,POLICY_PARAM_HANDLER) values ('174','103','BASEDN','Type of authentication module',null,null,null,0,null,null,null);
Insert into POLICY_DEF_PARAM (DEF_PARAM_ID,POLICY_DEF_ID,NAME,DESCRIPTION,OPERATION,VALUE1,VALUE2,REPEATS,PARAM_GROUP,HANDLER_LANGUAGE,POLICY_PARAM_HANDLER) values ('175','103','PROTOCOL','Protocol',null,null,null,0,null,null,null);
Insert into POLICY_DEF_PARAM (DEF_PARAM_ID,POLICY_DEF_ID,NAME,DESCRIPTION,OPERATION,VALUE1,VALUE2,REPEATS,PARAM_GROUP,HANDLER_LANGUAGE,POLICY_PARAM_HANDLER) values ('176','103','KEY_ATTRIBUTE','Name of the Primary Key Attribute',null,null,null,0,null,null,null);
Insert into POLICY_DEF_PARAM (DEF_PARAM_ID,POLICY_DEF_ID,NAME,DESCRIPTION,OPERATION,VALUE1,VALUE2,REPEATS,PARAM_GROUP,HANDLER_LANGUAGE,POLICY_PARAM_HANDLER) values ('178','103','MANAGED_SYS_ID','Managed system Id',null,null,null,0,null,null,null);
Insert into POLICY_DEF_PARAM (DEF_PARAM_ID,POLICY_DEF_ID,NAME,DESCRIPTION,OPERATION,VALUE1,VALUE2,REPEATS,PARAM_GROUP,HANDLER_LANGUAGE,POLICY_PARAM_HANDLER) values ('179','103','HOST_URL','URL of the host system',null,null,null,0,null,null,null);

Insert into POLICY (POLICY_ID,POLICY_DEF_ID,NAME,DESCRIPTION,STATUS,RULE_SRC_URL,ENABLEMENT) values ('4000','100','Default Pswd Policy','Default Password Policy',1,null,1);
Insert into POLICY (POLICY_ID,POLICY_DEF_ID,NAME,DESCRIPTION,STATUS,RULE_SRC_URL,ENABLEMENT) values ('4001','103','Default Authn Policy','Default Authentication Policy',1,null,1);
Insert into POLICY (POLICY_ID,POLICY_DEF_ID,NAME,DESCRIPTION,STATUS,RULE_SRC_URL,ENABLEMENT) values ('4501','104','cn','commonName',1,'provision/cn.groovy',1);
Insert into POLICY (POLICY_ID,POLICY_DEF_ID,NAME,DESCRIPTION,STATUS,RULE_SRC_URL,ENABLEMENT) values ('4502','104','mail','email address',1,'provision/mail.groovy',1);
Insert into POLICY (POLICY_ID,POLICY_DEF_ID,NAME,DESCRIPTION,STATUS,RULE_SRC_URL,ENABLEMENT) values ('4503','104','o','organization name',1,'provision/o.groovy',1);
Insert into POLICY (POLICY_ID,POLICY_DEF_ID,NAME,DESCRIPTION,STATUS,RULE_SRC_URL,ENABLEMENT) values ('4504','104','ou','organizationalUnitName',1,'provision/ou.groovy',1);
Insert into POLICY (POLICY_ID,POLICY_DEF_ID,NAME,DESCRIPTION,STATUS,RULE_SRC_URL,ENABLEMENT) values ('4505','104','postalCode','commonName',1,'provision/postalCode.groovy',1);
Insert into POLICY (POLICY_ID,POLICY_DEF_ID,NAME,DESCRIPTION,STATUS,RULE_SRC_URL,ENABLEMENT) values ('4506','104','sn','surname',1,'provision/sn.groovy',1);
Insert into POLICY (POLICY_ID,POLICY_DEF_ID,NAME,DESCRIPTION,STATUS,RULE_SRC_URL,ENABLEMENT) values ('4507','104','st','stateOrProvinceName',1,'provision/st.groovy',1);
Insert into POLICY (POLICY_ID,POLICY_DEF_ID,NAME,DESCRIPTION,STATUS,RULE_SRC_URL,ENABLEMENT) values ('4508','104','street','streetAddress',1,'provision/street.groovy',1);
Insert into POLICY (POLICY_ID,POLICY_DEF_ID,NAME,DESCRIPTION,STATUS,RULE_SRC_URL,ENABLEMENT) values ('4509','104','userPassword','password',1,'provision/userPassword.groovy',1);
Insert into POLICY (POLICY_ID,POLICY_DEF_ID,NAME,DESCRIPTION,STATUS,RULE_SRC_URL,ENABLEMENT) values ('4510','104','postalAddress','postalAddress',1,'provision/postalAddress.groovy',1);
Insert into POLICY (POLICY_ID,POLICY_DEF_ID,NAME,DESCRIPTION,STATUS,RULE_SRC_URL,ENABLEMENT) values ('4511','104','telephoneNumber','Primary Telephone',1,'provision/telephone.groovy',1);
Insert into POLICY (POLICY_ID,POLICY_DEF_ID,NAME,DESCRIPTION,STATUS,RULE_SRC_URL,ENABLEMENT) values ('4512','104','facsimileTelephoneNumber','Fax',1,'provision/fax.groovy',1);
Insert into POLICY (POLICY_ID,POLICY_DEF_ID,NAME,DESCRIPTION,STATUS,RULE_SRC_URL,ENABLEMENT) values ('4513','104','mobile','mobileTelephoneNumber',1,'provision/mobile.groovy',1);
Insert into POLICY (POLICY_ID,POLICY_DEF_ID,NAME,DESCRIPTION,STATUS,RULE_SRC_URL,ENABLEMENT) values ('4514','104','gn','givenName',1,'provision/gn.groovy',1);
Insert into POLICY (POLICY_ID,POLICY_DEF_ID,NAME,DESCRIPTION,STATUS,RULE_SRC_URL,ENABLEMENT) values ('4515','104','uid','User Id',1,'provision/uid.groovy',1);
Insert into POLICY (POLICY_ID,POLICY_DEF_ID,NAME,DESCRIPTION,STATUS,RULE_SRC_URL,ENABLEMENT) values ('4516','104','departmentCD','Department Code',1,'provision/deptcd.groovy',1);
Insert into POLICY (POLICY_ID,POLICY_DEF_ID,NAME,DESCRIPTION,STATUS,RULE_SRC_URL,ENABLEMENT) values ('4517','104','displayName','Display Name',1,'provision/displayName.groovy',1);
Insert into POLICY (POLICY_ID,POLICY_DEF_ID,NAME,DESCRIPTION,STATUS,RULE_SRC_URL,ENABLEMENT) values ('4518','104','employeeType','Employee Type',1,'provision/employeeType.groovy',1);
Insert into POLICY (POLICY_ID,POLICY_DEF_ID,NAME,DESCRIPTION,STATUS,RULE_SRC_URL,ENABLEMENT) values ('4519','104','initials','Intials',1,'provision/initials.groovy',1);
Insert into POLICY (POLICY_ID,POLICY_DEF_ID,NAME,DESCRIPTION,STATUS,RULE_SRC_URL,ENABLEMENT) values ('4521','104','objectclass','Department Number',1,'provision/objectclass.groovy',1);
Insert into POLICY (POLICY_ID,POLICY_DEF_ID,NAME,DESCRIPTION,STATUS,RULE_SRC_URL,ENABLEMENT) values ('4522','104','title','Title',1,'provision/title.groovy',1);
Insert into POLICY (POLICY_ID,POLICY_DEF_ID,NAME,DESCRIPTION,STATUS,RULE_SRC_URL,ENABLEMENT) values ('4540','104','userDefineEmail','email address',1,'provision/emailUserDefined.groovy',1);
Insert into POLICY (POLICY_ID,POLICY_DEF_ID,NAME,DESCRIPTION,STATUS,RULE_SRC_URL,ENABLEMENT) values ('4541','104','dob','Date of Birth',1,'provision/dob.groovy',1);
Insert into POLICY (POLICY_ID,POLICY_DEF_ID,NAME,DESCRIPTION,STATUS,RULE_SRC_URL,ENABLEMENT) values ('4542','104','middleInit','Middle Initial',1,'provision/middleInit.groovy',1);
Insert into POLICY (POLICY_ID,POLICY_DEF_ID,NAME,DESCRIPTION,STATUS,RULE_SRC_URL,ENABLEMENT) values ('4543','104','employeeId','Employee ID',1,'provision/employeeId.groovy',1);
Insert into POLICY (POLICY_ID,POLICY_DEF_ID,NAME,DESCRIPTION,STATUS,RULE_SRC_URL,ENABLEMENT) values ('4544','104','userDefinedPassword','Password By User',1,'provision/userDefPassword.groovy',1);
Insert into POLICY (POLICY_ID,POLICY_DEF_ID,NAME,DESCRIPTION,STATUS,RULE_SRC_URL,ENABLEMENT) values ('4545','104','userRole','Role Membership',1,'provision/userRole.groovy',1);
Insert into POLICY (POLICY_ID,POLICY_DEF_ID,NAME,DESCRIPTION,STATUS,RULE_SRC_URL,ENABLEMENT) values ('4546','104','userGroup','Group Membership',1,'provision/userGroup.groovy',1);
Insert into POLICY (POLICY_ID,POLICY_DEF_ID,NAME,DESCRIPTION,STATUS,RULE_SRC_URL,ENABLEMENT) values ('4547','104','isEnabled','Is the User Enabled',1,'provision/isEnabled.groovy',1);
Insert into POLICY (POLICY_ID,POLICY_DEF_ID,NAME,DESCRIPTION,STATUS,RULE_SRC_URL,ENABLEMENT) values ('4548','104','GUID','GUID',1,'provision/guid.groovy',1);
Insert into POLICY (POLICY_ID,POLICY_DEF_ID,NAME,DESCRIPTION,STATUS,RULE_SRC_URL,ENABLEMENT) values ('4562','104','principal','PRIMARY_PRINICPAL',1,'provision/primary_principal.groovy',1);
Insert into POLICY (POLICY_ID,POLICY_DEF_ID,NAME,DESCRIPTION,STATUS,RULE_SRC_URL,ENABLEMENT) values ('4563','104','password','PRIMARY_PASSWORD',1,'provision/primary_pswd.groovy',1);
Insert into POLICY (POLICY_ID,POLICY_DEF_ID,NAME,DESCRIPTION,STATUS,RULE_SRC_URL,ENABLEMENT) values ('4564','104','emailAddress','PRIMARY_EMAIL',1,'provision/primary_email.groovy',1);
Insert into POLICY (POLICY_ID,POLICY_DEF_ID,NAME,DESCRIPTION,STATUS,RULE_SRC_URL,ENABLEMENT) values ('4565','104','domain','PRIMARY_DOMAIN',1,'provision/primaryDomain.groovy',1);
Insert into POLICY (POLICY_ID,POLICY_DEF_ID,NAME,DESCRIPTION,STATUS,RULE_SRC_URL,ENABLEMENT) values ('4600','104','userName','Google User Name',1,'provision/gapps/gappsUid.groovy',1);
Insert into POLICY (POLICY_ID,POLICY_DEF_ID,NAME,DESCRIPTION,STATUS,RULE_SRC_URL,ENABLEMENT) values ('4601','104','firstName','Google Fist Name',1,'provision/gapps/gappsFirstName.groovy',1);
Insert into POLICY (POLICY_ID,POLICY_DEF_ID,NAME,DESCRIPTION,STATUS,RULE_SRC_URL,ENABLEMENT) values ('4602','104','lastName','Google Last Name',1,'provision/gapps/gappsLastName.groovy',1);
Insert into POLICY (POLICY_ID,POLICY_DEF_ID,NAME,DESCRIPTION,STATUS,RULE_SRC_URL,ENABLEMENT) values ('4603','104','password','Google Password',1,'provision/gapps/gappsPassword.groovy',1);
Insert into POLICY (POLICY_ID,POLICY_DEF_ID,NAME,DESCRIPTION,STATUS,RULE_SRC_URL,ENABLEMENT) values ('4630','104','ad-sAMAccountName','sAMAccountName',1,'provision/ad/sAMAccountName.groovy',1);
Insert into POLICY (POLICY_ID,POLICY_DEF_ID,NAME,DESCRIPTION,STATUS,RULE_SRC_URL,ENABLEMENT) values ('4631','104','ad-givenName','givenName',1,'provision/gn.groovy',1);
Insert into POLICY (POLICY_ID,POLICY_DEF_ID,NAME,DESCRIPTION,STATUS,RULE_SRC_URL,ENABLEMENT) values ('4632','104','ad-CN','CN',1,'provision/ad/adCN.groovy',1);
Insert into POLICY (POLICY_ID,POLICY_DEF_ID,NAME,DESCRIPTION,STATUS,RULE_SRC_URL,ENABLEMENT) values ('4633','104','ad-ou','ou',1,'provision/ad/ou.groovy',1);
Insert into POLICY (POLICY_ID,POLICY_DEF_ID,NAME,DESCRIPTION,STATUS,RULE_SRC_URL,ENABLEMENT) values ('4634','104','ad-objectclass','objectclass',1,'provision/ad/objectclass.groovy',1);
Insert into POLICY (POLICY_ID,POLICY_DEF_ID,NAME,DESCRIPTION,STATUS,RULE_SRC_URL,ENABLEMENT) values ('4635','104','ad-profilePath','profilePath',1,'provision/ad/profilePath.groovy',1);
Insert into POLICY (POLICY_ID,POLICY_DEF_ID,NAME,DESCRIPTION,STATUS,RULE_SRC_URL,ENABLEMENT) values ('4636','104','ad-homeDirectory','homeDirectory',1,'provision/ad/homeDirectory.groovy',1);
Insert into POLICY (POLICY_ID,POLICY_DEF_ID,NAME,DESCRIPTION,STATUS,RULE_SRC_URL,ENABLEMENT) values ('4637','104','ad-homeDrive','homeDrive',1,'provision/ad/homeDrive.groovy',1);
Insert into POLICY (POLICY_ID,POLICY_DEF_ID,NAME,DESCRIPTION,STATUS,RULE_SRC_URL,ENABLEMENT) values ('4639','104','ad-scriptPath','scriptPath',1,'provision/ad/scriptPath.groovy',1);
Insert into POLICY (POLICY_ID,POLICY_DEF_ID,NAME,DESCRIPTION,STATUS,RULE_SRC_URL,ENABLEMENT) values ('4640','104','ad-company','company',1,'provision/ad/company.groovy',1);
Insert into POLICY (POLICY_ID,POLICY_DEF_ID,NAME,DESCRIPTION,STATUS,RULE_SRC_URL,ENABLEMENT) values ('4642','104','ad-initials','initials',1,'provision/ad/initials.groovy',1);
Insert into POLICY (POLICY_ID,POLICY_DEF_ID,NAME,DESCRIPTION,STATUS,RULE_SRC_URL,ENABLEMENT) values ('4643','104','ad-department','department',1,'provision/ad/department.groovy',1);
Insert into POLICY (POLICY_ID,POLICY_DEF_ID,NAME,DESCRIPTION,STATUS,RULE_SRC_URL,ENABLEMENT) values ('4644','104','ad-telephoneNumber','telephoneNumber',1,'provision/ad/telephoneNumber.groovy',1);
Insert into POLICY (POLICY_ID,POLICY_DEF_ID,NAME,DESCRIPTION,STATUS,RULE_SRC_URL,ENABLEMENT) values ('4645','104','ad-title','title',1,'provision/ad/title.groovy',1);
Insert into POLICY (POLICY_ID,POLICY_DEF_ID,NAME,DESCRIPTION,STATUS,RULE_SRC_URL,ENABLEMENT) values ('4646','104','ad-unicodePwd','unicodePwd',1,'provision/ad/unicodePwd.groovy',1);
Insert into POLICY (POLICY_ID,POLICY_DEF_ID,NAME,DESCRIPTION,STATUS,RULE_SRC_URL,ENABLEMENT) values ('4650','104','ad-userAccountControl','userAccountControl',1,'provision/ad/userAccountControl.groovy',1);
Insert into POLICY (POLICY_ID,POLICY_DEF_ID,NAME,DESCRIPTION,STATUS,RULE_SRC_URL,ENABLEMENT) values ('4651','104','ad-userPrincipalName','userPrincipalName',1,'provision/ad/userPrincipalName.groovy',1);
Insert into POLICY (POLICY_ID,POLICY_DEF_ID,NAME,DESCRIPTION,STATUS,RULE_SRC_URL,ENABLEMENT) values ('4652','104','ad-userGroup','Group Membership',1,'provision/ad/userGroup.groovy',1);
Insert into POLICY (POLICY_ID,POLICY_DEF_ID,NAME,DESCRIPTION,STATUS,RULE_SRC_URL,ENABLEMENT) values ('4653','104','ad-streetAddress','Street Address',1,'provision/ad/street.groovy',1);
Insert into POLICY (POLICY_ID,POLICY_DEF_ID,NAME,DESCRIPTION,STATUS,RULE_SRC_URL,ENABLEMENT) values ('4654','104','ad-city','City',1,'provision/ad/city.groovy',1);
Insert into POLICY (POLICY_ID,POLICY_DEF_ID,NAME,DESCRIPTION,STATUS,RULE_SRC_URL,ENABLEMENT) values ('4655','104','ad-state','State',1,'provision/ad/state.groovy',1);
Insert into POLICY (POLICY_ID,POLICY_DEF_ID,NAME,DESCRIPTION,STATUS,RULE_SRC_URL,ENABLEMENT) values ('4656','104','ad-zip','Zip',1,'provision/ad/zip.groovy',1);
Insert into POLICY (POLICY_ID,POLICY_DEF_ID,NAME,DESCRIPTION,STATUS,RULE_SRC_URL,ENABLEMENT) values ('4657','104','sf-profile-grp','Sales Force Profile Group',1,'salesforce/salesforce-profile-group.groovy',1);


Insert into POLICY_ATTRIBUTE (POLICY_ATTR_ID,DEF_PARAM_ID,POLICY_ID,NAME,OPERATION,VALUE1,VALUE2,RULE_TEXT) values ('4000','116','4000','NON_ALPHA_CHARS','RANGE',null,null,null);
Insert into POLICY_ATTRIBUTE (POLICY_ATTR_ID,DEF_PARAM_ID,POLICY_ID,NAME,OPERATION,VALUE1,VALUE2,RULE_TEXT) values ('4001','131','4000','QUEST_SRC','','USER',null,null);
Insert into POLICY_ATTRIBUTE (POLICY_ATTR_ID,DEF_PARAM_ID,POLICY_ID,NAME,OPERATION,VALUE1,VALUE2,RULE_TEXT) values ('4004','117','4000','ALPHA_CHARS','RANGE','',null,null);
Insert into POLICY_ATTRIBUTE (POLICY_ATTR_ID,DEF_PARAM_ID,POLICY_ID,NAME,OPERATION,VALUE1,VALUE2,RULE_TEXT) values ('4007','114','4000','UPPERCASE_CHARS','RANGE',null,null,null);
Insert into POLICY_ATTRIBUTE (POLICY_ATTR_ID,DEF_PARAM_ID,POLICY_ID,NAME,OPERATION,VALUE1,VALUE2,RULE_TEXT) values ('4008','113','4000','NUMERIC_CHARS','RANGE','1',null,null);
Insert into POLICY_ATTRIBUTE (POLICY_ATTR_ID,DEF_PARAM_ID,POLICY_ID,NAME,OPERATION,VALUE1,VALUE2,RULE_TEXT) values ('4010','122','4000','PWD_NAME','boolean',null,null,null);
Insert into POLICY_ATTRIBUTE (POLICY_ATTR_ID,DEF_PARAM_ID,POLICY_ID,NAME,OPERATION,VALUE1,VALUE2,RULE_TEXT) values ('4011','112','4000','PWD_LEN','RANGE','8','12',null);
Insert into POLICY_ATTRIBUTE (POLICY_ATTR_ID,DEF_PARAM_ID,POLICY_ID,NAME,OPERATION,VALUE1,VALUE2,RULE_TEXT) values ('4012','120','4000','DICTIONARY_CHECK','boolean',null,null,null);
Insert into POLICY_ATTRIBUTE (POLICY_ATTR_ID,DEF_PARAM_ID,POLICY_ID,NAME,OPERATION,VALUE1,VALUE2,RULE_TEXT) values ('4013','110','4000','PWD_HIST_VER',null,'6',null,null);
Insert into POLICY_ATTRIBUTE (POLICY_ATTR_ID,DEF_PARAM_ID,POLICY_ID,NAME,OPERATION,VALUE1,VALUE2,RULE_TEXT) values ('4015','132','4000','QUEST_LIST',null,null,null,null);
Insert into POLICY_ATTRIBUTE (POLICY_ATTR_ID,DEF_PARAM_ID,POLICY_ID,NAME,OPERATION,VALUE1,VALUE2,RULE_TEXT) values ('4016','130','4000','QUEST_COUNT',null,'3',null,null);
Insert into POLICY_ATTRIBUTE (POLICY_ATTR_ID,DEF_PARAM_ID,POLICY_ID,NAME,OPERATION,VALUE1,VALUE2,RULE_TEXT) values ('4017','121','4000','PWD_LOGIN','boolean',null,null,null);
Insert into POLICY_ATTRIBUTE (POLICY_ATTR_ID,DEF_PARAM_ID,POLICY_ID,NAME,OPERATION,VALUE1,VALUE2,RULE_TEXT) values ('4019','115','4000','LOWERCASE_CHARS','RANGE',null,null,null);
Insert into POLICY_ATTRIBUTE (POLICY_ATTR_ID,DEF_PARAM_ID,POLICY_ID,NAME,OPERATION,VALUE1,VALUE2,RULE_TEXT) values ('4020','129','4000','PWD_EXP_WARN',null,'2',null,null);
Insert into POLICY_ATTRIBUTE (POLICY_ATTR_ID,DEF_PARAM_ID,POLICY_ID,NAME,OPERATION,VALUE1,VALUE2,RULE_TEXT) values ('4023','111','4000','PWD_EXPIRATION',null,'90',null,null);
Insert into POLICY_ATTRIBUTE (POLICY_ATTR_ID,DEF_PARAM_ID,POLICY_ID,NAME,OPERATION,VALUE1,VALUE2,RULE_TEXT) values ('4050','133','4000','PWD_EXP_GRACE',null,'1',null,null);
Insert into POLICY_ATTRIBUTE (POLICY_ATTR_ID,DEF_PARAM_ID,POLICY_ID,NAME,OPERATION,VALUE1,VALUE2,RULE_TEXT) values ('4051','134','4000','CHNG_PSWD_ON_RESET',null,'1',null,null);
Insert into POLICY_ATTRIBUTE (POLICY_ATTR_ID,DEF_PARAM_ID,POLICY_ID,NAME,OPERATION,VALUE1,VALUE2,RULE_TEXT) values ('4054','141','4000','PWD_EXPIRATION_ON_RESET',null,'2',null,null);
Insert into POLICY_ATTRIBUTE (POLICY_ATTR_ID,DEF_PARAM_ID,POLICY_ID,NAME,OPERATION,VALUE1,VALUE2,RULE_TEXT) values ('4055','142','4000','PASSWORD_CHANGE_ALLOWED',null,'1',null,null);
Insert into POLICY_ATTRIBUTE (POLICY_ATTR_ID,DEF_PARAM_ID,POLICY_ID,NAME,OPERATION,VALUE1,VALUE2,RULE_TEXT) values ('4056','170','4000','REJECT_CHARS_IN_PSWD',null,'<>',null,null);
Insert into POLICY_ATTRIBUTE (POLICY_ATTR_ID,DEF_PARAM_ID,POLICY_ID,NAME,OPERATION,VALUE1,VALUE2,RULE_TEXT) values ('4057','171','4000','QUEST_ANSWER_CORRECT',null,'3',null,null);
Insert into POLICY_ATTRIBUTE (POLICY_ATTR_ID,DEF_PARAM_ID,POLICY_ID,NAME,OPERATION,VALUE1,VALUE2,RULE_TEXT) values ('4101','151','4001','AUTO_UNLOCK_TIME','','30',null,null);
Insert into POLICY_ATTRIBUTE (POLICY_ATTR_ID,DEF_PARAM_ID,POLICY_ID,NAME,OPERATION,VALUE1,VALUE2,RULE_TEXT) values ('4102','152','4001','TOKEN_TYPE','','OPENIAM_TOKEN',null,null);
Insert into POLICY_ATTRIBUTE (POLICY_ATTR_ID,DEF_PARAM_ID,POLICY_ID,NAME,OPERATION,VALUE1,VALUE2,RULE_TEXT) values ('4103','153','4001','LOGIN_MODULE_SEL_POLCY','','',null,null);
Insert into POLICY_ATTRIBUTE (POLICY_ATTR_ID,DEF_PARAM_ID,POLICY_ID,NAME,OPERATION,VALUE1,VALUE2,RULE_TEXT) values ('4104','154','4001','SUCCESS_URL','','',null,null);
Insert into POLICY_ATTRIBUTE (POLICY_ATTR_ID,DEF_PARAM_ID,POLICY_ID,NAME,OPERATION,VALUE1,VALUE2,RULE_TEXT) values ('4105','155','4001','FAIL_URL','','',null,null);
Insert into POLICY_ATTRIBUTE (POLICY_ATTR_ID,DEF_PARAM_ID,POLICY_ID,NAME,OPERATION,VALUE1,VALUE2,RULE_TEXT) values ('4107','157','4001','FAILED_AUTH_COUNT','','3',null,null);
Insert into POLICY_ATTRIBUTE (POLICY_ATTR_ID,DEF_PARAM_ID,POLICY_ID,NAME,OPERATION,VALUE1,VALUE2,RULE_TEXT) values ('4108','158','4001','DEFAULT_LOGIN_MOD','','defaultLoginModule',null,null);
Insert into POLICY_ATTRIBUTE (POLICY_ATTR_ID,DEF_PARAM_ID,POLICY_ID,NAME,OPERATION,VALUE1,VALUE2,RULE_TEXT) values ('4109','159','4001','TOKEN_LIFE','','30',null,null);
Insert into POLICY_ATTRIBUTE (POLICY_ATTR_ID,DEF_PARAM_ID,POLICY_ID,NAME,OPERATION,VALUE1,VALUE2,RULE_TEXT) values ('4110','162','4001','TOKEN_ISSUER','','openiam',null,null);
Insert into POLICY_ATTRIBUTE (POLICY_ATTR_ID,DEF_PARAM_ID,POLICY_ID,NAME,OPERATION,VALUE1,VALUE2,RULE_TEXT) values ('4111','163','4001','LOGIN_MOD_TYPE','','1',null,null);
Insert into POLICY_ATTRIBUTE (POLICY_ATTR_ID,DEF_PARAM_ID,POLICY_ID,NAME,OPERATION,VALUE1,VALUE2,RULE_TEXT) values ('4112','164','4001','AUTH_REPOSITORY','',null,null,null);

Insert into POLICY_OBJECT_ASSOC (POLICY_OBJECT_ID,POLICY_ID,ASSOCIATION_LEVEL,ASSOCIATION_VALUE,OBJECT_TYPE,OBJECT_ID,PARENT_ASSOC_ID) values ('1100','4000','GLOBAL','GLOBAL',null,null,null);

Insert into RECONCILIATION_CONFIG (RECON_CONFIG_ID,RESOURCE_ID,FREQUENCY,STATUS) values ('4028b881373b90e501373b92ec180001','101','NIGHTLY','ACTIVE');

Insert into RECONCILIATION_SITUATION (RECON_SITUATION_ID,RECON_CONFIG_ID,SITUATION,SITUATION_RESP,SCRIPT) values ('4028b881373b90e501373b92ec1f0002','4028b881373b90e501373b92ec180001','Match Found','UPD_IDM_USER','/recon/LDAPPopulationScript.groovy');
Insert into RECONCILIATION_SITUATION (RECON_SITUATION_ID,RECON_CONFIG_ID,SITUATION,SITUATION_RESP,SCRIPT) values ('4028b881373b90e501373b92ec1f0003','4028b881373b90e501373b92ec180001','Login Not Found','CREATE_RES_ACCOUNT','');
Insert into RECONCILIATION_SITUATION (RECON_SITUATION_ID,RECON_CONFIG_ID,SITUATION,SITUATION_RESP,SCRIPT) values ('4028b881373b90e501373b92ec1f0004','4028b881373b90e501373b92ec180001','IDM Delete','DEL_RES_ACCOUNT','');
Insert into RECONCILIATION_SITUATION (RECON_SITUATION_ID,RECON_CONFIG_ID,SITUATION,SITUATION_RESP,SCRIPT) values ('4028b881373b90e501373b92ec1f0005','4028b881373b90e501373b92ec180001','Resource Delete','CREATE_RES_ACCOUNT','');
Insert into RECONCILIATION_SITUATION (RECON_SITUATION_ID,RECON_CONFIG_ID,SITUATION,SITUATION_RESP,SCRIPT) values ('4028b881373b90e501373b92ec200006','4028b881373b90e501373b92ec180001','IDM Not Found','CREATE_IDM_ACCOUNT','/recon/LDAPPopulationScript.groovy');


Insert into IDENTITY_QUEST_GRP (IDENTITY_QUEST_GRP_ID,NAME,STATUS,COMPANY_OWNER_ID) values ('GLOBAL','GLOBAL IDENTITY QUESTIONS','ACTIVE','GLOBAL');

Insert into IDENTITY_QUESTION (IDENTITY_QUESTION_ID,IDENTITY_QUEST_GRP_ID,QUESTION_TEXT,ACTIVE) values ('200','GLOBAL','What are the last four digits of your social security number?','Y');
Insert into IDENTITY_QUESTION (IDENTITY_QUESTION_ID,IDENTITY_QUEST_GRP_ID,QUESTION_TEXT,ACTIVE) values ('201','GLOBAL','What is your mothers maiden name?','Y');
Insert into IDENTITY_QUESTION (IDENTITY_QUESTION_ID,IDENTITY_QUEST_GRP_ID,QUESTION_TEXT,ACTIVE) values ('202','GLOBAL','Where did you go to school?','Y');
Insert into IDENTITY_QUESTION (IDENTITY_QUESTION_ID,IDENTITY_QUEST_GRP_ID,QUESTION_TEXT,ACTIVE) values ('203','GLOBAL','What is your pets name?','Y');
Insert into IDENTITY_QUESTION (IDENTITY_QUESTION_ID,IDENTITY_QUEST_GRP_ID,QUESTION_TEXT,ACTIVE) values ('204','GLOBAL','What is your favorite food?','Y');
Insert into IDENTITY_QUESTION (IDENTITY_QUESTION_ID,IDENTITY_QUEST_GRP_ID,QUESTION_TEXT,ACTIVE) values ('205','GLOBAL','What is your favorite color?','Y');
Insert into IDENTITY_QUESTION (IDENTITY_QUESTION_ID,IDENTITY_QUEST_GRP_ID,QUESTION_TEXT,ACTIVE) values ('206','GLOBAL','Which city were you born in?','Y');
Insert into IDENTITY_QUESTION (IDENTITY_QUESTION_ID,IDENTITY_QUEST_GRP_ID,QUESTION_TEXT,ACTIVE) values ('207','GLOBAL','What is your favorite sport?','Y');
Insert into IDENTITY_QUESTION (IDENTITY_QUESTION_ID,IDENTITY_QUEST_GRP_ID,QUESTION_TEXT,ACTIVE) values ('209','GLOBAL','What are the last four digits of your drivers license?','Y');
Insert into IDENTITY_QUESTION (IDENTITY_QUESTION_ID,IDENTITY_QUEST_GRP_ID,QUESTION_TEXT,ACTIVE) values ('210','GLOBAL','What is the name of your favorite school?','Y');
Insert into IDENTITY_QUESTION (IDENTITY_QUESTION_ID,IDENTITY_QUEST_GRP_ID,QUESTION_TEXT,ACTIVE) values ('211','GLOBAL','What is the name of your first pet','Y');
Insert into IDENTITY_QUESTION (IDENTITY_QUESTION_ID,IDENTITY_QUEST_GRP_ID,QUESTION_TEXT,ACTIVE) values ('212','GLOBAL','What is the name of your favorite movie, play or song?','Y');
Insert into IDENTITY_QUESTION (IDENTITY_QUESTION_ID,IDENTITY_QUEST_GRP_ID,QUESTION_TEXT,ACTIVE) values ('213','GLOBAL','What is the title of your favorite book?','Y');
Insert into IDENTITY_QUESTION (IDENTITY_QUESTION_ID,IDENTITY_QUEST_GRP_ID,QUESTION_TEXT,ACTIVE) values ('214','GLOBAL','What is the name of your first boy or girl friend?','Y');
Insert into IDENTITY_QUESTION (IDENTITY_QUESTION_ID,IDENTITY_QUEST_GRP_ID,QUESTION_TEXT,ACTIVE) values ('215','GLOBAL','What is the name of your favorite school teacher?','Y');
Insert into IDENTITY_QUESTION (IDENTITY_QUESTION_ID,IDENTITY_QUEST_GRP_ID,QUESTION_TEXT,ACTIVE) values ('216','GLOBAL','What is the year and nick name of your first car (Year-Name)?','Y');
Insert into IDENTITY_QUESTION (IDENTITY_QUESTION_ID,IDENTITY_QUEST_GRP_ID,QUESTION_TEXT,ACTIVE) values ('217','GLOBAL','Where did you meet you significant other?','Y');
Insert into IDENTITY_QUESTION (IDENTITY_QUESTION_ID,IDENTITY_QUEST_GRP_ID,QUESTION_TEXT,ACTIVE) values ('218','GLOBAL','What is the type and name of your first pet (Type-Name)?','Y');


Insert into STATUS (STATUS_CD,STATUS_TYPE,DESCRIPTION,CODE_GROUP,LANGUAGE_CD,COMPANY_OWNER_ID,SERVICE_ID,WEIGHT) values ('MANAGER','String','MANAGER','JOB_CODE','en','100','USR_SEC_DOMAIN',null);
Insert into STATUS (STATUS_CD,STATUS_TYPE,DESCRIPTION,CODE_GROUP,LANGUAGE_CD,COMPANY_OWNER_ID,SERVICE_ID,WEIGHT) values ('SALES REP','String','SALES REP','JOB_CODE','en','100','USR_SEC_DOMAIN',null);
Insert into STATUS (STATUS_CD,STATUS_TYPE,DESCRIPTION,CODE_GROUP,LANGUAGE_CD,COMPANY_OWNER_ID,SERVICE_ID,WEIGHT) values ('SECURITY MANAGER','String','SECURITY MANAGER','JOB_CODE','en','100','USR_SEC_DOMAIN',null);
Insert into STATUS (STATUS_CD,STATUS_TYPE,DESCRIPTION,CODE_GROUP,LANGUAGE_CD,COMPANY_OWNER_ID,SERVICE_ID,WEIGHT) values ('SERVICE REP','String','SERVICE REP','JOB_CODE','en','100','USR_SEC_DOMAIN',null);
Insert into STATUS (STATUS_CD,STATUS_TYPE,DESCRIPTION,CODE_GROUP,LANGUAGE_CD,COMPANY_OWNER_ID,SERVICE_ID,WEIGHT) values ('ACCNT','String','Account','OBJECT_TYPE','en','100','IDM',null);
Insert into STATUS (STATUS_CD,STATUS_TYPE,DESCRIPTION,CODE_GROUP,LANGUAGE_CD,COMPANY_OWNER_ID,SERVICE_ID,WEIGHT) values ('ADMGP','String','Admin Group','OBJECT_TYPE','en','100','IDM',null);
Insert into STATUS (STATUS_CD,STATUS_TYPE,DESCRIPTION,CODE_GROUP,LANGUAGE_CD,COMPANY_OWNER_ID,SERVICE_ID,WEIGHT) values ('ADMIN','String','Administrator','OBJECT_TYPE','en','100','IDM',null);
Insert into STATUS (STATUS_CD,STATUS_TYPE,DESCRIPTION,CODE_GROUP,LANGUAGE_CD,COMPANY_OWNER_ID,SERVICE_ID,WEIGHT) values ('ATTR','String','Attribute','OBJECT_TYPE','en','100','IDM',null);
Insert into STATUS (STATUS_CD,STATUS_TYPE,DESCRIPTION,CODE_GROUP,LANGUAGE_CD,COMPANY_OWNER_ID,SERVICE_ID,WEIGHT) values ('BL','String','DISABLE','OPERATION','en','100','IDM',null);
Insert into STATUS (STATUS_CD,STATUS_TYPE,DESCRIPTION,CODE_GROUP,LANGUAGE_CD,COMPANY_OWNER_ID,SERVICE_ID,WEIGHT) values ('DL','String','DELETE','OPERATION','en','100','IDM',null);
Insert into STATUS (STATUS_CD,STATUS_TYPE,DESCRIPTION,CODE_GROUP,LANGUAGE_CD,COMPANY_OWNER_ID,SERVICE_ID,WEIGHT) values ('RJ','String','REJECT','OPERATION','en','100','IDM',null);
Insert into STATUS (STATUS_CD,STATUS_TYPE,DESCRIPTION,CODE_GROUP,LANGUAGE_CD,COMPANY_OWNER_ID,SERVICE_ID,WEIGHT) values ('UB','String','UN-DISABLE','OPERATION','en','100','IDM',null);
Insert into STATUS (STATUS_CD,STATUS_TYPE,DESCRIPTION,CODE_GROUP,LANGUAGE_CD,COMPANY_OWNER_ID,SERVICE_ID,WEIGHT) values ('OFF-LINE','String','OFF-LINE','SERVICE_STATUS','en','100','IDM',null);
Insert into STATUS (STATUS_CD,STATUS_TYPE,DESCRIPTION,CODE_GROUP,LANGUAGE_CD,COMPANY_OWNER_ID,SERVICE_ID,WEIGHT) values ('READY','String','READY','SERVICE_STATUS','en','100','IDM',null);
Insert into STATUS (STATUS_CD,STATUS_TYPE,DESCRIPTION,CODE_GROUP,LANGUAGE_CD,COMPANY_OWNER_ID,SERVICE_ID,WEIGHT) values ('ACTIVE','String','ACTIVE','USER','en','100','IDM',null);
Insert into STATUS (STATUS_CD,STATUS_TYPE,DESCRIPTION,CODE_GROUP,LANGUAGE_CD,COMPANY_OWNER_ID,SERVICE_ID,WEIGHT) values ('APPROVAL_DECLINED','String','APPROVAL_DECLINED','USER','en','100','IDM',null);
Insert into STATUS (STATUS_CD,STATUS_TYPE,DESCRIPTION,CODE_GROUP,LANGUAGE_CD,COMPANY_OWNER_ID,SERVICE_ID,WEIGHT) values ('DELETED','String','DELETED','USER','en','100','IDM',null);
Insert into STATUS (STATUS_CD,STATUS_TYPE,DESCRIPTION,CODE_GROUP,LANGUAGE_CD,COMPANY_OWNER_ID,SERVICE_ID,WEIGHT) values ('INACTIVE','String','INACTIVE','USER','en','100','IDM',null);
Insert into STATUS (STATUS_CD,STATUS_TYPE,DESCRIPTION,CODE_GROUP,LANGUAGE_CD,COMPANY_OWNER_ID,SERVICE_ID,WEIGHT) values ('LEAVE','String','LEAVE','USER','en','100','IDM',null);
Insert into STATUS (STATUS_CD,STATUS_TYPE,DESCRIPTION,CODE_GROUP,LANGUAGE_CD,COMPANY_OWNER_ID,SERVICE_ID,WEIGHT) values ('PENDING_APPROVAL','String','PENDING_APPROVAL','USER','en','100','IDM',null);
Insert into STATUS (STATUS_CD,STATUS_TYPE,DESCRIPTION,CODE_GROUP,LANGUAGE_CD,COMPANY_OWNER_ID,SERVICE_ID,WEIGHT) values ('PENDING_INITIAL_LOGIN','String','PENDING_INITIAL_LOGIN','USER','en','100','IDM',null);
Insert into STATUS (STATUS_CD,STATUS_TYPE,DESCRIPTION,CODE_GROUP,LANGUAGE_CD,COMPANY_OWNER_ID,SERVICE_ID,WEIGHT) values ('PENDING_START_DATE','String','PENDING_START_DATE','USER','en','100','IDM',null);
Insert into STATUS (STATUS_CD,STATUS_TYPE,DESCRIPTION,CODE_GROUP,LANGUAGE_CD,COMPANY_OWNER_ID,SERVICE_ID,WEIGHT) values ('PENDING_USER_VALIDATION','String','PENDING_USER_VALIDATION','USER','en','100','IDM',null);
Insert into STATUS (STATUS_CD,STATUS_TYPE,DESCRIPTION,CODE_GROUP,LANGUAGE_CD,COMPANY_OWNER_ID,SERVICE_ID,WEIGHT) values ('RETIRED','String','RETIRED','USER','en','100','IDM',null);
Insert into STATUS (STATUS_CD,STATUS_TYPE,DESCRIPTION,CODE_GROUP,LANGUAGE_CD,COMPANY_OWNER_ID,SERVICE_ID,WEIGHT) values ('TERMINATE','String','TERMINATE','USER','en','100','IDM',null);
Insert into STATUS (STATUS_CD,STATUS_TYPE,DESCRIPTION,CODE_GROUP,LANGUAGE_CD,COMPANY_OWNER_ID,SERVICE_ID,WEIGHT) values ('DISABLED','String','DISABLED','USER_2ND_STATUS','en','100','IDM',null);
Insert into STATUS (STATUS_CD,STATUS_TYPE,DESCRIPTION,CODE_GROUP,LANGUAGE_CD,COMPANY_OWNER_ID,SERVICE_ID,WEIGHT) values ('LOCKED','String','LOCKED','USER_2ND_STATUS','en','100','IDM',null);
Insert into STATUS (STATUS_CD,STATUS_TYPE,DESCRIPTION,CODE_GROUP,LANGUAGE_CD,COMPANY_OWNER_ID,SERVICE_ID,WEIGHT) values ('LOCKED_ADMIN','String','LOCKED_ADMIN','USER_2ND_STATUS','en','100','IDM',null);
Insert into STATUS (STATUS_CD,STATUS_TYPE,DESCRIPTION,CODE_GROUP,LANGUAGE_CD,COMPANY_OWNER_ID,SERVICE_ID,WEIGHT) values ('SYS ACCOUNT','String','SYSTEM ACCOUNT','USER_TYPE','en','100','USR_SEC_DOMAIN',null);



Insert into USERS (USER_ID,FIRST_NAME,LAST_NAME,MIDDLE_INIT,TYPE_ID,CLASSIFICATION,TITLE,DEPT_CD,DEPT_NAME,MAIL_CODE,DIVISION,COST_CENTER,STATUS,SECONDARY_STATUS,BIRTHDATE,SEX,CREATE_DATE,CREATED_BY,LAST_UPDATE,LAST_UPDATED_BY,PREFIX,SUFFIX,USER_TYPE_IND,EMPLOYEE_ID,EMPLOYEE_TYPE,LOCATION_CD,LOCATION_NAME,COMPANY_ID,COMPANY_OWNER_ID,JOB_CODE,MANAGER_ID,ALTERNATE_ID,START_DATE,LAST_DATE,MAIDEN_NAME,NICKNAME,PASSWORD_THEME,SHOW_IN_SEARCH,DEL_ADMIN,USER_OWNER_ID,DATE_PASSWORD_CHANGED,DATE_CHALLENGE_RESP_CHANGED,SYSTEM_FLAG) values ('0001','system','system',null,null,null,null,null,null,null,null,null,'ACTIVE',null,null,null,CONVERT(DATETIME, '2013-05-20', 120),null,CONVERT(DATETIME, '2013-05-20',120),null,null,null,null,null,null,null,null,'100',null,null,null,null,null,null,null,null,null,null,null,null,null,null,'1');
Insert into USERS (USER_ID,FIRST_NAME,LAST_NAME,MIDDLE_INIT,TYPE_ID,CLASSIFICATION,TITLE,DEPT_CD,DEPT_NAME,MAIL_CODE,DIVISION,COST_CENTER,STATUS,SECONDARY_STATUS,BIRTHDATE,SEX,CREATE_DATE,CREATED_BY,LAST_UPDATE,LAST_UPDATED_BY,PREFIX,SUFFIX,USER_TYPE_IND,EMPLOYEE_ID,EMPLOYEE_TYPE,LOCATION_CD,LOCATION_NAME,COMPANY_ID,COMPANY_OWNER_ID,JOB_CODE,MANAGER_ID,ALTERNATE_ID,START_DATE,LAST_DATE,MAIDEN_NAME,NICKNAME,PASSWORD_THEME,SHOW_IN_SEARCH,DEL_ADMIN,USER_OWNER_ID,DATE_PASSWORD_CHANGED,DATE_CHALLENGE_RESP_CHANGED,SYSTEM_FLAG) values ('3000','sys','',null,null,null,null,null,null,null,null,null,'ACTIVE',null,null,null,null,null,null,null,null,null,null,null,null,null,null,'100',null,null,null,null,null,null,null,null,null,null,null,null,null,null,null);
Insert into USERS (USER_ID,FIRST_NAME,LAST_NAME,MIDDLE_INIT,TYPE_ID,CLASSIFICATION,TITLE,DEPT_CD,DEPT_NAME,MAIL_CODE,DIVISION,COST_CENTER,STATUS,SECONDARY_STATUS,BIRTHDATE,SEX,CREATE_DATE,CREATED_BY,LAST_UPDATE,LAST_UPDATED_BY,PREFIX,SUFFIX,USER_TYPE_IND,EMPLOYEE_ID,EMPLOYEE_TYPE,LOCATION_CD,LOCATION_NAME,COMPANY_ID,COMPANY_OWNER_ID,JOB_CODE,MANAGER_ID,ALTERNATE_ID,START_DATE,LAST_DATE,MAIDEN_NAME,NICKNAME,PASSWORD_THEME,SHOW_IN_SEARCH,DEL_ADMIN,USER_OWNER_ID,DATE_PASSWORD_CHANGED,DATE_CHALLENGE_RESP_CHANGED,SYSTEM_FLAG) values ('3001','sys2','',null,null,null,null,null,null,null,null,null,'ACTIVE',null,null,null,null,null,null,null,null,null,null,null,null,null,null,'100',null,null,null,null,null,null,null,null,null,null,null,null,null,null,null);
Insert into USERS (USER_ID,FIRST_NAME,LAST_NAME,MIDDLE_INIT,TYPE_ID,CLASSIFICATION,TITLE,DEPT_CD,DEPT_NAME,MAIL_CODE,DIVISION,COST_CENTER,STATUS,SECONDARY_STATUS,BIRTHDATE,SEX,CREATE_DATE,CREATED_BY,LAST_UPDATE,LAST_UPDATED_BY,PREFIX,SUFFIX,USER_TYPE_IND,EMPLOYEE_ID,EMPLOYEE_TYPE,LOCATION_CD,LOCATION_NAME,COMPANY_ID,COMPANY_OWNER_ID,JOB_CODE,MANAGER_ID,ALTERNATE_ID,START_DATE,LAST_DATE,MAIDEN_NAME,NICKNAME,PASSWORD_THEME,SHOW_IN_SEARCH,DEL_ADMIN,USER_OWNER_ID,DATE_PASSWORD_CHANGED,DATE_CHALLENGE_RESP_CHANGED,SYSTEM_FLAG) values ('3006','Scott','Nelson',null,null,null,null,null,null,null,null,null,'ACTIVE',null,null,null,null,null,null,null,null,null,null,null,null,null,null,'100',null,null,null,null,null,null,null,null,null,null,null,null,null,null,null);
Insert into USERS (USER_ID,FIRST_NAME,LAST_NAME,MIDDLE_INIT,TYPE_ID,CLASSIFICATION,TITLE,DEPT_CD,DEPT_NAME,MAIL_CODE,DIVISION,COST_CENTER,STATUS,SECONDARY_STATUS,BIRTHDATE,SEX,CREATE_DATE,CREATED_BY,LAST_UPDATE,LAST_UPDATED_BY,PREFIX,SUFFIX,USER_TYPE_IND,EMPLOYEE_ID,EMPLOYEE_TYPE,LOCATION_CD,LOCATION_NAME,COMPANY_ID,COMPANY_OWNER_ID,JOB_CODE,MANAGER_ID,ALTERNATE_ID,START_DATE,LAST_DATE,MAIDEN_NAME,NICKNAME,PASSWORD_THEME,SHOW_IN_SEARCH,DEL_ADMIN,USER_OWNER_ID,DATE_PASSWORD_CHANGED,DATE_CHALLENGE_RESP_CHANGED,SYSTEM_FLAG) values ('3007','HR','User',null,null,null,null,null,null,null,null,null,'ACTIVE',null,null,null,null,null,null,null,null,null,null,null,null,null,null,'100',null,null,null,null,null,null,null,null,null,null,null,null,null,null,null);
Insert into USERS (USER_ID,FIRST_NAME,LAST_NAME,MIDDLE_INIT,TYPE_ID,CLASSIFICATION,TITLE,DEPT_CD,DEPT_NAME,MAIL_CODE,DIVISION,COST_CENTER,STATUS,SECONDARY_STATUS,BIRTHDATE,SEX,CREATE_DATE,CREATED_BY,LAST_UPDATE,LAST_UPDATED_BY,PREFIX,SUFFIX,USER_TYPE_IND,EMPLOYEE_ID,EMPLOYEE_TYPE,LOCATION_CD,LOCATION_NAME,COMPANY_ID,COMPANY_OWNER_ID,JOB_CODE,MANAGER_ID,ALTERNATE_ID,START_DATE,LAST_DATE,MAIDEN_NAME,NICKNAME,PASSWORD_THEME,SHOW_IN_SEARCH,DEL_ADMIN,USER_OWNER_ID,DATE_PASSWORD_CHANGED,DATE_CHALLENGE_RESP_CHANGED,SYSTEM_FLAG) values ('3008','Hiring','Manager',null,null,null,null,null,null,null,null,null,'ACTIVE',null,null,null,null,null,null,null,null,null,null,null,null,null,null,'100',null,null,null,null,null,null,null,null,null,null,null,null,null,null,null);
Insert into USERS (USER_ID,FIRST_NAME,LAST_NAME,MIDDLE_INIT,TYPE_ID,CLASSIFICATION,TITLE,DEPT_CD,DEPT_NAME,MAIL_CODE,DIVISION,COST_CENTER,STATUS,SECONDARY_STATUS,BIRTHDATE,SEX,CREATE_DATE,CREATED_BY,LAST_UPDATE,LAST_UPDATED_BY,PREFIX,SUFFIX,USER_TYPE_IND,EMPLOYEE_ID,EMPLOYEE_TYPE,LOCATION_CD,LOCATION_NAME,COMPANY_ID,COMPANY_OWNER_ID,JOB_CODE,MANAGER_ID,ALTERNATE_ID,START_DATE,LAST_DATE,MAIDEN_NAME,NICKNAME,PASSWORD_THEME,SHOW_IN_SEARCH,DEL_ADMIN,USER_OWNER_ID,DATE_PASSWORD_CHANGED,DATE_CHALLENGE_RESP_CHANGED,SYSTEM_FLAG) values ('3009','Security','Manager',null,null,null,null,null,null,null,null,null,'ACTIVE',null,null,null,null,null,null,null,null,null,null,null,null,null,null,'100',null,null,null,null,null,null,null,null,null,null,null,null,null,null,null);
Insert into USERS (USER_ID,FIRST_NAME,LAST_NAME,MIDDLE_INIT,TYPE_ID,CLASSIFICATION,TITLE,DEPT_CD,DEPT_NAME,MAIL_CODE,DIVISION,COST_CENTER,STATUS,SECONDARY_STATUS,BIRTHDATE,SEX,CREATE_DATE,CREATED_BY,LAST_UPDATE,LAST_UPDATED_BY,PREFIX,SUFFIX,USER_TYPE_IND,EMPLOYEE_ID,EMPLOYEE_TYPE,LOCATION_CD,LOCATION_NAME,COMPANY_ID,COMPANY_OWNER_ID,JOB_CODE,MANAGER_ID,ALTERNATE_ID,START_DATE,LAST_DATE,MAIDEN_NAME,NICKNAME,PASSWORD_THEME,SHOW_IN_SEARCH,DEL_ADMIN,USER_OWNER_ID,DATE_PASSWORD_CHANGED,DATE_CHALLENGE_RESP_CHANGED,SYSTEM_FLAG) values ('3010','Help','Desk',null,null,null,null,null,null,null,null,null,'ACTIVE',null,null,null,null,null,null,null,null,null,null,null,null,null,null,'100',null,null,null,null,null,null,null,null,null,null,null,null,null,null,null);

Insert into LOGIN (SERVICE_ID,LOGIN,LOWERCASE_LOGIN,MANAGED_SYS_ID,IDENTITY_TYPE,CANONICAL_NAME,USER_ID,PASSWORD,PWD_EQUIVALENT_TOKEN,PWD_CHANGED,PWD_EXP,RESET_PWD,FIRST_TIME_LOGIN,IS_LOCKED,STATUS,GRACE_PERIOD,CREATE_DATE,CREATED_BY,CURRENT_LOGIN_HOST,AUTH_FAIL_COUNT,LAST_AUTH_ATTEMPT,LAST_LOGIN,LAST_LOGIN_IP,PREV_LOGIN,PREV_LOGIN_IP,IS_DEFAULT,PWD_CHANGE_COUNT,PSWD_RESET_TOKEN,PSWD_RESET_TOKEN_EXP,LOGIN_ID,LAST_UPDATE) values ('IDM','system','system','0',null,null,'0001','passwd00',null,null,null,0,1,0,null,null,CONVERT(DATETIME,'2013-05-20',120),null,null,0,null,null,null,null,null,0,0,null,null,'0',CONVERT(DATETIME, '2013-05-20',120));
Insert into LOGIN (SERVICE_ID,LOGIN,LOWERCASE_LOGIN,MANAGED_SYS_ID,IDENTITY_TYPE,CANONICAL_NAME,USER_ID,PASSWORD,PWD_EQUIVALENT_TOKEN,PWD_CHANGED,PWD_EXP,RESET_PWD,FIRST_TIME_LOGIN,IS_LOCKED,STATUS,GRACE_PERIOD,CREATE_DATE,CREATED_BY,CURRENT_LOGIN_HOST,AUTH_FAIL_COUNT,LAST_AUTH_ATTEMPT,LAST_LOGIN,LAST_LOGIN_IP,PREV_LOGIN,PREV_LOGIN_IP,IS_DEFAULT,PWD_CHANGE_COUNT,PSWD_RESET_TOKEN,PSWD_RESET_TOKEN_EXP,LOGIN_ID,LAST_UPDATE) values ('IDM','sysadmin','sysadmin','0',null,null,'3000','passwd00',null,null,null,0,1,0,null,null,null,null,null,0,null,null,null,null,null,0,0,null,null,'1',CONVERT(DATETIME, '2013-05-20',120));
Insert into LOGIN (SERVICE_ID,LOGIN,LOWERCASE_LOGIN,MANAGED_SYS_ID,IDENTITY_TYPE,CANONICAL_NAME,USER_ID,PASSWORD,PWD_EQUIVALENT_TOKEN,PWD_CHANGED,PWD_EXP,RESET_PWD,FIRST_TIME_LOGIN,IS_LOCKED,STATUS,GRACE_PERIOD,CREATE_DATE,CREATED_BY,CURRENT_LOGIN_HOST,AUTH_FAIL_COUNT,LAST_AUTH_ATTEMPT,LAST_LOGIN,LAST_LOGIN_IP,PREV_LOGIN,PREV_LOGIN_IP,IS_DEFAULT,PWD_CHANGE_COUNT,PSWD_RESET_TOKEN,PSWD_RESET_TOKEN_EXP,LOGIN_ID,LAST_UPDATE) values ('IDM','sysadmin2','sysadmin2','0',null,null,'3001','passwd00',null,null,null,0,1,0,null,null,null,null,null,0,null,null,null,null,null,0,0,null,null,'2',CONVERT(DATETIME, '2013-05-20',120));
Insert into LOGIN (SERVICE_ID,LOGIN,LOWERCASE_LOGIN,MANAGED_SYS_ID,IDENTITY_TYPE,CANONICAL_NAME,USER_ID,PASSWORD,PWD_EQUIVALENT_TOKEN,PWD_CHANGED,PWD_EXP,RESET_PWD,FIRST_TIME_LOGIN,IS_LOCKED,STATUS,GRACE_PERIOD,CREATE_DATE,CREATED_BY,CURRENT_LOGIN_HOST,AUTH_FAIL_COUNT,LAST_AUTH_ATTEMPT,LAST_LOGIN,LAST_LOGIN_IP,PREV_LOGIN,PREV_LOGIN_IP,IS_DEFAULT,PWD_CHANGE_COUNT,PSWD_RESET_TOKEN,PSWD_RESET_TOKEN_EXP,LOGIN_ID,LAST_UPDATE) values ('USR_SEC_DOMAIN','helpdesk','helpdesk','0',null,null,'3010','passwd00',null,null,null,0,1,0,null,null,null,null,null,0,null,null,null,null,null,0,0,null,null,'3',CONVERT(DATETIME, '2013-05-20',120));
Insert into LOGIN (SERVICE_ID,LOGIN,LOWERCASE_LOGIN,MANAGED_SYS_ID,IDENTITY_TYPE,CANONICAL_NAME,USER_ID,PASSWORD,PWD_EQUIVALENT_TOKEN,PWD_CHANGED,PWD_EXP,RESET_PWD,FIRST_TIME_LOGIN,IS_LOCKED,STATUS,GRACE_PERIOD,CREATE_DATE,CREATED_BY,CURRENT_LOGIN_HOST,AUTH_FAIL_COUNT,LAST_AUTH_ATTEMPT,LAST_LOGIN,LAST_LOGIN_IP,PREV_LOGIN,PREV_LOGIN_IP,IS_DEFAULT,PWD_CHANGE_COUNT,PSWD_RESET_TOKEN,PSWD_RESET_TOKEN_EXP,LOGIN_ID,LAST_UPDATE) values ('USR_SEC_DOMAIN','hrmanager','hrmanager','0',null,null,'3007','passwd00',null,null,null,0,1,0,null,null,null,null,null,0,null,null,null,null,null,0,0,null,null,'4',CONVERT(DATETIME, '2013-05-20',120));
Insert into LOGIN (SERVICE_ID,LOGIN,LOWERCASE_LOGIN,MANAGED_SYS_ID,IDENTITY_TYPE,CANONICAL_NAME,USER_ID,PASSWORD,PWD_EQUIVALENT_TOKEN,PWD_CHANGED,PWD_EXP,RESET_PWD,FIRST_TIME_LOGIN,IS_LOCKED,STATUS,GRACE_PERIOD,CREATE_DATE,CREATED_BY,CURRENT_LOGIN_HOST,AUTH_FAIL_COUNT,LAST_AUTH_ATTEMPT,LAST_LOGIN,LAST_LOGIN_IP,PREV_LOGIN,PREV_LOGIN_IP,IS_DEFAULT,PWD_CHANGE_COUNT,PSWD_RESET_TOKEN,PSWD_RESET_TOKEN_EXP,LOGIN_ID,LAST_UPDATE) values ('USR_SEC_DOMAIN','manager','manager','0',null,null,'3008','passwd00',null,null,null,0,1,0,null,null,null,null,null,0,null,null,null,null,null,0,0,null,null,'5',CONVERT(DATETIME, '2013-05-20',120));
Insert into LOGIN (SERVICE_ID,LOGIN,LOWERCASE_LOGIN,MANAGED_SYS_ID,IDENTITY_TYPE,CANONICAL_NAME,USER_ID,PASSWORD,PWD_EQUIVALENT_TOKEN,PWD_CHANGED,PWD_EXP,RESET_PWD,FIRST_TIME_LOGIN,IS_LOCKED,STATUS,GRACE_PERIOD,CREATE_DATE,CREATED_BY,CURRENT_LOGIN_HOST,AUTH_FAIL_COUNT,LAST_AUTH_ATTEMPT,LAST_LOGIN,LAST_LOGIN_IP,PREV_LOGIN,PREV_LOGIN_IP,IS_DEFAULT,PWD_CHANGE_COUNT,PSWD_RESET_TOKEN,PSWD_RESET_TOKEN_EXP,LOGIN_ID,LAST_UPDATE) values ('USR_SEC_DOMAIN','secmanager','secmanager','0',null,null,'3009','passwd00',null,null,null,0,1,0,null,null,null,null,null,0,null,null,null,null,null,0,0,null,null,'6',CONVERT(DATETIME, '2013-05-20',120));
Insert into LOGIN (SERVICE_ID,LOGIN,LOWERCASE_LOGIN,MANAGED_SYS_ID,IDENTITY_TYPE,CANONICAL_NAME,USER_ID,PASSWORD,PWD_EQUIVALENT_TOKEN,PWD_CHANGED,PWD_EXP,RESET_PWD,FIRST_TIME_LOGIN,IS_LOCKED,STATUS,GRACE_PERIOD,CREATE_DATE,CREATED_BY,CURRENT_LOGIN_HOST,AUTH_FAIL_COUNT,LAST_AUTH_ATTEMPT,LAST_LOGIN,LAST_LOGIN_IP,PREV_LOGIN,PREV_LOGIN_IP,IS_DEFAULT,PWD_CHANGE_COUNT,PSWD_RESET_TOKEN,PSWD_RESET_TOKEN_EXP,LOGIN_ID,LAST_UPDATE) values ('USR_SEC_DOMAIN','snelson','snelson','0',null,null,'3006','passwd00',null,null,null,0,1,0,null,null,null,null,null,0,null,null,null,null,null,0,0,null,null,'7',CONVERT(DATETIME, '2013-05-20',120));
Insert into LOGIN (SERVICE_ID,LOGIN,LOWERCASE_LOGIN,MANAGED_SYS_ID,IDENTITY_TYPE,CANONICAL_NAME,USER_ID,PASSWORD,PWD_EQUIVALENT_TOKEN,PWD_CHANGED,PWD_EXP,RESET_PWD,FIRST_TIME_LOGIN,IS_LOCKED,STATUS,GRACE_PERIOD,CREATE_DATE,CREATED_BY,CURRENT_LOGIN_HOST,AUTH_FAIL_COUNT,LAST_AUTH_ATTEMPT,LAST_LOGIN,LAST_LOGIN_IP,PREV_LOGIN,PREV_LOGIN_IP,IS_DEFAULT,PWD_CHANGE_COUNT,PSWD_RESET_TOKEN,PSWD_RESET_TOKEN_EXP,LOGIN_ID,LAST_UPDATE) values ('USR_SEC_DOMAIN','sysadmin','sysadmin','0',null,null,'3000','passwd00',null,null,null,0,1,0,null,null,null,null,null,0,null,null,null,null,null,0,0,null,null,'9',CONVERT(DATETIME, '2013-05-20',120));

Insert into USER_ROLE (USER_ROLE_ID,USER_ID,STATUS,ROLE_ID) values ('101','3010','ACTIVE','2');

Insert into USER_GRP (USER_GRP_ID,GRP_ID,USER_ID,STATUS) values ('1000','SUPER_SEC_ADMIN_GRP','3000','ACTIVE');
Insert into USER_GRP (USER_GRP_ID,GRP_ID,USER_ID,STATUS) values ('1001','SUPER_SEC_ADMIN_GRP','3001','ACTIVE');
Insert into USER_GRP (USER_GRP_ID,GRP_ID,USER_ID,STATUS) values ('1002','END_USER_GRP','3006','ACTIVE');
Insert into USER_GRP (USER_GRP_ID,GRP_ID,USER_ID,STATUS) values ('1003','HR_GRP','3007','ACTIVE');
Insert into USER_GRP (USER_GRP_ID,GRP_ID,USER_ID,STATUS) values ('1004','MNGR_GRP','3008','ACTIVE');
Insert into USER_GRP (USER_GRP_ID,GRP_ID,USER_ID,STATUS) values ('1005','SECURITY_GRP','3009','ACTIVE');

Insert into AUTH_STATE (USER_ID,AUTH_STATE,TOKEN,AA,EXPIRATION,LAST_LOGIN,IP_ADDRESS) values ('3000',0.0,null,'OPENIAM',0,null,null);
Insert into AUTH_STATE (USER_ID,AUTH_STATE,TOKEN,AA,EXPIRATION,LAST_LOGIN,IP_ADDRESS) values ('3001',0.0,null,'OPENIAM',0,null,null);
Insert into AUTH_STATE (USER_ID,AUTH_STATE,TOKEN,AA,EXPIRATION,LAST_LOGIN,IP_ADDRESS) values ('3006',0.0,null,'OPENIAM',0,null,null);
Insert into AUTH_STATE (USER_ID,AUTH_STATE,TOKEN,AA,EXPIRATION,LAST_LOGIN,IP_ADDRESS) values ('3007',0.0,null,'OPENIAM',0,null,null);
Insert into AUTH_STATE (USER_ID,AUTH_STATE,TOKEN,AA,EXPIRATION,LAST_LOGIN,IP_ADDRESS) values ('3008',0.0,null,'OPENIAM',0,null,null);
Insert into AUTH_STATE (USER_ID,AUTH_STATE,TOKEN,AA,EXPIRATION,LAST_LOGIN,IP_ADDRESS) values ('3009',0.0,null,'OPENIAM',0,null,null);

Insert into AUTH_LEVEL (AUTH_LEVEL_ID,AUTH_LEVEL_NAME,AUTH_LEVEL_DIG) values ('CERT_AUTH','Certification Authentication',2);
Insert into AUTH_LEVEL (AUTH_LEVEL_ID,AUTH_LEVEL_NAME,AUTH_LEVEL_DIG) values ('PASSWORD_AUTH','Password Authentication',1);


GO
ALTER TABLE APPROVER_ASSOC ADD APPROVER_ENTITY_TYPE NVARCHAR(20);
ALTER TABLE APPROVER_ASSOC ADD APPROVER_ENTITY_ID NVARCHAR(32);
ALTER TABLE APPROVER_ASSOC ADD APPLY_DELEGATION_FILTER_T char(1);
ALTER TABLE CONTENT_PROVIDER ADD MANAGED_SYS_ID NVARCHAR(32);
GO

ALTER TABLE RECONCILIATION_CONFIG ADD CSV_LINE_SEPARATOR NVARCHAR(10) DEFAULT 'comma';
ALTER TABLE RECONCILIATION_CONFIG ADD CSV_END_OF_LINE NVARCHAR(10) DEFAULT 'enter';
ALTER TABLE RECONCILIATION_CONFIG ADD NOTIFICATION_EMAIL_ADDRESS NVARCHAR(120);
ALTER TABLE RECONCILIATION_CONFIG ADD TARGET_SYS_MATCH_SCRIPT NVARCHAR(120);
   


UPDATE USERS SET DIVISION=null WHERE DIVISION='';
UPDATE USERS SET DEPT_CD=null WHERE DEPT_CD='';
ALTER TABLE USERS ADD CONSTRAINT FK_USERS_DEPARTMENT FOREIGN KEY (DEPT_CD) REFERENCES COMPANY (COMPANY_ID);
ALTER TABLE USERS ADD CONSTRAINT FK_USERS_DIVISION FOREIGN KEY (DIVISION) REFERENCES COMPANY (COMPANY_ID);
CREATE INDEX FK_USERS_DEPARTMENT ON USERS(DEPT_CD);
CREATE INDEX FK_USERS_DIVISION ON USERS(DIVISION);


EXEC sp_RENAME 'APPROVER_ASSOC.[ASSOCIATION_OBJ_ID]' , 'ASSOCIATION_ENTITY_ID', 'COLUMN';
ALTER TABLE APPROVER_ASSOC ALTER COLUMN ASSOCIATION_ENTITY_ID NVARCHAR(32);


EXEC sp_RENAME 'APPROVER_ASSOC.[ON_APPROVE_NOTIFY_USER_ID]' , 'ON_APPROVE_ENTITY_ID', 'COLUMN';
EXEC sp_RENAME 'APPROVER_ASSOC.[ON_REJECT_NOTIFY_USER_ID]' , 'ON_REJECT_ENTITY_ID', 'COLUMN';
ALTER TABLE APPROVER_ASSOC ALTER COLUMN ON_APPROVE_ENTITY_ID NVARCHAR(32);
ALTER TABLE APPROVER_ASSOC ALTER COLUMN ON_REJECT_ENTITY_ID NVARCHAR(32);


EXEC sp_RENAME 'APPROVER_ASSOC.[APPROVE_NOTIFY_USER_TYPE]' , 'ON_APPROVE_ENTITY_TYPE', 'COLUMN';
EXEC sp_RENAME 'APPROVER_ASSOC.[REJECT_NOTIFY_USER_TYPE]' , 'ON_REJECT_ENTITY_TYPE', 'COLUMN';
ALTER TABLE APPROVER_ASSOC ALTER COLUMN ON_APPROVE_ENTITY_TYPE NVARCHAR(20);
ALTER TABLE APPROVER_ASSOC ALTER COLUMN ON_REJECT_ENTITY_TYPE NVARCHAR(20);

--ALTER TABLE APPROVER_ASSOC DROP COLUMN ACTN;

ALTER TABLE APPROVER_ASSOC DROP COLUMN APPROVER_ROLE_DOMAIN;


UPDATE APPROVER_ASSOC SET APPROVER_ENTITY_TYPE='USER', APPROVER_ENTITY_ID=APPROVER_USER_ID WHERE APPROVER_USER_ID IS NOT NULL;
UPDATE APPROVER_ASSOC SET APPROVER_ENTITY_TYPE='ROLE', APPROVER_ENTITY_ID=APPROVER_ROLE_ID WHERE APPROVER_ROLE_ID IS NOT NULL;

ALTER TABLE APPROVER_ASSOC DROP COLUMN APPROVER_ROLE_ID;
ALTER TABLE APPROVER_ASSOC DROP COLUMN APPROVER_USER_ID;

UPDATE APPROVER_ASSOC SET APPLY_DELEGATION_FILTER_T='Y' WHERE APPLY_DELEGATION_FILTER=1;
UPDATE APPROVER_ASSOC SET APPLY_DELEGATION_FILTER_T='N' WHERE APPLY_DELEGATION_FILTER=0;
UPDATE APPROVER_ASSOC SET APPLY_DELEGATION_FILTER_T='N' WHERE APPLY_DELEGATION_FILTER IS NULL;
ALTER TABLE APPROVER_ASSOC DROP COLUMN APPLY_DELEGATION_FILTER;
ALTER TABLE APPROVER_ASSOC ALTER COLUMN APPLY_DELEGATION_FILTER_T char(1) NOT NULL;
ALTER TABLE APPROVER_ASSOC ADD DEFAULT 'N' FOR APPLY_DELEGATION_FILTER_T
EXEC sp_RENAME 'APPROVER_ASSOC.[APPLY_DELEGATION_FILTER_T]' , 'APPLY_DELEGATION_FILTER', 'COLUMN';


ALTER TABLE POLICY_ATTRIBUTE ADD REQUIRED CHAR(1) DEFAULT 'Y' NOT NULL;


CREATE  TABLE DEF_RECON_ATTR_MAP (
  DEF_ATTR_MAP_ID NVARCHAR(32) NOT NULL ,
  DEF_ATTR_MAP_NAME NVARCHAR(100) NOT NULL ,
  PRIMARY KEY (DEF_ATTR_MAP_ID)
);

CREATE  TABLE RECON_RES_ATTR_MAP (
  RECON_RES_ATTR_MAP_ID INT IDENTITY(1,1) NOT NULL,
  ATTR_POLICY_ID NVARCHAR(32) NULL ,
  DEF_RECON_ATTR_MAP_ID NVARCHAR(32) NULL ,
  ATTR_MAP_ID NVARCHAR(32) NOT NULL ,
  CONSTRAINT PK_RECON_RES_ATTR_MAP_RECON_RES_ATTR_MAP_ID PRIMARY KEY (RECON_RES_ATTR_MAP_ID)
);


INSERT INTO RECON_RES_ATTR_MAP (ATTR_MAP_ID, ATTR_POLICY_ID) (SELECT ATTRIBUTE_MAP_ID, ATTRIBUTE_POLICY_ID FROM ATTRIBUTE_MAP);
INSERT INTO DEF_RECON_ATTR_MAP (DEF_ATTR_MAP_ID, DEF_ATTR_MAP_NAME) VALUES ('Login.login','Principal');
INSERT INTO DEF_RECON_ATTR_MAP (DEF_ATTR_MAP_ID, DEF_ATTR_MAP_NAME) VALUES ('User.title','Functional Title');

UPDATE ATTRIBUTE_MAP SET ATTRIBUTE_POLICY_ID = (
  SELECT RECON_RES_ATTR_MAP_ID
  FROM RECON_RES_ATTR_MAP 
  WHERE ATTRIBUTE_MAP.ATTRIBUTE_MAP_ID=RECON_RES_ATTR_MAP.ATTR_MAP_ID
);

ALTER TABLE RECON_RES_ATTR_MAP ADD RECON_RES_ATTR_MAP_ID_T NVARCHAR(32);
UPDATE RECON_RES_ATTR_MAP SET RECON_RES_ATTR_MAP_ID_T = CONVERT(CHAR, RECON_RES_ATTR_MAP_ID);
ALTER TABLE RECON_RES_ATTR_MAP DROP CONSTRAINT PK_RECON_RES_ATTR_MAP_RECON_RES_ATTR_MAP_ID;
ALTER TABLE RECON_RES_ATTR_MAP DROP COLUMN RECON_RES_ATTR_MAP_ID;
EXEC sp_RENAME 'RECON_RES_ATTR_MAP.[RECON_RES_ATTR_MAP_ID_T]' , 'RECON_RES_ATTR_MAP_ID', 'COLUMN';
ALTER TABLE RECON_RES_ATTR_MAP ALTER COLUMN RECON_RES_ATTR_MAP_ID NVARCHAR(32) NOT NULL;
ALTER TABLE RECON_RES_ATTR_MAP ADD PRIMARY KEY (RECON_RES_ATTR_MAP_ID);


ALTER TABLE RECON_RES_ATTR_MAP DROP COLUMN ATTR_MAP_ID ;


CREATE  TABLE MANAGED_SYS_RULE (
  MANAGED_SYS_RULE_ID NVARCHAR(32) NOT NULL ,
  MANAGED_SYS_ID NVARCHAR(32) NOT NULL ,
  MANAGED_SYS_RULE_NAME NVARCHAR(45) NULL ,
  MANAGED_SYS_RULE_VALUE NVARCHAR(45) NULL ,
  PRIMARY KEY (MANAGED_SYS_RULE_ID)
);

ALTER TABLE USER_ATTRIBUTES ADD VALUE_AS_BYTE_ARRAY VARBINARY(MAX);





ALTER TABLE URI_PATTERN_META_VALUE ADD GROOVY_SCRIPT NVARCHAR(200);

UPDATE CONTENT_PROVIDER SET MANAGED_SYS_ID='0';

ALTER TABLE CONTENT_PROVIDER ALTER COLUMN MANAGED_SYS_ID NVARCHAR(32) NOT NULL;

ALTER TABLE CONTENT_PROVIDER ADD CONSTRAINT FK_CP_MANAGED_SYS FOREIGN KEY(MANAGED_SYS_ID) REFERENCES MANAGED_SYS(MANAGED_SYS_ID);


DELETE FROM res_to_res_membership WHERE MEMBER_RESOURCE_ID IN('SYNCDETAIL');
DELETE FROM RESOURCE_USER WHERE RESOURCE_ID IN('SYNCDETAIL');
DELETE FROM RESOURCE_ROLE WHERE RESOURCE_ID IN('SYNCDETAIL');
DELETE FROM RESOURCE_PROP WHERE RESOURCE_ID IN('SYNCDETAIL');
DELETE FROM RESOURCE_GROUP WHERE RESOURCE_ID IN('SYNCDETAIL');
DELETE FROM RES WHERE RESOURCE_ID IN('SYNCDETAIL');

UPDATE RES SET URL='/webconsole-idm/provisioning/synchronizationlist.html' WHERE RESOURCE_ID='SYNCUSER';

INSERT INTO RES (RESOURCE_ID, RESOURCE_TYPE_ID, NAME, DESCRIPTION, URL) VALUES ('SYNCUSER_MENU_ITEM', 'MENU_ITEM', 'SYNCUSER_MENU_ITEM', 'Synchronization', '/webconsole-idm/provisioning/synchronizationlist.html');
INSERT INTO RESOURCE_PROP (RESOURCE_PROP_ID, RESOURCE_ID, NAME, PROP_VALUE) VALUES ('SYNCUSER_DESC', 'SYNCUSER_MENU_ITEM', 'MENU_DISPLAY_NAME', 'Synchronization');
INSERT INTO RESOURCE_PROP (RESOURCE_PROP_ID, RESOURCE_ID, NAME, PROP_VALUE) VALUES ('SYNCUSER_PUB', 'SYNCUSER_MENU_ITEM', 'MENU_IS_PUBLIC', 'true');

INSERT INTO RES (RESOURCE_ID, RESOURCE_TYPE_ID, NAME, DESCRIPTION, URL) VALUES ('SYNCUSER_NEW', 'MENU_ITEM', 'SYNCUSER_NEW', 'Create Synchronization', '/webconsole-idm/provisioning/synchronization.html');
INSERT INTO RESOURCE_PROP (RESOURCE_PROP_ID, RESOURCE_ID, NAME, PROP_VALUE) VALUES ('SYNCUSER_NEW_DESC', 'SYNCUSER_NEW', 'MENU_DISPLAY_NAME', 'Create Synchronization');
INSERT INTO RESOURCE_PROP (RESOURCE_PROP_ID, RESOURCE_ID, NAME, PROP_VALUE) VALUES ('SYNCUSER_NEW_PUB', 'SYNCUSER_NEW', 'MENU_IS_PUBLIC', 'true');
INSERT INTO res_to_res_membership (RESOURCE_ID, MEMBER_RESOURCE_ID) VALUES ('SYNCUSER_MENU_ITEM', 'SYNCUSER_NEW');


INSERT INTO RES (RESOURCE_ID, RESOURCE_TYPE_ID, DESCRIPTION, NAME, DISPLAY_ORDER, IS_PUBLIC, IS_SSL) VALUES ('MNGSYS_EDIT_MENU_ROOT', 'MENU_ITEM', NULL, 'MNGSYS_EDIT_MENU_ROOT', 1, 'Y', 'N');

UPDATE RES SET URL='/webconsole/reconciliationEdit.html' WHERE RESOURCE_ID='RESRECONCILE';
UPDATE res_to_res_membership SET RESOURCE_ID='MNGSYS_EDIT_MENU_ROOT' WHERE MEMBER_RESOURCE_ID='RESRECONCILE';
UPDATE res_to_res_membership SET RESOURCE_ID='MNGSYS_EDIT_MENU_ROOT' WHERE MEMBER_RESOURCE_ID='RESPOLICYMAP';

INSERT INTO RES (RESOURCE_ID, NAME, RESOURCE_TYPE_ID, DESCRIPTION, DISPLAY_ORDER, URL, IS_PUBLIC, IS_SSL) VALUES ('MNGSYS_EDIT','MNGSYS_EDIT', 'MENU_ITEM', 'Edit managed system', 1, '/webconsole-idm/provisioning/mngsystem.html', 'Y', 'N');

INSERT INTO res_to_res_membership (RESOURCE_ID, MEMBER_RESOURCE_ID) VALUES ('MNGSYS_EDIT_MENU_ROOT', 'MNGSYS_EDIT');

INSERT INTO RESOURCE_PROP (RESOURCE_PROP_ID, RESOURCE_ID, NAME, PROP_VALUE) VALUES ('MNGSYS_EDIT_DESC', 'MNGSYS_EDIT', 'MENU_DISPLAY_NAME', 'Edit managed system');




DELETE FROM res_to_res_membership WHERE MEMBER_RESOURCE_ID IN('AUTHENTICATION_POLICY', 'NEW_AUTHENTICATION_POLICY', 'PASSWORD_POLICY', 'NEW_PASSWORD_POLICY', 'ASSOC_POLICY', 'UPLOAD_CUST_PSWD_POLICY', 'POLICY_ATTR_ROOT', 'POLICY_ATTR_EDIT_ROOT', 'PASSWORD_POLICY_EDIT', 'EDIT_POLICY_ATTR_SRCH_BCK', 'NEW_EDIT_POLICY_ATTR', 'NEW_POLICY_ATTR', 'ATTRIBUTE_POLICY');

DELETE FROM RESOURCE_PROP WHERE RESOURCE_ID IN ('AUTHENTICATION_POLICY', 'NEW_AUTHENTICATION_POLICY', 'PASSWORD_POLICY', 'NEW_PASSWORD_POLICY', 'PASSWORD_POLICY_ROOT_MENU', 'AUTHENTICATION_POLICY_ROOT_MENU', 'ASSOC_POLICY', 'UPLOAD_CUST_PSWD_POLICY', 'POLICY_ATTR_ROOT', 'POLICY_ATTR_EDIT_ROOT', 'PASSWORD_POLICY_EDIT', 'EDIT_POLICY_ATTR_SRCH_BCK', 'NEW_EDIT_POLICY_ATTR', 'NEW_POLICY_ATTR', 'ATTRIBUTE_POLICY');

DELETE FROM RESOURCE_ROLE WHERE RESOURCE_ID IN ('AUTHENTICATION_POLICY', 'NEW_AUTHENTICATION_POLICY', 'PASSWORD_POLICY', 'NEW_PASSWORD_POLICY', 'PASSWORD_POLICY_ROOT_MENU', 'AUTHENTICATION_POLICY_ROOT_MENU', 'ASSOC_POLICY', 'UPLOAD_CUST_PSWD_POLICY', 'POLICY_ATTR_ROOT', 'POLICY_ATTR_EDIT_ROOT', 'PASSWORD_POLICY_EDIT', 'EDIT_POLICY_ATTR_SRCH_BCK', 'NEW_EDIT_POLICY_ATTR', 'NEW_POLICY_ATTR', 'ATTRIBUTE_POLICY');

DELETE FROM RES WHERE RESOURCE_ID IN('AUTHENTICATION_POLICY', 'NEW_AUTHENTICATION_POLICY', 'PASSWORD_POLICY', 'NEW_PASSWORD_POLICY', 'PASSWORD_POLICY_ROOT_MENU', 'AUTHENTICATION_POLICY_ROOT_MENU', 'ASSOC_POLICY', 'UPLOAD_CUST_PSWD_POLICY', 'POLICY_ATTR_ROOT', 'POLICY_ATTR_EDIT_ROOT', 'PASSWORD_POLICY_EDIT', 'EDIT_POLICY_ATTR_SRCH_BCK', 'NEW_EDIT_POLICY_ATTR', 'NEW_POLICY_ATTR', 'ATTRIBUTE_POLICY');

INSERT INTO RES (RESOURCE_ID, RESOURCE_TYPE_ID, DESCRIPTION, NAME, DISPLAY_ORDER, URL, IS_PUBLIC, IS_SSL) VALUES ('PASSWORD_POLICY', 'MENU_ITEM', 'Password policy', 'PASSWORD_POLICY', 1, '/webconsole/passwordPolicy.html', 'Y', 'N');

INSERT INTO RESOURCE_PROP (RESOURCE_PROP_ID, RESOURCE_ID, NAME, PROP_VALUE) VALUES ('POLICY_MENU_PUB', 'PASSWORD_POLICY', 'MENU_IS_PUBLIC', 'true');

INSERT INTO RESOURCE_PROP (RESOURCE_PROP_ID, RESOURCE_ID, NAME, PROP_VALUE) VALUES ('POLICY_MENU_DESC', 'PASSWORD_POLICY', 'MENU_DISPLAY_NAME', 'Password Policy');


INSERT INTO RES (RESOURCE_ID, RESOURCE_TYPE_ID, DESCRIPTION, NAME, DISPLAY_ORDER, IS_PUBLIC, IS_SSL) VALUES ('PASSWORD_POLICY_ROOT_MENU', 'MENU_ITEM', 'Root for Password policy Context Menu', 'PASSWORD_POLICY_ROOT_MENU', 1, 'Y', 'N');

INSERT INTO RESOURCE_PROP (RESOURCE_PROP_ID, RESOURCE_ID, NAME, PROP_VALUE) VALUES ('POLICY_ROOT_MENU_PUB', 'PASSWORD_POLICY_ROOT_MENU', 'MENU_IS_PUBLIC', 'true');

INSERT INTO RESOURCE_PROP (RESOURCE_PROP_ID, RESOURCE_ID, NAME, PROP_VALUE) VALUES ('POLICY_ROOT_MENU_DESC', 'PASSWORD_POLICY_ROOT_MENU', 'MENU_DISPLAY_NAME', 'Password Policy Root Menu');


INSERT INTO RES (RESOURCE_ID, RESOURCE_TYPE_ID, NAME, DESCRIPTION, URL, DISPLAY_ORDER, IS_PUBLIC, IS_SSL) VALUES('NEW_PASSWORD_POLICY', 'MENU_ITEM', 'NEW_PASSWORD_POLICY', 'Create New Password Policy ','/webconsole/editPolicy.html', 1, 'Y', 'N');
INSERT INTO RESOURCE_PROP (RESOURCE_PROP_ID, RESOURCE_ID, NAME, PROP_VALUE) VALUES ('NEW_PASSWORD_POLICY_PUB', 'NEW_PASSWORD_POLICY', 'MENU_IS_PUBLIC', 'true');
INSERT INTO RESOURCE_PROP (RESOURCE_PROP_ID, RESOURCE_ID, NAME, PROP_VALUE) VALUES ('NEW_PASSWORD_POLICY_DESC', 'NEW_PASSWORD_POLICY', 'MENU_DISPLAY_NAME', 'Create New Pswd Policy');



INSERT INTO res_to_res_membership (RESOURCE_ID, MEMBER_RESOURCE_ID) VALUES('SECURITY_POLICY', 'PASSWORD_POLICY');
INSERT INTO res_to_res_membership (RESOURCE_ID, MEMBER_RESOURCE_ID) VALUES('PASSWORD_POLICY_ROOT_MENU', 'NEW_PASSWORD_POLICY');


INSERT INTO RES (RESOURCE_ID, RESOURCE_TYPE_ID, DESCRIPTION, NAME, DISPLAY_ORDER, URL, IS_PUBLIC, IS_SSL) VALUES ('AUTHENTICATION_POLICY', 'MENU_ITEM', 'Authentication policy', 'AUTHENTICATION_POLICY', 2, '/webconsole/authenticationPolicy.html', 'Y', 'N');

INSERT INTO RESOURCE_PROP (RESOURCE_PROP_ID, RESOURCE_ID, NAME, PROP_VALUE) VALUES ('AUTHENTICATION_POLICY_MENU_PUB', 'AUTHENTICATION_POLICY', 'MENU_IS_PUBLIC', 'true');

INSERT INTO RESOURCE_PROP (RESOURCE_PROP_ID, RESOURCE_ID, NAME, PROP_VALUE) VALUES ('AUTHENTICATION_POLICY_MENU_DESC', 'AUTHENTICATION_POLICY', 'MENU_DISPLAY_NAME', 'Authenticaton Policy');


INSERT INTO RES (RESOURCE_ID, RESOURCE_TYPE_ID, DESCRIPTION, NAME, DISPLAY_ORDER, IS_PUBLIC, IS_SSL) VALUES ('AUTHENTICATION_POLICY_ROOT_MENU', 'MENU_ITEM', 'Root for Authentication policy Context Menu', 'AUTHENTICATION_POLICY_ROOT_MENU', 1, 'Y', 'N');

INSERT INTO RESOURCE_PROP (RESOURCE_PROP_ID, RESOURCE_ID, NAME, PROP_VALUE) VALUES ('AUTH_POLICY_ROOT_MENU_PUB', 'AUTHENTICATION_POLICY_ROOT_MENU', 'MENU_IS_PUBLIC', 'true');

INSERT INTO RESOURCE_PROP (RESOURCE_PROP_ID, RESOURCE_ID, NAME, PROP_VALUE) VALUES ('AUTH_POLICY_ROOT_MENU_DESC', 'AUTHENTICATION_POLICY_ROOT_MENU', 'MENU_DISPLAY_NAME', 'Authentication Policy Root Menu');


INSERT INTO RES (RESOURCE_ID, RESOURCE_TYPE_ID, NAME, DESCRIPTION, URL, DISPLAY_ORDER, IS_PUBLIC, IS_SSL) VALUES('NEW_AUTHENTICATION_POLICY', 'MENU_ITEM', 'NEW_AUTHENTICATION_POLICY', 'Create New Authentication Policy ','/webconsole/editAuthenticationPolicy.html' , 1, 'Y', 'N');

INSERT INTO RESOURCE_PROP (RESOURCE_PROP_ID, RESOURCE_ID, NAME, PROP_VALUE) VALUES ('NEW_AUTHENTICATION_POLICY_PUB', 'NEW_AUTHENTICATION_POLICY', 'MENU_IS_PUBLIC', 'true');

INSERT INTO RESOURCE_PROP (RESOURCE_PROP_ID, RESOURCE_ID, NAME, PROP_VALUE) VALUES ('NEW_AUTHENTICATION_POLICY_DESC', 'NEW_AUTHENTICATION_POLICY', 'MENU_DISPLAY_NAME', 'Create New Auth Policy');

INSERT INTO  res_to_res_membership(RESOURCE_ID, MEMBER_RESOURCE_ID) VALUES('SECURITY_POLICY', 'AUTHENTICATION_POLICY');

INSERT INTO res_to_res_membership (RESOURCE_ID, MEMBER_RESOURCE_ID) VALUES('AUTHENTICATION_POLICY_ROOT_MENU', 'NEW_AUTHENTICATION_POLICY');

/* for assoc password*/

INSERT INTO RES (RESOURCE_ID, RESOURCE_TYPE_ID, NAME, DESCRIPTION, URL, DISPLAY_ORDER, IS_PUBLIC, IS_SSL) VALUES('ASSOC_POLICY', 'MENU_ITEM', 'ASSOC_POLICY', 'Associate Policy','/webconsole/assocPasswordPolicy.html' , 1, 'Y', 'N');

INSERT INTO RESOURCE_PROP (RESOURCE_PROP_ID, RESOURCE_ID, NAME, PROP_VALUE) VALUES ('ASSOC_POLICY_PUB', 'ASSOC_POLICY', 'MENU_IS_PUBLIC', 'true');

INSERT INTO RESOURCE_PROP (RESOURCE_PROP_ID, RESOURCE_ID, NAME, PROP_VALUE) VALUES ('ASSOC_POLICY_DESC', 'ASSOC_POLICY', 'MENU_DISPLAY_NAME', 'Associate Policy');

INSERT INTO RES (RESOURCE_ID, RESOURCE_TYPE_ID, DESCRIPTION, NAME, DISPLAY_ORDER, IS_PUBLIC, IS_SSL) VALUES ('PASSWORD_POLICY_EDIT', 'MENU_ITEM', 'Root for edit policy Context Menu', 'PASSWORD_POLICY_EDIT', 1, 'Y', 'N');

INSERT INTO RESOURCE_PROP  (RESOURCE_PROP_ID, RESOURCE_ID, NAME, PROP_VALUE) VALUES ('PASSWORD_POLICY_EDIT_PUB', 'PASSWORD_POLICY_EDIT', 'MENU_IS_PUBLIC', 'true');

INSERT INTO RESOURCE_PROP  (RESOURCE_PROP_ID, RESOURCE_ID, NAME, PROP_VALUE) VALUES ('PASSWORD_POLICY_EDIT_DESC', 'PASSWORD_POLICY_EDIT', 'MENU_DISPLAY_NAME', 'Associate Policy Root Menu');

INSERT INTO res_to_res_membership (RESOURCE_ID, MEMBER_RESOURCE_ID) VALUES('PASSWORD_POLICY_EDIT', 'ASSOC_POLICY');

/*Upload Custom Password Policy Menu*/

INSERT INTO RES (RESOURCE_ID, RESOURCE_TYPE_ID, NAME, DESCRIPTION, URL, DISPLAY_ORDER, IS_PUBLIC, IS_SSL) VALUES('UPLOAD_CUST_PSWD_POLICY', 'MENU_ITEM', 'UPLOAD_CUST_PSWD_POLICY', 'Upload Custom Password Policy','/webconsole/uploadCustomPswdPolicy.html',2, 'Y', 'N');
INSERT INTO RESOURCE_PROP (RESOURCE_PROP_ID, RESOURCE_ID, NAME, PROP_VALUE) VALUES ('UPLOAD_CUST_PSWD_POLICY_PUB', 'UPLOAD_CUST_PSWD_POLICY', 'MENU_IS_PUBLIC', 'true');
INSERT INTO RESOURCE_PROP (RESOURCE_PROP_ID, RESOURCE_ID, NAME, PROP_VALUE) VALUES ('UPLOAD_CUST_PSWD_POLICY_DESC', 'UPLOAD_CUST_PSWD_POLICY', 'MENU_DISPLAY_NAME', 'Custom Pswd Policy');

INSERT INTO res_to_res_membership (RESOURCE_ID, MEMBER_RESOURCE_ID) VALUES('PASSWORD_POLICY_ROOT_MENU', 'UPLOAD_CUST_PSWD_POLICY');



INSERT INTO RES (RESOURCE_ID, RESOURCE_TYPE_ID, DESCRIPTION, NAME, DISPLAY_ORDER, URL, IS_PUBLIC, IS_SSL) VALUES ('ATTRIBUTE_POLICY', 'MENU_ITEM', 'Attribute policy', 'ATTRIBUTE_POLICY', 2, '/webconsole/attributePolicy.html', 'Y', 'N');
INSERT INTO RESOURCE_PROP (RESOURCE_PROP_ID, RESOURCE_ID, NAME, PROP_VALUE) VALUES ('ATTRIBUTE_POLICY_PUB', 'ATTRIBUTE_POLICY', 'MENU_IS_PUBLIC', 'true');
INSERT INTO RESOURCE_PROP (RESOURCE_PROP_ID, RESOURCE_ID, NAME, PROP_VALUE) VALUES ('ATTRIBUTE_POLICY_DESC', 'ATTRIBUTE_POLICY', 'MENU_DISPLAY_NAME', 'Attribute Policy');
INSERT INTO  res_to_res_membership(RESOURCE_ID, MEMBER_RESOURCE_ID) VALUES('SECURITY_POLICY', 'ATTRIBUTE_POLICY');

INSERT INTO RES (RESOURCE_ID, RESOURCE_TYPE_ID, DESCRIPTION, NAME, DISPLAY_ORDER, IS_PUBLIC, IS_SSL) VALUES ('POLICY_ATTR_ROOT', 'MENU_ITEM', 'Root for Attribute policy Context Menu', 'POLICY_ATTR_ROOT', 1, 'Y', 'N');
INSERT INTO RESOURCE_PROP (RESOURCE_PROP_ID, RESOURCE_ID, NAME, PROP_VALUE) VALUES ('POLICY_ATTR_ROOT_PUB', 'POLICY_ATTR_ROOT', 'MENU_IS_PUBLIC', 'true');
INSERT INTO RESOURCE_PROP (RESOURCE_PROP_ID, RESOURCE_ID, NAME, PROP_VALUE) VALUES ('POLICY_ATTR_ROOT_DESC', 'POLICY_ATTR_ROOT', 'MENU_DISPLAY_NAME', 'Attribute Policy Root Menu');

INSERT INTO RES (RESOURCE_ID, RESOURCE_TYPE_ID, DESCRIPTION, NAME, DISPLAY_ORDER, URL, IS_PUBLIC, IS_SSL) VALUES ('NEW_POLICY_ATTR', 'MENU_ITEM', 'New Attribute policy', 'NEW_POLICY_ATTR', 2, '/webconsole/editAttributePolicy.html', 'Y', 'N');
INSERT INTO RESOURCE_PROP (RESOURCE_PROP_ID, RESOURCE_ID, NAME, PROP_VALUE) VALUES ('NEW_POLICY_ATTR_PUB', 'NEW_POLICY_ATTR', 'MENU_IS_PUBLIC', 'true');
INSERT INTO RESOURCE_PROP (RESOURCE_PROP_ID, RESOURCE_ID, NAME, PROP_VALUE) VALUES ('NEW_POLICY_ATTR_DESC', 'NEW_POLICY_ATTR', 'MENU_DISPLAY_NAME', 'New Attribute Policy');
INSERT INTO res_to_res_membership (RESOURCE_ID, MEMBER_RESOURCE_ID) VALUES('POLICY_ATTR_ROOT', 'NEW_POLICY_ATTR');



INSERT INTO RES (RESOURCE_ID, RESOURCE_TYPE_ID, DESCRIPTION, NAME, DISPLAY_ORDER, IS_PUBLIC, IS_SSL) VALUES ('POLICY_ATTR_EDIT_ROOT', 'MENU_ITEM', 'Root for Edit Attribute policy Context Menu', 'POLICY_ATTR_EDIT_ROOT', 1, 'Y', 'N');
INSERT INTO RESOURCE_PROP (RESOURCE_PROP_ID, RESOURCE_ID, NAME, PROP_VALUE) VALUES ('POLICY_ATTR_EDIT_ROOT_PUB', 'POLICY_ATTR_EDIT_ROOT', 'MENU_IS_PUBLIC', 'true');
INSERT INTO RESOURCE_PROP (RESOURCE_PROP_ID, RESOURCE_ID, NAME, PROP_VALUE) VALUES ('POLICY_ATTR_EDIT_ROOTT_DESC', 'POLICY_ATTR_EDIT_ROOT', 'MENU_DISPLAY_NAME', 'Attribute Policy Edit Root Menu');

INSERT INTO RES (RESOURCE_ID, RESOURCE_TYPE_ID, DESCRIPTION, NAME, DISPLAY_ORDER, URL, IS_PUBLIC, IS_SSL) VALUES ('EDIT_POLICY_ATTR_SRCH_BCK', 'MENU_ITEM', 'Back to Search', 'EDIT_POLICY_ATTR_SRCH_BCK', 2, '/webconsole/attributePolicy.html', 'Y', 'N');
INSERT INTO RESOURCE_PROP (RESOURCE_PROP_ID, RESOURCE_ID, NAME, PROP_VALUE) VALUES ('EDIT_POLICY_ATTR_SRCH_BCK_PUB', 'EDIT_POLICY_ATTR_SRCH_BCK', 'MENU_IS_PUBLIC', 'true');
INSERT INTO RESOURCE_PROP (RESOURCE_PROP_ID, RESOURCE_ID, NAME, PROP_VALUE) VALUES ('EDIT_POLICY_ATTR_SRCH_BCK_DESC', 'EDIT_POLICY_ATTR_SRCH_BCK', 'MENU_DISPLAY_NAME', 'Back to Search');
INSERT INTO res_to_res_membership (RESOURCE_ID, MEMBER_RESOURCE_ID) VALUES('POLICY_ATTR_EDIT_ROOT', 'EDIT_POLICY_ATTR_SRCH_BCK');



UPDATE POLICY_DEF_PARAM SET PARAM_GROUP='PSWD_CHANGE_RULE' WHERE DEF_PARAM_ID='111';

UPDATE POLICY_DEF_PARAM SET PARAM_GROUP='PSWD_CHANGE_RULE' WHERE DEF_PARAM_ID='129';

UPDATE POLICY_DEF_PARAM SET PARAM_GROUP='PSWD_CHANGE_RULE' WHERE DEF_PARAM_ID='133';

UPDATE POLICY_DEF_PARAM SET PARAM_GROUP='PSWD_CHANGE_RULE' WHERE DEF_PARAM_ID='134';

UPDATE POLICY_DEF_PARAM SET PARAM_GROUP='PSWD_CHANGE_RULE' WHERE DEF_PARAM_ID='141';

UPDATE POLICY_DEF_PARAM SET PARAM_GROUP='PSWD_CHANGE_RULE' WHERE DEF_PARAM_ID='142';

UPDATE POLICY_DEF_PARAM SET PARAM_GROUP='PSWD_CHANGE_RULE' WHERE DEF_PARAM_ID='139';

UPDATE POLICY_DEF_PARAM SET PARAM_GROUP='FORGET_PSWD' WHERE DEF_PARAM_ID='130';

UPDATE POLICY_DEF_PARAM SET PARAM_GROUP='FORGET_PSWD' WHERE DEF_PARAM_ID='131';

UPDATE POLICY_DEF_PARAM SET PARAM_GROUP='FORGET_PSWD' WHERE DEF_PARAM_ID='132';

UPDATE POLICY_DEF_PARAM SET PARAM_GROUP='FORGET_PSWD' WHERE DEF_PARAM_ID='171';

UPDATE POLICY_DEF_PARAM SET PARAM_GROUP='PSWD_COMPOSITION' WHERE DEF_PARAM_ID='135';

UPDATE POLICY_DEF_PARAM SET PARAM_GROUP='PSWD_COMPOSITION' WHERE DEF_PARAM_ID='136';

UPDATE POLICY_DEF_PARAM SET PARAM_GROUP='PSWD_COMPOSITION' WHERE DEF_PARAM_ID='120';

DELETE FROM POLICY_DEF_PARAM WHERE DEF_PARAM_ID IN ('180','181');

INSERT INTO POLICY_DEF_PARAM (DEF_PARAM_ID,POLICY_DEF_ID,NAME,DESCRIPTION,OPERATION,VALUE1,VALUE2,REPEATS,PARAM_GROUP,HANDLER_LANGUAGE,POLICY_PARAM_HANDLER) VALUES ('180','100','MIN_WORDS_PASSPHRASE','Minimum number of words in the phrase',NULL,'',NULL,NULL,'PSWD_COMPOSITION',NULL,'org.openiam.idm.srvc.pswd.rule.PassphraseMinWordsRule');
INSERT INTO POLICY_DEF_PARAM (DEF_PARAM_ID,POLICY_DEF_ID,NAME,DESCRIPTION,OPERATION,VALUE1,VALUE2,REPEATS,PARAM_GROUP,HANDLER_LANGUAGE,POLICY_PARAM_HANDLER) VALUES ('181','100','REPEAT_SAME_WORD_PASSPHRASE','Repetition of the same word in the phrase',NULL,NULL,NULL,NULL,'PSWD_COMPOSITION',NULL,'org.openiam.idm.srvc.pswd.rule.PassphraseRepeatWordRule');

DELETE FROM POLICY_ATTRIBUTE WHERE DEF_PARAM_ID IN ('123','124','125','126','128','120','135','136');

DELETE FROM POLICY_DEF_PARAM WHERE DEF_PARAM_ID='123';

DELETE FROM POLICY_DEF_PARAM WHERE DEF_PARAM_ID='124';

DELETE FROM POLICY_DEF_PARAM WHERE DEF_PARAM_ID='125';

DELETE FROM POLICY_DEF_PARAM WHERE DEF_PARAM_ID='126';

DELETE FROM POLICY_DEF_PARAM WHERE DEF_PARAM_ID='128';

DELETE FROM POLICY_DEF_PARAM WHERE DEF_PARAM_ID='120';

DELETE FROM POLICY_DEF_PARAM WHERE DEF_PARAM_ID='135';

DELETE FROM POLICY_DEF_PARAM WHERE DEF_PARAM_ID='136';


DELETE FROM RESOURCE_PROP WHERE RESOURCE_ID IN('RES_APROVER_ASSOC', 'GRP_APROVER_ASSOC', 'ROLE_APROVER_ASSOC');
DELETE FROM res_to_res_membership WHERE MEMBER_RESOURCE_ID IN('RES_APROVER_ASSOC', 'GRP_APROVER_ASSOC', 'ROLE_APROVER_ASSOC');
DELETE FROM res_to_res_membership WHERE RESOURCE_ID IN('RES_APROVER_ASSOC', 'GRP_APROVER_ASSOC', 'ROLE_APROVER_ASSOC');
DELETE FROM RES WHERE RESOURCE_ID IN('RES_APROVER_ASSOC', 'GRP_APROVER_ASSOC', 'ROLE_APROVER_ASSOC');

INSERT INTO RES (RESOURCE_ID, RESOURCE_TYPE_ID, NAME, DESCRIPTION, URL) VALUES ('RES_APROVER_ASSOC', 'MENU_ITEM', 'RES_APROVER_ASSOC', 'Approver Associations', '/webconsole-idm/provisioning/resourceApproverAssociations.html');
INSERT INTO RES (RESOURCE_ID, RESOURCE_TYPE_ID, NAME, DESCRIPTION, URL) VALUES ('GRP_APROVER_ASSOC', 'MENU_ITEM', 'GRP_APROVER_ASSOC', 'Approver Associations', '/webconsole-idm/provisioning/groupApproverAssociations.html');
INSERT INTO RES (RESOURCE_ID, RESOURCE_TYPE_ID, NAME, DESCRIPTION, URL) VALUES ('ROLE_APROVER_ASSOC', 'MENU_ITEM', 'ROLE_APROVER_ASSOC', 'Approver Associations', '/webconsole-idm/provisioning/roleApproverAssociations.html');

INSERT INTO RESOURCE_PROP (RESOURCE_PROP_ID, RESOURCE_ID, NAME, PROP_VALUE) VALUES ('RES_APROVER_ASSOC_DN', 'RES_APROVER_ASSOC', 'MENU_DISPLAY_NAME', 'Approver Associations');
INSERT INTO RESOURCE_PROP (RESOURCE_PROP_ID, RESOURCE_ID, NAME, PROP_VALUE) VALUES ('RES_APROVER_ASSOC_PUB', 'RES_APROVER_ASSOC', 'MENU_IS_PUBLIC', 'true');

INSERT INTO RESOURCE_PROP (RESOURCE_PROP_ID, RESOURCE_ID, NAME, PROP_VALUE) VALUES ('GRP_APROVER_ASSOC_DN', 'GRP_APROVER_ASSOC', 'MENU_DISPLAY_NAME', 'Approver Associations');
INSERT INTO RESOURCE_PROP (RESOURCE_PROP_ID, RESOURCE_ID, NAME, PROP_VALUE) VALUES ('GRP_APROVER_ASSOC_PUB', 'GRP_APROVER_ASSOC', 'MENU_IS_PUBLIC', 'true');

INSERT INTO RESOURCE_PROP (RESOURCE_PROP_ID, RESOURCE_ID, NAME, PROP_VALUE) VALUES ('ROLE_APROVER_ASSOC_DN', 'ROLE_APROVER_ASSOC', 'MENU_DISPLAY_NAME', 'Approver Associations');
INSERT INTO RESOURCE_PROP (RESOURCE_PROP_ID, RESOURCE_ID, NAME, PROP_VALUE) VALUES ('ROLE_APROVER_ASSOC_PUB', 'ROLE_APROVER_ASSOC', 'MENU_IS_PUBLIC', 'true');

INSERT INTO res_to_res_membership (RESOURCE_ID, MEMBER_RESOURCE_ID) VALUES ('RESOURCE_EDIT_PAGE_ROOT', 'RES_APROVER_ASSOC');
INSERT INTO res_to_res_membership (RESOURCE_ID, MEMBER_RESOURCE_ID) VALUES ('GROUP_EDIT_MENU', 'GRP_APROVER_ASSOC');
INSERT INTO res_to_res_membership (RESOURCE_ID, MEMBER_RESOURCE_ID) VALUES ('ROLE_EDIT_MENU', 'ROLE_APROVER_ASSOC');

GO
UPDATE APPROVER_ASSOC SET ASSOCIATION_ENTITY_ID='254', ASSOCIATION_TYPE='RESOURCE' WHERE REQUEST_TYPE='254';


UPDATE RES SET URL='/webconsole-idm/provisioning/syncloglist.html' WHERE RESOURCE_ID='SYNCLOG';

INSERT INTO RES (RESOURCE_ID, RESOURCE_TYPE_ID, NAME, DESCRIPTION, URL) VALUES('SYNCLOG_MENU_ITEM', 'MENU_ITEM', 'SYNCLOG_MENU_ITEM', 'LOG Viewer', '/webconsole-idm/provisioning/syncloglist.html');
INSERT INTO RESOURCE_PROP (RESOURCE_PROP_ID, RESOURCE_ID, NAME, PROP_VALUE) VALUES ('SYNCLOG_PUB', 'SYNCLOG_MENU_ITEM', 'MENU_IS_PUBLIC', 'true');
INSERT INTO RESOURCE_PROP (RESOURCE_PROP_ID, RESOURCE_ID, NAME, PROP_VALUE) VALUES ('SYNCLOG_DESC', 'SYNCLOG_MENU_ITEM', 'MENU_DISPLAY_NAME', 'Synchronization Transaction Log Viewer');




DELETE FROM RESOURCE_PROP WHERE RESOURCE_PROP_ID = 'MNGSYSRULES_DESC';
DELETE FROM res_to_res_membership WHERE RESOURCE_ID = 'MNGSYS_EDIT_MENU_ROOT' AND MEMBER_RESOURCE_ID = 'MNGSYSRULES';
DELETE FROM RES WHERE RESOURCE_ID = 'MNGSYSRULES';

INSERT INTO RES (RESOURCE_ID, RESOURCE_TYPE_ID, DESCRIPTION, NAME, DISPLAY_ORDER, URL, IS_PUBLIC, IS_SSL) VALUES ('MNGSYSRULES', 'MENU_ITEM', 'Managed system roles', 'MNGSYSRULES', 3, '/webconsole-idm/provisioning/mngsystemrules.html','Y','N');
INSERT INTO res_to_res_membership (RESOURCE_ID, MEMBER_RESOURCE_ID) VALUES ('MNGSYS_EDIT_MENU_ROOT', 'MNGSYSRULES');
INSERT INTO RESOURCE_PROP (RESOURCE_PROP_ID, RESOURCE_ID, NAME, PROP_VALUE) VALUES ('MNGSYSRULES_DESC', 'MNGSYSRULES', 'MENU_DISPLAY_NAME', 'Manages system rules');



UPDATE RES SET URL='/selfservice/users.html' WHERE RESOURCE_ID='CREATEREQ';
UPDATE RES SET URL='/selfservice/myTasks.html' WHERE RESOURCE_ID='REQINBOX';
UPDATE RES SET URL='/selfservice/newUser.html' WHERE RESOURCE_ID='NEWUSER';

DELETE FROM RESOURCE_ROLE WHERE RESOURCE_ID IN('CREATEREQ');
INSERT INTO RESOURCE_ROLE (RESOURCE_ID, ROLE_ID) VALUES('CREATEREQ', '1');

DELETE FROM RESOURCE_PROP WHERE RESOURCE_ID IN('REQINBOX', 'NEWUSER', 'CREATEREQ') AND NAME='IS_VISIBLE';

INSERT INTO RESOURCE_PROP (RESOURCE_PROP_ID, RESOURCE_ID, NAME, PROP_VALUE) VALUES('REQINBOX_VISIBLE', 'REQINBOX', 'IS_VISIBLE', 'true');
INSERT INTO RESOURCE_PROP (RESOURCE_PROP_ID, RESOURCE_ID, NAME, PROP_VALUE) VALUES('NEWUSER_VISIBLE', 'NEWUSER', 'IS_VISIBLE', 'true');
INSERT INTO RESOURCE_PROP (RESOURCE_PROP_ID, RESOURCE_ID, NAME, PROP_VALUE) VALUES('CREATEREQ_VISIBLE', 'CREATEREQ', 'IS_VISIBLE', 'true');





DELETE FROM RESOURCE_PROP WHERE RESOURCE_ID IN('SELFSERV_USER_EDIT_ROOT', 'SELFSERV_USER_EDIT', 'SELFSERV_USER_MEMSHP');
DELETE FROM res_to_res_membership WHERE RESOURCE_ID IN('SELFSERV_USER_EDIT_ROOT', 'SELFSERV_USER_EDIT', 'SELFSERV_USER_MEMSHP');
DELETE FROM res_to_res_membership WHERE MEMBER_RESOURCE_ID IN('SELFSERV_USER_EDIT_ROOT', 'SELFSERV_USER_EDIT', 'SELFSERV_USER_MEMSHP');
DELETE FROM RES WHERE RESOURCE_ID IN('SELFSERV_USER_EDIT_ROOT', 'SELFSERV_USER_EDIT', 'SELFSERV_USER_MEMSHP');


INSERT INTO RES (RESOURCE_ID, RESOURCE_TYPE_ID, NAME, DESCRIPTION) VALUES('SELFSERV_USER_EDIT_ROOT', 'MENU_ITEM', 'SELFSERV_USER_EDIT_ROOT', 'SelfService Edit User Root');
INSERT INTO RESOURCE_PROP (RESOURCE_PROP_ID, RESOURCE_ID, NAME, PROP_VALUE) VALUES ('SS_USR_EDIT_RT_PUB', 'SELFSERV_USER_EDIT_ROOT', 'MENU_IS_PUBLIC', 'true');
INSERT INTO RESOURCE_PROP (RESOURCE_PROP_ID, RESOURCE_ID, NAME, PROP_VALUE) VALUES ('SS_USR_EDIT_RT_DESC', 'SELFSERV_USER_EDIT_ROOT', 'MENU_DISPLAY_NAME', 'SelfService Edit User Root');


INSERT INTO RES (RESOURCE_ID, RESOURCE_TYPE_ID, NAME, DESCRIPTION, URL) VALUES('SELFSERV_USER_EDIT', 'MENU_ITEM', 'SELFSERV_USER_EDIT', 'Edit User','/selfservice/editUser.html');
INSERT INTO RESOURCE_PROP (RESOURCE_PROP_ID, RESOURCE_ID, NAME, PROP_VALUE) VALUES ('SELFSERV_USER_EDIT_PUB', 'SELFSERV_USER_EDIT', 'MENU_IS_PUBLIC', 'true');
INSERT INTO RESOURCE_PROP (RESOURCE_PROP_ID, RESOURCE_ID, NAME, PROP_VALUE) VALUES ('SELFSERV_USER_EDIT_DESC', 'SELFSERV_USER_EDIT', 'MENU_DISPLAY_NAME', 'Edit User');

INSERT INTO RES (RESOURCE_ID, RESOURCE_TYPE_ID, NAME, DESCRIPTION, URL) VALUES('SELFSERV_USER_MEMSHP', 'MENU_ITEM', 'SELFSERV_USER_MEMSHP', 'User Entitlements','/selfservice/userEntitlements.html');
INSERT INTO RESOURCE_PROP (RESOURCE_PROP_ID, RESOURCE_ID, NAME, PROP_VALUE) VALUES ('SELFSERV_USER_MEMSHP_PUB', 'SELFSERV_USER_MEMSHP', 'MENU_IS_PUBLIC', 'true');
INSERT INTO RESOURCE_PROP (RESOURCE_PROP_ID, RESOURCE_ID, NAME, PROP_VALUE) VALUES ('SELFSERV_USER_MEMSHP_DES', 'SELFSERV_USER_MEMSHP', 'MENU_DISPLAY_NAME', 'User Entitlements');

INSERT INTO res_to_res_membership (RESOURCE_ID, MEMBER_RESOURCE_ID) VALUES('SELFSERV_USER_EDIT_ROOT', 'SELFSERV_USER_EDIT');
INSERT INTO res_to_res_membership (RESOURCE_ID, MEMBER_RESOURCE_ID) VALUES('SELFSERV_USER_EDIT_ROOT', 'SELFSERV_USER_MEMSHP');

INSERT INTO AUTH_RESOURCE_AM_ATTRIBUTE (AM_ATTRIBUTE_ID, ATTRIBUTE_NAME) VALUES('Login.password', 'Password');









DELETE FROM res_to_res_membership WHERE MEMBER_RESOURCE_ID IN('CHALLENGE_RESPONSE_QUESTION', 'CHALLENGE_RESPONSE_QUESTION_ROOT',  'CHALLENGE_RESPONSE_QUESTION_NEW');

DELETE FROM RESOURCE_PROP WHERE RESOURCE_ID IN('CHALLENGE_RESPONSE_QUESTION', 'CHALLENGE_RESPONSE_QUESTION_ROOT',  'CHALLENGE_RESPONSE_QUESTION_NEW');

DELETE FROM RESOURCE_ROLE WHERE RESOURCE_ID IN (
'CHALLENGE_RESPONSE_QUESTION', 'CHALLENGE_RESPONSE_QUESTION_ROOT',  'CHALLENGE_RESPONSE_QUESTION_NEW');

DELETE FROM RES WHERE RESOURCE_ID IN('CHALLENGE_RESPONSE_QUESTION', 'CHALLENGE_RESPONSE_QUESTION_ROOT',  'CHALLENGE_RESPONSE_QUESTION_NEW');


INSERT INTO RES (RESOURCE_ID, RESOURCE_TYPE_ID, NAME, DESCRIPTION, URL, DISPLAY_ORDER, IS_PUBLIC, IS_SSL) VALUES('CHALLENGE_RESPONSE_QUESTION', 'MENU_ITEM', 'CHALLENGE_RESPONSE_QUESTION', 'Challenge Response Question', '/webconsole/challengeResponseQuestion.html', 3, 'Y', 'N');
INSERT INTO RESOURCE_PROP (RESOURCE_PROP_ID, RESOURCE_ID, NAME, PROP_VALUE) VALUES ('CHALLENGE_RESPONSE_QUESTION_PUB', 'CHALLENGE_RESPONSE_QUESTION', 'MENU_IS_PUBLIC', 'true');
INSERT INTO RESOURCE_PROP (RESOURCE_PROP_ID, RESOURCE_ID, NAME, PROP_VALUE) VALUES ('CHALLENGE_RESPONSE_QUESTION_DESC', 'CHALLENGE_RESPONSE_QUESTION', 'MENU_DISPLAY_NAME', 'Challenge Response Question');
INSERT INTO res_to_res_membership (RESOURCE_ID, MEMBER_RESOURCE_ID) VALUES('ADMIN', 'CHALLENGE_RESPONSE_QUESTION');

INSERT INTO RES (RESOURCE_ID, RESOURCE_TYPE_ID, NAME, DESCRIPTION) VALUES('CHALLENGE_RESPONSE_QUESTION_ROOT', 'MENU_ITEM', 'CHALLENGE_RESPONSE_QUESTION_ROOT', 'Challenge Response Question Root Menu');
INSERT INTO RESOURCE_PROP (RESOURCE_PROP_ID, RESOURCE_ID, NAME, PROP_VALUE) VALUES ('CHALLENGE_RESP_QUESTION_ROOT_PUB', 'CHALLENGE_RESPONSE_QUESTION_ROOT', 'MENU_IS_PUBLIC', 'true');
INSERT INTO RESOURCE_PROP (RESOURCE_PROP_ID, RESOURCE_ID, NAME, PROP_VALUE) VALUES ('CHALLENGE_RESP_QUEST_ROOT_DESC', 'CHALLENGE_RESPONSE_QUESTION_ROOT', 'MENU_DISPLAY_NAME', 'Challenge Response Question Root Menu');


INSERT INTO RES (RESOURCE_ID, RESOURCE_TYPE_ID, NAME, DESCRIPTION, URL) VALUES('CHALLENGE_RESPONSE_QUESTION_NEW', 'MENU_ITEM', 'CHALLENGE_RESPONSE_QUESTION_NEW', 'New Question', '/webconsole/editChallengeResponseQuestion.html');
INSERT INTO RESOURCE_PROP (RESOURCE_PROP_ID, RESOURCE_ID, NAME, PROP_VALUE) VALUES ('CHALLENGE_RESP_QUESTION_NEW_PUB', 'CHALLENGE_RESPONSE_QUESTION_NEW', 'MENU_IS_PUBLIC', 'true');
INSERT INTO RESOURCE_PROP (RESOURCE_PROP_ID, RESOURCE_ID, NAME, PROP_VALUE) VALUES ('CHALLENGE_RESP_QUESTION_NEW_DSC', 'CHALLENGE_RESPONSE_QUESTION_NEW', 'MENU_DISPLAY_NAME', 'Create New Question');

INSERT INTO res_to_res_membership (RESOURCE_ID, MEMBER_RESOURCE_ID) VALUES('CHALLENGE_RESPONSE_QUESTION_ROOT', 'CHALLENGE_RESPONSE_QUESTION_NEW');

/* 1 */
ALTER TABLE ATTRIBUTE_MAP ADD SYNCH_CONFIG_ID NVARCHAR(32) NULL;
ALTER TABLE ATTRIBUTE_MAP ALTER COLUMN MANAGED_SYS_ID NVARCHAR(32);
ALTER TABLE ATTRIBUTE_MAP ADD DEFAULT NULL FOR MANAGED_SYS_ID;
ALTER TABLE SYNCH_CONFIG ADD USE_POLICY_MAP CHAR(1) DEFAULT 'Y';

/* 2 */
ALTER TABLE SYNCH_CONFIG ADD USE_TRANSFORM_SCRIPT CHAR(1) DEFAULT 'Y';
ALTER TABLE SYNCH_CONFIG ADD POLICY_MAP_BEFORE_TRANSFORM CHAR(1) DEFAULT 'Y';

/* 3 */
ALTER TABLE COMPANY_ATTRIBUTE ALTER COLUMN METADATA_ID NVARCHAR(32);
ALTER TABLE COMPANY_ATTRIBUTE ALTER COLUMN NAME NVARCHAR(100);

/* 4 */
CREATE TABLE ORGANIZATION_TYPE (
  ORG_TYPE_ID NVARCHAR(32) NOT NULL,
  NAME NVARCHAR(100) NOT NULL,
  DESCRIPTION NVARCHAR(100) NULL,
  PRIMARY KEY (ORG_TYPE_ID)
);


INSERT INTO ORGANIZATION_TYPE (ORG_TYPE_ID, NAME) VALUES('ORGANIZATION', 'Organization');
INSERT INTO ORGANIZATION_TYPE (ORG_TYPE_ID, NAME) VALUES('DEPARTMENT', 'Department');
INSERT INTO ORGANIZATION_TYPE (ORG_TYPE_ID, NAME) VALUES('DIVISION', 'Division');
INSERT INTO ORGANIZATION_TYPE (ORG_TYPE_ID, NAME) VALUES('SUBSIDIARY', 'Subsidiary');

CREATE TABLE ORG_TYPE_VALID_MEMBERSHIP (
	ORG_TYPE_ID NVARCHAR(32) NOT NULL,
	MEMBER_ORG_TYPE_ID NVARCHAR(32) NOT NULL
);


INSERT INTO ORG_TYPE_VALID_MEMBERSHIP (ORG_TYPE_ID, MEMBER_ORG_TYPE_ID) VALUES('ORGANIZATION', 'DEPARTMENT');
INSERT INTO ORG_TYPE_VALID_MEMBERSHIP (ORG_TYPE_ID, MEMBER_ORG_TYPE_ID) VALUES('ORGANIZATION', 'DIVISION');
INSERT INTO ORG_TYPE_VALID_MEMBERSHIP (ORG_TYPE_ID, MEMBER_ORG_TYPE_ID) VALUES('ORGANIZATION', 'SUBSIDIARY');
INSERT INTO ORG_TYPE_VALID_MEMBERSHIP (ORG_TYPE_ID, MEMBER_ORG_TYPE_ID) VALUES('SUBSIDIARY', 'DIVISION');
INSERT INTO ORG_TYPE_VALID_MEMBERSHIP (ORG_TYPE_ID, MEMBER_ORG_TYPE_ID) VALUES('DIVISION', 'DEPARTMENT');

ALTER TABLE ORG_TYPE_VALID_MEMBERSHIP ADD CONSTRAINT ORG_T_VAL_MEM_SOURCE_FK FOREIGN KEY (ORG_TYPE_ID) REFERENCES ORGANIZATION_TYPE(ORG_TYPE_ID);
ALTER TABLE ORG_TYPE_VALID_MEMBERSHIP ADD CONSTRAINT ORG_T_VAL_MEM_TARGET_FK FOREIGN KEY (MEMBER_ORG_TYPE_ID) REFERENCES ORGANIZATION_TYPE(ORG_TYPE_ID);
ALTER TABLE ORG_TYPE_VALID_MEMBERSHIP ADD CONSTRAINT UNIQUE_USER_ORG_TYPE UNIQUE(ORG_TYPE_ID, MEMBER_ORG_TYPE_ID);
CREATE INDEX ORG_T_VAL_MEM_SOURCE_FK ON ORG_TYPE_VALID_MEMBERSHIP(ORG_TYPE_ID);
CREATE INDEX ORG_T_VAL_MEM_TARGET_FK ON ORG_TYPE_VALID_MEMBERSHIP(MEMBER_ORG_TYPE_ID);

ALTER TABLE COMPANY ADD ORG_TYPE_ID NVARCHAR(32) NULL;
GO
UPDATE COMPANY SET ORG_TYPE_ID=CLASSIFICATION;
UPDATE COMPANY SET ORG_TYPE_ID=NULL WHERE ORG_TYPE_ID NOT IN (SELECT ORG_TYPE_ID FROM ORGANIZATION_TYPE);
ALTER TABLE COMPANY ADD CONSTRAINT COMPANY_ORG_TYPE_FK FOREIGN KEY (ORG_TYPE_ID) REFERENCES ORGANIZATION_TYPE(ORG_TYPE_ID);
CREATE INDEX COMPANY_ORG_TYPE_FK ON COMPANY(ORG_TYPE_ID);


CREATE UNIQUE INDEX USER_AFFILIATION_UNIQUE ON USER_AFFILIATION(USER_ID, COMPANY_ID);

/* 5 */
DROP TABLE URI_PATTERN_META_VALUE;
DROP TABLE AUTH_RESOURCE_ATTRIBUTE_MAP;
DROP TABLE AUTH_RESOURCE_AM_ATTRIBUTE;

CREATE TABLE AUTH_RESOURCE_AM_ATTRIBUTE (
  AM_RES_ATTRIBUTE_ID NVARCHAR(32) NOT NULL,
  REFLECTION_KEY NVARCHAR(255) NOT NULL,
  ATTRIBUTE_NAME NVARCHAR(100) NOT NULL,
  PRIMARY KEY (AM_RES_ATTRIBUTE_ID)
);
GO
ALTER TABLE AUTH_RESOURCE_AM_ATTRIBUTE ADD CONSTRAINT REFLECTION_KEY_IDX UNIQUE(REFLECTION_KEY);
GO
INSERT INTO AUTH_RESOURCE_AM_ATTRIBUTE (AM_RES_ATTRIBUTE_ID, REFLECTION_KEY,ATTRIBUTE_NAME) VALUES('1,', 'Login.login','Principal');
INSERT INTO AUTH_RESOURCE_AM_ATTRIBUTE (AM_RES_ATTRIBUTE_ID, REFLECTION_KEY,ATTRIBUTE_NAME) VALUES('2', 'User.title','Functional Title');
INSERT INTO AUTH_RESOURCE_AM_ATTRIBUTE (AM_RES_ATTRIBUTE_ID, REFLECTION_KEY, ATTRIBUTE_NAME) VALUES('3', 'Login.password', 'Password');

CREATE TABLE AUTH_RESOURCE_ATTRIBUTE_MAP (
  ATTRIBUTE_MAP_ID NVARCHAR(32) NOT NULL,
  PROVIDER_ID NVARCHAR(32) NOT NULL,
  TARGET_ATTRIBUTE_NAME NVARCHAR(100) NOT NULL,
  AM_RES_ATTRIBUTE_ID NVARCHAR(32) NOT NULL,
  AM_POLICY_URL NVARCHAR(100) DEFAULT NULL,
  ATTRIBUTE_VALUE NVARCHAR(100) DEFAULT NULL,
  ATTRIBUTE_TYPE NVARCHAR(32) NOT NULL,
  PRIMARY KEY (ATTRIBUTE_MAP_ID),
  CONSTRAINT FK_PROVIDER_AUTH_RES_ATTR_MAP FOREIGN KEY (PROVIDER_ID) REFERENCES AUTH_PROVIDER (PROVIDER_ID),
  CONSTRAINT FK_AUTH_AM_ATTR FOREIGN KEY (AM_RES_ATTRIBUTE_ID) REFERENCES AUTH_RESOURCE_AM_ATTRIBUTE (AM_RES_ATTRIBUTE_ID)
);

CREATE INDEX FK_PROVIDER_AUTH_RES_ATTR_MAP ON AUTH_RESOURCE_ATTRIBUTE_MAP(PROVIDER_ID);
CREATE INDEX FK_AUTH_AM_ATTR ON AUTH_RESOURCE_ATTRIBUTE_MAP(AM_RES_ATTRIBUTE_ID);

CREATE TABLE URI_PATTERN_META_VALUE (
  URI_PATTERN_META_VALUE_ID NVARCHAR(32) NOT NULL,
  URI_PATTERN_META_ID NVARCHAR(32) NOT NULL,
  META_ATTRIBUTE_NAME NVARCHAR(100) NOT NULL,
  AM_RES_ATTRIBUTE_ID NVARCHAR(32) NULL,
  STATIC_VALUE NVARCHAR(100) NULL,
  GROOVY_SCRIPT NVARCHAR(200) NULL,
  PRIMARY KEY (URI_PATTERN_META_VALUE_ID),
  CONSTRAINT URI_PATTERN_META_VALUE_AM_FK FOREIGN KEY (AM_RES_ATTRIBUTE_ID) REFERENCES AUTH_RESOURCE_AM_ATTRIBUTE (AM_RES_ATTRIBUTE_ID),
  CONSTRAINT URI_PATTERN_META_VALUE_META_FK FOREIGN KEY (URI_PATTERN_META_ID) REFERENCES URI_PATTERN_META (URI_PATTERN_META_ID)
);

CREATE INDEX URI_PATTERN_META_VALUE_AM_FK ON URI_PATTERN_META_VALUE(AM_RES_ATTRIBUTE_ID);
CREATE INDEX URI_PATTERN_META_VALUE_META_FK ON URI_PATTERN_META_VALUE(URI_PATTERN_META_ID);

/* 6 */
GO
DECLARE
	@cnt NUMERIC,
    @attrId NUMERIC;
    SET @cnt = 0;
    SET @attrId = 1;
DECLARE @USER_ID NVARCHAR(32), @COMPANY_ID NVARCHAR(32), @DEPT_CD NVARCHAR(32), @DEPT_NAME NVARCHAR(100);
DECLARE c1 CURSOR FOR SELECT USER_ID, COMPANY_ID, DEPT_CD, DEPT_NAME FROM USERS;
BEGIN
  OPEN c1;
  FETCH NEXT FROM c1 INTO @USER_ID, @COMPANY_ID, @DEPT_CD, @DEPT_NAME;
  WHILE @@FETCH_STATUS = 0
  BEGIN
    IF (@USER_ID IS NOT NULL) 
    BEGIN
		IF (@COMPANY_ID IS NOT NULL) 
		BEGIN
			SELECT @cnt = count(1) FROM COMPANY WHERE COMPANY_ID=@COMPANY_ID;
			IF (@cnt = 1) 
			BEGIN
				SELECT @cnt = count(1) FROM USER_AFFILIATION WHERE COMPANY_ID=@COMPANY_ID AND USER_ID=@USER_ID;
				IF (@cnt <= 0) 
				BEGIN
					INSERT INTO USER_AFFILIATION (USER_AFFILIATION_ID, USER_ID, COMPANY_ID) VALUES(@attrId, @USER_ID, @COMPANY_ID);
					SET @attrId = (@attrId+1);
				END;
			END;
		END;

		IF (@DEPT_CD IS NOT NULL) 
		BEGIN
			SELECT @cnt = count(1) FROM COMPANY WHERE COMPANY_ID=@DEPT_CD;
			IF (@cnt = 1) 
			BEGIN
				SELECT @cnt = count(1) FROM USER_AFFILIATION WHERE COMPANY_ID=@DEPT_CD AND USER_ID=@USER_ID;
				IF (@cnt <= 0) 
				BEGIN
					INSERT INTO USER_AFFILIATION (USER_AFFILIATION_ID, USER_ID, COMPANY_ID) VALUES(@attrId, @USER_ID, @DEPT_CD);
					SET @attrId = (@attrId+1);
				END;
			END; 
		END;
				
		IF (@DEPT_NAME IS NOT NULL) 
		BEGIN
			SELECT @cnt = count(1) FROM COMPANY WHERE COMPANY_ID=@DEPT_NAME;
			IF (@cnt = 1)
			BEGIN 
				SELECT @cnt = count(1) FROM USER_AFFILIATION WHERE COMPANY_ID=@DEPT_NAME AND USER_ID=@USER_ID;
				IF (@cnt <= 0) 
				BEGIN
					INSERT INTO USER_AFFILIATION (USER_AFFILIATION_ID, USER_ID, COMPANY_ID) VALUES(@attrId, @USER_ID, @DEPT_NAME);
					SET @attrId = (@attrId + 1);
				END;
			END;
		END;
	END;
	FETCH NEXT FROM c1 INTO @USER_ID, @COMPANY_ID, @DEPT_CD, @DEPT_NAME;
  END;
END;
GO

ALTER TABLE USERS DROP CONSTRAINT FK_USERS_DEPARTMENT;
ALTER TABLE USERS DROP CONSTRAINT FK_USERS_DIVISION;
ALTER TABLE USERS DROP CONSTRAINT FK_USERS_COMPANY;
DROP INDEX FK_USERS_DEPARTMENT ON USERS;
DROP INDEX FK_USERS_DIVISION ON USERS;
DROP INDEX FK_USERS_COMPANY ON USERS;

ALTER TABLE USERS DROP COLUMN DEPT_CD;
ALTER TABLE USERS DROP COLUMN DEPT_NAME;
ALTER TABLE USERS DROP COLUMN DIVISION;
ALTER TABLE USERS DROP COLUMN COMPANY_ID;







/* 7 */
ALTER TABLE USERS ADD DATE_IT_POLICY_APPROVED DATETIME NULL;


CREATE  TABLE IT_POLICY (
  IT_POLICY_ID NVARCHAR(32) NOT NULL,
  APPROVE_TYPE NVARCHAR(64) DEFAULT 'Once' NOT NULL,
  ACTIVE CHAR(1) DEFAULT 'N' NOT NULL,
  CREATE_DATE DATETIME DEFAULT GETDATE(),
  UPDATE_DATE DATETIME DEFAULT GETDATE(),
  CREATED_BY NVARCHAR(32),
  UPDATED_BY NVARCHAR(32),
  POLICY_CONTENT NVARCHAR(MAX),
  CONFIRMATION NVARCHAR(255),
  PRIMARY KEY (IT_POLICY_ID)
);


/* 8 */
ALTER TABLE ORGANIZATION_TYPE ADD CONSTRAINT UNIQUE_ORG_TYPE UNIQUE(NAME);

/* 9  */
GO
ALTER TABLE BATCH_CONFIG ADD T_ENABLED CHAR(1) NOT NULL CONSTRAINT CONSTRAIN_T_ENEBLED DEFAULT 'N';
GO
UPDATE BATCH_CONFIG SET T_ENABLED='Y' WHERE ENABLED = 1;
GO

Declare @v_constraintname NVARCHAR(max)

set @v_constraintname ='ALTER TABLE BATCH_CONFIG DROP CONSTRAINT '

set @v_constraintname = @v_constraintname + (select c_obj.name as CONSTRAINT_NAME
from sysobjects c_obj
join syscomments com on c_obj.id = com.id
join sysobjects t_obj on c_obj.parent_obj = t_obj.id 
join sysconstraints con on c_obj.id = con.constid
join syscolumns col on t_obj.id = col.id
and con.colid = col.colid
where
c_obj.uid = user_id()
and c_obj.xtype = 'D'
and t_obj.name='BATCH_CONFIG' and col.name='ENABLED')

exec(@v_constraintname)

GO


ALTER TABLE BATCH_CONFIG DROP COLUMN ENABLED;
GO
EXEC sp_rename 'BATCH_CONFIG.T_ENABLED', 'ENABLED', 'COLUMN';
GO
ALTER TABLE BATCH_CONFIG ALTER COLUMN ENABLED CHAR(1) NOT NULL; 

Declare @v_constraintname NVARCHAR(max)

set @v_constraintname ='ALTER TABLE BATCH_CONFIG DROP CONSTRAINT '

set @v_constraintname = @v_constraintname + (select c_obj.name as CONSTRAINT_NAME
from sysobjects c_obj
join syscomments com on c_obj.id = com.id
join sysobjects t_obj on c_obj.parent_obj = t_obj.id 
join sysconstraints con on c_obj.id = con.constid
join syscolumns col on t_obj.id = col.id
and con.colid = col.colid
where
c_obj.uid = user_id()
and c_obj.xtype = 'D'
and t_obj.name='BATCH_CONFIG' and col.name='ENABLED')

exec(@v_constraintname)

GO

ALTER TABLE BATCH_CONFIG ADD DEFAULT 'N' FOR ENABLED;


/* 10 */

ALTER TABLE BATCH_CONFIG ADD LAST_MODIFIED_DATETIME DATETIME DEFAULT GETDATE() NULL;
ALTER TABLE BATCH_CONFIG ADD RUN_ON DATETIME DEFAULT GETDATE() NULL;
ALTER TABLE BATCH_CONFIG ADD CRON_EXPRESSION NVARCHAR(100) NULL;
ALTER TABLE BATCH_CONFIG ADD SPRING_BEAN NVARCHAR(100) NULL;
ALTER TABLE BATCH_CONFIG ADD SPRING_BEAN_METHOD NVARCHAR(100) NULL;

GO
UPDATE BATCH_CONFIG SET CRON_EXPRESSION='0 0/1 * 1/1 * ? *' WHERE FREQUENCY_UNIT_OF_MEASURE='MINUTE';
UPDATE BATCH_CONFIG SET CRON_EXPRESSION='0 0 0 1/1 * ? *' WHERE FREQUENCY_UNIT_OF_MEASURE='NIGHTLY';

UPDATE BATCH_CONFIG SET CRON_EXPRESSION='0 0/1 * * * ?' WHERE CRON_EXPRESSION='0 0/1 * 1/1 * ? *';
UPDATE BATCH_CONFIG SET CRON_EXPRESSION='0 0 0 1/1 * ?' WHERE CRON_EXPRESSION='0 0 0 1/1 * ? *';

ALTER TABLE BATCH_CONFIG DROP COLUMN FREQUENCY;
ALTER TABLE BATCH_CONFIG DROP COLUMN FREQUENCY_UNIT_OF_MEASURE;

GO
CREATE TRIGGER ON_BATCH_TASK_INSERT 
ON BATCH_CONFIG 
AFTER INSERT
	AS 
	BEGIN
	UPDATE BATCH_CONFIG
    SET LAST_MODIFIED_DATETIME = GETDATE()
    FROM inserted, BATCH_CONFIG
	WHERE inserted.TASK_ID = BATCH_CONFIG.TASK_ID
	END;	
GO
	
	
CREATE TRIGGER ON_BATCH_TASK_UPDATE 
ON BATCH_CONFIG 
AFTER UPDATE
	AS 
	BEGIN
	UPDATE BATCH_CONFIG
    SET LAST_MODIFIED_DATETIME = GETDATE()
    FROM inserted, BATCH_CONFIG
	WHERE inserted.TASK_ID = BATCH_CONFIG.TASK_ID
	END;	
GO


/* 11 */


CREATE TABLE UI_TEMPLATE_TYPE (
	TEMPLATE_TYPE_ID NVARCHAR(32) NOT NULL,
	NAME NVARCHAR(100) NOT NULL,
	DESCRIPTION NVARCHAR(200),
	PRIMARY KEY(TEMPLATE_TYPE_ID)
);

INSERT INTO UI_TEMPLATE_TYPE (TEMPLATE_TYPE_ID, NAME, DESCRIPTION) VALUES('USER_TEMPLATE', 'User Page Tempate', 'Template for SelfService User-centric pages');
ALTER TABLE METADATA_ELEMENT_PAGE_TEMPLATE ADD TEMPLATE_TYPE_ID NVARCHAR(32) NULL;
GO
UPDATE METADATA_ELEMENT_PAGE_TEMPLATE SET TEMPLATE_TYPE_ID='USER_TEMPLATE';
ALTER TABLE METADATA_ELEMENT_PAGE_TEMPLATE ALTER COLUMN TEMPLATE_TYPE_ID NVARCHAR(32) NOT NULL;
ALTER TABLE METADATA_ELEMENT_PAGE_TEMPLATE ADD CONSTRAINT TEMPLATE_TYPE_FK FOREIGN KEY(TEMPLATE_TYPE_ID) REFERENCES UI_TEMPLATE_TYPE(TEMPLATE_TYPE_ID);
CREATE INDEX TEMPLATE_TYPE_FK ON METADATA_ELEMENT_PAGE_TEMPLATE(TEMPLATE_TYPE_ID);

CREATE TABLE UI_TEMPLATE_FIELDS (
	UI_FIELD_ID NVARCHAR(32) NOT NULL,
	NAME NVARCHAR(100) NOT NULL,
	DESCRIPTION NVARCHAR(200),
	TEMPLATE_TYPE_ID NVARCHAR(32) NOT NULL,
	IS_REQUIRED CHAR(1) DEFAULT 'N' NOT NULL,
	PRIMARY KEY(UI_FIELD_ID),
  CONSTRAINT TEMPLATE_TYPE_UI_TEMPL_FK FOREIGN KEY (TEMPLATE_TYPE_ID) REFERENCES UI_TEMPLATE_TYPE(TEMPLATE_TYPE_ID)
);

CREATE INDEX TEMPLATE_TYPE_UI_TEMPL_FK ON UI_TEMPLATE_FIELDS(TEMPLATE_TYPE_ID);


INSERT INTO UI_TEMPLATE_FIELDS (UI_FIELD_ID, NAME, TEMPLATE_TYPE_ID, IS_REQUIRED) VALUES('USER_FIRST_NAME', 'First Name', 'USER_TEMPLATE', 'Y');
INSERT INTO UI_TEMPLATE_FIELDS (UI_FIELD_ID, NAME, TEMPLATE_TYPE_ID, IS_REQUIRED) VALUES('USER_LAST_NAME', 'Last Name', 'USER_TEMPLATE', 'Y');
INSERT INTO UI_TEMPLATE_FIELDS (UI_FIELD_ID, NAME, TEMPLATE_TYPE_ID) VALUES('USER_MIDDLE_INIT', 'Middle Initial', 'USER_TEMPLATE');
INSERT INTO UI_TEMPLATE_FIELDS (UI_FIELD_ID, NAME, TEMPLATE_TYPE_ID) VALUES('USER_MAIDEN_NAME', 'Maiden Name', 'USER_TEMPLATE');
INSERT INTO UI_TEMPLATE_FIELDS (UI_FIELD_ID, NAME, TEMPLATE_TYPE_ID) VALUES('USER_NICKNAME', 'User NickName', 'USER_TEMPLATE');
INSERT INTO UI_TEMPLATE_FIELDS (UI_FIELD_ID, NAME, TEMPLATE_TYPE_ID) VALUES('USER_DOB', 'Date of Birth', 'USER_TEMPLATE');
INSERT INTO UI_TEMPLATE_FIELDS (UI_FIELD_ID, NAME, TEMPLATE_TYPE_ID) VALUES('USER_TITLE', 'User Title', 'USER_TEMPLATE');
INSERT INTO UI_TEMPLATE_FIELDS (UI_FIELD_ID, NAME, TEMPLATE_TYPE_ID) VALUES('USER_GENDER', 'Gender', 'USER_TEMPLATE');
INSERT INTO UI_TEMPLATE_FIELDS (UI_FIELD_ID, NAME, TEMPLATE_TYPE_ID) VALUES('USER_EMPLOYEE_ID', 'Employee ID', 'USER_TEMPLATE');
INSERT INTO UI_TEMPLATE_FIELDS (UI_FIELD_ID, NAME, TEMPLATE_TYPE_ID) VALUES('USER_EMPLOYEE_TYPE', 'Employee Type', 'USER_TEMPLATE');
INSERT INTO UI_TEMPLATE_FIELDS (UI_FIELD_ID, NAME, TEMPLATE_TYPE_ID) VALUES('USER_LOCATION_CODE', 'Location Code', 'USER_TEMPLATE');
INSERT INTO UI_TEMPLATE_FIELDS (UI_FIELD_ID, NAME, TEMPLATE_TYPE_ID) VALUES('USER_LOCATION_NAME', 'Location Name', 'USER_TEMPLATE');
INSERT INTO UI_TEMPLATE_FIELDS (UI_FIELD_ID, NAME, TEMPLATE_TYPE_ID) VALUES('USER_SELECT_SUPERVISOR', 'Select Supervisor', 'USER_TEMPLATE');
INSERT INTO UI_TEMPLATE_FIELDS (UI_FIELD_ID, NAME, TEMPLATE_TYPE_ID) VALUES('USER_CLASSICIATION', 'User Classification', 'USER_TEMPLATE');
INSERT INTO UI_TEMPLATE_FIELDS (UI_FIELD_ID, NAME, TEMPLATE_TYPE_ID) VALUES('USER_PREFIX', 'Prefix', 'USER_TEMPLATE');
INSERT INTO UI_TEMPLATE_FIELDS (UI_FIELD_ID, NAME, TEMPLATE_TYPE_ID) VALUES('USER_STATUS', 'User Status', 'USER_TEMPLATE');
INSERT INTO UI_TEMPLATE_FIELDS (UI_FIELD_ID, NAME, TEMPLATE_TYPE_ID) VALUES('USER_SECONDARY_STATUS', 'Account Status', 'USER_TEMPLATE');
INSERT INTO UI_TEMPLATE_FIELDS (UI_FIELD_ID, NAME, TEMPLATE_TYPE_ID) VALUES('USER_SUFFIX', 'User Suffix', 'USER_TEMPLATE');
INSERT INTO UI_TEMPLATE_FIELDS (UI_FIELD_ID, NAME, TEMPLATE_TYPE_ID) VALUES('USER_ALTERNATE_CONTACT', 'Alternate Contact', 'USER_TEMPLATE');
INSERT INTO UI_TEMPLATE_FIELDS (UI_FIELD_ID, NAME, TEMPLATE_TYPE_ID) VALUES('USER_MAILCODE', 'Mail Code', 'USER_TEMPLATE');
INSERT INTO UI_TEMPLATE_FIELDS (UI_FIELD_ID, NAME, TEMPLATE_TYPE_ID) VALUES('USER_COST_CENTER', 'Cost Center', 'USER_TEMPLATE');
INSERT INTO UI_TEMPLATE_FIELDS (UI_FIELD_ID, NAME, TEMPLATE_TYPE_ID) VALUES('USER_JOB_CODE', 'Job Code', 'USER_TEMPLATE');
INSERT INTO UI_TEMPLATE_FIELDS (UI_FIELD_ID, NAME, TEMPLATE_TYPE_ID) VALUES('USER_USER_TYPE', 'User Type', 'USER_TEMPLATE');
INSERT INTO UI_TEMPLATE_FIELDS (UI_FIELD_ID, NAME, TEMPLATE_TYPE_ID) VALUES('USER_OBJECT_TYPE', 'User Type', 'USER_TEMPLATE');
INSERT INTO UI_TEMPLATE_FIELDS (UI_FIELD_ID, NAME, TEMPLATE_TYPE_ID) VALUES('USER_START_DATE', 'Start Date', 'USER_TEMPLATE');
INSERT INTO UI_TEMPLATE_FIELDS (UI_FIELD_ID, NAME, TEMPLATE_TYPE_ID) VALUES('USER_END_DATE', 'End Date', 'USER_TEMPLATE');

INSERT INTO UI_TEMPLATE_FIELDS (UI_FIELD_ID, NAME, TEMPLATE_TYPE_ID) VALUES('USER_ADDRESS_REQUIRED', 'User is required to input at least one address', 'USER_TEMPLATE');
INSERT INTO UI_TEMPLATE_FIELDS (UI_FIELD_ID, NAME, TEMPLATE_TYPE_ID) VALUES('USER_PHONES_REQUIRED', 'User is required to input at least one phone number', 'USER_TEMPLATE');
INSERT INTO UI_TEMPLATE_FIELDS (UI_FIELD_ID, NAME, TEMPLATE_TYPE_ID) VALUES('USER_PHONES_CREATABLE', 'User can input phone numbers', 'USER_TEMPLATE');
INSERT INTO UI_TEMPLATE_FIELDS (UI_FIELD_ID, NAME, TEMPLATE_TYPE_ID) VALUES('USER_ADDRESSES_CREATABLE', 'User can input addresses', 'USER_TEMPLATE');
INSERT INTO UI_TEMPLATE_FIELDS (UI_FIELD_ID, NAME, TEMPLATE_TYPE_ID) VALUES('USER_SHOW_ROLES', 'User can select a Role', 'USER_TEMPLATE');
INSERT INTO UI_TEMPLATE_FIELDS (UI_FIELD_ID, NAME, TEMPLATE_TYPE_ID) VALUES('USER_SHOW_GROUPS', 'User can select a Group', 'USER_TEMPLATE');
INSERT INTO UI_TEMPLATE_FIELDS (UI_FIELD_ID, NAME, TEMPLATE_TYPE_ID) VALUES('USER_SHOW_ORGANIZATIONS', 'User can define his organizational structure', 'USER_TEMPLATE');
INSERT INTO UI_TEMPLATE_FIELDS (UI_FIELD_ID, NAME, TEMPLATE_TYPE_ID, IS_REQUIRED) VALUES('USER_CREATE_LOGIN', 'User can create a custom login', 'USER_TEMPLATE', 'Y');


CREATE TABLE UI_FIELD_TEMPLATE_XREF (
	UI_FIELD_ID NVARCHAR(32) NOT NULL,
	TEMPLATE_ID NVARCHAR(32) NOT NULL,
	IS_REQUIRED CHAR(1) DEFAULT 'N' NOT NULL,
	IS_EDITABLE CHAR(1) DEFAULT 'Y' NOT NULL,
	DISPLAY_ORDER NUMERIC(3) NOT NULL,
	CONSTRAINT TEMPLATE_XREF_UI_FIELD_FK FOREIGN KEY (UI_FIELD_ID) REFERENCES UI_TEMPLATE_FIELDS(UI_FIELD_ID),
	CONSTRAINT TEMPLATE_XREF_TEMPLATE_FK FOREIGN KEY (TEMPLATE_ID) REFERENCES METADATA_ELEMENT_PAGE_TEMPLATE(ID),
	CONSTRAINT TEMPLATE_XREF_UNIQUE UNIQUE(TEMPLATE_ID, UI_FIELD_ID)
);


CREATE INDEX TEMPLATE_XREF_UI_FIELD_FK ON UI_FIELD_TEMPLATE_XREF(UI_FIELD_ID);
CREATE INDEX TEMPLATE_XREF_TEMPLATE_FK ON UI_FIELD_TEMPLATE_XREF(TEMPLATE_ID);


/* 12 */
GO
DECLARE
    @cnt NUMERIC,
    @attrId NUMERIC;
    SET @cnt = 0;
    SET @attrId = 1;
DECLARE @USER_ID NVARCHAR(32), @MANAGER_ID NVARCHAR(32);
DECLARE c2 CURSOR FOR SELECT USER_ID, MANAGER_ID FROM USERS;
BEGIN
  OPEN c2;
  FETCH NEXT FROM c2 INTO @USER_ID, @MANAGER_ID;
  WHILE @@FETCH_STATUS = 0
  BEGIN
      IF (@MANAGER_ID IS NOT NULL) 
      BEGIN
        SELECT @cnt = count(1) FROM ORG_STRUCTURE WHERE SUPERVISOR_ID=@MANAGER_ID AND STAFF_ID=@USER_ID;
        IF (@cnt <= 0)
        BEGIN
          INSERT INTO ORG_STRUCTURE (ORG_STRUCTURE_ID, SUPERVISOR_ID, STAFF_ID) VALUES (@attrId, @MANAGER_ID, @USER_ID);
          SET @attrId = (@attrId + 1);
        END;
      END;
      FETCH NEXT FROM c2 INTO @USER_ID, @MANAGER_ID;
  END;
END;
GO

ALTER TABLE USERS DROP COLUMN MANAGER_ID;

/* 13 */

DELETE FROM METADATA_TYPE WHERE GROUPING IN ('EMAIL', 'PHONE', 'ADDRESS');  

INSERT INTO METADATA_TYPE(TYPE_ID,DESCRIPTION,ACTIVE,GROUPING) VALUES ('WORK_EMAIL','Work Email','Y','EMAIL');
INSERT INTO METADATA_TYPE(TYPE_ID,DESCRIPTION,ACTIVE,GROUPING) VALUES ('PRIMARY_EMAIL','Primary Email','Y','EMAIL');
INSERT INTO METADATA_TYPE(TYPE_ID,DESCRIPTION,ACTIVE,GROUPING) VALUES ('HOME_EMAIL','Home Email','Y','EMAIL');

INSERT INTO METADATA_TYPE(TYPE_ID,DESCRIPTION,ACTIVE,GROUPING) VALUES('OFFICE_PHONE','Office phone','Y','PHONE');
INSERT INTO METADATA_TYPE(TYPE_ID,DESCRIPTION,ACTIVE,GROUPING) VALUES('CELL_PHONE','Cell phone','Y','PHONE');
INSERT INTO METADATA_TYPE(TYPE_ID,DESCRIPTION,ACTIVE,GROUPING) VALUES('HOME_PHONE','Home phone','Y','PHONE');


INSERT INTO METADATA_TYPE(TYPE_ID,DESCRIPTION,ACTIVE,GROUPING) VALUES('OFFICE_ADDRESS','Office Address','Y','ADDRESS');
INSERT INTO METADATA_TYPE(TYPE_ID,DESCRIPTION,ACTIVE,GROUPING) VALUES('HOME_ADDRESS','Home Address','Y','ADDRESS');

ALTER TABLE EMAIL_ADDRESS ADD TYPE_ID NVARCHAR(32);
ALTER TABLE ADDRESS ADD TYPE_ID NVARCHAR(32);
ALTER TABLE PHONE ADD TYPE_ID NVARCHAR(32);
GO
UPDATE EMAIL_ADDRESS SET TYPE_ID='WORK_EMAIL';
UPDATE ADDRESS SET TYPE_ID='OFFICE_ADDRESS';
UPDATE PHONE SET TYPE_ID='OFFICE_PHONE';


ALTER TABLE EMAIL_ADDRESS ALTER COLUMN TYPE_ID NVARCHAR(32) NOT NULL;
ALTER TABLE ADDRESS ALTER COLUMN  TYPE_ID NVARCHAR(32) NOT NULL;
ALTER TABLE PHONE ALTER COLUMN  TYPE_ID NVARCHAR(32) NOT NULL;


ALTER TABLE EMAIL_ADDRESS ADD CONSTRAINT EMAIL_ADDRESS_TYPE_FK FOREIGN KEY (TYPE_ID) REFERENCES METADATA_TYPE(TYPE_ID); 
ALTER TABLE ADDRESS ADD CONSTRAINT ADDRESS_TYPE_FK FOREIGN KEY (TYPE_ID) REFERENCES METADATA_TYPE(TYPE_ID);
ALTER TABLE PHONE ADD CONSTRAINT PHONE_TYPE_FK FOREIGN KEY (TYPE_ID) REFERENCES METADATA_TYPE(TYPE_ID);


CREATE INDEX EMAIL_ADDRESS_TYPE_FK ON EMAIL_ADDRESS(TYPE_ID);
CREATE INDEX ADDRESS_TYPE_FK ON ADDRESS(TYPE_ID);
CREATE INDEX PHONE_TYPE_FK ON PHONE(TYPE_ID);



/* 14 */

DROP TABLE REPORT_INFO;

CREATE TABLE REPORT_PARAMETER_TYPE (
  RCPT_ID NVARCHAR(100) DEFAULT NULL,
  TYPE_NAME NVARCHAR(100) DEFAULT NULL,
  TYPE_DESCRIPTION NVARCHAR(100) DEFAULT NULL
);

CREATE TABLE REPORT_INFO (
  REPORT_INFO_ID NVARCHAR(32) NOT NULL,
  REPORT_NAME NVARCHAR(64) NOT NULL,
  DATASOURCE_FILE_PATH NVARCHAR(255) NOT NULL,
  REPORT_FILE_PATH NVARCHAR(255) DEFAULT NULL,
  PRIMARY KEY (REPORT_INFO_ID)
);

ALTER TABLE REPORT_INFO ADD CONSTRAINT REPORT_NAME UNIQUE(REPORT_NAME);

CREATE TABLE  REPORT_CRITERIA_PARAMETER(
  RCP_ID NVARCHAR(32) NOT NULL,
  REPORT_INFO_ID NVARCHAR(32) NOT NULL,
  PARAM_NAME NVARCHAR(64) NOT NULL,
  PARAM_VALUE NVARCHAR(64) DEFAULT NULL,
  RCPT_ID NVARCHAR(100) DEFAULT NULL,
  PRIMARY KEY (RCP_ID)
);


CREATE TABLE REPORT_SUBSCRIPTIONS (
  REPORT_SUB_ID NVARCHAR(32) NOT NULL,
  REPORT_INFO_ID NVARCHAR(45) DEFAULT NULL,
  REPORT_NAME NVARCHAR(64) NOT NULL,
  DELIVERY_METHOD NVARCHAR(45) DEFAULT NULL,
  DELIVERY_FORMAT NVARCHAR(45) DEFAULT NULL,
  DELIVERY_AUDIENCE NVARCHAR(45) DEFAULT NULL,
  STATUS NVARCHAR(45) DEFAULT NULL,
  USERID NVARCHAR(45) DEFAULT NULL,
  PRIMARY KEY (REPORT_SUB_ID)
);


CREATE TABLE  REPORT_SUB_CRITERIA_PARAM (
  RSCP_ID NVARCHAR(45) NOT NULL,
  RCP_ID NVARCHAR(32) DEFAULT NULL,
  REPORT_SUB_ID NVARCHAR(32) DEFAULT NULL,
  PARAM_NAME NVARCHAR(64) DEFAULT NULL,
  PARAM_VALUE NVARCHAR(64) DEFAULT NULL,
  PRIMARY KEY (RSCP_ID)
);

ALTER TABLE RECONCILIATION_CONFIG ADD MANUAL_RECONCILIATION_FLAG CHAR(1) DEFAULT 'N' NOT NULL;

/* 1 */
UPDATE RES SET URL='/selfservice/newUserWithApprover.html' WHERE RESOURCE_ID='NEWUSER';

/* 2 */

DELETE FROM res_to_res_membership WHERE MEMBER_RESOURCE_ID IN ('SYNCUSER_EDIT','SYNCUSER_EDIT_MENU_ROOT','SYNCUSER_POLICYMAP');
DELETE FROM RESOURCE_USER WHERE RESOURCE_ID IN ('SYNCUSER_EDIT','SYNCUSER_EDIT_MENU_ROOT','SYNCUSER_POLICYMAP');
DELETE FROM RESOURCE_ROLE WHERE RESOURCE_ID IN ('SYNCUSER_EDIT','SYNCUSER_EDIT_MENU_ROOT','SYNCUSER_POLICYMAP');
DELETE FROM RESOURCE_PROP WHERE RESOURCE_ID IN ('SYNCUSER_EDIT','SYNCUSER_EDIT_MENU_ROOT','SYNCUSER_POLICYMAP');
DELETE FROM RESOURCE_GROUP WHERE RESOURCE_ID IN ('SYNCUSER_EDIT','SYNCUSER_EDIT_MENU_ROOT','SYNCUSER_POLICYMAP');
DELETE FROM RES WHERE RESOURCE_ID IN ('SYNCUSER_EDIT','SYNCUSER_EDIT_MENU_ROOT','SYNCUSER_POLICYMAP');


INSERT INTO RES (RESOURCE_ID, RESOURCE_TYPE_ID, DESCRIPTION, NAME, URL) VALUES ('SYNCUSER_EDIT', 'MENU_ITEM', 'Edit sync', 'SYNCUSER_EDIT', '/webconsole-idm/provisioning/synchronization.html');
INSERT INTO RESOURCE_PROP (RESOURCE_PROP_ID, RESOURCE_ID, NAME, PROP_VALUE) VALUES ('SYNCUSER_EDIT_PUB', 'SYNCUSER_EDIT', 'MENU_IS_PUBLIC', 'true');
INSERT INTO RESOURCE_PROP (RESOURCE_PROP_ID, RESOURCE_ID, NAME, PROP_VALUE) VALUES ('SYNCUSER_EDIT_DESC', 'SYNCUSER_EDIT', 'MENU_DISPLAY_NAME', 'Edit Synchronization');

INSERT INTO RES (RESOURCE_ID, RESOURCE_TYPE_ID, DESCRIPTION, NAME, URL) VALUES ('SYNCUSER_POLICYMAP', 'MENU_ITEM', 'Policy map', 'SYNCUSER_POLICYMAP', '/webconsole/synchPolicyMap.html');
INSERT INTO RESOURCE_PROP (RESOURCE_PROP_ID, RESOURCE_ID, NAME, PROP_VALUE) VALUES ('SYNCUSER_POLICYMAP_PUB', 'SYNCUSER_POLICYMAP', 'MENU_IS_PUBLIC', 'true');
INSERT INTO RESOURCE_PROP (RESOURCE_PROP_ID, RESOURCE_ID, NAME, PROP_VALUE) VALUES ('SYNCUSER_POLICYMAP_DESC', 'SYNCUSER_POLICYMAP', 'MENU_DISPLAY_NAME', 'Policy Map');

INSERT INTO RES (RESOURCE_ID, RESOURCE_TYPE_ID, DESCRIPTION, NAME) VALUES ('SYNCUSER_EDIT_MENU_ROOT', 'MENU_ITEM', 'Edit sync', 'SYNCUSER_EDIT_MENU_ROOT');

INSERT INTO res_to_res_membership (RESOURCE_ID, MEMBER_RESOURCE_ID) VALUES('SYNCUSER_EDIT_MENU_ROOT', 'SYNCUSER_EDIT');
INSERT INTO res_to_res_membership (RESOURCE_ID, MEMBER_RESOURCE_ID) VALUES('SYNCUSER_EDIT_MENU_ROOT', 'SYNCUSER_POLICYMAP');


/* 3 */

DELETE FROM RES WHERE RESOURCE_ID = 'MNGSYS_EDIT_NO_RES_MENU_ROOT';

INSERT INTO RES 
(RESOURCE_ID, RESOURCE_TYPE_ID, NAME, DISPLAY_ORDER, IS_PUBLIC, IS_SSL) VALUES 
('MNGSYS_EDIT_NO_RES_MENU_ROOT', 'MENU_ITEM','MNGSYS_EDIT_NO_RES_MENU_ROOT', 1,  'Y', 'N');


/* 4 */

DELETE FROM res_to_res_membership WHERE MEMBER_RESOURCE_ID IN('WEB_REPORT', 'WEB_REPORT_ROOT',  'WEB_REPORT_NEW');

DELETE FROM RESOURCE_PROP WHERE RESOURCE_ID IN('WEB_REPORT', 'WEB_REPORT_ROOT',  'WEB_REPORT_NEW');

DELETE FROM RESOURCE_ROLE WHERE RESOURCE_ID IN (
'WEB_REPORT', 'WEB_REPORT_ROOT',  'WEB_REPORT_NEW');

DELETE FROM RES WHERE RESOURCE_ID IN('WEB_REPORT', 'WEB_REPORT_ROOT',  'WEB_REPORT_NEW');


INSERT INTO RES (RESOURCE_ID, RESOURCE_TYPE_ID, NAME, DESCRIPTION, URL, DISPLAY_ORDER, IS_PUBLIC, IS_SSL) VALUES('WEB_REPORT', 'MENU_ITEM', 'WEB_REPORT', 'Report', '/webconsole/report.html', 6, 'Y', 'N');
INSERT INTO RESOURCE_PROP (RESOURCE_PROP_ID, RESOURCE_ID, NAME, PROP_VALUE) VALUES ('WEB_REPORT_PUB', 'WEB_REPORT', 'MENU_IS_PUBLIC', 'true');
INSERT INTO RESOURCE_PROP (RESOURCE_PROP_ID, RESOURCE_ID, NAME, PROP_VALUE) VALUES ('WEB_REPORT_DESC', 'WEB_REPORT', 'MENU_DISPLAY_NAME', 'Report');
INSERT INTO res_to_res_membership (RESOURCE_ID, MEMBER_RESOURCE_ID) VALUES('IDM', 'WEB_REPORT');

INSERT INTO RES (RESOURCE_ID, RESOURCE_TYPE_ID, NAME, DESCRIPTION) VALUES('WEB_REPORT_ROOT', 'MENU_ITEM', 'WEB_REPORT_ROOT', 'Report Root Menu');
INSERT INTO RESOURCE_PROP (RESOURCE_PROP_ID, RESOURCE_ID, NAME, PROP_VALUE) VALUES ('WEB_REPORT_ROOT_PUB', 'WEB_REPORT_ROOT', 'MENU_IS_PUBLIC', 'true');
INSERT INTO RESOURCE_PROP (RESOURCE_PROP_ID, RESOURCE_ID, NAME, PROP_VALUE) VALUES ('WEB_REPORT_ROOT_DESC', 'WEB_REPORT_ROOT', 'MENU_DISPLAY_NAME', 'Report Root Menu');


INSERT INTO RES (RESOURCE_ID, RESOURCE_TYPE_ID, NAME, DESCRIPTION, URL) VALUES('WEB_REPORT_NEW', 'MENU_ITEM', 'WEB_REPORT_NEW', 'New Report', '/webconsole/editReport.html');
INSERT INTO RESOURCE_PROP (RESOURCE_PROP_ID, RESOURCE_ID, NAME, PROP_VALUE) VALUES ('WEB_REPORT_NEW_PUB', 'WEB_REPORT_NEW', 'MENU_IS_PUBLIC', 'true');
INSERT INTO RESOURCE_PROP (RESOURCE_PROP_ID, RESOURCE_ID, NAME, PROP_VALUE) VALUES ('WEB_REPORT_NEW_DSC', 'WEB_REPORT_NEW', 'MENU_DISPLAY_NAME', 'Create New Report');

INSERT INTO res_to_res_membership (RESOURCE_ID, MEMBER_RESOURCE_ID) VALUES('WEB_REPORT_ROOT', 'WEB_REPORT_NEW');


/* 5 */

DELETE FROM res_to_res_membership WHERE RESOURCE_ID='RESOURCE_EDIT_PAGE_ROOT' AND MEMBER_RESOURCE_ID = 'RESPOLICYMAP';

DELETE FROM res_to_res_membership WHERE MEMBER_RESOURCE_ID IN ('MNGSYS_ATTR_PAGE');
DELETE FROM RESOURCE_USER WHERE RESOURCE_ID IN ('MNGSYS_ATTR_PAGE');
DELETE FROM RESOURCE_ROLE WHERE RESOURCE_ID IN ('MNGSYS_ATTR_PAGE');
DELETE FROM RESOURCE_PROP WHERE RESOURCE_ID IN ('MNGSYS_ATTR_PAGE');
DELETE FROM RESOURCE_GROUP WHERE RESOURCE_ID IN ('MNGSYS_ATTR_PAGE');
DELETE FROM RES WHERE RESOURCE_ID IN ('MNGSYS_ATTR_PAGE');

INSERT INTO RES (RESOURCE_ID, RESOURCE_TYPE_ID, DESCRIPTION, NAME, URL) VALUES ('MNGSYS_ATTR_PAGE', 'MENU_ITEM', 'Resource Attributes', 'MNGSYS_ATTR_PAGE', '/webconsole/resourceAttributes.html');

INSERT INTO RESOURCE_PROP (RESOURCE_PROP_ID, RESOURCE_ID, NAME, PROP_VALUE) VALUES ('MNGSYS_ATTR_PAGE_PUB', 'MNGSYS_ATTR_PAGE', 'MENU_IS_PUBLIC', 'true');
INSERT INTO RESOURCE_PROP (RESOURCE_PROP_ID, RESOURCE_ID, NAME, PROP_VALUE) VALUES ('MNGSYS_ATTR_PAGE_DIS', 'MNGSYS_ATTR_PAGE', 'MENU_DISPLAY_NAME', 'Attributes and Patterns');

INSERT INTO res_to_res_membership (RESOURCE_ID, MEMBER_RESOURCE_ID) VALUES('MNGSYS_EDIT_MENU_ROOT', 'MNGSYS_ATTR_PAGE');


/* 6 */

DELETE FROM res_to_res_membership WHERE MEMBER_RESOURCE_ID IN ('CONF_POLICY_PAGE');
DELETE FROM RESOURCE_USER WHERE RESOURCE_ID IN ('CONF_POLICY_PAGE');
DELETE FROM RESOURCE_ROLE WHERE RESOURCE_ID IN ('CONF_POLICY_PAGE');
DELETE FROM RESOURCE_PROP WHERE RESOURCE_ID IN ('CONF_POLICY_PAGE');
DELETE FROM RESOURCE_GROUP WHERE RESOURCE_ID IN ('CONF_POLICY_PAGE');
DELETE FROM RES WHERE RESOURCE_ID IN ('CONF_POLICY_PAGE');

INSERT INTO RES (RESOURCE_ID, RESOURCE_TYPE_ID, DESCRIPTION, NAME, URL) VALUES ('CONF_POLICY_PAGE', 'MENU_ITEM', 'Configure IT Policy', 'IT_POLICY_PAGE', '/webconsole/configurePolicy.html');

INSERT INTO RESOURCE_PROP (RESOURCE_PROP_ID, RESOURCE_ID, NAME, PROP_VALUE) VALUES ('CONF_POLICY_PAGE_PUB', 'CONF_POLICY_PAGE', 'MENU_IS_PUBLIC', 'true');
INSERT INTO RESOURCE_PROP (RESOURCE_PROP_ID, RESOURCE_ID, NAME, PROP_VALUE) VALUES ('CONF_POLICY_PAGE_DIS', 'CONF_POLICY_PAGE', 'MENU_DISPLAY_NAME', 'Configure IT Policy');

INSERT INTO res_to_res_membership (RESOURCE_ID, MEMBER_RESOURCE_ID) VALUES('ADMIN', 'CONF_POLICY_PAGE');


/* 7 */

INSERT INTO RES (RESOURCE_ID, RESOURCE_TYPE_ID, NAME, DESCRIPTION, URL) VALUES ('ORG_APROVER_ASSOC', 'MENU_ITEM', 'ORG_APROVER_ASSOC', 'Approver Associations', '/webconsole-idm/provisioning/organizationApproverAssociations.html');

INSERT INTO RESOURCE_PROP (RESOURCE_PROP_ID, RESOURCE_ID, NAME, PROP_VALUE) VALUES ('ORG_APROVER_ASSOC_DN', 'ORG_APROVER_ASSOC', 'MENU_DISPLAY_NAME', 'Approver Associations');
INSERT INTO RESOURCE_PROP (RESOURCE_PROP_ID, RESOURCE_ID, NAME, PROP_VALUE) VALUES ('ORG_APROVER_ASSOC_PUB', 'ORG_APROVER_ASSOC', 'MENU_IS_PUBLIC', 'true');

INSERT INTO res_to_res_membership (RESOURCE_ID, MEMBER_RESOURCE_ID) VALUES ('ORGANIZATION_EDIT_ID', 'ORG_APROVER_ASSOC');

/* 8 */

DELETE FROM RESOURCE_PROP WHERE RESOURCE_ID IN('ORG_TYPE_SUBMENU_ROOT', 'ORG_TYPE_SUBMENU_EDIT', 'ORG_TYPE_SEARCH', 'NEW_ORG_TYPE', 'EDIT_ORG_TYPE', 'EDIT_ORG_MEMBERSHIP', 'EDIT_ORG_TYPE_IDMAN', 'ORG_TYPE_EDIT_SEARCH');
DELETE FROM res_to_res_membership WHERE RESOURCE_ID IN('ORG_TYPE_SUBMENU_ROOT', 'ORG_TYPE_SUBMENU_EDIT', 'ORG_TYPE_SEARCH', 'NEW_ORG_TYPE', 'EDIT_ORG_TYPE', 'EDIT_ORG_MEMBERSHIP', 'EDIT_ORG_TYPE_IDMAN', 'ORG_TYPE_EDIT_SEARCH');
DELETE FROM res_to_res_membership WHERE MEMBER_RESOURCE_ID IN('ORG_TYPE_SUBMENU_ROOT', 'ORG_TYPE_SUBMENU_EDIT', 'ORG_TYPE_SEARCH', 'NEW_ORG_TYPE', 'EDIT_ORG_TYPE', 'EDIT_ORG_MEMBERSHIP', 'EDIT_ORG_TYPE_IDMAN', 'ORG_TYPE_EDIT_SEARCH');
DELETE FROM RES WHERE RESOURCE_ID IN('ORG_TYPE_SUBMENU_ROOT', 'ORG_TYPE_SUBMENU_EDIT', 'ORG_TYPE_SEARCH', 'NEW_ORG_TYPE', 'EDIT_ORG_TYPE', 'EDIT_ORG_MEMBERSHIP', 'EDIT_ORG_TYPE_IDMAN', 'ORG_TYPE_EDIT_SEARCH');

INSERT INTO RES (RESOURCE_ID, RESOURCE_TYPE_ID, NAME, DESCRIPTION) VALUES('ORG_TYPE_SUBMENU_ROOT', 'MENU_ITEM', 'ORG_TYPE_SUBMENU_ROOT', 'Organization Type Root');
INSERT INTO RESOURCE_PROP (RESOURCE_PROP_ID, RESOURCE_ID, NAME, PROP_VALUE) VALUES ('ORG_TYPE_SUBMENU_ROOT_PUB', 'ORG_TYPE_SUBMENU_ROOT', 'MENU_IS_PUBLIC', 'true');
INSERT INTO RESOURCE_PROP (RESOURCE_PROP_ID, RESOURCE_ID, NAME, PROP_VALUE) VALUES ('ORG_TYPE_SUBMENU_ROOT_DESC', 'ORG_TYPE_SUBMENU_ROOT', 'MENU_DISPLAY_NAME', 'Organization Type Root');

INSERT INTO RES (RESOURCE_ID, RESOURCE_TYPE_ID, NAME, DESCRIPTION) VALUES('ORG_TYPE_SUBMENU_EDIT', 'MENU_ITEM', 'ORG_TYPE_SUBMENU_EDIT', 'Organization Type Edit');
INSERT INTO RESOURCE_PROP (RESOURCE_PROP_ID, RESOURCE_ID, NAME, PROP_VALUE) VALUES ('ORG_TYPE_SUBMENU_EDIT_PUB', 'ORG_TYPE_SUBMENU_EDIT', 'MENU_IS_PUBLIC', 'true');
INSERT INTO RESOURCE_PROP (RESOURCE_PROP_ID, RESOURCE_ID, NAME, PROP_VALUE) VALUES ('ORG_TYPE_SUBMENU_EDIT_DESC', 'ORG_TYPE_SUBMENU_EDIT', 'MENU_DISPLAY_NAME', 'Organization Type Edit');


INSERT INTO RES (RESOURCE_ID, RESOURCE_TYPE_ID, NAME, DESCRIPTION, URL) VALUES('ORG_TYPE_SEARCH', 'MENU_ITEM', 'ORG_TYPE_SEARCH', 'Organization Type Search', '/webconsole/organizationTypeSearch.html');
INSERT INTO RESOURCE_PROP (RESOURCE_PROP_ID, RESOURCE_ID, NAME, PROP_VALUE) VALUES ('ORG_TYPE_SEARCH_PUB', 'ORG_TYPE_SEARCH', 'MENU_IS_PUBLIC', 'true');
INSERT INTO RESOURCE_PROP (RESOURCE_PROP_ID, RESOURCE_ID, NAME, PROP_VALUE) VALUES ('ORG_TYPE_SEARCH_DESC', 'ORG_TYPE_SEARCH', 'MENU_DISPLAY_NAME', 'Search Organization Types');

INSERT INTO RES (RESOURCE_ID, RESOURCE_TYPE_ID, NAME, DESCRIPTION, URL) VALUES('NEW_ORG_TYPE', 'MENU_ITEM', 'NEW_ORG_TYPE', 'Edit Organization Type', '/webconsole/organizationTypeEdit.html');
INSERT INTO RESOURCE_PROP (RESOURCE_PROP_ID, RESOURCE_ID, NAME, PROP_VALUE) VALUES ('NEW_ORG_TYPE_PUB', 'NEW_ORG_TYPE', 'MENU_IS_PUBLIC', 'true');
INSERT INTO RESOURCE_PROP (RESOURCE_PROP_ID, RESOURCE_ID, NAME, PROP_VALUE) VALUES ('NEW_ORG_TYPE_DESC', 'NEW_ORG_TYPE', 'MENU_DISPLAY_NAME', 'New Organization Type');

INSERT INTO RES (RESOURCE_ID, RESOURCE_TYPE_ID, NAME, DESCRIPTION, URL) VALUES('EDIT_ORG_TYPE', 'MENU_ITEM', 'EDIT_ORG_TYPE', 'Edit Organization Type', '/webconsole/organizationTypeEdit.html');
INSERT INTO RESOURCE_PROP (RESOURCE_PROP_ID, RESOURCE_ID, NAME, PROP_VALUE) VALUES ('EDIT_ORG_TYPE_PUB', 'EDIT_ORG_TYPE', 'MENU_IS_PUBLIC', 'true');
INSERT INTO RESOURCE_PROP (RESOURCE_PROP_ID, RESOURCE_ID, NAME, PROP_VALUE) VALUES ('EDIT_ORG_TYPE_DESC', 'EDIT_ORG_TYPE', 'MENU_DISPLAY_NAME', 'Edit Organization Type');

INSERT INTO RES (RESOURCE_ID, RESOURCE_TYPE_ID, NAME, DESCRIPTION, URL) VALUES('EDIT_ORG_MEMBERSHIP', 'MENU_ITEM', 'EDIT_ORG_MEMBERSHIP', 'Membership', '/webconsole/organizationTypeMembership.html');
INSERT INTO RESOURCE_PROP (RESOURCE_PROP_ID, RESOURCE_ID, NAME, PROP_VALUE) VALUES ('EDIT_ORG_MEMBERSHIP_PUB', 'EDIT_ORG_MEMBERSHIP', 'MENU_IS_PUBLIC', 'true');
INSERT INTO RESOURCE_PROP (RESOURCE_PROP_ID, RESOURCE_ID, NAME, PROP_VALUE) VALUES ('EDIT_ORG_MEMBERSHIP_DESC', 'EDIT_ORG_MEMBERSHIP', 'MENU_DISPLAY_NAME', 'Membership');


INSERT INTO RES (RESOURCE_ID, RESOURCE_TYPE_ID, NAME, DESCRIPTION, URL) VALUES('ORG_TYPE_EDIT_SEARCH', 'MENU_ITEM', 'ORG_TYPE_EDIT_SEARCH', 'Organization Type Search', '/webconsole/organizationTypeSearch.html');
INSERT INTO RESOURCE_PROP (RESOURCE_PROP_ID, RESOURCE_ID, NAME, PROP_VALUE) VALUES ('ORG_TYPE_EDIT_SEARCH_PUB', 'ORG_TYPE_EDIT_SEARCH', 'MENU_IS_PUBLIC', 'true');
INSERT INTO RESOURCE_PROP (RESOURCE_PROP_ID, RESOURCE_ID, NAME, PROP_VALUE) VALUES ('ORG_TYPE_EDIT_SEARCH_DESC', 'ORG_TYPE_EDIT_SEARCH', 'MENU_DISPLAY_NAME', 'Search Organization Types');


INSERT INTO res_to_res_membership (RESOURCE_ID, MEMBER_RESOURCE_ID) VALUES('ORG_TYPE_SUBMENU_ROOT', 'ORG_TYPE_SEARCH');
INSERT INTO res_to_res_membership (RESOURCE_ID, MEMBER_RESOURCE_ID) VALUES('ORG_TYPE_SUBMENU_ROOT', 'NEW_ORG_TYPE');

INSERT INTO res_to_res_membership (RESOURCE_ID, MEMBER_RESOURCE_ID) VALUES('ORG_TYPE_SUBMENU_EDIT', 'ORG_TYPE_EDIT_SEARCH');
INSERT INTO res_to_res_membership (RESOURCE_ID, MEMBER_RESOURCE_ID) VALUES('ORG_TYPE_SUBMENU_EDIT', 'EDIT_ORG_TYPE');
INSERT INTO res_to_res_membership (RESOURCE_ID, MEMBER_RESOURCE_ID) VALUES('ORG_TYPE_SUBMENU_EDIT', 'EDIT_ORG_MEMBERSHIP');




INSERT INTO RES (RESOURCE_ID, RESOURCE_TYPE_ID, NAME, DESCRIPTION, URL) VALUES('EDIT_ORG_TYPE_IDMAN', 'MENU_ITEM', 'EDIT_ORG_TYPE_IDMAN', 'Membership', '/webconsole/organizationTypeSearch.html');
INSERT INTO RESOURCE_PROP (RESOURCE_PROP_ID, RESOURCE_ID, NAME, PROP_VALUE) VALUES ('EDIT_ORG_TYPE_IDMAN_PUB', 'EDIT_ORG_TYPE_IDMAN', 'MENU_IS_PUBLIC', 'true');
INSERT INTO RESOURCE_PROP (RESOURCE_PROP_ID, RESOURCE_ID, NAME, PROP_VALUE) VALUES ('EDIT_ORG_TYPE_IDMAN_DESC', 'EDIT_ORG_TYPE_IDMAN', 'MENU_DISPLAY_NAME', 'Organization Types');
INSERT INTO res_to_res_membership (RESOURCE_ID, MEMBER_RESOURCE_ID) VALUES('IDMAN', 'EDIT_ORG_TYPE_IDMAN');



/* 9 */


DELETE FROM res_to_res_membership WHERE MEMBER_RESOURCE_ID IN ('SUP_SUB_PAGE');
DELETE FROM RESOURCE_USER WHERE RESOURCE_ID IN ('SUP_SUB_PAGE');
DELETE FROM RESOURCE_ROLE WHERE RESOURCE_ID IN ('SUP_SUB_PAGE');
DELETE FROM RESOURCE_PROP WHERE RESOURCE_ID IN ('SUP_SUB_PAGE');
DELETE FROM RESOURCE_GROUP WHERE RESOURCE_ID IN ('SUP_SUB_PAGE');
DELETE FROM RES WHERE RESOURCE_ID IN ('SUP_SUB_PAGE');

INSERT INTO RES (RESOURCE_ID, RESOURCE_TYPE_ID, DESCRIPTION, NAME, URL, DISPLAY_ORDER) VALUES ('SUP_SUB_PAGE', 'MENU_ITEM', 'Configure IT Policy', 'SUP_SUB_PAGE', '/webconsole/supSub.html', '11');

INSERT INTO RESOURCE_PROP (RESOURCE_PROP_ID, RESOURCE_ID, NAME, PROP_VALUE) VALUES ('SUP_SUB_PAGE_PUB', 'SUP_SUB_PAGE', 'MENU_IS_PUBLIC', 'true');
INSERT INTO RESOURCE_PROP (RESOURCE_PROP_ID, RESOURCE_ID, NAME, PROP_VALUE) VALUES ('SUP_SUB_PAGE_DIS', 'SUP_SUB_PAGE', 'MENU_DISPLAY_NAME', 'Superiors and Subordinates');

INSERT INTO res_to_res_membership (RESOURCE_ID, MEMBER_RESOURCE_ID) VALUES('USER_EDIT_MENU', 'SUP_SUB_PAGE');

/* 10 */

INSERT INTO BATCH_CONFIG (TASK_ID, TASK_NAME, CRON_EXPRESSION, SPRING_BEAN, SPRING_BEAN_METHOD) VALUES('ATTESTATION', 'Attestation', '0 0 0 1 1/3 ?', 'attestationInitializer', 'initializeAttestation');


/* 11 */

DELETE FROM RESOURCE_PROP WHERE RESOURCE_ID IN('BATCH_TASK_ROOT', 'SEARCH_BATCH_NEW', 'NEW_BATCH_TASK', 'BATCH_TASK_EDIT', 'SEARCH_BATCH_EDIT', 'EDIT_BATCH_TASK', 'ADMIN_BATCH_TASKS');
DELETE FROM res_to_res_membership WHERE RESOURCE_ID IN('BATCH_TASK_ROOT', 'SEARCH_BATCH_NEW', 'NEW_BATCH_TASK', 'BATCH_TASK_EDIT', 'SEARCH_BATCH_EDIT', 'EDIT_BATCH_TASK', 'ADMIN_BATCH_TASKS');
DELETE FROM res_to_res_membership WHERE MEMBER_RESOURCE_ID IN('BATCH_TASK_ROOT', 'SEARCH_BATCH_NEW', 'NEW_BATCH_TASK', 'BATCH_TASK_EDIT', 'SEARCH_BATCH_EDIT', 'EDIT_BATCH_TASK', 'ADMIN_BATCH_TASKS');
DELETE FROM RES WHERE RESOURCE_ID IN('BATCH_TASK_ROOT', 'SEARCH_BATCH_NEW', 'NEW_BATCH_TASK', 'BATCH_TASK_EDIT', 'SEARCH_BATCH_EDIT', 'EDIT_BATCH_TASK', 'ADMIN_BATCH_TASKS');


INSERT INTO RES (RESOURCE_ID, RESOURCE_TYPE_ID, NAME, DESCRIPTION) VALUES('BATCH_TASK_ROOT', 'MENU_ITEM', 'BATCH_TASK_ROOT', 'Batch Task Root');
INSERT INTO RESOURCE_PROP (RESOURCE_PROP_ID, RESOURCE_ID, NAME, PROP_VALUE) VALUES ('BATCH_TASK_ROOT_PUB', 'BATCH_TASK_ROOT', 'MENU_IS_PUBLIC', 'true');
INSERT INTO RESOURCE_PROP (RESOURCE_PROP_ID, RESOURCE_ID, NAME, PROP_VALUE) VALUES ('BATCH_TASK_ROOT_DESC', 'BATCH_TASK_ROOT', 'MENU_DISPLAY_NAME', 'Batch Task Root');

INSERT INTO RES (RESOURCE_ID, RESOURCE_TYPE_ID, NAME, DESCRIPTION, URL) VALUES('SEARCH_BATCH_NEW', 'MENU_ITEM', 'SEARCH_BATCH_NEW', 'Search Batch Tasks', '/webconsole-idm/provisioning/batchTaskSearch.html');
INSERT INTO RESOURCE_PROP (RESOURCE_PROP_ID, RESOURCE_ID, NAME, PROP_VALUE) VALUES ('SEARCH_BATCH_NEW_PUB', 'SEARCH_BATCH_NEW', 'MENU_IS_PUBLIC', 'true');
INSERT INTO RESOURCE_PROP (RESOURCE_PROP_ID, RESOURCE_ID, NAME, PROP_VALUE) VALUES ('SEARCH_BATCH_NEW_DESC', 'SEARCH_BATCH_NEW', 'MENU_DISPLAY_NAME', 'Search Batch Tasks');

INSERT INTO RES (RESOURCE_ID, RESOURCE_TYPE_ID, NAME, DESCRIPTION, URL) VALUES('NEW_BATCH_TASK', 'MENU_ITEM', 'NEW_BATCH_TASK', 'New Batch Task', '/webconsole-idm/provisioning/batchTask.html');
INSERT INTO RESOURCE_PROP (RESOURCE_PROP_ID, RESOURCE_ID, NAME, PROP_VALUE) VALUES ('NEW_BATCH_TASK_PUB', 'NEW_BATCH_TASK', 'MENU_IS_PUBLIC', 'true');
INSERT INTO RESOURCE_PROP (RESOURCE_PROP_ID, RESOURCE_ID, NAME, PROP_VALUE) VALUES ('NEW_BATCH_TASK_DESC', 'NEW_BATCH_TASK', 'MENU_DISPLAY_NAME', 'New Batch Task');

INSERT INTO res_to_res_membership (RESOURCE_ID, MEMBER_RESOURCE_ID) VALUES('BATCH_TASK_ROOT', 'SEARCH_BATCH_NEW');
INSERT INTO res_to_res_membership (RESOURCE_ID, MEMBER_RESOURCE_ID) VALUES('BATCH_TASK_ROOT', 'NEW_BATCH_TASK');


INSERT INTO RES (RESOURCE_ID, RESOURCE_TYPE_ID, NAME, DESCRIPTION) VALUES('BATCH_TASK_EDIT', 'MENU_ITEM', 'BATCH_TASK_EDIT', 'Batch Task Edit');
INSERT INTO RESOURCE_PROP (RESOURCE_PROP_ID, RESOURCE_ID, NAME, PROP_VALUE) VALUES ('BATCH_TASK_EDIT_PUB', 'BATCH_TASK_EDIT', 'MENU_IS_PUBLIC', 'true');
INSERT INTO RESOURCE_PROP (RESOURCE_PROP_ID, RESOURCE_ID, NAME, PROP_VALUE) VALUES ('BATCH_TASK_EDIT_DESC', 'BATCH_TASK_EDIT', 'MENU_DISPLAY_NAME', 'Batch Task Edit');

INSERT INTO RES (RESOURCE_ID, RESOURCE_TYPE_ID, NAME, DESCRIPTION, URL) VALUES('SEARCH_BATCH_EDIT', 'MENU_ITEM', 'SEARCH_BATCH_EDIT', 'Search Batch Tasks', '/webconsole-idm/provisioning/batchTaskSearch.html');
INSERT INTO RESOURCE_PROP (RESOURCE_PROP_ID, RESOURCE_ID, NAME, PROP_VALUE) VALUES ('SEARCH_BATCH_EDIT_PUB', 'SEARCH_BATCH_EDIT', 'MENU_IS_PUBLIC', 'true');
INSERT INTO RESOURCE_PROP (RESOURCE_PROP_ID, RESOURCE_ID, NAME, PROP_VALUE) VALUES ('SEARCH_BATCH_EDIT_DESC', 'SEARCH_BATCH_EDIT', 'MENU_DISPLAY_NAME', 'Search Batch Tasks');

INSERT INTO RES (RESOURCE_ID, RESOURCE_TYPE_ID, NAME, DESCRIPTION, URL) VALUES('EDIT_BATCH_TASK', 'MENU_ITEM', 'EDIT_BATCH_TASK', 'Edit Batch Task', '/webconsole-idm/provisioning/batchTask.html');
INSERT INTO RESOURCE_PROP (RESOURCE_PROP_ID, RESOURCE_ID, NAME, PROP_VALUE) VALUES ('EDIT_BATCH_TASK_PUB', 'EDIT_BATCH_TASK', 'MENU_IS_PUBLIC', 'true');
INSERT INTO RESOURCE_PROP (RESOURCE_PROP_ID, RESOURCE_ID, NAME, PROP_VALUE) VALUES ('EDIT_BATCH_TASK_DESC', 'EDIT_BATCH_TASK', 'MENU_DISPLAY_NAME', 'Edit Batch Task');

INSERT INTO res_to_res_membership (RESOURCE_ID, MEMBER_RESOURCE_ID) VALUES('BATCH_TASK_EDIT', 'SEARCH_BATCH_EDIT');
INSERT INTO res_to_res_membership (RESOURCE_ID, MEMBER_RESOURCE_ID) VALUES('BATCH_TASK_EDIT', 'EDIT_BATCH_TASK');


INSERT INTO RES (RESOURCE_ID, RESOURCE_TYPE_ID, NAME, DESCRIPTION, URL) VALUES('ADMIN_BATCH_TASKS', 'MENU_ITEM', 'ADMIN_BATCH_TASKS', 'Batch Tasks', '/webconsole-idm/provisioning/batchTaskSearch.html');
INSERT INTO RESOURCE_PROP (RESOURCE_PROP_ID, RESOURCE_ID, NAME, PROP_VALUE) VALUES ('ADMIN_BATCH_TASKS_PUB', 'ADMIN_BATCH_TASKS', 'MENU_IS_PUBLIC', 'true');
INSERT INTO RESOURCE_PROP (RESOURCE_PROP_ID, RESOURCE_ID, NAME, PROP_VALUE) VALUES ('ADMIN_BATCH_TASKS_DESC', 'ADMIN_BATCH_TASKS', 'MENU_DISPLAY_NAME', 'Batch Tasks');

INSERT INTO res_to_res_membership (RESOURCE_ID, MEMBER_RESOURCE_ID) VALUES('ADMIN', 'ADMIN_BATCH_TASKS');

/* 12 */

DELETE FROM res_to_res_membership WHERE MEMBER_RESOURCE_ID IN ('DIR_LOOKUP_PAGE');
DELETE FROM RESOURCE_USER WHERE RESOURCE_ID IN ('DIR_LOOKUP_PAGE');
DELETE FROM RESOURCE_ROLE WHERE RESOURCE_ID IN ('DIR_LOOKUP_PAGE');
DELETE FROM RESOURCE_PROP WHERE RESOURCE_ID IN ('DIR_LOOKUP_PAGE');
DELETE FROM RESOURCE_GROUP WHERE RESOURCE_ID IN ('DIR_LOOKUP_PAGE');
DELETE FROM RES WHERE RESOURCE_ID IN ('DIR_LOOKUP_PAGE');

INSERT INTO RES (RESOURCE_ID, RESOURCE_TYPE_ID, DESCRIPTION, NAME, URL, DISPLAY_ORDER) VALUES ('DIR_LOOKUP_PAGE', 'MENU_ITEM', 'Directory Lookup', 'DIR_LOOKUP_PAGE', '/selfservice/dirLookup.html', 5);

INSERT INTO RESOURCE_PROP (RESOURCE_PROP_ID, RESOURCE_ID, NAME, PROP_VALUE) VALUES ('DIR_LOOKUP_PAGE_PUB', 'DIR_LOOKUP_PAGE', 'MENU_IS_PUBLIC', 'true');
INSERT INTO RESOURCE_PROP (RESOURCE_PROP_ID, RESOURCE_ID, NAME, PROP_VALUE) VALUES ('DIR_LOOKUP_PAGE_DIS', 'DIR_LOOKUP_PAGE', 'MENU_DISPLAY_NAME', 'Directory Lookup');

INSERT INTO res_to_res_membership (RESOURCE_ID, MEMBER_RESOURCE_ID) VALUES('SELFCENTER', 'DIR_LOOKUP_PAGE');

/* 13 */
UPDATE RES SET URL='/selfservice/taskHistory.html' WHERE RESOURCE_ID='MANAGEREQ';
DELETE FROM RESOURCE_PROP WHERE RESOURCE_ID IN('MANAGEREQ') AND NAME IN('IS_VISIBLE');
INSERT INTO RESOURCE_PROP (RESOURCE_PROP_ID, RESOURCE_ID, NAME, PROP_VALUE) VALUES('MANAGEREQ_VISIBLE', 'MANAGEREQ', 'IS_VISIBLE', 'true');


/* 14 */

DELETE FROM RESOURCE_PROP WHERE RESOURCE_PROP_ID = 'MANUALRECON_DESC';
DELETE FROM res_to_res_membership WHERE RESOURCE_ID = 'MNGSYS_EDIT_MENU_ROOT' AND MEMBER_RESOURCE_ID = 'MANUALRECON';
DELETE FROM RES WHERE RESOURCE_ID = 'MANUALRECON';

INSERT INTO RES (RESOURCE_ID, RESOURCE_TYPE_ID, DESCRIPTION, NAME, DISPLAY_ORDER, URL) VALUES ('MANUALRECON', 'MENU_ITEM', 'Manual reconciliation', 'MANUALRECON', 6, '/webconsole/manual-reconciliation.html');
INSERT INTO res_to_res_membership (RESOURCE_ID, MEMBER_RESOURCE_ID) VALUES ('MNGSYS_EDIT_MENU_ROOT', 'MANUALRECON');
INSERT INTO RESOURCE_PROP (RESOURCE_PROP_ID, RESOURCE_ID, NAME, PROP_VALUE) VALUES ('MANUALRECON_DESC', 'MANUALRECON', 'MENU_DISPLAY_NAME', 'Manual reconciliation');


/* 15 */

UPDATE RESOURCE_PROP SET PROP_VALUE = 'Managed System' WHERE PROP_VALUE = 'Managed Resource'; 
UPDATE RESOURCE_PROP SET PROP_VALUE = 'Create Managed System' WHERE PROP_VALUE = 'Create New Managed System';
UPDATE RESOURCE_PROP SET PROP_VALUE = 'Managed system rules' WHERE PROP_VALUE = 'Manages system rules'; 

/* 16 */

DELETE FROM  REPORT_PARAMETER_TYPE;
INSERT INTO REPORT_PARAMETER_TYPE (RCPT_ID, TYPE_NAME, TYPE_DESCRIPTION) VALUES (1, 'STRING', 'String');
INSERT INTO REPORT_PARAMETER_TYPE (RCPT_ID, TYPE_NAME, TYPE_DESCRIPTION) VALUES (2, 'DATE', 'Date' );
INSERT INTO REPORT_PARAMETER_TYPE (RCPT_ID, TYPE_NAME, TYPE_DESCRIPTION) VALUES (3, 'INTEGER', 'Integer' );



/* 17 */

DELETE FROM  res_to_res_membership WHERE MEMBER_RESOURCE_ID IN('SELFSERVICE_REPORT', 'SUBSCRIBE',  'VIEW', 'SELF_SUB_REPORT_NEW', 'SELF_VIEW_REPORT_NEW','SELF_SUB_REPORT_NEW','SELF_VIEW_REPORT_ROOT');
DELETE FROM RESOURCE_PROP WHERE RESOURCE_ID IN('SELFSERVICE_REPORT', 'SUBSCRIBE',  'VIEW', 'SELF_SUB_REPORT_ROOT', 'SELF_VIEW_REPORT_NEW','SELF_SUB_REPORT_NEW','SELF_VIEW_REPORT_ROOT');
DELETE FROM RESOURCE_ROLE WHERE RESOURCE_ID IN ('SELFSERVICE_REPORT', 'SUBSCRIBE',  'VIEW', 'SELF_SUB_REPORT_ROOT', 'SELF_VIEW_REPORT_NEW','SELF_SUB_REPORT_NEW','SELF_VIEW_REPORT_ROOT');
DELETE FROM RES WHERE RESOURCE_ID IN('SELFSERVICE_REPORT', 'SUBSCRIBE',  'VIEW', 'SELF_SUB_REPORT_ROOT', 'SELF_VIEW_REPORT_NEW','SELF_SUB_REPORT_NEW','SELF_VIEW_REPORT_ROOT');

INSERT INTO RES (RESOURCE_ID, RESOURCE_TYPE_ID, NAME, DESCRIPTION,  DISPLAY_ORDER, IS_PUBLIC, IS_SSL) VALUES('SELFSERVICE_REPORT', 'MENU_ITEM', 'SELFSERVICE_REPORT', 'Report', 5, 'Y', 'N');
INSERT INTO RESOURCE_PROP (RESOURCE_PROP_ID, RESOURCE_ID, NAME, PROP_VALUE) VALUES ('SELFSERVICE_REPORT_PUB', 'SELFSERVICE_REPORT', 'MENU_IS_PUBLIC', 'true');
INSERT INTO RESOURCE_PROP (RESOURCE_PROP_ID, RESOURCE_ID, NAME, PROP_VALUE) VALUES ('SELFSERVICE_REPORT_DESC', 'SELFSERVICE_REPORT', 'MENU_DISPLAY_NAME', 'Report');
INSERT INTO res_to_res_membership (RESOURCE_ID, MEMBER_RESOURCE_ID) VALUES('SELFSERVICE', 'SELFSERVICE_REPORT');
INSERT INTO RES (RESOURCE_ID, RESOURCE_TYPE_ID, DESCRIPTION, NAME, DISPLAY_ORDER, URL, IS_PUBLIC, IS_SSL) VALUES ('SUBSCRIBE', 'MENU_ITEM', 'Subscribe', 'SUBSCRIBE', 1, '/selfservice/subscribe.html', 'Y', 'N');
INSERT INTO RESOURCE_PROP (RESOURCE_PROP_ID, RESOURCE_ID, NAME, PROP_VALUE) VALUES ('SUBSCRIBE_MENU_PUB', 'SUBSCRIBE', 'MENU_IS_PUBLIC', 'true');
INSERT INTO RESOURCE_PROP (RESOURCE_PROP_ID, RESOURCE_ID, NAME, PROP_VALUE) VALUES ('SUBSCRIBE_MENU_DESC', 'SUBSCRIBE', 'MENU_DISPLAY_NAME', 'Subscribe');
INSERT INTO  res_to_res_membership (RESOURCE_ID, MEMBER_RESOURCE_ID) VALUES('SELFSERVICE_REPORT', 'SUBSCRIBE');
INSERT INTO RES (RESOURCE_ID, RESOURCE_TYPE_ID, DESCRIPTION, NAME, DISPLAY_ORDER, URL, IS_PUBLIC, IS_SSL) VALUES ('VIEW', 'MENU_ITEM', 'View', 'VIEW', 2, '/selfservice/view.html', 'Y', 'N');
INSERT INTO RESOURCE_PROP (RESOURCE_PROP_ID, RESOURCE_ID, NAME, PROP_VALUE) VALUES ('VIEW_MENU_PUB', 'VIEW', 'MENU_IS_PUBLIC', 'true');
INSERT INTO RESOURCE_PROP (RESOURCE_PROP_ID, RESOURCE_ID, NAME, PROP_VALUE) VALUES ('VIEW_MENU_DESC', 'VIEW', 'MENU_DISPLAY_NAME', 'View');
INSERT INTO  res_to_res_membership (RESOURCE_ID, MEMBER_RESOURCE_ID) VALUES('SELFSERVICE_REPORT', 'VIEW');
INSERT INTO RES (RESOURCE_ID, RESOURCE_TYPE_ID, NAME, DESCRIPTION) VALUES('SELF_SUB_REPORT_ROOT', 'MENU_ITEM', 'SELF_SUB_REPORT_ROOT', 'Subscribe Report Root Menu');
INSERT INTO RESOURCE_PROP (RESOURCE_PROP_ID, RESOURCE_ID, NAME, PROP_VALUE) VALUES ('SELF_SUB_REPORT_ROOT_PUB', 'SELF_SUB_REPORT_ROOT', 'MENU_IS_PUBLIC', 'true');
INSERT INTO RESOURCE_PROP (RESOURCE_PROP_ID, RESOURCE_ID, NAME, PROP_VALUE) VALUES ('SELF_SUB_REPORT_ROOT_DESC', 'SELF_SUB_REPORT_ROOT', 'MENU_DISPLAY_NAME', 'Subscribe Report Root Menu');
INSERT INTO RES (RESOURCE_ID, RESOURCE_TYPE_ID, NAME, DESCRIPTION, URL) VALUES('SELF_SUB_REPORT_NEW', 'MENU_ITEM', 'SELF_SUB_REPORT_NEW', 'New Subscribe Report', '/selfservice/editSubscribeReport.html');
INSERT INTO RESOURCE_PROP (RESOURCE_PROP_ID, RESOURCE_ID, NAME, PROP_VALUE) VALUES ('SELF_SUB_REPORT_NEW_PUB', 'SELF_SUB_REPORT_NEW', 'MENU_IS_PUBLIC', 'true');
INSERT INTO RESOURCE_PROP (RESOURCE_PROP_ID, RESOURCE_ID, NAME, PROP_VALUE) VALUES ('SELF_SUB_REPORT_NEW_DSC', 'SELF_SUB_REPORT_NEW', 'MENU_DISPLAY_NAME', 'Subscribe Report');
INSERT INTO  res_to_res_membership (RESOURCE_ID, MEMBER_RESOURCE_ID) VALUES('SELF_SUB_REPORT_ROOT', 'SELF_SUB_REPORT_NEW');
INSERT INTO RES (RESOURCE_ID, RESOURCE_TYPE_ID, NAME, DESCRIPTION) VALUES('SELF_VIEW_REPORT_ROOT', 'MENU_ITEM', 'SELF_VIEW_REPORT_ROOT', 'View Report Root Menu');
INSERT INTO RESOURCE_PROP (RESOURCE_PROP_ID, RESOURCE_ID, NAME, PROP_VALUE) VALUES ('SELF_VIEW_REPORT_ROOT_PUB', 'SELF_VIEW_REPORT_ROOT', 'MENU_IS_PUBLIC', 'true');
INSERT INTO RESOURCE_PROP (RESOURCE_PROP_ID, RESOURCE_ID, NAME, PROP_VALUE) VALUES ('SELF_VIEW_REPORT_ROOT_DESC', 'SELF_VIEW_REPORT_ROOT', 'MENU_DISPLAY_NAME', 'View Report Root Menu');
INSERT INTO RES (RESOURCE_ID, RESOURCE_TYPE_ID, NAME, DESCRIPTION, URL) VALUES('SELF_VIEW_REPORT_NEW', 'MENU_ITEM', 'SELF_VIEW_REPORT_NEW', 'New Subscribe Report', '/selfservice/editViewReport.html');
INSERT INTO RESOURCE_PROP (RESOURCE_PROP_ID, RESOURCE_ID, NAME, PROP_VALUE) VALUES ('SELF_VIEW_REPORT_NEW_PUB', 'SELF_VIEW_REPORT_NEW', 'MENU_IS_PUBLIC', 'true');
INSERT INTO RESOURCE_PROP (RESOURCE_PROP_ID, RESOURCE_ID, NAME, PROP_VALUE) VALUES ('SELF_VIEW_REPORT_NEW_DSC', 'SELF_VIEW_REPORT_NEW', 'MENU_DISPLAY_NAME', 'Create New View Report');
INSERT INTO res_to_res_membership(RESOURCE_ID, MEMBER_RESOURCE_ID) VALUES('SELF_VIEW_REPORT_ROOT', 'SELF_VIEW_REPORT_NEW');

/* 18 */

UPDATE RES SET URL='/idp/changePassword.html' WHERE RESOURCE_ID='CHNGPSWD';

/* 1 */
ALTER TABLE SYNCH_CONFIG ADD USE_SYSTEM_PATH CHAR(1) NOT NULL DEFAULT 'N'; 

/* 2 */

ALTER TABLE LANGUAGE ADD IS_DEFAULT CHAR(1) NOT NULL DEFAULT 'N';
GO
UPDATE LANGUAGE SET IS_DEFAULT='Y' WHERE ID='1';

/* 3 */
ALTER TABLE URI_PATTERN_META_VALUE ALTER COLUMN AM_RES_ATTRIBUTE_ID NVARCHAR(32);

/* 4 */
ALTER TABLE COMPANY DROP CONSTRAINT FK_COMPANY_METADATA_TYPE;
DROP INDEX FK_COMPANY_METADATA_TYPE ON COMPANY;
ALTER TABLE COMPANY DROP COLUMN TYPE_ID;

/* 1 */
DELETE FROM res_to_res_membership WHERE MEMBER_RESOURCE_ID IN ('SELFSERVE_SUP_SUB');
DELETE FROM RESOURCE_USER WHERE RESOURCE_ID IN ('SELFSERVE_SUP_SUB');
DELETE FROM RESOURCE_ROLE WHERE RESOURCE_ID IN ('SELFSERVE_SUP_SUB');
DELETE FROM RESOURCE_PROP WHERE RESOURCE_ID IN ('SELFSERVE_SUP_SUB');
DELETE FROM RESOURCE_GROUP WHERE RESOURCE_ID IN ('SELFSERVE_SUP_SUB');
DELETE FROM RES WHERE RESOURCE_ID IN ('SELFSERVE_SUP_SUB');

INSERT INTO RES (RESOURCE_ID, RESOURCE_TYPE_ID, DESCRIPTION, NAME, URL) VALUES ('SELFSERVE_SUP_SUB', 'MENU_ITEM', 'Superiors and Subordinates', 'SELFSERVE_SUP_SUB', '/selfservice/supSub.html');
INSERT INTO RESOURCE_PROP (RESOURCE_PROP_ID, RESOURCE_ID, NAME, PROP_VALUE) VALUES ('SELFSERVE_SUP_SUB_PUB', 'SELFSERVE_SUP_SUB', 'MENU_IS_PUBLIC', 'true');
INSERT INTO RESOURCE_PROP (RESOURCE_PROP_ID, RESOURCE_ID, NAME, PROP_VALUE) VALUES ('SELFSERVE_SUP_SUB_DESC', 'SELFSERVE_SUP_SUB', 'MENU_DISPLAY_NAME', 'Superiors and Subordinates');

INSERT INTO res_to_res_membership (RESOURCE_ID, MEMBER_RESOURCE_ID) VALUES('SELFSERV_USER_EDIT_ROOT', 'SELFSERVE_SUP_SUB');


/* 2 */

UPDATE RES SET URL = '/webconsole/mngsysAttributes.html' WHERE RESOURCE_ID = 'MNGSYS_ATTR_PAGE';

/* 3 */

DELETE FROM res_to_res_membership WHERE MEMBER_RESOURCE_ID IN ('SELF_USERIDENTITY', 'SELF_LOGIN_LIST', 'SELF_LOGIN_NEW', 'SELF_LOGIN_LIST', 'SELF_LOGIN_ROOT', 'SELFSER_USER_LOGIN', 'SELFSER_USER_NEW_LOGIN');
DELETE FROM res_to_res_membership WHERE RESOURCE_ID IN ('SELF_USERIDENTITY', 'SELF_LOGIN_LIST', 'SELF_LOGIN_NEW', 'SELF_LOGIN_LIST', 'SELF_LOGIN_ROOT', 'SELFSER_USER_LOGIN', 'SELFSER_USER_NEW_LOGIN');
DELETE FROM RESOURCE_USER WHERE RESOURCE_ID IN ('SELF_USERIDENTITY', 'SELF_LOGIN_LIST', 'SELF_LOGIN_NEW', 'SELF_LOGIN_LIST', 'SELF_LOGIN_ROOT', 'SELFSER_USER_LOGIN', 'SELFSER_USER_NEW_LOGIN');
DELETE FROM RESOURCE_ROLE WHERE RESOURCE_ID IN ('SELF_USERIDENTITY', 'SELF_LOGIN_LIST', 'SELF_LOGIN_NEW', 'SELF_LOGIN_LIST', 'SELF_LOGIN_ROOT', 'SELFSER_USER_LOGIN', 'SELFSER_USER_NEW_LOGIN');
DELETE FROM RESOURCE_PROP WHERE RESOURCE_ID IN ('SELF_USERIDENTITY', 'SELF_LOGIN_LIST', 'SELF_LOGIN_NEW', 'SELF_LOGIN_LIST', 'SELF_LOGIN_ROOT', 'SELFSER_USER_LOGIN', 'SELFSER_USER_NEW_LOGIN');
DELETE FROM RESOURCE_GROUP WHERE RESOURCE_ID IN ('SELF_USERIDENTITY', 'SELF_LOGIN_LIST', 'SELF_LOGIN_NEW', 'SELF_LOGIN_LIST', 'SELF_LOGIN_ROOT', 'SELFSER_USER_LOGIN', 'SELFSER_USER_NEW_LOGIN');
DELETE FROM RES WHERE RESOURCE_ID IN ('SELF_USERIDENTITY', 'SELF_LOGIN_LIST', 'SELF_LOGIN_NEW', 'SELF_LOGIN_LIST', 'SELF_LOGIN_ROOT', 'SELFSER_USER_LOGIN', 'SELFSER_USER_NEW_LOGIN');


INSERT INTO RES (RESOURCE_ID, RESOURCE_TYPE_ID, DESCRIPTION, NAME, URL) VALUES ('SELFSER_USER_LOGIN', 'MENU_ITEM', 'Identities', 'SELFSER_USER_LOGIN', '/selfservice/userIdenties.html');
INSERT INTO RESOURCE_PROP (RESOURCE_PROP_ID, RESOURCE_ID, NAME, PROP_VALUE) VALUES ('SELFSER_USER_LOGIN_PUB', 'SELFSER_USER_LOGIN', 'MENU_IS_PUBLIC', 'true');
INSERT INTO RESOURCE_PROP (RESOURCE_PROP_ID, RESOURCE_ID, NAME, PROP_VALUE) VALUES ('SELFSER_USER_LOGIN_DESC', 'SELFSER_USER_LOGIN', 'MENU_DISPLAY_NAME', 'Identities');

INSERT INTO RES (RESOURCE_ID, RESOURCE_TYPE_ID, DESCRIPTION, NAME, URL) VALUES ('SELFSER_USER_NEW_LOGIN', 'MENU_ITEM', 'Create New Identity', 'SELFSER_USER_NEW_LOGIN', '/selfservice/identity.html');
INSERT INTO RESOURCE_PROP (RESOURCE_PROP_ID, RESOURCE_ID, NAME, PROP_VALUE) VALUES ('SELFSER_USER_NEW_LOGIN_PUB', 'SELFSER_USER_NEW_LOGIN', 'MENU_IS_PUBLIC', 'true');
INSERT INTO RESOURCE_PROP (RESOURCE_PROP_ID, RESOURCE_ID, NAME, PROP_VALUE) VALUES ('SELFSER_USER_NEW_LOGIN_DESC', 'SELFSER_USER_NEW_LOGIN', 'MENU_DISPLAY_NAME', 'Create New Identity');

INSERT INTO res_to_res_membership (RESOURCE_ID, MEMBER_RESOURCE_ID) VALUES('SELFSERV_USER_EDIT_ROOT', 'SELFSER_USER_LOGIN');
INSERT INTO res_to_res_membership (RESOURCE_ID, MEMBER_RESOURCE_ID) VALUES('SELFSERV_USER_EDIT_ROOT', 'SELFSER_USER_NEW_LOGIN');


/* 4 */
UPDATE POLICY_DEF_PARAM SET PARAM_GROUP='PSWD_COMPOSITION' WHERE DEF_PARAM_ID='180';
UPDATE POLICY_DEF_PARAM SET PARAM_GROUP='PSWD_COMPOSITION' WHERE DEF_PARAM_ID='181';

ALTER TABLE AUTH_RESOURCE_ATTRIBUTE_MAP ALTER COLUMN AM_RES_ATTRIBUTE_ID NVARCHAR(32);

/* 1 */
ALTER TABLE USER_ROLE DROP COLUMN CREATED_BY;
ALTER TABLE USER_ROLE DROP COLUMN END_DATE;
ALTER TABLE USER_ROLE DROP COLUMN START_DATE;
ALTER TABLE USER_ROLE DROP COLUMN CREATE_DATE;
ALTER TABLE USER_ROLE DROP COLUMN STATUS;
ALTER TABLE USER_ROLE DROP COLUMN USER_ROLE_ID;
ALTER TABLE USER_GRP DROP COLUMN CREATED_BY;
ALTER TABLE USER_GRP DROP COLUMN END_DATE;
ALTER TABLE USER_GRP DROP COLUMN START_DATE;
ALTER TABLE USER_GRP DROP COLUMN CREATE_DATE;

Declare @v_constraintname NVARCHAR(max)

set @v_constraintname ='ALTER TABLE USER_GRP DROP CONSTRAINT '

set @v_constraintname = @v_constraintname + (select c_obj.name as CONSTRAINT_NAME
from sysobjects c_obj
join syscomments com on c_obj.id = com.id
join sysobjects t_obj on c_obj.parent_obj = t_obj.id 
join sysconstraints con on c_obj.id = con.constid
join syscolumns col on t_obj.id = col.id
and con.colid = col.colid
where
c_obj.uid = user_id()
and c_obj.xtype = 'D'
and t_obj.name='USER_GRP' and col.name='STATUS')

exec(@v_constraintname)

GO

ALTER TABLE USER_GRP DROP COLUMN STATUS;


DECLARE @table NVARCHAR(512), @sql NVARCHAR(MAX);

SELECT @table = N'USER_GRP';

SELECT @sql = 'ALTER TABLE ' + @table 
    + ' DROP CONSTRAINT ' + name + ';'
    FROM sys.key_constraints
    WHERE [type] = 'PK'
    AND [parent_object_id] = OBJECT_ID(@table);

EXEC sp_executeSQL @sql;

ALTER TABLE USER_GRP DROP COLUMN USER_GRP_ID;

ALTER TABLE RESOURCE_USER DROP COLUMN END_DATE;
ALTER TABLE RESOURCE_USER DROP COLUMN STATUS;
ALTER TABLE RESOURCE_USER DROP COLUMN OP_AGAINST_ROLE;
ALTER TABLE RESOURCE_USER DROP COLUMN PRIVILEGE_LIST;


SELECT @table = N'RESOURCE_USER';

SELECT @sql = 'ALTER TABLE ' + @table 
    + ' DROP CONSTRAINT ' + name + ';'
    FROM sys.key_constraints
    WHERE [type] = 'PK'
    AND [parent_object_id] = OBJECT_ID(@table);

EXEC sp_executeSQL @sql;

ALTER TABLE RESOURCE_USER DROP COLUMN RESOURCE_USER_ID;

ALTER TABLE RESOURCE_USER ALTER COLUMN START_DATE DATETIME;
ALTER TABLE RESOURCE_USER ADD DEFAULT GETDATE() FOR START_DATE;
ALTER TABLE RESOURCE_USER ADD CONSTRAINT RESOURCE_USER_PK PRIMARY KEY (RESOURCE_ID, USER_ID);

ALTER TABLE USER_AFFILIATION DROP COLUMN CREATED_BY;
ALTER TABLE USER_AFFILIATION DROP COLUMN END_DATE;
ALTER TABLE USER_AFFILIATION DROP COLUMN START_DATE;
ALTER TABLE USER_AFFILIATION DROP COLUMN STATUS;

SELECT @table = N'USER_AFFILIATION';

SELECT @sql = 'ALTER TABLE ' + @table 
    + ' DROP CONSTRAINT ' + name + ';'
    FROM sys.key_constraints
    WHERE [type] = 'PK'
    AND [parent_object_id] = OBJECT_ID(@table);

EXEC sp_executeSQL @sql;

ALTER TABLE USER_AFFILIATION DROP COLUMN USER_AFFILIATION_ID;
ALTER TABLE USER_AFFILIATION ALTER COLUMN CREATE_DATE DATETIME;
ALTER TABLE USER_AFFILIATION ADD DEFAULT GETDATE() FOR CREATE_DATE;
ALTER TABLE USER_AFFILIATION ADD CONSTRAINT USER_AFFILIATION_PK PRIMARY KEY (COMPANY_ID, USER_ID);

ALTER TABLE RESOURCE_GROUP DROP COLUMN END_DATE;

SELECT @table = N'RESOURCE_GROUP';

SELECT @sql = 'ALTER TABLE ' + @table 
    + ' DROP CONSTRAINT ' + name + ';'
    FROM sys.key_constraints
    WHERE [type] = 'PK'
    AND [parent_object_id] = OBJECT_ID(@table);

EXEC sp_executeSQL @sql;

ALTER TABLE RESOURCE_GROUP DROP COLUMN RES_GROUP_ID;
ALTER TABLE RESOURCE_GROUP ADD CONSTRAINT RESOURCE_GROUP_PK PRIMARY KEY (RESOURCE_ID, GRP_ID);

ALTER TABLE RESOURCE_ROLE DROP COLUMN END_DATE;


/* 2 */

ALTER TABLE MANAGED_SYS DROP CONSTRAINT FK_MNG_SYS_PROV_CON;
ALTER TABLE MANAGED_SYS ADD CONSTRAINT FK_MNG_SYS_PROV_CON FOREIGN KEY (CONNECTOR_ID ) REFERENCES PROVISION_CONNECTOR (CONNECTOR_ID );

ALTER TABLE AUTH_PROVIDER DROP CONSTRAINT FK_MNG_AUTH_PROVIDER ;
ALTER TABLE AUTH_PROVIDER ADD CONSTRAINT FK_MNG_AUTH_PROVIDER FOREIGN KEY (MANAGED_SYS_ID ) REFERENCES MANAGED_SYS (MANAGED_SYS_ID );

ALTER TABLE MNG_SYS_OBJECT_MATCH DROP CONSTRAINT FK_MNG_SYS_OBJ_MATC ;
ALTER TABLE MNG_SYS_OBJECT_MATCH ADD CONSTRAINT FK_MNG_SYS_OBJ_MATC FOREIGN KEY (MANAGED_SYS_ID ) REFERENCES MANAGED_SYS (MANAGED_SYS_ID );

ALTER TABLE AUTH_PROVIDER_ATTRIBUTE DROP CONSTRAINT FK_PROVIDER_PROVIDER_ATTRIBUTE;
ALTER TABLE AUTH_PROVIDER_ATTRIBUTE ADD CONSTRAINT FK_PROVIDER_PROVIDER_ATTRIBUTE FOREIGN KEY (PROVIDER_ID ) REFERENCES AUTH_PROVIDER (PROVIDER_ID );


/* 3 */
ALTER TABLE GRP DROP COLUMN OWNER_ID;
ALTER TABLE GRP DROP COLUMN PROVISION_METHOD;
ALTER TABLE GRP DROP COLUMN PROVISION_OBJ_NAME;
ALTER TABLE GRP DROP CONSTRAINT FK_GRP_METADATA_TYPE;

DROP INDEX FK_GRP_METADATA_TYPE ON GRP;

ALTER TABLE GRP DROP COLUMN TYPE_ID;
ALTER TABLE GRP DROP COLUMN INTERNAL_GROUP_ID;
ALTER TABLE GRP DROP COLUMN EXTERNAL_GRP_NAME;
ALTER TABLE GRP ADD MANAGED_SYS_ID NVARCHAR(32) NULL;
ALTER TABLE GRP ADD CONSTRAINT GRP_MNG_SYS_FK FOREIGN KEY (MANAGED_SYS_ID ) REFERENCES MANAGED_SYS (MANAGED_SYS_ID );

/* 4 */


DROP TABLE IDM_AUDIT_LOG_CUSTOM;
DROP TABLE IDM_AUDIT_LOG;

CREATE TABLE OPENIAM_LOG (
	OPENIAM_LOG_ID NVARCHAR(32) NOT NULL,
	USER_ID NVARCHAR(32) NULL,
	PRINCIPAL NVARCHAR(320) NULL,
	MANAGED_SYS_ID NVARCHAR(32) NULL,
	CREATED_DATETIME DATETIME DEFAULT GETDATE() NULL,
	SOURCE NVARCHAR(50) NULL,
	CLIENT_IP NVARCHAR(50) NULL,
	NODE_ID NVARCHAR(50) NULL,
	LOG_ACTION NVARCHAR(50) NULL,
	RESULT NVARCHAR(50) NULL,
	SESSION_ID NVARCHAR(100) NULL,
	HASH NVARCHAR(100) NOT NULL,
	CORRELATION_ID NVARCHAR(32) NULL,
	CONSTRAINT OPENIAM_LOG_PK PRIMARY KEY(OPENIAM_LOG_ID)
);

CREATE TABLE OPENIAM_LOG_TARGET (
	OPENIAM_LOG_TARGET_ID NVARCHAR(32) NOT NULL,
	OPENIAM_LOG_ID NVARCHAR(32) NOT NULL,
	TARGET_ID NVARCHAR(32) NULL,
	TARGET_TYPE NVARCHAR(70) NULL,
	CONSTRAINT OPENIAM_LOG_TARGET_PK PRIMARY KEY(OPENIAM_LOG_TARGET_ID)
);

CREATE TABLE OPENIAM_LOG_ATTRIBUTE (
	OPENIAM_LOG_ATTRIBUTE_ID NVARCHAR(32) NOT NULL,
	OPENIAM_LOG_ID NVARCHAR(32) NOT NULL,
	NAME NVARCHAR(100) NULL,
	VALUE NVARCHAR(MAX) NULL,
	CONSTRAINT OPENIAM_LOG_ATTRIBUTE_PK PRIMARY KEY(OPENIAM_LOG_ATTRIBUTE_ID)
);

CREATE TABLE OPENIAM_LOG_LOG_MEMBERSHIP (
	OPENIAM_LOG_ID NVARCHAR(32) NOT NULL,
	OPENIAM_MEMBER_LOG_ID NVARCHAR(32) NOT NULL
);


/* 5 */

ALTER TABLE ROLE DROP COLUMN INTERNAL_ROLE_ID;
ALTER TABLE ROLE DROP COLUMN TYPE_ID;
ALTER TABLE ROLE DROP COLUMN OWNER_ID;
GO
ALTER TABLE ROLE ADD MANAGED_SYS_ID NVARCHAR(32) NULL;
ALTER TABLE ROLE ADD CONSTRAINT ROLE_MNG_SYS_FK FOREIGN KEY (MANAGED_SYS_ID ) REFERENCES MANAGED_SYS (MANAGED_SYS_ID );

/* 1 */

DELETE FROM res_to_res_membership WHERE MEMBER_RESOURCE_ID IN ('RES_ATTR_PAGE', 'RESAPPROVER', 'RESENTITLEMENT', 'ROLE_ATTRIBUTES', 'GROUP_ATTRIBUTES', 'ORG_ATTRIBUTES', 'MNGSYS_ATTR_PAGE', '255');
DELETE FROM res_to_res_membership WHERE RESOURCE_ID IN ('RES_ATTR_PAGE', 'RESAPPROVER', 'RESENTITLEMENT', 'ROLE_ATTRIBUTES', 'GROUP_ATTRIBUTES', 'ORG_ATTRIBUTES', 'MNGSYS_ATTR_PAGE', '255');
DELETE FROM RESOURCE_USER WHERE RESOURCE_ID IN ('RES_ATTR_PAGE', 'RESAPPROVER', 'RESENTITLEMENT', 'ROLE_ATTRIBUTES', 'GROUP_ATTRIBUTES', 'ORG_ATTRIBUTES', 'MNGSYS_ATTR_PAGE', '255');
DELETE FROM RESOURCE_ROLE WHERE RESOURCE_ID IN ('RES_ATTR_PAGE', 'RESAPPROVER', 'RESENTITLEMENT', 'ROLE_ATTRIBUTES', 'GROUP_ATTRIBUTES', 'ORG_ATTRIBUTES', 'MNGSYS_ATTR_PAGE', '255');
DELETE FROM RESOURCE_PROP WHERE RESOURCE_ID IN ('RES_ATTR_PAGE', 'RESAPPROVER', 'RESENTITLEMENT', 'ROLE_ATTRIBUTES', 'GROUP_ATTRIBUTES', 'ORG_ATTRIBUTES', 'MNGSYS_ATTR_PAGE', '255');
DELETE FROM RESOURCE_GROUP WHERE RESOURCE_ID IN ('RES_ATTR_PAGE', 'RESAPPROVER', 'RESENTITLEMENT', 'ROLE_ATTRIBUTES', 'GROUP_ATTRIBUTES', 'ORG_ATTRIBUTES', 'MNGSYS_ATTR_PAGE', '255');
DELETE FROM RES WHERE RESOURCE_ID IN ('RES_ATTR_PAGE', 'RESAPPROVER', 'RESENTITLEMENT', 'ROLE_ATTRIBUTES', 'GROUP_ATTRIBUTES', 'ORG_ATTRIBUTES', 'MNGSYS_ATTR_PAGE', '255');

DELETE FROM RESOURCE_PROP WHERE RESOURCE_ID IN('ACCESSCENTER');
INSERT INTO RESOURCE_PROP (RESOURCE_PROP_ID, RESOURCE_ID, NAME, PROP_VALUE) VALUES('ACCESSCENTER_MENU_DISPLAY', 'ACCESSCENTER', 'MENU_DISPLAY_NAME', 'Access Management');
INSERT INTO RESOURCE_PROP (RESOURCE_PROP_ID, RESOURCE_ID, NAME, PROP_VALUE) VALUES('ACCESSCENTER_MENU_ICON', 'ACCESSCENTER', 'MENU_ICON', '/openiam-ui-static/images/common/icons/access_control.png');

/* 2 */

DELETE FROM POLICY_ATTRIBUTE WHERE DEF_PARAM_ID IN('131','141', '180', '181', '182', '183');
DELETE FROM POLICY_DEF_PARAM WHERE DEF_PARAM_ID IN('131','141', '182','183');
INSERT INTO POLICY_ATTRIBUTE (POLICY_ATTR_ID, DEF_PARAM_ID, POLICY_ID, NAME, VALUE1, REQUIRED) VALUES ('4052', '180', '4000', 'MIN_WORDS_PASSPHRASE', '', 'Y');
INSERT INTO POLICY_ATTRIBUTE (POLICY_ATTR_ID, DEF_PARAM_ID, POLICY_ID, NAME, VALUE1, REQUIRED) VALUES ('4053', '181', '4000', 'REPEAT_SAME_WORD_PASSPHRASE', '', 'Y');
INSERT INTO POLICY_DEF_PARAM (DEF_PARAM_ID, POLICY_DEF_ID, NAME, DESCRIPTION, PARAM_GROUP, POLICY_PARAM_HANDLER) VALUES ('182', '100', 'LIMIT_NUM_REPEAT_CHAR', 'Limit the repetition of same character', 'PSWD_COMPOSITION', 'org.openiam.idm.srvc.pswd.rule.LimitNumberRepeatCharRule');
INSERT INTO POLICY_ATTRIBUTE (POLICY_ATTR_ID, DEF_PARAM_ID, POLICY_ID, NAME, REQUIRED) VALUES ('4054', '182', '4000', 'LIMIT_NUM_REPEAT_CHAR', 'Y');
INSERT INTO POLICY_DEF_PARAM (DEF_PARAM_ID, POLICY_DEF_ID, NAME, DESCRIPTION, PARAM_GROUP, POLICY_PARAM_HANDLER) VALUES ('183', '100', 'PWD_PASSWORD', 'Cannot repeat same Password', 'PSWD_COMPOSITION','org.openiam.idm.srvc.pswd.rule.PasswordNotPasswordRule');
INSERT INTO POLICY_ATTRIBUTE (POLICY_ATTR_ID, DEF_PARAM_ID, POLICY_ID, NAME, REQUIRED) VALUES ('4200', '183', '4000', 'PWD_PASSWORD', 'Y');

/* 3 */

DELETE FROM POLICY_ATTRIBUTE WHERE POLICY_ATTR_ID IN('NUM_DAYS_FRGT_PWD_TOKEN_VALID');
DELETE FROM POLICY_DEF_PARAM WHERE DEF_PARAM_ID IN('NUM_DAYS_FRGT_PWD_TOKEN_VALID');

INSERT INTO POLICY_DEF_PARAM (DEF_PARAM_ID, POLICY_DEF_ID, NAME, DESCRIPTION, PARAM_GROUP) VALUES ('NUM_DAYS_FRGT_PWD_TOKEN_VALID', '100', 'NUM_DAYS_FORGET_PWD_TOKEN_VALID', 'Number of days the forgot password token is valid', 'FORGET_PSWD');
INSERT INTO POLICY_ATTRIBUTE (POLICY_ATTR_ID, DEF_PARAM_ID, POLICY_ID, NAME, REQUIRED) VALUES ('NUM_DAYS_FRGT_PWD_TOKEN_VALID', 'NUM_DAYS_FRGT_PWD_TOKEN_VALID', '4000', 'NUM_DAYS_FORGET_PWD_TOKEN_VALID', 'Y');


/* 4 */

DELETE FROM RESOURCE_PROP WHERE RESOURCE_ID IN('WEB_REPORT', 'SELFSERVICE_REPORT');

INSERT INTO RESOURCE_PROP (RESOURCE_PROP_ID, RESOURCE_ID, NAME, PROP_VALUE) VALUES('WEB_REPORT_DESC', 'WEB_REPORT', 'MENU_DISPLAY_NAME', 'Report');
INSERT INTO RESOURCE_PROP (RESOURCE_PROP_ID, RESOURCE_ID, NAME, PROP_VALUE) VALUES('WEB_REPORT_PUB', 'WEB_REPORT', 'MENU_IS_PUBLIC', 'true');
INSERT INTO RESOURCE_PROP (RESOURCE_PROP_ID, RESOURCE_ID, NAME, PROP_VALUE) VALUES('WEB_REPORT_DISPLAY', 'WEB_REPORT', 'MENU_ICON', '/openiam-ui-static/images/common/icons/reports.png');

INSERT INTO RESOURCE_PROP (RESOURCE_PROP_ID, RESOURCE_ID, NAME, PROP_VALUE) VALUES('SELFSERVICE_REPORT_DESC', 'SELFSERVICE_REPORT', 'MENU_DISPLAY_NAME', 'Report');
INSERT INTO RESOURCE_PROP (RESOURCE_PROP_ID, RESOURCE_ID, NAME, PROP_VALUE) VALUES('SELFSERVICE_REPORT_PUB', 'SELFSERVICE_REPORT', 'MENU_IS_PUBLIC', 'true');
INSERT INTO RESOURCE_PROP (RESOURCE_PROP_ID, RESOURCE_ID, NAME, PROP_VALUE) VALUES('SELFSERVICE_REPORT_DISPLAY', 'SELFSERVICE_REPORT', 'MENU_ICON', '/openiam-ui-static/images/common/icons/reports.png');


/* 5 */

DELETE FROM RESOURCE_PROP WHERE  RESOURCE_ID = 'SELFSRVS_ACCESS_MNGMNT_ORG';
DELETE FROM res_to_res_membership WHERE MEMBER_RESOURCE_ID = 'SELFSRVS_ACCESS_MNGMNT_ORG';
DELETE FROM RES WHERE RESOURCE_ID = 'SELFSRVS_ACCESS_MNGMNT_ORG';

DELETE FROM RESOURCE_PROP WHERE  RESOURCE_ID = 'SELFSRVS_ACCESS_MNGMNT';
DELETE FROM res_to_res_membership WHERE MEMBER_RESOURCE_ID = 'SELFSRVS_ACCESS_MNGMNT';
DELETE FROM RES WHERE RESOURCE_ID = 'SELFSRVS_ACCESS_MNGMNT';

DELETE FROM RESOURCE_PROP WHERE  RESOURCE_ID = 'SELF_SUB_ORGS_NEW';
DELETE FROM res_to_res_membership WHERE MEMBER_RESOURCE_ID = 'SELF_SUB_ORGS_NEW';
DELETE FROM RES WHERE RESOURCE_ID = 'SELF_SUB_ORGS_NEW';

DELETE FROM RESOURCE_PROP WHERE  RESOURCE_ID = 'SELF_SUB_ORGS_SEARCH';
DELETE FROM res_to_res_membership WHERE MEMBER_RESOURCE_ID = 'SELF_SUB_ORGS_SEARCH';
DELETE FROM RES WHERE RESOURCE_ID = 'SELF_SUB_ORGS_SEARCH';

DELETE FROM RESOURCE_PROP WHERE  RESOURCE_ID = 'SELF_SUB_ORGS_EDIT';
DELETE FROM res_to_res_membership WHERE MEMBER_RESOURCE_ID = 'SELF_SUB_ORGS_EDIT';
DELETE FROM RES WHERE RESOURCE_ID = 'SELF_SUB_ORGS_EDIT';

DELETE FROM RESOURCE_PROP WHERE  RESOURCE_ID = 'SELF_SUB_ORGS_MEMEBERSHIP';
DELETE FROM res_to_res_membership WHERE MEMBER_RESOURCE_ID = 'SELF_SUB_ORGS_MEMEBERSHIP';
DELETE FROM RES WHERE RESOURCE_ID = 'SELF_SUB_ORGS_MEMEBERSHIP';

DELETE FROM RES WHERE RESOURCE_ID = 'SELF_SUB_ORGS_ROOT';
DELETE FROM RES WHERE RESOURCE_ID = 'SELF_SUB_ORGS_EDIT_ROOT';


INSERT INTO RES (RESOURCE_ID, RESOURCE_TYPE_ID, DESCRIPTION, NAME, DISPLAY_ORDER, URL) VALUES ('SELFSRVS_ACCESS_MNGMNT', 'MENU_ITEM', 'Access Managment', 'SELFSRVS_ACCESS_MNGMNT', 6, '');
INSERT INTO RESOURCE_PROP (RESOURCE_PROP_ID, RESOURCE_ID, NAME, PROP_VALUE) VALUES ('SS_ACC_MNGMNT_DESC', 'SELFSRVS_ACCESS_MNGMNT', 'MENU_DISPLAY_NAME', 'Access managment');
INSERT INTO RESOURCE_PROP (RESOURCE_PROP_ID, RESOURCE_ID, NAME, PROP_VALUE) VALUES ('SS_ACC_MNGMNT_MENU_ICON', 'SELFSRVS_ACCESS_MNGMNT', 'MENU_ICON', '/openiam-ui-static/images/common/icons/access_control.png');
INSERT INTO RESOURCE_PROP (RESOURCE_PROP_ID, RESOURCE_ID, NAME, PROP_VALUE) VALUES ('SS_ACC_MNGMNT_MENU_PUB', 'SELFSRVS_ACCESS_MNGMNT', 'MENU_IS_PUBLIC', 'true');
INSERT INTO res_to_res_membership (MEMBER_RESOURCE_ID, RESOURCE_ID) VALUES ('SELFSRVS_ACCESS_MNGMNT', 'SELFSERVICE');

INSERT INTO RES (RESOURCE_ID, RESOURCE_TYPE_ID, DESCRIPTION, NAME, DISPLAY_ORDER, URL) VALUES ('SELFSRVS_ACCESS_MNGMNT_ORG', 'MENU_ITEM', 'Selfservice organization', 'SELFSRVS_ACCESS_MNGMNT_ORG', 1, '/selfservice/organizations.html');
INSERT INTO RESOURCE_PROP (RESOURCE_PROP_ID, RESOURCE_ID, NAME, PROP_VALUE) VALUES ('SELFSRVS_ACCESS_MNGMNT_ORG_DESC', 'SELFSRVS_ACCESS_MNGMNT_ORG', 'MENU_DISPLAY_NAME', 'Organizations');
INSERT INTO res_to_res_membership (MEMBER_RESOURCE_ID, RESOURCE_ID) VALUES ('SELFSRVS_ACCESS_MNGMNT_ORG', 'SELFSRVS_ACCESS_MNGMNT');

INSERT INTO RES (RESOURCE_ID, RESOURCE_TYPE_ID, DESCRIPTION, NAME, DISPLAY_ORDER, URL) VALUES ('SELF_SUB_ORGS_ROOT', 'MENU_ITEM', 'organizations menu', 'SELF_SUB_ORGS_ROOT', 2, '');

INSERT INTO RES (RESOURCE_ID, RESOURCE_TYPE_ID, DESCRIPTION, NAME, DISPLAY_ORDER, URL) VALUES ('SELF_SUB_ORGS_NEW', 'MENU_ITEM', 'add organization', 'SELF_SUB_ORGS_NEW', 1, '/selfservice/editOrganization.html');
INSERT INTO RESOURCE_PROP (RESOURCE_PROP_ID, RESOURCE_ID, NAME, PROP_VALUE) VALUES ('SS_ACC_MNGMNT_ORG_NEW_DESC', 'SELF_SUB_ORGS_NEW', 'MENU_DISPLAY_NAME', 'New Organization');
INSERT INTO res_to_res_membership (MEMBER_RESOURCE_ID, RESOURCE_ID) VALUES ('SELF_SUB_ORGS_NEW', 'SELF_SUB_ORGS_ROOT');

INSERT INTO RES (RESOURCE_ID, RESOURCE_TYPE_ID, DESCRIPTION, NAME, DISPLAY_ORDER, URL) VALUES ('SELF_SUB_ORGS_SEARCH', 'MENU_ITEM', 'add organization', 'SELF_SUB_ORGS_SEARCH', 1, '/selfservice/organizations.html');
INSERT INTO RESOURCE_PROP (RESOURCE_PROP_ID, RESOURCE_ID, NAME, PROP_VALUE) VALUES ('SS_ACC_MG_ORG_SEARCH_DESC', 'SELF_SUB_ORGS_SEARCH', 'MENU_DISPLAY_NAME', 'Search Organization');
INSERT INTO res_to_res_membership (MEMBER_RESOURCE_ID, RESOURCE_ID) VALUES ('SELF_SUB_ORGS_SEARCH', 'SELF_SUB_ORGS_ROOT');


INSERT INTO RES (RESOURCE_ID, RESOURCE_TYPE_ID, DESCRIPTION, NAME, DISPLAY_ORDER, URL) VALUES ('SELF_SUB_ORGS_EDIT_ROOT', 'MENU_ITEM', 'organizations menu', 'SELF_SUB_ORGS_EDIT_ROOT', 2, '');

INSERT INTO RES (RESOURCE_ID, RESOURCE_TYPE_ID, DESCRIPTION, NAME, DISPLAY_ORDER, URL) VALUES ('SELF_SUB_ORGS_EDIT', 'MENU_ITEM', 'add organization', 'SELF_SUB_ORGS_EDIT', 1, '/selfservice/editOrganization.html');
INSERT INTO RESOURCE_PROP (RESOURCE_PROP_ID, RESOURCE_ID, NAME, PROP_VALUE) VALUES ('SS_ACC_MNGMNT_ORG_EDIT_DESC', 'SELF_SUB_ORGS_EDIT', 'MENU_DISPLAY_NAME', 'Edit Organization');
INSERT INTO res_to_res_membership (MEMBER_RESOURCE_ID, RESOURCE_ID) VALUES ('SELF_SUB_ORGS_EDIT', 'SELF_SUB_ORGS_EDIT_ROOT');

INSERT INTO RES (RESOURCE_ID, RESOURCE_TYPE_ID, DESCRIPTION, NAME, DISPLAY_ORDER, URL) VALUES ('SELF_SUB_ORGS_MEMEBERSHIP', 'MENU_ITEM', 'add organization', 'SELF_SUB_ORGS_MEMEBERSHIP', 1, '/selfservice/membership-organizations.html');
INSERT INTO RESOURCE_PROP (RESOURCE_PROP_ID, RESOURCE_ID, NAME, PROP_VALUE) VALUES ('SS_ACC_ORG_MEM_DESC', 'SELF_SUB_ORGS_MEMEBERSHIP', 'MENU_DISPLAY_NAME', 'Organization Membership');
INSERT INTO res_to_res_membership (MEMBER_RESOURCE_ID, RESOURCE_ID) VALUES ('SELF_SUB_ORGS_MEMEBERSHIP', 'SELF_SUB_ORGS_EDIT_ROOT');



/* 6 */

DELETE FROM MNG_SYS_OBJECT_MATCH WHERE MANAGED_SYS_ID IN('SELFSERVICE_NEWHIRE', 'SELFSERVICE_CREATEREQUEST', 'SELFSERVICE_PROFILE', '200', '201', '202');
DELETE FROM MANAGED_SYS_ATTRIBUTE WHERE MANAGED_SYS_ID IN('SELFSERVICE_NEWHIRE', 'SELFSERVICE_CREATEREQUEST', 'SELFSERVICE_PROFILE', '200', '201', '202');
DELETE FROM MNG_SYS_GROUP WHERE MANAGED_SYS_ID IN('SELFSERVICE_NEWHIRE', 'SELFSERVICE_CREATEREQUEST', 'SELFSERVICE_PROFILE', '200', '201', '202');
DELETE FROM REQ_APPROVER WHERE MANAGED_SYS_ID IN('SELFSERVICE_NEWHIRE', 'SELFSERVICE_CREATEREQUEST', 'SELFSERVICE_PROFILE', '200', '201', '202');
DELETE FROM MNG_SYS_LIST WHERE MANAGED_SYS_ID IN('SELFSERVICE_NEWHIRE', 'SELFSERVICE_CREATEREQUEST', 'SELFSERVICE_PROFILE', '200', '201', '202');
DELETE FROM ATTRIBUTE_MAP WHERE MANAGED_SYS_ID IN('SELFSERVICE_NEWHIRE', 'SELFSERVICE_CREATEREQUEST', 'SELFSERVICE_PROFILE', '200', '201', '202');
DELETE FROM SYNCH_CONFIG WHERE MANAGED_SYS_ID IN('SELFSERVICE_NEWHIRE', 'SELFSERVICE_CREATEREQUEST', 'SELFSERVICE_PROFILE', '200', '201', '202');
DELETE FROM SYNCH_CONFIG WHERE MATCH_MANAGED_SYS_ID IN('SELFSERVICE_NEWHIRE', 'SELFSERVICE_CREATEREQUEST', 'SELFSERVICE_PROFILE', '200', '201', '202');
DELETE FROM AUTH_PROVIDER WHERE MANAGED_SYS_ID IN('SELFSERVICE_NEWHIRE', 'SELFSERVICE_CREATEREQUEST', 'SELFSERVICE_PROFILE', '200', '201', '202');
DELETE FROM MANAGED_SYS_RULE WHERE MANAGED_SYS_ID IN('SELFSERVICE_NEWHIRE', 'SELFSERVICE_CREATEREQUEST', 'SELFSERVICE_PROFILE', '200', '201', '202');
DELETE FROM CONTENT_PROVIDER_SERVER WHERE CONTENT_PROVIDER_ID IN(
	SELECT CONTENT_PROVIDER_ID FROM CONTENT_PROVIDER WHERE MANAGED_SYS_ID IN('SELFSERVICE_NEWHIRE', 'SELFSERVICE_CREATEREQUEST', 'SELFSERVICE_PROFILE', '200', '201', '202')
);
DELETE FROM URI_PATTERN_META_VALUE WHERE URI_PATTERN_META_ID IN(
	SELECT URI_PATTERN_META_ID FROM URI_PATTERN_META WHERE URI_PATTERN_ID IN(
		SELECT URI_PATTERN_ID FROM URI_PATTERN WHERE CONTENT_PROVIDER_ID IN(	
			SELECT CONTENT_PROVIDER_ID FROM CONTENT_PROVIDER WHERE MANAGED_SYS_ID IN('SELFSERVICE_NEWHIRE', 'SELFSERVICE_CREATEREQUEST', 'SELFSERVICE_PROFILE', '200', '201', '202')
		)
	)
);
DELETE FROM URI_PATTERN_META WHERE URI_PATTERN_ID IN(
	SELECT URI_PATTERN_ID FROM URI_PATTERN WHERE CONTENT_PROVIDER_ID IN(	
		SELECT CONTENT_PROVIDER_ID FROM CONTENT_PROVIDER WHERE MANAGED_SYS_ID IN('SELFSERVICE_NEWHIRE', 'SELFSERVICE_CREATEREQUEST', 'SELFSERVICE_PROFILE', '200', '201', '202')
	)
);
DELETE FROM URI_PATTERN WHERE CONTENT_PROVIDER_ID IN(
	SELECT CONTENT_PROVIDER_ID FROM CONTENT_PROVIDER WHERE MANAGED_SYS_ID IN('SELFSERVICE_NEWHIRE', 'SELFSERVICE_CREATEREQUEST', 'SELFSERVICE_PROFILE', '200', '201', '202')
);
DELETE FROM CONTENT_PROVIDER WHERE MANAGED_SYS_ID IN('SELFSERVICE_NEWHIRE', 'SELFSERVICE_CREATEREQUEST', 'SELFSERVICE_PROFILE', '200', '201', '202');
DELETE FROM GRP WHERE MANAGED_SYS_ID IN('SELFSERVICE_NEWHIRE', 'SELFSERVICE_CREATEREQUEST', 'SELFSERVICE_PROFILE', '200', '201', '202');
DELETE FROM LOGIN WHERE MANAGED_SYS_ID IN('SELFSERVICE_NEWHIRE', 'SELFSERVICE_CREATEREQUEST', 'SELFSERVICE_PROFILE', '200', '201', '202');
-----
DELETE FROM RES WHERE MANAGED_SYS_ID IN('SELFSERVICE_NEWHIRE', 'SELFSERVICE_CREATEREQUEST', 'SELFSERVICE_PROFILE', '200', '201', '202');
DELETE FROM RESOURCE_PROP WHERE RESOURCE_ID IN (SELECT RESOURCE_ID FROM RES WHERE MANAGED_SYS_ID IN('SELFSERVICE_NEWHIRE', 'SELFSERVICE_CREATEREQUEST', 'SELFSERVICE_PROFILE', '200', '201', '202'));
DELETE FROM res_to_res_membership WHERE RESOURCE_ID IN (SELECT RESOURCE_ID FROM RES WHERE MANAGED_SYS_ID IN('SELFSERVICE_NEWHIRE', 'SELFSERVICE_CREATEREQUEST', 'SELFSERVICE_PROFILE', '200', '201', '202'));
DELETE FROM res_to_res_membership WHERE MEMBER_RESOURCE_ID IN (SELECT RESOURCE_ID FROM RES WHERE MANAGED_SYS_ID IN('SELFSERVICE_NEWHIRE', 'SELFSERVICE_CREATEREQUEST', 'SELFSERVICE_PROFILE', '200', '201', '202'));
-----
DELETE FROM MANAGED_SYS WHERE MANAGED_SYS_ID IN('SELFSERVICE_NEWHIRE', 'SELFSERVICE_CREATEREQUEST', 'SELFSERVICE_PROFILE', '200', '201', '202');



/* 7 */
DELETE FROM res_to_res_membership WHERE MEMBER_RESOURCE_ID IN ('SYNCLOG');
DELETE FROM res_to_res_membership WHERE RESOURCE_ID IN ('SYNCLOG');
DELETE FROM RESOURCE_USER WHERE RESOURCE_ID IN ('SYNCLOG');
DELETE FROM RESOURCE_ROLE WHERE RESOURCE_ID IN ('SYNCLOG');
DELETE FROM RESOURCE_PROP WHERE RESOURCE_ID IN ('SYNCLOG');
DELETE FROM RESOURCE_GROUP WHERE RESOURCE_ID IN ('SYNCLOG');
DELETE FROM RES WHERE RESOURCE_ID IN ('SYNCLOG');


INSERT INTO RES (RESOURCE_ID, RESOURCE_TYPE_ID, DESCRIPTION, NAME, DISPLAY_ORDER, URL) VALUES ('SYNCLOG', 'MENU_ITEM', 'Log Viewer', 'SYNCLOG', 1, '/webconsole/viewAuditLog.html');
INSERT INTO RESOURCE_PROP (RESOURCE_PROP_ID, RESOURCE_ID, NAME, PROP_VALUE) VALUES ('SYNCLOG_ADMIN_DESC', 'SYNCLOG', 'MENU_DISPLAY_NAME', 'Log Viewer');
INSERT INTO RESOURCE_PROP (RESOURCE_PROP_ID, RESOURCE_ID, NAME, PROP_VALUE) VALUES ('SYNCLOG_ADMIN_PUB', 'SYNCLOG', 'MENU_IS_PUBLIC', 'true');
INSERT INTO res_to_res_membership (MEMBER_RESOURCE_ID, RESOURCE_ID) VALUES ('SYNCLOG', 'ADMIN');


/* 8 */

DELETE FROM res_to_res_membership WHERE MEMBER_RESOURCE_ID IN ('SELFSRVS_ACCESS_MNGMNT', 'SELFSRVS_ACCESS_MNGMNT_ORG');
DELETE FROM res_to_res_membership WHERE RESOURCE_ID IN ('SELFSRVS_ACCESS_MNGMNT', 'SELFSRVS_ACCESS_MNGMNT_ORG');
DELETE FROM RESOURCE_USER WHERE RESOURCE_ID IN ('SELFSRVS_ACCESS_MNGMNT');
DELETE FROM RESOURCE_ROLE WHERE RESOURCE_ID IN ('SELFSRVS_ACCESS_MNGMNT');
DELETE FROM RESOURCE_PROP WHERE RESOURCE_ID IN ('SELFSRVS_ACCESS_MNGMNT');
DELETE FROM RESOURCE_GROUP WHERE RESOURCE_ID IN ('SELFSRVS_ACCESS_MNGMNT');
DELETE FROM RESOURCE_PROP WHERE RESOURCE_ID IN('SELFSRVS_ACCESS_MNGMNT');
DELETE FROM RES WHERE RESOURCE_ID IN ('SELFSRVS_ACCESS_MNGMNT');

INSERT INTO res_to_res_membership (RESOURCE_ID, MEMBER_RESOURCE_ID) VALUES('ACCESSCENTER', 'SELFSRVS_ACCESS_MNGMNT_ORG');




/* 9 */
UPDATE ATTRIBUTE_MAP SET DATA_TYPE='STRING' WHERE DATA_TYPE='string';
UPDATE ATTRIBUTE_MAP SET DATA_TYPE='MEMBER_OF' WHERE DATA_TYPE='memberOf';
DELETE FROM MNG_SYS_OBJECT_MATCH WHERE MANAGED_SYS_ID = '101' AND OBJECT_SEARCH_ID='100';

DELETE FROM res_to_res_membership WHERE MEMBER_RESOURCE_ID IN ('254');
DELETE FROM res_to_res_membership WHERE RESOURCE_ID IN ('254');
DELETE FROM RESOURCE_USER WHERE RESOURCE_ID IN ('254');
DELETE FROM RESOURCE_ROLE WHERE RESOURCE_ID IN ('254');
DELETE FROM RESOURCE_PROP WHERE RESOURCE_ID IN ('254');
DELETE FROM RESOURCE_GROUP WHERE RESOURCE_ID IN ('254');
DELETE FROM RESOURCE_PROP WHERE RESOURCE_ID IN ('254');
DELETE FROM RES WHERE RESOURCE_ID IN ('254');


ALTER TABLE RES DROP COLUMN MANAGED_SYS_ID;

DROP INDEX FK_RESOURCE_USER_USERS ON RESOURCE_USER;
DROP INDEX RESOURCE_ID_UNIQUE ON RESOURCE_USER;

CREATE UNIQUE INDEX RESOURCE_USER_UNIQUE ON RESOURCE_USER(USER_ID, RESOURCE_ID);

UPDATE RES SET IS_PUBLIC='N' WHERE RESOURCE_ID IN ('SUP_SUB_PAGE','USER_MENUS', 'USER_DELEGATION', 'ROLE_MENUS', 'GROUP_MENUS');	

UPDATE RESOURCE_PROP SET PROP_VALUE='false' WHERE RESOURCE_ID IN ('SUP_SUB_PAGE','USER_MENUS', 'USER_DELEGATION', 'ROLE_MENUS', 'GROUP_MENUS') AND NAME LIKE '%_IS_PUBLIC';


DELETE FROM RESOURCE_USER WHERE RESOURCE_ID IN ('SUP_SUB_PAGE','USER_MENUS', 'USER_DELEGATION', 'ROLE_MENUS', 'GROUP_MENUS') AND USER_ID='3000';
INSERT RESOURCE_USER(RESOURCE_ID, USER_ID) VALUES ('USER_MENUS', '3000');
INSERT RESOURCE_USER(RESOURCE_ID, USER_ID) VALUES ('USER_DELEGATION', '3000');
INSERT RESOURCE_USER(RESOURCE_ID, USER_ID) VALUES ('ROLE_MENUS', '3000');
INSERT RESOURCE_USER(RESOURCE_ID, USER_ID) VALUES ('GROUP_MENUS', '3000');
INSERT RESOURCE_USER(RESOURCE_ID, USER_ID) VALUES ('SUP_SUB_PAGE','3000');

UPDATE IDENTITY_QUESTION SET QUESTION_TEXT='Where did you meet your significant other?' WHERE IDENTITY_QUESTION_ID=217;

ALTER TABLE RECONCILIATION_CONFIG ADD CUSTOM_IDENTITY_MATCH_SCRIPT NVARCHAR(120) NULL;

ALTER TABLE RECONCILIATION_CONFIG ADD MATCH_FIELD_NAME NVARCHAR(40) NULL;
ALTER TABLE RECONCILIATION_CONFIG ADD CUSTOM_MATCH_ATTR NVARCHAR(40) NULL;
ALTER TABLE RECONCILIATION_CONFIG ADD CUSTOM_MATCH_SRC_ATTR NVARCHAR(40) NULL;
ALTER TABLE RECONCILIATION_CONFIG ADD MANAGED_SYS_ID NVARCHAR(32) NULL;

ALTER TABLE RECONCILIATION_CONFIG ADD SEARCH_FILTER NVARCHAR(200) NULL;

ALTER TABLE RECONCILIATION_CONFIG ADD  UPDATED_SINCE DATETIME NULL;
ALTER TABLE RECONCILIATION_CONFIG ADD TARGET_SYS_SEARCH_FILTER NVARCHAR(200) NULL;

ALTER TABLE RECONCILIATION_CONFIG ADD MATCH_SCRIPT NVARCHAR(120) NULL;

ALTER TABLE MANAGED_SYS ADD ATTRIBUTE_NAMES_LOOKUP NVARCHAR(120) NULL;
ALTER TABLE MANAGED_SYS ADD ATTRIBUTE_NAMES_HNDLR NVARCHAR(100) NULL;

DELETE FROM UI_TEMPLATE_FIELDS WHERE UI_FIELD_ID IN('USER_EMAIL_CREATABLE', 'USER_EMAILS_REQUIRED');

INSERT INTO UI_TEMPLATE_FIELDS (UI_FIELD_ID, NAME, TEMPLATE_TYPE_ID, IS_REQUIRED) VALUES('USER_EMAIL_CREATABLE', 'User can create email addresses', 'USER_TEMPLATE', 'N');
INSERT INTO UI_TEMPLATE_FIELDS (UI_FIELD_ID, NAME, TEMPLATE_TYPE_ID, IS_REQUIRED) VALUES('USER_EMAILS_REQUIRED', 'User is required to input at least one email address', 'USER_TEMPLATE', 'N');

ALTER TABLE RECONCILIATION_CONFIG ADD  EXEC_STATUS NVARCHAR(20) NULL;

ALTER TABLE RECONCILIATION_CONFIG ADD  LAST_EXEC_TIME DATETIME NULL;
	
ALTER TABLE OPENIAM_LOG_ATTRIBUTE ADD CREATED_TIMESTAMP BIGINT NULL

ALTER TABLE SYNCH_CONFIG ADD PRE_SYNC_SCRIPT NVARCHAR(80) NULL;

ALTER TABLE SYNCH_CONFIG ADD POST_SYNC_SCRIPT NVARCHAR(80) NULL;
	
ALTER TABLE SYNCH_CONFIG ADD COMPANY_ID NVARCHAR(32) NULL;
	

DELETE FROM ATTRIBUTE_MAP WHERE ATTRIBUTE_MAP_ID = '612';
DELETE FROM ATTRIBUTE_MAP WHERE ATTRIBUTE_MAP_ID = '613';
DELETE FROM ATTRIBUTE_MAP WHERE ATTRIBUTE_MAP_ID = '614';
DELETE FROM ATTRIBUTE_MAP WHERE ATTRIBUTE_MAP_ID = '615';
DELETE FROM ATTRIBUTE_MAP WHERE ATTRIBUTE_MAP_ID = '616';
DELETE FROM ATTRIBUTE_MAP WHERE ATTRIBUTE_MAP_ID = '617';
DELETE FROM ATTRIBUTE_MAP WHERE ATTRIBUTE_MAP_ID = '618';
DELETE FROM ATTRIBUTE_MAP WHERE ATTRIBUTE_MAP_ID = '619';
DELETE FROM ATTRIBUTE_MAP WHERE ATTRIBUTE_MAP_ID = '620';

DELETE FROM MANAGED_SYS WHERE MANAGED_SYS_ID = '113';
DELETE FROM RESOURCE_PROP WHERE RESOURCE_ID = '113';
DELETE FROM RES WHERE RESOURCE_ID = '113';

DELETE FROM PROVISION_CONNECTOR WHERE CONNECTOR_ID = '61';

DELETE FROM RECON_RES_ATTR_MAP WHERE RECON_RES_ATTR_MAP_ID='65';
DELETE FROM RECON_RES_ATTR_MAP WHERE RECON_RES_ATTR_MAP_ID='66';
DELETE FROM RECON_RES_ATTR_MAP WHERE RECON_RES_ATTR_MAP_ID='67';
DELETE FROM RECON_RES_ATTR_MAP WHERE RECON_RES_ATTR_MAP_ID='68';
DELETE FROM RECON_RES_ATTR_MAP WHERE RECON_RES_ATTR_MAP_ID='69';
DELETE FROM RECON_RES_ATTR_MAP WHERE RECON_RES_ATTR_MAP_ID='70';
DELETE FROM RECON_RES_ATTR_MAP WHERE RECON_RES_ATTR_MAP_ID='71';
DELETE FROM RECON_RES_ATTR_MAP WHERE RECON_RES_ATTR_MAP_ID='72';
DELETE FROM RECON_RES_ATTR_MAP WHERE RECON_RES_ATTR_MAP_ID='73';
DELETE FROM POLICY WHERE POLICY_ID = '4660';
DELETE FROM POLICY WHERE POLICY_ID = '4661';
DELETE FROM POLICY WHERE POLICY_ID = '4662';


INSERT INTO POLICY (POLICY_ID,POLICY_DEF_ID,NAME,DESCRIPTION,STATUS,CREATE_DATE,CREATED_BY,RULE_SRC_URL,RULE_TEXT) VALUES ('4660','104','userCreateDate','userCreateDate',1,GETDATE(),'3000','provision/userCreateDate.groovy','');
INSERT INTO POLICY (POLICY_ID,POLICY_DEF_ID,NAME,DESCRIPTION,STATUS,CREATE_DATE,CREATED_BY,RULE_SRC_URL,RULE_TEXT) VALUES ('4661','104','userCreateDate','userCreateDate',1,GETDATE(),'3000','provision/ext_phone.groovy','');
INSERT INTO POLICY (POLICY_ID,POLICY_DEF_ID,NAME,DESCRIPTION,STATUS,CREATE_DATE,CREATED_BY,RULE_SRC_URL,RULE_TEXT) VALUES ('4662','104','userCreateDate','userCreateDate',1,GETDATE(),'3000','provision/nmb_phone.groovy','');

--LOGIN
INSERT INTO RECON_RES_ATTR_MAP (RECON_RES_ATTR_MAP_ID,ATTR_POLICY_ID) VALUES (65,4562);
--PASSWORD
INSERT INTO RECON_RES_ATTR_MAP (RECON_RES_ATTR_MAP_ID,ATTR_POLICY_ID) VALUES (66,4509);
--FIRST_NAME
INSERT INTO RECON_RES_ATTR_MAP (RECON_RES_ATTR_MAP_ID,ATTR_POLICY_ID) VALUES (67,4601);
--LAST_NAME_NAME
INSERT INTO RECON_RES_ATTR_MAP (RECON_RES_ATTR_MAP_ID,ATTR_POLICY_ID) VALUES (68,4602);
--EMPLOYEE_ID
INSERT INTO RECON_RES_ATTR_MAP (RECON_RES_ATTR_MAP_ID,ATTR_POLICY_ID) VALUES (69,4543);
--DOB
INSERT INTO RECON_RES_ATTR_MAP (RECON_RES_ATTR_MAP_ID,ATTR_POLICY_ID) VALUES (70,4541);
--CREATE_DATE
INSERT INTO RECON_RES_ATTR_MAP (RECON_RES_ATTR_MAP_ID,ATTR_POLICY_ID) VALUES (71,4660);
--ROLE

--PHONE_EXT
INSERT INTO RECON_RES_ATTR_MAP (RECON_RES_ATTR_MAP_ID,ATTR_POLICY_ID) VALUES (72,4661);
--PHONE_NMB
INSERT INTO RECON_RES_ATTR_MAP (RECON_RES_ATTR_MAP_ID,ATTR_POLICY_ID) VALUES (73,4662);

--RESOURCE_
INSERT INTO RES (RESOURCE_ID,RESOURCE_TYPE_ID,DESCRIPTION,NAME,DISPLAY_ORDER,URL,MIN_AUTH_LEVEL,IS_PUBLIC) VALUES ('113','MANAGED_SYS',NULL,'AppTableMSys',NULL,NULL,NULL,'N');

--RESOURCE_PROP
INSERT INTO RESOURCE_PROP (RESOURCE_PROP_ID,RESOURCE_ID,METADATA_ID,NAME,PROP_VALUE,PROP_GROUP) VALUES ('113','113',NULL,'TABLE_NAME','MY_USR_TABLE',NULL);

--CONENCTOR
INSERT INTO PROVISION_CONNECTOR (CONNECTOR_ID,NAME,CLIENT_COMM_PROTOCOL, SERVICE_URL,SERVICE_NAMESPACE,SERVICE_PORT,CONNECTOR_INTERFACE) VALUES ('61','AppTableConnector','CLEAR','localhost:9080/openiam-esb/idmsrvc/ApplicationTablesConnector','http://www.openiam.org/service/connector','NA','LOCAL');


--MSYS
GO
INSERT INTO MANAGED_SYS (MANAGED_SYS_ID,NAME,DESCRIPTION,STATUS,CONNECTOR_ID,HOST_URL,APPL_URL,PORT,COMM_PROTOCOL,USER_ID,PSWD,START_DATE,END_DATE,RESOURCE_ID,PRIMARY_REPOSITORY,SECONDARY_REPOSITORY_ID,ALWAYS_UPDATE_SECONDARY,RES_DEPENDENCY,ADD_HNDLR,MODIFY_HNDLR,DELETE_HNDLR,SETPASS_HNDLR,SUSPEND_HNDLR,SEARCH_HNDLR,LOOKUP_HNDLR,TEST_CONNECTION_HNDLR,RECONCILE_RESOURCE_HNDLR,HNDLR_5,DRIVER_URL,CONNECTION_STRING,ATTRIBUTE_NAMES_LOOKUP,ATTRIBUTE_NAMES_HNDLR) VALUES (113,'AppTableMSys',NULL,'ACTIVE',61,NULL,NULL,NULL,'CLEAR','root',NULL,NULL,NULL,113,0,NULL,0,NULL,NULL,NULL,NULL,NULL,NULL,NULL,NULL,NULL,NULL,NULL,'com.mysql.jdbc.Driver','jdbc:mysql://localhost/test',NULL,NULL);

INSERT INTO ATTRIBUTE_MAP (ATTRIBUTE_MAP_ID,MANAGED_SYS_ID,RESOURCE_ID,MAP_FOR_OBJECT_TYPE,ATTRIBUTE_NAME,TARGET_ATTRIBUTE_NAME,AUTHORITATIVE_SRC,ATTRIBUTE_POLICY_ID,RULE_TEXT,STATUS,START_DATE,END_DATE,STORE_IN_IAMDB,DATA_TYPE,DEFAULT_VALUE,SYNCH_CONFIG_ID) VALUES (612,113,113,'PRINCIPAL','LOGIN_ID',NULL,NULL,65,NULL,'ACTIVE',NULL,NULL,NULL,'STRING',NULL,NULL);

INSERT INTO ATTRIBUTE_MAP
(ATTRIBUTE_MAP_ID,MANAGED_SYS_ID,RESOURCE_ID,MAP_FOR_OBJECT_TYPE,ATTRIBUTE_NAME,TARGET_ATTRIBUTE_NAME,AUTHORITATIVE_SRC,ATTRIBUTE_POLICY_ID,RULE_TEXT,STATUS,START_DATE,END_DATE,STORE_IN_IAMDB,DATA_TYPE,DEFAULT_VALUE,SYNCH_CONFIG_ID) VALUES (613,113,113,'USER','USER_PASSWORD',NULL,NULL,66,NULL,'ACTIVE',NULL,NULL,NULL,'STRING',NULL,NULL);

INSERT INTO ATTRIBUTE_MAP
(ATTRIBUTE_MAP_ID,MANAGED_SYS_ID,RESOURCE_ID,MAP_FOR_OBJECT_TYPE,ATTRIBUTE_NAME,TARGET_ATTRIBUTE_NAME,AUTHORITATIVE_SRC,ATTRIBUTE_POLICY_ID,RULE_TEXT,STATUS,START_DATE,END_DATE,STORE_IN_IAMDB,DATA_TYPE,DEFAULT_VALUE,SYNCH_CONFIG_ID) VALUES (614,113,113,'USER','FIRST_NAME',NULL,NULL,67,NULL,'ACTIVE',NULL,NULL,NULL,'STRING',NULL,NULL);

INSERT INTO ATTRIBUTE_MAP
(ATTRIBUTE_MAP_ID,MANAGED_SYS_ID,RESOURCE_ID,MAP_FOR_OBJECT_TYPE,ATTRIBUTE_NAME,TARGET_ATTRIBUTE_NAME,AUTHORITATIVE_SRC,ATTRIBUTE_POLICY_ID,RULE_TEXT,STATUS,START_DATE,END_DATE,STORE_IN_IAMDB,DATA_TYPE,DEFAULT_VALUE,SYNCH_CONFIG_ID) VALUES (615,113,113,'USER','LAST_NAME',NULL,NULL,68,NULL,'ACTIVE',NULL,NULL,NULL,'STRING',NULL,NULL);

INSERT INTO ATTRIBUTE_MAP
(ATTRIBUTE_MAP_ID,MANAGED_SYS_ID,RESOURCE_ID,MAP_FOR_OBJECT_TYPE,ATTRIBUTE_NAME,TARGET_ATTRIBUTE_NAME,AUTHORITATIVE_SRC,ATTRIBUTE_POLICY_ID,RULE_TEXT,STATUS,START_DATE,END_DATE,STORE_IN_IAMDB,DATA_TYPE,DEFAULT_VALUE,SYNCH_CONFIG_ID) VALUES (616,113,113,'USER','EMPLOYEE_ID',NULL,NULL,69,NULL,'ACTIVE',NULL,NULL,NULL,'STRING',NULL,NULL);

INSERT INTO ATTRIBUTE_MAP
(ATTRIBUTE_MAP_ID,MANAGED_SYS_ID,RESOURCE_ID,MAP_FOR_OBJECT_TYPE,ATTRIBUTE_NAME,TARGET_ATTRIBUTE_NAME,AUTHORITATIVE_SRC,ATTRIBUTE_POLICY_ID,RULE_TEXT,STATUS,START_DATE,END_DATE,STORE_IN_IAMDB,DATA_TYPE,DEFAULT_VALUE,SYNCH_CONFIG_ID) VALUES (617,113,113,'USER','DOB',NULL,NULL,70,NULL,'ACTIVE',NULL,NULL,NULL,'DATE',NULL,NULL);

INSERT INTO ATTRIBUTE_MAP
(ATTRIBUTE_MAP_ID,MANAGED_SYS_ID,RESOURCE_ID,MAP_FOR_OBJECT_TYPE,ATTRIBUTE_NAME,TARGET_ATTRIBUTE_NAME,AUTHORITATIVE_SRC,ATTRIBUTE_POLICY_ID,RULE_TEXT,STATUS,START_DATE,END_DATE,STORE_IN_IAMDB,DATA_TYPE,DEFAULT_VALUE,SYNCH_CONFIG_ID) VALUES (618,113,113,'USER','CREATE_DATE',NULL,NULL,71,NULL,'ACTIVE',NULL,NULL,NULL,'DATE',NULL,NULL);

INSERT INTO ATTRIBUTE_MAP
(ATTRIBUTE_MAP_ID,MANAGED_SYS_ID,RESOURCE_ID,MAP_FOR_OBJECT_TYPE,ATTRIBUTE_NAME,TARGET_ATTRIBUTE_NAME,AUTHORITATIVE_SRC,ATTRIBUTE_POLICY_ID,RULE_TEXT,STATUS,START_DATE,END_DATE,STORE_IN_IAMDB,DATA_TYPE,DEFAULT_VALUE,SYNCH_CONFIG_ID) VALUES (619,113,113,'USER','PHONE_EXT',NULL,NULL,72,NULL,'ACTIVE',NULL,NULL,NULL,'INT',NULL,NULL);

INSERT INTO ATTRIBUTE_MAP
(ATTRIBUTE_MAP_ID,MANAGED_SYS_ID,RESOURCE_ID,MAP_FOR_OBJECT_TYPE,ATTRIBUTE_NAME,TARGET_ATTRIBUTE_NAME,AUTHORITATIVE_SRC,ATTRIBUTE_POLICY_ID,RULE_TEXT,STATUS,START_DATE,END_DATE,STORE_IN_IAMDB,DATA_TYPE,DEFAULT_VALUE,SYNCH_CONFIG_ID) VALUES (620,113,113,'USER','PHONE_NBR',NULL,NULL,73,NULL,'ACTIVE',NULL,NULL,NULL,'STRING',NULL,NULL);

IF NOT EXISTS (SELECT * FROM INFORMATION_SCHEMA.COLUMNS	WHERE TABLE_NAME='SYNCH_CONFIG' AND column_name='ATTRIBUTE_NAMES_LOOKUP') 
BEGIN
	ALTER TABLE SYNCH_CONFIG ADD ATTRIBUTE_NAMES_LOOKUP NVARCHAR(120) NULL;
END;

ALTER TABLE SYNCH_CONFIG ADD SEARCH_SCOPE INTEGER NOT NULL DEFAULT 2;
ALTER TABLE MANAGED_SYS ADD SEARCH_SCOPE INTEGER NOT NULL DEFAULT 2;
	
ALTER TABLE COMPANY ALTER COLUMN DOMAIN_NAME NVARCHAR(250);
ALTER TABLE COMPANY ADD DEFAULT NULL FOR DOMAIN_NAME;


IF EXISTS (SELECT * FROM information_schema.COLUMNS WHERE TABLE_CATALOG='openiam' and table_name = 'ORG_STRUCTURE' AND column_name  = 'ORG_STRUCTURE_ID') 
BEGIN
	DECLARE @table NVARCHAR(512), @sql NVARCHAR(MAX);
	SELECT @table = 'ORG_STRUCTURE';
	SELECT @sql = 'ALTER TABLE ' + @table 
		+ ' DROP CONSTRAINT ' + name + ';'
		FROM sys.key_constraints
		WHERE [type] = 'PK'
		AND [parent_object_id] = OBJECT_ID(@table);
	EXEC sp_executeSQL @sql;
	
	ALTER TABLE ORG_STRUCTURE DROP COLUMN COMMENTS; 
	ALTER TABLE ORG_STRUCTURE DROP COLUMN STATUS;
	ALTER TABLE ORG_STRUCTURE DROP COLUMN END_DATE; 
	ALTER TABLE ORG_STRUCTURE DROP COLUMN START_DATE; 
	ALTER TABLE ORG_STRUCTURE DROP COLUMN SUPERVISOR_TYPE; 
	ALTER TABLE ORG_STRUCTURE DROP COLUMN ORG_STRUCTURE_ID; 
	
	Declare @v_constraintname NVARCHAR(max)
	set @v_constraintname ='ALTER TABLE ORG_STRUCTURE DROP CONSTRAINT '
	set @v_constraintname = @v_constraintname + (select c_obj.name as CONSTRAINT_NAME
	from sysobjects c_obj
	join syscomments com on c_obj.id = com.id
	join sysobjects t_obj on c_obj.parent_obj = t_obj.id 
	join sysconstraints con on c_obj.id = con.constid
	join syscolumns col on t_obj.id = col.id
	and con.colid = col.colid
	where
	c_obj.uid = user_id()
	and c_obj.xtype = 'D'
	and t_obj.name='ORG_STRUCTURE' and col.name='IS_PRIMARY_SUPER')
	exec(@v_constraintname)

	ALTER TABLE ORG_STRUCTURE ALTER COLUMN IS_PRIMARY_SUPER NVARCHAR(1) NOT NULL;
	ALTER TABLE ORG_STRUCTURE ADD DEFAULT 'N' FOR IS_PRIMARY_SUPER;
	ALTER TABLE ORG_STRUCTURE ADD PRIMARY KEY (SUPERVISOR_ID, STAFF_ID);

	UPDATE ORG_STRUCTURE 
	SET IS_PRIMARY_SUPER='Y'
	WHERE IS_PRIMARY_SUPER='1';

	UPDATE ORG_STRUCTURE 
	SET IS_PRIMARY_SUPER='N'
	WHERE IS_PRIMARY_SUPER='0';
END;
	
ALTER TABLE RES DROP COLUMN BRANCH_ID;
ALTER TABLE RES DROP FK_RESOURCE_CATEGORY;
DROP INDEX FK_RESOURCE_CATEGORY ON RES;
ALTER TABLE RES DROP COLUMN CATEGORY_ID;
ALTER TABLE RES DROP COLUMN RES_OWNER_USER_ID;
ALTER TABLE RES DROP COLUMN RES_OWNER_GROUP_ID;

ALTER TABLE RES ADD ADMIN_RESOURCE_ID NVARCHAR(32) NULL;
ALTER TABLE RES ADD CONSTRAINT RES_ADMIN_RES_FK FOREIGN KEY (ADMIN_RESOURCE_ID) REFERENCES RES(RESOURCE_ID);

ALTER TABLE ROLE ADD ADMIN_RESOURCE_ID NVARCHAR(32) NULL;
ALTER TABLE ROLE ADD CONSTRAINT ROLE_ADMIN_RES_FK FOREIGN KEY (ADMIN_RESOURCE_ID) REFERENCES RES(RESOURCE_ID);


ALTER TABLE GRP ADD ADMIN_RESOURCE_ID NVARCHAR(32) NULL;
ALTER TABLE GRP ADD CONSTRAINT GRP_ADMIN_RES_FK FOREIGN KEY (ADMIN_RESOURCE_ID) REFERENCES RES(RESOURCE_ID);

INSERT INTO METADATA_TYPE (TYPE_ID, DESCRIPTION, ACTIVE, SYNC_MANAGED_SYS) VALUES('ADMIN_RESOURCE', 'Admin Resource', 'Y', 'Y');
INSERT INTO RESOURCE_TYPE (RESOURCE_TYPE_ID, DESCRIPTION, METADATA_TYPE_ID) VALUES('ADMIN_RESOURCE', 'Admin Resource', 'ADMIN_RESOURCE');

ALTER TABLE RESOURCE_TYPE ADD SUPPORTS_HIERARCHY CHAR(1) NULL DEFAULT 'Y';
GO
UPDATE RESOURCE_TYPE SET SUPPORTS_HIERARCHY='Y';
UPDATE RESOURCE_TYPE SET SUPPORTS_HIERARCHY='N' WHERE RESOURCE_TYPE_ID='ADMIN_RESOURCE';

Declare @v_constraintname NVARCHAR(max)
set @v_constraintname ='ALTER TABLE RESOURCE_TYPE DROP CONSTRAINT '
set @v_constraintname = @v_constraintname + (select c_obj.name as CONSTRAINT_NAME
from sysobjects c_obj
join syscomments com on c_obj.id = com.id
join sysobjects t_obj on c_obj.parent_obj = t_obj.id 
join sysconstraints con on c_obj.id = con.constid
join syscolumns col on t_obj.id = col.id
and con.colid = col.colid
where
c_obj.uid = user_id()
and c_obj.xtype = 'D'
and t_obj.name='RESOURCE_TYPE' and col.name='SUPPORTS_HIERARCHY')
exec(@v_constraintname)

ALTER TABLE RESOURCE_TYPE ALTER COLUMN SUPPORTS_HIERARCHY CHAR(1) NOT NULL 
ALTER TABLE RESOURCE_TYPE ADD DEFAULT 'Y' FOR SUPPORTS_HIERARCHY;

ALTER TABLE COMPANY ADD ADMIN_RESOURCE_ID NVARCHAR(32) NULL;
ALTER TABLE COMPANY ADD CONSTRAINT COMPANY_ADMIN_RES_FK FOREIGN KEY (ADMIN_RESOURCE_ID) REFERENCES RES(RESOURCE_ID);

UPDATE APPROVER_ASSOC SET APPROVER_LEVEL=0 WHERE APPROVER_LEVEL IS NULL;

DELETE FROM RESOURCE_PROP WHERE RESOURCE_ID = 'SELFSERV_ACCESS_REVIEW';
DELETE FROM res_to_res_membership WHERE MEMBER_RESOURCE_ID = 'SELFSERV_ACCESS_REVIEW';
DELETE FROM RES WHERE RESOURCE_ID = 'SELFSERV_ACCESS_REVIEW';

INSERT INTO RES (RESOURCE_ID, RESOURCE_TYPE_ID, NAME, DESCRIPTION, IS_PUBLIC, URL) VALUES('SELFSERV_ACCESS_REVIEW', 'MENU_ITEM', 'SELFSERV_ACCESS_REVIEW', 'Access Review','Y', '/selfservice/accessReview.html');
INSERT INTO RESOURCE_PROP (RESOURCE_PROP_ID, RESOURCE_ID, NAME, PROP_VALUE) VALUES ('SS_ACCESS_REVIEW_PUB', 'SELFSERV_ACCESS_REVIEW', 'MENU_IS_PUBLIC', 'true');
INSERT INTO RESOURCE_PROP (RESOURCE_PROP_ID, RESOURCE_ID, NAME, PROP_VALUE) VALUES ('SS_ACCESS_REVIEW_DESC', 'SELFSERV_ACCESS_REVIEW', 'MENU_DISPLAY_NAME', 'Access Review');

INSERT INTO res_to_res_membership (RESOURCE_ID, MEMBER_RESOURCE_ID) VALUES('SELFSERV_USER_EDIT_ROOT', 'SELFSERV_ACCESS_REVIEW');

UPDATE RES SET IS_PUBLIC='N' WHERE RESOURCE_ID IN ('ABOUT','ABOUT_ROOT_MENU','ACC_CONTROL','ADMIN','AM_PROV_EDIT','AM_PROV_ROOT','AUTHENTICATION_POLICY_ROOT_MENU','BATCH_PROC','BATCH_TASK_EDIT','BATCH_TASK_ROOT','CONTENT_PROV_EDIT','CONTENT_PROV_ROOT','CUSTOM_FIELD_EDIT','CUSTOM_FIELD_ROOT','GROUP_EDIT_MENU','IDMAN','IDQUEST','LOCATION','METADATA','MNGSYS_EDIT_MENU_ROOT','MNGSYS_EDIT_NO_RES_MENU_ROOT','ORGANIZATION_EDIT_ID','ORG_TYPE_SUBMENU_EDIT','ORG_TYPE_SUBMENU_ROOT','PAGE_TEMPLATE_EDIT','PASSWORD_POLICY_EDIT','PASSWORD_POLICY_ROOT_MENU','POLICY_ATTR_EDIT_ROOT','POLICY_ATTR_ROOT','PROVISIONING','RESOURCE_MENU_ROOT','RESOURCE_EDIT_PAGE_ROOT','ROLE_EDIT_MENU','SECURITY_POLICY','SYNCUSER_EDIT_MENU_ROOT','URI_META_EDIT','URI_PATTERN_EDIT','USER_EDIT_MENU','USER_ROOT_MENU','WEB_REPORT_ROOT','ADMIN_BATCH_TASKS','AM_PROV_AM_ATTR','AM_PROV_EDIT_CURRENT','AM_PROV_EDIT_SEARCH','AM_PROV_NEW','AM_PROV_NEW_EDIT','AM_PROV_SEARCH','AM_PROV_SEARCH_CHILD','ASSOC_POLICY','ATTRIBUTE_POLICY','BACK_TO_CP','CHALLENGE_RESPONSE_QUESTION','CHALLENGE_RESPONSE_QUESTION_NEW','CONF_POLICY_PAGE','CONTENT_PROV_EDIT_CURRENT','CONTENT_PROV_EDIT_SEARCH','CONTENT_PROV_NEW','CONTENT_PROV_NEW_EDIT','CONTENT_PROV_SEARCH','CONTENT_PROV_SEARCH_CHILD','CREATE_RESOURCE_MENU','CUSTOM_FIELD_EDIT_NEW','CUSTOM_FIELD_EDIT_SEARCH','CUSTOM_FIELD_NEW','CUSTOM_FIELD_SEARCH','CUSTOM_FIELD_SEARCH_CHILD','CUSTOM_FIELD_SEARCH_CHILD','EDIT_BATCH_TASK','EDIT_GROUP','EDIT_ORG','EDIT_ORG_MEMBERSHIP','EDIT_ORG_TYPE','EDIT_ORG_TYPE_IDMAN','EDIT_POLICY_ATTR_SRCH_BCK','EDIT_RESOURCE','EDIT_ROLE','GROUP_ATTRIBUTES','GROUP_ENTITLEMENTS','GROUP_MENUS','GROUP_ROOT_MENU','GROUP_SEARCH','GRP_APROVER_ASSOC','MANUALRECON','MNGSYSRULES','MNGSYS_ATTR_PAGE','MNGSYS_EDIT','MNGSYS_MENU_ITEM','MNGSYS_NEW','NEW_AUTHENTICATION_POLICY','NEW_BATCH_TASK','NEW_GROUP','NEW_ORG','NEW_ORG_TYPE','NEW_PASSWORD_POLICY','NEW_POLICY_ATTR','NEW_ROLE','NEW_USER','ORGANIZATION_ROOT_ID','ORG_APROVER_ASSOC','ORG_ATTRIBUTES','ORG_MEMBERSHIP','ORG_SEARCH','ORG_TYPE_EDIT_SEARCH','ORG_TYPE_SEARCH','PAGE_TEMPLATE_EDIT_NEW','PAGE_TEMPLATE_EDIT_SEARCH','PAGE_TEMPLATE_NEW','PAGE_TEMPLATE_SEARCH','PROVCONNECT_MENU_ITEM','PROV_CONNECTOR_NEW','RES_APROVER_ASSOC','RES_ENT_SUB','ROLE_APROVER_ASSOC','ROLE_ENTITLEMENTS','ROLE_MENUS','ROLE_ROOT_MENU','ROLE_SEARCH','SEARCH_BATCH_EDIT','SEARCH_BATCH_NEW','SUP_SUB_PAGE','SYNCLOG','SYNCLOG_MENU_ITEM','SYNCUSER_EDIT','SYNCUSER_MENU_ITEM','CHALLENGE_RESPONSE_QUESTION_ROOT','SYNCUSER_NEW','SYNCUSER_POLICYMAP','TEMPLATE_SEARCH_CHILD','UPLOAD_CUST_PSWD_POLICY','URI_META_BACK','URI_PATTERN_EDIT_NEW_PATTERN','URI_PATTERN_EDIT_PATTERN','URI_PATTERN_EDT_PROV_SEARCH','USER_ATTRIBUTES','USER_DELEGATION','USER_EDIT_CONTACT_INFO','USER_EDIT_INFO','USER_ENTITLEMENTS','USER_HISTORY','USER_IDENTITY','USER_MENUS','USER_RESET_PASSWORD','USER_SEARCH','WEB_REPORT','WEB_REPORT_NEW');

ALTER TABLE RES DROP COLUMN DOMAIN;


set @v_constraintname ='ALTER TABLE RES DROP CONSTRAINT '
set @v_constraintname = @v_constraintname + (select c_obj.name as CONSTRAINT_NAME
from sysobjects c_obj
join syscomments com on c_obj.id = com.id
join sysobjects t_obj on c_obj.parent_obj = t_obj.id 
join sysconstraints con on c_obj.id = con.constid
join syscolumns col on t_obj.id = col.id
and con.colid = col.colid
where
c_obj.uid = user_id()
and c_obj.xtype = 'D'
and t_obj.name='RES' and col.name='IS_SSL')
exec(@v_constraintname)

ALTER TABLE RES DROP COLUMN IS_SSL;

DELETE FROM POLICY WHERE NAME = 'linuxGroups';

INSERT INTO POLICY (POLICY_ID,POLICY_DEF_ID,NAME,DESCRIPTION,STATUS,CREATE_DATE,CREATED_BY,RULE_SRC_URL,RULE_TEXT,ENABLEMENT) VALUES ('4658','104','linuxGroups','Default Linux Groups provision rule',1,CURRENT_TIMESTAMP,'3000','provision/linuxGroups.groovy','',1);

UPDATE RECON_RES_ATTR_MAP SET ATTR_POLICY_ID = '4658' WHERE RECON_RES_ATTR_MAP_ID = '62';


/* selfservice */
DELETE FROM RESOURCE_USER WHERE RESOURCE_ID IN('REQUEST_APPROVAL', 'ORG_APROVER_ASSOC', 'SELFSERVICE_GROUPS', 'SELFSERVICE_ROLES', 'SELFSERVICE_RESOURCES', 'SELF_SUB_ORGS_MEMEBERSHIP', 'SS_ORG_BACK_SEARCH', 'MENUS_SEARCH');
DELETE FROM RESOURCE_GROUP WHERE RESOURCE_ID IN('REQUEST_APPROVAL', 'ORG_APROVER_ASSOC', 'SELFSERVICE_GROUPS', 'SELFSERVICE_ROLES', 'SELFSERVICE_RESOURCES', 'SELF_SUB_ORGS_MEMEBERSHIP', 'SS_ORG_BACK_SEARCH', 'MENUS_SEARCH');
DELETE FROM RESOURCE_ROLE WHERE RESOURCE_ID IN('REQUEST_APPROVAL', 'SELFSERVICE_GROUPS', 'SELFSERVICE_ROLES', 'SELFSERVICE_RESOURCES', 'SELF_SUB_ORGS_MEMEBERSHIP', 'SS_ORG_BACK_SEARCH', 'MENUS_SEARCH');
DELETE FROM res_to_res_membership WHERE RESOURCE_ID IN('REQUEST_APPROVAL', 'ORG_APROVER_ASSOC', 'SELFSERVICE_GROUPS', 'SELFSERVICE_ROLES', 'SELFSERVICE_RESOURCES', 'SELF_SUB_ORGS_MEMEBERSHIP', 'SS_ORG_BACK_SEARCH', 'MENUS_SEARCH');
DELETE FROM res_to_res_membership WHERE MEMBER_RESOURCE_ID IN('REQUEST_APPROVAL', 'REQINBOX', 'MANAGEREQ', 'ORG_APROVER_ASSOC', 'SELFSERVICE_GROUPS', 'SELFSERVICE_ROLES', 'SELFSERVICE_RESOURCES', 'SELF_SUB_ORGS_MEMEBERSHIP', 'SS_ORG_BACK_SEARCH', 'MENUS_SEARCH');
DELETE FROM RESOURCE_PROP WHERE RESOURCE_ID IN('REQUEST_APPROVAL', 'ORG_APROVER_ASSOC', 'SELFSERVICE_GROUPS', 'SELFSERVICE_ROLES', 'SELFSERVICE_RESOURCES', 'SELF_SUB_ORGS_MEMEBERSHIP', 'SS_ORG_BACK_SEARCH', 'MENUS_SEARCH');
DELETE FROM RES  WHERE RESOURCE_ID IN('REQUEST_APPROVAL', 'ORG_APROVER_ASSOC', 'SELFSERVICE_GROUPS', 'SELFSERVICE_ROLES', 'SELFSERVICE_RESOURCES', 'SELF_SUB_ORGS_MEMEBERSHIP', 'SS_ORG_BACK_SEARCH', 'MENUS_SEARCH');


INSERT INTO RES (RESOURCE_ID, RESOURCE_TYPE_ID, NAME, DESCRIPTION, IS_PUBLIC, URL) VALUES('REQUEST_APPROVAL', 'MENU_ITEM', 'REQUEST_APPROVAL', 'Request Approval','N', 'javascript:void(0);');
INSERT INTO RESOURCE_PROP (RESOURCE_PROP_ID, RESOURCE_ID, NAME, PROP_VALUE) VALUES ('REQUEST_APPROVAL_PUB', 'REQUEST_APPROVAL', 'MENU_IS_PUBLIC', 'false');
INSERT INTO RESOURCE_PROP (RESOURCE_PROP_ID, RESOURCE_ID, NAME, PROP_VALUE) VALUES ('REQUEST_APPROVAL_DESC', 'REQUEST_APPROVAL', 'MENU_DISPLAY_NAME', 'Request Approval');
INSERT INTO RESOURCE_PROP (RESOURCE_PROP_ID, RESOURCE_ID, NAME, PROP_VALUE) VALUES('REQUEST_APPROVAL_DESC_ICON', 'REQUEST_APPROVAL', 'MENU_ICON', '/openiam-ui-static/images/common/icons/admin.png');

INSERT INTO res_to_res_membership (RESOURCE_ID, MEMBER_RESOURCE_ID) VALUES('REQUEST_APPROVAL', 'REQINBOX');
INSERT INTO res_to_res_membership (RESOURCE_ID, MEMBER_RESOURCE_ID) VALUES('REQUEST_APPROVAL', 'MANAGEREQ');
INSERT INTO res_to_res_membership (RESOURCE_ID, MEMBER_RESOURCE_ID) VALUES('SELFSERVICE', 'REQUEST_APPROVAL');

UPDATE RES SET IS_PUBLIC='N' WHERE RESOURCE_ID='SELFSRVS_ACCESS_MNGMNT_ORG';
DELETE FROM RESOURCE_PROP WHERE RESOURCE_ID='SELFSRVS_ACCESS_MNGMNT_ORG' AND NAME='MENU_IS_PUBLIC';
INSERT INTO RESOURCE_PROP (RESOURCE_PROP_ID, RESOURCE_ID, NAME, PROP_VALUE) VALUES('SEFSERV_ORG_PUBLIC' ,'SELFSRVS_ACCESS_MNGMNT_ORG', 'MENU_IS_PUBLIC', 'false');


INSERT INTO RES (RESOURCE_ID, RESOURCE_TYPE_ID, NAME, DESCRIPTION, IS_PUBLIC, URL) VALUES ('SELFSERVICE_GROUPS', 'MENU_ITEM', 'SELFSERVICE_GROUPS', 'Selfservice Groups', 'N', '/selfservice/groups.html');
INSERT INTO RESOURCE_PROP (RESOURCE_PROP_ID, RESOURCE_ID, NAME, PROP_VALUE) VALUES ('SELFSERVICE_GROUPS_DN', 'SELFSERVICE_GROUPS', 'MENU_DISPLAY_NAME', 'Groups');
INSERT INTO RESOURCE_PROP (RESOURCE_PROP_ID, RESOURCE_ID, NAME, PROP_VALUE) VALUES ('SELFSERVICE_GROUPS_PUB', 'SELFSERVICE_GROUPS', 'MENU_IS_PUBLIC', 'false');

INSERT INTO RES (RESOURCE_ID, RESOURCE_TYPE_ID, NAME, DESCRIPTION, IS_PUBLIC, URL) VALUES ('SELFSERVICE_ROLES', 'MENU_ITEM', 'SELFSERVICE_ROLES', 'Selfservice Roles', 'N', '/selfservice/roles.html');
INSERT INTO RESOURCE_PROP (RESOURCE_PROP_ID, RESOURCE_ID, NAME, PROP_VALUE) VALUES ('SELFSERVICE_ROLES_DN', 'SELFSERVICE_ROLES', 'MENU_DISPLAY_NAME', 'Roles');
INSERT INTO RESOURCE_PROP (RESOURCE_PROP_ID, RESOURCE_ID, NAME, PROP_VALUE) VALUES ('SELFSERVICE_ROLES_PUB', 'SELFSERVICE_ROLES', 'MENU_IS_PUBLIC', 'false');

INSERT INTO RES (RESOURCE_ID, RESOURCE_TYPE_ID, NAME, DESCRIPTION, IS_PUBLIC, URL) VALUES ('SELFSERVICE_RESOURCES', 'MENU_ITEM', 'SELFSERVICE_RESOURCES', 'Selfservice Resources', 'N', '/selfservice/resources.html');
INSERT INTO RESOURCE_PROP (RESOURCE_PROP_ID, RESOURCE_ID, NAME, PROP_VALUE) VALUES ('SELFSERVICE_RESOURCES_DN', 'SELFSERVICE_RESOURCES', 'MENU_DISPLAY_NAME', 'Resources');
INSERT INTO RESOURCE_PROP (RESOURCE_PROP_ID, RESOURCE_ID, NAME, PROP_VALUE) VALUES ('SELFSERVICE_RESOURCES_PUB', 'SELFSERVICE_RESOURCES', 'MENU_IS_PUBLIC', 'false');

INSERT INTO res_to_res_membership (RESOURCE_ID, MEMBER_RESOURCE_ID) VALUES ('ACCESSCENTER', 'SELFSERVICE_GROUPS');
INSERT INTO res_to_res_membership (RESOURCE_ID, MEMBER_RESOURCE_ID) VALUES ('ACCESSCENTER', 'SELFSERVICE_ROLES');
INSERT INTO res_to_res_membership (RESOURCE_ID, MEMBER_RESOURCE_ID) VALUES ('ACCESSCENTER', 'SELFSERVICE_RESOURCES');

INSERT INTO RES (RESOURCE_ID, RESOURCE_TYPE_ID, NAME, DESCRIPTION, URL) VALUES ('SS_ORG_BACK_SEARCH', 'MENU_ITEM', 'SS_ORG_BACK_SEARCH', 'Selfservice Resources', '/selfservice/organizations.html');
INSERT INTO RESOURCE_PROP (RESOURCE_PROP_ID, RESOURCE_ID, NAME, PROP_VALUE) VALUES ('SS_ORG_BACK_SEARCH_DN', 'SS_ORG_BACK_SEARCH', 'MENU_DISPLAY_NAME', 'Back to Search');
INSERT INTO RESOURCE_PROP (RESOURCE_PROP_ID, RESOURCE_ID, NAME, PROP_VALUE) VALUES ('SS_ORG_BACK_SEARCH_PUB', 'SS_ORG_BACK_SEARCH', 'MENU_IS_PUBLIC', 'true');
INSERT INTO res_to_res_membership (RESOURCE_ID, MEMBER_RESOURCE_ID) VALUES ('SELF_SUB_ORGS_EDIT_ROOT', 'SS_ORG_BACK_SEARCH');

/* groups */
DELETE FROM res_to_res_membership WHERE RESOURCE_ID IN('SELFSRV_GRP_SRCH_ROOT', 'SELFSERV_GRP_NEW', 'SELFSRV_GRP_EDIT_ROOT', 'SELFSERV_GRP_EDIT', 'SELFSERV_GRP_BACK_SRCH');
DELETE FROM res_to_res_membership WHERE MEMBER_RESOURCE_ID IN('SELFSRV_GRP_SRCH_ROOT', 'SELFSERV_GRP_NEW', 'SELFSRV_GRP_EDIT_ROOT', 'SELFSERV_GRP_EDIT', 'SELFSERV_GRP_BACK_SRCH');
DELETE FROM RESOURCE_PROP WHERE RESOURCE_ID IN('SELFSRV_GRP_SRCH_ROOT', 'SELFSERV_GRP_NEW', 'SELFSRV_GRP_EDIT_ROOT', 'SELFSERV_GRP_EDIT', 'SELFSERV_GRP_BACK_SRCH');
DELETE FROM RES  WHERE RESOURCE_ID IN('SELFSRV_GRP_SRCH_ROOT', 'SELFSERV_GRP_NEW', 'SELFSRV_GRP_EDIT_ROOT', 'SELFSERV_GRP_EDIT', 'SELFSERV_GRP_BACK_SRCH');

INSERT INTO RES (RESOURCE_ID, RESOURCE_TYPE_ID, NAME, DESCRIPTION) VALUES('SELFSRV_GRP_SRCH_ROOT', 'MENU_ITEM', 'SELFSRV_GRP_SRCH_ROOT', 'SelfService Group Root');
INSERT INTO RESOURCE_PROP (RESOURCE_PROP_ID, RESOURCE_ID, NAME, PROP_VALUE) VALUES ('SELFSRV_GRP_SRCH_ROOT_PUB', 'SELFSRV_GRP_SRCH_ROOT', 'MENU_IS_PUBLIC', 'true');
INSERT INTO RESOURCE_PROP (RESOURCE_PROP_ID, RESOURCE_ID, NAME, PROP_VALUE) VALUES ('SELFSRV_GRP_SRCH_ROOT_DESC', 'SELFSRV_GRP_SRCH_ROOT', 'MENU_DISPLAY_NAME', 'SelfService Group Root');

INSERT INTO RES (RESOURCE_ID, RESOURCE_TYPE_ID, NAME, DESCRIPTION, URL) VALUES ('SELFSERV_GRP_NEW', 'MENU_ITEM', 'SELFSERV_GRP_NEW', 'Create New Group', '/selfservice/editGroup.html');
INSERT INTO RESOURCE_PROP (RESOURCE_PROP_ID, RESOURCE_ID, NAME, PROP_VALUE) VALUES ('SELFSERV_GRP_NEW_DN', 'SELFSERV_GRP_NEW', 'MENU_DISPLAY_NAME', 'Create New Group');
INSERT INTO RESOURCE_PROP (RESOURCE_PROP_ID, RESOURCE_ID, NAME, PROP_VALUE) VALUES ('SELFSERV_GRP_NEW_PUB', 'SELFSERV_GRP_NEW', 'MENU_IS_PUBLIC', 'true');
INSERT INTO res_to_res_membership (RESOURCE_ID, MEMBER_RESOURCE_ID) VALUES ('SELFSRV_GRP_SRCH_ROOT', 'SELFSERV_GRP_NEW');

INSERT INTO RES (RESOURCE_ID, RESOURCE_TYPE_ID, NAME, DESCRIPTION) VALUES('SELFSRV_GRP_EDIT_ROOT', 'MENU_ITEM', 'SELFSRV_GRP_EDIT_ROOT', 'SelfService Group Edit Root');
INSERT INTO RESOURCE_PROP (RESOURCE_PROP_ID, RESOURCE_ID, NAME, PROP_VALUE) VALUES ('SELFSRV_GRP_EDIT_ROOT_DN', 'SELFSRV_GRP_EDIT_ROOT', 'MENU_IS_PUBLIC', 'true');
INSERT INTO RESOURCE_PROP (RESOURCE_PROP_ID, RESOURCE_ID, NAME, PROP_VALUE) VALUES ('SELFSRV_GRP_EDIT_ROOT_DESC', 'SELFSRV_GRP_EDIT_ROOT', 'MENU_DISPLAY_NAME', 'SelfService Group Edit Root');

INSERT INTO RES (RESOURCE_ID, RESOURCE_TYPE_ID, NAME, DESCRIPTION, URL) VALUES ('SELFSERV_GRP_EDIT', 'MENU_ITEM', 'SELFSERV_GRP_EDIT', 'Edit Group', '/selfservice/editGroup.html');
INSERT INTO RESOURCE_PROP (RESOURCE_PROP_ID, RESOURCE_ID, NAME, PROP_VALUE) VALUES ('SELFSERV_GRP_EDIT_DN', 'SELFSERV_GRP_EDIT', 'MENU_DISPLAY_NAME', 'Edit Group');
INSERT INTO RESOURCE_PROP (RESOURCE_PROP_ID, RESOURCE_ID, NAME, PROP_VALUE) VALUES ('SELFSERV_GRP_EDIT_PUB', 'SELFSERV_GRP_EDIT', 'MENU_IS_PUBLIC', 'true');
INSERT INTO res_to_res_membership (RESOURCE_ID, MEMBER_RESOURCE_ID) VALUES ('SELFSRV_GRP_EDIT_ROOT', 'SELFSERV_GRP_EDIT');

INSERT INTO RES (RESOURCE_ID, RESOURCE_TYPE_ID, NAME, DESCRIPTION, URL) VALUES ('SELFSERV_GRP_BACK_SRCH', 'MENU_ITEM', 'SELFSERV_GRP_BACK_SRCH', 'Back to Search', '/selfservice/groups.html');
INSERT INTO RESOURCE_PROP (RESOURCE_PROP_ID, RESOURCE_ID, NAME, PROP_VALUE) VALUES ('SELFSERV_GRP_BACK_SRCH_DN', 'SELFSERV_GRP_BACK_SRCH', 'MENU_DISPLAY_NAME', 'Back to Search');
INSERT INTO RESOURCE_PROP (RESOURCE_PROP_ID, RESOURCE_ID, NAME, PROP_VALUE) VALUES ('SELFSERV_GRP_BACK_SRCH_PUB', 'SELFSERV_GRP_BACK_SRCH', 'MENU_IS_PUBLIC', 'true');
INSERT INTO res_to_res_membership (RESOURCE_ID, MEMBER_RESOURCE_ID) VALUES ('SELFSRV_GRP_EDIT_ROOT', 'SELFSERV_GRP_BACK_SRCH');
/* groups */

/* roles */
DELETE FROM res_to_res_membership WHERE RESOURCE_ID IN('SELFSRV_ROLE_SRCH_ROOT', 'SELFSERV_ROLE_NEW', 'SELFSRV_ROLE_EDIT_ROOT', 'SELFSRV_ROLE_EDIT', 'SELFSRV_ROLE_BACK_SRCH');
DELETE FROM res_to_res_membership WHERE MEMBER_RESOURCE_ID IN('SELFSRV_ROLE_SRCH_ROOT', 'SELFSERV_ROLE_NEW', 'SELFSRV_ROLE_EDIT_ROOT', 'SELFSRV_ROLE_EDIT', 'SELFSRV_ROLE_BACK_SRCH');
DELETE FROM RESOURCE_PROP WHERE RESOURCE_ID IN('SELFSRV_ROLE_SRCH_ROOT', 'SELFSERV_ROLE_NEW', 'SELFSRV_ROLE_EDIT_ROOT', 'SELFSRV_ROLE_EDIT', 'SELFSRV_ROLE_BACK_SRCH');
DELETE FROM RES  WHERE RESOURCE_ID IN('SELFSRV_ROLE_SRCH_ROOT', 'SELFSERV_ROLE_NEW', 'SELFSRV_ROLE_EDIT_ROOT', 'SELFSRV_ROLE_EDIT', 'SELFSRV_ROLE_BACK_SRCH');

INSERT INTO RES (RESOURCE_ID, RESOURCE_TYPE_ID, NAME, DESCRIPTION) VALUES('SELFSRV_ROLE_SRCH_ROOT', 'MENU_ITEM', 'SELFSRV_ROLE_SRCH_ROOT', 'SelfService Role Root');
INSERT INTO RESOURCE_PROP (RESOURCE_PROP_ID, RESOURCE_ID, NAME, PROP_VALUE) VALUES ('SELFSRV_ROLE_SRCH_ROOT_PB', 'SELFSRV_ROLE_SRCH_ROOT', 'MENU_IS_PUBLIC', 'true');
INSERT INTO RESOURCE_PROP (RESOURCE_PROP_ID, RESOURCE_ID, NAME, PROP_VALUE) VALUES ('SELFSRV_ROLE_SRCH_ROOT_DN', 'SELFSRV_ROLE_SRCH_ROOT', 'MENU_DISPLAY_NAME', 'SelfService Role Root');

INSERT INTO RES (RESOURCE_ID, RESOURCE_TYPE_ID, NAME, DESCRIPTION, URL) VALUES ('SELFSERV_ROLE_NEW', 'MENU_ITEM', 'SELFSERV_ROLE_NEW', 'Create New Role', '/selfservice/editRole.html');
INSERT INTO RESOURCE_PROP (RESOURCE_PROP_ID, RESOURCE_ID, NAME, PROP_VALUE) VALUES ('SELFSERV_ROLE_NEW_DN', 'SELFSERV_ROLE_NEW', 'MENU_DISPLAY_NAME', 'Create New Role');
INSERT INTO RESOURCE_PROP (RESOURCE_PROP_ID, RESOURCE_ID, NAME, PROP_VALUE) VALUES ('SELFSERV_ROLE_NEW_PB', 'SELFSERV_ROLE_NEW', 'MENU_IS_PUBLIC', 'true');
INSERT INTO res_to_res_membership (RESOURCE_ID, MEMBER_RESOURCE_ID) VALUES ('SELFSRV_ROLE_SRCH_ROOT', 'SELFSERV_ROLE_NEW');

INSERT INTO RES (RESOURCE_ID, RESOURCE_TYPE_ID, NAME, DESCRIPTION) VALUES('SELFSRV_ROLE_EDIT_ROOT', 'MENU_ITEM', 'SELFSRV_ROLE_EDIT_ROOT', 'SelfService Role Edit Root');
INSERT INTO RESOURCE_PROP (RESOURCE_PROP_ID, RESOURCE_ID, NAME, PROP_VALUE) VALUES ('SELFSRV_ROLE_EDIT_ROOT_DN', 'SELFSRV_ROLE_EDIT_ROOT', 'MENU_IS_PUBLIC', 'true');
INSERT INTO RESOURCE_PROP (RESOURCE_PROP_ID, RESOURCE_ID, NAME, PROP_VALUE) VALUES ('SELFSRV_ROLE_EDIT_ROOT_DESC', 'SELFSRV_ROLE_EDIT_ROOT', 'MENU_DISPLAY_NAME', 'SelfService Role Edit Root');

INSERT INTO RES (RESOURCE_ID, RESOURCE_TYPE_ID, NAME, DESCRIPTION, URL) VALUES ('SELFSRV_ROLE_EDIT', 'MENU_ITEM', 'SELFSRV_ROLE_EDIT', 'Edit Role', '/selfservice/editRole.html');
INSERT INTO RESOURCE_PROP (RESOURCE_PROP_ID, RESOURCE_ID, NAME, PROP_VALUE) VALUES ('SELFSRV_ROLE_EDIT_DN', 'SELFSRV_ROLE_EDIT', 'MENU_DISPLAY_NAME', 'Edit Role');
INSERT INTO RESOURCE_PROP (RESOURCE_PROP_ID, RESOURCE_ID, NAME, PROP_VALUE) VALUES ('SELFSRV_ROLE_EDIT_PUB', 'SELFSRV_ROLE_EDIT', 'MENU_IS_PUBLIC', 'true');
INSERT INTO res_to_res_membership (RESOURCE_ID, MEMBER_RESOURCE_ID) VALUES ('SELFSRV_ROLE_EDIT_ROOT', 'SELFSRV_ROLE_EDIT');

INSERT INTO RES (RESOURCE_ID, RESOURCE_TYPE_ID, NAME, DESCRIPTION, URL) VALUES ('SELFSRV_ROLE_BACK_SRCH', 'MENU_ITEM', 'SELFSRV_ROLE_BACK_SRCH', 'Back to Search', '/selfservice/roles.html');
INSERT INTO RESOURCE_PROP (RESOURCE_PROP_ID, RESOURCE_ID, NAME, PROP_VALUE) VALUES ('SELFSRV_ROLE_BACK_SRCH_DN', 'SELFSRV_ROLE_BACK_SRCH', 'MENU_DISPLAY_NAME', 'Back to Search');
INSERT INTO RESOURCE_PROP (RESOURCE_PROP_ID, RESOURCE_ID, NAME, PROP_VALUE) VALUES ('SELFSRV_ROLE_BACK_SRCH_PUB', 'SELFSRV_ROLE_BACK_SRCH', 'MENU_IS_PUBLIC', 'true');
INSERT INTO res_to_res_membership (RESOURCE_ID, MEMBER_RESOURCE_ID) VALUES ('SELFSRV_ROLE_EDIT_ROOT', 'SELFSRV_ROLE_BACK_SRCH');
/* roles */

/* resources */
DELETE FROM res_to_res_membership WHERE RESOURCE_ID IN('SELFSRV_RES_SRCH_ROOT', 'SELFSRV_RES_NEW',  'SELFSRV_RES_EDIT_ROOT', 'SELFSRV_RES_EDIT', 'SELFSRV_RES_BACK_SRCH');
DELETE FROM res_to_res_membership WHERE MEMBER_RESOURCE_ID IN('SELFSRV_RES_SRCH_ROOT', 'SELFSRV_RES_NEW',  'SELFSRV_RES_EDIT_ROOT', 'SELFSRV_RES_EDIT', 'SELFSRV_RES_BACK_SRCH');
DELETE FROM RESOURCE_PROP WHERE RESOURCE_ID IN('SELFSRV_RES_SRCH_ROOT', 'SELFSRV_RES_NEW',  'SELFSRV_RES_EDIT_ROOT', 'SELFSRV_RES_EDIT', 'SELFSRV_RES_BACK_SRCH');
DELETE FROM RES  WHERE RESOURCE_ID IN('SELFSRV_RES_SRCH_ROOT', 'SELFSRV_RES_NEW',  'SELFSRV_RES_EDIT_ROOT', 'SELFSRV_RES_EDIT', 'SELFSRV_RES_BACK_SRCH');

INSERT INTO RES (RESOURCE_ID, RESOURCE_TYPE_ID, NAME, DESCRIPTION) VALUES('SELFSRV_RES_SRCH_ROOT', 'MENU_ITEM', 'SELFSRV_RES_SRCH_ROOT', 'SelfService Resource Root');
INSERT INTO RESOURCE_PROP (RESOURCE_PROP_ID, RESOURCE_ID, NAME, PROP_VALUE) VALUES ('SELFSRV_RES_SRCH_ROOT_PB', 'SELFSRV_RES_SRCH_ROOT', 'MENU_IS_PUBLIC', 'true');
INSERT INTO RESOURCE_PROP (RESOURCE_PROP_ID, RESOURCE_ID, NAME, PROP_VALUE) VALUES ('SELFSRV_RES_SRCH_ROOT_DN', 'SELFSRV_RES_SRCH_ROOT', 'MENU_DISPLAY_NAME', 'SelfService Resource Root');

INSERT INTO RES (RESOURCE_ID, RESOURCE_TYPE_ID, NAME, DESCRIPTION, URL) VALUES ('SELFSRV_RES_NEW', 'MENU_ITEM', 'SELFSRV_RES_NEW', 'Create New Resource', '/selfservice/editResource.html');
INSERT INTO RESOURCE_PROP (RESOURCE_PROP_ID, RESOURCE_ID, NAME, PROP_VALUE) VALUES ('SELFSRV_RES_NEW_DN', 'SELFSRV_RES_NEW', 'MENU_DISPLAY_NAME', 'Create New Resource');
INSERT INTO RESOURCE_PROP (RESOURCE_PROP_ID, RESOURCE_ID, NAME, PROP_VALUE) VALUES ('SELFSRV_RES_NEW_PB', 'SELFSRV_RES_NEW', 'MENU_IS_PUBLIC', 'true');
INSERT INTO res_to_res_membership (RESOURCE_ID, MEMBER_RESOURCE_ID) VALUES ('SELFSRV_RES_SRCH_ROOT', 'SELFSRV_RES_NEW');

INSERT INTO RES (RESOURCE_ID, RESOURCE_TYPE_ID, NAME, DESCRIPTION) VALUES('SELFSRV_RES_EDIT_ROOT', 'MENU_ITEM', 'SELFSRV_RES_EDIT_ROOT', 'SelfService Resource Edit Root');
INSERT INTO RESOURCE_PROP (RESOURCE_PROP_ID, RESOURCE_ID, NAME, PROP_VALUE) VALUES ('SELFSRV_RES_EDIT_ROOT_DN', 'SELFSRV_RES_EDIT_ROOT', 'MENU_IS_PUBLIC', 'true');
INSERT INTO RESOURCE_PROP (RESOURCE_PROP_ID, RESOURCE_ID, NAME, PROP_VALUE) VALUES ('SELFSRV_RES_EDIT_ROOT_DESC', 'SELFSRV_RES_EDIT_ROOT', 'MENU_DISPLAY_NAME', 'SelfService Resource Edit Root');

INSERT INTO RES (RESOURCE_ID, RESOURCE_TYPE_ID, NAME, DESCRIPTION, URL) VALUES ('SELFSRV_RES_EDIT', 'MENU_ITEM', 'SELFSRV_RES_EDIT', 'Edit Resource', '/selfservice/editResource.html');
INSERT INTO RESOURCE_PROP (RESOURCE_PROP_ID, RESOURCE_ID, NAME, PROP_VALUE) VALUES ('SELFSRV_RES_EDIT_DN', 'SELFSRV_RES_EDIT', 'MENU_DISPLAY_NAME', 'Edit Resource');
INSERT INTO RESOURCE_PROP (RESOURCE_PROP_ID, RESOURCE_ID, NAME, PROP_VALUE) VALUES ('SELFSRV_RES_EDIT_PUB', 'SELFSRV_RES_EDIT', 'MENU_IS_PUBLIC', 'true');
INSERT INTO res_to_res_membership (RESOURCE_ID, MEMBER_RESOURCE_ID) VALUES ('SELFSRV_RES_EDIT_ROOT', 'SELFSRV_RES_EDIT');

INSERT INTO RES (RESOURCE_ID, RESOURCE_TYPE_ID, NAME, DESCRIPTION, URL) VALUES ('SELFSRV_RES_BACK_SRCH', 'MENU_ITEM', 'SELFSRV_RES_BACK_SRCH', 'Back to Search', '/selfservice/resources.html');
INSERT INTO RESOURCE_PROP (RESOURCE_PROP_ID, RESOURCE_ID, NAME, PROP_VALUE) VALUES ('SELFSRV_RES_BACK_SRCH_DN', 'SELFSRV_RES_BACK_SRCH', 'MENU_DISPLAY_NAME', 'Back to Search');
INSERT INTO RESOURCE_PROP (RESOURCE_PROP_ID, RESOURCE_ID, NAME, PROP_VALUE) VALUES ('SELFSRV_RES_BACK_SRCH_PUB', 'SELFSRV_RES_BACK_SRCH', 'MENU_IS_PUBLIC', 'true');
INSERT INTO res_to_res_membership (RESOURCE_ID, MEMBER_RESOURCE_ID) VALUES ('SELFSRV_RES_EDIT_ROOT', 'SELFSRV_RES_BACK_SRCH');
/* resources */



IF EXISTS (SELECT * FROM ROLE WHERE ROLE_ID='4') 
BEGIN
	INSERT INTO RESOURCE_ROLE (ROLE_ID, RESOURCE_ID) VALUES('4', 'REQUEST_APPROVAL');
END;

IF EXISTS (SELECT * FROM ROLE WHERE ROLE_ID='9') 
BEGIN
	INSERT INTO RESOURCE_ROLE (ROLE_ID, RESOURCE_ID) VALUES('9', 'REQUEST_APPROVAL');
	INSERT INTO RESOURCE_ROLE (ROLE_ID, RESOURCE_ID) VALUES('9', 'SELFSERVICE_GROUPS');
	INSERT INTO RESOURCE_ROLE (ROLE_ID, RESOURCE_ID) VALUES('9', 'SELFSERVICE_ROLES');
	INSERT INTO RESOURCE_ROLE (ROLE_ID, RESOURCE_ID) VALUES('9', 'SELFSERVICE_RESOURCES');
	IF NOT EXISTS (SELECT * FROM RESOURCE_ROLE WHERE ROLE_ID='9' and RESOURCE_ID='SELFSRVS_ACCESS_MNGMNT_ORG') 
	BEGIN
		INSERT INTO RESOURCE_ROLE (ROLE_ID, RESOURCE_ID) VALUES('9', 'SELFSRVS_ACCESS_MNGMNT_ORG');
	END;
END;

IF EXISTS (SELECT * FROM ROLE WHERE ROLE_ID='2') 
BEGIN
	INSERT INTO RESOURCE_ROLE (ROLE_ID, RESOURCE_ID) VALUES('2', 'SELFSERVICE_GROUPS');
	INSERT INTO RESOURCE_ROLE (ROLE_ID, RESOURCE_ID) VALUES('2', 'SELFSERVICE_ROLES');
	INSERT INTO RESOURCE_ROLE (ROLE_ID, RESOURCE_ID) VALUES('2', 'SELFSERVICE_RESOURCES');
	IF NOT EXISTS (SELECT * FROM RESOURCE_ROLE WHERE ROLE_ID='2' and RESOURCE_ID='SELFSRVS_ACCESS_MNGMNT_ORG') 
	BEGIN
		INSERT INTO RESOURCE_ROLE (ROLE_ID, RESOURCE_ID) VALUES('2', 'SELFSRVS_ACCESS_MNGMNT_ORG');
	END;
END;





/* webconsole */
INSERT INTO RES (RESOURCE_ID, RESOURCE_TYPE_ID, NAME, DESCRIPTION, URL) VALUES ('ORG_APROVER_ASSOC', 'MENU_ITEM', 'ORG_APROVER_ASSOC', 'Approver Associations', '/webconsole-idm/provisioning/organizationApproverAssociations.html');
INSERT INTO RESOURCE_PROP (RESOURCE_PROP_ID, RESOURCE_ID, NAME, PROP_VALUE) VALUES ('ORG_APROVER_ASSOC_DN', 'ORG_APROVER_ASSOC', 'MENU_DISPLAY_NAME', 'Approver Associations');
INSERT INTO RESOURCE_PROP (RESOURCE_PROP_ID, RESOURCE_ID, NAME, PROP_VALUE) VALUES ('ORG_APROVER_ASSOC_PUB', 'ORG_APROVER_ASSOC', 'MENU_IS_PUBLIC', 'true');
INSERT INTO res_to_res_membership (RESOURCE_ID, MEMBER_RESOURCE_ID) VALUES ('ORGANIZATION_EDIT_ID', 'ORG_APROVER_ASSOC');




INSERT INTO RES (RESOURCE_ID, RESOURCE_TYPE_ID, NAME, DESCRIPTION, URL) VALUES('MENUS_SEARCH', 'MENU_ITEM', 'MENUS_SEARCH', 'Menus Search', '/webconsole/menus.html');
INSERT INTO RESOURCE_PROP (RESOURCE_PROP_ID, RESOURCE_ID, NAME, PROP_VALUE) VALUES ('MENUS_SEARCH_PB', 'MENUS_SEARCH', 'MENU_IS_PUBLIC', 'true');
INSERT INTO RESOURCE_PROP (RESOURCE_PROP_ID, RESOURCE_ID, NAME, PROP_VALUE) VALUES ('MENUS_SEARCH_DC', 'MENUS_SEARCH', 'MENU_DISPLAY_NAME', 'Menus');
INSERT INTO res_to_res_membership (RESOURCE_ID, MEMBER_RESOURCE_ID) VALUES('ACC_CONTROL', 'MENUS_SEARCH');

ALTER TABLE RESOURCE_TYPE ADD SEARCHABLE CHAR(1) DEFAULT 'Y' NOT NULL;
GO
UPDATE RESOURCE_TYPE SET SEARCHABLE='N' WHERE RESOURCE_TYPE_ID='MENU_ITEM';

IF EXISTS (SELECT * FROM information_schema.TABLE_CONSTRAINTS WHERE TABLE_CATALOG = 'openiam' AND TABLE_NAME='CONTENT_PROVIDER' AND CONSTRAINT_NAME = 'CP_UI_THEME') 
	DROP INDEX CP_UI_THEME ON CONTENT_PROVIDER;

IF EXISTS (SELECT * FROM information_schema.columns WHERE TABLE_CATALOG='openiam' AND table_name = 'CONTENT_PROVIDER' AND column_name = 'UI_THEME_ID') 
	ALTER TABLE CONTENT_PROVIDER DROP COLUMN UI_THEME_ID;

IF EXISTS (SELECT * FROM information_schema.TABLE_CONSTRAINTS WHERE TABLE_CATALOG = 'openiam' AND TABLE_NAME='URI_PATTERN' AND CONSTRAINT_NAME = 'URI_PATTERN_UI_THEME') 
	DROP INDEX URI_PATTERN_UI_THEME ON URI_PATTERN;

IF EXISTS (SELECT * FROM information_schema.columns WHERE TABLE_CATALOG='openiam' AND table_name = 'URI_PATTERN' AND column_name = 'UI_THEME_ID') 
	ALTER TABLE URI_PATTERN DROP COLUMN UI_THEME_ID;



IF OBJECT_ID('UI_THEME', 'U') IS NOT NULL
	DROP TABLE UI_THEME;

CREATE TABLE UI_THEME(
	UI_THEME_ID NVARCHAR(32) NOT NULL,
	UI_THEME_NAME NVARCHAR(100) NOT NULL,
	URL NVARCHAR(300) NOT NULL,
	PRIMARY KEY(UI_THEME_ID)
) 

ALTER TABLE UI_THEME ADD CONSTRAINT UI_THEME_NAME_UNIUE UNIQUE(UI_THEME_NAME);

ALTER TABLE CONTENT_PROVIDER ADD UI_THEME_ID NVARCHAR(32) NULL;
ALTER TABLE URI_PATTERN ADD UI_THEME_ID NVARCHAR(32) NULL;

ALTER TABLE CONTENT_PROVIDER ADD CONSTRAINT CP_UI_THEME FOREIGN KEY (UI_THEME_ID) REFERENCES UI_THEME(UI_THEME_ID);
ALTER TABLE URI_PATTERN ADD CONSTRAINT URI_PATTERN_UI_THEME FOREIGN KEY (UI_THEME_ID) REFERENCES UI_THEME(UI_THEME_ID);

DELETE FROM res_to_res_membership WHERE RESOURCE_ID IN('UI_THEME_ROOT', 'UI_THEME_ROOT_SRCH', 'NEW_UI_THEME', 'UI_THEME_EDIT', 'UI_THEME_BACK_SRCH', 'UI_THEME_EDIT_MODIFY', 'UI_THEMES');
DELETE FROM res_to_res_membership WHERE MEMBER_RESOURCE_ID IN('UI_THEME_ROOT', 'UI_THEME_ROOT_SRCH', 'NEW_UI_THEME', 'UI_THEME_EDIT', 'UI_THEME_BACK_SRCH', 'UI_THEME_EDIT_MODIFY', 'UI_THEMES');
DELETE FROM RESOURCE_PROP WHERE RESOURCE_ID IN('UI_THEME_ROOT', 'UI_THEME_ROOT_SRCH', 'NEW_UI_THEME', 'UI_THEME_EDIT', 'UI_THEME_BACK_SRCH', 'UI_THEME_EDIT_MODIFY', 'UI_THEMES');
DELETE FROM RES WHERE RESOURCE_ID IN('UI_THEME_ROOT', 'UI_THEME_ROOT_SRCH', 'NEW_UI_THEME', 'UI_THEME_EDIT', 'UI_THEME_BACK_SRCH', 'UI_THEME_EDIT_MODIFY', 'UI_THEMES');


INSERT INTO RES (RESOURCE_ID, RESOURCE_TYPE_ID, NAME, DESCRIPTION) VALUES('UI_THEME_ROOT', 'MENU_ITEM', 'UI_THEME_ROOT', 'UI Theme Root');
INSERT INTO RESOURCE_PROP (RESOURCE_PROP_ID, RESOURCE_ID, NAME, PROP_VALUE) VALUES ('UI_THEME_ROOT_PB', 'UI_THEME_ROOT', 'MENU_IS_PUBLIC', 'true');
INSERT INTO RESOURCE_PROP (RESOURCE_PROP_ID, RESOURCE_ID, NAME, PROP_VALUE) VALUES ('UI_THEME_ROOT_DN', 'UI_THEME_ROOT', 'MENU_DISPLAY_NAME', 'UI Theme Root');

INSERT INTO RES (RESOURCE_ID, RESOURCE_TYPE_ID, NAME, DESCRIPTION, URL) VALUES ('UI_THEME_ROOT_SRCH', 'MENU_ITEM', 'UI_THEME_ROOT_SRCH', 'Search UI Themes', '/webconsole/uiThemes.html');
INSERT INTO RESOURCE_PROP (RESOURCE_PROP_ID, RESOURCE_ID, NAME, PROP_VALUE) VALUES ('UI_THEME_ROOT_SRCH_DN', 'UI_THEME_ROOT_SRCH', 'MENU_DISPLAY_NAME', 'Search UI Themes');
INSERT INTO RESOURCE_PROP (RESOURCE_PROP_ID, RESOURCE_ID, NAME, PROP_VALUE) VALUES ('UI_THEME_ROOT_SRCH_PB', 'UI_THEME_ROOT_SRCH', 'MENU_IS_PUBLIC', 'true');

INSERT INTO RES (RESOURCE_ID, RESOURCE_TYPE_ID, NAME, DESCRIPTION, URL) VALUES ('NEW_UI_THEME', 'MENU_ITEM', 'NEW_UI_THEME', 'New UI Theme', '/webconsole/newUITheme.html');
INSERT INTO RESOURCE_PROP (RESOURCE_PROP_ID, RESOURCE_ID, NAME, PROP_VALUE) VALUES ('NEW_UI_THEME_DN', 'NEW_UI_THEME', 'MENU_DISPLAY_NAME', 'New UI Theme');
INSERT INTO RESOURCE_PROP (RESOURCE_PROP_ID, RESOURCE_ID, NAME, PROP_VALUE) VALUES ('NEW_UI_THEME_PB', 'NEW_UI_THEME', 'MENU_IS_PUBLIC', 'true');

INSERT INTO res_to_res_membership (RESOURCE_ID, MEMBER_RESOURCE_ID) VALUES ('UI_THEME_ROOT', 'UI_THEME_ROOT_SRCH');
INSERT INTO res_to_res_membership (RESOURCE_ID, MEMBER_RESOURCE_ID) VALUES ('UI_THEME_ROOT', 'NEW_UI_THEME');


INSERT INTO RES (RESOURCE_ID, RESOURCE_TYPE_ID, NAME, DESCRIPTION) VALUES('UI_THEME_EDIT', 'MENU_ITEM', 'UI_THEME_EDIT', 'UI Theme Edit');
INSERT INTO RESOURCE_PROP (RESOURCE_PROP_ID, RESOURCE_ID, NAME, PROP_VALUE) VALUES ('UI_THEME_EDIT_PB', 'UI_THEME_EDIT', 'MENU_IS_PUBLIC', 'true');
INSERT INTO RESOURCE_PROP (RESOURCE_PROP_ID, RESOURCE_ID, NAME, PROP_VALUE) VALUES ('UI_THEME_EDIT_DN', 'UI_THEME_EDIT', 'MENU_DISPLAY_NAME', 'UI Theme Edit');

INSERT INTO RES (RESOURCE_ID, RESOURCE_TYPE_ID, NAME, DESCRIPTION, URL) VALUES ('UI_THEME_BACK_SRCH', 'MENU_ITEM', 'UI_THEME_BACK_SRCH', 'Back to Search', '/webconsole/uiThemes.html');
INSERT INTO RESOURCE_PROP (RESOURCE_PROP_ID, RESOURCE_ID, NAME, PROP_VALUE) VALUES ('UI_THEME_BACK_SRCH_DN', 'UI_THEME_BACK_SRCH', 'MENU_DISPLAY_NAME', 'Back to Search');
INSERT INTO RESOURCE_PROP (RESOURCE_PROP_ID, RESOURCE_ID, NAME, PROP_VALUE) VALUES ('UI_THEME_BACK_SRCH_PB', 'UI_THEME_BACK_SRCH', 'MENU_IS_PUBLIC', 'true');

INSERT INTO RES (RESOURCE_ID, RESOURCE_TYPE_ID, NAME, DESCRIPTION, URL) VALUES ('UI_THEME_EDIT_MODIFY', 'MENU_ITEM', 'UI_THEME_EDIT_MODIFY', 'Edit UI Theme', '/webconsole/editUITheme.html');
INSERT INTO RESOURCE_PROP (RESOURCE_PROP_ID, RESOURCE_ID, NAME, PROP_VALUE) VALUES ('UI_THEME_EDIT_MODIFY_DN', 'UI_THEME_EDIT_MODIFY', 'MENU_DISPLAY_NAME', 'Edit UI Theme');
INSERT INTO RESOURCE_PROP (RESOURCE_PROP_ID, RESOURCE_ID, NAME, PROP_VALUE) VALUES ('UI_THEME_EDIT_MODIFY_PB', 'UI_THEME_EDIT_MODIFY', 'MENU_IS_PUBLIC', 'true');

INSERT INTO res_to_res_membership (RESOURCE_ID, MEMBER_RESOURCE_ID) VALUES ('UI_THEME_EDIT', 'UI_THEME_BACK_SRCH');
INSERT INTO res_to_res_membership (RESOURCE_ID, MEMBER_RESOURCE_ID) VALUES ('UI_THEME_EDIT', 'UI_THEME_EDIT_MODIFY');


INSERT INTO RES (RESOURCE_ID, RESOURCE_TYPE_ID, NAME, DESCRIPTION, URL) VALUES ('UI_THEMES', 'MENU_ITEM', 'UI_THEMES', 'UI Themes', '/webconsole/uiThemes.html');
INSERT INTO RESOURCE_PROP (RESOURCE_PROP_ID, RESOURCE_ID, NAME, PROP_VALUE) VALUES ('UI_THEMES_DN', 'UI_THEMES', 'MENU_DISPLAY_NAME', 'UI Themes');
INSERT INTO RESOURCE_PROP (RESOURCE_PROP_ID, RESOURCE_ID, NAME, PROP_VALUE) VALUES ('UI_THEMES_PB', 'UI_THEMES', 'MENU_IS_PUBLIC', 'true');

INSERT INTO res_to_res_membership (RESOURCE_ID, MEMBER_RESOURCE_ID) VALUES ('ADMIN', 'UI_THEMES');

DELETE FROM res_to_res_membership WHERE MEMBER_RESOURCE_ID IN('SS_GRP_ENT', 'SS_ROLE_ENT', 'SS_RES_ENT');
DELETE FROM res_to_res_membership WHERE RESOURCE_ID IN('SS_GRP_ENT', 'SS_ROLE_ENT', 'SS_RES_ENT');
DELETE FROM RESOURCE_PROP WHERE RESOURCE_ID IN('SS_GRP_ENT', 'SS_ROLE_ENT', 'SS_RES_ENT');
DELETE FROM RES WHERE RESOURCE_ID IN('SS_GRP_ENT', 'SS_ROLE_ENT', 'SS_RES_ENT');

INSERT INTO RES (RESOURCE_ID, RESOURCE_TYPE_ID, NAME, DESCRIPTION, URL) VALUES ('SS_GRP_ENT', 'MENU_ITEM', 'SS_GRP_ENT', 'New UI Theme', '/selfservice/groupEntitlements.html');
INSERT INTO RESOURCE_PROP (RESOURCE_PROP_ID, RESOURCE_ID, NAME, PROP_VALUE) VALUES ('SS_GRP_ENT_DN', 'SS_GRP_ENT', 'MENU_DISPLAY_NAME', 'Entitlements');
INSERT INTO RESOURCE_PROP (RESOURCE_PROP_ID, RESOURCE_ID, NAME, PROP_VALUE) VALUES ('SS_GRP_ENT_PB', 'SS_GRP_ENT', 'MENU_IS_PUBLIC', 'true');

INSERT INTO res_to_res_membership (RESOURCE_ID, MEMBER_RESOURCE_ID) VALUES ('SELFSRV_GRP_EDIT_ROOT', 'SS_GRP_ENT');

INSERT INTO RES (RESOURCE_ID, RESOURCE_TYPE_ID, NAME, DESCRIPTION, URL) VALUES ('SS_ROLE_ENT', 'MENU_ITEM', 'SS_ROLE_ENT', 'New UI Theme', '/selfservice/roleEntitlements.html');
INSERT INTO RESOURCE_PROP (RESOURCE_PROP_ID, RESOURCE_ID, NAME, PROP_VALUE) VALUES ('SS_ROLE_ENT_DN', 'SS_ROLE_ENT', 'MENU_DISPLAY_NAME', 'Entitlements');
INSERT INTO RESOURCE_PROP (RESOURCE_PROP_ID, RESOURCE_ID, NAME, PROP_VALUE) VALUES ('SS_ROLE_ENT_PB', 'SS_ROLE_ENT', 'MENU_IS_PUBLIC', 'true');

INSERT INTO res_to_res_membership (RESOURCE_ID, MEMBER_RESOURCE_ID) VALUES ('SELFSRV_ROLE_EDIT_ROOT', 'SS_ROLE_ENT');

INSERT INTO RES (RESOURCE_ID, RESOURCE_TYPE_ID, NAME, DESCRIPTION, URL) VALUES ('SS_RES_ENT', 'MENU_ITEM', 'SS_RES_ENT', 'New UI Theme', '/selfservice/resourceEntitlements.html');
INSERT INTO RESOURCE_PROP (RESOURCE_PROP_ID, RESOURCE_ID, NAME, PROP_VALUE) VALUES ('SS_RES_ENT_DN', 'SS_RES_ENT', 'MENU_DISPLAY_NAME', 'Entitlements');
INSERT INTO RESOURCE_PROP (RESOURCE_PROP_ID, RESOURCE_ID, NAME, PROP_VALUE) VALUES ('SS_RES_ENT_PB', 'SS_RES_ENT', 'MENU_IS_PUBLIC', 'true');

INSERT INTO res_to_res_membership (RESOURCE_ID, MEMBER_RESOURCE_ID) VALUES ('SELFSRV_RES_EDIT_ROOT', 'SS_RES_ENT');

DELETE FROM ATTRIBUTE_MAP WHERE ATTRIBUTE_MAP_ID = '610';
DELETE FROM ATTRIBUTE_MAP WHERE ATTRIBUTE_MAP_ID = '611';
DELETE FROM RECON_RES_ATTR_MAP WHERE RECON_RES_ATTR_MAP_ID = '63';
DELETE FROM RECON_RES_ATTR_MAP WHERE RECON_RES_ATTR_MAP_ID = '64';

DELETE FROM POLICY WHERE POLICY_ID = '4659';


INSERT INTO POLICY (POLICY_ID,POLICY_DEF_ID,NAME,DESCRIPTION,STATUS,CREATE_DATE,CREATED_BY,RULE_SRC_URL,RULE_TEXT) VALUES ('4659','104','googleGroups','GoogleApps groups Policy',1,CURRENT_TIMESTAMP,'3000','provision/googleGroups.groovy','');

INSERT INTO RECON_RES_ATTR_MAP (RECON_RES_ATTR_MAP_ID, ATTR_POLICY_ID) VALUES (64,4659);
INSERT INTO ATTRIBUTE_MAP (ATTRIBUTE_MAP_ID, MANAGED_SYS_ID, RESOURCE_ID, MAP_FOR_OBJECT_TYPE, ATTRIBUTE_NAME, ATTRIBUTE_POLICY_ID, STATUS, DATA_TYPE) VALUES ('611','103','103','USER','groups','64','ACTIVE','STRING');


INSERT INTO RECON_RES_ATTR_MAP (RECON_RES_ATTR_MAP_ID, ATTR_POLICY_ID) VALUES (63,4540);
INSERT INTO ATTRIBUTE_MAP (ATTRIBUTE_MAP_ID, MANAGED_SYS_ID, RESOURCE_ID, MAP_FOR_OBJECT_TYPE, ATTRIBUTE_NAME, ATTRIBUTE_POLICY_ID, STATUS, DATA_TYPE) VALUES ('610','103','103','USER','userEmail','63','ACTIVE','STRING');

UPDATE ATTRIBUTE_MAP SET ATTRIBUTE_NAME= 'login', ATTRIBUTE_POLICY_ID='26' WHERE ATTRIBUTE_MAP_ID = '400';
UPDATE ATTRIBUTE_MAP SET DATA_TYPE= 'STRING' WHERE MANAGED_SYS_ID = '103';

IF EXISTS (select * from information_schema.KEY_COLUMN_USAGE where table_CATALOG = 'openiam' and table_name = 'SECURITY_DOMAIN') 
BEGIN
	delete from PWD_HISTORY where  LOGIN_ID in (select LOGIN_ID from LOGIN where SERVICE_ID<>'USR_SEC_DOMAIN');

	delete from LOGIN where SERVICE_ID<>'USR_SEC_DOMAIN';

	ALTER TABLE LOGIN DROP FK_LOGIN_SERVICE;
	DROP INDEX UNIQUE_LOGIN ON LOGIN;
	DROP INDEX FK_LOGIN_SERVICE ON LOGIN;

	ALTER TABLE LOGIN DROP COLUMN SERVICE_ID;
	CREATE UNIQUE INDEX UNIQUE_LOGIN ON LOGIN (LOGIN ASC, MANAGED_SYS_ID ASC);



	ALTER TABLE ROLE DROP FK_ROLE_SERVICE;
	DROP INDEX FK_ROLE_SERVICE ON ROLE;
	ALTER TABLE ROLE DROP COLUMN SERVICE_ID;


	ALTER TABLE MANAGED_SYS DROP COLUMN DOMAIN_ID;

	IF OBJECT_ID('SECURITY_DOMAIN', 'U') IS NOT NULL
		DROP TABLE SECURITY_DOMAIN;
END;

GO
IF EXISTS(select * FROM sys.views where name = 'USER_PSWD_EXPIRED_YESTERDAY_VW')
	drop view USER_PSWD_EXPIRED_YESTERDAY_VW;
GO
CREATE VIEW USER_PSWD_EXPIRED_YESTERDAY_VW AS
  select
    l.LOGIN AS LOGIN,
    l.MANAGED_SYS_ID AS MANAGED_SYS_ID,
    l.USER_ID AS USER_ID,
    l.GRACE_PERIOD AS EXPIRATION_DATE,
    u.FIRST_NAME AS FIRST_NAME,
    u.LAST_NAME AS LAST_NAME,
    u.STATUS AS STATUS
  from LOGIN l
    JOIN USERS as u ON l.USER_ID = u.USER_ID
  where
    ((l.USER_ID = u.USER_ID)
     and (l.MANAGED_SYS_ID = 0)
     and (((l.GRACE_PERIOD is not null)
           and (cast(l.GRACE_PERIOD as date) = (GETDATE() - 1)))
          or ((l.PWD_EXP is not null)
              and (l.GRACE_PERIOD IS NULL)
              and (cast(l.PWD_EXP as date) = (GETDATE() - 1)))));
GO
        
DELETE FROM RESOURCE_USER where RESOURCE_ID like 'SECDOMAIN%';
DELETE FROM RESOURCE_PROP where RESOURCE_ID like 'SECDOMAIN%';
DELETE FROM RESOURCE_PRIVILEGE where RESOURCE_ID like 'SECDOMAIN%';
DELETE FROM RESOURCE_GROUP where RESOURCE_ID like 'SECDOMAIN%';
DELETE FROM res_to_res_membership where RESOURCE_ID like 'SECDOMAIN%' or MEMBER_RESOURCE_ID like 'SECDOMAIN%';
DELETE FROM RESOURCE_ROLE where RESOURCE_ID like 'SECDOMAIN%';
DELETE FROM RES where RESOURCE_ID like 'SECDOMAIN%';



DELETE FROM ATTRIBUTE_MAP
WHERE ATTRIBUTE_POLICY_ID in (SELECT RECON_RES_ATTR_MAP_ID FROM RECON_RES_ATTR_MAP
WHERE ATTR_POLICY_ID in (select POLICY_ID from POLICY
WHERE RULE_SRC_URL = 'provision/primaryDomain.groovy'
      OR RULE_SRC_URL = 'provision/secDomain.groovy'));

DELETE FROM RECON_RES_ATTR_MAP
WHERE ATTR_POLICY_ID in (select POLICY_ID from POLICY
WHERE RULE_SRC_URL = 'provision/primaryDomain.groovy'
      OR RULE_SRC_URL = 'provision/secDomain.groovy');

DELETE FROM POLICY WHERE RULE_SRC_URL = 'provision/primaryDomain.groovy'
                         OR RULE_SRC_URL = 'provision/secDomain.groovy';
                         
DELETE FROM RESOURCE_PROP WHERE RESOURCE_PROP_ID = 'META_ADMIN_DESC';
DELETE FROM RESOURCE_PROP WHERE RESOURCE_PROP_ID = 'META_TYPE_ADMIN_DESC';
DELETE FROM res_to_res_membership WHERE RESOURCE_ID='META_SUBMENU_ROOT';
DELETE FROM res_to_res_membership WHERE RESOURCE_ID='META_TYPE_SUBMENU_ROOT';
DELETE FROM res_to_res_membership WHERE MEMBER_RESOURCE_ID='META_ADMIN';
DELETE FROM res_to_res_membership WHERE MEMBER_RESOURCE_ID='META_TYPE_ADMIN';



DELETE FROM RESOURCE_PROP WHERE RESOURCE_PROP_ID = 'META_TYPE_EDIT_DESC';
DELETE FROM RESOURCE_PROP WHERE RESOURCE_PROP_ID = 'META_EDIT_DESC';
DELETE FROM RESOURCE_PROP WHERE RESOURCE_PROP_ID = 'META_TYPE_SEARCH_DESC';
DELETE FROM RESOURCE_PROP WHERE RESOURCE_PROP_ID = 'META_SEARCH_DESC';

DELETE FROM RES WHERE RESOURCE_ID='META_TYPE_EDIT';
DELETE FROM RES WHERE RESOURCE_ID='META_EDIT';
DELETE FROM RES WHERE RESOURCE_ID='META_TYPE_SEARCH';
DELETE FROM RES WHERE RESOURCE_ID='META_SEARCH';

DELETE FROM RES WHERE RESOURCE_ID='META_ADMIN';
DELETE FROM RES WHERE RESOURCE_ID='META_TYPE_ADMIN';
DELETE FROM RES WHERE RESOURCE_ID='META_SUBMENU_ROOT';
DELETE FROM RES WHERE RESOURCE_ID='META_TYPE_SUBMENU_ROOT';

INSERT INTO RES (RESOURCE_ID,RESOURCE_TYPE_ID,DESCRIPTION,NAME,DISPLAY_ORDER,IS_PUBLIC,URL) VALUES ('META_ADMIN','MENU_ITEM','metadata admin root','META_ADMIN',1,'Y','/webconsole/metaDataSearch.html');
INSERT INTO RESOURCE_PROP (RESOURCE_PROP_ID,RESOURCE_ID,NAME,PROP_VALUE) VALUES ('META_ADMIN_DESC','META_ADMIN','MENU_DISPLAY_NAME','Metadata Elements');
INSERT INTO res_to_res_membership (RESOURCE_ID,MEMBER_RESOURCE_ID) VALUES ('ADMIN','META_ADMIN');



INSERT INTO RES (RESOURCE_ID,RESOURCE_TYPE_ID,DESCRIPTION,NAME,DISPLAY_ORDER,IS_PUBLIC,URL) VALUES ('META_TYPE_ADMIN','MENU_ITEM','metadata admin root','META_TYPE_ADMIN',1,'Y','/webconsole/metaDataTypeSearch.html');
INSERT INTO RESOURCE_PROP (RESOURCE_PROP_ID,RESOURCE_ID,NAME,PROP_VALUE) VALUES ('META_TYPE_ADMIN_DESC','META_TYPE_ADMIN','MENU_DISPLAY_NAME','Metadata Types');
INSERT INTO res_to_res_membership (RESOURCE_ID,MEMBER_RESOURCE_ID) VALUES ('ADMIN','META_TYPE_ADMIN');




INSERT INTO RES (RESOURCE_ID,RESOURCE_TYPE_ID,DESCRIPTION,NAME,DISPLAY_ORDER,IS_PUBLIC) VALUES ('META_TYPE_SUBMENU_ROOT','MENU_ITEM','metadata root menu','META_TYPE_SUBMENU_ROOT',1,'Y'); 

INSERT INTO RES (RESOURCE_ID,RESOURCE_TYPE_ID,DESCRIPTION,NAME,DISPLAY_ORDER,IS_PUBLIC,URL) VALUES ('META_TYPE_EDIT','MENU_ITEM','metadata type edit','META_TYPE_EDIT',1,'Y','/webconsole/metaDataTypeEdit.html'); 
INSERT INTO RESOURCE_PROP (RESOURCE_PROP_ID,RESOURCE_ID,NAME,PROP_VALUE) VALUES ('META_TYPE_EDIT_DESC','META_TYPE_EDIT','MENU_DISPLAY_NAME','New MetaData Type');

INSERT INTO RES (RESOURCE_ID,RESOURCE_TYPE_ID,DESCRIPTION,NAME,DISPLAY_ORDER,IS_PUBLIC,URL) VALUES ('META_TYPE_SEARCH','MENU_ITEM','metadata type search','META_TYPE_SEARCH',3,'Y','/webconsole/metaDataTypeSearch.html'); 
INSERT INTO RESOURCE_PROP (RESOURCE_PROP_ID,RESOURCE_ID,NAME,PROP_VALUE) VALUES ('META_TYPE_SEARCH_DESC','META_TYPE_SEARCH','MENU_DISPLAY_NAME','MetaData Type Search');




INSERT INTO RES (RESOURCE_ID,RESOURCE_TYPE_ID,DESCRIPTION,NAME,DISPLAY_ORDER,IS_PUBLIC) VALUES ('META_SUBMENU_ROOT','MENU_ITEM','metadata root menu','META_SUBMENU_ROOT',1,'Y'); 

INSERT INTO RES (RESOURCE_ID,RESOURCE_TYPE_ID,DESCRIPTION,NAME,DISPLAY_ORDER,IS_PUBLIC,URL) VALUES ('META_EDIT','MENU_ITEM','metadata type edit','META_EDIT',2,'Y','/webconsole/metaDataEdit.html'); 
INSERT INTO RESOURCE_PROP (RESOURCE_PROP_ID,RESOURCE_ID,NAME,PROP_VALUE) VALUES ('META_EDIT_DESC','META_EDIT','MENU_DISPLAY_NAME','New MetaData');

INSERT INTO RES (RESOURCE_ID,RESOURCE_TYPE_ID,DESCRIPTION,NAME,DISPLAY_ORDER,IS_PUBLIC,URL) VALUES ('META_SEARCH','MENU_ITEM','metadata search','META_SEARCH',4,'Y','/webconsole/metaDataSearch.html');
INSERT INTO RESOURCE_PROP (RESOURCE_PROP_ID,RESOURCE_ID,NAME,PROP_VALUE) VALUES ('META_SEARCH_DESC','META_SEARCH','MENU_DISPLAY_NAME','MetaData Search');

INSERT INTO res_to_res_membership (MEMBER_RESOURCE_ID, RESOURCE_ID) VALUES ('META_SEARCH', 'META_SUBMENU_ROOT');
INSERT INTO res_to_res_membership (MEMBER_RESOURCE_ID, RESOURCE_ID) VALUES ('META_TYPE_SEARCH', 'META_TYPE_SUBMENU_ROOT');
INSERT INTO res_to_res_membership (MEMBER_RESOURCE_ID, RESOURCE_ID) VALUES ('META_EDIT', 'META_SUBMENU_ROOT');
INSERT INTO res_to_res_membership (MEMBER_RESOURCE_ID, RESOURCE_ID) VALUES ('META_TYPE_EDIT', 'META_TYPE_SUBMENU_ROOT');

ALTER TABLE RES ADD RISK NVARCHAR(10) NULL DEFAULT NULL;

IF EXISTS (SELECT * FROM information_schema.columns WHERE table_CATALOG='openiam' AND table_name = 'AUTH_LEVEL' AND column_name = 'AUTH_LEVEL_DIG') 
BEGIN
	DROP INDEX UNIQUE_AUTH_LEVEL_LEVEL ON AUTH_LEVEL
	ALTER TABLE AUTH_LEVEL DROP COLUMN AUTH_LEVEL_DIG;
END;

IF EXISTS (SELECT * FROM information_schema.columns WHERE table_CATALOG='openiam' AND table_name = 'AUTH_LEVEL' AND column_name = 'REQUIRES_AUTHENTICATION') 
	ALTER TABLE AUTH_LEVEL DROP COLUMN REQUIRES_AUTHENTICATION;


IF EXISTS (SELECT * FROM information_schema.columns WHERE table_CATALOG='openiam' AND table_name = 'AUTH_LEVEL_GROUPING') 
	DELETE FROM AUTH_LEVEL_GROUPING;


GO
ALTER TABLE AUTH_LEVEL ADD REQUIRES_AUTHENTICATION CHAR(1) DEFAULT 'Y';
GO
UPDATE AUTH_LEVEL SET REQUIRES_AUTHENTICATION='Y';
ALTER TABLE AUTH_LEVEL ALTER COLUMN REQUIRES_AUTHENTICATION CHAR(1) NOT NULL;

Declare @v_constraintname NVARCHAR(max)
set @v_constraintname ='ALTER TABLE AUTH_LEVEL DROP CONSTRAINT '
set @v_constraintname = @v_constraintname + (select c_obj.name as CONSTRAINT_NAME
from sysobjects c_obj
join syscomments com on c_obj.id = com.id
join sysobjects t_obj on c_obj.parent_obj = t_obj.id 
join sysconstraints con on c_obj.id = con.constid
join syscolumns col on t_obj.id = col.id
and con.colid = col.colid
where
c_obj.uid = user_id()
and c_obj.xtype = 'D'
and t_obj.name='AUTH_LEVEL' and col.name='REQUIRES_AUTHENTICATION')
exec(@v_constraintname)
	
ALTER TABLE AUTH_LEVEL ADD DEFAULT 'Y' FOR REQUIRES_AUTHENTICATION;

DELETE FROM AUTH_LEVEL WHERE AUTH_LEVEL_ID IN('None', 'NONE');
INSERT INTO AUTH_LEVEL (AUTH_LEVEL_ID, AUTH_LEVEL_NAME, REQUIRES_AUTHENTICATION) VALUES('NONE', 'No Authentication Required', 'N');

IF OBJECT_ID('CP_AUTH_LEVEL_GRP_XREF', 'U') IS NOT NULL
	DROP TABLE CP_AUTH_LEVEL_GRP_XREF;

IF OBJECT_ID('URI_AUTH_LEVEL_GRP_XREF', 'U') IS NOT NULL
	DROP TABLE URI_AUTH_LEVEL_GRP_XREF;
	
IF OBJECT_ID('AUTH_LEVEL_ATTRIBUTE', 'U') IS NOT NULL
	DROP TABLE AUTH_LEVEL_ATTRIBUTE;

IF OBJECT_ID('AUTH_LEVEL_GROUPING', 'U') IS NOT NULL
	DROP TABLE AUTH_LEVEL_GROUPING;

CREATE TABLE AUTH_LEVEL_GROUPING (
	AUTH_LEVEL_GROUPING_ID NVARCHAR(32) NOT NULL,
	AUTH_LEVEL_ID NVARCHAR(32) NOT NULL,
	NAME NVARCHAR(100) NOT NULL,
	PRIMARY KEY(AUTH_LEVEL_GROUPING_ID),
	CONSTRAINT AUTH_LEVEL_GROUPING_FK FOREIGN KEY (AUTH_LEVEL_ID) REFERENCES AUTH_LEVEL(AUTH_LEVEL_ID)
);

CREATE TABLE AUTH_LEVEL_ATTRIBUTE(
	AUTH_LEVEL_ATTRIBUTE_ID NVARCHAR(32) NOT NULL,
	AUTH_LEVEL_GROUPING_ID NVARCHAR(32) NOT NULL,
	TYPE_ID NVARCHAR(32) NOT NULL,
	NAME NVARCHAR(100) NOT NULL,
	VALUE VARBINARY(MAX) NOT NULL,
	PRIMARY KEY(AUTH_LEVEL_ATTRIBUTE_ID),
	CONSTRAINT AUTH_LEVEL_ATTR_GRP_FK FOREIGN KEY (AUTH_LEVEL_GROUPING_ID) REFERENCES AUTH_LEVEL_GROUPING(AUTH_LEVEL_GROUPING_ID),
	CONSTRAINT AUTH_LEVEL_ATTR_TYPE_FK FOREIGN KEY (TYPE_ID) REFERENCES METADATA_TYPE(TYPE_ID)
);

CREATE TABLE URI_AUTH_LEVEL_GRP_XREF(
	URI_PATTERN_ID NVARCHAR(32) NOT NULL,
	AUTH_LEVEL_GROUPING_ID NVARCHAR(32) NOT NULL,
	EXEC_ORDER NUMERIC(3) NOT NULL,
	CONSTRAINT URI_AUTH_LEVEL_GRP_FK FOREIGN KEY (AUTH_LEVEL_GROUPING_ID) REFERENCES AUTH_LEVEL_GROUPING(AUTH_LEVEL_GROUPING_ID),
	CONSTRAINT URI_AUTH_LEVEL_URI_FK FOREIGN KEY (URI_PATTERN_ID) REFERENCES URI_PATTERN(URI_PATTERN_ID),
	CONSTRAINT UNIQUE_URI_AUTH_GROUP UNIQUE(URI_PATTERN_ID, AUTH_LEVEL_GROUPING_ID, EXEC_ORDER)
);

CREATE TABLE CP_AUTH_LEVEL_GRP_XREF(
	CONTENT_PROVIDER_ID NVARCHAR(32) NOT NULL,
	AUTH_LEVEL_GROUPING_ID NVARCHAR(32) NOT NULL,
	EXEC_ORDER NUMERIC(3) NOT NULL,
	CONSTRAINT CP_AUTH_LEVEL_GRP_FK FOREIGN KEY (AUTH_LEVEL_GROUPING_ID) REFERENCES AUTH_LEVEL_GROUPING(AUTH_LEVEL_GROUPING_ID),
	CONSTRAINT CP_AUTH_LEVEL_CP_FK FOREIGN KEY (CONTENT_PROVIDER_ID) REFERENCES CONTENT_PROVIDER(CONTENT_PROVIDER_ID),
	CONSTRAINT UNIQUE_CP_AUTH_GROUP UNIQUE(CONTENT_PROVIDER_ID, AUTH_LEVEL_GROUPING_ID, EXEC_ORDER)
);

INSERT INTO AUTH_LEVEL_GROUPING (AUTH_LEVEL_GROUPING_ID, AUTH_LEVEL_ID, NAME) VALUES('NONE', 'NONE', 'None');
INSERT INTO AUTH_LEVEL_GROUPING (AUTH_LEVEL_GROUPING_ID, AUTH_LEVEL_ID, NAME) VALUES('PASSWORD_AUTH', 'PASSWORD_AUTH', 'Password Authentication');
INSERT INTO AUTH_LEVEL_GROUPING (AUTH_LEVEL_GROUPING_ID, AUTH_LEVEL_ID, NAME) VALUES('CERT_AUTH', 'CERT_AUTH', 'Certificate Authentication');

DELETE FROM URI_AUTH_LEVEL_GRP_XREF;
DELETE FROM CP_AUTH_LEVEL_GRP_XREF;



DECLARE @authLevelId NVARCHAR(32);
DECLARE @entityId NVARCHAR(32);
DECLARE cur1 CURSOR FOR (SELECT URI_PATTERN_ID, MIN_AUTH_LEVEL FROM URI_PATTERN);
OPEN cur1;

FETCH NEXT FROM cur1 INTO @entityId, @authLevelId;
WHILE @@FETCH_STATUS = 0
BEGIN
	IF (@entityId IS NOT NULL) 
	BEGIN
		IF (@authLevelId IS NOT NULL) 
		BEGIN
			IF ((SELECT count(*) FROM URI_AUTH_LEVEL_GRP_XREF WHERE URI_PATTERN_ID=@entityId AND AUTH_LEVEL_GROUPING_ID=@authLevelId)= 0)
			BEGIN
				INSERT INTO URI_AUTH_LEVEL_GRP_XREF (URI_PATTERN_ID, AUTH_LEVEL_GROUPING_ID, EXEC_ORDER) VALUES(@entityId, @authLevelId, 0);
			END;
		END;
	END;
END;
CLOSE cur1;



DECLARE @authLevelId_ NVARCHAR(32);
DECLARE @entityId_ NVARCHAR(32);
DECLARE cur2 CURSOR FOR (SELECT CONTENT_PROVIDER_ID, MIN_AUTH_LEVEL FROM CONTENT_PROVIDER);
OPEN cur2;

FETCH NEXT FROM cur2 INTO @entityId_, @authLevelId_;
WHILE @@FETCH_STATUS = 0
BEGIN
	IF (@entityId_ IS NOT NULL) 
	BEGIN
		IF (@authLevelId_ IS NOT NULL) 
		BEGIN
			IF ((SELECT count(*) FROM CP_AUTH_LEVEL_GRP_XREF WHERE CONTENT_PROVIDER_ID=@entityId_ AND AUTH_LEVEL_GROUPING_ID=@authLevelId_)= 0)
			BEGIN
				INSERT INTO CP_AUTH_LEVEL_GRP_XREF (CONTENT_PROVIDER_ID, AUTH_LEVEL_GROUPING_ID, EXEC_ORDER) VALUES(@entityId_, @authLevelId_, 0);
			END;
		END;
	END;
END;
CLOSE cur2;

IF EXISTS (SELECT * FROM information_schema.columns WHERE table_catalog='openiam' AND table_name = 'CONTENT_PROVIDER' AND column_name = 'MIN_AUTH_LEVEL')
BEGIN
	ALTER TABLE CONTENT_PROVIDER DROP CP_AUTH_LEVEL_FK;
	DROP INDEX CP_AUTH_LEVEL_FK ON CONTENT_PROVIDER;
	ALTER TABLE CONTENT_PROVIDER DROP COLUMN MIN_AUTH_LEVEL;
END;

IF EXISTS (SELECT * FROM information_schema.columns WHERE table_catalog='openiam' AND table_name = 'URI_PATTERN' AND column_name = 'MIN_AUTH_LEVEL')
BEGIN
	ALTER TABLE URI_PATTERN DROP URI_PATTERN_AUTH_LEVEL_FK;
	DROP INDEX URI_PATTERN_AUTH_LEVEL_FK ON URI_PATTERN;
	ALTER TABLE URI_PATTERN DROP COLUMN MIN_AUTH_LEVEL;
END;

IF OBJECT_ID('AUTH_LEVEL_ATTRIBUTE', 'U') IS NOT NULL
	DROP TABLE AUTH_LEVEL_ATTRIBUTE;

CREATE TABLE AUTH_LEVEL_ATTRIBUTE(
	AUTH_LEVEL_ATTRIBUTE_ID NVARCHAR(32) NOT NULL,
	AUTH_LEVEL_GROUPING_ID NVARCHAR(32) NOT NULL,
	TYPE_ID NVARCHAR(32) NOT NULL,
	NAME NVARCHAR(100) NOT NULL,
	VALUE_AS_BYTE_ARRAY VARBINARY(MAX) NULL,
	VALUE_AS_STRING NVARCHAR(32) NULL,
	PRIMARY KEY(AUTH_LEVEL_ATTRIBUTE_ID),
	CONSTRAINT AUTH_LEVEL_ATTR_GRP_FK FOREIGN KEY (AUTH_LEVEL_GROUPING_ID) REFERENCES AUTH_LEVEL_GROUPING(AUTH_LEVEL_GROUPING_ID),
	CONSTRAINT AUTH_LEVEL_ATTR_TYPE_FK FOREIGN KEY (TYPE_ID) REFERENCES METADATA_TYPE(TYPE_ID)
);


IF NOT EXISTS (SELECT * FROM information_schema.columns WHERE table_catalog='openiam' AND table_name = 'METADATA_TYPE' AND column_name = 'IS_BINARY')
BEGIN
	ALTER TABLE METADATA_TYPE ADD IS_BINARY CHAR(1) DEFAULT 'N' NOT NULL;
END;
 

DELETE FROM METADATA_TYPE WHERE GROUPING IN('AUTH_LEVEL');
GO
INSERT INTO METADATA_TYPE (TYPE_ID, DESCRIPTION, ACTIVE, GROUPING, IS_BINARY) VALUES('KERBEROS_SERVICE_NAME', 'Kerberos Service Name', 'Y', 'AUTH_LEVEL', 'N');
INSERT INTO METADATA_TYPE (TYPE_ID, DESCRIPTION, ACTIVE, GROUPING, IS_BINARY) VALUES('KERBEROS_KEYTAB_FILE', 'Kerberos Keytab File', 'Y', 'AUTH_LEVEL', 'Y');

ALTER TABLE RESOURCE_TYPE ADD URL NVARCHAR(512) NULL DEFAULT NULL;
GO
ALTER TABLE RESOURCE_TYPE DROP COLUMN METADATA_TYPE_ID;

ALTER TABLE RES DROP FK_RESOURCE_RESOURCE_TYPE;
DROP INDEX FK_RESOURCE_RESOURCE_TYPE ON RES;

DECLARE @table NVARCHAR(512), @sql NVARCHAR(MAX);
SELECT @table = 'RESOURCE_TYPE';
SELECT @sql = 'ALTER TABLE ' + @table 
	+ ' DROP CONSTRAINT ' + name + ';'
	FROM sys.key_constraints
	WHERE [type] = 'PK'
	AND [parent_object_id] = OBJECT_ID(@table);
EXEC sp_executeSQL @sql;

ALTER TABLE RES ALTER COLUMN RESOURCE_TYPE_ID NVARCHAR(32) NOT NULL;
	
ALTER TABLE RESOURCE_TYPE ALTER COLUMN RESOURCE_TYPE_ID NVARCHAR(32) NOT NULL;
ALTER TABLE RESOURCE_TYPE ADD PRIMARY KEY (RESOURCE_TYPE_ID);

ALTER TABLE RES ADD CONSTRAINT FK_RESOURCE_RESOURCE_TYPE FOREIGN KEY (RESOURCE_TYPE_ID) REFERENCES RESOURCE_TYPE (RESOURCE_TYPE_ID);
CREATE INDEX FK_RESOURCE_RESOURCE_TYPE ON RES(RESOURCE_TYPE_ID);

DELETE FROM RESOURCE_PROP WHERE RESOURCE_PROP_ID = 'RES_TYPE_DESC';
DELETE FROM res_to_res_membership WHERE MEMBER_RESOURCE_ID='RES_TYPE_ITEM';
DELETE FROM RES WHERE RESOURCE_ID='RES_TYPE_ITEM';

DELETE FROM RESOURCE_PROP WHERE RESOURCE_PROP_ID = 'RES_TYPE_NEW_DESC';
DELETE FROM res_to_res_membership WHERE RESOURCE_ID='RES_TYPE_MENU_ROOT';
DELETE FROM RES WHERE RESOURCE_ID='RES_TYPE_MENU_ROOT';
DELETE FROM RES WHERE RESOURCE_ID='RES_TYPE_NEW';

INSERT INTO RES (RESOURCE_ID,RESOURCE_TYPE_ID,DESCRIPTION,NAME,DISPLAY_ORDER,IS_PUBLIC,URL) VALUES ('RES_TYPE_ITEM','MENU_ITEM','Resource Type','RES_TYPE_ITEM',1,'Y','/webconsole/resourceTypes.html');
INSERT INTO RESOURCE_PROP (RESOURCE_PROP_ID,RESOURCE_ID,NAME,PROP_VALUE) VALUES ('RES_TYPE_DESC','RES_TYPE_ITEM','MENU_DISPLAY_NAME','Resource Type');
INSERT INTO res_to_res_membership (RESOURCE_ID,MEMBER_RESOURCE_ID) VALUES ('ACC_CONTROL','RES_TYPE_ITEM');

INSERT INTO RES (RESOURCE_ID,RESOURCE_TYPE_ID,DESCRIPTION,NAME,DISPLAY_ORDER,IS_PUBLIC) VALUES ('RES_TYPE_MENU_ROOT','MENU_ITEM','resource type root menu','RES_TYPE_MENU_ROOT',1,'Y'); 
INSERT INTO RES (RESOURCE_ID,RESOURCE_TYPE_ID,DESCRIPTION,NAME,DISPLAY_ORDER,IS_PUBLIC,URL) VALUES ('RES_TYPE_NEW','MENU_ITEM','metadata type edit','RES_TYPE_EDIT',1,'Y','/webconsole/editResourceType.html'); 
INSERT INTO RESOURCE_PROP (RESOURCE_PROP_ID,RESOURCE_ID,NAME,PROP_VALUE) VALUES ('RES_TYPE_NEW_DESC','RES_TYPE_NEW','MENU_DISPLAY_NAME','New Resource Type');
INSERT INTO res_to_res_membership (RESOURCE_ID,MEMBER_RESOURCE_ID) VALUES ('RES_TYPE_MENU_ROOT','RES_TYPE_NEW');

DELETE FROM RESOURCE_PROP WHERE RESOURCE_ID IN('AUTH_LVL_GRP_NEW_ROOT', 'NEW_AUTH_LVL_GRP', 'AUTH_LVL_GRP_EDIT_ROOT', 'BACK_TO_AUTH_LVL_GRP_SRH', 'AUTH_LVL_GRP_ATTR', 'BACK_TO_AUTH_LVL', 'AUTH_LEVEL_GRP');
DELETE FROM res_to_res_membership WHERE MEMBER_RESOURCE_ID IN('AUTH_LVL_GRP_NEW_ROOT', 'NEW_AUTH_LVL_GRP', 'AUTH_LVL_GRP_EDIT_ROOT', 'BACK_TO_AUTH_LVL_GRP_SRH', 'AUTH_LVL_GRP_ATTR', 'BACK_TO_AUTH_LVL', 'AUTH_LEVEL_GRP');
DELETE FROM res_to_res_membership WHERE RESOURCE_ID IN('AUTH_LVL_GRP_NEW_ROOT', 'NEW_AUTH_LVL_GRP', 'AUTH_LVL_GRP_EDIT_ROOT', 'BACK_TO_AUTH_LVL_GRP_SRH', 'AUTH_LVL_GRP_ATTR', 'BACK_TO_AUTH_LVL', 'AUTH_LEVEL_GRP');
DELETE FROM RES WHERE RESOURCE_ID IN('AUTH_LVL_GRP_NEW_ROOT', 'NEW_AUTH_LVL_GRP', 'AUTH_LVL_GRP_EDIT_ROOT', 'BACK_TO_AUTH_LVL_GRP_SRH', 'AUTH_LVL_GRP_ATTR', 'BACK_TO_AUTH_LVL', 'AUTH_LEVEL_GRP');


INSERT INTO RES (RESOURCE_ID, RESOURCE_TYPE_ID, NAME, DESCRIPTION) VALUES('AUTH_LVL_GRP_NEW_ROOT', 'MENU_ITEM', 'AUTH_LVL_GRP_NEW_ROOT', 'Auth Level Grouping Root');
INSERT INTO RESOURCE_PROP (RESOURCE_PROP_ID, RESOURCE_ID, NAME, PROP_VALUE) VALUES ('AUTH_LVL_GRP_NEW_ROOT_PB', 'AUTH_LVL_GRP_NEW_ROOT', 'MENU_IS_PUBLIC', 'true');
INSERT INTO RESOURCE_PROP (RESOURCE_PROP_ID, RESOURCE_ID, NAME, PROP_VALUE) VALUES ('AUTH_LVL_GRP_NEW_ROOT_DN', 'AUTH_LVL_GRP_NEW_ROOT', 'MENU_DISPLAY_NAME', 'Auth Level Grouping Root');


INSERT INTO RES (RESOURCE_ID, RESOURCE_TYPE_ID, NAME, DESCRIPTION, URL) VALUES ('NEW_AUTH_LVL_GRP', 'MENU_ITEM', 'NEW_AUTH_LVL_GRP', 'Create New Grouping', '/webconsole-am/editAuthLevelGrouping.html');
INSERT INTO RESOURCE_PROP (RESOURCE_PROP_ID, RESOURCE_ID, NAME, PROP_VALUE) VALUES ('NEW_AUTH_LVL_GRP_DN', 'NEW_AUTH_LVL_GRP', 'MENU_DISPLAY_NAME', 'Create New Grouping');
INSERT INTO RESOURCE_PROP (RESOURCE_PROP_ID, RESOURCE_ID, NAME, PROP_VALUE) VALUES ('NEW_AUTH_LVL_GRP_PB', 'NEW_AUTH_LVL_GRP', 'MENU_IS_PUBLIC', 'true');

INSERT INTO res_to_res_membership (RESOURCE_ID, MEMBER_RESOURCE_ID) VALUES ('AUTH_LVL_GRP_NEW_ROOT', 'NEW_AUTH_LVL_GRP');


INSERT INTO RES (RESOURCE_ID, RESOURCE_TYPE_ID, NAME, DESCRIPTION) VALUES('AUTH_LVL_GRP_EDIT_ROOT', 'MENU_ITEM', 'AUTH_LVL_GRP_EDIT_ROOT', 'Auth Level Grouping Edit Root');
INSERT INTO RESOURCE_PROP (RESOURCE_PROP_ID, RESOURCE_ID, NAME, PROP_VALUE) VALUES ('AUTH_LVL_GRP_EDIT_ROOT_PB', 'AUTH_LVL_GRP_EDIT_ROOT', 'MENU_IS_PUBLIC', 'true');
INSERT INTO RESOURCE_PROP (RESOURCE_PROP_ID, RESOURCE_ID, NAME, PROP_VALUE) VALUES ('AUTH_LVL_GRP_EDIT_ROOT_DN', 'AUTH_LVL_GRP_EDIT_ROOT', 'MENU_DISPLAY_NAME', 'Auth Level Grouping Edit Root');

INSERT INTO RES (RESOURCE_ID, RESOURCE_TYPE_ID, NAME, DESCRIPTION, URL) VALUES ('BACK_TO_AUTH_LVL_GRP_SRH', 'MENU_ITEM', 'BACK_TO_AUTH_LVL_GRP_SRH', 'Back to Search', '/webconsole-am/authLevelGroupings.html');
INSERT INTO RESOURCE_PROP (RESOURCE_PROP_ID, RESOURCE_ID, NAME, PROP_VALUE) VALUES ('BACK_TO_AUTH_LVL_GRP_SRH_DN', 'BACK_TO_AUTH_LVL_GRP_SRH', 'MENU_DISPLAY_NAME', 'Back to Search');
INSERT INTO RESOURCE_PROP (RESOURCE_PROP_ID, RESOURCE_ID, NAME, PROP_VALUE) VALUES ('BACK_TO_AUTH_LVL_GRP_SRH_PUB', 'BACK_TO_AUTH_LVL_GRP_SRH', 'MENU_IS_PUBLIC', 'true');

INSERT INTO res_to_res_membership (RESOURCE_ID, MEMBER_RESOURCE_ID) VALUES ('AUTH_LVL_GRP_EDIT_ROOT', 'BACK_TO_AUTH_LVL_GRP_SRH');


INSERT INTO RES (RESOURCE_ID, RESOURCE_TYPE_ID, NAME, DESCRIPTION) VALUES('AUTH_LVL_GRP_ATTR', 'MENU_ITEM', 'AUTH_LVL_GRP_ATTR', 'Auth Level Grouping Attribute Root');
INSERT INTO RESOURCE_PROP (RESOURCE_PROP_ID, RESOURCE_ID, NAME, PROP_VALUE) VALUES ('AUTH_LVL_GRP_ATTR_PB', 'AUTH_LVL_GRP_ATTR', 'MENU_IS_PUBLIC', 'true');
INSERT INTO RESOURCE_PROP (RESOURCE_PROP_ID, RESOURCE_ID, NAME, PROP_VALUE) VALUES ('AUTH_LVL_GRP_ATTR_DN', 'AUTH_LVL_GRP_ATTR', 'MENU_DISPLAY_NAME', 'Auth Level Grouping Attribute Root');

INSERT INTO RES (RESOURCE_ID, RESOURCE_TYPE_ID, NAME, DESCRIPTION, URL) VALUES ('BACK_TO_AUTH_LVL', 'MENU_ITEM', 'BACK_TO_AUTH_LVL', 'Back to Grouping', '/webconsole-am/editAuthLevelGrouping.html');
INSERT INTO RESOURCE_PROP (RESOURCE_PROP_ID, RESOURCE_ID, NAME, PROP_VALUE) VALUES ('BACK_TO_AUTH_LVL_DN', 'BACK_TO_AUTH_LVL', 'MENU_DISPLAY_NAME', 'Back to Grouping');
INSERT INTO RESOURCE_PROP (RESOURCE_PROP_ID, RESOURCE_ID, NAME, PROP_VALUE) VALUES ('BACK_TO_AUTH_LVL_PUB', 'BACK_TO_AUTH_LVL', 'MENU_IS_PUBLIC', 'true');

INSERT INTO res_to_res_membership (RESOURCE_ID, MEMBER_RESOURCE_ID) VALUES ('AUTH_LVL_GRP_ATTR', 'BACK_TO_AUTH_LVL');

INSERT INTO RES (RESOURCE_ID, RESOURCE_TYPE_ID, NAME, DESCRIPTION, URL) VALUES('AUTH_LEVEL_GRP', 'MENU_ITEM', 'AUTH_LEVEL_GRP', 'Authentication Levels', '/webconsole-am/authLevelGroupings.html');
INSERT INTO RESOURCE_PROP (RESOURCE_PROP_ID, RESOURCE_ID, NAME, PROP_VALUE) VALUES ('AUTH_LEVEL_GRP_PB', 'AUTH_LEVEL_GRP', 'MENU_IS_PUBLIC', 'true');
INSERT INTO RESOURCE_PROP (RESOURCE_PROP_ID, RESOURCE_ID, NAME, PROP_VALUE) VALUES ('AUTH_LEVEL_GRP_DN', 'AUTH_LEVEL_GRP', 'MENU_DISPLAY_NAME', 'Authentication Groupings');

INSERT INTO res_to_res_membership (RESOURCE_ID, MEMBER_RESOURCE_ID) VALUES ('ACC_CONTROL', 'AUTH_LEVEL_GRP');

DELETE FROM AUTH_LEVEL_ATTRIBUTE WHERE AUTH_LEVEL_GROUPING_ID IN('CERT_AUTH', 'KERB_AUTH');

DELETE FROM URI_AUTH_LEVEL_GRP_XREF WHERE AUTH_LEVEL_GROUPING_ID IN('CERT_AUTH', 'KERB_AUTH');
DELETE FROM CP_AUTH_LEVEL_GRP_XREF WHERE AUTH_LEVEL_GROUPING_ID IN('CERT_AUTH', 'KERB_AUTH');
DELETE FROM AUTH_LEVEL_GROUPING WHERE AUTH_LEVEL_GROUPING_ID IN('CERT_AUTH', 'KERB_AUTH');

DELETE FROM AUTH_LEVEL WHERE AUTH_LEVEL_ID IN('KERB_AUTH', 'CERT_AUTH');

INSERT INTO AUTH_LEVEL (AUTH_LEVEL_ID, AUTH_LEVEL_NAME, REQUIRES_AUTHENTICATION) VALUES('KERB_AUTH', 'Kerberos Authentication', 'Y');

INSERT INTO AUTH_LEVEL_GROUPING (AUTH_LEVEL_GROUPING_ID, AUTH_LEVEL_ID, NAME) VALUES('KERB_AUTH', 'KERB_AUTH', 'Kerberos Authentication');

ALTER TABLE RESOURCE_TYPE ADD IMAGE_TYPE NVARCHAR(16) NULL DEFAULT NULL;
GO

Declare @v_constraintname varchar(max)
set @v_constraintname ='ALTER TABLE RESOURCE_TYPE DROP CONSTRAINT '
set @v_constraintname = @v_constraintname + (select c_obj.name as CONSTRAINT_NAME
from sysobjects c_obj
join syscomments com on c_obj.id = com.id
join sysobjects t_obj on c_obj.parent_obj = t_obj.id 
join sysconstraints con on c_obj.id = con.constid
join syscolumns col on t_obj.id = col.id
and con.colid = col.colid
where
c_obj.uid = user_id()
and c_obj.xtype = 'D'
and t_obj.name='RESOURCE_TYPE' and col.name='URL')
exec(@v_constraintname)

ALTER TABLE RESOURCE_TYPE ALTER COLUMN URL NVARCHAR(MAX) NULL 
ALTER TABLE RESOURCE_TYPE ADD DEFAULT NULL FOR URL;

DELETE FROM ATTRIBUTE_MAP WHERE MANAGED_SYS_ID='113';
DELETE FROM MNG_SYS_OBJECT_MATCH WHERE MANAGED_SYS_ID = '113';
DELETE FROM MANAGED_SYS WHERE MANAGED_SYS_ID = '113';
DELETE FROM RESOURCE_PROP WHERE RESOURCE_ID = '113';
DELETE FROM RES WHERE RESOURCE_ID = '113';
DELETE FROM RES WHERE RESOURCE_ID = '112';

DELETE FROM PROVISION_CONNECTOR WHERE CONNECTOR_ID = '61';

DELETE FROM RECON_RES_ATTR_MAP WHERE RECON_RES_ATTR_MAP_ID='65';
DELETE FROM RECON_RES_ATTR_MAP WHERE RECON_RES_ATTR_MAP_ID='66';
DELETE FROM RECON_RES_ATTR_MAP WHERE RECON_RES_ATTR_MAP_ID='67';
DELETE FROM RECON_RES_ATTR_MAP WHERE RECON_RES_ATTR_MAP_ID='68';
DELETE FROM RECON_RES_ATTR_MAP WHERE RECON_RES_ATTR_MAP_ID='69';
DELETE FROM RECON_RES_ATTR_MAP WHERE RECON_RES_ATTR_MAP_ID='70';
DELETE FROM RECON_RES_ATTR_MAP WHERE RECON_RES_ATTR_MAP_ID='71';
DELETE FROM RECON_RES_ATTR_MAP WHERE RECON_RES_ATTR_MAP_ID='72';
DELETE FROM RECON_RES_ATTR_MAP WHERE RECON_RES_ATTR_MAP_ID='73';
DELETE FROM RECON_RES_ATTR_MAP WHERE RECON_RES_ATTR_MAP_ID='74';
DELETE FROM POLICY WHERE POLICY_ID = '4660';
DELETE FROM POLICY WHERE POLICY_ID = '4661';
DELETE FROM POLICY WHERE POLICY_ID = '4662';
DELETE FROM POLICY WHERE POLICY_ID = '4663';

INSERT INTO POLICY (POLICY_ID,POLICY_DEF_ID,NAME,DESCRIPTION,STATUS,CREATE_DATE,CREATED_BY,RULE_SRC_URL,RULE_TEXT) VALUES ('4660','104','userCreateDate','userCreateDate',1,CURRENT_TIMESTAMP,'3000','provision/userCreateDate.groovy','');
INSERT INTO POLICY (POLICY_ID,POLICY_DEF_ID,NAME,DESCRIPTION,STATUS,CREATE_DATE,CREATED_BY,RULE_SRC_URL,RULE_TEXT) VALUES ('4661','104','userCreateDate','userCreateDate',1,CURRENT_TIMESTAMP,'3000','provision/ext_phone.groovy','');
INSERT INTO POLICY (POLICY_ID,POLICY_DEF_ID,NAME,DESCRIPTION,STATUS,CREATE_DATE,CREATED_BY,RULE_SRC_URL,RULE_TEXT) VALUES ('4662','104','userCreateDate','userCreateDate',1,CURRENT_TIMESTAMP,'3000','provision/nmb_phone.groovy','');
INSERT INTO POLICY (POLICY_ID,POLICY_DEF_ID,NAME,DESCRIPTION,STATUS,CREATE_DATE,CREATED_BY,RULE_SRC_URL,RULE_TEXT) VALUES ('4663','104','appTableGroups','Groups for AppTable connector',1,CURRENT_TIMESTAMP,'3000','provision/appTableGroup.groovy','');

--LOGIN
INSERT INTO RECON_RES_ATTR_MAP (RECON_RES_ATTR_MAP_ID,ATTR_POLICY_ID) VALUES (65,4562);
--PASSWORD
INSERT INTO RECON_RES_ATTR_MAP (RECON_RES_ATTR_MAP_ID,ATTR_POLICY_ID) VALUES (66,4509);
--FIRST_NAME
INSERT INTO RECON_RES_ATTR_MAP (RECON_RES_ATTR_MAP_ID,ATTR_POLICY_ID) VALUES (67,4601);
--LAST_NAME_NAME
INSERT INTO RECON_RES_ATTR_MAP (RECON_RES_ATTR_MAP_ID,ATTR_POLICY_ID) VALUES (68,4602);
--EMPLOYEE_ID
INSERT INTO RECON_RES_ATTR_MAP (RECON_RES_ATTR_MAP_ID,ATTR_POLICY_ID) VALUES (69,4543);
--DOB
INSERT INTO RECON_RES_ATTR_MAP (RECON_RES_ATTR_MAP_ID,ATTR_POLICY_ID) VALUES (70,4541);
--CREATE_DATE
INSERT INTO RECON_RES_ATTR_MAP (RECON_RES_ATTR_MAP_ID,ATTR_POLICY_ID) VALUES (71,4660);
--PHONE_EXT
INSERT INTO RECON_RES_ATTR_MAP (RECON_RES_ATTR_MAP_ID,ATTR_POLICY_ID) VALUES (72,4661);
--PHONE_NMB
INSERT INTO RECON_RES_ATTR_MAP (RECON_RES_ATTR_MAP_ID,ATTR_POLICY_ID) VALUES (73,4662);
--GROUPS
INSERT INTO RECON_RES_ATTR_MAP (RECON_RES_ATTR_MAP_ID,ATTR_POLICY_ID) VALUES (74,4663);

--ADMINRESOURCE
INSERT INTO RES (RESOURCE_ID,RESOURCE_TYPE_ID,DESCRIPTION,NAME,DISPLAY_ORDER,URL,MIN_AUTH_LEVEL,IS_PUBLIC,ADMIN_RESOURCE_ID,RISK) VALUES ('112','ADMIN_RESOURCE',NULL,'RES_ADMIN_AppTable',NULL,NULL,NULL,'Y',NULL,NULL);

--RESOURCE_
INSERT INTO RES (RESOURCE_ID,RESOURCE_TYPE_ID,DESCRIPTION,NAME,DISPLAY_ORDER,URL,MIN_AUTH_LEVEL,IS_PUBLIC,ADMIN_RESOURCE_ID,RISK) VALUES ('113','MANAGED_SYS',NULL,'AppTableMSys',NULL,NULL,NULL,'N',112,NULL);

--RESOURCE_PROP
INSERT INTO RESOURCE_PROP (RESOURCE_PROP_ID,RESOURCE_ID,METADATA_ID,NAME,PROP_VALUE,PROP_GROUP) VALUES ('113','113',NULL,'USER_TABLE','MY_USR_TABLE',NULL);
--RESOURCE_PROP
INSERT INTO RESOURCE_PROP (RESOURCE_PROP_ID,RESOURCE_ID,METADATA_ID,NAME,PROP_VALUE,PROP_GROUP) VALUES ('114','113',NULL,'GROUP_TABLE','MY_GRP_TABLE',NULL);
--RESOURCE_PROP
INSERT INTO RESOURCE_PROP (RESOURCE_PROP_ID,RESOURCE_ID,METADATA_ID,NAME,PROP_VALUE,PROP_GROUP) VALUES ('115','113',NULL,'USER_GROUP_MEMBERSHIP','USR_GRP_MBR',NULL);
--RESOURCE_PROP
INSERT INTO RESOURCE_PROP (RESOURCE_PROP_ID,RESOURCE_ID,METADATA_ID,NAME,PROP_VALUE,PROP_GROUP) VALUES ('116','113',NULL,'USER_GROUP_MEMBERSHIP_GRP_ID','GRP_ID',NULL);
--RESOURCE_PROP
INSERT INTO RESOURCE_PROP (RESOURCE_PROP_ID,RESOURCE_ID,METADATA_ID,NAME,PROP_VALUE,PROP_GROUP) VALUES ('117','113',NULL,'USER_GROUP_MEMBERSHIP_USR_ID','USR_ID',NULL);

--CONENCTOR
INSERT INTO PROVISION_CONNECTOR (CONNECTOR_ID,NAME,CLIENT_COMM_PROTOCOL, SERVICE_URL,SERVICE_NAMESPACE,SERVICE_PORT,CONNECTOR_INTERFACE) VALUES ('61','AppTableConnector','CLEAR','localhost:9080/openiam-esb/idmsrvc/ApplicationTablesConnector','http://www.openiam.org/service/connector','NA','LOCAL');


--MSYS
INSERT INTO MANAGED_SYS (MANAGED_SYS_ID,NAME,DESCRIPTION,STATUS,CONNECTOR_ID,HOST_URL,APPL_URL,PORT,COMM_PROTOCOL,USER_ID,PSWD,START_DATE,END_DATE,RESOURCE_ID,PRIMARY_REPOSITORY,SECONDARY_REPOSITORY_ID,ALWAYS_UPDATE_SECONDARY,RES_DEPENDENCY,ADD_HNDLR,MODIFY_HNDLR,DELETE_HNDLR,SETPASS_HNDLR,SUSPEND_HNDLR,SEARCH_HNDLR,LOOKUP_HNDLR,TEST_CONNECTION_HNDLR,RECONCILE_RESOURCE_HNDLR,HNDLR_5,DRIVER_URL,CONNECTION_STRING,ATTRIBUTE_NAMES_LOOKUP,ATTRIBUTE_NAMES_HNDLR) VALUES (113,'AppTableMSys',NULL,'ACTIVE',61,NULL,NULL,NULL,'CLEAR','root',NULL,NULL,NULL,113,0,NULL,0,NULL,NULL,NULL,NULL,NULL,NULL,NULL,NULL,NULL,NULL,NULL,'com.mysql.jdbc.Driver','jdbc:mysql://localhost/test',NULL,NULL);

UPDATE MANAGED_SYS SET SEARCH_HNDLR='GROUP=GRP_ID,GRP_NAME;' WHERE MANAGED_SYS_ID = '113';

INSERT INTO ATTRIBUTE_MAP (ATTRIBUTE_MAP_ID,MANAGED_SYS_ID,RESOURCE_ID,MAP_FOR_OBJECT_TYPE,ATTRIBUTE_NAME,TARGET_ATTRIBUTE_NAME,AUTHORITATIVE_SRC,ATTRIBUTE_POLICY_ID,RULE_TEXT,STATUS,START_DATE,END_DATE,STORE_IN_IAMDB,DATA_TYPE,DEFAULT_VALUE,SYNCH_CONFIG_ID) VALUES (612,113,113,'PRINCIPAL','LOGIN_ID',NULL,NULL,65,NULL,'ACTIVE',NULL,NULL,NULL,'STRING',NULL,NULL);

INSERT INTO ATTRIBUTE_MAP
(ATTRIBUTE_MAP_ID,MANAGED_SYS_ID,RESOURCE_ID,MAP_FOR_OBJECT_TYPE,ATTRIBUTE_NAME,TARGET_ATTRIBUTE_NAME,AUTHORITATIVE_SRC,ATTRIBUTE_POLICY_ID,RULE_TEXT,STATUS,START_DATE,END_DATE,STORE_IN_IAMDB,DATA_TYPE,DEFAULT_VALUE,SYNCH_CONFIG_ID) VALUES (613,113,113,'USER','USER_PASSWORD',NULL,NULL,66,NULL,'ACTIVE',NULL,NULL,NULL,'STRING',NULL,NULL);

INSERT INTO ATTRIBUTE_MAP
(ATTRIBUTE_MAP_ID,MANAGED_SYS_ID,RESOURCE_ID,MAP_FOR_OBJECT_TYPE,ATTRIBUTE_NAME,TARGET_ATTRIBUTE_NAME,AUTHORITATIVE_SRC,ATTRIBUTE_POLICY_ID,RULE_TEXT,STATUS,START_DATE,END_DATE,STORE_IN_IAMDB,DATA_TYPE,DEFAULT_VALUE,SYNCH_CONFIG_ID) VALUES (614,113,113,'USER','FIRST_NAME',NULL,NULL,67,NULL,'ACTIVE',NULL,NULL,NULL,'STRING',NULL,NULL);

INSERT INTO ATTRIBUTE_MAP
(ATTRIBUTE_MAP_ID,MANAGED_SYS_ID,RESOURCE_ID,MAP_FOR_OBJECT_TYPE,ATTRIBUTE_NAME,TARGET_ATTRIBUTE_NAME,AUTHORITATIVE_SRC,ATTRIBUTE_POLICY_ID,RULE_TEXT,STATUS,START_DATE,END_DATE,STORE_IN_IAMDB,DATA_TYPE,DEFAULT_VALUE,SYNCH_CONFIG_ID) VALUES (615,113,113,'USER','LAST_NAME',NULL,NULL,68,NULL,'ACTIVE',NULL,NULL,NULL,'STRING',NULL,NULL);

INSERT INTO ATTRIBUTE_MAP
(ATTRIBUTE_MAP_ID,MANAGED_SYS_ID,RESOURCE_ID,MAP_FOR_OBJECT_TYPE,ATTRIBUTE_NAME,TARGET_ATTRIBUTE_NAME,AUTHORITATIVE_SRC,ATTRIBUTE_POLICY_ID,RULE_TEXT,STATUS,START_DATE,END_DATE,STORE_IN_IAMDB,DATA_TYPE,DEFAULT_VALUE,SYNCH_CONFIG_ID) VALUES (616,113,113,'USER','EMPLOYEE_ID',NULL,NULL,69,NULL,'ACTIVE',NULL,NULL,NULL,'STRING',NULL,NULL);

INSERT INTO ATTRIBUTE_MAP
(ATTRIBUTE_MAP_ID,MANAGED_SYS_ID,RESOURCE_ID,MAP_FOR_OBJECT_TYPE,ATTRIBUTE_NAME,TARGET_ATTRIBUTE_NAME,AUTHORITATIVE_SRC,ATTRIBUTE_POLICY_ID,RULE_TEXT,STATUS,START_DATE,END_DATE,STORE_IN_IAMDB,DATA_TYPE,DEFAULT_VALUE,SYNCH_CONFIG_ID) VALUES (617,113,113,'USER','DOB',NULL,NULL,70,NULL,'ACTIVE',NULL,NULL,NULL,'DATE',NULL,NULL);

INSERT INTO ATTRIBUTE_MAP
(ATTRIBUTE_MAP_ID,MANAGED_SYS_ID,RESOURCE_ID,MAP_FOR_OBJECT_TYPE,ATTRIBUTE_NAME,TARGET_ATTRIBUTE_NAME,AUTHORITATIVE_SRC,ATTRIBUTE_POLICY_ID,RULE_TEXT,STATUS,START_DATE,END_DATE,STORE_IN_IAMDB,DATA_TYPE,DEFAULT_VALUE,SYNCH_CONFIG_ID) VALUES (618,113,113,'USER','CREATE_DATE',NULL,NULL,71,NULL,'ACTIVE',NULL,NULL,NULL,'DATE',NULL,NULL);

INSERT INTO ATTRIBUTE_MAP
(ATTRIBUTE_MAP_ID,MANAGED_SYS_ID,RESOURCE_ID,MAP_FOR_OBJECT_TYPE,ATTRIBUTE_NAME,TARGET_ATTRIBUTE_NAME,AUTHORITATIVE_SRC,ATTRIBUTE_POLICY_ID,RULE_TEXT,STATUS,START_DATE,END_DATE,STORE_IN_IAMDB,DATA_TYPE,DEFAULT_VALUE,SYNCH_CONFIG_ID) VALUES (619,113,113,'USER','PHONE_EXT',NULL,NULL,72,NULL,'ACTIVE',NULL,NULL,NULL,'INT',NULL,NULL);

INSERT INTO ATTRIBUTE_MAP
(ATTRIBUTE_MAP_ID,MANAGED_SYS_ID,RESOURCE_ID,MAP_FOR_OBJECT_TYPE,ATTRIBUTE_NAME,TARGET_ATTRIBUTE_NAME,AUTHORITATIVE_SRC,ATTRIBUTE_POLICY_ID,RULE_TEXT,STATUS,START_DATE,END_DATE,STORE_IN_IAMDB,DATA_TYPE,DEFAULT_VALUE,SYNCH_CONFIG_ID) VALUES (620,113,113,'USER','PHONE_NBR',NULL,NULL,73,NULL,'ACTIVE',NULL,NULL,NULL,'STRING',NULL,NULL);

INSERT INTO ATTRIBUTE_MAP
(ATTRIBUTE_MAP_ID,MANAGED_SYS_ID,RESOURCE_ID,MAP_FOR_OBJECT_TYPE,ATTRIBUTE_NAME,TARGET_ATTRIBUTE_NAME,AUTHORITATIVE_SRC,ATTRIBUTE_POLICY_ID,RULE_TEXT,STATUS,START_DATE,END_DATE,STORE_IN_IAMDB,DATA_TYPE,DEFAULT_VALUE,SYNCH_CONFIG_ID) VALUES (623,113,113,'GROUP','GRP_ID',NULL,NULL,74,NULL,'ACTIVE',NULL,NULL,NULL,'STRING',NULL,NULL);

UPDATE RESOURCE_TYPE SET
	URL='iVBORw0KGgoAAAANSUhEUgAAABAAAAAQCAYAAAAf8/9hAAAABmJLR0QA/wD/AP+gvaeTAAAACXBIWXMAAA3XAAAN1wFCKJt4AAAAB3RJTUUH3gEHFCs3kbWVPAAAAwRJREFUOMuFk19IW3cUxz/3xuTGpJ1Y0WUxf2B1NtsQBMvWZA+DInvoHpywFxm0T0JfOgp7kL0WWtjYw9Y99N2NgnuRCUMwOofGmXQT3MJdiEbRmpCIayq5We69v1+Su4cRkbGy79P5Hs73C4fzPfACJJPJW5VKxSyXy2Yqlbr3ojn1PJmbm5vu1O12e6y/v9/b19fndbvdVzv9paWlm//ptLm5+bMQwtna2krl8/njRqPhGIbhGIbhmKbpFAoFc3t7+wfLspyDg4PDjk4BmJ2dvT0xMfFISomqqrhcLqrVKnt7e7TbbcLhMMFgECklzWYTRVHIZrNfjY+P31U6TplMJh0Khd7WNI10Oo3X6yUajQIKpVKRk5MTEokEtm1zfHxcjMfjYYCujoGUckhKSS6XIxZ7HYDSye84OFy6dJlgcJBsNsvg4CBCiNDZChsbGx8JId4KBAIfq6rK6ekpFy/28mT/S67Fr+F2e/gls0bEGqHVUnEcjQuDb2CY5mNN0zZcU1NTv/b09CQURUFVVUBB31vBCszTclk8t/Y5ymzwwdXvWHxY5J13j8gsnxIaGR2xbft91bZthBBIKfH5fLRaLRqNBs+tP0kdrfPT4RoepYzLaTDxyVMCiQhK4w+EEAghUIUQX9RqtaSUEsuy6PZ6eTUQZ/9Jk7btot5wUzyUoMIrb55AVxeWDfV6PW0YxiPlXECE3+93x2Ixcrk8hd08m/q3qF1NhvreY/TZ51y/Y/Lb2hiF+i0+nL7tAeTZFWq1WtLj8dzQdZ3h4WFUVeFK7D5ujxu/z0fpRy8t81MMc4DuYDgPyLMoz8/P34xGozc0TcPn81Eul4lEwgwNXSYaidDb24tzwU/TBLUJAwMDVxYXFx+cGUxOTn5jmmapu7ubdrtdVBSFWq1GpVKhXC5TrVbxB8LYf/0jEUJYy8vLn/37HZTV1dWHHbKysvJY13VH13VnfX09dfdlRp9973Fmp6/rMzMzPfwfFhYW7uzu7jo7OztOMpn8GuD+a76xl0A7P/c3vwJuLRaz1L8AAAAASUVORK5CYII=',
	IMAGE_TYPE='png'
WHERE RESOURCE_TYPE_ID='ADMIN_RESOURCE';

UPDATE RESOURCE_TYPE SET
	URL='iVBORw0KGgoAAAANSUhEUgAAABAAAAAQCAYAAAAf8/9hAAAABGdBTUEAAK/INwWK6QAAAAZiS0dEAAAAAAAA+UO7fwAAAAlwSFlzAAAASAAAAEgARslrPgAAAAl2cEFnAAAAEAAAABAAXMatwwAAAuBJREFUOMulU11IU2EYfr5zzuYwp+Yf+ZPOKObyl1lmEV4kZt1EijECgyikuyIiiFC68aYfoug2kO66kYqgFIPyN9GT29BUjrjppnNz/5uenblz9nVhLaxLX3hvXt7n4eF53pdQSrGf4gDAZLoF8q5PX1Ce22loLG3Vnyg75lxyL80MCV9si56H2f+AmN/dR+kuAQAYazPvVd+50bWTXg51fgzNl4MnGxsCxlcPRG8aJVGqJJOUEkpAIEYTwa1Y7H1KAQBsSFls9o4BsSCBw3UALs8R5Gkn2N6Breccy4JQCioTsBxBYHkHb7oD/QA6OACglJYpZ9qN9mU3aqoqoNVqQBgWgXgPhMVrqNfZEFoFuDRgcxVITwcSW4w/paC62vDteFWlzsybsb0dQUvLaYyO8giGvNjkD4tvP3sfSV7JrlHk/GAMvAYoiyLZnyKQpNicmuN0pxrrkZenhSSJqK2twPDwJHKbe9Tr2RbjqtnyIelyLGmUOBIOG6+K+FKGYm1to8/r9UCl0gAgCIXCkKQYJCkOjYZwrRearl65bporbWl5Ga80HpLOt+1JBNvb0se5ufn+UMgPUUxgfd2P5eVVWK0/x6anf1idjhUUFxaoOy613j7bUDdNCCnZQwAg4XR6unh+ZkwQFkGpAq02Ezpd8Q7PzzeMjEw9Gxr6OhEMBlBZqS/Jysxoky+asCdGgAbtdleTx+O/GYlEnlRVVR+sqTGcEwR7p88Xuu/3hzmfL/CU41RuSYoProjRvwo4TgUAYFmGimL8tcUimKxWSyIjQ4u6OkMvgByOY2WfL3zX7fY+VhRFGB/+9JdgfHwQKpUahBAwDIEsK0MOx8aAICxBrz9aWFRU0C3LCmFZBizL/nfWWFuzYWHBvDtgGBAC+P3RdrPZKsiyjJycrFZCCEmBGAYMw+wxERbLd8zOTiESCQEACCFyOBx7MTIyuRgIRHgAyT/gzU0Xksnk7t5+3/kXA01Zlqy1T94AAAAldEVYdGNyZWF0ZS1kYXRlADIwMDktMTEtMTVUMTY6MDg6NDEtMDc6MDAkruHgAAAAJXRFWHRkYXRlOmNyZWF0ZQAyMDEwLTAxLTExVDA5OjE4OjM2LTA3OjAwd0j55AAAACV0RVh0ZGF0ZTptb2RpZnkAMjAxMC0wMS0xMVQwOToxODozNi0wNzowMAYVQVgAAAA1dEVYdExpY2Vuc2UAaHR0cDovL2NyZWF0aXZlY29tbW9ucy5vcmcvbGljZW5zZXMvTEdQTC8yLjEvO8G0GAAAACV0RVh0bW9kaWZ5LWRhdGUAMjAwOS0xMS0xNVQxNjowODo0MS0wNzowMHsfl9QAAAAZdEVYdFNvZnR3YXJlAEFkb2JlIEltYWdlUmVhZHlxyWU8AAAADXRFWHRTb3VyY2UATnV2b2xhrE818QAAADR0RVh0U291cmNlX1VSTABodHRwOi8vd3d3Lmljb24ta2luZy5jb20vcHJvamVjdHMvbnV2b2xhL3Y9tFIAAAAASUVORK5CYII=',
	IMAGE_TYPE='png'
WHERE RESOURCE_TYPE_ID='AUTH_PROVIDER';


UPDATE RESOURCE_TYPE SET
	URL='iVBORw0KGgoAAAANSUhEUgAAABAAAAAQCAYAAAAf8/9hAAAKPWlDQ1BpY2MAAHjanVNnVFPpFj333vRCS4iAlEtvUhUIIFJCi4AUkSYqIQkQSoghodkVUcERRUUEG8igiAOOjoCMFVEsDIoK2AfkIaKOg6OIisr74Xuja9a89+bN/rXXPues852zzwfACAyWSDNRNYAMqUIeEeCDx8TG4eQuQIEKJHAAEAizZCFz/SMBAPh+PDwrIsAHvgABeNMLCADATZvAMByH/w/qQplcAYCEAcB0kThLCIAUAEB6jkKmAEBGAYCdmCZTAKAEAGDLY2LjAFAtAGAnf+bTAICd+Jl7AQBblCEVAaCRACATZYhEAGg7AKzPVopFAFgwABRmS8Q5ANgtADBJV2ZIALC3AMDOEAuyAAgMADBRiIUpAAR7AGDIIyN4AISZABRG8lc88SuuEOcqAAB4mbI8uSQ5RYFbCC1xB1dXLh4ozkkXKxQ2YQJhmkAuwnmZGTKBNA/g88wAAKCRFRHgg/P9eM4Ors7ONo62Dl8t6r8G/yJiYuP+5c+rcEAAAOF0ftH+LC+zGoA7BoBt/qIl7gRoXgugdfeLZrIPQLUAoOnaV/Nw+H48PEWhkLnZ2eXk5NhKxEJbYcpXff5nwl/AV/1s+X48/Pf14L7iJIEyXYFHBPjgwsz0TKUcz5IJhGLc5o9H/LcL//wd0yLESWK5WCoU41EScY5EmozzMqUiiUKSKcUl0v9k4t8s+wM+3zUAsGo+AXuRLahdYwP2SycQWHTA4vcAAPK7b8HUKAgDgGiD4c93/+8//UegJQCAZkmScQAAXkQkLlTKsz/HCAAARKCBKrBBG/TBGCzABhzBBdzBC/xgNoRCJMTCQhBCCmSAHHJgKayCQiiGzbAdKmAv1EAdNMBRaIaTcA4uwlW4Dj1wD/phCJ7BKLyBCQRByAgTYSHaiAFiilgjjggXmYX4IcFIBBKLJCDJiBRRIkuRNUgxUopUIFVIHfI9cgI5h1xGupE7yAAygvyGvEcxlIGyUT3UDLVDuag3GoRGogvQZHQxmo8WoJvQcrQaPYw2oefQq2gP2o8+Q8cwwOgYBzPEbDAuxsNCsTgsCZNjy7EirAyrxhqwVqwDu4n1Y8+xdwQSgUXACTYEd0IgYR5BSFhMWE7YSKggHCQ0EdoJNwkDhFHCJyKTqEu0JroR+cQYYjIxh1hILCPWEo8TLxB7iEPENyQSiUMyJ7mQAkmxpFTSEtJG0m5SI+ksqZs0SBojk8naZGuyBzmULCAryIXkneTD5DPkG+Qh8lsKnWJAcaT4U+IoUspqShnlEOU05QZlmDJBVaOaUt2ooVQRNY9aQq2htlKvUYeoEzR1mjnNgxZJS6WtopXTGmgXaPdpr+h0uhHdlR5Ol9BX0svpR+iX6AP0dwwNhhWDx4hnKBmbGAcYZxl3GK+YTKYZ04sZx1QwNzHrmOeZD5lvVVgqtip8FZHKCpVKlSaVGyovVKmqpqreqgtV81XLVI+pXlN9rkZVM1PjqQnUlqtVqp1Q61MbU2epO6iHqmeob1Q/pH5Z/YkGWcNMw09DpFGgsV/jvMYgC2MZs3gsIWsNq4Z1gTXEJrHN2Xx2KruY/R27iz2qqaE5QzNKM1ezUvOUZj8H45hx+Jx0TgnnKKeX836K3hTvKeIpG6Y0TLkxZVxrqpaXllirSKtRq0frvTau7aedpr1Fu1n7gQ5Bx0onXCdHZ4/OBZ3nU9lT3acKpxZNPTr1ri6qa6UbobtEd79up+6Ynr5egJ5Mb6feeb3n+hx9L/1U/W36p/VHDFgGswwkBtsMzhg8xTVxbzwdL8fb8VFDXcNAQ6VhlWGX4YSRudE8o9VGjUYPjGnGXOMk423GbcajJgYmISZLTepN7ppSTbmmKaY7TDtMx83MzaLN1pk1mz0x1zLnm+eb15vft2BaeFostqi2uGVJsuRaplnutrxuhVo5WaVYVVpds0atna0l1rutu6cRp7lOk06rntZnw7Dxtsm2qbcZsOXYBtuutm22fWFnYhdnt8Wuw+6TvZN9un2N/T0HDYfZDqsdWh1+c7RyFDpWOt6azpzuP33F9JbpL2dYzxDP2DPjthPLKcRpnVOb00dnF2e5c4PziIuJS4LLLpc+Lpsbxt3IveRKdPVxXeF60vWdm7Obwu2o26/uNu5p7ofcn8w0nymeWTNz0MPIQ+BR5dE/C5+VMGvfrH5PQ0+BZ7XnIy9jL5FXrdewt6V3qvdh7xc+9j5yn+M+4zw33jLeWV/MN8C3yLfLT8Nvnl+F30N/I/9k/3r/0QCngCUBZwOJgUGBWwL7+Hp8Ib+OPzrbZfay2e1BjKC5QRVBj4KtguXBrSFoyOyQrSH355jOkc5pDoVQfujW0Adh5mGLw34MJ4WHhVeGP45wiFga0TGXNXfR3ENz30T6RJZE3ptnMU85ry1KNSo+qi5qPNo3ujS6P8YuZlnM1VidWElsSxw5LiquNm5svt/87fOH4p3iC+N7F5gvyF1weaHOwvSFpxapLhIsOpZATIhOOJTwQRAqqBaMJfITdyWOCnnCHcJnIi/RNtGI2ENcKh5O8kgqTXqS7JG8NXkkxTOlLOW5hCepkLxMDUzdmzqeFpp2IG0yPTq9MYOSkZBxQqohTZO2Z+pn5mZ2y6xlhbL+xW6Lty8elQfJa7OQrAVZLQq2QqboVFoo1yoHsmdlV2a/zYnKOZarnivN7cyzytuQN5zvn//tEsIS4ZK2pYZLVy0dWOa9rGo5sjxxedsK4xUFK4ZWBqw8uIq2Km3VT6vtV5eufr0mek1rgV7ByoLBtQFr6wtVCuWFfevc1+1dT1gvWd+1YfqGnRs+FYmKrhTbF5cVf9go3HjlG4dvyr+Z3JS0qavEuWTPZtJm6ebeLZ5bDpaql+aXDm4N2dq0Dd9WtO319kXbL5fNKNu7g7ZDuaO/PLi8ZafJzs07P1SkVPRU+lQ27tLdtWHX+G7R7ht7vPY07NXbW7z3/T7JvttVAVVN1WbVZftJ+7P3P66Jqun4lvttXa1ObXHtxwPSA/0HIw6217nU1R3SPVRSj9Yr60cOxx++/p3vdy0NNg1VjZzG4iNwRHnk6fcJ3/ceDTradox7rOEH0x92HWcdL2pCmvKaRptTmvtbYlu6T8w+0dbq3nr8R9sfD5w0PFl5SvNUyWna6YLTk2fyz4ydlZ19fi753GDborZ752PO32oPb++6EHTh0kX/i+c7vDvOXPK4dPKy2+UTV7hXmq86X23qdOo8/pPTT8e7nLuarrlca7nuer21e2b36RueN87d9L158Rb/1tWeOT3dvfN6b/fF9/XfFt1+cif9zsu72Xcn7q28T7xf9EDtQdlD3YfVP1v+3Njv3H9qwHeg89HcR/cGhYPP/pH1jw9DBY+Zj8uGDYbrnjg+OTniP3L96fynQ89kzyaeF/6i/suuFxYvfvjV69fO0ZjRoZfyl5O/bXyl/erA6xmv28bCxh6+yXgzMV70VvvtwXfcdx3vo98PT+R8IH8o/2j5sfVT0Kf7kxmTk/8EA5jz/Dou+7MAAAAGYktHRAD/AP8A/6C9p5MAAAAJcEhZcwAACxMAAAsTAQCanBgAAAAHdElNRQfeAQcUARBb1Ox/AAADE0lEQVQ4y22T3WubZRjGf8/zvPlom7RNwpK2KxPp3OZsZYy2fmCdTIdYlR04j/RgRx4Kng088dB/QHswD9WCiDCrIDgMFMeULptt7cRkznY1aVJJsywx70fe9709sI0gXufXdf1uuC/Ff1Qslh7XWp2LRCJPeJ53RER0LBYre173hh/4Vx89ceJH/k/FYun46tralcrOTmDbtvi+L0EQSBAE4vu+OI4j1WpNVtfW82sbt2cPfAqgVLrzWHmnsjx+eDwdjUbwgwAJQ5RoMEAIWiuMMYgIW/e23GRi6KVTp6byFsDq+vqHY2Oj6Xq9ju+HGKNQSqHUQYcgAiKCUYq+/oHY75t3LwNHLYDGXuOpVDpD5682Rmu0Niij0Urt2wERAhEkFOL9fYjIBIAFYNt298/dWsT3fYwxWMbCGI3SGqXYbw8JQiEMAmzHptlsSi9geHhI1Wq7pFIphAAERDTaGPbvoNuxiXZKWCbCXt2mb/QYABrAcRyVTCTwPJfBgQGGUynSmQypdIZ0JkMmk0HK9zg/9z6bVxaZn71F+fqy6hH0JxKyU6niuQ5Ga4aHhVYrIJkcQFsGu92h3/yCkQ4XLlUYmZ4jt/THvwQaZR2deJhabZfl76+hjMVILkvXcbHbHQYHB7GdFGg4PLUHlkXHEXoEjUaj1Wzq9PT0aZTS3Cn+irY0ruODCH0DMRyd49vLCc6943Hji2t0s6+E8OU/ARu3N269PD///NJXX6PQXLz4Jrlcjmq1BkFIJnuIdqvNJ+/lOWvnedDJUu1KsUdw9rkzC4VCYfbZuWeSrufy3dU88f44ruuDFuKxGK7r8tDJk/h2nk6zLccfmfig98phGOZWVlZe/3Txs3cFPXLhtfNkD2V50LpPGEIymaR5v8HS4sdceuMjfvrhye2Zt745E4/Ht639TdRnZmY+n5yc3C7cvPlqpVx+eq9eH2+1O7EwFIaGEp7nurunj02U/Bovbl7fK8y9HS9rrX11sKowDBUQBdLAWLfbHQ18f0hAGWNa0Wi0BpQXXpg6svBbu/Dz1pYD8DcBv3chtafXRwAAAABJRU5ErkJggg==',
	IMAGE_TYPE='png'
WHERE RESOURCE_TYPE_ID='AUTH_REPO';

UPDATE RESOURCE_TYPE SET
	URL='iVBORw0KGgoAAAANSUhEUgAAABAAAAAQCAYAAAAf8/9hAAAABGdBTUEAAK/INwWK6QAAAAZiS0dEAAAAAAAA+UO7fwAAAAlwSFlzAAAASAAAAEgARslrPgAAAAl2cEFnAAAAEAAAABAAXMatwwAAA5NJREFUOMtN0VtPm2UAB/D/877P+7R9Dz239KAM3zkKQ2EgQ6IZY2RbopuJJovxziujxktv/ACLiZ9Ar/RiyRLjhcsS1IsNt2RhgymsI2sLlHIorLTQc+nhPXphTPx9hR8BgKHZ75DJHLC5S2ffHD0bu/Fq1HPFLTtVjiOk29O3j8qte5ns4S+/3Vt7PjIY7T2++zX+Q9jgN7AqTcdHH09/cHUm8dXESOytgFeUHYwSSnkYhmlX6p2TzFZp9cGTze9v3f7zTo96Op30TQAAb7qnhdmZkWvvzw5/e340PinwlqPe6hDdMMGYAEI44mCU+T3SKUrpubZuv3yRSq/bjaQF2KDqK6FEf8z/hSLxg9ntfXQ1Ezxl6I8FwBMOpmUDIOB5injYqw7EQ1+q/fFUNm8+BwDOq7iul6vNqWR6l6xtHiNf7EKWJPQFPXA4GAghsG2g2zVgWiAeRZ6IhH1XIU0LAMCJLnZR0zQlt1dFLl9HvlAHIQSSU4DoYlAkF3ieR+uki0KxCl0zJUVyTcrBAQUAaCzkGRg+HeE5zsT6dh5rmTLKtTaSqTxmplSo/WFYFlCutfFkZRP5wgmpNttRyqgMoEIZo4YkOu1wUCSdTgNLyR1s5etYTu7CsmzE+/xotTU8+juHxWc5CFRC8bgGXe8AAKimaeuapideHpaF1dQBynUNpk3R6QKp7BEKpSZy6/tYW3gEn0PA6PkEmBBAYbdHPvv0Mfjo61cCjAnTT5MZ6dl6ERYEMIFCELh/R3o9xJ7OY666gHHVjbHLU4Zf6q1QXltUVdXiqWesbFjc6eN6Z9iwwCmyCK/bBa8ighACz8EWPlHSGJrrAz/5LrRiVm8vPUyPXbvxRrlWG+LLJ1JTcMolcMJwwOeOxcMeLhxUEPTJCEgUl5pZvBM10T0TwYmLwY0K71bH1OM2xL9WVv/gncFxu7izvO8L9GW9iihHQt5wPOxxhPwKF3TxeLuShsoZcAYo3GELTfcAaUASWgvzq9u3bv/AG40UoonrtlG6vyeK3mWXg9ugxCp6KgWblfYaicOUHm8eKRyVwYku2JIAt12FvLtXbGyVfucBoFVagT8+aSfGP6z9+uPna7puPriwdDcT3liEt1eFT2QhXmAMugO03TO6B6XjjRf5+Yfbh/cJ/iccO4PBkYsI+COY+Pkms1yO1xRJPHUu3veeLxK8YHsVWraxnzuqLizn8nd+2j3Y+QcjV4VtW4vPBAAAACV0RVh0ZGF0ZTpjcmVhdGUAMjAxMC0wMi0yM1QxODoxNDoxMy0wNzowMEqc8Q0AAAAldEVYdGRhdGU6bW9kaWZ5ADIwMTAtMDItMjNUMTg6MTQ6MTMtMDc6MDA7wUmxAAAANXRFWHRMaWNlbnNlAGh0dHA6Ly9jcmVhdGl2ZWNvbW1vbnMub3JnL2xpY2Vuc2VzL0xHUEwvMi4xLzvBtBgAAAAUdEVYdFNvdXJjZQBDcnlzdGFsIENsZWFy9eLnqAAAADp0RVh0U291cmNlX1VSTABodHRwOi8vY29tbW9ucy53aWtpbWVkaWEub3JnL3dpa2kvQ3J5c3RhbF9DbGVhcq++RWMAAAAASUVORK5CYII=',
	IMAGE_TYPE='png'
WHERE RESOURCE_TYPE_ID='CONTENT_PROVIDER';

UPDATE RESOURCE_TYPE SET
	URL='iVBORw0KGgoAAAANSUhEUgAAABAAAAAQCAYAAAAf8/9hAAAABmJLR0QAAAAAAAD5Q7t/AAAACXBIWXMAABuvAAAbrwFeGpEcAAAACXZwQWcAAAAQAAAAEABcxq3DAAADNElEQVQ4y3VTT0wjdRh9M79fpm1KaaEUisSCXQo1xPXg7kq4GZaEcFADBy0BEgGDid49qOFi1uwJE0P8E0Ig2VSSDZJoohgIK3qpyga3ON2lsN1ZCG1lGNpu0+nMr52OB6U2Ub/L917yve/wvfdx+J9aXV291tXV9SbHcdjb2/siFAr9+l9zfC2ZmJjw+nw+AIBhGP2BQGC6s7NzmhByHQDa2towOzvrrdVwF2B+fv6VoaGhFVEUb9lsNub3+0c9Ho8LAGRZzkqSFHa73ZampqbRSCTy+vDw8NfVLePj495oNFrM5XKmqqqmqqpmoVAwFUUxZVk2z8/PqziVSpnRaFQNhUJeAKAAsL29nR4ZGbnldrunGxoacKpkETs4hsYMMFYGTANBvxfNbidUVUUsFgtvbm6mqwuOjo5QLBbLuq4jfijhXjwFSil0VkKpXIGm6YhL99D/YgB2K4Gqqrosy3/dYG1t7arL5bouCMK7Ho/HufVzHE/UMnqf70BLox2/RBMQE2fI5PJodAgY7n8OmqblSqXSzWw2u8kXi8WZurq6G3a73WkYBnZ+l5CU82huboG7sQEv9fbgjVd7obEKftqJw2KxoL6+3ulwOG4UCoUZXlVVMMZQKpVQLpfx7Z27+GHnEAXNuLAT5yqH6OEpHh2fgud5MMbAGIOmaSB9fX2njLFjQsgLgiBYpGQGx3/kEQhcgsvpxI/3iwh/L0J69BBXnm1F7+V2KIryRJKkj9Lp9O1qDhYXFz8LBoMzmbyOdz5cQYuvG1euXkPZMPDb3R3IJw/x6ewoHDaCWCz2+dTU1FvVJPp8PlBKqa7rcNgIPnnvNficDBvf3Mad777CM+4KVj5+G92XngYhBIQQ2tHR8U8SJycnnxobG0vY7XYLpRSUUvA8X+0AwHEcTNOErus4OzvTFxYW/OFwOEkAYHd3N9/T0xNvbW19OZFIfKkoSsRqtQYEQbBWKhVkMpnc/v7+8snJyQOLxdIdiUQm5ubmIv/6rMHBwXZKKQ8AS0tLH4iiaIqiaC4vL78PAIQQfmBgoL1WQ2vJ+vr64wucSqW2Dg4OggCQTCa3/ra0srGx8bhW8yeDMIRDF0yzwwAAACV0RVh0Y3JlYXRlLWRhdGUAMjAwOS0xMS0xNVQxNzowMjozNC0wNzowMLbnjhIAAAAldEVYdGRhdGU6Y3JlYXRlADIwMTAtMDItMjBUMjM6MjY6MTgtMDc6MDBn7D1BAAAAJXRFWHRkYXRlOm1vZGlmeQAyMDEwLTAxLTExVDA5OjI0OjM1LTA3OjAwtCPdSgAAAGd0RVh0TGljZW5zZQBodHRwOi8vY3JlYXRpdmVjb21tb25zLm9yZy9saWNlbnNlcy9ieS1zYS8zLjAvIG9yIGh0dHA6Ly9jcmVhdGl2ZWNvbW1vbnMub3JnL2xpY2Vuc2VzL0xHUEwvMi4xL1uPPGMAAAAldEVYdG1vZGlmeS1kYXRlADIwMDktMDMtMTlUMTA6NTI6NTEtMDY6MDB/aP0GAAAAE3RFWHRTb3VyY2UAT3h5Z2VuIEljb25z7Biu6AAAACd0RVh0U291cmNlX1VSTABodHRwOi8vd3d3Lm94eWdlbi1pY29ucy5vcmcv7zeqywAAAABJRU5ErkJggg==',
	IMAGE_TYPE='png'
WHERE RESOURCE_TYPE_ID='MANAGED_SYS';

UPDATE RESOURCE_TYPE SET
	URL='iVBORw0KGgoAAAANSUhEUgAAABAAAAAQCAYAAAAf8/9hAAACrElEQVR4XoXTX0hTURwH8O+9XjfXJm2rKMgiSEYYEW1GOQT/PDTdq4T2ED1EBdVTj72UT4NMwoTAjB4kRBuOZM4pFBlS5CpiQ4OM0G1t15EpY3+8d7v3ns7dLkMk6QOXwz2H8z2/e+45DCEEDMOccblcx7mqKk5WFAUgBBUMQ/vZbC6Xm5ub84NqaWmBiud5QAuwkf8IBKZkUM6mJjidTjQ3N6O+vh4sUAop5gpFIgHYIkBOfZRKC9/0DI4crkufbGhozGQydlrM2Xw+3yQIgo1DGfGtimQ4wTDSVk4NBAgAhgZKCkgki7D7tGVxaekTtvF5X37goIkmNzE/nwPErDaZKbeKjD2p31AIwDLYDqn19Wwl4KZjP26dr4NUlKAiRIYgiChkM/C+WoAvJmJoWUC1mgmAM+3FCm+uqQSYDRxYjgFqqlFWBX4zgU0+BogZLMfTeP0mrnaXGc3AN55hoZFkRVtZgSRJiMcSePs+hHefwziwz0ortOLnnRNYvH4UX64cxOJlM+6eKgrlDQOOiaIoE00qlSIjIy/I48FBEolEyOjoKPmX50NPPrLQFAoFBdQav4bp4Aw2Nv6grbUVVqu1VNHw8NO82+2+1tHhuupyXbjh7uy87Xn4qJeDRq/Xo1gs4ms4DFEQ4HZ3libT/4729naEQqGNYDD4rKurC7IsQ6XT6aEFoBCNxpRkMolf8Tja2lphsVjUyWpl6kkFx3E6UBMTE+ju7oZ64ukJBwuqp+fSoUSS16XTaTp4ETabDQaDAbW1tTCZTDAajeq7CZrx8XE1ECzLAvfv9bqm/AHyoK9viw6s0AuzGggEopOTk1G6WnRsbCzq9XqTHo9nATvY7XbgnKPxO92QHwB0fr8fu+nv78dODocDKj0AFtTs7Cx2MzAwsO2CM5WAv/Vmfkv6rZhdAAAAAElFTkSuQmCC',
	IMAGE_TYPE='png'
WHERE RESOURCE_TYPE_ID='MENU_ITEM';

UPDATE RESOURCE_TYPE SET
	URL='iVBORw0KGgoAAAANSUhEUgAAABAAAAAQCAYAAAAf8/9hAAAABGdBTUEAALGPC/xhBQAAAAFzUkdCAK7OHOkAAAAgY0hSTQAAeiYAAICEAAD6AAAAgOgAAHUwAADqYAAAOpgAABdwnLpRPAAAAAZiS0dEAAAAAAAA+UO7fwAAAAlwSFlzAAAN1wAADdcBQiibeAAAAAl2cEFnAAAAEAAAABAAXMatwwAAAzlJREFUOMuNk11sU3UYxn89bUe3tZNuZSYDFjNYmKGLsOAUAku6zWxzcmNZwC1ZQoIxYhTjjVygGM2cNwZ0kY9NhRBogrKEmOk+KNtcaSUoS6zCNMRFA2vLuq6no+s5Zz2nf29ggYQLnqs3b/I8b/Lm98Bj5PP5dsTjcWV2dlbx+Xx199f53Z91bzt48P1yACHEo6aRkZFXAoFAB0AgEOjRdV0YhiGuXAkd7e///oiqZER6MS3+mb4lLvSf/wuwLZsHBgZ2plIpsbCwIKLRqNB1XWialstms7nh4SERjUXFUjYrQqGg2Lb1xWmgA1gBYAHIy8tzaZqGJElIksTg4CBLS0smi8XK6OgIbrebrKoip1J0dXV/4qn3nHtw3PRgCIfDoqioiBs3brKl5nnuJmbI5Qx+HBii2u1m+/YdyLJMRUXFSiAF8NHHHzxtCQaDW3Vdb3c4HMRiMTZUPkvo97Osq3YwOyOzeVMN1369SkXFOlavWS3OnjuTiESihxobG/f19fbdsqiq+nNxcbE1k8mIQnuhKSmnmNK7yM81czdeRuZOEZjM7PS28cvEZdP69ZWSoqjdSkbh+PEThyRVVYWmaSiKgsPuQFM1Uosyg5NjPLemg5rNmxi+dJmXGuqZCAQpLy83xaJRXvV6+6uqqr4ze73eoGEYqs1m2+JyuVAUjanrc7zVcB6zZKaqqhKXy8W1qyEKbPn09vZNXbz4w8lYNPr23NycsfzE8fFx4XQ6SSaT2O2FfHj4MHV1dTTUN+D3+ykrK6O0tJSWlhYJWKZIug/RHovFyvXJ30gk4+xqa8PpdNLa+jKRyAydnZ3U1tZSUlKC3+9/7WEAJYBIJGYL/zFJRlnk9X1vUFCQz/79bzI2OiY2bnQzPz+PYRhYrVY0TdMeCdi9e9fKZGr2aCI5L471nGCVaxWfdncxPjYumptbTJFI5Fh1dbUpHo/vTSQSba2trf0PB1iampoOpJX0U/9O/8faZ9bS3r6HwZ+G/n73wHsbzGYzsixfAPB4PKcfVzzT6TOn9urZpW/vpe9hLywkHP7zZs+XX70ApHkCmQCOfPH5yZQsN92+fWfim69PvQPIT2IG+B/FO35+VkPAygAAACV0RVh0Y3JlYXRlLWRhdGUAMjAwOS0xMS0xNVQxNzowMjozNC0wNzowMLbnjhIAAAAldEVYdGRhdGU6Y3JlYXRlADIwMTAtMDEtMTFUMDk6MjQ6MjQtMDc6MDCvo27cAAAAJXRFWHRkYXRlOm1vZGlmeQAyMDEwLTAxLTExVDA5OjI0OjI0LTA3OjAw3v7WYAAAAGd0RVh0TGljZW5zZQBodHRwOi8vY3JlYXRpdmVjb21tb25zLm9yZy9saWNlbnNlcy9ieS1zYS8zLjAvIG9yIGh0dHA6Ly9jcmVhdGl2ZWNvbW1vbnMub3JnL2xpY2Vuc2VzL0xHUEwvMi4xL1uPPGMAAAAldEVYdG1vZGlmeS1kYXRlADIwMDktMDgtMjdUMjE6NTE6MjYtMDY6MDAjJbvPAAAAE3RFWHRTb3VyY2UAT3h5Z2VuIEljb25z7Biu6AAAACd0RVh0U291cmNlX1VSTABodHRwOi8vd3d3Lm94eWdlbi1pY29ucy5vcmcv7zeqywAAAABJRU5ErkJggg==',
	IMAGE_TYPE='png'
WHERE RESOURCE_TYPE_ID='SYS_ACTION';

UPDATE RESOURCE_TYPE SET
	URL='iVBORw0KGgoAAAANSUhEUgAAABAAAAAQCAYAAAAf8/9hAAAABmJLR0QA/wD/AP+gvaeTAAACzklEQVQ4jW2SzWtUZxTGn3PezzuZmzvXj9rJwkqDJabFUkEjLmpW7TZdZNVdIZSu3PgHDNRFwEXXumlrC0qyN+4sqBmIIFgS+jGdhVSKA3FCm8lM733v+75dJBml+MDZnIfzOw+HQ9evL3+ZNRqfAUBtYsJkk5O6Vqvb+kRN2yTRxlhtjVVaKyWE4KJ3c0LIktj3ft7rb7bln8+fn+/v7MwBRGmaUp7nnOc5O5dzA8RGW7LWcpZlbK2l3ssClh+ifjS/IMS5IQHA2r27f71z8lTTaI1hpwMVAhozM6ifOAEhxLiYGduda6jbNpTR2OlP3ZcAkGVZTIzB3vIyZqan4bRG+ewZXp45g7cuXkRZljDGgJnhqyF85aCMBoKPDABSStre3MSpLMPwxQv8cuQo1vMZbPcLEBGklGBmAAALDWKGryp4XxwAhODjs7N42G6j53bRe/9XFILgRAQRwXuPGCMAoHIDDHf/QVU5BO8OAEqRTVPM3rqFp8eOY/DA4WTD4cNP5wFgHB8AmDWkVPDOIfgyyv0EkkajEQKAC198BaUUlFIoigJKqYPBfYB3QxRhBA0L790BQO4DnHMwxsB7jxDCODYRjUEEBUSgciWCLw4BgpKkBu/9eLuUEsYYGGNARDiUr/bgRgPoJEEMfh/Q7++ERt74W0nFQGQiUIxRO1cKEComZiEEMTNAgkBEVeUQqiK+Qv9P3//wXXvq7amzjx6tp61WKxz2t9bO/qTt3mWpFMryyF1+0/Di4qK2NvkgTdMkO5bNve4RcQkf4J179Qev68rVK3MLCwvbg93BjY2Nx59cvvTx/ZWVlW8P/dINZPnvCJVzCK6Icn5+XjabzQYRTbLkxffePf1154/ffuz83n0SY2x2u92rS0tL39y5c/ujtbV7n/tqnXUtRyRG5Qt64w1arRZvbW2NvdXV1QAgAsDGbXkpgKaBAAZ1/wNbDyS1Uv4WmAAAAABJRU5ErkJggg==',
	IMAGE_TYPE='png'
WHERE RESOURCE_TYPE_ID='UI_TEMPLATE';

UPDATE RESOURCE_TYPE SET
	URL='iVBORw0KGgoAAAANSUhEUgAAABAAAAAQCAYAAAAf8/9hAAACaElEQVR4Xo2SX2iSURjGn08/3UzFgqIV/VsZWIwgumkadaFB6yIyIaKrRjdrwVhEBN0UFBR0Ewi76aIRDAajXcTKvGlF1JWtGmZ+bjUK0TnTRv7ZdN93Tt974IBIQT94PO8R3+d4zvMqnHMQ/YPXHAACAFT8Hx8ejdwvqGbjfgCDW7dsvti9Y1unxWIBIYzBQQsHfYgajDNYFQXOdZ3s9Ln+XuX2vQfFs+G+jU6nE/9i9rOGY0cOo9lsgjAMA6NjE0i8nxlXXS6Hw+PxIBaLgU4nhUIhdHV1QZLNF9FoNDA5OQlFUeD3+7G0VIQCbLDQF+l0GsFgELquw+12i+Z2lpeXMT09jWg0ilqtBsYNEBYTBAIBJJNJVKtVeL1eZLPZvxpEIhEMDw+jUChAoly/eTdxqu/4IavVCkkul0M+nzPN9oKut1gowuOyo1z+BUI3OLTMHL5o83ERY+/R0Ik7t27E3C4XaE+PJMUYk6lIgXA4HBh5+DguMvf1HFz0+XxY7/GQAb0FSdSymeKlfyljXllZAVqHplQqYTGfh6qqsNvtsNlsQh0dHbQXar0mY8yUYQg7mS1BJ8tampEJ1bpuIDO/AG3uG6ZevGQfZxKv2g0IOokapCgqkVDxZxkHevbBu3snatXfZS01+6TdgHKlYZF3Jok3eDr1HN27touBev3mbfPqlaELABakAV9bW4OEDEiyJgMaHtk8MHDpcr1WjXMTaaB9SmYaMiYyW11dRb1eR6VSESuDlY2NTyxFzoQj2R8Lo2avLg6QUZ0Mn99jUfgQwDeBQ0ELnBlMS6fefc2kngH4zmWTyR/tFUquTUg3IAAAAABJRU5ErkJggg==',
	IMAGE_TYPE='png'
WHERE RESOURCE_TYPE_ID='UI_WIDGET';

UPDATE RESOURCE_TYPE SET
	URL='iVBORw0KGgoAAAANSUhEUgAAABAAAAAQCAYAAAAf8/9hAAACDElEQVR4XpWQP2gTYRjGn7sk9lIviZhBRLuJkw49apakawaRgDi7C0IWwUEKlW6SoVoXh6uDiUMTKmijaYvgkoBIlIB/eliHFtumFKElhFxyudzr970UE7DE+sDD8/ve93vf4zvFsiyq1WpoNpv4H2mahng8DmSzWWq1WuQ4DuULeU7mPPNRdXmfncvlCKZpygYXSqUS51+8XKLqwuxgnWfkLC+olMvsckX4iPzwbJrstQItz03x+dC8QIXQlVgM44YBXddhiDTGmWXyeX/Tgk/xY6RnQw/xHcTEjJSKAekn9T8c0vuMXheKsK/bEotDGBQ/oV6v066wzD73vXL/BvW+vKCv5p3D3q7M/hOi0SjCkQiCwVFERDKPMrNPnT0HTz2Bi/EErLm72C48wGkxI6XKt7quK1ksGOFk1jR8e/kQ26smIl4HShDoBnyYuHkNl69O4tP8NMLhMPzyZxSLRTQaDQwqqrk4b+/gzEQS6zsHIIXgFwsIAYAIdqeLZDIpeIjWl2aos7FE3fpbcrZWqLNZpPb3AtlrC7Q4c5sHVAyR6wHkOPxFQNjzmN12G2MXLkFq6IIx4zo+vnsN8no8qBAvgecKDmhg0T+0V31Flae3yPn5hjo/Fsn+/JzeP5mirWqV+6BjaHX+HjUO9qjnutT6tUGPH81y/dgL0uk0pVIpSiQmhRPMmUyGe78B5vckeH7oLeoAAAAASUVORK5CYII=',
	IMAGE_TYPE='png'
WHERE RESOURCE_TYPE_ID='URL_PATTERN';

ALTER TABLE RES DROP FK_RESOURCE_RESOURCE_TYPE;
DROP INDEX FK_RESOURCE_RESOURCE_TYPE ON RES;
ALTER TABLE RES ALTER COLUMN RESOURCE_TYPE_ID NVARCHAR(32) NOT NULL; 
ALTER TABLE RES ADD CONSTRAINT FK_RESOURCE_RESOURCE_TYPE FOREIGN KEY (RESOURCE_TYPE_ID ) REFERENCES RESOURCE_TYPE (RESOURCE_TYPE_ID);

UPDATE USERS SET LAST_NAME = 'user' WHERE ((USER_ID = '3000' OR USER_ID = '3001') AND (LAST_NAME = '' OR LAST_NAME IS NULL));
UPDATE USERS SET TYPE_ID = 'SystemAccount' WHERE (USER_ID IN ('3000','3001','0001','3006','3007','3008','3009','3010') AND TYPE_ID IS NULL);

IF EXISTS (SELECT * FROM information_schema.columns WHERE table_catalog='openiam' AND table_name = 'UI_FIELD_TEMPLATE_XREF' AND column_name = 'XREF_ID')
BEGIN
	ALTER TABLE UI_FIELD_TEMPLATE_XREF DROP COLUMN XREF_ID;
END;


ALTER TABLE UI_FIELD_TEMPLATE_XREF ADD XREF_ID NVARCHAR(32) NULL;
GO

DECLARE @xrefId INT = 1;
DECLARE @fieldId NVARCHAR(32);
DECLARE @templateId NVARCHAR(32);
DECLARE cur3 CURSOR FOR (SELECT UI_FIELD_ID, TEMPLATE_ID FROM UI_FIELD_TEMPLATE_XREF);
OPEN cur3;

FETCH NEXT FROM cur3 INTO @fieldId, @templateId;
WHILE @@FETCH_STATUS = 0
BEGIN
	IF (@fieldId IS NOT NULL) 
	BEGIN
		IF (@templateId IS NOT NULL) 
		BEGIN
			IF ((SELECT count(*) FROM UI_FIELD_TEMPLATE_XREF WHERE UI_FIELD_ID=@fieldId AND TEMPLATE_ID=@templateId AND XREF_ID IS NULL)=1) 
			BEGIN
				UPDATE UI_FIELD_TEMPLATE_XREF SET XREF_ID=@xrefId WHERE UI_FIELD_ID=@fieldId AND TEMPLATE_ID=@templateId;
				SET @xrefId = @xrefId + 1;
			END;
		END;
	END;
END
CLOSE cur3;

ALTER TABLE UI_FIELD_TEMPLATE_XREF ALTER COLUMN XREF_ID NVARCHAR(32) NOT NULL;
GO
ALTER TABLE UI_FIELD_TEMPLATE_XREF ADD PRIMARY KEY(XREF_ID);

DELETE  FROM MNG_SYS_OBJECT_MATCH WHERE MANAGED_SYS_ID = '104';
DELETE  FROM ATTRIBUTE_MAP WHERE MANAGED_SYS_ID = '104';
DELETE FROM RES WHERE RESOURCE_ID = '104';
DELETE FROM MANAGED_SYS WHERE CONNECTOR_ID = '62';
DELETE FROM PROVISION_CONNECTOR WHERE CONNECTOR_ID = '62';


INSERT INTO PROVISION_CONNECTOR (CONNECTOR_ID,NAME,METADATA_TYPE_ID,CLIENT_COMM_PROTOCOL,SERVICE_URL,SERVICE_NAMESPACE,SERVICE_PORT) VALUES ('62','Groovy Script CONNECTOR','SCRIPT_Connector','CLEAR','localhost:9080/openiam-esb/idmsrvc/ScriptConnectorService','http://www.openiam.org/service/connector','NA');

INSERT INTO RES (RESOURCE_ID,RESOURCE_TYPE_ID,DESCRIPTION,NAME,DISPLAY_ORDER,IS_PUBLIC) VALUES ('104','MANAGED_SYS','','Groovy Script Con',4,'Y');


INSERT INTO MANAGED_SYS (MANAGED_SYS_ID,NAME,DESCRIPTION,STATUS,CONNECTOR_ID,COMM_PROTOCOL,RESOURCE_ID,PRIMARY_REPOSITORY,ADD_HNDLR,MODIFY_HNDLR,DELETE_HNDLR,SEARCH_HNDLR,LOOKUP_HNDLR,TEST_CONNECTION_HNDLR)
VALUES 
('104','Script_CONNECTOR','Groovy script connector','ACTIVE','62','CLEAR', '104','0','example/AddScriptConnector.groovy','example/ModifyScriptConnector.groovy','example/DeleteScriptConnector.groovy','example/SearchScriptConnector.groovy','example/LookupScriptConnector.groovy','example/TestScriptConnector.groovy');

INSERT INTO ATTRIBUTE_MAP 
(ATTRIBUTE_MAP_ID,MANAGED_SYS_ID,RESOURCE_ID,MAP_FOR_OBJECT_TYPE,ATTRIBUTE_NAME,AUTHORITATIVE_SRC,ATTRIBUTE_POLICY_ID,STATUS,DATA_TYPE)
VALUES 
('621','104','104','PRINCIPAL','principal',0,'26','ACTIVE','STRING'),('622','104','104','USER','firstname',0,'27','ACTIVE','STRING');

DELETE FROM UI_FIELD_TEMPLATE_XREF WHERE UI_FIELD_ID IN('USER_PHONES_REQUIRED', 'USER_EMAILS_REQUIRED', 'USER_ADDRESS_REQUIRED');
DELETE FROM UI_TEMPLATE_FIELDS WHERE UI_FIELD_ID IN('USER_PHONES_REQUIRED', 'USER_EMAILS_REQUIRED', 'USER_ADDRESS_REQUIRED');

UPDATE UI_TEMPLATE_FIELDS SET NAME='Object Class' WHERE UI_FIELD_ID='USER_OBJECT_TYPE';

ALTER TABLE COMPANY ADD IS_SELECTABLE CHAR(1) NOT NULL DEFAULT 'Y';

--  MODIFY USER ATTRIBUTES --

IF EXISTS (SELECT * FROM information_schema.columns WHERE table_catalog='openiam' AND table_name = 'USER_ATTRIBUTES' AND column_name = 'IS_MULTIVALUED') 
BEGIN
	ALTER TABLE USER_ATTRIBUTES DROP COLUMN IS_MULTIVALUED;
END;


ALTER TABLE USER_ATTRIBUTES ADD IS_MULTIVALUED char(1) NOT NULL DEFAULT 'N';

IF OBJECT_ID('USER_ATTRIBUTE_VALUES', 'U') IS NOT NULL 
	DROP TABLE USER_ATTRIBUTE_VALUES;

CREATE TABLE USER_ATTRIBUTE_VALUES (
  USER_ATTRIBUTE_ID nvarchar(32) NOT NULL,
  VALUE nvarchar(255),
  CONSTRAINT USER_ATTRIBUTE_VALUES_FK FOREIGN KEY (USER_ATTRIBUTE_ID) REFERENCES USER_ATTRIBUTES(ID)
);

--  MODIFY GROUP ATTRIBUTES --

IF EXISTS (SELECT * FROM information_schema.columns WHERE table_catalog='openiam' AND table_name = 'GRP_ATTRIBUTES' AND column_name = 'IS_MULTIVALUED') 
BEGIN
	ALTER TABLE GRP_ATTRIBUTES DROP COLUMN IS_MULTIVALUED;
END;


ALTER TABLE GRP_ATTRIBUTES ADD IS_MULTIVALUED char(1) NOT NULL DEFAULT 'N';

IF OBJECT_ID('GROUP_ATTRIBUTE_VALUES', 'U') IS NOT NULL
	DROP TABLE GROUP_ATTRIBUTE_VALUES;

CREATE TABLE GROUP_ATTRIBUTE_VALUES (
  GROUP_ATTRIBUTE_ID nvarchar(32) NOT NULL,
  VALUE nvarchar(255),
  CONSTRAINT GROUP_ATTRIBUTE_VALUES_FK FOREIGN KEY (GROUP_ATTRIBUTE_ID) REFERENCES GRP_ATTRIBUTES(ID)
);

--  MODIFY ROLE ATTRIBUTES --


IF EXISTS (SELECT * FROM information_schema.columns WHERE table_catalog='openiam' AND table_name = 'ROLE_ATTRIBUTE' AND column_name = 'IS_MULTIVALUED') 
BEGIN
	ALTER TABLE ROLE_ATTRIBUTE DROP COLUMN IS_MULTIVALUED;
END;


ALTER TABLE ROLE_ATTRIBUTE ADD IS_MULTIVALUED char(1) NOT NULL DEFAULT 'N';

IF OBJECT_ID('ROLE_ATTRIBUTE_VALUES', 'U') IS NOT NULL
	DROP TABLE ROLE_ATTRIBUTE_VALUES;

CREATE TABLE ROLE_ATTRIBUTE_VALUES (
  ROLE_ATTRIBUTE_ID nvarchar(32) NOT NULL,
  VALUE nvarchar(255),
  CONSTRAINT ROLE_ATTRIBUTE_VALUES_FK FOREIGN KEY (ROLE_ATTRIBUTE_ID) REFERENCES ROLE_ATTRIBUTE(ROLE_ATTR_ID)
);

--  MODIFY ORGANIZATION ATTRIBUTES --

IF EXISTS (SELECT * FROM information_schema.columns WHERE table_catalog='openiam' AND table_name = 'COMPANY_ATTRIBUTE' AND column_name = 'IS_MULTIVALUED') 
BEGIN
	ALTER TABLE COMPANY_ATTRIBUTE DROP COLUMN IS_MULTIVALUED;
END;


ALTER TABLE COMPANY_ATTRIBUTE ADD IS_MULTIVALUED char(1) NOT NULL DEFAULT 'N';

IF OBJECT_ID('COMPANY_ATTRIBUTE_VALUES', 'U') IS NOT NULL
	DROP TABLE COMPANY_ATTRIBUTE_VALUES;

CREATE TABLE COMPANY_ATTRIBUTE_VALUES (
  COMPANY_ATTRIBUTE_ID nvarchar(32) NOT NULL,
  VALUE nvarchar(255),
  CONSTRAINT COMPANY_ATTRIBUTE_VALUES_FK FOREIGN KEY (COMPANY_ATTRIBUTE_ID) REFERENCES COMPANY_ATTRIBUTE(COMPANY_ATTR_ID)
);

DELETE FROM RESOURCE_ROLE WHERE RESOURCE_ID IN('IMPERSONATION_ACCESS', 'IMPERSIONATION_MENU');
DELETE FROM res_to_res_membership WHERE RESOURCE_ID IN('IMPERSONATION_ACCESS', 'IMPERSIONATION_MENU');
DELETE FROM res_to_res_membership WHERE MEMBER_RESOURCE_ID IN('IMPERSONATION_ACCESS', 'IMPERSIONATION_MENU');
DELETE FROM RESOURCE_PROP WHERE RESOURCE_ID IN('IMPERSONATION_ACCESS', 'IMPERSIONATION_MENU');
DELETE FROM RES WHERE RESOURCE_ID IN('IMPERSONATION_ACCESS', 'IMPERSIONATION_MENU');

INSERT INTO RES (RESOURCE_ID, RESOURCE_TYPE_ID, NAME, DESCRIPTION, IS_PUBLIC) VALUES('IMPERSONATION_ACCESS', 'SYS_ACTION', 'IMPERSONATION_ACCESS', 'Ability to Impersonate','N');


INSERT INTO RES (RESOURCE_ID, RESOURCE_TYPE_ID, NAME, DESCRIPTION, IS_PUBLIC, URL) VALUES('IMPERSIONATION_MENU', 'MENU_ITEM', 'IMPERSIONATION_MENU', 'Impersonation','N', '/webconsole/impersonate.html');
INSERT INTO RESOURCE_PROP (RESOURCE_PROP_ID, RESOURCE_ID, NAME, PROP_VALUE) VALUES ('IMPERSIONATION_MENU_PUB', 'IMPERSIONATION_MENU', 'MENU_IS_PUBLIC', 'true');
INSERT INTO RESOURCE_PROP (RESOURCE_PROP_ID, RESOURCE_ID, NAME, PROP_VALUE) VALUES ('IMPERSIONATION_MENU_DESC', 'IMPERSIONATION_MENU', 'MENU_DISPLAY_NAME', 'Impersonation');

INSERT INTO res_to_res_membership (RESOURCE_ID, MEMBER_RESOURCE_ID) VALUES('ADMIN', 'IMPERSIONATION_MENU');


IF EXISTS (SELECT * FROM ROLE WHERE ROLE_ID='9') 
BEGIN
	INSERT INTO RESOURCE_ROLE (RESOURCE_ID, ROLE_ID) VALUES('IMPERSIONATION_MENU', '9');
	INSERT INTO RESOURCE_ROLE (RESOURCE_ID, ROLE_ID) VALUES('IMPERSONATION_ACCESS', '9');
END;

IF ((SELECT count(*) FROM RESOURCE_PROP WHERE RESOURCE_ID='MANUALRECON' AND NAME='IS_VISIBLE') >= 1) 
BEGIN
	UPDATE RESOURCE_PROP SET PROP_VALUE='false' WHERE  RESOURCE_ID='MANUALRECON' AND NAME='IS_VISIBLE';
END;
ELSE
BEGIN
	INSERT INTO RESOURCE_PROP (RESOURCE_PROP_ID, RESOURCE_ID, NAME, PROP_VALUE) VALUES('MANUALRECON_VISIBLE', 'MANUALRECON', 'IS_VISIBLE', 'false');
END;

DELETE FROM res_to_res_membership WHERE RESOURCE_ID IN('SELFSERVICE_EXT', 'SELFSRV_EXAMPLE');
DELETE FROM res_to_res_membership WHERE MEMBER_RESOURCE_ID IN('SELFSERVICE_EXT', 'SELFSRV_EXAMPLE');
DELETE FROM RESOURCE_PROP WHERE RESOURCE_ID IN('SELFSERVICE_EXT', 'SELFSRV_EXAMPLE');
DELETE FROM RES  WHERE RESOURCE_ID IN('SELFSERVICE_EXT', 'SELFSRV_EXAMPLE');

INSERT INTO RES (RESOURCE_ID, RESOURCE_TYPE_ID, NAME, DESCRIPTION) VALUES('SELFSERVICE_EXT', 'MENU_ITEM', 'SELFSERVICE_EXT', 'SelfService Extension Root');
INSERT INTO RESOURCE_PROP (RESOURCE_PROP_ID, RESOURCE_ID, NAME, PROP_VALUE) VALUES ('SELFSERVICE_EXT_PB', 'SELFSERVICE_EXT', 'MENU_IS_PUBLIC', 'true');
INSERT INTO RESOURCE_PROP (RESOURCE_PROP_ID, RESOURCE_ID, NAME, PROP_VALUE) VALUES ('SELFSERVICE_EXT_DN', 'SELFSERVICE_EXT', 'MENU_DISPLAY_NAME', 'SelfService Extension Root');

INSERT INTO RES (RESOURCE_ID, RESOURCE_TYPE_ID, NAME, DESCRIPTION, IS_PUBLIC, URL) VALUES ('SELFSRV_EXAMPLE', 'MENU_ITEM', 'SELFSRV_EXAMPLE', 'Example', 'Y', '/selfservice-ext/example.html');
INSERT INTO RESOURCE_PROP (RESOURCE_PROP_ID, RESOURCE_ID, NAME, PROP_VALUE) VALUES ('SELFSRV_EXAMPLE_DN', 'SELFSRV_EXAMPLE', 'MENU_DISPLAY_NAME', 'Example');
INSERT INTO RESOURCE_PROP (RESOURCE_PROP_ID, RESOURCE_ID, NAME, PROP_VALUE) VALUES ('SELFSRV_EXAMPLE_PB', 'SELFSRV_EXAMPLE', 'MENU_IS_PUBLIC', 'false');
INSERT INTO res_to_res_membership (RESOURCE_ID, MEMBER_RESOURCE_ID) VALUES ('SELFSERVICE_EXT', 'SELFSRV_EXAMPLE');

ALTER TABLE REPORT_INFO ADD BUILT_IN CHAR(1) DEFAULT 'N' NOT NULL;
GO

DELETE FROM REPORT_SUB_CRITERIA_PARAM WHERE REPORT_SUB_ID IN
	(SELECT REPORT_SUB_ID FROM REPORT_SUBSCRIPTIONS WHERE REPORT_INFO_ID IN 
		(SELECT REPORT_INFO_ID FROM REPORT_INFO WHERE REPORT_NAME IN ('USER_REPORT','AUDIT_REPORT','RECONCILIATION_REPORT','SYNCHRONIZATION_REPORT')));
DELETE FROM REPORT_SUBSCRIPTIONS WHERE REPORT_INFO_ID IN 
	(SELECT REPORT_INFO_ID FROM REPORT_INFO WHERE REPORT_NAME IN ('USER_REPORT','AUDIT_REPORT','RECONCILIATION_REPORT','SYNCHRONIZATION_REPORT'));
DELETE FROM REPORT_CRITERIA_PARAMETER WHERE REPORT_INFO_ID IN 
	(SELECT REPORT_INFO_ID FROM REPORT_INFO WHERE REPORT_NAME IN ('USER_REPORT','AUDIT_REPORT','RECONCILIATION_REPORT','SYNCHRONIZATION_REPORT'));
DELETE FROM REPORT_INFO WHERE REPORT_NAME IN ('USER_REPORT','AUDIT_REPORT','RECONCILIATION_REPORT','SYNCHRONIZATION_REPORT');

INSERT INTO REPORT_INFO (REPORT_INFO_ID, REPORT_NAME, DATASOURCE_FILE_PATH, REPORT_FILE_PATH, BUILT_IN) VALUES 
	('101','USER_REPORT','UserReport.groovy','UserReport.rptdesign', 'Y'),
	('102','AUDIT_REPORT','AuditReport.groovy','AuditReport.rptdesign', 'Y'),
	('103','RECONCILIATION_REPORT','ReconciliationReport.groovy','ReconciliationReport.rptdesign', 'Y'),
	('104','SYNCHRONIZATION_REPORT','SynchronizationReport.groovy','SynchronizationReport.rptdesign', 'Y');

INSERT INTO REPORT_CRITERIA_PARAMETER (REPORT_INFO_ID, RCP_ID, PARAM_NAME, PARAM_VALUE, RCPT_ID) VALUES 
	('101','1011','ROLE',NULL,'1'), ('101','1012','STATUS',NULL,'1'), ('101','1013','SECONDARY_STATUS',NULL,'1'), ('101','1014','ORG_ID',NULL,'1'),
	('102','1021','ACTION_ID',NULL,'1'), ('102','1022','ACTION_DATETIME_START',NULL,'2'), ('102','1023','ACTION_DATETIME_END',NULL,'2'),
	('103','1031','MANAGED_SYS_ID',NULL,'1'), ('104','1041','CONFIG_ID',NULL,'1'), ('104','1042','AUDIT_LOG_ID',NULL,'1');
	
DELETE FROM ATTRIBUTE_MAP WHERE MANAGED_SYS_ID='150';
DELETE FROM MNG_SYS_OBJECT_MATCH WHERE MANAGED_SYS_ID = '150';
DELETE FROM MANAGED_SYS WHERE MANAGED_SYS_ID = '150';
DELETE FROM RESOURCE_PROP WHERE RESOURCE_ID = '151';
DELETE FROM RESOURCE_PROP WHERE RESOURCE_ID = '150';
DELETE FROM RESOURCE_USER WHERE RESOURCE_ID = '151';
DELETE FROM RESOURCE_USER WHERE RESOURCE_ID = '150';
DELETE FROM RESOURCE_GROUP WHERE RESOURCE_ID = '151';
DELETE FROM RESOURCE_GROUP WHERE RESOURCE_ID = '150';
DELETE FROM RESOURCE_PRIVILEGE WHERE RESOURCE_ID = '151';
DELETE FROM RESOURCE_PRIVILEGE WHERE RESOURCE_ID = '150';
DELETE FROM RESOURCE_POLICY WHERE RESOURCE_ID = '151';
DELETE FROM RESOURCE_POLICY WHERE RESOURCE_ID = '150';

DELETE FROM RES WHERE RESOURCE_ID = '150';
DELETE FROM RES WHERE RESOURCE_ID = '151';


DELETE FROM PROVISION_CONNECTOR WHERE CONNECTOR_ID = '100';

DELETE FROM RECON_RES_ATTR_MAP WHERE RECON_RES_ATTR_MAP_ID='77';
DELETE FROM RECON_RES_ATTR_MAP WHERE RECON_RES_ATTR_MAP_ID='76';
DELETE FROM RECON_RES_ATTR_MAP WHERE RECON_RES_ATTR_MAP_ID='75';
DELETE FROM POLICY WHERE POLICY_ID = '5000';
DELETE FROM POLICY WHERE POLICY_ID = '5001';
DELETE FROM POLICY WHERE POLICY_ID = '5002';

insert into POLICY (POLICY_ID, POLICY_DEF_ID, NAME, DESCRIPTION, STATUS, CREATE_DATE, CREATED_BY, RULE_TEXT, RULE_SRC_URL) VALUES ('5000','104', 'ps-role', 'role', 1,GETDATE(), '3000', '','provision/ps/role.groovy');
insert into POLICY (POLICY_ID, POLICY_DEF_ID, NAME, DESCRIPTION, STATUS, CREATE_DATE, CREATED_BY, RULE_TEXT, RULE_SRC_URL) VALUES ('5001','104', 'ps-displayName', 'displayName', 1,GETDATE(), '3000', '','provision/ps/displayName.groovy');
insert into POLICY (POLICY_ID, POLICY_DEF_ID, NAME, DESCRIPTION, STATUS, CREATE_DATE, CREATED_BY, RULE_TEXT, RULE_SRC_URL) VALUES ('5002','104', 'ps-employeeId', 'employeeId', 1,GETDATE(), '3000', '','provision/ps/employeeId.groovy');

--4562,5001,5000,4502,5002,4509


INSERT INTO RECON_RES_ATTR_MAP (RECON_RES_ATTR_MAP_ID,ATTR_POLICY_ID) VALUES (75,5000);
INSERT INTO RECON_RES_ATTR_MAP (RECON_RES_ATTR_MAP_ID,ATTR_POLICY_ID) VALUES (76,5001);
INSERT INTO RECON_RES_ATTR_MAP (RECON_RES_ATTR_MAP_ID,ATTR_POLICY_ID) VALUES (77,5002);


--ADMINRESOURCE
INSERT INTO RES (RESOURCE_ID,RESOURCE_TYPE_ID,DESCRIPTION,NAME,DISPLAY_ORDER,URL,MIN_AUTH_LEVEL,IS_PUBLIC,ADMIN_RESOURCE_ID,RISK) VALUES ('151','ADMIN_RESOURCE',NULL,'RES_ADMIN_PEOPLE_SOFT',NULL,NULL,NULL,'Y',NULL,NULL);

--RESOURCE_
INSERT INTO RES (RESOURCE_ID,RESOURCE_TYPE_ID,DESCRIPTION,NAME,DISPLAY_ORDER,URL,MIN_AUTH_LEVEL,IS_PUBLIC,ADMIN_RESOURCE_ID,RISK) VALUES ('150','MANAGED_SYS',NULL,'PEOPLE_SOFT_M_SYS',NULL,NULL,NULL,'N',151,NULL);

--CONNECTOR
INSERT INTO PROVISION_CONNECTOR (CONNECTOR_ID,NAME,CLIENT_COMM_PROTOCOL, SERVICE_URL,SERVICE_NAMESPACE,SERVICE_PORT,CONNECTOR_INTERFACE) VALUES ('100','PEOPLESOFT DB CONNECTOR','CLEAR','localhost:9080/openiam-esb/idmsrvc/PeoplesoftDbConnector','http://www.openiam.org/service/connector','NA','LOCAL');

--MSYS
INSERT INTO MANAGED_SYS (MANAGED_SYS_ID,NAME,DESCRIPTION,STATUS,CONNECTOR_ID,HOST_URL,APPL_URL,PORT,COMM_PROTOCOL,USER_ID,PSWD,START_DATE,END_DATE,RESOURCE_ID,PRIMARY_REPOSITORY,SECONDARY_REPOSITORY_ID,ALWAYS_UPDATE_SECONDARY,RES_DEPENDENCY,ADD_HNDLR,MODIFY_HNDLR,DELETE_HNDLR,SETPASS_HNDLR,SUSPEND_HNDLR,SEARCH_HNDLR,LOOKUP_HNDLR,TEST_CONNECTION_HNDLR,RECONCILE_RESOURCE_HNDLR,HNDLR_5,DRIVER_URL,CONNECTION_STRING,ATTRIBUTE_NAMES_LOOKUP,ATTRIBUTE_NAMES_HNDLR) VALUES ('150','PEOPLESOFT DB CONNECTOR','PEOPLESOFT DB CONNECTOR','ACTIVE','100',NULL,NULL,NULL,'CLEAR','root',NULL,NULL,NULL,150,0,NULL,0,NULL,NULL,NULL,NULL,NULL,NULL,NULL,NULL,NULL,NULL,NULL,'oracle.jdbc.driver.OracleDriver','jdbc:oracle:thin:@localhost:1521:mkyong',NULL,NULL);

INSERT INTO ATTRIBUTE_MAP (ATTRIBUTE_MAP_ID,MANAGED_SYS_ID,RESOURCE_ID,MAP_FOR_OBJECT_TYPE,ATTRIBUTE_NAME,TARGET_ATTRIBUTE_NAME,AUTHORITATIVE_SRC,ATTRIBUTE_POLICY_ID,RULE_TEXT,STATUS,START_DATE,END_DATE,STORE_IN_IAMDB,DATA_TYPE,DEFAULT_VALUE,SYNCH_CONFIG_ID) VALUES (624,150,150,'PRINCIPAL','principal',NULL,NULL,65,NULL,'ACTIVE',NULL,NULL,NULL,'STRING',NULL,NULL);

INSERT INTO ATTRIBUTE_MAP
(ATTRIBUTE_MAP_ID,MANAGED_SYS_ID,RESOURCE_ID,MAP_FOR_OBJECT_TYPE,ATTRIBUTE_NAME,TARGET_ATTRIBUTE_NAME,AUTHORITATIVE_SRC,ATTRIBUTE_POLICY_ID,RULE_TEXT,STATUS,START_DATE,END_DATE,STORE_IN_IAMDB,DATA_TYPE,DEFAULT_VALUE,SYNCH_CONFIG_ID) VALUES (625,150,150,'USER','displayName',NULL,NULL,76,NULL,'ACTIVE',NULL,NULL,NULL,'STRING',NULL,NULL);

INSERT INTO ATTRIBUTE_MAP
(ATTRIBUTE_MAP_ID,MANAGED_SYS_ID,RESOURCE_ID,MAP_FOR_OBJECT_TYPE,ATTRIBUTE_NAME,TARGET_ATTRIBUTE_NAME,AUTHORITATIVE_SRC,ATTRIBUTE_POLICY_ID,RULE_TEXT,STATUS,START_DATE,END_DATE,STORE_IN_IAMDB,DATA_TYPE,DEFAULT_VALUE,SYNCH_CONFIG_ID) VALUES (626,150,150,'USER','role',NULL,NULL,75,NULL,'ACTIVE',NULL,NULL,NULL,'STRING',NULL,NULL);

INSERT INTO ATTRIBUTE_MAP
(ATTRIBUTE_MAP_ID,MANAGED_SYS_ID,RESOURCE_ID,MAP_FOR_OBJECT_TYPE,ATTRIBUTE_NAME,TARGET_ATTRIBUTE_NAME,AUTHORITATIVE_SRC,ATTRIBUTE_POLICY_ID,RULE_TEXT,STATUS,START_DATE,END_DATE,STORE_IN_IAMDB,DATA_TYPE,DEFAULT_VALUE,SYNCH_CONFIG_ID) VALUES (627,150,150,'USER','email',NULL,NULL,2,NULL,'ACTIVE',NULL,NULL,NULL,'STRING',NULL,NULL);

INSERT INTO ATTRIBUTE_MAP
(ATTRIBUTE_MAP_ID,MANAGED_SYS_ID,RESOURCE_ID,MAP_FOR_OBJECT_TYPE,ATTRIBUTE_NAME,TARGET_ATTRIBUTE_NAME,AUTHORITATIVE_SRC,ATTRIBUTE_POLICY_ID,RULE_TEXT,STATUS,START_DATE,END_DATE,STORE_IN_IAMDB,DATA_TYPE,DEFAULT_VALUE,SYNCH_CONFIG_ID) VALUES (628,150,150,'USER','employeeId',NULL,NULL,77,NULL,'ACTIVE',NULL,NULL,NULL,'STRING',NULL,NULL);

INSERT INTO ATTRIBUTE_MAP
(ATTRIBUTE_MAP_ID,MANAGED_SYS_ID,RESOURCE_ID,MAP_FOR_OBJECT_TYPE,ATTRIBUTE_NAME,TARGET_ATTRIBUTE_NAME,AUTHORITATIVE_SRC,ATTRIBUTE_POLICY_ID,RULE_TEXT,STATUS,START_DATE,END_DATE,STORE_IN_IAMDB,DATA_TYPE,DEFAULT_VALUE,SYNCH_CONFIG_ID) VALUES (629,150,150,'USER','password',NULL,NULL,58,NULL,'ACTIVE',NULL,NULL,NULL,'DATE',NULL,NULL);

-- CREATE IDENTITY TABLE 

CREATE TABLE "IDENTITY" (
    IDENTITY_ID NVARCHAR(32) NOT NULL,
    MANAGED_SYS_ID NVARCHAR(32) NOT NULL,
    "IDENTITY" NVARCHAR(320) NOT NULL,
    REFERRED_OBJECT_ID NVARCHAR(32) NOT NULL,
    IDENTITY_TYPE NVARCHAR(20) NULL, -- GROUP, ROLE, TYPE ...
    CREATE_DATE DATETIME NULL,
    CREATED_BY NVARCHAR(32) NULL,
    STATUS nvarchar(20) NULL
);

CREATE INDEX CREATED_DATETIME ON OPENIAM_LOG(CREATED_DATETIME);
CREATE INDEX LOG_ACTION ON OPENIAM_LOG(LOG_ACTION);
CREATE INDEX FK_LOG_ATTRIBUTE_LOG ON OPENIAM_LOG_ATTRIBUTE(OPENIAM_LOG_ID);
CREATE INDEX FK_LOG_TARGET_LOG ON OPENIAM_LOG_TARGET(OPENIAM_LOG_ID);
CREATE INDEX OPENIAM_LOG_ID ON OPENIAM_LOG_LOG_MEMBERSHIP(OPENIAM_LOG_ID);
CREATE INDEX OPENIAM_MEMBER_LOG_ID ON OPENIAM_LOG_LOG_MEMBERSHIP(OPENIAM_MEMBER_LOG_ID);


DELETE FROM METADATA_TYPE WHERE TYPE_ID LIKE '%_REFDATA%';
DELETE FROM METADATA_TYPE WHERE TYPE_ID IN(SELECT STATUS_CD FROM STATUS WHERE STATUS_CD NOT IN('CONTRACTOR'));
DELETE FROM METADATA_TYPE WHERE TYPE_ID IN('CONTRACTOR TYPE');
UPDATE USERS SET EMPLOYEE_TYPE='CONTRACTOR TYPE' WHERE EMPLOYEE_TYPE='CONTRACTOR';


DECLARE @_id NVARCHAR(32);
DECLARE @_name NVARCHAR(40);
DECLARE @_group NVARCHAR(32);
DECLARE @_idx INT;
SET @_idx = 1;
DECLARE cur4 CURSOR FOR SELECT STATUS_CD, CODE_GROUP, DESCRIPTION FROM STATUS;
BEGIN
	OPEN cur4;
	FETCH NEXT FROM cur4 INTO @_id, @_group, @_name;
	WHILE @@FETCH_STATUS = 0
	BEGIN
		IF (@_id IS NOT NULL) 
		BEGIN
			IF (@_group IS NOT NULL) 
			BEGIN
				IF (@_name IS NOT NULL) 
				BEGIN
					IF ((SELECT count(*) FROM METADATA_TYPE WHERE GROUPING=@_group AND DESCRIPTION=@_name)= 0) 
					BEGIN
						IF (@_id = 'CONTRACTOR') 
						BEGIN
							INSERT INTO METADATA_TYPE(TYPE_ID, DESCRIPTION, ACTIVE, SYNC_MANAGED_SYS, GROUPING, IS_BINARY) VALUES('CONTRACTOR TYPE', @_name, 'Y', 'Y', @_group, 'N');
						END;
						ELSE
						BEGIN
							INSERT INTO METADATA_TYPE(TYPE_ID, DESCRIPTION, ACTIVE, SYNC_MANAGED_SYS, GROUPING, IS_BINARY) VALUES(@_id, @_name, 'Y', 'Y', @_group, 'N');
						END;
						SET @_idx = @_idx + 1;
					END;
				END;
			END;
		END;
		FETCH NEXT FROM cur4 INTO @_id, @_group, @_name;
	END;
	CLOSE cur4;
END;

DELETE FROM LANGUAGE_MAPPING WHERE REFERENCE_TYPE='MetadataTypeEntity';


DECLARE @_name1 NVARCHAR(40);
DECLARE @_id1 NVARCHAR(32);
DECLARE @_idx1 INT;
SET @_idx1 = 1;
DECLARE cur5 CURSOR FOR SELECT TYPE_ID, DESCRIPTION FROM METADATA_TYPE;
BEGIN
	OPEN cur5;
	FETCH NEXT FROM cur5 INTO @_id1, @_name1;	
	WHILE @@FETCH_STATUS = 0
	BEGIN
		IF (@_id1 IS NOT NULL) 
		BEGIN
			IF (@_name1 IS NOT NULL) 
			BEGIN
				IF ((SELECT count(*) FROM LANGUAGE_MAPPING WHERE REFERENCE_TYPE='MetadataTypeEntity' AND REFERENCE_ID=@_id1)= 0) 
				BEGIN
					INSERT INTO LANGUAGE_MAPPING(ID, LANGUAGE_ID, REFERENCE_TYPE, REFERENCE_ID, TEXT_VALUE) VALUES({fn CONCAT('MetadataTypeEntity', CAST(@_idx1 AS VARCHAR(10)))}, '1', 'MetadataTypeEntity', @_id1, @_name1);
					SET @_idx1 = @_idx1 + 1;
				END;
			END;
		END;
		FETCH NEXT FROM cur5 INTO @_id1, @_name1;
	END;
	CLOSE cur5;
END;

DELETE FROM LANGUAGE_LOCALE where ID='1';
UPDATE LANGUAGE SET IS_USED='N' WHERE ID='4';

IF ((SELECT count(*) FROM LANGUAGE WHERE ID='8') = 0) 
BEGIN
		INSERT INTO LANGUAGE (ID, LANGUAGE, IS_USED, LANGUAGE_CODE, IS_DEFAULT) VALUES ('8', 'Russian', 'Y', 'ru', 'N');
		INSERT INTO LANGUAGE_LOCALE (ID, LANGUAGE_ID, LOCALE) VALUES ('10', '8', 'ru_RU');
END;


DELETE FROM LANGUAGE_MAPPING WHERE REFERENCE_TYPE='LanguageEntity';

INSERT INTO LANGUAGE_MAPPING (ID, LANGUAGE_ID, REFERENCE_ID, REFERENCE_TYPE, TEXT_VALUE)
VALUES ('LanguageEntity1', '1', '1', 'LanguageEntity', 'English'),
     ('LanguageEntity2', '4', '1', 'LanguageEntity', 'Ingls'),
   ('LanguageEntity3', '8', '1', 'LanguageEntity', ''),
     ('LanguageEntity4', '1', '4', 'LanguageEntity', 'Spanish'),
     ('LanguageEntity5', '4', '4', 'LanguageEntity', 'Espaol'),
   ('LanguageEntity6', '8', '4', 'LanguageEntity', ''),
   ('LanguageEntity7', '1', '8', 'LanguageEntity', 'Russian'),
     ('LanguageEntity8', '4', '8', 'LanguageEntity', 'Ruso'),
   ('LanguageEntity9', '8', '8', 'LanguageEntity', '');
   

ALTER TABLE METADATA_TYPE ADD IS_SENSITIVE CHAR(1) NOT NULL DEFAULT 'N';
GO

UPDATE METADATA_TYPE SET IS_SENSITIVE='Y' WHERE TYPE_ID IN(SELECT STATUS_CD FROM STATUS WHERE STATUS_CD NOT IN('CONTRACTOR'));
UPDATE METADATA_TYPE SET IS_SENSITIVE='Y' WHERE TYPE_ID IN('CONTRACTOR TYPE');

DELETE FROM LANGUAGE_MAPPING WHERE REFERENCE_TYPE IN('ResourceEntity');


DECLARE @_id2 VARCHAR(32);
DECLARE @_resourceId VARCHAR(32);
DECLARE @_value VARCHAR(40);
DECLARE cur6 CURSOR FOR SELECT RESOURCE_PROP_ID, RESOURCE_ID, PROP_VALUE FROM RESOURCE_PROP 
		WHERE RESOURCE_ID IN(SELECT RESOURCE_ID FROM RES WHERE RESOURCE_TYPE_ID IN('MENU_ITEM')) AND NAME='MENU_DISPLAY_NAME';

BEGIN
	OPEN cur6;
	FETCH NEXT FROM cur6 INTO @_id2, @_resourceId, @_value;
	WHILE @@FETCH_STATUS = 0
	BEGIN
		IF (@_id2 IS NOT NULL) 
		BEGIN
			IF (@_resourceId IS NOT NULL) 
			BEGIN
				IF (@_value IS NOT NULL) 
				BEGIN
					IF ((SELECT count(*) FROM LANGUAGE_MAPPING WHERE ID=@_id2)= 0) 
					BEGIN
						INSERT INTO LANGUAGE_MAPPING(ID, LANGUAGE_ID, REFERENCE_TYPE, REFERENCE_ID, TEXT_VALUE) VALUES(@_id2, '1', 'ResourceEntity', @_resourceId, @_value);
					END;
				END;
			END;
		END;
		FETCH NEXT FROM cur6 INTO @_id2, @_resourceId, @_value;
	END;
	CLOSE cur6;
END;

ALTER TABLE GRP ALTER COLUMN GROUP_DESC VARCHAR(512);
ALTER TABLE GRP ADD DEFAULT 'NULL' FOR GROUP_DESC;

DELETE FROM LANGUAGE_MAPPING WHERE ID LIKE '%ElementMigrate%';


DECLARE @_id3 VARCHAR(32);
DECLARE @_value1 VARCHAR(40);
DECLARE cur7 CURSOR FOR SELECT METADATA_ID, ATTRIBUTE_NAME FROM METADATA_ELEMENT WHERE METADATA_ID NOT IN(
		SELECT REFERENCE_ID FROM LANGUAGE_MAPPING WHERE REFERENCE_TYPE='MetadataElementEntity');

BEGIN
	OPEN cur7;
	FETCH NEXT FROM cur7 INTO @_id3, @_value1;	
	WHILE @@FETCH_STATUS = 0
	BEGIN		
		IF (@_id3 IS NOT NULL) 
		BEGIN
			IF (@_value1 IS NOT NULL) 
			BEGIN
				IF ((SELECT count(*) FROM LANGUAGE_MAPPING WHERE ID={fn CONCAT('ElementMigrate',CAST(@_id3 as VARCHAR(10)))})= 0) 
				BEGIN
					INSERT INTO LANGUAGE_MAPPING(ID, LANGUAGE_ID, REFERENCE_TYPE, REFERENCE_ID, TEXT_VALUE) VALUES({fn CONCAT('ElementMigrate',CAST(@_id3 as VARCHAR(10)))}, '1', 'MetadataElementEntity', @_id3, @_value1);
				END;
			END;
		END;
		FETCH NEXT FROM cur7 INTO @_id3, @_value1;
	END;
	CLOSE cur7;
END;

CREATE TABLE REPORT_PARAMETER_METATYPE (
	PARAM_METATYPE_ID NVARCHAR(32) NOT NULL,
	PARAM_METATYPE_NAME NVARCHAR(45) NOT NULL,
	IS_MULTIPLE CHAR(1) NOT NULL DEFAULT 'N',
	PRIMARY KEY (PARAM_METATYPE_ID)
	);

ALTER TABLE REPORT_CRITERIA_PARAMETER ADD PARAM_META_TYPE_ID NVARCHAR(32) NULL DEFAULT NULL;
ALTER TABLE REPORT_CRITERIA_PARAMETER ADD IS_MULTIPLE CHAR(1) NOT NULL DEFAULT 'N';
ALTER TABLE REPORT_CRITERIA_PARAMETER ADD IS_REQUIRED CHAR(1) NOT NULL DEFAULT 'N';
ALTER TABLE REPORT_CRITERIA_PARAMETER ADD CAPTION NVARCHAR(100);
GO

ALTER TABLE REPORT_CRITERIA_PARAMETER ADD CONSTRAINT RCP_PARAM_META_TYPE_FK 
	FOREIGN KEY (PARAM_META_TYPE_ID) REFERENCES REPORT_PARAMETER_METATYPE (PARAM_METATYPE_ID);
	
INSERT INTO REPORT_PARAMETER_METATYPE (PARAM_METATYPE_ID, PARAM_METATYPE_NAME, IS_MULTIPLE) 
	VALUES  ('ACTION','Audit action','Y'),('GROUP','Group','Y'),('ORGANIZATION','Organization','N'),
		('ROLE','Role','Y'),('USER','User','Y'),('USER_STATUS','User status','Y'),
		('USER_SEC_STATUS','User secondary status','Y');

DELETE FROM LANGUAGE_MAPPING WHERE REFERENCE_TYPE ='OrganizationTypeEntity';


DECLARE @_id4 VARCHAR(32);
DECLARE @_value2 VARCHAR(100);
DECLARE cur8 CURSOR FOR SELECT ORG_TYPE_ID, NAME FROM ORGANIZATION_TYPE;

BEGIN
	OPEN cur8;
	FETCH NEXT FROM cur8 INTO @_id4, @_value2;	
	WHILE @@FETCH_STATUS = 0
	BEGIN
		IF (@_id4 IS NOT NULL) 
		BEGIN
			IF (@_value2 IS NOT NULL) 
			BEGIN
				IF ((SELECT count(*) FROM LANGUAGE_MAPPING WHERE REFERENCE_ID=@_id4 AND REFERENCE_TYPE='OrganizationTypeEntity')= 0) 
				BEGIN
					INSERT INTO LANGUAGE_MAPPING(ID, LANGUAGE_ID, REFERENCE_TYPE, REFERENCE_ID, TEXT_VALUE) VALUES(@_id4, '1', 'OrganizationTypeEntity', @_id4, @_value2);
				END;
			END;
		END;
		FETCH NEXT FROM cur8 INTO @_id4, @_value2;
	END;
	CLOSE cur8;
END;

DELETE FROM LANGUAGE_MAPPING WHERE REFERENCE_TYPE ='ResourceTypeEntity';



DECLARE @_id5 VARCHAR(32);
DECLARE @_value3 VARCHAR(100);
DECLARE cur9 CURSOR FOR SELECT RESOURCE_TYPE_ID, DESCRIPTION FROM RESOURCE_TYPE;
BEGIN
	OPEN cur9;
	FETCH NEXT FROM cur9 INTO @_id5, @_value3;	
	WHILE @@FETCH_STATUS = 0
	BEGIN
		IF (@_id5 IS NOT NULL) 
		BEGIN
			IF (@_value3 IS NOT NULL) 
			BEGIN
				IF ((SELECT count(*) FROM LANGUAGE_MAPPING WHERE ID=@_id5)= 0) 
				BEGIN
					INSERT INTO LANGUAGE_MAPPING(ID, LANGUAGE_ID, REFERENCE_TYPE, REFERENCE_ID, TEXT_VALUE) VALUES(@_id5, '1', 'ResourceTypeEntity', @_id5, @_value3);
				END;
			END;
		END;
		FETCH NEXT FROM cur9 INTO @_id5, @_value3;	
	END;
	CLOSE cur9;
END;

DELETE FROM LANGUAGE_MAPPING WHERE REFERENCE_TYPE ='IdentityQuestionEntity';


DECLARE @_id6 VARCHAR(32);
DECLARE @_value4 VARCHAR(255);
DECLARE cur10 CURSOR FOR SELECT IDENTITY_QUESTION_ID, QUESTION_TEXT FROM IDENTITY_QUESTION;
BEGIN
	OPEN cur10;
	FETCH NEXT FROM cur10 INTO @_id6, @_value4;	
	WHILE @@FETCH_STATUS = 0
	BEGIN
		IF (@_id6 IS NOT NULL) 
		BEGIN
			IF (@_value4 IS NOT NULL) 
			BEGIN
				IF ((SELECT count(*) FROM LANGUAGE_MAPPING WHERE ID=@_id6)= 0) 
				BEGIN
					INSERT INTO LANGUAGE_MAPPING(ID, LANGUAGE_ID, REFERENCE_TYPE, REFERENCE_ID, TEXT_VALUE) VALUES(@_id6, '1', 'IdentityQuestionEntity', @_id6, @_value4);
				END;
			END;
		END;
		FETCH NEXT FROM cur10 INTO @_id6, @_value4;	
	END;
	CLOSE cur10;
END

ALTER TABLE IDENTITY_QUESTION DROP COLUMN QUESTION_TEXT;

ALTER TABLE MANAGED_SYS ADD RESUME_HNDLR NVARCHAR(100) NULL;

IF NOT EXISTS (SELECT * FROM REPORT_PARAMETER_METATYPE WHERE PARAM_METATYPE_ID='SUPERVISOR') 
BEGIN
	INSERT INTO REPORT_PARAMETER_METATYPE (PARAM_METATYPE_ID, PARAM_METATYPE_NAME, IS_MULTIPLE) VALUES ('SUPERVISOR','Supervisor','Y');
END;
IF NOT EXISTS (SELECT * FROM REPORT_PARAMETER_METATYPE WHERE PARAM_METATYPE_ID='MANAGED_SYSTEM') 
BEGIN
	INSERT INTO REPORT_PARAMETER_METATYPE (PARAM_METATYPE_ID, PARAM_METATYPE_NAME, IS_MULTIPLE) VALUES ('MANAGED_SYSTEM','Managed system','Y');
END;



UPDATE REPORT_CRITERIA_PARAMETER SET CAPTION='Role', PARAM_META_TYPE_ID='ROLE' WHERE RCP_ID=1011;
UPDATE REPORT_CRITERIA_PARAMETER SET CAPTION='Status', PARAM_META_TYPE_ID='USER_STATUS' WHERE RCP_ID=1012;
UPDATE REPORT_CRITERIA_PARAMETER SET CAPTION='User secondary status', PARAM_META_TYPE_ID='USER_SEC_STATUS' WHERE RCP_ID=1013;
UPDATE REPORT_CRITERIA_PARAMETER SET CAPTION='Organization', PARAM_META_TYPE_ID='ORGANIZATION', IS_REQUIRED='Y' WHERE RCP_ID=1014;
UPDATE REPORT_CRITERIA_PARAMETER SET CAPTION='Audit action', PARAM_META_TYPE_ID='ACTION' WHERE RCP_ID=1021;
UPDATE REPORT_CRITERIA_PARAMETER SET CAPTION='Start date', IS_REQUIRED='Y' WHERE RCP_ID=1022;
UPDATE REPORT_CRITERIA_PARAMETER SET CAPTION='End date' WHERE RCP_ID=1023;
UPDATE REPORT_CRITERIA_PARAMETER SET CAPTION='Managed system', PARAM_META_TYPE_ID='MANAGED_SYSTEM', IS_REQUIRED='Y' WHERE RCP_ID=1031;
UPDATE REPORT_CRITERIA_PARAMETER SET CAPTION='Configuration', IS_REQUIRED='Y' WHERE RCP_ID=1041;
UPDATE REPORT_CRITERIA_PARAMETER SET CAPTION='Audit' WHERE RCP_ID=1042;


ALTER TABLE AUTH_ATTRIBUTE ALTER COLUMN DEFAULT_VALUE VARCHAR(4096);
ALTER TABLE AUTH_LEVEL_ATTRIBUTE ALTER COLUMN VALUE_AS_STRING VARCHAR(4096);
ALTER TABLE AUTH_PROVIDER_ATTRIBUTE ALTER COLUMN VALUE VARCHAR(4096);
ALTER TABLE URI_PATTERN_META_VALUE ALTER COLUMN STATIC_VALUE VARCHAR(4096);
ALTER TABLE LOGIN_ATTRIBUTE ALTER COLUMN NAME NVARCHAR(100);
ALTER TABLE LOGIN_ATTRIBUTE ALTER COLUMN VALUE VARCHAR(4096);
ALTER TABLE METADATA_ELEMENT ALTER COLUMN ATTRIBUTE_NAME NVARCHAR(100);
ALTER TABLE METADATA_ELEMENT ALTER COLUMN STATIC_DEFAULT_VALUE VARCHAR(4096);
ALTER TABLE POLICY_ATTRIBUTE ALTER COLUMN NAME NVARCHAR(100);
ALTER TABLE POLICY_ATTRIBUTE ALTER COLUMN VALUE1 VARCHAR(4096);
ALTER TABLE POLICY_ATTRIBUTE ALTER COLUMN VALUE2 VARCHAR(4096);
ALTER TABLE REQUEST_ATTRIBUTE ALTER COLUMN NAME NVARCHAR(100);
ALTER TABLE REQUEST_ATTRIBUTE ALTER COLUMN VALUE VARCHAR(4096);
ALTER TABLE GRP_ATTRIBUTES ALTER COLUMN NAME NVARCHAR(100);
ALTER TABLE GRP_ATTRIBUTES ALTER COLUMN VALUE VARCHAR(4096);
ALTER TABLE COMPANY_ATTRIBUTE ALTER COLUMN VALUE VARCHAR(4096);
ALTER TABLE ROLE_ATTRIBUTE ALTER COLUMN NAME NVARCHAR(100);
ALTER TABLE ROLE_ATTRIBUTE ALTER COLUMN VALUE VARCHAR(4096);
ALTER TABLE USER_ATTRIBUTES ALTER COLUMN NAME NVARCHAR(100);
ALTER TABLE USER_ATTRIBUTES ALTER COLUMN VALUE VARCHAR(4096);

ALTER TABLE LOGIN_ATTRIBUTE ALTER COLUMN METADATA_ID NVARCHAR(32);
ALTER TABLE LOGIN_ATTRIBUTE
	ADD CONSTRAINT FK_LOGIN_METADATA_ELEMENT
	FOREIGN KEY (METADATA_ID)
	REFERENCES METADATA_ELEMENT(METADATA_ID);

ALTER TABLE RESOURCE_PROP ALTER COLUMN METADATA_ID NVARCHAR(32);
ALTER TABLE RESOURCE_PROP
	ADD CONSTRAINT FK_RES_PROP_METADATA_ELEMENT
	FOREIGN KEY (METADATA_ID)
	REFERENCES METADATA_ELEMENT(METADATA_ID);

ALTER TABLE ROLE_ATTRIBUTE ALTER COLUMN METADATA_ID NVARCHAR(32);
ALTER TABLE ROLE_ATTRIBUTE
	ADD CONSTRAINT FK_ROLE_ATTR_METADATA_ELEMENT
	FOREIGN KEY (METADATA_ID)
	REFERENCES METADATA_ELEMENT(METADATA_ID);
	
DELETE FROM LANGUAGE_MAPPING WHERE REFERENCE_ID IN('LANGUAGE_SEARCH', 'LANGUAGE_EDIT', 'LANGUAGE_ROOT_MENU', 'LANGUAGE_ADMIN');
DELETE FROM res_to_res_membership WHERE RESOURCE_ID IN('LANGUAGE_SEARCH', 'LANGUAGE_EDIT', 'LANGUAGE_ROOT_MENU', 'LANGUAGE_ADMIN');
DELETE FROM res_to_res_membership WHERE MEMBER_RESOURCE_ID IN('LANGUAGE_SEARCH', 'LANGUAGE_EDIT', 'LANGUAGE_ROOT_MENU', 'LANGUAGE_ADMIN');
DELETE FROM RESOURCE_PROP WHERE RESOURCE_PROP_ID IN('LANGUAGE_SEARCH', 'LANGUAGE_EDIT', 'LANGUAGE_ROOT_MENU', 'LANGUAGE_ADMIN');
DELETE FROM RES WHERE RESOURCE_ID IN('LANGUAGE_SEARCH', 'LANGUAGE_EDIT', 'LANGUAGE_ROOT_MENU', 'LANGUAGE_ADMIN');


INSERT INTO RES (RESOURCE_ID,RESOURCE_TYPE_ID,DESCRIPTION,NAME,DISPLAY_ORDER,IS_PUBLIC,URL) VALUES ('LANGUAGE_ADMIN','MENU_ITEM','languages','LANGUAGE_ADMIN',1,'Y','/webconsole/languages.html');
INSERT INTO LANGUAGE_MAPPING(ID, LANGUAGE_ID, REFERENCE_TYPE, REFERENCE_ID, TEXT_VALUE) VALUES('LANGUAGE_ADMIN1', '1', 'ResourceEntity', 'LANGUAGE_ADMIN', 'Languages');
INSERT INTO res_to_res_membership (RESOURCE_ID,MEMBER_RESOURCE_ID) VALUES ('ADMIN','LANGUAGE_ADMIN');

INSERT INTO RES (RESOURCE_ID,RESOURCE_TYPE_ID,DESCRIPTION,NAME,DISPLAY_ORDER,IS_PUBLIC) VALUES ('LANGUAGE_ROOT_MENU','MENU_ITEM','languages root menu','LANGUAGE_ROOT_MENU',1,'Y'); 

INSERT INTO RES (RESOURCE_ID,RESOURCE_TYPE_ID,DESCRIPTION,NAME,DISPLAY_ORDER,IS_PUBLIC,URL) VALUES ('LANGUAGE_EDIT','MENU_ITEM','languages edit','LANGUAGE_EDIT',1,'Y','/webconsole/languageEdit.html'); 
INSERT INTO LANGUAGE_MAPPING(ID, LANGUAGE_ID, REFERENCE_TYPE, REFERENCE_ID, TEXT_VALUE) VALUES('LANGUAGE_EDIT1', '1', 'ResourceEntity', 'LANGUAGE_EDIT', 'New Language');

INSERT INTO RES (RESOURCE_ID,RESOURCE_TYPE_ID,DESCRIPTION,NAME,DISPLAY_ORDER,IS_PUBLIC,URL) VALUES ('LANGUAGE_SEARCH','MENU_ITEM','language search','LANGUAGE_SEARCH',3,'Y','/webconsole/languages.html'); 
INSERT INTO LANGUAGE_MAPPING(ID, LANGUAGE_ID, REFERENCE_TYPE, REFERENCE_ID, TEXT_VALUE) VALUES('LANGUAGE_SEARCH1', '1', 'ResourceEntity', 'LANGUAGE_SEARCH', 'Languages');

INSERT INTO res_to_res_membership (MEMBER_RESOURCE_ID, RESOURCE_ID) VALUES ('LANGUAGE_SEARCH', 'LANGUAGE_ROOT_MENU');
INSERT INTO res_to_res_membership (MEMBER_RESOURCE_ID, RESOURCE_ID) VALUES ('LANGUAGE_EDIT', 'LANGUAGE_ROOT_MENU');

ALTER TABLE OPENIAM_LOG_TARGET ADD OBJECT_PRINCIPAL VARCHAR(255) NULL DEFAULT NULL;

UPDATE REPORT_CRITERIA_PARAMETER SET IS_MULTIPLE = 'N' WHERE REPORT_INFO_ID IN (SELECT REPORT_INFO_ID FROM REPORT_INFO WHERE BUILT_IN = 'Y');
UPDATE REPORT_CRITERIA_PARAMETER SET IS_MULTIPLE = 'Y' WHERE RCP_ID IN (1011,1014);

DELETE FROM REPORT_CRITERIA_PARAMETER WHERE RCP_ID='1024';
INSERT INTO REPORT_CRITERIA_PARAMETER (REPORT_INFO_ID, RCP_ID, PARAM_NAME, CAPTION, PARAM_VALUE, RCPT_ID, PARAM_META_TYPE_ID, IS_MULTIPLE) VALUES ('102','1024','USER_ID','User',null,'1','USER','N');

UPDATE GRP SET COMPANY_ID=NULL WHERE COMPANY_ID NOT IN(SELECT COMPANY_ID FROM COMPANY);

ALTER TABLE GRP ADD CONSTRAINT GRP_COMPANY_FK FOREIGN KEY (COMPANY_ID) REFERENCES COMPANY (COMPANY_ID);

insert into LOGIN(LOGIN,LOWERCASE_LOGIN,MANAGED_SYS_ID,USER_ID,PASSWORD,STATUS,LOGIN_ID) 
values('system','system','0','0001','passwd00','ACTIVE','0');

EXEC sp_RENAME 'RESOURCE_PROP.PROP_VALUE', 'VALUE', 'COLUMN'

ALTER TABLE RESOURCE_PROP ALTER COLUMN VALUE VARCHAR(4096);

ALTER TABLE RESOURCE_PROP ALTER COLUMN NAME NVARCHAR(100);

ALTER TABLE RESOURCE_PROP ADD IS_MULTIVALUED char(1) NOT NULL DEFAULT 'N';

ALTER TABLE RES ADD TYPE_ID NVARCHAR(32);

ALTER TABLE RES ADD CONSTRAINT RES_TYPE_FK FOREIGN KEY (TYPE_ID) REFERENCES METADATA_TYPE (TYPE_ID);

ALTER TABLE RESOURCE_PROP ALTER COLUMN METADATA_ID NVARCHAR(32);

ALTER TABLE ROLE_ATTRIBUTE ALTER COLUMN METADATA_ID NVARCHAR(32);

ALTER TABLE GRP_ATTRIBUTES ALTER COLUMN METADATA_ID NVARCHAR(32);

EXEC sp_RENAME 'RESOURCE_PROP.VALUE', '_VALUE', 'COLUMN'
ALTER TABLE RESOURCE_PROP ALTER COLUMN _VALUE VARCHAR(4096);
EXEC sp_RENAME 'GRP_ATTRIBUTES.VALUE', '_VALUE', 'COLUMN'
ALTER TABLE GRP_ATTRIBUTES ALTER COLUMN _VALUE VARCHAR(4096);
EXEC sp_RENAME 'ROLE_ATTRIBUTE.VALUE', '_VALUE', 'COLUMN'
ALTER TABLE ROLE_ATTRIBUTE ALTER COLUMN _VALUE VARCHAR(4096);
EXEC sp_RENAME 'COMPANY_ATTRIBUTE.VALUE', '_VALUE', 'COLUMN'
ALTER TABLE COMPANY_ATTRIBUTE ALTER COLUMN _VALUE VARCHAR(4096);
GO
UPDATE METADATA_TYPE SET GROUPING=NULL WHERE GROUPING NOT IN(
	'OBJECT_TYPE',
	'USER_TYPE',
	'OPERATION',
	'PHONE',
	'UI_WIDGET',
	'USER',
	'USER_2ND_STATUS',
	'ADDRESS',
	'EMAIL',
	'AUTH_LEVEL',
	'JOB_CODE',
	'SERVICE_STATUS',
	'GROUP_TYPE',
	'ROLE_TYPE',
	'ORG_TYPE',
	'RESOURCE_TYPE'
);

UPDATE USERS SET JOB_CODE=null WHERE JOB_CODE not in (SELECT TYPE_ID from METADATA_TYPE WHERE GROUPING='JOB_CODE');
UPDATE USERS SET EMPLOYEE_TYPE=null WHERE EMPLOYEE_TYPE not in (SELECT TYPE_ID from METADATA_TYPE WHERE GROUPING='USER_TYPE');

IF NOT EXISTS (SELECT 1 FROM information_schema.TABLE_CONSTRAINTS tc WHERE CONSTRAINT_TYPE = 'FOREIGN KEY' AND TABLE_CATALOG = 'openiam' AND TABLE_NAME = 'USERS' AND CONSTRAINT_NAME='FK_JOB_CODE_METADATA_TYPE')
BEGIN
	ALTER TABLE USERS ALTER COLUMN JOB_CODE NVARCHAR(32) NULL;
	ALTER TABLE USERS ADD DEFAULT 'NULL' FOR JOB_CODE;
	ALTER TABLE USERS ADD CONSTRAINT FK_JOB_CODE_METADATA_TYPE FOREIGN KEY (JOB_CODE) REFERENCES METADATA_TYPE (TYPE_ID);
END;

IF NOT EXISTS (SELECT 1 FROM information_schema.TABLE_CONSTRAINTS tc WHERE CONSTRAINT_TYPE = 'FOREIGN KEY' AND TABLE_CATALOG = 'openiam' AND TABLE_NAME = 'USERS' AND CONSTRAINT_NAME='FK_EMPLOYEE_TYPE_METADATA_TYPE')
BEGIN
	ALTER TABLE USERS ALTER COLUMN EMPLOYEE_TYPE NVARCHAR(32) NULL;
	ALTER TABLE USERS ADD DEFAULT 'NULL' FOR EMPLOYEE_TYPE;
	ALTER TABLE USERS ADD CONSTRAINT FK_EMPLOYEE_TYPE_METADATA_TYPE FOREIGN KEY (EMPLOYEE_TYPE) REFERENCES METADATA_TYPE (TYPE_ID);
END;

DELETE FROM RESOURCE_GROUP WHERE RESOURCE_ID = 'BULK_OPS';
DELETE FROM RESOURCE_USER WHERE RESOURCE_ID = 'BULK_OPS';
DELETE FROM RESOURCE_ROLE WHERE RESOURCE_ID = 'BULK_OPS';
DELETE FROM RESOURCE_PROP WHERE RESOURCE_ID = 'BULK_OPS';
DELETE FROM res_to_res_membership WHERE MEMBER_RESOURCE_ID = 'BULK_OPS';
DELETE FROM RES WHERE RESOURCE_ID = 'BULK_OPS';
DELETE FROM LANGUAGE_MAPPING WHERE REFERENCE_ID='BULK_OPS';

INSERT INTO RES (RESOURCE_ID, RESOURCE_TYPE_ID, NAME, DESCRIPTION, IS_PUBLIC, URL) VALUES('BULK_OPS', 'MENU_ITEM', 'BULK_OPS', 'User Bulk Operations Root', 'N', '/webconsole/bulkOperations.html');

INSERT INTO RESOURCE_PROP (RESOURCE_PROP_ID, RESOURCE_ID, NAME, _VALUE) VALUES ('BULK_OPS_PUB', 'BULK_OPS', 'MENU_IS_PUBLIC', 'true');
INSERT INTO RESOURCE_PROP (RESOURCE_PROP_ID, RESOURCE_ID, NAME, _VALUE) VALUES ('BULK_OPS_DESC', 'BULK_OPS', 'MENU_DISPLAY_NAME', 'User Bulk Operations');

INSERT INTO res_to_res_membership (RESOURCE_ID, MEMBER_RESOURCE_ID) VALUES('IDMAN', 'BULK_OPS');

IF EXISTS (SELECT * FROM ROLE WHERE ROLE_ID='9') 
BEGIN
	IF NOT EXISTS (SELECT * FROM RESOURCE_ROLE WHERE ROLE_ID='9' and RESOURCE_ID='BULK_OPS') 
	BEGIN
		INSERT INTO RESOURCE_ROLE (ROLE_ID, RESOURCE_ID) VALUES('9', 'BULK_OPS');
	END;
END;


IF NOT EXISTS (SELECT * FROM LANGUAGE_MAPPING WHERE REFERENCE_ID='BULK_OPS') 
BEGIN
	INSERT INTO LANGUAGE_MAPPING(ID, LANGUAGE_ID, REFERENCE_TYPE, REFERENCE_ID, TEXT_VALUE) VALUES('BULK_OPS_DESC', '1', 'ResourceEntity.displayNameMap', 'BULK_OPS', 'User Bulk Operations');
END;

UPDATE LANGUAGE_MAPPING SET REFERENCE_TYPE='MetadataTypeEntity.displayNameMap' WHERE REFERENCE_TYPE='MetadataTypeEntity';
UPDATE LANGUAGE_MAPPING SET REFERENCE_TYPE='LanguageEntity.displayNameMap' WHERE REFERENCE_TYPE='LanguageEntity';
UPDATE LANGUAGE_MAPPING SET REFERENCE_TYPE='MetadataElementEntity.languageMap' WHERE REFERENCE_TYPE='MetadataElementEntity';
UPDATE LANGUAGE_MAPPING SET REFERENCE_TYPE='MetadataElementEntity.defaultValueLanguageMap' WHERE REFERENCE_TYPE='MetadataElementDefaultValues';
UPDATE LANGUAGE_MAPPING SET REFERENCE_TYPE='MetadataFieldTemplateXrefEntity.languageMap' WHERE REFERENCE_TYPE='MetadataFieldTemplateXrefEntity';
UPDATE LANGUAGE_MAPPING SET REFERENCE_TYPE='MetadataValidValueEntity.languageMap' WHERE REFERENCE_TYPE='MetadataValidValueEntity';
UPDATE LANGUAGE_MAPPING SET REFERENCE_TYPE='OrganizationTypeEntity.displayNameMap' WHERE REFERENCE_TYPE='OrganizationTypeEntity';
UPDATE LANGUAGE_MAPPING SET REFERENCE_TYPE='IdentityQuestionEntity.displayNameMap' WHERE REFERENCE_TYPE='IdentityQuestionEntity';
UPDATE LANGUAGE_MAPPING SET REFERENCE_TYPE='ResourceEntity.displayNameMap' WHERE REFERENCE_TYPE='ResourceEntity';
UPDATE LANGUAGE_MAPPING SET REFERENCE_TYPE='ResourceTypeEntity.displayNameMap' WHERE REFERENCE_TYPE='ResourceTypeEntity';

ALTER TABLE ROLE ADD TYPE_ID NVARCHAR(32);

ALTER TABLE ROLE ADD CONSTRAINT ROLE_TYPE_FK FOREIGN KEY (TYPE_ID) REFERENCES METADATA_TYPE (TYPE_ID);

ALTER TABLE GRP ADD TYPE_ID NVARCHAR(32);
ALTER TABLE GRP ADD CONSTRAINT GRP_TYPE_FK FOREIGN KEY (TYPE_ID) REFERENCES METADATA_TYPE (TYPE_ID);

DELETE FROM RESOURCE_GROUP  WHERE RESOURCE_ID IN('DIRECTORY');
DELETE FROM RESOURCE_PROP WHERE RESOURCE_ID IN('DIRECTORY');
DELETE FROM RESOURCE_ROLE WHERE RESOURCE_ID IN('DIRECTORY');
DELETE FROM RESOURCE_USER WHERE RESOURCE_ID IN('DIRECTORY');
DELETE FROM res_to_res_membership WHERE RESOURCE_ID IN('DIRECTORY');
DELETE FROM res_to_res_membership  WHERE MEMBER_RESOURCE_ID IN('DIRECTORY');
DELETE FROM RES WHERE RESOURCE_ID IN('DIRECTORY');

UPDATE RES SET IS_PUBLIC='N' WHERE RESOURCE_ID IN ('IDMAN', 'ACC_CONTROL', 'PROVISIONING', 'SECURITY_POLICY', 'REPORT', 'WEB_REPORT', 'ADMIN', 'ACCESSCENTER', 'REQUEST_APPROVAL', 'SELFSERVICE_REPORT', 'DIR_LOOKUP_PAGE');

UPDATE RES SET IS_PUBLIC='Y' WHERE RESOURCE_ID IN ('IDM', 'SELFSERVICE', 'SELFSERVICE_MYINFO', 'SELFSERVICE_MYAPPS', 'SELFCENTER', 'CHNGPSWD', 'IDQUEST', 'PROFILE');

DELETE FROM RESOURCE_GROUP WHERE RESOURCE_ID = 'MNG_SYS_VIEWER';
DELETE FROM RESOURCE_USER WHERE RESOURCE_ID = 'MNG_SYS_VIEWER';
DELETE FROM RESOURCE_ROLE WHERE RESOURCE_ID = 'MNG_SYS_VIEWER';
DELETE FROM RESOURCE_PROP WHERE RESOURCE_ID = 'MNG_SYS_VIEWER';
DELETE FROM res_to_res_membership WHERE MEMBER_RESOURCE_ID = 'MNG_SYS_VIEWER';
DELETE FROM RES WHERE RESOURCE_ID = 'MNG_SYS_VIEWER';
DELETE FROM LANGUAGE_MAPPING WHERE REFERENCE_ID='MNG_SYS_VIEWER';

INSERT INTO RES (RESOURCE_ID, RESOURCE_TYPE_ID, NAME, DESCRIPTION, DISPLAY_ORDER, IS_PUBLIC, URL) VALUES('MNG_SYS_VIEWER', 'MENU_ITEM', 'USR_MNG_SYS_VIEWER', 'Managed System Viewer', 12, 'N', '/webconsole/mngSysViewerList.html');

INSERT INTO RESOURCE_PROP (RESOURCE_PROP_ID, RESOURCE_ID, NAME, _VALUE) VALUES ('MNG_SYS_VIEWER_PUB', 'MNG_SYS_VIEWER', 'MENU_IS_PUBLIC', 'true');
INSERT INTO RESOURCE_PROP (RESOURCE_PROP_ID, RESOURCE_ID, NAME, _VALUE) VALUES ('MNG_SYS_VIEWER_DESC', 'MNG_SYS_VIEWER', 'MENU_DISPLAY_NAME', 'Managed System Viewer');

INSERT INTO res_to_res_membership (RESOURCE_ID, MEMBER_RESOURCE_ID) VALUES('USER_EDIT_MENU', 'MNG_SYS_VIEWER');

IF EXISTS (SELECT * FROM ROLE WHERE ROLE_ID='9') 
BEGIN
	IF NOT EXISTS (SELECT * FROM RESOURCE_ROLE WHERE ROLE_ID='9' and RESOURCE_ID='MNG_SYS_VIEWER') 
	BEGIN
		INSERT INTO RESOURCE_ROLE (ROLE_ID, RESOURCE_ID) VALUES('9', 'MNG_SYS_VIEWER');
	END;
END;



IF NOT EXISTS (SELECT * FROM LANGUAGE_MAPPING WHERE REFERENCE_ID='MNG_SYS_VIEWER') 
BEGIN
	INSERT INTO LANGUAGE_MAPPING(ID, LANGUAGE_ID, REFERENCE_TYPE, REFERENCE_ID, TEXT_VALUE) VALUES('MNG_SYS_VIEWER_DESC', '1', 'ResourceEntity.displayNameMap', 'MNG_SYS_VIEWER', 'Managed System Viewer');
END;

UPDATE USERS SET TYPE_ID=NULL;

DELETE FROM METADATA_TYPE WHERE GROUPING IN('USER_OBJECT_TYPE');
DELETE FROM LANGUAGE_MAPPING WHERE ID IN('DEFAULT_USER_TYPE', 'INTERNAL_USER_TYPE');

INSERT INTO METADATA_TYPE (TYPE_ID, DESCRIPTION, ACTIVE, GROUPING, IS_BINARY) VALUES('DEFAULT_USER', 'Default User', 'Y', 'USER_OBJECT_TYPE', 'N');
INSERT INTO METADATA_TYPE (TYPE_ID, DESCRIPTION, ACTIVE, GROUPING, IS_BINARY) VALUES('INTERNAL_USER', 'Internal User', 'Y', 'USER_OBJECT_TYPE', 'N');

INSERT INTO LANGUAGE_MAPPING (ID, LANGUAGE_ID, REFERENCE_ID, REFERENCE_TYPE, TEXT_VALUE) VALUES('DEFAULT_USER_TYPE', '1', 'DEFAULT_USER', 'MetadataTypeEntity.displayNameMap', 'Default User');
INSERT INTO LANGUAGE_MAPPING (ID, LANGUAGE_ID, REFERENCE_ID, REFERENCE_TYPE, TEXT_VALUE) VALUES('INTERNAL_USER_TYPE', '1', 'INTERNAL_USER', 'MetadataTypeEntity.displayNameMap', 'Internal User');

UPDATE MANAGED_SYS SET ADD_HNDLR='groovy/example/AddScriptConnector.groovy', MODIFY_HNDLR='groovy/example/ModifyScriptConnector.groovy', DELETE_HNDLR='groovy/example/DeleteScriptConnector.groovy', SEARCH_HNDLR='groovy/example/SearchScriptConnector.groovy', LOOKUP_HNDLR='groovy/example/LookupScriptConnector.groovy', TEST_CONNECTION_HNDLR='groovy/example/TestScriptConnector.groovy' WHERE MANAGED_SYS_ID='104';

IF NOT EXISTS (SELECT 1 FROM ROLE WHERE ROLE_ID = '9') 
BEGIN
  insert into ROLE(ROLE_ID, ROLE_NAME) VALUES ('9','Super Security Admin');
END;

IF NOT EXISTS (SELECT 1 FROM GRP WHERE GRP_ID = 'SUPER_SEC_ADMIN_GRP') 
BEGIN
  insert into GRP(GRP_ID, GRP_NAME) VALUES ('SUPER_SEC_ADMIN_GRP','Super Admin Group');
END;

update ROLE SET DESCRIPTION='Super Security Admin', STATUS='ACTIVE';

delete from RESOURCE_ROLE where ROLE_ID='9' and RESOURCE_ID in (SELECT RESOURCE_ID FROM RES WHERE RESOURCE_TYPE_ID='MENU_ITEM');

insert into RESOURCE_ROLE(RESOURCE_ID, ROLE_ID) select RESOURCE_ID, '9' FROM RES WHERE RESOURCE_TYPE_ID='MENU_ITEM';

delete from GRP_ROLE WHERE GRP_ID='SUPER_SEC_ADMIN_GRP' and ROLE_ID='9';

insert into GRP_ROLE(GRP_ID, ROLE_ID) values ('SUPER_SEC_ADMIN_GRP', '9');

delete from USER_ROLE WHERE USER_ID='3000' and ROLE_ID='9';

insert into USER_ROLE(USER_ID, ROLE_ID) values ('3000', '9');

update LANGUAGE SET IS_USED='Y' WHERE ID='4';

delete from LANGUAGE_MAPPING WHERE LANGUAGE_ID in (SELECT ID FROM LANGUAGE WHERE IS_USED='N');
delete from LANGUAGE_LOCALE WHERE LANGUAGE_ID in (SELECT ID FROM LANGUAGE WHERE IS_USED='N');
delete FROM LANGUAGE WHERE IS_USED='N';

ALTER TABLE REQUEST_ATTRIBUTE DROP COLUMN ATTR_GROUP;

ALTER TABLE ROLE_ATTRIBUTE DROP COLUMN ATTR_GROUP;

ALTER TABLE LOGIN_ATTRIBUTE DROP COLUMN ATTR_GROUP;

ALTER TABLE USER_ATTRIBUTES DROP COLUMN ATTR_GROUP;

DELETE FROM res_to_res_membership where MEMBER_RESOURCE_ID='META_ADMIN';
DELETE FROM res_to_res_membership where MEMBER_RESOURCE_ID='META_SEARCH';
DELETE FROM res_to_res_membership where RESOURCE_ID='META_SUBMENU_ROOT';

DELETE FROM RES where RESOURCE_ID='META_TYPE_EDIT_RETURN';
DELETE FROM res_to_res_membership where MEMBER_RESOURCE_ID='META_TYPE_EDIT_RETURN';
DELETE FROM LANGUAGE_MAPPING where ID='META_TYPE_EDIT_RETURN_DESC';

INSERT INTO RES (RESOURCE_ID, RESOURCE_TYPE_ID, DESCRIPTION, NAME, DISPLAY_ORDER, URL, IS_PUBLIC) VALUES  ('META_TYPE_EDIT_RETURN','MENU_ITEM','metadata type edit','metadata type edit', 1, '/webconsole/metaDataTypeEdit.html', 'Y');
INSERT INTO res_to_res_membership (RESOURCE_ID, MEMBER_RESOURCE_ID, CREATE_DATE, UPDATE_DATE) VALUES ('META_SUBMENU_ROOT','META_TYPE_EDIT_RETURN',GETDATE(),GETDATE());
INSERT INTO LANGUAGE_MAPPING(ID, LANGUAGE_ID, REFERENCE_TYPE, REFERENCE_ID, TEXT_VALUE) VALUES('META_TYPE_EDIT_RETURN_DESC', '1', 'ResourceEntity.displayNameMap', 'META_TYPE_EDIT_RETURN', 'Return to Metadata type');

UPDATE UI_TEMPLATE_FIELDS SET NAME='Metadata Type' WHERE UI_FIELD_ID='USER_OBJECT_TYPE';

-- This Script should be called by an external source to initialize the content providers.
-- The Installer calls this.  Do NOT delete.
 

DELETE FROM METADATA_URI_XREF WHERE TEMPLATE_ID IN('NEW_USER_TEMPLATE');
DELETE FROM CONTENT_PROVIDER_SERVER WHERE CONTENT_PROVIDER_ID IN('DEFAULT_CP');
DELETE FROM CP_AUTH_LEVEL_GRP_XREF WHERE CONTENT_PROVIDER_ID IN('DEFAULT_CP');


DELETE FROM URI_AUTH_LEVEL_GRP_XREF WHERE URI_PATTERN_ID IN(
		'SELFREG_PATTERN', 
		'UI_STATIC', 
		'CHANGE_PASSWORD', 
		'UNLOCK_PASSWORD', 
		'LOGOUT_PATTERN', 
		'SAML_LOGIN_PATTERN', 
		'SAML_METADATA_PATTERN', 
		'UNLOCK_PASSWORD_QUESTIONS', 
		'UNLOCK_USER_RESET_FORM', 
		'WEBCONSOLE_CLEAR_CNTX',
		'WEBCONSOLE_AM_CLEAR_CNTX', 
		'WEBCONSOLE_IDM_CLEAR_CNTX', 
		'SELFSERVICE_CLEAR_CNTX', 
		'SEARCH_ORG_PATTERN', 
		'REPORTVIEWER_PATTERN',
		'LANGUAGE_SUPPORT_PATTERN',
		'SELFSERVICE_EXT_CLEAR_CNTX',
		'ROLE_METADATA_PATTERN',
		'SEARCH_ROLES_PATTERN',
		'GROUP_METADATA_PATTERN',
		'SEARCH_GROUPS_PATTERN',
		'ORG_METADATA_PATTERN',
		'FORGOT_USERNAME'
	);
DELETE FROM URI_PATTERN WHERE URI_PATTERN_ID IN(
	'DEF_CP_SELSERVICE_SLASH', 
	'DEF_CP_WEBCONSOLE_AM_SLASH', 
	'DEF_CP_WEBCONSOLE_IDM_SLASH', 
	'DEF_CP_WEBCONSOLE_SLASH', 
	'SELFREG_PATTERN', 
	'UI_STATIC', 
	'CHANGE_PASSWORD', 
	'UNLOCK_PASSWORD', 
	'LOGOUT_PATTERN', 
	'SAML_LOGIN_PATTERN', 
	'SAML_METADATA_PATTERN', 
	'UNLOCK_PASSWORD_QUESTIONS', 
	'UNLOCK_USER_RESET_FORM', 
	'WEBCONSOLE_CLEAR_CNTX',
	'WEBCONSOLE_AM_CLEAR_CNTX', 
	'WEBCONSOLE_IDM_CLEAR_CNTX', 
	'SELFSERVICE_CLEAR_CNTX', 
	'SEARCH_ORG_PATTERN', 
	'REPORTVIEWER_PATTERN', 
	'LANGUAGE_SUPPORT_PATTERN',
	'SELFSERVICE_EXT_CLEAR_CNTX',
	'ROLE_METADATA_PATTERN',
	'SEARCH_ROLES_PATTERN',
	'GROUP_METADATA_PATTERN',
	'SEARCH_GROUPS_PATTERN',
	'ORG_METADATA_PATTERN',
	'FORGOT_USERNAME'
);
DELETE FROM CONTENT_PROVIDER WHERE CONTENT_PROVIDER_ID IN('DEFAULT_CP');
DELETE FROM METADATA_ELEMENT_PAGE_TEMPLATE WHERE ID IN('NEW_USER_TEMPLATE');
DELETE FROM RES WHERE RESOURCE_ID IN(
	'DEFAULT_CP', 
	'DEF_CP_SELSERVICE_SLASH', 
	'DEF_CP_WEBCONSOLE_AM_SLASH', 
	'DEF_CP_WEBCONSOLE_IDM_SLASH', 
	'DEF_CP_WEBCONSOLE_SLASH', 
	'NEW_USER_TEMPLATE', 
	'SELFREG_PATTERN', 
	'UI_STATIC', 
	'CHANGE_PASSWORD', 
	'UNLOCK_PASSWORD', 
	'LOGOUT_PATTERN', 
	'SAML_LOGIN_PATTERN', 
	'SAML_METADATA_PATTERN', 
	'UNLOCK_PASSWORD_QUESTIONS', 
	'UNLOCK_USER_RESET_FORM', 
	'WEBCONSOLE_CLEAR_CNTX',
	'WEBCONSOLE_AM_CLEAR_CNTX', 
	'WEBCONSOLE_IDM_CLEAR_CNTX', 
	'SELFSERVICE_CLEAR_CNTX', 
	'SEARCH_ORG_PATTERN', 
	'REPORTVIEWER_PATTERN', 
	'LANGUAGE_SUPPORT_PATTERN',
	'SELFSERVICE_EXT_CLEAR_CNTX',
	'ROLE_METADATA_PATTERN',
	'SEARCH_ROLES_PATTERN',
	'GROUP_METADATA_PATTERN',
	'SEARCH_GROUPS_PATTERN',
	'ORG_METADATA_PATTERN',
	'FORGOT_USERNAME'
);



--IF OBJECT_ID ( 'SETUP_CONTENT_PROVIDERS', 'P' ) IS NOT NULL 
--    DROP PROCEDURE SETUP_CONTENT_PROVIDERS;
--GO
--CREATE PROCEDURE SETUP_CONTENT_PROVIDERS
--	@cpDomain NVARCHAR(255), 
--	@serverDomain NVARCHAR(255)
--AS
--	IF NOT EXISTS (SELECT * FROM CONTENT_PROVIDER) 
--	BEGIN
-- 			INSERT INTO RES (RESOURCE_ID, RESOURCE_TYPE_ID, NAME, IS_PUBLIC, URL) VALUES('DEFAULT_CP', 'CONTENT_PROVIDER', 'Default Content Provider', 'Y', @cpDomain);
--			INSERT INTO CONTENT_PROVIDER (CONTENT_PROVIDER_ID, CONTENT_PROVIDER_NAME, IS_PUBLIC, DOMAIN_PATTERN, IS_SSL, RESOURCE_ID, MANAGED_SYS_ID) 
--								   VALUES('DEFAULT_CP', 'Default Content Provider', 'Y', @cpDomain, NULL, 'DEFAULT_CP', '0');
--			INSERT INTO CP_AUTH_LEVEL_GRP_XREF (CONTENT_PROVIDER_ID, AUTH_LEVEL_GROUPING_ID, EXEC_ORDER) VALUES ('DEFAULT_CP', 'PASSWORD_AUTH', 0);
--			INSERT INTO CONTENT_PROVIDER_SERVER (CONTENT_PROVIDER_SERVER_ID, CONTENT_PROVIDER_ID, SERVER_URL) VALUES ('DEFAULT_CP', 'DEFAULT_CP', @serverDomain);					   
			
--			INSERT INTO RES (RESOURCE_ID, RESOURCE_TYPE_ID, NAME, IS_PUBLIC) VALUES('DEF_CP_SELSERVICE_SLASH', 'URL_PATTERN', 'Default Content Provider /selfservice/*', 'Y');
--			INSERT INTO URI_PATTERN (URI_PATTERN_ID, CONTENT_PROVIDER_ID, PATTERN, IS_PUBLIC, RESOURCE_ID) VALUES('DEF_CP_SELSERVICE_SLASH', 'DEFAULT_CP', '/selfservice/*', 'Y', 'DEF_CP_SELSERVICE_SLASH');
			
--			INSERT INTO RES (RESOURCE_ID, RESOURCE_TYPE_ID, NAME, IS_PUBLIC) VALUES('DEF_CP_WEBCONSOLE_AM_SLASH', 'URL_PATTERN', 'Default Content Provider /webconsole-am/*', 'Y');
--			INSERT INTO URI_PATTERN (URI_PATTERN_ID, CONTENT_PROVIDER_ID, PATTERN, IS_PUBLIC, RESOURCE_ID) VALUES('DEF_CP_WEBCONSOLE_AM_SLASH', 'DEFAULT_CP', '/webconsole-am/*', 'Y', 'DEF_CP_WEBCONSOLE_AM_SLASH');
			
--			INSERT INTO RES (RESOURCE_ID, RESOURCE_TYPE_ID, NAME, IS_PUBLIC) VALUES('DEF_CP_WEBCONSOLE_IDM_SLASH', 'URL_PATTERN', 'Default Content Provider /webconsole-idm/*', 'Y');
--			INSERT INTO URI_PATTERN (URI_PATTERN_ID, CONTENT_PROVIDER_ID, PATTERN, IS_PUBLIC, RESOURCE_ID) VALUES('DEF_CP_WEBCONSOLE_IDM_SLASH', 'DEFAULT_CP', '/webconsole-idm/*', 'Y', 'DEF_CP_WEBCONSOLE_IDM_SLASH');
			
--			INSERT INTO RES (RESOURCE_ID, RESOURCE_TYPE_ID, NAME, IS_PUBLIC) VALUES('DEF_CP_WEBCONSOLE_SLASH', 'URL_PATTERN', 'Default Content Provider /webconsole/*', 'Y');
--			INSERT INTO URI_PATTERN (URI_PATTERN_ID, CONTENT_PROVIDER_ID, PATTERN, IS_PUBLIC, RESOURCE_ID) VALUES('DEF_CP_WEBCONSOLE_SLASH', 'DEFAULT_CP', '/webconsole/*', 'Y', 'DEF_CP_WEBCONSOLE_SLASH');
			
--			INSERT INTO RES (RESOURCE_ID, RESOURCE_TYPE_ID, NAME, IS_PUBLIC) VALUES('NEW_USER_TEMPLATE', 'UI_TEMPLATE', 'New User Template', 'Y');
--			INSERT INTO METADATA_ELEMENT_PAGE_TEMPLATE (ID, NAME, RESOURCE_ID, IS_PUBLIC, TEMPLATE_TYPE_ID) VALUES('NEW_USER_TEMPLATE', 'New User Template', 'NEW_USER_TEMPLATE', 'Y', 'USER_TEMPLATE');
--			INSERT INTO METADATA_URI_XREF (TEMPLATE_ID, URI_PATTERN_ID) VALUES('NEW_USER_TEMPLATE', 'DEF_CP_SELSERVICE_SLASH');
			
--			INSERT INTO RES (RESOURCE_ID, RESOURCE_TYPE_ID, NAME, IS_PUBLIC) VALUES('SELFREG_PATTERN', 'URL_PATTERN', 'Default Content Provider /selfservice/selfRegistration.html', 'Y');
--			INSERT INTO URI_PATTERN (URI_PATTERN_ID, CONTENT_PROVIDER_ID, PATTERN, IS_PUBLIC, RESOURCE_ID) VALUES('SELFREG_PATTERN', 'DEFAULT_CP', '/selfservice/selfRegistration.html', 'Y', 'SELFREG_PATTERN');
--			INSERT INTO URI_AUTH_LEVEL_GRP_XREF (URI_PATTERN_ID, AUTH_LEVEL_GROUPING_ID, EXEC_ORDER) VALUES('SELFREG_PATTERN', 'NONE', 0);
--			INSERT INTO METADATA_URI_XREF (TEMPLATE_ID, URI_PATTERN_ID) VALUES('NEW_USER_TEMPLATE', 'SELFREG_PATTERN');
			
--			INSERT INTO RES (RESOURCE_ID, RESOURCE_TYPE_ID, NAME, IS_PUBLIC) VALUES('UI_STATIC', 'URL_PATTERN', 'Default Content Provider /openiam-ui-static/*', 'Y');
--			INSERT INTO URI_PATTERN (URI_PATTERN_ID, CONTENT_PROVIDER_ID, PATTERN, IS_PUBLIC, RESOURCE_ID) VALUES('UI_STATIC', 'DEFAULT_CP', '/openiam-ui-static/*', 'Y', 'UI_STATIC');
--			INSERT INTO URI_AUTH_LEVEL_GRP_XREF (URI_PATTERN_ID, AUTH_LEVEL_GROUPING_ID, EXEC_ORDER) VALUES('UI_STATIC', 'NONE', 0);

--			INSERT INTO RES (RESOURCE_ID, RESOURCE_TYPE_ID, NAME, IS_PUBLIC) VALUES('FORGOT_USERNAME', 'URL_PATTERN', 'Default Content Provider /idp/forgotUsername.html', 'Y');
--			INSERT INTO URI_PATTERN (URI_PATTERN_ID, CONTENT_PROVIDER_ID, PATTERN, IS_PUBLIC, RESOURCE_ID) VALUES('FORGOT_USERNAME', 'DEFAULT_CP', '/idp/forgotUsername.html', 'Y', 'FORGOT_USERNAME');
--			INSERT INTO URI_AUTH_LEVEL_GRP_XREF (URI_PATTERN_ID, AUTH_LEVEL_GROUPING_ID, EXEC_ORDER) VALUES('FORGOT_USERNAME', 'NONE', 0);
			
--			INSERT INTO RES (RESOURCE_ID, RESOURCE_TYPE_ID, NAME, IS_PUBLIC) VALUES('CHANGE_PASSWORD', 'URL_PATTERN', 'Default Content Provider /idp/changePassword.html', 'Y');
--			INSERT INTO URI_PATTERN (URI_PATTERN_ID, CONTENT_PROVIDER_ID, PATTERN, IS_PUBLIC, RESOURCE_ID) VALUES('CHANGE_PASSWORD', 'DEFAULT_CP', '/idp/changePassword.html', 'Y', 'CHANGE_PASSWORD');
--			INSERT INTO URI_AUTH_LEVEL_GRP_XREF (URI_PATTERN_ID, AUTH_LEVEL_GROUPING_ID, EXEC_ORDER) VALUES('CHANGE_PASSWORD', 'NONE', 0);
			
--			INSERT INTO RES (RESOURCE_ID, RESOURCE_TYPE_ID, NAME, IS_PUBLIC) VALUES('UNLOCK_PASSWORD', 'URL_PATTERN', 'Default Content Provider /idp/unlockPassword.html', 'Y');
--			INSERT INTO URI_PATTERN (URI_PATTERN_ID, CONTENT_PROVIDER_ID, PATTERN, IS_PUBLIC, RESOURCE_ID) VALUES('UNLOCK_PASSWORD', 'DEFAULT_CP', '/idp/unlockPassword.html', 'Y', 'UNLOCK_PASSWORD');
--			INSERT INTO URI_AUTH_LEVEL_GRP_XREF (URI_PATTERN_ID, AUTH_LEVEL_GROUPING_ID, EXEC_ORDER) VALUES('UNLOCK_PASSWORD', 'NONE', 0);
			
--			INSERT INTO RES (RESOURCE_ID, RESOURCE_TYPE_ID, NAME, IS_PUBLIC) VALUES('LOGOUT_PATTERN', 'URL_PATTERN', 'Default Content Provider /idp/logout.html', 'Y');
--			INSERT INTO URI_PATTERN (URI_PATTERN_ID, CONTENT_PROVIDER_ID, PATTERN, IS_PUBLIC, RESOURCE_ID) VALUES('LOGOUT_PATTERN', 'DEFAULT_CP', '/idp/logout.html', 'Y', 'LOGOUT_PATTERN');
--			INSERT INTO URI_AUTH_LEVEL_GRP_XREF (URI_PATTERN_ID, AUTH_LEVEL_GROUPING_ID, EXEC_ORDER) VALUES('LOGOUT_PATTERN', 'NONE', 0);
			
--			INSERT INTO RES (RESOURCE_ID, RESOURCE_TYPE_ID, NAME, IS_PUBLIC) VALUES('SAML_LOGIN_PATTERN', 'URL_PATTERN', 'Default Content Provider /idp/SAMLLogin.html', 'Y');
--			INSERT INTO URI_PATTERN (URI_PATTERN_ID, CONTENT_PROVIDER_ID, PATTERN, IS_PUBLIC, RESOURCE_ID) VALUES('SAML_LOGIN_PATTERN', 'DEFAULT_CP', '/idp/SAMLLogin.html', 'Y', 'SAML_LOGIN_PATTERN');
--			INSERT INTO URI_AUTH_LEVEL_GRP_XREF (URI_PATTERN_ID, AUTH_LEVEL_GROUPING_ID, EXEC_ORDER) VALUES('SAML_LOGIN_PATTERN', 'NONE', 0);
			
--			INSERT INTO RES (RESOURCE_ID, RESOURCE_TYPE_ID, NAME, IS_PUBLIC) VALUES('SAML_METADATA_PATTERN', 'URL_PATTERN', 'Default Content Provider /idp/SAMLMetadata.html', 'Y');
--			INSERT INTO URI_PATTERN (URI_PATTERN_ID, CONTENT_PROVIDER_ID, PATTERN, IS_PUBLIC, RESOURCE_ID) VALUES('SAML_METADATA_PATTERN', 'DEFAULT_CP', '/idp/SAMLMetadata.html', 'Y', 'SAML_METADATA_PATTERN');
--			INSERT INTO URI_AUTH_LEVEL_GRP_XREF (URI_PATTERN_ID, AUTH_LEVEL_GROUPING_ID, EXEC_ORDER) VALUES('SAML_METADATA_PATTERN', 'NONE', 0);
			
--			INSERT INTO RES (RESOURCE_ID, RESOURCE_TYPE_ID, NAME, IS_PUBLIC) VALUES('UNLOCK_PASSWORD_QUESTIONS', 'URL_PATTERN', 'Default Content Provider /idp/unlockPasswordQuestions.html', 'Y');
--			INSERT INTO URI_PATTERN (URI_PATTERN_ID, CONTENT_PROVIDER_ID, PATTERN, IS_PUBLIC, RESOURCE_ID) VALUES('UNLOCK_PASSWORD_QUESTIONS', 'DEFAULT_CP', '/idp/unlockPasswordQuestions.html', 'Y', 'UNLOCK_PASSWORD_QUESTIONS');
--			INSERT INTO URI_AUTH_LEVEL_GRP_XREF (URI_PATTERN_ID, AUTH_LEVEL_GROUPING_ID, EXEC_ORDER) VALUES('UNLOCK_PASSWORD_QUESTIONS', 'NONE', 0);
			
--			INSERT INTO RES (RESOURCE_ID, RESOURCE_TYPE_ID, NAME, IS_PUBLIC) VALUES('UNLOCK_USER_RESET_FORM', 'URL_PATTERN', 'Default Content Provider /idp/unlockUserResetPasswordForm.html', 'Y');
--			INSERT INTO URI_PATTERN (URI_PATTERN_ID, CONTENT_PROVIDER_ID, PATTERN, IS_PUBLIC, RESOURCE_ID) VALUES('UNLOCK_USER_RESET_FORM', 'DEFAULT_CP', '/idp/unlockUserResetPasswordForm.html', 'Y', 'UNLOCK_USER_RESET_FORM');
--			INSERT INTO URI_AUTH_LEVEL_GRP_XREF (URI_PATTERN_ID, AUTH_LEVEL_GROUPING_ID, EXEC_ORDER) VALUES('UNLOCK_USER_RESET_FORM', 'NONE', 0);
			
--			INSERT INTO RES (RESOURCE_ID, RESOURCE_TYPE_ID, NAME, IS_PUBLIC) VALUES('WEBCONSOLE_CLEAR_CNTX', 'URL_PATTERN', 'Default Content Provider /webconsole/clearContext.html', 'Y');
--			INSERT INTO URI_PATTERN (URI_PATTERN_ID, CONTENT_PROVIDER_ID, PATTERN, IS_PUBLIC, RESOURCE_ID) VALUES('WEBCONSOLE_CLEAR_CNTX', 'DEFAULT_CP', '/webconsole/clearContext.html', 'Y', 'WEBCONSOLE_CLEAR_CNTX');
--			INSERT INTO URI_AUTH_LEVEL_GRP_XREF (URI_PATTERN_ID, AUTH_LEVEL_GROUPING_ID, EXEC_ORDER) VALUES('WEBCONSOLE_CLEAR_CNTX', 'NONE', 0);
			
--			INSERT INTO RES (RESOURCE_ID, RESOURCE_TYPE_ID, NAME, IS_PUBLIC) VALUES('WEBCONSOLE_AM_CLEAR_CNTX', 'URL_PATTERN', 'Default Content Provider /webconsole-am/clearContext.html', 'Y');
--			INSERT INTO URI_PATTERN (URI_PATTERN_ID, CONTENT_PROVIDER_ID, PATTERN, IS_PUBLIC, RESOURCE_ID) VALUES('WEBCONSOLE_AM_CLEAR_CNTX', 'DEFAULT_CP', '/webconsole-am/clearContext.html', 'Y', 'WEBCONSOLE_AM_CLEAR_CNTX');
--			INSERT INTO URI_AUTH_LEVEL_GRP_XREF (URI_PATTERN_ID, AUTH_LEVEL_GROUPING_ID, EXEC_ORDER) VALUES('WEBCONSOLE_AM_CLEAR_CNTX', 'NONE', 0);
			
--			INSERT INTO RES (RESOURCE_ID, RESOURCE_TYPE_ID, NAME, IS_PUBLIC) VALUES('WEBCONSOLE_IDM_CLEAR_CNTX', 'URL_PATTERN', 'Default Content Provider /webconsole-idm/clearContext.html', 'Y');
--			INSERT INTO URI_PATTERN (URI_PATTERN_ID, CONTENT_PROVIDER_ID, PATTERN, IS_PUBLIC, RESOURCE_ID) VALUES('WEBCONSOLE_IDM_CLEAR_CNTX', 'DEFAULT_CP', '/webconsole-idm/clearContext.html', 'Y', 'WEBCONSOLE_IDM_CLEAR_CNTX');
--			INSERT INTO URI_AUTH_LEVEL_GRP_XREF (URI_PATTERN_ID, AUTH_LEVEL_GROUPING_ID, EXEC_ORDER) VALUES('WEBCONSOLE_IDM_CLEAR_CNTX', 'NONE', 0);
			
--			INSERT INTO RES (RESOURCE_ID, RESOURCE_TYPE_ID, NAME, IS_PUBLIC) VALUES('SELFSERVICE_CLEAR_CNTX', 'URL_PATTERN', 'Default Content Provider /selfservice/clearContext.html', 'Y');
--			INSERT INTO URI_PATTERN (URI_PATTERN_ID, CONTENT_PROVIDER_ID, PATTERN, IS_PUBLIC, RESOURCE_ID) VALUES('SELFSERVICE_CLEAR_CNTX', 'DEFAULT_CP', '/selfservice/clearContext.html', 'Y', 'SELFSERVICE_CLEAR_CNTX');
--			INSERT INTO URI_AUTH_LEVEL_GRP_XREF (URI_PATTERN_ID, AUTH_LEVEL_GROUPING_ID, EXEC_ORDER) VALUES('SELFSERVICE_CLEAR_CNTX', 'NONE', 0);
			
--			INSERT INTO RES (RESOURCE_ID, RESOURCE_TYPE_ID, NAME, IS_PUBLIC) VALUES('SELFSERVICE_EXT_CLEAR_CNTX', 'URL_PATTERN', 'Default Content Provider /selfservice-ext/clearContext.html', 'Y');
--			INSERT INTO URI_PATTERN (URI_PATTERN_ID, CONTENT_PROVIDER_ID, PATTERN, IS_PUBLIC, RESOURCE_ID) VALUES('SELFSERVICE_EXT_CLEAR_CNTX', 'DEFAULT_CP', '/selfservice-ext/clearContext.html', 'Y', 'SELFSERVICE_EXT_CLEAR_CNTX');
--			INSERT INTO URI_AUTH_LEVEL_GRP_XREF (URI_PATTERN_ID, AUTH_LEVEL_GROUPING_ID, EXEC_ORDER) VALUES('SELFSERVICE_EXT_CLEAR_CNTX', 'NONE', 0);
			
--			INSERT INTO RES (RESOURCE_ID, RESOURCE_TYPE_ID, NAME, IS_PUBLIC) VALUES('SEARCH_ORG_PATTERN', 'URL_PATTERN', 'Default Content Provider /selfservice/rest/api/entitlements/searchOrganizations', 'Y');
--			INSERT INTO URI_PATTERN (URI_PATTERN_ID, CONTENT_PROVIDER_ID, PATTERN, IS_PUBLIC, RESOURCE_ID) VALUES('SEARCH_ORG_PATTERN', 'DEFAULT_CP', '/selfservice/rest/api/entitlements/searchOrganizations', 'Y', 'SEARCH_ORG_PATTERN');
--			INSERT INTO URI_AUTH_LEVEL_GRP_XREF (URI_PATTERN_ID, AUTH_LEVEL_GROUPING_ID, EXEC_ORDER) VALUES('SEARCH_ORG_PATTERN', 'NONE', 0);
			
--			INSERT INTO RES (RESOURCE_ID, RESOURCE_TYPE_ID, NAME, IS_PUBLIC) VALUES('REPORTVIEWER_PATTERN', 'URL_PATTERN', 'Default Content Provider /reportviewer/*', 'Y');
--			INSERT INTO URI_PATTERN (URI_PATTERN_ID, CONTENT_PROVIDER_ID, PATTERN, IS_PUBLIC, RESOURCE_ID) VALUES('REPORTVIEWER_PATTERN', 'DEFAULT_CP', '/reportviewer/*', 'Y', 'REPORTVIEWER_PATTERN');
--			INSERT INTO URI_AUTH_LEVEL_GRP_XREF (URI_PATTERN_ID, AUTH_LEVEL_GROUPING_ID, EXEC_ORDER) VALUES('REPORTVIEWER_PATTERN', 'NONE', 0);
			
--			INSERT INTO RES (RESOURCE_ID, RESOURCE_TYPE_ID, NAME, IS_PUBLIC) VALUES('LANGUAGE_SUPPORT_PATTERN', 'URL_PATTERN', 'Default Content Provider /selfservice/language/languageSupport.html', 'Y');
--			INSERT INTO URI_PATTERN (URI_PATTERN_ID, CONTENT_PROVIDER_ID, PATTERN, IS_PUBLIC, RESOURCE_ID) VALUES('LANGUAGE_SUPPORT_PATTERN', 'DEFAULT_CP', '/selfservice/language/languageSupport.html', 'Y', 'LANGUAGE_SUPPORT_PATTERN');
--			INSERT INTO URI_AUTH_LEVEL_GRP_XREF (URI_PATTERN_ID, AUTH_LEVEL_GROUPING_ID, EXEC_ORDER) VALUES('LANGUAGE_SUPPORT_PATTERN', 'NONE', 0);
			
--			INSERT INTO RES (RESOURCE_ID, RESOURCE_TYPE_ID, NAME, IS_PUBLIC) VALUES('ROLE_METADATA_PATTERN', 'URL_PATTERN', 'Default Content Provider /selfservice/rest/api/metadata/roleMetadata', 'Y');
--			INSERT INTO URI_PATTERN (URI_PATTERN_ID, CONTENT_PROVIDER_ID, PATTERN, IS_PUBLIC, RESOURCE_ID) VALUES('ROLE_METADATA_PATTERN', 'DEFAULT_CP', '/selfservice/rest/api/metadata/roleMetadata', 'Y', 'ROLE_METADATA_PATTERN');
--			INSERT INTO URI_AUTH_LEVEL_GRP_XREF (URI_PATTERN_ID, AUTH_LEVEL_GROUPING_ID, EXEC_ORDER) VALUES('ROLE_METADATA_PATTERN', 'NONE', 0);
			
--			INSERT INTO RES (RESOURCE_ID, RESOURCE_TYPE_ID, NAME, IS_PUBLIC) VALUES('SEARCH_ROLES_PATTERN', 'URL_PATTERN', 'Default Content Provider /selfservice/rest/api/entitlements/searchRoles', 'Y');
--			INSERT INTO URI_PATTERN (URI_PATTERN_ID, CONTENT_PROVIDER_ID, PATTERN, IS_PUBLIC, RESOURCE_ID) VALUES('SEARCH_ROLES_PATTERN', 'DEFAULT_CP', '/selfservice/rest/api/entitlements/searchRoles', 'Y', 'SEARCH_ROLES_PATTERN');
--			INSERT INTO URI_AUTH_LEVEL_GRP_XREF (URI_PATTERN_ID, AUTH_LEVEL_GROUPING_ID, EXEC_ORDER) VALUES('SEARCH_ROLES_PATTERN', 'NONE', 0);
			
--			INSERT INTO RES (RESOURCE_ID, RESOURCE_TYPE_ID, NAME, IS_PUBLIC) VALUES('GROUP_METADATA_PATTERN', 'URL_PATTERN', 'Default Content Provider /selfservice/rest/api/metadata/groupMetadata', 'Y');
--			INSERT INTO URI_PATTERN (URI_PATTERN_ID, CONTENT_PROVIDER_ID, PATTERN, IS_PUBLIC, RESOURCE_ID) VALUES('GROUP_METADATA_PATTERN', 'DEFAULT_CP', '/selfservice/rest/api/metadata/groupMetadata', 'Y', 'GROUP_METADATA_PATTERN');
--			INSERT INTO URI_AUTH_LEVEL_GRP_XREF (URI_PATTERN_ID, AUTH_LEVEL_GROUPING_ID, EXEC_ORDER) VALUES('GROUP_METADATA_PATTERN', 'NONE', 0);
			
--			INSERT INTO RES (RESOURCE_ID, RESOURCE_TYPE_ID, NAME, IS_PUBLIC) VALUES('SEARCH_GROUPS_PATTERN', 'URL_PATTERN', 'Default Content Provider /selfservice/rest/api/entitlements/searchGroups', 'Y');
--			INSERT INTO URI_PATTERN (URI_PATTERN_ID, CONTENT_PROVIDER_ID, PATTERN, IS_PUBLIC, RESOURCE_ID) VALUES('SEARCH_GROUPS_PATTERN', 'DEFAULT_CP', '/selfservice/rest/api/entitlements/searchGroups', 'Y', 'SEARCH_GROUPS_PATTERN');
--			INSERT INTO URI_AUTH_LEVEL_GRP_XREF (URI_PATTERN_ID, AUTH_LEVEL_GROUPING_ID, EXEC_ORDER) VALUES('SEARCH_GROUPS_PATTERN', 'NONE', 0);
			
--			INSERT INTO RES (RESOURCE_ID, RESOURCE_TYPE_ID, NAME, IS_PUBLIC) VALUES('ORG_METADATA_PATTERN', 'URL_PATTERN', 'Default Content Provider /selfservice/rest/api/metadata/organizationMetadata', 'Y');
--			INSERT INTO URI_PATTERN (URI_PATTERN_ID, CONTENT_PROVIDER_ID, PATTERN, IS_PUBLIC, RESOURCE_ID) VALUES('ORG_METADATA_PATTERN', 'DEFAULT_CP', '/selfservice/rest/api/metadata/organizationMetadata', 'Y', 'ORG_METADATA_PATTERN');
--			INSERT INTO URI_AUTH_LEVEL_GRP_XREF (URI_PATTERN_ID, AUTH_LEVEL_GROUPING_ID, EXEC_ORDER) VALUES('ORG_METADATA_PATTERN', 'NONE', 0);

--	END;
--GO

UPDATE REPORT_CRITERIA_PARAMETER SET IS_REQUIRED='N' WHERE RCP_ID=1014;

ALTER TABLE USER_IDENTITY_ANS ADD IS_ENCRYPTED VARCHAR(1) NOT NULL DEFAULT 'N';

ALTER TABLE GRP ALTER COLUMN GROUP_DESC VARCHAR(512);
--ALTER TABLE GRP ADD DEFAULT 'NULL' FOR GROUP_DESC;


ALTER TABLE EMAIL_ADDRESS DROP CONSTRAINT EMAIL_ADDRESS_TYPE_FK ;
ALTER TABLE EMAIL_ADDRESS ALTER COLUMN TYPE_ID NVARCHAR(32);
ALTER TABLE EMAIL_ADDRESS ADD DEFAULT 'NULL' FOR TYPE_ID;

ALTER TABLE EMAIL_ADDRESS ADD CONSTRAINT EMAIL_ADDRESS_TYPE_FK FOREIGN KEY (TYPE_ID) REFERENCES METADATA_TYPE (TYPE_ID);


ALTER TABLE ADDRESS DROP CONSTRAINT ADDRESS_TYPE_FK ;
ALTER TABLE ADDRESS ALTER COLUMN TYPE_ID NVARCHAR(32); 
ALTER TABLE ADDRESS ADD DEFAULT 'NULL' FOR TYPE_ID;
ALTER TABLE ADDRESS ADD CONSTRAINT ADDRESS_TYPE_FK FOREIGN KEY (TYPE_ID) REFERENCES METADATA_TYPE (TYPE_ID);


ALTER TABLE PHONE DROP CONSTRAINT PHONE_TYPE_FK ;
ALTER TABLE PHONE ALTER COLUMN TYPE_ID NVARCHAR(32); 
ALTER TABLE PHONE ADD DEFAULT 'NULL' FOR TYPE_ID;
ALTER TABLE PHONE ADD CONSTRAINT PHONE_TYPE_FK FOREIGN KEY (TYPE_ID) REFERENCES METADATA_TYPE (TYPE_ID);

EXEC sp_RENAME 'RESOURCE_PROP._VALUE', 'ATTR_VALUE', 'COLUMN'
ALTER TABLE RESOURCE_PROP ALTER COLUMN ATTR_VALUE VARCHAR(4096);

EXEC sp_RENAME 'GRP_ATTRIBUTES._VALUE', 'ATTR_VALUE', 'COLUMN'
ALTER TABLE GRP_ATTRIBUTES ALTER COLUMN ATTR_VALUE VARCHAR(4096);

EXEC sp_RENAME 'ROLE_ATTRIBUTE._VALUE', 'ATTR_VALUE', 'COLUMN'
ALTER TABLE ROLE_ATTRIBUTE ALTER COLUMN ATTR_VALUE VARCHAR(4096);

EXEC sp_RENAME 'COMPANY_ATTRIBUTE._VALUE', 'ATTR_VALUE', 'COLUMN'
ALTER TABLE COMPANY_ATTRIBUTE ALTER COLUMN ATTR_VALUE VARCHAR(4096);

update PROVISION_CONNECTOR set SERVICE_URL='localhost:9080/openiam-esb/idmsrvc/LDAPConnectorService' where CONNECTOR_ID='51';
update PROVISION_CONNECTOR set SERVICE_URL='localhost:9080/openiam-esb/idmsrvc/GoogleAppsConnectorService' where CONNECTOR_ID='54';
update PROVISION_CONNECTOR set SERVICE_URL='localhost:9080/openiam-esb/idmsrvc/ApplicationTablesConnector' where CONNECTOR_ID='61';
update PROVISION_CONNECTOR set SERVICE_URL='localhost:9080/openiam-esb/idmsrvc/ScriptConnectorService' where CONNECTOR_ID='62';
update PROVISION_CONNECTOR set SERVICE_URL='localhost:9080/openiam-esb/idmsrvc/LinuxConnectorService' where CONNECTOR_ID='63';
update PROVISION_CONNECTOR set SERVICE_URL='localhost:9080/openiam-esb/idmsrvc/MySQLConnector' where CONNECTOR_ID='64';
update PROVISION_CONNECTOR set SERVICE_URL='localhost:9080/openiam-esb/idmsrvc/OracleConnector' where CONNECTOR_ID='65';

update RECONCILIATION_SITUATION set SITUATION='IDM[exists] and Resource[not exists]' where RECON_SITUATION_ID='4028b881373b90e501373b92ec1f0002';
update RECONCILIATION_SITUATION set SITUATION_RESP='NOTHING' where RECON_SITUATION_ID='4028b881373b90e501373b92ec1f0002';
update RECONCILIATION_SITUATION set SCRIPT='recon/LDAPPopulationScript.groovy' where RECON_SITUATION_ID='4028b881373b90e501373b92ec1f0002';

update RECONCILIATION_SITUATION set SITUATION='IDM[exists] and Resource[exists]' where RECON_SITUATION_ID='4028b881373b90e501373b92ec1f0003';
update RECONCILIATION_SITUATION set SITUATION_RESP='UPDATE_IDM_FROM_RES' where RECON_SITUATION_ID='4028b881373b90e501373b92ec1f0003';
update RECONCILIATION_SITUATION set SCRIPT='recon/LDAPPopulationScript.groovy' where RECON_SITUATION_ID='4028b881373b90e501373b92ec1f0003';

update RECONCILIATION_SITUATION set SITUATION='IDM[not exists] and Resource[exists]' where RECON_SITUATION_ID='4028b881373b90e501373b92ec1f0004';
update RECONCILIATION_SITUATION set SITUATION_RESP='ADD_TO_IDM' where RECON_SITUATION_ID='4028b881373b90e501373b92ec1f0004';
update RECONCILIATION_SITUATION set SCRIPT='recon/LDAPPopulationScript.groovy' where RECON_SITUATION_ID='4028b881373b90e501373b92ec1f0004';

update RECONCILIATION_SITUATION set SITUATION='IDM[deleted] and Resource[exists]' where RECON_SITUATION_ID='4028b881373b90e501373b92ec1f0005';
update RECONCILIATION_SITUATION set SITUATION_RESP='CREATE_RES_ACCOUNT' where RECON_SITUATION_ID='4028b881373b90e501373b92ec1f0005';
update RECONCILIATION_SITUATION set SCRIPT='recon/LDAPPopulationScript.groovy' where RECON_SITUATION_ID='4028b881373b90e501373b92ec1f0005';

update PROVISION_CONNECTOR set SERVICE_URL='localhost:9080/openiam-esb/idmsrvc/LDAPConnectorService' where CONNECTOR_ID='51';
update PROVISION_CONNECTOR set SERVICE_URL='localhost:9080/openiam-esb/idmsrvc/GoogleAppsConnectorService' where CONNECTOR_ID='54';
update PROVISION_CONNECTOR set SERVICE_URL='localhost:9080/openiam-esb/idmsrvc/ApplicationTablesConnector' where CONNECTOR_ID='61';
update PROVISION_CONNECTOR set SERVICE_URL='localhost:9080/openiam-esb/idmsrvc/ScriptConnectorService' where CONNECTOR_ID='62';
update PROVISION_CONNECTOR set SERVICE_URL='localhost:9080/openiam-esb/idmsrvc/LinuxConnectorService' where CONNECTOR_ID='63';
update PROVISION_CONNECTOR set SERVICE_URL='localhost:9080/openiam-esb/idmsrvc/MySQLConnector' where CONNECTOR_ID='64';
update PROVISION_CONNECTOR set SERVICE_URL='localhost:9080/openiam-esb/idmsrvc/OracleConnector' where CONNECTOR_ID='65';

update RECONCILIATION_SITUATION set SITUATION='IDM[exists] and Resource[not exists]' where RECON_SITUATION_ID='4028b881373b90e501373b92ec1f0002';
update RECONCILIATION_SITUATION set SITUATION_RESP='NOTHING' where RECON_SITUATION_ID='4028b881373b90e501373b92ec1f0002';
update RECONCILIATION_SITUATION set SCRIPT='recon/LDAPPopulationScript.groovy' where RECON_SITUATION_ID='4028b881373b90e501373b92ec1f0002';

update RECONCILIATION_SITUATION set SITUATION='IDM[exists] and Resource[exists]' where RECON_SITUATION_ID='4028b881373b90e501373b92ec1f0003';
update RECONCILIATION_SITUATION set SITUATION_RESP='UPDATE_IDM_FROM_RES' where RECON_SITUATION_ID='4028b881373b90e501373b92ec1f0003';
update RECONCILIATION_SITUATION set SCRIPT='recon/LDAPPopulationScript.groovy' where RECON_SITUATION_ID='4028b881373b90e501373b92ec1f0003';

update RECONCILIATION_SITUATION set SITUATION='IDM[not exists] and Resource[exists]' where RECON_SITUATION_ID='4028b881373b90e501373b92ec1f0004';
update RECONCILIATION_SITUATION set SITUATION_RESP='ADD_TO_IDM' where RECON_SITUATION_ID='4028b881373b90e501373b92ec1f0004';
update RECONCILIATION_SITUATION set SCRIPT='recon/LDAPPopulationScript.groovy' where RECON_SITUATION_ID='4028b881373b90e501373b92ec1f0004';

update RECONCILIATION_SITUATION set SITUATION='IDM[deleted] and Resource[exists]' where RECON_SITUATION_ID='4028b881373b90e501373b92ec1f0005';
update RECONCILIATION_SITUATION set SITUATION_RESP='CREATE_RES_ACCOUNT' where RECON_SITUATION_ID='4028b881373b90e501373b92ec1f0005';
update RECONCILIATION_SITUATION set SCRIPT='recon/LDAPPopulationScript.groovy' where RECON_SITUATION_ID='4028b881373b90e501373b92ec1f0005';

IF NOT EXISTS (SELECT * FROM information_schema.columns WHERE table_catalog='openiam' AND table_name = 'LOGIN' AND column_name = 'PROV_STATUS') 
BEGIN
	ALTER TABLE LOGIN ADD PROV_STATUS NVARCHAR(20) NULL;
END;


UPDATE LOGIN SET STATUS = NULL WHERE STATUS NOT IN ('ACTIVE', 'INACTIVE');

update LOGIN SET STATUS=null where STATUS not in ('ACTIVE','INACTIVE');

DELETE FROM GRP_ROLE WHERE GRP_ID = 'END_USER_GRP';
DELETE FROM GRP_ROLE WHERE GRP_ID = 'MNGR_GRP';
DELETE FROM GRP_ROLE WHERE GRP_ID = 'SEC_ADMIN_GRP';

DELETE FROM USER_GRP WHERE GRP_ID = 'END_USER_GRP';
DELETE FROM USER_GRP WHERE GRP_ID = 'MNGR_GRP';
DELETE FROM USER_GRP WHERE GRP_ID = 'SEC_ADMIN_GRP';

DELETE FROM GRP_ATTRIBUTES WHERE GRP_ID = 'END_USER_GRP';
DELETE FROM GRP_ATTRIBUTES WHERE GRP_ID = 'MNGR_GRP';
DELETE FROM GRP_ATTRIBUTES WHERE GRP_ID = 'SEC_ADMIN_GRP';

DELETE FROM grp_to_grp_membership WHERE GROUP_ID = 'END_USER_GRP' OR MEMBER_GROUP_ID = 'END_USER_GRP';
DELETE FROM grp_to_grp_membership WHERE GROUP_ID = 'MNGR_GRP' OR MEMBER_GROUP_ID = 'MNGR_GRP';
DELETE FROM grp_to_grp_membership WHERE GROUP_ID = 'SEC_ADMIN_GRP' OR MEMBER_GROUP_ID = 'SEC_ADMIN_GRP';

DELETE FROM GRP WHERE GRP_ID = 'END_USER_GRP';
DELETE FROM GRP WHERE GRP_ID = 'MNGR_GRP';
DELETE FROM GRP WHERE GRP_ID = 'SEC_ADMIN_GRP';

UPDATE RES SET URL='/selfservice/redirectChallengeResponse.html' WHERE RESOURCE_ID='CHNGPSWD';

ALTER TABLE COMPANY ADD TYPE_ID NVARCHAR(32);
ALTER TABLE COMPANY ADD CONSTRAINT COMPANY_TYPE_FK FOREIGN KEY (TYPE_ID) REFERENCES METADATA_TYPE (TYPE_ID);

----------------------------------------------------------------------------

update LANGUAGE SET IS_USED='Y' WHERE ID='4';
delete from LANGUAGE_MAPPING where LANGUAGE_ID='4';

INSERT INTO LANGUAGE_MAPPING (ID,LANGUAGE_ID,REFERENCE_ID,REFERENCE_TYPE,TEXT_VALUE) VALUES ('ESLanguageEntity1','4','1','LanguageEntity.displayNameMap','Ingls');
INSERT INTO LANGUAGE_MAPPING (ID,LANGUAGE_ID,REFERENCE_ID,REFERENCE_TYPE,TEXT_VALUE) VALUES ('ESElementMigrate101','4','101','MetadataElementEntity.languageMap','Nombre de Vista');
INSERT INTO LANGUAGE_MAPPING (ID,LANGUAGE_ID,REFERENCE_ID,REFERENCE_TYPE,TEXT_VALUE) VALUES ('ESElementMigrate104','4','104','MetadataElementEntity.languageMap','Idioma preferido');
INSERT INTO LANGUAGE_MAPPING (ID,LANGUAGE_ID,REFERENCE_ID,REFERENCE_TYPE,TEXT_VALUE) VALUES ('ESElementMigrate105','4','105','MetadataElementEntity.languageMap','VehicleLicense');
INSERT INTO LANGUAGE_MAPPING (ID,LANGUAGE_ID,REFERENCE_ID,REFERENCE_TYPE,TEXT_VALUE) VALUES ('ESElementMigrate106','4','106','MetadataElementEntity.languageMap','Nombre');
INSERT INTO LANGUAGE_MAPPING (ID,LANGUAGE_ID,REFERENCE_ID,REFERENCE_TYPE,TEXT_VALUE) VALUES ('ESElementMigrate107','4','107','MetadataElementEntity.languageMap','LabeledURI');
INSERT INTO LANGUAGE_MAPPING (ID,LANGUAGE_ID,REFERENCE_ID,REFERENCE_TYPE,TEXT_VALUE) VALUES ('ESElementMigrate108','4','108','MetadataElementEntity.languageMap','Iniciales');
INSERT INTO LANGUAGE_MAPPING (ID,LANGUAGE_ID,REFERENCE_ID,REFERENCE_TYPE,TEXT_VALUE) VALUES ('ESElementMigrate110','4','110','MetadataElementEntity.languageMap','BusinessCategory');
INSERT INTO LANGUAGE_MAPPING (ID,LANGUAGE_ID,REFERENCE_ID,REFERENCE_TYPE,TEXT_VALUE) VALUES ('ESElementMigrate131','4','131','MetadataElementEntity.languageMap','Nombre de Vista');
INSERT INTO LANGUAGE_MAPPING (ID,LANGUAGE_ID,REFERENCE_ID,REFERENCE_TYPE,TEXT_VALUE) VALUES ('ESElementMigrate134','4','134','MetadataElementEntity.languageMap','Idioma preferido');
INSERT INTO LANGUAGE_MAPPING (ID,LANGUAGE_ID,REFERENCE_ID,REFERENCE_TYPE,TEXT_VALUE) VALUES ('ESElementMigrate135','4','135','MetadataElementEntity.languageMap','VehicleLicense');
INSERT INTO LANGUAGE_MAPPING (ID,LANGUAGE_ID,REFERENCE_ID,REFERENCE_TYPE,TEXT_VALUE) VALUES ('ESElementMigrate136','4','136','MetadataElementEntity.languageMap','Nombre');
INSERT INTO LANGUAGE_MAPPING (ID,LANGUAGE_ID,REFERENCE_ID,REFERENCE_TYPE,TEXT_VALUE) VALUES ('ESElementMigrate137','4','137','MetadataElementEntity.languageMap','LabeledURI');
INSERT INTO LANGUAGE_MAPPING (ID,LANGUAGE_ID,REFERENCE_ID,REFERENCE_TYPE,TEXT_VALUE) VALUES ('ESElementMigrate138','4','138','MetadataElementEntity.languageMap','Iniciales');
INSERT INTO LANGUAGE_MAPPING (ID,LANGUAGE_ID,REFERENCE_ID,REFERENCE_TYPE,TEXT_VALUE) VALUES ('ESElementMigrate140','4','140','MetadataElementEntity.languageMap','Nombre de Vista');
INSERT INTO LANGUAGE_MAPPING (ID,LANGUAGE_ID,REFERENCE_ID,REFERENCE_TYPE,TEXT_VALUE) VALUES ('ESElementMigrate150','4','150','MetadataElementEntity.languageMap','Nombre de Vista');
INSERT INTO LANGUAGE_MAPPING (ID,LANGUAGE_ID,REFERENCE_ID,REFERENCE_TYPE,TEXT_VALUE) VALUES ('ESElementMigrate160','4','160','MetadataElementEntity.languageMap','Nombre de Vista');
INSERT INTO LANGUAGE_MAPPING (ID,LANGUAGE_ID,REFERENCE_ID,REFERENCE_TYPE,TEXT_VALUE) VALUES ('ES200','4','200','IdentityQuestionEntity.displayNameMap','Cules son los ltimos cuatro dgitos de su nmero de la seguridad social?');
INSERT INTO LANGUAGE_MAPPING (ID,LANGUAGE_ID,REFERENCE_ID,REFERENCE_TYPE,TEXT_VALUE) VALUES ('ES201','4','201','IdentityQuestionEntity.displayNameMap','Cul es su apellido materno?');
INSERT INTO LANGUAGE_MAPPING (ID,LANGUAGE_ID,REFERENCE_ID,REFERENCE_TYPE,TEXT_VALUE) VALUES ('ES202','4','202','IdentityQuestionEntity.displayNameMap','Dnde estuidaste?');
INSERT INTO LANGUAGE_MAPPING (ID,LANGUAGE_ID,REFERENCE_ID,REFERENCE_TYPE,TEXT_VALUE) VALUES ('ES203','4','203','IdentityQuestionEntity.displayNameMap','Cul es el nombre de tu mascota?');
INSERT INTO LANGUAGE_MAPPING (ID,LANGUAGE_ID,REFERENCE_ID,REFERENCE_TYPE,TEXT_VALUE) VALUES ('ES204','4','204','IdentityQuestionEntity.displayNameMap','Cul es tu comida favorita?');
INSERT INTO LANGUAGE_MAPPING (ID,LANGUAGE_ID,REFERENCE_ID,REFERENCE_TYPE,TEXT_VALUE) VALUES ('ES205','4','205','IdentityQuestionEntity.displayNameMap','Cul es tu color favorito?');
INSERT INTO LANGUAGE_MAPPING (ID,LANGUAGE_ID,REFERENCE_ID,REFERENCE_TYPE,TEXT_VALUE) VALUES ('ES206','4','206','IdentityQuestionEntity.displayNameMap','En qu ciudad naciste?');
INSERT INTO LANGUAGE_MAPPING (ID,LANGUAGE_ID,REFERENCE_ID,REFERENCE_TYPE,TEXT_VALUE) VALUES ('ES207','4','207','IdentityQuestionEntity.displayNameMap','Cual es tu deporte favorito?');
INSERT INTO LANGUAGE_MAPPING (ID,LANGUAGE_ID,REFERENCE_ID,REFERENCE_TYPE,TEXT_VALUE) VALUES ('ES209','4','209','IdentityQuestionEntity.displayNameMap','Cules son los ltimos digitos de tu licencia de conducir?');
INSERT INTO LANGUAGE_MAPPING (ID,LANGUAGE_ID,REFERENCE_ID,REFERENCE_TYPE,TEXT_VALUE) VALUES ('ES210','4','210','IdentityQuestionEntity.displayNameMap','Cul es el nombre de tu escuela favorita?');
INSERT INTO LANGUAGE_MAPPING (ID,LANGUAGE_ID,REFERENCE_ID,REFERENCE_TYPE,TEXT_VALUE) VALUES ('ES211','4','211','IdentityQuestionEntity.displayNameMap','Cul es el nombre de tu primera mascota?');
INSERT INTO LANGUAGE_MAPPING (ID,LANGUAGE_ID,REFERENCE_ID,REFERENCE_TYPE,TEXT_VALUE) VALUES ('ES212','4','212','IdentityQuestionEntity.displayNameMap','Cul es el nombre de tu pelcula, juego o cancin favorita?');
INSERT INTO LANGUAGE_MAPPING (ID,LANGUAGE_ID,REFERENCE_ID,REFERENCE_TYPE,TEXT_VALUE) VALUES ('ES213','4','213','IdentityQuestionEntity.displayNameMap','Cul es el ttulo de tu libro preferido?');
INSERT INTO LANGUAGE_MAPPING (ID,LANGUAGE_ID,REFERENCE_ID,REFERENCE_TYPE,TEXT_VALUE) VALUES ('ES214','4','214','IdentityQuestionEntity.displayNameMap','Cul es el nombre de tu primer novio/a?');
INSERT INTO LANGUAGE_MAPPING (ID,LANGUAGE_ID,REFERENCE_ID,REFERENCE_TYPE,TEXT_VALUE) VALUES ('ES215','4','215','IdentityQuestionEntity.displayNameMap','Cul es el nombre de tu profesor preferido?');
INSERT INTO LANGUAGE_MAPPING (ID,LANGUAGE_ID,REFERENCE_ID,REFERENCE_TYPE,TEXT_VALUE) VALUES ('ES216','4','216','IdentityQuestionEntity.displayNameMap','Cul es el ao y apodo de tu primer coche(Ao-Nombre)?');
INSERT INTO LANGUAGE_MAPPING (ID,LANGUAGE_ID,REFERENCE_ID,REFERENCE_TYPE,TEXT_VALUE) VALUES ('ES217','4','217','IdentityQuestionEntity.displayNameMap','Dnde conociste a tu pareja?');
INSERT INTO LANGUAGE_MAPPING (ID,LANGUAGE_ID,REFERENCE_ID,REFERENCE_TYPE,TEXT_VALUE) VALUES ('ES218','4','218','IdentityQuestionEntity.displayNameMap','Cul es el tipo y nombre de su primera mascota(Tipo-Nombre)?');
INSERT INTO LANGUAGE_MAPPING (ID,LANGUAGE_ID,REFERENCE_ID,REFERENCE_TYPE,TEXT_VALUE) VALUES ('ESElementMigrate260','4','260','MetadataElementEntity.languageMap','BusinessCategory');
INSERT INTO LANGUAGE_MAPPING (ID,LANGUAGE_ID,REFERENCE_ID,REFERENCE_TYPE,TEXT_VALUE) VALUES ('ESElementMigrate261','4','261','MetadataElementEntity.languageMap','StartDate');
INSERT INTO LANGUAGE_MAPPING (ID,LANGUAGE_ID,REFERENCE_ID,REFERENCE_TYPE,TEXT_VALUE) VALUES ('ESElementMigrate262','4','262','MetadataElementEntity.languageMap','EndDate');
INSERT INTO LANGUAGE_MAPPING (ID,LANGUAGE_ID,REFERENCE_ID,REFERENCE_TYPE,TEXT_VALUE) VALUES ('ESElementMigrate300','4','300','MetadataElementEntity.languageMap','name');
INSERT INTO LANGUAGE_MAPPING (ID,LANGUAGE_ID,REFERENCE_ID,REFERENCE_TYPE,TEXT_VALUE) VALUES ('ESElementMigrate301','4','301','MetadataElementEntity.languageMap','distinguishedName');
INSERT INTO LANGUAGE_MAPPING (ID,LANGUAGE_ID,REFERENCE_ID,REFERENCE_TYPE,TEXT_VALUE) VALUES ('ESElementMigrate302','4','302','MetadataElementEntity.languageMap','objectclass');
INSERT INTO LANGUAGE_MAPPING (ID,LANGUAGE_ID,REFERENCE_ID,REFERENCE_TYPE,TEXT_VALUE) VALUES ('ESElementMigrate303','4','303','MetadataElementEntity.languageMap','aliasedObjectName');
INSERT INTO LANGUAGE_MAPPING (ID,LANGUAGE_ID,REFERENCE_ID,REFERENCE_TYPE,TEXT_VALUE) VALUES ('ESElementMigrate304','4','304','MetadataElementEntity.languageMap','cn');
INSERT INTO LANGUAGE_MAPPING (ID,LANGUAGE_ID,REFERENCE_ID,REFERENCE_TYPE,TEXT_VALUE) VALUES ('ESElementMigrate305','4','305','MetadataElementEntity.languageMap','sn');
INSERT INTO LANGUAGE_MAPPING (ID,LANGUAGE_ID,REFERENCE_ID,REFERENCE_TYPE,TEXT_VALUE) VALUES ('ESElementMigrate306','4','306','MetadataElementEntity.languageMap','serialNumber');
INSERT INTO LANGUAGE_MAPPING (ID,LANGUAGE_ID,REFERENCE_ID,REFERENCE_TYPE,TEXT_VALUE) VALUES ('ESElementMigrate307','4','307','MetadataElementEntity.languageMap','c');
INSERT INTO LANGUAGE_MAPPING (ID,LANGUAGE_ID,REFERENCE_ID,REFERENCE_TYPE,TEXT_VALUE) VALUES ('ESElementMigrate308','4','308','MetadataElementEntity.languageMap','l');
INSERT INTO LANGUAGE_MAPPING (ID,LANGUAGE_ID,REFERENCE_ID,REFERENCE_TYPE,TEXT_VALUE) VALUES ('ESElementMigrate309','4','309','MetadataElementEntity.languageMap','st');
INSERT INTO LANGUAGE_MAPPING (ID,LANGUAGE_ID,REFERENCE_ID,REFERENCE_TYPE,TEXT_VALUE) VALUES ('ESElementMigrate310','4','310','MetadataElementEntity.languageMap','street');
INSERT INTO LANGUAGE_MAPPING (ID,LANGUAGE_ID,REFERENCE_ID,REFERENCE_TYPE,TEXT_VALUE) VALUES ('ESElementMigrate311','4','311','MetadataElementEntity.languageMap','o');
INSERT INTO LANGUAGE_MAPPING (ID,LANGUAGE_ID,REFERENCE_ID,REFERENCE_TYPE,TEXT_VALUE) VALUES ('ESElementMigrate312','4','312','MetadataElementEntity.languageMap','ou');
INSERT INTO LANGUAGE_MAPPING (ID,LANGUAGE_ID,REFERENCE_ID,REFERENCE_TYPE,TEXT_VALUE) VALUES ('ESElementMigrate313','4','313','MetadataElementEntity.languageMap','title');
INSERT INTO LANGUAGE_MAPPING (ID,LANGUAGE_ID,REFERENCE_ID,REFERENCE_TYPE,TEXT_VALUE) VALUES ('ESElementMigrate314','4','314','MetadataElementEntity.languageMap','description');
INSERT INTO LANGUAGE_MAPPING (ID,LANGUAGE_ID,REFERENCE_ID,REFERENCE_TYPE,TEXT_VALUE) VALUES ('ESElementMigrate315','4','315','MetadataElementEntity.languageMap','BusinessCategory');
INSERT INTO LANGUAGE_MAPPING (ID,LANGUAGE_ID,REFERENCE_ID,REFERENCE_TYPE,TEXT_VALUE) VALUES ('ESElementMigrate316','4','316','MetadataElementEntity.languageMap','postalAddress');
INSERT INTO LANGUAGE_MAPPING (ID,LANGUAGE_ID,REFERENCE_ID,REFERENCE_TYPE,TEXT_VALUE) VALUES ('ESElementMigrate317','4','317','MetadataElementEntity.languageMap','postalCode');
INSERT INTO LANGUAGE_MAPPING (ID,LANGUAGE_ID,REFERENCE_ID,REFERENCE_TYPE,TEXT_VALUE) VALUES ('ESElementMigrate318','4','318','MetadataElementEntity.languageMap','postOficinaBox');
INSERT INTO LANGUAGE_MAPPING (ID,LANGUAGE_ID,REFERENCE_ID,REFERENCE_TYPE,TEXT_VALUE) VALUES ('ESElementMigrate319','4','319','MetadataElementEntity.languageMap','physicalDeliveryOficinaName');
INSERT INTO LANGUAGE_MAPPING (ID,LANGUAGE_ID,REFERENCE_ID,REFERENCE_TYPE,TEXT_VALUE) VALUES ('ESElementMigrate320','4','320','MetadataElementEntity.languageMap','telephoneNumber');
INSERT INTO LANGUAGE_MAPPING (ID,LANGUAGE_ID,REFERENCE_ID,REFERENCE_TYPE,TEXT_VALUE) VALUES ('ESElementMigrate321','4','321','MetadataElementEntity.languageMap','telexNumber');
INSERT INTO LANGUAGE_MAPPING (ID,LANGUAGE_ID,REFERENCE_ID,REFERENCE_TYPE,TEXT_VALUE) VALUES ('ESElementMigrate322','4','322','MetadataElementEntity.languageMap','teletexTerminalIdentifier');
INSERT INTO LANGUAGE_MAPPING (ID,LANGUAGE_ID,REFERENCE_ID,REFERENCE_TYPE,TEXT_VALUE) VALUES ('ESElementMigrate323','4','323','MetadataElementEntity.languageMap','facsimileTelephoneNumber');
INSERT INTO LANGUAGE_MAPPING (ID,LANGUAGE_ID,REFERENCE_ID,REFERENCE_TYPE,TEXT_VALUE) VALUES ('ESElementMigrate324','4','324','MetadataElementEntity.languageMap','x121Address');
INSERT INTO LANGUAGE_MAPPING (ID,LANGUAGE_ID,REFERENCE_ID,REFERENCE_TYPE,TEXT_VALUE) VALUES ('ESElementMigrate325','4','325','MetadataElementEntity.languageMap','internationaliSDNNumber');
INSERT INTO LANGUAGE_MAPPING (ID,LANGUAGE_ID,REFERENCE_ID,REFERENCE_TYPE,TEXT_VALUE) VALUES ('ESElementMigrate326','4','326','MetadataElementEntity.languageMap','registeredAddress');
INSERT INTO LANGUAGE_MAPPING (ID,LANGUAGE_ID,REFERENCE_ID,REFERENCE_TYPE,TEXT_VALUE) VALUES ('ESElementMigrate327','4','327','MetadataElementEntity.languageMap','destinationIndicator');
INSERT INTO LANGUAGE_MAPPING (ID,LANGUAGE_ID,REFERENCE_ID,REFERENCE_TYPE,TEXT_VALUE) VALUES ('ESElementMigrate328','4','328','MetadataElementEntity.languageMap','preferredDeliveryMethod');
INSERT INTO LANGUAGE_MAPPING (ID,LANGUAGE_ID,REFERENCE_ID,REFERENCE_TYPE,TEXT_VALUE) VALUES ('ESElementMigrate329','4','329','MetadataElementEntity.languageMap','presentationAddress');
INSERT INTO LANGUAGE_MAPPING (ID,LANGUAGE_ID,REFERENCE_ID,REFERENCE_TYPE,TEXT_VALUE) VALUES ('ESElementMigrate330','4','330','MetadataElementEntity.languageMap','supportedApplicationContext');
INSERT INTO LANGUAGE_MAPPING (ID,LANGUAGE_ID,REFERENCE_ID,REFERENCE_TYPE,TEXT_VALUE) VALUES ('ESElementMigrate331','4','331','MetadataElementEntity.languageMap','member');
INSERT INTO LANGUAGE_MAPPING (ID,LANGUAGE_ID,REFERENCE_ID,REFERENCE_TYPE,TEXT_VALUE) VALUES ('ESElementMigrate332','4','332','MetadataElementEntity.languageMap','owner');
INSERT INTO LANGUAGE_MAPPING (ID,LANGUAGE_ID,REFERENCE_ID,REFERENCE_TYPE,TEXT_VALUE) VALUES ('ESElementMigrate333','4','333','MetadataElementEntity.languageMap','roleOccupant');
INSERT INTO LANGUAGE_MAPPING (ID,LANGUAGE_ID,REFERENCE_ID,REFERENCE_TYPE,TEXT_VALUE) VALUES ('ESElementMigrate334','4','334','MetadataElementEntity.languageMap','seeAlso');
INSERT INTO LANGUAGE_MAPPING (ID,LANGUAGE_ID,REFERENCE_ID,REFERENCE_TYPE,TEXT_VALUE) VALUES ('ESElementMigrate335','4','335','MetadataElementEntity.languageMap','userPassword');
INSERT INTO LANGUAGE_MAPPING (ID,LANGUAGE_ID,REFERENCE_ID,REFERENCE_TYPE,TEXT_VALUE) VALUES ('ESElementMigrate336','4','336','MetadataElementEntity.languageMap','userCertificate');
INSERT INTO LANGUAGE_MAPPING (ID,LANGUAGE_ID,REFERENCE_ID,REFERENCE_TYPE,TEXT_VALUE) VALUES ('ESElementMigrate337','4','337','MetadataElementEntity.languageMap','cACertificate');
INSERT INTO LANGUAGE_MAPPING (ID,LANGUAGE_ID,REFERENCE_ID,REFERENCE_TYPE,TEXT_VALUE) VALUES ('ESElementMigrate338','4','338','MetadataElementEntity.languageMap','authorityRevocationList');
INSERT INTO LANGUAGE_MAPPING (ID,LANGUAGE_ID,REFERENCE_ID,REFERENCE_TYPE,TEXT_VALUE) VALUES ('ESElementMigrate339','4','339','MetadataElementEntity.languageMap','certificateRevocationList');
INSERT INTO LANGUAGE_MAPPING (ID,LANGUAGE_ID,REFERENCE_ID,REFERENCE_TYPE,TEXT_VALUE) VALUES ('ESElementMigrate340','4','340','MetadataElementEntity.languageMap','crossCertificatePair');
INSERT INTO LANGUAGE_MAPPING (ID,LANGUAGE_ID,REFERENCE_ID,REFERENCE_TYPE,TEXT_VALUE) VALUES ('ESElementMigrate341','4','341','MetadataElementEntity.languageMap','givenName');
INSERT INTO LANGUAGE_MAPPING (ID,LANGUAGE_ID,REFERENCE_ID,REFERENCE_TYPE,TEXT_VALUE) VALUES ('ESElementMigrate342','4','342','MetadataElementEntity.languageMap','Iniciales');
INSERT INTO LANGUAGE_MAPPING (ID,LANGUAGE_ID,REFERENCE_ID,REFERENCE_TYPE,TEXT_VALUE) VALUES ('ESElementMigrate343','4','343','MetadataElementEntity.languageMap','generationQualifier');
INSERT INTO LANGUAGE_MAPPING (ID,LANGUAGE_ID,REFERENCE_ID,REFERENCE_TYPE,TEXT_VALUE) VALUES ('ESElementMigrate344','4','344','MetadataElementEntity.languageMap','x500UniqueIdentifier');
INSERT INTO LANGUAGE_MAPPING (ID,LANGUAGE_ID,REFERENCE_ID,REFERENCE_TYPE,TEXT_VALUE) VALUES ('ESElementMigrate346','4','346','MetadataElementEntity.languageMap','uniqueMember');
INSERT INTO LANGUAGE_MAPPING (ID,LANGUAGE_ID,REFERENCE_ID,REFERENCE_TYPE,TEXT_VALUE) VALUES ('ESElementMigrate347','4','347','MetadataElementEntity.languageMap','houseIdentifier');
INSERT INTO LANGUAGE_MAPPING (ID,LANGUAGE_ID,REFERENCE_ID,REFERENCE_TYPE,TEXT_VALUE) VALUES ('ESElementMigrate348','4','348','MetadataElementEntity.languageMap','uid');
INSERT INTO LANGUAGE_MAPPING (ID,LANGUAGE_ID,REFERENCE_ID,REFERENCE_TYPE,TEXT_VALUE) VALUES ('ESElementMigrate349','4','349','MetadataElementEntity.languageMap','mail');
INSERT INTO LANGUAGE_MAPPING (ID,LANGUAGE_ID,REFERENCE_ID,REFERENCE_TYPE,TEXT_VALUE) VALUES ('ESElementMigrate350','4','350','MetadataElementEntity.languageMap','ref');
INSERT INTO LANGUAGE_MAPPING (ID,LANGUAGE_ID,REFERENCE_ID,REFERENCE_TYPE,TEXT_VALUE) VALUES ('ESElementMigrate351','4','351','MetadataElementEntity.languageMap','referral');
INSERT INTO LANGUAGE_MAPPING (ID,LANGUAGE_ID,REFERENCE_ID,REFERENCE_TYPE,TEXT_VALUE) VALUES ('ESElementMigrate352','4','352','MetadataElementEntity.languageMap','krbName');
INSERT INTO LANGUAGE_MAPPING (ID,LANGUAGE_ID,REFERENCE_ID,REFERENCE_TYPE,TEXT_VALUE) VALUES ('ESLanguageEntity4','4','4','LanguageEntity.displayNameMap','Espaol');
INSERT INTO LANGUAGE_MAPPING (ID,LANGUAGE_ID,REFERENCE_ID,REFERENCE_TYPE,TEXT_VALUE) VALUES ('ESElementMigrate401','4','401','MetadataElementEntity.languageMap','SUBMIT_USER_TO_CONNECTOR');
INSERT INTO LANGUAGE_MAPPING (ID,LANGUAGE_ID,REFERENCE_ID,REFERENCE_TYPE,TEXT_VALUE) VALUES ('ESElementMigrate402','4','402','MetadataElementEntity.languageMap','INCLUDE_IN_PASSWORD_SYNC');
INSERT INTO LANGUAGE_MAPPING (ID,LANGUAGE_ID,REFERENCE_ID,REFERENCE_TYPE,TEXT_VALUE) VALUES ('ESElementMigrate405','4','405','MetadataElementEntity.languageMap','INCLUDE_IN_SYNC');
INSERT INTO LANGUAGE_MAPPING (ID,LANGUAGE_ID,REFERENCE_ID,REFERENCE_TYPE,TEXT_VALUE) VALUES ('ESElementMigrate406','4','406','MetadataElementEntity.languageMap','TABLE_NAME');
INSERT INTO LANGUAGE_MAPPING (ID,LANGUAGE_ID,REFERENCE_ID,REFERENCE_TYPE,TEXT_VALUE) VALUES ('ESElementMigrate407','4','407','MetadataElementEntity.languageMap','GROUP_MEMBERSHIP_ENABLED');
INSERT INTO LANGUAGE_MAPPING (ID,LANGUAGE_ID,REFERENCE_ID,REFERENCE_TYPE,TEXT_VALUE) VALUES ('ESElementMigrate408','4','408','MetadataElementEntity.languageMap','ON_DELETE');
INSERT INTO LANGUAGE_MAPPING (ID,LANGUAGE_ID,REFERENCE_ID,REFERENCE_TYPE,TEXT_VALUE) VALUES ('ESElementMigrate409','4','409','MetadataElementEntity.languageMap','PRE_PROCESS');
INSERT INTO LANGUAGE_MAPPING (ID,LANGUAGE_ID,REFERENCE_ID,REFERENCE_TYPE,TEXT_VALUE) VALUES ('ESElementMigrate410','4','410','MetadataElementEntity.languageMap','POST_PROCESS');
INSERT INTO LANGUAGE_MAPPING (ID,LANGUAGE_ID,REFERENCE_ID,REFERENCE_TYPE,TEXT_VALUE) VALUES ('ESElementMigrate411','4','411','MetadataElementEntity.languageMap','HOST_URL');
INSERT INTO LANGUAGE_MAPPING (ID,LANGUAGE_ID,REFERENCE_ID,REFERENCE_TYPE,TEXT_VALUE) VALUES ('ESElementMigrate412','4','412','MetadataElementEntity.languageMap','BASE_DN');
INSERT INTO LANGUAGE_MAPPING (ID,LANGUAGE_ID,REFERENCE_ID,REFERENCE_TYPE,TEXT_VALUE) VALUES ('ESElementMigrate413','4','413','MetadataElementEntity.languageMap','HOST_LOGIN ID');
INSERT INTO LANGUAGE_MAPPING (ID,LANGUAGE_ID,REFERENCE_ID,REFERENCE_TYPE,TEXT_VALUE) VALUES ('ESElementMigrate415','4','415','MetadataElementEntity.languageMap','COMMUNICATION_PROTOCOL');
INSERT INTO LANGUAGE_MAPPING (ID,LANGUAGE_ID,REFERENCE_ID,REFERENCE_TYPE,TEXT_VALUE) VALUES ('ESElementMigrate416','4','416','MetadataElementEntity.languageMap','OBJECT_CLASS');
INSERT INTO LANGUAGE_MAPPING (ID,LANGUAGE_ID,REFERENCE_ID,REFERENCE_TYPE,TEXT_VALUE) VALUES ('ESElementMigrate418','4','418','MetadataElementEntity.languageMap','SEARCH_ATTRIBUTE');
INSERT INTO LANGUAGE_MAPPING (ID,LANGUAGE_ID,REFERENCE_ID,REFERENCE_TYPE,TEXT_VALUE) VALUES ('ESElementMigrate419','4','419','MetadataElementEntity.languageMap','MANAGED_SYS_ID');
INSERT INTO LANGUAGE_MAPPING (ID,LANGUAGE_ID,REFERENCE_ID,REFERENCE_TYPE,TEXT_VALUE) VALUES ('ESElementMigrate420','4','420','MetadataElementEntity.languageMap','DN_ATTRIBUTE');
INSERT INTO LANGUAGE_MAPPING (ID,LANGUAGE_ID,REFERENCE_ID,REFERENCE_TYPE,TEXT_VALUE) VALUES ('ESElementMigrate421','4','421','MetadataElementEntity.languageMap','PASSWORD');
INSERT INTO LANGUAGE_MAPPING (ID,LANGUAGE_ID,REFERENCE_ID,REFERENCE_TYPE,TEXT_VALUE) VALUES ('ESElementMigrate430','4','430','MetadataElementEntity.languageMap','END_POINT');
INSERT INTO LANGUAGE_MAPPING (ID,LANGUAGE_ID,REFERENCE_ID,REFERENCE_TYPE,TEXT_VALUE) VALUES ('ESElementMigrate440','4','440','MetadataElementEntity.languageMap','OPERATION_NAME');
INSERT INTO LANGUAGE_MAPPING (ID,LANGUAGE_ID,REFERENCE_ID,REFERENCE_TYPE,TEXT_VALUE) VALUES ('ESElementMigrate450','4','450','MetadataElementEntity.languageMap','URL');
INSERT INTO LANGUAGE_MAPPING (ID,LANGUAGE_ID,REFERENCE_ID,REFERENCE_TYPE,TEXT_VALUE) VALUES ('ESLanguageEntity7','4','8','LanguageEntity.displayNameMap','Ruso');
INSERT INTO LANGUAGE_MAPPING (ID,LANGUAGE_ID,REFERENCE_ID,REFERENCE_TYPE,TEXT_VALUE) VALUES ('ESABOUT_DESC','4','ABOUT','ResourceEntity.displayNameMap','Acerca de OpenIAM');
INSERT INTO LANGUAGE_MAPPING (ID,LANGUAGE_ID,REFERENCE_ID,REFERENCE_TYPE,TEXT_VALUE) VALUES ('ESABOUT_ROOT_MENU_DESC','4','ABOUT_ROOT_MENU','ResourceEntity.displayNameMap','Acerca de OpenIAM');
INSERT INTO LANGUAGE_MAPPING (ID,LANGUAGE_ID,REFERENCE_ID,REFERENCE_TYPE,TEXT_VALUE) VALUES ('ESACCESSCENTER_MENU_DISPLAY','4','ACCESSCENTER','ResourceEntity.displayNameMap','Gestin de Acceso');
INSERT INTO LANGUAGE_MAPPING (ID,LANGUAGE_ID,REFERENCE_ID,REFERENCE_TYPE,TEXT_VALUE) VALUES ('ESMetadataTypeEntity1','4','ACCNT','MetadataTypeEntity.displayNameMap','Cuenta');
INSERT INTO LANGUAGE_MAPPING (ID,LANGUAGE_ID,REFERENCE_ID,REFERENCE_TYPE,TEXT_VALUE) VALUES ('ESACC_CONTROL_MENU_DISPLAY','4','ACC_CONTROL','ResourceEntity.displayNameMap','Control de Acceso');
INSERT INTO LANGUAGE_MAPPING (ID,LANGUAGE_ID,REFERENCE_ID,REFERENCE_TYPE,TEXT_VALUE) VALUES ('ESMetadataTypeEntity2','4','ACTIVE','MetadataTypeEntity.displayNameMap','ACTIVO');
INSERT INTO LANGUAGE_MAPPING (ID,LANGUAGE_ID,REFERENCE_ID,REFERENCE_TYPE,TEXT_VALUE) VALUES ('ESMetadataTypeEntity3','4','ADGroup','MetadataTypeEntity.displayNameMap','Tipo de uario AD');
INSERT INTO LANGUAGE_MAPPING (ID,LANGUAGE_ID,REFERENCE_ID,REFERENCE_TYPE,TEXT_VALUE) VALUES ('ESMetadataTypeEntity4','4','ADMGP','MetadataTypeEntity.displayNameMap','Grupo Admin');
INSERT INTO LANGUAGE_MAPPING (ID,LANGUAGE_ID,REFERENCE_ID,REFERENCE_TYPE,TEXT_VALUE) VALUES ('ESMetadataTypeEntity5','4','ADMIN','MetadataTypeEntity.displayNameMap','Administrador');
INSERT INTO LANGUAGE_MAPPING (ID,LANGUAGE_ID,REFERENCE_ID,REFERENCE_TYPE,TEXT_VALUE) VALUES ('ESADMIN_MENU_DISPLAY','4','ADMIN','ResourceEntity.displayNameMap','Administracin');
INSERT INTO LANGUAGE_MAPPING (ID,LANGUAGE_ID,REFERENCE_ID,REFERENCE_TYPE,TEXT_VALUE) VALUES ('ESADMIN_BATCH_TASKS_DESC','4','ADMIN_BATCH_TASKS','ResourceEntity.displayNameMap','Tareas Programadas');
INSERT INTO LANGUAGE_MAPPING (ID,LANGUAGE_ID,REFERENCE_ID,REFERENCE_TYPE,TEXT_VALUE) VALUES ('ESMetadataTypeEntity6','4','ADMIN_RESOURCE','MetadataTypeEntity.displayNameMap','Recurso Admin');
INSERT INTO LANGUAGE_MAPPING (ID,LANGUAGE_ID,REFERENCE_ID,REFERENCE_TYPE,TEXT_VALUE) VALUES ('ESADMIN_RESOURCE','4','ADMIN_RESOURCE','ResourceTypeEntity.displayNameMap','Recurso Admin');
INSERT INTO LANGUAGE_MAPPING (ID,LANGUAGE_ID,REFERENCE_ID,REFERENCE_TYPE,TEXT_VALUE) VALUES ('ESMetadataTypeEntity7','4','ADUser','MetadataTypeEntity.displayNameMap','Tipo de usuario AD');
INSERT INTO LANGUAGE_MAPPING (ID,LANGUAGE_ID,REFERENCE_ID,REFERENCE_TYPE,TEXT_VALUE) VALUES ('ESMetadataTypeEntity8','4','AD_Connector','MetadataTypeEntity.displayNameMap','Conector Active Directorio');
INSERT INTO LANGUAGE_MAPPING (ID,LANGUAGE_ID,REFERENCE_ID,REFERENCE_TYPE,TEXT_VALUE) VALUES ('ESMetadataTypeEntity9','4','AD_GROUP_TYPE','MetadataTypeEntity.displayNameMap','TIPO DE GRUPO AD');
INSERT INTO LANGUAGE_MAPPING (ID,LANGUAGE_ID,REFERENCE_ID,REFERENCE_TYPE,TEXT_VALUE) VALUES ('ESMetadataTypeEntity10','4','AFFILIATE','MetadataTypeEntity.displayNameMap','AFILIADO');
INSERT INTO LANGUAGE_MAPPING (ID,LANGUAGE_ID,REFERENCE_ID,REFERENCE_TYPE,TEXT_VALUE) VALUES ('ESAM_PROV_AM_ATTR_DESC','4','AM_PROV_AM_ATTR','ResourceEntity.displayNameMap','Solicitud de Atributos');
INSERT INTO LANGUAGE_MAPPING (ID,LANGUAGE_ID,REFERENCE_ID,REFERENCE_TYPE,TEXT_VALUE) VALUES ('ESAM_PROV_EDIT_DESC','4','AM_PROV_EDIT','ResourceEntity.displayNameMap','Proveedor de autenticacin de edicin de Menu');
INSERT INTO LANGUAGE_MAPPING (ID,LANGUAGE_ID,REFERENCE_ID,REFERENCE_TYPE,TEXT_VALUE) VALUES ('ESAM_PROV_EDIT_CURRENT_DESC','4','AM_PROV_EDIT_CURRENT','ResourceEntity.displayNameMap','Editar Proveedor');
INSERT INTO LANGUAGE_MAPPING (ID,LANGUAGE_ID,REFERENCE_ID,REFERENCE_TYPE,TEXT_VALUE) VALUES ('ESAM_PROV_EDIT_SEARCH_DESC','4','AM_PROV_EDIT_SEARCH','ResourceEntity.displayNameMap','Volver a buscar');
INSERT INTO LANGUAGE_MAPPING (ID,LANGUAGE_ID,REFERENCE_ID,REFERENCE_TYPE,TEXT_VALUE) VALUES ('ESAM_PROV_NEW_DSC','4','AM_PROV_NEW','ResourceEntity.displayNameMap','Crear Nuevo Proveedor');
INSERT INTO LANGUAGE_MAPPING (ID,LANGUAGE_ID,REFERENCE_ID,REFERENCE_TYPE,TEXT_VALUE) VALUES ('ESAM_PROV_NEW_EDIT_PUB_DESC','4','AM_PROV_NEW_EDIT','ResourceEntity.displayNameMap','Crear Nuevo Proveedor');
INSERT INTO LANGUAGE_MAPPING (ID,LANGUAGE_ID,REFERENCE_ID,REFERENCE_TYPE,TEXT_VALUE) VALUES ('ESAM_PROV_ROOT_DESC','4','AM_PROV_ROOT','ResourceEntity.displayNameMap','Proveedor autenticacin Men raz');
INSERT INTO LANGUAGE_MAPPING (ID,LANGUAGE_ID,REFERENCE_ID,REFERENCE_TYPE,TEXT_VALUE) VALUES ('ESAM_PROV_SEARCH_DESC','4','AM_PROV_SEARCH','ResourceEntity.displayNameMap','Buscar Proveedores');
INSERT INTO LANGUAGE_MAPPING (ID,LANGUAGE_ID,REFERENCE_ID,REFERENCE_TYPE,TEXT_VALUE) VALUES ('ESAM_PROV_SEARCH_CHILD_PUB_DESC','4','AM_PROV_SEARCH_CHILD','ResourceEntity.displayNameMap','Proveedor autenticacin');
INSERT INTO LANGUAGE_MAPPING (ID,LANGUAGE_ID,REFERENCE_ID,REFERENCE_TYPE,TEXT_VALUE) VALUES ('ESMetadataTypeEntity11','4','APPROVAL_DECLINED','MetadataTypeEntity.displayNameMap','APPROVAL_DECLINED');
INSERT INTO LANGUAGE_MAPPING (ID,LANGUAGE_ID,REFERENCE_ID,REFERENCE_TYPE,TEXT_VALUE) VALUES ('ESASSOC_POLICY_DESC','4','ASSOC_POLICY','ResourceEntity.displayNameMap','Poltica Asociada');
INSERT INTO LANGUAGE_MAPPING (ID,LANGUAGE_ID,REFERENCE_ID,REFERENCE_TYPE,TEXT_VALUE) VALUES ('ESMetadataTypeEntity12','4','ATTR','MetadataTypeEntity.displayNameMap','Atributo');
INSERT INTO LANGUAGE_MAPPING (ID,LANGUAGE_ID,REFERENCE_ID,REFERENCE_TYPE,TEXT_VALUE) VALUES ('ESATTRIBUTE_POLICY_DESC','4','ATTRIBUTE_POLICY','ResourceEntity.displayNameMap','Poltica de Atributo');
INSERT INTO LANGUAGE_MAPPING (ID,LANGUAGE_ID,REFERENCE_ID,REFERENCE_TYPE,TEXT_VALUE) VALUES ('ESAUDITREPORT_MENU_DISPLAY','4','AUDITREPORT','ResourceEntity.displayNameMap','Informes de Auditora');
INSERT INTO LANGUAGE_MAPPING (ID,LANGUAGE_ID,REFERENCE_ID,REFERENCE_TYPE,TEXT_VALUE) VALUES ('ESAUDIT_RPT_MENU_DISPLAY','4','AUDIT_RPT','ResourceEntity.displayNameMap','Informe de Auditora');
INSERT INTO LANGUAGE_MAPPING (ID,LANGUAGE_ID,REFERENCE_ID,REFERENCE_TYPE,TEXT_VALUE) VALUES ('ESAUTH_POLICY_MENU_DESC','4','AUTHENTICATION_POLICY','ResourceEntity.displayNameMap','Poltica de Autenticacin');
INSERT INTO LANGUAGE_MAPPING (ID,LANGUAGE_ID,REFERENCE_ID,REFERENCE_TYPE,TEXT_VALUE) VALUES ('ESAUTH_POLICY_ROOT_MENU_DESC','4','AUTHENTICATION_POLICY_ROOT_MENU','ResourceEntity.displayNameMap','Poltica autenticacin Men raz');
INSERT INTO LANGUAGE_MAPPING (ID,LANGUAGE_ID,REFERENCE_ID,REFERENCE_TYPE,TEXT_VALUE) VALUES ('ESMetadataTypeEntity13','4','AUTHENTICATION_PROVIDER','MetadataTypeEntity.displayNameMap','Proveedor autenticacin');
INSERT INTO LANGUAGE_MAPPING (ID,LANGUAGE_ID,REFERENCE_ID,REFERENCE_TYPE,TEXT_VALUE) VALUES ('ESAUTH_LEVEL_GRP_DN','4','AUTH_LEVEL_GRP','ResourceEntity.displayNameMap','Grupos autenticacin');
INSERT INTO LANGUAGE_MAPPING (ID,LANGUAGE_ID,REFERENCE_ID,REFERENCE_TYPE,TEXT_VALUE) VALUES ('ESAUTH_LVL_GRP_ATTR_DN','4','AUTH_LVL_GRP_ATTR','ResourceEntity.displayNameMap','Atributo de Nivel de Agrupacin de Autenticacin Root');
INSERT INTO LANGUAGE_MAPPING (ID,LANGUAGE_ID,REFERENCE_ID,REFERENCE_TYPE,TEXT_VALUE) VALUES ('ESAUTH_LVL_GRP_EDIT_ROOT_DN','4','AUTH_LVL_GRP_EDIT_ROOT','ResourceEntity.displayNameMap','Edicin de Nivel de Agrupacin de Autenticacin Root');
INSERT INTO LANGUAGE_MAPPING (ID,LANGUAGE_ID,REFERENCE_ID,REFERENCE_TYPE,TEXT_VALUE) VALUES ('ESAUTH_LVL_GRP_NEW_ROOT_DN','4','AUTH_LVL_GRP_NEW_ROOT','ResourceEntity.displayNameMap','Autenticacin de Nivel de Agrupacin Root');
INSERT INTO LANGUAGE_MAPPING (ID,LANGUAGE_ID,REFERENCE_ID,REFERENCE_TYPE,TEXT_VALUE) VALUES ('ESAUTH_PROVIDER','4','AUTH_PROVIDER','ResourceTypeEntity.displayNameMap','Proveedor autenticacin');
INSERT INTO LANGUAGE_MAPPING (ID,LANGUAGE_ID,REFERENCE_ID,REFERENCE_TYPE,TEXT_VALUE) VALUES ('ESMetadataTypeEntity14','4','AUTH_REPO','MetadataTypeEntity.displayNameMap','Repositorio autenticacin');
INSERT INTO LANGUAGE_MAPPING (ID,LANGUAGE_ID,REFERENCE_ID,REFERENCE_TYPE,TEXT_VALUE) VALUES ('ESAUTH_REPO','4','AUTH_REPO','ResourceTypeEntity.displayNameMap','Repositorio autenticacin');
INSERT INTO LANGUAGE_MAPPING (ID,LANGUAGE_ID,REFERENCE_ID,REFERENCE_TYPE,TEXT_VALUE) VALUES ('ESBACK_TO_AUTH_LVL_DN','4','BACK_TO_AUTH_LVL','ResourceEntity.displayNameMap','Volver a la Agrupacin');
INSERT INTO LANGUAGE_MAPPING (ID,LANGUAGE_ID,REFERENCE_ID,REFERENCE_TYPE,TEXT_VALUE) VALUES ('ESBACK_TO_AUTH_LVL_GRP_SRH_DN','4','BACK_TO_AUTH_LVL_GRP_SRH','ResourceEntity.displayNameMap','Volver a la Busqueda');
INSERT INTO LANGUAGE_MAPPING (ID,LANGUAGE_ID,REFERENCE_ID,REFERENCE_TYPE,TEXT_VALUE) VALUES ('ESBACK_TO_CP_DESC','4','BACK_TO_CP','ResourceEntity.displayNameMap','Volver al Proveedor de Contenido');
INSERT INTO LANGUAGE_MAPPING (ID,LANGUAGE_ID,REFERENCE_ID,REFERENCE_TYPE,TEXT_VALUE) VALUES ('ESBATCH_PROC_MENU_DISPLAY','4','BATCH_PROC','ResourceEntity.displayNameMap','Tareas Programadas');
INSERT INTO LANGUAGE_MAPPING (ID,LANGUAGE_ID,REFERENCE_ID,REFERENCE_TYPE,TEXT_VALUE) VALUES ('ESBATCH_TASK_EDIT_DESC','4','BATCH_TASK_EDIT','ResourceEntity.displayNameMap','Editar Tareas Programadas');
INSERT INTO LANGUAGE_MAPPING (ID,LANGUAGE_ID,REFERENCE_ID,REFERENCE_TYPE,TEXT_VALUE) VALUES ('ESBATCH_TASK_ROOT_DESC','4','BATCH_TASK_ROOT','ResourceEntity.displayNameMap','Tareas Programadas Root');
INSERT INTO LANGUAGE_MAPPING (ID,LANGUAGE_ID,REFERENCE_ID,REFERENCE_TYPE,TEXT_VALUE) VALUES ('ESMetadataTypeEntity15','4','BL','MetadataTypeEntity.displayNameMap','Desabilitado');
INSERT INTO LANGUAGE_MAPPING (ID,LANGUAGE_ID,REFERENCE_ID,REFERENCE_TYPE,TEXT_VALUE) VALUES ('ESBULK_OPS_DESC','4','BULK_OPS','ResourceEntity.displayNameMap','Operaciones masivas');
INSERT INTO LANGUAGE_MAPPING (ID,LANGUAGE_ID,REFERENCE_ID,REFERENCE_TYPE,TEXT_VALUE) VALUES ('ESMetadataTypeEntity16','4','CELL_PHONE','MetadataTypeEntity.displayNameMap','Mvil');
INSERT INTO LANGUAGE_MAPPING (ID,LANGUAGE_ID,REFERENCE_ID,REFERENCE_TYPE,TEXT_VALUE) VALUES ('ESCHALLENGE_MENU_DISPLAY','4','CHALLENGE','ResourceEntity.displayNameMap','Pregunta de Seguridad');
INSERT INTO LANGUAGE_MAPPING (ID,LANGUAGE_ID,REFERENCE_ID,REFERENCE_TYPE,TEXT_VALUE) VALUES ('ESCHALLENGE_RESP_QUESTION_DESC','4','CHALLENGE_RESPONSE_QUESTION','ResourceEntity.displayNameMap','Pregunta de Seguridad');
INSERT INTO LANGUAGE_MAPPING (ID,LANGUAGE_ID,REFERENCE_ID,REFERENCE_TYPE,TEXT_VALUE) VALUES ('ESCHALL_RESP_QUESTION_NEW_DSC','4','CHALLENGE_RESPONSE_QUESTION_NEW','ResourceEntity.displayNameMap','Crear Nueva Pregunta');
INSERT INTO LANGUAGE_MAPPING (ID,LANGUAGE_ID,REFERENCE_ID,REFERENCE_TYPE,TEXT_VALUE) VALUES ('ESCHALLENGE_RESP_QUEST_ROOT_DESC','4','CHALLENGE_RESPONSE_QUESTION_ROOT','ResourceEntity.displayNameMap','Menu Root de Pregunta de Seguridad');
INSERT INTO LANGUAGE_MAPPING (ID,LANGUAGE_ID,REFERENCE_ID,REFERENCE_TYPE,TEXT_VALUE) VALUES ('ESMetadataTypeEntity17','4','CHECKBOX','MetadataTypeEntity.displayNameMap','Checkbox');
INSERT INTO LANGUAGE_MAPPING (ID,LANGUAGE_ID,REFERENCE_ID,REFERENCE_TYPE,TEXT_VALUE) VALUES ('ESCHNGPSWD_MENU_DISPLAY','4','CHNGPSWD','ResourceEntity.displayNameMap','Cambiar Password');
INSERT INTO LANGUAGE_MAPPING (ID,LANGUAGE_ID,REFERENCE_ID,REFERENCE_TYPE,TEXT_VALUE) VALUES ('ESCONF_POLICY_PAGE_DIS','4','CONF_POLICY_PAGE','ResourceEntity.displayNameMap','Configurar Poltica TI');
INSERT INTO LANGUAGE_MAPPING (ID,LANGUAGE_ID,REFERENCE_ID,REFERENCE_TYPE,TEXT_VALUE) VALUES ('ESMetadataTypeEntity18','4','CONTENT_PROVIDER','MetadataTypeEntity.displayNameMap','Proveedor de Contenido');
INSERT INTO LANGUAGE_MAPPING (ID,LANGUAGE_ID,REFERENCE_ID,REFERENCE_TYPE,TEXT_VALUE) VALUES ('ESCONTENT_PROVIDER','4','CONTENT_PROVIDER','ResourceTypeEntity.displayNameMap','Proveedor de Contenido');
INSERT INTO LANGUAGE_MAPPING (ID,LANGUAGE_ID,REFERENCE_ID,REFERENCE_TYPE,TEXT_VALUE) VALUES ('ESCONTENT_PROV_EDIT_DESC','4','CONTENT_PROV_EDIT','ResourceEntity.displayNameMap','Edicin de Men de Proveedor de Contenido');
INSERT INTO LANGUAGE_MAPPING (ID,LANGUAGE_ID,REFERENCE_ID,REFERENCE_TYPE,TEXT_VALUE) VALUES ('ESCONTENT_PROV_EDIT_CURRENT_DESC','4','CONTENT_PROV_EDIT_CURRENT','ResourceEntity.displayNameMap','Editar Proveedor');
INSERT INTO LANGUAGE_MAPPING (ID,LANGUAGE_ID,REFERENCE_ID,REFERENCE_TYPE,TEXT_VALUE) VALUES ('ESCONTENT_PROV_EDIT_SEARCH_DESC','4','CONTENT_PROV_EDIT_SEARCH','ResourceEntity.displayNameMap','Volver a la Busqueda');
INSERT INTO LANGUAGE_MAPPING (ID,LANGUAGE_ID,REFERENCE_ID,REFERENCE_TYPE,TEXT_VALUE) VALUES ('ESCONTENT_PROV_NEW_DSC','4','CONTENT_PROV_NEW','ResourceEntity.displayNameMap','Crear Proveedor Nuevo');
INSERT INTO LANGUAGE_MAPPING (ID,LANGUAGE_ID,REFERENCE_ID,REFERENCE_TYPE,TEXT_VALUE) VALUES ('ESCONTENT_PROV_NEW_EDIT_DESC','4','CONTENT_PROV_NEW_EDIT','ResourceEntity.displayNameMap','Crear Proveedor Nuevo');
INSERT INTO LANGUAGE_MAPPING (ID,LANGUAGE_ID,REFERENCE_ID,REFERENCE_TYPE,TEXT_VALUE) VALUES ('ESCONTENT_PROV_ROOT_DESC','4','CONTENT_PROV_ROOT','ResourceEntity.displayNameMap','Men Root de Proveedor de Contenido');
INSERT INTO LANGUAGE_MAPPING (ID,LANGUAGE_ID,REFERENCE_ID,REFERENCE_TYPE,TEXT_VALUE) VALUES ('ESCONTENT_PROV_SEARCH_DESC','4','CONTENT_PROV_SEARCH','ResourceEntity.displayNameMap','Buscar Proveedor');
INSERT INTO LANGUAGE_MAPPING (ID,LANGUAGE_ID,REFERENCE_ID,REFERENCE_TYPE,TEXT_VALUE) VALUES ('ESCONTENT_PROV_SEARCH_CHILD_DESC','4','CONTENT_PROV_SEARCH_CHILD','ResourceEntity.displayNameMap','Proveedor de Contenidos');
INSERT INTO LANGUAGE_MAPPING (ID,LANGUAGE_ID,REFERENCE_ID,REFERENCE_TYPE,TEXT_VALUE) VALUES ('ESMetadataTypeEntity19','4','Contractor','MetadataTypeEntity.displayNameMap','Tipo de Usario Contratista');
INSERT INTO LANGUAGE_MAPPING (ID,LANGUAGE_ID,REFERENCE_ID,REFERENCE_TYPE,TEXT_VALUE) VALUES ('ESMetadataTypeEntity20','4','CONTRACTOR TYPE','MetadataTypeEntity.displayNameMap','Contratista');
INSERT INTO LANGUAGE_MAPPING (ID,LANGUAGE_ID,REFERENCE_ID,REFERENCE_TYPE,TEXT_VALUE) VALUES ('ESCREATEREQ_MENU_DISPLAY','4','CREATEREQ','ResourceEntity.displayNameMap','Crear Solicitud');
INSERT INTO LANGUAGE_MAPPING (ID,LANGUAGE_ID,REFERENCE_ID,REFERENCE_TYPE,TEXT_VALUE) VALUES ('ESCR_RES_DISP_NAME','4','CREATE_RESOURCE_MENU','ResourceEntity.displayNameMap','Crear Recurso Nuevo');
INSERT INTO LANGUAGE_MAPPING (ID,LANGUAGE_ID,REFERENCE_ID,REFERENCE_TYPE,TEXT_VALUE) VALUES ('ESCUSTOM_FIELD_EDIT_DESC','4','CUSTOM_FIELD_EDIT','ResourceEntity.displayNameMap','Men de Edicin de Campo Personalizado');
INSERT INTO LANGUAGE_MAPPING (ID,LANGUAGE_ID,REFERENCE_ID,REFERENCE_TYPE,TEXT_VALUE) VALUES ('ESCUSTOM_FIELD_EDIT_NEW_DESC','4','CUSTOM_FIELD_EDIT_NEW','ResourceEntity.displayNameMap','Crear Campo Pers.');
INSERT INTO LANGUAGE_MAPPING (ID,LANGUAGE_ID,REFERENCE_ID,REFERENCE_TYPE,TEXT_VALUE) VALUES ('ESCUSTOM_FIELD_EDIT_SEARCH_DESC','4','CUSTOM_FIELD_EDIT_SEARCH','ResourceEntity.displayNameMap','Volver a la Busqueda');
INSERT INTO LANGUAGE_MAPPING (ID,LANGUAGE_ID,REFERENCE_ID,REFERENCE_TYPE,TEXT_VALUE) VALUES ('ESCUSTOM_FIELD_NEW_DSC','4','CUSTOM_FIELD_NEW','ResourceEntity.displayNameMap','Crear Campo Pers.');
INSERT INTO LANGUAGE_MAPPING (ID,LANGUAGE_ID,REFERENCE_ID,REFERENCE_TYPE,TEXT_VALUE) VALUES ('ESCUSTOM_FIELD_ROOT_DESC','4','CUSTOM_FIELD_ROOT','ResourceEntity.displayNameMap','Men Root de Campo Personalizado');
INSERT INTO LANGUAGE_MAPPING (ID,LANGUAGE_ID,REFERENCE_ID,REFERENCE_TYPE,TEXT_VALUE) VALUES ('ESCUSTOM_FIELD_SEARCH_DESC','4','CUSTOM_FIELD_SEARCH','ResourceEntity.displayNameMap','Buscar Campos Pers.');
INSERT INTO LANGUAGE_MAPPING (ID,LANGUAGE_ID,REFERENCE_ID,REFERENCE_TYPE,TEXT_VALUE) VALUES ('ESCUSTOM_FIELD_SEARCH_CHILD_DESC','4','CUSTOM_FIELD_SEARCH_CHILD','ResourceEntity.displayNameMap','Campos Personalizados');
INSERT INTO LANGUAGE_MAPPING (ID,LANGUAGE_ID,REFERENCE_ID,REFERENCE_TYPE,TEXT_VALUE) VALUES ('ESMetadataTypeEntity21','4','DATE','MetadataTypeEntity.displayNameMap','Fecha de Campo');
INSERT INTO LANGUAGE_MAPPING (ID,LANGUAGE_ID,REFERENCE_ID,REFERENCE_TYPE,TEXT_VALUE) VALUES ('ESMetadataTypeEntity22','4','DEFAULT_GROUP','MetadataTypeEntity.displayNameMap','TIPO DE GRUPO PREDETERMINADO');
INSERT INTO LANGUAGE_MAPPING (ID,LANGUAGE_ID,REFERENCE_ID,REFERENCE_TYPE,TEXT_VALUE) VALUES ('ESDEFAULT_USER_TYPE','4','DEFAULT_USER','MetadataTypeEntity.displayNameMap','Usuario Predeterminado');
INSERT INTO LANGUAGE_MAPPING (ID,LANGUAGE_ID,REFERENCE_ID,REFERENCE_TYPE,TEXT_VALUE) VALUES ('ESMetadataTypeEntity23','4','DELETED','MetadataTypeEntity.displayNameMap','BORRADO');
INSERT INTO LANGUAGE_MAPPING (ID,LANGUAGE_ID,REFERENCE_ID,REFERENCE_TYPE,TEXT_VALUE) VALUES ('ESDELG_FILTER_MENU_DISPLAY','4','DELG_FILTER','ResourceEntity.displayNameMap','Administracin delegada');
INSERT INTO LANGUAGE_MAPPING (ID,LANGUAGE_ID,REFERENCE_ID,REFERENCE_TYPE,TEXT_VALUE) VALUES ('ESDEPARTMENT','4','DEPARTMENT','OrganizationTypeEntity.displayNameMap','Departamento');
INSERT INTO LANGUAGE_MAPPING (ID,LANGUAGE_ID,REFERENCE_ID,REFERENCE_TYPE,TEXT_VALUE) VALUES ('ESMetadataTypeEntity24','4','departmentType','MetadataTypeEntity.displayNameMap','Departamento');
INSERT INTO LANGUAGE_MAPPING (ID,LANGUAGE_ID,REFERENCE_ID,REFERENCE_TYPE,TEXT_VALUE) VALUES ('ESMetadataTypeEntity25','4','DIRECTORY','MetadataTypeEntity.displayNameMap','Directorio');
INSERT INTO LANGUAGE_MAPPING (ID,LANGUAGE_ID,REFERENCE_ID,REFERENCE_TYPE,TEXT_VALUE) VALUES ('ESDIRECTORY_MENU_DISPLAY','4','DIRECTORY','ResourceEntity.displayNameMap','Busqueda en el Directorio');
INSERT INTO LANGUAGE_MAPPING (ID,LANGUAGE_ID,REFERENCE_ID,REFERENCE_TYPE,TEXT_VALUE) VALUES ('ESDIR_LOOKUP_PAGE_DIS','4','DIR_LOOKUP_PAGE','ResourceEntity.displayNameMap','Busqueda en el Directorio');
INSERT INTO LANGUAGE_MAPPING (ID,LANGUAGE_ID,REFERENCE_ID,REFERENCE_TYPE,TEXT_VALUE) VALUES ('ESMetadataTypeEntity26','4','DISABLED','MetadataTypeEntity.displayNameMap','Deshabilitado');
INSERT INTO LANGUAGE_MAPPING (ID,LANGUAGE_ID,REFERENCE_ID,REFERENCE_TYPE,TEXT_VALUE) VALUES ('ESDIVISION','4','DIVISION','OrganizationTypeEntity.displayNameMap','Division');
INSERT INTO LANGUAGE_MAPPING (ID,LANGUAGE_ID,REFERENCE_ID,REFERENCE_TYPE,TEXT_VALUE) VALUES ('ESMetadataTypeEntity27','4','divisionType','MetadataTypeEntity.displayNameMap','Division');
INSERT INTO LANGUAGE_MAPPING (ID,LANGUAGE_ID,REFERENCE_ID,REFERENCE_TYPE,TEXT_VALUE) VALUES ('ESMetadataTypeEntity28','4','DL','MetadataTypeEntity.displayNameMap','BORRAR');
INSERT INTO LANGUAGE_MAPPING (ID,LANGUAGE_ID,REFERENCE_ID,REFERENCE_TYPE,TEXT_VALUE) VALUES ('ESEDIT_BATCH_TASK_DESC','4','EDIT_BATCH_TASK','ResourceEntity.displayNameMap','Editar Tarea Programada');
INSERT INTO LANGUAGE_MAPPING (ID,LANGUAGE_ID,REFERENCE_ID,REFERENCE_TYPE,TEXT_VALUE) VALUES ('ESEDIT_GROUP_DESC','4','EDIT_GROUP','ResourceEntity.displayNameMap','Editar Grupo');
INSERT INTO LANGUAGE_MAPPING (ID,LANGUAGE_ID,REFERENCE_ID,REFERENCE_TYPE,TEXT_VALUE) VALUES ('ESEDIT_ORG_DESC','4','EDIT_ORG','ResourceEntity.displayNameMap','Editar Organizacin');
INSERT INTO LANGUAGE_MAPPING (ID,LANGUAGE_ID,REFERENCE_ID,REFERENCE_TYPE,TEXT_VALUE) VALUES ('ESEDIT_ORG_MEMBERSHIP_DESC','4','EDIT_ORG_MEMBERSHIP','ResourceEntity.displayNameMap','Mimembro de');
INSERT INTO LANGUAGE_MAPPING (ID,LANGUAGE_ID,REFERENCE_ID,REFERENCE_TYPE,TEXT_VALUE) VALUES ('ESEDIT_ORG_TYPE_DESC','4','EDIT_ORG_TYPE','ResourceEntity.displayNameMap','Editar Tipo de Organizacin');
INSERT INTO LANGUAGE_MAPPING (ID,LANGUAGE_ID,REFERENCE_ID,REFERENCE_TYPE,TEXT_VALUE) VALUES ('ESEDIT_ORG_TYPE_IDMAN_DESC','4','EDIT_ORG_TYPE_IDMAN','ResourceEntity.displayNameMap','Tipos de Organizacin');
INSERT INTO LANGUAGE_MAPPING (ID,LANGUAGE_ID,REFERENCE_ID,REFERENCE_TYPE,TEXT_VALUE) VALUES ('ESEDIT_POLICY_ATTR_SRCH_BCK_DESC','4','EDIT_POLICY_ATTR_SRCH_BCK','ResourceEntity.displayNameMap','Volver a la Busqueda');
INSERT INTO LANGUAGE_MAPPING (ID,LANGUAGE_ID,REFERENCE_ID,REFERENCE_TYPE,TEXT_VALUE) VALUES ('ESEDIT_RESOURCE_DIS','4','EDIT_RESOURCE','ResourceEntity.displayNameMap','Edit Resource');
INSERT INTO LANGUAGE_MAPPING (ID,LANGUAGE_ID,REFERENCE_ID,REFERENCE_TYPE,TEXT_VALUE) VALUES ('ESEDIT_ROLE_DESC','4','EDIT_ROLE','ResourceEntity.displayNameMap','Editar Rol');
INSERT INTO LANGUAGE_MAPPING (ID,LANGUAGE_ID,REFERENCE_ID,REFERENCE_TYPE,TEXT_VALUE) VALUES ('ESMetadataTypeEntity29','4','FILE','MetadataTypeEntity.displayNameMap','Archivo');
INSERT INTO LANGUAGE_MAPPING (ID,LANGUAGE_ID,REFERENCE_ID,REFERENCE_TYPE,TEXT_VALUE) VALUES ('ESMetadataTypeEntity30','4','GOOGLE_Connector','MetadataTypeEntity.displayNameMap','Conector GOOGLE APPS');
INSERT INTO LANGUAGE_MAPPING (ID,LANGUAGE_ID,REFERENCE_ID,REFERENCE_TYPE,TEXT_VALUE) VALUES ('ESGROUP_EDIT_MENU_DESC','4','GROUP_EDIT_MENU','ResourceEntity.displayNameMap','Men Root Edicin de Grupos');
INSERT INTO LANGUAGE_MAPPING (ID,LANGUAGE_ID,REFERENCE_ID,REFERENCE_TYPE,TEXT_VALUE) VALUES ('ESGROUP_ENTITLEMENTS_DESC','4','GROUP_ENTITLEMENTS','ResourceEntity.displayNameMap','Derechos de Grupo');
INSERT INTO LANGUAGE_MAPPING (ID,LANGUAGE_ID,REFERENCE_ID,REFERENCE_TYPE,TEXT_VALUE) VALUES ('ESGROUP_MENUS_DESC','4','GROUP_MENUS','ResourceEntity.displayNameMap','Menus');
INSERT INTO LANGUAGE_MAPPING (ID,LANGUAGE_ID,REFERENCE_ID,REFERENCE_TYPE,TEXT_VALUE) VALUES ('ESGROUP_ROOT_MENU_DESC','4','GROUP_ROOT_MENU','ResourceEntity.displayNameMap','Menu Root de Grupos');
INSERT INTO LANGUAGE_MAPPING (ID,LANGUAGE_ID,REFERENCE_ID,REFERENCE_TYPE,TEXT_VALUE) VALUES ('ESGROUP_SEARCH_DESC','4','GROUP_SEARCH','ResourceEntity.displayNameMap','Busqueda de Grupo');
INSERT INTO LANGUAGE_MAPPING (ID,LANGUAGE_ID,REFERENCE_ID,REFERENCE_TYPE,TEXT_VALUE) VALUES ('ESGRP_APROVER_ASSOC_DN','4','GRP_APROVER_ASSOC','ResourceEntity.displayNameMap','Aprobador de Asociaciones');
INSERT INTO LANGUAGE_MAPPING (ID,LANGUAGE_ID,REFERENCE_ID,REFERENCE_TYPE,TEXT_VALUE) VALUES ('ESMetadataTypeEntity31','4','HOME_ADDRESS','MetadataTypeEntity.displayNameMap','Direccin de Casa Particular');
INSERT INTO LANGUAGE_MAPPING (ID,LANGUAGE_ID,REFERENCE_ID,REFERENCE_TYPE,TEXT_VALUE) VALUES ('ESMetadataTypeEntity32','4','HOME_EMAIL','MetadataTypeEntity.displayNameMap','Email Personal');
INSERT INTO LANGUAGE_MAPPING (ID,LANGUAGE_ID,REFERENCE_ID,REFERENCE_TYPE,TEXT_VALUE) VALUES ('ESMetadataTypeEntity33','4','HOME_PHONE','MetadataTypeEntity.displayNameMap','Telfono Personal');
INSERT INTO LANGUAGE_MAPPING (ID,LANGUAGE_ID,REFERENCE_ID,REFERENCE_TYPE,TEXT_VALUE) VALUES ('ESIDM_MENU_DISPLAY','4','IDM','ResourceEntity.displayNameMap','Identidad');
INSERT INTO LANGUAGE_MAPPING (ID,LANGUAGE_ID,REFERENCE_ID,REFERENCE_TYPE,TEXT_VALUE) VALUES ('ESIDMAN_MENU_DISPLAY','4','IDMAN','ResourceEntity.displayNameMap','Usuario Administrador');
INSERT INTO LANGUAGE_MAPPING (ID,LANGUAGE_ID,REFERENCE_ID,REFERENCE_TYPE,TEXT_VALUE) VALUES ('ESIDQUEST_MENU_DISPLAY','4','IDQUEST','ResourceEntity.displayNameMap','Pregunta de seguridad');
INSERT INTO LANGUAGE_MAPPING (ID,LANGUAGE_ID,REFERENCE_ID,REFERENCE_TYPE,TEXT_VALUE) VALUES ('ESIMPERSIONATION_MENU_DESC','4','IMPERSIONATION_MENU','ResourceEntity.displayNameMap','Suplantacin');
INSERT INTO LANGUAGE_MAPPING (ID,LANGUAGE_ID,REFERENCE_ID,REFERENCE_TYPE,TEXT_VALUE) VALUES ('ESMetadataTypeEntity34','4','INACTIVE','MetadataTypeEntity.displayNameMap','INACTIVO');
INSERT INTO LANGUAGE_MAPPING (ID,LANGUAGE_ID,REFERENCE_ID,REFERENCE_TYPE,TEXT_VALUE) VALUES ('ESMetadataTypeEntity35','4','InetOrgPerson','MetadataTypeEntity.displayNameMap','InetOrgPerson Tipo de Usuario');
INSERT INTO LANGUAGE_MAPPING (ID,LANGUAGE_ID,REFERENCE_ID,REFERENCE_TYPE,TEXT_VALUE) VALUES ('ESINTERNAL_USER_TYPE','4','INTERNAL_USER','MetadataTypeEntity.displayNameMap','Usuario Interno');
INSERT INTO LANGUAGE_MAPPING (ID,LANGUAGE_ID,REFERENCE_ID,REFERENCE_TYPE,TEXT_VALUE) VALUES ('ESMetadataTypeEntity36','4','KERBEROS_KEYTAB_FILE','MetadataTypeEntity.displayNameMap','Archivo Keytab Kerberos');
INSERT INTO LANGUAGE_MAPPING (ID,LANGUAGE_ID,REFERENCE_ID,REFERENCE_TYPE,TEXT_VALUE) VALUES ('ESMetadataTypeEntity37','4','KERBEROS_SERVICE_NAME','MetadataTypeEntity.displayNameMap','Nombre de Servicio Kerberos');
INSERT INTO LANGUAGE_MAPPING (ID,LANGUAGE_ID,REFERENCE_ID,REFERENCE_TYPE,TEXT_VALUE) VALUES ('ESLANGUAGE_ADMIN1','4','LANGUAGE_ADMIN','ResourceEntity.displayNameMap','Lenguaje');
INSERT INTO LANGUAGE_MAPPING (ID,LANGUAGE_ID,REFERENCE_ID,REFERENCE_TYPE,TEXT_VALUE) VALUES ('ESLANGUAGE_EDIT1','4','LANGUAGE_EDIT','ResourceEntity.displayNameMap','Nuevo Lenguaje');
INSERT INTO LANGUAGE_MAPPING (ID,LANGUAGE_ID,REFERENCE_ID,REFERENCE_TYPE,TEXT_VALUE) VALUES ('ESLANGUAGE_SEARCH1','4','LANGUAGE_SEARCH','ResourceEntity.displayNameMap','Lenguaje');
INSERT INTO LANGUAGE_MAPPING (ID,LANGUAGE_ID,REFERENCE_ID,REFERENCE_TYPE,TEXT_VALUE) VALUES ('ESMetadataTypeEntity38','4','LdapOrgPerson','MetadataTypeEntity.displayNameMap','Tipo de Usuario LdapOrgPerson');
INSERT INTO LANGUAGE_MAPPING (ID,LANGUAGE_ID,REFERENCE_ID,REFERENCE_TYPE,TEXT_VALUE) VALUES ('ESMetadataTypeEntity39','4','LDAP_Connector','MetadataTypeEntity.displayNameMap','Conector LDAP');
INSERT INTO LANGUAGE_MAPPING (ID,LANGUAGE_ID,REFERENCE_ID,REFERENCE_TYPE,TEXT_VALUE) VALUES ('ESMetadataTypeEntity40','4','LDAP_GROUP_TYPE','MetadataTypeEntity.displayNameMap','TIPO DE GRUPO LDAP');
INSERT INTO LANGUAGE_MAPPING (ID,LANGUAGE_ID,REFERENCE_ID,REFERENCE_TYPE,TEXT_VALUE) VALUES ('ESMetadataTypeEntity41','4','LEAVE','MetadataTypeEntity.displayNameMap','DEJAR');
INSERT INTO LANGUAGE_MAPPING (ID,LANGUAGE_ID,REFERENCE_ID,REFERENCE_TYPE,TEXT_VALUE) VALUES ('ESMetadataTypeEntity42','4','LINUX_Connector','MetadataTypeEntity.displayNameMap','Conector Linux');
INSERT INTO LANGUAGE_MAPPING (ID,LANGUAGE_ID,REFERENCE_ID,REFERENCE_TYPE,TEXT_VALUE) VALUES ('ESLOCATION_MENU_DISPLAY','4','LOCATION','ResourceEntity.displayNameMap','Localizacin');
INSERT INTO LANGUAGE_MAPPING (ID,LANGUAGE_ID,REFERENCE_ID,REFERENCE_TYPE,TEXT_VALUE) VALUES ('ESMetadataTypeEntity43','4','LOCKED','MetadataTypeEntity.displayNameMap','BLOQUEADO');
INSERT INTO LANGUAGE_MAPPING (ID,LANGUAGE_ID,REFERENCE_ID,REFERENCE_TYPE,TEXT_VALUE) VALUES ('ESMetadataTypeEntity44','4','LOCKED_ADMIN','MetadataTypeEntity.displayNameMap','LOCKED_ADMIN');
INSERT INTO LANGUAGE_MAPPING (ID,LANGUAGE_ID,REFERENCE_ID,REFERENCE_TYPE,TEXT_VALUE) VALUES ('ESMetadataTypeEntity45','4','MANAGED_SYS','MetadataTypeEntity.displayNameMap','Sistema Gestionado');
INSERT INTO LANGUAGE_MAPPING (ID,LANGUAGE_ID,REFERENCE_ID,REFERENCE_TYPE,TEXT_VALUE) VALUES ('ESMANAGED_SYS','4','MANAGED_SYS','ResourceTypeEntity.displayNameMap','Sistemas Gestionados');
INSERT INTO LANGUAGE_MAPPING (ID,LANGUAGE_ID,REFERENCE_ID,REFERENCE_TYPE,TEXT_VALUE) VALUES ('ESMetadataTypeEntity46','4','MANAGER','MetadataTypeEntity.displayNameMap','MANAGER');
INSERT INTO LANGUAGE_MAPPING (ID,LANGUAGE_ID,REFERENCE_ID,REFERENCE_TYPE,TEXT_VALUE) VALUES ('ESMANAGEREQ_MENU_DISPLAY','4','MANAGEREQ','ResourceEntity.displayNameMap','Consulta de Historial');
INSERT INTO LANGUAGE_MAPPING (ID,LANGUAGE_ID,REFERENCE_ID,REFERENCE_TYPE,TEXT_VALUE) VALUES ('ESMANUALRECON_DESC','4','MANUALRECON','ResourceEntity.displayNameMap','Conciliacin Manual');
INSERT INTO LANGUAGE_MAPPING (ID,LANGUAGE_ID,REFERENCE_ID,REFERENCE_TYPE,TEXT_VALUE) VALUES ('ESMENUS_SEARCH_DC','4','MENUS_SEARCH','ResourceEntity.displayNameMap','Menus');
INSERT INTO LANGUAGE_MAPPING (ID,LANGUAGE_ID,REFERENCE_ID,REFERENCE_TYPE,TEXT_VALUE) VALUES ('ESMetadataTypeEntity47','4','MENU_ITEM','MetadataTypeEntity.displayNameMap','Tipo de elemento de Men');
INSERT INTO LANGUAGE_MAPPING (ID,LANGUAGE_ID,REFERENCE_ID,REFERENCE_TYPE,TEXT_VALUE) VALUES ('ESMENU_ITEM','4','MENU_ITEM','ResourceTypeEntity.displayNameMap','Menus');
INSERT INTO LANGUAGE_MAPPING (ID,LANGUAGE_ID,REFERENCE_ID,REFERENCE_TYPE,TEXT_VALUE) VALUES ('ESMETADATA_MENU_DISPLAY','4','METADATA','ResourceEntity.displayNameMap','Metadata');
INSERT INTO LANGUAGE_MAPPING (ID,LANGUAGE_ID,REFERENCE_ID,REFERENCE_TYPE,TEXT_VALUE) VALUES ('ESMETA_ADMIN_DESC','4','META_ADMIN','ResourceEntity.displayNameMap','Elementos Metadata');
INSERT INTO LANGUAGE_MAPPING (ID,LANGUAGE_ID,REFERENCE_ID,REFERENCE_TYPE,TEXT_VALUE) VALUES ('ESMETA_EDIT_DESC','4','META_EDIT','ResourceEntity.displayNameMap','Nuevo MetaData');
INSERT INTO LANGUAGE_MAPPING (ID,LANGUAGE_ID,REFERENCE_ID,REFERENCE_TYPE,TEXT_VALUE) VALUES ('ESMETA_SEARCH_DESC','4','META_SEARCH','ResourceEntity.displayNameMap','Buscar MetaData');
INSERT INTO LANGUAGE_MAPPING (ID,LANGUAGE_ID,REFERENCE_ID,REFERENCE_TYPE,TEXT_VALUE) VALUES ('ESMETA_TYPE_ADMIN_DESC','4','META_TYPE_ADMIN','ResourceEntity.displayNameMap','Tipos Metadata');
INSERT INTO LANGUAGE_MAPPING (ID,LANGUAGE_ID,REFERENCE_ID,REFERENCE_TYPE,TEXT_VALUE) VALUES ('ESMETA_TYPE_EDIT_DESC','4','META_TYPE_EDIT','ResourceEntity.displayNameMap','Nuevo Tipo MetaData');
INSERT INTO LANGUAGE_MAPPING (ID,LANGUAGE_ID,REFERENCE_ID,REFERENCE_TYPE,TEXT_VALUE) VALUES ('ESMETA_TYPE_EDIT_RETURN_DESC','4','META_TYPE_EDIT_RETURN','ResourceEntity.displayNameMap','Volver a Tipo Metadata');
INSERT INTO LANGUAGE_MAPPING (ID,LANGUAGE_ID,REFERENCE_ID,REFERENCE_TYPE,TEXT_VALUE) VALUES ('ESMETA_TYPE_SEARCH_DESC','4','META_TYPE_SEARCH','ResourceEntity.displayNameMap','Buscar Tipo MetaData');
INSERT INTO LANGUAGE_MAPPING (ID,LANGUAGE_ID,REFERENCE_ID,REFERENCE_TYPE,TEXT_VALUE) VALUES ('ESMNGSYS_MENU_DISPLAY','4','MNGSYS','ResourceEntity.displayNameMap','Sistema Gestionado');
INSERT INTO LANGUAGE_MAPPING (ID,LANGUAGE_ID,REFERENCE_ID,REFERENCE_TYPE,TEXT_VALUE) VALUES ('ESMNGSYSRULES_DESC','4','MNGSYSRULES','ResourceEntity.displayNameMap','Reglas Sist. Gest.');
INSERT INTO LANGUAGE_MAPPING (ID,LANGUAGE_ID,REFERENCE_ID,REFERENCE_TYPE,TEXT_VALUE) VALUES ('ESMNGSYS_EDIT_DESC','4','MNGSYS_EDIT','ResourceEntity.displayNameMap','Editar Sist. Gest.');
INSERT INTO LANGUAGE_MAPPING (ID,LANGUAGE_ID,REFERENCE_ID,REFERENCE_TYPE,TEXT_VALUE) VALUES ('ESMNGSYS_DESC','4','MNGSYS_MENU_ITEM','ResourceEntity.displayNameMap','Sistemas Gestionados');
INSERT INTO LANGUAGE_MAPPING (ID,LANGUAGE_ID,REFERENCE_ID,REFERENCE_TYPE,TEXT_VALUE) VALUES ('ESMNGSYS_DSC','4','MNGSYS_NEW','ResourceEntity.displayNameMap','Crear Sist. Gestionado');
INSERT INTO LANGUAGE_MAPPING (ID,LANGUAGE_ID,REFERENCE_ID,REFERENCE_TYPE,TEXT_VALUE) VALUES ('ESMNG_SYS_VIEWER_DESC','4','MNG_SYS_VIEWER','ResourceEntity.displayNameMap','Visor sist. gestionado');
INSERT INTO LANGUAGE_MAPPING (ID,LANGUAGE_ID,REFERENCE_ID,REFERENCE_TYPE,TEXT_VALUE) VALUES ('ESMetadataTypeEntity48','4','MULTI_SELECT','MetadataTypeEntity.displayNameMap','Lista MultiSeleccin');
INSERT INTO LANGUAGE_MAPPING (ID,LANGUAGE_ID,REFERENCE_ID,REFERENCE_TYPE,TEXT_VALUE) VALUES ('ESNEWUSER_MENU_DISPLAY','4','NEWUSER','ResourceEntity.displayNameMap','Nuevo Usuario');
INSERT INTO LANGUAGE_MAPPING (ID,LANGUAGE_ID,REFERENCE_ID,REFERENCE_TYPE,TEXT_VALUE) VALUES ('ESNEWUSER-NOAPPRV_MENU_DISPLAY','4','NEWUSER-NOAPPRV','ResourceEntity.displayNameMap','Nuevo Usuario-NO Aprovador');
INSERT INTO LANGUAGE_MAPPING (ID,LANGUAGE_ID,REFERENCE_ID,REFERENCE_TYPE,TEXT_VALUE) VALUES ('ESNEW_AUTHENTICATION_POLICY_DESC','4','NEW_AUTHENTICATION_POLICY','ResourceEntity.displayNameMap','Nueva Pol. Autenticacin');
INSERT INTO LANGUAGE_MAPPING (ID,LANGUAGE_ID,REFERENCE_ID,REFERENCE_TYPE,TEXT_VALUE) VALUES ('ESNEW_AUTH_LVL_GRP_DN','4','NEW_AUTH_LVL_GRP','ResourceEntity.displayNameMap','Crear Nueva Agrupacin');
INSERT INTO LANGUAGE_MAPPING (ID,LANGUAGE_ID,REFERENCE_ID,REFERENCE_TYPE,TEXT_VALUE) VALUES ('ESNEW_BATCH_TASK_DESC','4','NEW_BATCH_TASK','ResourceEntity.displayNameMap','Nueva Tarea Programada');
INSERT INTO LANGUAGE_MAPPING (ID,LANGUAGE_ID,REFERENCE_ID,REFERENCE_TYPE,TEXT_VALUE) VALUES ('ESNEW_GROUP_DESC','4','NEW_GROUP','ResourceEntity.displayNameMap','Crear Nuevo Grupo');
INSERT INTO LANGUAGE_MAPPING (ID,LANGUAGE_ID,REFERENCE_ID,REFERENCE_TYPE,TEXT_VALUE) VALUES ('ESNEW_ORG_DESC','4','NEW_ORG','ResourceEntity.displayNameMap','Crear Nueva Organizacin');
INSERT INTO LANGUAGE_MAPPING (ID,LANGUAGE_ID,REFERENCE_ID,REFERENCE_TYPE,TEXT_VALUE) VALUES ('ESNEW_ORG_TYPE_DESC','4','NEW_ORG_TYPE','ResourceEntity.displayNameMap','Nuevo Tipo Org.');
INSERT INTO LANGUAGE_MAPPING (ID,LANGUAGE_ID,REFERENCE_ID,REFERENCE_TYPE,TEXT_VALUE) VALUES ('ESNEW_PASSWORD_POLICY_DESC','4','NEW_PASSWORD_POLICY','ResourceEntity.displayNameMap',' Nueva Pol. de Contraseas');
INSERT INTO LANGUAGE_MAPPING (ID,LANGUAGE_ID,REFERENCE_ID,REFERENCE_TYPE,TEXT_VALUE) VALUES ('ESNEW_POLICY_ATTR_DESC','4','NEW_POLICY_ATTR','ResourceEntity.displayNameMap','Nueva Poltica de Atributos');
INSERT INTO LANGUAGE_MAPPING (ID,LANGUAGE_ID,REFERENCE_ID,REFERENCE_TYPE,TEXT_VALUE) VALUES ('ESNEW_ROLE_DESC','4','NEW_ROLE','ResourceEntity.displayNameMap','Crear Nuevo Rol');
INSERT INTO LANGUAGE_MAPPING (ID,LANGUAGE_ID,REFERENCE_ID,REFERENCE_TYPE,TEXT_VALUE) VALUES ('ESNEW_UI_THEME_DN','4','NEW_UI_THEME','ResourceEntity.displayNameMap','Nuevo Tema UI');
INSERT INTO LANGUAGE_MAPPING (ID,LANGUAGE_ID,REFERENCE_ID,REFERENCE_TYPE,TEXT_VALUE) VALUES ('ESNEW_USER_DESC','4','NEW_USER','ResourceEntity.displayNameMap','Crear Nuevo Usuario');
INSERT INTO LANGUAGE_MAPPING (ID,LANGUAGE_ID,REFERENCE_ID,REFERENCE_TYPE,TEXT_VALUE) VALUES ('ESMetadataTypeEntity49','4','NO-PROVISION-APP','MetadataTypeEntity.displayNameMap','Aplicacions No Provisionables');
INSERT INTO LANGUAGE_MAPPING (ID,LANGUAGE_ID,REFERENCE_ID,REFERENCE_TYPE,TEXT_VALUE) VALUES ('ESMetadataTypeEntity50','4','OFF-LINE','MetadataTypeEntity.displayNameMap','OFF-LINE');
INSERT INTO LANGUAGE_MAPPING (ID,LANGUAGE_ID,REFERENCE_ID,REFERENCE_TYPE,TEXT_VALUE) VALUES ('ESMetadataTypeEntity51','4','OFFICE_ADDRESS','MetadataTypeEntity.displayNameMap','Direccin Oficina');
INSERT INTO LANGUAGE_MAPPING (ID,LANGUAGE_ID,REFERENCE_ID,REFERENCE_TYPE,TEXT_VALUE) VALUES ('ESMetadataTypeEntity52','4','OFFICE_PHONE','MetadataTypeEntity.displayNameMap','Telfono Oficina');
INSERT INTO LANGUAGE_MAPPING (ID,LANGUAGE_ID,REFERENCE_ID,REFERENCE_TYPE,TEXT_VALUE) VALUES ('ESORG_MENU_DISPLAY','4','ORG','ResourceEntity.displayNameMap','Organizacin');
INSERT INTO LANGUAGE_MAPPING (ID,LANGUAGE_ID,REFERENCE_ID,REFERENCE_TYPE,TEXT_VALUE) VALUES ('ESORGANIZATION','4','ORGANIZATION','OrganizationTypeEntity.displayNameMap','Organizacin');
INSERT INTO LANGUAGE_MAPPING (ID,LANGUAGE_ID,REFERENCE_ID,REFERENCE_TYPE,TEXT_VALUE) VALUES ('ESORGANIZATION_EDIT_ID_DESC','4','ORGANIZATION_EDIT_ID','ResourceEntity.displayNameMap','Mens Edicin de Organizacin');
INSERT INTO LANGUAGE_MAPPING (ID,LANGUAGE_ID,REFERENCE_ID,REFERENCE_TYPE,TEXT_VALUE) VALUES ('ESORGANIZATION_ROOT_ID_DESC','4','ORGANIZATION_ROOT_ID','ResourceEntity.displayNameMap','Mens Root de Organizacin');
INSERT INTO LANGUAGE_MAPPING (ID,LANGUAGE_ID,REFERENCE_ID,REFERENCE_TYPE,TEXT_VALUE) VALUES ('ESMetadataTypeEntity53','4','OrgOpenIAM','MetadataTypeEntity.displayNameMap','OpenIAM');
INSERT INTO LANGUAGE_MAPPING (ID,LANGUAGE_ID,REFERENCE_ID,REFERENCE_TYPE,TEXT_VALUE) VALUES ('ESORG_APROVER_ASSOC_DN','4','ORG_APROVER_ASSOC','ResourceEntity.displayNameMap','Validadores');
INSERT INTO LANGUAGE_MAPPING (ID,LANGUAGE_ID,REFERENCE_ID,REFERENCE_TYPE,TEXT_VALUE) VALUES ('ESORG_MEMBERSHIP_DESC','4','ORG_MEMBERSHIP','ResourceEntity.displayNameMap','Miembro de Organizacin');
INSERT INTO LANGUAGE_MAPPING (ID,LANGUAGE_ID,REFERENCE_ID,REFERENCE_TYPE,TEXT_VALUE) VALUES ('ESORG_SEARCH_DESC','4','ORG_SEARCH','ResourceEntity.displayNameMap','Buscar Organizacin');
INSERT INTO LANGUAGE_MAPPING (ID,LANGUAGE_ID,REFERENCE_ID,REFERENCE_TYPE,TEXT_VALUE) VALUES ('ESORG_TYPE_EDIT_SEARCH_DESC','4','ORG_TYPE_EDIT_SEARCH','ResourceEntity.displayNameMap','Buscar Tipos Org.');
INSERT INTO LANGUAGE_MAPPING (ID,LANGUAGE_ID,REFERENCE_ID,REFERENCE_TYPE,TEXT_VALUE) VALUES ('ESORG_TYPE_SEARCH_DESC','4','ORG_TYPE_SEARCH','ResourceEntity.displayNameMap','Buscar Tipos Org.');
INSERT INTO LANGUAGE_MAPPING (ID,LANGUAGE_ID,REFERENCE_ID,REFERENCE_TYPE,TEXT_VALUE) VALUES ('ESORG_TYPE_SUBMENU_EDIT_DESC','4','ORG_TYPE_SUBMENU_EDIT','ResourceEntity.displayNameMap','Editar Tipo de Organizacin');
INSERT INTO LANGUAGE_MAPPING (ID,LANGUAGE_ID,REFERENCE_ID,REFERENCE_TYPE,TEXT_VALUE) VALUES ('ESORG_TYPE_SUBMENU_ROOT_DESC','4','ORG_TYPE_SUBMENU_ROOT','ResourceEntity.displayNameMap','Tipo Root de Organizacin');
INSERT INTO LANGUAGE_MAPPING (ID,LANGUAGE_ID,REFERENCE_ID,REFERENCE_TYPE,TEXT_VALUE) VALUES ('ESPAGE_TEMPLATE_EDIT_DESC','4','PAGE_TEMPLATE_EDIT','ResourceEntity.displayNameMap','Men Edicin de Plantilla de Pgina');
INSERT INTO LANGUAGE_MAPPING (ID,LANGUAGE_ID,REFERENCE_ID,REFERENCE_TYPE,TEXT_VALUE) VALUES ('ESPAGE_TEMPLATE_EDIT_NEW_DESC','4','PAGE_TEMPLATE_EDIT_NEW','ResourceEntity.displayNameMap','Crear Nueva Plantilla');
INSERT INTO LANGUAGE_MAPPING (ID,LANGUAGE_ID,REFERENCE_ID,REFERENCE_TYPE,TEXT_VALUE) VALUES ('ESPAGE_TEMPLATE_EDIT_SEARCH_DESC','4','PAGE_TEMPLATE_EDIT_SEARCH','ResourceEntity.displayNameMap','Volver a la Busqueda');
INSERT INTO LANGUAGE_MAPPING (ID,LANGUAGE_ID,REFERENCE_ID,REFERENCE_TYPE,TEXT_VALUE) VALUES ('ESPAGE_TEMPLATE_NEW_DSC','4','PAGE_TEMPLATE_NEW','ResourceEntity.displayNameMap','Create New Plantilla');
INSERT INTO LANGUAGE_MAPPING (ID,LANGUAGE_ID,REFERENCE_ID,REFERENCE_TYPE,TEXT_VALUE) VALUES ('ESPAGE_TEMPLATE_ROOT_DESC','4','PAGE_TEMPLATE_ROOT','ResourceEntity.displayNameMap','Menu Root de Plantilla de Pgina');
INSERT INTO LANGUAGE_MAPPING (ID,LANGUAGE_ID,REFERENCE_ID,REFERENCE_TYPE,TEXT_VALUE) VALUES ('ESPAGE_TEMPLATE_SEARCH_DESC','4','PAGE_TEMPLATE_SEARCH','ResourceEntity.displayNameMap','Buscar Plantillas de Pgina');
INSERT INTO LANGUAGE_MAPPING (ID,LANGUAGE_ID,REFERENCE_ID,REFERENCE_TYPE,TEXT_VALUE) VALUES ('ESMetadataTypeEntity54','4','PASSWORD','MetadataTypeEntity.displayNameMap','Campo Contrasea');
INSERT INTO LANGUAGE_MAPPING (ID,LANGUAGE_ID,REFERENCE_ID,REFERENCE_TYPE,TEXT_VALUE) VALUES ('ESPOLICY_MENU_DESC','4','PASSWORD_POLICY','ResourceEntity.displayNameMap','Poltica Contrasea');
INSERT INTO LANGUAGE_MAPPING (ID,LANGUAGE_ID,REFERENCE_ID,REFERENCE_TYPE,TEXT_VALUE) VALUES ('ESPASSWORD_POLICY_EDIT_DESC','4','PASSWORD_POLICY_EDIT','ResourceEntity.displayNameMap','Men Root de Asociacin de Poltica');
INSERT INTO LANGUAGE_MAPPING (ID,LANGUAGE_ID,REFERENCE_ID,REFERENCE_TYPE,TEXT_VALUE) VALUES ('ESPOLICY_ROOT_MENU_DESC','4','PASSWORD_POLICY_ROOT_MENU','ResourceEntity.displayNameMap','Men Root de Poltica de Contrasea');
INSERT INTO LANGUAGE_MAPPING (ID,LANGUAGE_ID,REFERENCE_ID,REFERENCE_TYPE,TEXT_VALUE) VALUES ('ESMetadataTypeEntity55','4','PENDING_APPROVAL','MetadataTypeEntity.displayNameMap','PENDING_APPROVAL');
INSERT INTO LANGUAGE_MAPPING (ID,LANGUAGE_ID,REFERENCE_ID,REFERENCE_TYPE,TEXT_VALUE) VALUES ('ESMetadataTypeEntity56','4','PENDING_INITIAL_LOGIN','MetadataTypeEntity.displayNameMap','PENDING_INITIAL_LOGIN');
INSERT INTO LANGUAGE_MAPPING (ID,LANGUAGE_ID,REFERENCE_ID,REFERENCE_TYPE,TEXT_VALUE) VALUES ('ESMetadataTypeEntity57','4','PENDING_START_DATE','MetadataTypeEntity.displayNameMap','PENDING_START_DATE');
INSERT INTO LANGUAGE_MAPPING (ID,LANGUAGE_ID,REFERENCE_ID,REFERENCE_TYPE,TEXT_VALUE) VALUES ('ESMetadataTypeEntity58','4','PENDING_USER_VALIDATION','MetadataTypeEntity.displayNameMap','PENDING_USER_VALIDATION');
INSERT INTO LANGUAGE_MAPPING (ID,LANGUAGE_ID,REFERENCE_ID,REFERENCE_TYPE,TEXT_VALUE) VALUES ('ESMetadataTypeEntity59','4','PERM FULL TIME','MetadataTypeEntity.displayNameMap','TIEMPO COMPLETO PERMANENTE');
INSERT INTO LANGUAGE_MAPPING (ID,LANGUAGE_ID,REFERENCE_ID,REFERENCE_TYPE,TEXT_VALUE) VALUES ('ESMetadataTypeEntity60','4','PERM PART TIME','MetadataTypeEntity.displayNameMap','TIEMPO PARCIAL PERMANENTE');
INSERT INTO LANGUAGE_MAPPING (ID,LANGUAGE_ID,REFERENCE_ID,REFERENCE_TYPE,TEXT_VALUE) VALUES ('ESPOLICY_ATTR_EDIT_ROOTT_DESC','4','POLICY_ATTR_EDIT_ROOT','ResourceEntity.displayNameMap','Men Root de Edicin de Poltica de Atributo');
INSERT INTO LANGUAGE_MAPPING (ID,LANGUAGE_ID,REFERENCE_ID,REFERENCE_TYPE,TEXT_VALUE) VALUES ('ESPOLICY_ATTR_ROOT_DESC','4','POLICY_ATTR_ROOT','ResourceEntity.displayNameMap','Menu Root de Poltica de Atributo');
INSERT INTO LANGUAGE_MAPPING (ID,LANGUAGE_ID,REFERENCE_ID,REFERENCE_TYPE,TEXT_VALUE) VALUES ('ESMetadataTypeEntity61','4','PRIMARY_EMAIL','MetadataTypeEntity.displayNameMap','Email Primario');
INSERT INTO LANGUAGE_MAPPING (ID,LANGUAGE_ID,REFERENCE_ID,REFERENCE_TYPE,TEXT_VALUE) VALUES ('ESPROFILE_MENU_DISPLAY','4','PROFILE','ResourceEntity.displayNameMap','Editar su Perfil');
INSERT INTO LANGUAGE_MAPPING (ID,LANGUAGE_ID,REFERENCE_ID,REFERENCE_TYPE,TEXT_VALUE) VALUES ('ESPROVCONNECT_MENU_DISPLAY','4','PROVCONNECT','ResourceEntity.displayNameMap','Conectores');
INSERT INTO LANGUAGE_MAPPING (ID,LANGUAGE_ID,REFERENCE_ID,REFERENCE_TYPE,TEXT_VALUE) VALUES ('ESPROVCONNECT_DESC','4','PROVCONNECT_MENU_ITEM','ResourceEntity.displayNameMap','Aprovisionamiento de Conectores');
INSERT INTO LANGUAGE_MAPPING (ID,LANGUAGE_ID,REFERENCE_ID,REFERENCE_TYPE,TEXT_VALUE) VALUES ('ESPROVISIONING_MENU_DISPLAY','4','PROVISIONING','ResourceEntity.displayNameMap','Aprovisionamiento');
INSERT INTO LANGUAGE_MAPPING (ID,LANGUAGE_ID,REFERENCE_ID,REFERENCE_TYPE,TEXT_VALUE) VALUES ('ESPROV_CONNECTOR_DSC','4','PROV_CONNECTOR_NEW','ResourceEntity.displayNameMap','Crear Nuevo Conector');
INSERT INTO LANGUAGE_MAPPING (ID,LANGUAGE_ID,REFERENCE_ID,REFERENCE_TYPE,TEXT_VALUE) VALUES ('ESMetadataTypeEntity62','4','RADIO','MetadataTypeEntity.displayNameMap','Botn Radio');
INSERT INTO LANGUAGE_MAPPING (ID,LANGUAGE_ID,REFERENCE_ID,REFERENCE_TYPE,TEXT_VALUE) VALUES ('ESMetadataTypeEntity63','4','RDBMS_Connector','MetadataTypeEntity.displayNameMap','Conector RDBMS');
INSERT INTO LANGUAGE_MAPPING (ID,LANGUAGE_ID,REFERENCE_ID,REFERENCE_TYPE,TEXT_VALUE) VALUES ('ESMetadataTypeEntity64','4','READY','MetadataTypeEntity.displayNameMap','LISTO');
INSERT INTO LANGUAGE_MAPPING (ID,LANGUAGE_ID,REFERENCE_ID,REFERENCE_TYPE,TEXT_VALUE) VALUES ('ESREPORT_MENU_DISPLAY','4','REPORT','ResourceEntity.displayNameMap','Administrar Informes');
INSERT INTO LANGUAGE_MAPPING (ID,LANGUAGE_ID,REFERENCE_ID,REFERENCE_TYPE,TEXT_VALUE) VALUES ('ESREQINBOX_MENU_DISPLAY','4','REQINBOX','ResourceEntity.displayNameMap','In-Box');
INSERT INTO LANGUAGE_MAPPING (ID,LANGUAGE_ID,REFERENCE_ID,REFERENCE_TYPE,TEXT_VALUE) VALUES ('ESREQUEST_APPROVAL_DESC','4','REQUEST_APPROVAL','ResourceEntity.displayNameMap','Solicitud de Aprovacin');
INSERT INTO LANGUAGE_MAPPING (ID,LANGUAGE_ID,REFERENCE_ID,REFERENCE_TYPE,TEXT_VALUE) VALUES ('ESRESOURCE_EDIT_PAGE_ROOT_DIS','4','RESOURCE_EDIT_PAGE_ROOT','ResourceEntity.displayNameMap','Recurso de Edcin de Pgina Root');
INSERT INTO LANGUAGE_MAPPING (ID,LANGUAGE_ID,REFERENCE_ID,REFERENCE_TYPE,TEXT_VALUE) VALUES ('ESRESPOLICYMAP_MENU_DISPLAY','4','RESPOLICYMAP','ResourceEntity.displayNameMap','Mapa de Poltica');
INSERT INTO LANGUAGE_MAPPING (ID,LANGUAGE_ID,REFERENCE_ID,REFERENCE_TYPE,TEXT_VALUE) VALUES ('ESRESRECONCILE_MENU_DISPLAY','4','RESRECONCILE','ResourceEntity.displayNameMap','Reconciliacin');
INSERT INTO LANGUAGE_MAPPING (ID,LANGUAGE_ID,REFERENCE_ID,REFERENCE_TYPE,TEXT_VALUE) VALUES ('ESRESSUMMARY_MENU_DISPLAY','4','RESSUMMARY','ResourceEntity.displayNameMap','Buscar Recurso');
INSERT INTO LANGUAGE_MAPPING (ID,LANGUAGE_ID,REFERENCE_ID,REFERENCE_TYPE,TEXT_VALUE) VALUES ('ESRES_APROVER_ASSOC_DN','4','RES_APROVER_ASSOC','ResourceEntity.displayNameMap','Validadores');
INSERT INTO LANGUAGE_MAPPING (ID,LANGUAGE_ID,REFERENCE_ID,REFERENCE_TYPE,TEXT_VALUE) VALUES ('ESRES_ENT_SUB_DIS','4','RES_ENT_SUB','ResourceEntity.displayNameMap','Derechos');
INSERT INTO LANGUAGE_MAPPING (ID,LANGUAGE_ID,REFERENCE_ID,REFERENCE_TYPE,TEXT_VALUE) VALUES ('ESRES_TYPE_DESC','4','RES_TYPE_ITEM','ResourceEntity.displayNameMap','Tipos de Recurso');
INSERT INTO LANGUAGE_MAPPING (ID,LANGUAGE_ID,REFERENCE_ID,REFERENCE_TYPE,TEXT_VALUE) VALUES ('ESRES_TYPE_NEW_DESC','4','RES_TYPE_NEW','ResourceEntity.displayNameMap','Nuevo Tipo de Recurso');
INSERT INTO LANGUAGE_MAPPING (ID,LANGUAGE_ID,REFERENCE_ID,REFERENCE_TYPE,TEXT_VALUE) VALUES ('ESMetadataTypeEntity65','4','RETIRED','MetadataTypeEntity.displayNameMap','RETIRADO');
INSERT INTO LANGUAGE_MAPPING (ID,LANGUAGE_ID,REFERENCE_ID,REFERENCE_TYPE,TEXT_VALUE) VALUES ('ESMetadataTypeEntity66','4','RJ','MetadataTypeEntity.displayNameMap','RECHAZADO');
INSERT INTO LANGUAGE_MAPPING (ID,LANGUAGE_ID,REFERENCE_ID,REFERENCE_TYPE,TEXT_VALUE) VALUES ('ESROLE_APROVER_ASSOC_DN','4','ROLE_APROVER_ASSOC','ResourceEntity.displayNameMap','Validadores');
INSERT INTO LANGUAGE_MAPPING (ID,LANGUAGE_ID,REFERENCE_ID,REFERENCE_TYPE,TEXT_VALUE) VALUES ('ESROLE_EDIT_MENU_DESC','4','ROLE_EDIT_MENU','ResourceEntity.displayNameMap','Men Edicin de Rol Root');
INSERT INTO LANGUAGE_MAPPING (ID,LANGUAGE_ID,REFERENCE_ID,REFERENCE_TYPE,TEXT_VALUE) VALUES ('ESROLE_ENTITLEMENTS_DESC','4','ROLE_ENTITLEMENTS','ResourceEntity.displayNameMap','Derechos de Rol');
INSERT INTO LANGUAGE_MAPPING (ID,LANGUAGE_ID,REFERENCE_ID,REFERENCE_TYPE,TEXT_VALUE) VALUES ('ESROLE_MENUS_DESC','4','ROLE_MENUS','ResourceEntity.displayNameMap','Mens');
INSERT INTO LANGUAGE_MAPPING (ID,LANGUAGE_ID,REFERENCE_ID,REFERENCE_TYPE,TEXT_VALUE) VALUES ('ESROLE_ROOT_MENU_DESC','4','ROLE_ROOT_MENU','ResourceEntity.displayNameMap','Men Root de Rol');
INSERT INTO LANGUAGE_MAPPING (ID,LANGUAGE_ID,REFERENCE_ID,REFERENCE_TYPE,TEXT_VALUE) VALUES ('ESROLE_SEARCH_DESC','4','ROLE_SEARCH','ResourceEntity.displayNameMap','Busqueda de Rol');
INSERT INTO LANGUAGE_MAPPING (ID,LANGUAGE_ID,REFERENCE_ID,REFERENCE_TYPE,TEXT_VALUE) VALUES ('ESMetadataTypeEntity67','4','SALES REP','MetadataTypeEntity.displayNameMap','Representante de Ventas');
INSERT INTO LANGUAGE_MAPPING (ID,LANGUAGE_ID,REFERENCE_ID,REFERENCE_TYPE,TEXT_VALUE) VALUES ('ESMetadataTypeEntity68','4','SCRIPT_Connector','MetadataTypeEntity.displayNameMap','Conector de Script');
INSERT INTO LANGUAGE_MAPPING (ID,LANGUAGE_ID,REFERENCE_ID,REFERENCE_TYPE,TEXT_VALUE) VALUES ('ESSEARCH_BATCH_EDIT_DESC','4','SEARCH_BATCH_EDIT','ResourceEntity.displayNameMap','Buscar Tareas Prog.');
INSERT INTO LANGUAGE_MAPPING (ID,LANGUAGE_ID,REFERENCE_ID,REFERENCE_TYPE,TEXT_VALUE) VALUES ('ESSEARCH_BATCH_NEW_DESC','4','SEARCH_BATCH_NEW','ResourceEntity.displayNameMap','Buscar Tareas Prog.');
INSERT INTO LANGUAGE_MAPPING (ID,LANGUAGE_ID,REFERENCE_ID,REFERENCE_TYPE,TEXT_VALUE) VALUES ('ESMetadataTypeEntity69','4','SECURITY MANAGER','MetadataTypeEntity.displayNameMap','GESTOR DE SEGURIDAD');
INSERT INTO LANGUAGE_MAPPING (ID,LANGUAGE_ID,REFERENCE_ID,REFERENCE_TYPE,TEXT_VALUE) VALUES ('ESSECURITY_GROUP_MENU_DISPLAY','4','SECURITY_GROUP','ResourceEntity.displayNameMap','Grupo');
INSERT INTO LANGUAGE_MAPPING (ID,LANGUAGE_ID,REFERENCE_ID,REFERENCE_TYPE,TEXT_VALUE) VALUES ('ESSECURITY_POLICY_MENU_DISPLAY','4','SECURITY_POLICY','ResourceEntity.displayNameMap','Poltica');
INSERT INTO LANGUAGE_MAPPING (ID,LANGUAGE_ID,REFERENCE_ID,REFERENCE_TYPE,TEXT_VALUE) VALUES ('ESSECURITY_RES_MENU_DISPLAY','4','SECURITY_RES','ResourceEntity.displayNameMap','Recurso');
INSERT INTO LANGUAGE_MAPPING (ID,LANGUAGE_ID,REFERENCE_ID,REFERENCE_TYPE,TEXT_VALUE) VALUES ('ESSECURITY_ROLE_MENU_DISPLAY','4','SECURITY_ROLE','ResourceEntity.displayNameMap','Rol');
INSERT INTO LANGUAGE_MAPPING (ID,LANGUAGE_ID,REFERENCE_ID,REFERENCE_TYPE,TEXT_VALUE) VALUES ('ESMetadataTypeEntity70','4','SELECT','MetadataTypeEntity.displayNameMap','Combo box');
INSERT INTO LANGUAGE_MAPPING (ID,LANGUAGE_ID,REFERENCE_ID,REFERENCE_TYPE,TEXT_VALUE) VALUES ('ESSELFCENTER_MENU_DISPLAY','4','SELFCENTER','ResourceEntity.displayNameMap','Centro de AutoServicio');
INSERT INTO LANGUAGE_MAPPING (ID,LANGUAGE_ID,REFERENCE_ID,REFERENCE_TYPE,TEXT_VALUE) VALUES ('ESSELFSERVE_SUP_SUB_DESC','4','SELFSERVE_SUP_SUB','ResourceEntity.displayNameMap','Superiores y Subordinados');
INSERT INTO LANGUAGE_MAPPING (ID,LANGUAGE_ID,REFERENCE_ID,REFERENCE_TYPE,TEXT_VALUE) VALUES ('ESSELFSERVICE_MENU_DISPLAY','4','SELFSERVICE','ResourceEntity.displayNameMap','AUTO SERVICIO');
INSERT INTO LANGUAGE_MAPPING (ID,LANGUAGE_ID,REFERENCE_ID,REFERENCE_TYPE,TEXT_VALUE) VALUES ('ESSELFSERVICE_EXT_DN','4','SELFSERVICE_EXT','ResourceEntity.displayNameMap','Extension Root De AutoServicio');
INSERT INTO LANGUAGE_MAPPING (ID,LANGUAGE_ID,REFERENCE_ID,REFERENCE_TYPE,TEXT_VALUE) VALUES ('ESSELFSERVICE_GROUPS_DN','4','SELFSERVICE_GROUPS','ResourceEntity.displayNameMap','Grupos');
INSERT INTO LANGUAGE_MAPPING (ID,LANGUAGE_ID,REFERENCE_ID,REFERENCE_TYPE,TEXT_VALUE) VALUES ('ESSELFSERVICE_MYAPPS_DESC','4','SELFSERVICE_MYAPPS','ResourceEntity.displayNameMap','Mis Aplicaciones');
INSERT INTO LANGUAGE_MAPPING (ID,LANGUAGE_ID,REFERENCE_ID,REFERENCE_TYPE,TEXT_VALUE) VALUES ('ESSELFSERVICE_MYINFO_DESC','4','SELFSERVICE_MYINFO','ResourceEntity.displayNameMap','Mi Informacin');
INSERT INTO LANGUAGE_MAPPING (ID,LANGUAGE_ID,REFERENCE_ID,REFERENCE_TYPE,TEXT_VALUE) VALUES ('ESSELFSERVICE_REPORT_DESC','4','SELFSERVICE_REPORT','ResourceEntity.displayNameMap','Informe');
INSERT INTO LANGUAGE_MAPPING (ID,LANGUAGE_ID,REFERENCE_ID,REFERENCE_TYPE,TEXT_VALUE) VALUES ('ESSELFSERVICE_RESOURCES_DN','4','SELFSERVICE_RESOURCES','ResourceEntity.displayNameMap','Recruso');
INSERT INTO LANGUAGE_MAPPING (ID,LANGUAGE_ID,REFERENCE_ID,REFERENCE_TYPE,TEXT_VALUE) VALUES ('ESSELFSERVICE_ROLES_DN','4','SELFSERVICE_ROLES','ResourceEntity.displayNameMap','Roles');
INSERT INTO LANGUAGE_MAPPING (ID,LANGUAGE_ID,REFERENCE_ID,REFERENCE_TYPE,TEXT_VALUE) VALUES ('ESSS_ACCESS_REVIEW_DESC','4','SELFSERV_ACCESS_REVIEW','ResourceEntity.displayNameMap','Revisin de Acceso');
INSERT INTO LANGUAGE_MAPPING (ID,LANGUAGE_ID,REFERENCE_ID,REFERENCE_TYPE,TEXT_VALUE) VALUES ('ESSELFSERV_GRP_BACK_SRCH_DN','4','SELFSERV_GRP_BACK_SRCH','ResourceEntity.displayNameMap','Volver a la Busqueda');
INSERT INTO LANGUAGE_MAPPING (ID,LANGUAGE_ID,REFERENCE_ID,REFERENCE_TYPE,TEXT_VALUE) VALUES ('ESSELFSERV_GRP_EDIT_DN','4','SELFSERV_GRP_EDIT','ResourceEntity.displayNameMap','Edit Grupo');
INSERT INTO LANGUAGE_MAPPING (ID,LANGUAGE_ID,REFERENCE_ID,REFERENCE_TYPE,TEXT_VALUE) VALUES ('ESSELFSERV_GRP_NEW_DN','4','SELFSERV_GRP_NEW','ResourceEntity.displayNameMap','Create Nuevo Grupo');
INSERT INTO LANGUAGE_MAPPING (ID,LANGUAGE_ID,REFERENCE_ID,REFERENCE_TYPE,TEXT_VALUE) VALUES ('ESSELFSERV_ROLE_NEW_DN','4','SELFSERV_ROLE_NEW','ResourceEntity.displayNameMap','Crear Nuevo Rol');
INSERT INTO LANGUAGE_MAPPING (ID,LANGUAGE_ID,REFERENCE_ID,REFERENCE_TYPE,TEXT_VALUE) VALUES ('ESSELFSERV_USER_EDIT_DESC','4','SELFSERV_USER_EDIT','ResourceEntity.displayNameMap','Edit User');
INSERT INTO LANGUAGE_MAPPING (ID,LANGUAGE_ID,REFERENCE_ID,REFERENCE_TYPE,TEXT_VALUE) VALUES ('ESSS_USR_EDIT_RT_DESC','4','SELFSERV_USER_EDIT_ROOT','ResourceEntity.displayNameMap','Editar Usuario Root de AutoServicio');
INSERT INTO LANGUAGE_MAPPING (ID,LANGUAGE_ID,REFERENCE_ID,REFERENCE_TYPE,TEXT_VALUE) VALUES ('ESSELFSERV_USER_MEMSHP_DES','4','SELFSERV_USER_MEMSHP','ResourceEntity.displayNameMap','Derechos de Usuario');
INSERT INTO LANGUAGE_MAPPING (ID,LANGUAGE_ID,REFERENCE_ID,REFERENCE_TYPE,TEXT_VALUE) VALUES ('ESSELFSER_USER_LOGIN_DESC','4','SELFSER_USER_LOGIN','ResourceEntity.displayNameMap','Identidades');
INSERT INTO LANGUAGE_MAPPING (ID,LANGUAGE_ID,REFERENCE_ID,REFERENCE_TYPE,TEXT_VALUE) VALUES ('ESSELFSER_USER_NEW_LOGIN_DESC','4','SELFSER_USER_NEW_LOGIN','ResourceEntity.displayNameMap','Crear Nueva Identidad');
INSERT INTO LANGUAGE_MAPPING (ID,LANGUAGE_ID,REFERENCE_ID,REFERENCE_TYPE,TEXT_VALUE) VALUES ('ESSELFSRVS_ACCESS_MNG_ORG_DESC','4','SELFSRVS_ACCESS_MNGMNT_ORG','ResourceEntity.displayNameMap','Organizaciones');
INSERT INTO LANGUAGE_MAPPING (ID,LANGUAGE_ID,REFERENCE_ID,REFERENCE_TYPE,TEXT_VALUE) VALUES ('ESSELFSRV_EXAMPLE_DN','4','SELFSRV_EXAMPLE','ResourceEntity.displayNameMap','Ejemplo');
INSERT INTO LANGUAGE_MAPPING (ID,LANGUAGE_ID,REFERENCE_ID,REFERENCE_TYPE,TEXT_VALUE) VALUES ('ESSELFSRV_GRP_EDIT_ROOT_DESC','4','SELFSRV_GRP_EDIT_ROOT','ResourceEntity.displayNameMap','Edicin Grupo AutoServicio Root');
INSERT INTO LANGUAGE_MAPPING (ID,LANGUAGE_ID,REFERENCE_ID,REFERENCE_TYPE,TEXT_VALUE) VALUES ('ESSELFSRV_GRP_SRCH_ROOT_DESC','4','SELFSRV_GRP_SRCH_ROOT','ResourceEntity.displayNameMap','Grupo AutoServicio Root');
INSERT INTO LANGUAGE_MAPPING (ID,LANGUAGE_ID,REFERENCE_ID,REFERENCE_TYPE,TEXT_VALUE) VALUES ('ESSELFSRV_RES_BACK_SRCH_DN','4','SELFSRV_RES_BACK_SRCH','ResourceEntity.displayNameMap','Volver a la Busqueda');
INSERT INTO LANGUAGE_MAPPING (ID,LANGUAGE_ID,REFERENCE_ID,REFERENCE_TYPE,TEXT_VALUE) VALUES ('ESSELFSRV_RES_EDIT_DN','4','SELFSRV_RES_EDIT','ResourceEntity.displayNameMap','Edit Recurso');
INSERT INTO LANGUAGE_MAPPING (ID,LANGUAGE_ID,REFERENCE_ID,REFERENCE_TYPE,TEXT_VALUE) VALUES ('ESSELFSRV_RES_EDIT_ROOT_DESC','4','SELFSRV_RES_EDIT_ROOT','ResourceEntity.displayNameMap','Edicin de AutoServicio de Recursos Root');
INSERT INTO LANGUAGE_MAPPING (ID,LANGUAGE_ID,REFERENCE_ID,REFERENCE_TYPE,TEXT_VALUE) VALUES ('ESSELFSRV_RES_NEW_DN','4','SELFSRV_RES_NEW','ResourceEntity.displayNameMap','Crear Recurso Nuevo');
INSERT INTO LANGUAGE_MAPPING (ID,LANGUAGE_ID,REFERENCE_ID,REFERENCE_TYPE,TEXT_VALUE) VALUES ('ESSELFSRV_RES_SRCH_ROOT_DN','4','SELFSRV_RES_SRCH_ROOT','ResourceEntity.displayNameMap','Recurso de AutoServicio Root');
INSERT INTO LANGUAGE_MAPPING (ID,LANGUAGE_ID,REFERENCE_ID,REFERENCE_TYPE,TEXT_VALUE) VALUES ('ESSELFSRV_ROLE_BACK_SRCH_DN','4','SELFSRV_ROLE_BACK_SRCH','ResourceEntity.displayNameMap','Volver a la Busqueda');
INSERT INTO LANGUAGE_MAPPING (ID,LANGUAGE_ID,REFERENCE_ID,REFERENCE_TYPE,TEXT_VALUE) VALUES ('ESSELFSRV_ROLE_EDIT_DN','4','SELFSRV_ROLE_EDIT','ResourceEntity.displayNameMap','Editar Rol');
INSERT INTO LANGUAGE_MAPPING (ID,LANGUAGE_ID,REFERENCE_ID,REFERENCE_TYPE,TEXT_VALUE) VALUES ('ESSELFSRV_ROLE_EDIT_ROOT_DESC','4','SELFSRV_ROLE_EDIT_ROOT','ResourceEntity.displayNameMap','Editar Rol de AutoServicio Root');
INSERT INTO LANGUAGE_MAPPING (ID,LANGUAGE_ID,REFERENCE_ID,REFERENCE_TYPE,TEXT_VALUE) VALUES ('ESSELFSRV_ROLE_SRCH_ROOT_DN','4','SELFSRV_ROLE_SRCH_ROOT','ResourceEntity.displayNameMap','Rol AutoServicio Root');
INSERT INTO LANGUAGE_MAPPING (ID,LANGUAGE_ID,REFERENCE_ID,REFERENCE_TYPE,TEXT_VALUE) VALUES ('ESSELF_QUERYUSER_MENU_DISPLAY','4','SELF_QUERYUSER','ResourceEntity.displayNameMap','Administrar Usuaruio');
INSERT INTO LANGUAGE_MAPPING (ID,LANGUAGE_ID,REFERENCE_ID,REFERENCE_TYPE,TEXT_VALUE) VALUES ('ESSELF_SUB_ORGS_EDIT_DESC','4','SELF_SUB_ORGS_EDIT','ResourceEntity.displayNameMap','Editar Organizacin');
INSERT INTO LANGUAGE_MAPPING (ID,LANGUAGE_ID,REFERENCE_ID,REFERENCE_TYPE,TEXT_VALUE) VALUES ('ESSELF_SUB_ORGS_NEW_DESC','4','SELF_SUB_ORGS_NEW','ResourceEntity.displayNameMap','Nueva Organizacin');
INSERT INTO LANGUAGE_MAPPING (ID,LANGUAGE_ID,REFERENCE_ID,REFERENCE_TYPE,TEXT_VALUE) VALUES ('ESSELF_SUB_ORGS_SEARCH_DESC','4','SELF_SUB_ORGS_SEARCH','ResourceEntity.displayNameMap','Buscar Organizacin');
INSERT INTO LANGUAGE_MAPPING (ID,LANGUAGE_ID,REFERENCE_ID,REFERENCE_TYPE,TEXT_VALUE) VALUES ('ESSELF_SUB_REPORT_NEW_DSC','4','SELF_SUB_REPORT_NEW','ResourceEntity.displayNameMap','Subscribirse al Informe');
INSERT INTO LANGUAGE_MAPPING (ID,LANGUAGE_ID,REFERENCE_ID,REFERENCE_TYPE,TEXT_VALUE) VALUES ('ESSELF_SUB_REPORT_ROOT_DESC','4','SELF_SUB_REPORT_ROOT','ResourceEntity.displayNameMap','Men Root Subscribirse al Informe');
INSERT INTO LANGUAGE_MAPPING (ID,LANGUAGE_ID,REFERENCE_ID,REFERENCE_TYPE,TEXT_VALUE) VALUES ('ESSELF_VIEW_REPORT_NEW_DSC','4','SELF_VIEW_REPORT_NEW','ResourceEntity.displayNameMap','Crear Nueva Vista de Informe');
INSERT INTO LANGUAGE_MAPPING (ID,LANGUAGE_ID,REFERENCE_ID,REFERENCE_TYPE,TEXT_VALUE) VALUES ('ESSELF_VIEW_REPORT_ROOT_DESC','4','SELF_VIEW_REPORT_ROOT','ResourceEntity.displayNameMap','Men Root Ver Informe');
INSERT INTO LANGUAGE_MAPPING (ID,LANGUAGE_ID,REFERENCE_ID,REFERENCE_TYPE,TEXT_VALUE) VALUES ('ESMetadataTypeEntity71','4','SERVICE REP','MetadataTypeEntity.displayNameMap','REPRESENTANTE DE SERVICIO');
INSERT INTO LANGUAGE_MAPPING (ID,LANGUAGE_ID,REFERENCE_ID,REFERENCE_TYPE,TEXT_VALUE) VALUES ('ESMetadataTypeEntity72','4','SOAP_Connector','MetadataTypeEntity.displayNameMap','Conector SOAP');
INSERT INTO LANGUAGE_MAPPING (ID,LANGUAGE_ID,REFERENCE_ID,REFERENCE_TYPE,TEXT_VALUE) VALUES ('ESSS_GRP_ENT_DN','4','SS_GRP_ENT','ResourceEntity.displayNameMap','Derechos');
INSERT INTO LANGUAGE_MAPPING (ID,LANGUAGE_ID,REFERENCE_ID,REFERENCE_TYPE,TEXT_VALUE) VALUES ('ESSS_ORG_BACK_SEARCH_DN','4','SS_ORG_BACK_SEARCH','ResourceEntity.displayNameMap','Volver a la Busqueda');
INSERT INTO LANGUAGE_MAPPING (ID,LANGUAGE_ID,REFERENCE_ID,REFERENCE_TYPE,TEXT_VALUE) VALUES ('ESSS_RES_ENT_DN','4','SS_RES_ENT','ResourceEntity.displayNameMap','Derechos');
INSERT INTO LANGUAGE_MAPPING (ID,LANGUAGE_ID,REFERENCE_ID,REFERENCE_TYPE,TEXT_VALUE) VALUES ('ESSS_ROLE_ENT_DN','4','SS_ROLE_ENT','ResourceEntity.displayNameMap','Derechos');
INSERT INTO LANGUAGE_MAPPING (ID,LANGUAGE_ID,REFERENCE_ID,REFERENCE_TYPE,TEXT_VALUE) VALUES ('ESSUBSCRIBE_MENU_DESC','4','SUBSCRIBE','ResourceEntity.displayNameMap','Subscribirse');
INSERT INTO LANGUAGE_MAPPING (ID,LANGUAGE_ID,REFERENCE_ID,REFERENCE_TYPE,TEXT_VALUE) VALUES ('ESSUBSIDIARY','4','SUBSIDIARY','OrganizationTypeEntity.displayNameMap','Subsidiario');
INSERT INTO LANGUAGE_MAPPING (ID,LANGUAGE_ID,REFERENCE_ID,REFERENCE_TYPE,TEXT_VALUE) VALUES ('ESSUP_SUB_PAGE_DIS','4','SUP_SUB_PAGE','ResourceEntity.displayNameMap','Superiores y Subordinados');
INSERT INTO LANGUAGE_MAPPING (ID,LANGUAGE_ID,REFERENCE_ID,REFERENCE_TYPE,TEXT_VALUE) VALUES ('ESSYNCLOG_ADMIN_DESC','4','SYNCLOG','ResourceEntity.displayNameMap','Visor de Log');
INSERT INTO LANGUAGE_MAPPING (ID,LANGUAGE_ID,REFERENCE_ID,REFERENCE_TYPE,TEXT_VALUE) VALUES ('ESSYNCLOG_DESC','4','SYNCLOG_MENU_ITEM','ResourceEntity.displayNameMap','Transaccin de Sincronizacin de Visor de Log');
INSERT INTO LANGUAGE_MAPPING (ID,LANGUAGE_ID,REFERENCE_ID,REFERENCE_TYPE,TEXT_VALUE) VALUES ('ESSYNCUSER_MENU_DISPLAY','4','SYNCUSER','ResourceEntity.displayNameMap','Sincronizacin');
INSERT INTO LANGUAGE_MAPPING (ID,LANGUAGE_ID,REFERENCE_ID,REFERENCE_TYPE,TEXT_VALUE) VALUES ('ESSYNCUSER_EDIT_DESC','4','SYNCUSER_EDIT','ResourceEntity.displayNameMap','Editar Sincronizacin');
INSERT INTO LANGUAGE_MAPPING (ID,LANGUAGE_ID,REFERENCE_ID,REFERENCE_TYPE,TEXT_VALUE) VALUES ('ESSYNCUSER_DESC','4','SYNCUSER_MENU_ITEM','ResourceEntity.displayNameMap','Sincronizacin');
INSERT INTO LANGUAGE_MAPPING (ID,LANGUAGE_ID,REFERENCE_ID,REFERENCE_TYPE,TEXT_VALUE) VALUES ('ESSYNCUSER_NEW_DESC','4','SYNCUSER_NEW','ResourceEntity.displayNameMap','Crear Sincronizacin');
INSERT INTO LANGUAGE_MAPPING (ID,LANGUAGE_ID,REFERENCE_ID,REFERENCE_TYPE,TEXT_VALUE) VALUES ('ESSYNCUSER_POLICYMAP_DESC','4','SYNCUSER_POLICYMAP','ResourceEntity.displayNameMap','Mapa de Poltica');
INSERT INTO LANGUAGE_MAPPING (ID,LANGUAGE_ID,REFERENCE_ID,REFERENCE_TYPE,TEXT_VALUE) VALUES ('ESMetadataTypeEntity73','4','SYS ACCOUNT','MetadataTypeEntity.displayNameMap','CUENTA DE SISTEMA');
INSERT INTO LANGUAGE_MAPPING (ID,LANGUAGE_ID,REFERENCE_ID,REFERENCE_TYPE,TEXT_VALUE) VALUES ('ESMetadataTypeEntity74','4','SystemAccount','MetadataTypeEntity.displayNameMap','Tipo de Cuenta de Sistema');
INSERT INTO LANGUAGE_MAPPING (ID,LANGUAGE_ID,REFERENCE_ID,REFERENCE_TYPE,TEXT_VALUE) VALUES ('ESMetadataTypeEntity75','4','SYS_ACTION','MetadataTypeEntity.displayNameMap','Acciones de Sistema');
INSERT INTO LANGUAGE_MAPPING (ID,LANGUAGE_ID,REFERENCE_ID,REFERENCE_TYPE,TEXT_VALUE) VALUES ('ESSYS_ACTION','4','SYS_ACTION','ResourceTypeEntity.displayNameMap','Accin de Sistema');
INSERT INTO LANGUAGE_MAPPING (ID,LANGUAGE_ID,REFERENCE_ID,REFERENCE_TYPE,TEXT_VALUE) VALUES ('ESTEMPLATE_SEARCH_CHILD_DESC','4','TEMPLATE_SEARCH_CHILD','ResourceEntity.displayNameMap','Plantilla de pgina');
INSERT INTO LANGUAGE_MAPPING (ID,LANGUAGE_ID,REFERENCE_ID,REFERENCE_TYPE,TEXT_VALUE) VALUES ('ESMetadataTypeEntity76','4','TERMINATE','MetadataTypeEntity.displayNameMap','FINALIZAR');
INSERT INTO LANGUAGE_MAPPING (ID,LANGUAGE_ID,REFERENCE_ID,REFERENCE_TYPE,TEXT_VALUE) VALUES ('ESMetadataTypeEntity77','4','TEXT','MetadataTypeEntity.displayNameMap','Campo Texto');
INSERT INTO LANGUAGE_MAPPING (ID,LANGUAGE_ID,REFERENCE_ID,REFERENCE_TYPE,TEXT_VALUE) VALUES ('ESMetadataTypeEntity78','4','TEXTAREA','MetadataTypeEntity.displayNameMap','Campo Multilinea de Texto');
INSERT INTO LANGUAGE_MAPPING (ID,LANGUAGE_ID,REFERENCE_ID,REFERENCE_TYPE,TEXT_VALUE) VALUES ('ESMetadataTypeEntity79','4','UB','MetadataTypeEntity.displayNameMap','NO-DESHABILITADO');
INSERT INTO LANGUAGE_MAPPING (ID,LANGUAGE_ID,REFERENCE_ID,REFERENCE_TYPE,TEXT_VALUE) VALUES ('ESMetadataTypeEntity80','4','UI_TEMPLATE','MetadataTypeEntity.displayNameMap','UI_Plantilla');
INSERT INTO LANGUAGE_MAPPING (ID,LANGUAGE_ID,REFERENCE_ID,REFERENCE_TYPE,TEXT_VALUE) VALUES ('ESUI_TEMPLATE','4','UI_TEMPLATE','ResourceTypeEntity.displayNameMap','UI Plantilla');
INSERT INTO LANGUAGE_MAPPING (ID,LANGUAGE_ID,REFERENCE_ID,REFERENCE_TYPE,TEXT_VALUE) VALUES ('ESUI_THEMES_DN','4','UI_THEMES','ResourceEntity.displayNameMap','UI Temas');
INSERT INTO LANGUAGE_MAPPING (ID,LANGUAGE_ID,REFERENCE_ID,REFERENCE_TYPE,TEXT_VALUE) VALUES ('ESUI_THEME_BACK_SRCH_DN','4','UI_THEME_BACK_SRCH','ResourceEntity.displayNameMap','Volver a la Busqueda');
INSERT INTO LANGUAGE_MAPPING (ID,LANGUAGE_ID,REFERENCE_ID,REFERENCE_TYPE,TEXT_VALUE) VALUES ('ESUI_THEME_EDIT_DN','4','UI_THEME_EDIT','ResourceEntity.displayNameMap','Editar Tema UI');
INSERT INTO LANGUAGE_MAPPING (ID,LANGUAGE_ID,REFERENCE_ID,REFERENCE_TYPE,TEXT_VALUE) VALUES ('ESUI_THEME_EDIT_MODIFY_DN','4','UI_THEME_EDIT_MODIFY','ResourceEntity.displayNameMap','Editar Tema UI');
INSERT INTO LANGUAGE_MAPPING (ID,LANGUAGE_ID,REFERENCE_ID,REFERENCE_TYPE,TEXT_VALUE) VALUES ('ESUI_THEME_ROOT_DN','4','UI_THEME_ROOT','ResourceEntity.displayNameMap','Tema Root UI');
INSERT INTO LANGUAGE_MAPPING (ID,LANGUAGE_ID,REFERENCE_ID,REFERENCE_TYPE,TEXT_VALUE) VALUES ('ESUI_THEME_ROOT_SRCH_DN','4','UI_THEME_ROOT_SRCH','ResourceEntity.displayNameMap','Buscar Tema UI');
INSERT INTO LANGUAGE_MAPPING (ID,LANGUAGE_ID,REFERENCE_ID,REFERENCE_TYPE,TEXT_VALUE) VALUES ('ESMetadataTypeEntity81','4','UI_WIDGET','MetadataTypeEntity.displayNameMap','UI_WIDGET');
INSERT INTO LANGUAGE_MAPPING (ID,LANGUAGE_ID,REFERENCE_ID,REFERENCE_TYPE,TEXT_VALUE) VALUES ('ESUI_WIDGET','4','UI_WIDGET','ResourceTypeEntity.displayNameMap','UI Widget');
INSERT INTO LANGUAGE_MAPPING (ID,LANGUAGE_ID,REFERENCE_ID,REFERENCE_TYPE,TEXT_VALUE) VALUES ('ESUPLOAD_CUST_PSWD_POLICY_DESC','4','UPLOAD_CUST_PSWD_POLICY','ResourceEntity.displayNameMap','Config. Pol. de Contrasea');
INSERT INTO LANGUAGE_MAPPING (ID,LANGUAGE_ID,REFERENCE_ID,REFERENCE_TYPE,TEXT_VALUE) VALUES ('ESURI_META_BACK_DESC','4','URI_META_BACK','ResourceEntity.displayNameMap','Volver al Patrn');
INSERT INTO LANGUAGE_MAPPING (ID,LANGUAGE_ID,REFERENCE_ID,REFERENCE_TYPE,TEXT_VALUE) VALUES ('ESURI_META_EDIT_DESC','4','URI_META_EDIT','ResourceEntity.displayNameMap','URI Meta Root Item');
INSERT INTO LANGUAGE_MAPPING (ID,LANGUAGE_ID,REFERENCE_ID,REFERENCE_TYPE,TEXT_VALUE) VALUES ('ESURI_PATTERN_EDIT_DESC','4','URI_PATTERN_EDIT','ResourceEntity.displayNameMap','URI Ptrn de Edicin Men');
INSERT INTO LANGUAGE_MAPPING (ID,LANGUAGE_ID,REFERENCE_ID,REFERENCE_TYPE,TEXT_VALUE) VALUES ('ESURI_PATTERN_EDNW_PATTERN_DESC','4','URI_PATTERN_EDIT_NEW_PATTERN','ResourceEntity.displayNameMap','Crear Patrn URI');
INSERT INTO LANGUAGE_MAPPING (ID,LANGUAGE_ID,REFERENCE_ID,REFERENCE_TYPE,TEXT_VALUE) VALUES ('ESURI_PATTERN_EDIT_PATTERN_DESC','4','URI_PATTERN_EDIT_PATTERN','ResourceEntity.displayNameMap','Editar Patrn URI');
INSERT INTO LANGUAGE_MAPPING (ID,LANGUAGE_ID,REFERENCE_ID,REFERENCE_TYPE,TEXT_VALUE) VALUES ('ESURI_PATRN_EDT_PROV_SEARCH_DESC','4','URI_PATTERN_EDT_PROV_SEARCH','ResourceEntity.displayNameMap','Buscar Proveedor');
INSERT INTO LANGUAGE_MAPPING (ID,LANGUAGE_ID,REFERENCE_ID,REFERENCE_TYPE,TEXT_VALUE) VALUES ('ESMetadataTypeEntity82','4','URL','MetadataTypeEntity.displayNameMap','URL');
INSERT INTO LANGUAGE_MAPPING (ID,LANGUAGE_ID,REFERENCE_ID,REFERENCE_TYPE,TEXT_VALUE) VALUES ('ESMetadataTypeEntity83','4','URL_PATTERN','MetadataTypeEntity.displayNameMap','Patrn Url');
INSERT INTO LANGUAGE_MAPPING (ID,LANGUAGE_ID,REFERENCE_ID,REFERENCE_TYPE,TEXT_VALUE) VALUES ('ESURL_PATTERN','4','URL_PATTERN','ResourceTypeEntity.displayNameMap','Patrn Url');
INSERT INTO LANGUAGE_MAPPING (ID,LANGUAGE_ID,REFERENCE_ID,REFERENCE_TYPE,TEXT_VALUE) VALUES ('ESUSER_MENU_DESC','4','USER','ResourceEntity.displayNameMap','Usuario');
INSERT INTO LANGUAGE_MAPPING (ID,LANGUAGE_ID,REFERENCE_ID,REFERENCE_TYPE,TEXT_VALUE) VALUES ('ESUSER_ATTRIBUTES_DESC','4','USER_ATTRIBUTES','ResourceEntity.displayNameMap','Atributos de Usuario');
INSERT INTO LANGUAGE_MAPPING (ID,LANGUAGE_ID,REFERENCE_ID,REFERENCE_TYPE,TEXT_VALUE) VALUES ('ESUSER_BULK_MENU_DISPLAY','4','USER_BULK','ResourceEntity.displayNameMap','Operaciones masivas');
INSERT INTO LANGUAGE_MAPPING (ID,LANGUAGE_ID,REFERENCE_ID,REFERENCE_TYPE,TEXT_VALUE) VALUES ('ESUSER_DELEGATION_DESC','4','USER_DELEGATION','ResourceEntity.displayNameMap','Administracin delegada');
INSERT INTO LANGUAGE_MAPPING (ID,LANGUAGE_ID,REFERENCE_ID,REFERENCE_TYPE,TEXT_VALUE) VALUES ('ESUSER_EDIT_CONTACT_INFO_DESC','4','USER_EDIT_CONTACT_INFO','ResourceEntity.displayNameMap','Informacin de Contacto');
INSERT INTO LANGUAGE_MAPPING (ID,LANGUAGE_ID,REFERENCE_ID,REFERENCE_TYPE,TEXT_VALUE) VALUES ('ESUSER_EDIT_INFO_DESC','4','USER_EDIT_INFO','ResourceEntity.displayNameMap','Informacin de Usuario');
INSERT INTO LANGUAGE_MAPPING (ID,LANGUAGE_ID,REFERENCE_ID,REFERENCE_TYPE,TEXT_VALUE) VALUES ('ESUSER_EDIT_MENU_DESC','4','USER_EDIT_MENU','ResourceEntity.displayNameMap','Men Root Edicin de Usuario');
INSERT INTO LANGUAGE_MAPPING (ID,LANGUAGE_ID,REFERENCE_ID,REFERENCE_TYPE,TEXT_VALUE) VALUES ('ESUSER_ENTITLEMENTS_DESC','4','USER_ENTITLEMENTS','ResourceEntity.displayNameMap','Derechos de Usuario');
INSERT INTO LANGUAGE_MAPPING (ID,LANGUAGE_ID,REFERENCE_ID,REFERENCE_TYPE,TEXT_VALUE) VALUES ('ESUSER_HISTORY_DESC','4','USER_HISTORY','ResourceEntity.displayNameMap','Historial de Usuario');
INSERT INTO LANGUAGE_MAPPING (ID,LANGUAGE_ID,REFERENCE_ID,REFERENCE_TYPE,TEXT_VALUE) VALUES ('ESUSER_IDENTITY_DESC','4','USER_IDENTITY','ResourceEntity.displayNameMap','Identidades de Usuario');
INSERT INTO LANGUAGE_MAPPING (ID,LANGUAGE_ID,REFERENCE_ID,REFERENCE_TYPE,TEXT_VALUE) VALUES ('ESUSER_MENUS_DESC','4','USER_MENUS','ResourceEntity.displayNameMap','Mens');
INSERT INTO LANGUAGE_MAPPING (ID,LANGUAGE_ID,REFERENCE_ID,REFERENCE_TYPE,TEXT_VALUE) VALUES ('ESUSER_RESET_PASSWORD_DESC','4','USER_RESET_PASSWORD','ResourceEntity.displayNameMap','Resetear Contrasea');
INSERT INTO LANGUAGE_MAPPING (ID,LANGUAGE_ID,REFERENCE_ID,REFERENCE_TYPE,TEXT_VALUE) VALUES ('ESUSER_ROOT_MENU_DESC','4','USER_ROOT_MENU','ResourceEntity.displayNameMap','Men Root de Usuario');
INSERT INTO LANGUAGE_MAPPING (ID,LANGUAGE_ID,REFERENCE_ID,REFERENCE_TYPE,TEXT_VALUE) VALUES ('ESUSER_SEARCH_DESC','4','USER_SEARCH','ResourceEntity.displayNameMap','Buscar Usuario');
INSERT INTO LANGUAGE_MAPPING (ID,LANGUAGE_ID,REFERENCE_ID,REFERENCE_TYPE,TEXT_VALUE) VALUES ('ESMetadataTypeEntity84','4','VENDOR','MetadataTypeEntity.displayNameMap','VENDEDOR');
INSERT INTO LANGUAGE_MAPPING (ID,LANGUAGE_ID,REFERENCE_ID,REFERENCE_TYPE,TEXT_VALUE) VALUES ('ESVIEW_MENU_DESC','4','VIEW','ResourceEntity.displayNameMap','Vista');
INSERT INTO LANGUAGE_MAPPING (ID,LANGUAGE_ID,REFERENCE_ID,REFERENCE_TYPE,TEXT_VALUE) VALUES ('ESMetadataTypeEntity85','4','WEBSERVICE','MetadataTypeEntity.displayNameMap','Servicio Web');
INSERT INTO LANGUAGE_MAPPING (ID,LANGUAGE_ID,REFERENCE_ID,REFERENCE_TYPE,TEXT_VALUE) VALUES ('ESMetadataTypeEntity86','4','WEBSERVICE_OP','MetadataTypeEntity.displayNameMap','Operacin de Servicio Web');
INSERT INTO LANGUAGE_MAPPING (ID,LANGUAGE_ID,REFERENCE_ID,REFERENCE_TYPE,TEXT_VALUE) VALUES ('ESWEB_REPORT_DESC','4','WEB_REPORT','ResourceEntity.displayNameMap','Informe');
INSERT INTO LANGUAGE_MAPPING (ID,LANGUAGE_ID,REFERENCE_ID,REFERENCE_TYPE,TEXT_VALUE) VALUES ('ESWEB_REPORT_NEW_DSC','4','WEB_REPORT_NEW','ResourceEntity.displayNameMap','Crear Nuevo Informe');
INSERT INTO LANGUAGE_MAPPING (ID,LANGUAGE_ID,REFERENCE_ID,REFERENCE_TYPE,TEXT_VALUE) VALUES ('ESWEB_REPORT_ROOT_DESC','4','WEB_REPORT_ROOT','ResourceEntity.displayNameMap','Men Root de Informe');
INSERT INTO LANGUAGE_MAPPING (ID,LANGUAGE_ID,REFERENCE_ID,REFERENCE_TYPE,TEXT_VALUE) VALUES ('ESMetadataTypeEntity87','4','WORK_EMAIL','MetadataTypeEntity.displayNameMap','Email de Trabajo');
----------------------------------------------------------------------------

delete from LANGUAGE_LOCALE where LANGUAGE_ID='2';
delete from LANGUAGE_MAPPING where LANGUAGE_ID='2';
delete from LANGUAGE_MAPPING where LANGUAGE_ID in ('1','4') AND REFERENCE_ID='2' AND REFERENCE_TYPE like 'Language%';
delete from LANGUAGE where ID='2';


insert into LANGUAGE(ID, LANGUAGE,  IS_USED, LANGUAGE_CODE, IS_DEFAULT)
values ('2', 'German', 'Y', 'de', 'N');

insert into LANGUAGE_LOCALE(ID, LANGUAGE_ID,  LOCALE)
values ('11', '2', 'de_DE');

INSERT INTO LANGUAGE_MAPPING (ID,LANGUAGE_ID,REFERENCE_ID,REFERENCE_TYPE,TEXT_VALUE) VALUES ('DELanguageEntity1','2','1','LanguageEntity.displayNameMap','Englisch');
INSERT INTO LANGUAGE_MAPPING (ID,LANGUAGE_ID,REFERENCE_ID,REFERENCE_TYPE,TEXT_VALUE) VALUES ('DELanguageEntity2','2','2','LanguageEntity.displayNameMap','Deutsch');
INSERT INTO LANGUAGE_MAPPING (ID,LANGUAGE_ID,REFERENCE_ID,REFERENCE_TYPE,TEXT_VALUE) VALUES ('DEElementMigrate101','2','101','MetadataElementEntity.languageMap','Anzeigename');
INSERT INTO LANGUAGE_MAPPING (ID,LANGUAGE_ID,REFERENCE_ID,REFERENCE_TYPE,TEXT_VALUE) VALUES ('DEElementMigrate104','2','104','MetadataElementEntity.languageMap','Sprache');
INSERT INTO LANGUAGE_MAPPING (ID,LANGUAGE_ID,REFERENCE_ID,REFERENCE_TYPE,TEXT_VALUE) VALUES ('DEElementMigrate105','2','105','MetadataElementEntity.languageMap','Kraftfahrzeugzulassung');
INSERT INTO LANGUAGE_MAPPING (ID,LANGUAGE_ID,REFERENCE_ID,REFERENCE_TYPE,TEXT_VALUE) VALUES ('DEElementMigrate106','2','106','MetadataElementEntity.languageMap','Vorname');
INSERT INTO LANGUAGE_MAPPING (ID,LANGUAGE_ID,REFERENCE_ID,REFERENCE_TYPE,TEXT_VALUE) VALUES ('DEElementMigrate107','2','107','MetadataElementEntity.languageMap','LabeledURI');
INSERT INTO LANGUAGE_MAPPING (ID,LANGUAGE_ID,REFERENCE_ID,REFERENCE_TYPE,TEXT_VALUE) VALUES ('DEElementMigrate108','2','108','MetadataElementEntity.languageMap','Initialen');
INSERT INTO LANGUAGE_MAPPING (ID,LANGUAGE_ID,REFERENCE_ID,REFERENCE_TYPE,TEXT_VALUE) VALUES ('DEElementMigrate110','2','110','MetadataElementEntity.languageMap','Geschaftskategorie');
INSERT INTO LANGUAGE_MAPPING (ID,LANGUAGE_ID,REFERENCE_ID,REFERENCE_TYPE,TEXT_VALUE) VALUES ('DEElementMigrate131','2','131','MetadataElementEntity.languageMap','Anzeigename');
INSERT INTO LANGUAGE_MAPPING (ID,LANGUAGE_ID,REFERENCE_ID,REFERENCE_TYPE,TEXT_VALUE) VALUES ('DEElementMigrate134','2','134','MetadataElementEntity.languageMap','Sprache');
INSERT INTO LANGUAGE_MAPPING (ID,LANGUAGE_ID,REFERENCE_ID,REFERENCE_TYPE,TEXT_VALUE) VALUES ('DEElementMigrate135','2','135','MetadataElementEntity.languageMap','Kraftfahrzeugzulassung');
INSERT INTO LANGUAGE_MAPPING (ID,LANGUAGE_ID,REFERENCE_ID,REFERENCE_TYPE,TEXT_VALUE) VALUES ('DEElementMigrate136','2','136','MetadataElementEntity.languageMap','Vorname');
INSERT INTO LANGUAGE_MAPPING (ID,LANGUAGE_ID,REFERENCE_ID,REFERENCE_TYPE,TEXT_VALUE) VALUES ('DEElementMigrate137','2','137','MetadataElementEntity.languageMap','+++LabeledURI');
INSERT INTO LANGUAGE_MAPPING (ID,LANGUAGE_ID,REFERENCE_ID,REFERENCE_TYPE,TEXT_VALUE) VALUES ('DEElementMigrate138','2','138','MetadataElementEntity.languageMap','Initialen');
INSERT INTO LANGUAGE_MAPPING (ID,LANGUAGE_ID,REFERENCE_ID,REFERENCE_TYPE,TEXT_VALUE) VALUES ('DEElementMigrate140','2','140','MetadataElementEntity.languageMap','Anzeigename');
INSERT INTO LANGUAGE_MAPPING (ID,LANGUAGE_ID,REFERENCE_ID,REFERENCE_TYPE,TEXT_VALUE) VALUES ('DEElementMigrate150','2','150','MetadataElementEntity.languageMap','Anzeigename');
INSERT INTO LANGUAGE_MAPPING (ID,LANGUAGE_ID,REFERENCE_ID,REFERENCE_TYPE,TEXT_VALUE) VALUES ('DEElementMigrate160','2','160','MetadataElementEntity.languageMap','Anzeigename');
INSERT INTO LANGUAGE_MAPPING (ID,LANGUAGE_ID,REFERENCE_ID,REFERENCE_TYPE,TEXT_VALUE) VALUES ('DE200','2','200','IdentityQuestionEntity.displayNameMap','Welches sind die letzten vier Zahlen Ihrer Reisepass-Nummer?');
INSERT INTO LANGUAGE_MAPPING (ID,LANGUAGE_ID,REFERENCE_ID,REFERENCE_TYPE,TEXT_VALUE) VALUES ('DE201','2','201','IdentityQuestionEntity.displayNameMap','Wie ist der Mdchenname Ihrer Mutter?');
INSERT INTO LANGUAGE_MAPPING (ID,LANGUAGE_ID,REFERENCE_ID,REFERENCE_TYPE,TEXT_VALUE) VALUES ('DE202','2','202','IdentityQuestionEntity.displayNameMap','Wo gingen Sie zur Schule?');
INSERT INTO LANGUAGE_MAPPING (ID,LANGUAGE_ID,REFERENCE_ID,REFERENCE_TYPE,TEXT_VALUE) VALUES ('DE203','2','203','IdentityQuestionEntity.displayNameMap','Wie ist der name Ihres Haustiers?');
INSERT INTO LANGUAGE_MAPPING (ID,LANGUAGE_ID,REFERENCE_ID,REFERENCE_TYPE,TEXT_VALUE) VALUES ('DE204','2','204','IdentityQuestionEntity.displayNameMap','Was ist Ihr Lieblingsessen?');
INSERT INTO LANGUAGE_MAPPING (ID,LANGUAGE_ID,REFERENCE_ID,REFERENCE_TYPE,TEXT_VALUE) VALUES ('DE205','2','205','IdentityQuestionEntity.displayNameMap','Welches ist Ihre Lieblingsfarbe?');
INSERT INTO LANGUAGE_MAPPING (ID,LANGUAGE_ID,REFERENCE_ID,REFERENCE_TYPE,TEXT_VALUE) VALUES ('DE206','2','206','IdentityQuestionEntity.displayNameMap','Wo ist Ihr Geburtsort?');
INSERT INTO LANGUAGE_MAPPING (ID,LANGUAGE_ID,REFERENCE_ID,REFERENCE_TYPE,TEXT_VALUE) VALUES ('DE207','2','207','IdentityQuestionEntity.displayNameMap','Welches ist Ihre Lieblingssportart?');
INSERT INTO LANGUAGE_MAPPING (ID,LANGUAGE_ID,REFERENCE_ID,REFERENCE_TYPE,TEXT_VALUE) VALUES ('DE209','2','209','IdentityQuestionEntity.displayNameMap','Welches sind die letzten vier Zahlen Ihrer Fahrerlaubnis-Nummer?');
INSERT INTO LANGUAGE_MAPPING (ID,LANGUAGE_ID,REFERENCE_ID,REFERENCE_TYPE,TEXT_VALUE) VALUES ('DE210','2','210','IdentityQuestionEntity.displayNameMap','Wie ist der Name Ihrer Lieblingsschule?');
INSERT INTO LANGUAGE_MAPPING (ID,LANGUAGE_ID,REFERENCE_ID,REFERENCE_TYPE,TEXT_VALUE) VALUES ('DE211','2','211','IdentityQuestionEntity.displayNameMap','Wie ist der Name Ihres Lieblingshaustiers?');
INSERT INTO LANGUAGE_MAPPING (ID,LANGUAGE_ID,REFERENCE_ID,REFERENCE_TYPE,TEXT_VALUE) VALUES ('DE212','2','212','IdentityQuestionEntity.displayNameMap','Wie ist der Name Ihres Lieblingsfilm, -theaterstck oder -lied?');
INSERT INTO LANGUAGE_MAPPING (ID,LANGUAGE_ID,REFERENCE_ID,REFERENCE_TYPE,TEXT_VALUE) VALUES ('DE213','2','213','IdentityQuestionEntity.displayNameMap','Wie ist der Titel Ihres Lieblingsbuch?');
INSERT INTO LANGUAGE_MAPPING (ID,LANGUAGE_ID,REFERENCE_ID,REFERENCE_TYPE,TEXT_VALUE) VALUES ('DE214','2','214','IdentityQuestionEntity.displayNameMap','Wie ist der Name Ihrer(s) ersten Freundin(es)?');
INSERT INTO LANGUAGE_MAPPING (ID,LANGUAGE_ID,REFERENCE_ID,REFERENCE_TYPE,TEXT_VALUE) VALUES ('DE215','2','215','IdentityQuestionEntity.displayNameMap','Wie ist der Name Ihres Lieblingslehrers whrend der Schulzeit?');
INSERT INTO LANGUAGE_MAPPING (ID,LANGUAGE_ID,REFERENCE_ID,REFERENCE_TYPE,TEXT_VALUE) VALUES ('DE216','2','216','IdentityQuestionEntity.displayNameMap','Wie war der Spitzname Ihres ersten Fahrzeuges?');
INSERT INTO LANGUAGE_MAPPING (ID,LANGUAGE_ID,REFERENCE_ID,REFERENCE_TYPE,TEXT_VALUE) VALUES ('DE217','2','217','IdentityQuestionEntity.displayNameMap','Wo traffen Sie Ihre bessere Hlfte?');
INSERT INTO LANGUAGE_MAPPING (ID,LANGUAGE_ID,REFERENCE_ID,REFERENCE_TYPE,TEXT_VALUE) VALUES ('DE218','2','218','IdentityQuestionEntity.displayNameMap','Welcher Art war Ihr erstes Haustier?');
INSERT INTO LANGUAGE_MAPPING (ID,LANGUAGE_ID,REFERENCE_ID,REFERENCE_TYPE,TEXT_VALUE) VALUES ('DEElementMigrate260','2','260','MetadataElementEntity.languageMap','BusinessCategory');
INSERT INTO LANGUAGE_MAPPING (ID,LANGUAGE_ID,REFERENCE_ID,REFERENCE_TYPE,TEXT_VALUE) VALUES ('DEElementMigrate261','2','261','MetadataElementEntity.languageMap','StartDate');
INSERT INTO LANGUAGE_MAPPING (ID,LANGUAGE_ID,REFERENCE_ID,REFERENCE_TYPE,TEXT_VALUE) VALUES ('DEElementMigrate262','2','262','MetadataElementEntity.languageMap','EndDate');
INSERT INTO LANGUAGE_MAPPING (ID,LANGUAGE_ID,REFERENCE_ID,REFERENCE_TYPE,TEXT_VALUE) VALUES ('DEElementMigrate300','2','300','MetadataElementEntity.languageMap','name');
INSERT INTO LANGUAGE_MAPPING (ID,LANGUAGE_ID,REFERENCE_ID,REFERENCE_TYPE,TEXT_VALUE) VALUES ('DEElementMigrate301','2','301','MetadataElementEntity.languageMap','distinguishedName');
INSERT INTO LANGUAGE_MAPPING (ID,LANGUAGE_ID,REFERENCE_ID,REFERENCE_TYPE,TEXT_VALUE) VALUES ('DEElementMigrate302','2','302','MetadataElementEntity.languageMap','objectclass');
INSERT INTO LANGUAGE_MAPPING (ID,LANGUAGE_ID,REFERENCE_ID,REFERENCE_TYPE,TEXT_VALUE) VALUES ('DEElementMigrate303','2','303','MetadataElementEntity.languageMap','aliasedObjectName');
INSERT INTO LANGUAGE_MAPPING (ID,LANGUAGE_ID,REFERENCE_ID,REFERENCE_TYPE,TEXT_VALUE) VALUES ('DEElementMigrate304','2','304','MetadataElementEntity.languageMap','cn');
INSERT INTO LANGUAGE_MAPPING (ID,LANGUAGE_ID,REFERENCE_ID,REFERENCE_TYPE,TEXT_VALUE) VALUES ('DEElementMigrate305','2','305','MetadataElementEntity.languageMap','sn');
INSERT INTO LANGUAGE_MAPPING (ID,LANGUAGE_ID,REFERENCE_ID,REFERENCE_TYPE,TEXT_VALUE) VALUES ('DEElementMigrate306','2','306','MetadataElementEntity.languageMap','serialNumber');
INSERT INTO LANGUAGE_MAPPING (ID,LANGUAGE_ID,REFERENCE_ID,REFERENCE_TYPE,TEXT_VALUE) VALUES ('DEElementMigrate307','2','307','MetadataElementEntity.languageMap','c');
INSERT INTO LANGUAGE_MAPPING (ID,LANGUAGE_ID,REFERENCE_ID,REFERENCE_TYPE,TEXT_VALUE) VALUES ('DEElementMigrate308','2','308','MetadataElementEntity.languageMap','l');
INSERT INTO LANGUAGE_MAPPING (ID,LANGUAGE_ID,REFERENCE_ID,REFERENCE_TYPE,TEXT_VALUE) VALUES ('DEElementMigrate309','2','309','MetadataElementEntity.languageMap','st');
INSERT INTO LANGUAGE_MAPPING (ID,LANGUAGE_ID,REFERENCE_ID,REFERENCE_TYPE,TEXT_VALUE) VALUES ('DEElementMigrate310','2','310','MetadataElementEntity.languageMap','street');
INSERT INTO LANGUAGE_MAPPING (ID,LANGUAGE_ID,REFERENCE_ID,REFERENCE_TYPE,TEXT_VALUE) VALUES ('DEElementMigrate311','2','311','MetadataElementEntity.languageMap','o');
INSERT INTO LANGUAGE_MAPPING (ID,LANGUAGE_ID,REFERENCE_ID,REFERENCE_TYPE,TEXT_VALUE) VALUES ('DEElementMigrate312','2','312','MetadataElementEntity.languageMap','ou');
INSERT INTO LANGUAGE_MAPPING (ID,LANGUAGE_ID,REFERENCE_ID,REFERENCE_TYPE,TEXT_VALUE) VALUES ('DEElementMigrate313','2','313','MetadataElementEntity.languageMap','title');
INSERT INTO LANGUAGE_MAPPING (ID,LANGUAGE_ID,REFERENCE_ID,REFERENCE_TYPE,TEXT_VALUE) VALUES ('DEElementMigrate314','2','314','MetadataElementEntity.languageMap','description');
INSERT INTO LANGUAGE_MAPPING (ID,LANGUAGE_ID,REFERENCE_ID,REFERENCE_TYPE,TEXT_VALUE) VALUES ('DEElementMigrate315','2','315','MetadataElementEntity.languageMap','businessCategory');
INSERT INTO LANGUAGE_MAPPING (ID,LANGUAGE_ID,REFERENCE_ID,REFERENCE_TYPE,TEXT_VALUE) VALUES ('DEElementMigrate316','2','316','MetadataElementEntity.languageMap','postalAddress');
INSERT INTO LANGUAGE_MAPPING (ID,LANGUAGE_ID,REFERENCE_ID,REFERENCE_TYPE,TEXT_VALUE) VALUES ('DEElementMigrate317','2','317','MetadataElementEntity.languageMap','postalCode');
INSERT INTO LANGUAGE_MAPPING (ID,LANGUAGE_ID,REFERENCE_ID,REFERENCE_TYPE,TEXT_VALUE) VALUES ('DEElementMigrate318','2','318','MetadataElementEntity.languageMap','postOfficeBox');
INSERT INTO LANGUAGE_MAPPING (ID,LANGUAGE_ID,REFERENCE_ID,REFERENCE_TYPE,TEXT_VALUE) VALUES ('DEElementMigrate319','2','319','MetadataElementEntity.languageMap','physicalDeliveryOfficeName');
INSERT INTO LANGUAGE_MAPPING (ID,LANGUAGE_ID,REFERENCE_ID,REFERENCE_TYPE,TEXT_VALUE) VALUES ('DEElementMigrate320','2','320','MetadataElementEntity.languageMap','telephoneNumber');
INSERT INTO LANGUAGE_MAPPING (ID,LANGUAGE_ID,REFERENCE_ID,REFERENCE_TYPE,TEXT_VALUE) VALUES ('DEElementMigrate321','2','321','MetadataElementEntity.languageMap','telexNumber');
INSERT INTO LANGUAGE_MAPPING (ID,LANGUAGE_ID,REFERENCE_ID,REFERENCE_TYPE,TEXT_VALUE) VALUES ('DEElementMigrate322','2','322','MetadataElementEntity.languageMap','teletexTerminalIdentifier');
INSERT INTO LANGUAGE_MAPPING (ID,LANGUAGE_ID,REFERENCE_ID,REFERENCE_TYPE,TEXT_VALUE) VALUES ('DEElementMigrate323','2','323','MetadataElementEntity.languageMap','facsimileTelephoneNumber');
INSERT INTO LANGUAGE_MAPPING (ID,LANGUAGE_ID,REFERENCE_ID,REFERENCE_TYPE,TEXT_VALUE) VALUES ('DEElementMigrate324','2','324','MetadataElementEntity.languageMap','x121Address');
INSERT INTO LANGUAGE_MAPPING (ID,LANGUAGE_ID,REFERENCE_ID,REFERENCE_TYPE,TEXT_VALUE) VALUES ('DEElementMigrate325','2','325','MetadataElementEntity.languageMap','internationaliSDNNumber');
INSERT INTO LANGUAGE_MAPPING (ID,LANGUAGE_ID,REFERENCE_ID,REFERENCE_TYPE,TEXT_VALUE) VALUES ('DEElementMigrate326','2','326','MetadataElementEntity.languageMap','registeredAddress');
INSERT INTO LANGUAGE_MAPPING (ID,LANGUAGE_ID,REFERENCE_ID,REFERENCE_TYPE,TEXT_VALUE) VALUES ('DEElementMigrate327','2','327','MetadataElementEntity.languageMap','destinationIndicator');
INSERT INTO LANGUAGE_MAPPING (ID,LANGUAGE_ID,REFERENCE_ID,REFERENCE_TYPE,TEXT_VALUE) VALUES ('DEElementMigrate328','2','328','MetadataElementEntity.languageMap','preferredDeliveryMethod');
INSERT INTO LANGUAGE_MAPPING (ID,LANGUAGE_ID,REFERENCE_ID,REFERENCE_TYPE,TEXT_VALUE) VALUES ('DEElementMigrate329','2','329','MetadataElementEntity.languageMap','presentationAddress');
INSERT INTO LANGUAGE_MAPPING (ID,LANGUAGE_ID,REFERENCE_ID,REFERENCE_TYPE,TEXT_VALUE) VALUES ('DEElementMigrate330','2','330','MetadataElementEntity.languageMap','supportedApplicationContext');
INSERT INTO LANGUAGE_MAPPING (ID,LANGUAGE_ID,REFERENCE_ID,REFERENCE_TYPE,TEXT_VALUE) VALUES ('DEElementMigrate331','2','331','MetadataElementEntity.languageMap','member');
INSERT INTO LANGUAGE_MAPPING (ID,LANGUAGE_ID,REFERENCE_ID,REFERENCE_TYPE,TEXT_VALUE) VALUES ('DEElementMigrate332','2','332','MetadataElementEntity.languageMap','owner');
INSERT INTO LANGUAGE_MAPPING (ID,LANGUAGE_ID,REFERENCE_ID,REFERENCE_TYPE,TEXT_VALUE) VALUES ('DEElementMigrate333','2','333','MetadataElementEntity.languageMap','roleOccupant');
INSERT INTO LANGUAGE_MAPPING (ID,LANGUAGE_ID,REFERENCE_ID,REFERENCE_TYPE,TEXT_VALUE) VALUES ('DEElementMigrate334','2','334','MetadataElementEntity.languageMap','seeAlso');
INSERT INTO LANGUAGE_MAPPING (ID,LANGUAGE_ID,REFERENCE_ID,REFERENCE_TYPE,TEXT_VALUE) VALUES ('DEElementMigrate335','2','335','MetadataElementEntity.languageMap','userPassword');
INSERT INTO LANGUAGE_MAPPING (ID,LANGUAGE_ID,REFERENCE_ID,REFERENCE_TYPE,TEXT_VALUE) VALUES ('DEElementMigrate336','2','336','MetadataElementEntity.languageMap','userCertificate');
INSERT INTO LANGUAGE_MAPPING (ID,LANGUAGE_ID,REFERENCE_ID,REFERENCE_TYPE,TEXT_VALUE) VALUES ('DEElementMigrate337','2','337','MetadataElementEntity.languageMap','cACertificate');
INSERT INTO LANGUAGE_MAPPING (ID,LANGUAGE_ID,REFERENCE_ID,REFERENCE_TYPE,TEXT_VALUE) VALUES ('DEElementMigrate338','2','338','MetadataElementEntity.languageMap','authorityRevocationList');
INSERT INTO LANGUAGE_MAPPING (ID,LANGUAGE_ID,REFERENCE_ID,REFERENCE_TYPE,TEXT_VALUE) VALUES ('DEElementMigrate339','2','339','MetadataElementEntity.languageMap','certificateRevocationList');
INSERT INTO LANGUAGE_MAPPING (ID,LANGUAGE_ID,REFERENCE_ID,REFERENCE_TYPE,TEXT_VALUE) VALUES ('DEElementMigrate340','2','340','MetadataElementEntity.languageMap','crossCertificatePair');
INSERT INTO LANGUAGE_MAPPING (ID,LANGUAGE_ID,REFERENCE_ID,REFERENCE_TYPE,TEXT_VALUE) VALUES ('DEElementMigrate341','2','341','MetadataElementEntity.languageMap','givenName');
INSERT INTO LANGUAGE_MAPPING (ID,LANGUAGE_ID,REFERENCE_ID,REFERENCE_TYPE,TEXT_VALUE) VALUES ('DEElementMigrate342','2','342','MetadataElementEntity.languageMap','initials');
INSERT INTO LANGUAGE_MAPPING (ID,LANGUAGE_ID,REFERENCE_ID,REFERENCE_TYPE,TEXT_VALUE) VALUES ('DEElementMigrate343','2','343','MetadataElementEntity.languageMap','generationQualifier');
INSERT INTO LANGUAGE_MAPPING (ID,LANGUAGE_ID,REFERENCE_ID,REFERENCE_TYPE,TEXT_VALUE) VALUES ('DEElementMigrate344','2','344','MetadataElementEntity.languageMap','x500UniqueIdentifier');
INSERT INTO LANGUAGE_MAPPING (ID,LANGUAGE_ID,REFERENCE_ID,REFERENCE_TYPE,TEXT_VALUE) VALUES ('DEElementMigrate346','2','346','MetadataElementEntity.languageMap','uniqueMember');
INSERT INTO LANGUAGE_MAPPING (ID,LANGUAGE_ID,REFERENCE_ID,REFERENCE_TYPE,TEXT_VALUE) VALUES ('DEElementMigrate347','2','347','MetadataElementEntity.languageMap','houseIdentifier');
INSERT INTO LANGUAGE_MAPPING (ID,LANGUAGE_ID,REFERENCE_ID,REFERENCE_TYPE,TEXT_VALUE) VALUES ('DEElementMigrate348','2','348','MetadataElementEntity.languageMap','uid');
INSERT INTO LANGUAGE_MAPPING (ID,LANGUAGE_ID,REFERENCE_ID,REFERENCE_TYPE,TEXT_VALUE) VALUES ('DEElementMigrate349','2','349','MetadataElementEntity.languageMap','mail');
INSERT INTO LANGUAGE_MAPPING (ID,LANGUAGE_ID,REFERENCE_ID,REFERENCE_TYPE,TEXT_VALUE) VALUES ('DEElementMigrate350','2','350','MetadataElementEntity.languageMap','ref');
INSERT INTO LANGUAGE_MAPPING (ID,LANGUAGE_ID,REFERENCE_ID,REFERENCE_TYPE,TEXT_VALUE) VALUES ('DEElementMigrate351','2','351','MetadataElementEntity.languageMap','referral');
INSERT INTO LANGUAGE_MAPPING (ID,LANGUAGE_ID,REFERENCE_ID,REFERENCE_TYPE,TEXT_VALUE) VALUES ('DEElementMigrate352','2','352','MetadataElementEntity.languageMap','krbName');
INSERT INTO LANGUAGE_MAPPING (ID,LANGUAGE_ID,REFERENCE_ID,REFERENCE_TYPE,TEXT_VALUE) VALUES ('DELanguageEntity4','2','4','LanguageEntity.displayNameMap','Spanisch');
INSERT INTO LANGUAGE_MAPPING (ID,LANGUAGE_ID,REFERENCE_ID,REFERENCE_TYPE,TEXT_VALUE) VALUES ('DEElementMigrate401','2','401','MetadataElementEntity.languageMap','SUBMIT_USER_TO_CONNECTOR');
INSERT INTO LANGUAGE_MAPPING (ID,LANGUAGE_ID,REFERENCE_ID,REFERENCE_TYPE,TEXT_VALUE) VALUES ('DEElementMigrate402','2','402','MetadataElementEntity.languageMap','INCLUDE_IN_PASSWORD_SYNC');
INSERT INTO LANGUAGE_MAPPING (ID,LANGUAGE_ID,REFERENCE_ID,REFERENCE_TYPE,TEXT_VALUE) VALUES ('DEElementMigrate405','2','405','MetadataElementEntity.languageMap','INCLUDE_IN_SYNC');
INSERT INTO LANGUAGE_MAPPING (ID,LANGUAGE_ID,REFERENCE_ID,REFERENCE_TYPE,TEXT_VALUE) VALUES ('DEElementMigrate406','2','406','MetadataElementEntity.languageMap','TABLE_NAME');
INSERT INTO LANGUAGE_MAPPING (ID,LANGUAGE_ID,REFERENCE_ID,REFERENCE_TYPE,TEXT_VALUE) VALUES ('DEElementMigrate407','2','407','MetadataElementEntity.languageMap','GROUP_MEMBERSHIP_ENABLED');
INSERT INTO LANGUAGE_MAPPING (ID,LANGUAGE_ID,REFERENCE_ID,REFERENCE_TYPE,TEXT_VALUE) VALUES ('DEElementMigrate408','2','408','MetadataElementEntity.languageMap','ON_DELETE');
INSERT INTO LANGUAGE_MAPPING (ID,LANGUAGE_ID,REFERENCE_ID,REFERENCE_TYPE,TEXT_VALUE) VALUES ('DEElementMigrate409','2','409','MetadataElementEntity.languageMap','PRE_PROCESS');
INSERT INTO LANGUAGE_MAPPING (ID,LANGUAGE_ID,REFERENCE_ID,REFERENCE_TYPE,TEXT_VALUE) VALUES ('DEElementMigrate410','2','410','MetadataElementEntity.languageMap','POST_PROCESS');
INSERT INTO LANGUAGE_MAPPING (ID,LANGUAGE_ID,REFERENCE_ID,REFERENCE_TYPE,TEXT_VALUE) VALUES ('DEElementMigrate411','2','411','MetadataElementEntity.languageMap','HOST_URL');
INSERT INTO LANGUAGE_MAPPING (ID,LANGUAGE_ID,REFERENCE_ID,REFERENCE_TYPE,TEXT_VALUE) VALUES ('DEElementMigrate412','2','412','MetadataElementEntity.languageMap','BASE_DN');
INSERT INTO LANGUAGE_MAPPING (ID,LANGUAGE_ID,REFERENCE_ID,REFERENCE_TYPE,TEXT_VALUE) VALUES ('DEElementMigrate413','2','413','MetadataElementEntity.languageMap','HOST_LOGIN ID');
INSERT INTO LANGUAGE_MAPPING (ID,LANGUAGE_ID,REFERENCE_ID,REFERENCE_TYPE,TEXT_VALUE) VALUES ('DEElementMigrate415','2','415','MetadataElementEntity.languageMap','COMMUNICATION_PROTOCOL');
INSERT INTO LANGUAGE_MAPPING (ID,LANGUAGE_ID,REFERENCE_ID,REFERENCE_TYPE,TEXT_VALUE) VALUES ('DEElementMigrate416','2','416','MetadataElementEntity.languageMap','OBJECT_CLASS');
INSERT INTO LANGUAGE_MAPPING (ID,LANGUAGE_ID,REFERENCE_ID,REFERENCE_TYPE,TEXT_VALUE) VALUES ('DEElementMigrate418','2','418','MetadataElementEntity.languageMap','SEARCH_ATTRIBUTE');
INSERT INTO LANGUAGE_MAPPING (ID,LANGUAGE_ID,REFERENCE_ID,REFERENCE_TYPE,TEXT_VALUE) VALUES ('DEElementMigrate419','2','419','MetadataElementEntity.languageMap','MANAGED_SYS_ID');
INSERT INTO LANGUAGE_MAPPING (ID,LANGUAGE_ID,REFERENCE_ID,REFERENCE_TYPE,TEXT_VALUE) VALUES ('DEElementMigrate420','2','420','MetadataElementEntity.languageMap','DN_ATTRIBUTE');
INSERT INTO LANGUAGE_MAPPING (ID,LANGUAGE_ID,REFERENCE_ID,REFERENCE_TYPE,TEXT_VALUE) VALUES ('DEElementMigrate421','2','421','MetadataElementEntity.languageMap','PASSWORD');
INSERT INTO LANGUAGE_MAPPING (ID,LANGUAGE_ID,REFERENCE_ID,REFERENCE_TYPE,TEXT_VALUE) VALUES ('DEElementMigrate430','2','430','MetadataElementEntity.languageMap','END_POINT');
INSERT INTO LANGUAGE_MAPPING (ID,LANGUAGE_ID,REFERENCE_ID,REFERENCE_TYPE,TEXT_VALUE) VALUES ('DEElementMigrate440','2','440','MetadataElementEntity.languageMap','OPERATION_NAME');
INSERT INTO LANGUAGE_MAPPING (ID,LANGUAGE_ID,REFERENCE_ID,REFERENCE_TYPE,TEXT_VALUE) VALUES ('DEElementMigrate450','2','450','MetadataElementEntity.languageMap','URL');
INSERT INTO LANGUAGE_MAPPING (ID,LANGUAGE_ID,REFERENCE_ID,REFERENCE_TYPE,TEXT_VALUE) VALUES ('DELanguageEntity7','2','8','LanguageEntity.displayNameMap','Russisch');
INSERT INTO LANGUAGE_MAPPING (ID,LANGUAGE_ID,REFERENCE_ID,REFERENCE_TYPE,TEXT_VALUE) VALUES ('DEABOUT_DESC','2','ABOUT','ResourceEntity.displayNameMap','ber OpenIAM');
INSERT INTO LANGUAGE_MAPPING (ID,LANGUAGE_ID,REFERENCE_ID,REFERENCE_TYPE,TEXT_VALUE) VALUES ('DEABOUT_ROOT_MENU_DESC','2','ABOUT_ROOT_MENU','ResourceEntity.displayNameMap','ber OpenIAM');
INSERT INTO LANGUAGE_MAPPING (ID,LANGUAGE_ID,REFERENCE_ID,REFERENCE_TYPE,TEXT_VALUE) VALUES ('DEACCESSCENTER_MENU_DISPLAY','2','ACCESSCENTER','ResourceEntity.displayNameMap','Zugriffs-Verwaltung');
INSERT INTO LANGUAGE_MAPPING (ID,LANGUAGE_ID,REFERENCE_ID,REFERENCE_TYPE,TEXT_VALUE) VALUES ('DEMetadataTypeEntity1','2','ACCNT','MetadataTypeEntity.displayNameMap','Konto');
INSERT INTO LANGUAGE_MAPPING (ID,LANGUAGE_ID,REFERENCE_ID,REFERENCE_TYPE,TEXT_VALUE) VALUES ('DEACC_CONTROL_MENU_DISPLAY','2','ACC_CONTROL','ResourceEntity.displayNameMap','Zugriffs-Kontrolle');
INSERT INTO LANGUAGE_MAPPING (ID,LANGUAGE_ID,REFERENCE_ID,REFERENCE_TYPE,TEXT_VALUE) VALUES ('DEMetadataTypeEntity2','2','ACTIVE','MetadataTypeEntity.displayNameMap','AKTIV');
INSERT INTO LANGUAGE_MAPPING (ID,LANGUAGE_ID,REFERENCE_ID,REFERENCE_TYPE,TEXT_VALUE) VALUES ('DEMetadataTypeEntity3','2','ADGroup','MetadataTypeEntity.displayNameMap','AD Benutzertyp');
INSERT INTO LANGUAGE_MAPPING (ID,LANGUAGE_ID,REFERENCE_ID,REFERENCE_TYPE,TEXT_VALUE) VALUES ('DEMetadataTypeEntity4','2','ADMGP','MetadataTypeEntity.displayNameMap','Admin Gruppe');
INSERT INTO LANGUAGE_MAPPING (ID,LANGUAGE_ID,REFERENCE_ID,REFERENCE_TYPE,TEXT_VALUE) VALUES ('DEMetadataTypeEntity5','2','ADMIN','MetadataTypeEntity.displayNameMap','Administrator');
INSERT INTO LANGUAGE_MAPPING (ID,LANGUAGE_ID,REFERENCE_ID,REFERENCE_TYPE,TEXT_VALUE) VALUES ('DEADMIN_MENU_DISPLAY','2','ADMIN','ResourceEntity.displayNameMap','Administration');
INSERT INTO LANGUAGE_MAPPING (ID,LANGUAGE_ID,REFERENCE_ID,REFERENCE_TYPE,TEXT_VALUE) VALUES ('DEADMIN_BATCH_TASKS_DESC','2','ADMIN_BATCH_TASKS','ResourceEntity.displayNameMap','Stapelverarbeitungsaufgaben');
INSERT INTO LANGUAGE_MAPPING (ID,LANGUAGE_ID,REFERENCE_ID,REFERENCE_TYPE,TEXT_VALUE) VALUES ('DEMetadataTypeEntity6','2','ADMIN_RESOURCE','MetadataTypeEntity.displayNameMap','Admin Ressource');
INSERT INTO LANGUAGE_MAPPING (ID,LANGUAGE_ID,REFERENCE_ID,REFERENCE_TYPE,TEXT_VALUE) VALUES ('DEADMIN_RESOURCE','2','ADMIN_RESOURCE','ResourceTypeEntity.displayNameMap','Admin Ressource');
INSERT INTO LANGUAGE_MAPPING (ID,LANGUAGE_ID,REFERENCE_ID,REFERENCE_TYPE,TEXT_VALUE) VALUES ('DEMetadataTypeEntity7','2','ADUser','MetadataTypeEntity.displayNameMap','AD Benutzertyp');
INSERT INTO LANGUAGE_MAPPING (ID,LANGUAGE_ID,REFERENCE_ID,REFERENCE_TYPE,TEXT_VALUE) VALUES ('DEMetadataTypeEntity8','2','AD_Connector','MetadataTypeEntity.displayNameMap','Active Directory Konnektor');
INSERT INTO LANGUAGE_MAPPING (ID,LANGUAGE_ID,REFERENCE_ID,REFERENCE_TYPE,TEXT_VALUE) VALUES ('DEMetadataTypeEntity9','2','AD_GROUP_TYPE','MetadataTypeEntity.displayNameMap','AD GRUPPEN TYP');
INSERT INTO LANGUAGE_MAPPING (ID,LANGUAGE_ID,REFERENCE_ID,REFERENCE_TYPE,TEXT_VALUE) VALUES ('DEMetadataTypeEntity10','2','','MetadataTypeEntity.displayNameMap','PARTNER');
INSERT INTO LANGUAGE_MAPPING (ID,LANGUAGE_ID,REFERENCE_ID,REFERENCE_TYPE,TEXT_VALUE) VALUES ('DEAM_PROV_AM_ATTR_DESC','2','AM_PROV_AM_ATTR','ResourceEntity.displayNameMap','Anfrageattributes');
INSERT INTO LANGUAGE_MAPPING (ID,LANGUAGE_ID,REFERENCE_ID,REFERENCE_TYPE,TEXT_VALUE) VALUES ('DEAM_PROV_EDIT_DESC','2','AM_PROV_EDIT','ResourceEntity.displayNameMap','Authentication Provider Menu editieren');
INSERT INTO LANGUAGE_MAPPING (ID,LANGUAGE_ID,REFERENCE_ID,REFERENCE_TYPE,TEXT_VALUE) VALUES ('DEAM_PROV_EDIT_CURRENT_DESC','2','AM_PROV_EDIT_CURRENT','ResourceEntity.displayNameMap','Provider editieren');
INSERT INTO LANGUAGE_MAPPING (ID,LANGUAGE_ID,REFERENCE_ID,REFERENCE_TYPE,TEXT_VALUE) VALUES ('DEAM_PROV_EDIT_SEARCH_DESC','2','AM_PROV_EDIT_SEARCH','ResourceEntity.displayNameMap','Zurck zur Suche');
INSERT INTO LANGUAGE_MAPPING (ID,LANGUAGE_ID,REFERENCE_ID,REFERENCE_TYPE,TEXT_VALUE) VALUES ('DEAM_PROV_NEW_DSC','2','AM_PROV_NEW','ResourceEntity.displayNameMap','Neuer Provider erstellen');
INSERT INTO LANGUAGE_MAPPING (ID,LANGUAGE_ID,REFERENCE_ID,REFERENCE_TYPE,TEXT_VALUE) VALUES ('DEAM_PROV_NEW_EDIT_PUB_DESC','2','AM_PROV_NEW_EDIT','ResourceEntity.displayNameMap','Neuer Provider erstellen');
INSERT INTO LANGUAGE_MAPPING (ID,LANGUAGE_ID,REFERENCE_ID,REFERENCE_TYPE,TEXT_VALUE) VALUES ('DEAM_PROV_ROOT_DESC','2','AM_PROV_ROOT','ResourceEntity.displayNameMap','Authentication Provider Root Menu');
INSERT INTO LANGUAGE_MAPPING (ID,LANGUAGE_ID,REFERENCE_ID,REFERENCE_TYPE,TEXT_VALUE) VALUES ('DEAM_PROV_SEARCH_DESC','2','AM_PROV_SEARCH','ResourceEntity.displayNameMap','Suche Provider');
INSERT INTO LANGUAGE_MAPPING (ID,LANGUAGE_ID,REFERENCE_ID,REFERENCE_TYPE,TEXT_VALUE) VALUES ('DEAM_PROV_SEARCH_CHILD_PUB_DESC','2','AM_PROV_SEARCH_CHILD','ResourceEntity.displayNameMap','Authentication Provider');
INSERT INTO LANGUAGE_MAPPING (ID,LANGUAGE_ID,REFERENCE_ID,REFERENCE_TYPE,TEXT_VALUE) VALUES ('DEMetadataTypeEntity11','2','APPROVAL_DECLINED','MetadataTypeEntity.displayNameMap','GENEHMIGUNG_ABGELEHNT');
INSERT INTO LANGUAGE_MAPPING (ID,LANGUAGE_ID,REFERENCE_ID,REFERENCE_TYPE,TEXT_VALUE) VALUES ('DEASSOC_POLICY_DESC','2','ASSOC_POLICY','ResourceEntity.displayNameMap','ZUordnungsrichtlinien');
INSERT INTO LANGUAGE_MAPPING (ID,LANGUAGE_ID,REFERENCE_ID,REFERENCE_TYPE,TEXT_VALUE) VALUES ('DEMetadataTypeEntity12','2','ATTR','MetadataTypeEntity.displayNameMap','Attribute');
INSERT INTO LANGUAGE_MAPPING (ID,LANGUAGE_ID,REFERENCE_ID,REFERENCE_TYPE,TEXT_VALUE) VALUES ('DEATTRIBUTE_POLICY_DESC','2','ATTRIBUTE_POLICY','ResourceEntity.displayNameMap','Richtlinie fr Attribute');
INSERT INTO LANGUAGE_MAPPING (ID,LANGUAGE_ID,REFERENCE_ID,REFERENCE_TYPE,TEXT_VALUE) VALUES ('DEAUDITREPORT_MENU_DISPLAY','2','AUDITREPORT','ResourceEntity.displayNameMap','Audit Berichte');
INSERT INTO LANGUAGE_MAPPING (ID,LANGUAGE_ID,REFERENCE_ID,REFERENCE_TYPE,TEXT_VALUE) VALUES ('DEAUDIT_RPT_MENU_DISPLAY','2','AUDIT_RPT','ResourceEntity.displayNameMap','Audit Report');
INSERT INTO LANGUAGE_MAPPING (ID,LANGUAGE_ID,REFERENCE_ID,REFERENCE_TYPE,TEXT_VALUE) VALUES ('DEAUTH_POLICY_MENU_DESC','2','AUTHENTICATION_POLICY','ResourceEntity.displayNameMap','Richtlinie fr Authentifizierung
');
INSERT INTO LANGUAGE_MAPPING (ID,LANGUAGE_ID,REFERENCE_ID,REFERENCE_TYPE,TEXT_VALUE) VALUES ('DEAUTH_POLICY_ROOT_MENU_DESC','2','AUTHENTICATION_POLICY_ROOT_MENU','ResourceEntity.displayNameMap','Authentifizierung Richtlinien Root Menu');
INSERT INTO LANGUAGE_MAPPING (ID,LANGUAGE_ID,REFERENCE_ID,REFERENCE_TYPE,TEXT_VALUE) VALUES ('DEMetadataTypeEntity13','2','AUTHENTICATION_PROVIDER','MetadataTypeEntity.displayNameMap','Authentication Provider');
INSERT INTO LANGUAGE_MAPPING (ID,LANGUAGE_ID,REFERENCE_ID,REFERENCE_TYPE,TEXT_VALUE) VALUES ('DEAUTH_LEVEL_GRP_DN','2','AUTH_LEVEL_GRP','ResourceEntity.displayNameMap','Authentifizierungsgruppierung');
INSERT INTO LANGUAGE_MAPPING (ID,LANGUAGE_ID,REFERENCE_ID,REFERENCE_TYPE,TEXT_VALUE) VALUES ('DEAUTH_LVL_GRP_ATTR_DN','2','AUTH_LVL_GRP_ATTR','ResourceEntity.displayNameMap','Auth Level Gruppierung Attribut Root');
INSERT INTO LANGUAGE_MAPPING (ID,LANGUAGE_ID,REFERENCE_ID,REFERENCE_TYPE,TEXT_VALUE) VALUES ('DEAUTH_LVL_GRP_EDIT_ROOT_DN','2','AUTH_LVL_GRP_EDIT_ROOT','ResourceEntity.displayNameMap','Auth Level Gruppierung Root editieren');
INSERT INTO LANGUAGE_MAPPING (ID,LANGUAGE_ID,REFERENCE_ID,REFERENCE_TYPE,TEXT_VALUE) VALUES ('DEAUTH_LVL_GRP_NEW_ROOT_DN','2','AUTH_LVL_GRP_NEW_ROOT','ResourceEntity.displayNameMap','Auth Level Gruppierung Root');
INSERT INTO LANGUAGE_MAPPING (ID,LANGUAGE_ID,REFERENCE_ID,REFERENCE_TYPE,TEXT_VALUE) VALUES ('DEAUTH_PROVIDER','2','AUTH_PROVIDER','ResourceTypeEntity.displayNameMap','Authentication Provider');
INSERT INTO LANGUAGE_MAPPING (ID,LANGUAGE_ID,REFERENCE_ID,REFERENCE_TYPE,TEXT_VALUE) VALUES ('DEMetadataTypeEntity14','2','AUTH_REPO','MetadataTypeEntity.displayNameMap','Authentication Repository');
INSERT INTO LANGUAGE_MAPPING (ID,LANGUAGE_ID,REFERENCE_ID,REFERENCE_TYPE,TEXT_VALUE) VALUES ('DEAUTH_REPO','2','AUTH_REPO','ResourceTypeEntity.displayNameMap','Authentication Repository');
INSERT INTO LANGUAGE_MAPPING (ID,LANGUAGE_ID,REFERENCE_ID,REFERENCE_TYPE,TEXT_VALUE) VALUES ('DEBACK_TO_AUTH_LVL_DN','2','BACK_TO_AUTH_LVL','ResourceEntity.displayNameMap','Zurck zur Gruppierung');
INSERT INTO LANGUAGE_MAPPING (ID,LANGUAGE_ID,REFERENCE_ID,REFERENCE_TYPE,TEXT_VALUE) VALUES ('DEBACK_TO_AUTH_LVL_GRP_SRH_DN','2','BACK_TO_AUTH_LVL_GRP_SRH','ResourceEntity.displayNameMap','Zurck zur Suche');
INSERT INTO LANGUAGE_MAPPING (ID,LANGUAGE_ID,REFERENCE_ID,REFERENCE_TYPE,TEXT_VALUE) VALUES ('DEBACK_TO_CP_DESC','2','BACK_TO_CP','ResourceEntity.displayNameMap','Zurck zum Content Provider');
INSERT INTO LANGUAGE_MAPPING (ID,LANGUAGE_ID,REFERENCE_ID,REFERENCE_TYPE,TEXT_VALUE) VALUES ('DEBATCH_PROC_MENU_DISPLAY','2','BATCH_PROC','ResourceEntity.displayNameMap','Stapelverarbeitung Prozesse');
INSERT INTO LANGUAGE_MAPPING (ID,LANGUAGE_ID,REFERENCE_ID,REFERENCE_TYPE,TEXT_VALUE) VALUES ('DEBATCH_TASK_EDIT_DESC','2','BATCH_TASK_EDIT','ResourceEntity.displayNameMap','Stapelverarbeitungaufgaben editieren');
INSERT INTO LANGUAGE_MAPPING (ID,LANGUAGE_ID,REFERENCE_ID,REFERENCE_TYPE,TEXT_VALUE) VALUES ('DEBATCH_TASK_ROOT_DESC','2','BATCH_TASK_ROOT','ResourceEntity.displayNameMap','Stapelverarbeitungsaufgaben Root');
INSERT INTO LANGUAGE_MAPPING (ID,LANGUAGE_ID,REFERENCE_ID,REFERENCE_TYPE,TEXT_VALUE) VALUES ('DEMetadataTypeEntity15','2','BL','MetadataTypeEntity.displayNameMap','DEAKTIVIEREN');
INSERT INTO LANGUAGE_MAPPING (ID,LANGUAGE_ID,REFERENCE_ID,REFERENCE_TYPE,TEXT_VALUE) VALUES ('DEBULK_OPS_DESC','2','BULK_OPS','ResourceEntity.displayNameMap','Benutzer Stapeloeration');
INSERT INTO LANGUAGE_MAPPING (ID,LANGUAGE_ID,REFERENCE_ID,REFERENCE_TYPE,TEXT_VALUE) VALUES ('DEMetadataTypeEntity16','2','CELL_PHONE','MetadataTypeEntity.displayNameMap','Mobile');
INSERT INTO LANGUAGE_MAPPING (ID,LANGUAGE_ID,REFERENCE_ID,REFERENCE_TYPE,TEXT_VALUE) VALUES ('DECH_MENU_DISPLAY','2','CHALLENGE','ResourceEntity.displayNameMap','Anfrage/Antwort');
INSERT INTO LANGUAGE_MAPPING (ID,LANGUAGE_ID,REFERENCE_ID,REFERENCE_TYPE,TEXT_VALUE) VALUES ('DECH_RESPONSE_QUESTION_DESC','2','CHALLENGE_RESPONSE_QUESTION','ResourceEntity.displayNameMap','Anfrage/Antworten Fragen');
INSERT INTO LANGUAGE_MAPPING (ID,LANGUAGE_ID,REFERENCE_ID,REFERENCE_TYPE,TEXT_VALUE) VALUES ('DECH_RESP_QUESTION_NEW_DSC','2','CHALLENGE_RESPONSE_QUESTION_NEW','ResourceEntity.displayNameMap','Neue Fragen erstellen');
INSERT INTO LANGUAGE_MAPPING (ID,LANGUAGE_ID,REFERENCE_ID,REFERENCE_TYPE,TEXT_VALUE) VALUES ('DECH_RESP_QUEST_ROOT_DESC','2','CHALLENGE_RESPONSE_QUESTION_ROOT','ResourceEntity.displayNameMap','Anfrage/Antworten Fragen Root Menu');
INSERT INTO LANGUAGE_MAPPING (ID,LANGUAGE_ID,REFERENCE_ID,REFERENCE_TYPE,TEXT_VALUE) VALUES ('DEMetadataTypeEntity17','2','CHECKBOX','MetadataTypeEntity.displayNameMap','Checkbox');
INSERT INTO LANGUAGE_MAPPING (ID,LANGUAGE_ID,REFERENCE_ID,REFERENCE_TYPE,TEXT_VALUE) VALUES ('DECHNGPSWD_MENU_DISPLAY','2','CHNGPSWD','ResourceEntity.displayNameMap','Passwort ndern');
INSERT INTO LANGUAGE_MAPPING (ID,LANGUAGE_ID,REFERENCE_ID,REFERENCE_TYPE,TEXT_VALUE) VALUES ('DECONF_POLICY_PAGE_DIS','2','CONF_POLICY_PAGE','ResourceEntity.displayNameMap','IT Richtlinien erstellen');
INSERT INTO LANGUAGE_MAPPING (ID,LANGUAGE_ID,REFERENCE_ID,REFERENCE_TYPE,TEXT_VALUE) VALUES ('DEMetadataTypeEntity18','2','CONTENT_PROVIDER','MetadataTypeEntity.displayNameMap','Content Provider');
INSERT INTO LANGUAGE_MAPPING (ID,LANGUAGE_ID,REFERENCE_ID,REFERENCE_TYPE,TEXT_VALUE) VALUES ('DECONTENT_PROVIDER','2','CONTENT_PROVIDER','ResourceTypeEntity.displayNameMap','Content Provider');
INSERT INTO LANGUAGE_MAPPING (ID,LANGUAGE_ID,REFERENCE_ID,REFERENCE_TYPE,TEXT_VALUE) VALUES ('DECONTENT_PROV_EDIT_DESC','2','CONTENT_PROV_EDIT','ResourceEntity.displayNameMap','Content Provider Menu editieren');
INSERT INTO LANGUAGE_MAPPING (ID,LANGUAGE_ID,REFERENCE_ID,REFERENCE_TYPE,TEXT_VALUE) VALUES ('DECPROV_EDIT_CURRENT_DESC','2','CONTENT_PROV_EDIT_CURRENT','ResourceEntity.displayNameMap','Provider editieren');
INSERT INTO LANGUAGE_MAPPING (ID,LANGUAGE_ID,REFERENCE_ID,REFERENCE_TYPE,TEXT_VALUE) VALUES ('DECPROV_EDIT_SEARCH_DESC','2','CONTENT_PROV_EDIT_SEARCH','ResourceEntity.displayNameMap','Zurck zur Suche');
INSERT INTO LANGUAGE_MAPPING (ID,LANGUAGE_ID,REFERENCE_ID,REFERENCE_TYPE,TEXT_VALUE) VALUES ('DECONTENT_PROV_NEW_DSC','2','CONTENT_PROV_NEW','ResourceEntity.displayNameMap','Neuen Provider erstellen');
INSERT INTO LANGUAGE_MAPPING (ID,LANGUAGE_ID,REFERENCE_ID,REFERENCE_TYPE,TEXT_VALUE) VALUES ('DECONTENT_PROV_NEW_EDIT_DESC','2','CONTENT_PROV_NEW_EDIT','ResourceEntity.displayNameMap','Neuen Provider erstellen');
INSERT INTO LANGUAGE_MAPPING (ID,LANGUAGE_ID,REFERENCE_ID,REFERENCE_TYPE,TEXT_VALUE) VALUES ('DECONTENT_PROV_ROOT_DESC','2','CONTENT_PROV_ROOT','ResourceEntity.displayNameMap','Content Provider Root Menu');
INSERT INTO LANGUAGE_MAPPING (ID,LANGUAGE_ID,REFERENCE_ID,REFERENCE_TYPE,TEXT_VALUE) VALUES ('DECONTENT_PROV_SEARCH_DESC','2','CONTENT_PROV_SEARCH','ResourceEntity.displayNameMap','Content Providers suchen');
INSERT INTO LANGUAGE_MAPPING (ID,LANGUAGE_ID,REFERENCE_ID,REFERENCE_TYPE,TEXT_VALUE) VALUES ('DECPROV_SEARCH_CHILD_DESC','2','CONTENT_PROV_SEARCH_CHILD','ResourceEntity.displayNameMap','Content Providers');
INSERT INTO LANGUAGE_MAPPING (ID,LANGUAGE_ID,REFERENCE_ID,REFERENCE_TYPE,TEXT_VALUE) VALUES ('DEMetadataTypeEntity19','2','Contractor','MetadataTypeEntity.displayNameMap','Externer Mitarbeiter Benutzertyp');
INSERT INTO LANGUAGE_MAPPING (ID,LANGUAGE_ID,REFERENCE_ID,REFERENCE_TYPE,TEXT_VALUE) VALUES ('DEMetadataTypeEntity20','2','CONTRACTOR TYPE','MetadataTypeEntity.displayNameMap','EXTERNE');
INSERT INTO LANGUAGE_MAPPING (ID,LANGUAGE_ID,REFERENCE_ID,REFERENCE_TYPE,TEXT_VALUE) VALUES ('DECREATEREQ_MENU_DISPLAY','2','CREATEREQ','ResourceEntity.displayNameMap','Anfrage erstellen');
INSERT INTO LANGUAGE_MAPPING (ID,LANGUAGE_ID,REFERENCE_ID,REFERENCE_TYPE,TEXT_VALUE) VALUES ('DECR_RES_DISP_NAME','2','CREATE_RESOURCE_MENU','ResourceEntity.displayNameMap','Neue Ressource erstellen');
INSERT INTO LANGUAGE_MAPPING (ID,LANGUAGE_ID,REFERENCE_ID,REFERENCE_TYPE,TEXT_VALUE) VALUES ('DECUSTOM_FIELD_EDIT_DESC','2','CUSTOM_FIELD_EDIT','ResourceEntity.displayNameMap','Benutzerdefiniertes Feld Menu editieren');
INSERT INTO LANGUAGE_MAPPING (ID,LANGUAGE_ID,REFERENCE_ID,REFERENCE_TYPE,TEXT_VALUE) VALUES ('DECUSTOM_FIELD_EDIT_NEW_DESC','2','CUSTOM_FIELD_EDIT_NEW','ResourceEntity.displayNameMap','Neues benuzerdefiniertes Feld erstellen');
INSERT INTO LANGUAGE_MAPPING (ID,LANGUAGE_ID,REFERENCE_ID,REFERENCE_TYPE,TEXT_VALUE) VALUES ('DECUSTOM_FIELD_EDIT_SEARCH_DESC','2','CUSTOM_FIELD_EDIT_SEARCH','ResourceEntity.displayNameMap','Zurck zur Suche');
INSERT INTO LANGUAGE_MAPPING (ID,LANGUAGE_ID,REFERENCE_ID,REFERENCE_TYPE,TEXT_VALUE) VALUES ('DECUSTOM_FIELD_NEW_DSC','2','CUSTOM_FIELD_NEW','ResourceEntity.displayNameMap','Neues benuzerdefiniertes Feld erstellen');
INSERT INTO LANGUAGE_MAPPING (ID,LANGUAGE_ID,REFERENCE_ID,REFERENCE_TYPE,TEXT_VALUE) VALUES ('DECUSTOM_FIELD_ROOT_DESC','2','CUSTOM_FIELD_ROOT','ResourceEntity.displayNameMap','Benutzerdefiniertes Feld Root Menu');
INSERT INTO LANGUAGE_MAPPING (ID,LANGUAGE_ID,REFERENCE_ID,REFERENCE_TYPE,TEXT_VALUE) VALUES ('DECUSTOM_FIELD_SEARCH_DESC','2','CUSTOM_FIELD_SEARCH','ResourceEntity.displayNameMap','Benutzerdefinierte Felder suchen');
INSERT INTO LANGUAGE_MAPPING (ID,LANGUAGE_ID,REFERENCE_ID,REFERENCE_TYPE,TEXT_VALUE) VALUES ('DECUSTOM_FLD_SEARCH_CHILD_DESC','2','CUSTOM_FIELD_SEARCH_CHILD','ResourceEntity.displayNameMap','Benutzerdefinierte Felder');
INSERT INTO LANGUAGE_MAPPING (ID,LANGUAGE_ID,REFERENCE_ID,REFERENCE_TYPE,TEXT_VALUE) VALUES ('DEMetadataTypeEntity21','2','DATE','MetadataTypeEntity.displayNameMap','Datumsfeld');
INSERT INTO LANGUAGE_MAPPING (ID,LANGUAGE_ID,REFERENCE_ID,REFERENCE_TYPE,TEXT_VALUE) VALUES ('DEMetadataTypeEntity22','2','DEFAULT_GROUP','MetadataTypeEntity.displayNameMap','DEFAULT GROUP TYPE');
INSERT INTO LANGUAGE_MAPPING (ID,LANGUAGE_ID,REFERENCE_ID,REFERENCE_TYPE,TEXT_VALUE) VALUES ('DEDEFAULT_USER_TYPE','2','DEFAULT_USER','MetadataTypeEntity.displayNameMap','Standardbenutzer');
INSERT INTO LANGUAGE_MAPPING (ID,LANGUAGE_ID,REFERENCE_ID,REFERENCE_TYPE,TEXT_VALUE) VALUES ('DEMetadataTypeEntity23','2','DELETED','MetadataTypeEntity.displayNameMap','GELSCHT');
INSERT INTO LANGUAGE_MAPPING (ID,LANGUAGE_ID,REFERENCE_ID,REFERENCE_TYPE,TEXT_VALUE) VALUES ('DEDELG_FILTER_MENU_DISPLAY','2','DELG_FILTER','ResourceEntity.displayNameMap','Delegation Filter');
INSERT INTO LANGUAGE_MAPPING (ID,LANGUAGE_ID,REFERENCE_ID,REFERENCE_TYPE,TEXT_VALUE) VALUES ('DEDEPARTMENT','2','DEPARTMENT','OrganizationTypeEntity.displayNameMap','Abteilung');
INSERT INTO LANGUAGE_MAPPING (ID,LANGUAGE_ID,REFERENCE_ID,REFERENCE_TYPE,TEXT_VALUE) VALUES ('DEMetadataTypeEntity24','2','departmentType','MetadataTypeEntity.displayNameMap','Abteilung');
INSERT INTO LANGUAGE_MAPPING (ID,LANGUAGE_ID,REFERENCE_ID,REFERENCE_TYPE,TEXT_VALUE) VALUES ('DEMetadataTypeEntity25','2','DIRECTORY','MetadataTypeEntity.displayNameMap','Directory');
INSERT INTO LANGUAGE_MAPPING (ID,LANGUAGE_ID,REFERENCE_ID,REFERENCE_TYPE,TEXT_VALUE) VALUES ('DEDIRECTORY_MENU_DISPLAY','2','DIRECTORY','ResourceEntity.displayNameMap','Directory Suche');
INSERT INTO LANGUAGE_MAPPING (ID,LANGUAGE_ID,REFERENCE_ID,REFERENCE_TYPE,TEXT_VALUE) VALUES ('DEDIR_LOOKUP_PAGE_DIS','2','DIR_LOOKUP_PAGE','ResourceEntity.displayNameMap','Directory Suche');
INSERT INTO LANGUAGE_MAPPING (ID,LANGUAGE_ID,REFERENCE_ID,REFERENCE_TYPE,TEXT_VALUE) VALUES ('DEMetadataTypeEntity26','2','DISABLED','MetadataTypeEntity.displayNameMap','DEAKTIVIERT');
INSERT INTO LANGUAGE_MAPPING (ID,LANGUAGE_ID,REFERENCE_ID,REFERENCE_TYPE,TEXT_VALUE) VALUES ('DEDIVISION','2','DIVISION','OrganizationTypeEntity.displayNameMap','Division');
INSERT INTO LANGUAGE_MAPPING (ID,LANGUAGE_ID,REFERENCE_ID,REFERENCE_TYPE,TEXT_VALUE) VALUES ('DEMetadataTypeEntity27','2','divisionType','MetadataTypeEntity.displayNameMap','Division');
INSERT INTO LANGUAGE_MAPPING (ID,LANGUAGE_ID,REFERENCE_ID,REFERENCE_TYPE,TEXT_VALUE) VALUES ('DEMetadataTypeEntity28','2','DL','MetadataTypeEntity.displayNameMap','LSCHEN');
INSERT INTO LANGUAGE_MAPPING (ID,LANGUAGE_ID,REFERENCE_ID,REFERENCE_TYPE,TEXT_VALUE) VALUES ('DEEDIT_BATCH_TASK_DESC','2','EDIT_BATCH_TASK','ResourceEntity.displayNameMap','Stapelverarbeitungsaufgaben editieren');
INSERT INTO LANGUAGE_MAPPING (ID,LANGUAGE_ID,REFERENCE_ID,REFERENCE_TYPE,TEXT_VALUE) VALUES ('DEEDIT_GROUP_DESC','2','EDIT_GROUP','ResourceEntity.displayNameMap','Gruppe editieren');
INSERT INTO LANGUAGE_MAPPING (ID,LANGUAGE_ID,REFERENCE_ID,REFERENCE_TYPE,TEXT_VALUE) VALUES ('DEEDIT_ORG_DESC','2','EDIT_ORG','ResourceEntity.displayNameMap','Organisation editieren');
INSERT INTO LANGUAGE_MAPPING (ID,LANGUAGE_ID,REFERENCE_ID,REFERENCE_TYPE,TEXT_VALUE) VALUES ('DEEDIT_ORG_MEMBERSHIP_DESC','2','EDIT_ORG_MEMBERSHIP','ResourceEntity.displayNameMap','Mitglieder');
INSERT INTO LANGUAGE_MAPPING (ID,LANGUAGE_ID,REFERENCE_ID,REFERENCE_TYPE,TEXT_VALUE) VALUES ('DEEDIT_ORG_TYPE_DESC','2','EDIT_ORG_TYPE','ResourceEntity.displayNameMap','Organisationstyp editieren');
INSERT INTO LANGUAGE_MAPPING (ID,LANGUAGE_ID,REFERENCE_ID,REFERENCE_TYPE,TEXT_VALUE) VALUES ('DEEDIT_ORG_TYPE_IDMAN_DESC','2','EDIT_ORG_TYPE_IDMAN','ResourceEntity.displayNameMap','Organisationstypen');
INSERT INTO LANGUAGE_MAPPING (ID,LANGUAGE_ID,REFERENCE_ID,REFERENCE_TYPE,TEXT_VALUE) VALUES ('DEEDIT_POL_ATTR_SRCH_BCK_DESC','2','EDIT_POLICY_ATTR_SRCH_BCK','ResourceEntity.displayNameMap','Zurck zur Suche');
INSERT INTO LANGUAGE_MAPPING (ID,LANGUAGE_ID,REFERENCE_ID,REFERENCE_TYPE,TEXT_VALUE) VALUES ('DEEDIT_RESOURCE_DIS','2','EDIT_RESOURCE','ResourceEntity.displayNameMap','Ressourcen editieren');
INSERT INTO LANGUAGE_MAPPING (ID,LANGUAGE_ID,REFERENCE_ID,REFERENCE_TYPE,TEXT_VALUE) VALUES ('DEEDIT_ROLE_DESC','2','EDIT_ROLE','ResourceEntity.displayNameMap','Rolle editieren');
INSERT INTO LANGUAGE_MAPPING (ID,LANGUAGE_ID,REFERENCE_ID,REFERENCE_TYPE,TEXT_VALUE) VALUES ('DEMetadataTypeEntity29','2','FILE','MetadataTypeEntity.displayNameMap','Datei');
INSERT INTO LANGUAGE_MAPPING (ID,LANGUAGE_ID,REFERENCE_ID,REFERENCE_TYPE,TEXT_VALUE) VALUES ('DEMetadataTypeEntity30','2','GOOGLE_Connector','MetadataTypeEntity.displayNameMap','GOOGLE APPS Connector');
INSERT INTO LANGUAGE_MAPPING (ID,LANGUAGE_ID,REFERENCE_ID,REFERENCE_TYPE,TEXT_VALUE) VALUES ('DEGROUP_EDIT_MENU_DESC','2','GROUP_EDIT_MENU','ResourceEntity.displayNameMap','Gruppen Root Menu editieren');
INSERT INTO LANGUAGE_MAPPING (ID,LANGUAGE_ID,REFERENCE_ID,REFERENCE_TYPE,TEXT_VALUE) VALUES ('DEGROUP_ENTITLEMENTS_DESC','2','GROUP_ENTITLEMENTS','ResourceEntity.displayNameMap','Gruppenberechtigungen');
INSERT INTO LANGUAGE_MAPPING (ID,LANGUAGE_ID,REFERENCE_ID,REFERENCE_TYPE,TEXT_VALUE) VALUES ('DEGROUP_MENUS_DESC','2','GROUP_MENUS','ResourceEntity.displayNameMap','Menus');
INSERT INTO LANGUAGE_MAPPING (ID,LANGUAGE_ID,REFERENCE_ID,REFERENCE_TYPE,TEXT_VALUE) VALUES ('DEGROUP_ROOT_MENU_DESC','2','GROUP_ROOT_MENU','ResourceEntity.displayNameMap','Gruppen Root Menu');
INSERT INTO LANGUAGE_MAPPING (ID,LANGUAGE_ID,REFERENCE_ID,REFERENCE_TYPE,TEXT_VALUE) VALUES ('DEGROUP_SEARCH_DESC','2','GROUP_SEARCH','ResourceEntity.displayNameMap','Gruppen Suche');
INSERT INTO LANGUAGE_MAPPING (ID,LANGUAGE_ID,REFERENCE_ID,REFERENCE_TYPE,TEXT_VALUE) VALUES ('DEGRP_APROVER_ASSOC_DN','2','GRP_APROVER_ASSOC','ResourceEntity.displayNameMap','++++Zuordnung zu Genehmigende');
INSERT INTO LANGUAGE_MAPPING (ID,LANGUAGE_ID,REFERENCE_ID,REFERENCE_TYPE,TEXT_VALUE) VALUES ('DEMetadataTypeEntity31','2','HOME_ADDRESS','MetadataTypeEntity.displayNameMap','Adresse privat');
INSERT INTO LANGUAGE_MAPPING (ID,LANGUAGE_ID,REFERENCE_ID,REFERENCE_TYPE,TEXT_VALUE) VALUES ('DEMetadataTypeEntity32','2','HOME_EMAIL','MetadataTypeEntity.displayNameMap','E-Mail privat');
INSERT INTO LANGUAGE_MAPPING (ID,LANGUAGE_ID,REFERENCE_ID,REFERENCE_TYPE,TEXT_VALUE) VALUES ('DEMetadataTypeEntity33','2','HOME_PHONE','MetadataTypeEntity.displayNameMap','Telefon privat');
INSERT INTO LANGUAGE_MAPPING (ID,LANGUAGE_ID,REFERENCE_ID,REFERENCE_TYPE,TEXT_VALUE) VALUES ('DEIDM_MENU_DISPLAY','2','IDM','ResourceEntity.displayNameMap','Identitt');
INSERT INTO LANGUAGE_MAPPING (ID,LANGUAGE_ID,REFERENCE_ID,REFERENCE_TYPE,TEXT_VALUE) VALUES ('DEIDMAN_MENU_DISPLAY','2','IDMAN','ResourceEntity.displayNameMap','Benutzer Admin');
INSERT INTO LANGUAGE_MAPPING (ID,LANGUAGE_ID,REFERENCE_ID,REFERENCE_TYPE,TEXT_VALUE) VALUES ('DEIDQUEST_MENU_DISPLAY','2','IDQUEST','ResourceEntity.displayNameMap','Anfrage/Antwort');
INSERT INTO LANGUAGE_MAPPING (ID,LANGUAGE_ID,REFERENCE_ID,REFERENCE_TYPE,TEXT_VALUE) VALUES ('DEIMPERSIONATION_MENU_DESC','2','IMPERSIONATION_MENU','ResourceEntity.displayNameMap','Als anderen Benutzer ausgeben');
INSERT INTO LANGUAGE_MAPPING (ID,LANGUAGE_ID,REFERENCE_ID,REFERENCE_TYPE,TEXT_VALUE) VALUES ('DEMetadataTypeEntity34','2','INACTIVE','MetadataTypeEntity.displayNameMap','INAKTIV');
INSERT INTO LANGUAGE_MAPPING (ID,LANGUAGE_ID,REFERENCE_ID,REFERENCE_TYPE,TEXT_VALUE) VALUES ('DEMetadataTypeEntity35','2','InetOrgPerson','MetadataTypeEntity.displayNameMap','InetOrgPerson Benutzertyp');
INSERT INTO LANGUAGE_MAPPING (ID,LANGUAGE_ID,REFERENCE_ID,REFERENCE_TYPE,TEXT_VALUE) VALUES ('DEINTERNAL_USER_TYPE','2','INTERNAL_USER','MetadataTypeEntity.displayNameMap','Interner Benutzer');
INSERT INTO LANGUAGE_MAPPING (ID,LANGUAGE_ID,REFERENCE_ID,REFERENCE_TYPE,TEXT_VALUE) VALUES ('DEMetadataTypeEntity36','2','KERBEROS_KEYTAB_FILE','MetadataTypeEntity.displayNameMap','Kerberos Keytab File');
INSERT INTO LANGUAGE_MAPPING (ID,LANGUAGE_ID,REFERENCE_ID,REFERENCE_TYPE,TEXT_VALUE) VALUES ('DEMetadataTypeEntity37','2','KERBEROS_SERVICE_NAME','MetadataTypeEntity.displayNameMap','Kerberos Service Name');
INSERT INTO LANGUAGE_MAPPING (ID,LANGUAGE_ID,REFERENCE_ID,REFERENCE_TYPE,TEXT_VALUE) VALUES ('DELANGUAGE_ADMIN1','2','LANGUAGE_ADMIN','ResourceEntity.displayNameMap','Sprachen');
INSERT INTO LANGUAGE_MAPPING (ID,LANGUAGE_ID,REFERENCE_ID,REFERENCE_TYPE,TEXT_VALUE) VALUES ('DELANGUAGE_EDIT1','2','LANGUAGE_EDIT','ResourceEntity.displayNameMap','Neue Sprache');
INSERT INTO LANGUAGE_MAPPING (ID,LANGUAGE_ID,REFERENCE_ID,REFERENCE_TYPE,TEXT_VALUE) VALUES ('DELANGUAGE_SEARCH1','2','LANGUAGE_SEARCH','ResourceEntity.displayNameMap','Sprachen');
INSERT INTO LANGUAGE_MAPPING (ID,LANGUAGE_ID,REFERENCE_ID,REFERENCE_TYPE,TEXT_VALUE) VALUES ('DEMetadataTypeEntity38','2','LdapOrgPerson','MetadataTypeEntity.displayNameMap','LdapOrgPerson Benutzertyp');
INSERT INTO LANGUAGE_MAPPING (ID,LANGUAGE_ID,REFERENCE_ID,REFERENCE_TYPE,TEXT_VALUE) VALUES ('DEMetadataTypeEntity39','2','LDAP_Connector','MetadataTypeEntity.displayNameMap','LDAP Konnektor');
INSERT INTO LANGUAGE_MAPPING (ID,LANGUAGE_ID,REFERENCE_ID,REFERENCE_TYPE,TEXT_VALUE) VALUES ('DEMetadataTypeEntity40','2','LDAP_GROUP_TYPE','MetadataTypeEntity.displayNameMap','LDAP GROUP TYPE');
INSERT INTO LANGUAGE_MAPPING (ID,LANGUAGE_ID,REFERENCE_ID,REFERENCE_TYPE,TEXT_VALUE) VALUES ('DEMetadataTypeEntity41','2','LEAVE','MetadataTypeEntity.displayNameMap','LEAVE');
INSERT INTO LANGUAGE_MAPPING (ID,LANGUAGE_ID,REFERENCE_ID,REFERENCE_TYPE,TEXT_VALUE) VALUES ('DEMetadataTypeEntity42','2','LINUX_Connector','MetadataTypeEntity.displayNameMap','Linux Konnektor');
INSERT INTO LANGUAGE_MAPPING (ID,LANGUAGE_ID,REFERENCE_ID,REFERENCE_TYPE,TEXT_VALUE) VALUES ('DELOCATION_MENU_DISPLAY','2','LOCATION','ResourceEntity.displayNameMap','Ort');
INSERT INTO LANGUAGE_MAPPING (ID,LANGUAGE_ID,REFERENCE_ID,REFERENCE_TYPE,TEXT_VALUE) VALUES ('DEMetadataTypeEntity43','2','LOCKED','MetadataTypeEntity.displayNameMap','LOCKED');
INSERT INTO LANGUAGE_MAPPING (ID,LANGUAGE_ID,REFERENCE_ID,REFERENCE_TYPE,TEXT_VALUE) VALUES ('DEMetadataTypeEntity44','2','LOCKED_ADMIN','MetadataTypeEntity.displayNameMap','LOCKED_ADMIN');
INSERT INTO LANGUAGE_MAPPING (ID,LANGUAGE_ID,REFERENCE_ID,REFERENCE_TYPE,TEXT_VALUE) VALUES ('DEMetadataTypeEntity45','2','MANAGED_SYS','MetadataTypeEntity.displayNameMap','Verwaltetes System');
INSERT INTO LANGUAGE_MAPPING (ID,LANGUAGE_ID,REFERENCE_ID,REFERENCE_TYPE,TEXT_VALUE) VALUES ('DEMANAGED_SYS','2','MANAGED_SYS','ResourceTypeEntity.displayNameMap','Verwaltetes System');
INSERT INTO LANGUAGE_MAPPING (ID,LANGUAGE_ID,REFERENCE_ID,REFERENCE_TYPE,TEXT_VALUE) VALUES ('DEMetadataTypeEntity46','2','MANAGER','MetadataTypeEntity.displayNameMap','MANAGER');
INSERT INTO LANGUAGE_MAPPING (ID,LANGUAGE_ID,REFERENCE_ID,REFERENCE_TYPE,TEXT_VALUE) VALUES ('DEMANAGEREQ_MENU_DISPLAY','2','MANAGEREQ','ResourceEntity.displayNameMap','Verlauf der Anforderungen');
INSERT INTO LANGUAGE_MAPPING (ID,LANGUAGE_ID,REFERENCE_ID,REFERENCE_TYPE,TEXT_VALUE) VALUES ('DEMANUALRECON_DESC','2','MANUALRECON','ResourceEntity.displayNameMap','Manuelle Reconciliation');
INSERT INTO LANGUAGE_MAPPING (ID,LANGUAGE_ID,REFERENCE_ID,REFERENCE_TYPE,TEXT_VALUE) VALUES ('DEMENUS_SEARCH_DC','2','MENUS_SEARCH','ResourceEntity.displayNameMap','Menus');
INSERT INTO LANGUAGE_MAPPING (ID,LANGUAGE_ID,REFERENCE_ID,REFERENCE_TYPE,TEXT_VALUE) VALUES ('DEMetadataTypeEntity47','2','MENU_ITEM','MetadataTypeEntity.displayNameMap','Menu Element Type');
INSERT INTO LANGUAGE_MAPPING (ID,LANGUAGE_ID,REFERENCE_ID,REFERENCE_TYPE,TEXT_VALUE) VALUES ('DEMENU_ITEM','2','MENU_ITEM','ResourceTypeEntity.displayNameMap','Menus');
INSERT INTO LANGUAGE_MAPPING (ID,LANGUAGE_ID,REFERENCE_ID,REFERENCE_TYPE,TEXT_VALUE) VALUES ('DEMETADATA_MENU_DISPLAY','2','METADATA','ResourceEntity.displayNameMap','Metadaten');
INSERT INTO LANGUAGE_MAPPING (ID,LANGUAGE_ID,REFERENCE_ID,REFERENCE_TYPE,TEXT_VALUE) VALUES ('DEMETA_ADMIN_DESC','2','META_ADMIN','ResourceEntity.displayNameMap','Metadatenelemente');
INSERT INTO LANGUAGE_MAPPING (ID,LANGUAGE_ID,REFERENCE_ID,REFERENCE_TYPE,TEXT_VALUE) VALUES ('DEMETA_EDIT_DESC','2','META_EDIT','ResourceEntity.displayNameMap','Neue Metadaten');
INSERT INTO LANGUAGE_MAPPING (ID,LANGUAGE_ID,REFERENCE_ID,REFERENCE_TYPE,TEXT_VALUE) VALUES ('DEMETA_SEARCH_DESC','2','META_SEARCH','ResourceEntity.displayNameMap','Metadaten Suche');
INSERT INTO LANGUAGE_MAPPING (ID,LANGUAGE_ID,REFERENCE_ID,REFERENCE_TYPE,TEXT_VALUE) VALUES ('DEMETA_TYPE_ADMIN_DESC','2','META_TYPE_ADMIN','ResourceEntity.displayNameMap','Metadatentypen');
INSERT INTO LANGUAGE_MAPPING (ID,LANGUAGE_ID,REFERENCE_ID,REFERENCE_TYPE,TEXT_VALUE) VALUES ('DEMETA_TYPE_EDIT_DESC','2','META_TYPE_EDIT','ResourceEntity.displayNameMap','Neuer Metadatentyp');
INSERT INTO LANGUAGE_MAPPING (ID,LANGUAGE_ID,REFERENCE_ID,REFERENCE_TYPE,TEXT_VALUE) VALUES ('DEMETA_TYPE_EDIT_RETURN_DESC','2','META_TYPE_EDIT_RETURN','ResourceEntity.displayNameMap','Zurck zu den Metadatentypen');
INSERT INTO LANGUAGE_MAPPING (ID,LANGUAGE_ID,REFERENCE_ID,REFERENCE_TYPE,TEXT_VALUE) VALUES ('DEMETA_TYPE_SEARCH_DESC','2','META_TYPE_SEARCH','ResourceEntity.displayNameMap','Metadatentypen suche');
INSERT INTO LANGUAGE_MAPPING (ID,LANGUAGE_ID,REFERENCE_ID,REFERENCE_TYPE,TEXT_VALUE) VALUES ('DEMNGSYS_MENU_DISPLAY','2','MNGSYS','ResourceEntity.displayNameMap','Verwaltetes System');
INSERT INTO LANGUAGE_MAPPING (ID,LANGUAGE_ID,REFERENCE_ID,REFERENCE_TYPE,TEXT_VALUE) VALUES ('DEMNGSYSRULES_DESC','2','MNGSYSRULES','ResourceEntity.displayNameMap','Reglement des verwalteten Systems');
INSERT INTO LANGUAGE_MAPPING (ID,LANGUAGE_ID,REFERENCE_ID,REFERENCE_TYPE,TEXT_VALUE) VALUES ('DEMNGSYS_EDIT_DESC','2','MNGSYS_EDIT','ResourceEntity.displayNameMap','Verwaltetes System editieren');
INSERT INTO LANGUAGE_MAPPING (ID,LANGUAGE_ID,REFERENCE_ID,REFERENCE_TYPE,TEXT_VALUE) VALUES ('DEMNGSYS_DESC','2','MNGSYS_MENU_ITEM','ResourceEntity.displayNameMap','Verwaltete Systeme');
INSERT INTO LANGUAGE_MAPPING (ID,LANGUAGE_ID,REFERENCE_ID,REFERENCE_TYPE,TEXT_VALUE) VALUES ('DEMNGSYS_DSC','2','MNGSYS_NEW','ResourceEntity.displayNameMap','Verwaltetes System erstellen');
INSERT INTO LANGUAGE_MAPPING (ID,LANGUAGE_ID,REFERENCE_ID,REFERENCE_TYPE,TEXT_VALUE) VALUES ('DEMNG_SYS_VIEWER_DESC','2','MNG_SYS_VIEWER','ResourceEntity.displayNameMap','Ansicht der verwalteten Systeme');
INSERT INTO LANGUAGE_MAPPING (ID,LANGUAGE_ID,REFERENCE_ID,REFERENCE_TYPE,TEXT_VALUE) VALUES ('DEMetadataTypeEntity48','2','MULTI_SELECT','MetadataTypeEntity.displayNameMap','Mehrfachauswahl Liste');
INSERT INTO LANGUAGE_MAPPING (ID,LANGUAGE_ID,REFERENCE_ID,REFERENCE_TYPE,TEXT_VALUE) VALUES ('DENEWUSER_MENU_DISPLAY','2','NEWUSER','ResourceEntity.displayNameMap','Neuer Benutzer');
INSERT INTO LANGUAGE_MAPPING (ID,LANGUAGE_ID,REFERENCE_ID,REFERENCE_TYPE,TEXT_VALUE) VALUES ('DENEWUSER-NOAPPRV_MENU_DISPLAY','2','NEWUSER-NOAPPRV','ResourceEntity.displayNameMap','Neuer Benutzer ohne Bewilligungsverfahren');
INSERT INTO LANGUAGE_MAPPING (ID,LANGUAGE_ID,REFERENCE_ID,REFERENCE_TYPE,TEXT_VALUE) VALUES ('DENEW_AUTH_POLICY_DESC','2','NEW_AUTHENTICATION_POLICY','ResourceEntity.displayNameMap','Neue Auth Richtline erstellen');
INSERT INTO LANGUAGE_MAPPING (ID,LANGUAGE_ID,REFERENCE_ID,REFERENCE_TYPE,TEXT_VALUE) VALUES ('DENEW_AUTH_LVL_GRP_DN','2','NEW_AUTH_LVL_GRP','ResourceEntity.displayNameMap','Neue Gruppierung erstellen');
INSERT INTO LANGUAGE_MAPPING (ID,LANGUAGE_ID,REFERENCE_ID,REFERENCE_TYPE,TEXT_VALUE) VALUES ('DENEW_BATCH_TASK_DESC','2','NEW_BATCH_TASK','ResourceEntity.displayNameMap','Neue Stapelverarbeitungsaufgabe');
INSERT INTO LANGUAGE_MAPPING (ID,LANGUAGE_ID,REFERENCE_ID,REFERENCE_TYPE,TEXT_VALUE) VALUES ('DENEW_GROUP_DESC','2','NEW_GROUP','ResourceEntity.displayNameMap','Neue Gruppe erstellen');
INSERT INTO LANGUAGE_MAPPING (ID,LANGUAGE_ID,REFERENCE_ID,REFERENCE_TYPE,TEXT_VALUE) VALUES ('DENEW_ORG_DESC','2','NEW_ORG','ResourceEntity.displayNameMap','Neue Organisation erstellen');
INSERT INTO LANGUAGE_MAPPING (ID,LANGUAGE_ID,REFERENCE_ID,REFERENCE_TYPE,TEXT_VALUE) VALUES ('DENEW_ORG_TYPE_DESC','2','NEW_ORG_TYPE','ResourceEntity.displayNameMap','Neuer Organisationstyp');
INSERT INTO LANGUAGE_MAPPING (ID,LANGUAGE_ID,REFERENCE_ID,REFERENCE_TYPE,TEXT_VALUE) VALUES ('DENEW_PASSWORD_POLICY_DESC','2','NEW_PASSWORD_POLICY','ResourceEntity.displayNameMap','Neue Passwortrichtline erstellen');
INSERT INTO LANGUAGE_MAPPING (ID,LANGUAGE_ID,REFERENCE_ID,REFERENCE_TYPE,TEXT_VALUE) VALUES ('DENEW_POLICY_ATTR_DESC','2','NEW_POLICY_ATTR','ResourceEntity.displayNameMap','Neue Attributrichtlinie');
INSERT INTO LANGUAGE_MAPPING (ID,LANGUAGE_ID,REFERENCE_ID,REFERENCE_TYPE,TEXT_VALUE) VALUES ('DENEW_ROLE_DESC','2','NEW_ROLE','ResourceEntity.displayNameMap','Neue Rolle erstellen');
INSERT INTO LANGUAGE_MAPPING (ID,LANGUAGE_ID,REFERENCE_ID,REFERENCE_TYPE,TEXT_VALUE) VALUES ('DENEW_UI_THEME_DN','2','NEW_UI_THEME','ResourceEntity.displayNameMap','Neues UI Thema');
INSERT INTO LANGUAGE_MAPPING (ID,LANGUAGE_ID,REFERENCE_ID,REFERENCE_TYPE,TEXT_VALUE) VALUES ('DENEW_USER_DESC','2','NEW_USER','ResourceEntity.displayNameMap','Neuer Benutzer erstellen');
INSERT INTO LANGUAGE_MAPPING (ID,LANGUAGE_ID,REFERENCE_ID,REFERENCE_TYPE,TEXT_VALUE) VALUES ('DEMetadataTypeEntity49','2','NO-PROVISION-APP','MetadataTypeEntity.displayNameMap','Nicht provisionierbare Apps');
INSERT INTO LANGUAGE_MAPPING (ID,LANGUAGE_ID,REFERENCE_ID,REFERENCE_TYPE,TEXT_VALUE) VALUES ('DEMetadataTypeEntity50','2','OFF-LINE','MetadataTypeEntity.displayNameMap','OFF-LINE');
INSERT INTO LANGUAGE_MAPPING (ID,LANGUAGE_ID,REFERENCE_ID,REFERENCE_TYPE,TEXT_VALUE) VALUES ('DEMetadataTypeEntity51','2','OFFICE_ADDRESS','MetadataTypeEntity.displayNameMap','Adresse Geschft');
INSERT INTO LANGUAGE_MAPPING (ID,LANGUAGE_ID,REFERENCE_ID,REFERENCE_TYPE,TEXT_VALUE) VALUES ('DEMetadataTypeEntity52','2','OFFICE_PHONE','MetadataTypeEntity.displayNameMap','Telefon Geschft');
INSERT INTO LANGUAGE_MAPPING (ID,LANGUAGE_ID,REFERENCE_ID,REFERENCE_TYPE,TEXT_VALUE) VALUES ('DEORG_MENU_DISPLAY','2','ORG','ResourceEntity.displayNameMap','Organisation');
INSERT INTO LANGUAGE_MAPPING (ID,LANGUAGE_ID,REFERENCE_ID,REFERENCE_TYPE,TEXT_VALUE) VALUES ('DEORGANIZATION','2','ORGANIZATION','OrganizationTypeEntity.displayNameMap','Organisation');
INSERT INTO LANGUAGE_MAPPING (ID,LANGUAGE_ID,REFERENCE_ID,REFERENCE_TYPE,TEXT_VALUE) VALUES ('DEORGANIZATION_EDIT_ID_DESC','2','ORGANIZATION_EDIT_ID','ResourceEntity.displayNameMap','Organisation Menus editieren');
INSERT INTO LANGUAGE_MAPPING (ID,LANGUAGE_ID,REFERENCE_ID,REFERENCE_TYPE,TEXT_VALUE) VALUES ('DEORGANIZATION_ROOT_ID_DESC','2','ORGANIZATION_ROOT_ID','ResourceEntity.displayNameMap','Organisation Root Menus');
INSERT INTO LANGUAGE_MAPPING (ID,LANGUAGE_ID,REFERENCE_ID,REFERENCE_TYPE,TEXT_VALUE) VALUES ('DEMetadataTypeEntity53','2','OrgOpenIAM','MetadataTypeEntity.displayNameMap','OpenIAM');
INSERT INTO LANGUAGE_MAPPING (ID,LANGUAGE_ID,REFERENCE_ID,REFERENCE_TYPE,TEXT_VALUE) VALUES ('DEORG_APROVER_ASSOC_DN','2','ORG_APROVER_ASSOC','ResourceEntity.displayNameMap','Zuordnungsfreigebender');
INSERT INTO LANGUAGE_MAPPING (ID,LANGUAGE_ID,REFERENCE_ID,REFERENCE_TYPE,TEXT_VALUE) VALUES ('DEORG_MEMBERSHIP_DESC','2','ORG_MEMBERSHIP','ResourceEntity.displayNameMap','Organisation Mitglieder');
INSERT INTO LANGUAGE_MAPPING (ID,LANGUAGE_ID,REFERENCE_ID,REFERENCE_TYPE,TEXT_VALUE) VALUES ('DEORG_SEARCH_DESC','2','ORG_SEARCH','ResourceEntity.displayNameMap','Organisation Suche');
INSERT INTO LANGUAGE_MAPPING (ID,LANGUAGE_ID,REFERENCE_ID,REFERENCE_TYPE,TEXT_VALUE) VALUES ('DEORG_TYPE_EDIT_SEARCH_DESC','2','ORG_TYPE_EDIT_SEARCH','ResourceEntity.displayNameMap','Organisationtypen Suchen');
INSERT INTO LANGUAGE_MAPPING (ID,LANGUAGE_ID,REFERENCE_ID,REFERENCE_TYPE,TEXT_VALUE) VALUES ('DEORG_TYPE_SEARCH_DESC','2','ORG_TYPE_SEARCH','ResourceEntity.displayNameMap','Organisationtypen Suchen');
INSERT INTO LANGUAGE_MAPPING (ID,LANGUAGE_ID,REFERENCE_ID,REFERENCE_TYPE,TEXT_VALUE) VALUES ('DEORG_TYPE_SUBMENU_EDIT_DESC','2','ORG_TYPE_SUBMENU_EDIT','ResourceEntity.displayNameMap','Organisationtypen Suchen editieren');
INSERT INTO LANGUAGE_MAPPING (ID,LANGUAGE_ID,REFERENCE_ID,REFERENCE_TYPE,TEXT_VALUE) VALUES ('DEORG_TYPE_SUBMENU_ROOT_DESC','2','ORG_TYPE_SUBMENU_ROOT','ResourceEntity.displayNameMap','Organisationtypen Suchen Root');
INSERT INTO LANGUAGE_MAPPING (ID,LANGUAGE_ID,REFERENCE_ID,REFERENCE_TYPE,TEXT_VALUE) VALUES ('DEPAGE_TEMPLATE_EDIT_DESC','2','PAGE_TEMPLATE_EDIT','ResourceEntity.displayNameMap','Seitentemplate Menu editieren');
INSERT INTO LANGUAGE_MAPPING (ID,LANGUAGE_ID,REFERENCE_ID,REFERENCE_TYPE,TEXT_VALUE) VALUES ('DEPAGE_TEMPLATE_EDIT_NEW_DESC','2','PAGE_TEMPLATE_EDIT_NEW','ResourceEntity.displayNameMap','Neues Template erstellen');
INSERT INTO LANGUAGE_MAPPING (ID,LANGUAGE_ID,REFERENCE_ID,REFERENCE_TYPE,TEXT_VALUE) VALUES ('DEPAGE_TMP_EDIT_SEARCH_DESC','2','PAGE_TEMPLATE_EDIT_SEARCH','ResourceEntity.displayNameMap','Zurck zur Suche');
INSERT INTO LANGUAGE_MAPPING (ID,LANGUAGE_ID,REFERENCE_ID,REFERENCE_TYPE,TEXT_VALUE) VALUES ('DEPAGE_TEMPLATE_NEW_DSC','2','PAGE_TEMPLATE_NEW','ResourceEntity.displayNameMap','Neues Template erstellen');
INSERT INTO LANGUAGE_MAPPING (ID,LANGUAGE_ID,REFERENCE_ID,REFERENCE_TYPE,TEXT_VALUE) VALUES ('DEPAGE_TEMPLATE_ROOT_DESC','2','PAGE_TEMPLATE_ROOT','ResourceEntity.displayNameMap','Seitentemplate Root Menu');
INSERT INTO LANGUAGE_MAPPING (ID,LANGUAGE_ID,REFERENCE_ID,REFERENCE_TYPE,TEXT_VALUE) VALUES ('DEPAGE_TEMPLATE_SEARCH_DESC','2','PAGE_TEMPLATE_SEARCH','ResourceEntity.displayNameMap','Seitentemplate Suche');
INSERT INTO LANGUAGE_MAPPING (ID,LANGUAGE_ID,REFERENCE_ID,REFERENCE_TYPE,TEXT_VALUE) VALUES ('DEMetadataTypeEntity54','2','PASSWORD','MetadataTypeEntity.displayNameMap','Passwort Feld');
INSERT INTO LANGUAGE_MAPPING (ID,LANGUAGE_ID,REFERENCE_ID,REFERENCE_TYPE,TEXT_VALUE) VALUES ('DEPOLICY_MENU_DESC','2','PASSWORD_POLICY','ResourceEntity.displayNameMap','Passwortrichtlinie');
INSERT INTO LANGUAGE_MAPPING (ID,LANGUAGE_ID,REFERENCE_ID,REFERENCE_TYPE,TEXT_VALUE) VALUES ('DEPASSWORD_POLICY_EDIT_DESC','2','PASSWORD_POLICY_EDIT','ResourceEntity.displayNameMap','Zuordnugsrichtlinie Root Menu');
INSERT INTO LANGUAGE_MAPPING (ID,LANGUAGE_ID,REFERENCE_ID,REFERENCE_TYPE,TEXT_VALUE) VALUES ('DEPOLICY_ROOT_MENU_DESC','2','PASSWORD_POLICY_ROOT_MENU','ResourceEntity.displayNameMap','Passwort Richtlinie Root Menu');
INSERT INTO LANGUAGE_MAPPING (ID,LANGUAGE_ID,REFERENCE_ID,REFERENCE_TYPE,TEXT_VALUE) VALUES ('DEMetadataTypeEntity55','2','PENDING_APPROVAL','MetadataTypeEntity.displayNameMap','HNGIGE_FREIGABE');
INSERT INTO LANGUAGE_MAPPING (ID,LANGUAGE_ID,REFERENCE_ID,REFERENCE_TYPE,TEXT_VALUE) VALUES ('DEMetadataTypeEntity56','2','PENDING_INITIAL_LOGIN','MetadataTypeEntity.displayNameMap','HNGIGES_ERSTES_LOGIN');
INSERT INTO LANGUAGE_MAPPING (ID,LANGUAGE_ID,REFERENCE_ID,REFERENCE_TYPE,TEXT_VALUE) VALUES ('DEMetadataTypeEntity57','2','PENDING_START_DATE','MetadataTypeEntity.displayNameMap','HNGIGES_START_DATUM');
INSERT INTO LANGUAGE_MAPPING (ID,LANGUAGE_ID,REFERENCE_ID,REFERENCE_TYPE,TEXT_VALUE) VALUES ('DEMetadataTypeEntity58','2','PENDING_USER_VALIDATION','MetadataTypeEntity.displayNameMap','HNGIGE_BENUTZER_VALIDIERUNG');
INSERT INTO LANGUAGE_MAPPING (ID,LANGUAGE_ID,REFERENCE_ID,REFERENCE_TYPE,TEXT_VALUE) VALUES ('DEMetadataTypeEntity59','2','PERM FULL TIME','MetadataTypeEntity.displayNameMap','VOLLZEIT_ANGESTELLT');
INSERT INTO LANGUAGE_MAPPING (ID,LANGUAGE_ID,REFERENCE_ID,REFERENCE_TYPE,TEXT_VALUE) VALUES ('DEMetadataTypeEntity60','2','PERM PART TIME','MetadataTypeEntity.displayNameMap','TEILZEIT_ANGESTELLT');
INSERT INTO LANGUAGE_MAPPING (ID,LANGUAGE_ID,REFERENCE_ID,REFERENCE_TYPE,TEXT_VALUE) VALUES ('DEPOLICY_ATTR_EDIT_ROOTT_DESC','2','POLICY_ATTR_EDIT_ROOT','ResourceEntity.displayNameMap','Attribut Richtlinien Root Menu editieren');
INSERT INTO LANGUAGE_MAPPING (ID,LANGUAGE_ID,REFERENCE_ID,REFERENCE_TYPE,TEXT_VALUE) VALUES ('DEPOLICY_ATTR_ROOT_DESC','2','POLICY_ATTR_ROOT','ResourceEntity.displayNameMap','Attribut Richtlinien Root Menu');
INSERT INTO LANGUAGE_MAPPING (ID,LANGUAGE_ID,REFERENCE_ID,REFERENCE_TYPE,TEXT_VALUE) VALUES ('DEMetadataTypeEntity61','2','PRIMARY_EMAIL','MetadataTypeEntity.displayNameMap','E.-Mail');
INSERT INTO LANGUAGE_MAPPING (ID,LANGUAGE_ID,REFERENCE_ID,REFERENCE_TYPE,TEXT_VALUE) VALUES ('DEPROFILE_MENU_DISPLAY','2','PROFILE','ResourceEntity.displayNameMap','Profil editieren');
INSERT INTO LANGUAGE_MAPPING (ID,LANGUAGE_ID,REFERENCE_ID,REFERENCE_TYPE,TEXT_VALUE) VALUES ('DEPROVCONNECT_MENU_DISPLAY','2','PROVCONNECT','ResourceEntity.displayNameMap','Konnektoren');
INSERT INTO LANGUAGE_MAPPING (ID,LANGUAGE_ID,REFERENCE_ID,REFERENCE_TYPE,TEXT_VALUE) VALUES ('DEPROVCONNECT_DESC','2','PROVCONNECT_MENU_ITEM','ResourceEntity.displayNameMap','Provisionierungskonnektoren');
INSERT INTO LANGUAGE_MAPPING (ID,LANGUAGE_ID,REFERENCE_ID,REFERENCE_TYPE,TEXT_VALUE) VALUES ('DEPROVISIONING_MENU_DISPLAY','2','PROVISIONING','ResourceEntity.displayNameMap','Provisionierung');
INSERT INTO LANGUAGE_MAPPING (ID,LANGUAGE_ID,REFERENCE_ID,REFERENCE_TYPE,TEXT_VALUE) VALUES ('DEPROV_CONNECTOR_DSC','2','PROV_CONNECTOR_NEW','ResourceEntity.displayNameMap','Neuer Konnektor erstellen');
INSERT INTO LANGUAGE_MAPPING (ID,LANGUAGE_ID,REFERENCE_ID,REFERENCE_TYPE,TEXT_VALUE) VALUES ('DEMetadataTypeEntity62','2','RADIO','MetadataTypeEntity.displayNameMap','Radio Knopf');
INSERT INTO LANGUAGE_MAPPING (ID,LANGUAGE_ID,REFERENCE_ID,REFERENCE_TYPE,TEXT_VALUE) VALUES ('DEMetadataTypeEntity63','2','RDBMS_Connector','MetadataTypeEntity.displayNameMap','RDBMS Konnektor');
INSERT INTO LANGUAGE_MAPPING (ID,LANGUAGE_ID,REFERENCE_ID,REFERENCE_TYPE,TEXT_VALUE) VALUES ('DEMetadataTypeEntity64','2','READY','MetadataTypeEntity.displayNameMap','BEREIT');
INSERT INTO LANGUAGE_MAPPING (ID,LANGUAGE_ID,REFERENCE_ID,REFERENCE_TYPE,TEXT_VALUE) VALUES ('DEREPORT_MENU_DISPLAY','2','REPORT','ResourceEntity.displayNameMap','Berichte verwalten');
INSERT INTO LANGUAGE_MAPPING (ID,LANGUAGE_ID,REFERENCE_ID,REFERENCE_TYPE,TEXT_VALUE) VALUES ('DEREQINBOX_MENU_DISPLAY','2','REQINBOX','ResourceEntity.displayNameMap','Posteingang');
INSERT INTO LANGUAGE_MAPPING (ID,LANGUAGE_ID,REFERENCE_ID,REFERENCE_TYPE,TEXT_VALUE) VALUES ('DEREQUEST_APPROVAL_DESC','2','REQUEST_APPROVAL','ResourceEntity.displayNameMap','Anforderungsfreigabe');
INSERT INTO LANGUAGE_MAPPING (ID,LANGUAGE_ID,REFERENCE_ID,REFERENCE_TYPE,TEXT_VALUE) VALUES ('DERESOURCE_EDIT_PAGE_ROOT_DIS','2','RESOURCE_EDIT_PAGE_ROOT','ResourceEntity.displayNameMap','Ressource Seite Root editieren');
INSERT INTO LANGUAGE_MAPPING (ID,LANGUAGE_ID,REFERENCE_ID,REFERENCE_TYPE,TEXT_VALUE) VALUES ('DERESPOLICYMAP_MENU_DISPLAY','2','RESPOLICYMAP','ResourceEntity.displayNameMap','Zuordnungsrichtlinien');
INSERT INTO LANGUAGE_MAPPING (ID,LANGUAGE_ID,REFERENCE_ID,REFERENCE_TYPE,TEXT_VALUE) VALUES ('DERESRECONCILE_MENU_DISPLAY','2','RESRECONCILE','ResourceEntity.displayNameMap','Reconciliation');
INSERT INTO LANGUAGE_MAPPING (ID,LANGUAGE_ID,REFERENCE_ID,REFERENCE_TYPE,TEXT_VALUE) VALUES ('DERESSUMMARY_MENU_DISPLAY','2','RESSUMMARY','ResourceEntity.displayNameMap','Ressourcendetails');
INSERT INTO LANGUAGE_MAPPING (ID,LANGUAGE_ID,REFERENCE_ID,REFERENCE_TYPE,TEXT_VALUE) VALUES ('DERES_APROVER_ASSOC_DN','2','RES_APROVER_ASSOC','ResourceEntity.displayNameMap','Genehmigendenzuordnungen');
INSERT INTO LANGUAGE_MAPPING (ID,LANGUAGE_ID,REFERENCE_ID,REFERENCE_TYPE,TEXT_VALUE) VALUES ('DERES_ENT_SUB_DIS','2','RES_ENT_SUB','ResourceEntity.displayNameMap','Berechtigungen');
INSERT INTO LANGUAGE_MAPPING (ID,LANGUAGE_ID,REFERENCE_ID,REFERENCE_TYPE,TEXT_VALUE) VALUES ('DERES_TYPE_DESC','2','RES_TYPE_ITEM','ResourceEntity.displayNameMap','Ressourcetypen');
INSERT INTO LANGUAGE_MAPPING (ID,LANGUAGE_ID,REFERENCE_ID,REFERENCE_TYPE,TEXT_VALUE) VALUES ('DERES_TYPE_NEW_DESC','2','RES_TYPE_NEW','ResourceEntity.displayNameMap','Neuer Ressourcetyp');
INSERT INTO LANGUAGE_MAPPING (ID,LANGUAGE_ID,REFERENCE_ID,REFERENCE_TYPE,TEXT_VALUE) VALUES ('DEMetadataTypeEntity65','2','RETIRED','MetadataTypeEntity.displayNameMap','PENSIONIERT');
INSERT INTO LANGUAGE_MAPPING (ID,LANGUAGE_ID,REFERENCE_ID,REFERENCE_TYPE,TEXT_VALUE) VALUES ('DEMetadataTypeEntity66','2','RJ','MetadataTypeEntity.displayNameMap','ABGEWIESEN');
INSERT INTO LANGUAGE_MAPPING (ID,LANGUAGE_ID,REFERENCE_ID,REFERENCE_TYPE,TEXT_VALUE) VALUES ('DEROLE_APROVER_ASSOC_DN','2','ROLE_APROVER_ASSOC','ResourceEntity.displayNameMap','Genehmigendenzuordnungen');
INSERT INTO LANGUAGE_MAPPING (ID,LANGUAGE_ID,REFERENCE_ID,REFERENCE_TYPE,TEXT_VALUE) VALUES ('DEROLE_EDIT_MENU_DESC','2','ROLE_EDIT_MENU','ResourceEntity.displayNameMap','Rollen Root Menu editieren');
INSERT INTO LANGUAGE_MAPPING (ID,LANGUAGE_ID,REFERENCE_ID,REFERENCE_TYPE,TEXT_VALUE) VALUES ('DEROLE_ENTITLEMENTS_DESC','2','ROLE_ENTITLEMENTS','ResourceEntity.displayNameMap','Rollenberechtigungen');
INSERT INTO LANGUAGE_MAPPING (ID,LANGUAGE_ID,REFERENCE_ID,REFERENCE_TYPE,TEXT_VALUE) VALUES ('DEROLE_MENUS_DESC','2','ROLE_MENUS','ResourceEntity.displayNameMap','Menus');
INSERT INTO LANGUAGE_MAPPING (ID,LANGUAGE_ID,REFERENCE_ID,REFERENCE_TYPE,TEXT_VALUE) VALUES ('DEROLE_ROOT_MENU_DESC','2','ROLE_ROOT_MENU','ResourceEntity.displayNameMap','Rollen Root Menu');
INSERT INTO LANGUAGE_MAPPING (ID,LANGUAGE_ID,REFERENCE_ID,REFERENCE_TYPE,TEXT_VALUE) VALUES ('DEROLE_SEARCH_DESC','2','ROLE_SEARCH','ResourceEntity.displayNameMap','Rolle suchen');
INSERT INTO LANGUAGE_MAPPING (ID,LANGUAGE_ID,REFERENCE_ID,REFERENCE_TYPE,TEXT_VALUE) VALUES ('DEMetadataTypeEntity67','2','SALES REP','MetadataTypeEntity.displayNameMap','VERKAUF');
INSERT INTO LANGUAGE_MAPPING (ID,LANGUAGE_ID,REFERENCE_ID,REFERENCE_TYPE,TEXT_VALUE) VALUES ('DEMetadataTypeEntity68','2','SCRIPT_Connector','MetadataTypeEntity.displayNameMap','Skript Konnektor');
INSERT INTO LANGUAGE_MAPPING (ID,LANGUAGE_ID,REFERENCE_ID,REFERENCE_TYPE,TEXT_VALUE) VALUES ('DESEARCH_BATCH_EDIT_DESC','2','SEARCH_BATCH_EDIT','ResourceEntity.displayNameMap','Stapelverarbeitungen suchen');
INSERT INTO LANGUAGE_MAPPING (ID,LANGUAGE_ID,REFERENCE_ID,REFERENCE_TYPE,TEXT_VALUE) VALUES ('DESEARCH_BATCH_NEW_DESC','2','SEARCH_BATCH_NEW','ResourceEntity.displayNameMap','Stapelverarbeitungen ssuchen');
INSERT INTO LANGUAGE_MAPPING (ID,LANGUAGE_ID,REFERENCE_ID,REFERENCE_TYPE,TEXT_VALUE) VALUES ('DEMetadataTypeEntity69','2','SECURITY MANAGER','MetadataTypeEntity.displayNameMap','SECURITY MANAGER');
INSERT INTO LANGUAGE_MAPPING (ID,LANGUAGE_ID,REFERENCE_ID,REFERENCE_TYPE,TEXT_VALUE) VALUES ('DESECURITY_GROUP_MENU_DISPLAY','2','SECURITY_GROUP','ResourceEntity.displayNameMap','Gruppe');
INSERT INTO LANGUAGE_MAPPING (ID,LANGUAGE_ID,REFERENCE_ID,REFERENCE_TYPE,TEXT_VALUE) VALUES ('DESECURITY_POLICY_MENU_DISPLAY','2','SECURITY_POLICY','ResourceEntity.displayNameMap','Richtlinien');
INSERT INTO LANGUAGE_MAPPING (ID,LANGUAGE_ID,REFERENCE_ID,REFERENCE_TYPE,TEXT_VALUE) VALUES ('DESECURITY_RES_MENU_DISPLAY','2','SECURITY_RES','ResourceEntity.displayNameMap','Ressource');
INSERT INTO LANGUAGE_MAPPING (ID,LANGUAGE_ID,REFERENCE_ID,REFERENCE_TYPE,TEXT_VALUE) VALUES ('DESECURITY_ROLE_MENU_DISPLAY','2','SECURITY_ROLE','ResourceEntity.displayNameMap','Rolle');
INSERT INTO LANGUAGE_MAPPING (ID,LANGUAGE_ID,REFERENCE_ID,REFERENCE_TYPE,TEXT_VALUE) VALUES ('DEMetadataTypeEntity70','2','SELECT','MetadataTypeEntity.displayNameMap','Combo box');
INSERT INTO LANGUAGE_MAPPING (ID,LANGUAGE_ID,REFERENCE_ID,REFERENCE_TYPE,TEXT_VALUE) VALUES ('DESELFCENTER_MENU_DISPLAY','2','SELFCENTER','ResourceEntity.displayNameMap','Self-Service Center');
INSERT INTO LANGUAGE_MAPPING (ID,LANGUAGE_ID,REFERENCE_ID,REFERENCE_TYPE,TEXT_VALUE) VALUES ('DESELFSERVE_SUP_SUB_DESC','2','SELFSERVE_SUP_SUB','ResourceEntity.displayNameMap','Vorgesetzte & Mitarbeiter');
INSERT INTO LANGUAGE_MAPPING (ID,LANGUAGE_ID,REFERENCE_ID,REFERENCE_TYPE,TEXT_VALUE) VALUES ('DESELFSERVICE_MENU_DISPLAY','2','SELFSERVICE','ResourceEntity.displayNameMap','SELF-SERVICE');
INSERT INTO LANGUAGE_MAPPING (ID,LANGUAGE_ID,REFERENCE_ID,REFERENCE_TYPE,TEXT_VALUE) VALUES ('DESELFSERVICE_EXT_DN','2','SELFSERVICE_EXT','ResourceEntity.displayNameMap','Self-Service Extension Root');
INSERT INTO LANGUAGE_MAPPING (ID,LANGUAGE_ID,REFERENCE_ID,REFERENCE_TYPE,TEXT_VALUE) VALUES ('DESELFSERVICE_GROUPS_DN','2','SELFSERVICE_GROUPS','ResourceEntity.displayNameMap','Gruppen');
INSERT INTO LANGUAGE_MAPPING (ID,LANGUAGE_ID,REFERENCE_ID,REFERENCE_TYPE,TEXT_VALUE) VALUES ('DESELFSERVICE_MYAPPS_DESC','2','SELFSERVICE_MYAPPS','ResourceEntity.displayNameMap','Meine Applikationen');
INSERT INTO LANGUAGE_MAPPING (ID,LANGUAGE_ID,REFERENCE_ID,REFERENCE_TYPE,TEXT_VALUE) VALUES ('DESELFSERVICE_MYINFO_DESC','2','SELFSERVICE_MYINFO','ResourceEntity.displayNameMap','Meine Informationen');
INSERT INTO LANGUAGE_MAPPING (ID,LANGUAGE_ID,REFERENCE_ID,REFERENCE_TYPE,TEXT_VALUE) VALUES ('DESELFSERVICE_REPORT_DESC','2','SELFSERVICE_REPORT','ResourceEntity.displayNameMap','Bericht');
INSERT INTO LANGUAGE_MAPPING (ID,LANGUAGE_ID,REFERENCE_ID,REFERENCE_TYPE,TEXT_VALUE) VALUES ('DESELFSERVICE_RESOURCES_DN','2','SELFSERVICE_RESOURCES','ResourceEntity.displayNameMap','Ressourcen');
INSERT INTO LANGUAGE_MAPPING (ID,LANGUAGE_ID,REFERENCE_ID,REFERENCE_TYPE,TEXT_VALUE) VALUES ('DESELFSERVICE_ROLES_DN','2','SELFSERVICE_ROLES','ResourceEntity.displayNameMap','Rollen');
INSERT INTO LANGUAGE_MAPPING (ID,LANGUAGE_ID,REFERENCE_ID,REFERENCE_TYPE,TEXT_VALUE) VALUES ('DESS_ACCESS_REVIEW_DESC','2','SELFSERV_ACCESS_REVIEW','ResourceEntity.displayNameMap','Zugriffsberprfung');
INSERT INTO LANGUAGE_MAPPING (ID,LANGUAGE_ID,REFERENCE_ID,REFERENCE_TYPE,TEXT_VALUE) VALUES ('DESELFSERV_GRP_BACK_SRCH_DN','2','SELFSERV_GRP_BACK_SRCH','ResourceEntity.displayNameMap','Zurck zur Suche');
INSERT INTO LANGUAGE_MAPPING (ID,LANGUAGE_ID,REFERENCE_ID,REFERENCE_TYPE,TEXT_VALUE) VALUES ('DESELFSERV_GRP_EDIT_DN','2','SELFSERV_GRP_EDIT','ResourceEntity.displayNameMap','Gruppe editieren');
INSERT INTO LANGUAGE_MAPPING (ID,LANGUAGE_ID,REFERENCE_ID,REFERENCE_TYPE,TEXT_VALUE) VALUES ('DESELFSERV_GRP_NEW_DN','2','SELFSERV_GRP_NEW','ResourceEntity.displayNameMap','Neue Gruppe erstellen');
INSERT INTO LANGUAGE_MAPPING (ID,LANGUAGE_ID,REFERENCE_ID,REFERENCE_TYPE,TEXT_VALUE) VALUES ('DESELFSERV_ROLE_NEW_DN','2','SELFSERV_ROLE_NEW','ResourceEntity.displayNameMap','Neue Rolle erstellen');
INSERT INTO LANGUAGE_MAPPING (ID,LANGUAGE_ID,REFERENCE_ID,REFERENCE_TYPE,TEXT_VALUE) VALUES ('DESELFSERV_USER_EDIT_DESC','2','SELFSERV_USER_EDIT','ResourceEntity.displayNameMap','Benutzer editieren');
INSERT INTO LANGUAGE_MAPPING (ID,LANGUAGE_ID,REFERENCE_ID,REFERENCE_TYPE,TEXT_VALUE) VALUES ('DESS_USR_EDIT_RT_DESC','2','SELFSERV_USER_EDIT_ROOT','ResourceEntity.displayNameMap','Self-Service Benutzer Root editieren');
INSERT INTO LANGUAGE_MAPPING (ID,LANGUAGE_ID,REFERENCE_ID,REFERENCE_TYPE,TEXT_VALUE) VALUES ('DESELFSERV_USER_MEMSHP_DES','2','SELFSERV_USER_MEMSHP','ResourceEntity.displayNameMap','Benutzerberechtigungen');
INSERT INTO LANGUAGE_MAPPING (ID,LANGUAGE_ID,REFERENCE_ID,REFERENCE_TYPE,TEXT_VALUE) VALUES ('DESELFSER_USER_LOGIN_DESC','2','SELFSER_USER_LOGIN','ResourceEntity.displayNameMap','Identitten');
INSERT INTO LANGUAGE_MAPPING (ID,LANGUAGE_ID,REFERENCE_ID,REFERENCE_TYPE,TEXT_VALUE) VALUES ('DESELFSER_USER_NEW_LOGIN_DESC','2','SELFSER_USER_NEW_LOGIN','ResourceEntity.displayNameMap','Neue Identitt erstellen');
INSERT INTO LANGUAGE_MAPPING (ID,LANGUAGE_ID,REFERENCE_ID,REFERENCE_TYPE,TEXT_VALUE) VALUES ('DESS_ACCESS_MNGMNT_ORG_DESC','2','SELFSRVS_ACCESS_MNGMNT_ORG','ResourceEntity.displayNameMap','Organisationen');
INSERT INTO LANGUAGE_MAPPING (ID,LANGUAGE_ID,REFERENCE_ID,REFERENCE_TYPE,TEXT_VALUE) VALUES ('DESELFSRV_EXAMPLE_DN','2','SELFSRV_EXAMPLE','ResourceEntity.displayNameMap','Beispiel');
INSERT INTO LANGUAGE_MAPPING (ID,LANGUAGE_ID,REFERENCE_ID,REFERENCE_TYPE,TEXT_VALUE) VALUES ('DESELFSRV_GRP_EDIT_ROOT_DESC','2','SELFSRV_GRP_EDIT_ROOT','ResourceEntity.displayNameMap','Self-Service Gruppe Root editieren');
INSERT INTO LANGUAGE_MAPPING (ID,LANGUAGE_ID,REFERENCE_ID,REFERENCE_TYPE,TEXT_VALUE) VALUES ('DESELFSRV_GRP_SRCH_ROOT_DESC','2','SELFSRV_GRP_SRCH_ROOT','ResourceEntity.displayNameMap','Self-Service Gruppe Root');
INSERT INTO LANGUAGE_MAPPING (ID,LANGUAGE_ID,REFERENCE_ID,REFERENCE_TYPE,TEXT_VALUE) VALUES ('DESELFSRV_RES_BACK_SRCH_DN','2','SELFSRV_RES_BACK_SRCH','ResourceEntity.displayNameMap','Zurck zur Suche');
INSERT INTO LANGUAGE_MAPPING (ID,LANGUAGE_ID,REFERENCE_ID,REFERENCE_TYPE,TEXT_VALUE) VALUES ('DESELFSRV_RES_EDIT_DN','2','SELFSRV_RES_EDIT','ResourceEntity.displayNameMap','Ressourcen editieren');
INSERT INTO LANGUAGE_MAPPING (ID,LANGUAGE_ID,REFERENCE_ID,REFERENCE_TYPE,TEXT_VALUE) VALUES ('DESELFSRV_RES_EDIT_ROOT_DESC','2','SELFSRV_RES_EDIT_ROOT','ResourceEntity.displayNameMap','Self-Service Gruppe Root editieren');
INSERT INTO LANGUAGE_MAPPING (ID,LANGUAGE_ID,REFERENCE_ID,REFERENCE_TYPE,TEXT_VALUE) VALUES ('DESELFSRV_RES_NEW_DN','2','SELFSRV_RES_NEW','ResourceEntity.displayNameMap','Neue Ressource erstellen');
INSERT INTO LANGUAGE_MAPPING (ID,LANGUAGE_ID,REFERENCE_ID,REFERENCE_TYPE,TEXT_VALUE) VALUES ('DESELFSRV_RES_SRCH_ROOT_DN','2','SELFSRV_RES_SRCH_ROOT','ResourceEntity.displayNameMap','Self-Service Ressource Root');
INSERT INTO LANGUAGE_MAPPING (ID,LANGUAGE_ID,REFERENCE_ID,REFERENCE_TYPE,TEXT_VALUE) VALUES ('DESELFSRV_ROLE_BACK_SRCH_DN','2','SELFSRV_ROLE_BACK_SRCH','ResourceEntity.displayNameMap','Zurck zur Suche');
INSERT INTO LANGUAGE_MAPPING (ID,LANGUAGE_ID,REFERENCE_ID,REFERENCE_TYPE,TEXT_VALUE) VALUES ('DESELFSRV_ROLE_EDIT_DN','2','SELFSRV_ROLE_EDIT','ResourceEntity.displayNameMap','Rolle editieren');
INSERT INTO LANGUAGE_MAPPING (ID,LANGUAGE_ID,REFERENCE_ID,REFERENCE_TYPE,TEXT_VALUE) VALUES ('DESELFSRV_ROLE_EDIT_ROOT_DESC','2','SELFSRV_ROLE_EDIT_ROOT','ResourceEntity.displayNameMap','Self-Service Rolle Root editieren');
INSERT INTO LANGUAGE_MAPPING (ID,LANGUAGE_ID,REFERENCE_ID,REFERENCE_TYPE,TEXT_VALUE) VALUES ('DESELFSRV_ROLE_SRCH_ROOT_DN','2','SELFSRV_ROLE_SRCH_ROOT','ResourceEntity.displayNameMap','Self-Service Rolle Root');
INSERT INTO LANGUAGE_MAPPING (ID,LANGUAGE_ID,REFERENCE_ID,REFERENCE_TYPE,TEXT_VALUE) VALUES ('DESELF_QUERYUSER_MENU_DISPLAY','2','SELF_QUERYUSER','ResourceEntity.displayNameMap','Benutzer verwalten');
INSERT INTO LANGUAGE_MAPPING (ID,LANGUAGE_ID,REFERENCE_ID,REFERENCE_TYPE,TEXT_VALUE) VALUES ('DESELF_SUB_ORGS_EDIT_DESC','2','SELF_SUB_ORGS_EDIT','ResourceEntity.displayNameMap','Organisation editieren');
INSERT INTO LANGUAGE_MAPPING (ID,LANGUAGE_ID,REFERENCE_ID,REFERENCE_TYPE,TEXT_VALUE) VALUES ('DESELF_SUB_ORGS_NEW_DESC','2','SELF_SUB_ORGS_NEW','ResourceEntity.displayNameMap','Neue Organisation');
INSERT INTO LANGUAGE_MAPPING (ID,LANGUAGE_ID,REFERENCE_ID,REFERENCE_TYPE,TEXT_VALUE) VALUES ('DESELF_SUB_ORGS_SEARCH_DESC','2','SELF_SUB_ORGS_SEARCH','ResourceEntity.displayNameMap','Organisation suchen');
INSERT INTO LANGUAGE_MAPPING (ID,LANGUAGE_ID,REFERENCE_ID,REFERENCE_TYPE,TEXT_VALUE) VALUES ('DESELF_SUB_REPORT_NEW_DSC','2','SELF_SUB_REPORT_NEW','ResourceEntity.displayNameMap','Bericht abonnieren');
INSERT INTO LANGUAGE_MAPPING (ID,LANGUAGE_ID,REFERENCE_ID,REFERENCE_TYPE,TEXT_VALUE) VALUES ('DESELF_SUB_REPORT_ROOT_DESC','2','SELF_SUB_REPORT_ROOT','ResourceEntity.displayNameMap','Abonnierung Bericht Root Menu');
INSERT INTO LANGUAGE_MAPPING (ID,LANGUAGE_ID,REFERENCE_ID,REFERENCE_TYPE,TEXT_VALUE) VALUES ('DESELF_VIEW_REPORT_NEW_DSC','2','SELF_VIEW_REPORT_NEW','ResourceEntity.displayNameMap','Neue Berichtsanzeige erstellen');
INSERT INTO LANGUAGE_MAPPING (ID,LANGUAGE_ID,REFERENCE_ID,REFERENCE_TYPE,TEXT_VALUE) VALUES ('DESELF_VIEW_REPORT_ROOT_DESC','2','SELF_VIEW_REPORT_ROOT','ResourceEntity.displayNameMap','Bericht Anzeige Root Menu');
INSERT INTO LANGUAGE_MAPPING (ID,LANGUAGE_ID,REFERENCE_ID,REFERENCE_TYPE,TEXT_VALUE) VALUES ('DEMetadataTypeEntity71','2','SERVICE REP','MetadataTypeEntity.displayNameMap','SERVICE REP');
INSERT INTO LANGUAGE_MAPPING (ID,LANGUAGE_ID,REFERENCE_ID,REFERENCE_TYPE,TEXT_VALUE) VALUES ('DEMetadataTypeEntity72','2','SOAP_Connector','MetadataTypeEntity.displayNameMap','SOAP Konnektor');
INSERT INTO LANGUAGE_MAPPING (ID,LANGUAGE_ID,REFERENCE_ID,REFERENCE_TYPE,TEXT_VALUE) VALUES ('DESS_GRP_ENT_DN','2','SS_GRP_ENT','ResourceEntity.displayNameMap','Berechtigungen');
INSERT INTO LANGUAGE_MAPPING (ID,LANGUAGE_ID,REFERENCE_ID,REFERENCE_TYPE,TEXT_VALUE) VALUES ('DESS_ORG_BACK_SEARCH_DN','2','SS_ORG_BACK_SEARCH','ResourceEntity.displayNameMap','Zurck zur Suche');
INSERT INTO LANGUAGE_MAPPING (ID,LANGUAGE_ID,REFERENCE_ID,REFERENCE_TYPE,TEXT_VALUE) VALUES ('DESS_RES_ENT_DN','2','SS_RES_ENT','ResourceEntity.displayNameMap','Berechtigungen');
INSERT INTO LANGUAGE_MAPPING (ID,LANGUAGE_ID,REFERENCE_ID,REFERENCE_TYPE,TEXT_VALUE) VALUES ('DESS_ROLE_ENT_DN','2','SS_ROLE_ENT','ResourceEntity.displayNameMap','Berechtigungen');
INSERT INTO LANGUAGE_MAPPING (ID,LANGUAGE_ID,REFERENCE_ID,REFERENCE_TYPE,TEXT_VALUE) VALUES ('DESUBSCRIBE_MENU_DESC','2','SUBSCRIBE','ResourceEntity.displayNameMap','Abonnieren');
INSERT INTO LANGUAGE_MAPPING (ID,LANGUAGE_ID,REFERENCE_ID,REFERENCE_TYPE,TEXT_VALUE) VALUES ('DESUBSIDIARY','2','SUBSIDIARY','OrganizationTypeEntity.displayNameMap','FILIALE');
INSERT INTO LANGUAGE_MAPPING (ID,LANGUAGE_ID,REFERENCE_ID,REFERENCE_TYPE,TEXT_VALUE) VALUES ('DESUP_SUB_PAGE_DIS','2','SUP_SUB_PAGE','ResourceEntity.displayNameMap','Vorgesetze & Mitarbeiter');
INSERT INTO LANGUAGE_MAPPING (ID,LANGUAGE_ID,REFERENCE_ID,REFERENCE_TYPE,TEXT_VALUE) VALUES ('DESYNCLOG_ADMIN_DESC','2','SYNCLOG','ResourceEntity.displayNameMap','Ansicht Protokolldatei');
INSERT INTO LANGUAGE_MAPPING (ID,LANGUAGE_ID,REFERENCE_ID,REFERENCE_TYPE,TEXT_VALUE) VALUES ('DESYNCLOG_DESC','2','SYNCLOG_MENU_ITEM','ResourceEntity.displayNameMap','Synchronisationtransaktionsprotokoll Ansicht');
INSERT INTO LANGUAGE_MAPPING (ID,LANGUAGE_ID,REFERENCE_ID,REFERENCE_TYPE,TEXT_VALUE) VALUES ('DESYNCUSER_MENU_DISPLAY','2','SYNCUSER','ResourceEntity.displayNameMap','Synchronisation');
INSERT INTO LANGUAGE_MAPPING (ID,LANGUAGE_ID,REFERENCE_ID,REFERENCE_TYPE,TEXT_VALUE) VALUES ('DESYNCUSER_EDIT_DESC','2','SYNCUSER_EDIT','ResourceEntity.displayNameMap','Synchronisation editieren');
INSERT INTO LANGUAGE_MAPPING (ID,LANGUAGE_ID,REFERENCE_ID,REFERENCE_TYPE,TEXT_VALUE) VALUES ('DESYNCUSER_DESC','2','SYNCUSER_MENU_ITEM','ResourceEntity.displayNameMap','Synchronisation');
INSERT INTO LANGUAGE_MAPPING (ID,LANGUAGE_ID,REFERENCE_ID,REFERENCE_TYPE,TEXT_VALUE) VALUES ('DESYNCUSER_NEW_DESC','2','SYNCUSER_NEW','ResourceEntity.displayNameMap','Synchronisation erstellen');
INSERT INTO LANGUAGE_MAPPING (ID,LANGUAGE_ID,REFERENCE_ID,REFERENCE_TYPE,TEXT_VALUE) VALUES ('DESYNCUSER_POLICYMAP_DESC','2','SYNCUSER_POLICYMAP','ResourceEntity.displayNameMap','Zuordnungsrichtlinien');
INSERT INTO LANGUAGE_MAPPING (ID,LANGUAGE_ID,REFERENCE_ID,REFERENCE_TYPE,TEXT_VALUE) VALUES ('DEMetadataTypeEntity73','2','SYS ACCOUNT','MetadataTypeEntity.displayNameMap','SYSTEMKONTO');
INSERT INTO LANGUAGE_MAPPING (ID,LANGUAGE_ID,REFERENCE_ID,REFERENCE_TYPE,TEXT_VALUE) VALUES ('DEMetadataTypeEntity74','2','SystemAccount','MetadataTypeEntity.displayNameMap','Systemkontotyp');
INSERT INTO LANGUAGE_MAPPING (ID,LANGUAGE_ID,REFERENCE_ID,REFERENCE_TYPE,TEXT_VALUE) VALUES ('DEMetadataTypeEntity75','2','SYS_ACTION','MetadataTypeEntity.displayNameMap','Systemaktionen');
INSERT INTO LANGUAGE_MAPPING (ID,LANGUAGE_ID,REFERENCE_ID,REFERENCE_TYPE,TEXT_VALUE) VALUES ('DESYS_ACTION','2','SYS_ACTION','ResourceTypeEntity.displayNameMap','Systemaktion');
INSERT INTO LANGUAGE_MAPPING (ID,LANGUAGE_ID,REFERENCE_ID,REFERENCE_TYPE,TEXT_VALUE) VALUES ('DETEMPLATE_SEARCH_CHILD_DESC','2','TEMPLATE_SEARCH_CHILD','ResourceEntity.displayNameMap','Seitentemplate');
INSERT INTO LANGUAGE_MAPPING (ID,LANGUAGE_ID,REFERENCE_ID,REFERENCE_TYPE,TEXT_VALUE) VALUES ('DEMetadataTypeEntity76','2','TERMINATE','MetadataTypeEntity.displayNameMap','TERMINATE');
INSERT INTO LANGUAGE_MAPPING (ID,LANGUAGE_ID,REFERENCE_ID,REFERENCE_TYPE,TEXT_VALUE) VALUES ('DEMetadataTypeEntity77','2','TEXT','MetadataTypeEntity.displayNameMap','Text Feld');
INSERT INTO LANGUAGE_MAPPING (ID,LANGUAGE_ID,REFERENCE_ID,REFERENCE_TYPE,TEXT_VALUE) VALUES ('DEMetadataTypeEntity78','2','TEXTAREA','MetadataTypeEntity.displayNameMap','Mehrzeiliges Text Feld');
INSERT INTO LANGUAGE_MAPPING (ID,LANGUAGE_ID,REFERENCE_ID,REFERENCE_TYPE,TEXT_VALUE) VALUES ('DEMetadataTypeEntity79','2','UB','MetadataTypeEntity.displayNameMap','UN-DISABLE');
INSERT INTO LANGUAGE_MAPPING (ID,LANGUAGE_ID,REFERENCE_ID,REFERENCE_TYPE,TEXT_VALUE) VALUES ('DEMetadataTypeEntity80','2','UI_TEMPLATE','MetadataTypeEntity.displayNameMap','UI_TEMPLATE');
INSERT INTO LANGUAGE_MAPPING (ID,LANGUAGE_ID,REFERENCE_ID,REFERENCE_TYPE,TEXT_VALUE) VALUES ('DEUI_TEMPLATE','2','UI_TEMPLATE','ResourceTypeEntity.displayNameMap','UI Template');
INSERT INTO LANGUAGE_MAPPING (ID,LANGUAGE_ID,REFERENCE_ID,REFERENCE_TYPE,TEXT_VALUE) VALUES ('DEUI_THEMES_DN','2','UI_THEMES','ResourceEntity.displayNameMap','UI Themen');
INSERT INTO LANGUAGE_MAPPING (ID,LANGUAGE_ID,REFERENCE_ID,REFERENCE_TYPE,TEXT_VALUE) VALUES ('DEUI_THEME_BACK_SRCH_DN','2','UI_THEME_BACK_SRCH','ResourceEntity.displayNameMap','Zurck zur Suche');
INSERT INTO LANGUAGE_MAPPING (ID,LANGUAGE_ID,REFERENCE_ID,REFERENCE_TYPE,TEXT_VALUE) VALUES ('DEUI_THEME_EDIT_DN','2','UI_THEME_EDIT','ResourceEntity.displayNameMap','UI Thema editieren');
INSERT INTO LANGUAGE_MAPPING (ID,LANGUAGE_ID,REFERENCE_ID,REFERENCE_TYPE,TEXT_VALUE) VALUES ('DEUI_THEME_EDIT_MODIFY_DN','2','UI_THEME_EDIT_MODIFY','ResourceEntity.displayNameMap','UI Thema editieren');
INSERT INTO LANGUAGE_MAPPING (ID,LANGUAGE_ID,REFERENCE_ID,REFERENCE_TYPE,TEXT_VALUE) VALUES ('DEUI_THEME_ROOT_DN','2','UI_THEME_ROOT','ResourceEntity.displayNameMap','UI Thema Root');
INSERT INTO LANGUAGE_MAPPING (ID,LANGUAGE_ID,REFERENCE_ID,REFERENCE_TYPE,TEXT_VALUE) VALUES ('DEUI_THEME_ROOT_SRCH_DN','2','UI_THEME_ROOT_SRCH','ResourceEntity.displayNameMap','UI Themen suchen');
INSERT INTO LANGUAGE_MAPPING (ID,LANGUAGE_ID,REFERENCE_ID,REFERENCE_TYPE,TEXT_VALUE) VALUES ('DEMetadataTypeEntity81','2','UI_WIDGET','MetadataTypeEntity.displayNameMap','UI_WIDGET');
INSERT INTO LANGUAGE_MAPPING (ID,LANGUAGE_ID,REFERENCE_ID,REFERENCE_TYPE,TEXT_VALUE) VALUES ('DEUI_WIDGET','2','UI_WIDGET','ResourceTypeEntity.displayNameMap','UI Widget');
INSERT INTO LANGUAGE_MAPPING (ID,LANGUAGE_ID,REFERENCE_ID,REFERENCE_TYPE,TEXT_VALUE) VALUES ('DEUPLOAD_CUST_PSWD_POLICY_DESC','2','UPLOAD_CUST_PSWD_POLICY','ResourceEntity.displayNameMap','Benutzerdefinierte Passwort Richtlinien');
INSERT INTO LANGUAGE_MAPPING (ID,LANGUAGE_ID,REFERENCE_ID,REFERENCE_TYPE,TEXT_VALUE) VALUES ('DEURI_META_BACK_DESC','2','URI_META_BACK','ResourceEntity.displayNameMap','Zurch zu den Pattern');
INSERT INTO LANGUAGE_MAPPING (ID,LANGUAGE_ID,REFERENCE_ID,REFERENCE_TYPE,TEXT_VALUE) VALUES ('DEURI_META_EDIT_DESC','2','URI_META_EDIT','ResourceEntity.displayNameMap','URI Meta Root Einheit');
INSERT INTO LANGUAGE_MAPPING (ID,LANGUAGE_ID,REFERENCE_ID,REFERENCE_TYPE,TEXT_VALUE) VALUES ('DEURI_PATTERN_EDIT_DESC','2','URI_PATTERN_EDIT','ResourceEntity.displayNameMap','URI Pattern Menu editieren');
INSERT INTO LANGUAGE_MAPPING (ID,LANGUAGE_ID,REFERENCE_ID,REFERENCE_TYPE,TEXT_VALUE) VALUES ('DEURI_PATTERN_EDNW_PATTERN_DESC','2','URI_PATTERN_EDIT_NEW_PATTERN','ResourceEntity.displayNameMap','URI Pattern erstellen');
INSERT INTO LANGUAGE_MAPPING (ID,LANGUAGE_ID,REFERENCE_ID,REFERENCE_TYPE,TEXT_VALUE) VALUES ('DEURI_PATTERN_EDIT_PATTERN_DESC','2','URI_PATTERN_EDIT_PATTERN','ResourceEntity.displayNameMap','URI Pattern editieren');
INSERT INTO LANGUAGE_MAPPING (ID,LANGUAGE_ID,REFERENCE_ID,REFERENCE_TYPE,TEXT_VALUE) VALUES ('DEURI_PTRN_EDT_PROV_SEARCH_DESC','2','URI_PATTERN_EDT_PROV_SEARCH','ResourceEntity.displayNameMap','Content Provider Suche');
INSERT INTO LANGUAGE_MAPPING (ID,LANGUAGE_ID,REFERENCE_ID,REFERENCE_TYPE,TEXT_VALUE) VALUES ('DEMetadataTypeEntity82','2','URL','MetadataTypeEntity.displayNameMap','URL');
INSERT INTO LANGUAGE_MAPPING (ID,LANGUAGE_ID,REFERENCE_ID,REFERENCE_TYPE,TEXT_VALUE) VALUES ('DEMetadataTypeEntity83','2','URL_PATTERN','MetadataTypeEntity.displayNameMap','Url Pattern');
INSERT INTO LANGUAGE_MAPPING (ID,LANGUAGE_ID,REFERENCE_ID,REFERENCE_TYPE,TEXT_VALUE) VALUES ('DEURL_PATTERN','2','URL_PATTERN','ResourceTypeEntity.displayNameMap','Url Pattern');
INSERT INTO LANGUAGE_MAPPING (ID,LANGUAGE_ID,REFERENCE_ID,REFERENCE_TYPE,TEXT_VALUE) VALUES ('DEUSER_MENU_DESC','2','USER','ResourceEntity.displayNameMap','Benutzer');
INSERT INTO LANGUAGE_MAPPING (ID,LANGUAGE_ID,REFERENCE_ID,REFERENCE_TYPE,TEXT_VALUE) VALUES ('DEUSER_ATTRIBUTES_DESC','2','USER_ATTRIBUTES','ResourceEntity.displayNameMap','Benutzer Attribute');
INSERT INTO LANGUAGE_MAPPING (ID,LANGUAGE_ID,REFERENCE_ID,REFERENCE_TYPE,TEXT_VALUE) VALUES ('DEUSER_BULK_MENU_DISPLAY','2','USER_BULK','ResourceEntity.displayNameMap','Benutzer Stapeloperationen');
INSERT INTO LANGUAGE_MAPPING (ID,LANGUAGE_ID,REFERENCE_ID,REFERENCE_TYPE,TEXT_VALUE) VALUES ('DEUSER_DELEGATION_DESC','2','USER_DELEGATION','ResourceEntity.displayNameMap','Benutzer Delegation Filter');
INSERT INTO LANGUAGE_MAPPING (ID,LANGUAGE_ID,REFERENCE_ID,REFERENCE_TYPE,TEXT_VALUE) VALUES ('DEUSER_EDIT_CONTACT_INFO_DESC','2','USER_EDIT_CONTACT_INFO','ResourceEntity.displayNameMap','Kontakt Info');
INSERT INTO LANGUAGE_MAPPING (ID,LANGUAGE_ID,REFERENCE_ID,REFERENCE_TYPE,TEXT_VALUE) VALUES ('DEUSER_EDIT_INFO_DESC','2','USER_EDIT_INFO','ResourceEntity.displayNameMap','Benutzer Info');
INSERT INTO LANGUAGE_MAPPING (ID,LANGUAGE_ID,REFERENCE_ID,REFERENCE_TYPE,TEXT_VALUE) VALUES ('DEUSER_EDIT_MENU_DESC','2','USER_EDIT_MENU','ResourceEntity.displayNameMap','Benutzer Root Menu editieren');
INSERT INTO LANGUAGE_MAPPING (ID,LANGUAGE_ID,REFERENCE_ID,REFERENCE_TYPE,TEXT_VALUE) VALUES ('DEUSER_ENTITLEMENTS_DESC','2','USER_ENTITLEMENTS','ResourceEntity.displayNameMap','Benutzer Berechtigungen');
INSERT INTO LANGUAGE_MAPPING (ID,LANGUAGE_ID,REFERENCE_ID,REFERENCE_TYPE,TEXT_VALUE) VALUES ('DEUSER_HISTORY_DESC','2','USER_HISTORY','ResourceEntity.displayNameMap','Benutzer Historie');
INSERT INTO LANGUAGE_MAPPING (ID,LANGUAGE_ID,REFERENCE_ID,REFERENCE_TYPE,TEXT_VALUE) VALUES ('DEUSER_IDENTITY_DESC','2','USER_IDENTITY','ResourceEntity.displayNameMap','Benutzer Identitten');
INSERT INTO LANGUAGE_MAPPING (ID,LANGUAGE_ID,REFERENCE_ID,REFERENCE_TYPE,TEXT_VALUE) VALUES ('DEUSER_MENUS_DESC','2','USER_MENUS','ResourceEntity.displayNameMap','Menus');
INSERT INTO LANGUAGE_MAPPING (ID,LANGUAGE_ID,REFERENCE_ID,REFERENCE_TYPE,TEXT_VALUE) VALUES ('DEUSER_RESET_PASSWORD_DESC','2','USER_RESET_PASSWORD','ResourceEntity.displayNameMap','Passwort zurcksetzen');
INSERT INTO LANGUAGE_MAPPING (ID,LANGUAGE_ID,REFERENCE_ID,REFERENCE_TYPE,TEXT_VALUE) VALUES ('DEUSER_ROOT_MENU_DESC','2','USER_ROOT_MENU','ResourceEntity.displayNameMap','Benutzer Root Menu');
INSERT INTO LANGUAGE_MAPPING (ID,LANGUAGE_ID,REFERENCE_ID,REFERENCE_TYPE,TEXT_VALUE) VALUES ('DEUSER_SEARCH_DESC','2','USER_SEARCH','ResourceEntity.displayNameMap','Benutzersuche');
INSERT INTO LANGUAGE_MAPPING (ID,LANGUAGE_ID,REFERENCE_ID,REFERENCE_TYPE,TEXT_VALUE) VALUES ('DEMetadataTypeEntity84','2','VENDOR','MetadataTypeEntity.displayNameMap','VENDOR');
INSERT INTO LANGUAGE_MAPPING (ID,LANGUAGE_ID,REFERENCE_ID,REFERENCE_TYPE,TEXT_VALUE) VALUES ('DEVIEW_MENU_DESC','2','VIEW','ResourceEntity.displayNameMap','Ansicht');
INSERT INTO LANGUAGE_MAPPING (ID,LANGUAGE_ID,REFERENCE_ID,REFERENCE_TYPE,TEXT_VALUE) VALUES ('DEMetadataTypeEntity85','2','WEBSERVICE','MetadataTypeEntity.displayNameMap','Web Service');
INSERT INTO LANGUAGE_MAPPING (ID,LANGUAGE_ID,REFERENCE_ID,REFERENCE_TYPE,TEXT_VALUE) VALUES ('DEMetadataTypeEntity86','2','WEBSERVICE_OP','MetadataTypeEntity.displayNameMap','Web Service Operation');
INSERT INTO LANGUAGE_MAPPING (ID,LANGUAGE_ID,REFERENCE_ID,REFERENCE_TYPE,TEXT_VALUE) VALUES ('DEWEB_REPORT_DESC','2','WEB_REPORT','ResourceEntity.displayNameMap','Bericht');
INSERT INTO LANGUAGE_MAPPING (ID,LANGUAGE_ID,REFERENCE_ID,REFERENCE_TYPE,TEXT_VALUE) VALUES ('DEWEB_REPORT_NEW_DSC','2','WEB_REPORT_NEW','ResourceEntity.displayNameMap','Neuen Bericht erstellen');
INSERT INTO LANGUAGE_MAPPING (ID,LANGUAGE_ID,REFERENCE_ID,REFERENCE_TYPE,TEXT_VALUE) VALUES ('DEWEB_REPORT_ROOT_DESC','2','WEB_REPORT_ROOT','ResourceEntity.displayNameMap','Bericht Root Menu');
INSERT INTO LANGUAGE_MAPPING (ID,LANGUAGE_ID,REFERENCE_ID,REFERENCE_TYPE,TEXT_VALUE) VALUES ('DEMetadataTypeEntity87','2','WORK_EMAIL','MetadataTypeEntity.displayNameMap','Email Geschft');

INSERT INTO LANGUAGE_MAPPING (ID,LANGUAGE_ID,REFERENCE_ID,REFERENCE_TYPE,TEXT_VALUE) VALUES ('LanguageEntity2','1','2','LanguageEntity.displayNameMap','German');
INSERT INTO LANGUAGE_MAPPING (ID,LANGUAGE_ID,REFERENCE_ID,REFERENCE_TYPE,TEXT_VALUE) VALUES ('ESLanguageEntity2','4','2','LanguageEntity.displayNameMap','Alemn');
----------------------------------------------------------------------------

delete from LANGUAGE_LOCALE where LANGUAGE_ID='8';
delete from LANGUAGE_MAPPING where LANGUAGE_ID='8';
delete from LANGUAGE_MAPPING where LANGUAGE_ID in ('1','4','2') AND REFERENCE_ID='8' AND REFERENCE_TYPE like 'Language%';
delete from LANGUAGE where ID='8';


insert into LANGUAGE(ID, LANGUAGE,  IS_USED, LANGUAGE_CODE, IS_DEFAULT)
values ('8', 'Russian', 'Y', 'ru', 'N');

insert into LANGUAGE_LOCALE(ID, LANGUAGE_ID,  LOCALE)
values ('10', '8', 'ru_RU');

Insert into LANGUAGE_MAPPING (ID,LANGUAGE_ID,REFERENCE_ID,REFERENCE_TYPE,TEXT_VALUE) values ('RUElementMigrate326','8','326','MetadataElementEntity.languageMap','registeredAddress');
Insert into LANGUAGE_MAPPING (ID,LANGUAGE_ID,REFERENCE_ID,REFERENCE_TYPE,TEXT_VALUE) values ('RUElementMigrate327','8','327','MetadataElementEntity.languageMap','destinationIndicator');
Insert into LANGUAGE_MAPPING (ID,LANGUAGE_ID,REFERENCE_ID,REFERENCE_TYPE,TEXT_VALUE) values ('RUElementMigrate328','8','328','MetadataElementEntity.languageMap','preferredDeliveryMethod');
Insert into LANGUAGE_MAPPING (ID,LANGUAGE_ID,REFERENCE_ID,REFERENCE_TYPE,TEXT_VALUE) values ('RUElementMigrate329','8','329','MetadataElementEntity.languageMap','presentationAddress');
Insert into LANGUAGE_MAPPING (ID,LANGUAGE_ID,REFERENCE_ID,REFERENCE_TYPE,TEXT_VALUE) values ('RUElementMigrate330','8','330','MetadataElementEntity.languageMap','supportedApplicationContext');
Insert into LANGUAGE_MAPPING (ID,LANGUAGE_ID,REFERENCE_ID,REFERENCE_TYPE,TEXT_VALUE) values ('RUElementMigrate331','8','331','MetadataElementEntity.languageMap','member');
Insert into LANGUAGE_MAPPING (ID,LANGUAGE_ID,REFERENCE_ID,REFERENCE_TYPE,TEXT_VALUE) values ('RUElementMigrate332','8','332','MetadataElementEntity.languageMap','owner');
Insert into LANGUAGE_MAPPING (ID,LANGUAGE_ID,REFERENCE_ID,REFERENCE_TYPE,TEXT_VALUE) values ('RUElementMigrate333','8','333','MetadataElementEntity.languageMap','roleOccupant');
Insert into LANGUAGE_MAPPING (ID,LANGUAGE_ID,REFERENCE_ID,REFERENCE_TYPE,TEXT_VALUE) values ('RUElementMigrate334','8','334','MetadataElementEntity.languageMap','seeAlso');
Insert into LANGUAGE_MAPPING (ID,LANGUAGE_ID,REFERENCE_ID,REFERENCE_TYPE,TEXT_VALUE) values ('RUElementMigrate335','8','335','MetadataElementEntity.languageMap','userPassword');
Insert into LANGUAGE_MAPPING (ID,LANGUAGE_ID,REFERENCE_ID,REFERENCE_TYPE,TEXT_VALUE) values ('RUElementMigrate336','8','336','MetadataElementEntity.languageMap','userCertificate');
Insert into LANGUAGE_MAPPING (ID,LANGUAGE_ID,REFERENCE_ID,REFERENCE_TYPE,TEXT_VALUE) values ('RUElementMigrate337','8','337','MetadataElementEntity.languageMap','cACertificate');
Insert into LANGUAGE_MAPPING (ID,LANGUAGE_ID,REFERENCE_ID,REFERENCE_TYPE,TEXT_VALUE) values ('RUElementMigrate338','8','338','MetadataElementEntity.languageMap','authorityRevocationList');
Insert into LANGUAGE_MAPPING (ID,LANGUAGE_ID,REFERENCE_ID,REFERENCE_TYPE,TEXT_VALUE) values ('RUElementMigrate339','8','339','MetadataElementEntity.languageMap','certificateRevocationList');
Insert into LANGUAGE_MAPPING (ID,LANGUAGE_ID,REFERENCE_ID,REFERENCE_TYPE,TEXT_VALUE) values ('RUElementMigrate340','8','340','MetadataElementEntity.languageMap','crossCertificatePair');
Insert into LANGUAGE_MAPPING (ID,LANGUAGE_ID,REFERENCE_ID,REFERENCE_TYPE,TEXT_VALUE) values ('RUElementMigrate341','8','341','MetadataElementEntity.languageMap','givenName');
Insert into LANGUAGE_MAPPING (ID,LANGUAGE_ID,REFERENCE_ID,REFERENCE_TYPE,TEXT_VALUE) values ('RUElementMigrate342','8','342','MetadataElementEntity.languageMap','initials');
Insert into LANGUAGE_MAPPING (ID,LANGUAGE_ID,REFERENCE_ID,REFERENCE_TYPE,TEXT_VALUE) values ('RUElementMigrate343','8','343','MetadataElementEntity.languageMap','generationQualifier');
Insert into LANGUAGE_MAPPING (ID,LANGUAGE_ID,REFERENCE_ID,REFERENCE_TYPE,TEXT_VALUE) values ('RUElementMigrate344','8','344','MetadataElementEntity.languageMap','x500UniqueIdentifier');
Insert into LANGUAGE_MAPPING (ID,LANGUAGE_ID,REFERENCE_ID,REFERENCE_TYPE,TEXT_VALUE) values ('RUElementMigrate346','8','346','MetadataElementEntity.languageMap','uniqueMember');
Insert into LANGUAGE_MAPPING (ID,LANGUAGE_ID,REFERENCE_ID,REFERENCE_TYPE,TEXT_VALUE) values ('RUElementMigrate347','8','347','MetadataElementEntity.languageMap','houseIdentifier');
Insert into LANGUAGE_MAPPING (ID,LANGUAGE_ID,REFERENCE_ID,REFERENCE_TYPE,TEXT_VALUE) values ('RUElementMigrate348','8','348','MetadataElementEntity.languageMap','uid');
Insert into LANGUAGE_MAPPING (ID,LANGUAGE_ID,REFERENCE_ID,REFERENCE_TYPE,TEXT_VALUE) values ('RUElementMigrate349','8','349','MetadataElementEntity.languageMap','mail');
Insert into LANGUAGE_MAPPING (ID,LANGUAGE_ID,REFERENCE_ID,REFERENCE_TYPE,TEXT_VALUE) values ('RUElementMigrate350','8','350','MetadataElementEntity.languageMap','ref');
Insert into LANGUAGE_MAPPING (ID,LANGUAGE_ID,REFERENCE_ID,REFERENCE_TYPE,TEXT_VALUE) values ('RUElementMigrate351','8','351','MetadataElementEntity.languageMap','referral');
Insert into LANGUAGE_MAPPING (ID,LANGUAGE_ID,REFERENCE_ID,REFERENCE_TYPE,TEXT_VALUE) values ('RUElementMigrate352','8','352','MetadataElementEntity.languageMap','krbName');
Insert into LANGUAGE_MAPPING (ID,LANGUAGE_ID,REFERENCE_ID,REFERENCE_TYPE,TEXT_VALUE) values ('RUElementMigrate401','8','401','MetadataElementEntity.languageMap','SUBMIT_USER_TO_CONNECTOR');
Insert into LANGUAGE_MAPPING (ID,LANGUAGE_ID,REFERENCE_ID,REFERENCE_TYPE,TEXT_VALUE) values ('RUElementMigrate402','8','402','MetadataElementEntity.languageMap','INCLUDE_IN_PASSWORD_SYNC');
Insert into LANGUAGE_MAPPING (ID,LANGUAGE_ID,REFERENCE_ID,REFERENCE_TYPE,TEXT_VALUE) values ('RUElementMigrate405','8','405','MetadataElementEntity.languageMap','INCLUDE_IN_SYNC');
Insert into LANGUAGE_MAPPING (ID,LANGUAGE_ID,REFERENCE_ID,REFERENCE_TYPE,TEXT_VALUE) values ('RUElementMigrate406','8','406','MetadataElementEntity.languageMap','TABLE_NAME');
Insert into LANGUAGE_MAPPING (ID,LANGUAGE_ID,REFERENCE_ID,REFERENCE_TYPE,TEXT_VALUE) values ('RUElementMigrate407','8','407','MetadataElementEntity.languageMap','GROUP_MEMBERSHIP_ENABLED');
Insert into LANGUAGE_MAPPING (ID,LANGUAGE_ID,REFERENCE_ID,REFERENCE_TYPE,TEXT_VALUE) values ('RUElementMigrate408','8','408','MetadataElementEntity.languageMap','ON_DELETE');
Insert into LANGUAGE_MAPPING (ID,LANGUAGE_ID,REFERENCE_ID,REFERENCE_TYPE,TEXT_VALUE) values ('RUElementMigrate409','8','409','MetadataElementEntity.languageMap','PRE_PROCESS');
Insert into LANGUAGE_MAPPING (ID,LANGUAGE_ID,REFERENCE_ID,REFERENCE_TYPE,TEXT_VALUE) values ('RUElementMigrate410','8','410','MetadataElementEntity.languageMap','POST_PROCESS');
Insert into LANGUAGE_MAPPING (ID,LANGUAGE_ID,REFERENCE_ID,REFERENCE_TYPE,TEXT_VALUE) values ('RUElementMigrate411','8','411','MetadataElementEntity.languageMap','HOST_URL');
Insert into LANGUAGE_MAPPING (ID,LANGUAGE_ID,REFERENCE_ID,REFERENCE_TYPE,TEXT_VALUE) values ('RUElementMigrate412','8','412','MetadataElementEntity.languageMap','BASE_DN');
Insert into LANGUAGE_MAPPING (ID,LANGUAGE_ID,REFERENCE_ID,REFERENCE_TYPE,TEXT_VALUE) values ('RUElementMigrate413','8','413','MetadataElementEntity.languageMap','HOST_LOGIN ID');
Insert into LANGUAGE_MAPPING (ID,LANGUAGE_ID,REFERENCE_ID,REFERENCE_TYPE,TEXT_VALUE) values ('RUElementMigrate415','8','415','MetadataElementEntity.languageMap','COMMUNICATION_PROTOCOL');
Insert into LANGUAGE_MAPPING (ID,LANGUAGE_ID,REFERENCE_ID,REFERENCE_TYPE,TEXT_VALUE) values ('RUElementMigrate416','8','416','MetadataElementEntity.languageMap','OBJECT_CLASS');
Insert into LANGUAGE_MAPPING (ID,LANGUAGE_ID,REFERENCE_ID,REFERENCE_TYPE,TEXT_VALUE) values ('RUElementMigrate418','8','418','MetadataElementEntity.languageMap','SEARCH_ATTRIBUTE');
Insert into LANGUAGE_MAPPING (ID,LANGUAGE_ID,REFERENCE_ID,REFERENCE_TYPE,TEXT_VALUE) values ('RUElementMigrate419','8','419','MetadataElementEntity.languageMap','MANAGED_SYS_ID');
Insert into LANGUAGE_MAPPING (ID,LANGUAGE_ID,REFERENCE_ID,REFERENCE_TYPE,TEXT_VALUE) values ('RUElementMigrate420','8','420','MetadataElementEntity.languageMap','DN_ATTRIBUTE');
Insert into LANGUAGE_MAPPING (ID,LANGUAGE_ID,REFERENCE_ID,REFERENCE_TYPE,TEXT_VALUE) values ('RUElementMigrate421','8','421','MetadataElementEntity.languageMap','PASSWORD');
Insert into LANGUAGE_MAPPING (ID,LANGUAGE_ID,REFERENCE_ID,REFERENCE_TYPE,TEXT_VALUE) values ('RUElementMigrate430','8','430','MetadataElementEntity.languageMap','END_POINT');
Insert into LANGUAGE_MAPPING (ID,LANGUAGE_ID,REFERENCE_ID,REFERENCE_TYPE,TEXT_VALUE) values ('RUElementMigrate440','8','440','MetadataElementEntity.languageMap','OPERATION_NAME');
Insert into LANGUAGE_MAPPING (ID,LANGUAGE_ID,REFERENCE_ID,REFERENCE_TYPE,TEXT_VALUE) values ('RUElementMigrate450','8','450','MetadataElementEntity.languageMap','URL');
Insert into LANGUAGE_MAPPING (ID,LANGUAGE_ID,REFERENCE_ID,REFERENCE_TYPE,TEXT_VALUE) values ('RUDEPARTMENT','8','DEPARTMENT','OrganizationTypeEntity.displayNameMap','');
Insert into LANGUAGE_MAPPING (ID,LANGUAGE_ID,REFERENCE_ID,REFERENCE_TYPE,TEXT_VALUE) values ('RUDIVISION','8','DIVISION','OrganizationTypeEntity.displayNameMap','');
Insert into LANGUAGE_MAPPING (ID,LANGUAGE_ID,REFERENCE_ID,REFERENCE_TYPE,TEXT_VALUE) values ('RUORGANIZATION','8','ORGANIZATION','OrganizationTypeEntity.displayNameMap','');
Insert into LANGUAGE_MAPPING (ID,LANGUAGE_ID,REFERENCE_ID,REFERENCE_TYPE,TEXT_VALUE) values ('RUSUBSIDIARY','8','SUBSIDIARY','OrganizationTypeEntity.displayNameMap',' ');
Insert into LANGUAGE_MAPPING (ID,LANGUAGE_ID,REFERENCE_ID,REFERENCE_TYPE,TEXT_VALUE) values ('RUSYS_ACTION','8','SYS_ACTION','ResourceTypeEntity.displayNameMap',' ');
Insert into LANGUAGE_MAPPING (ID,LANGUAGE_ID,REFERENCE_ID,REFERENCE_TYPE,TEXT_VALUE) values ('RUUI_TEMPLATE','8','UI_TEMPLATE','ResourceTypeEntity.displayNameMap','UI-');
Insert into LANGUAGE_MAPPING (ID,LANGUAGE_ID,REFERENCE_ID,REFERENCE_TYPE,TEXT_VALUE) values ('RUURL_PATTERN','8','URL_PATTERN','ResourceTypeEntity.displayNameMap',' URL');
Insert into LANGUAGE_MAPPING (ID,LANGUAGE_ID,REFERENCE_ID,REFERENCE_TYPE,TEXT_VALUE) values ('RUAUTH_PROVIDER','8','AUTH_PROVIDER','ResourceTypeEntity.displayNameMap',' ');
Insert into LANGUAGE_MAPPING (ID,LANGUAGE_ID,REFERENCE_ID,REFERENCE_TYPE,TEXT_VALUE) values ('RUAUTH_REPO','8','AUTH_REPO','ResourceTypeEntity.displayNameMap',' ');
Insert into LANGUAGE_MAPPING (ID,LANGUAGE_ID,REFERENCE_ID,REFERENCE_TYPE,TEXT_VALUE) values ('RUUI_WIDGET','8','UI_WIDGET','ResourceTypeEntity.displayNameMap','UI-');
Insert into LANGUAGE_MAPPING (ID,LANGUAGE_ID,REFERENCE_ID,REFERENCE_TYPE,TEXT_VALUE) values ('RUADMIN_RESOURCE','8','ADMIN_RESOURCE','ResourceTypeEntity.displayNameMap',' ');
Insert into LANGUAGE_MAPPING (ID,LANGUAGE_ID,REFERENCE_ID,REFERENCE_TYPE,TEXT_VALUE) values ('RUCONTENT_PROVIDER','8','CONTENT_PROVIDER','ResourceTypeEntity.displayNameMap','-');
Insert into LANGUAGE_MAPPING (ID,LANGUAGE_ID,REFERENCE_ID,REFERENCE_TYPE,TEXT_VALUE) values ('RUMANAGED_SYS','8','MANAGED_SYS','ResourceTypeEntity.displayNameMap',' ');
Insert into LANGUAGE_MAPPING (ID,LANGUAGE_ID,REFERENCE_ID,REFERENCE_TYPE,TEXT_VALUE) values ('RUMENU_ITEM','8','MENU_ITEM','ResourceTypeEntity.displayNameMap','');
Insert into LANGUAGE_MAPPING (ID,LANGUAGE_ID,REFERENCE_ID,REFERENCE_TYPE,TEXT_VALUE) values ('RU200','8','200','IdentityQuestionEntity.displayNameMap','       .');
Insert into LANGUAGE_MAPPING (ID,LANGUAGE_ID,REFERENCE_ID,REFERENCE_TYPE,TEXT_VALUE) values ('RU201','8','201','IdentityQuestionEntity.displayNameMap','    .');
Insert into LANGUAGE_MAPPING (ID,LANGUAGE_ID,REFERENCE_ID,REFERENCE_TYPE,TEXT_VALUE) values ('RU202','8','202','IdentityQuestionEntity.displayNameMap','    ?');
Insert into LANGUAGE_MAPPING (ID,LANGUAGE_ID,REFERENCE_ID,REFERENCE_TYPE,TEXT_VALUE) values ('RU203','8','203','IdentityQuestionEntity.displayNameMap','    ?');
Insert into LANGUAGE_MAPPING (ID,LANGUAGE_ID,REFERENCE_ID,REFERENCE_TYPE,TEXT_VALUE) values ('RU204','8','204','IdentityQuestionEntity.displayNameMap','   ?');
Insert into LANGUAGE_MAPPING (ID,LANGUAGE_ID,REFERENCE_ID,REFERENCE_TYPE,TEXT_VALUE) values ('RU205','8','205','IdentityQuestionEntity.displayNameMap','   ?');
Insert into LANGUAGE_MAPPING (ID,LANGUAGE_ID,REFERENCE_ID,REFERENCE_TYPE,TEXT_VALUE) values ('RU206','8','206','IdentityQuestionEntity.displayNameMap','    ?');
Insert into LANGUAGE_MAPPING (ID,LANGUAGE_ID,REFERENCE_ID,REFERENCE_TYPE,TEXT_VALUE) values ('RU207','8','207','IdentityQuestionEntity.displayNameMap','    ?');
Insert into LANGUAGE_MAPPING (ID,LANGUAGE_ID,REFERENCE_ID,REFERENCE_TYPE,TEXT_VALUE) values ('RU209','8','209','IdentityQuestionEntity.displayNameMap','       .');
Insert into LANGUAGE_MAPPING (ID,LANGUAGE_ID,REFERENCE_ID,REFERENCE_TYPE,TEXT_VALUE) values ('RU210','8','210','IdentityQuestionEntity.displayNameMap','   ?');
Insert into LANGUAGE_MAPPING (ID,LANGUAGE_ID,REFERENCE_ID,REFERENCE_TYPE,TEXT_VALUE) values ('RU211','8','211','IdentityQuestionEntity.displayNameMap','    .');
Insert into LANGUAGE_MAPPING (ID,LANGUAGE_ID,REFERENCE_ID,REFERENCE_TYPE,TEXT_VALUE) values ('RU212','8','212','IdentityQuestionEntity.displayNameMap','   ,   .');
Insert into LANGUAGE_MAPPING (ID,LANGUAGE_ID,REFERENCE_ID,REFERENCE_TYPE,TEXT_VALUE) values ('RU213','8','213','IdentityQuestionEntity.displayNameMap','    ?');
Insert into LANGUAGE_MAPPING (ID,LANGUAGE_ID,REFERENCE_ID,REFERENCE_TYPE,TEXT_VALUE) values ('RU214','8','214','IdentityQuestionEntity.displayNameMap','     / .');
Insert into LANGUAGE_MAPPING (ID,LANGUAGE_ID,REFERENCE_ID,REFERENCE_TYPE,TEXT_VALUE) values ('RU215','8','215','IdentityQuestionEntity.displayNameMap','     .');
Insert into LANGUAGE_MAPPING (ID,LANGUAGE_ID,REFERENCE_ID,REFERENCE_TYPE,TEXT_VALUE) values ('RU216','8','216','IdentityQuestionEntity.displayNameMap','        (-).');
Insert into LANGUAGE_MAPPING (ID,LANGUAGE_ID,REFERENCE_ID,REFERENCE_TYPE,TEXT_VALUE) values ('RU217','8','217','IdentityQuestionEntity.displayNameMap','     ?');
Insert into LANGUAGE_MAPPING (ID,LANGUAGE_ID,REFERENCE_ID,REFERENCE_TYPE,TEXT_VALUE) values ('RU218','8','218','IdentityQuestionEntity.displayNameMap','         ( -)?');
Insert into LANGUAGE_MAPPING (ID,LANGUAGE_ID,REFERENCE_ID,REFERENCE_TYPE,TEXT_VALUE) values ('RULANGUAGE_ADMIN1','8','LANGUAGE_ADMIN','ResourceEntity.displayNameMap','');
Insert into LANGUAGE_MAPPING (ID,LANGUAGE_ID,REFERENCE_ID,REFERENCE_TYPE,TEXT_VALUE) values ('RULANGUAGE_EDIT1','8','LANGUAGE_EDIT','ResourceEntity.displayNameMap',' ');
Insert into LANGUAGE_MAPPING (ID,LANGUAGE_ID,REFERENCE_ID,REFERENCE_TYPE,TEXT_VALUE) values ('RULANGUAGE_SEARCH1','8','LANGUAGE_SEARCH','ResourceEntity.displayNameMap','');
Insert into LANGUAGE_MAPPING (ID,LANGUAGE_ID,REFERENCE_ID,REFERENCE_TYPE,TEXT_VALUE) values ('RUBULK_OPS_DESC','8','BULK_OPS','ResourceEntity.displayNameMap','   ');
Insert into LANGUAGE_MAPPING (ID,LANGUAGE_ID,REFERENCE_ID,REFERENCE_TYPE,TEXT_VALUE) values ('RUMetadataTypeEntity56','8','SECURITY MANAGER','MetadataTypeEntity.displayNameMap',' ');
Insert into LANGUAGE_MAPPING (ID,LANGUAGE_ID,REFERENCE_ID,REFERENCE_TYPE,TEXT_VALUE) values ('RUMetadataTypeEntity61','8','ATTR','MetadataTypeEntity.displayNameMap','');
Insert into LANGUAGE_MAPPING (ID,LANGUAGE_ID,REFERENCE_ID,REFERENCE_TYPE,TEXT_VALUE) values ('RUMetadataTypeEntity66','8','OFF-LINE','MetadataTypeEntity.displayNameMap','');
Insert into LANGUAGE_MAPPING (ID,LANGUAGE_ID,REFERENCE_ID,REFERENCE_TYPE,TEXT_VALUE) values ('RUMetadataTypeEntity70','8','DELETED','MetadataTypeEntity.displayNameMap','');
Insert into LANGUAGE_MAPPING (ID,LANGUAGE_ID,REFERENCE_ID,REFERENCE_TYPE,TEXT_VALUE) values ('RUMetadataTypeEntity75','8','PENDING_START_DATE','MetadataTypeEntity.displayNameMap','  ');
Insert into LANGUAGE_MAPPING (ID,LANGUAGE_ID,REFERENCE_ID,REFERENCE_TYPE,TEXT_VALUE) values ('RUMetadataTypeEntity81','8','LOCKED_ADMIN','MetadataTypeEntity.displayNameMap',' ');
Insert into LANGUAGE_MAPPING (ID,LANGUAGE_ID,REFERENCE_ID,REFERENCE_TYPE,TEXT_VALUE) values ('RUMetadataTypeEntity86','8','SYS ACCOUNT','MetadataTypeEntity.displayNameMap','  ');
Insert into LANGUAGE_MAPPING (ID,LANGUAGE_ID,REFERENCE_ID,REFERENCE_TYPE,TEXT_VALUE) values ('RUMETA_ADMIN_DESC','8','META_ADMIN','ResourceEntity.displayNameMap',' ');
Insert into LANGUAGE_MAPPING (ID,LANGUAGE_ID,REFERENCE_ID,REFERENCE_TYPE,TEXT_VALUE) values ('RUMETA_TYPE_ADMIN_DESC','8','META_TYPE_ADMIN','ResourceEntity.displayNameMap',' ');
Insert into LANGUAGE_MAPPING (ID,LANGUAGE_ID,REFERENCE_ID,REFERENCE_TYPE,TEXT_VALUE) values ('RUMETA_TYPE_EDIT_DESC','8','META_TYPE_EDIT','ResourceEntity.displayNameMap','  ');
Insert into LANGUAGE_MAPPING (ID,LANGUAGE_ID,REFERENCE_ID,REFERENCE_TYPE,TEXT_VALUE) values ('RUMETA_EDIT_DESC','8','META_EDIT','ResourceEntity.displayNameMap','  ');
Insert into LANGUAGE_MAPPING (ID,LANGUAGE_ID,REFERENCE_ID,REFERENCE_TYPE,TEXT_VALUE) values ('RUMETA_SEARCH_DESC','8','META_SEARCH','ResourceEntity.displayNameMap',' ');
Insert into LANGUAGE_MAPPING (ID,LANGUAGE_ID,REFERENCE_ID,REFERENCE_TYPE,TEXT_VALUE) values ('RURES_TYPE_DESC','8','RES_TYPE_ITEM','ResourceEntity.displayNameMap',' ');
Insert into LANGUAGE_MAPPING (ID,LANGUAGE_ID,REFERENCE_ID,REFERENCE_TYPE,TEXT_VALUE) values ('RURES_TYPE_NEW_DESC','8','RES_TYPE_NEW','ResourceEntity.displayNameMap','  ');
Insert into LANGUAGE_MAPPING (ID,LANGUAGE_ID,REFERENCE_ID,REFERENCE_TYPE,TEXT_VALUE) values ('RUAUTH_LVL_GRP_NEW_ROOT_DN','8','AUTH_LVL_GRP_NEW_ROOT','ResourceEntity.displayNameMap','   ');
Insert into LANGUAGE_MAPPING (ID,LANGUAGE_ID,REFERENCE_ID,REFERENCE_TYPE,TEXT_VALUE) values ('RUAUTH_LVL_GRP_EDIT_ROOT_DN','8','AUTH_LVL_GRP_EDIT_ROOT','ResourceEntity.displayNameMap','    ');
Insert into LANGUAGE_MAPPING (ID,LANGUAGE_ID,REFERENCE_ID,REFERENCE_TYPE,TEXT_VALUE) values ('RUBACK_TO_AUTH_LVL_GRP_SRH_DN','8','BACK_TO_AUTH_LVL_GRP_SRH','ResourceEntity.displayNameMap','  ');
Insert into LANGUAGE_MAPPING (ID,LANGUAGE_ID,REFERENCE_ID,REFERENCE_TYPE,TEXT_VALUE) values ('RUAUTH_LVL_GRP_ATTR_DN','8','AUTH_LVL_GRP_ATTR','ResourceEntity.displayNameMap','     -  ');
Insert into LANGUAGE_MAPPING (ID,LANGUAGE_ID,REFERENCE_ID,REFERENCE_TYPE,TEXT_VALUE) values ('RUBACK_TO_AUTH_LVL_DN','8','BACK_TO_AUTH_LVL','ResourceEntity.displayNameMap','  ');
Insert into LANGUAGE_MAPPING (ID,LANGUAGE_ID,REFERENCE_ID,REFERENCE_TYPE,TEXT_VALUE) values ('RUAUTH_LEVEL_GRP_DN','8','AUTH_LEVEL_GRP','ResourceEntity.displayNameMap',' ');
Insert into LANGUAGE_MAPPING (ID,LANGUAGE_ID,REFERENCE_ID,REFERENCE_TYPE,TEXT_VALUE) values ('RUSELFSERVICE_EXT_DN','8','SELFSERVICE_EXT','ResourceEntity.displayNameMap',' SelfService -  ');
Insert into LANGUAGE_MAPPING (ID,LANGUAGE_ID,REFERENCE_ID,REFERENCE_TYPE,TEXT_VALUE) values ('RUSELFSRV_EXAMPLE_DN','8','SELFSRV_EXAMPLE','ResourceEntity.displayNameMap','');
Insert into LANGUAGE_MAPPING (ID,LANGUAGE_ID,REFERENCE_ID,REFERENCE_TYPE,TEXT_VALUE) values ('RUGROUP_ROOT_MENU_DESC','8','GROUP_ROOT_MENU','ResourceEntity.displayNameMap','');
Insert into LANGUAGE_MAPPING (ID,LANGUAGE_ID,REFERENCE_ID,REFERENCE_TYPE,TEXT_VALUE) values ('RUGROUP_SEARCH_DESC','8','GROUP_SEARCH','ResourceEntity.displayNameMap',' ');
Insert into LANGUAGE_MAPPING (ID,LANGUAGE_ID,REFERENCE_ID,REFERENCE_TYPE,TEXT_VALUE) values ('RUIDM_MENU_DISPLAY','8','IDM','ResourceEntity.displayNameMap','');
Insert into LANGUAGE_MAPPING (ID,LANGUAGE_ID,REFERENCE_ID,REFERENCE_TYPE,TEXT_VALUE) values ('RUIDQUEST_MENU_DISPLAY','8','IDQUEST','ResourceEntity.displayNameMap','  ');
Insert into LANGUAGE_MAPPING (ID,LANGUAGE_ID,REFERENCE_ID,REFERENCE_TYPE,TEXT_VALUE) values ('RULOCATION_MENU_DISPLAY','8','LOCATION','ResourceEntity.displayNameMap','');
Insert into LANGUAGE_MAPPING (ID,LANGUAGE_ID,REFERENCE_ID,REFERENCE_TYPE,TEXT_VALUE) values ('RUMANAGEREQ_MENU_DISPLAY','8','MANAGEREQ','ResourceEntity.displayNameMap',' ');
Insert into LANGUAGE_MAPPING (ID,LANGUAGE_ID,REFERENCE_ID,REFERENCE_TYPE,TEXT_VALUE) values ('RUMETADATA_MENU_DISPLAY','8','METADATA','ResourceEntity.displayNameMap','');
Insert into LANGUAGE_MAPPING (ID,LANGUAGE_ID,REFERENCE_ID,REFERENCE_TYPE,TEXT_VALUE) values ('RUMNGSYS_DESC','8','MNGSYS_MENU_ITEM','ResourceEntity.displayNameMap',' ');
Insert into LANGUAGE_MAPPING (ID,LANGUAGE_ID,REFERENCE_ID,REFERENCE_TYPE,TEXT_VALUE) values ('RUMNGSYS_DSC','8','MNGSYS_NEW','ResourceEntity.displayNameMap','  ');
Insert into LANGUAGE_MAPPING (ID,LANGUAGE_ID,REFERENCE_ID,REFERENCE_TYPE,TEXT_VALUE) values ('RUMNGSYS_MENU_DISPLAY','8','MNGSYS','ResourceEntity.displayNameMap',' ');
Insert into LANGUAGE_MAPPING (ID,LANGUAGE_ID,REFERENCE_ID,REFERENCE_TYPE,TEXT_VALUE) values ('RUNEWUSER-NOAPPRV_MENU_DISPLAY','8','NEWUSER-NOAPPRV','ResourceEntity.displayNameMap','   ');
Insert into LANGUAGE_MAPPING (ID,LANGUAGE_ID,REFERENCE_ID,REFERENCE_TYPE,TEXT_VALUE) values ('RUNEWUSER_MENU_DISPLAY','8','NEWUSER','ResourceEntity.displayNameMap',' ');
Insert into LANGUAGE_MAPPING (ID,LANGUAGE_ID,REFERENCE_ID,REFERENCE_TYPE,TEXT_VALUE) values ('RUNEW_GROUP_DESC','8','NEW_GROUP','ResourceEntity.displayNameMap','  ');
Insert into LANGUAGE_MAPPING (ID,LANGUAGE_ID,REFERENCE_ID,REFERENCE_TYPE,TEXT_VALUE) values ('RUNEW_ORG_DESC','8','NEW_ORG','ResourceEntity.displayNameMap','  ');
Insert into LANGUAGE_MAPPING (ID,LANGUAGE_ID,REFERENCE_ID,REFERENCE_TYPE,TEXT_VALUE) values ('RUNEW_ROLE_DESC','8','NEW_ROLE','ResourceEntity.displayNameMap','  ');
Insert into LANGUAGE_MAPPING (ID,LANGUAGE_ID,REFERENCE_ID,REFERENCE_TYPE,TEXT_VALUE) values ('RUNEW_USER_DESC','8','NEW_USER','ResourceEntity.displayNameMap','  ');
Insert into LANGUAGE_MAPPING (ID,LANGUAGE_ID,REFERENCE_ID,REFERENCE_TYPE,TEXT_VALUE) values ('RUORGANIZATION_EDIT_ID_DESC','8','ORGANIZATION_EDIT_ID','ResourceEntity.displayNameMap','  ');
Insert into LANGUAGE_MAPPING (ID,LANGUAGE_ID,REFERENCE_ID,REFERENCE_TYPE,TEXT_VALUE) values ('RUORGANIZATION_ROOT_ID_DESC','8','ORGANIZATION_ROOT_ID','ResourceEntity.displayNameMap','');
Insert into LANGUAGE_MAPPING (ID,LANGUAGE_ID,REFERENCE_ID,REFERENCE_TYPE,TEXT_VALUE) values ('RUORG_MEMBERSHIP_DESC','8','ORG_MEMBERSHIP','ResourceEntity.displayNameMap',' ');
Insert into LANGUAGE_MAPPING (ID,LANGUAGE_ID,REFERENCE_ID,REFERENCE_TYPE,TEXT_VALUE) values ('RUORG_MENU_DISPLAY','8','ORG','ResourceEntity.displayNameMap','');
Insert into LANGUAGE_MAPPING (ID,LANGUAGE_ID,REFERENCE_ID,REFERENCE_TYPE,TEXT_VALUE) values ('RUORG_SEARCH_DESC','8','ORG_SEARCH','ResourceEntity.displayNameMap',' ');
Insert into LANGUAGE_MAPPING (ID,LANGUAGE_ID,REFERENCE_ID,REFERENCE_TYPE,TEXT_VALUE) values ('RUPAGE_TMPLT_EDIT_DESC','8','PAGE_TEMPLATE_EDIT','ResourceEntity.displayNameMap','   ');
Insert into LANGUAGE_MAPPING (ID,LANGUAGE_ID,REFERENCE_ID,REFERENCE_TYPE,TEXT_VALUE) values ('RUPAGE_TMPLT_EDIT_NEW_DESC','8','PAGE_TEMPLATE_EDIT_NEW','ResourceEntity.displayNameMap',' ');
Insert into LANGUAGE_MAPPING (ID,LANGUAGE_ID,REFERENCE_ID,REFERENCE_TYPE,TEXT_VALUE) values ('RUPAGE_TMPLT_EDIT_SEARCH_DESC','8','PAGE_TEMPLATE_EDIT_SEARCH','ResourceEntity.displayNameMap','  ');
Insert into LANGUAGE_MAPPING (ID,LANGUAGE_ID,REFERENCE_ID,REFERENCE_TYPE,TEXT_VALUE) values ('RUPAGE_TMPLT_NEW_DSC','8','PAGE_TEMPLATE_NEW','ResourceEntity.displayNameMap','  ');
Insert into LANGUAGE_MAPPING (ID,LANGUAGE_ID,REFERENCE_ID,REFERENCE_TYPE,TEXT_VALUE) values ('RUPAGE_TMPLT_ROOT_DESC','8','PAGE_TEMPLATE_ROOT','ResourceEntity.displayNameMap',' ');
Insert into LANGUAGE_MAPPING (ID,LANGUAGE_ID,REFERENCE_ID,REFERENCE_TYPE,TEXT_VALUE) values ('RUPAGE_TMPLT_SEARCH_DESC','8','PAGE_TEMPLATE_SEARCH','ResourceEntity.displayNameMap','  ');
Insert into LANGUAGE_MAPPING (ID,LANGUAGE_ID,REFERENCE_ID,REFERENCE_TYPE,TEXT_VALUE) values ('RUPROFILE_MENU_DISPLAY','8','PROFILE','ResourceEntity.displayNameMap','  ');
Insert into LANGUAGE_MAPPING (ID,LANGUAGE_ID,REFERENCE_ID,REFERENCE_TYPE,TEXT_VALUE) values ('RUPROVCONNECT_DESC','8','PROVCONNECT_MENU_ITEM','ResourceEntity.displayNameMap',' ');
Insert into LANGUAGE_MAPPING (ID,LANGUAGE_ID,REFERENCE_ID,REFERENCE_TYPE,TEXT_VALUE) values ('RUPROVCONNECT_MENU_DISPLAY','8','PROVCONNECT','ResourceEntity.displayNameMap','');
Insert into LANGUAGE_MAPPING (ID,LANGUAGE_ID,REFERENCE_ID,REFERENCE_TYPE,TEXT_VALUE) values ('RUPROVISIONING_MENU_DISPLAY','8','PROVISIONING','ResourceEntity.displayNameMap','');
Insert into LANGUAGE_MAPPING (ID,LANGUAGE_ID,REFERENCE_ID,REFERENCE_TYPE,TEXT_VALUE) values ('RUPROV_CONNECTOR_DSC','8','PROV_CONNECTOR_NEW','ResourceEntity.displayNameMap','  ');
Insert into LANGUAGE_MAPPING (ID,LANGUAGE_ID,REFERENCE_ID,REFERENCE_TYPE,TEXT_VALUE) values ('RUREPORT_MENU_DISPLAY','8','REPORT','ResourceEntity.displayNameMap',' ');
Insert into LANGUAGE_MAPPING (ID,LANGUAGE_ID,REFERENCE_ID,REFERENCE_TYPE,TEXT_VALUE) values ('RUREQINBOX_MENU_DISPLAY','8','REQINBOX','ResourceEntity.displayNameMap','');
Insert into LANGUAGE_MAPPING (ID,LANGUAGE_ID,REFERENCE_ID,REFERENCE_TYPE,TEXT_VALUE) values ('RURESOURCE_EDIT_PAGE_ROOT_DIS','8','RESOURCE_EDIT_PAGE_ROOT','ResourceEntity.displayNameMap',' ');
Insert into LANGUAGE_MAPPING (ID,LANGUAGE_ID,REFERENCE_ID,REFERENCE_TYPE,TEXT_VALUE) values ('RURESPOLICYMAP_MENU_DISPLAY','8','RESPOLICYMAP','ResourceEntity.displayNameMap',' ');
Insert into LANGUAGE_MAPPING (ID,LANGUAGE_ID,REFERENCE_ID,REFERENCE_TYPE,TEXT_VALUE) values ('RURESRECONCILE_MENU_DISPLAY','8','RESRECONCILE','ResourceEntity.displayNameMap','');
Insert into LANGUAGE_MAPPING (ID,LANGUAGE_ID,REFERENCE_ID,REFERENCE_TYPE,TEXT_VALUE) values ('RURESSUMMARY_MENU_DISPLAY','8','RESSUMMARY','ResourceEntity.displayNameMap',' ');
Insert into LANGUAGE_MAPPING (ID,LANGUAGE_ID,REFERENCE_ID,REFERENCE_TYPE,TEXT_VALUE) values ('RURES_ENT_SUB_DIS','8','RES_ENT_SUB','ResourceEntity.displayNameMap','');
Insert into LANGUAGE_MAPPING (ID,LANGUAGE_ID,REFERENCE_ID,REFERENCE_TYPE,TEXT_VALUE) values ('RUROLE_EDIT_MENU_DESC','8','ROLE_EDIT_MENU','ResourceEntity.displayNameMap','  -  ');
Insert into LANGUAGE_MAPPING (ID,LANGUAGE_ID,REFERENCE_ID,REFERENCE_TYPE,TEXT_VALUE) values ('RUROLE_ENTITLEMENTS_DESC','8','ROLE_ENTITLEMENTS','ResourceEntity.displayNameMap',' ');
Insert into LANGUAGE_MAPPING (ID,LANGUAGE_ID,REFERENCE_ID,REFERENCE_TYPE,TEXT_VALUE) values ('RUROLE_MENUS_DESC','8','ROLE_MENUS','ResourceEntity.displayNameMap','');
Insert into LANGUAGE_MAPPING (ID,LANGUAGE_ID,REFERENCE_ID,REFERENCE_TYPE,TEXT_VALUE) values ('RUROLE_ROOT_MENU_DESC','8','ROLE_ROOT_MENU','ResourceEntity.displayNameMap','');
Insert into LANGUAGE_MAPPING (ID,LANGUAGE_ID,REFERENCE_ID,REFERENCE_TYPE,TEXT_VALUE) values ('RUROLE_SEARCH_DESC','8','ROLE_SEARCH','ResourceEntity.displayNameMap',' ');
Insert into LANGUAGE_MAPPING (ID,LANGUAGE_ID,REFERENCE_ID,REFERENCE_TYPE,TEXT_VALUE) values ('RUSECURITY_GROUP_MENU_DISPLAY','8','SECURITY_GROUP','ResourceEntity.displayNameMap','');
Insert into LANGUAGE_MAPPING (ID,LANGUAGE_ID,REFERENCE_ID,REFERENCE_TYPE,TEXT_VALUE) values ('RUSECURITY_POLICY_MENU_DISPLAY','8','SECURITY_POLICY','ResourceEntity.displayNameMap','');
Insert into LANGUAGE_MAPPING (ID,LANGUAGE_ID,REFERENCE_ID,REFERENCE_TYPE,TEXT_VALUE) values ('RUSECURITY_RES_MENU_DISPLAY','8','SECURITY_RES','ResourceEntity.displayNameMap','');
Insert into LANGUAGE_MAPPING (ID,LANGUAGE_ID,REFERENCE_ID,REFERENCE_TYPE,TEXT_VALUE) values ('RUSECURITY_ROLE_MENU_DISPLAY','8','SECURITY_ROLE','ResourceEntity.displayNameMap','');
Insert into LANGUAGE_MAPPING (ID,LANGUAGE_ID,REFERENCE_ID,REFERENCE_TYPE,TEXT_VALUE) values ('RUSELFCENTER_MENU_DISPLAY','8','SELFCENTER','ResourceEntity.displayNameMap',' ');
Insert into LANGUAGE_MAPPING (ID,LANGUAGE_ID,REFERENCE_ID,REFERENCE_TYPE,TEXT_VALUE) values ('RUSELFSERVICE_MENU_DISPLAY','8','SELFSERVICE','ResourceEntity.displayNameMap','');
Insert into LANGUAGE_MAPPING (ID,LANGUAGE_ID,REFERENCE_ID,REFERENCE_TYPE,TEXT_VALUE) values ('RUSELFSERVICE_MYAPPS_DESC','8','SELFSERVICE_MYAPPS','ResourceEntity.displayNameMap',' ');
Insert into LANGUAGE_MAPPING (ID,LANGUAGE_ID,REFERENCE_ID,REFERENCE_TYPE,TEXT_VALUE) values ('RUSELFSERVICE_MYINFO_DESC','8','SELFSERVICE_MYINFO','ResourceEntity.displayNameMap',' ');
Insert into LANGUAGE_MAPPING (ID,LANGUAGE_ID,REFERENCE_ID,REFERENCE_TYPE,TEXT_VALUE) values ('RUSELF_QUERYUSER_MENU_DISPLAY','8','SELF_QUERYUSER','ResourceEntity.displayNameMap',' ');
Insert into LANGUAGE_MAPPING (ID,LANGUAGE_ID,REFERENCE_ID,REFERENCE_TYPE,TEXT_VALUE) values ('RUSYNCUSER_MENU_DISPLAY','8','SYNCUSER','ResourceEntity.displayNameMap','');
Insert into LANGUAGE_MAPPING (ID,LANGUAGE_ID,REFERENCE_ID,REFERENCE_TYPE,TEXT_VALUE) values ('RUTEMPLATE_SEARCH_CHILD_DESC','8','TEMPLATE_SEARCH_CHILD','ResourceEntity.displayNameMap',' ');
Insert into LANGUAGE_MAPPING (ID,LANGUAGE_ID,REFERENCE_ID,REFERENCE_TYPE,TEXT_VALUE) values ('RUURI_META_BACK_DESC','8','URI_META_BACK','ResourceEntity.displayNameMap','  ');
Insert into LANGUAGE_MAPPING (ID,LANGUAGE_ID,REFERENCE_ID,REFERENCE_TYPE,TEXT_VALUE) values ('RUURI_META_EDIT_DESC','8','URI_META_EDIT','ResourceEntity.displayNameMap','URI Meta ');
Insert into LANGUAGE_MAPPING (ID,LANGUAGE_ID,REFERENCE_ID,REFERENCE_TYPE,TEXT_VALUE) values ('RUURI_PTRN_EDIT_DESC','8','URI_PATTERN_EDIT','ResourceEntity.displayNameMap','  URI-');
Insert into LANGUAGE_MAPPING (ID,LANGUAGE_ID,REFERENCE_ID,REFERENCE_TYPE,TEXT_VALUE) values ('RUURI_PTRN_EDIT_NEW_PATTERN_DES','8','URI_PATTERN_EDIT_NEW_PATTERN','ResourceEntity.displayNameMap',' URI-');
Insert into LANGUAGE_MAPPING (ID,LANGUAGE_ID,REFERENCE_ID,REFERENCE_TYPE,TEXT_VALUE) values ('RUURI_PTRN_EDIT_PATTERN_DESC','8','URI_PATTERN_EDIT_PATTERN','ResourceEntity.displayNameMap',' URI-');
Insert into LANGUAGE_MAPPING (ID,LANGUAGE_ID,REFERENCE_ID,REFERENCE_TYPE,TEXT_VALUE) values ('RUUSER_ATTRIBUTES_DESC','8','USER_ATTRIBUTES','ResourceEntity.displayNameMap',' ');
Insert into LANGUAGE_MAPPING (ID,LANGUAGE_ID,REFERENCE_ID,REFERENCE_TYPE,TEXT_VALUE) values ('RUUSER_BULK_MENU_DISPLAY','8','USER_BULK','ResourceEntity.displayNameMap','   ');
Insert into LANGUAGE_MAPPING (ID,LANGUAGE_ID,REFERENCE_ID,REFERENCE_TYPE,TEXT_VALUE) values ('RUUSER_DELEGATION_DESC','8','USER_DELEGATION','ResourceEntity.displayNameMap','  ');
Insert into LANGUAGE_MAPPING (ID,LANGUAGE_ID,REFERENCE_ID,REFERENCE_TYPE,TEXT_VALUE) values ('RUUSER_EDIT_CONTACT_INFO_DESC','8','USER_EDIT_CONTACT_INFO','ResourceEntity.displayNameMap',' ');
Insert into LANGUAGE_MAPPING (ID,LANGUAGE_ID,REFERENCE_ID,REFERENCE_TYPE,TEXT_VALUE) values ('RULanguageEntity4','8','4','LanguageEntity.displayNameMap','');
Insert into LANGUAGE_MAPPING (ID,LANGUAGE_ID,REFERENCE_ID,REFERENCE_TYPE,TEXT_VALUE) values ('RUEDIT_ORG_TYPE_DESC','8','EDIT_ORG_TYPE','ResourceEntity.displayNameMap','  ');
Insert into LANGUAGE_MAPPING (ID,LANGUAGE_ID,REFERENCE_ID,REFERENCE_TYPE,TEXT_VALUE) values ('RUBATCH_TASK_ROOT_DESC','8','BATCH_TASK_ROOT','ResourceEntity.displayNameMap',' ');
Insert into LANGUAGE_MAPPING (ID,LANGUAGE_ID,REFERENCE_ID,REFERENCE_TYPE,TEXT_VALUE) values ('RUEDIT_BATCH_TASK_DESC','8','EDIT_BATCH_TASK','ResourceEntity.displayNameMap','  ');
Insert into LANGUAGE_MAPPING (ID,LANGUAGE_ID,REFERENCE_ID,REFERENCE_TYPE,TEXT_VALUE) values ('RUMetadataTypeEntity1','8','ADGroup','MetadataTypeEntity.displayNameMap','AD- ');
Insert into LANGUAGE_MAPPING (ID,LANGUAGE_ID,REFERENCE_ID,REFERENCE_TYPE,TEXT_VALUE) values ('RUMetadataTypeEntity2','8','ADUser','MetadataTypeEntity.displayNameMap','AD- ');
Insert into LANGUAGE_MAPPING (ID,LANGUAGE_ID,REFERENCE_ID,REFERENCE_TYPE,TEXT_VALUE) values ('RUMetadataTypeEntity3','8','AD_Connector','MetadataTypeEntity.displayNameMap','AD-');
Insert into LANGUAGE_MAPPING (ID,LANGUAGE_ID,REFERENCE_ID,REFERENCE_TYPE,TEXT_VALUE) values ('RUMetadataTypeEntity4','8','AD_GROUP_TYPE','MetadataTypeEntity.displayNameMap','AD- ');
Insert into LANGUAGE_MAPPING (ID,LANGUAGE_ID,REFERENCE_ID,REFERENCE_TYPE,TEXT_VALUE) values ('RUMetadataTypeEntity5','8','AUTHENTICATION_PROVIDER','MetadataTypeEntity.displayNameMap',' ');
Insert into LANGUAGE_MAPPING (ID,LANGUAGE_ID,REFERENCE_ID,REFERENCE_TYPE,TEXT_VALUE) values ('RUMetadataTypeEntity6','8','AUTH_REPO','MetadataTypeEntity.displayNameMap',' ');
Insert into LANGUAGE_MAPPING (ID,LANGUAGE_ID,REFERENCE_ID,REFERENCE_TYPE,TEXT_VALUE) values ('RUMetadataTypeEntity7','8','CHECKBOX','MetadataTypeEntity.displayNameMap','');
Insert into LANGUAGE_MAPPING (ID,LANGUAGE_ID,REFERENCE_ID,REFERENCE_TYPE,TEXT_VALUE) values ('RUMetadataTypeEntity8','8','CONTENT_PROVIDER','MetadataTypeEntity.displayNameMap','-');
Insert into LANGUAGE_MAPPING (ID,LANGUAGE_ID,REFERENCE_ID,REFERENCE_TYPE,TEXT_VALUE) values ('RUMetadataTypeEntity9','8','Contractor','MetadataTypeEntity.displayNameMap',' ');
Insert into LANGUAGE_MAPPING (ID,LANGUAGE_ID,REFERENCE_ID,REFERENCE_TYPE,TEXT_VALUE) values ('RUMetadataTypeEntity10','8','DATE','MetadataTypeEntity.displayNameMap','  ');
Insert into LANGUAGE_MAPPING (ID,LANGUAGE_ID,REFERENCE_ID,REFERENCE_TYPE,TEXT_VALUE) values ('RUMetadataTypeEntity11','8','DEFAULT_GROUP','MetadataTypeEntity.displayNameMap','   ');
Insert into LANGUAGE_MAPPING (ID,LANGUAGE_ID,REFERENCE_ID,REFERENCE_TYPE,TEXT_VALUE) values ('RUMetadataTypeEntity12','8','departmentType','MetadataTypeEntity.displayNameMap','');
Insert into LANGUAGE_MAPPING (ID,LANGUAGE_ID,REFERENCE_ID,REFERENCE_TYPE,TEXT_VALUE) values ('RUMetadataTypeEntity13','8','DIRECTORY','MetadataTypeEntity.displayNameMap','');
Insert into LANGUAGE_MAPPING (ID,LANGUAGE_ID,REFERENCE_ID,REFERENCE_TYPE,TEXT_VALUE) values ('RUMetadataTypeEntity14','8','divisionType','MetadataTypeEntity.displayNameMap','');
Insert into LANGUAGE_MAPPING (ID,LANGUAGE_ID,REFERENCE_ID,REFERENCE_TYPE,TEXT_VALUE) values ('RUMetadataTypeEntity15','8','FILE','MetadataTypeEntity.displayNameMap','');
Insert into LANGUAGE_MAPPING (ID,LANGUAGE_ID,REFERENCE_ID,REFERENCE_TYPE,TEXT_VALUE) values ('RUMetadataTypeEntity16','8','GOOGLE_Connector','MetadataTypeEntity.displayNameMap','Google Apps-');
Insert into LANGUAGE_MAPPING (ID,LANGUAGE_ID,REFERENCE_ID,REFERENCE_TYPE,TEXT_VALUE) values ('RUMetadataTypeEntity17','8','InetOrgPerson','MetadataTypeEntity.displayNameMap','  InetOrgPerson');
Insert into LANGUAGE_MAPPING (ID,LANGUAGE_ID,REFERENCE_ID,REFERENCE_TYPE,TEXT_VALUE) values ('RUMetadataTypeEntity18','8','LdapOrgPerson','MetadataTypeEntity.displayNameMap','  LdapOrgPerson');
Insert into LANGUAGE_MAPPING (ID,LANGUAGE_ID,REFERENCE_ID,REFERENCE_TYPE,TEXT_VALUE) values ('RUMetadataTypeEntity19','8','LDAP_Connector','MetadataTypeEntity.displayNameMap','LDAP-');
Insert into LANGUAGE_MAPPING (ID,LANGUAGE_ID,REFERENCE_ID,REFERENCE_TYPE,TEXT_VALUE) values ('RUMetadataTypeEntity20','8','LDAP_GROUP_TYPE','MetadataTypeEntity.displayNameMap','  LDAP');
Insert into LANGUAGE_MAPPING (ID,LANGUAGE_ID,REFERENCE_ID,REFERENCE_TYPE,TEXT_VALUE) values ('RUMetadataTypeEntity21','8','LINUX_Connector','MetadataTypeEntity.displayNameMap','Linux-');
Insert into LANGUAGE_MAPPING (ID,LANGUAGE_ID,REFERENCE_ID,REFERENCE_TYPE,TEXT_VALUE) values ('RUMetadataTypeEntity22','8','MANAGED_SYS','MetadataTypeEntity.displayNameMap',' ');
Insert into LANGUAGE_MAPPING (ID,LANGUAGE_ID,REFERENCE_ID,REFERENCE_TYPE,TEXT_VALUE) values ('RUMetadataTypeEntity23','8','MENU_ITEM','MetadataTypeEntity.displayNameMap','  ');
Insert into LANGUAGE_MAPPING (ID,LANGUAGE_ID,REFERENCE_ID,REFERENCE_TYPE,TEXT_VALUE) values ('RUMetadataTypeEntity24','8','MULTI_SELECT','MetadataTypeEntity.displayNameMap',' ');
Insert into LANGUAGE_MAPPING (ID,LANGUAGE_ID,REFERENCE_ID,REFERENCE_TYPE,TEXT_VALUE) values ('RUMetadataTypeEntity25','8','NO-PROVISION-APP','MetadataTypeEntity.displayNameMap',',    ');
Insert into LANGUAGE_MAPPING (ID,LANGUAGE_ID,REFERENCE_ID,REFERENCE_TYPE,TEXT_VALUE) values ('RUMetadataTypeEntity26','8','OrgOpenIAM','MetadataTypeEntity.displayNameMap','OpenIAM');
Insert into LANGUAGE_MAPPING (ID,LANGUAGE_ID,REFERENCE_ID,REFERENCE_TYPE,TEXT_VALUE) values ('RUMetadataTypeEntity27','8','PASSWORD','MetadataTypeEntity.displayNameMap','   ');
Insert into LANGUAGE_MAPPING (ID,LANGUAGE_ID,REFERENCE_ID,REFERENCE_TYPE,TEXT_VALUE) values ('RUMetadataTypeEntity28','8','RADIO','MetadataTypeEntity.displayNameMap','');
Insert into LANGUAGE_MAPPING (ID,LANGUAGE_ID,REFERENCE_ID,REFERENCE_TYPE,TEXT_VALUE) values ('RUMetadataTypeEntity29','8','RDBMS_Connector','MetadataTypeEntity.displayNameMap','RDBMS-');
Insert into LANGUAGE_MAPPING (ID,LANGUAGE_ID,REFERENCE_ID,REFERENCE_TYPE,TEXT_VALUE) values ('RUMetadataTypeEntity30','8','SCRIPT_Connector','MetadataTypeEntity.displayNameMap','Script-');
Insert into LANGUAGE_MAPPING (ID,LANGUAGE_ID,REFERENCE_ID,REFERENCE_TYPE,TEXT_VALUE) values ('RUMetadataTypeEntity31','8','SELECT','MetadataTypeEntity.displayNameMap','  ');
Insert into LANGUAGE_MAPPING (ID,LANGUAGE_ID,REFERENCE_ID,REFERENCE_TYPE,TEXT_VALUE) values ('RUMetadataTypeEntity32','8','SOAP_Connector','MetadataTypeEntity.displayNameMap','SOAP-');
Insert into LANGUAGE_MAPPING (ID,LANGUAGE_ID,REFERENCE_ID,REFERENCE_TYPE,TEXT_VALUE) values ('RUMetadataTypeEntity33','8','SystemAccount','MetadataTypeEntity.displayNameMap','  ');
Insert into LANGUAGE_MAPPING (ID,LANGUAGE_ID,REFERENCE_ID,REFERENCE_TYPE,TEXT_VALUE) values ('RUMetadataTypeEntity34','8','SYS_ACTION','MetadataTypeEntity.displayNameMap',' ');
Insert into LANGUAGE_MAPPING (ID,LANGUAGE_ID,REFERENCE_ID,REFERENCE_TYPE,TEXT_VALUE) values ('RUMetadataTypeEntity35','8','TEXT','MetadataTypeEntity.displayNameMap',' ');
Insert into LANGUAGE_MAPPING (ID,LANGUAGE_ID,REFERENCE_ID,REFERENCE_TYPE,TEXT_VALUE) values ('RUMetadataTypeEntity36','8','TEXTAREA','MetadataTypeEntity.displayNameMap','  ');
Insert into LANGUAGE_MAPPING (ID,LANGUAGE_ID,REFERENCE_ID,REFERENCE_TYPE,TEXT_VALUE) values ('RUMetadataTypeEntity37','8','UI_TEMPLATE','MetadataTypeEntity.displayNameMap','UI-');
Insert into LANGUAGE_MAPPING (ID,LANGUAGE_ID,REFERENCE_ID,REFERENCE_TYPE,TEXT_VALUE) values ('RUMetadataTypeEntity38','8','UI_WIDGET','MetadataTypeEntity.displayNameMap','UI-');
Insert into LANGUAGE_MAPPING (ID,LANGUAGE_ID,REFERENCE_ID,REFERENCE_TYPE,TEXT_VALUE) values ('RUMetadataTypeEntity39','8','URL','MetadataTypeEntity.displayNameMap','URL');
Insert into LANGUAGE_MAPPING (ID,LANGUAGE_ID,REFERENCE_ID,REFERENCE_TYPE,TEXT_VALUE) values ('RUMetadataTypeEntity40','8','URL_PATTERN','MetadataTypeEntity.displayNameMap',' URL');
Insert into LANGUAGE_MAPPING (ID,LANGUAGE_ID,REFERENCE_ID,REFERENCE_TYPE,TEXT_VALUE) values ('RUMetadataTypeEntity41','8','WEBSERVICE','MetadataTypeEntity.displayNameMap','-');
Insert into LANGUAGE_MAPPING (ID,LANGUAGE_ID,REFERENCE_ID,REFERENCE_TYPE,TEXT_VALUE) values ('RUMetadataTypeEntity42','8','WEBSERVICE_OP','MetadataTypeEntity.displayNameMap',' -');
Insert into LANGUAGE_MAPPING (ID,LANGUAGE_ID,REFERENCE_ID,REFERENCE_TYPE,TEXT_VALUE) values ('RUMetadataTypeEntity43','8','WORK_EMAIL','MetadataTypeEntity.displayNameMap',' email');
Insert into LANGUAGE_MAPPING (ID,LANGUAGE_ID,REFERENCE_ID,REFERENCE_TYPE,TEXT_VALUE) values ('RUMetadataTypeEntity44','8','PRIMARY_EMAIL','MetadataTypeEntity.displayNameMap',' email');
Insert into LANGUAGE_MAPPING (ID,LANGUAGE_ID,REFERENCE_ID,REFERENCE_TYPE,TEXT_VALUE) values ('RUMetadataTypeEntity45','8','HOME_EMAIL','MetadataTypeEntity.displayNameMap',' email');
Insert into LANGUAGE_MAPPING (ID,LANGUAGE_ID,REFERENCE_ID,REFERENCE_TYPE,TEXT_VALUE) values ('RUMetadataTypeEntity46','8','OFFICE_PHONE','MetadataTypeEntity.displayNameMap',' ');
Insert into LANGUAGE_MAPPING (ID,LANGUAGE_ID,REFERENCE_ID,REFERENCE_TYPE,TEXT_VALUE) values ('RUMetadataTypeEntity47','8','CELL_PHONE','MetadataTypeEntity.displayNameMap',' ');
Insert into LANGUAGE_MAPPING (ID,LANGUAGE_ID,REFERENCE_ID,REFERENCE_TYPE,TEXT_VALUE) values ('RUMetadataTypeEntity48','8','HOME_PHONE','MetadataTypeEntity.displayNameMap',' ');
Insert into LANGUAGE_MAPPING (ID,LANGUAGE_ID,REFERENCE_ID,REFERENCE_TYPE,TEXT_VALUE) values ('RUMetadataTypeEntity49','8','OFFICE_ADDRESS','MetadataTypeEntity.displayNameMap',' ');
Insert into LANGUAGE_MAPPING (ID,LANGUAGE_ID,REFERENCE_ID,REFERENCE_TYPE,TEXT_VALUE) values ('RUMetadataTypeEntity50','8','HOME_ADDRESS','MetadataTypeEntity.displayNameMap',' ');
Insert into LANGUAGE_MAPPING (ID,LANGUAGE_ID,REFERENCE_ID,REFERENCE_TYPE,TEXT_VALUE) values ('RUMetadataTypeEntity51','8','ADMIN_RESOURCE','MetadataTypeEntity.displayNameMap',' ');
Insert into LANGUAGE_MAPPING (ID,LANGUAGE_ID,REFERENCE_ID,REFERENCE_TYPE,TEXT_VALUE) values ('RUMetadataTypeEntity52','8','KERBEROS_SERVICE_NAME','MetadataTypeEntity.displayNameMap','  Kerberos');
Insert into LANGUAGE_MAPPING (ID,LANGUAGE_ID,REFERENCE_ID,REFERENCE_TYPE,TEXT_VALUE) values ('RUMetadataTypeEntity53','8','KERBEROS_KEYTAB_FILE','MetadataTypeEntity.displayNameMap',' Kerberos Keytab');
Insert into LANGUAGE_MAPPING (ID,LANGUAGE_ID,REFERENCE_ID,REFERENCE_TYPE,TEXT_VALUE) values ('RUMetadataTypeEntity54','8','MANAGER','MetadataTypeEntity.displayNameMap','');
Insert into LANGUAGE_MAPPING (ID,LANGUAGE_ID,REFERENCE_ID,REFERENCE_TYPE,TEXT_VALUE) values ('RUMetadataTypeEntity55','8','SALES REP','MetadataTypeEntity.displayNameMap',' ');
Insert into LANGUAGE_MAPPING (ID,LANGUAGE_ID,REFERENCE_ID,REFERENCE_TYPE,TEXT_VALUE) values ('RUMetadataTypeEntity57','8','SERVICE REP','MetadataTypeEntity.displayNameMap','  ');
Insert into LANGUAGE_MAPPING (ID,LANGUAGE_ID,REFERENCE_ID,REFERENCE_TYPE,TEXT_VALUE) values ('RUMetadataTypeEntity58','8','ACCNT','MetadataTypeEntity.displayNameMap','');
Insert into LANGUAGE_MAPPING (ID,LANGUAGE_ID,REFERENCE_ID,REFERENCE_TYPE,TEXT_VALUE) values ('RUMetadataTypeEntity59','8','ADMGP','MetadataTypeEntity.displayNameMap',' ');
Insert into LANGUAGE_MAPPING (ID,LANGUAGE_ID,REFERENCE_ID,REFERENCE_TYPE,TEXT_VALUE) values ('RUMetadataTypeEntity60','8','ADMIN','MetadataTypeEntity.displayNameMap','');
Insert into LANGUAGE_MAPPING (ID,LANGUAGE_ID,REFERENCE_ID,REFERENCE_TYPE,TEXT_VALUE) values ('RUMetadataTypeEntity62','8','BL','MetadataTypeEntity.displayNameMap','');
Insert into LANGUAGE_MAPPING (ID,LANGUAGE_ID,REFERENCE_ID,REFERENCE_TYPE,TEXT_VALUE) values ('RUMetadataTypeEntity63','8','DL','MetadataTypeEntity.displayNameMap','');
Insert into LANGUAGE_MAPPING (ID,LANGUAGE_ID,REFERENCE_ID,REFERENCE_TYPE,TEXT_VALUE) values ('RUMetadataTypeEntity64','8','RJ','MetadataTypeEntity.displayNameMap','');
Insert into LANGUAGE_MAPPING (ID,LANGUAGE_ID,REFERENCE_ID,REFERENCE_TYPE,TEXT_VALUE) values ('RUMetadataTypeEntity65','8','UB','MetadataTypeEntity.displayNameMap','');
Insert into LANGUAGE_MAPPING (ID,LANGUAGE_ID,REFERENCE_ID,REFERENCE_TYPE,TEXT_VALUE) values ('RUMetadataTypeEntity67','8','READY','MetadataTypeEntity.displayNameMap','  ');
Insert into LANGUAGE_MAPPING (ID,LANGUAGE_ID,REFERENCE_ID,REFERENCE_TYPE,TEXT_VALUE) values ('RUMetadataTypeEntity68','8','ACTIVE','MetadataTypeEntity.displayNameMap','');
Insert into LANGUAGE_MAPPING (ID,LANGUAGE_ID,REFERENCE_ID,REFERENCE_TYPE,TEXT_VALUE) values ('RUMetadataTypeEntity69','8','APPROVAL_DECLINED','MetadataTypeEntity.displayNameMap',' ');
Insert into LANGUAGE_MAPPING (ID,LANGUAGE_ID,REFERENCE_ID,REFERENCE_TYPE,TEXT_VALUE) values ('RUMetadataTypeEntity71','8','INACTIVE','MetadataTypeEntity.displayNameMap','');
Insert into LANGUAGE_MAPPING (ID,LANGUAGE_ID,REFERENCE_ID,REFERENCE_TYPE,TEXT_VALUE) values ('RUMetadataTypeEntity72','8','LEAVE','MetadataTypeEntity.displayNameMap','');
Insert into LANGUAGE_MAPPING (ID,LANGUAGE_ID,REFERENCE_ID,REFERENCE_TYPE,TEXT_VALUE) values ('RUMetadataTypeEntity73','8','PENDING_APPROVAL','MetadataTypeEntity.displayNameMap','  ');
Insert into LANGUAGE_MAPPING (ID,LANGUAGE_ID,REFERENCE_ID,REFERENCE_TYPE,TEXT_VALUE) values ('RUMetadataTypeEntity74','8','PENDING_INITIAL_LOGIN','MetadataTypeEntity.displayNameMap','   ');
Insert into LANGUAGE_MAPPING (ID,LANGUAGE_ID,REFERENCE_ID,REFERENCE_TYPE,TEXT_VALUE) values ('RUMetadataTypeEntity76','8','PENDING_USER_VALIDATION','MetadataTypeEntity.displayNameMap','  ');
Insert into LANGUAGE_MAPPING (ID,LANGUAGE_ID,REFERENCE_ID,REFERENCE_TYPE,TEXT_VALUE) values ('RUMetadataTypeEntity77','8','RETIRED','MetadataTypeEntity.displayNameMap',' ');
Insert into LANGUAGE_MAPPING (ID,LANGUAGE_ID,REFERENCE_ID,REFERENCE_TYPE,TEXT_VALUE) values ('RUMetadataTypeEntity78','8','TERMINATE','MetadataTypeEntity.displayNameMap','');
Insert into LANGUAGE_MAPPING (ID,LANGUAGE_ID,REFERENCE_ID,REFERENCE_TYPE,TEXT_VALUE) values ('RUMetadataTypeEntity79','8','DISABLED','MetadataTypeEntity.displayNameMap','');
Insert into LANGUAGE_MAPPING (ID,LANGUAGE_ID,REFERENCE_ID,REFERENCE_TYPE,TEXT_VALUE) values ('RUMetadataTypeEntity80','8','LOCKED','MetadataTypeEntity.displayNameMap','');
Insert into LANGUAGE_MAPPING (ID,LANGUAGE_ID,REFERENCE_ID,REFERENCE_TYPE,TEXT_VALUE) values ('RUMetadataTypeEntity82','8','AFFILIATE','MetadataTypeEntity.displayNameMap','');
Insert into LANGUAGE_MAPPING (ID,LANGUAGE_ID,REFERENCE_ID,REFERENCE_TYPE,TEXT_VALUE) values ('RUMetadataTypeEntity83','8','CONTRACTOR TYPE','MetadataTypeEntity.displayNameMap','');
Insert into LANGUAGE_MAPPING (ID,LANGUAGE_ID,REFERENCE_ID,REFERENCE_TYPE,TEXT_VALUE) values ('RUMetadataTypeEntity84','8','PERM FULL TIME','MetadataTypeEntity.displayNameMap','  ');
Insert into LANGUAGE_MAPPING (ID,LANGUAGE_ID,REFERENCE_ID,REFERENCE_TYPE,TEXT_VALUE) values ('RUMetadataTypeEntity85','8','PERM PART TIME','MetadataTypeEntity.displayNameMap','  ');
Insert into LANGUAGE_MAPPING (ID,LANGUAGE_ID,REFERENCE_ID,REFERENCE_TYPE,TEXT_VALUE) values ('RUMetadataTypeEntity87','8','VENDOR','MetadataTypeEntity.displayNameMap','');
Insert into LANGUAGE_MAPPING (ID,LANGUAGE_ID,REFERENCE_ID,REFERENCE_TYPE,TEXT_VALUE) values ('RULanguageEntity1','8','1','LanguageEntity.displayNameMap','');
Insert into LANGUAGE_MAPPING (ID,LANGUAGE_ID,REFERENCE_ID,REFERENCE_TYPE,TEXT_VALUE) values ('RULanguageEntity7','8','8','LanguageEntity.displayNameMap','');
Insert into LANGUAGE_MAPPING (ID,LANGUAGE_ID,REFERENCE_ID,REFERENCE_TYPE,TEXT_VALUE) values ('RUCNT_PROV_NEW_EDIT_PUB_DESC','8','CONTENT_PROV_NEW_EDIT','ResourceEntity.displayNameMap','  ');
Insert into LANGUAGE_MAPPING (ID,LANGUAGE_ID,REFERENCE_ID,REFERENCE_TYPE,TEXT_VALUE) values ('RUAM_PROV_AM_ATTR_DESC','8','AM_PROV_AM_ATTR','ResourceEntity.displayNameMap',' ');
Insert into LANGUAGE_MAPPING (ID,LANGUAGE_ID,REFERENCE_ID,REFERENCE_TYPE,TEXT_VALUE) values ('RUAM_PROV_EDIT_CURRENT_DESC','8','AM_PROV_EDIT_CURRENT','ResourceEntity.displayNameMap',' ');
Insert into LANGUAGE_MAPPING (ID,LANGUAGE_ID,REFERENCE_ID,REFERENCE_TYPE,TEXT_VALUE) values ('RUAM_PROV_EDIT_DESC','8','AM_PROV_EDIT','ResourceEntity.displayNameMap','   ');
Insert into LANGUAGE_MAPPING (ID,LANGUAGE_ID,REFERENCE_ID,REFERENCE_TYPE,TEXT_VALUE) values ('RUAM_PROV_NEW_DSC','8','AM_PROV_NEW','ResourceEntity.displayNameMap','  ');
Insert into LANGUAGE_MAPPING (ID,LANGUAGE_ID,REFERENCE_ID,REFERENCE_TYPE,TEXT_VALUE) values ('RUAM_PROV_NEW_EDIT_PUB_DESC','8','AM_PROV_NEW_EDIT','ResourceEntity.displayNameMap','  ');
Insert into LANGUAGE_MAPPING (ID,LANGUAGE_ID,REFERENCE_ID,REFERENCE_TYPE,TEXT_VALUE) values ('RUAM_PROV_ROOT_DESC','8','AM_PROV_ROOT','ResourceEntity.displayNameMap',' ');
Insert into LANGUAGE_MAPPING (ID,LANGUAGE_ID,REFERENCE_ID,REFERENCE_TYPE,TEXT_VALUE) values ('RUAM_PROV_SEARCH_CHILD_PUB_DESC','8','AM_PROV_SEARCH_CHILD','ResourceEntity.displayNameMap','  ');
Insert into LANGUAGE_MAPPING (ID,LANGUAGE_ID,REFERENCE_ID,REFERENCE_TYPE,TEXT_VALUE) values ('RUAM_PROV_SEARCH_DESC','8','AM_PROV_SEARCH','ResourceEntity.displayNameMap',' ');
Insert into LANGUAGE_MAPPING (ID,LANGUAGE_ID,REFERENCE_ID,REFERENCE_TYPE,TEXT_VALUE) values ('RUAUDITREPORT_MENU_DISPLAY','8','AUDITREPORT','ResourceEntity.displayNameMap',' ');
Insert into LANGUAGE_MAPPING (ID,LANGUAGE_ID,REFERENCE_ID,REFERENCE_TYPE,TEXT_VALUE) values ('RUAUDIT_RPT_MENU_DISPLAY','8','AUDIT_RPT','ResourceEntity.displayNameMap',' ');
Insert into LANGUAGE_MAPPING (ID,LANGUAGE_ID,REFERENCE_ID,REFERENCE_TYPE,TEXT_VALUE) values ('RUBACK_TO_CP_DESC','8','BACK_TO_CP','ResourceEntity.displayNameMap','  -');
Insert into LANGUAGE_MAPPING (ID,LANGUAGE_ID,REFERENCE_ID,REFERENCE_TYPE,TEXT_VALUE) values ('RUBATCH_PROC_MENU_DISPLAY','8','BATCH_PROC','ResourceEntity.displayNameMap',' ');
Insert into LANGUAGE_MAPPING (ID,LANGUAGE_ID,REFERENCE_ID,REFERENCE_TYPE,TEXT_VALUE) values ('RUCHALLENGE_MENU_DISPLAY','8','CHALLENGE','ResourceEntity.displayNameMap','   ');
Insert into LANGUAGE_MAPPING (ID,LANGUAGE_ID,REFERENCE_ID,REFERENCE_TYPE,TEXT_VALUE) values ('RUCHNGPSWD_MENU_DISPLAY','8','CHNGPSWD','ResourceEntity.displayNameMap',' ');
Insert into LANGUAGE_MAPPING (ID,LANGUAGE_ID,REFERENCE_ID,REFERENCE_TYPE,TEXT_VALUE) values ('RUCNT_PROV_EDIT_CURRENT_DESC','8','CONTENT_PROV_EDIT_CURRENT','ResourceEntity.displayNameMap',' ');
Insert into LANGUAGE_MAPPING (ID,LANGUAGE_ID,REFERENCE_ID,REFERENCE_TYPE,TEXT_VALUE) values ('RUCNT_PROV_EDIT_DESC','8','CONTENT_PROV_EDIT','ResourceEntity.displayNameMap','  -');
Insert into LANGUAGE_MAPPING (ID,LANGUAGE_ID,REFERENCE_ID,REFERENCE_TYPE,TEXT_VALUE) values ('RUCNT_PROV_EDIT_SEARCH_DESC','8','CONTENT_PROV_EDIT_SEARCH','ResourceEntity.displayNameMap','  ');
Insert into LANGUAGE_MAPPING (ID,LANGUAGE_ID,REFERENCE_ID,REFERENCE_TYPE,TEXT_VALUE) values ('RUCNT_PROV_NEW_DSC','8','CONTENT_PROV_NEW','ResourceEntity.displayNameMap','  ');
Insert into LANGUAGE_MAPPING (ID,LANGUAGE_ID,REFERENCE_ID,REFERENCE_TYPE,TEXT_VALUE) values ('RUCNT_PROV_ROOT_DESC','8','CONTENT_PROV_ROOT','ResourceEntity.displayNameMap','-');
Insert into LANGUAGE_MAPPING (ID,LANGUAGE_ID,REFERENCE_ID,REFERENCE_TYPE,TEXT_VALUE) values ('RUCNT_PROV_SEARCH_CHILD_PUB_DE','8','CONTENT_PROV_SEARCH_CHILD','ResourceEntity.displayNameMap','-');
Insert into LANGUAGE_MAPPING (ID,LANGUAGE_ID,REFERENCE_ID,REFERENCE_TYPE,TEXT_VALUE) values ('RUCNT_PROV_SEARCH_DESC','8','CONTENT_PROV_SEARCH','ResourceEntity.displayNameMap',' -');
Insert into LANGUAGE_MAPPING (ID,LANGUAGE_ID,REFERENCE_ID,REFERENCE_TYPE,TEXT_VALUE) values ('RUCREATEREQ_MENU_DISPLAY','8','CREATEREQ','ResourceEntity.displayNameMap',' ');
Insert into LANGUAGE_MAPPING (ID,LANGUAGE_ID,REFERENCE_ID,REFERENCE_TYPE,TEXT_VALUE) values ('RUCR_RES_DISP_NAME','8','CREATE_RESOURCE_MENU','ResourceEntity.displayNameMap','  ');
Insert into LANGUAGE_MAPPING (ID,LANGUAGE_ID,REFERENCE_ID,REFERENCE_TYPE,TEXT_VALUE) values ('RUCUST_FIELD_EDIT_DESC','8','CUSTOM_FIELD_EDIT','ResourceEntity.displayNameMap','   ');
Insert into LANGUAGE_MAPPING (ID,LANGUAGE_ID,REFERENCE_ID,REFERENCE_TYPE,TEXT_VALUE) values ('RUCUST_FIELD_EDIT_NEW_DESC','8','CUSTOM_FIELD_EDIT_NEW','ResourceEntity.displayNameMap','   ');
Insert into LANGUAGE_MAPPING (ID,LANGUAGE_ID,REFERENCE_ID,REFERENCE_TYPE,TEXT_VALUE) values ('RUCUST_FIELD_EDIT_SEARCH_DESC','8','CUSTOM_FIELD_EDIT_SEARCH','ResourceEntity.displayNameMap','  ');
Insert into LANGUAGE_MAPPING (ID,LANGUAGE_ID,REFERENCE_ID,REFERENCE_TYPE,TEXT_VALUE) values ('RUCUST_FIELD_NEW_DSC','8','CUSTOM_FIELD_NEW','ResourceEntity.displayNameMap','   ');
Insert into LANGUAGE_MAPPING (ID,LANGUAGE_ID,REFERENCE_ID,REFERENCE_TYPE,TEXT_VALUE) values ('RUCUST_FIELD_ROOT_DESC','8','CUSTOM_FIELD_ROOT','ResourceEntity.displayNameMap',' ');
Insert into LANGUAGE_MAPPING (ID,LANGUAGE_ID,REFERENCE_ID,REFERENCE_TYPE,TEXT_VALUE) values ('RUCUST_FIELD_SEARCH_CHILD_DESC','8','CUSTOM_FIELD_SEARCH_CHILD','ResourceEntity.displayNameMap',' ');
Insert into LANGUAGE_MAPPING (ID,LANGUAGE_ID,REFERENCE_ID,REFERENCE_TYPE,TEXT_VALUE) values ('RUCUST_FIELD_SEARCH_DESC','8','CUSTOM_FIELD_SEARCH','ResourceEntity.displayNameMap','  ');
Insert into LANGUAGE_MAPPING (ID,LANGUAGE_ID,REFERENCE_ID,REFERENCE_TYPE,TEXT_VALUE) values ('RUDELG_FILTER_MENU_DISPLAY','8','DELG_FILTER','ResourceEntity.displayNameMap',' ');
Insert into LANGUAGE_MAPPING (ID,LANGUAGE_ID,REFERENCE_ID,REFERENCE_TYPE,TEXT_VALUE) values ('RUDIRECTORY_MENU_DISPLAY','8','DIRECTORY','ResourceEntity.displayNameMap','  ');
Insert into LANGUAGE_MAPPING (ID,LANGUAGE_ID,REFERENCE_ID,REFERENCE_TYPE,TEXT_VALUE) values ('RUEDIT_GROUP_DESC','8','EDIT_GROUP','ResourceEntity.displayNameMap',' ');
Insert into LANGUAGE_MAPPING (ID,LANGUAGE_ID,REFERENCE_ID,REFERENCE_TYPE,TEXT_VALUE) values ('RUEDIT_ORG_DESC','8','EDIT_ORG','ResourceEntity.displayNameMap',' ');
Insert into LANGUAGE_MAPPING (ID,LANGUAGE_ID,REFERENCE_ID,REFERENCE_TYPE,TEXT_VALUE) values ('RUEDIT_RESOURCE_DIS','8','EDIT_RESOURCE','ResourceEntity.displayNameMap',' ');
Insert into LANGUAGE_MAPPING (ID,LANGUAGE_ID,REFERENCE_ID,REFERENCE_TYPE,TEXT_VALUE) values ('RUEDIT_ROLE_DESC','8','EDIT_ROLE','ResourceEntity.displayNameMap',' ');
Insert into LANGUAGE_MAPPING (ID,LANGUAGE_ID,REFERENCE_ID,REFERENCE_TYPE,TEXT_VALUE) values ('RUGROUP_EDIT_MENU_DESC','8','GROUP_EDIT_MENU','ResourceEntity.displayNameMap','   ');
Insert into LANGUAGE_MAPPING (ID,LANGUAGE_ID,REFERENCE_ID,REFERENCE_TYPE,TEXT_VALUE) values ('RUGROUP_ENTITLEMENTS_DESC','8','GROUP_ENTITLEMENTS','ResourceEntity.displayNameMap',' ');
Insert into LANGUAGE_MAPPING (ID,LANGUAGE_ID,REFERENCE_ID,REFERENCE_TYPE,TEXT_VALUE) values ('RUGROUP_MENUS_DESC','8','GROUP_MENUS','ResourceEntity.displayNameMap','');
Insert into LANGUAGE_MAPPING (ID,LANGUAGE_ID,REFERENCE_ID,REFERENCE_TYPE,TEXT_VALUE) values ('RUSS_ACCESS_REVIEW_DESC','8','SELFSERV_ACCESS_REVIEW','ResourceEntity.displayNameMap',' ');
Insert into LANGUAGE_MAPPING (ID,LANGUAGE_ID,REFERENCE_ID,REFERENCE_TYPE,TEXT_VALUE) values ('RUREQUEST_APPROVAL_DESC','8','REQUEST_APPROVAL','ResourceEntity.displayNameMap',' ');
Insert into LANGUAGE_MAPPING (ID,LANGUAGE_ID,REFERENCE_ID,REFERENCE_TYPE,TEXT_VALUE) values ('RUSELFSERVICE_GROUPS_DN','8','SELFSERVICE_GROUPS','ResourceEntity.displayNameMap','');
Insert into LANGUAGE_MAPPING (ID,LANGUAGE_ID,REFERENCE_ID,REFERENCE_TYPE,TEXT_VALUE) values ('RUSELFSERVICE_ROLES_DN','8','SELFSERVICE_ROLES','ResourceEntity.displayNameMap','');
Insert into LANGUAGE_MAPPING (ID,LANGUAGE_ID,REFERENCE_ID,REFERENCE_TYPE,TEXT_VALUE) values ('RUSELFSERVICE_RESOURCES_DN','8','SELFSERVICE_RESOURCES','ResourceEntity.displayNameMap','');
Insert into LANGUAGE_MAPPING (ID,LANGUAGE_ID,REFERENCE_ID,REFERENCE_TYPE,TEXT_VALUE) values ('RUSS_ORG_BACK_SEARCH_DN','8','SS_ORG_BACK_SEARCH','ResourceEntity.displayNameMap','  ');
Insert into LANGUAGE_MAPPING (ID,LANGUAGE_ID,REFERENCE_ID,REFERENCE_TYPE,TEXT_VALUE) values ('RUSELFSRV_GRP_SRCH_ROOT_DESC','8','SELFSRV_GRP_SRCH_ROOT','ResourceEntity.displayNameMap','');
Insert into LANGUAGE_MAPPING (ID,LANGUAGE_ID,REFERENCE_ID,REFERENCE_TYPE,TEXT_VALUE) values ('RUSELFSERV_GRP_NEW_DN','8','SELFSERV_GRP_NEW','ResourceEntity.displayNameMap','  ');
Insert into LANGUAGE_MAPPING (ID,LANGUAGE_ID,REFERENCE_ID,REFERENCE_TYPE,TEXT_VALUE) values ('RUSELFSRV_GRP_EDIT_ROOT_DESC','8','SELFSRV_GRP_EDIT_ROOT','ResourceEntity.displayNameMap',' ');
Insert into LANGUAGE_MAPPING (ID,LANGUAGE_ID,REFERENCE_ID,REFERENCE_TYPE,TEXT_VALUE) values ('RUSELFSERV_GRP_EDIT_DN','8','SELFSERV_GRP_EDIT','ResourceEntity.displayNameMap',' ');
Insert into LANGUAGE_MAPPING (ID,LANGUAGE_ID,REFERENCE_ID,REFERENCE_TYPE,TEXT_VALUE) values ('RUSELFSERV_GRP_BACK_SRCH_DN','8','SELFSERV_GRP_BACK_SRCH','ResourceEntity.displayNameMap','  ');
Insert into LANGUAGE_MAPPING (ID,LANGUAGE_ID,REFERENCE_ID,REFERENCE_TYPE,TEXT_VALUE) values ('RUSELFSRV_ROLE_SRCH_ROOT_DN','8','SELFSRV_ROLE_SRCH_ROOT','ResourceEntity.displayNameMap','');
Insert into LANGUAGE_MAPPING (ID,LANGUAGE_ID,REFERENCE_ID,REFERENCE_TYPE,TEXT_VALUE) values ('RUSELFSERV_ROLE_NEW_DN','8','SELFSERV_ROLE_NEW','ResourceEntity.displayNameMap','  ');
Insert into LANGUAGE_MAPPING (ID,LANGUAGE_ID,REFERENCE_ID,REFERENCE_TYPE,TEXT_VALUE) values ('RUSELFSRV_ROLE_EDIT_ROOT_DESC','8','SELFSRV_ROLE_EDIT_ROOT','ResourceEntity.displayNameMap',' ');
Insert into LANGUAGE_MAPPING (ID,LANGUAGE_ID,REFERENCE_ID,REFERENCE_TYPE,TEXT_VALUE) values ('RUSELFSRV_ROLE_EDIT_DN','8','SELFSRV_ROLE_EDIT','ResourceEntity.displayNameMap',' ');
Insert into LANGUAGE_MAPPING (ID,LANGUAGE_ID,REFERENCE_ID,REFERENCE_TYPE,TEXT_VALUE) values ('RUSELFSRV_ROLE_BACK_SRCH_DN','8','SELFSRV_ROLE_BACK_SRCH','ResourceEntity.displayNameMap','  ');
Insert into LANGUAGE_MAPPING (ID,LANGUAGE_ID,REFERENCE_ID,REFERENCE_TYPE,TEXT_VALUE) values ('RUSELFSRV_RES_SRCH_ROOT_DN','8','SELFSRV_RES_SRCH_ROOT','ResourceEntity.displayNameMap','');
Insert into LANGUAGE_MAPPING (ID,LANGUAGE_ID,REFERENCE_ID,REFERENCE_TYPE,TEXT_VALUE) values ('RUSELFSRV_RES_NEW_DN','8','SELFSRV_RES_NEW','ResourceEntity.displayNameMap','  ');
Insert into LANGUAGE_MAPPING (ID,LANGUAGE_ID,REFERENCE_ID,REFERENCE_TYPE,TEXT_VALUE) values ('RUSELFSRV_RES_EDIT_ROOT_DESC','8','SELFSRV_RES_EDIT_ROOT','ResourceEntity.displayNameMap',' ');
Insert into LANGUAGE_MAPPING (ID,LANGUAGE_ID,REFERENCE_ID,REFERENCE_TYPE,TEXT_VALUE) values ('RUSELFSRV_RES_EDIT_DN','8','SELFSRV_RES_EDIT','ResourceEntity.displayNameMap',' ');
Insert into LANGUAGE_MAPPING (ID,LANGUAGE_ID,REFERENCE_ID,REFERENCE_TYPE,TEXT_VALUE) values ('RUSELFSRV_RES_BACK_SRCH_DN','8','SELFSRV_RES_BACK_SRCH','ResourceEntity.displayNameMap','  ');
Insert into LANGUAGE_MAPPING (ID,LANGUAGE_ID,REFERENCE_ID,REFERENCE_TYPE,TEXT_VALUE) values ('RUMENUS_SEARCH_DC','8','MENUS_SEARCH','ResourceEntity.displayNameMap','');
Insert into LANGUAGE_MAPPING (ID,LANGUAGE_ID,REFERENCE_ID,REFERENCE_TYPE,TEXT_VALUE) values ('RUUI_THEME_ROOT_DN','8','UI_THEME_ROOT','ResourceEntity.displayNameMap','   ');
Insert into LANGUAGE_MAPPING (ID,LANGUAGE_ID,REFERENCE_ID,REFERENCE_TYPE,TEXT_VALUE) values ('RUUI_THEME_ROOT_SRCH_DN','8','UI_THEME_ROOT_SRCH','ResourceEntity.displayNameMap','   ');
Insert into LANGUAGE_MAPPING (ID,LANGUAGE_ID,REFERENCE_ID,REFERENCE_TYPE,TEXT_VALUE) values ('RUNEW_UI_THEME_DN','8','NEW_UI_THEME','ResourceEntity.displayNameMap','   ');
Insert into LANGUAGE_MAPPING (ID,LANGUAGE_ID,REFERENCE_ID,REFERENCE_TYPE,TEXT_VALUE) values ('RUUI_THEME_EDIT_DN','8','UI_THEME_EDIT','ResourceEntity.displayNameMap','   ');
Insert into LANGUAGE_MAPPING (ID,LANGUAGE_ID,REFERENCE_ID,REFERENCE_TYPE,TEXT_VALUE) values ('RUUI_THEME_EDIT_MODIFY_DN','8','UI_THEME_EDIT_MODIFY','ResourceEntity.displayNameMap','   ');
Insert into LANGUAGE_MAPPING (ID,LANGUAGE_ID,REFERENCE_ID,REFERENCE_TYPE,TEXT_VALUE) values ('RUUI_THEMES_DN','8','UI_THEMES','ResourceEntity.displayNameMap','  ');
Insert into LANGUAGE_MAPPING (ID,LANGUAGE_ID,REFERENCE_ID,REFERENCE_TYPE,TEXT_VALUE) values ('RUSS_GRP_ENT_DN','8','SS_GRP_ENT','ResourceEntity.displayNameMap','');
Insert into LANGUAGE_MAPPING (ID,LANGUAGE_ID,REFERENCE_ID,REFERENCE_TYPE,TEXT_VALUE) values ('RUSS_ROLE_ENT_DN','8','SS_ROLE_ENT','ResourceEntity.displayNameMap','');
Insert into LANGUAGE_MAPPING (ID,LANGUAGE_ID,REFERENCE_ID,REFERENCE_TYPE,TEXT_VALUE) values ('RUSELFSERV_USER_EDIT_DESC','8','SELFSERV_USER_EDIT','ResourceEntity.displayNameMap',' ');
Insert into LANGUAGE_MAPPING (ID,LANGUAGE_ID,REFERENCE_ID,REFERENCE_TYPE,TEXT_VALUE) values ('RUSELFSERV_USER_MEMSHP_DES','8','SELFSERV_USER_MEMSHP','ResourceEntity.displayNameMap',' ');
Insert into LANGUAGE_MAPPING (ID,LANGUAGE_ID,REFERENCE_ID,REFERENCE_TYPE,TEXT_VALUE) values ('RUCHLLNG_RESP_QUESTION_DESC','8','CHALLENGE_RESPONSE_QUESTION','ResourceEntity.displayNameMap','   ');
Insert into LANGUAGE_MAPPING (ID,LANGUAGE_ID,REFERENCE_ID,REFERENCE_TYPE,TEXT_VALUE) values ('RUCHLLNG_RESP_QUEST_ROOT_DESC','8','CHALLENGE_RESPONSE_QUESTION_ROOT','ResourceEntity.displayNameMap','   ');
Insert into LANGUAGE_MAPPING (ID,LANGUAGE_ID,REFERENCE_ID,REFERENCE_TYPE,TEXT_VALUE) values ('RUCHLLNG_RESP_QUESTION_NEW_DSC','8','CHALLENGE_RESPONSE_QUESTION_NEW','ResourceEntity.displayNameMap','  ');
Insert into LANGUAGE_MAPPING (ID,LANGUAGE_ID,REFERENCE_ID,REFERENCE_TYPE,TEXT_VALUE) values ('RUSYNCUSER_EDIT_DESC','8','SYNCUSER_EDIT','ResourceEntity.displayNameMap',' ');
Insert into LANGUAGE_MAPPING (ID,LANGUAGE_ID,REFERENCE_ID,REFERENCE_TYPE,TEXT_VALUE) values ('RUSYNCUSER_POLICYMAP_DESC','8','SYNCUSER_POLICYMAP','ResourceEntity.displayNameMap',' ');
Insert into LANGUAGE_MAPPING (ID,LANGUAGE_ID,REFERENCE_ID,REFERENCE_TYPE,TEXT_VALUE) values ('RUWEB_REPORT_ROOT_DESC','8','WEB_REPORT_ROOT','ResourceEntity.displayNameMap','');
Insert into LANGUAGE_MAPPING (ID,LANGUAGE_ID,REFERENCE_ID,REFERENCE_TYPE,TEXT_VALUE) values ('RUWEB_REPORT_NEW_DSC','8','WEB_REPORT_NEW','ResourceEntity.displayNameMap','  ');
Insert into LANGUAGE_MAPPING (ID,LANGUAGE_ID,REFERENCE_ID,REFERENCE_TYPE,TEXT_VALUE) values ('RUCONF_POLICY_PAGE_DIS','8','CONF_POLICY_PAGE','ResourceEntity.displayNameMap',' IT-');
Insert into LANGUAGE_MAPPING (ID,LANGUAGE_ID,REFERENCE_ID,REFERENCE_TYPE,TEXT_VALUE) values ('RUORG_TYPE_SUBMENU_ROOT_DESC','8','ORG_TYPE_SUBMENU_ROOT','ResourceEntity.displayNameMap',' ');
Insert into LANGUAGE_MAPPING (ID,LANGUAGE_ID,REFERENCE_ID,REFERENCE_TYPE,TEXT_VALUE) values ('RUORG_TYPE_SUBMENU_EDIT_DESC','8','ORG_TYPE_SUBMENU_EDIT','ResourceEntity.displayNameMap','  ');
Insert into LANGUAGE_MAPPING (ID,LANGUAGE_ID,REFERENCE_ID,REFERENCE_TYPE,TEXT_VALUE) values ('RUORG_TYPE_SEARCH_DESC','8','ORG_TYPE_SEARCH','ResourceEntity.displayNameMap','  ');
Insert into LANGUAGE_MAPPING (ID,LANGUAGE_ID,REFERENCE_ID,REFERENCE_TYPE,TEXT_VALUE) values ('RUNEW_ORG_TYPE_DESC','8','NEW_ORG_TYPE','ResourceEntity.displayNameMap','  ');
Insert into LANGUAGE_MAPPING (ID,LANGUAGE_ID,REFERENCE_ID,REFERENCE_TYPE,TEXT_VALUE) values ('RUEDIT_ORG_MEMBERSHIP_DESC','8','EDIT_ORG_MEMBERSHIP','ResourceEntity.displayNameMap',' ');
Insert into LANGUAGE_MAPPING (ID,LANGUAGE_ID,REFERENCE_ID,REFERENCE_TYPE,TEXT_VALUE) values ('RUORG_TYPE_EDIT_SEARCH_DESC','8','ORG_TYPE_EDIT_SEARCH','ResourceEntity.displayNameMap','  ');
Insert into LANGUAGE_MAPPING (ID,LANGUAGE_ID,REFERENCE_ID,REFERENCE_TYPE,TEXT_VALUE) values ('RUEDIT_ORG_TYPE_IDMAN_DESC','8','EDIT_ORG_TYPE_IDMAN','ResourceEntity.displayNameMap',' ');
Insert into LANGUAGE_MAPPING (ID,LANGUAGE_ID,REFERENCE_ID,REFERENCE_TYPE,TEXT_VALUE) values ('RUSUP_SUB_PAGE_DIS','8','SUP_SUB_PAGE','ResourceEntity.displayNameMap','  ');
Insert into LANGUAGE_MAPPING (ID,LANGUAGE_ID,REFERENCE_ID,REFERENCE_TYPE,TEXT_VALUE) values ('RUSEARCH_BATCH_NEW_DESC','8','SEARCH_BATCH_NEW','ResourceEntity.displayNameMap','  ');
Insert into LANGUAGE_MAPPING (ID,LANGUAGE_ID,REFERENCE_ID,REFERENCE_TYPE,TEXT_VALUE) values ('RUNEW_BATCH_TASK_DESC','8','NEW_BATCH_TASK','ResourceEntity.displayNameMap','  ');
Insert into LANGUAGE_MAPPING (ID,LANGUAGE_ID,REFERENCE_ID,REFERENCE_TYPE,TEXT_VALUE) values ('RUBATCH_TASK_EDIT_DESC','8','BATCH_TASK_EDIT','ResourceEntity.displayNameMap','  ');
Insert into LANGUAGE_MAPPING (ID,LANGUAGE_ID,REFERENCE_ID,REFERENCE_TYPE,TEXT_VALUE) values ('RUSEARCH_BATCH_EDIT_DESC','8','SEARCH_BATCH_EDIT','ResourceEntity.displayNameMap','  ');
Insert into LANGUAGE_MAPPING (ID,LANGUAGE_ID,REFERENCE_ID,REFERENCE_TYPE,TEXT_VALUE) values ('RUADMIN_BATCH_TASKS_DESC','8','ADMIN_BATCH_TASKS','ResourceEntity.displayNameMap',' ');
Insert into LANGUAGE_MAPPING (ID,LANGUAGE_ID,REFERENCE_ID,REFERENCE_TYPE,TEXT_VALUE) values ('RUDIR_LOOKUP_PAGE_DIS','8','DIR_LOOKUP_PAGE','ResourceEntity.displayNameMap','  ');
Insert into LANGUAGE_MAPPING (ID,LANGUAGE_ID,REFERENCE_ID,REFERENCE_TYPE,TEXT_VALUE) values ('RUMANUALRECON_DESC','8','MANUALRECON','ResourceEntity.displayNameMap','Reconciliation ');
Insert into LANGUAGE_MAPPING (ID,LANGUAGE_ID,REFERENCE_ID,REFERENCE_TYPE,TEXT_VALUE) values ('RUSUBSCRIBE_MENU_DESC','8','SUBSCRIBE','ResourceEntity.displayNameMap','');
Insert into LANGUAGE_MAPPING (ID,LANGUAGE_ID,REFERENCE_ID,REFERENCE_TYPE,TEXT_VALUE) values ('RUVIEW_MENU_DESC','8','VIEW','ResourceEntity.displayNameMap','');
Insert into LANGUAGE_MAPPING (ID,LANGUAGE_ID,REFERENCE_ID,REFERENCE_TYPE,TEXT_VALUE) values ('RUSELF_SUB_REPORT_NEW_DSC','8','SELF_SUB_REPORT_NEW','ResourceEntity.displayNameMap','  ');
Insert into LANGUAGE_MAPPING (ID,LANGUAGE_ID,REFERENCE_ID,REFERENCE_TYPE,TEXT_VALUE) values ('RUSELF_VIEW_REPORT_ROOT_DESC','8','SELF_VIEW_REPORT_ROOT','ResourceEntity.displayNameMap',' ');
Insert into LANGUAGE_MAPPING (ID,LANGUAGE_ID,REFERENCE_ID,REFERENCE_TYPE,TEXT_VALUE) values ('RUSELF_VIEW_REPORT_NEW_DSC','8','SELF_VIEW_REPORT_NEW','ResourceEntity.displayNameMap','   ');
Insert into LANGUAGE_MAPPING (ID,LANGUAGE_ID,REFERENCE_ID,REFERENCE_TYPE,TEXT_VALUE) values ('RUSELFSERVE_SUP_SUB_DESC','8','SELFSERVE_SUP_SUB','ResourceEntity.displayNameMap','  ');
Insert into LANGUAGE_MAPPING (ID,LANGUAGE_ID,REFERENCE_ID,REFERENCE_TYPE,TEXT_VALUE) values ('RUSELFSER_USER_LOGIN_DESC','8','SELFSER_USER_LOGIN','ResourceEntity.displayNameMap','');
Insert into LANGUAGE_MAPPING (ID,LANGUAGE_ID,REFERENCE_ID,REFERENCE_TYPE,TEXT_VALUE) values ('RUACCESSCENTER_MENU_DISPLAY','8','ACCESSCENTER','ResourceEntity.displayNameMap',' ');
Insert into LANGUAGE_MAPPING (ID,LANGUAGE_ID,REFERENCE_ID,REFERENCE_TYPE,TEXT_VALUE) values ('RUWEB_REPORT_DESC','8','WEB_REPORT','ResourceEntity.displayNameMap','');
Insert into LANGUAGE_MAPPING (ID,LANGUAGE_ID,REFERENCE_ID,REFERENCE_TYPE,TEXT_VALUE) values ('RUSELFSERVICE_REPORT_DESC','8','SELFSERVICE_REPORT','ResourceEntity.displayNameMap','');
Insert into LANGUAGE_MAPPING (ID,LANGUAGE_ID,REFERENCE_ID,REFERENCE_TYPE,TEXT_VALUE) values ('RUSS_ACC_MNGMNT_ORG_DESC','8','SELFSRVS_ACCESS_MNGMNT_ORG','ResourceEntity.displayNameMap','');
Insert into LANGUAGE_MAPPING (ID,LANGUAGE_ID,REFERENCE_ID,REFERENCE_TYPE,TEXT_VALUE) values ('RUSS_ACC_MNGMNT_ORG_NEW_DESC','8','SELF_SUB_ORGS_NEW','ResourceEntity.displayNameMap',' ');
Insert into LANGUAGE_MAPPING (ID,LANGUAGE_ID,REFERENCE_ID,REFERENCE_TYPE,TEXT_VALUE) values ('RUSS_ACC_MG_ORG_SEARCH_DESC','8','SELF_SUB_ORGS_SEARCH','ResourceEntity.displayNameMap',' ');
Insert into LANGUAGE_MAPPING (ID,LANGUAGE_ID,REFERENCE_ID,REFERENCE_TYPE,TEXT_VALUE) values ('RUSYNCLOG_ADMIN_DESC','8','SYNCLOG','ResourceEntity.displayNameMap',' ');
Insert into LANGUAGE_MAPPING (ID,LANGUAGE_ID,REFERENCE_ID,REFERENCE_TYPE,TEXT_VALUE) values ('RUACC_CONTROL_MENU_DISPLAY','8','ACC_CONTROL','ResourceEntity.displayNameMap',' ');
Insert into LANGUAGE_MAPPING (ID,LANGUAGE_ID,REFERENCE_ID,REFERENCE_TYPE,TEXT_VALUE) values ('RUElementMigrate101','8','101','MetadataElementEntity.languageMap','Display Name');
Insert into LANGUAGE_MAPPING (ID,LANGUAGE_ID,REFERENCE_ID,REFERENCE_TYPE,TEXT_VALUE) values ('RUElementMigrate104','8','104','MetadataElementEntity.languageMap','Preferred Language');
Insert into LANGUAGE_MAPPING (ID,LANGUAGE_ID,REFERENCE_ID,REFERENCE_TYPE,TEXT_VALUE) values ('RUElementMigrate105','8','105','MetadataElementEntity.languageMap','VehicleLicense');
Insert into LANGUAGE_MAPPING (ID,LANGUAGE_ID,REFERENCE_ID,REFERENCE_TYPE,TEXT_VALUE) values ('RUElementMigrate106','8','106','MetadataElementEntity.languageMap','Given Name');
Insert into LANGUAGE_MAPPING (ID,LANGUAGE_ID,REFERENCE_ID,REFERENCE_TYPE,TEXT_VALUE) values ('RUElementMigrate107','8','107','MetadataElementEntity.languageMap','LabeledURI');
Insert into LANGUAGE_MAPPING (ID,LANGUAGE_ID,REFERENCE_ID,REFERENCE_TYPE,TEXT_VALUE) values ('RUElementMigrate108','8','108','MetadataElementEntity.languageMap','Initials');
Insert into LANGUAGE_MAPPING (ID,LANGUAGE_ID,REFERENCE_ID,REFERENCE_TYPE,TEXT_VALUE) values ('RUElementMigrate110','8','110','MetadataElementEntity.languageMap','BusinessCategory');
Insert into LANGUAGE_MAPPING (ID,LANGUAGE_ID,REFERENCE_ID,REFERENCE_TYPE,TEXT_VALUE) values ('RUElementMigrate131','8','131','MetadataElementEntity.languageMap','Display Name');
Insert into LANGUAGE_MAPPING (ID,LANGUAGE_ID,REFERENCE_ID,REFERENCE_TYPE,TEXT_VALUE) values ('RUElementMigrate134','8','134','MetadataElementEntity.languageMap','Preferred Language');
Insert into LANGUAGE_MAPPING (ID,LANGUAGE_ID,REFERENCE_ID,REFERENCE_TYPE,TEXT_VALUE) values ('RUElementMigrate135','8','135','MetadataElementEntity.languageMap','VehicleLicense');
Insert into LANGUAGE_MAPPING (ID,LANGUAGE_ID,REFERENCE_ID,REFERENCE_TYPE,TEXT_VALUE) values ('RUElementMigrate136','8','136','MetadataElementEntity.languageMap','Given Name');
Insert into LANGUAGE_MAPPING (ID,LANGUAGE_ID,REFERENCE_ID,REFERENCE_TYPE,TEXT_VALUE) values ('RUElementMigrate137','8','137','MetadataElementEntity.languageMap','LabeledURI');
Insert into LANGUAGE_MAPPING (ID,LANGUAGE_ID,REFERENCE_ID,REFERENCE_TYPE,TEXT_VALUE) values ('RUElementMigrate138','8','138','MetadataElementEntity.languageMap','Initials');
Insert into LANGUAGE_MAPPING (ID,LANGUAGE_ID,REFERENCE_ID,REFERENCE_TYPE,TEXT_VALUE) values ('RUElementMigrate140','8','140','MetadataElementEntity.languageMap','Display Name');
Insert into LANGUAGE_MAPPING (ID,LANGUAGE_ID,REFERENCE_ID,REFERENCE_TYPE,TEXT_VALUE) values ('RUElementMigrate150','8','150','MetadataElementEntity.languageMap','Display Name');
Insert into LANGUAGE_MAPPING (ID,LANGUAGE_ID,REFERENCE_ID,REFERENCE_TYPE,TEXT_VALUE) values ('RUElementMigrate160','8','160','MetadataElementEntity.languageMap','Display Name');
Insert into LANGUAGE_MAPPING (ID,LANGUAGE_ID,REFERENCE_ID,REFERENCE_TYPE,TEXT_VALUE) values ('RUElementMigrate260','8','260','MetadataElementEntity.languageMap','BusinessCategory');
Insert into LANGUAGE_MAPPING (ID,LANGUAGE_ID,REFERENCE_ID,REFERENCE_TYPE,TEXT_VALUE) values ('RUElementMigrate261','8','261','MetadataElementEntity.languageMap','StartDate');
Insert into LANGUAGE_MAPPING (ID,LANGUAGE_ID,REFERENCE_ID,REFERENCE_TYPE,TEXT_VALUE) values ('RUElementMigrate262','8','262','MetadataElementEntity.languageMap','EndDate');
Insert into LANGUAGE_MAPPING (ID,LANGUAGE_ID,REFERENCE_ID,REFERENCE_TYPE,TEXT_VALUE) values ('RUElementMigrate300','8','300','MetadataElementEntity.languageMap','name');
Insert into LANGUAGE_MAPPING (ID,LANGUAGE_ID,REFERENCE_ID,REFERENCE_TYPE,TEXT_VALUE) values ('RUElementMigrate301','8','301','MetadataElementEntity.languageMap','distinguishedName');
Insert into LANGUAGE_MAPPING (ID,LANGUAGE_ID,REFERENCE_ID,REFERENCE_TYPE,TEXT_VALUE) values ('RUElementMigrate302','8','302','MetadataElementEntity.languageMap','objectclass');
Insert into LANGUAGE_MAPPING (ID,LANGUAGE_ID,REFERENCE_ID,REFERENCE_TYPE,TEXT_VALUE) values ('RUElementMigrate303','8','303','MetadataElementEntity.languageMap','aliasedObjectName');
Insert into LANGUAGE_MAPPING (ID,LANGUAGE_ID,REFERENCE_ID,REFERENCE_TYPE,TEXT_VALUE) values ('RUElementMigrate304','8','304','MetadataElementEntity.languageMap','cn');
Insert into LANGUAGE_MAPPING (ID,LANGUAGE_ID,REFERENCE_ID,REFERENCE_TYPE,TEXT_VALUE) values ('RUElementMigrate305','8','305','MetadataElementEntity.languageMap','sn');
Insert into LANGUAGE_MAPPING (ID,LANGUAGE_ID,REFERENCE_ID,REFERENCE_TYPE,TEXT_VALUE) values ('RUElementMigrate306','8','306','MetadataElementEntity.languageMap','serialNumber');
Insert into LANGUAGE_MAPPING (ID,LANGUAGE_ID,REFERENCE_ID,REFERENCE_TYPE,TEXT_VALUE) values ('RUElementMigrate307','8','307','MetadataElementEntity.languageMap','c');
Insert into LANGUAGE_MAPPING (ID,LANGUAGE_ID,REFERENCE_ID,REFERENCE_TYPE,TEXT_VALUE) values ('RUElementMigrate308','8','308','MetadataElementEntity.languageMap','l');
Insert into LANGUAGE_MAPPING (ID,LANGUAGE_ID,REFERENCE_ID,REFERENCE_TYPE,TEXT_VALUE) values ('RUElementMigrate309','8','309','MetadataElementEntity.languageMap','st');
Insert into LANGUAGE_MAPPING (ID,LANGUAGE_ID,REFERENCE_ID,REFERENCE_TYPE,TEXT_VALUE) values ('RUElementMigrate310','8','310','MetadataElementEntity.languageMap','street');
Insert into LANGUAGE_MAPPING (ID,LANGUAGE_ID,REFERENCE_ID,REFERENCE_TYPE,TEXT_VALUE) values ('RUElementMigrate311','8','311','MetadataElementEntity.languageMap','o');
Insert into LANGUAGE_MAPPING (ID,LANGUAGE_ID,REFERENCE_ID,REFERENCE_TYPE,TEXT_VALUE) values ('RUElementMigrate312','8','312','MetadataElementEntity.languageMap','ou');
Insert into LANGUAGE_MAPPING (ID,LANGUAGE_ID,REFERENCE_ID,REFERENCE_TYPE,TEXT_VALUE) values ('RUElementMigrate313','8','313','MetadataElementEntity.languageMap','title');
Insert into LANGUAGE_MAPPING (ID,LANGUAGE_ID,REFERENCE_ID,REFERENCE_TYPE,TEXT_VALUE) values ('RUElementMigrate314','8','314','MetadataElementEntity.languageMap','description');
Insert into LANGUAGE_MAPPING (ID,LANGUAGE_ID,REFERENCE_ID,REFERENCE_TYPE,TEXT_VALUE) values ('RUElementMigrate315','8','315','MetadataElementEntity.languageMap','businessCategory');
Insert into LANGUAGE_MAPPING (ID,LANGUAGE_ID,REFERENCE_ID,REFERENCE_TYPE,TEXT_VALUE) values ('RUElementMigrate316','8','316','MetadataElementEntity.languageMap','postalAddress');
Insert into LANGUAGE_MAPPING (ID,LANGUAGE_ID,REFERENCE_ID,REFERENCE_TYPE,TEXT_VALUE) values ('RUElementMigrate317','8','317','MetadataElementEntity.languageMap','postalCode');
Insert into LANGUAGE_MAPPING (ID,LANGUAGE_ID,REFERENCE_ID,REFERENCE_TYPE,TEXT_VALUE) values ('RUElementMigrate318','8','318','MetadataElementEntity.languageMap','postOfficeBox');
Insert into LANGUAGE_MAPPING (ID,LANGUAGE_ID,REFERENCE_ID,REFERENCE_TYPE,TEXT_VALUE) values ('RUElementMigrate319','8','319','MetadataElementEntity.languageMap','physicalDeliveryOfficeName');
Insert into LANGUAGE_MAPPING (ID,LANGUAGE_ID,REFERENCE_ID,REFERENCE_TYPE,TEXT_VALUE) values ('RUElementMigrate320','8','320','MetadataElementEntity.languageMap','telephoneNumber');
Insert into LANGUAGE_MAPPING (ID,LANGUAGE_ID,REFERENCE_ID,REFERENCE_TYPE,TEXT_VALUE) values ('RUElementMigrate321','8','321','MetadataElementEntity.languageMap','telexNumber');
Insert into LANGUAGE_MAPPING (ID,LANGUAGE_ID,REFERENCE_ID,REFERENCE_TYPE,TEXT_VALUE) values ('RUElementMigrate322','8','322','MetadataElementEntity.languageMap','teletexTerminalIdentifier');
Insert into LANGUAGE_MAPPING (ID,LANGUAGE_ID,REFERENCE_ID,REFERENCE_TYPE,TEXT_VALUE) values ('RUElementMigrate323','8','323','MetadataElementEntity.languageMap','facsimileTelephoneNumber');
Insert into LANGUAGE_MAPPING (ID,LANGUAGE_ID,REFERENCE_ID,REFERENCE_TYPE,TEXT_VALUE) values ('RUElementMigrate324','8','324','MetadataElementEntity.languageMap','x121Address');
Insert into LANGUAGE_MAPPING (ID,LANGUAGE_ID,REFERENCE_ID,REFERENCE_TYPE,TEXT_VALUE) values ('RUElementMigrate325','8','325','MetadataElementEntity.languageMap','internationaliSDNNumber');
Insert into LANGUAGE_MAPPING (ID,LANGUAGE_ID,REFERENCE_ID,REFERENCE_TYPE,TEXT_VALUE) values ('RUUSER_EDIT_INFO_DESC','8','USER_EDIT_INFO','ResourceEntity.displayNameMap','  ');
Insert into LANGUAGE_MAPPING (ID,LANGUAGE_ID,REFERENCE_ID,REFERENCE_TYPE,TEXT_VALUE) values ('RUUSER_EDIT_MENU_DESC','8','USER_EDIT_MENU','ResourceEntity.displayNameMap','  -  ');
Insert into LANGUAGE_MAPPING (ID,LANGUAGE_ID,REFERENCE_ID,REFERENCE_TYPE,TEXT_VALUE) values ('RUUSER_ENTITLEMENTS_DESC','8','USER_ENTITLEMENTS','ResourceEntity.displayNameMap',' ');
Insert into LANGUAGE_MAPPING (ID,LANGUAGE_ID,REFERENCE_ID,REFERENCE_TYPE,TEXT_VALUE) values ('RUUSER_IDENTITY_DESC','8','USER_IDENTITY','ResourceEntity.displayNameMap',' ');
Insert into LANGUAGE_MAPPING (ID,LANGUAGE_ID,REFERENCE_ID,REFERENCE_TYPE,TEXT_VALUE) values ('RUUSER_MENUS_DESC','8','USER_MENUS','ResourceEntity.displayNameMap','');
Insert into LANGUAGE_MAPPING (ID,LANGUAGE_ID,REFERENCE_ID,REFERENCE_TYPE,TEXT_VALUE) values ('RUUSER_MENU_DESC','8','USER','ResourceEntity.displayNameMap','');
Insert into LANGUAGE_MAPPING (ID,LANGUAGE_ID,REFERENCE_ID,REFERENCE_TYPE,TEXT_VALUE) values ('RUUSER_ROOT_MENU_DESC','8','USER_ROOT_MENU','ResourceEntity.displayNameMap','');
Insert into LANGUAGE_MAPPING (ID,LANGUAGE_ID,REFERENCE_ID,REFERENCE_TYPE,TEXT_VALUE) values ('RUUSER_SEARCH_DESC','8','USER_SEARCH','ResourceEntity.displayNameMap',' ');
Insert into LANGUAGE_MAPPING (ID,LANGUAGE_ID,REFERENCE_ID,REFERENCE_TYPE,TEXT_VALUE) values ('RUSYNCUSER_DESC','8','SYNCUSER_MENU_ITEM','ResourceEntity.displayNameMap','');
Insert into LANGUAGE_MAPPING (ID,LANGUAGE_ID,REFERENCE_ID,REFERENCE_TYPE,TEXT_VALUE) values ('RUSYNCUSER_NEW_DESC','8','SYNCUSER_NEW','ResourceEntity.displayNameMap',' ');
Insert into LANGUAGE_MAPPING (ID,LANGUAGE_ID,REFERENCE_ID,REFERENCE_TYPE,TEXT_VALUE) values ('RUMNGSYS_EDIT_DESC','8','MNGSYS_EDIT','ResourceEntity.displayNameMap','  ');
Insert into LANGUAGE_MAPPING (ID,LANGUAGE_ID,REFERENCE_ID,REFERENCE_TYPE,TEXT_VALUE) values ('RUPOLICY_ROOT_MENU_DESC','8','PASSWORD_POLICY_ROOT_MENU','ResourceEntity.displayNameMap',' ');
Insert into LANGUAGE_MAPPING (ID,LANGUAGE_ID,REFERENCE_ID,REFERENCE_TYPE,TEXT_VALUE) values ('RUNEW_PASSWORD_POLICY_DESC','8','NEW_PASSWORD_POLICY','ResourceEntity.displayNameMap','   ');
Insert into LANGUAGE_MAPPING (ID,LANGUAGE_ID,REFERENCE_ID,REFERENCE_TYPE,TEXT_VALUE) values ('RUAUTH_POLICY_MENU_DESC','8','AUTHENTICATION_POLICY','ResourceEntity.displayNameMap',' ');
Insert into LANGUAGE_MAPPING (ID,LANGUAGE_ID,REFERENCE_ID,REFERENCE_TYPE,TEXT_VALUE) values ('RUAUTH_POLICY_ROOT_MENU_DESC','8','AUTHENTICATION_POLICY_ROOT_MENU','ResourceEntity.displayNameMap',' ');
Insert into LANGUAGE_MAPPING (ID,LANGUAGE_ID,REFERENCE_ID,REFERENCE_TYPE,TEXT_VALUE) values ('RUASSOC_POLICY_DESC','8','ASSOC_POLICY','ResourceEntity.displayNameMap',' ');
Insert into LANGUAGE_MAPPING (ID,LANGUAGE_ID,REFERENCE_ID,REFERENCE_TYPE,TEXT_VALUE) values ('RUPASSWORD_POLICY_EDIT_DESC','8','PASSWORD_POLICY_EDIT','ResourceEntity.displayNameMap','  -  ');
Insert into LANGUAGE_MAPPING (ID,LANGUAGE_ID,REFERENCE_ID,REFERENCE_TYPE,TEXT_VALUE) values ('RUUPLOAD_CUST_PSWD_POLICY_DESC','8','UPLOAD_CUST_PSWD_POLICY','ResourceEntity.displayNameMap','  ');
Insert into LANGUAGE_MAPPING (ID,LANGUAGE_ID,REFERENCE_ID,REFERENCE_TYPE,TEXT_VALUE) values ('RUATTRIBUTE_POLICY_DESC','8','ATTRIBUTE_POLICY','ResourceEntity.displayNameMap',' ');
Insert into LANGUAGE_MAPPING (ID,LANGUAGE_ID,REFERENCE_ID,REFERENCE_TYPE,TEXT_VALUE) values ('RUPOLICY_ATTR_ROOT_DESC','8','POLICY_ATTR_ROOT','ResourceEntity.displayNameMap',' ');
Insert into LANGUAGE_MAPPING (ID,LANGUAGE_ID,REFERENCE_ID,REFERENCE_TYPE,TEXT_VALUE) values ('RUNEW_POLICY_ATTR_DESC','8','NEW_POLICY_ATTR','ResourceEntity.displayNameMap','  ');
Insert into LANGUAGE_MAPPING (ID,LANGUAGE_ID,REFERENCE_ID,REFERENCE_TYPE,TEXT_VALUE) values ('RUEDIT_POL_ATTR_SRCH_BCK_DESC','8','EDIT_POLICY_ATTR_SRCH_BCK','ResourceEntity.displayNameMap','  ');
Insert into LANGUAGE_MAPPING (ID,LANGUAGE_ID,REFERENCE_ID,REFERENCE_TYPE,TEXT_VALUE) values ('RURES_APROVER_ASSOC_DN','8','RES_APROVER_ASSOC','ResourceEntity.displayNameMap','  ');
Insert into LANGUAGE_MAPPING (ID,LANGUAGE_ID,REFERENCE_ID,REFERENCE_TYPE,TEXT_VALUE) values ('RUGRP_APROVER_ASSOC_DN','8','GRP_APROVER_ASSOC','ResourceEntity.displayNameMap','  ');
Insert into LANGUAGE_MAPPING (ID,LANGUAGE_ID,REFERENCE_ID,REFERENCE_TYPE,TEXT_VALUE) values ('RUROLE_APROVER_ASSOC_DN','8','ROLE_APROVER_ASSOC','ResourceEntity.displayNameMap','  ');
Insert into LANGUAGE_MAPPING (ID,LANGUAGE_ID,REFERENCE_ID,REFERENCE_TYPE,TEXT_VALUE) values ('RUSYNCLOG_DESC','8','SYNCLOG_MENU_ITEM','ResourceEntity.displayNameMap','   ');
Insert into LANGUAGE_MAPPING (ID,LANGUAGE_ID,REFERENCE_ID,REFERENCE_TYPE,TEXT_VALUE) values ('RUMNGSYSRULES_DESC','8','MNGSYSRULES','ResourceEntity.displayNameMap','  ');
Insert into LANGUAGE_MAPPING (ID,LANGUAGE_ID,REFERENCE_ID,REFERENCE_TYPE,TEXT_VALUE) values ('RUSELF_SUB_REPORT_ROOT_DESC','8','SELF_SUB_REPORT_ROOT','ResourceEntity.displayNameMap','  ');
Insert into LANGUAGE_MAPPING (ID,LANGUAGE_ID,REFERENCE_ID,REFERENCE_TYPE,TEXT_VALUE) values ('RUSELFSER_USER_NEW_LOGIN_DESC','8','SELFSER_USER_NEW_LOGIN','ResourceEntity.displayNameMap','  ');
Insert into LANGUAGE_MAPPING (ID,LANGUAGE_ID,REFERENCE_ID,REFERENCE_TYPE,TEXT_VALUE) values ('RUSS_ACC_MNGMNT_ORG_EDIT_DESC','8','SELF_SUB_ORGS_EDIT','ResourceEntity.displayNameMap',' ');
Insert into LANGUAGE_MAPPING (ID,LANGUAGE_ID,REFERENCE_ID,REFERENCE_TYPE,TEXT_VALUE) values ('RUADMIN_MENU_DISPLAY','8','ADMIN','ResourceEntity.displayNameMap','');
Insert into LANGUAGE_MAPPING (ID,LANGUAGE_ID,REFERENCE_ID,REFERENCE_TYPE,TEXT_VALUE) values ('RUAM_PROV_EDIT_SEARCH_DESC','8','AM_PROV_EDIT_SEARCH','ResourceEntity.displayNameMap','  ');
Insert into LANGUAGE_MAPPING (ID,LANGUAGE_ID,REFERENCE_ID,REFERENCE_TYPE,TEXT_VALUE) values ('RUORG_APROVER_ASSOC_DN','8','ORG_APROVER_ASSOC','ResourceEntity.displayNameMap','  ');
Insert into LANGUAGE_MAPPING (ID,LANGUAGE_ID,REFERENCE_ID,REFERENCE_TYPE,TEXT_VALUE) values ('RUUI_THEME_BACK_SRCH_DN','8','UI_THEME_BACK_SRCH','ResourceEntity.displayNameMap','  ');
Insert into LANGUAGE_MAPPING (ID,LANGUAGE_ID,REFERENCE_ID,REFERENCE_TYPE,TEXT_VALUE) values ('RUSS_RES_ENT_DN','8','SS_RES_ENT','ResourceEntity.displayNameMap','');
Insert into LANGUAGE_MAPPING (ID,LANGUAGE_ID,REFERENCE_ID,REFERENCE_TYPE,TEXT_VALUE) values ('RUMETA_TYPE_SEARCH_DESC','8','META_TYPE_SEARCH','ResourceEntity.displayNameMap','  ');
Insert into LANGUAGE_MAPPING (ID,LANGUAGE_ID,REFERENCE_ID,REFERENCE_TYPE,TEXT_VALUE) values ('RUNEW_AUTH_LVL_GRP_DN','8','NEW_AUTH_LVL_GRP','ResourceEntity.displayNameMap','  ');
Insert into LANGUAGE_MAPPING (ID,LANGUAGE_ID,REFERENCE_ID,REFERENCE_TYPE,TEXT_VALUE) values ('RUIMPERSIONATION_MENU_DESC','8','IMPERSIONATION_MENU','ResourceEntity.displayNameMap','');
Insert into LANGUAGE_MAPPING (ID,LANGUAGE_ID,REFERENCE_ID,REFERENCE_TYPE,TEXT_VALUE) values ('RUIDMAN_MENU_DISPLAY','8','IDMAN','ResourceEntity.displayNameMap','-');
Insert into LANGUAGE_MAPPING (ID,LANGUAGE_ID,REFERENCE_ID,REFERENCE_TYPE,TEXT_VALUE) values ('RUURI_PATTERN_EDTPROVSEARCHDESC','8','URI_PATTERN_EDT_PROV_SEARCH','ResourceEntity.displayNameMap',' -');
Insert into LANGUAGE_MAPPING (ID,LANGUAGE_ID,REFERENCE_ID,REFERENCE_TYPE,TEXT_VALUE) values ('RUUSER_HISTORY_DESC','8','USER_HISTORY','ResourceEntity.displayNameMap',' ');
Insert into LANGUAGE_MAPPING (ID,LANGUAGE_ID,REFERENCE_ID,REFERENCE_TYPE,TEXT_VALUE) values ('RUUSER_RESET_PASSWORD_DESC','8','USER_RESET_PASSWORD','ResourceEntity.displayNameMap',' ');
Insert into LANGUAGE_MAPPING (ID,LANGUAGE_ID,REFERENCE_ID,REFERENCE_TYPE,TEXT_VALUE) values ('RUPOLICY_MENU_DESC','8','PASSWORD_POLICY','ResourceEntity.displayNameMap',' ');
Insert into LANGUAGE_MAPPING (ID,LANGUAGE_ID,REFERENCE_ID,REFERENCE_TYPE,TEXT_VALUE) values ('RUNEW_AUTH_POLICY_DESC','8','NEW_AUTHENTICATION_POLICY','ResourceEntity.displayNameMap','    ');
Insert into LANGUAGE_MAPPING (ID,LANGUAGE_ID,REFERENCE_ID,REFERENCE_TYPE,TEXT_VALUE) values ('RUPOLICY_ATTR_EDIT_ROOT_DESC','8','POLICY_ATTR_EDIT_ROOT','ResourceEntity.displayNameMap','  ');
Insert into LANGUAGE_MAPPING (ID,LANGUAGE_ID,REFERENCE_ID,REFERENCE_TYPE,TEXT_VALUE) values ('RUSS_USR_EDIT_RT_DESC','8','SELFSERV_USER_EDIT_ROOT','ResourceEntity.displayNameMap',' ');
Insert into LANGUAGE_MAPPING (ID,LANGUAGE_ID,REFERENCE_ID,REFERENCE_TYPE,TEXT_VALUE) values ('RUMNG_SYS_VIEWER_DESC','8','MNG_SYS_VIEWER','ResourceEntity.displayNameMap','  ');
Insert into LANGUAGE_MAPPING (ID,LANGUAGE_ID,REFERENCE_ID,REFERENCE_TYPE,TEXT_VALUE) values ('RUDEFAULT_USER_TYPE','8','DEFAULT_USER','MetadataTypeEntity.displayNameMap','  ');
Insert into LANGUAGE_MAPPING (ID,LANGUAGE_ID,REFERENCE_ID,REFERENCE_TYPE,TEXT_VALUE) values ('RUINTERNAL_USER_TYPE','8','INTERNAL_USER','MetadataTypeEntity.displayNameMap',' ');
Insert into LANGUAGE_MAPPING (ID,LANGUAGE_ID,REFERENCE_ID,REFERENCE_TYPE,TEXT_VALUE) values ('RUMETA_TYPE_EDIT_RETURN_DESC','8','META_TYPE_EDIT_RETURN','ResourceEntity.displayNameMap','   ');
INSERT INTO LANGUAGE_MAPPING (ID,LANGUAGE_ID,REFERENCE_ID,REFERENCE_TYPE,TEXT_VALUE) VALUES ('RULanguageEntity2','8','2','LanguageEntity.displayNameMap','');

INSERT INTO LANGUAGE_MAPPING (ID,LANGUAGE_ID,REFERENCE_ID,REFERENCE_TYPE,TEXT_VALUE) VALUES ('LanguageEntity8','1','8','LanguageEntity.displayNameMap','Russian');
INSERT INTO LANGUAGE_MAPPING (ID,LANGUAGE_ID,REFERENCE_ID,REFERENCE_TYPE,TEXT_VALUE) VALUES ('ESLanguageEntity8','4','8','LanguageEntity.displayNameMap','Ruso');
INSERT INTO LANGUAGE_MAPPING (ID,LANGUAGE_ID,REFERENCE_ID,REFERENCE_TYPE,TEXT_VALUE) VALUES ('DELanguageEntity8','2','8','LanguageEntity.displayNameMap','Russisch');

DELETE FROM LANGUAGE_LOCALE WHERE LOCALE='en_GB';


delete from RESOURCE_GROUP where RESOURCE_ID='UPLOAD_CUST_PSWD_POLICY';
delete from RESOURCE_ROLE where RESOURCE_ID='UPLOAD_CUST_PSWD_POLICY';
delete from RESOURCE_USER where RESOURCE_ID='UPLOAD_CUST_PSWD_POLICY';
delete from RESOURCE_PROP where RESOURCE_ID='UPLOAD_CUST_PSWD_POLICY';
delete from res_to_res_membership where MEMBER_RESOURCE_ID='UPLOAD_CUST_PSWD_POLICY' or RESOURCE_ID='UPLOAD_CUST_PSWD_POLICY';
delete from RES where RESOURCE_ID='UPLOAD_CUST_PSWD_POLICY';

ALTER TABLE USERS ALTER COLUMN TYPE_ID NVARCHAR(32) NULL;
ALTER TABLE USERS ADD DEFAULT NULL FOR TYPE_ID;
ALTER TABLE USERS ADD CONSTRAINT USER_TYPE_FK FOREIGN KEY (TYPE_ID) REFERENCES METADATA_TYPE (TYPE_ID);

insert into POLICY_ATTRIBUTE(POLICY_ATTR_ID, DEF_PARAM_ID, POLICY_ID, NAME, REQUIRED) VALUES('PWD_EQ_PWD', '138', '4000', 'PWD_EQ_PWD', 'Y'); 

insert into POLICY_ATTRIBUTE(POLICY_ATTR_ID, DEF_PARAM_ID, POLICY_ID, NAME, REQUIRED) VALUES('PWD_PASSWORD', '183', '4000', 'PWD_PASSWORD', 'Y'); 

insert into POLICY_ATTRIBUTE(POLICY_ATTR_ID, DEF_PARAM_ID, POLICY_ID, NAME, REQUIRED) VALUES('RESET_BY_USER', '139', '4000', 'RESET_BY_USER', 'Y'); 


IF NOT EXISTS (SELECT * FROM information_schema.columns WHERE table_catalog='openiam' AND table_name = 'USERS' AND column_name = 'CLAIM_DATE') 
BEGIN
	ALTER TABLE USERS ADD CLAIM_DATE DATE NULL;
END;

ALTER TABLE USERS ALTER COLUMN MAIL_CODE NVARCHAR(100) NULL;
ALTER TABLE USERS ADD DEFAULT 'NULL' FOR MAIL_CODE;


delete from LANGUAGE_LOCALE where LANGUAGE_ID='9';
delete from LANGUAGE_MAPPING where LANGUAGE_ID='9';
delete from LANGUAGE_MAPPING where LANGUAGE_ID in ('1','4','2','8') AND REFERENCE_ID='9' AND REFERENCE_TYPE like 'Language%';
delete from LANGUAGE where ID='9';

INSERT INTO LANGUAGE (ID, LANGUAGE, IS_USED, LANGUAGE_CODE, IS_DEFAULT) VALUES ('9', 'Japanese', 'Y', 'ja', 'N');
INSERT INTO LANGUAGE_LOCALE (ID, LANGUAGE_ID, LOCALE) VALUES ('12', '9', 'ja_JP');

INSERT INTO LANGUAGE_MAPPING (ID,LANGUAGE_ID,REFERENCE_ID,REFERENCE_TYPE,TEXT_VALUE) VALUES ('JPLanguageEntity1','9','1','LanguageEntity.displayNameMap','');
INSERT INTO LANGUAGE_MAPPING (ID,LANGUAGE_ID,REFERENCE_ID,REFERENCE_TYPE,TEXT_VALUE) VALUES ('JPElementMigrate101','9','101','MetadataElementEntity.languageMap','');
INSERT INTO LANGUAGE_MAPPING (ID,LANGUAGE_ID,REFERENCE_ID,REFERENCE_TYPE,TEXT_VALUE) VALUES ('JPElementMigrate104','9','104','MetadataElementEntity.languageMap','');
INSERT INTO LANGUAGE_MAPPING (ID,LANGUAGE_ID,REFERENCE_ID,REFERENCE_TYPE,TEXT_VALUE) VALUES ('JPElementMigrate105','9','105','MetadataElementEntity.languageMap','');
INSERT INTO LANGUAGE_MAPPING (ID,LANGUAGE_ID,REFERENCE_ID,REFERENCE_TYPE,TEXT_VALUE) VALUES ('JPElementMigrate106','9','106','MetadataElementEntity.languageMap','');
INSERT INTO LANGUAGE_MAPPING (ID,LANGUAGE_ID,REFERENCE_ID,REFERENCE_TYPE,TEXT_VALUE) VALUES ('JPElementMigrate107','9','107','MetadataElementEntity.languageMap','URI');
INSERT INTO LANGUAGE_MAPPING (ID,LANGUAGE_ID,REFERENCE_ID,REFERENCE_TYPE,TEXT_VALUE) VALUES ('JPElementMigrate108','9','108','MetadataElementEntity.languageMap','');
INSERT INTO LANGUAGE_MAPPING (ID,LANGUAGE_ID,REFERENCE_ID,REFERENCE_TYPE,TEXT_VALUE) VALUES ('JPElementMigrate110','9','110','MetadataElementEntity.languageMap','');
INSERT INTO LANGUAGE_MAPPING (ID,LANGUAGE_ID,REFERENCE_ID,REFERENCE_TYPE,TEXT_VALUE) VALUES ('JPElementMigrate131','9','131','MetadataElementEntity.languageMap','');
INSERT INTO LANGUAGE_MAPPING (ID,LANGUAGE_ID,REFERENCE_ID,REFERENCE_TYPE,TEXT_VALUE) VALUES ('JPElementMigrate134','9','134','MetadataElementEntity.languageMap','');
INSERT INTO LANGUAGE_MAPPING (ID,LANGUAGE_ID,REFERENCE_ID,REFERENCE_TYPE,TEXT_VALUE) VALUES ('JPElementMigrate135','9','135','MetadataElementEntity.languageMap','');
INSERT INTO LANGUAGE_MAPPING (ID,LANGUAGE_ID,REFERENCE_ID,REFERENCE_TYPE,TEXT_VALUE) VALUES ('JPElementMigrate136','9','136','MetadataElementEntity.languageMap','');
INSERT INTO LANGUAGE_MAPPING (ID,LANGUAGE_ID,REFERENCE_ID,REFERENCE_TYPE,TEXT_VALUE) VALUES ('JPElementMigrate137','9','137','MetadataElementEntity.languageMap','URI');
INSERT INTO LANGUAGE_MAPPING (ID,LANGUAGE_ID,REFERENCE_ID,REFERENCE_TYPE,TEXT_VALUE) VALUES ('JPElementMigrate138','9','138','MetadataElementEntity.languageMap','');
INSERT INTO LANGUAGE_MAPPING (ID,LANGUAGE_ID,REFERENCE_ID,REFERENCE_TYPE,TEXT_VALUE) VALUES ('JPElementMigrate140','9','140','MetadataElementEntity.languageMap','');
INSERT INTO LANGUAGE_MAPPING (ID,LANGUAGE_ID,REFERENCE_ID,REFERENCE_TYPE,TEXT_VALUE) VALUES ('JPElementMigrate150','9','150','MetadataElementEntity.languageMap','');
INSERT INTO LANGUAGE_MAPPING (ID,LANGUAGE_ID,REFERENCE_ID,REFERENCE_TYPE,TEXT_VALUE) VALUES ('JPElementMigrate160','9','160','MetadataElementEntity.languageMap','');
INSERT INTO LANGUAGE_MAPPING (ID,LANGUAGE_ID,REFERENCE_ID,REFERENCE_TYPE,TEXT_VALUE) VALUES ('JPLanguageEntity2','9','2','LanguageEntity.displayNameMap','');
INSERT INTO LANGUAGE_MAPPING (ID,LANGUAGE_ID,REFERENCE_ID,REFERENCE_TYPE,TEXT_VALUE) VALUES ('JP200','9','200','IdentityQuestionEntity.displayNameMap','4');
INSERT INTO LANGUAGE_MAPPING (ID,LANGUAGE_ID,REFERENCE_ID,REFERENCE_TYPE,TEXT_VALUE) VALUES ('JP201','9','201','IdentityQuestionEntity.displayNameMap','');
INSERT INTO LANGUAGE_MAPPING (ID,LANGUAGE_ID,REFERENCE_ID,REFERENCE_TYPE,TEXT_VALUE) VALUES ('JP202','9','202','IdentityQuestionEntity.displayNameMap','');
INSERT INTO LANGUAGE_MAPPING (ID,LANGUAGE_ID,REFERENCE_ID,REFERENCE_TYPE,TEXT_VALUE) VALUES ('JP203','9','203','IdentityQuestionEntity.displayNameMap','');
INSERT INTO LANGUAGE_MAPPING (ID,LANGUAGE_ID,REFERENCE_ID,REFERENCE_TYPE,TEXT_VALUE) VALUES ('JP204','9','204','IdentityQuestionEntity.displayNameMap','');
INSERT INTO LANGUAGE_MAPPING (ID,LANGUAGE_ID,REFERENCE_ID,REFERENCE_TYPE,TEXT_VALUE) VALUES ('JP205','9','205','IdentityQuestionEntity.displayNameMap','');
INSERT INTO LANGUAGE_MAPPING (ID,LANGUAGE_ID,REFERENCE_ID,REFERENCE_TYPE,TEXT_VALUE) VALUES ('JP206','9','206','IdentityQuestionEntity.displayNameMap','');
INSERT INTO LANGUAGE_MAPPING (ID,LANGUAGE_ID,REFERENCE_ID,REFERENCE_TYPE,TEXT_VALUE) VALUES ('JP207','9','207','IdentityQuestionEntity.displayNameMap','');
INSERT INTO LANGUAGE_MAPPING (ID,LANGUAGE_ID,REFERENCE_ID,REFERENCE_TYPE,TEXT_VALUE) VALUES ('JP209','9','209','IdentityQuestionEntity.displayNameMap','4');
INSERT INTO LANGUAGE_MAPPING (ID,LANGUAGE_ID,REFERENCE_ID,REFERENCE_TYPE,TEXT_VALUE) VALUES ('JP210','9','210','IdentityQuestionEntity.displayNameMap','');
INSERT INTO LANGUAGE_MAPPING (ID,LANGUAGE_ID,REFERENCE_ID,REFERENCE_TYPE,TEXT_VALUE) VALUES ('JP211','9','211','IdentityQuestionEntity.displayNameMap','');
INSERT INTO LANGUAGE_MAPPING (ID,LANGUAGE_ID,REFERENCE_ID,REFERENCE_TYPE,TEXT_VALUE) VALUES ('JP212','9','212','IdentityQuestionEntity.displayNameMap','');
INSERT INTO LANGUAGE_MAPPING (ID,LANGUAGE_ID,REFERENCE_ID,REFERENCE_TYPE,TEXT_VALUE) VALUES ('JP213','9','213','IdentityQuestionEntity.displayNameMap','');
INSERT INTO LANGUAGE_MAPPING (ID,LANGUAGE_ID,REFERENCE_ID,REFERENCE_TYPE,TEXT_VALUE) VALUES ('JP214','9','214','IdentityQuestionEntity.displayNameMap','/');
INSERT INTO LANGUAGE_MAPPING (ID,LANGUAGE_ID,REFERENCE_ID,REFERENCE_TYPE,TEXT_VALUE) VALUES ('JP215','9','215','IdentityQuestionEntity.displayNameMap','');
INSERT INTO LANGUAGE_MAPPING (ID,LANGUAGE_ID,REFERENCE_ID,REFERENCE_TYPE,TEXT_VALUE) VALUES ('JP216','9','216','IdentityQuestionEntity.displayNameMap','-');
INSERT INTO LANGUAGE_MAPPING (ID,LANGUAGE_ID,REFERENCE_ID,REFERENCE_TYPE,TEXT_VALUE) VALUES ('JP217','9','217','IdentityQuestionEntity.displayNameMap','');
INSERT INTO LANGUAGE_MAPPING (ID,LANGUAGE_ID,REFERENCE_ID,REFERENCE_TYPE,TEXT_VALUE) VALUES ('JP218','9','218','IdentityQuestionEntity.displayNameMap','-');
INSERT INTO LANGUAGE_MAPPING (ID,LANGUAGE_ID,REFERENCE_ID,REFERENCE_TYPE,TEXT_VALUE) VALUES ('JPElementMigrate260','9','260','MetadataElementEntity.languageMap','');
INSERT INTO LANGUAGE_MAPPING (ID,LANGUAGE_ID,REFERENCE_ID,REFERENCE_TYPE,TEXT_VALUE) VALUES ('JPElementMigrate261','9','261','MetadataElementEntity.languageMap','');
INSERT INTO LANGUAGE_MAPPING (ID,LANGUAGE_ID,REFERENCE_ID,REFERENCE_TYPE,TEXT_VALUE) VALUES ('JPElementMigrate262','9','262','MetadataElementEntity.languageMap','');
INSERT INTO LANGUAGE_MAPPING (ID,LANGUAGE_ID,REFERENCE_ID,REFERENCE_TYPE,TEXT_VALUE) VALUES ('JPElementMigrate300','9','300','MetadataElementEntity.languageMap','');
INSERT INTO LANGUAGE_MAPPING (ID,LANGUAGE_ID,REFERENCE_ID,REFERENCE_TYPE,TEXT_VALUE) VALUES ('JPElementMigrate301','9','301','MetadataElementEntity.languageMap','');
INSERT INTO LANGUAGE_MAPPING (ID,LANGUAGE_ID,REFERENCE_ID,REFERENCE_TYPE,TEXT_VALUE) VALUES ('JPElementMigrate302','9','302','MetadataElementEntity.languageMap','');
INSERT INTO LANGUAGE_MAPPING (ID,LANGUAGE_ID,REFERENCE_ID,REFERENCE_TYPE,TEXT_VALUE) VALUES ('JPElementMigrate303','9','303','MetadataElementEntity.languageMap','');
INSERT INTO LANGUAGE_MAPPING (ID,LANGUAGE_ID,REFERENCE_ID,REFERENCE_TYPE,TEXT_VALUE) VALUES ('JPElementMigrate304','9','304','MetadataElementEntity.languageMap','cn');
INSERT INTO LANGUAGE_MAPPING (ID,LANGUAGE_ID,REFERENCE_ID,REFERENCE_TYPE,TEXT_VALUE) VALUES ('JPElementMigrate305','9','305','MetadataElementEntity.languageMap','sn');
INSERT INTO LANGUAGE_MAPPING (ID,LANGUAGE_ID,REFERENCE_ID,REFERENCE_TYPE,TEXT_VALUE) VALUES ('JPElementMigrate306','9','306','MetadataElementEntity.languageMap','');
INSERT INTO LANGUAGE_MAPPING (ID,LANGUAGE_ID,REFERENCE_ID,REFERENCE_TYPE,TEXT_VALUE) VALUES ('JPElementMigrate307','9','307','MetadataElementEntity.languageMap','c');
INSERT INTO LANGUAGE_MAPPING (ID,LANGUAGE_ID,REFERENCE_ID,REFERENCE_TYPE,TEXT_VALUE) VALUES ('JPElementMigrate308','9','308','MetadataElementEntity.languageMap','l');
INSERT INTO LANGUAGE_MAPPING (ID,LANGUAGE_ID,REFERENCE_ID,REFERENCE_TYPE,TEXT_VALUE) VALUES ('JPElementMigrate309','9','309','MetadataElementEntity.languageMap','st');
INSERT INTO LANGUAGE_MAPPING (ID,LANGUAGE_ID,REFERENCE_ID,REFERENCE_TYPE,TEXT_VALUE) VALUES ('JPElementMigrate310','9','310','MetadataElementEntity.languageMap','');
INSERT INTO LANGUAGE_MAPPING (ID,LANGUAGE_ID,REFERENCE_ID,REFERENCE_TYPE,TEXT_VALUE) VALUES ('JPElementMigrate311','9','311','MetadataElementEntity.languageMap','o');
INSERT INTO LANGUAGE_MAPPING (ID,LANGUAGE_ID,REFERENCE_ID,REFERENCE_TYPE,TEXT_VALUE) VALUES ('JPElementMigrate312','9','312','MetadataElementEntity.languageMap','ou');
INSERT INTO LANGUAGE_MAPPING (ID,LANGUAGE_ID,REFERENCE_ID,REFERENCE_TYPE,TEXT_VALUE) VALUES ('JPElementMigrate313','9','313','MetadataElementEntity.languageMap','');
INSERT INTO LANGUAGE_MAPPING (ID,LANGUAGE_ID,REFERENCE_ID,REFERENCE_TYPE,TEXT_VALUE) VALUES ('JPElementMigrate314','9','314','MetadataElementEntity.languageMap','');
INSERT INTO LANGUAGE_MAPPING (ID,LANGUAGE_ID,REFERENCE_ID,REFERENCE_TYPE,TEXT_VALUE) VALUES ('JPElementMigrate315','9','315','MetadataElementEntity.languageMap','');
INSERT INTO LANGUAGE_MAPPING (ID,LANGUAGE_ID,REFERENCE_ID,REFERENCE_TYPE,TEXT_VALUE) VALUES ('JPElementMigrate316','9','316','MetadataElementEntity.languageMap','');
INSERT INTO LANGUAGE_MAPPING (ID,LANGUAGE_ID,REFERENCE_ID,REFERENCE_TYPE,TEXT_VALUE) VALUES ('JPElementMigrate317','9','317','MetadataElementEntity.languageMap','');
INSERT INTO LANGUAGE_MAPPING (ID,LANGUAGE_ID,REFERENCE_ID,REFERENCE_TYPE,TEXT_VALUE) VALUES ('JPElementMigrate318','9','318','MetadataElementEntity.languageMap','');
INSERT INTO LANGUAGE_MAPPING (ID,LANGUAGE_ID,REFERENCE_ID,REFERENCE_TYPE,TEXT_VALUE) VALUES ('JPElementMigrate319','9','319','MetadataElementEntity.languageMap','');
INSERT INTO LANGUAGE_MAPPING (ID,LANGUAGE_ID,REFERENCE_ID,REFERENCE_TYPE,TEXT_VALUE) VALUES ('JPElementMigrate320','9','320','MetadataElementEntity.languageMap','');
INSERT INTO LANGUAGE_MAPPING (ID,LANGUAGE_ID,REFERENCE_ID,REFERENCE_TYPE,TEXT_VALUE) VALUES ('JPElementMigrate321','9','321','MetadataElementEntity.languageMap','');
INSERT INTO LANGUAGE_MAPPING (ID,LANGUAGE_ID,REFERENCE_ID,REFERENCE_TYPE,TEXT_VALUE) VALUES ('JPElementMigrate322','9','322','MetadataElementEntity.languageMap','');
INSERT INTO LANGUAGE_MAPPING (ID,LANGUAGE_ID,REFERENCE_ID,REFERENCE_TYPE,TEXT_VALUE) VALUES ('JPElementMigrate323','9','323','MetadataElementEntity.languageMap','');
INSERT INTO LANGUAGE_MAPPING (ID,LANGUAGE_ID,REFERENCE_ID,REFERENCE_TYPE,TEXT_VALUE) VALUES ('JPElementMigrate324','9','324','MetadataElementEntity.languageMap','x121');
INSERT INTO LANGUAGE_MAPPING (ID,LANGUAGE_ID,REFERENCE_ID,REFERENCE_TYPE,TEXT_VALUE) VALUES ('JPElementMigrate325','9','325','MetadataElementEntity.languageMap','ISDN');
INSERT INTO LANGUAGE_MAPPING (ID,LANGUAGE_ID,REFERENCE_ID,REFERENCE_TYPE,TEXT_VALUE) VALUES ('JPElementMigrate326','9','326','MetadataElementEntity.languageMap','');
INSERT INTO LANGUAGE_MAPPING (ID,LANGUAGE_ID,REFERENCE_ID,REFERENCE_TYPE,TEXT_VALUE) VALUES ('JPElementMigrate327','9','327','MetadataElementEntity.languageMap','');
INSERT INTO LANGUAGE_MAPPING (ID,LANGUAGE_ID,REFERENCE_ID,REFERENCE_TYPE,TEXT_VALUE) VALUES ('JPElementMigrate328','9','328','MetadataElementEntity.languageMap','');
INSERT INTO LANGUAGE_MAPPING (ID,LANGUAGE_ID,REFERENCE_ID,REFERENCE_TYPE,TEXT_VALUE) VALUES ('JPElementMigrate329','9','329','MetadataElementEntity.languageMap','');
INSERT INTO LANGUAGE_MAPPING (ID,LANGUAGE_ID,REFERENCE_ID,REFERENCE_TYPE,TEXT_VALUE) VALUES ('JPElementMigrate330','9','330','MetadataElementEntity.languageMap','');
INSERT INTO LANGUAGE_MAPPING (ID,LANGUAGE_ID,REFERENCE_ID,REFERENCE_TYPE,TEXT_VALUE) VALUES ('JPElementMigrate331','9','331','MetadataElementEntity.languageMap','');
INSERT INTO LANGUAGE_MAPPING (ID,LANGUAGE_ID,REFERENCE_ID,REFERENCE_TYPE,TEXT_VALUE) VALUES ('JPElementMigrate332','9','332','MetadataElementEntity.languageMap','');
INSERT INTO LANGUAGE_MAPPING (ID,LANGUAGE_ID,REFERENCE_ID,REFERENCE_TYPE,TEXT_VALUE) VALUES ('JPElementMigrate333','9','333','MetadataElementEntity.languageMap','');
INSERT INTO LANGUAGE_MAPPING (ID,LANGUAGE_ID,REFERENCE_ID,REFERENCE_TYPE,TEXT_VALUE) VALUES ('JPElementMigrate334','9','334','MetadataElementEntity.languageMap','');
INSERT INTO LANGUAGE_MAPPING (ID,LANGUAGE_ID,REFERENCE_ID,REFERENCE_TYPE,TEXT_VALUE) VALUES ('JPElementMigrate335','9','335','MetadataElementEntity.languageMap','');
INSERT INTO LANGUAGE_MAPPING (ID,LANGUAGE_ID,REFERENCE_ID,REFERENCE_TYPE,TEXT_VALUE) VALUES ('JPElementMigrate336','9','336','MetadataElementEntity.languageMap','');
INSERT INTO LANGUAGE_MAPPING (ID,LANGUAGE_ID,REFERENCE_ID,REFERENCE_TYPE,TEXT_VALUE) VALUES ('JPElementMigrate337','9','337','MetadataElementEntity.languageMap','CA ');
INSERT INTO LANGUAGE_MAPPING (ID,LANGUAGE_ID,REFERENCE_ID,REFERENCE_TYPE,TEXT_VALUE) VALUES ('JPElementMigrate338','9','338','MetadataElementEntity.languageMap','');
INSERT INTO LANGUAGE_MAPPING (ID,LANGUAGE_ID,REFERENCE_ID,REFERENCE_TYPE,TEXT_VALUE) VALUES ('JPElementMigrate339','9','339','MetadataElementEntity.languageMap','');
INSERT INTO LANGUAGE_MAPPING (ID,LANGUAGE_ID,REFERENCE_ID,REFERENCE_TYPE,TEXT_VALUE) VALUES ('JPElementMigrate340','9','340','MetadataElementEntity.languageMap','');
INSERT INTO LANGUAGE_MAPPING (ID,LANGUAGE_ID,REFERENCE_ID,REFERENCE_TYPE,TEXT_VALUE) VALUES ('JPElementMigrate341','9','341','MetadataElementEntity.languageMap','');
INSERT INTO LANGUAGE_MAPPING (ID,LANGUAGE_ID,REFERENCE_ID,REFERENCE_TYPE,TEXT_VALUE) VALUES ('JPElementMigrate342','9','342','MetadataElementEntity.languageMap','');
INSERT INTO LANGUAGE_MAPPING (ID,LANGUAGE_ID,REFERENCE_ID,REFERENCE_TYPE,TEXT_VALUE) VALUES ('JPElementMigrate343','9','343','MetadataElementEntity.languageMap','');
INSERT INTO LANGUAGE_MAPPING (ID,LANGUAGE_ID,REFERENCE_ID,REFERENCE_TYPE,TEXT_VALUE) VALUES ('JPElementMigrate344','9','344','MetadataElementEntity.languageMap','x500');
INSERT INTO LANGUAGE_MAPPING (ID,LANGUAGE_ID,REFERENCE_ID,REFERENCE_TYPE,TEXT_VALUE) VALUES ('JPElementMigrate346','9','346','MetadataElementEntity.languageMap','');
INSERT INTO LANGUAGE_MAPPING (ID,LANGUAGE_ID,REFERENCE_ID,REFERENCE_TYPE,TEXT_VALUE) VALUES ('JPElementMigrate347','9','347','MetadataElementEntity.languageMap','');
INSERT INTO LANGUAGE_MAPPING (ID,LANGUAGE_ID,REFERENCE_ID,REFERENCE_TYPE,TEXT_VALUE) VALUES ('JPElementMigrate348','9','348','MetadataElementEntity.languageMap','uid');
INSERT INTO LANGUAGE_MAPPING (ID,LANGUAGE_ID,REFERENCE_ID,REFERENCE_TYPE,TEXT_VALUE) VALUES ('JPElementMigrate349','9','349','MetadataElementEntity.languageMap','');
INSERT INTO LANGUAGE_MAPPING (ID,LANGUAGE_ID,REFERENCE_ID,REFERENCE_TYPE,TEXT_VALUE) VALUES ('JPElementMigrate350','9','350','MetadataElementEntity.languageMap','');
INSERT INTO LANGUAGE_MAPPING (ID,LANGUAGE_ID,REFERENCE_ID,REFERENCE_TYPE,TEXT_VALUE) VALUES ('JPElementMigrate351','9','351','MetadataElementEntity.languageMap','');
INSERT INTO LANGUAGE_MAPPING (ID,LANGUAGE_ID,REFERENCE_ID,REFERENCE_TYPE,TEXT_VALUE) VALUES ('JPElementMigrate352','9','352','MetadataElementEntity.languageMap','krb');
INSERT INTO LANGUAGE_MAPPING (ID,LANGUAGE_ID,REFERENCE_ID,REFERENCE_TYPE,TEXT_VALUE) VALUES ('JPLanguageEntity4','9','4','LanguageEntity.displayNameMap','');
INSERT INTO LANGUAGE_MAPPING (ID,LANGUAGE_ID,REFERENCE_ID,REFERENCE_TYPE,TEXT_VALUE) VALUES ('JPElementMigrate401','9','401','MetadataElementEntity.languageMap','SUBMIT_USER_TO_CONNECTOR');
INSERT INTO LANGUAGE_MAPPING (ID,LANGUAGE_ID,REFERENCE_ID,REFERENCE_TYPE,TEXT_VALUE) VALUES ('JPElementMigrate402','9','402','MetadataElementEntity.languageMap','INCLUDE_IN_PASSWORD_SYNC');
INSERT INTO LANGUAGE_MAPPING (ID,LANGUAGE_ID,REFERENCE_ID,REFERENCE_TYPE,TEXT_VALUE) VALUES ('JPElementMigrate405','9','405','MetadataElementEntity.languageMap','INCLUDE_IN_SYNC');
INSERT INTO LANGUAGE_MAPPING (ID,LANGUAGE_ID,REFERENCE_ID,REFERENCE_TYPE,TEXT_VALUE) VALUES ('JPElementMigrate406','9','406','MetadataElementEntity.languageMap','TABLE_NAME');
INSERT INTO LANGUAGE_MAPPING (ID,LANGUAGE_ID,REFERENCE_ID,REFERENCE_TYPE,TEXT_VALUE) VALUES ('JPElementMigrate407','9','407','MetadataElementEntity.languageMap','GROUP_MEMBERSHIP_ENABLED');
INSERT INTO LANGUAGE_MAPPING (ID,LANGUAGE_ID,REFERENCE_ID,REFERENCE_TYPE,TEXT_VALUE) VALUES ('JPElementMigrate408','9','408','MetadataElementEntity.languageMap','ON_DELETE');
INSERT INTO LANGUAGE_MAPPING (ID,LANGUAGE_ID,REFERENCE_ID,REFERENCE_TYPE,TEXT_VALUE) VALUES ('JPElementMigrate409','9','409','MetadataElementEntity.languageMap','PRE_PROCESS');
INSERT INTO LANGUAGE_MAPPING (ID,LANGUAGE_ID,REFERENCE_ID,REFERENCE_TYPE,TEXT_VALUE) VALUES ('JPElementMigrate410','9','410','MetadataElementEntity.languageMap','POST_PROCESS');
INSERT INTO LANGUAGE_MAPPING (ID,LANGUAGE_ID,REFERENCE_ID,REFERENCE_TYPE,TEXT_VALUE) VALUES ('JPElementMigrate411','9','411','MetadataElementEntity.languageMap','HOST_URL');
INSERT INTO LANGUAGE_MAPPING (ID,LANGUAGE_ID,REFERENCE_ID,REFERENCE_TYPE,TEXT_VALUE) VALUES ('JPElementMigrate412','9','412','MetadataElementEntity.languageMap','BASE_DN');
INSERT INTO LANGUAGE_MAPPING (ID,LANGUAGE_ID,REFERENCE_ID,REFERENCE_TYPE,TEXT_VALUE) VALUES ('JPElementMigrate413','9','413','MetadataElementEntity.languageMap','HOST_LOGIN ID');
INSERT INTO LANGUAGE_MAPPING (ID,LANGUAGE_ID,REFERENCE_ID,REFERENCE_TYPE,TEXT_VALUE) VALUES ('JPElementMigrate415','9','415','MetadataElementEntity.languageMap','COMMUNICATION_PROTOCOL');
INSERT INTO LANGUAGE_MAPPING (ID,LANGUAGE_ID,REFERENCE_ID,REFERENCE_TYPE,TEXT_VALUE) VALUES ('JPElementMigrate416','9','416','MetadataElementEntity.languageMap','OBJECT_CLASS');
INSERT INTO LANGUAGE_MAPPING (ID,LANGUAGE_ID,REFERENCE_ID,REFERENCE_TYPE,TEXT_VALUE) VALUES ('JPElementMigrate418','9','418','MetadataElementEntity.languageMap','SEARCH_ATTRIBUTE');
INSERT INTO LANGUAGE_MAPPING (ID,LANGUAGE_ID,REFERENCE_ID,REFERENCE_TYPE,TEXT_VALUE) VALUES ('JPElementMigrate419','9','419','MetadataElementEntity.languageMap','MANAGED_SYS_ID');
INSERT INTO LANGUAGE_MAPPING (ID,LANGUAGE_ID,REFERENCE_ID,REFERENCE_TYPE,TEXT_VALUE) VALUES ('JPElementMigrate420','9','420','MetadataElementEntity.languageMap','DN_ATTRIBUTE');
INSERT INTO LANGUAGE_MAPPING (ID,LANGUAGE_ID,REFERENCE_ID,REFERENCE_TYPE,TEXT_VALUE) VALUES ('JPElementMigrate421','9','421','MetadataElementEntity.languageMap','PASSWORD');
INSERT INTO LANGUAGE_MAPPING (ID,LANGUAGE_ID,REFERENCE_ID,REFERENCE_TYPE,TEXT_VALUE) VALUES ('JPElementMigrate430','9','430','MetadataElementEntity.languageMap','END_POINT');
INSERT INTO LANGUAGE_MAPPING (ID,LANGUAGE_ID,REFERENCE_ID,REFERENCE_TYPE,TEXT_VALUE) VALUES ('JPElementMigrate440','9','440','MetadataElementEntity.languageMap','OPERATION_NAME');
INSERT INTO LANGUAGE_MAPPING (ID,LANGUAGE_ID,REFERENCE_ID,REFERENCE_TYPE,TEXT_VALUE) VALUES ('JPElementMigrate450','9','450','MetadataElementEntity.languageMap','URL');
INSERT INTO LANGUAGE_MAPPING (ID,LANGUAGE_ID,REFERENCE_ID,REFERENCE_TYPE,TEXT_VALUE) VALUES ('JPLanguageEntity8','9','8','LanguageEntity.displayNameMap','');
INSERT INTO LANGUAGE_MAPPING (ID,LANGUAGE_ID,REFERENCE_ID,REFERENCE_TYPE,TEXT_VALUE) VALUES ('JPABOUT_DESC','9','ABOUT','ResourceEntity.displayNameMap','OpenIAM');
INSERT INTO LANGUAGE_MAPPING (ID,LANGUAGE_ID,REFERENCE_ID,REFERENCE_TYPE,TEXT_VALUE) VALUES ('JPABOUT_ROOT_MENU_DESC','9','ABOUT_ROOT_MENU','ResourceEntity.displayNameMap','OpenIAM');
INSERT INTO LANGUAGE_MAPPING (ID,LANGUAGE_ID,REFERENCE_ID,REFERENCE_TYPE,TEXT_VALUE) VALUES ('JPACCESSCENTER_MENU_DISPLAY','9','ACCESSCENTER','ResourceEntity.displayNameMap','');
INSERT INTO LANGUAGE_MAPPING (ID,LANGUAGE_ID,REFERENCE_ID,REFERENCE_TYPE,TEXT_VALUE) VALUES ('JPMetadataTypeEntity1','9','ACCNT','MetadataTypeEntity.displayNameMap','');
INSERT INTO LANGUAGE_MAPPING (ID,LANGUAGE_ID,REFERENCE_ID,REFERENCE_TYPE,TEXT_VALUE) VALUES ('JPACC_CONTROL_MENU_DISPLAY','9','ACC_CONTROL','ResourceEntity.displayNameMap','');
INSERT INTO LANGUAGE_MAPPING (ID,LANGUAGE_ID,REFERENCE_ID,REFERENCE_TYPE,TEXT_VALUE) VALUES ('JPMetadataTypeEntity2','9','ACTIVE','MetadataTypeEntity.displayNameMap','ACTIVE');
INSERT INTO LANGUAGE_MAPPING (ID,LANGUAGE_ID,REFERENCE_ID,REFERENCE_TYPE,TEXT_VALUE) VALUES ('JPMetadataTypeEntity3','9','ADGroup','MetadataTypeEntity.displayNameMap','AD');
INSERT INTO LANGUAGE_MAPPING (ID,LANGUAGE_ID,REFERENCE_ID,REFERENCE_TYPE,TEXT_VALUE) VALUES ('JPMetadataTypeEntity4','9','ADMGP','MetadataTypeEntity.displayNameMap','');
INSERT INTO LANGUAGE_MAPPING (ID,LANGUAGE_ID,REFERENCE_ID,REFERENCE_TYPE,TEXT_VALUE) VALUES ('JPMetadataTypeEntity5','9','ADMIN','MetadataTypeEntity.displayNameMap','');
INSERT INTO LANGUAGE_MAPPING (ID,LANGUAGE_ID,REFERENCE_ID,REFERENCE_TYPE,TEXT_VALUE) VALUES ('JPADMIN_MENU_DISPLAY','9','ADMIN','ResourceEntity.displayNameMap','');
INSERT INTO LANGUAGE_MAPPING (ID,LANGUAGE_ID,REFERENCE_ID,REFERENCE_TYPE,TEXT_VALUE) VALUES ('JPADMIN_BATCH_TASKS_DESC','9','ADMIN_BATCH_TASKS','ResourceEntity.displayNameMap','');
INSERT INTO LANGUAGE_MAPPING (ID,LANGUAGE_ID,REFERENCE_ID,REFERENCE_TYPE,TEXT_VALUE) VALUES ('JPMetadataTypeEntity6','9','ADMIN_RESOURCE','MetadataTypeEntity.displayNameMap','');
INSERT INTO LANGUAGE_MAPPING (ID,LANGUAGE_ID,REFERENCE_ID,REFERENCE_TYPE,TEXT_VALUE) VALUES ('JPADMIN_RESOURCE','9','ADMIN_RESOURCE','ResourceTypeEntity.displayNameMap','');
INSERT INTO LANGUAGE_MAPPING (ID,LANGUAGE_ID,REFERENCE_ID,REFERENCE_TYPE,TEXT_VALUE) VALUES ('JPMetadataTypeEntity7','9','ADUser','MetadataTypeEntity.displayNameMap','AD');
INSERT INTO LANGUAGE_MAPPING (ID,LANGUAGE_ID,REFERENCE_ID,REFERENCE_TYPE,TEXT_VALUE) VALUES ('JPMetadataTypeEntity8','9','AD_Connector','MetadataTypeEntity.displayNameMap','');
INSERT INTO LANGUAGE_MAPPING (ID,LANGUAGE_ID,REFERENCE_ID,REFERENCE_TYPE,TEXT_VALUE) VALUES ('JPMetadataTypeEntity9','9','AD_GROUP_TYPE','MetadataTypeEntity.displayNameMap','AD');
INSERT INTO LANGUAGE_MAPPING (ID,LANGUAGE_ID,REFERENCE_ID,REFERENCE_TYPE,TEXT_VALUE) VALUES ('JPAM_PROV_AM_ATTR_DESC','9','AM_PROV_AM_ATTR','ResourceEntity.displayNameMap','');
INSERT INTO LANGUAGE_MAPPING (ID,LANGUAGE_ID,REFERENCE_ID,REFERENCE_TYPE,TEXT_VALUE) VALUES ('JPAM_PROV_EDIT_DESC','9','AM_PROV_EDIT','ResourceEntity.displayNameMap','');
INSERT INTO LANGUAGE_MAPPING (ID,LANGUAGE_ID,REFERENCE_ID,REFERENCE_TYPE,TEXT_VALUE) VALUES ('JPAM_PROV_EDIT_CURRENT_DESC','9','AM_PROV_EDIT_CURRENT','ResourceEntity.displayNameMap','');
INSERT INTO LANGUAGE_MAPPING (ID,LANGUAGE_ID,REFERENCE_ID,REFERENCE_TYPE,TEXT_VALUE) VALUES ('JPAM_PROV_EDIT_SEARCH_DESC','9','AM_PROV_EDIT_SEARCH','ResourceEntity.displayNameMap','');
INSERT INTO LANGUAGE_MAPPING (ID,LANGUAGE_ID,REFERENCE_ID,REFERENCE_TYPE,TEXT_VALUE) VALUES ('JPAM_PROV_NEW_DSC','9','AM_PROV_NEW','ResourceEntity.displayNameMap','');
INSERT INTO LANGUAGE_MAPPING (ID,LANGUAGE_ID,REFERENCE_ID,REFERENCE_TYPE,TEXT_VALUE) VALUES ('JPAM_PROV_NEW_EDIT_PUB_DESC','9','AM_PROV_NEW_EDIT','ResourceEntity.displayNameMap','');
INSERT INTO LANGUAGE_MAPPING (ID,LANGUAGE_ID,REFERENCE_ID,REFERENCE_TYPE,TEXT_VALUE) VALUES ('JPAM_PROV_ROOT_DESC','9','AM_PROV_ROOT','ResourceEntity.displayNameMap','');
INSERT INTO LANGUAGE_MAPPING (ID,LANGUAGE_ID,REFERENCE_ID,REFERENCE_TYPE,TEXT_VALUE) VALUES ('JPAM_PROV_SEARCH_DESC','9','AM_PROV_SEARCH','ResourceEntity.displayNameMap','');
INSERT INTO LANGUAGE_MAPPING (ID,LANGUAGE_ID,REFERENCE_ID,REFERENCE_TYPE,TEXT_VALUE) VALUES ('JPAM_PROV_SEARCH_CHILD_PUB_DESC','9','AM_PROV_SEARCH_CHILD','ResourceEntity.displayNameMap','');
INSERT INTO LANGUAGE_MAPPING (ID,LANGUAGE_ID,REFERENCE_ID,REFERENCE_TYPE,TEXT_VALUE) VALUES ('JPMetadataTypeEntity10','9','APPROVAL_DECLINED','MetadataTypeEntity.displayNameMap','APPROVAL_DECLINED');
INSERT INTO LANGUAGE_MAPPING (ID,LANGUAGE_ID,REFERENCE_ID,REFERENCE_TYPE,TEXT_VALUE) VALUES ('JPASSOC_POLICY_DESC','9','ASSOC_POLICY','ResourceEntity.displayNameMap','');
INSERT INTO LANGUAGE_MAPPING (ID,LANGUAGE_ID,REFERENCE_ID,REFERENCE_TYPE,TEXT_VALUE) VALUES ('JPMetadataTypeEntity11','9','ATTR','MetadataTypeEntity.displayNameMap','');
INSERT INTO LANGUAGE_MAPPING (ID,LANGUAGE_ID,REFERENCE_ID,REFERENCE_TYPE,TEXT_VALUE) VALUES ('JPATTRIBUTE_POLICY_DESC','9','ATTRIBUTE_POLICY','ResourceEntity.displayNameMap','');
INSERT INTO LANGUAGE_MAPPING (ID,LANGUAGE_ID,REFERENCE_ID,REFERENCE_TYPE,TEXT_VALUE) VALUES ('JPAUDITREPORT_MENU_DISPLAY','9','AUDITREPORT','ResourceEntity.displayNameMap','');
INSERT INTO LANGUAGE_MAPPING (ID,LANGUAGE_ID,REFERENCE_ID,REFERENCE_TYPE,TEXT_VALUE) VALUES ('JPAUDIT_RPT_MENU_DISPLAY','9','AUDIT_RPT','ResourceEntity.displayNameMap','');
INSERT INTO LANGUAGE_MAPPING (ID,LANGUAGE_ID,REFERENCE_ID,REFERENCE_TYPE,TEXT_VALUE) VALUES ('JPAUTH_POLICY_MENU_DESC','9','AUTHENTICATION_POLICY','ResourceEntity.displayNameMap','');
INSERT INTO LANGUAGE_MAPPING (ID,LANGUAGE_ID,REFERENCE_ID,REFERENCE_TYPE,TEXT_VALUE) VALUES ('JPAUTH_POLICY_ROOT_MENU_DESC','9','AUTHENTICATION_POLICY_ROOT_MENU','ResourceEntity.displayNameMap','');
INSERT INTO LANGUAGE_MAPPING (ID,LANGUAGE_ID,REFERENCE_ID,REFERENCE_TYPE,TEXT_VALUE) VALUES ('JPMetadataTypeEntity12','9','AUTHENTICATION_PROVIDER','MetadataTypeEntity.displayNameMap','');
INSERT INTO LANGUAGE_MAPPING (ID,LANGUAGE_ID,REFERENCE_ID,REFERENCE_TYPE,TEXT_VALUE) VALUES ('JPAUTH_LEVEL_GRP_DN','9','AUTH_LEVEL_GRP','ResourceEntity.displayNameMap','');
INSERT INTO LANGUAGE_MAPPING (ID,LANGUAGE_ID,REFERENCE_ID,REFERENCE_TYPE,TEXT_VALUE) VALUES ('JPAUTH_LVL_GRP_ATTR_DN','9','AUTH_LVL_GRP_ATTR','ResourceEntity.displayNameMap','');
INSERT INTO LANGUAGE_MAPPING (ID,LANGUAGE_ID,REFERENCE_ID,REFERENCE_TYPE,TEXT_VALUE) VALUES ('JPAUTH_LVL_GRP_EDIT_ROOT_DN','9','AUTH_LVL_GRP_EDIT_ROOT','ResourceEntity.displayNameMap','');
INSERT INTO LANGUAGE_MAPPING (ID,LANGUAGE_ID,REFERENCE_ID,REFERENCE_TYPE,TEXT_VALUE) VALUES ('JPAUTH_LVL_GRP_NEW_ROOT_DN','9','AUTH_LVL_GRP_NEW_ROOT','ResourceEntity.displayNameMap','');
INSERT INTO LANGUAGE_MAPPING (ID,LANGUAGE_ID,REFERENCE_ID,REFERENCE_TYPE,TEXT_VALUE) VALUES ('JPAUTH_PROVIDER','9','AUTH_PROVIDER','ResourceTypeEntity.displayNameMap','');
INSERT INTO LANGUAGE_MAPPING (ID,LANGUAGE_ID,REFERENCE_ID,REFERENCE_TYPE,TEXT_VALUE) VALUES ('JPMetadataTypeEntity13','9','AUTH_REPO','MetadataTypeEntity.displayNameMap','');
INSERT INTO LANGUAGE_MAPPING (ID,LANGUAGE_ID,REFERENCE_ID,REFERENCE_TYPE,TEXT_VALUE) VALUES ('JPAUTH_REPO','9','AUTH_REPO','ResourceTypeEntity.displayNameMap','');
INSERT INTO LANGUAGE_MAPPING (ID,LANGUAGE_ID,REFERENCE_ID,REFERENCE_TYPE,TEXT_VALUE) VALUES ('JPBACK_TO_AUTH_LVL_DN','9','BACK_TO_AUTH_LVL','ResourceEntity.displayNameMap','');
INSERT INTO LANGUAGE_MAPPING (ID,LANGUAGE_ID,REFERENCE_ID,REFERENCE_TYPE,TEXT_VALUE) VALUES ('JPBACK_TO_AUTH_LVL_GRP_SRH_DN','9','BACK_TO_AUTH_LVL_GRP_SRH','ResourceEntity.displayNameMap','');
INSERT INTO LANGUAGE_MAPPING (ID,LANGUAGE_ID,REFERENCE_ID,REFERENCE_TYPE,TEXT_VALUE) VALUES ('JPBACK_TO_CP_DESC','9','BACK_TO_CP','ResourceEntity.displayNameMap','');
INSERT INTO LANGUAGE_MAPPING (ID,LANGUAGE_ID,REFERENCE_ID,REFERENCE_TYPE,TEXT_VALUE) VALUES ('JPBATCH_PROC_MENU_DISPLAY','9','BATCH_PROC','ResourceEntity.displayNameMap','');
INSERT INTO LANGUAGE_MAPPING (ID,LANGUAGE_ID,REFERENCE_ID,REFERENCE_TYPE,TEXT_VALUE) VALUES ('JPBATCH_TASK_EDIT_DESC','9','BATCH_TASK_EDIT','ResourceEntity.displayNameMap','');
INSERT INTO LANGUAGE_MAPPING (ID,LANGUAGE_ID,REFERENCE_ID,REFERENCE_TYPE,TEXT_VALUE) VALUES ('JPBATCH_TASK_ROOT_DESC','9','BATCH_TASK_ROOT','ResourceEntity.displayNameMap','');
INSERT INTO LANGUAGE_MAPPING (ID,LANGUAGE_ID,REFERENCE_ID,REFERENCE_TYPE,TEXT_VALUE) VALUES ('JPMetadataTypeEntity14','9','BL','MetadataTypeEntity.displayNameMap','');
INSERT INTO LANGUAGE_MAPPING (ID,LANGUAGE_ID,REFERENCE_ID,REFERENCE_TYPE,TEXT_VALUE) VALUES ('JPBULK_OPS_DESC','9','BULK_OPS','ResourceEntity.displayNameMap','');
INSERT INTO LANGUAGE_MAPPING (ID,LANGUAGE_ID,REFERENCE_ID,REFERENCE_TYPE,TEXT_VALUE) VALUES ('JPMetadataTypeEntity15','9','CELL_PHONE','MetadataTypeEntity.displayNameMap','');
INSERT INTO LANGUAGE_MAPPING (ID,LANGUAGE_ID,REFERENCE_ID,REFERENCE_TYPE,TEXT_VALUE) VALUES ('JPCHAL_MENU_DISPLAY','9','CHALLENGE','ResourceEntity.displayNameMap','');
INSERT INTO LANGUAGE_MAPPING (ID,LANGUAGE_ID,REFERENCE_ID,REFERENCE_TYPE,TEXT_VALUE) VALUES ('JPCHAL_RESP_QUESTION_DESC','9','CHALLENGE_RESPONSE_QUESTION','ResourceEntity.displayNameMap','');
INSERT INTO LANGUAGE_MAPPING (ID,LANGUAGE_ID,REFERENCE_ID,REFERENCE_TYPE,TEXT_VALUE) VALUES ('JPCHAL_RESP_QUESTION_NEW_DSC','9','CHALLENGE_RESPONSE_QUESTION_NEW','ResourceEntity.displayNameMap','');
INSERT INTO LANGUAGE_MAPPING (ID,LANGUAGE_ID,REFERENCE_ID,REFERENCE_TYPE,TEXT_VALUE) VALUES ('JPCHAL_RESP_QUEST_ROOT_DESC','9','CHALLENGE_RESPONSE_QUESTION_ROOT','ResourceEntity.displayNameMap','');
INSERT INTO LANGUAGE_MAPPING (ID,LANGUAGE_ID,REFERENCE_ID,REFERENCE_TYPE,TEXT_VALUE) VALUES ('JPMetadataTypeEntity16','9','CHECKBOX','MetadataTypeEntity.displayNameMap','');
INSERT INTO LANGUAGE_MAPPING (ID,LANGUAGE_ID,REFERENCE_ID,REFERENCE_TYPE,TEXT_VALUE) VALUES ('JPCHNGPSWD_MENU_DISPLAY','9','CHNGPSWD','ResourceEntity.displayNameMap','');
INSERT INTO LANGUAGE_MAPPING (ID,LANGUAGE_ID,REFERENCE_ID,REFERENCE_TYPE,TEXT_VALUE) VALUES ('JPCONF_POLICY_PAGE_DIS','9','CONF_POLICY_PAGE','ResourceEntity.displayNameMap','IT');
INSERT INTO LANGUAGE_MAPPING (ID,LANGUAGE_ID,REFERENCE_ID,REFERENCE_TYPE,TEXT_VALUE) VALUES ('JPMetadataTypeEntity17','9','CONTENT_PROVIDER','MetadataTypeEntity.displayNameMap','');
INSERT INTO LANGUAGE_MAPPING (ID,LANGUAGE_ID,REFERENCE_ID,REFERENCE_TYPE,TEXT_VALUE) VALUES ('JPCONTENT_PROVIDER','9','CONTENT_PROVIDER','ResourceTypeEntity.displayNameMap','');
INSERT INTO LANGUAGE_MAPPING (ID,LANGUAGE_ID,REFERENCE_ID,REFERENCE_TYPE,TEXT_VALUE) VALUES ('JPCPROV_EDIT_DESC','9','CONTENT_PROV_EDIT','ResourceEntity.displayNameMap','');
INSERT INTO LANGUAGE_MAPPING (ID,LANGUAGE_ID,REFERENCE_ID,REFERENCE_TYPE,TEXT_VALUE) VALUES ('JPCPROV_EDIT_CURRENT_DESC','9','CONTENT_PROV_EDIT_CURRENT','ResourceEntity.displayNameMap','');
INSERT INTO LANGUAGE_MAPPING (ID,LANGUAGE_ID,REFERENCE_ID,REFERENCE_TYPE,TEXT_VALUE) VALUES ('JPCPROV_EDIT_SEARCH_DESC','9','CONTENT_PROV_EDIT_SEARCH','ResourceEntity.displayNameMap','');
INSERT INTO LANGUAGE_MAPPING (ID,LANGUAGE_ID,REFERENCE_ID,REFERENCE_TYPE,TEXT_VALUE) VALUES ('JPCPROV_NEW_DSC','9','CONTENT_PROV_NEW','ResourceEntity.displayNameMap','');
INSERT INTO LANGUAGE_MAPPING (ID,LANGUAGE_ID,REFERENCE_ID,REFERENCE_TYPE,TEXT_VALUE) VALUES ('JPCPROV_NEW_EDIT_DESC','9','CONTENT_PROV_NEW_EDIT','ResourceEntity.displayNameMap','');
INSERT INTO LANGUAGE_MAPPING (ID,LANGUAGE_ID,REFERENCE_ID,REFERENCE_TYPE,TEXT_VALUE) VALUES ('JPCPROV_ROOT_DESC','9','CONTENT_PROV_ROOT','ResourceEntity.displayNameMap','');
INSERT INTO LANGUAGE_MAPPING (ID,LANGUAGE_ID,REFERENCE_ID,REFERENCE_TYPE,TEXT_VALUE) VALUES ('JPCPROV_SEARCH_DESC','9','CONTENT_PROV_SEARCH','ResourceEntity.displayNameMap','');
INSERT INTO LANGUAGE_MAPPING (ID,LANGUAGE_ID,REFERENCE_ID,REFERENCE_TYPE,TEXT_VALUE) VALUES ('JPCPROV_SEARCH_CHILD_DESC','9','CONTENT_PROV_SEARCH_CHILD','ResourceEntity.displayNameMap','');
INSERT INTO LANGUAGE_MAPPING (ID,LANGUAGE_ID,REFERENCE_ID,REFERENCE_TYPE,TEXT_VALUE) VALUES ('JPMetadataTypeEntity18','9','Contractor','MetadataTypeEntity.displayNameMap','');
INSERT INTO LANGUAGE_MAPPING (ID,LANGUAGE_ID,REFERENCE_ID,REFERENCE_TYPE,TEXT_VALUE) VALUES ('JPCREATEREQ_MENU_DISPLAY','9','CREATEREQ','ResourceEntity.displayNameMap','');
INSERT INTO LANGUAGE_MAPPING (ID,LANGUAGE_ID,REFERENCE_ID,REFERENCE_TYPE,TEXT_VALUE) VALUES ('JPCR_RES_DISP_NAME','9','CREATE_RESOURCE_MENU','ResourceEntity.displayNameMap','');
INSERT INTO LANGUAGE_MAPPING (ID,LANGUAGE_ID,REFERENCE_ID,REFERENCE_TYPE,TEXT_VALUE) VALUES ('JPCUST_FIELD_EDIT_DESC','9','CUSTOM_FIELD_EDIT','ResourceEntity.displayNameMap','');
INSERT INTO LANGUAGE_MAPPING (ID,LANGUAGE_ID,REFERENCE_ID,REFERENCE_TYPE,TEXT_VALUE) VALUES ('JPCUST_FIELD_EDIT_NEW_DESC','9','CUSTOM_FIELD_EDIT_NEW','ResourceEntity.displayNameMap','');
INSERT INTO LANGUAGE_MAPPING (ID,LANGUAGE_ID,REFERENCE_ID,REFERENCE_TYPE,TEXT_VALUE) VALUES ('JPCUST_FIELD_EDIT_SEARCH_DESC','9','CUSTOM_FIELD_EDIT_SEARCH','ResourceEntity.displayNameMap','');
INSERT INTO LANGUAGE_MAPPING (ID,LANGUAGE_ID,REFERENCE_ID,REFERENCE_TYPE,TEXT_VALUE) VALUES ('JPCUST_FIELD_NEW_DSC','9','CUSTOM_FIELD_NEW','ResourceEntity.displayNameMap','');
INSERT INTO LANGUAGE_MAPPING (ID,LANGUAGE_ID,REFERENCE_ID,REFERENCE_TYPE,TEXT_VALUE) VALUES ('JPCUST_FIELD_ROOT_DESC','9','CUSTOM_FIELD_ROOT','ResourceEntity.displayNameMap','');
INSERT INTO LANGUAGE_MAPPING (ID,LANGUAGE_ID,REFERENCE_ID,REFERENCE_TYPE,TEXT_VALUE) VALUES ('JPCUST_FIELD_SEARCH_DESC','9','CUSTOM_FIELD_SEARCH','ResourceEntity.displayNameMap','');
INSERT INTO LANGUAGE_MAPPING (ID,LANGUAGE_ID,REFERENCE_ID,REFERENCE_TYPE,TEXT_VALUE) VALUES ('JPCUST_FIELD_SEARCH_CHILD_DESC','9','CUSTOM_FIELD_SEARCH_CHILD','ResourceEntity.displayNameMap','');
INSERT INTO LANGUAGE_MAPPING (ID,LANGUAGE_ID,REFERENCE_ID,REFERENCE_TYPE,TEXT_VALUE) VALUES ('JPMetadataTypeEntity19','9','DATE','MetadataTypeEntity.displayNameMap','');
INSERT INTO LANGUAGE_MAPPING (ID,LANGUAGE_ID,REFERENCE_ID,REFERENCE_TYPE,TEXT_VALUE) VALUES ('JPMetadataTypeEntity20','9','DEFAULT_GROUP','MetadataTypeEntity.displayNameMap','DEFAULT GROUP TYPE');
INSERT INTO LANGUAGE_MAPPING (ID,LANGUAGE_ID,REFERENCE_ID,REFERENCE_TYPE,TEXT_VALUE) VALUES ('JPDEFAULT_USER_TYPE','9','DEFAULT_USER','MetadataTypeEntity.displayNameMap','');
INSERT INTO LANGUAGE_MAPPING (ID,LANGUAGE_ID,REFERENCE_ID,REFERENCE_TYPE,TEXT_VALUE) VALUES ('JPMetadataTypeEntity21','9','DELETED','MetadataTypeEntity.displayNameMap','DELETED');
INSERT INTO LANGUAGE_MAPPING (ID,LANGUAGE_ID,REFERENCE_ID,REFERENCE_TYPE,TEXT_VALUE) VALUES ('JPDELG_FILTER_MENU_DISPLAY','9','DELG_FILTER','ResourceEntity.displayNameMap','');
INSERT INTO LANGUAGE_MAPPING (ID,LANGUAGE_ID,REFERENCE_ID,REFERENCE_TYPE,TEXT_VALUE) VALUES ('JPDEPARTMENT','9','DEPARTMENT','OrganizationTypeEntity.displayNameMap','');
INSERT INTO LANGUAGE_MAPPING (ID,LANGUAGE_ID,REFERENCE_ID,REFERENCE_TYPE,TEXT_VALUE) VALUES ('JPMetadataTypeEntity22','9','departmentType','MetadataTypeEntity.displayNameMap','');
INSERT INTO LANGUAGE_MAPPING (ID,LANGUAGE_ID,REFERENCE_ID,REFERENCE_TYPE,TEXT_VALUE) VALUES ('JPMetadataTypeEntity23','9','DIRECTORY','MetadataTypeEntity.displayNameMap','');
INSERT INTO LANGUAGE_MAPPING (ID,LANGUAGE_ID,REFERENCE_ID,REFERENCE_TYPE,TEXT_VALUE) VALUES ('JPDIRECTORY_MENU_DISPLAY','9','DIRECTORY','ResourceEntity.displayNameMap','');
INSERT INTO LANGUAGE_MAPPING (ID,LANGUAGE_ID,REFERENCE_ID,REFERENCE_TYPE,TEXT_VALUE) VALUES ('JPDIR_LOOKUP_PAGE_DIS','9','DIR_LOOKUP_PAGE','ResourceEntity.displayNameMap','');
INSERT INTO LANGUAGE_MAPPING (ID,LANGUAGE_ID,REFERENCE_ID,REFERENCE_TYPE,TEXT_VALUE) VALUES ('JPMetadataTypeEntity24','9','DISABLED','MetadataTypeEntity.displayNameMap','');
INSERT INTO LANGUAGE_MAPPING (ID,LANGUAGE_ID,REFERENCE_ID,REFERENCE_TYPE,TEXT_VALUE) VALUES ('JPDIVISION','9','DIVISION','OrganizationTypeEntity.displayNameMap','');
INSERT INTO LANGUAGE_MAPPING (ID,LANGUAGE_ID,REFERENCE_ID,REFERENCE_TYPE,TEXT_VALUE) VALUES ('JPMetadataTypeEntity25','9','divisionType','MetadataTypeEntity.displayNameMap','');
INSERT INTO LANGUAGE_MAPPING (ID,LANGUAGE_ID,REFERENCE_ID,REFERENCE_TYPE,TEXT_VALUE) VALUES ('JPMetadataTypeEntity26','9','DL','MetadataTypeEntity.displayNameMap','');
INSERT INTO LANGUAGE_MAPPING (ID,LANGUAGE_ID,REFERENCE_ID,REFERENCE_TYPE,TEXT_VALUE) VALUES ('JPEDIT_BATCH_TASK_DESC','9','EDIT_BATCH_TASK','ResourceEntity.displayNameMap','');
INSERT INTO LANGUAGE_MAPPING (ID,LANGUAGE_ID,REFERENCE_ID,REFERENCE_TYPE,TEXT_VALUE) VALUES ('JPEDIT_GROUP_DESC','9','EDIT_GROUP','ResourceEntity.displayNameMap','');
INSERT INTO LANGUAGE_MAPPING (ID,LANGUAGE_ID,REFERENCE_ID,REFERENCE_TYPE,TEXT_VALUE) VALUES ('JPEDIT_ORG_DESC','9','EDIT_ORG','ResourceEntity.displayNameMap','');
INSERT INTO LANGUAGE_MAPPING (ID,LANGUAGE_ID,REFERENCE_ID,REFERENCE_TYPE,TEXT_VALUE) VALUES ('JPEDIT_ORG_MEMBERSHIP_DESC','9','EDIT_ORG_MEMBERSHIP','ResourceEntity.displayNameMap','');
INSERT INTO LANGUAGE_MAPPING (ID,LANGUAGE_ID,REFERENCE_ID,REFERENCE_TYPE,TEXT_VALUE) VALUES ('JPEDIT_ORG_TYPE_DESC','9','EDIT_ORG_TYPE','ResourceEntity.displayNameMap','');
INSERT INTO LANGUAGE_MAPPING (ID,LANGUAGE_ID,REFERENCE_ID,REFERENCE_TYPE,TEXT_VALUE) VALUES ('JPEDIT_ORG_TYPE_IDMAN_DESC','9','EDIT_ORG_TYPE_IDMAN','ResourceEntity.displayNameMap','');
INSERT INTO LANGUAGE_MAPPING (ID,LANGUAGE_ID,REFERENCE_ID,REFERENCE_TYPE,TEXT_VALUE) VALUES ('JPEDIT_POL_ATTR_SRCH_BCK_DESC','9','EDIT_POLICY_ATTR_SRCH_BCK','ResourceEntity.displayNameMap','');
INSERT INTO LANGUAGE_MAPPING (ID,LANGUAGE_ID,REFERENCE_ID,REFERENCE_TYPE,TEXT_VALUE) VALUES ('JPEDIT_RESOURCE_DIS','9','EDIT_RESOURCE','ResourceEntity.displayNameMap','');
INSERT INTO LANGUAGE_MAPPING (ID,LANGUAGE_ID,REFERENCE_ID,REFERENCE_TYPE,TEXT_VALUE) VALUES ('JPEDIT_ROLE_DESC','9','EDIT_ROLE','ResourceEntity.displayNameMap','');
INSERT INTO LANGUAGE_MAPPING (ID,LANGUAGE_ID,REFERENCE_ID,REFERENCE_TYPE,TEXT_VALUE) VALUES ('JPMetadataTypeEntity27','9','FILE','MetadataTypeEntity.displayNameMap','');
INSERT INTO LANGUAGE_MAPPING (ID,LANGUAGE_ID,REFERENCE_ID,REFERENCE_TYPE,TEXT_VALUE) VALUES ('JPMetadataTypeEntity28','9','GOOGLE_Connector','MetadataTypeEntity.displayNameMap','GOOGLE APPS ');
INSERT INTO LANGUAGE_MAPPING (ID,LANGUAGE_ID,REFERENCE_ID,REFERENCE_TYPE,TEXT_VALUE) VALUES ('JPGROUP_EDIT_MENU_DESC','9','GROUP_EDIT_MENU','ResourceEntity.displayNameMap','');
INSERT INTO LANGUAGE_MAPPING (ID,LANGUAGE_ID,REFERENCE_ID,REFERENCE_TYPE,TEXT_VALUE) VALUES ('JPGROUP_ENTITLEMENTS_DESC','9','GROUP_ENTITLEMENTS','ResourceEntity.displayNameMap','');
INSERT INTO LANGUAGE_MAPPING (ID,LANGUAGE_ID,REFERENCE_ID,REFERENCE_TYPE,TEXT_VALUE) VALUES ('JPGROUP_MENUS_DESC','9','GROUP_MENUS','ResourceEntity.displayNameMap','');
INSERT INTO LANGUAGE_MAPPING (ID,LANGUAGE_ID,REFERENCE_ID,REFERENCE_TYPE,TEXT_VALUE) VALUES ('JPGROUP_ROOT_MENU_DESC','9','GROUP_ROOT_MENU','ResourceEntity.displayNameMap','');
INSERT INTO LANGUAGE_MAPPING (ID,LANGUAGE_ID,REFERENCE_ID,REFERENCE_TYPE,TEXT_VALUE) VALUES ('JPGROUP_SEARCH_DESC','9','GROUP_SEARCH','ResourceEntity.displayNameMap','');
INSERT INTO LANGUAGE_MAPPING (ID,LANGUAGE_ID,REFERENCE_ID,REFERENCE_TYPE,TEXT_VALUE) VALUES ('JPGRP_APROVER_ASSOC_DN','9','GRP_APROVER_ASSOC','ResourceEntity.displayNameMap','');
INSERT INTO LANGUAGE_MAPPING (ID,LANGUAGE_ID,REFERENCE_ID,REFERENCE_TYPE,TEXT_VALUE) VALUES ('JPMetadataTypeEntity29','9','HOME_ADDRESS','MetadataTypeEntity.displayNameMap','');
INSERT INTO LANGUAGE_MAPPING (ID,LANGUAGE_ID,REFERENCE_ID,REFERENCE_TYPE,TEXT_VALUE) VALUES ('JPMetadataTypeEntity30','9','HOME_EMAIL','MetadataTypeEntity.displayNameMap','');
INSERT INTO LANGUAGE_MAPPING (ID,LANGUAGE_ID,REFERENCE_ID,REFERENCE_TYPE,TEXT_VALUE) VALUES ('JPMetadataTypeEntity31','9','HOME_PHONE','MetadataTypeEntity.displayNameMap','');
INSERT INTO LANGUAGE_MAPPING (ID,LANGUAGE_ID,REFERENCE_ID,REFERENCE_TYPE,TEXT_VALUE) VALUES ('JPIDM_MENU_DISPLAY','9','IDM','ResourceEntity.displayNameMap','');
INSERT INTO LANGUAGE_MAPPING (ID,LANGUAGE_ID,REFERENCE_ID,REFERENCE_TYPE,TEXT_VALUE) VALUES ('JPIDMAN_MENU_DISPLAY','9','IDMAN','ResourceEntity.displayNameMap','');
INSERT INTO LANGUAGE_MAPPING (ID,LANGUAGE_ID,REFERENCE_ID,REFERENCE_TYPE,TEXT_VALUE) VALUES ('JPIDQUEST_MENU_DISPLAY','9','IDQUEST','ResourceEntity.displayNameMap','');
INSERT INTO LANGUAGE_MAPPING (ID,LANGUAGE_ID,REFERENCE_ID,REFERENCE_TYPE,TEXT_VALUE) VALUES ('JPIMPERSIONATION_MENU_DESC','9','IMPERSIONATION_MENU','ResourceEntity.displayNameMap','');
INSERT INTO LANGUAGE_MAPPING (ID,LANGUAGE_ID,REFERENCE_ID,REFERENCE_TYPE,TEXT_VALUE) VALUES ('JPMetadataTypeEntity32','9','INACTIVE','MetadataTypeEntity.displayNameMap','INACTIVE');
INSERT INTO LANGUAGE_MAPPING (ID,LANGUAGE_ID,REFERENCE_ID,REFERENCE_TYPE,TEXT_VALUE) VALUES ('JPMetadataTypeEntity33','9','InetOrgPerson','MetadataTypeEntity.displayNameMap','InetOrgPerson');
INSERT INTO LANGUAGE_MAPPING (ID,LANGUAGE_ID,REFERENCE_ID,REFERENCE_TYPE,TEXT_VALUE) VALUES ('JPINTERNAL_USER_TYPE','9','INTERNAL_USER','MetadataTypeEntity.displayNameMap','');
INSERT INTO LANGUAGE_MAPPING (ID,LANGUAGE_ID,REFERENCE_ID,REFERENCE_TYPE,TEXT_VALUE) VALUES ('JPMetadataTypeEntity34','9','KERBEROS_KEYTAB_FILE','MetadataTypeEntity.displayNameMap','Kerberos Keytab');
INSERT INTO LANGUAGE_MAPPING (ID,LANGUAGE_ID,REFERENCE_ID,REFERENCE_TYPE,TEXT_VALUE) VALUES ('JPMetadataTypeEntity35','9','KERBEROS_SERVICE_NAME','MetadataTypeEntity.displayNameMap','Kerberos');
INSERT INTO LANGUAGE_MAPPING (ID,LANGUAGE_ID,REFERENCE_ID,REFERENCE_TYPE,TEXT_VALUE) VALUES ('JPLANGUAGE_ADMIN1','9','LANGUAGE_ADMIN','ResourceEntity.displayNameMap','');
INSERT INTO LANGUAGE_MAPPING (ID,LANGUAGE_ID,REFERENCE_ID,REFERENCE_TYPE,TEXT_VALUE) VALUES ('JPLANGUAGE_EDIT1','9','LANGUAGE_EDIT','ResourceEntity.displayNameMap','');
INSERT INTO LANGUAGE_MAPPING (ID,LANGUAGE_ID,REFERENCE_ID,REFERENCE_TYPE,TEXT_VALUE) VALUES ('JPLANGUAGE_SEARCH1','9','LANGUAGE_SEARCH','ResourceEntity.displayNameMap','');
INSERT INTO LANGUAGE_MAPPING (ID,LANGUAGE_ID,REFERENCE_ID,REFERENCE_TYPE,TEXT_VALUE) VALUES ('JPMetadataTypeEntity36','9','LdapOrgPerson','MetadataTypeEntity.displayNameMap','LdapOrgPerson');
INSERT INTO LANGUAGE_MAPPING (ID,LANGUAGE_ID,REFERENCE_ID,REFERENCE_TYPE,TEXT_VALUE) VALUES ('JPMetadataTypeEntity37','9','LDAP_Connector','MetadataTypeEntity.displayNameMap','LDAP');
INSERT INTO LANGUAGE_MAPPING (ID,LANGUAGE_ID,REFERENCE_ID,REFERENCE_TYPE,TEXT_VALUE) VALUES ('JPMetadataTypeEntity38','9','LDAP_GROUP_TYPE','MetadataTypeEntity.displayNameMap','LDAP GROUP TYPE');
INSERT INTO LANGUAGE_MAPPING (ID,LANGUAGE_ID,REFERENCE_ID,REFERENCE_TYPE,TEXT_VALUE) VALUES ('JPMetadataTypeEntity39','9','LEAVE','MetadataTypeEntity.displayNameMap','LEAVE');
INSERT INTO LANGUAGE_MAPPING (ID,LANGUAGE_ID,REFERENCE_ID,REFERENCE_TYPE,TEXT_VALUE) VALUES ('JPMetadataTypeEntity40','9','LINUX_Connector','MetadataTypeEntity.displayNameMap','Linux');
INSERT INTO LANGUAGE_MAPPING (ID,LANGUAGE_ID,REFERENCE_ID,REFERENCE_TYPE,TEXT_VALUE) VALUES ('JPLOCATION_MENU_DISPLAY','9','LOCATION','ResourceEntity.displayNameMap','');
INSERT INTO LANGUAGE_MAPPING (ID,LANGUAGE_ID,REFERENCE_ID,REFERENCE_TYPE,TEXT_VALUE) VALUES ('JPMetadataTypeEntity41','9','LOCKED','MetadataTypeEntity.displayNameMap','LOCKED');
INSERT INTO LANGUAGE_MAPPING (ID,LANGUAGE_ID,REFERENCE_ID,REFERENCE_TYPE,TEXT_VALUE) VALUES ('JPMetadataTypeEntity42','9','LOCKED_ADMIN','MetadataTypeEntity.displayNameMap','LOCKED_ADMIN');
INSERT INTO LANGUAGE_MAPPING (ID,LANGUAGE_ID,REFERENCE_ID,REFERENCE_TYPE,TEXT_VALUE) VALUES ('JPMetadataTypeEntity43','9','MANAGED_SYS','MetadataTypeEntity.displayNameMap','');
INSERT INTO LANGUAGE_MAPPING (ID,LANGUAGE_ID,REFERENCE_ID,REFERENCE_TYPE,TEXT_VALUE) VALUES ('JPMANAGED_SYS','9','MANAGED_SYS','ResourceTypeEntity.displayNameMap','');
INSERT INTO LANGUAGE_MAPPING (ID,LANGUAGE_ID,REFERENCE_ID,REFERENCE_TYPE,TEXT_VALUE) VALUES ('JPMetadataTypeEntity44','9','MANAGER','MetadataTypeEntity.displayNameMap','');
INSERT INTO LANGUAGE_MAPPING (ID,LANGUAGE_ID,REFERENCE_ID,REFERENCE_TYPE,TEXT_VALUE) VALUES ('JPMANAGEREQ_MENU_DISPLAY','9','MANAGEREQ','ResourceEntity.displayNameMap','');
INSERT INTO LANGUAGE_MAPPING (ID,LANGUAGE_ID,REFERENCE_ID,REFERENCE_TYPE,TEXT_VALUE) VALUES ('JPMANUALRECON_DESC','9','MANUALRECON','ResourceEntity.displayNameMap','');
INSERT INTO LANGUAGE_MAPPING (ID,LANGUAGE_ID,REFERENCE_ID,REFERENCE_TYPE,TEXT_VALUE) VALUES ('JPMENUS_SEARCH_DC','9','MENUS_SEARCH','ResourceEntity.displayNameMap','');
INSERT INTO LANGUAGE_MAPPING (ID,LANGUAGE_ID,REFERENCE_ID,REFERENCE_TYPE,TEXT_VALUE) VALUES ('JPMetadataTypeEntity45','9','MENU_ITEM','MetadataTypeEntity.displayNameMap','');
INSERT INTO LANGUAGE_MAPPING (ID,LANGUAGE_ID,REFERENCE_ID,REFERENCE_TYPE,TEXT_VALUE) VALUES ('JPMENU_ITEM','9','MENU_ITEM','ResourceTypeEntity.displayNameMap','');
INSERT INTO LANGUAGE_MAPPING (ID,LANGUAGE_ID,REFERENCE_ID,REFERENCE_TYPE,TEXT_VALUE) VALUES ('JPMETADATA_MENU_DISPLAY','9','METADATA','ResourceEntity.displayNameMap','');
INSERT INTO LANGUAGE_MAPPING (ID,LANGUAGE_ID,REFERENCE_ID,REFERENCE_TYPE,TEXT_VALUE) VALUES ('JPMETA_ADMIN_DESC','9','META_ADMIN','ResourceEntity.displayNameMap','');
INSERT INTO LANGUAGE_MAPPING (ID,LANGUAGE_ID,REFERENCE_ID,REFERENCE_TYPE,TEXT_VALUE) VALUES ('JPMETA_EDIT_DESC','9','META_EDIT','ResourceEntity.displayNameMap','');
INSERT INTO LANGUAGE_MAPPING (ID,LANGUAGE_ID,REFERENCE_ID,REFERENCE_TYPE,TEXT_VALUE) VALUES ('JPMETA_SEARCH_DESC','9','META_SEARCH','ResourceEntity.displayNameMap','');
INSERT INTO LANGUAGE_MAPPING (ID,LANGUAGE_ID,REFERENCE_ID,REFERENCE_TYPE,TEXT_VALUE) VALUES ('JPMETA_TYPE_ADMIN_DESC','9','META_TYPE_ADMIN','ResourceEntity.displayNameMap','');
INSERT INTO LANGUAGE_MAPPING (ID,LANGUAGE_ID,REFERENCE_ID,REFERENCE_TYPE,TEXT_VALUE) VALUES ('JPMETA_TYPE_EDIT_DESC','9','META_TYPE_EDIT','ResourceEntity.displayNameMap','');
INSERT INTO LANGUAGE_MAPPING (ID,LANGUAGE_ID,REFERENCE_ID,REFERENCE_TYPE,TEXT_VALUE) VALUES ('JPMETA_TYPE_EDIT_RETURN_DESC','9','META_TYPE_EDIT_RETURN','ResourceEntity.displayNameMap','');
INSERT INTO LANGUAGE_MAPPING (ID,LANGUAGE_ID,REFERENCE_ID,REFERENCE_TYPE,TEXT_VALUE) VALUES ('JPMETA_TYPE_SEARCH_DESC','9','META_TYPE_SEARCH','ResourceEntity.displayNameMap','');
INSERT INTO LANGUAGE_MAPPING (ID,LANGUAGE_ID,REFERENCE_ID,REFERENCE_TYPE,TEXT_VALUE) VALUES ('JPMNGSYS_MENU_DISPLAY','9','MNGSYS','ResourceEntity.displayNameMap','');
INSERT INTO LANGUAGE_MAPPING (ID,LANGUAGE_ID,REFERENCE_ID,REFERENCE_TYPE,TEXT_VALUE) VALUES ('JPMNGSYSRULES_DESC','9','MNGSYSRULES','ResourceEntity.displayNameMap','');
INSERT INTO LANGUAGE_MAPPING (ID,LANGUAGE_ID,REFERENCE_ID,REFERENCE_TYPE,TEXT_VALUE) VALUES ('JPMNGSYS_EDIT_DESC','9','MNGSYS_EDIT','ResourceEntity.displayNameMap','');
INSERT INTO LANGUAGE_MAPPING (ID,LANGUAGE_ID,REFERENCE_ID,REFERENCE_TYPE,TEXT_VALUE) VALUES ('JPMNGSYS_DESC','9','MNGSYS_MENU_ITEM','ResourceEntity.displayNameMap','');
INSERT INTO LANGUAGE_MAPPING (ID,LANGUAGE_ID,REFERENCE_ID,REFERENCE_TYPE,TEXT_VALUE) VALUES ('JPMNGSYS_DSC','9','MNGSYS_NEW','ResourceEntity.displayNameMap','');
INSERT INTO LANGUAGE_MAPPING (ID,LANGUAGE_ID,REFERENCE_ID,REFERENCE_TYPE,TEXT_VALUE) VALUES ('JPMNG_SYS_VIEWER_DESC','9','MNG_SYS_VIEWER','ResourceEntity.displayNameMap','');
INSERT INTO LANGUAGE_MAPPING (ID,LANGUAGE_ID,REFERENCE_ID,REFERENCE_TYPE,TEXT_VALUE) VALUES ('JPMetadataTypeEntity46','9','MULTI_SELECT','MetadataTypeEntity.displayNameMap','');
INSERT INTO LANGUAGE_MAPPING (ID,LANGUAGE_ID,REFERENCE_ID,REFERENCE_TYPE,TEXT_VALUE) VALUES ('JPNEWUSER_MENU_DISPLAY','9','NEWUSER','ResourceEntity.displayNameMap','');
INSERT INTO LANGUAGE_MAPPING (ID,LANGUAGE_ID,REFERENCE_ID,REFERENCE_TYPE,TEXT_VALUE) VALUES ('JPNEWUSER-NOAPPRV_MENU_DISPLAY','9','NEWUSER-NOAPPRV','ResourceEntity.displayNameMap','-');
INSERT INTO LANGUAGE_MAPPING (ID,LANGUAGE_ID,REFERENCE_ID,REFERENCE_TYPE,TEXT_VALUE) VALUES ('JPNEW_AUTH_POLICY_DESC','9','NEW_AUTHENTICATION_POLICY','ResourceEntity.displayNameMap','');
INSERT INTO LANGUAGE_MAPPING (ID,LANGUAGE_ID,REFERENCE_ID,REFERENCE_TYPE,TEXT_VALUE) VALUES ('JPNEW_AUTH_LVL_GRP_DN','9','NEW_AUTH_LVL_GRP','ResourceEntity.displayNameMap','');
INSERT INTO LANGUAGE_MAPPING (ID,LANGUAGE_ID,REFERENCE_ID,REFERENCE_TYPE,TEXT_VALUE) VALUES ('JPNEW_BATCH_TASK_DESC','9','NEW_BATCH_TASK','ResourceEntity.displayNameMap','');
INSERT INTO LANGUAGE_MAPPING (ID,LANGUAGE_ID,REFERENCE_ID,REFERENCE_TYPE,TEXT_VALUE) VALUES ('JPNEW_GROUP_DESC','9','NEW_GROUP','ResourceEntity.displayNameMap','');
INSERT INTO LANGUAGE_MAPPING (ID,LANGUAGE_ID,REFERENCE_ID,REFERENCE_TYPE,TEXT_VALUE) VALUES ('JPNEW_ORG_DESC','9','NEW_ORG','ResourceEntity.displayNameMap','');
INSERT INTO LANGUAGE_MAPPING (ID,LANGUAGE_ID,REFERENCE_ID,REFERENCE_TYPE,TEXT_VALUE) VALUES ('JPNEW_ORG_TYPE_DESC','9','NEW_ORG_TYPE','ResourceEntity.displayNameMap','');
INSERT INTO LANGUAGE_MAPPING (ID,LANGUAGE_ID,REFERENCE_ID,REFERENCE_TYPE,TEXT_VALUE) VALUES ('JPNEW_PASSWORD_POLICY_DESC','9','NEW_PASSWORD_POLICY','ResourceEntity.displayNameMap','');
INSERT INTO LANGUAGE_MAPPING (ID,LANGUAGE_ID,REFERENCE_ID,REFERENCE_TYPE,TEXT_VALUE) VALUES ('JPNEW_POLICY_ATTR_DESC','9','NEW_POLICY_ATTR','ResourceEntity.displayNameMap','');
INSERT INTO LANGUAGE_MAPPING (ID,LANGUAGE_ID,REFERENCE_ID,REFERENCE_TYPE,TEXT_VALUE) VALUES ('JPNEW_ROLE_DESC','9','NEW_ROLE','ResourceEntity.displayNameMap','');
INSERT INTO LANGUAGE_MAPPING (ID,LANGUAGE_ID,REFERENCE_ID,REFERENCE_TYPE,TEXT_VALUE) VALUES ('JPNEW_UI_THEME_DN','9','NEW_UI_THEME','ResourceEntity.displayNameMap','UI');
INSERT INTO LANGUAGE_MAPPING (ID,LANGUAGE_ID,REFERENCE_ID,REFERENCE_TYPE,TEXT_VALUE) VALUES ('JPNEW_USER_DESC','9','NEW_USER','ResourceEntity.displayNameMap','');
INSERT INTO LANGUAGE_MAPPING (ID,LANGUAGE_ID,REFERENCE_ID,REFERENCE_TYPE,TEXT_VALUE) VALUES ('JPMetadataTypeEntity47','9','NO-PROVISION-APP','MetadataTypeEntity.displayNameMap','');
INSERT INTO LANGUAGE_MAPPING (ID,LANGUAGE_ID,REFERENCE_ID,REFERENCE_TYPE,TEXT_VALUE) VALUES ('JPMetadataTypeEntity48','9','OFF-LINE','MetadataTypeEntity.displayNameMap','OFF-LINE');
INSERT INTO LANGUAGE_MAPPING (ID,LANGUAGE_ID,REFERENCE_ID,REFERENCE_TYPE,TEXT_VALUE) VALUES ('JPMetadataTypeEntity49','9','OFFICE_ADDRESS','MetadataTypeEntity.displayNameMap','');
INSERT INTO LANGUAGE_MAPPING (ID,LANGUAGE_ID,REFERENCE_ID,REFERENCE_TYPE,TEXT_VALUE) VALUES ('JPMetadataTypeEntity50','9','OFFICE_PHONE','MetadataTypeEntity.displayNameMap','');
INSERT INTO LANGUAGE_MAPPING (ID,LANGUAGE_ID,REFERENCE_ID,REFERENCE_TYPE,TEXT_VALUE) VALUES ('JPORG_MENU_DISPLAY','9','ORG','ResourceEntity.displayNameMap','');
INSERT INTO LANGUAGE_MAPPING (ID,LANGUAGE_ID,REFERENCE_ID,REFERENCE_TYPE,TEXT_VALUE) VALUES ('JPORGANIZATION','9','ORGANIZATION','OrganizationTypeEntity.displayNameMap','');
INSERT INTO LANGUAGE_MAPPING (ID,LANGUAGE_ID,REFERENCE_ID,REFERENCE_TYPE,TEXT_VALUE) VALUES ('JPORGANIZATION_EDIT_ID_DESC','9','ORGANIZATION_EDIT_ID','ResourceEntity.displayNameMap','');
INSERT INTO LANGUAGE_MAPPING (ID,LANGUAGE_ID,REFERENCE_ID,REFERENCE_TYPE,TEXT_VALUE) VALUES ('JPORGANIZATION_ROOT_ID_DESC','9','ORGANIZATION_ROOT_ID','ResourceEntity.displayNameMap','');
INSERT INTO LANGUAGE_MAPPING (ID,LANGUAGE_ID,REFERENCE_ID,REFERENCE_TYPE,TEXT_VALUE) VALUES ('JPMetadataTypeEntity51','9','OrgOpenIAM','MetadataTypeEntity.displayNameMap','OpenIAM');
INSERT INTO LANGUAGE_MAPPING (ID,LANGUAGE_ID,REFERENCE_ID,REFERENCE_TYPE,TEXT_VALUE) VALUES ('JPORG_APROVER_ASSOC_DN','9','ORG_APROVER_ASSOC','ResourceEntity.displayNameMap','');
INSERT INTO LANGUAGE_MAPPING (ID,LANGUAGE_ID,REFERENCE_ID,REFERENCE_TYPE,TEXT_VALUE) VALUES ('JPORG_MEMBERSHIP_DESC','9','ORG_MEMBERSHIP','ResourceEntity.displayNameMap','');
INSERT INTO LANGUAGE_MAPPING (ID,LANGUAGE_ID,REFERENCE_ID,REFERENCE_TYPE,TEXT_VALUE) VALUES ('JPORG_SEARCH_DESC','9','ORG_SEARCH','ResourceEntity.displayNameMap','');
INSERT INTO LANGUAGE_MAPPING (ID,LANGUAGE_ID,REFERENCE_ID,REFERENCE_TYPE,TEXT_VALUE) VALUES ('JPORG_TYPE_EDIT_SEARCH_DESC','9','ORG_TYPE_EDIT_SEARCH','ResourceEntity.displayNameMap','');
INSERT INTO LANGUAGE_MAPPING (ID,LANGUAGE_ID,REFERENCE_ID,REFERENCE_TYPE,TEXT_VALUE) VALUES ('JPORG_TYPE_SEARCH_DESC','9','ORG_TYPE_SEARCH','ResourceEntity.displayNameMap','');
INSERT INTO LANGUAGE_MAPPING (ID,LANGUAGE_ID,REFERENCE_ID,REFERENCE_TYPE,TEXT_VALUE) VALUES ('JPORG_TYPE_SUBMENU_EDIT_DESC','9','ORG_TYPE_SUBMENU_EDIT','ResourceEntity.displayNameMap','');
INSERT INTO LANGUAGE_MAPPING (ID,LANGUAGE_ID,REFERENCE_ID,REFERENCE_TYPE,TEXT_VALUE) VALUES ('JPORG_TYPE_SUBMENU_ROOT_DESC','9','ORG_TYPE_SUBMENU_ROOT','ResourceEntity.displayNameMap','');
INSERT INTO LANGUAGE_MAPPING (ID,LANGUAGE_ID,REFERENCE_ID,REFERENCE_TYPE,TEXT_VALUE) VALUES ('JPPAGE_TEMPL_EDIT_DESC','9','PAGE_TEMPLATE_EDIT','ResourceEntity.displayNameMap','');
INSERT INTO LANGUAGE_MAPPING (ID,LANGUAGE_ID,REFERENCE_ID,REFERENCE_TYPE,TEXT_VALUE) VALUES ('JPPAGE_TEMPL_EDIT_NEW_DESC','9','PAGE_TEMPLATE_EDIT_NEW','ResourceEntity.displayNameMap','');
INSERT INTO LANGUAGE_MAPPING (ID,LANGUAGE_ID,REFERENCE_ID,REFERENCE_TYPE,TEXT_VALUE) VALUES ('JPPAGE_TEMPL_EDIT_SEARCH_DESC','9','PAGE_TEMPLATE_EDIT_SEARCH','ResourceEntity.displayNameMap','');
INSERT INTO LANGUAGE_MAPPING (ID,LANGUAGE_ID,REFERENCE_ID,REFERENCE_TYPE,TEXT_VALUE) VALUES ('JPPAGE_TEMPL_NEW_DSC','9','PAGE_TEMPLATE_NEW','ResourceEntity.displayNameMap','');
INSERT INTO LANGUAGE_MAPPING (ID,LANGUAGE_ID,REFERENCE_ID,REFERENCE_TYPE,TEXT_VALUE) VALUES ('JPPAGE_TEMPL_ROOT_DESC','9','PAGE_TEMPLATE_ROOT','ResourceEntity.displayNameMap','');
INSERT INTO LANGUAGE_MAPPING (ID,LANGUAGE_ID,REFERENCE_ID,REFERENCE_TYPE,TEXT_VALUE) VALUES ('JPPAGE_TEMPL_SEARCH_DESC','9','PAGE_TEMPLATE_SEARCH','ResourceEntity.displayNameMap','');
INSERT INTO LANGUAGE_MAPPING (ID,LANGUAGE_ID,REFERENCE_ID,REFERENCE_TYPE,TEXT_VALUE) VALUES ('JPMetadataTypeEntity52','9','PASSWORD','MetadataTypeEntity.displayNameMap','');
INSERT INTO LANGUAGE_MAPPING (ID,LANGUAGE_ID,REFERENCE_ID,REFERENCE_TYPE,TEXT_VALUE) VALUES ('JPPOLICY_MENU_DESC','9','PASSWORD_POLICY','ResourceEntity.displayNameMap','');
INSERT INTO LANGUAGE_MAPPING (ID,LANGUAGE_ID,REFERENCE_ID,REFERENCE_TYPE,TEXT_VALUE) VALUES ('JPPASSWORD_POLICY_EDIT_DESC','9','PASSWORD_POLICY_EDIT','ResourceEntity.displayNameMap','');
INSERT INTO LANGUAGE_MAPPING (ID,LANGUAGE_ID,REFERENCE_ID,REFERENCE_TYPE,TEXT_VALUE) VALUES ('JPPOLICY_ROOT_MENU_DESC','9','PASSWORD_POLICY_ROOT_MENU','ResourceEntity.displayNameMap','');
INSERT INTO LANGUAGE_MAPPING (ID,LANGUAGE_ID,REFERENCE_ID,REFERENCE_TYPE,TEXT_VALUE) VALUES ('JPMetadataTypeEntity53','9','PENDING_APPROVAL','MetadataTypeEntity.displayNameMap','PENDING_APPROVAL');
INSERT INTO LANGUAGE_MAPPING (ID,LANGUAGE_ID,REFERENCE_ID,REFERENCE_TYPE,TEXT_VALUE) VALUES ('JPMetadataTypeEntity54','9','PENDING_INITIAL_LOGIN','MetadataTypeEntity.displayNameMap','PENDING_INITIAL_LOGIN');
INSERT INTO LANGUAGE_MAPPING (ID,LANGUAGE_ID,REFERENCE_ID,REFERENCE_TYPE,TEXT_VALUE) VALUES ('JPMetadataTypeEntity55','9','PENDING_START_DATE','MetadataTypeEntity.displayNameMap','PENDING_START_DATE');
INSERT INTO LANGUAGE_MAPPING (ID,LANGUAGE_ID,REFERENCE_ID,REFERENCE_TYPE,TEXT_VALUE) VALUES ('JPMetadataTypeEntity56','9','PENDING_USER_VALIDATION','MetadataTypeEntity.displayNameMap','PENDING_USER_VALIDATION');
INSERT INTO LANGUAGE_MAPPING (ID,LANGUAGE_ID,REFERENCE_ID,REFERENCE_TYPE,TEXT_VALUE) VALUES ('JPPOLICY_ATTR_EDIT_ROOTT_DESC','9','POLICY_ATTR_EDIT_ROOT','ResourceEntity.displayNameMap','');
INSERT INTO LANGUAGE_MAPPING (ID,LANGUAGE_ID,REFERENCE_ID,REFERENCE_TYPE,TEXT_VALUE) VALUES ('JPPOLICY_ATTR_ROOT_DESC','9','POLICY_ATTR_ROOT','ResourceEntity.displayNameMap','');
INSERT INTO LANGUAGE_MAPPING (ID,LANGUAGE_ID,REFERENCE_ID,REFERENCE_TYPE,TEXT_VALUE) VALUES ('JPMetadataTypeEntity57','9','PRIMARY_EMAIL','MetadataTypeEntity.displayNameMap','');
INSERT INTO LANGUAGE_MAPPING (ID,LANGUAGE_ID,REFERENCE_ID,REFERENCE_TYPE,TEXT_VALUE) VALUES ('JPPROFILE_MENU_DISPLAY','9','PROFILE','ResourceEntity.displayNameMap','');
INSERT INTO LANGUAGE_MAPPING (ID,LANGUAGE_ID,REFERENCE_ID,REFERENCE_TYPE,TEXT_VALUE) VALUES ('JPPROVCONNECT_MENU_DISPLAY','9','PROVCONNECT','ResourceEntity.displayNameMap','');
INSERT INTO LANGUAGE_MAPPING (ID,LANGUAGE_ID,REFERENCE_ID,REFERENCE_TYPE,TEXT_VALUE) VALUES ('JPPROVCONNECT_DESC','9','PROVCONNECT_MENU_ITEM','ResourceEntity.displayNameMap','');
INSERT INTO LANGUAGE_MAPPING (ID,LANGUAGE_ID,REFERENCE_ID,REFERENCE_TYPE,TEXT_VALUE) VALUES ('JPPROVISIONING_MENU_DISPLAY','9','PROVISIONING','ResourceEntity.displayNameMap','');
INSERT INTO LANGUAGE_MAPPING (ID,LANGUAGE_ID,REFERENCE_ID,REFERENCE_TYPE,TEXT_VALUE) VALUES ('JPPROV_CONNECTOR_DSC','9','PROV_CONNECTOR_NEW','ResourceEntity.displayNameMap','');
INSERT INTO LANGUAGE_MAPPING (ID,LANGUAGE_ID,REFERENCE_ID,REFERENCE_TYPE,TEXT_VALUE) VALUES ('JPMetadataTypeEntity58','9','RADIO','MetadataTypeEntity.displayNameMap','');
INSERT INTO LANGUAGE_MAPPING (ID,LANGUAGE_ID,REFERENCE_ID,REFERENCE_TYPE,TEXT_VALUE) VALUES ('JPMetadataTypeEntity59','9','RDBMS_Connector','MetadataTypeEntity.displayNameMap','RDBMS');
INSERT INTO LANGUAGE_MAPPING (ID,LANGUAGE_ID,REFERENCE_ID,REFERENCE_TYPE,TEXT_VALUE) VALUES ('JPMetadataTypeEntity60','9','READY','MetadataTypeEntity.displayNameMap','READY');
INSERT INTO LANGUAGE_MAPPING (ID,LANGUAGE_ID,REFERENCE_ID,REFERENCE_TYPE,TEXT_VALUE) VALUES ('JPREPORT_MENU_DISPLAY','9','REPORT','ResourceEntity.displayNameMap','');
INSERT INTO LANGUAGE_MAPPING (ID,LANGUAGE_ID,REFERENCE_ID,REFERENCE_TYPE,TEXT_VALUE) VALUES ('JPREQINBOX_MENU_DISPLAY','9','REQINBOX','ResourceEntity.displayNameMap','');
INSERT INTO LANGUAGE_MAPPING (ID,LANGUAGE_ID,REFERENCE_ID,REFERENCE_TYPE,TEXT_VALUE) VALUES ('JPREQUEST_APPROVAL_DESC','9','REQUEST_APPROVAL','ResourceEntity.displayNameMap','');
INSERT INTO LANGUAGE_MAPPING (ID,LANGUAGE_ID,REFERENCE_ID,REFERENCE_TYPE,TEXT_VALUE) VALUES ('JPRESOURCE_EDIT_PAGE_ROOT_DIS','9','RESOURCE_EDIT_PAGE_ROOT','ResourceEntity.displayNameMap','');
INSERT INTO LANGUAGE_MAPPING (ID,LANGUAGE_ID,REFERENCE_ID,REFERENCE_TYPE,TEXT_VALUE) VALUES ('JPRESPOLICYMAP_MENU_DISPLAY','9','RESPOLICYMAP','ResourceEntity.displayNameMap','');
INSERT INTO LANGUAGE_MAPPING (ID,LANGUAGE_ID,REFERENCE_ID,REFERENCE_TYPE,TEXT_VALUE) VALUES ('JPRESRECONCILE_MENU_DISPLAY','9','RESRECONCILE','ResourceEntity.displayNameMap','');
INSERT INTO LANGUAGE_MAPPING (ID,LANGUAGE_ID,REFERENCE_ID,REFERENCE_TYPE,TEXT_VALUE) VALUES ('JPRESSUMMARY_MENU_DISPLAY','9','RESSUMMARY','ResourceEntity.displayNameMap','');
INSERT INTO LANGUAGE_MAPPING (ID,LANGUAGE_ID,REFERENCE_ID,REFERENCE_TYPE,TEXT_VALUE) VALUES ('JPRES_APROVER_ASSOC_DN','9','RES_APROVER_ASSOC','ResourceEntity.displayNameMap','');
INSERT INTO LANGUAGE_MAPPING (ID,LANGUAGE_ID,REFERENCE_ID,REFERENCE_TYPE,TEXT_VALUE) VALUES ('JPRES_ENT_SUB_DIS','9','RES_ENT_SUB','ResourceEntity.displayNameMap','');
INSERT INTO LANGUAGE_MAPPING (ID,LANGUAGE_ID,REFERENCE_ID,REFERENCE_TYPE,TEXT_VALUE) VALUES ('JPRES_TYPE_DESC','9','RES_TYPE_ITEM','ResourceEntity.displayNameMap','');
INSERT INTO LANGUAGE_MAPPING (ID,LANGUAGE_ID,REFERENCE_ID,REFERENCE_TYPE,TEXT_VALUE) VALUES ('JPRES_TYPE_NEW_DESC','9','RES_TYPE_NEW','ResourceEntity.displayNameMap','');
INSERT INTO LANGUAGE_MAPPING (ID,LANGUAGE_ID,REFERENCE_ID,REFERENCE_TYPE,TEXT_VALUE) VALUES ('JPMetadataTypeEntity61','9','RETIRED','MetadataTypeEntity.displayNameMap','ETIRED');
INSERT INTO LANGUAGE_MAPPING (ID,LANGUAGE_ID,REFERENCE_ID,REFERENCE_TYPE,TEXT_VALUE) VALUES ('JPMetadataTypeEntity62','9','RJ','MetadataTypeEntity.displayNameMap','REJECT');
INSERT INTO LANGUAGE_MAPPING (ID,LANGUAGE_ID,REFERENCE_ID,REFERENCE_TYPE,TEXT_VALUE) VALUES ('JPROLE_APROVER_ASSOC_DN','9','ROLE_APROVER_ASSOC','ResourceEntity.displayNameMap','');
INSERT INTO LANGUAGE_MAPPING (ID,LANGUAGE_ID,REFERENCE_ID,REFERENCE_TYPE,TEXT_VALUE) VALUES ('JPROLE_EDIT_MENU_DESC','9','ROLE_EDIT_MENU','ResourceEntity.displayNameMap','');
INSERT INTO LANGUAGE_MAPPING (ID,LANGUAGE_ID,REFERENCE_ID,REFERENCE_TYPE,TEXT_VALUE) VALUES ('JPROLE_ENTITLEMENTS_DESC','9','ROLE_ENTITLEMENTS','ResourceEntity.displayNameMap','');
INSERT INTO LANGUAGE_MAPPING (ID,LANGUAGE_ID,REFERENCE_ID,REFERENCE_TYPE,TEXT_VALUE) VALUES ('JPROLE_MENUS_DESC','9','ROLE_MENUS','ResourceEntity.displayNameMap','');
INSERT INTO LANGUAGE_MAPPING (ID,LANGUAGE_ID,REFERENCE_ID,REFERENCE_TYPE,TEXT_VALUE) VALUES ('JPROLE_ROOT_MENU_DESC','9','ROLE_ROOT_MENU','ResourceEntity.displayNameMap','');
INSERT INTO LANGUAGE_MAPPING (ID,LANGUAGE_ID,REFERENCE_ID,REFERENCE_TYPE,TEXT_VALUE) VALUES ('JPROLE_SEARCH_DESC','9','ROLE_SEARCH','ResourceEntity.displayNameMap','');
INSERT INTO LANGUAGE_MAPPING (ID,LANGUAGE_ID,REFERENCE_ID,REFERENCE_TYPE,TEXT_VALUE) VALUES ('JPMetadataTypeEntity63','9','SALES REP','MetadataTypeEntity.displayNameMap','SALES REP');
INSERT INTO LANGUAGE_MAPPING (ID,LANGUAGE_ID,REFERENCE_ID,REFERENCE_TYPE,TEXT_VALUE) VALUES ('JPMetadataTypeEntity64','9','SCRIPT_Connector','MetadataTypeEntity.displayNameMap','');
INSERT INTO LANGUAGE_MAPPING (ID,LANGUAGE_ID,REFERENCE_ID,REFERENCE_TYPE,TEXT_VALUE) VALUES ('JPSEARCH_BATCH_EDIT_DESC','9','SEARCH_BATCH_EDIT','ResourceEntity.displayNameMap','');
INSERT INTO LANGUAGE_MAPPING (ID,LANGUAGE_ID,REFERENCE_ID,REFERENCE_TYPE,TEXT_VALUE) VALUES ('JPSEARCH_BATCH_NEW_DESC','9','SEARCH_BATCH_NEW','ResourceEntity.displayNameMap','');
INSERT INTO LANGUAGE_MAPPING (ID,LANGUAGE_ID,REFERENCE_ID,REFERENCE_TYPE,TEXT_VALUE) VALUES ('JPMetadataTypeEntity65','9','SECURITY MANAGER','MetadataTypeEntity.displayNameMap','SECURITY MANAGER');
INSERT INTO LANGUAGE_MAPPING (ID,LANGUAGE_ID,REFERENCE_ID,REFERENCE_TYPE,TEXT_VALUE) VALUES ('JPSECURITY_GROUP_MENU_DISPLAY','9','SECURITY_GROUP','ResourceEntity.displayNameMap','');
INSERT INTO LANGUAGE_MAPPING (ID,LANGUAGE_ID,REFERENCE_ID,REFERENCE_TYPE,TEXT_VALUE) VALUES ('JPSECURITY_POLICY_MENU_DISPLAY','9','SECURITY_POLICY','ResourceEntity.displayNameMap','');
INSERT INTO LANGUAGE_MAPPING (ID,LANGUAGE_ID,REFERENCE_ID,REFERENCE_TYPE,TEXT_VALUE) VALUES ('JPSECURITY_RES_MENU_DISPLAY','9','SECURITY_RES','ResourceEntity.displayNameMap','');
INSERT INTO LANGUAGE_MAPPING (ID,LANGUAGE_ID,REFERENCE_ID,REFERENCE_TYPE,TEXT_VALUE) VALUES ('JPSECURITY_ROLE_MENU_DISPLAY','9','SECURITY_ROLE','ResourceEntity.displayNameMap','');
INSERT INTO LANGUAGE_MAPPING (ID,LANGUAGE_ID,REFERENCE_ID,REFERENCE_TYPE,TEXT_VALUE) VALUES ('JPMetadataTypeEntity66','9','SELECT','MetadataTypeEntity.displayNameMap','');
INSERT INTO LANGUAGE_MAPPING (ID,LANGUAGE_ID,REFERENCE_ID,REFERENCE_TYPE,TEXT_VALUE) VALUES ('JPSELFCENTER_MENU_DISPLAY','9','SELFCENTER','ResourceEntity.displayNameMap','');
INSERT INTO LANGUAGE_MAPPING (ID,LANGUAGE_ID,REFERENCE_ID,REFERENCE_TYPE,TEXT_VALUE) VALUES ('JPSELFSERVE_SUP_SUB_DESC','9','SELFSERVE_SUP_SUB','ResourceEntity.displayNameMap',' & ');
INSERT INTO LANGUAGE_MAPPING (ID,LANGUAGE_ID,REFERENCE_ID,REFERENCE_TYPE,TEXT_VALUE) VALUES ('JPSELFSERVICE_MENU_DISPLAY','9','SELFSERVICE','ResourceEntity.displayNameMap','SELF SERVICE');
INSERT INTO LANGUAGE_MAPPING (ID,LANGUAGE_ID,REFERENCE_ID,REFERENCE_TYPE,TEXT_VALUE) VALUES ('JPSELFSERVICE_EXT_DN','9','SELFSERVICE_EXT','ResourceEntity.displayNameMap','SelfService');
INSERT INTO LANGUAGE_MAPPING (ID,LANGUAGE_ID,REFERENCE_ID,REFERENCE_TYPE,TEXT_VALUE) VALUES ('JPSELFSERVICE_GROUPS_DN','9','SELFSERVICE_GROUPS','ResourceEntity.displayNameMap','');
INSERT INTO LANGUAGE_MAPPING (ID,LANGUAGE_ID,REFERENCE_ID,REFERENCE_TYPE,TEXT_VALUE) VALUES ('JPSELFSERVICE_MYAPPS_DESC','9','SELFSERVICE_MYAPPS','ResourceEntity.displayNameMap','');
INSERT INTO LANGUAGE_MAPPING (ID,LANGUAGE_ID,REFERENCE_ID,REFERENCE_TYPE,TEXT_VALUE) VALUES ('JPSELFSERVICE_MYINFO_DESC','9','SELFSERVICE_MYINFO','ResourceEntity.displayNameMap','');
INSERT INTO LANGUAGE_MAPPING (ID,LANGUAGE_ID,REFERENCE_ID,REFERENCE_TYPE,TEXT_VALUE) VALUES ('JPSELFSERVICE_REPORT_DESC','9','SELFSERVICE_REPORT','ResourceEntity.displayNameMap','');
INSERT INTO LANGUAGE_MAPPING (ID,LANGUAGE_ID,REFERENCE_ID,REFERENCE_TYPE,TEXT_VALUE) VALUES ('JPSELFSERVICE_RESOURCES_DN','9','SELFSERVICE_RESOURCES','ResourceEntity.displayNameMap','');
INSERT INTO LANGUAGE_MAPPING (ID,LANGUAGE_ID,REFERENCE_ID,REFERENCE_TYPE,TEXT_VALUE) VALUES ('JPSELFSERVICE_ROLES_DN','9','SELFSERVICE_ROLES','ResourceEntity.displayNameMap','');
INSERT INTO LANGUAGE_MAPPING (ID,LANGUAGE_ID,REFERENCE_ID,REFERENCE_TYPE,TEXT_VALUE) VALUES ('JPSS_ACCESS_REVIEW_DESC','9','SELFSERV_ACCESS_REVIEW','ResourceEntity.displayNameMap','');
INSERT INTO LANGUAGE_MAPPING (ID,LANGUAGE_ID,REFERENCE_ID,REFERENCE_TYPE,TEXT_VALUE) VALUES ('JPSELFSERV_GRP_BACK_SRCH_DN','9','SELFSERV_GRP_BACK_SRCH','ResourceEntity.displayNameMap','');
INSERT INTO LANGUAGE_MAPPING (ID,LANGUAGE_ID,REFERENCE_ID,REFERENCE_TYPE,TEXT_VALUE) VALUES ('JPSELFSERV_GRP_EDIT_DN','9','SELFSERV_GRP_EDIT','ResourceEntity.displayNameMap','');
INSERT INTO LANGUAGE_MAPPING (ID,LANGUAGE_ID,REFERENCE_ID,REFERENCE_TYPE,TEXT_VALUE) VALUES ('JPSELFSERV_GRP_NEW_DN','9','SELFSERV_GRP_NEW','ResourceEntity.displayNameMap','');
INSERT INTO LANGUAGE_MAPPING (ID,LANGUAGE_ID,REFERENCE_ID,REFERENCE_TYPE,TEXT_VALUE) VALUES ('JPSELFSERV_ROLE_NEW_DN','9','SELFSERV_ROLE_NEW','ResourceEntity.displayNameMap','');
INSERT INTO LANGUAGE_MAPPING (ID,LANGUAGE_ID,REFERENCE_ID,REFERENCE_TYPE,TEXT_VALUE) VALUES ('JPSELFSERV_USER_EDIT_DESC','9','SELFSERV_USER_EDIT','ResourceEntity.displayNameMap','');
INSERT INTO LANGUAGE_MAPPING (ID,LANGUAGE_ID,REFERENCE_ID,REFERENCE_TYPE,TEXT_VALUE) VALUES ('JPSS_USR_EDIT_RT_DESC','9','SELFSERV_USER_EDIT_ROOT','ResourceEntity.displayNameMap','SelfService');
INSERT INTO LANGUAGE_MAPPING (ID,LANGUAGE_ID,REFERENCE_ID,REFERENCE_TYPE,TEXT_VALUE) VALUES ('JPSS_USER_MEMSHP_DES','9','SELFSERV_USER_MEMSHP','ResourceEntity.displayNameMap','');
INSERT INTO LANGUAGE_MAPPING (ID,LANGUAGE_ID,REFERENCE_ID,REFERENCE_TYPE,TEXT_VALUE) VALUES ('JPSS_USER_LOGIN_DESC','9','SELFSER_USER_LOGIN','ResourceEntity.displayNameMap','');
INSERT INTO LANGUAGE_MAPPING (ID,LANGUAGE_ID,REFERENCE_ID,REFERENCE_TYPE,TEXT_VALUE) VALUES ('JPSS_USER_NEW_LOGIN_DESC','9','SELFSER_USER_NEW_LOGIN','ResourceEntity.displayNameMap','');
INSERT INTO LANGUAGE_MAPPING (ID,LANGUAGE_ID,REFERENCE_ID,REFERENCE_TYPE,TEXT_VALUE) VALUES ('JPSS_ACCESS_MNGMNT_ORG_DESC','9','SELFSRVS_ACCESS_MNGMNT_ORG','ResourceEntity.displayNameMap','');
INSERT INTO LANGUAGE_MAPPING (ID,LANGUAGE_ID,REFERENCE_ID,REFERENCE_TYPE,TEXT_VALUE) VALUES ('JPSS_EXAMPLE_DN','9','SELFSRV_EXAMPLE','ResourceEntity.displayNameMap','');
INSERT INTO LANGUAGE_MAPPING (ID,LANGUAGE_ID,REFERENCE_ID,REFERENCE_TYPE,TEXT_VALUE) VALUES ('JPSS_GRP_EDIT_ROOT_DESC','9','SELFSRV_GRP_EDIT_ROOT','ResourceEntity.displayNameMap','SelfService');
INSERT INTO LANGUAGE_MAPPING (ID,LANGUAGE_ID,REFERENCE_ID,REFERENCE_TYPE,TEXT_VALUE) VALUES ('JPSS_GRP_SRCH_ROOT_DESC','9','SELFSRV_GRP_SRCH_ROOT','ResourceEntity.displayNameMap','SelfService');
INSERT INTO LANGUAGE_MAPPING (ID,LANGUAGE_ID,REFERENCE_ID,REFERENCE_TYPE,TEXT_VALUE) VALUES ('JPSS_RES_BACK_SRCH_DN','9','SELFSRV_RES_BACK_SRCH','ResourceEntity.displayNameMap','');
INSERT INTO LANGUAGE_MAPPING (ID,LANGUAGE_ID,REFERENCE_ID,REFERENCE_TYPE,TEXT_VALUE) VALUES ('JPSS_RES_EDIT_DN','9','SELFSRV_RES_EDIT','ResourceEntity.displayNameMap','');
INSERT INTO LANGUAGE_MAPPING (ID,LANGUAGE_ID,REFERENCE_ID,REFERENCE_TYPE,TEXT_VALUE) VALUES ('JPSS_RES_EDIT_ROOT_DESC','9','SELFSRV_RES_EDIT_ROOT','ResourceEntity.displayNameMap','SelfService');
INSERT INTO LANGUAGE_MAPPING (ID,LANGUAGE_ID,REFERENCE_ID,REFERENCE_TYPE,TEXT_VALUE) VALUES ('JPSS_RES_NEW_DN','9','SELFSRV_RES_NEW','ResourceEntity.displayNameMap','');
INSERT INTO LANGUAGE_MAPPING (ID,LANGUAGE_ID,REFERENCE_ID,REFERENCE_TYPE,TEXT_VALUE) VALUES ('JPSS_RES_SRCH_ROOT_DN','9','SELFSRV_RES_SRCH_ROOT','ResourceEntity.displayNameMap','SelfService');
INSERT INTO LANGUAGE_MAPPING (ID,LANGUAGE_ID,REFERENCE_ID,REFERENCE_TYPE,TEXT_VALUE) VALUES ('JPSS_ROLE_BACK_SRCH_DN','9','SELFSRV_ROLE_BACK_SRCH','ResourceEntity.displayNameMap','');
INSERT INTO LANGUAGE_MAPPING (ID,LANGUAGE_ID,REFERENCE_ID,REFERENCE_TYPE,TEXT_VALUE) VALUES ('JPSS_ROLE_EDIT_DN','9','SELFSRV_ROLE_EDIT','ResourceEntity.displayNameMap','');
INSERT INTO LANGUAGE_MAPPING (ID,LANGUAGE_ID,REFERENCE_ID,REFERENCE_TYPE,TEXT_VALUE) VALUES ('JPSS_ROLE_EDIT_ROOT_DESC','9','SELFSRV_ROLE_EDIT_ROOT','ResourceEntity.displayNameMap','SelfService');
INSERT INTO LANGUAGE_MAPPING (ID,LANGUAGE_ID,REFERENCE_ID,REFERENCE_TYPE,TEXT_VALUE) VALUES ('JPSS_ROLE_SRCH_ROOT_DN','9','SELFSRV_ROLE_SRCH_ROOT','ResourceEntity.displayNameMap','SelfService');
INSERT INTO LANGUAGE_MAPPING (ID,LANGUAGE_ID,REFERENCE_ID,REFERENCE_TYPE,TEXT_VALUE) VALUES ('JPSELF_QUERYUSER_MENU_DISPLAY','9','SELF_QUERYUSER','ResourceEntity.displayNameMap','');
INSERT INTO LANGUAGE_MAPPING (ID,LANGUAGE_ID,REFERENCE_ID,REFERENCE_TYPE,TEXT_VALUE) VALUES ('JPSELF_SUB_ORGS_EDIT_DESC','9','SELF_SUB_ORGS_EDIT','ResourceEntity.displayNameMap','');
INSERT INTO LANGUAGE_MAPPING (ID,LANGUAGE_ID,REFERENCE_ID,REFERENCE_TYPE,TEXT_VALUE) VALUES ('JPSELF_SUB_ORGS_NEW_DESC','9','SELF_SUB_ORGS_NEW','ResourceEntity.displayNameMap','');
INSERT INTO LANGUAGE_MAPPING (ID,LANGUAGE_ID,REFERENCE_ID,REFERENCE_TYPE,TEXT_VALUE) VALUES ('JPSELF_SUB_ORGS_SEARCH_DESC','9','SELF_SUB_ORGS_SEARCH','ResourceEntity.displayNameMap','');
INSERT INTO LANGUAGE_MAPPING (ID,LANGUAGE_ID,REFERENCE_ID,REFERENCE_TYPE,TEXT_VALUE) VALUES ('JPSELF_SUB_REPORT_NEW_DSC','9','SELF_SUB_REPORT_NEW','ResourceEntity.displayNameMap','');
INSERT INTO LANGUAGE_MAPPING (ID,LANGUAGE_ID,REFERENCE_ID,REFERENCE_TYPE,TEXT_VALUE) VALUES ('JPSELF_SUB_REPORT_ROOT_DESC','9','SELF_SUB_REPORT_ROOT','ResourceEntity.displayNameMap','');
INSERT INTO LANGUAGE_MAPPING (ID,LANGUAGE_ID,REFERENCE_ID,REFERENCE_TYPE,TEXT_VALUE) VALUES ('JPSELF_VIEW_REPORT_NEW_DSC','9','SELF_VIEW_REPORT_NEW','ResourceEntity.displayNameMap','');
INSERT INTO LANGUAGE_MAPPING (ID,LANGUAGE_ID,REFERENCE_ID,REFERENCE_TYPE,TEXT_VALUE) VALUES ('JPSELF_VIEW_REPORT_ROOT_DESC','9','SELF_VIEW_REPORT_ROOT','ResourceEntity.displayNameMap','');
INSERT INTO LANGUAGE_MAPPING (ID,LANGUAGE_ID,REFERENCE_ID,REFERENCE_TYPE,TEXT_VALUE) VALUES ('JPMetadataTypeEntity67','9','SERVICE REP','MetadataTypeEntity.displayNameMap','SERVICE REP');
INSERT INTO LANGUAGE_MAPPING (ID,LANGUAGE_ID,REFERENCE_ID,REFERENCE_TYPE,TEXT_VALUE) VALUES ('JPMetadataTypeEntity68','9','SOAP_Connector','MetadataTypeEntity.displayNameMap','SOAP');
INSERT INTO LANGUAGE_MAPPING (ID,LANGUAGE_ID,REFERENCE_ID,REFERENCE_TYPE,TEXT_VALUE) VALUES ('JPSS_GRP_ENT_DN','9','SS_GRP_ENT','ResourceEntity.displayNameMap','');
INSERT INTO LANGUAGE_MAPPING (ID,LANGUAGE_ID,REFERENCE_ID,REFERENCE_TYPE,TEXT_VALUE) VALUES ('JPSS_ORG_BACK_SEARCH_DN','9','SS_ORG_BACK_SEARCH','ResourceEntity.displayNameMap','');
INSERT INTO LANGUAGE_MAPPING (ID,LANGUAGE_ID,REFERENCE_ID,REFERENCE_TYPE,TEXT_VALUE) VALUES ('JPSS_RES_ENT_DN','9','SS_RES_ENT','ResourceEntity.displayNameMap','');
INSERT INTO LANGUAGE_MAPPING (ID,LANGUAGE_ID,REFERENCE_ID,REFERENCE_TYPE,TEXT_VALUE) VALUES ('JPSS_ROLE_ENT_DN','9','SS_ROLE_ENT','ResourceEntity.displayNameMap','');
INSERT INTO LANGUAGE_MAPPING (ID,LANGUAGE_ID,REFERENCE_ID,REFERENCE_TYPE,TEXT_VALUE) VALUES ('JPSUBSCRIBE_MENU_DESC','9','SUBSCRIBE','ResourceEntity.displayNameMap','');
INSERT INTO LANGUAGE_MAPPING (ID,LANGUAGE_ID,REFERENCE_ID,REFERENCE_TYPE,TEXT_VALUE) VALUES ('JPSUBSIDIARY','9','SUBSIDIARY','OrganizationTypeEntity.displayNameMap','');
INSERT INTO LANGUAGE_MAPPING (ID,LANGUAGE_ID,REFERENCE_ID,REFERENCE_TYPE,TEXT_VALUE) VALUES ('JPSUP_SUB_PAGE_DIS','9','SUP_SUB_PAGE','ResourceEntity.displayNameMap',' & ');
INSERT INTO LANGUAGE_MAPPING (ID,LANGUAGE_ID,REFERENCE_ID,REFERENCE_TYPE,TEXT_VALUE) VALUES ('JPSYNCLOG_ADMIN_DESC','9','SYNCLOG','ResourceEntity.displayNameMap','');
INSERT INTO LANGUAGE_MAPPING (ID,LANGUAGE_ID,REFERENCE_ID,REFERENCE_TYPE,TEXT_VALUE) VALUES ('JPSYNCLOG_DESC','9','SYNCLOG_MENU_ITEM','ResourceEntity.displayNameMap','');
INSERT INTO LANGUAGE_MAPPING (ID,LANGUAGE_ID,REFERENCE_ID,REFERENCE_TYPE,TEXT_VALUE) VALUES ('JPSYNCUSER_MENU_DISPLAY','9','SYNCUSER','ResourceEntity.displayNameMap','');
INSERT INTO LANGUAGE_MAPPING (ID,LANGUAGE_ID,REFERENCE_ID,REFERENCE_TYPE,TEXT_VALUE) VALUES ('JPSYNCUSER_EDIT_DESC','9','SYNCUSER_EDIT','ResourceEntity.displayNameMap','');
INSERT INTO LANGUAGE_MAPPING (ID,LANGUAGE_ID,REFERENCE_ID,REFERENCE_TYPE,TEXT_VALUE) VALUES ('JPSYNCUSER_DESC','9','SYNCUSER_MENU_ITEM','ResourceEntity.displayNameMap','');
INSERT INTO LANGUAGE_MAPPING (ID,LANGUAGE_ID,REFERENCE_ID,REFERENCE_TYPE,TEXT_VALUE) VALUES ('JPSYNCUSER_NEW_DESC','9','SYNCUSER_NEW','ResourceEntity.displayNameMap','');
INSERT INTO LANGUAGE_MAPPING (ID,LANGUAGE_ID,REFERENCE_ID,REFERENCE_TYPE,TEXT_VALUE) VALUES ('JPSYNCUSER_POLICYMAP_DESC','9','SYNCUSER_POLICYMAP','ResourceEntity.displayNameMap','');
INSERT INTO LANGUAGE_MAPPING (ID,LANGUAGE_ID,REFERENCE_ID,REFERENCE_TYPE,TEXT_VALUE) VALUES ('JPMetadataTypeEntity69','9','SYS ACCOUNT','MetadataTypeEntity.displayNameMap','SYSTEM ACCOUNT');
INSERT INTO LANGUAGE_MAPPING (ID,LANGUAGE_ID,REFERENCE_ID,REFERENCE_TYPE,TEXT_VALUE) VALUES ('JPMetadataTypeEntity70','9','SystemAccount','MetadataTypeEntity.displayNameMap','');
INSERT INTO LANGUAGE_MAPPING (ID,LANGUAGE_ID,REFERENCE_ID,REFERENCE_TYPE,TEXT_VALUE) VALUES ('JPMetadataTypeEntity71','9','SYS_ACTION','MetadataTypeEntity.displayNameMap','');
INSERT INTO LANGUAGE_MAPPING (ID,LANGUAGE_ID,REFERENCE_ID,REFERENCE_TYPE,TEXT_VALUE) VALUES ('JPSYS_ACTION','9','SYS_ACTION','ResourceTypeEntity.displayNameMap','');
INSERT INTO LANGUAGE_MAPPING (ID,LANGUAGE_ID,REFERENCE_ID,REFERENCE_TYPE,TEXT_VALUE) VALUES ('JPTEMPLATE_SEARCH_CHILD_DESC','9','TEMPLATE_SEARCH_CHILD','ResourceEntity.displayNameMap','');
INSERT INTO LANGUAGE_MAPPING (ID,LANGUAGE_ID,REFERENCE_ID,REFERENCE_TYPE,TEXT_VALUE) VALUES ('JPMetadataTypeEntity72','9','TERMINATE','MetadataTypeEntity.displayNameMap','TERMINATE');
INSERT INTO LANGUAGE_MAPPING (ID,LANGUAGE_ID,REFERENCE_ID,REFERENCE_TYPE,TEXT_VALUE) VALUES ('JPMetadataTypeEntity73','9','TEXT','MetadataTypeEntity.displayNameMap','');
INSERT INTO LANGUAGE_MAPPING (ID,LANGUAGE_ID,REFERENCE_ID,REFERENCE_TYPE,TEXT_VALUE) VALUES ('JPMetadataTypeEntity74','9','TEXTAREA','MetadataTypeEntity.displayNameMap','');
INSERT INTO LANGUAGE_MAPPING (ID,LANGUAGE_ID,REFERENCE_ID,REFERENCE_TYPE,TEXT_VALUE) VALUES ('JPMetadataTypeEntity75','9','UB','MetadataTypeEntity.displayNameMap','UN-DISABLE');
INSERT INTO LANGUAGE_MAPPING (ID,LANGUAGE_ID,REFERENCE_ID,REFERENCE_TYPE,TEXT_VALUE) VALUES ('JPMetadataTypeEntity76','9','UI_TEMPLATE','MetadataTypeEntity.displayNameMap','UI_TEMPLATE');
INSERT INTO LANGUAGE_MAPPING (ID,LANGUAGE_ID,REFERENCE_ID,REFERENCE_TYPE,TEXT_VALUE) VALUES ('JPUI_TEMPLATE','9','UI_TEMPLATE','ResourceTypeEntity.displayNameMap','UI');
INSERT INTO LANGUAGE_MAPPING (ID,LANGUAGE_ID,REFERENCE_ID,REFERENCE_TYPE,TEXT_VALUE) VALUES ('JPUI_THEMES_DN','9','UI_THEMES','ResourceEntity.displayNameMap','UI');
INSERT INTO LANGUAGE_MAPPING (ID,LANGUAGE_ID,REFERENCE_ID,REFERENCE_TYPE,TEXT_VALUE) VALUES ('JPUI_THEME_BACK_SRCH_DN','9','UI_THEME_BACK_SRCH','ResourceEntity.displayNameMap','');
INSERT INTO LANGUAGE_MAPPING (ID,LANGUAGE_ID,REFERENCE_ID,REFERENCE_TYPE,TEXT_VALUE) VALUES ('JPUI_THEME_EDIT_DN','9','UI_THEME_EDIT','ResourceEntity.displayNameMap','UI');
INSERT INTO LANGUAGE_MAPPING (ID,LANGUAGE_ID,REFERENCE_ID,REFERENCE_TYPE,TEXT_VALUE) VALUES ('JPUI_THEME_EDIT_MODIFY_DN','9','UI_THEME_EDIT_MODIFY','ResourceEntity.displayNameMap','UI');
INSERT INTO LANGUAGE_MAPPING (ID,LANGUAGE_ID,REFERENCE_ID,REFERENCE_TYPE,TEXT_VALUE) VALUES ('JPUI_THEME_ROOT_DN','9','UI_THEME_ROOT','ResourceEntity.displayNameMap','UI');
INSERT INTO LANGUAGE_MAPPING (ID,LANGUAGE_ID,REFERENCE_ID,REFERENCE_TYPE,TEXT_VALUE) VALUES ('JPUI_THEME_ROOT_SRCH_DN','9','UI_THEME_ROOT_SRCH','ResourceEntity.displayNameMap','UI');
INSERT INTO LANGUAGE_MAPPING (ID,LANGUAGE_ID,REFERENCE_ID,REFERENCE_TYPE,TEXT_VALUE) VALUES ('JPMetadataTypeEntity77','9','UI_WIDGET','MetadataTypeEntity.displayNameMap','UI_WIDGET');
INSERT INTO LANGUAGE_MAPPING (ID,LANGUAGE_ID,REFERENCE_ID,REFERENCE_TYPE,TEXT_VALUE) VALUES ('JPUI_WIDGET','9','UI_WIDGET','ResourceTypeEntity.displayNameMap','UI');
INSERT INTO LANGUAGE_MAPPING (ID,LANGUAGE_ID,REFERENCE_ID,REFERENCE_TYPE,TEXT_VALUE) VALUES ('JPUPLOAD_CUST_PSWD_POLICY_DESC','9','UPLOAD_CUST_PSWD_POLICY','ResourceEntity.displayNameMap','');
INSERT INTO LANGUAGE_MAPPING (ID,LANGUAGE_ID,REFERENCE_ID,REFERENCE_TYPE,TEXT_VALUE) VALUES ('JPURI_META_BACK_DESC','9','URI_META_BACK','ResourceEntity.displayNameMap','');
INSERT INTO LANGUAGE_MAPPING (ID,LANGUAGE_ID,REFERENCE_ID,REFERENCE_TYPE,TEXT_VALUE) VALUES ('JPURI_META_EDIT_DESC','9','URI_META_EDIT','ResourceEntity.displayNameMap','URI');
INSERT INTO LANGUAGE_MAPPING (ID,LANGUAGE_ID,REFERENCE_ID,REFERENCE_TYPE,TEXT_VALUE) VALUES ('JPUP_EDIT_DESC','9','URI_PATTERN_EDIT','ResourceEntity.displayNameMap','URI');
INSERT INTO LANGUAGE_MAPPING (ID,LANGUAGE_ID,REFERENCE_ID,REFERENCE_TYPE,TEXT_VALUE) VALUES ('JPUP_EDNW_PATTERN_DESC','9','URI_PATTERN_EDIT_NEW_PATTERN','ResourceEntity.displayNameMap','URI');
INSERT INTO LANGUAGE_MAPPING (ID,LANGUAGE_ID,REFERENCE_ID,REFERENCE_TYPE,TEXT_VALUE) VALUES ('JPUP_EDIT_PATTERN_DESC','9','URI_PATTERN_EDIT_PATTERN','ResourceEntity.displayNameMap','URI');
INSERT INTO LANGUAGE_MAPPING (ID,LANGUAGE_ID,REFERENCE_ID,REFERENCE_TYPE,TEXT_VALUE) VALUES ('JPUP_EDT_PROV_SEARCH_DESC','9','URI_PATTERN_EDT_PROV_SEARCH','ResourceEntity.displayNameMap','');
INSERT INTO LANGUAGE_MAPPING (ID,LANGUAGE_ID,REFERENCE_ID,REFERENCE_TYPE,TEXT_VALUE) VALUES ('JPMetadataTypeEntity78','9','URL','MetadataTypeEntity.displayNameMap','URL');
INSERT INTO LANGUAGE_MAPPING (ID,LANGUAGE_ID,REFERENCE_ID,REFERENCE_TYPE,TEXT_VALUE) VALUES ('JPMetadataTypeEntity79','9','URL_PATTERN','MetadataTypeEntity.displayNameMap','Url');
INSERT INTO LANGUAGE_MAPPING (ID,LANGUAGE_ID,REFERENCE_ID,REFERENCE_TYPE,TEXT_VALUE) VALUES ('JPURL_PATTERN','9','URL_PATTERN','ResourceTypeEntity.displayNameMap','Url');
INSERT INTO LANGUAGE_MAPPING (ID,LANGUAGE_ID,REFERENCE_ID,REFERENCE_TYPE,TEXT_VALUE) VALUES ('JPUSER_MENU_DESC','9','USER','ResourceEntity.displayNameMap','');
INSERT INTO LANGUAGE_MAPPING (ID,LANGUAGE_ID,REFERENCE_ID,REFERENCE_TYPE,TEXT_VALUE) VALUES ('JPUSER_ATTRIBUTES_DESC','9','USER_ATTRIBUTES','ResourceEntity.displayNameMap','');
INSERT INTO LANGUAGE_MAPPING (ID,LANGUAGE_ID,REFERENCE_ID,REFERENCE_TYPE,TEXT_VALUE) VALUES ('JPUSER_BULK_MENU_DISPLAY','9','USER_BULK','ResourceEntity.displayNameMap','');
INSERT INTO LANGUAGE_MAPPING (ID,LANGUAGE_ID,REFERENCE_ID,REFERENCE_TYPE,TEXT_VALUE) VALUES ('JPUSER_DELEGATION_DESC','9','USER_DELEGATION','ResourceEntity.displayNameMap','');
INSERT INTO LANGUAGE_MAPPING (ID,LANGUAGE_ID,REFERENCE_ID,REFERENCE_TYPE,TEXT_VALUE) VALUES ('JPUSER_EDIT_CONTACT_INFO_DESC','9','USER_EDIT_CONTACT_INFO','ResourceEntity.displayNameMap','');
INSERT INTO LANGUAGE_MAPPING (ID,LANGUAGE_ID,REFERENCE_ID,REFERENCE_TYPE,TEXT_VALUE) VALUES ('JPUSER_EDIT_INFO_DESC','9','USER_EDIT_INFO','ResourceEntity.displayNameMap','');
INSERT INTO LANGUAGE_MAPPING (ID,LANGUAGE_ID,REFERENCE_ID,REFERENCE_TYPE,TEXT_VALUE) VALUES ('JPUSER_EDIT_MENU_DESC','9','USER_EDIT_MENU','ResourceEntity.displayNameMap','');
INSERT INTO LANGUAGE_MAPPING (ID,LANGUAGE_ID,REFERENCE_ID,REFERENCE_TYPE,TEXT_VALUE) VALUES ('JPUSER_ENTITLEMENTS_DESC','9','USER_ENTITLEMENTS','ResourceEntity.displayNameMap','');
INSERT INTO LANGUAGE_MAPPING (ID,LANGUAGE_ID,REFERENCE_ID,REFERENCE_TYPE,TEXT_VALUE) VALUES ('JPUSER_HISTORY_DESC','9','USER_HISTORY','ResourceEntity.displayNameMap','');
INSERT INTO LANGUAGE_MAPPING (ID,LANGUAGE_ID,REFERENCE_ID,REFERENCE_TYPE,TEXT_VALUE) VALUES ('JPUSER_IDENTITY_DESC','9','USER_IDENTITY','ResourceEntity.displayNameMap','');
INSERT INTO LANGUAGE_MAPPING (ID,LANGUAGE_ID,REFERENCE_ID,REFERENCE_TYPE,TEXT_VALUE) VALUES ('JPUSER_MENUS_DESC','9','USER_MENUS','ResourceEntity.displayNameMap','');
INSERT INTO LANGUAGE_MAPPING (ID,LANGUAGE_ID,REFERENCE_ID,REFERENCE_TYPE,TEXT_VALUE) VALUES ('JPUSER_RESET_PASSWORD_DESC','9','USER_RESET_PASSWORD','ResourceEntity.displayNameMap','');
INSERT INTO LANGUAGE_MAPPING (ID,LANGUAGE_ID,REFERENCE_ID,REFERENCE_TYPE,TEXT_VALUE) VALUES ('JPUSER_ROOT_MENU_DESC','9','USER_ROOT_MENU','ResourceEntity.displayNameMap','');
INSERT INTO LANGUAGE_MAPPING (ID,LANGUAGE_ID,REFERENCE_ID,REFERENCE_TYPE,TEXT_VALUE) VALUES ('JPUSER_SEARCH_DESC','9','USER_SEARCH','ResourceEntity.displayNameMap','');
INSERT INTO LANGUAGE_MAPPING (ID,LANGUAGE_ID,REFERENCE_ID,REFERENCE_TYPE,TEXT_VALUE) VALUES ('JPVIEW_MENU_DESC','9','VIEW','ResourceEntity.displayNameMap','');
INSERT INTO LANGUAGE_MAPPING (ID,LANGUAGE_ID,REFERENCE_ID,REFERENCE_TYPE,TEXT_VALUE) VALUES ('JPMetadataTypeEntity80','9','WEBSERVICE','MetadataTypeEntity.displayNameMap','Web');
INSERT INTO LANGUAGE_MAPPING (ID,LANGUAGE_ID,REFERENCE_ID,REFERENCE_TYPE,TEXT_VALUE) VALUES ('JPMetadataTypeEntity81','9','WEBSERVICE_OP','MetadataTypeEntity.displayNameMap','Web');
INSERT INTO LANGUAGE_MAPPING (ID,LANGUAGE_ID,REFERENCE_ID,REFERENCE_TYPE,TEXT_VALUE) VALUES ('JPWEB_REPORT_DESC','9','WEB_REPORT','ResourceEntity.displayNameMap','');
INSERT INTO LANGUAGE_MAPPING (ID,LANGUAGE_ID,REFERENCE_ID,REFERENCE_TYPE,TEXT_VALUE) VALUES ('JPWEB_REPORT_NEW_DSC','9','WEB_REPORT_NEW','ResourceEntity.displayNameMap','');
INSERT INTO LANGUAGE_MAPPING (ID,LANGUAGE_ID,REFERENCE_ID,REFERENCE_TYPE,TEXT_VALUE) VALUES ('JPWEB_REPORT_ROOT_DESC','9','WEB_REPORT_ROOT','ResourceEntity.displayNameMap','');
INSERT INTO LANGUAGE_MAPPING (ID,LANGUAGE_ID,REFERENCE_ID,REFERENCE_TYPE,TEXT_VALUE) VALUES ('JPMetadataTypeEntity82','9','WORK_EMAIL','MetadataTypeEntity.displayNameMap','');

INSERT INTO LANGUAGE_MAPPING (ID,LANGUAGE_ID,REFERENCE_ID,REFERENCE_TYPE,TEXT_VALUE) VALUES ('LanguageEntity9','1','9','LanguageEntity.displayNameMap','Japanese');
INSERT INTO LANGUAGE_MAPPING (ID,LANGUAGE_ID,REFERENCE_ID,REFERENCE_TYPE,TEXT_VALUE) VALUES ('ESLanguageEntity9','4','9','LanguageEntity.displayNameMap','Japons');
INSERT INTO LANGUAGE_MAPPING (ID,LANGUAGE_ID,REFERENCE_ID,REFERENCE_TYPE,TEXT_VALUE) VALUES ('DELanguageEntity9','2','9','LanguageEntity.displayNameMap','Japanisch');
INSERT INTO LANGUAGE_MAPPING (ID,LANGUAGE_ID,REFERENCE_ID,REFERENCE_TYPE,TEXT_VALUE) VALUES ('RULanguageEntity9','8','9','LanguageEntity.displayNameMap','');
INSERT INTO LANGUAGE_MAPPING (ID,LANGUAGE_ID,REFERENCE_ID,REFERENCE_TYPE,TEXT_VALUE) VALUES ('JPLanguageEntity9','9','9','LanguageEntity.displayNameMap','');


IF OBJECT_ID('SYNCH_REVIEW_RECORD_VALUE', 'U') IS NOT NULL
	DROP TABLE SYNCH_REVIEW_RECORD_VALUE;
	
IF OBJECT_ID('SYNCH_REVIEW_RECORD', 'U') IS NOT NULL
	DROP TABLE SYNCH_REVIEW_RECORD;
	
IF OBJECT_ID('SYNCH_REVIEW', 'U') IS NOT NULL
	DROP TABLE SYNCH_REVIEW;
	

CREATE TABLE SYNCH_REVIEW (
	SYNCH_REVIEW_ID NVARCHAR(32) NOT NULL,
	SYNCH_CONFIG_ID NVARCHAR(32) NOT NULL,
	SRC_REJECTED NVARCHAR(1) NOT NULL DEFAULT 'N',
	SKIP_SRC_VALID NVARCHAR(1) NOT NULL DEFAULT 'N',
	SKIP_REC_VALID NVARCHAR(1) NOT NULL DEFAULT 'N',
	CREATE_TIME DATETIME NOT NULL,
	MODIFY_TIME DATETIME NULL,
	EXEC_TIME DATETIME NULL,
	PRIMARY KEY (SYNCH_REVIEW_ID),
	CONSTRAINT SYNCH_CONFIG_FK FOREIGN KEY (SYNCH_CONFIG_ID) REFERENCES SYNCH_CONFIG(SYNCH_CONFIG_ID) ON DELETE CASCADE);

CREATE TABLE SYNCH_REVIEW_RECORD (
	SYNCH_REVIEW_RECORD_ID NVARCHAR(32) NOT NULL,
	SYNCH_REVIEW_ID NVARCHAR(32) NOT NULL,
	HEADER NVARCHAR(1) NOT NULL DEFAULT 'N',
	PRIMARY KEY (SYNCH_REVIEW_RECORD_ID),
	CONSTRAINT SYNCH_REVIEW_FK FOREIGN KEY (SYNCH_REVIEW_ID) REFERENCES SYNCH_REVIEW(SYNCH_REVIEW_ID) ON DELETE CASCADE);

CREATE TABLE SYNCH_REVIEW_RECORD_VALUE (
	SYNCH_REVIEW_RECORD_VALUE_ID NVARCHAR(32) NOT NULL,
	SYNCH_REVIEW_RECORD_ID NVARCHAR(32) NOT NULL,
	VALUE NVARCHAR(MAX) NULL,
	PRIMARY KEY (SYNCH_REVIEW_RECORD_VALUE_ID),
	CONSTRAINT SYNCH_REVIEW_RECORD_FK FOREIGN KEY (SYNCH_REVIEW_RECORD_ID) REFERENCES SYNCH_REVIEW_RECORD(SYNCH_REVIEW_RECORD_ID) ON DELETE CASCADE);

CREATE INDEX SYNCH_CONFIG_IDX ON SYNCH_REVIEW(SYNCH_CONFIG_ID);
CREATE INDEX SYNCH_REVIEW_IDX ON SYNCH_REVIEW_RECORD(SYNCH_REVIEW_ID);
CREATE INDEX SYNCH_REVIEW_RECORD_IDX ON SYNCH_REVIEW_RECORD_VALUE(SYNCH_REVIEW_RECORD_ID);


DELETE FROM RESOURCE_GROUP WHERE RESOURCE_ID = 'SYNCUSER_REVIEW';
DELETE FROM RESOURCE_USER WHERE RESOURCE_ID = 'SYNCUSER_REVIEW';
DELETE FROM RESOURCE_ROLE WHERE RESOURCE_ID = 'SYNCUSER_REVIEW';
DELETE FROM RESOURCE_PROP WHERE RESOURCE_ID = 'SYNCUSER_REVIEW';
DELETE FROM res_to_res_membership WHERE MEMBER_RESOURCE_ID = 'SYNCUSER_REVIEW';
DELETE FROM RES WHERE RESOURCE_ID = 'SYNCUSER_REVIEW';
DELETE FROM LANGUAGE_MAPPING WHERE REFERENCE_ID='SYNCUSER_REVIEW';

INSERT INTO RES (RESOURCE_ID, RESOURCE_TYPE_ID, NAME, DESCRIPTION, DISPLAY_ORDER, IS_PUBLIC, URL) VALUES('SYNCUSER_REVIEW', 'MENU_ITEM', 'SYNCUSER_REVIEW', 'Synchronization Review', 10, 'N', '/webconsole-idm/provisioning/synchReviewList.html');

GO
INSERT INTO RESOURCE_PROP (RESOURCE_PROP_ID, RESOURCE_ID, NAME, ATTR_VALUE) VALUES ('SYNCUSER_REVIEW_PUB', 'SYNCUSER_REVIEW', 'MENU_IS_PUBLIC', 'true');
INSERT INTO RESOURCE_PROP (RESOURCE_PROP_ID, RESOURCE_ID, NAME, ATTR_VALUE) VALUES ('SYNCUSER_REVIEW_DESC', 'SYNCUSER_REVIEW', 'MENU_DISPLAY_NAME', 'Synchronization Review');

INSERT INTO res_to_res_membership (RESOURCE_ID, MEMBER_RESOURCE_ID) VALUES('SYNCUSER_EDIT_MENU_ROOT', 'SYNCUSER_REVIEW');

IF EXISTS (SELECT * FROM ROLE WHERE ROLE_ID='9') 
BEGIN
	IF NOT EXISTS (SELECT * FROM RESOURCE_ROLE WHERE ROLE_ID='9' and RESOURCE_ID='SYNCUSER_REVIEW') 
	BEGIN
		INSERT INTO RESOURCE_ROLE (ROLE_ID, RESOURCE_ID) VALUES('9', 'SYNCUSER_REVIEW');
	END;
END;


IF NOT EXISTS (SELECT * FROM LANGUAGE_MAPPING WHERE REFERENCE_ID='SYNCUSER_REVIEW') 
BEGIN
	INSERT INTO LANGUAGE_MAPPING(ID, LANGUAGE_ID, REFERENCE_TYPE, REFERENCE_ID, TEXT_VALUE) VALUES('SYNCUSER_REVIEW_DESC', '1', 'ResourceEntity.displayNameMap', 'SYNCUSER_REVIEW', 'Synchronization Review');
END;

DELETE FROM AUTH_ATTRIBUTE WHERE PROVIDER_TYPE IN('SAML_SP_PROVIDER');
DELETE FROM AUTH_PROVIDER_TYPE WHERE PROVIDER_TYPE IN('SAML_SP_PROVIDER');

INSERT INTO AUTH_PROVIDER_TYPE (PROVIDER_TYPE, DESCRIPTION, ACTIVE) VALUES('SAML_SP_PROVIDER', 'SAML Service Provider', 'Y');
UPDATE AUTH_PROVIDER_TYPE SET DESCRIPTION='SAML IDP Provider' WHERE PROVIDER_TYPE='SAML_PROVIDER';


INSERT INTO AUTH_ATTRIBUTE (AUTH_ATTRIBUTE_ID, ATTRIBUTE_NAME, PROVIDER_TYPE, DESCRIPTION, REQUIRED, DATA_TYPE)
	VALUES('SamlSPLoginURL', 'Sign-in page URL', 'SAML_SP_PROVIDER', 'URL for signing in to your system', 'Y', 'singleValue');
	

INSERT INTO AUTH_ATTRIBUTE (AUTH_ATTRIBUTE_ID, ATTRIBUTE_NAME, PROVIDER_TYPE, DESCRIPTION, REQUIRED, DATA_TYPE)
	VALUES('SamlSPLogoutURL', 'Sign-out page URL', 'SAML_SP_PROVIDER', 'URL to redirect users to when they sign out', 'Y', 'singleValue');
	

INSERT INTO AUTH_ATTRIBUTE (AUTH_ATTRIBUTE_ID, ATTRIBUTE_NAME, PROVIDER_TYPE, DESCRIPTION, REQUIRED, DATA_TYPE)
	VALUES('SamlSPIssuerName', 'SAML Issuer Name', 'SAML_SP_PROVIDER', 'The Issuer to use.  This will be the Request Issuer in the IDP', 'Y', 'singleValue');
	
ALTER TABLE AUTH_PROVIDER_TYPE ADD HAS_PUBLIC_KEY CHAR(1) NOT NULL DEFAULT 'Y';
ALTER TABLE AUTH_PROVIDER_TYPE ADD HAS_PRIVATE_KEY CHAR(1) NOT NULL DEFAULT 'Y';

GO
UPDATE AUTH_PROVIDER_TYPE SET HAS_PRIVATE_KEY='N' WHERE PROVIDER_TYPE='SAML_SP_PROVIDER';

ALTER TABLE RECONCILIATION_CONFIG ADD RECON_CUSTOM_PROCESSOR VARCHAR(255);
ALTER TABLE RECONCILIATION_CONFIG ADD RECON_TYPE VARCHAR(32) NOT NULL DEFAULT 'USER';

ALTER TABLE AUTH_STATE DROP FK_AUTH_STATE_USERS;

DECLARE @table NVARCHAR(512), @sql NVARCHAR(MAX);
SELECT @table = 'AUTH_STATE';
SELECT @sql = 'ALTER TABLE ' + @table 
	+ ' DROP CONSTRAINT ' + name + ';'
	FROM sys.key_constraints
	WHERE [type] = 'PK'
	AND [parent_object_id] = OBJECT_ID(@table);
EXEC sp_executeSQL @sql;
	

ALTER TABLE AUTH_STATE ADD TOKEN_TYPE NVARCHAR(32);

GO
UPDATE AUTH_STATE SET TOKEN_TYPE='OPENIAM';
GO
ALTER TABLE AUTH_STATE ALTER COLUMN TOKEN_TYPE NVARCHAR(32) NOT NULL; 

GO
ALTER TABLE AUTH_STATE ADD PRIMARY KEY(USER_ID, TOKEN_TYPE);



--IF OBJECT_ID ( 'SETUP_CONTENT_PROVIDERS', 'P' ) IS NOT NULL 
--    DROP PROCEDURE SETUP_CONTENT_PROVIDERS;
--GO
--CREATE PROCEDURE SETUP_CONTENT_PROVIDERS
--	@cpDomain NVARCHAR(255), 
--	@serverDomain NVARCHAR(255)
--AS
--	IF NOT EXISTS (SELECT * FROM CONTENT_PROVIDER) 
--	BEGIN
-- 			INSERT INTO RES (RESOURCE_ID, RESOURCE_TYPE_ID, NAME, IS_PUBLIC, URL) VALUES('DEFAULT_CP', 'CONTENT_PROVIDER', 'Default Content Provider', 'Y',  'http://' + @cpDomain + '/selfservice');
--			INSERT INTO CONTENT_PROVIDER (CONTENT_PROVIDER_ID, CONTENT_PROVIDER_NAME, IS_PUBLIC, DOMAIN_PATTERN, IS_SSL, RESOURCE_ID, MANAGED_SYS_ID) 
--								   VALUES('DEFAULT_CP', 'Default Content Provider', 'Y', @cpDomain, NULL, 'DEFAULT_CP', '0');
--			INSERT INTO CP_AUTH_LEVEL_GRP_XREF (CONTENT_PROVIDER_ID, AUTH_LEVEL_GROUPING_ID, EXEC_ORDER) VALUES ('DEFAULT_CP', 'PASSWORD_AUTH', 0);
--			INSERT INTO CONTENT_PROVIDER_SERVER (CONTENT_PROVIDER_SERVER_ID, CONTENT_PROVIDER_ID, SERVER_URL) VALUES ('DEFAULT_CP', 'DEFAULT_CP', @serverDomain);					   
			
--			INSERT INTO RES (RESOURCE_ID, RESOURCE_TYPE_ID, NAME, IS_PUBLIC) VALUES('DEF_CP_SELSERVICE_SLASH', 'URL_PATTERN', 'Default Content Provider /selfservice/*', 'Y');
--			INSERT INTO URI_PATTERN (URI_PATTERN_ID, CONTENT_PROVIDER_ID, PATTERN, IS_PUBLIC, RESOURCE_ID) VALUES('DEF_CP_SELSERVICE_SLASH', 'DEFAULT_CP', '/selfservice/*', 'Y', 'DEF_CP_SELSERVICE_SLASH');
			
--			INSERT INTO RES (RESOURCE_ID, RESOURCE_TYPE_ID, NAME, IS_PUBLIC) VALUES('DEF_CP_WEBCONSOLE_AM_SLASH', 'URL_PATTERN', 'Default Content Provider /webconsole-am/*', 'Y');
--			INSERT INTO URI_PATTERN (URI_PATTERN_ID, CONTENT_PROVIDER_ID, PATTERN, IS_PUBLIC, RESOURCE_ID) VALUES('DEF_CP_WEBCONSOLE_AM_SLASH', 'DEFAULT_CP', '/webconsole-am/*', 'Y', 'DEF_CP_WEBCONSOLE_AM_SLASH');
			
--			INSERT INTO RES (RESOURCE_ID, RESOURCE_TYPE_ID, NAME, IS_PUBLIC) VALUES('DEF_CP_WEBCONSOLE_IDM_SLASH', 'URL_PATTERN', 'Default Content Provider /webconsole-idm/*', 'Y');
--			INSERT INTO URI_PATTERN (URI_PATTERN_ID, CONTENT_PROVIDER_ID, PATTERN, IS_PUBLIC, RESOURCE_ID) VALUES('DEF_CP_WEBCONSOLE_IDM_SLASH', 'DEFAULT_CP', '/webconsole-idm/*', 'Y', 'DEF_CP_WEBCONSOLE_IDM_SLASH');
			
--			INSERT INTO RES (RESOURCE_ID, RESOURCE_TYPE_ID, NAME, IS_PUBLIC) VALUES('DEF_CP_WEBCONSOLE_SLASH', 'URL_PATTERN', 'Default Content Provider /webconsole/*', 'Y');
--			INSERT INTO URI_PATTERN (URI_PATTERN_ID, CONTENT_PROVIDER_ID, PATTERN, IS_PUBLIC, RESOURCE_ID) VALUES('DEF_CP_WEBCONSOLE_SLASH', 'DEFAULT_CP', '/webconsole/*', 'Y', 'DEF_CP_WEBCONSOLE_SLASH');
			
--			INSERT INTO RES (RESOURCE_ID, RESOURCE_TYPE_ID, NAME, IS_PUBLIC) VALUES('NEW_USER_TEMPLATE', 'UI_TEMPLATE', 'New User Template', 'Y');
--			INSERT INTO METADATA_ELEMENT_PAGE_TEMPLATE (ID, NAME, RESOURCE_ID, IS_PUBLIC, TEMPLATE_TYPE_ID) VALUES('NEW_USER_TEMPLATE', 'New User Template', 'NEW_USER_TEMPLATE', 'Y', 'USER_TEMPLATE');
--			INSERT INTO METADATA_URI_XREF (TEMPLATE_ID, URI_PATTERN_ID) VALUES('NEW_USER_TEMPLATE', 'DEF_CP_SELSERVICE_SLASH');
			
--			INSERT INTO RES (RESOURCE_ID, RESOURCE_TYPE_ID, NAME, IS_PUBLIC) VALUES('SELFREG_PATTERN', 'URL_PATTERN', 'Default Content Provider /selfservice/selfRegistration.html', 'Y');
--			INSERT INTO URI_PATTERN (URI_PATTERN_ID, CONTENT_PROVIDER_ID, PATTERN, IS_PUBLIC, RESOURCE_ID) VALUES('SELFREG_PATTERN', 'DEFAULT_CP', '/selfservice/selfRegistration.html', 'Y', 'SELFREG_PATTERN');
--			INSERT INTO URI_AUTH_LEVEL_GRP_XREF (URI_PATTERN_ID, AUTH_LEVEL_GROUPING_ID, EXEC_ORDER) VALUES('SELFREG_PATTERN', 'NONE', 0);
--			INSERT INTO METADATA_URI_XREF (TEMPLATE_ID, URI_PATTERN_ID) VALUES('NEW_USER_TEMPLATE', 'SELFREG_PATTERN');
			
--			INSERT INTO RES (RESOURCE_ID, RESOURCE_TYPE_ID, NAME, IS_PUBLIC) VALUES('UI_STATIC', 'URL_PATTERN', 'Default Content Provider /openiam-ui-static/*', 'Y');
--			INSERT INTO URI_PATTERN (URI_PATTERN_ID, CONTENT_PROVIDER_ID, PATTERN, IS_PUBLIC, RESOURCE_ID) VALUES('UI_STATIC', 'DEFAULT_CP', '/openiam-ui-static/*', 'Y', 'UI_STATIC');
--			INSERT INTO URI_AUTH_LEVEL_GRP_XREF (URI_PATTERN_ID, AUTH_LEVEL_GROUPING_ID, EXEC_ORDER) VALUES('UI_STATIC', 'NONE', 0);
			
--			INSERT INTO RES (RESOURCE_ID, RESOURCE_TYPE_ID, NAME, IS_PUBLIC) VALUES('CHANGE_PASSWORD', 'URL_PATTERN', 'Default Content Provider /idp/changePassword.html', 'Y');
--			INSERT INTO URI_PATTERN (URI_PATTERN_ID, CONTENT_PROVIDER_ID, PATTERN, IS_PUBLIC, RESOURCE_ID) VALUES('CHANGE_PASSWORD', 'DEFAULT_CP', '/idp/changePassword.html', 'Y', 'CHANGE_PASSWORD');
--			INSERT INTO URI_AUTH_LEVEL_GRP_XREF (URI_PATTERN_ID, AUTH_LEVEL_GROUPING_ID, EXEC_ORDER) VALUES('CHANGE_PASSWORD', 'NONE', 0);
			
--			INSERT INTO RES (RESOURCE_ID, RESOURCE_TYPE_ID, NAME, IS_PUBLIC) VALUES('UNLOCK_PASSWORD', 'URL_PATTERN', 'Default Content Provider /idp/unlockPassword.html', 'Y');
--			INSERT INTO URI_PATTERN (URI_PATTERN_ID, CONTENT_PROVIDER_ID, PATTERN, IS_PUBLIC, RESOURCE_ID) VALUES('UNLOCK_PASSWORD', 'DEFAULT_CP', '/idp/unlockPassword.html', 'Y', 'UNLOCK_PASSWORD');
--			INSERT INTO URI_AUTH_LEVEL_GRP_XREF (URI_PATTERN_ID, AUTH_LEVEL_GROUPING_ID, EXEC_ORDER) VALUES('UNLOCK_PASSWORD', 'NONE', 0);
			
--			INSERT INTO RES (RESOURCE_ID, RESOURCE_TYPE_ID, NAME, IS_PUBLIC) VALUES('LOGOUT_PATTERN', 'URL_PATTERN', 'Default Content Provider /idp/logout.html', 'Y');
--			INSERT INTO URI_PATTERN (URI_PATTERN_ID, CONTENT_PROVIDER_ID, PATTERN, IS_PUBLIC, RESOURCE_ID) VALUES('LOGOUT_PATTERN', 'DEFAULT_CP', '/idp/logout.html', 'Y', 'LOGOUT_PATTERN');
--			INSERT INTO URI_AUTH_LEVEL_GRP_XREF (URI_PATTERN_ID, AUTH_LEVEL_GROUPING_ID, EXEC_ORDER) VALUES('LOGOUT_PATTERN', 'NONE', 0);
			
--			INSERT INTO RES (RESOURCE_ID, RESOURCE_TYPE_ID, NAME, IS_PUBLIC) VALUES('SAML_LOGIN_PATTERN', 'URL_PATTERN', 'Default Content Provider /idp/SAMLLogin.html', 'Y');
--			INSERT INTO URI_PATTERN (URI_PATTERN_ID, CONTENT_PROVIDER_ID, PATTERN, IS_PUBLIC, RESOURCE_ID) VALUES('SAML_LOGIN_PATTERN', 'DEFAULT_CP', '/idp/SAMLLogin.html', 'Y', 'SAML_LOGIN_PATTERN');
--			INSERT INTO URI_AUTH_LEVEL_GRP_XREF (URI_PATTERN_ID, AUTH_LEVEL_GROUPING_ID, EXEC_ORDER) VALUES('SAML_LOGIN_PATTERN', 'NONE', 0);
			
--			INSERT INTO RES (RESOURCE_ID, RESOURCE_TYPE_ID, NAME, IS_PUBLIC) VALUES('SAML_METADATA_PATTERN', 'URL_PATTERN', 'Default Content Provider /idp/SAMLMetadata.html', 'Y');
--			INSERT INTO URI_PATTERN (URI_PATTERN_ID, CONTENT_PROVIDER_ID, PATTERN, IS_PUBLIC, RESOURCE_ID) VALUES('SAML_METADATA_PATTERN', 'DEFAULT_CP', '/idp/SAMLMetadata.html', 'Y', 'SAML_METADATA_PATTERN');
--			INSERT INTO URI_AUTH_LEVEL_GRP_XREF (URI_PATTERN_ID, AUTH_LEVEL_GROUPING_ID, EXEC_ORDER) VALUES('SAML_METADATA_PATTERN', 'NONE', 0);
			
--			INSERT INTO RES (RESOURCE_ID, RESOURCE_TYPE_ID, NAME, IS_PUBLIC) VALUES('UNLOCK_PASSWORD_QUESTIONS', 'URL_PATTERN', 'Default Content Provider /idp/unlockPasswordQuestions.html', 'Y');
--			INSERT INTO URI_PATTERN (URI_PATTERN_ID, CONTENT_PROVIDER_ID, PATTERN, IS_PUBLIC, RESOURCE_ID) VALUES('UNLOCK_PASSWORD_QUESTIONS', 'DEFAULT_CP', '/idp/unlockPasswordQuestions.html', 'Y', 'UNLOCK_PASSWORD_QUESTIONS');
--			INSERT INTO URI_AUTH_LEVEL_GRP_XREF (URI_PATTERN_ID, AUTH_LEVEL_GROUPING_ID, EXEC_ORDER) VALUES('UNLOCK_PASSWORD_QUESTIONS', 'NONE', 0);
			
--			INSERT INTO RES (RESOURCE_ID, RESOURCE_TYPE_ID, NAME, IS_PUBLIC) VALUES('UNLOCK_USER_RESET_FORM', 'URL_PATTERN', 'Default Content Provider /idp/unlockUserResetPasswordForm.html', 'Y');
--			INSERT INTO URI_PATTERN (URI_PATTERN_ID, CONTENT_PROVIDER_ID, PATTERN, IS_PUBLIC, RESOURCE_ID) VALUES('UNLOCK_USER_RESET_FORM', 'DEFAULT_CP', '/idp/unlockUserResetPasswordForm.html', 'Y', 'UNLOCK_USER_RESET_FORM');
--			INSERT INTO URI_AUTH_LEVEL_GRP_XREF (URI_PATTERN_ID, AUTH_LEVEL_GROUPING_ID, EXEC_ORDER) VALUES('UNLOCK_USER_RESET_FORM', 'NONE', 0);
			
--			INSERT INTO RES (RESOURCE_ID, RESOURCE_TYPE_ID, NAME, IS_PUBLIC) VALUES('WEBCONSOLE_CLEAR_CNTX', 'URL_PATTERN', 'Default Content Provider /webconsole/clearContext.html', 'Y');
--			INSERT INTO URI_PATTERN (URI_PATTERN_ID, CONTENT_PROVIDER_ID, PATTERN, IS_PUBLIC, RESOURCE_ID) VALUES('WEBCONSOLE_CLEAR_CNTX', 'DEFAULT_CP', '/webconsole/clearContext.html', 'Y', 'WEBCONSOLE_CLEAR_CNTX');
--			INSERT INTO URI_AUTH_LEVEL_GRP_XREF (URI_PATTERN_ID, AUTH_LEVEL_GROUPING_ID, EXEC_ORDER) VALUES('WEBCONSOLE_CLEAR_CNTX', 'NONE', 0);
			
--			INSERT INTO RES (RESOURCE_ID, RESOURCE_TYPE_ID, NAME, IS_PUBLIC) VALUES('WEBCONSOLE_AM_CLEAR_CNTX', 'URL_PATTERN', 'Default Content Provider /webconsole-am/clearContext.html', 'Y');
--			INSERT INTO URI_PATTERN (URI_PATTERN_ID, CONTENT_PROVIDER_ID, PATTERN, IS_PUBLIC, RESOURCE_ID) VALUES('WEBCONSOLE_AM_CLEAR_CNTX', 'DEFAULT_CP', '/webconsole-am/clearContext.html', 'Y', 'WEBCONSOLE_AM_CLEAR_CNTX');
--			INSERT INTO URI_AUTH_LEVEL_GRP_XREF (URI_PATTERN_ID, AUTH_LEVEL_GROUPING_ID, EXEC_ORDER) VALUES('WEBCONSOLE_AM_CLEAR_CNTX', 'NONE', 0);
			
--			INSERT INTO RES (RESOURCE_ID, RESOURCE_TYPE_ID, NAME, IS_PUBLIC) VALUES('WEBCONSOLE_IDM_CLEAR_CNTX', 'URL_PATTERN', 'Default Content Provider /webconsole-idm/clearContext.html', 'Y');
--			INSERT INTO URI_PATTERN (URI_PATTERN_ID, CONTENT_PROVIDER_ID, PATTERN, IS_PUBLIC, RESOURCE_ID) VALUES('WEBCONSOLE_IDM_CLEAR_CNTX', 'DEFAULT_CP', '/webconsole-idm/clearContext.html', 'Y', 'WEBCONSOLE_IDM_CLEAR_CNTX');
--			INSERT INTO URI_AUTH_LEVEL_GRP_XREF (URI_PATTERN_ID, AUTH_LEVEL_GROUPING_ID, EXEC_ORDER) VALUES('WEBCONSOLE_IDM_CLEAR_CNTX', 'NONE', 0);
			
--			INSERT INTO RES (RESOURCE_ID, RESOURCE_TYPE_ID, NAME, IS_PUBLIC) VALUES('SELFSERVICE_CLEAR_CNTX', 'URL_PATTERN', 'Default Content Provider /selfservice/clearContext.html', 'Y');
--			INSERT INTO URI_PATTERN (URI_PATTERN_ID, CONTENT_PROVIDER_ID, PATTERN, IS_PUBLIC, RESOURCE_ID) VALUES('SELFSERVICE_CLEAR_CNTX', 'DEFAULT_CP', '/selfservice/clearContext.html', 'Y', 'SELFSERVICE_CLEAR_CNTX');
--			INSERT INTO URI_AUTH_LEVEL_GRP_XREF (URI_PATTERN_ID, AUTH_LEVEL_GROUPING_ID, EXEC_ORDER) VALUES('SELFSERVICE_CLEAR_CNTX', 'NONE', 0);
			
--			INSERT INTO RES (RESOURCE_ID, RESOURCE_TYPE_ID, NAME, IS_PUBLIC) VALUES('SELFSERVICE_EXT_CLEAR_CNTX', 'URL_PATTERN', 'Default Content Provider /selfservice-ext/clearContext.html', 'Y');
--			INSERT INTO URI_PATTERN (URI_PATTERN_ID, CONTENT_PROVIDER_ID, PATTERN, IS_PUBLIC, RESOURCE_ID) VALUES('SELFSERVICE_EXT_CLEAR_CNTX', 'DEFAULT_CP', '/selfservice-ext/clearContext.html', 'Y', 'SELFSERVICE_EXT_CLEAR_CNTX');
--			INSERT INTO URI_AUTH_LEVEL_GRP_XREF (URI_PATTERN_ID, AUTH_LEVEL_GROUPING_ID, EXEC_ORDER) VALUES('SELFSERVICE_EXT_CLEAR_CNTX', 'NONE', 0);
			
--			INSERT INTO RES (RESOURCE_ID, RESOURCE_TYPE_ID, NAME, IS_PUBLIC) VALUES('SEARCH_ORG_PATTERN', 'URL_PATTERN', 'Default Content Provider /selfservice/rest/api/entitlements/searchOrganizations', 'Y');
--			INSERT INTO URI_PATTERN (URI_PATTERN_ID, CONTENT_PROVIDER_ID, PATTERN, IS_PUBLIC, RESOURCE_ID) VALUES('SEARCH_ORG_PATTERN', 'DEFAULT_CP', '/selfservice/rest/api/entitlements/searchOrganizations', 'Y', 'SEARCH_ORG_PATTERN');
--			INSERT INTO URI_AUTH_LEVEL_GRP_XREF (URI_PATTERN_ID, AUTH_LEVEL_GROUPING_ID, EXEC_ORDER) VALUES('SEARCH_ORG_PATTERN', 'NONE', 0);
			
--			INSERT INTO RES (RESOURCE_ID, RESOURCE_TYPE_ID, NAME, IS_PUBLIC) VALUES('REPORTVIEWER_PATTERN', 'URL_PATTERN', 'Default Content Provider /reportviewer/*', 'Y');
--			INSERT INTO URI_PATTERN (URI_PATTERN_ID, CONTENT_PROVIDER_ID, PATTERN, IS_PUBLIC, RESOURCE_ID) VALUES('REPORTVIEWER_PATTERN', 'DEFAULT_CP', '/reportviewer/*', 'Y', 'REPORTVIEWER_PATTERN');
--			INSERT INTO URI_AUTH_LEVEL_GRP_XREF (URI_PATTERN_ID, AUTH_LEVEL_GROUPING_ID, EXEC_ORDER) VALUES('REPORTVIEWER_PATTERN', 'NONE', 0);
			
--			INSERT INTO RES (RESOURCE_ID, RESOURCE_TYPE_ID, NAME, IS_PUBLIC) VALUES('LANGUAGE_SUPPORT_PATTERN', 'URL_PATTERN', 'Default Content Provider /selfservice/language/languageSupport.html', 'Y');
--			INSERT INTO URI_PATTERN (URI_PATTERN_ID, CONTENT_PROVIDER_ID, PATTERN, IS_PUBLIC, RESOURCE_ID) VALUES('LANGUAGE_SUPPORT_PATTERN', 'DEFAULT_CP', '/selfservice/language/languageSupport.html', 'Y', 'LANGUAGE_SUPPORT_PATTERN');
--			INSERT INTO URI_AUTH_LEVEL_GRP_XREF (URI_PATTERN_ID, AUTH_LEVEL_GROUPING_ID, EXEC_ORDER) VALUES('LANGUAGE_SUPPORT_PATTERN', 'NONE', 0);
			
--			INSERT INTO RES (RESOURCE_ID, RESOURCE_TYPE_ID, NAME, IS_PUBLIC) VALUES('ROLE_METADATA_PATTERN', 'URL_PATTERN', 'Default Content Provider /selfservice/rest/api/metadata/roleMetadata', 'Y');
--			INSERT INTO URI_PATTERN (URI_PATTERN_ID, CONTENT_PROVIDER_ID, PATTERN, IS_PUBLIC, RESOURCE_ID) VALUES('ROLE_METADATA_PATTERN', 'DEFAULT_CP', '/selfservice/rest/api/metadata/roleMetadata', 'Y', 'ROLE_METADATA_PATTERN');
--			INSERT INTO URI_AUTH_LEVEL_GRP_XREF (URI_PATTERN_ID, AUTH_LEVEL_GROUPING_ID, EXEC_ORDER) VALUES('ROLE_METADATA_PATTERN', 'NONE', 0);
			
--			INSERT INTO RES (RESOURCE_ID, RESOURCE_TYPE_ID, NAME, IS_PUBLIC) VALUES('SEARCH_ROLES_PATTERN', 'URL_PATTERN', 'Default Content Provider /selfservice/rest/api/entitlements/searchRoles', 'Y');
--			INSERT INTO URI_PATTERN (URI_PATTERN_ID, CONTENT_PROVIDER_ID, PATTERN, IS_PUBLIC, RESOURCE_ID) VALUES('SEARCH_ROLES_PATTERN', 'DEFAULT_CP', '/selfservice/rest/api/entitlements/searchRoles', 'Y', 'SEARCH_ROLES_PATTERN');
--			INSERT INTO URI_AUTH_LEVEL_GRP_XREF (URI_PATTERN_ID, AUTH_LEVEL_GROUPING_ID, EXEC_ORDER) VALUES('SEARCH_ROLES_PATTERN', 'NONE', 0);
			
--			INSERT INTO RES (RESOURCE_ID, RESOURCE_TYPE_ID, NAME, IS_PUBLIC) VALUES('GROUP_METADATA_PATTERN', 'URL_PATTERN', 'Default Content Provider /selfservice/rest/api/metadata/groupMetadata', 'Y');
--			INSERT INTO URI_PATTERN (URI_PATTERN_ID, CONTENT_PROVIDER_ID, PATTERN, IS_PUBLIC, RESOURCE_ID) VALUES('GROUP_METADATA_PATTERN', 'DEFAULT_CP', '/selfservice/rest/api/metadata/groupMetadata', 'Y', 'GROUP_METADATA_PATTERN');
--			INSERT INTO URI_AUTH_LEVEL_GRP_XREF (URI_PATTERN_ID, AUTH_LEVEL_GROUPING_ID, EXEC_ORDER) VALUES('GROUP_METADATA_PATTERN', 'NONE', 0);
			
--			INSERT INTO RES (RESOURCE_ID, RESOURCE_TYPE_ID, NAME, IS_PUBLIC) VALUES('SEARCH_GROUPS_PATTERN', 'URL_PATTERN', 'Default Content Provider /selfservice/rest/api/entitlements/searchGroups', 'Y');
--			INSERT INTO URI_PATTERN (URI_PATTERN_ID, CONTENT_PROVIDER_ID, PATTERN, IS_PUBLIC, RESOURCE_ID) VALUES('SEARCH_GROUPS_PATTERN', 'DEFAULT_CP', '/selfservice/rest/api/entitlements/searchGroups', 'Y', 'SEARCH_GROUPS_PATTERN');
--			INSERT INTO URI_AUTH_LEVEL_GRP_XREF (URI_PATTERN_ID, AUTH_LEVEL_GROUPING_ID, EXEC_ORDER) VALUES('SEARCH_GROUPS_PATTERN', 'NONE', 0);
			
--			INSERT INTO RES (RESOURCE_ID, RESOURCE_TYPE_ID, NAME, IS_PUBLIC) VALUES('ORG_METADATA_PATTERN', 'URL_PATTERN', 'Default Content Provider /selfservice/rest/api/metadata/organizationMetadata', 'Y');
--			INSERT INTO URI_PATTERN (URI_PATTERN_ID, CONTENT_PROVIDER_ID, PATTERN, IS_PUBLIC, RESOURCE_ID) VALUES('ORG_METADATA_PATTERN', 'DEFAULT_CP', '/selfservice/rest/api/metadata/organizationMetadata', 'Y', 'ORG_METADATA_PATTERN');
--			INSERT INTO URI_AUTH_LEVEL_GRP_XREF (URI_PATTERN_ID, AUTH_LEVEL_GROUPING_ID, EXEC_ORDER) VALUES('ORG_METADATA_PATTERN', 'NONE', 0);
			
--			INSERT INTO RES (RESOURCE_ID, RESOURCE_TYPE_ID, NAME, IS_PUBLIC) VALUES('SP_PATTERN', 'URL_PATTERN', 'Default Content Provider /idp/sp/*', 'Y');
--			INSERT INTO URI_PATTERN (URI_PATTERN_ID, CONTENT_PROVIDER_ID, PATTERN, IS_PUBLIC, RESOURCE_ID) VALUES('SP_PATTERN', 'DEFAULT_CP', '/idp/sp/*', 'Y', 'SP_PATTERN');
--			INSERT INTO URI_AUTH_LEVEL_GRP_XREF (URI_PATTERN_ID, AUTH_LEVEL_GROUPING_ID, EXEC_ORDER) VALUES('SP_PATTERN', 'NONE', 0);

--	END;
--GO

UPDATE POLICY SET RULE_SRC_URL ='provision/ad/isEnabled.groovy' WHERE POLICY_ID = '4547';

UPDATE RES SET URL='/webconsole/newUser.html' WHERE RESOURCE_ID='NEW_USER';

ALTER TABLE CONTENT_PROVIDER ADD SHOW_ON_APP_PAGE CHAR(1) NOT NULL DEFAULT 'Y';

ALTER TABLE RECONCILIATION_CONFIG ADD NAME NVARCHAR(40);
UPDATE RES SET URL='/webconsole/reconciliations.html' WHERE RESOURCE_ID = 'RESRECONCILE';


IF EXISTS (SELECT * FROM ROLE WHERE ROLE_ID='2') 
BEGIN
	DELETE FROM RESOURCE_ROLE WHERE RESOURCE_ID IN ('USER_EDIT_MENU', 'SUP_SUB_PAGE', 'USER_ATTRIBUTES', 'USER_EDIT_CONTACT_INFO', 'USER_EDIT_INFO', 'USER_ENTITLEMENTS', 'USER_HISTORY', 'USER_IDENTITY', 'USER_SEARCH') AND ROLE_ID = '2';
	INSERT INTO RESOURCE_ROLE (RESOURCE_ID, ROLE_ID) VALUES ('USER_EDIT_MENU', '2'), ('SUP_SUB_PAGE', '2'), ('USER_ATTRIBUTES', '2'), ('USER_EDIT_CONTACT_INFO', '2'), ('USER_EDIT_INFO', '2'), ('USER_ENTITLEMENTS', '2'), ('USER_HISTORY', '2'), ('USER_IDENTITY', '2'), ('USER_SEARCH', '2');
END;

ALTER TABLE RECONCILIATION_SITUATION ADD CUSTOM_COMMAND_SCRIPT NVARCHAR(255) NULL DEFAULT NULL; 

ALTER TABLE RES ADD COORELATED_NAME VARCHAR(250) NULL;


IF OBJECT_ID ( 'MIGRATE_COORELATED_NAME', 'P' ) IS NOT NULL 
    DROP PROCEDURE MIGRATE_COORELATED_NAME;
GO
CREATE PROCEDURE MIGRATE_COORELATED_NAME
AS
		DECLARE @theId NVARCHAR(32);
		DECLARE @theName NVARCHAR(250);
		DECLARE cur1_ CURSOR FOR (SELECT RESOURCE_ID, NAME FROM AUTH_PROVIDER WHERE RESOURCE_ID IS NOT NULL);
		OPEN cur1_;
		
		FETCH NEXT FROM cur1_ INTO @theId, @theName;
		WHILE @@FETCH_STATUS = 0
		BEGIN
			IF (@theId IS NOT NULL AND @theName IS NOT NULL) 
			BEGIN
				UPDATE RES SET COORELATED_NAME=@theName WHERE RESOURCE_ID=@theId;
			END;
		END; 
		CLOSE cur1_;
GO

EXECUTE  MIGRATE_COORELATED_NAME;


IF OBJECT_ID ( 'MIGRATE_COORELATED_NAME', 'P' ) IS NOT NULL 
    DROP PROCEDURE MIGRATE_COORELATED_NAME;
GO
CREATE PROCEDURE MIGRATE_COORELATED_NAME
AS
		DECLARE @theId NVARCHAR(32);
		DECLARE @theName NVARCHAR(250);
		DECLARE cur2_ CURSOR FOR (SELECT ADMIN_RESOURCE_ID, COMPANY_NAME FROM COMPANY WHERE ADMIN_RESOURCE_ID IS NOT NULL);
		OPEN cur2_;
		
		FETCH NEXT FROM cur2_ INTO @theId, @theName;
		WHILE @@FETCH_STATUS = 0
		BEGIN
			IF (@theId IS NOT NULL AND @theName IS NOT NULL) 
			BEGIN
				UPDATE RES SET COORELATED_NAME=@theName WHERE RESOURCE_ID=@theId;
			END;
		END; 
		CLOSE cur2_;
GO

EXECUTE  MIGRATE_COORELATED_NAME;


IF OBJECT_ID ( 'MIGRATE_COORELATED_NAME', 'P' ) IS NOT NULL 
    DROP PROCEDURE MIGRATE_COORELATED_NAME;
GO
CREATE PROCEDURE MIGRATE_COORELATED_NAME
AS
		DECLARE @theId NVARCHAR(32);
		DECLARE @theName NVARCHAR(250);
		DECLARE cur3_ CURSOR FOR (SELECT RESOURCE_ID, CONTENT_PROVIDER_NAME FROM CONTENT_PROVIDER WHERE RESOURCE_ID IS NOT NULL);
		OPEN cur3_;
		
		FETCH NEXT FROM cur3_ INTO @theId, @theName;
		WHILE @@FETCH_STATUS = 0
		BEGIN
			IF (@theId IS NOT NULL AND @theName IS NOT NULL) 
			BEGIN
				UPDATE RES SET COORELATED_NAME=@theName WHERE RESOURCE_ID=@theId;
			END;
		END; 
		CLOSE cur3_;
GO

EXECUTE  MIGRATE_COORELATED_NAME;


IF OBJECT_ID ( 'MIGRATE_COORELATED_NAME', 'P' ) IS NOT NULL 
    DROP PROCEDURE MIGRATE_COORELATED_NAME;
GO
CREATE PROCEDURE MIGRATE_COORELATED_NAME
AS
		DECLARE @theId NVARCHAR(32);
		DECLARE @theName NVARCHAR(250);
		DECLARE cur4_ CURSOR FOR (SELECT ADMIN_RESOURCE_ID, GRP_NAME FROM GRP WHERE ADMIN_RESOURCE_ID IS NOT NULL);
		OPEN cur4_;
		
		FETCH NEXT FROM cur4_ INTO @theId, @theName;
		WHILE @@FETCH_STATUS = 0
		BEGIN
			IF (@theId IS NOT NULL AND @theName IS NOT NULL) 
			BEGIN
				UPDATE RES SET COORELATED_NAME=@theName WHERE RESOURCE_ID=@theId;
			END;
		END; 
		CLOSE cur4_;
GO

EXECUTE  MIGRATE_COORELATED_NAME;

IF OBJECT_ID ( 'MIGRATE_COORELATED_NAME', 'P' ) IS NOT NULL 
    DROP PROCEDURE MIGRATE_COORELATED_NAME;
GO
CREATE PROCEDURE MIGRATE_COORELATED_NAME
AS
		DECLARE @theId NVARCHAR(32);
		DECLARE @theName NVARCHAR(250);
		DECLARE cur5_ CURSOR FOR (SELECT RESOURCE_ID, ATTRIBUTE_NAME FROM METADATA_ELEMENT WHERE RESOURCE_ID IS NOT NULL);
		OPEN cur5_;
		
		FETCH NEXT FROM cur5_ INTO @theId, @theName;
		WHILE @@FETCH_STATUS = 0
		BEGIN
			IF (@theId IS NOT NULL AND @theName IS NOT NULL) 
			BEGIN
				UPDATE RES SET COORELATED_NAME=@theName WHERE RESOURCE_ID=@theId;
			END;
		END; 
		CLOSE cur5_;
GO

EXECUTE  MIGRATE_COORELATED_NAME;

IF OBJECT_ID ( 'MIGRATE_COORELATED_NAME', 'P' ) IS NOT NULL 
    DROP PROCEDURE MIGRATE_COORELATED_NAME;
GO
CREATE PROCEDURE MIGRATE_COORELATED_NAME
AS
		DECLARE @theId NVARCHAR(32);
		DECLARE @theName NVARCHAR(250);
		DECLARE cur6_ CURSOR FOR (SELECT RESOURCE_ID, NAME FROM METADATA_ELEMENT_PAGE_TEMPLATE WHERE RESOURCE_ID IS NOT NULL);
		OPEN cur6_;
		
		FETCH NEXT FROM cur6_ INTO @theId, @theName;
		WHILE @@FETCH_STATUS = 0
		BEGIN
			IF (@theId IS NOT NULL AND @theName IS NOT NULL) 
			BEGIN
				UPDATE RES SET COORELATED_NAME=@theName WHERE RESOURCE_ID=@theId;
			END;
		END; 
		CLOSE cur6_;
GO

EXECUTE  MIGRATE_COORELATED_NAME;

IF OBJECT_ID ( 'MIGRATE_COORELATED_NAME', 'P' ) IS NOT NULL 
    DROP PROCEDURE MIGRATE_COORELATED_NAME;
GO
CREATE PROCEDURE MIGRATE_COORELATED_NAME
AS
		DECLARE @theId NVARCHAR(32);
		DECLARE @theName NVARCHAR(250);
		DECLARE cur7_ CURSOR FOR (SELECT ADMIN_RESOURCE_ID, ROLE_NAME FROM ROLE WHERE ADMIN_RESOURCE_ID IS NOT NULL);
		OPEN cur7_;
		
		FETCH NEXT FROM cur7_ INTO @theId, @theName;
		WHILE @@FETCH_STATUS = 0
		BEGIN
			IF (@theId IS NOT NULL AND @theName IS NOT NULL) 
			BEGIN
				UPDATE RES SET COORELATED_NAME=@theName WHERE RESOURCE_ID=@theId;
			END;
		END; 
		CLOSE cur7_;
GO

EXECUTE  MIGRATE_COORELATED_NAME;



IF OBJECT_ID ( 'MIGRATE_COORELATED_NAME', 'P' ) IS NOT NULL 
    DROP PROCEDURE MIGRATE_COORELATED_NAME;
GO
CREATE PROCEDURE MIGRATE_COORELATED_NAME
AS
		DECLARE @theId NVARCHAR(32);
		DECLARE @theName NVARCHAR(250);
		DECLARE cur8_ CURSOR FOR (SELECT RESOURCE_ID, PATTERN FROM URI_PATTERN WHERE RESOURCE_ID IS NOT NULL);
		OPEN cur8_;
		
		FETCH NEXT FROM cur8_ INTO @theId, @theName;
		WHILE @@FETCH_STATUS = 0
		BEGIN
			IF (@theId IS NOT NULL AND @theName IS NOT NULL) 
			BEGIN
				UPDATE RES SET COORELATED_NAME=@theName WHERE RESOURCE_ID=@theId;
			END;
		END; 
		CLOSE cur8_;
GO

EXECUTE  MIGRATE_COORELATED_NAME;

IF OBJECT_ID ( 'MIGRATE_COORELATED_NAME', 'P' ) IS NOT NULL 
    DROP PROCEDURE MIGRATE_COORELATED_NAME;
GO

ALTER TABLE RECONCILIATION_CONFIG ADD PRE_PROCESSOR NVARCHAR(255) NULL DEFAULT NULL; 
ALTER TABLE RECONCILIATION_CONFIG ADD POST_PROCESSOR NVARCHAR(255) NULL DEFAULT NULL; 

IF OBJECT_ID ( 'MIGRATE_COORELATED_NAME', 'P' ) IS NOT NULL 
    DROP PROCEDURE MIGRATE_COORELATED_NAME;
GO
CREATE PROCEDURE MIGRATE_COORELATED_NAME
AS
	DECLARE @theId NVARCHAR(32);
	DECLARE @theName NVARCHAR(250);
	DECLARE cur9 CURSOR FOR (SELECT RESOURCE_ID, NAME FROM MANAGED_SYS WHERE RESOURCE_ID IS NOT NULL);
	OPEN cur9;
	
	FETCH NEXT FROM cur9 INTO @theId, @theName;
	WHILE @@FETCH_STATUS = 0
	BEGIN
		IF (@theId IS NOT NULL AND @theName IS NOT NULL) 
		BEGIN
			UPDATE RES SET COORELATED_NAME=@theName WHERE RESOURCE_ID=@theId;
		END;
	END;
	CLOSE cur9;

EXECUTE  MIGRATE_COORELATED_NAME;

UPDATE BATCH_CONFIG SET TASK_NAME='Re-Certification' WHERE TASK_ID='ATTESTATION';

DELETE FROM BATCH_CONFIG WHERE TASK_ID='TASK_EMAIL_NOTIFICATION';

INSERT INTO BATCH_CONFIG (TASK_ID, TASK_NAME, CRON_EXPRESSION, SPRING_BEAN, SPRING_BEAN_METHOD) VALUES('TASK_EMAIL_NOTIFICATION', 'Task Email Notification', '0 0 0 1 1/3 ?', 'taskEmailNotifier', 'sweep');

ALTER TABLE URI_PATTERN_META_VALUE ADD PROPAGETE_THROUGH_PROXY CHAR(1) NOT NULL DEFAULT 'Y';

--3.2.2--
delete from LANGUAGE_MAPPING
where ID in ('DEMetadataTypeEntity10','DEMetadataTypeEntity20',
             'DEMetadataTypeEntity59','DEMetadataTypeEntity60',
			 'DEMetadataTypeEntity84',
             'ESMetadataTypeEntity10','ESMetadataTypeEntity20',
             'ESMetadataTypeEntity59','ESMetadataTypeEntity60',
			 'ESMetadataTypeEntity84',
             'RUMetadataTypeEntity82','RUMetadataTypeEntity83',
             'RUMetadataTypeEntity84','RUMetadataTypeEntity85',
             'RUMetadataTypeEntity87');

INSERT INTO LANGUAGE_MAPPING (ID,LANGUAGE_ID,REFERENCE_ID,REFERENCE_TYPE,TEXT_VALUE) VALUES ('RUABOUT_DESC','8','ABOUT','ResourceEntity.displayNameMap',' OpenIAM');
INSERT INTO LANGUAGE_MAPPING (ID,LANGUAGE_ID,REFERENCE_ID,REFERENCE_TYPE,TEXT_VALUE) VALUES ('RUABOUT_ROOT_MENU_DESC','8','ABOUT_ROOT_MENU','ResourceEntity.displayNameMap',' OpenIAM');
INSERT INTO LANGUAGE_MAPPING (ID,LANGUAGE_ID,REFERENCE_ID,REFERENCE_TYPE,TEXT_VALUE) VALUES ('RUSYNCUSER_REVIEW_DESC','8','SYNCUSER_REVIEW','ResourceEntity.displayNameMap',' ');

IF OBJECT_ID ( 'SETUP_CONTENT_PROVIDERS', 'P' ) IS NOT NULL 
    DROP PROCEDURE SETUP_CONTENT_PROVIDERS;
GO
CREATE PROCEDURE SETUP_CONTENT_PROVIDERS
	@cpDomain NVARCHAR(255), 
	@serverDomain NVARCHAR(255)
AS
	IF NOT EXISTS (SELECT * FROM CONTENT_PROVIDER) 
	BEGIN
		INSERT INTO RES (RESOURCE_ID, RESOURCE_TYPE_ID, NAME, IS_PUBLIC, URL) VALUES('DEFAULT_CP', 'CONTENT_PROVIDER', 'Default Content Provider', 'Y', 'http://' + @cpDomain + '/selfservice');
		INSERT INTO CONTENT_PROVIDER (CONTENT_PROVIDER_ID, CONTENT_PROVIDER_NAME, IS_PUBLIC, DOMAIN_PATTERN, IS_SSL, RESOURCE_ID, MANAGED_SYS_ID) 
							   VALUES('DEFAULT_CP', 'Default Content Provider', 'Y', @cpDomain, NULL, 'DEFAULT_CP', '0');
		INSERT INTO CP_AUTH_LEVEL_GRP_XREF (CONTENT_PROVIDER_ID, AUTH_LEVEL_GROUPING_ID, EXEC_ORDER) VALUES ('DEFAULT_CP', 'PASSWORD_AUTH', 0);
		INSERT INTO CONTENT_PROVIDER_SERVER (CONTENT_PROVIDER_SERVER_ID, CONTENT_PROVIDER_ID, SERVER_URL) VALUES ('DEFAULT_CP', 'DEFAULT_CP', @serverDomain);					   
		
		INSERT INTO RES (RESOURCE_ID, RESOURCE_TYPE_ID, NAME, IS_PUBLIC) VALUES('DEF_CP_SELSERVICE_SLASH', 'URL_PATTERN', 'Default Content Provider /selfservice/*', 'Y');
		INSERT INTO URI_PATTERN (URI_PATTERN_ID, CONTENT_PROVIDER_ID, PATTERN, IS_PUBLIC, RESOURCE_ID) VALUES('DEF_CP_SELSERVICE_SLASH', 'DEFAULT_CP', '/selfservice/*', 'Y', 'DEF_CP_SELSERVICE_SLASH');
		
		INSERT INTO RES (RESOURCE_ID, RESOURCE_TYPE_ID, NAME, IS_PUBLIC) VALUES('DEF_CP_WEBCONSOLE_AM_SLASH', 'URL_PATTERN', 'Default Content Provider /webconsole-am/*', 'Y');
		INSERT INTO URI_PATTERN (URI_PATTERN_ID, CONTENT_PROVIDER_ID, PATTERN, IS_PUBLIC, RESOURCE_ID) VALUES('DEF_CP_WEBCONSOLE_AM_SLASH', 'DEFAULT_CP', '/webconsole-am/*', 'Y', 'DEF_CP_WEBCONSOLE_AM_SLASH');
		
		INSERT INTO RES (RESOURCE_ID, RESOURCE_TYPE_ID, NAME, IS_PUBLIC) VALUES('DEF_CP_WEBCONSOLE_IDM_SLASH', 'URL_PATTERN', 'Default Content Provider /webconsole-idm/*', 'Y');
		INSERT INTO URI_PATTERN (URI_PATTERN_ID, CONTENT_PROVIDER_ID, PATTERN, IS_PUBLIC, RESOURCE_ID) VALUES('DEF_CP_WEBCONSOLE_IDM_SLASH', 'DEFAULT_CP', '/webconsole-idm/*', 'Y', 'DEF_CP_WEBCONSOLE_IDM_SLASH');
		
		INSERT INTO RES (RESOURCE_ID, RESOURCE_TYPE_ID, NAME, IS_PUBLIC) VALUES('DEF_CP_WEBCONSOLE_SLASH', 'URL_PATTERN', 'Default Content Provider /webconsole/*', 'Y');
		INSERT INTO URI_PATTERN (URI_PATTERN_ID, CONTENT_PROVIDER_ID, PATTERN, IS_PUBLIC, RESOURCE_ID) VALUES('DEF_CP_WEBCONSOLE_SLASH', 'DEFAULT_CP', '/webconsole/*', 'Y', 'DEF_CP_WEBCONSOLE_SLASH');
		
		INSERT INTO RES (RESOURCE_ID, RESOURCE_TYPE_ID, NAME, IS_PUBLIC) VALUES('NEW_USER_TEMPLATE', 'UI_TEMPLATE', 'New User Template', 'Y');
		INSERT INTO METADATA_ELEMENT_PAGE_TEMPLATE (ID, NAME, RESOURCE_ID, IS_PUBLIC, TEMPLATE_TYPE_ID) VALUES('NEW_USER_TEMPLATE', 'New User Template', 'NEW_USER_TEMPLATE', 'Y', 'USER_TEMPLATE');
		INSERT INTO METADATA_URI_XREF (TEMPLATE_ID, URI_PATTERN_ID) VALUES('NEW_USER_TEMPLATE', 'DEF_CP_SELSERVICE_SLASH');
		
		INSERT INTO RES (RESOURCE_ID, RESOURCE_TYPE_ID, NAME, IS_PUBLIC) VALUES('SELFREG_PATTERN', 'URL_PATTERN', 'Default Content Provider /selfservice/selfRegistration.html', 'Y');
		INSERT INTO URI_PATTERN (URI_PATTERN_ID, CONTENT_PROVIDER_ID, PATTERN, IS_PUBLIC, RESOURCE_ID) VALUES('SELFREG_PATTERN', 'DEFAULT_CP', '/selfservice/selfRegistration.html', 'Y', 'SELFREG_PATTERN');
		INSERT INTO URI_AUTH_LEVEL_GRP_XREF (URI_PATTERN_ID, AUTH_LEVEL_GROUPING_ID, EXEC_ORDER) VALUES('SELFREG_PATTERN', 'NONE', 0);
		INSERT INTO METADATA_URI_XREF (TEMPLATE_ID, URI_PATTERN_ID) VALUES('NEW_USER_TEMPLATE', 'SELFREG_PATTERN');
		
		INSERT INTO RES (RESOURCE_ID, RESOURCE_TYPE_ID, NAME, IS_PUBLIC) VALUES('UI_STATIC', 'URL_PATTERN', 'Default Content Provider /openiam-ui-static/*', 'Y');
		INSERT INTO URI_PATTERN (URI_PATTERN_ID, CONTENT_PROVIDER_ID, PATTERN, IS_PUBLIC, RESOURCE_ID) VALUES('UI_STATIC', 'DEFAULT_CP', '/openiam-ui-static/*', 'Y', 'UI_STATIC');
		INSERT INTO URI_AUTH_LEVEL_GRP_XREF (URI_PATTERN_ID, AUTH_LEVEL_GROUPING_ID, EXEC_ORDER) VALUES('UI_STATIC', 'NONE', 0);
		
		INSERT INTO RES (RESOURCE_ID, RESOURCE_TYPE_ID, NAME, IS_PUBLIC) VALUES('CHANGE_PASSWORD', 'URL_PATTERN', 'Default Content Provider /idp/changePassword.html', 'Y');
		INSERT INTO URI_PATTERN (URI_PATTERN_ID, CONTENT_PROVIDER_ID, PATTERN, IS_PUBLIC, RESOURCE_ID) VALUES('CHANGE_PASSWORD', 'DEFAULT_CP', '/idp/changePassword.html', 'Y', 'CHANGE_PASSWORD');
		INSERT INTO URI_AUTH_LEVEL_GRP_XREF (URI_PATTERN_ID, AUTH_LEVEL_GROUPING_ID, EXEC_ORDER) VALUES('CHANGE_PASSWORD', 'NONE', 0);
		
		INSERT INTO RES (RESOURCE_ID, RESOURCE_TYPE_ID, NAME, IS_PUBLIC) VALUES('UNLOCK_PASSWORD', 'URL_PATTERN', 'Default Content Provider /idp/unlockPassword.html', 'Y');
		INSERT INTO URI_PATTERN (URI_PATTERN_ID, CONTENT_PROVIDER_ID, PATTERN, IS_PUBLIC, RESOURCE_ID) VALUES('UNLOCK_PASSWORD', 'DEFAULT_CP', '/idp/unlockPassword.html', 'Y', 'UNLOCK_PASSWORD');
		INSERT INTO URI_AUTH_LEVEL_GRP_XREF (URI_PATTERN_ID, AUTH_LEVEL_GROUPING_ID, EXEC_ORDER) VALUES('UNLOCK_PASSWORD', 'NONE', 0);
		
		INSERT INTO RES (RESOURCE_ID, RESOURCE_TYPE_ID, NAME, IS_PUBLIC) VALUES('LOGOUT_PATTERN', 'URL_PATTERN', 'Default Content Provider /idp/logout.html', 'Y');
		INSERT INTO URI_PATTERN (URI_PATTERN_ID, CONTENT_PROVIDER_ID, PATTERN, IS_PUBLIC, RESOURCE_ID) VALUES('LOGOUT_PATTERN', 'DEFAULT_CP', '/idp/logout.html', 'Y', 'LOGOUT_PATTERN');
		INSERT INTO URI_AUTH_LEVEL_GRP_XREF (URI_PATTERN_ID, AUTH_LEVEL_GROUPING_ID, EXEC_ORDER) VALUES('LOGOUT_PATTERN', 'NONE', 0);
		
		INSERT INTO RES (RESOURCE_ID, RESOURCE_TYPE_ID, NAME, IS_PUBLIC) VALUES('SAML_LOGIN_PATTERN', 'URL_PATTERN', 'Default Content Provider /idp/SAMLLogin.html', 'Y');
		INSERT INTO URI_PATTERN (URI_PATTERN_ID, CONTENT_PROVIDER_ID, PATTERN, IS_PUBLIC, RESOURCE_ID) VALUES('SAML_LOGIN_PATTERN', 'DEFAULT_CP', '/idp/SAMLLogin.html', 'Y', 'SAML_LOGIN_PATTERN');
		INSERT INTO URI_AUTH_LEVEL_GRP_XREF (URI_PATTERN_ID, AUTH_LEVEL_GROUPING_ID, EXEC_ORDER) VALUES('SAML_LOGIN_PATTERN', 'NONE', 0);
		
		INSERT INTO RES (RESOURCE_ID, RESOURCE_TYPE_ID, NAME, IS_PUBLIC) VALUES('SAML_METADATA_PATTERN', 'URL_PATTERN', 'Default Content Provider /idp/SAMLMetadata.html', 'Y');
		INSERT INTO URI_PATTERN (URI_PATTERN_ID, CONTENT_PROVIDER_ID, PATTERN, IS_PUBLIC, RESOURCE_ID) VALUES('SAML_METADATA_PATTERN', 'DEFAULT_CP', '/idp/SAMLMetadata.html', 'Y', 'SAML_METADATA_PATTERN');
		INSERT INTO URI_AUTH_LEVEL_GRP_XREF (URI_PATTERN_ID, AUTH_LEVEL_GROUPING_ID, EXEC_ORDER) VALUES('SAML_METADATA_PATTERN', 'NONE', 0);
		
		INSERT INTO RES (RESOURCE_ID, RESOURCE_TYPE_ID, NAME, IS_PUBLIC) VALUES('UNLOCK_PASSWORD_QUESTIONS', 'URL_PATTERN', 'Default Content Provider /idp/unlockPasswordQuestions.html', 'Y');
		INSERT INTO URI_PATTERN (URI_PATTERN_ID, CONTENT_PROVIDER_ID, PATTERN, IS_PUBLIC, RESOURCE_ID) VALUES('UNLOCK_PASSWORD_QUESTIONS', 'DEFAULT_CP', '/idp/unlockPasswordQuestions.html', 'Y', 'UNLOCK_PASSWORD_QUESTIONS');
		INSERT INTO URI_AUTH_LEVEL_GRP_XREF (URI_PATTERN_ID, AUTH_LEVEL_GROUPING_ID, EXEC_ORDER) VALUES('UNLOCK_PASSWORD_QUESTIONS', 'NONE', 0);
		
		INSERT INTO RES (RESOURCE_ID, RESOURCE_TYPE_ID, NAME, IS_PUBLIC) VALUES('UNLOCK_USER_RESET_FORM', 'URL_PATTERN', 'Default Content Provider /idp/unlockUserResetPasswordForm.html', 'Y');
		INSERT INTO URI_PATTERN (URI_PATTERN_ID, CONTENT_PROVIDER_ID, PATTERN, IS_PUBLIC, RESOURCE_ID) VALUES('UNLOCK_USER_RESET_FORM', 'DEFAULT_CP', '/idp/unlockUserResetPasswordForm.html', 'Y', 'UNLOCK_USER_RESET_FORM');
		INSERT INTO URI_AUTH_LEVEL_GRP_XREF (URI_PATTERN_ID, AUTH_LEVEL_GROUPING_ID, EXEC_ORDER) VALUES('UNLOCK_USER_RESET_FORM', 'NONE', 0);
		
		INSERT INTO RES (RESOURCE_ID, RESOURCE_TYPE_ID, NAME, IS_PUBLIC) VALUES('WEBCONSOLE_CLEAR_CNTX', 'URL_PATTERN', 'Default Content Provider /webconsole/clearContext.html', 'Y');
		INSERT INTO URI_PATTERN (URI_PATTERN_ID, CONTENT_PROVIDER_ID, PATTERN, IS_PUBLIC, RESOURCE_ID) VALUES('WEBCONSOLE_CLEAR_CNTX', 'DEFAULT_CP', '/webconsole/clearContext.html', 'Y', 'WEBCONSOLE_CLEAR_CNTX');
		INSERT INTO URI_AUTH_LEVEL_GRP_XREF (URI_PATTERN_ID, AUTH_LEVEL_GROUPING_ID, EXEC_ORDER) VALUES('WEBCONSOLE_CLEAR_CNTX', 'NONE', 0);
		
		INSERT INTO RES (RESOURCE_ID, RESOURCE_TYPE_ID, NAME, IS_PUBLIC) VALUES('WEBCONSOLE_AM_CLEAR_CNTX', 'URL_PATTERN', 'Default Content Provider /webconsole-am/clearContext.html', 'Y');
		INSERT INTO URI_PATTERN (URI_PATTERN_ID, CONTENT_PROVIDER_ID, PATTERN, IS_PUBLIC, RESOURCE_ID) VALUES('WEBCONSOLE_AM_CLEAR_CNTX', 'DEFAULT_CP', '/webconsole-am/clearContext.html', 'Y', 'WEBCONSOLE_AM_CLEAR_CNTX');
		INSERT INTO URI_AUTH_LEVEL_GRP_XREF (URI_PATTERN_ID, AUTH_LEVEL_GROUPING_ID, EXEC_ORDER) VALUES('WEBCONSOLE_AM_CLEAR_CNTX', 'NONE', 0);
		
		INSERT INTO RES (RESOURCE_ID, RESOURCE_TYPE_ID, NAME, IS_PUBLIC) VALUES('WEBCONSOLE_IDM_CLEAR_CNTX', 'URL_PATTERN', 'Default Content Provider /webconsole-idm/clearContext.html', 'Y');
		INSERT INTO URI_PATTERN (URI_PATTERN_ID, CONTENT_PROVIDER_ID, PATTERN, IS_PUBLIC, RESOURCE_ID) VALUES('WEBCONSOLE_IDM_CLEAR_CNTX', 'DEFAULT_CP', '/webconsole-idm/clearContext.html', 'Y', 'WEBCONSOLE_IDM_CLEAR_CNTX');
		INSERT INTO URI_AUTH_LEVEL_GRP_XREF (URI_PATTERN_ID, AUTH_LEVEL_GROUPING_ID, EXEC_ORDER) VALUES('WEBCONSOLE_IDM_CLEAR_CNTX', 'NONE', 0);
		
		INSERT INTO RES (RESOURCE_ID, RESOURCE_TYPE_ID, NAME, IS_PUBLIC) VALUES('SELFSERVICE_CLEAR_CNTX', 'URL_PATTERN', 'Default Content Provider /selfservice/clearContext.html', 'Y');
		INSERT INTO URI_PATTERN (URI_PATTERN_ID, CONTENT_PROVIDER_ID, PATTERN, IS_PUBLIC, RESOURCE_ID) VALUES('SELFSERVICE_CLEAR_CNTX', 'DEFAULT_CP', '/selfservice/clearContext.html', 'Y', 'SELFSERVICE_CLEAR_CNTX');
		INSERT INTO URI_AUTH_LEVEL_GRP_XREF (URI_PATTERN_ID, AUTH_LEVEL_GROUPING_ID, EXEC_ORDER) VALUES('SELFSERVICE_CLEAR_CNTX', 'NONE', 0);
		
		INSERT INTO RES (RESOURCE_ID, RESOURCE_TYPE_ID, NAME, IS_PUBLIC) VALUES('SELFSERVICE_EXT_CLEAR_CNTX', 'URL_PATTERN', 'Default Content Provider /selfservice-ext/clearContext.html', 'Y');
		INSERT INTO URI_PATTERN (URI_PATTERN_ID, CONTENT_PROVIDER_ID, PATTERN, IS_PUBLIC, RESOURCE_ID) VALUES('SELFSERVICE_EXT_CLEAR_CNTX', 'DEFAULT_CP', '/selfservice-ext/clearContext.html', 'Y', 'SELFSERVICE_EXT_CLEAR_CNTX');
		INSERT INTO URI_AUTH_LEVEL_GRP_XREF (URI_PATTERN_ID, AUTH_LEVEL_GROUPING_ID, EXEC_ORDER) VALUES('SELFSERVICE_EXT_CLEAR_CNTX', 'NONE', 0);
		
		INSERT INTO RES (RESOURCE_ID, RESOURCE_TYPE_ID, NAME, IS_PUBLIC) VALUES('SEARCH_ORG_PATTERN', 'URL_PATTERN', 'Default Content Provider /selfservice/rest/api/entitlements/searchOrganizations', 'Y');
		INSERT INTO URI_PATTERN (URI_PATTERN_ID, CONTENT_PROVIDER_ID, PATTERN, IS_PUBLIC, RESOURCE_ID) VALUES('SEARCH_ORG_PATTERN', 'DEFAULT_CP', '/selfservice/rest/api/entitlements/searchOrganizations', 'Y', 'SEARCH_ORG_PATTERN');
		INSERT INTO URI_AUTH_LEVEL_GRP_XREF (URI_PATTERN_ID, AUTH_LEVEL_GROUPING_ID, EXEC_ORDER) VALUES('SEARCH_ORG_PATTERN', 'NONE', 0);
		
		INSERT INTO RES (RESOURCE_ID, RESOURCE_TYPE_ID, NAME, IS_PUBLIC) VALUES('REPORTVIEWER_PATTERN', 'URL_PATTERN', 'Default Content Provider /reportviewer/*', 'Y');
		INSERT INTO URI_PATTERN (URI_PATTERN_ID, CONTENT_PROVIDER_ID, PATTERN, IS_PUBLIC, RESOURCE_ID) VALUES('REPORTVIEWER_PATTERN', 'DEFAULT_CP', '/reportviewer/*', 'Y', 'REPORTVIEWER_PATTERN');
		INSERT INTO URI_AUTH_LEVEL_GRP_XREF (URI_PATTERN_ID, AUTH_LEVEL_GROUPING_ID, EXEC_ORDER) VALUES('REPORTVIEWER_PATTERN', 'NONE', 0);
		
		INSERT INTO RES (RESOURCE_ID, RESOURCE_TYPE_ID, NAME, IS_PUBLIC) VALUES('LANGUAGE_SUPPORT_PATTERN', 'URL_PATTERN', 'Default Content Provider /selfservice/language/languageSupport.html', 'Y');
		INSERT INTO URI_PATTERN (URI_PATTERN_ID, CONTENT_PROVIDER_ID, PATTERN, IS_PUBLIC, RESOURCE_ID) VALUES('LANGUAGE_SUPPORT_PATTERN', 'DEFAULT_CP', '/selfservice/language/languageSupport.html', 'Y', 'LANGUAGE_SUPPORT_PATTERN');
		INSERT INTO URI_AUTH_LEVEL_GRP_XREF (URI_PATTERN_ID, AUTH_LEVEL_GROUPING_ID, EXEC_ORDER) VALUES('LANGUAGE_SUPPORT_PATTERN', 'NONE', 0);
		
		INSERT INTO RES (RESOURCE_ID, RESOURCE_TYPE_ID, NAME, IS_PUBLIC) VALUES('ROLE_METADATA_PATTERN', 'URL_PATTERN', 'Default Content Provider /selfservice/rest/api/metadata/roleMetadata', 'Y');
		INSERT INTO URI_PATTERN (URI_PATTERN_ID, CONTENT_PROVIDER_ID, PATTERN, IS_PUBLIC, RESOURCE_ID) VALUES('ROLE_METADATA_PATTERN', 'DEFAULT_CP', '/selfservice/rest/api/metadata/roleMetadata', 'Y', 'ROLE_METADATA_PATTERN');
		INSERT INTO URI_AUTH_LEVEL_GRP_XREF (URI_PATTERN_ID, AUTH_LEVEL_GROUPING_ID, EXEC_ORDER) VALUES('ROLE_METADATA_PATTERN', 'NONE', 0);
		
		INSERT INTO RES (RESOURCE_ID, RESOURCE_TYPE_ID, NAME, IS_PUBLIC) VALUES('SEARCH_ROLES_PATTERN', 'URL_PATTERN', 'Default Content Provider /selfservice/rest/api/entitlements/searchRoles', 'Y');
		INSERT INTO URI_PATTERN (URI_PATTERN_ID, CONTENT_PROVIDER_ID, PATTERN, IS_PUBLIC, RESOURCE_ID) VALUES('SEARCH_ROLES_PATTERN', 'DEFAULT_CP', '/selfservice/rest/api/entitlements/searchRoles', 'Y', 'SEARCH_ROLES_PATTERN');
		INSERT INTO URI_AUTH_LEVEL_GRP_XREF (URI_PATTERN_ID, AUTH_LEVEL_GROUPING_ID, EXEC_ORDER) VALUES('SEARCH_ROLES_PATTERN', 'NONE', 0);
		
		INSERT INTO RES (RESOURCE_ID, RESOURCE_TYPE_ID, NAME, IS_PUBLIC) VALUES('GROUP_METADATA_PATTERN', 'URL_PATTERN', 'Default Content Provider /selfservice/rest/api/metadata/groupMetadata', 'Y');
		INSERT INTO URI_PATTERN (URI_PATTERN_ID, CONTENT_PROVIDER_ID, PATTERN, IS_PUBLIC, RESOURCE_ID) VALUES('GROUP_METADATA_PATTERN', 'DEFAULT_CP', '/selfservice/rest/api/metadata/groupMetadata', 'Y', 'GROUP_METADATA_PATTERN');
		INSERT INTO URI_AUTH_LEVEL_GRP_XREF (URI_PATTERN_ID, AUTH_LEVEL_GROUPING_ID, EXEC_ORDER) VALUES('GROUP_METADATA_PATTERN', 'NONE', 0);
		
		INSERT INTO RES (RESOURCE_ID, RESOURCE_TYPE_ID, NAME, IS_PUBLIC) VALUES('SEARCH_GROUPS_PATTERN', 'URL_PATTERN', 'Default Content Provider /selfservice/rest/api/entitlements/searchGroups', 'Y');
		INSERT INTO URI_PATTERN (URI_PATTERN_ID, CONTENT_PROVIDER_ID, PATTERN, IS_PUBLIC, RESOURCE_ID) VALUES('SEARCH_GROUPS_PATTERN', 'DEFAULT_CP', '/selfservice/rest/api/entitlements/searchGroups', 'Y', 'SEARCH_GROUPS_PATTERN');
		INSERT INTO URI_AUTH_LEVEL_GRP_XREF (URI_PATTERN_ID, AUTH_LEVEL_GROUPING_ID, EXEC_ORDER) VALUES('SEARCH_GROUPS_PATTERN', 'NONE', 0);
		
		INSERT INTO RES (RESOURCE_ID, RESOURCE_TYPE_ID, NAME, IS_PUBLIC) VALUES('ORG_METADATA_PATTERN', 'URL_PATTERN', 'Default Content Provider /selfservice/rest/api/metadata/organizationMetadata', 'Y');
		INSERT INTO URI_PATTERN (URI_PATTERN_ID, CONTENT_PROVIDER_ID, PATTERN, IS_PUBLIC, RESOURCE_ID) VALUES('ORG_METADATA_PATTERN', 'DEFAULT_CP', '/selfservice/rest/api/metadata/organizationMetadata', 'Y', 'ORG_METADATA_PATTERN');
		INSERT INTO URI_AUTH_LEVEL_GRP_XREF (URI_PATTERN_ID, AUTH_LEVEL_GROUPING_ID, EXEC_ORDER) VALUES('ORG_METADATA_PATTERN', 'NONE', 0);
		
		INSERT INTO RES (RESOURCE_ID, RESOURCE_TYPE_ID, NAME, IS_PUBLIC) VALUES('SP_PATTERN', 'URL_PATTERN', 'Default Content Provider /idp/sp/*', 'Y');
		INSERT INTO URI_PATTERN (URI_PATTERN_ID, CONTENT_PROVIDER_ID, PATTERN, IS_PUBLIC, RESOURCE_ID) VALUES('SP_PATTERN', 'DEFAULT_CP', '/idp/sp/*', 'Y', 'SP_PATTERN');
		INSERT INTO URI_AUTH_LEVEL_GRP_XREF (URI_PATTERN_ID, AUTH_LEVEL_GROUPING_ID, EXEC_ORDER) VALUES('SP_PATTERN', 'NONE', 0);
		
		INSERT INTO RES (RESOURCE_ID, RESOURCE_TYPE_ID, NAME, IS_PUBLIC) VALUES('PWD_VALIDATION_PATTERN', 'URL_PATTERN', 'Default Content Provider /idp/rest/api/password/validation/*', 'Y');
		INSERT INTO URI_PATTERN (URI_PATTERN_ID, CONTENT_PROVIDER_ID, PATTERN, IS_PUBLIC, RESOURCE_ID) VALUES('PWD_VALIDATION_PATTERN', 'DEFAULT_CP', '/idp/rest/api/password/validation/*', 'Y', 'SP_PATTERN');
		INSERT INTO URI_AUTH_LEVEL_GRP_XREF (URI_PATTERN_ID, AUTH_LEVEL_GROUPING_ID, EXEC_ORDER) VALUES('PWD_VALIDATION_PATTERN', 'NONE', 0);			
	END;
GO

DELETE FROM RESOURCE_GROUP WHERE RESOURCE_ID = 'SELF_REPORT_VIEWER';
DELETE FROM RESOURCE_USER WHERE RESOURCE_ID = 'SELF_REPORT_VIEWER';
DELETE FROM RESOURCE_ROLE WHERE RESOURCE_ID = 'SELF_REPORT_VIEWER';
DELETE FROM RESOURCE_PROP WHERE RESOURCE_ID = 'SELF_REPORT_VIEWER';
DELETE FROM res_to_res_membership WHERE MEMBER_RESOURCE_ID = 'SELF_REPORT_VIEWER';
DELETE FROM RES WHERE RESOURCE_ID = 'SELF_REPORT_VIEWER';
DELETE FROM LANGUAGE_MAPPING WHERE REFERENCE_ID='SELF_REPORT_VIEWER';

INSERT INTO RES (RESOURCE_ID, RESOURCE_TYPE_ID, NAME, DESCRIPTION, DISPLAY_ORDER, IS_PUBLIC, URL) 
	VALUES('SELF_REPORT_VIEWER', 'MENU_ITEM', 'SELF_REPORT_VIEWER', 'Report Viewer', 10, 'N', '/selfservice/report.html');

INSERT INTO RESOURCE_PROP (RESOURCE_PROP_ID, RESOURCE_ID, NAME, ATTR_VALUE) VALUES ('SELF_REPORT_VIEWER_PUB', 'SELF_REPORT_VIEWER', 'MENU_IS_PUBLIC', 'true');
INSERT INTO RESOURCE_PROP (RESOURCE_PROP_ID, RESOURCE_ID, NAME, ATTR_VALUE) VALUES ('SELF_REPORT_VIEWER_DESC', 'SELF_REPORT_VIEWER', 'MENU_DISPLAY_NAME', 'Report Viewer');

INSERT INTO res_to_res_membership (RESOURCE_ID, MEMBER_RESOURCE_ID) VALUES('SELFSERVICE_REPORT', 'SELF_REPORT_VIEWER');

DELETE FROM RESOURCE_ROLE WHERE ROLE_ID='9' and RESOURCE_ID='SELF_REPORT_VIEWER';
INSERT INTO RESOURCE_ROLE (ROLE_ID, RESOURCE_ID) VALUES('9', 'SELF_REPORT_VIEWER');

DELETE FROM LANGUAGE_MAPPING WHERE ID IN ('SELF_REPORT_VIEWER_DESC', 'DESELF_REPORT_VIEWER_DESC',
  'ESSELF_REPORT_VIEWER_DESC', 'RUSELF_REPORT_VIEWER_DESC', 'JPSELF_REPORT_VIEWER_DESC');

INSERT INTO LANGUAGE_MAPPING(ID, LANGUAGE_ID, REFERENCE_TYPE, REFERENCE_ID, TEXT_VALUE) VALUES
  ('SELF_REPORT_VIEWER_DESC', '1', 'ResourceEntity.displayNameMap', 'SELF_REPORT_VIEWER', 'Report Viewer'),
  ('DESELF_REPORT_VIEWER_DESC', '2', 'ResourceEntity.displayNameMap', 'SELF_REPORT_VIEWER', 'Report Viewer'),
  ('ESSELF_REPORT_VIEWER_DESC', '4', 'ResourceEntity.displayNameMap', 'SELF_REPORT_VIEWER', 'Report Viewer'),
  ('RUSELF_REPORT_VIEWER_DESC', '8', 'ResourceEntity.displayNameMap', 'SELF_REPORT_VIEWER', ' '),
  ('JPSELF_REPORT_VIEWER_DESC', '9', 'ResourceEntity.displayNameMap', 'SELF_REPORT_VIEWER', 'Report Viewer');

UPDATE RES SET DISPLAY_ORDER = 20 WHERE RESOURCE_ID = 'SUBSCRIBE';
UPDATE RES SET DISPLAY_ORDER = 30, DESCRIPTION = 'View Report Files' WHERE RESOURCE_ID = 'VIEW';

UPDATE LANGUAGE_MAPPING SET TEXT_VALUE = 'View Files' WHERE ID = 'VIEW_MENU_DESC';
UPDATE LANGUAGE_MAPPING SET TEXT_VALUE = 'Dateien anzeigen' WHERE ID = 'DEVIEW_MENU_DESC';
UPDATE LANGUAGE_MAPPING SET TEXT_VALUE = 'Ver archivos' WHERE ID = 'ESVIEW_MENU_DESC';
UPDATE LANGUAGE_MAPPING SET TEXT_VALUE = ' ' WHERE ID = 'RUVIEW_MENU_DESC';
UPDATE LANGUAGE_MAPPING SET TEXT_VALUE = '' WHERE ID = 'JPVIEW_MENU_DESC';

IF NOT EXISTS (SELECT * FROM RESOURCE_TYPE WHERE RESOURCE_TYPE_ID = 'REPORT') 
BEGIN
	INSERT INTO RESOURCE_TYPE (RESOURCE_TYPE_ID, DESCRIPTION, PROVISION_RESOURCE, PROCESS_NAME, SUPPORTS_HIERARCHY, SEARCHABLE, URL, IMAGE_TYPE)
		VALUES ('REPORT', 'Report', NULL, NULL, 'N', 'Y', 'iVBORw0KGgoAAAANSUhEUgAAABAAAAAQCAYAAAAf8/9hAAAAGXRFWHRTb2Z0d2FyZQBBZG9iZSBJbWFnZVJlYWR5ccllPAAAAY9JREFUeNpiZC5lZgADRoY+IKnPQBy4yPCfoQjOE1NQYAitr0/7TyRgLmHeB8QMIMwINSPt7t27M+/du8cAwqmpqQz3n//AarWiFCcDazHLfiDTCUUioLIy8++/f////P2LF4PUMOcz7wdiBhDG6oLE5GSGh89/YneBNCcDez7rASDTEUXCo7Aw5xfQhh+/f+PFIDXMmcwHgJgBhLG6IDYhgeHhs19YXaAkx8XAmcl6EMh0QJFwSE8v+P7nz//PP37gxSA1TMlMB4GYAYSxuiA8Lo7hydPf2MNAnpOBN4X9MJBpB0k+UGAeG1uyZ+7c7t+/f+NNQaysrAz8iRxHgExbZANQXBAcHc3w5Mkf7GGgxMUgEItpAINuYGDFkRUr2n/+/InXBezs7AyCUZxHgUwbnC7wj4hgePrkL3YXKHMxCIdyHQMyrf+f+I+Q4NXVbf8EDOF3wJDGh0FqGO0YTzIKQuxmAWIhIJb6/POyHJ8Zyxmi8uIXhjsM7xl0gKxnIGM4QQ6AGkYKAIXyZ4AAAwDo2Ez5UkE+nAAAAABJRU5ErkJggg==', 'png');
END;

IF NOT EXISTS (SELECT * FROM LANGUAGE_MAPPING WHERE ID = 'REPORT') 
BEGIN
	INSERT INTO LANGUAGE_MAPPING(ID, LANGUAGE_ID, REFERENCE_ID, REFERENCE_TYPE, TEXT_VALUE) VALUES
	  ('REPORT', '1', 'REPORT', 'ResourceTypeEntity.displayNameMap', 'Report'),
	  ('DEREPORT', '2', 'REPORT', 'ResourceTypeEntity.displayNameMap', 'Bericht'),
	  ('ESREPORT', '4', 'REPORT', 'ResourceTypeEntity.displayNameMap', 'Informe'),
	  ('JPREPORT', '9', 'REPORT', 'ResourceTypeEntity.displayNameMap', ''),
	  ('RUREPORT', '8', 'REPORT', 'ResourceTypeEntity.displayNameMap', '');
END;

ALTER TABLE REPORT_INFO ADD RESOURCE_ID NVARCHAR(32) NULL;
ALTER TABLE REPORT_INFO ADD CONSTRAINT REPORT_INFO_RES_FK FOREIGN KEY (RESOURCE_ID) REFERENCES RES(RESOURCE_ID);
GO

IF NOT EXISTS (SELECT * FROM RES WHERE RESOURCE_ID = 'USER_REPORT_101') 
BEGIN
	INSERT INTO RES (RESOURCE_ID, RESOURCE_TYPE_ID, DESCRIPTION, NAME, DISPLAY_ORDER, URL, MIN_AUTH_LEVEL, IS_PUBLIC,
	    ADMIN_RESOURCE_ID, RISK, TYPE_ID, COORELATED_NAME) VALUES
	  ('USER_REPORT_101', 'REPORT', NULL, 'USER_REPORT_101', NULL, NULL, NULL, 'Y', NULL, NULL, NULL, 'USER_REPORT'),
	  ('AUDIT_REPORT_102', 'REPORT', NULL, 'AUDIT_REPORT_102', NULL, NULL, NULL, 'Y', NULL, NULL, NULL, 'AUDIT_REPORT'),
	  ('RECONCILIATION_REPORT_103', 'REPORT', NULL, 'RECONCILIATION_REPORT_103', NULL, NULL, NULL, 'Y', NULL, NULL, NULL, 'RECONCILIATION_REPORT'),
	  ('SYNCHRONIZATION_REPORT_104', 'REPORT', NULL, 'SYNCHRONIZATION_REPORT_104', NULL, NULL, NULL, 'Y', NULL, NULL, NULL, 'SYNCHRONIZATION_REPORT');
END;


UPDATE REPORT_INFO SET RESOURCE_ID = 'USER_REPORT_101' WHERE REPORT_INFO_ID = '101';
UPDATE REPORT_INFO SET RESOURCE_ID = 'AUDIT_REPORT_102' WHERE REPORT_INFO_ID = '102';
UPDATE REPORT_INFO SET RESOURCE_ID = 'RECONCILIATION_REPORT_103' WHERE REPORT_INFO_ID = '103';
UPDATE REPORT_INFO SET RESOURCE_ID = 'SYNCHRONIZATION_REPORT_104' WHERE REPORT_INFO_ID = '104';

DELETE FROM RESOURCE_ROLE WHERE RESOURCE_ID IN (
	'SELF_VIEW_REPORT_ROOT', 'VIEW', 'SELF_SUB_REPORT_NEW', 'SELF_SUB_REPORT_ROOT', 'SELF_VIEW_REPORT_NEW', 'SUBSCRIBE', 'SELF_REPORT_VIEWER');
DELETE FROM RESOURCE_GROUP WHERE RESOURCE_ID IN (
	'SELF_VIEW_REPORT_ROOT', 'VIEW', 'SELF_SUB_REPORT_NEW', 'SELF_SUB_REPORT_ROOT', 'SELF_VIEW_REPORT_NEW', 'SUBSCRIBE', 'SELF_REPORT_VIEWER');
DELETE FROM RESOURCE_USER WHERE RESOURCE_ID IN (
	'SELF_VIEW_REPORT_ROOT', 'VIEW', 'SELF_SUB_REPORT_NEW', 'SELF_SUB_REPORT_ROOT', 'SELF_VIEW_REPORT_NEW', 'SUBSCRIBE', 'SELF_REPORT_VIEWER');

UPDATE RES set IS_PUBLIC = 'N' WHERE RESOURCE_ID IN (
	'SELF_VIEW_REPORT_ROOT', 'VIEW', 'SELF_SUB_REPORT_NEW', 'SELF_SUB_REPORT_ROOT', 'SELF_VIEW_REPORT_NEW', 'SUBSCRIBE', 'SELF_REPORT_VIEWER', 'SELFSERVICE_REPORT');

UPDATE RES set URL = '/selfservice/report.html' WHERE RESOURCE_ID = 'SELFSERVICE_REPORT';

ALTER TABLE USER_IDENTITY_ANS ALTER COLUMN QUESTION_ANSWER NVARCHAR(1024) NULL;
ALTER TABLE USER_IDENTITY_ANS ADD DEFAULT 'NULL' FOR QUESTION_ANSWER;

ALTER TABLE MANAGED_SYS ALTER COLUMN PSWD NVARCHAR(512) NULL;
ALTER TABLE MANAGED_SYS ADD DEFAULT 'NULL' FOR PSWD;


IF NOT EXISTS (SELECT * FROM RES WHERE RESOURCE_ID = 'EMPLOYEE_CERT_REPORT_105') 
BEGIN
	INSERT INTO RES (RESOURCE_ID, RESOURCE_TYPE_ID, DESCRIPTION, NAME, DISPLAY_ORDER, URL, MIN_AUTH_LEVEL, IS_PUBLIC,
	  		ADMIN_RESOURCE_ID, RISK, TYPE_ID, COORELATED_NAME) VALUES
		('EMPLOYEE_CERT_REPORT_105', 'REPORT', NULL, 'EMPLOYEE_CERT_REPORT_105', NULL, NULL, NULL, 'Y', NULL, NULL, NULL, 'EMPLOYEE_CERT_REPORT');
END;

IF NOT EXISTS (SELECT * FROM REPORT_INFO WHERE REPORT_INFO_ID = '105') 
BEGIN
	INSERT INTO REPORT_INFO (REPORT_INFO_ID, REPORT_NAME, DATASOURCE_FILE_PATH, REPORT_FILE_PATH, BUILT_IN, RESOURCE_ID) VALUES
		('105', 'EMPLOYEE_CERT_REPORT', 'EmployeeCertReport.groovy', 'EmployeeCertReport.rptdesign', 'Y', 'EMPLOYEE_CERT_REPORT_105');
END;

IF NOT EXISTS (SELECT * FROM REPORT_CRITERIA_PARAMETER WHERE RCP_ID IN ('1051','1052','1053','1054')) 
BEGIN
	INSERT INTO REPORT_CRITERIA_PARAMETER (RCP_ID, REPORT_INFO_ID, PARAM_NAME, PARAM_VALUE, RCPT_ID, PARAM_META_TYPE_ID, 
			IS_MULTIPLE, IS_REQUIRED, CAPTION) VALUES
		('1051', '105', 'MANAGER_ID', NULL, '1', 'USER', 'N', 'N', 'MANAGER_ID'),
		('1052', '105', 'EMPLOYEE_ID', NULL, '1', 'USER', 'N', 'N', 'EMPLOYEE_ID'),
		('1053', '105', 'PERIOD_START', NULL, '2', NULL, 'N', 'Y', 'PERIOD_START'),
		('1054', '105', 'PERIOD_END', NULL, '2', NULL, 'N', 'N', 'PERIOD_END');
END;

INSERT INTO RES (RESOURCE_ID, RESOURCE_TYPE_ID, NAME, DESCRIPTION, URL, DISPLAY_ORDER) VALUES('GROUP_IDENTITY', 'MENU_ITEM', 'GROUP_IDENTITY', 'Edit Identity Info','/webconsole/editGroupIdentity.html',3);
INSERT INTO RESOURCE_PROP (RESOURCE_PROP_ID, RESOURCE_ID, NAME, ATTR_VALUE) VALUES ('GROUP_IDENTITY_PUB', 'GROUP_IDENTITY', 'MENU_IS_PUBLIC', 'true');
INSERT INTO RESOURCE_PROP (RESOURCE_PROP_ID, RESOURCE_ID, NAME, ATTR_VALUE) VALUES ('GROUP_IDENTITY_DESC', 'GROUP_IDENTITY', 'MENU_DISPLAY_NAME', 'Identities');


INSERT INTO res_to_res_membership (RESOURCE_ID, MEMBER_RESOURCE_ID) VALUES('GROUP_EDIT_MENU', 'GROUP_IDENTITY');

INSERT INTO LANGUAGE_MAPPING (ID, LANGUAGE_ID, REFERENCE_ID, REFERENCE_TYPE, TEXT_VALUE) 
values ('GROUP_IDENTITY_DESC','1','GROUP_IDENTITY','ResourceEntity.displayNameMap','Identities'),
 ('ESGROUP_IDENTITY_DESC','4','GROUP_IDENTITY','ResourceEntity.displayNameMap','Identidades')
 
 UPDATE POLICY_ATTRIBUTE SET VALUE1='false' WHERE (VALUE1='0' AND NAME IN('REPEAT_SAME_WORD_PASSPHRASE', 'CHNG_PSWD_ON_RESET', 'RESET_BY_USER'));

UPDATE POLICY_ATTRIBUTE SET VALUE1='true' WHERE (VALUE1='1' AND NAME IN('REPEAT_SAME_WORD_PASSPHRASE', 'CHNG_PSWD_ON_RESET', 'RESET_BY_USER'));

IF NOT EXISTS (SELECT * FROM information_schema.columns WHERE TABLE_CATALOG='openiam' AND table_name = 'REPORT_CRITERIA_PARAMETER' AND column_name = 'DISPLAY_ORDER') 
BEGIN
	ALTER TABLE REPORT_CRITERIA_PARAMETER ADD DISPLAY_ORDER INT;
END;
IF NOT EXISTS (SELECT * FROM information_schema.columns WHERE TABLE_CATALOG='openiam' AND table_name = 'REPORT_CRITERIA_PARAMETER' AND column_name = 'REQUEST_PARAMS')
BEGIN
	ALTER TABLE REPORT_CRITERIA_PARAMETER ADD REQUEST_PARAMS NVARCHAR(512) NULL;
END;

GO
UPDATE REPORT_CRITERIA_PARAMETER SET DISPLAY_ORDER = 1 WHERE RCP_ID IN ('1011','1021','1031','1041','1051');
UPDATE REPORT_CRITERIA_PARAMETER SET DISPLAY_ORDER = 2 WHERE RCP_ID IN ('1012','1022','1042','1052');
UPDATE REPORT_CRITERIA_PARAMETER SET DISPLAY_ORDER = 3 WHERE RCP_ID IN ('1013','1023','1053');
UPDATE REPORT_CRITERIA_PARAMETER SET DISPLAY_ORDER = 4 WHERE RCP_ID IN ('1014','1024','1054');

IF NOT EXISTS (SELECT * FROM REPORT_PARAMETER_METATYPE WHERE PARAM_METATYPE_ID = 'RESOURCE') 
BEGIN
	INSERT INTO REPORT_PARAMETER_METATYPE (PARAM_METATYPE_ID, PARAM_METATYPE_NAME, IS_MULTIPLE) VALUES ('RESOURCE', 'Resource', 'Y');
END;

IF NOT EXISTS (SELECT * FROM RES WHERE RESOURCE_ID = 'RESOURCE_CERT_REPORT_106') 
BEGIN
	INSERT INTO RES (RESOURCE_ID, RESOURCE_TYPE_ID, DESCRIPTION, NAME, DISPLAY_ORDER, URL, MIN_AUTH_LEVEL, IS_PUBLIC,
	  		ADMIN_RESOURCE_ID, RISK, TYPE_ID, COORELATED_NAME) VALUES
		('RESOURCE_CERT_REPORT_106', 'REPORT', NULL, 'RESOURCE_CERT_REPORT_106', NULL, NULL, NULL, 'Y', NULL, NULL, NULL, 'RESOURCE_CERT_REPORT');
END;

IF NOT EXISTS (SELECT * FROM REPORT_INFO WHERE REPORT_INFO_ID = '106') 
BEGIN
	INSERT INTO REPORT_INFO (REPORT_INFO_ID, REPORT_NAME, DATASOURCE_FILE_PATH, REPORT_FILE_PATH, BUILT_IN, RESOURCE_ID) VALUES
		('106', 'RESOURCE_CERT_REPORT', 'ResourceCertReport.groovy', 'ResourceCertReport.rptdesign', 'Y', 'RESOURCE_CERT_REPORT_106');
END;

IF NOT EXISTS (SELECT * FROM REPORT_CRITERIA_PARAMETER WHERE RCP_ID IN ('1061','1062','1063','1064')) 
BEGIN
	INSERT INTO REPORT_CRITERIA_PARAMETER (RCP_ID, REPORT_INFO_ID, PARAM_NAME, PARAM_VALUE, RCPT_ID, PARAM_META_TYPE_ID, 
			IS_MULTIPLE, IS_REQUIRED, CAPTION, DISPLAY_ORDER, REQUEST_PARAMS) VALUES
		('1061', '106', 'OWNER_ID', NULL, '1', 'USER', 'N', 'N', 'Owner', 1, NULL),
		('1062', '106', 'RES_ID', NULL, '1', 'RESOURCE', 'N', 'N', 'Admin Resource', 2, '{"resourceTypeId":"ADMIN_RESOURCE", "userId":"${OWNER_ID}"}'),
		('1063', '106', 'PERIOD_START', NULL, '2', NULL, 'N', 'Y', 'Period Start', 3, NULL),
		('1064', '106', 'PERIOD_END', NULL, '2', NULL, 'N', 'N', 'Period End', 4, NULL);
END;

ALTER TABLE POLICY_DEF_PARAM ALTER COLUMN VALUE1 nvarchar(3072);
ALTER TABLE POLICY_DEF_PARAM ALTER COLUMN VALUE2 nvarchar(3072);
ALTER TABLE POLICY_ATTRIBUTE DROP COLUMN NAME;
ALTER TABLE POLICY_ATTRIBUTE DROP COLUMN OPERATION;
ALTER TABLE POLICY_ATTRIBUTE ALTER COLUMN VALUE1 nvarchar(3072);
ALTER TABLE POLICY_ATTRIBUTE ALTER COLUMN VALUE2 nvarchar(3072);

UPDATE POLICY_DEF_PARAM SET OPERATION = 'select' WHERE NAME = 'QUEST_LIST';
UPDATE POLICY_DEF_PARAM SET VALUE2='QUESTION_BANK' WHERE NAME = 'QUEST_LIST';
UPDATE POLICY_ATTRIBUTE SET VALUE2='QUESTION_BANK' WHERE POLICY_ATTR_ID='4015';
UPDATE POLICY_DEF_PARAM SET OPERATION='boolean' WHERE NAME = 'CHNG_PSWD_ON_RESET';
UPDATE POLICY_DEF_PARAM SET OPERATION='boolean' WHERE NAME = 'RESET_BY_USER' ;
UPDATE POLICY_DEF_PARAM SET OPERATION='boolean' WHERE NAME = 'PWD_EQ_PWD';
UPDATE POLICY_DEF_PARAM SET OPERATION='boolean' WHERE NAME = 'REPEAT_SAME_WORD_PASSPHRASE' ;
UPDATE POLICY_DEF_PARAM SET OPERATION='String' WHERE POLICY_DEF_ID = '100' AND OPERATION IS NULL;

insert into "IDENTITY" (IDENTITY_ID,MANAGED_SYS_ID, "IDENTITY", REFERRED_OBJECT_ID, IDENTITY_TYPE, CREATE_DATE, CREATED_BY, STATUS) 
  select {fn CONCAT(GRP_NAME,'_0_GROUP')}, '0', GRP_NAME, GRP_ID, 'GROUP', GETDATE(), '3000', 'ACTIVE' from GRP where GRP.GRP_ID not in (select REFERRED_OBJECT_ID from "IDENTITY"); 
  
DELETE FROM LANGUAGE_MAPPING WHERE REFERENCE_ID = 'MNGSYSRULES';

DELETE FROM res_to_res_membership WHERE MEMBER_RESOURCE_ID = 'MNGSYSRULES';

DELETE FROM RESOURCE_PROP WHERE RESOURCE_ID = 'MNGSYSRULES';

DELETE FROM RESOURCE_ROLE WHERE RESOURCE_ID = 'MNGSYSRULES';

DELETE FROM RES WHERE RESOURCE_ID = 'MNGSYSRULES';

DELETE FROM POLICY_ATTRIBUTE  WHERE DEF_PARAM_ID IN ('183','184');
DELETE FROM POLICY_DEF_PARAM WHERE DEF_PARAM_ID  IN ('183','184');

INSERT INTO POLICY_DEF_PARAM (DEF_PARAM_ID, POLICY_DEF_ID, NAME, DESCRIPTION, OPERATION, VALUE1, VALUE2, REPEATS, PARAM_GROUP, HANDLER_LANGUAGE, POLICY_PARAM_HANDLER) VALUES ('184', '100', 'INITIAL_PASSWORD', 'Initial Password configuration', 'select', 'STATIC', 'STATIC,RANDOM', 0, 'PSWD_COMPOSITION', null, null);
INSERT INTO POLICY_ATTRIBUTE (POLICY_ATTR_ID, DEF_PARAM_ID, POLICY_ID, VALUE1, VALUE2, RULE_TEXT, REQUIRED) VALUES ('4201', '184', '4000', 'STATIC', 'STATIC,RANDOM', null, 'Y');

DELETE FROM POLICY_ATTRIBUTE  WHERE DEF_PARAM_ID IN ('185');
DELETE FROM POLICY_DEF_PARAM WHERE DEF_PARAM_ID  IN ('185');

INSERT INTO POLICY_DEF_PARAM (DEF_PARAM_ID, POLICY_DEF_ID, NAME, DESCRIPTION, OPERATION, VALUE1, VALUE2, REPEATS, PARAM_GROUP, HANDLER_LANGUAGE, POLICY_PARAM_HANDLER) VALUES ('185', '100', 'REJECT_WORDS_IN_PSWD', 'Words not allowed in a password', 'boolean', 'false', '', 0, 'PSWD_COMPOSITION', null, 'org.openiam.idm.srvc.pswd.rule.RejectWordsRule');
INSERT INTO POLICY_ATTRIBUTE (POLICY_ATTR_ID, DEF_PARAM_ID, POLICY_ID, VALUE1, VALUE2, RULE_TEXT, REQUIRED) VALUES ('4202', '185', '4000', 'false', '', '', 'Y');

DELETE FROM RECONCILIATION_SITUATION WHERE RECON_CONFIG_ID IN ('1011', '4028b881373b90e501373b92ec180001');
DELETE FROM RECONCILIATION_CONFIG WHERE RECON_CONFIG_ID IN ('1011', '4028b881373b90e501373b92ec180001');

INSERT INTO reconciliation_config VALUES 
('1011','101','','ACTIVE',NULL,NULL,'','recon/LDAPSearchQuery.groovy','N','','PRINCIPAL','uid',NULL,'101','{\"employeeId\":\"not_found\"}',NULL,'(&(objectclass=inetOrgPerson)(uid=*))','recon/UserSearchScript.groovy',NULL,NULL,NULL,'USER',NULL,'','');

INSERT INTO reconciliation_situation VALUES 
('10111','1011','IDM[exists] and Resource[not exists]','DELETE_FROM_IDM','recon/LDAPPopulationScript.groovy',''),
('10112','1011','IDM[not exists] and Resource[exists]','ADD_TO_IDM','recon/LDAPPopulationScript.groovy',''),
('10113','1011','IDM[deleted] and Resource[exists]','NOTHING','recon/LDAPPopulationScript.groovy',''),
('10114','1011','IDM[exists] and Resource[exists]','UPDATE_IDM_FROM_RES','recon/LDAPPopulationScript.groovy','');

IF NOT EXISTS (SELECT * FROM RES WHERE RESOURCE_ID = 'TERM_ACCOUNT_REPORT_107') 
BEGIN
	INSERT INTO RES (RESOURCE_ID, RESOURCE_TYPE_ID, DESCRIPTION, NAME, DISPLAY_ORDER, URL, MIN_AUTH_LEVEL, IS_PUBLIC,
	  		ADMIN_RESOURCE_ID, RISK, TYPE_ID, COORELATED_NAME) VALUES
		('TERM_ACCOUNT_REPORT_107', 'REPORT', NULL, 'TERM_ACCOUNT_REPORT_107', NULL, NULL, NULL, 'Y', NULL, NULL, NULL, 'TERMINATING_ACCOUNTS_REPORT');
END;

IF NOT EXISTS (SELECT * FROM REPORT_INFO WHERE REPORT_INFO_ID = '107') 
BEGIN
	INSERT INTO REPORT_INFO (REPORT_INFO_ID, REPORT_NAME, DATASOURCE_FILE_PATH, REPORT_FILE_PATH, BUILT_IN, RESOURCE_ID) VALUES
		('107', 'TERMINATING_ACCOUNTS', 'TerminatingAccountsReport.groovy', 'TerminatingAccountsReport.rptdesign', 'Y', 'TERM_ACCOUNT_REPORT_107');
END;

IF NOT EXISTS (SELECT * FROM REPORT_CRITERIA_PARAMETER WHERE RCP_ID IN ('1071','1072','1073')) 
BEGIN
	INSERT INTO REPORT_CRITERIA_PARAMETER (RCP_ID, REPORT_INFO_ID, PARAM_NAME, PARAM_VALUE, RCPT_ID, PARAM_META_TYPE_ID, 
			IS_MULTIPLE, IS_REQUIRED, CAPTION, DISPLAY_ORDER, REQUEST_PARAMS) VALUES
		('1071', '107', 'ORG_ID', NULL, '1', 'ORGANIZATION', 'N', 'N', 'Organization', 1, NULL),
		('1072', '107', 'PERIOD_START', NULL, '2', NULL, 'N', 'Y', 'Period Start', 2, NULL),
		('1073', '107', 'PERIOD_END', NULL, '2', NULL, 'N', 'N', 'Period End', 3, NULL);
END;

IF NOT EXISTS (SELECT * FROM RES WHERE RESOURCE_ID = 'TOP_ACTIVE_USERS_REPORT_108') 
BEGIN
	INSERT INTO RES (RESOURCE_ID, RESOURCE_TYPE_ID, DESCRIPTION, NAME, DISPLAY_ORDER, URL, MIN_AUTH_LEVEL, IS_PUBLIC,
	  		ADMIN_RESOURCE_ID, RISK, TYPE_ID, COORELATED_NAME) VALUES
		('TOP_ACTIVE_USERS_REPORT_108', 'REPORT', NULL, 'TOP_ACTIVE_USERS_REPORT_108', NULL, NULL, NULL, 'Y', NULL, NULL, NULL, 'TOP_ACTIVE_USERS_REPORT');
END;

IF NOT EXISTS (SELECT * FROM REPORT_INFO WHERE REPORT_INFO_ID = '108') 
BEGIN
	INSERT INTO REPORT_INFO (REPORT_INFO_ID, REPORT_NAME, DATASOURCE_FILE_PATH, REPORT_FILE_PATH, BUILT_IN, RESOURCE_ID) VALUES
		('108', 'TOP_ACTIVE_USERS', 'TopActiveUsersReport.groovy', 'TopActiveUsersReport.rptdesign', 'Y', 'TOP_ACTIVE_USERS_REPORT_108');
END;

IF NOT EXISTS (SELECT * FROM REPORT_CRITERIA_PARAMETER WHERE RCP_ID IN ('1081','1082','1083','1084','1085')) 
BEGIN
	INSERT INTO REPORT_CRITERIA_PARAMETER (RCP_ID, REPORT_INFO_ID, PARAM_NAME, PARAM_VALUE, RCPT_ID, PARAM_META_TYPE_ID, 
			IS_MULTIPLE, IS_REQUIRED, CAPTION, DISPLAY_ORDER, REQUEST_PARAMS) VALUES
		('1081', '108', 'ORG_ID', NULL, '1', 'ORGANIZATION', 'N', 'N', 'Organization', 1, NULL),
		('1082', '108', 'ROLE_ID', NULL, '1', 'ROLE', 'N', 'N', 'Role', 2, NULL),
		('1083', '108', 'PERIOD_START', NULL, '2', NULL, 'N', 'Y', 'Period Start', 3, NULL),
		('1084', '108', 'PERIOD_END', NULL, '2', NULL, 'N', 'N', 'Period End', 4, NULL),
		('1085', '108', 'RECORDS', NULL, '3', NULL, 'N', 'N', 'Total records', 5, NULL);
END;

UPDATE POLICY_DEF_PARAM SET OPERATION = 'RANGE' WHERE DEF_PARAM_ID='129';
UPDATE POLICY_DEF_PARAM SET VALUE1 = '1' WHERE DEF_PARAM_ID='129';
UPDATE POLICY_DEF_PARAM SET VALUE2 = '5' WHERE DEF_PARAM_ID='129';
UPDATE POLICY_ATTRIBUTE SET VALUE1 = '1' WHERE DEF_PARAM_ID='129';
UPDATE POLICY_ATTRIBUTE SET VALUE2 = '5' WHERE DEF_PARAM_ID='129';
UPDATE POLICY_ATTRIBUTE SET REQUIRED = 'N' WHERE DEF_PARAM_ID='129';

IF NOT EXISTS (SELECT * FROM REPORT_PARAMETER_METATYPE WHERE PARAM_METATYPE_ID = 'RISK') 
BEGIN
	INSERT INTO REPORT_PARAMETER_METATYPE (PARAM_METATYPE_ID, PARAM_METATYPE_NAME, IS_MULTIPLE) VALUES ('RISK', 'Risk', 'N');
END;

IF NOT EXISTS (SELECT * FROM RES WHERE RESOURCE_ID = 'USER_ACCESS_REPORT_109') 
BEGIN
	INSERT INTO RES (RESOURCE_ID, RESOURCE_TYPE_ID, DESCRIPTION, NAME, DISPLAY_ORDER, URL, MIN_AUTH_LEVEL, IS_PUBLIC,
	  		ADMIN_RESOURCE_ID, RISK, TYPE_ID, COORELATED_NAME) VALUES
		('USER_ACCESS_REPORT_109', 'REPORT', NULL, 'USER_ACCESS_REPORT_109', NULL, NULL, NULL, 'Y', NULL, NULL, NULL, 'USER_ACCESS_REPORT');
END;

IF NOT EXISTS (SELECT * FROM REPORT_INFO WHERE REPORT_INFO_ID = '109') 
BEGIN
	INSERT INTO REPORT_INFO (REPORT_INFO_ID, REPORT_NAME, DATASOURCE_FILE_PATH, REPORT_FILE_PATH, BUILT_IN, RESOURCE_ID) VALUES
		('109', 'USER_ACCESS_REPORT', 'UserAccessReport.groovy', 'UserAccessReport.rptdesign', 'Y', 'USER_ACCESS_REPORT_109');
END;

IF NOT EXISTS (SELECT * FROM REPORT_CRITERIA_PARAMETER WHERE RCP_ID IN ('1091','1092','1093','1094','1095')) 
BEGIN
	INSERT INTO REPORT_CRITERIA_PARAMETER (RCP_ID, REPORT_INFO_ID, PARAM_NAME, PARAM_VALUE, RCPT_ID, PARAM_META_TYPE_ID, 
			IS_MULTIPLE, IS_REQUIRED, CAPTION, DISPLAY_ORDER, REQUEST_PARAMS) VALUES
		('1091', '109', 'ORG_ID', NULL, '1', 'ORGANIZATION', 'N', 'N', 'Organization', 1, NULL),
		('1092', '109', 'ROLE_ID', NULL, '1', 'ROLE', 'N', 'N', 'Role', 2, NULL),
		('1093', '109', 'RISK', NULL, '1', 'RISK', 'N', 'N', 'Risk', 3, NULL),
		('1094', '109', 'MANAGED_SYS_ID', NULL, '1', 'MANAGED_SYSTEM', 'N', 'N', 'Managed System', 4, NULL),
		('1095', '109', 'USER_ID', NULL, '1', 'USER', 'N', 'N', 'User', 5, NULL);
END;

INSERT INTO REPORT_CRITERIA_PARAMETER (RCP_ID, REPORT_INFO_ID, PARAM_NAME, PARAM_VALUE, RCPT_ID, PARAM_META_TYPE_ID, 
		IS_MULTIPLE, IS_REQUIRED, CAPTION, DISPLAY_ORDER, REQUEST_PARAMS)
VALUES ('1025', '102', 'ORG_ID', NULL, '1', 'ORGANIZATION', 'N', 'N', 'Organization', '5', NULL);

IF NOT EXISTS (SELECT * FROM RES WHERE RESOURCE_ID = 'PASSWORD_CHANGES_REPORT_110') 
BEGIN
	INSERT INTO RES (RESOURCE_ID, RESOURCE_TYPE_ID, DESCRIPTION, NAME, DISPLAY_ORDER, URL, MIN_AUTH_LEVEL, IS_PUBLIC,
	  		ADMIN_RESOURCE_ID, RISK, TYPE_ID, COORELATED_NAME) VALUES
		('PASSWORD_CHANGES_REPORT_110', 'REPORT', NULL, 'PASSWORD_CHANGES_REPORT_110', NULL, NULL, NULL, 'Y', NULL, NULL, NULL, 'PASSWORD_CHANGES_REPORT');
END;

IF NOT EXISTS (SELECT * FROM REPORT_INFO WHERE REPORT_INFO_ID = '110') 
BEGIN
	INSERT INTO REPORT_INFO (REPORT_INFO_ID, REPORT_NAME, DATASOURCE_FILE_PATH, REPORT_FILE_PATH, BUILT_IN, RESOURCE_ID) VALUES
		('110', 'PASSWORD_CHANGES_REPORT', 'PasswordChangesReport.groovy', 'PasswordChangesReport.rptdesign', 'Y', 'PASSWORD_CHANGES_REPORT_110');
END;

IF NOT EXISTS (SELECT * FROM REPORT_CRITERIA_PARAMETER WHERE RCP_ID IN ('1101','1102','1103')) 
BEGIN
	INSERT INTO REPORT_CRITERIA_PARAMETER (RCP_ID, REPORT_INFO_ID, PARAM_NAME, PARAM_VALUE, RCPT_ID, PARAM_META_TYPE_ID, 
			IS_MULTIPLE, IS_REQUIRED, CAPTION, DISPLAY_ORDER, REQUEST_PARAMS) VALUES
		('1101', '110', 'ORG_ID', NULL, '1', 'ORGANIZATION', 'N', 'N', 'Organization', 1, NULL),
		('1102', '110', 'PERIOD_START', NULL, '2', NULL, 'N', 'Y', 'Period Start', 2, NULL),
		('1103', '110', 'PERIOD_END', NULL, '2', NULL, 'N', 'N', 'Period End', 3, NULL);
END;


insert into SYNCH_CONFIG(SYNCH_CONFIG_ID,NAME,STATUS,SYNCH_SRC,FILE_NAME,MANAGED_SYS_ID,SYNCH_TYPE,PROCESS_RULE,VALIDATION_RULE,TRANSFORMATION_RULE,MATCH_FIELD_NAME,CUSTOM_MATCH_ATTR,USE_POLICY_MAP,USE_TRANSFORM_SCRIPT,POLICY_MAP_BEFORE_TRANSFORM,USE_SYSTEM_PATH,SEARCH_SCOPE) 
 values('csv_users_sample_id','CSV to IDM Users Sample','ACTIVE','CSV','test-user.csv','0','FULL','USER','sync/idmapps/csv/CSVSampleValidationScript.groovy','sync/idmapps/csv/CSVSampleTransformationScript.groovy','EMPLOYEE_ID','EMPLOYEE_ID','N','Y','Y','Y','2'); 

-- add WIN02-POWERSHELL-AD connector
insert into PROVISION_CONNECTOR(CONNECTOR_ID,NAME,METADATA_TYPE_ID,STD_COMPLIANCE_LEVEL,CLIENT_COMM_PROTOCOL,SERVICE_URL,SERVICE_NAMESPACE,SERVICE_PORT,SERVICE_WSDL,CLASS_NAME,HOST,PORT,CONNECTOR_INTERFACE)
values('powershell_ad_rem_connector_id','AD Win02 Remote','RemoteConnector',null,'CLEAR','win02.openiamdemo.com/PowershellConnectorAD/PowershellConnector.svc','urn:idm.openiam.org/spml2/service','443',null,null,null,null,'REMOTE');

insert into MANAGED_SYS(MANAGED_SYS_ID,NAME,DESCRIPTION,STATUS,CONNECTOR_ID,HOST_URL,APPL_URL,PORT,COMM_PROTOCOL,USER_ID, PSWD,START_DATE,END_DATE, RESOURCE_ID,PRIMARY_REPOSITORY,SECONDARY_REPOSITORY_ID,ALWAYS_UPDATE_SECONDARY,RES_DEPENDENCY, ADD_HNDLR, MODIFY_HNDLR, DELETE_HNDLR, SETPASS_HNDLR, SUSPEND_HNDLR,SEARCH_HNDLR,LOOKUP_HNDLR,TEST_CONNECTION_HNDLR,RECONCILE_RESOURCE_HNDLR,HNDLR_5,DRIVER_URL,CONNECTION_STRING,SEARCH_SCOPE)
values('active_dir_win02_managed_sys_id','AD Win02 [Remote Connector]','','ACTIVE','powershell_ad_rem_connector_id', 'LDAP://win02.ad.openiamdemo.info', NULL, NULL, '', 'AD\Administrator', '=tdWk2eqV8P',NULL, NULL, '8a70a63f3f079e58013f0e9e8a160053', NULL, '', NULL, NULL, 'ADPowershell.ps1', 'ADPowershell.ps1','ADPowershell.ps1', 'ADPowershell.ps1', 'ADPowershell.ps1', 'ADPowershell.ps1', 'ADPowershell.ps1', 'ADPowershell.ps1', 'ADPowershell.ps1', '', '', '',2);

insert into MANAGED_SYS_RULE(MANAGED_SYS_RULE_ID,MANAGED_SYS_ID,MANAGED_SYS_RULE_NAME,MANAGED_SYS_RULE_VALUE)
values('ad_win02_managed_sys_rule_id', 'active_dir_win02_managed_sys_id', 'SamAccountName', 'provision/ad/sAMAccount.groovy');

insert into MNG_SYS_OBJECT_MATCH(OBJECT_SEARCH_ID,MANAGED_SYS_ID,OBJECT_TYPE,MATCH_METHOD,BASE_DN,SEARCH_BASE_DN,SEARCH_FILTER,KEY_FIELD)
values('ad_win02_mng_sys_obj_match_0_id', 'active_dir_win02_managed_sys_id', 'USER', NULL, 'ou=idm-test,dc=ad,dc=openiamdemo,dc=info', 'ou=idm-test,dc=ad,dc=openiamdemo,dc=info', '', 'sAMAccountName');

insert into MNG_SYS_OBJECT_MATCH(OBJECT_SEARCH_ID,MANAGED_SYS_ID,OBJECT_TYPE,MATCH_METHOD,BASE_DN,SEARCH_BASE_DN,SEARCH_FILTER,KEY_FIELD)
values('ad_win02_mng_sys_obj_match_1_id', 'active_dir_win02_managed_sys_id', 'GROUP', NULL, 'ou=idm-test,dc=ad,dc=openiamdemo,dc=info', 'ou=idm-test,dc=ad,dc=openiamdemo,dc=info', '', 'sAMAccountName');

insert into RES(RESOURCE_ID,RESOURCE_TYPE_ID,DESCRIPTION,NAME,DISPLAY_ORDER,URL,MIN_AUTH_LEVEL,IS_PUBLIC)
values('active_dir_win02_mng_sys_res_id', 'MANAGED_SYS', NULL, 'RES_AD_WIN02_REMOTE', '0', NULL, NULL, 'Y');


insert into ATTRIBUTE_MAP(ATTRIBUTE_MAP_ID,MANAGED_SYS_ID,RESOURCE_ID,MAP_FOR_OBJECT_TYPE,ATTRIBUTE_NAME,TARGET_ATTRIBUTE_NAME,AUTHORITATIVE_SRC,ATTRIBUTE_POLICY_ID,RULE_TEXT,STATUS,START_DATE,END_DATE,STORE_IN_IAMDB,DATA_TYPE,DEFAULT_VALUE,SYNCH_CONFIG_ID)
values('8a70a63f3f13d3e2013f13ecc1d40005', 'active_dir_win02_managed_sys_id', 'active_dir_win02_mng_sys_res_id', 'PRINCIPAL', 'sAMAccountName', NULL, NULL, '8a70a63f3f13d3e2013f13ecc1cc0004', NULL, 'ACTIVE', NULL, NULL, NULL, 'STRING', NULL, NULL);
insert into ATTRIBUTE_MAP(ATTRIBUTE_MAP_ID,MANAGED_SYS_ID,RESOURCE_ID,MAP_FOR_OBJECT_TYPE,ATTRIBUTE_NAME,TARGET_ATTRIBUTE_NAME,AUTHORITATIVE_SRC,ATTRIBUTE_POLICY_ID,RULE_TEXT,STATUS,START_DATE,END_DATE,STORE_IN_IAMDB,DATA_TYPE,DEFAULT_VALUE,SYNCH_CONFIG_ID)
values('8a70a63f3f13d3e2013f13ecf5f8000b', 'active_dir_win02_managed_sys_id', 'active_dir_win02_mng_sys_res_id', 'USER', 'SamAccountName', NULL, NULL, '8a70a63f3f13d3e2013f13ecf5f1000a', NULL, 'ACTIVE', NULL, NULL, NULL, 'STRING', NULL, NULL);
insert into ATTRIBUTE_MAP(ATTRIBUTE_MAP_ID,MANAGED_SYS_ID,RESOURCE_ID,MAP_FOR_OBJECT_TYPE,ATTRIBUTE_NAME,TARGET_ATTRIBUTE_NAME,AUTHORITATIVE_SRC,ATTRIBUTE_POLICY_ID,RULE_TEXT,STATUS,START_DATE,END_DATE,STORE_IN_IAMDB,DATA_TYPE,DEFAULT_VALUE,SYNCH_CONFIG_ID)
values('8a70a63f3f1c34b4013f1eb31c14002a', 'active_dir_win02_managed_sys_id', 'active_dir_win02_mng_sys_res_id', 'USER', 'Surname', NULL, NULL, '8a70a63f3f1c34b4013f1eb31bf20029', NULL, 'ACTIVE', NULL, NULL, NULL, 'STRING', NULL, NULL);
insert into ATTRIBUTE_MAP(ATTRIBUTE_MAP_ID,MANAGED_SYS_ID,RESOURCE_ID,MAP_FOR_OBJECT_TYPE,ATTRIBUTE_NAME,TARGET_ATTRIBUTE_NAME,AUTHORITATIVE_SRC,ATTRIBUTE_POLICY_ID,RULE_TEXT,STATUS,START_DATE,END_DATE,STORE_IN_IAMDB,DATA_TYPE,DEFAULT_VALUE,SYNCH_CONFIG_ID)
values('8a70a63f3f1c34b4013f1eb432220034', 'active_dir_win02_managed_sys_id', 'active_dir_win02_mng_sys_res_id', 'USER', 'GivenName', NULL, NULL, '8a70a63f3f1c34b4013f1eb432050033', NULL, 'ACTIVE', NULL, NULL, NULL, 'STRING', NULL, NULL);
insert into ATTRIBUTE_MAP(ATTRIBUTE_MAP_ID,MANAGED_SYS_ID,RESOURCE_ID,MAP_FOR_OBJECT_TYPE,ATTRIBUTE_NAME,TARGET_ATTRIBUTE_NAME,AUTHORITATIVE_SRC,ATTRIBUTE_POLICY_ID,RULE_TEXT,STATUS,START_DATE,END_DATE,STORE_IN_IAMDB,DATA_TYPE,DEFAULT_VALUE,SYNCH_CONFIG_ID)
values('8a70a63f3f1c34b4013f1eb4f2470040', 'active_dir_win02_managed_sys_id', 'active_dir_win02_mng_sys_res_id', 'USER', 'DisplayName', NULL, NULL, '8a70a63f3f1c34b4013f1eb4f22a003f', NULL, 'ACTIVE', NULL, NULL, NULL, 'STRING', NULL, NULL);
insert into ATTRIBUTE_MAP(ATTRIBUTE_MAP_ID,MANAGED_SYS_ID,RESOURCE_ID,MAP_FOR_OBJECT_TYPE,ATTRIBUTE_NAME,TARGET_ATTRIBUTE_NAME,AUTHORITATIVE_SRC,ATTRIBUTE_POLICY_ID,RULE_TEXT,STATUS,START_DATE,END_DATE,STORE_IN_IAMDB,DATA_TYPE,DEFAULT_VALUE,SYNCH_CONFIG_ID)
values('8a70a63f3f1c34b4013f1eb5a40e004e', 'active_dir_win02_managed_sys_id', 'active_dir_win02_mng_sys_res_id', 'USER', 'HomeDirectory', NULL, NULL, '8a70a63f3f1c34b4013f1eb5a3ec004d', NULL, 'ACTIVE', NULL, NULL, NULL, 'STRING', NULL, NULL);
insert into ATTRIBUTE_MAP(ATTRIBUTE_MAP_ID,MANAGED_SYS_ID,RESOURCE_ID,MAP_FOR_OBJECT_TYPE,ATTRIBUTE_NAME,TARGET_ATTRIBUTE_NAME,AUTHORITATIVE_SRC,ATTRIBUTE_POLICY_ID,RULE_TEXT,STATUS,START_DATE,END_DATE,STORE_IN_IAMDB,DATA_TYPE,DEFAULT_VALUE,SYNCH_CONFIG_ID)
values('8a70a63f3f1c34b4013f1eb6ee5e006a', 'active_dir_win02_managed_sys_id', 'active_dir_win02_mng_sys_res_id', 'USER', 'Path', NULL, NULL, '8a70a63f3f1c34b4013f1eb6ee580069', NULL, 'ACTIVE', NULL, NULL, NULL, 'STRING', NULL, NULL);
insert into ATTRIBUTE_MAP(ATTRIBUTE_MAP_ID,MANAGED_SYS_ID,RESOURCE_ID,MAP_FOR_OBJECT_TYPE,ATTRIBUTE_NAME,TARGET_ATTRIBUTE_NAME,AUTHORITATIVE_SRC,ATTRIBUTE_POLICY_ID,RULE_TEXT,STATUS,START_DATE,END_DATE,STORE_IN_IAMDB,DATA_TYPE,DEFAULT_VALUE,SYNCH_CONFIG_ID)
values('8a70a63f3f1c34b4013f1eb7babd007c', 'active_dir_win02_managed_sys_id', 'active_dir_win02_mng_sys_res_id', 'USER', 'ProfilePath', NULL, NULL, '8a70a63f3f1c34b4013f1eb7bab7007b', NULL, 'ACTIVE', NULL, NULL, NULL, 'STRING', NULL, NULL);
insert into ATTRIBUTE_MAP(ATTRIBUTE_MAP_ID,MANAGED_SYS_ID,RESOURCE_ID,MAP_FOR_OBJECT_TYPE,ATTRIBUTE_NAME,TARGET_ATTRIBUTE_NAME,AUTHORITATIVE_SRC,ATTRIBUTE_POLICY_ID,RULE_TEXT,STATUS,START_DATE,END_DATE,STORE_IN_IAMDB,DATA_TYPE,DEFAULT_VALUE,SYNCH_CONFIG_ID)
values('8a70a63f3f1c34b4013f1ebd84a10090', 'active_dir_win02_managed_sys_id', 'active_dir_win02_mng_sys_res_id', 'USER', 'HomeDrive', NULL, NULL, '8a70a63f3f1c34b4013f1ebd849b008f', NULL, 'ACTIVE', NULL, NULL, NULL, 'STRING', NULL, NULL);
insert into ATTRIBUTE_MAP(ATTRIBUTE_MAP_ID,MANAGED_SYS_ID,RESOURCE_ID,MAP_FOR_OBJECT_TYPE,ATTRIBUTE_NAME,TARGET_ATTRIBUTE_NAME,AUTHORITATIVE_SRC,ATTRIBUTE_POLICY_ID,RULE_TEXT,STATUS,START_DATE,END_DATE,STORE_IN_IAMDB,DATA_TYPE,DEFAULT_VALUE,SYNCH_CONFIG_ID)
values('8a70a63f3f1c34b4013f1ebe819b00a6', 'active_dir_win02_managed_sys_id', 'active_dir_win02_mng_sys_res_id', 'USER', 'ScriptPath', NULL, NULL, '8a70a63f3f1c34b4013f1ebe819500a5', NULL, 'ACTIVE', NULL, NULL, NULL, 'STRING', NULL, NULL);
insert into ATTRIBUTE_MAP(ATTRIBUTE_MAP_ID,MANAGED_SYS_ID,RESOURCE_ID,MAP_FOR_OBJECT_TYPE,ATTRIBUTE_NAME,TARGET_ATTRIBUTE_NAME,AUTHORITATIVE_SRC,ATTRIBUTE_POLICY_ID,RULE_TEXT,STATUS,START_DATE,END_DATE,STORE_IN_IAMDB,DATA_TYPE,DEFAULT_VALUE,SYNCH_CONFIG_ID)
values('8a70a63f3f1c34b4013f1ebed6df00be', 'active_dir_win02_managed_sys_id', 'active_dir_win02_mng_sys_res_id', 'USER', 'Company', NULL, NULL, '8a70a63f3f1c34b4013f1ebed6d800bd', NULL, 'ACTIVE', NULL, NULL, NULL, 'STRING', NULL, NULL);
insert into ATTRIBUTE_MAP(ATTRIBUTE_MAP_ID,MANAGED_SYS_ID,RESOURCE_ID,MAP_FOR_OBJECT_TYPE,ATTRIBUTE_NAME,TARGET_ATTRIBUTE_NAME,AUTHORITATIVE_SRC,ATTRIBUTE_POLICY_ID,RULE_TEXT,STATUS,START_DATE,END_DATE,STORE_IN_IAMDB,DATA_TYPE,DEFAULT_VALUE,SYNCH_CONFIG_ID)
values('8a70a63f3f1c34b4013f1ebf472300d8', 'active_dir_win02_managed_sys_id', 'active_dir_win02_mng_sys_res_id', 'USER', 'Initials', NULL, NULL, '8a70a63f3f1c34b4013f1ebf471e00d7', NULL, 'ACTIVE', NULL, NULL, NULL, 'STRING', NULL, NULL);
insert into ATTRIBUTE_MAP(ATTRIBUTE_MAP_ID,MANAGED_SYS_ID,RESOURCE_ID,MAP_FOR_OBJECT_TYPE,ATTRIBUTE_NAME,TARGET_ATTRIBUTE_NAME,AUTHORITATIVE_SRC,ATTRIBUTE_POLICY_ID,RULE_TEXT,STATUS,START_DATE,END_DATE,STORE_IN_IAMDB,DATA_TYPE,DEFAULT_VALUE,SYNCH_CONFIG_ID)
values('8a70a63f3f1c34b4013f1ebf984b00f4', 'active_dir_win02_managed_sys_id', 'active_dir_win02_mng_sys_res_id', 'USER', 'Department', NULL, NULL, '8a70a63f3f1c34b4013f1ebf984500f3', NULL, 'ACTIVE', NULL, NULL, NULL, 'STRING', NULL, NULL);
insert into ATTRIBUTE_MAP(ATTRIBUTE_MAP_ID,MANAGED_SYS_ID,RESOURCE_ID,MAP_FOR_OBJECT_TYPE,ATTRIBUTE_NAME,TARGET_ATTRIBUTE_NAME,AUTHORITATIVE_SRC,ATTRIBUTE_POLICY_ID,RULE_TEXT,STATUS,START_DATE,END_DATE,STORE_IN_IAMDB,DATA_TYPE,DEFAULT_VALUE,SYNCH_CONFIG_ID)
values('8a70a63f3f1c34b4013f1ec143510112', 'active_dir_win02_managed_sys_id', 'active_dir_win02_mng_sys_res_id', 'USER', 'Title', NULL, NULL, '8a70a63f3f1c34b4013f1ec1434c0111', NULL, 'ACTIVE', NULL, NULL, NULL, 'STRING', NULL, NULL);
insert into ATTRIBUTE_MAP(ATTRIBUTE_MAP_ID,MANAGED_SYS_ID,RESOURCE_ID,MAP_FOR_OBJECT_TYPE,ATTRIBUTE_NAME,TARGET_ATTRIBUTE_NAME,AUTHORITATIVE_SRC,ATTRIBUTE_POLICY_ID,RULE_TEXT,STATUS,START_DATE,END_DATE,STORE_IN_IAMDB,DATA_TYPE,DEFAULT_VALUE,SYNCH_CONFIG_ID)
values('8a70a63f3f1c34b4013f1ec2f0730132', 'active_dir_win02_managed_sys_id', 'active_dir_win02_mng_sys_res_id', 'USER', 'UserPrincipalName', NULL, NULL, '8a70a63f3f1c34b4013f1ec2f06e0131', NULL, 'ACTIVE', NULL, NULL, NULL, 'STRING', NULL, NULL);
insert into ATTRIBUTE_MAP(ATTRIBUTE_MAP_ID,MANAGED_SYS_ID,RESOURCE_ID,MAP_FOR_OBJECT_TYPE,ATTRIBUTE_NAME,TARGET_ATTRIBUTE_NAME,AUTHORITATIVE_SRC,ATTRIBUTE_POLICY_ID,RULE_TEXT,STATUS,START_DATE,END_DATE,STORE_IN_IAMDB,DATA_TYPE,DEFAULT_VALUE,SYNCH_CONFIG_ID)
values('8a70a63f3f1c34b4013f1ec6c7a70154', 'active_dir_win02_managed_sys_id', 'active_dir_win02_mng_sys_res_id', 'USER', 'StreetAddress', NULL, NULL, '8a70a63f3f1c34b4013f1ec6c7a30153', NULL, 'ACTIVE', NULL, NULL, NULL, 'STRING', NULL, NULL);
insert into ATTRIBUTE_MAP(ATTRIBUTE_MAP_ID,MANAGED_SYS_ID,RESOURCE_ID,MAP_FOR_OBJECT_TYPE,ATTRIBUTE_NAME,TARGET_ATTRIBUTE_NAME,AUTHORITATIVE_SRC,ATTRIBUTE_POLICY_ID,RULE_TEXT,STATUS,START_DATE,END_DATE,STORE_IN_IAMDB,DATA_TYPE,DEFAULT_VALUE,SYNCH_CONFIG_ID)
values('8a70a63f3f1c34b4013f1ec7fa1b0178', 'active_dir_win02_managed_sys_id', 'active_dir_win02_mng_sys_res_id', 'USER', 'City', NULL, NULL, '8a70a63f3f1c34b4013f1ec7fa170177', NULL, 'ACTIVE', NULL, NULL, NULL, 'STRING', NULL, NULL);
insert into ATTRIBUTE_MAP(ATTRIBUTE_MAP_ID,MANAGED_SYS_ID,RESOURCE_ID,MAP_FOR_OBJECT_TYPE,ATTRIBUTE_NAME,TARGET_ATTRIBUTE_NAME,AUTHORITATIVE_SRC,ATTRIBUTE_POLICY_ID,RULE_TEXT,STATUS,START_DATE,END_DATE,STORE_IN_IAMDB,DATA_TYPE,DEFAULT_VALUE,SYNCH_CONFIG_ID)
values('8a70a63f3f1c34b4013f1ec88057019e', 'active_dir_win02_managed_sys_id', 'active_dir_win02_mng_sys_res_id', 'USER', 'State', NULL, NULL, '8a70a63f3f1c34b4013f1ec8803d019d', NULL, 'ACTIVE', NULL, NULL, NULL, 'STRING', NULL, NULL);
insert into ATTRIBUTE_MAP(ATTRIBUTE_MAP_ID,MANAGED_SYS_ID,RESOURCE_ID,MAP_FOR_OBJECT_TYPE,ATTRIBUTE_NAME,TARGET_ATTRIBUTE_NAME,AUTHORITATIVE_SRC,ATTRIBUTE_POLICY_ID,RULE_TEXT,STATUS,START_DATE,END_DATE,STORE_IN_IAMDB,DATA_TYPE,DEFAULT_VALUE,SYNCH_CONFIG_ID)
values('8a70a63f3f1c34b4013f1ec996af01c6', 'active_dir_win02_managed_sys_id', 'active_dir_win02_mng_sys_res_id', 'USER', 'PostalCode', NULL, NULL, '8a70a63f3f1c34b4013f1ec996a001c5', NULL, 'ACTIVE', NULL, NULL, NULL, 'STRING', NULL, NULL);
insert into ATTRIBUTE_MAP(ATTRIBUTE_MAP_ID,MANAGED_SYS_ID,RESOURCE_ID,MAP_FOR_OBJECT_TYPE,ATTRIBUTE_NAME,TARGET_ATTRIBUTE_NAME,AUTHORITATIVE_SRC,ATTRIBUTE_POLICY_ID,RULE_TEXT,STATUS,START_DATE,END_DATE,STORE_IN_IAMDB,DATA_TYPE,DEFAULT_VALUE,SYNCH_CONFIG_ID)
values('8a70a63f3f1c34b4013f1eca30fb01f0', 'active_dir_win02_managed_sys_id', 'active_dir_win02_mng_sys_res_id', 'USER', 'OfficePhone', NULL, NULL, '8a70a63f3f1c34b4013f1eca30f601ef', NULL, 'ACTIVE', NULL, NULL, NULL, 'STRING', NULL, NULL);
insert into ATTRIBUTE_MAP(ATTRIBUTE_MAP_ID,MANAGED_SYS_ID,RESOURCE_ID,MAP_FOR_OBJECT_TYPE,ATTRIBUTE_NAME,TARGET_ATTRIBUTE_NAME,AUTHORITATIVE_SRC,ATTRIBUTE_POLICY_ID,RULE_TEXT,STATUS,START_DATE,END_DATE,STORE_IN_IAMDB,DATA_TYPE,DEFAULT_VALUE,SYNCH_CONFIG_ID)
values('8a70a63f3f1c34b4013f1eca8128021c', 'active_dir_win02_managed_sys_id', 'active_dir_win02_mng_sys_res_id', 'USER', 'Name', NULL, NULL, '8a70a63f3f1c34b4013f1eca8122021b', NULL, 'ACTIVE', NULL, NULL, NULL, 'STRING', NULL, NULL);
insert into ATTRIBUTE_MAP(ATTRIBUTE_MAP_ID,MANAGED_SYS_ID,RESOURCE_ID,MAP_FOR_OBJECT_TYPE,ATTRIBUTE_NAME,TARGET_ATTRIBUTE_NAME,AUTHORITATIVE_SRC,ATTRIBUTE_POLICY_ID,RULE_TEXT,STATUS,START_DATE,END_DATE,STORE_IN_IAMDB,DATA_TYPE,DEFAULT_VALUE,SYNCH_CONFIG_ID)
values('8a70a63f3f1c34b4013f1eccbd77024a', 'active_dir_win02_managed_sys_id', 'active_dir_win02_mng_sys_res_id', 'USER', 'AccountPassword', NULL, NULL, '8a70a63f3f1c34b4013f1eccbd720249', NULL, 'ACTIVE', NULL, NULL, NULL, 'STRING', NULL, NULL);
insert into ATTRIBUTE_MAP(ATTRIBUTE_MAP_ID,MANAGED_SYS_ID,RESOURCE_ID,MAP_FOR_OBJECT_TYPE,ATTRIBUTE_NAME,TARGET_ATTRIBUTE_NAME,AUTHORITATIVE_SRC,ATTRIBUTE_POLICY_ID,RULE_TEXT,STATUS,START_DATE,END_DATE,STORE_IN_IAMDB,DATA_TYPE,DEFAULT_VALUE,SYNCH_CONFIG_ID)
values('8a70a63f3f1c34b4013f1ecd3a2c027a', 'active_dir_win02_managed_sys_id', 'active_dir_win02_mng_sys_res_id', 'USER', 'EmployeeID', NULL, NULL, '8a70a63f3f1c34b4013f1ecd3a280279', NULL, 'ACTIVE', NULL, NULL, NULL, 'STRING', NULL, NULL);
insert into ATTRIBUTE_MAP(ATTRIBUTE_MAP_ID,MANAGED_SYS_ID,RESOURCE_ID,MAP_FOR_OBJECT_TYPE,ATTRIBUTE_NAME,TARGET_ATTRIBUTE_NAME,AUTHORITATIVE_SRC,ATTRIBUTE_POLICY_ID,RULE_TEXT,STATUS,START_DATE,END_DATE,STORE_IN_IAMDB,DATA_TYPE,DEFAULT_VALUE,SYNCH_CONFIG_ID)
values('8a70a63f3f1c34b4013f1ecf05b002ac', 'active_dir_win02_managed_sys_id', 'active_dir_win02_mng_sys_res_id', 'USER', 'Manager', NULL, NULL, '8a70a63f3f1c34b4013f1ecf05ac02ab', NULL, 'ACTIVE', NULL, NULL, NULL, 'STRING', NULL, NULL);
insert into ATTRIBUTE_MAP(ATTRIBUTE_MAP_ID,MANAGED_SYS_ID,RESOURCE_ID,MAP_FOR_OBJECT_TYPE,ATTRIBUTE_NAME,TARGET_ATTRIBUTE_NAME,AUTHORITATIVE_SRC,ATTRIBUTE_POLICY_ID,RULE_TEXT,STATUS,START_DATE,END_DATE,STORE_IN_IAMDB,DATA_TYPE,DEFAULT_VALUE,SYNCH_CONFIG_ID)
values('8a70a63f3f1c34b4013f1ecf6bce02e0', 'active_dir_win02_managed_sys_id', 'active_dir_win02_mng_sys_res_id', 'USER', 'Office', NULL, NULL, '8a70a63f3f1c34b4013f1ecf6bc902df', NULL, 'ACTIVE', NULL, NULL, NULL, 'STRING', NULL, NULL);
insert into ATTRIBUTE_MAP(ATTRIBUTE_MAP_ID,MANAGED_SYS_ID,RESOURCE_ID,MAP_FOR_OBJECT_TYPE,ATTRIBUTE_NAME,TARGET_ATTRIBUTE_NAME,AUTHORITATIVE_SRC,ATTRIBUTE_POLICY_ID,RULE_TEXT,STATUS,START_DATE,END_DATE,STORE_IN_IAMDB,DATA_TYPE,DEFAULT_VALUE,SYNCH_CONFIG_ID)
values('8a70a63f3f1c34b4013f1ed092a80348', 'active_dir_win02_managed_sys_id', 'active_dir_win02_mng_sys_res_id', 'USER', 'EmailAddress', NULL, NULL, '8a70a63f3f1c34b4013f1ed0926e0347', NULL, 'ACTIVE', NULL, NULL, NULL, 'STRING', NULL, NULL);
insert into ATTRIBUTE_MAP(ATTRIBUTE_MAP_ID,MANAGED_SYS_ID,RESOURCE_ID,MAP_FOR_OBJECT_TYPE,ATTRIBUTE_NAME,TARGET_ATTRIBUTE_NAME,AUTHORITATIVE_SRC,ATTRIBUTE_POLICY_ID,RULE_TEXT,STATUS,START_DATE,END_DATE,STORE_IN_IAMDB,DATA_TYPE,DEFAULT_VALUE,SYNCH_CONFIG_ID)
values('8a70a63f3f5841b5013f587586110023', 'active_dir_win02_managed_sys_id', 'active_dir_win02_mng_sys_res_id', 'EMAIL', 'Enabled', NULL, NULL, '8a70a63f3f5841b5013f5875860a0022', NULL, 'ACTIVE', NULL, NULL, NULL, 'STRING', NULL, NULL);


INSERT INTO recon_res_attr_map (RECON_RES_ATTR_MAP_ID, ATTR_POLICY_ID, DEF_RECON_ATTR_MAP_ID) VALUES ('8a70a63f3f13d3e2013f13ecc1cc0004','4630',NULL),('8a70a63f3f13d3e2013f13ecf5f1000a','8a70a63f3f5841b5013f585def970003',NULL),('8a70a63f3f1c34b4013f1eb31bf20029','4506',NULL),('8a70a63f3f1c34b4013f1eb432050033','4631',NULL),('8a70a63f3f1c34b4013f1eb4f22a003f','4517',NULL),('8a70a63f3f1c34b4013f1eb5a3ec004d','4636',NULL),('8a70a63f3f1c34b4013f1eb6ee580069','4633',NULL),('8a70a63f3f1c34b4013f1eb7bab7007b','4635',NULL),('8a70a63f3f1c34b4013f1ebd849b008f','4637',NULL),('8a70a63f3f1c34b4013f1ebe819500a5','4639',NULL),('8a70a63f3f1c34b4013f1ebed6d800bd','4640',NULL),('8a70a63f3f1c34b4013f1ebf471e00d7','4642',NULL),('8a70a63f3f1c34b4013f1ebf984500f3','4643',NULL),('8a70a63f3f1c34b4013f1ec1434c0111','4645',NULL),('8a70a63f3f1c34b4013f1ec2f06e0131','297ec33c3ced62d2013ced83e3640086',NULL),('8a70a63f3f1c34b4013f1ec6c7a30153','297ec33c3ced62d2013ced8547880097',NULL),('8a70a63f3f1c34b4013f1ec7fa170177','297ec33c3ced62d2013ced8647c100a9',NULL),('8a70a63f3f1c34b4013f1ec8803d019d','297ec33c3ced62d2013ced87182100bc',NULL),('8a70a63f3f1c34b4013f1ec996a001c5','297ec33c3ced62d2013ced883c3e00d0',NULL),('8a70a63f3f1c34b4013f1eca30f601ef','4511',NULL),('8a70a63f3f1c34b4013f1eca8122021b','4501',NULL),('8a70a63f3f1c34b4013f1eccbd720249','4563',NULL),('8a70a63f3f1c34b4013f1ecd3a280279','4543',NULL),('8a70a63f3f1c34b4013f1ecf05ac02ab','297ec33c3ced62d2013ced883c3f00e0',NULL),('8a70a63f3f1c34b4013f1ecf6bc902df','4503',NULL),('8a70a63f3f1c34b4013f1ed0926e0347','4540',NULL),('8a70a63f3f5841b5013f5875860a0022','8a70a63f3f5841b5013f586a9743001d',NULL);

INSERT INTO policy VALUES ('297ec33c3ced62d2013ced83e3640086','104','ad-userPrincipalName','User principal name',1,NULL,NULL,NULL,NULL,'provision/ad/userPrincipalName.groovy',NULL,1),('297ec33c3ced62d2013ced8547880097','104','ad-streetAddress','Street Address',1,'2013-02-18 17:36:40','3000','2013-02-18 17:39:54',NULL,'provision/ad/street.groovy',NULL,1),('297ec33c3ced62d2013ced8647c100a9','104','ad-city','City',1,'2013-02-18 17:36:40','3000','2013-02-18 17:39:54',NULL,'provision/ad/city.groovy',NULL,1),('297ec33c3ced62d2013ced87182100bc','104','ad-state','State',1,'2013-02-18 17:38:39','3000','2013-02-18 17:39:54',NULL,'provision/ad/state.groovy',NULL,1),('297ec33c3ced62d2013ced883c3e00d0','104','ad-zip','Postal code',1,'2013-02-18 17:39:54','3000','2013-02-18 17:39:54',NULL,'provision/ad/zip.groovy',NULL,1),('297ec33c3ced62d2013ced883c3f00e0','104','ad-manager','Manager',1,'2013-02-18 17:39:54','3000','2013-02-18 17:39:54',NULL,'provision/ad/manager.groovy',NULL,1),('8a70a63f3f5841b5013f586a9743001d','104','ad-status','Status',1,NULL,NULL,NULL,NULL,'provision/ad/adStatus.groovy',NULL,NULL);
INSERT INTO policy VALUES ('8a70a63f3f5841b5013f585def970003','104','ad-sAMAccountName-NP','ad-sAMAccountName-NoPrincipal',1,NULL,NULL,NULL,NULL,'provision/ad/win02/sAMAccountName-NP.groovy',NULL,NULL);

-- Reconciliation config
insert into RECONCILIATION_CONFIG(RECON_CONFIG_ID, RESOURCE_ID, STATUS, TARGET_SYS_MATCH_SCRIPT, MANUAL_RECONCILIATION_FLAG, MATCH_FIELD_NAME, CUSTOM_MATCH_ATTR, MANAGED_SYS_ID, SEARCH_FILTER, TARGET_SYS_SEARCH_FILTER, MATCH_SCRIPT, RECON_CUSTOM_PROCESSOR, RECON_TYPE) 
values('297e25c047cf76fc0147cfb2874c0002', 'active_dir_win02_mng_sys_res_id', 'ACTIVE', '', 'N', 'PRINCIPAL', 'cn', 'active_dir_win02_managed_sys_id', '', '(objectClass=group)', 'recon/GroupSearchScript.groovy', 'recon/GroupProcessor.groovy', 'GROUP');
insert into RECONCILIATION_SITUATION(RECON_SITUATION_ID,RECON_CONFIG_ID,SITUATION,SITUATION_RESP) 
values('297e25c047cf76fc0147cfb2874f0003','297e25c047cf76fc0147cfb2874c0002','IDM[deleted] and Resource[exists]','NOTHING');
insert into RECONCILIATION_SITUATION(RECON_SITUATION_ID,RECON_CONFIG_ID,SITUATION,SITUATION_RESP) 
values('297e25c047cf76fc0147cfb287510004','297e25c047cf76fc0147cfb2874c0002','IDM[exists] and Resource[exists]','NOTHING');
insert into RECONCILIATION_SITUATION(RECON_SITUATION_ID,RECON_CONFIG_ID,SITUATION,SITUATION_RESP) 
values('297e25c047cf76fc0147cfb287510005','297e25c047cf76fc0147cfb2874c0002','IDM[not exists] and Resource[exists]','ADD_TO_IDM');
insert into RECONCILIATION_SITUATION(RECON_SITUATION_ID,RECON_CONFIG_ID,SITUATION,SITUATION_RESP) 
values('297e25c047cf76fc0147cfb287510006','297e25c047cf76fc0147cfb2874c0002','IDM[exists] and Resource[not exists]','ADD_TO_RES');


insert into RECONCILIATION_CONFIG(RECON_CONFIG_ID, RESOURCE_ID, STATUS, TARGET_SYS_MATCH_SCRIPT, MANUAL_RECONCILIATION_FLAG, MATCH_FIELD_NAME, CUSTOM_MATCH_ATTR, MANAGED_SYS_ID, SEARCH_FILTER, TARGET_SYS_SEARCH_FILTER, MATCH_SCRIPT, RECON_CUSTOM_PROCESSOR, RECON_TYPE) 
values('0000000043567beb014358f5c604028f', 'active_dir_win02_mng_sys_res_id', 'ACTIVE', 'recon/PowershellADSearchQuery.groovy', 'N', 'PRINCIPAL', 'SamAccountName', 'active_dir_win02_managed_sys_id', '{"employeeId": "notexists"}', '(&(objectCategory=person)(objectClass=user)(SamAccountName=*))', 'recon/UserSearchScript.groovy', null, 'USER');
insert into RECONCILIATION_SITUATION(RECON_SITUATION_ID,RECON_CONFIG_ID,SITUATION,SITUATION_RESP,SCRIPT) 
values('0000000043567beb014358f5c6140290','0000000043567beb014358f5c604028f','IDM[deleted] and Resource[exists]','ADD_TO_IDM','recon/PowershellADPopulationScript.groovy');
insert into RECONCILIATION_SITUATION(RECON_SITUATION_ID,RECON_CONFIG_ID,SITUATION,SITUATION_RESP,SCRIPT) 
values('0000000043567beb014358f5c62c0291','0000000043567beb014358f5c604028f','IDM[exists] and Resource[not exists]','DELETE_FROM_IDM','recon/PowershellADPopulationScript.groovy');
insert into RECONCILIATION_SITUATION(RECON_SITUATION_ID,RECON_CONFIG_ID,SITUATION,SITUATION_RESP,SCRIPT) 
values('0000000043567beb014358f5c6360292','0000000043567beb014358f5c604028f','IDM[not exists] and Resource[exists]','ADD_TO_IDM','recon/PowershellADPopulationScript.groovy');
insert into RECONCILIATION_SITUATION(RECON_SITUATION_ID,RECON_CONFIG_ID,SITUATION,SITUATION_RESP,SCRIPT) 
values('0000000043567beb014358f5c6d60293','0000000043567beb014358f5c604028f','IDM[exists] and Resource[exists]','UPDATE_IDM_FROM_RES','recon/PowershellADPopulationScript.groovy');

UPDATE USERS SET STATUS='TERMINATED' WHERE STATUS='TERMINATE';
UPDATE USERS SET SECONDARY_STATUS='TERMINATED' WHERE SECONDARY_STATUS='TERMINATE';

ALTER TABLE URI_PATTERN_META_VALUE ADD IS_EMPTY_VALUE CHAR(1) NOT NULL DEFAULT 'N';

-- Reconciliation config
insert into RECONCILIATION_CONFIG(RECON_CONFIG_ID, RESOURCE_ID, STATUS, TARGET_SYS_MATCH_SCRIPT, MANUAL_RECONCILIATION_FLAG, MATCH_FIELD_NAME, CUSTOM_MATCH_ATTR, MANAGED_SYS_ID, SEARCH_FILTER, TARGET_SYS_SEARCH_FILTER, MATCH_SCRIPT, RECON_CUSTOM_PROCESSOR, RECON_TYPE) 
values('110grouptype', '110', 'ACTIVE', 'recon/LDAPSearchQuery.groovy', 'N', 'PRINCIPAL', 'cn', '110', '', '(objectClass=group)', 'recon/GroupSearchScript.groovy', 'recon/GroupProcessor.groovy', 'GROUP');

insert into RECONCILIATION_SITUATION(RECON_SITUATION_ID,RECON_CONFIG_ID,SITUATION,SITUATION_RESP,SCRIPT) 
values('110grouptype0003','110grouptype','IDM[deleted] and Resource[exists]','ADD_TO_IDM','recon/ADPopulationScript.groovy');
insert into RECONCILIATION_SITUATION(RECON_SITUATION_ID,RECON_CONFIG_ID,SITUATION,SITUATION_RESP,SCRIPT) 
values('110grouptype0004','110grouptype','IDM[exists] and Resource[not exists]','DELETE_FROM_IDM','recon/ADPopulationScript.groovy');
insert into RECONCILIATION_SITUATION(RECON_SITUATION_ID,RECON_CONFIG_ID,SITUATION,SITUATION_RESP,SCRIPT) 
values('110grouptype0005','110grouptype','IDM[not exists] and Resource[exists]','ADD_TO_IDM','recon/ADPopulationScript.groovy');
insert into RECONCILIATION_SITUATION(RECON_SITUATION_ID,RECON_CONFIG_ID,SITUATION,SITUATION_RESP,SCRIPT) 
values('110grouptype0006','110grouptype','IDM[exists] and Resource[exists]','UPDATE_IDM_FROM_RES','recon/ADPopulationScript.groovy');

insert into RECONCILIATION_CONFIG(RECON_CONFIG_ID, RESOURCE_ID, STATUS, TARGET_SYS_MATCH_SCRIPT, MANUAL_RECONCILIATION_FLAG, MATCH_FIELD_NAME, CUSTOM_MATCH_ATTR, MANAGED_SYS_ID, SEARCH_FILTER, TARGET_SYS_SEARCH_FILTER, MATCH_SCRIPT, RECON_CUSTOM_PROCESSOR, RECON_TYPE) 
values('110usertype', '110', 'ACTIVE', 'recon/LDAPSearchQuery.groovy', 'N', 'PRINCIPAL', 'sAMAccountName', '110', '{"employeeId": "notexists"}', '(&(objectClass=user)(cn=*))', 'recon/UserSearchScript.groovy', null, 'USER');
insert into RECONCILIATION_SITUATION(RECON_SITUATION_ID,RECON_CONFIG_ID,SITUATION,SITUATION_RESP,SCRIPT) 
values('110usertype290','110usertype','IDM[deleted] and Resource[exists]','ADD_TO_IDM','recon/ADPopulationScript.groovy');
insert into RECONCILIATION_SITUATION(RECON_SITUATION_ID,RECON_CONFIG_ID,SITUATION,SITUATION_RESP,SCRIPT) 
values('110usertype291','110usertype','IDM[exists] and Resource[not exists]','DELETE_FROM_IDM','recon/ADPopulationScript.groovy');
insert into RECONCILIATION_SITUATION(RECON_SITUATION_ID,RECON_CONFIG_ID,SITUATION,SITUATION_RESP,SCRIPT) 
values('110usertype292','110usertype','IDM[not exists] and Resource[exists]','ADD_TO_IDM','recon/ADPopulationScript.groovy');
insert into RECONCILIATION_SITUATION(RECON_SITUATION_ID,RECON_CONFIG_ID,SITUATION,SITUATION_RESP,SCRIPT) 
values('110usertype293','110usertype','IDM[exists] and Resource[exists]','UPDATE_IDM_FROM_RES','recon/ADPopulationScript.groovy');

IF OBJECT_ID('PROFILE_PIC', 'U') IS NOT NULL
  DROP TABLE PROFILE_PIC

CREATE TABLE PROFILE_PIC (
	PROFILE_PIC_ID NVARCHAR(32) NOT NULL,
	USER_ID NVARCHAR(32) UNIQUE NOT NULL,
	NAME NVARCHAR(256) NULL,
    PICTURE varbinary(MAX) NOT NULL,
	PRIMARY KEY (PROFILE_PIC_ID),
	CONSTRAINT USER_ID_FK FOREIGN KEY (USER_ID) REFERENCES USERS(USER_ID) ON DELETE CASCADE);

CREATE INDEX PROFILE_PIC_IDX ON PROFILE_PIC(PROFILE_PIC_ID);
CREATE INDEX USERS_IDX ON PROFILE_PIC(USER_ID);

DELETE FROM RESOURCE_GROUP WHERE RESOURCE_ID = 'PROFILE_PIC';
DELETE FROM RESOURCE_USER WHERE RESOURCE_ID = 'PROFILE_PIC';
DELETE FROM RESOURCE_ROLE WHERE RESOURCE_ID = 'PROFILE_PIC';
DELETE FROM RESOURCE_PROP WHERE RESOURCE_ID = 'PROFILE_PIC';
DELETE FROM res_to_res_membership WHERE MEMBER_RESOURCE_ID = 'PROFILE_PIC';
DELETE FROM RES WHERE RESOURCE_ID = 'PROFILE_PIC';
DELETE FROM LANGUAGE_MAPPING WHERE REFERENCE_ID='PROFILE_PIC';


INSERT INTO RES (RESOURCE_ID, RESOURCE_TYPE_ID, NAME, DESCRIPTION, DISPLAY_ORDER, IS_PUBLIC, URL) 
	VALUES('PROFILE_PIC', 'MENU_ITEM', 'PROFILE_PIC', 'Edit Your Profile Picture', 10, 'Y', '/selfservice/editProfilePic.html');

INSERT INTO RESOURCE_PROP (RESOURCE_PROP_ID, RESOURCE_ID, NAME, ATTR_VALUE) VALUES ('PROFILE_PIC_PUB', 'PROFILE_PIC', 'MENU_IS_PUBLIC', 'true');
INSERT INTO RESOURCE_PROP (RESOURCE_PROP_ID, RESOURCE_ID, NAME, ATTR_VALUE) VALUES ('PROFILE_PIC_DESC', 'PROFILE_PIC', 'MENU_DISPLAY_NAME', 'Edit Your Profile Picture');

INSERT INTO res_to_res_membership (RESOURCE_ID, MEMBER_RESOURCE_ID) VALUES('SELFCENTER', 'PROFILE_PIC');

DELETE FROM RESOURCE_ROLE WHERE ROLE_ID='9' and RESOURCE_ID='PROFILE_PIC';
INSERT INTO RESOURCE_ROLE (ROLE_ID, RESOURCE_ID) VALUES('9', 'PROFILE_PIC');

DELETE FROM LANGUAGE_MAPPING WHERE ID IN ('EN_PROFILE_PIC_DESC', 'DE_PROFILE_PIC_DESC',
  'ES_PROFILE_PIC_DESC', 'RU_PROFILE_PIC_DESC', 'JP_PROFILE_PIC_DESC');

INSERT INTO LANGUAGE_MAPPING(ID, LANGUAGE_ID, REFERENCE_TYPE, REFERENCE_ID, TEXT_VALUE) VALUES
  ('EN_PROFILE_PIC_DESC', '1', 'ResourceEntity.displayNameMap', 'PROFILE_PIC', 'Edit Your Profile Picture'),
  ('DE_PROFILE_PIC_DESC', '2', 'ResourceEntity.displayNameMap', 'PROFILE_PIC', 'Edit Your Profile Picture'),
  ('ES_PROFILE_PIC_DESC', '4', 'ResourceEntity.displayNameMap', 'PROFILE_PIC', 'Edit Your Profile Picture'),
  ('RU_PROFILE_PIC_DESC', '8', 'ResourceEntity.displayNameMap', 'PROFILE_PIC', 'Edit Your Profile Picture'),
  ('JP_PROFILE_PIC_DESC', '9', 'ResourceEntity.displayNameMap', 'PROFILE_PIC', 'Edit Your Profile Picture');

-- UPDATE LANGUAGE_MAPPING SET TEXT_VALUE = 'Edit Your Profile Picture' WHERE ID = 'EN_PROFILE_PIC_DESC';
-- UPDATE LANGUAGE_MAPPING SET TEXT_VALUE = 'Edit Your Profile Picture' WHERE ID = 'DE_PROFILE_PIC_DESC';
-- UPDATE LANGUAGE_MAPPING SET TEXT_VALUE = 'Edit Your Profile Picture' WHERE ID = 'ES_PROFILE_PIC_DESC';
-- UPDATE LANGUAGE_MAPPING SET TEXT_VALUE = 'Edit Your Profile Picture' WHERE ID = 'RU_PROFILE_PIC_DESC';
-- UPDATE LANGUAGE_MAPPING SET TEXT_VALUE = 'Edit Your Profile Picture' WHERE ID = 'JP_PROFILE_PIC_DESC';

ALTER TABLE GRP ALTER COLUMN CREATED_BY NVARCHAR(32) NULL;
ALTER TABLE GRP ADD DEFAULT NULL FOR CREATED_BY;

ALTER TABLE GRP ALTER COLUMN GRP_NAME NVARCHAR(255) NOT NULL ;
ALTER TABLE RES ALTER COLUMN NAME NVARCHAR(255) NOT NULL ;

UPDATE LANGUAGE_MAPPING SET REFERENCE_ID='TERMINATED' WHERE ID='DEMetadataTypeEntity76';
UPDATE LANGUAGE_MAPPING SET REFERENCE_ID='TERMINATED' WHERE ID='ESMetadataTypeEntity76';
UPDATE LANGUAGE_MAPPING SET REFERENCE_ID='TERMINATED' WHERE ID='JPMetadataTypeEntity72';
UPDATE LANGUAGE_MAPPING SET REFERENCE_ID='TERMINATED', TEXT_VALUE='TERMINATED' WHERE ID='MetadataTypeEntity72';
UPDATE LANGUAGE_MAPPING SET REFERENCE_ID='TERMINATED', TEXT_VALUE='' WHERE ID='RUMetadataTypeEntity78';
UPDATE METADATA_TYPE SET TYPE_ID='TERMINATED', DESCRIPTION='TERMINATED'  WHERE TYPE_ID='TERMINATE';

UPDATE pa 
SET pa.REQUIRED='N'
FROM POLICY_ATTRIBUTE AS pa
JOIN POLICY_DEF_PARAM AS pd 
ON pa.DEF_PARAM_ID = pd.DEF_PARAM_ID
WHERE pa.POLICY_ID= '4000' AND (
  ((pd.OPERATION = 'RANGE' AND (pa.VALUE1 IS NULL OR pa.VALUE1 = '') AND (pa.VALUE2 IS NULL OR pa.VALUE2 = ''))
   OR (pd.OPERATION = 'String' AND (pa.VALUE1 IS NULL OR pa.VALUE1 = '') )
   OR (pd.OPERATION = 'select' AND (pa.VALUE1 IS NULL OR pa.VALUE1 = '') )
  ));

DECLARE @u_id VARCHAR(32);
DECLARE @q_id VARCHAR(32);
DECLARE cur111 CURSOR FOR (SELECT IDENTITY_QUESTION_ID, USER_ID FROM USER_IDENTITY_ANS);
OPEN cur111;

FETCH NEXT FROM cur111 INTO @q_id, @u_id;
WHILE @@FETCH_STATUS = 0
BEGIN
	IF ((SELECT count(*) FROM USER_IDENTITY_ANS WHERE IDENTITY_QUESTION_ID=@q_id AND USER_ID=@u_id) > 1) 
	BEGIN
		DELETE FROM USER_IDENTITY_ANS WHERE IDENTITY_QUESTION_ID=@q_id AND USER_ID=@u_id;
	END;
END;
CLOSE cur111;


ALTER TABLE USER_IDENTITY_ANS ADD CONSTRAINT UNQ_ROW UNIQUE(IDENTITY_QUESTION_ID, USER_ID);

delete from LANGUAGE_LOCALE where LANGUAGE_ID='10';
delete from LANGUAGE_MAPPING where LANGUAGE_ID='10';
delete from LANGUAGE_MAPPING where LANGUAGE_ID in ('1','4','2','8','9') AND REFERENCE_ID='10' AND REFERENCE_TYPE like 'Language%';
delete from LANGUAGE where ID='10';


insert into LANGUAGE(ID, LANGUAGE,  IS_USED, LANGUAGE_CODE, IS_DEFAULT) VALUES ('10', 'Chinese', 'Y', 'zh', 'N');

insert into LANGUAGE_LOCALE(ID, LANGUAGE_ID,  LOCALE) VALUES ('13', '10', 'zh_CN');


INSERT INTO LANGUAGE_MAPPING (ID,LANGUAGE_ID,REFERENCE_ID,REFERENCE_TYPE,TEXT_VALUE) VALUES ('ZH200','10','200','IdentityQuestionEntity.displayNameMap','');
INSERT INTO LANGUAGE_MAPPING (ID,LANGUAGE_ID,REFERENCE_ID,REFERENCE_TYPE,TEXT_VALUE) VALUES ('ZH201','10','201','IdentityQuestionEntity.displayNameMap','');
INSERT INTO LANGUAGE_MAPPING (ID,LANGUAGE_ID,REFERENCE_ID,REFERENCE_TYPE,TEXT_VALUE) VALUES ('ZH202','10','202','IdentityQuestionEntity.displayNameMap','');
INSERT INTO LANGUAGE_MAPPING (ID,LANGUAGE_ID,REFERENCE_ID,REFERENCE_TYPE,TEXT_VALUE) VALUES ('ZH203','10','203','IdentityQuestionEntity.displayNameMap','');
INSERT INTO LANGUAGE_MAPPING (ID,LANGUAGE_ID,REFERENCE_ID,REFERENCE_TYPE,TEXT_VALUE) VALUES ('ZH204','10','204','IdentityQuestionEntity.displayNameMap','');
INSERT INTO LANGUAGE_MAPPING (ID,LANGUAGE_ID,REFERENCE_ID,REFERENCE_TYPE,TEXT_VALUE) VALUES ('ZH205','10','205','IdentityQuestionEntity.displayNameMap','');
INSERT INTO LANGUAGE_MAPPING (ID,LANGUAGE_ID,REFERENCE_ID,REFERENCE_TYPE,TEXT_VALUE) VALUES ('ZH206','10','206','IdentityQuestionEntity.displayNameMap','');
INSERT INTO LANGUAGE_MAPPING (ID,LANGUAGE_ID,REFERENCE_ID,REFERENCE_TYPE,TEXT_VALUE) VALUES ('ZH207','10','207','IdentityQuestionEntity.displayNameMap','');
INSERT INTO LANGUAGE_MAPPING (ID,LANGUAGE_ID,REFERENCE_ID,REFERENCE_TYPE,TEXT_VALUE) VALUES ('ZH209','10','209','IdentityQuestionEntity.displayNameMap','');
INSERT INTO LANGUAGE_MAPPING (ID,LANGUAGE_ID,REFERENCE_ID,REFERENCE_TYPE,TEXT_VALUE) VALUES ('ZH210','10','210','IdentityQuestionEntity.displayNameMap','');
INSERT INTO LANGUAGE_MAPPING (ID,LANGUAGE_ID,REFERENCE_ID,REFERENCE_TYPE,TEXT_VALUE) VALUES ('ZH211','10','211','IdentityQuestionEntity.displayNameMap','');
INSERT INTO LANGUAGE_MAPPING (ID,LANGUAGE_ID,REFERENCE_ID,REFERENCE_TYPE,TEXT_VALUE) VALUES ('ZH212','10','212','IdentityQuestionEntity.displayNameMap','');
INSERT INTO LANGUAGE_MAPPING (ID,LANGUAGE_ID,REFERENCE_ID,REFERENCE_TYPE,TEXT_VALUE) VALUES ('ZH213','10','213','IdentityQuestionEntity.displayNameMap','');
INSERT INTO LANGUAGE_MAPPING (ID,LANGUAGE_ID,REFERENCE_ID,REFERENCE_TYPE,TEXT_VALUE) VALUES ('ZH214','10','214','IdentityQuestionEntity.displayNameMap','');
INSERT INTO LANGUAGE_MAPPING (ID,LANGUAGE_ID,REFERENCE_ID,REFERENCE_TYPE,TEXT_VALUE) VALUES ('ZH215','10','215','IdentityQuestionEntity.displayNameMap','');
INSERT INTO LANGUAGE_MAPPING (ID,LANGUAGE_ID,REFERENCE_ID,REFERENCE_TYPE,TEXT_VALUE) VALUES ('ZH216','10','216','IdentityQuestionEntity.displayNameMap','-');
INSERT INTO LANGUAGE_MAPPING (ID,LANGUAGE_ID,REFERENCE_ID,REFERENCE_TYPE,TEXT_VALUE) VALUES ('ZH217','10','217','IdentityQuestionEntity.displayNameMap','');
INSERT INTO LANGUAGE_MAPPING (ID,LANGUAGE_ID,REFERENCE_ID,REFERENCE_TYPE,TEXT_VALUE) VALUES ('ZH218','10','218','IdentityQuestionEntity.displayNameMap','-');
INSERT INTO LANGUAGE_MAPPING (ID,LANGUAGE_ID,REFERENCE_ID,REFERENCE_TYPE,TEXT_VALUE) VALUES ('ZHLanguageEntity1','10','1','LanguageEntity.displayNameMap','');
INSERT INTO LANGUAGE_MAPPING (ID,LANGUAGE_ID,REFERENCE_ID,REFERENCE_TYPE,TEXT_VALUE) VALUES ('ZHLanguageEntity2','10','2','LanguageEntity.displayNameMap','');
INSERT INTO LANGUAGE_MAPPING (ID,LANGUAGE_ID,REFERENCE_ID,REFERENCE_TYPE,TEXT_VALUE) VALUES ('ZHLanguageEntity4','10','4','LanguageEntity.displayNameMap','');
INSERT INTO LANGUAGE_MAPPING (ID,LANGUAGE_ID,REFERENCE_ID,REFERENCE_TYPE,TEXT_VALUE) VALUES ('ZHLanguageEntity8','10','8','LanguageEntity.displayNameMap','');
INSERT INTO LANGUAGE_MAPPING (ID,LANGUAGE_ID,REFERENCE_ID,REFERENCE_TYPE,TEXT_VALUE) VALUES ('ZHLanguageEntity9','10','9','LanguageEntity.displayNameMap','');
INSERT INTO LANGUAGE_MAPPING (ID,LANGUAGE_ID,REFERENCE_ID,REFERENCE_TYPE,TEXT_VALUE) VALUES ('ZHElementMigrate101','10','101','MetadataElementEntity.languageMap','');
INSERT INTO LANGUAGE_MAPPING (ID,LANGUAGE_ID,REFERENCE_ID,REFERENCE_TYPE,TEXT_VALUE) VALUES ('ZHElementMigrate104','10','104','MetadataElementEntity.languageMap','');
INSERT INTO LANGUAGE_MAPPING (ID,LANGUAGE_ID,REFERENCE_ID,REFERENCE_TYPE,TEXT_VALUE) VALUES ('ZHElementMigrate105','10','105','MetadataElementEntity.languageMap','');
INSERT INTO LANGUAGE_MAPPING (ID,LANGUAGE_ID,REFERENCE_ID,REFERENCE_TYPE,TEXT_VALUE) VALUES ('ZHElementMigrate106','10','106','MetadataElementEntity.languageMap','');
INSERT INTO LANGUAGE_MAPPING (ID,LANGUAGE_ID,REFERENCE_ID,REFERENCE_TYPE,TEXT_VALUE) VALUES ('ZHElementMigrate107','10','107','MetadataElementEntity.languageMap','LabeledURI');
INSERT INTO LANGUAGE_MAPPING (ID,LANGUAGE_ID,REFERENCE_ID,REFERENCE_TYPE,TEXT_VALUE) VALUES ('ZHElementMigrate108','10','108','MetadataElementEntity.languageMap','');
INSERT INTO LANGUAGE_MAPPING (ID,LANGUAGE_ID,REFERENCE_ID,REFERENCE_TYPE,TEXT_VALUE) VALUES ('ZHElementMigrate110','10','110','MetadataElementEntity.languageMap','');
INSERT INTO LANGUAGE_MAPPING (ID,LANGUAGE_ID,REFERENCE_ID,REFERENCE_TYPE,TEXT_VALUE) VALUES ('ZHElementMigrate131','10','131','MetadataElementEntity.languageMap','');
INSERT INTO LANGUAGE_MAPPING (ID,LANGUAGE_ID,REFERENCE_ID,REFERENCE_TYPE,TEXT_VALUE) VALUES ('ZHElementMigrate134','10','134','MetadataElementEntity.languageMap','');
INSERT INTO LANGUAGE_MAPPING (ID,LANGUAGE_ID,REFERENCE_ID,REFERENCE_TYPE,TEXT_VALUE) VALUES ('ZHElementMigrate135','10','135','MetadataElementEntity.languageMap','');
INSERT INTO LANGUAGE_MAPPING (ID,LANGUAGE_ID,REFERENCE_ID,REFERENCE_TYPE,TEXT_VALUE) VALUES ('ZHElementMigrate136','10','136','MetadataElementEntity.languageMap','');
INSERT INTO LANGUAGE_MAPPING (ID,LANGUAGE_ID,REFERENCE_ID,REFERENCE_TYPE,TEXT_VALUE) VALUES ('ZHElementMigrate137','10','137','MetadataElementEntity.languageMap','LabeledURI');
INSERT INTO LANGUAGE_MAPPING (ID,LANGUAGE_ID,REFERENCE_ID,REFERENCE_TYPE,TEXT_VALUE) VALUES ('ZHElementMigrate138','10','138','MetadataElementEntity.languageMap','');
INSERT INTO LANGUAGE_MAPPING (ID,LANGUAGE_ID,REFERENCE_ID,REFERENCE_TYPE,TEXT_VALUE) VALUES ('ZHElementMigrate140','10','140','MetadataElementEntity.languageMap','');
INSERT INTO LANGUAGE_MAPPING (ID,LANGUAGE_ID,REFERENCE_ID,REFERENCE_TYPE,TEXT_VALUE) VALUES ('ZHElementMigrate150','10','150','MetadataElementEntity.languageMap','');
INSERT INTO LANGUAGE_MAPPING (ID,LANGUAGE_ID,REFERENCE_ID,REFERENCE_TYPE,TEXT_VALUE) VALUES ('ZHElementMigrate160','10','160','MetadataElementEntity.languageMap','');
INSERT INTO LANGUAGE_MAPPING (ID,LANGUAGE_ID,REFERENCE_ID,REFERENCE_TYPE,TEXT_VALUE) VALUES ('ZHElementMigrate260','10','260','MetadataElementEntity.languageMap','');
INSERT INTO LANGUAGE_MAPPING (ID,LANGUAGE_ID,REFERENCE_ID,REFERENCE_TYPE,TEXT_VALUE) VALUES ('ZHElementMigrate261','10','261','MetadataElementEntity.languageMap','');
INSERT INTO LANGUAGE_MAPPING (ID,LANGUAGE_ID,REFERENCE_ID,REFERENCE_TYPE,TEXT_VALUE) VALUES ('ZHElementMigrate262','10','262','MetadataElementEntity.languageMap','');
INSERT INTO LANGUAGE_MAPPING (ID,LANGUAGE_ID,REFERENCE_ID,REFERENCE_TYPE,TEXT_VALUE) VALUES ('ZHElementMigrate300','10','300','MetadataElementEntity.languageMap','name');
INSERT INTO LANGUAGE_MAPPING (ID,LANGUAGE_ID,REFERENCE_ID,REFERENCE_TYPE,TEXT_VALUE) VALUES ('ZHElementMigrate301','10','301','MetadataElementEntity.languageMap','distinguishedName');
INSERT INTO LANGUAGE_MAPPING (ID,LANGUAGE_ID,REFERENCE_ID,REFERENCE_TYPE,TEXT_VALUE) VALUES ('ZHElementMigrate302','10','302','MetadataElementEntity.languageMap','objectclass');
INSERT INTO LANGUAGE_MAPPING (ID,LANGUAGE_ID,REFERENCE_ID,REFERENCE_TYPE,TEXT_VALUE) VALUES ('ZHElementMigrate303','10','303','MetadataElementEntity.languageMap','aliasedObjectName');
INSERT INTO LANGUAGE_MAPPING (ID,LANGUAGE_ID,REFERENCE_ID,REFERENCE_TYPE,TEXT_VALUE) VALUES ('ZHElementMigrate304','10','304','MetadataElementEntity.languageMap','cn');
INSERT INTO LANGUAGE_MAPPING (ID,LANGUAGE_ID,REFERENCE_ID,REFERENCE_TYPE,TEXT_VALUE) VALUES ('ZHElementMigrate305','10','305','MetadataElementEntity.languageMap','sn');
INSERT INTO LANGUAGE_MAPPING (ID,LANGUAGE_ID,REFERENCE_ID,REFERENCE_TYPE,TEXT_VALUE) VALUES ('ZHElementMigrate306','10','306','MetadataElementEntity.languageMap','serialNumber');
INSERT INTO LANGUAGE_MAPPING (ID,LANGUAGE_ID,REFERENCE_ID,REFERENCE_TYPE,TEXT_VALUE) VALUES ('ZHElementMigrate307','10','307','MetadataElementEntity.languageMap','c');
INSERT INTO LANGUAGE_MAPPING (ID,LANGUAGE_ID,REFERENCE_ID,REFERENCE_TYPE,TEXT_VALUE) VALUES ('ZHElementMigrate308','10','308','MetadataElementEntity.languageMap','l');
INSERT INTO LANGUAGE_MAPPING (ID,LANGUAGE_ID,REFERENCE_ID,REFERENCE_TYPE,TEXT_VALUE) VALUES ('ZHElementMigrate309','10','309','MetadataElementEntity.languageMap','st');
INSERT INTO LANGUAGE_MAPPING (ID,LANGUAGE_ID,REFERENCE_ID,REFERENCE_TYPE,TEXT_VALUE) VALUES ('ZHElementMigrate310','10','310','MetadataElementEntity.languageMap','street');
INSERT INTO LANGUAGE_MAPPING (ID,LANGUAGE_ID,REFERENCE_ID,REFERENCE_TYPE,TEXT_VALUE) VALUES ('ZHElementMigrate311','10','311','MetadataElementEntity.languageMap','o');
INSERT INTO LANGUAGE_MAPPING (ID,LANGUAGE_ID,REFERENCE_ID,REFERENCE_TYPE,TEXT_VALUE) VALUES ('ZHElementMigrate312','10','312','MetadataElementEntity.languageMap','ou');
INSERT INTO LANGUAGE_MAPPING (ID,LANGUAGE_ID,REFERENCE_ID,REFERENCE_TYPE,TEXT_VALUE) VALUES ('ZHElementMigrate313','10','313','MetadataElementEntity.languageMap','title');
INSERT INTO LANGUAGE_MAPPING (ID,LANGUAGE_ID,REFERENCE_ID,REFERENCE_TYPE,TEXT_VALUE) VALUES ('ZHElementMigrate314','10','314','MetadataElementEntity.languageMap','description');
INSERT INTO LANGUAGE_MAPPING (ID,LANGUAGE_ID,REFERENCE_ID,REFERENCE_TYPE,TEXT_VALUE) VALUES ('ZHElementMigrate315','10','315','MetadataElementEntity.languageMap','businessCategory');
INSERT INTO LANGUAGE_MAPPING (ID,LANGUAGE_ID,REFERENCE_ID,REFERENCE_TYPE,TEXT_VALUE) VALUES ('ZHElementMigrate316','10','316','MetadataElementEntity.languageMap','postalAddress');
INSERT INTO LANGUAGE_MAPPING (ID,LANGUAGE_ID,REFERENCE_ID,REFERENCE_TYPE,TEXT_VALUE) VALUES ('ZHElementMigrate317','10','317','MetadataElementEntity.languageMap','postalCode');
INSERT INTO LANGUAGE_MAPPING (ID,LANGUAGE_ID,REFERENCE_ID,REFERENCE_TYPE,TEXT_VALUE) VALUES ('ZHElementMigrate318','10','318','MetadataElementEntity.languageMap','postOfficeBox');
INSERT INTO LANGUAGE_MAPPING (ID,LANGUAGE_ID,REFERENCE_ID,REFERENCE_TYPE,TEXT_VALUE) VALUES ('ZHElementMigrate319','10','319','MetadataElementEntity.languageMap','physicalDeliveryOfficeName');
INSERT INTO LANGUAGE_MAPPING (ID,LANGUAGE_ID,REFERENCE_ID,REFERENCE_TYPE,TEXT_VALUE) VALUES ('ZHElementMigrate320','10','320','MetadataElementEntity.languageMap','telephoneNumber');
INSERT INTO LANGUAGE_MAPPING (ID,LANGUAGE_ID,REFERENCE_ID,REFERENCE_TYPE,TEXT_VALUE) VALUES ('ZHElementMigrate321','10','321','MetadataElementEntity.languageMap','telexNumber');
INSERT INTO LANGUAGE_MAPPING (ID,LANGUAGE_ID,REFERENCE_ID,REFERENCE_TYPE,TEXT_VALUE) VALUES ('ZHElementMigrate322','10','322','MetadataElementEntity.languageMap','teletexTerminalIdentifier');
INSERT INTO LANGUAGE_MAPPING (ID,LANGUAGE_ID,REFERENCE_ID,REFERENCE_TYPE,TEXT_VALUE) VALUES ('ZHElementMigrate323','10','323','MetadataElementEntity.languageMap','facsimileTelephoneNumber');
INSERT INTO LANGUAGE_MAPPING (ID,LANGUAGE_ID,REFERENCE_ID,REFERENCE_TYPE,TEXT_VALUE) VALUES ('ZHElementMigrate324','10','324','MetadataElementEntity.languageMap','x121Address');
INSERT INTO LANGUAGE_MAPPING (ID,LANGUAGE_ID,REFERENCE_ID,REFERENCE_TYPE,TEXT_VALUE) VALUES ('ZHElementMigrate325','10','325','MetadataElementEntity.languageMap','internationaliSDNNumber');
INSERT INTO LANGUAGE_MAPPING (ID,LANGUAGE_ID,REFERENCE_ID,REFERENCE_TYPE,TEXT_VALUE) VALUES ('ZHElementMigrate326','10','326','MetadataElementEntity.languageMap','registeredAddress');
INSERT INTO LANGUAGE_MAPPING (ID,LANGUAGE_ID,REFERENCE_ID,REFERENCE_TYPE,TEXT_VALUE) VALUES ('ZHElementMigrate327','10','327','MetadataElementEntity.languageMap','destinationIndicator');
INSERT INTO LANGUAGE_MAPPING (ID,LANGUAGE_ID,REFERENCE_ID,REFERENCE_TYPE,TEXT_VALUE) VALUES ('ZHElementMigrate328','10','328','MetadataElementEntity.languageMap','preferredDeliveryMethod');
INSERT INTO LANGUAGE_MAPPING (ID,LANGUAGE_ID,REFERENCE_ID,REFERENCE_TYPE,TEXT_VALUE) VALUES ('ZHElementMigrate329','10','329','MetadataElementEntity.languageMap','presentationAddress');
INSERT INTO LANGUAGE_MAPPING (ID,LANGUAGE_ID,REFERENCE_ID,REFERENCE_TYPE,TEXT_VALUE) VALUES ('ZHElementMigrate330','10','330','MetadataElementEntity.languageMap','supportedApplicationContext');
INSERT INTO LANGUAGE_MAPPING (ID,LANGUAGE_ID,REFERENCE_ID,REFERENCE_TYPE,TEXT_VALUE) VALUES ('ZHElementMigrate331','10','331','MetadataElementEntity.languageMap','member');
INSERT INTO LANGUAGE_MAPPING (ID,LANGUAGE_ID,REFERENCE_ID,REFERENCE_TYPE,TEXT_VALUE) VALUES ('ZHElementMigrate332','10','332','MetadataElementEntity.languageMap','owner');
INSERT INTO LANGUAGE_MAPPING (ID,LANGUAGE_ID,REFERENCE_ID,REFERENCE_TYPE,TEXT_VALUE) VALUES ('ZHElementMigrate333','10','333','MetadataElementEntity.languageMap','roleOccupant');
INSERT INTO LANGUAGE_MAPPING (ID,LANGUAGE_ID,REFERENCE_ID,REFERENCE_TYPE,TEXT_VALUE) VALUES ('ZHElementMigrate334','10','334','MetadataElementEntity.languageMap','seeAlso');
INSERT INTO LANGUAGE_MAPPING (ID,LANGUAGE_ID,REFERENCE_ID,REFERENCE_TYPE,TEXT_VALUE) VALUES ('ZHElementMigrate335','10','335','MetadataElementEntity.languageMap','userPassword');
INSERT INTO LANGUAGE_MAPPING (ID,LANGUAGE_ID,REFERENCE_ID,REFERENCE_TYPE,TEXT_VALUE) VALUES ('ZHElementMigrate336','10','336','MetadataElementEntity.languageMap','userCertificate');
INSERT INTO LANGUAGE_MAPPING (ID,LANGUAGE_ID,REFERENCE_ID,REFERENCE_TYPE,TEXT_VALUE) VALUES ('ZHElementMigrate337','10','337','MetadataElementEntity.languageMap','cACertificate');
INSERT INTO LANGUAGE_MAPPING (ID,LANGUAGE_ID,REFERENCE_ID,REFERENCE_TYPE,TEXT_VALUE) VALUES ('ZHElementMigrate338','10','338','MetadataElementEntity.languageMap','authorityRevocationList');
INSERT INTO LANGUAGE_MAPPING (ID,LANGUAGE_ID,REFERENCE_ID,REFERENCE_TYPE,TEXT_VALUE) VALUES ('ZHElementMigrate339','10','339','MetadataElementEntity.languageMap','certificateRevocationList');
INSERT INTO LANGUAGE_MAPPING (ID,LANGUAGE_ID,REFERENCE_ID,REFERENCE_TYPE,TEXT_VALUE) VALUES ('ZHElementMigrate340','10','340','MetadataElementEntity.languageMap','crossCertificatePair');
INSERT INTO LANGUAGE_MAPPING (ID,LANGUAGE_ID,REFERENCE_ID,REFERENCE_TYPE,TEXT_VALUE) VALUES ('ZHElementMigrate341','10','341','MetadataElementEntity.languageMap','givenName');
INSERT INTO LANGUAGE_MAPPING (ID,LANGUAGE_ID,REFERENCE_ID,REFERENCE_TYPE,TEXT_VALUE) VALUES ('ZHElementMigrate342','10','342','MetadataElementEntity.languageMap','initials');
INSERT INTO LANGUAGE_MAPPING (ID,LANGUAGE_ID,REFERENCE_ID,REFERENCE_TYPE,TEXT_VALUE) VALUES ('ZHElementMigrate343','10','343','MetadataElementEntity.languageMap','generationQualifier');
INSERT INTO LANGUAGE_MAPPING (ID,LANGUAGE_ID,REFERENCE_ID,REFERENCE_TYPE,TEXT_VALUE) VALUES ('ZHElementMigrate344','10','344','MetadataElementEntity.languageMap','x500UniqueIdentifier');
INSERT INTO LANGUAGE_MAPPING (ID,LANGUAGE_ID,REFERENCE_ID,REFERENCE_TYPE,TEXT_VALUE) VALUES ('ZHElementMigrate346','10','346','MetadataElementEntity.languageMap','uniqueMember');
INSERT INTO LANGUAGE_MAPPING (ID,LANGUAGE_ID,REFERENCE_ID,REFERENCE_TYPE,TEXT_VALUE) VALUES ('ZHElementMigrate347','10','347','MetadataElementEntity.languageMap','houseIdentifier');
INSERT INTO LANGUAGE_MAPPING (ID,LANGUAGE_ID,REFERENCE_ID,REFERENCE_TYPE,TEXT_VALUE) VALUES ('ZHElementMigrate348','10','348','MetadataElementEntity.languageMap','uid');
INSERT INTO LANGUAGE_MAPPING (ID,LANGUAGE_ID,REFERENCE_ID,REFERENCE_TYPE,TEXT_VALUE) VALUES ('ZHElementMigrate349','10','349','MetadataElementEntity.languageMap','mail');
INSERT INTO LANGUAGE_MAPPING (ID,LANGUAGE_ID,REFERENCE_ID,REFERENCE_TYPE,TEXT_VALUE) VALUES ('ZHElementMigrate350','10','350','MetadataElementEntity.languageMap','ref');
INSERT INTO LANGUAGE_MAPPING (ID,LANGUAGE_ID,REFERENCE_ID,REFERENCE_TYPE,TEXT_VALUE) VALUES ('ZHElementMigrate351','10','351','MetadataElementEntity.languageMap','referral');
INSERT INTO LANGUAGE_MAPPING (ID,LANGUAGE_ID,REFERENCE_ID,REFERENCE_TYPE,TEXT_VALUE) VALUES ('ZHElementMigrate352','10','352','MetadataElementEntity.languageMap','krbName');
INSERT INTO LANGUAGE_MAPPING (ID,LANGUAGE_ID,REFERENCE_ID,REFERENCE_TYPE,TEXT_VALUE) VALUES ('ZHElementMigrate401','10','401','MetadataElementEntity.languageMap','SUBMIT_USER_TO_CONNECTOR');
INSERT INTO LANGUAGE_MAPPING (ID,LANGUAGE_ID,REFERENCE_ID,REFERENCE_TYPE,TEXT_VALUE) VALUES ('ZHElementMigrate402','10','402','MetadataElementEntity.languageMap','INCLUDE_IN_PASSWORD_SYNC');
INSERT INTO LANGUAGE_MAPPING (ID,LANGUAGE_ID,REFERENCE_ID,REFERENCE_TYPE,TEXT_VALUE) VALUES ('ZHElementMigrate405','10','405','MetadataElementEntity.languageMap','INCLUDE_IN_SYNC');
INSERT INTO LANGUAGE_MAPPING (ID,LANGUAGE_ID,REFERENCE_ID,REFERENCE_TYPE,TEXT_VALUE) VALUES ('ZHElementMigrate406','10','406','MetadataElementEntity.languageMap','TABLE_NAME');
INSERT INTO LANGUAGE_MAPPING (ID,LANGUAGE_ID,REFERENCE_ID,REFERENCE_TYPE,TEXT_VALUE) VALUES ('ZHElementMigrate407','10','407','MetadataElementEntity.languageMap','GROUP_MEMBERSHIP_ENABLED');
INSERT INTO LANGUAGE_MAPPING (ID,LANGUAGE_ID,REFERENCE_ID,REFERENCE_TYPE,TEXT_VALUE) VALUES ('ZHElementMigrate408','10','408','MetadataElementEntity.languageMap','ON_DELETE');
INSERT INTO LANGUAGE_MAPPING (ID,LANGUAGE_ID,REFERENCE_ID,REFERENCE_TYPE,TEXT_VALUE) VALUES ('ZHElementMigrate409','10','409','MetadataElementEntity.languageMap','PRE_PROCESS');
INSERT INTO LANGUAGE_MAPPING (ID,LANGUAGE_ID,REFERENCE_ID,REFERENCE_TYPE,TEXT_VALUE) VALUES ('ZHElementMigrate410','10','410','MetadataElementEntity.languageMap','POST_PROCESS');
INSERT INTO LANGUAGE_MAPPING (ID,LANGUAGE_ID,REFERENCE_ID,REFERENCE_TYPE,TEXT_VALUE) VALUES ('ZHElementMigrate411','10','411','MetadataElementEntity.languageMap','HOST_URL');
INSERT INTO LANGUAGE_MAPPING (ID,LANGUAGE_ID,REFERENCE_ID,REFERENCE_TYPE,TEXT_VALUE) VALUES ('ZHElementMigrate412','10','412','MetadataElementEntity.languageMap','BASE_DN');
INSERT INTO LANGUAGE_MAPPING (ID,LANGUAGE_ID,REFERENCE_ID,REFERENCE_TYPE,TEXT_VALUE) VALUES ('ZHElementMigrate413','10','413','MetadataElementEntity.languageMap','HOST_LOGIN ID');
INSERT INTO LANGUAGE_MAPPING (ID,LANGUAGE_ID,REFERENCE_ID,REFERENCE_TYPE,TEXT_VALUE) VALUES ('ZHElementMigrate415','10','415','MetadataElementEntity.languageMap','COMMUNICATION_PROTOCOL');
INSERT INTO LANGUAGE_MAPPING (ID,LANGUAGE_ID,REFERENCE_ID,REFERENCE_TYPE,TEXT_VALUE) VALUES ('ZHElementMigrate416','10','416','MetadataElementEntity.languageMap','OBJECT_CLASS');
INSERT INTO LANGUAGE_MAPPING (ID,LANGUAGE_ID,REFERENCE_ID,REFERENCE_TYPE,TEXT_VALUE) VALUES ('ZHElementMigrate418','10','418','MetadataElementEntity.languageMap','SEARCH_ATTRIBUTE');
INSERT INTO LANGUAGE_MAPPING (ID,LANGUAGE_ID,REFERENCE_ID,REFERENCE_TYPE,TEXT_VALUE) VALUES ('ZHElementMigrate419','10','419','MetadataElementEntity.languageMap','MANAGED_SYS_ID');
INSERT INTO LANGUAGE_MAPPING (ID,LANGUAGE_ID,REFERENCE_ID,REFERENCE_TYPE,TEXT_VALUE) VALUES ('ZHElementMigrate420','10','420','MetadataElementEntity.languageMap','DN_ATTRIBUTE');
INSERT INTO LANGUAGE_MAPPING (ID,LANGUAGE_ID,REFERENCE_ID,REFERENCE_TYPE,TEXT_VALUE) VALUES ('ZHElementMigrate421','10','421','MetadataElementEntity.languageMap','PASSWORD');
INSERT INTO LANGUAGE_MAPPING (ID,LANGUAGE_ID,REFERENCE_ID,REFERENCE_TYPE,TEXT_VALUE) VALUES ('ZHElementMigrate430','10','430','MetadataElementEntity.languageMap','END_POINT');
INSERT INTO LANGUAGE_MAPPING (ID,LANGUAGE_ID,REFERENCE_ID,REFERENCE_TYPE,TEXT_VALUE) VALUES ('ZHElementMigrate440','10','440','MetadataElementEntity.languageMap','OPERATION_NAME');
INSERT INTO LANGUAGE_MAPPING (ID,LANGUAGE_ID,REFERENCE_ID,REFERENCE_TYPE,TEXT_VALUE) VALUES ('ZHElementMigrate450','10','450','MetadataElementEntity.languageMap','URL');
INSERT INTO LANGUAGE_MAPPING (ID,LANGUAGE_ID,REFERENCE_ID,REFERENCE_TYPE,TEXT_VALUE) VALUES ('ZHDEFAULT_USER_TYPE','10','DEFAULT_USER','MetadataTypeEntity.displayNameMap','');
INSERT INTO LANGUAGE_MAPPING (ID,LANGUAGE_ID,REFERENCE_ID,REFERENCE_TYPE,TEXT_VALUE) VALUES ('ZHINTERNAL_USER_TYPE','10','INTERNAL_USER','MetadataTypeEntity.displayNameMap','');
INSERT INTO LANGUAGE_MAPPING (ID,LANGUAGE_ID,REFERENCE_ID,REFERENCE_TYPE,TEXT_VALUE) VALUES ('ZHMetadataTypeEntity1','10','ACCNT','MetadataTypeEntity.displayNameMap','');
INSERT INTO LANGUAGE_MAPPING (ID,LANGUAGE_ID,REFERENCE_ID,REFERENCE_TYPE,TEXT_VALUE) VALUES ('ZHMetadataTypeEntity2','10','ACTIVE','MetadataTypeEntity.displayNameMap','');
INSERT INTO LANGUAGE_MAPPING (ID,LANGUAGE_ID,REFERENCE_ID,REFERENCE_TYPE,TEXT_VALUE) VALUES ('ZHMetadataTypeEntity3','10','ADGroup','MetadataTypeEntity.displayNameMap','AD');
INSERT INTO LANGUAGE_MAPPING (ID,LANGUAGE_ID,REFERENCE_ID,REFERENCE_TYPE,TEXT_VALUE) VALUES ('ZHMetadataTypeEntity4','10','ADMGP','MetadataTypeEntity.displayNameMap','');
INSERT INTO LANGUAGE_MAPPING (ID,LANGUAGE_ID,REFERENCE_ID,REFERENCE_TYPE,TEXT_VALUE) VALUES ('ZHMetadataTypeEntity5','10','ADMIN','MetadataTypeEntity.displayNameMap','');
INSERT INTO LANGUAGE_MAPPING (ID,LANGUAGE_ID,REFERENCE_ID,REFERENCE_TYPE,TEXT_VALUE) VALUES ('ZHMetadataTypeEntity6','10','ADMIN_RESOURCE','MetadataTypeEntity.displayNameMap','');
INSERT INTO LANGUAGE_MAPPING (ID,LANGUAGE_ID,REFERENCE_ID,REFERENCE_TYPE,TEXT_VALUE) VALUES ('ZHMetadataTypeEntity7','10','ADUser','MetadataTypeEntity.displayNameMap','AD');
INSERT INTO LANGUAGE_MAPPING (ID,LANGUAGE_ID,REFERENCE_ID,REFERENCE_TYPE,TEXT_VALUE) VALUES ('ZHMetadataTypeEntity8','10','AD_Connector','MetadataTypeEntity.displayNameMap','');
INSERT INTO LANGUAGE_MAPPING (ID,LANGUAGE_ID,REFERENCE_ID,REFERENCE_TYPE,TEXT_VALUE) VALUES ('ZHMetadataTypeEntity9','10','AD_GROUP_TYPE','MetadataTypeEntity.displayNameMap','AD');
INSERT INTO LANGUAGE_MAPPING (ID,LANGUAGE_ID,REFERENCE_ID,REFERENCE_TYPE,TEXT_VALUE) VALUES ('ZHMetadataTypeEntity10','10','APPROVAL_DECLINED','MetadataTypeEntity.displayNameMap','APPROVAL_DECLINED');
INSERT INTO LANGUAGE_MAPPING (ID,LANGUAGE_ID,REFERENCE_ID,REFERENCE_TYPE,TEXT_VALUE) VALUES ('ZHMetadataTypeEntity11','10','ATTR','MetadataTypeEntity.displayNameMap','');
INSERT INTO LANGUAGE_MAPPING (ID,LANGUAGE_ID,REFERENCE_ID,REFERENCE_TYPE,TEXT_VALUE) VALUES ('ZHMetadataTypeEntity12','10','AUTHENTICATION_PROVIDER','MetadataTypeEntity.displayNameMap','');
INSERT INTO LANGUAGE_MAPPING (ID,LANGUAGE_ID,REFERENCE_ID,REFERENCE_TYPE,TEXT_VALUE) VALUES ('ZHMetadataTypeEntity13','10','AUTH_REPO','MetadataTypeEntity.displayNameMap','');
INSERT INTO LANGUAGE_MAPPING (ID,LANGUAGE_ID,REFERENCE_ID,REFERENCE_TYPE,TEXT_VALUE) VALUES ('ZHMetadataTypeEntity14','10','BL','MetadataTypeEntity.displayNameMap','');
INSERT INTO LANGUAGE_MAPPING (ID,LANGUAGE_ID,REFERENCE_ID,REFERENCE_TYPE,TEXT_VALUE) VALUES ('ZHMetadataTypeEntity15','10','CELL_PHONE','MetadataTypeEntity.displayNameMap','');
INSERT INTO LANGUAGE_MAPPING (ID,LANGUAGE_ID,REFERENCE_ID,REFERENCE_TYPE,TEXT_VALUE) VALUES ('ZHMetadataTypeEntity16','10','CHECKBOX','MetadataTypeEntity.displayNameMap','');
INSERT INTO LANGUAGE_MAPPING (ID,LANGUAGE_ID,REFERENCE_ID,REFERENCE_TYPE,TEXT_VALUE) VALUES ('ZHMetadataTypeEntity17','10','CONTENT_PROVIDER','MetadataTypeEntity.displayNameMap','');
INSERT INTO LANGUAGE_MAPPING (ID,LANGUAGE_ID,REFERENCE_ID,REFERENCE_TYPE,TEXT_VALUE) VALUES ('ZHMetadataTypeEntity18','10','Contractor','MetadataTypeEntity.displayNameMap','');
INSERT INTO LANGUAGE_MAPPING (ID,LANGUAGE_ID,REFERENCE_ID,REFERENCE_TYPE,TEXT_VALUE) VALUES ('ZHMetadataTypeEntity19','10','DATE','MetadataTypeEntity.displayNameMap','');
INSERT INTO LANGUAGE_MAPPING (ID,LANGUAGE_ID,REFERENCE_ID,REFERENCE_TYPE,TEXT_VALUE) VALUES ('ZHMetadataTypeEntity20','10','DEFAULT_GROUP','MetadataTypeEntity.displayNameMap','');
INSERT INTO LANGUAGE_MAPPING (ID,LANGUAGE_ID,REFERENCE_ID,REFERENCE_TYPE,TEXT_VALUE) VALUES ('ZHMetadataTypeEntity21','10','DELETED','MetadataTypeEntity.displayNameMap','');
INSERT INTO LANGUAGE_MAPPING (ID,LANGUAGE_ID,REFERENCE_ID,REFERENCE_TYPE,TEXT_VALUE) VALUES ('ZHMetadataTypeEntity22','10','departmentType','MetadataTypeEntity.displayNameMap','');
INSERT INTO LANGUAGE_MAPPING (ID,LANGUAGE_ID,REFERENCE_ID,REFERENCE_TYPE,TEXT_VALUE) VALUES ('ZHMetadataTypeEntity23','10','DIRECTORY','MetadataTypeEntity.displayNameMap','');
INSERT INTO LANGUAGE_MAPPING (ID,LANGUAGE_ID,REFERENCE_ID,REFERENCE_TYPE,TEXT_VALUE) VALUES ('ZHMetadataTypeEntity24','10','DISABLED','MetadataTypeEntity.displayNameMap','');
INSERT INTO LANGUAGE_MAPPING (ID,LANGUAGE_ID,REFERENCE_ID,REFERENCE_TYPE,TEXT_VALUE) VALUES ('ZHMetadataTypeEntity25','10','divisionType','MetadataTypeEntity.displayNameMap','');
INSERT INTO LANGUAGE_MAPPING (ID,LANGUAGE_ID,REFERENCE_ID,REFERENCE_TYPE,TEXT_VALUE) VALUES ('ZHMetadataTypeEntity26','10','DL','MetadataTypeEntity.displayNameMap','');
INSERT INTO LANGUAGE_MAPPING (ID,LANGUAGE_ID,REFERENCE_ID,REFERENCE_TYPE,TEXT_VALUE) VALUES ('ZHMetadataTypeEntity27','10','FILE','MetadataTypeEntity.displayNameMap','');
INSERT INTO LANGUAGE_MAPPING (ID,LANGUAGE_ID,REFERENCE_ID,REFERENCE_TYPE,TEXT_VALUE) VALUES ('ZHMetadataTypeEntity28','10','GOOGLE_Connector','MetadataTypeEntity.displayNameMap','GOOGLE APPS');
INSERT INTO LANGUAGE_MAPPING (ID,LANGUAGE_ID,REFERENCE_ID,REFERENCE_TYPE,TEXT_VALUE) VALUES ('ZHMetadataTypeEntity29','10','HOME_ADDRESS','MetadataTypeEntity.displayNameMap','');
INSERT INTO LANGUAGE_MAPPING (ID,LANGUAGE_ID,REFERENCE_ID,REFERENCE_TYPE,TEXT_VALUE) VALUES ('ZHMetadataTypeEntity30','10','HOME_EMAIL','MetadataTypeEntity.displayNameMap','');
INSERT INTO LANGUAGE_MAPPING (ID,LANGUAGE_ID,REFERENCE_ID,REFERENCE_TYPE,TEXT_VALUE) VALUES ('ZHMetadataTypeEntity31','10','HOME_PHONE','MetadataTypeEntity.displayNameMap','');
INSERT INTO LANGUAGE_MAPPING (ID,LANGUAGE_ID,REFERENCE_ID,REFERENCE_TYPE,TEXT_VALUE) VALUES ('ZHMetadataTypeEntity32','10','INACTIVE','MetadataTypeEntity.displayNameMap','');
INSERT INTO LANGUAGE_MAPPING (ID,LANGUAGE_ID,REFERENCE_ID,REFERENCE_TYPE,TEXT_VALUE) VALUES ('ZHMetadataTypeEntity33','10','InetOrgPerson','MetadataTypeEntity.displayNameMap','InetOrgPerson');
INSERT INTO LANGUAGE_MAPPING (ID,LANGUAGE_ID,REFERENCE_ID,REFERENCE_TYPE,TEXT_VALUE) VALUES ('ZHMetadataTypeEntity34','10','KERBEROS_KEYTAB_FILE','MetadataTypeEntity.displayNameMap','Kerberos Keytab');
INSERT INTO LANGUAGE_MAPPING (ID,LANGUAGE_ID,REFERENCE_ID,REFERENCE_TYPE,TEXT_VALUE) VALUES ('ZHMetadataTypeEntity35','10','KERBEROS_SERVICE_NAME','MetadataTypeEntity.displayNameMap','Kerberos');
INSERT INTO LANGUAGE_MAPPING (ID,LANGUAGE_ID,REFERENCE_ID,REFERENCE_TYPE,TEXT_VALUE) VALUES ('ZHMetadataTypeEntity36','10','LdapOrgPerson','MetadataTypeEntity.displayNameMap','LdapOrgPerson');
INSERT INTO LANGUAGE_MAPPING (ID,LANGUAGE_ID,REFERENCE_ID,REFERENCE_TYPE,TEXT_VALUE) VALUES ('ZHMetadataTypeEntity37','10','LDAP_Connector','MetadataTypeEntity.displayNameMap','LDAP');
INSERT INTO LANGUAGE_MAPPING (ID,LANGUAGE_ID,REFERENCE_ID,REFERENCE_TYPE,TEXT_VALUE) VALUES ('ZHMetadataTypeEntity38','10','LDAP_GROUP_TYPE','MetadataTypeEntity.displayNameMap','LDAP');
INSERT INTO LANGUAGE_MAPPING (ID,LANGUAGE_ID,REFERENCE_ID,REFERENCE_TYPE,TEXT_VALUE) VALUES ('ZHMetadataTypeEntity39','10','LEAVE','MetadataTypeEntity.displayNameMap','');
INSERT INTO LANGUAGE_MAPPING (ID,LANGUAGE_ID,REFERENCE_ID,REFERENCE_TYPE,TEXT_VALUE) VALUES ('ZHMetadataTypeEntity40','10','LINUX_Connector','MetadataTypeEntity.displayNameMap','Linux');
INSERT INTO LANGUAGE_MAPPING (ID,LANGUAGE_ID,REFERENCE_ID,REFERENCE_TYPE,TEXT_VALUE) VALUES ('ZHMetadataTypeEntity41','10','LOCKED','MetadataTypeEntity.displayNameMap','');
INSERT INTO LANGUAGE_MAPPING (ID,LANGUAGE_ID,REFERENCE_ID,REFERENCE_TYPE,TEXT_VALUE) VALUES ('ZHMetadataTypeEntity42','10','LOCKED_ADMIN','MetadataTypeEntity.displayNameMap','LOCKED_ADMIN');
INSERT INTO LANGUAGE_MAPPING (ID,LANGUAGE_ID,REFERENCE_ID,REFERENCE_TYPE,TEXT_VALUE) VALUES ('ZHMetadataTypeEntity43','10','MANAGED_SYS','MetadataTypeEntity.displayNameMap','');
INSERT INTO LANGUAGE_MAPPING (ID,LANGUAGE_ID,REFERENCE_ID,REFERENCE_TYPE,TEXT_VALUE) VALUES ('ZHMetadataTypeEntity44','10','MANAGER','MetadataTypeEntity.displayNameMap','');
INSERT INTO LANGUAGE_MAPPING (ID,LANGUAGE_ID,REFERENCE_ID,REFERENCE_TYPE,TEXT_VALUE) VALUES ('ZHMetadataTypeEntity45','10','MENU_ITEM','MetadataTypeEntity.displayNameMap','');
INSERT INTO LANGUAGE_MAPPING (ID,LANGUAGE_ID,REFERENCE_ID,REFERENCE_TYPE,TEXT_VALUE) VALUES ('ZHMetadataTypeEntity46','10','MULTI_SELECT','MetadataTypeEntity.displayNameMap','');
INSERT INTO LANGUAGE_MAPPING (ID,LANGUAGE_ID,REFERENCE_ID,REFERENCE_TYPE,TEXT_VALUE) VALUES ('ZHMetadataTypeEntity47','10','NO-PROVISION-APP','MetadataTypeEntity.displayNameMap','');
INSERT INTO LANGUAGE_MAPPING (ID,LANGUAGE_ID,REFERENCE_ID,REFERENCE_TYPE,TEXT_VALUE) VALUES ('ZHMetadataTypeEntity48','10','OFF-LINE','MetadataTypeEntity.displayNameMap','');
INSERT INTO LANGUAGE_MAPPING (ID,LANGUAGE_ID,REFERENCE_ID,REFERENCE_TYPE,TEXT_VALUE) VALUES ('ZHMetadataTypeEntity49','10','OFFICE_ADDRESS','MetadataTypeEntity.displayNameMap','');
INSERT INTO LANGUAGE_MAPPING (ID,LANGUAGE_ID,REFERENCE_ID,REFERENCE_TYPE,TEXT_VALUE) VALUES ('ZHMetadataTypeEntity50','10','OFFICE_PHONE','MetadataTypeEntity.displayNameMap','');
INSERT INTO LANGUAGE_MAPPING (ID,LANGUAGE_ID,REFERENCE_ID,REFERENCE_TYPE,TEXT_VALUE) VALUES ('ZHMetadataTypeEntity51','10','OrgOpenIAM','MetadataTypeEntity.displayNameMap','OpenIAM');
INSERT INTO LANGUAGE_MAPPING (ID,LANGUAGE_ID,REFERENCE_ID,REFERENCE_TYPE,TEXT_VALUE) VALUES ('ZHMetadataTypeEntity52','10','PASSWORD','MetadataTypeEntity.displayNameMap','');
INSERT INTO LANGUAGE_MAPPING (ID,LANGUAGE_ID,REFERENCE_ID,REFERENCE_TYPE,TEXT_VALUE) VALUES ('ZHMetadataTypeEntity53','10','PENDING_APPROVAL','MetadataTypeEntity.displayNameMap','PENDING_APPROVAL');
INSERT INTO LANGUAGE_MAPPING (ID,LANGUAGE_ID,REFERENCE_ID,REFERENCE_TYPE,TEXT_VALUE) VALUES ('ZHMetadataTypeEntity54','10','PENDING_INITIAL_LOGIN','MetadataTypeEntity.displayNameMap','PENDING_INITIAL_LOGIN');
INSERT INTO LANGUAGE_MAPPING (ID,LANGUAGE_ID,REFERENCE_ID,REFERENCE_TYPE,TEXT_VALUE) VALUES ('ZHMetadataTypeEntity55','10','PENDING_START_DATE','MetadataTypeEntity.displayNameMap','PENDING_START_DATE');
INSERT INTO LANGUAGE_MAPPING (ID,LANGUAGE_ID,REFERENCE_ID,REFERENCE_TYPE,TEXT_VALUE) VALUES ('ZHMetadataTypeEntity56','10','PENDING_USER_VALIDATION','MetadataTypeEntity.displayNameMap','PENDING_USER_VALIDATION');
INSERT INTO LANGUAGE_MAPPING (ID,LANGUAGE_ID,REFERENCE_ID,REFERENCE_TYPE,TEXT_VALUE) VALUES ('ZHMetadataTypeEntity57','10','PRIMARY_EMAIL','MetadataTypeEntity.displayNameMap','');
INSERT INTO LANGUAGE_MAPPING (ID,LANGUAGE_ID,REFERENCE_ID,REFERENCE_TYPE,TEXT_VALUE) VALUES ('ZHMetadataTypeEntity58','10','RADIO','MetadataTypeEntity.displayNameMap','');
INSERT INTO LANGUAGE_MAPPING (ID,LANGUAGE_ID,REFERENCE_ID,REFERENCE_TYPE,TEXT_VALUE) VALUES ('ZHMetadataTypeEntity59','10','RDBMS_Connector','MetadataTypeEntity.displayNameMap','');
INSERT INTO LANGUAGE_MAPPING (ID,LANGUAGE_ID,REFERENCE_ID,REFERENCE_TYPE,TEXT_VALUE) VALUES ('ZHMetadataTypeEntity60','10','READY','MetadataTypeEntity.displayNameMap','');
INSERT INTO LANGUAGE_MAPPING (ID,LANGUAGE_ID,REFERENCE_ID,REFERENCE_TYPE,TEXT_VALUE) VALUES ('ZHMetadataTypeEntity61','10','RETIRED','MetadataTypeEntity.displayNameMap','');
INSERT INTO LANGUAGE_MAPPING (ID,LANGUAGE_ID,REFERENCE_ID,REFERENCE_TYPE,TEXT_VALUE) VALUES ('ZHMetadataTypeEntity62','10','RJ','MetadataTypeEntity.displayNameMap','');
INSERT INTO LANGUAGE_MAPPING (ID,LANGUAGE_ID,REFERENCE_ID,REFERENCE_TYPE,TEXT_VALUE) VALUES ('ZHMetadataTypeEntity63','10','SALES REP','MetadataTypeEntity.displayNameMap','');
INSERT INTO LANGUAGE_MAPPING (ID,LANGUAGE_ID,REFERENCE_ID,REFERENCE_TYPE,TEXT_VALUE) VALUES ('ZHMetadataTypeEntity64','10','SCRIPT_Connector','MetadataTypeEntity.displayNameMap','');
INSERT INTO LANGUAGE_MAPPING (ID,LANGUAGE_ID,REFERENCE_ID,REFERENCE_TYPE,TEXT_VALUE) VALUES ('ZHMetadataTypeEntity65','10','SECURITY MANAGER','MetadataTypeEntity.displayNameMap','');
INSERT INTO LANGUAGE_MAPPING (ID,LANGUAGE_ID,REFERENCE_ID,REFERENCE_TYPE,TEXT_VALUE) VALUES ('ZHMetadataTypeEntity66','10','SELECT','MetadataTypeEntity.displayNameMap','');
INSERT INTO LANGUAGE_MAPPING (ID,LANGUAGE_ID,REFERENCE_ID,REFERENCE_TYPE,TEXT_VALUE) VALUES ('ZHMetadataTypeEntity67','10','SERVICE REP','MetadataTypeEntity.displayNameMap','');
INSERT INTO LANGUAGE_MAPPING (ID,LANGUAGE_ID,REFERENCE_ID,REFERENCE_TYPE,TEXT_VALUE) VALUES ('ZHMetadataTypeEntity68','10','SOAP_Connector','MetadataTypeEntity.displayNameMap','SOAP');
INSERT INTO LANGUAGE_MAPPING (ID,LANGUAGE_ID,REFERENCE_ID,REFERENCE_TYPE,TEXT_VALUE) VALUES ('ZHMetadataTypeEntity69','10','SYS ACCOUNT','MetadataTypeEntity.displayNameMap','');
INSERT INTO LANGUAGE_MAPPING (ID,LANGUAGE_ID,REFERENCE_ID,REFERENCE_TYPE,TEXT_VALUE) VALUES ('ZHMetadataTypeEntity70','10','SystemAccount','MetadataTypeEntity.displayNameMap','');
INSERT INTO LANGUAGE_MAPPING (ID,LANGUAGE_ID,REFERENCE_ID,REFERENCE_TYPE,TEXT_VALUE) VALUES ('ZHMetadataTypeEntity71','10','SYS_ACTION','MetadataTypeEntity.displayNameMap','');
INSERT INTO LANGUAGE_MAPPING (ID,LANGUAGE_ID,REFERENCE_ID,REFERENCE_TYPE,TEXT_VALUE) VALUES ('ZHMetadataTypeEntity72','10','TERMINATED','MetadataTypeEntity.displayNameMap','');
INSERT INTO LANGUAGE_MAPPING (ID,LANGUAGE_ID,REFERENCE_ID,REFERENCE_TYPE,TEXT_VALUE) VALUES ('ZHMetadataTypeEntity73','10','TEXT','MetadataTypeEntity.displayNameMap','');
INSERT INTO LANGUAGE_MAPPING (ID,LANGUAGE_ID,REFERENCE_ID,REFERENCE_TYPE,TEXT_VALUE) VALUES ('ZHMetadataTypeEntity74','10','TEXTAREA','MetadataTypeEntity.displayNameMap','');
INSERT INTO LANGUAGE_MAPPING (ID,LANGUAGE_ID,REFERENCE_ID,REFERENCE_TYPE,TEXT_VALUE) VALUES ('ZHMetadataTypeEntity75','10','UB','MetadataTypeEntity.displayNameMap','');
INSERT INTO LANGUAGE_MAPPING (ID,LANGUAGE_ID,REFERENCE_ID,REFERENCE_TYPE,TEXT_VALUE) VALUES ('ZHMetadataTypeEntity76','10','UI_TEMPLATE','MetadataTypeEntity.displayNameMap','UI_TEMPLATE');
INSERT INTO LANGUAGE_MAPPING (ID,LANGUAGE_ID,REFERENCE_ID,REFERENCE_TYPE,TEXT_VALUE) VALUES ('ZHMetadataTypeEntity77','10','UI_WIDGET','MetadataTypeEntity.displayNameMap','UI_WIDGET');
INSERT INTO LANGUAGE_MAPPING (ID,LANGUAGE_ID,REFERENCE_ID,REFERENCE_TYPE,TEXT_VALUE) VALUES ('ZHMetadataTypeEntity78','10','URL','MetadataTypeEntity.displayNameMap','URL');
INSERT INTO LANGUAGE_MAPPING (ID,LANGUAGE_ID,REFERENCE_ID,REFERENCE_TYPE,TEXT_VALUE) VALUES ('ZHMetadataTypeEntity79','10','URL_PATTERN','MetadataTypeEntity.displayNameMap','Url');
INSERT INTO LANGUAGE_MAPPING (ID,LANGUAGE_ID,REFERENCE_ID,REFERENCE_TYPE,TEXT_VALUE) VALUES ('ZHMetadataTypeEntity80','10','WEBSERVICE','MetadataTypeEntity.displayNameMap','Web');
INSERT INTO LANGUAGE_MAPPING (ID,LANGUAGE_ID,REFERENCE_ID,REFERENCE_TYPE,TEXT_VALUE) VALUES ('ZHMetadataTypeEntity81','10','WEBSERVICE_OP','MetadataTypeEntity.displayNameMap','Web');
INSERT INTO LANGUAGE_MAPPING (ID,LANGUAGE_ID,REFERENCE_ID,REFERENCE_TYPE,TEXT_VALUE) VALUES ('ZHMetadataTypeEntity82','10','WORK_EMAIL','MetadataTypeEntity.displayNameMap','');
INSERT INTO LANGUAGE_MAPPING (ID,LANGUAGE_ID,REFERENCE_ID,REFERENCE_TYPE,TEXT_VALUE) VALUES ('ZHDIVISION','10','DIVISION','OrganizationTypeEntity.displayNameMap','');
INSERT INTO LANGUAGE_MAPPING (ID,LANGUAGE_ID,REFERENCE_ID,REFERENCE_TYPE,TEXT_VALUE) VALUES ('ZHDEPARTMENT','10','DEPARTMENT','OrganizationTypeEntity.displayNameMap','');
INSERT INTO LANGUAGE_MAPPING (ID,LANGUAGE_ID,REFERENCE_ID,REFERENCE_TYPE,TEXT_VALUE) VALUES ('ZHSUBSIDIARY','10','SUBSIDIARY','OrganizationTypeEntity.displayNameMap','');
INSERT INTO LANGUAGE_MAPPING (ID,LANGUAGE_ID,REFERENCE_ID,REFERENCE_TYPE,TEXT_VALUE) VALUES ('ZHORGANIZATION','10','ORGANIZATION','OrganizationTypeEntity.displayNameMap','');
INSERT INTO LANGUAGE_MAPPING (ID,LANGUAGE_ID,REFERENCE_ID,REFERENCE_TYPE,TEXT_VALUE) VALUES ('ZHABOUT_DESC','10','ABOUT','ResourceEntity.displayNameMap','OpenIAM');
INSERT INTO LANGUAGE_MAPPING (ID,LANGUAGE_ID,REFERENCE_ID,REFERENCE_TYPE,TEXT_VALUE) VALUES ('ZHMNGSYS_DSC','10','MNGSYS_NEW','ResourceEntity.displayNameMap','');
INSERT INTO LANGUAGE_MAPPING (ID,LANGUAGE_ID,REFERENCE_ID,REFERENCE_TYPE,TEXT_VALUE) VALUES ('ZHMNGSYS_DESC','10','MNGSYS_MENU_ITEM','ResourceEntity.displayNameMap','');
INSERT INTO LANGUAGE_MAPPING (ID,LANGUAGE_ID,REFERENCE_ID,REFERENCE_TYPE,TEXT_VALUE) VALUES ('ZHNEW_ORG_DESC','10','NEW_ORG','ResourceEntity.displayNameMap','');
INSERT INTO LANGUAGE_MAPPING (ID,LANGUAGE_ID,REFERENCE_ID,REFERENCE_TYPE,TEXT_VALUE) VALUES ('ZHSYNCLOG_DESC','10','SYNCLOG_MENU_ITEM','ResourceEntity.displayNameMap','');
INSERT INTO LANGUAGE_MAPPING (ID,LANGUAGE_ID,REFERENCE_ID,REFERENCE_TYPE,TEXT_VALUE) VALUES ('ZHUI_THEMES_DN','10','UI_THEMES','ResourceEntity.displayNameMap','UI');
INSERT INTO LANGUAGE_MAPPING (ID,LANGUAGE_ID,REFERENCE_ID,REFERENCE_TYPE,TEXT_VALUE) VALUES ('ZHBULK_OPS_DESC','10','BULK_OPS','ResourceEntity.displayNameMap','');
INSERT INTO LANGUAGE_MAPPING (ID,LANGUAGE_ID,REFERENCE_ID,REFERENCE_TYPE,TEXT_VALUE) VALUES ('ZHEDIT_ORG_DESC','10','EDIT_ORG','ResourceEntity.displayNameMap','');
INSERT INTO LANGUAGE_MAPPING (ID,LANGUAGE_ID,REFERENCE_ID,REFERENCE_TYPE,TEXT_VALUE) VALUES ('ZHNEW_ROLE_DESC','10','NEW_ROLE','ResourceEntity.displayNameMap','');
INSERT INTO LANGUAGE_MAPPING (ID,LANGUAGE_ID,REFERENCE_ID,REFERENCE_TYPE,TEXT_VALUE) VALUES ('ZHNEW_USER_DESC','10','NEW_USER','ResourceEntity.displayNameMap','');
INSERT INTO LANGUAGE_MAPPING (ID,LANGUAGE_ID,REFERENCE_ID,REFERENCE_TYPE,TEXT_VALUE) VALUES ('ZHRES_TYPE_DESC','10','RES_TYPE_ITEM','ResourceEntity.displayNameMap','');
INSERT INTO LANGUAGE_MAPPING (ID,LANGUAGE_ID,REFERENCE_ID,REFERENCE_TYPE,TEXT_VALUE) VALUES ('ZHSS_GRP_ENT_DN','10','SS_GRP_ENT','ResourceEntity.displayNameMap','');
INSERT INTO LANGUAGE_MAPPING (ID,LANGUAGE_ID,REFERENCE_ID,REFERENCE_TYPE,TEXT_VALUE) VALUES ('ZHSS_RES_ENT_DN','10','SS_RES_ENT','ResourceEntity.displayNameMap','');
INSERT INTO LANGUAGE_MAPPING (ID,LANGUAGE_ID,REFERENCE_ID,REFERENCE_TYPE,TEXT_VALUE) VALUES ('ZHSYNCUSER_DESC','10','SYNCUSER_MENU_ITEM','ResourceEntity.displayNameMap','');
INSERT INTO LANGUAGE_MAPPING (ID,LANGUAGE_ID,REFERENCE_ID,REFERENCE_TYPE,TEXT_VALUE) VALUES ('ZHEDIT_ROLE_DESC','10','EDIT_ROLE','ResourceEntity.displayNameMap','');
INSERT INTO LANGUAGE_MAPPING (ID,LANGUAGE_ID,REFERENCE_ID,REFERENCE_TYPE,TEXT_VALUE) VALUES ('ZHLANGUAGE_EDIT1','10','LANGUAGE_EDIT','ResourceEntity.displayNameMap','');
INSERT INTO LANGUAGE_MAPPING (ID,LANGUAGE_ID,REFERENCE_ID,REFERENCE_TYPE,TEXT_VALUE) VALUES ('ZHMETA_EDIT_DESC','10','META_EDIT','ResourceEntity.displayNameMap','');
INSERT INTO LANGUAGE_MAPPING (ID,LANGUAGE_ID,REFERENCE_ID,REFERENCE_TYPE,TEXT_VALUE) VALUES ('ZHNEW_GROUP_DESC','10','NEW_GROUP','ResourceEntity.displayNameMap','');
INSERT INTO LANGUAGE_MAPPING (ID,LANGUAGE_ID,REFERENCE_ID,REFERENCE_TYPE,TEXT_VALUE) VALUES ('ZHSS_ROLE_ENT_DN','10','SS_ROLE_ENT','ResourceEntity.displayNameMap','');
INSERT INTO LANGUAGE_MAPPING (ID,LANGUAGE_ID,REFERENCE_ID,REFERENCE_TYPE,TEXT_VALUE) VALUES ('ZHUSER_MENU_DESC','10','USER','ResourceEntity.displayNameMap','');
INSERT INTO LANGUAGE_MAPPING (ID,LANGUAGE_ID,REFERENCE_ID,REFERENCE_TYPE,TEXT_VALUE) VALUES ('ZHVIEW_MENU_DESC','10','VIEW','ResourceEntity.displayNameMap','');
INSERT INTO LANGUAGE_MAPPING (ID,LANGUAGE_ID,REFERENCE_ID,REFERENCE_TYPE,TEXT_VALUE) VALUES ('ZHAM_PROV_NEW_DSC','10','AM_PROV_NEW','ResourceEntity.displayNameMap','');
INSERT INTO LANGUAGE_MAPPING (ID,LANGUAGE_ID,REFERENCE_ID,REFERENCE_TYPE,TEXT_VALUE) VALUES ('ZHBACK_TO_CP_DESC','10','BACK_TO_CP','ResourceEntity.displayNameMap','');
INSERT INTO LANGUAGE_MAPPING (ID,LANGUAGE_ID,REFERENCE_ID,REFERENCE_TYPE,TEXT_VALUE) VALUES ('ZHEDIT_GROUP_DESC','10','EDIT_GROUP','ResourceEntity.displayNameMap','');
INSERT INTO LANGUAGE_MAPPING (ID,LANGUAGE_ID,REFERENCE_ID,REFERENCE_TYPE,TEXT_VALUE) VALUES ('ZHLANGUAGE_ADMIN1','10','LANGUAGE_ADMIN','ResourceEntity.displayNameMap','');
INSERT INTO LANGUAGE_MAPPING (ID,LANGUAGE_ID,REFERENCE_ID,REFERENCE_TYPE,TEXT_VALUE) VALUES ('ZHMENUS_SEARCH_DC','10','MENUS_SEARCH','ResourceEntity.displayNameMap','');
INSERT INTO LANGUAGE_MAPPING (ID,LANGUAGE_ID,REFERENCE_ID,REFERENCE_TYPE,TEXT_VALUE) VALUES ('ZHMETA_ADMIN_DESC','10','META_ADMIN','ResourceEntity.displayNameMap','');
INSERT INTO LANGUAGE_MAPPING (ID,LANGUAGE_ID,REFERENCE_ID,REFERENCE_TYPE,TEXT_VALUE) VALUES ('ZHNEW_UI_THEME_DN','10','NEW_UI_THEME','ResourceEntity.displayNameMap','');
INSERT INTO LANGUAGE_MAPPING (ID,LANGUAGE_ID,REFERENCE_ID,REFERENCE_TYPE,TEXT_VALUE) VALUES ('ZHORG_SEARCH_DESC','10','ORG_SEARCH','ResourceEntity.displayNameMap','');
INSERT INTO LANGUAGE_MAPPING (ID,LANGUAGE_ID,REFERENCE_ID,REFERENCE_TYPE,TEXT_VALUE) VALUES ('ZHRES_ENT_SUB_DIS','10','RES_ENT_SUB','ResourceEntity.displayNameMap','');
INSERT INTO LANGUAGE_MAPPING (ID,LANGUAGE_ID,REFERENCE_ID,REFERENCE_TYPE,TEXT_VALUE) VALUES ('ZHROLE_MENUS_DESC','10','ROLE_MENUS','ResourceEntity.displayNameMap','');
INSERT INTO LANGUAGE_MAPPING (ID,LANGUAGE_ID,REFERENCE_ID,REFERENCE_TYPE,TEXT_VALUE) VALUES ('ZHUSER_MENUS_DESC','10','USER_MENUS','ResourceEntity.displayNameMap','');
INSERT INTO LANGUAGE_MAPPING (ID,LANGUAGE_ID,REFERENCE_ID,REFERENCE_TYPE,TEXT_VALUE) VALUES ('ZHWEB_REPORT_DESC','10','WEB_REPORT','ResourceEntity.displayNameMap','');
INSERT INTO LANGUAGE_MAPPING (ID,LANGUAGE_ID,REFERENCE_ID,REFERENCE_TYPE,TEXT_VALUE) VALUES ('ZHCR_RES_DISP_NAME','10','CREATE_RESOURCE_MENU','ResourceEntity.displayNameMap','');
INSERT INTO LANGUAGE_MAPPING (ID,LANGUAGE_ID,REFERENCE_ID,REFERENCE_TYPE,TEXT_VALUE) VALUES ('ZHGROUP_MENUS_DESC','10','GROUP_MENUS','ResourceEntity.displayNameMap','');
INSERT INTO LANGUAGE_MAPPING (ID,LANGUAGE_ID,REFERENCE_ID,REFERENCE_TYPE,TEXT_VALUE) VALUES ('ZHIDM_MENU_DISPLAY','10','IDM','ResourceEntity.displayNameMap','');
INSERT INTO LANGUAGE_MAPPING (ID,LANGUAGE_ID,REFERENCE_ID,REFERENCE_TYPE,TEXT_VALUE) VALUES ('ZHLANGUAGE_SEARCH1','10','LANGUAGE_SEARCH','ResourceEntity.displayNameMap','');
INSERT INTO LANGUAGE_MAPPING (ID,LANGUAGE_ID,REFERENCE_ID,REFERENCE_TYPE,TEXT_VALUE) VALUES ('ZHMANUALRECON_DESC','10','MANUALRECON','ResourceEntity.displayNameMap','');
INSERT INTO LANGUAGE_MAPPING (ID,LANGUAGE_ID,REFERENCE_ID,REFERENCE_TYPE,TEXT_VALUE) VALUES ('ZHMETA_SEARCH_DESC','10','META_SEARCH','ResourceEntity.displayNameMap','');
INSERT INTO LANGUAGE_MAPPING (ID,LANGUAGE_ID,REFERENCE_ID,REFERENCE_TYPE,TEXT_VALUE) VALUES ('ZHMNGSYS_EDIT_DESC','10','MNGSYS_EDIT','ResourceEntity.displayNameMap','');
INSERT INTO LANGUAGE_MAPPING (ID,LANGUAGE_ID,REFERENCE_ID,REFERENCE_TYPE,TEXT_VALUE) VALUES ('ZHORG_MENU_DISPLAY','10','ORG','ResourceEntity.displayNameMap','');
INSERT INTO LANGUAGE_MAPPING (ID,LANGUAGE_ID,REFERENCE_ID,REFERENCE_TYPE,TEXT_VALUE) VALUES ('ZHPOLICY_MENU_DESC','10','PASSWORD_POLICY','ResourceEntity.displayNameMap','');
INSERT INTO LANGUAGE_MAPPING (ID,LANGUAGE_ID,REFERENCE_ID,REFERENCE_TYPE,TEXT_VALUE) VALUES ('ZHPROVCONNECT_DESC','10','PROVCONNECT_MENU_ITEM','ResourceEntity.displayNameMap','');
INSERT INTO LANGUAGE_MAPPING (ID,LANGUAGE_ID,REFERENCE_ID,REFERENCE_TYPE,TEXT_VALUE) VALUES ('ZHROLE_SEARCH_DESC','10','ROLE_SEARCH','ResourceEntity.displayNameMap','');
INSERT INTO LANGUAGE_MAPPING (ID,LANGUAGE_ID,REFERENCE_ID,REFERENCE_TYPE,TEXT_VALUE) VALUES ('ZHSUP_SUB_PAGE_DIS','10','SUP_SUB_PAGE','ResourceEntity.displayNameMap','');
INSERT INTO LANGUAGE_MAPPING (ID,LANGUAGE_ID,REFERENCE_ID,REFERENCE_TYPE,TEXT_VALUE) VALUES ('ZHUI_THEME_EDIT_DN','10','UI_THEME_EDIT','ResourceEntity.displayNameMap','');
INSERT INTO LANGUAGE_MAPPING (ID,LANGUAGE_ID,REFERENCE_ID,REFERENCE_TYPE,TEXT_VALUE) VALUES ('ZHUI_THEME_ROOT_DN','10','UI_THEME_ROOT','ResourceEntity.displayNameMap','');
INSERT INTO LANGUAGE_MAPPING (ID,LANGUAGE_ID,REFERENCE_ID,REFERENCE_TYPE,TEXT_VALUE) VALUES ('ZHUSER_SEARCH_DESC','10','USER_SEARCH','ResourceEntity.displayNameMap','');
INSERT INTO LANGUAGE_MAPPING (ID,LANGUAGE_ID,REFERENCE_ID,REFERENCE_TYPE,TEXT_VALUE) VALUES ('ZHAM_PROV_EDIT_DESC','10','AM_PROV_EDIT','ResourceEntity.displayNameMap','');
INSERT INTO LANGUAGE_MAPPING (ID,LANGUAGE_ID,REFERENCE_ID,REFERENCE_TYPE,TEXT_VALUE) VALUES ('ZHAM_PROV_ROOT_DESC','10','AM_PROV_ROOT','ResourceEntity.displayNameMap','');
INSERT INTO LANGUAGE_MAPPING (ID,LANGUAGE_ID,REFERENCE_ID,REFERENCE_TYPE,TEXT_VALUE) VALUES ('ZHASSOC_POLICY_DESC','10','ASSOC_POLICY','ResourceEntity.displayNameMap','');
INSERT INTO LANGUAGE_MAPPING (ID,LANGUAGE_ID,REFERENCE_ID,REFERENCE_TYPE,TEXT_VALUE) VALUES ('ZHAUTH_LEVEL_GRP_DN','10','AUTH_LEVEL_GRP','ResourceEntity.displayNameMap','');
INSERT INTO LANGUAGE_MAPPING (ID,LANGUAGE_ID,REFERENCE_ID,REFERENCE_TYPE,TEXT_VALUE) VALUES ('ZHEDIT_RESOURCE_DIS','10','EDIT_RESOURCE','ResourceEntity.displayNameMap','');
INSERT INTO LANGUAGE_MAPPING (ID,LANGUAGE_ID,REFERENCE_ID,REFERENCE_TYPE,TEXT_VALUE) VALUES ('ZHGROUP_SEARCH_DESC','10','GROUP_SEARCH','ResourceEntity.displayNameMap','');
INSERT INTO LANGUAGE_MAPPING (ID,LANGUAGE_ID,REFERENCE_ID,REFERENCE_TYPE,TEXT_VALUE) VALUES ('ZHNEW_ORG_TYPE_DESC','10','NEW_ORG_TYPE','ResourceEntity.displayNameMap','');
INSERT INTO LANGUAGE_MAPPING (ID,LANGUAGE_ID,REFERENCE_ID,REFERENCE_TYPE,TEXT_VALUE) VALUES ('ZHRES_TYPE_NEW_DESC','10','RES_TYPE_NEW','ResourceEntity.displayNameMap','');
INSERT INTO LANGUAGE_MAPPING (ID,LANGUAGE_ID,REFERENCE_ID,REFERENCE_TYPE,TEXT_VALUE) VALUES ('ZHSYNCUSER_NEW_DESC','10','SYNCUSER_NEW','ResourceEntity.displayNameMap','');
INSERT INTO LANGUAGE_MAPPING (ID,LANGUAGE_ID,REFERENCE_ID,REFERENCE_TYPE,TEXT_VALUE) VALUES ('ZHUSER_HISTORY_DESC','10','USER_HISTORY','ResourceEntity.displayNameMap','');
INSERT INTO LANGUAGE_MAPPING (ID,LANGUAGE_ID,REFERENCE_ID,REFERENCE_TYPE,TEXT_VALUE) VALUES ('ZHADMIN_MENU_DISPLAY','10','ADMIN','ResourceEntity.displayNameMap','');
INSERT INTO LANGUAGE_MAPPING (ID,LANGUAGE_ID,REFERENCE_ID,REFERENCE_TYPE,TEXT_VALUE) VALUES ('ZHEDIT_ORG_TYPE_DESC','10','EDIT_ORG_TYPE','ResourceEntity.displayNameMap','');
INSERT INTO LANGUAGE_MAPPING (ID,LANGUAGE_ID,REFERENCE_ID,REFERENCE_TYPE,TEXT_VALUE) VALUES ('ZHIDMAN_MENU_DISPLAY','10','IDMAN','ResourceEntity.displayNameMap','');
INSERT INTO LANGUAGE_MAPPING (ID,LANGUAGE_ID,REFERENCE_ID,REFERENCE_TYPE,TEXT_VALUE) VALUES ('ZHPROV_CONNECTOR_DSC','10','PROV_CONNECTOR_NEW','ResourceEntity.displayNameMap','');
INSERT INTO LANGUAGE_MAPPING (ID,LANGUAGE_ID,REFERENCE_ID,REFERENCE_TYPE,TEXT_VALUE) VALUES ('ZHSELFSERVICE_EXT_DN','10','SELFSERVICE_EXT','ResourceEntity.displayNameMap','');
INSERT INTO LANGUAGE_MAPPING (ID,LANGUAGE_ID,REFERENCE_ID,REFERENCE_TYPE,TEXT_VALUE) VALUES ('ZHSELFSRV_EXAMPLE_DN','10','SELFSRV_EXAMPLE','ResourceEntity.displayNameMap','');
INSERT INTO LANGUAGE_MAPPING (ID,LANGUAGE_ID,REFERENCE_ID,REFERENCE_TYPE,TEXT_VALUE) VALUES ('ZHSELFSRV_RES_NEW_DN','10','SELFSRV_RES_NEW','ResourceEntity.displayNameMap','');
INSERT INTO LANGUAGE_MAPPING (ID,LANGUAGE_ID,REFERENCE_ID,REFERENCE_TYPE,TEXT_VALUE) VALUES ('ZHSYNCLOG_ADMIN_DESC','10','SYNCLOG','ResourceEntity.displayNameMap','');
INSERT INTO LANGUAGE_MAPPING (ID,LANGUAGE_ID,REFERENCE_ID,REFERENCE_TYPE,TEXT_VALUE) VALUES ('ZHSYNCUSER_EDIT_DESC','10','SYNCUSER_EDIT','ResourceEntity.displayNameMap','');
INSERT INTO LANGUAGE_MAPPING (ID,LANGUAGE_ID,REFERENCE_ID,REFERENCE_TYPE,TEXT_VALUE) VALUES ('ZHURI_META_BACK_DESC','10','URI_META_BACK','ResourceEntity.displayNameMap','');
INSERT INTO LANGUAGE_MAPPING (ID,LANGUAGE_ID,REFERENCE_ID,REFERENCE_TYPE,TEXT_VALUE) VALUES ('ZHURI_META_EDIT_DESC','10','URI_META_EDIT','ResourceEntity.displayNameMap','URI Meta');
INSERT INTO LANGUAGE_MAPPING (ID,LANGUAGE_ID,REFERENCE_ID,REFERENCE_TYPE,TEXT_VALUE) VALUES ('ZHUSER_IDENTITY_DESC','10','USER_IDENTITY','ResourceEntity.displayNameMap','');
INSERT INTO LANGUAGE_MAPPING (ID,LANGUAGE_ID,REFERENCE_ID,REFERENCE_TYPE,TEXT_VALUE) VALUES ('ZHWEB_REPORT_NEW_DSC','10','WEB_REPORT_NEW','ResourceEntity.displayNameMap','');
INSERT INTO LANGUAGE_MAPPING (ID,LANGUAGE_ID,REFERENCE_ID,REFERENCE_TYPE,TEXT_VALUE) VALUES ('ZHAM_PROV_SEARCH_DESC','10','AM_PROV_SEARCH','ResourceEntity.displayNameMap','');
INSERT INTO LANGUAGE_MAPPING (ID,LANGUAGE_ID,REFERENCE_ID,REFERENCE_TYPE,TEXT_VALUE) VALUES ('ZHBACK_TO_AUTH_LVL_DN','10','BACK_TO_AUTH_LVL','ResourceEntity.displayNameMap','');
INSERT INTO LANGUAGE_MAPPING (ID,LANGUAGE_ID,REFERENCE_ID,REFERENCE_TYPE,TEXT_VALUE) VALUES ('ZHDIR_LOOKUP_PAGE_DIS','10','DIR_LOOKUP_PAGE','ResourceEntity.displayNameMap','');
INSERT INTO LANGUAGE_MAPPING (ID,LANGUAGE_ID,REFERENCE_ID,REFERENCE_TYPE,TEXT_VALUE) VALUES ('ZHEN_PROFILE_PIC_DESC','10','PROFILE_PIC','ResourceEntity.displayNameMap','');
INSERT INTO LANGUAGE_MAPPING (ID,LANGUAGE_ID,REFERENCE_ID,REFERENCE_TYPE,TEXT_VALUE) VALUES ('ZHGROUP_IDENTITY_DESC','10','GROUP_IDENTITY','ResourceEntity.displayNameMap','');
INSERT INTO LANGUAGE_MAPPING (ID,LANGUAGE_ID,REFERENCE_ID,REFERENCE_TYPE,TEXT_VALUE) VALUES ('ZHMETA_TYPE_EDIT_DESC','10','META_TYPE_EDIT','ResourceEntity.displayNameMap','');
INSERT INTO LANGUAGE_MAPPING (ID,LANGUAGE_ID,REFERENCE_ID,REFERENCE_TYPE,TEXT_VALUE) VALUES ('ZHMNGSYS_MENU_DISPLAY','10','MNGSYS','ResourceEntity.displayNameMap','');
INSERT INTO LANGUAGE_MAPPING (ID,LANGUAGE_ID,REFERENCE_ID,REFERENCE_TYPE,TEXT_VALUE) VALUES ('ZHMNG_SYS_VIEWER_DESC','10','MNG_SYS_VIEWER','ResourceEntity.displayNameMap','');
INSERT INTO LANGUAGE_MAPPING (ID,LANGUAGE_ID,REFERENCE_ID,REFERENCE_TYPE,TEXT_VALUE) VALUES ('ZHNEW_AUTH_LVL_GRP_DN','10','NEW_AUTH_LVL_GRP','ResourceEntity.displayNameMap','');
INSERT INTO LANGUAGE_MAPPING (ID,LANGUAGE_ID,REFERENCE_ID,REFERENCE_TYPE,TEXT_VALUE) VALUES ('ZHNEW_BATCH_TASK_DESC','10','NEW_BATCH_TASK','ResourceEntity.displayNameMap','');
INSERT INTO LANGUAGE_MAPPING (ID,LANGUAGE_ID,REFERENCE_ID,REFERENCE_TYPE,TEXT_VALUE) VALUES ('ZHORG_MEMBERSHIP_DESC','10','ORG_MEMBERSHIP','ResourceEntity.displayNameMap','');
INSERT INTO LANGUAGE_MAPPING (ID,LANGUAGE_ID,REFERENCE_ID,REFERENCE_TYPE,TEXT_VALUE) VALUES ('ZHREPORT_MENU_DISPLAY','10','REPORT','ResourceEntity.displayNameMap','');
INSERT INTO LANGUAGE_MAPPING (ID,LANGUAGE_ID,REFERENCE_ID,REFERENCE_TYPE,TEXT_VALUE) VALUES ('ZHROLE_EDIT_MENU_DESC','10','ROLE_EDIT_MENU','ResourceEntity.displayNameMap','');
INSERT INTO LANGUAGE_MAPPING (ID,LANGUAGE_ID,REFERENCE_ID,REFERENCE_TYPE,TEXT_VALUE) VALUES ('ZHROLE_ROOT_MENU_DESC','10','ROLE_ROOT_MENU','ResourceEntity.displayNameMap','');
INSERT INTO LANGUAGE_MAPPING (ID,LANGUAGE_ID,REFERENCE_ID,REFERENCE_TYPE,TEXT_VALUE) VALUES ('ZHSELFSERV_GRP_NEW_DN','10','SELFSERV_GRP_NEW','ResourceEntity.displayNameMap','');
INSERT INTO LANGUAGE_MAPPING (ID,LANGUAGE_ID,REFERENCE_ID,REFERENCE_TYPE,TEXT_VALUE) VALUES ('ZHSELFSRV_RES_EDIT_DN','10','SELFSRV_RES_EDIT','ResourceEntity.displayNameMap','');
INSERT INTO LANGUAGE_MAPPING (ID,LANGUAGE_ID,REFERENCE_ID,REFERENCE_TYPE,TEXT_VALUE) VALUES ('ZHSS_USR_EDIT_RT_DESC','10','SELFSERV_USER_EDIT_ROOT','ResourceEntity.displayNameMap','');
INSERT INTO LANGUAGE_MAPPING (ID,LANGUAGE_ID,REFERENCE_ID,REFERENCE_TYPE,TEXT_VALUE) VALUES ('ZHSUBSCRIBE_MENU_DESC','10','SUBSCRIBE','ResourceEntity.displayNameMap','');
INSERT INTO LANGUAGE_MAPPING (ID,LANGUAGE_ID,REFERENCE_ID,REFERENCE_TYPE,TEXT_VALUE) VALUES ('ZHUSER_EDIT_INFO_DESC','10','USER_EDIT_INFO','ResourceEntity.displayNameMap','');
INSERT INTO LANGUAGE_MAPPING (ID,LANGUAGE_ID,REFERENCE_ID,REFERENCE_TYPE,TEXT_VALUE) VALUES ('ZHUSER_EDIT_MENU_DESC','10','USER_EDIT_MENU','ResourceEntity.displayNameMap','');
INSERT INTO LANGUAGE_MAPPING (ID,LANGUAGE_ID,REFERENCE_ID,REFERENCE_TYPE,TEXT_VALUE) VALUES ('ZHUSER_ROOT_MENU_DESC','10','USER_ROOT_MENU','ResourceEntity.displayNameMap','');
INSERT INTO LANGUAGE_MAPPING (ID,LANGUAGE_ID,REFERENCE_ID,REFERENCE_TYPE,TEXT_VALUE) VALUES ('ZHABOUT_ROOT_MENU_DESC','10','ABOUT_ROOT_MENU','ResourceEntity.displayNameMap','OpenIAM');
INSERT INTO LANGUAGE_MAPPING (ID,LANGUAGE_ID,REFERENCE_ID,REFERENCE_TYPE,TEXT_VALUE) VALUES ('ZHAM_PROV_AM_ATTR_DESC','10','AM_PROV_AM_ATTR','ResourceEntity.displayNameMap','');
INSERT INTO LANGUAGE_MAPPING (ID,LANGUAGE_ID,REFERENCE_ID,REFERENCE_TYPE,TEXT_VALUE) VALUES ('ZHAUTH_LVL_GRP_ATTR_DN','10','AUTH_LVL_GRP_ATTR','ResourceEntity.displayNameMap','');
INSERT INTO LANGUAGE_MAPPING (ID,LANGUAGE_ID,REFERENCE_ID,REFERENCE_TYPE,TEXT_VALUE) VALUES ('ZHBATCH_TASK_EDIT_DESC','10','BATCH_TASK_EDIT','ResourceEntity.displayNameMap','');
INSERT INTO LANGUAGE_MAPPING (ID,LANGUAGE_ID,REFERENCE_ID,REFERENCE_TYPE,TEXT_VALUE) VALUES ('ZHBATCH_TASK_ROOT_DESC','10','BATCH_TASK_ROOT','ResourceEntity.displayNameMap','');
INSERT INTO LANGUAGE_MAPPING (ID,LANGUAGE_ID,REFERENCE_ID,REFERENCE_TYPE,TEXT_VALUE) VALUES ('ZHCONF_POLICY_PAGE_DIS','10','CONF_POLICY_PAGE','ResourceEntity.displayNameMap','IT');
INSERT INTO LANGUAGE_MAPPING (ID,LANGUAGE_ID,REFERENCE_ID,REFERENCE_TYPE,TEXT_VALUE) VALUES ('ZHCONTENT_PROV_NEW_DSC','10','CONTENT_PROV_NEW','ResourceEntity.displayNameMap','');
INSERT INTO LANGUAGE_MAPPING (ID,LANGUAGE_ID,REFERENCE_ID,REFERENCE_TYPE,TEXT_VALUE) VALUES ('ZHCUSTOM_FIELD_NEW_DSC','10','CUSTOM_FIELD_NEW','ResourceEntity.displayNameMap','');
INSERT INTO LANGUAGE_MAPPING (ID,LANGUAGE_ID,REFERENCE_ID,REFERENCE_TYPE,TEXT_VALUE) VALUES ('ZHEDIT_BATCH_TASK_DESC','10','EDIT_BATCH_TASK','ResourceEntity.displayNameMap','');
INSERT INTO LANGUAGE_MAPPING (ID,LANGUAGE_ID,REFERENCE_ID,REFERENCE_TYPE,TEXT_VALUE) VALUES ('ZHGROUP_EDIT_MENU_DESC','10','GROUP_EDIT_MENU','ResourceEntity.displayNameMap','');
INSERT INTO LANGUAGE_MAPPING (ID,LANGUAGE_ID,REFERENCE_ID,REFERENCE_TYPE,TEXT_VALUE) VALUES ('ZHGROUP_ROOT_MENU_DESC','10','GROUP_ROOT_MENU','ResourceEntity.displayNameMap','');
INSERT INTO LANGUAGE_MAPPING (ID,LANGUAGE_ID,REFERENCE_ID,REFERENCE_TYPE,TEXT_VALUE) VALUES ('ZHGRP_APROVER_ASSOC_DN','10','GRP_APROVER_ASSOC','ResourceEntity.displayNameMap','');
INSERT INTO LANGUAGE_MAPPING (ID,LANGUAGE_ID,REFERENCE_ID,REFERENCE_TYPE,TEXT_VALUE) VALUES ('ZHIDQUEST_MENU_DISPLAY','10','IDQUEST','ResourceEntity.displayNameMap','');
INSERT INTO LANGUAGE_MAPPING (ID,LANGUAGE_ID,REFERENCE_ID,REFERENCE_TYPE,TEXT_VALUE) VALUES ('ZHMETA_TYPE_ADMIN_DESC','10','META_TYPE_ADMIN','ResourceEntity.displayNameMap','');
INSERT INTO LANGUAGE_MAPPING (ID,LANGUAGE_ID,REFERENCE_ID,REFERENCE_TYPE,TEXT_VALUE) VALUES ('ZHNEWUSER_MENU_DISPLAY','10','NEWUSER','ResourceEntity.displayNameMap','');
INSERT INTO LANGUAGE_MAPPING (ID,LANGUAGE_ID,REFERENCE_ID,REFERENCE_TYPE,TEXT_VALUE) VALUES ('ZHNEW_POLICY_ATTR_DESC','10','NEW_POLICY_ATTR','ResourceEntity.displayNameMap','');
INSERT INTO LANGUAGE_MAPPING (ID,LANGUAGE_ID,REFERENCE_ID,REFERENCE_TYPE,TEXT_VALUE) VALUES ('ZHORG_APROVER_ASSOC_DN','10','ORG_APROVER_ASSOC','ResourceEntity.displayNameMap','');
INSERT INTO LANGUAGE_MAPPING (ID,LANGUAGE_ID,REFERENCE_ID,REFERENCE_TYPE,TEXT_VALUE) VALUES ('ZHORG_TYPE_SEARCH_DESC','10','ORG_TYPE_SEARCH','ResourceEntity.displayNameMap','');
INSERT INTO LANGUAGE_MAPPING (ID,LANGUAGE_ID,REFERENCE_ID,REFERENCE_TYPE,TEXT_VALUE) VALUES ('ZHPROFILE_MENU_DISPLAY','10','PROFILE','ResourceEntity.displayNameMap','');
INSERT INTO LANGUAGE_MAPPING (ID,LANGUAGE_ID,REFERENCE_ID,REFERENCE_TYPE,TEXT_VALUE) VALUES ('ZHRES_APROVER_ASSOC_DN','10','RES_APROVER_ASSOC','ResourceEntity.displayNameMap','');
INSERT INTO LANGUAGE_MAPPING (ID,LANGUAGE_ID,REFERENCE_ID,REFERENCE_TYPE,TEXT_VALUE) VALUES ('ZHSELFSERVICE_ROLES_DN','10','SELFSERVICE_ROLES','ResourceEntity.displayNameMap','');
INSERT INTO LANGUAGE_MAPPING (ID,LANGUAGE_ID,REFERENCE_ID,REFERENCE_TYPE,TEXT_VALUE) VALUES ('ZHSELFSERV_GRP_EDIT_DN','10','SELFSERV_GRP_EDIT','ResourceEntity.displayNameMap','');
INSERT INTO LANGUAGE_MAPPING (ID,LANGUAGE_ID,REFERENCE_ID,REFERENCE_TYPE,TEXT_VALUE) VALUES ('ZHSELFSERV_ROLE_NEW_DN','10','SELFSERV_ROLE_NEW','ResourceEntity.displayNameMap','');
INSERT INTO LANGUAGE_MAPPING (ID,LANGUAGE_ID,REFERENCE_ID,REFERENCE_TYPE,TEXT_VALUE) VALUES ('ZHSELFSRV_ROLE_EDIT_DN','10','SELFSRV_ROLE_EDIT','ResourceEntity.displayNameMap','');
INSERT INTO LANGUAGE_MAPPING (ID,LANGUAGE_ID,REFERENCE_ID,REFERENCE_TYPE,TEXT_VALUE) VALUES ('ZHSYNCUSER_REVIEW_DESC','10','SYNCUSER_REVIEW','ResourceEntity.displayNameMap','');
INSERT INTO LANGUAGE_MAPPING (ID,LANGUAGE_ID,REFERENCE_ID,REFERENCE_TYPE,TEXT_VALUE) VALUES ('ZHUSER_ATTRIBUTES_DESC','10','USER_ATTRIBUTES','ResourceEntity.displayNameMap','');
INSERT INTO LANGUAGE_MAPPING (ID,LANGUAGE_ID,REFERENCE_ID,REFERENCE_TYPE,TEXT_VALUE) VALUES ('ZHUSER_DELEGATION_DESC','10','USER_DELEGATION','ResourceEntity.displayNameMap','');
INSERT INTO LANGUAGE_MAPPING (ID,LANGUAGE_ID,REFERENCE_ID,REFERENCE_TYPE,TEXT_VALUE) VALUES ('ZHWEB_REPORT_ROOT_DESC','10','WEB_REPORT_ROOT','ResourceEntity.displayNameMap','');
INSERT INTO LANGUAGE_MAPPING (ID,LANGUAGE_ID,REFERENCE_ID,REFERENCE_TYPE,TEXT_VALUE) VALUES ('ZHATTRIBUTE_POLICY_DESC','10','ATTRIBUTE_POLICY','ResourceEntity.displayNameMap','');
INSERT INTO LANGUAGE_MAPPING (ID,LANGUAGE_ID,REFERENCE_ID,REFERENCE_TYPE,TEXT_VALUE) VALUES ('ZHCHNGPSWD_MENU_DISPLAY','10','CHNGPSWD','ResourceEntity.displayNameMap','');
INSERT INTO LANGUAGE_MAPPING (ID,LANGUAGE_ID,REFERENCE_ID,REFERENCE_TYPE,TEXT_VALUE) VALUES ('ZHLOCATION_MENU_DISPLAY','10','LOCATION','ResourceEntity.displayNameMap','');
INSERT INTO LANGUAGE_MAPPING (ID,LANGUAGE_ID,REFERENCE_ID,REFERENCE_TYPE,TEXT_VALUE) VALUES ('ZHMETADATA_MENU_DISPLAY','10','METADATA','ResourceEntity.displayNameMap','');
INSERT INTO LANGUAGE_MAPPING (ID,LANGUAGE_ID,REFERENCE_ID,REFERENCE_TYPE,TEXT_VALUE) VALUES ('ZHMETA_TYPE_SEARCH_DESC','10','META_TYPE_SEARCH','ResourceEntity.displayNameMap','');
INSERT INTO LANGUAGE_MAPPING (ID,LANGUAGE_ID,REFERENCE_ID,REFERENCE_TYPE,TEXT_VALUE) VALUES ('ZHPAGE_TEMPLATE_NEW_DSC','10','PAGE_TEMPLATE_NEW','ResourceEntity.displayNameMap','');
INSERT INTO LANGUAGE_MAPPING (ID,LANGUAGE_ID,REFERENCE_ID,REFERENCE_TYPE,TEXT_VALUE) VALUES ('ZHPOLICY_ATTR_ROOT_DESC','10','POLICY_ATTR_ROOT','ResourceEntity.displayNameMap','');
INSERT INTO LANGUAGE_MAPPING (ID,LANGUAGE_ID,REFERENCE_ID,REFERENCE_TYPE,TEXT_VALUE) VALUES ('ZHPOLICY_ROOT_MENU_DESC','10','PASSWORD_POLICY_ROOT_MENU','ResourceEntity.displayNameMap','');
INSERT INTO LANGUAGE_MAPPING (ID,LANGUAGE_ID,REFERENCE_ID,REFERENCE_TYPE,TEXT_VALUE) VALUES ('ZHREQINBOX_MENU_DISPLAY','10','REQINBOX','ResourceEntity.displayNameMap','');
INSERT INTO LANGUAGE_MAPPING (ID,LANGUAGE_ID,REFERENCE_ID,REFERENCE_TYPE,TEXT_VALUE) VALUES ('ZHREQUEST_APPROVAL_DESC','10','REQUEST_APPROVAL','ResourceEntity.displayNameMap','');
INSERT INTO LANGUAGE_MAPPING (ID,LANGUAGE_ID,REFERENCE_ID,REFERENCE_TYPE,TEXT_VALUE) VALUES ('ZHROLE_APROVER_ASSOC_DN','10','ROLE_APROVER_ASSOC','ResourceEntity.displayNameMap','');
INSERT INTO LANGUAGE_MAPPING (ID,LANGUAGE_ID,REFERENCE_ID,REFERENCE_TYPE,TEXT_VALUE) VALUES ('ZHSEARCH_BATCH_NEW_DESC','10','SEARCH_BATCH_NEW','ResourceEntity.displayNameMap','');
INSERT INTO LANGUAGE_MAPPING (ID,LANGUAGE_ID,REFERENCE_ID,REFERENCE_TYPE,TEXT_VALUE) VALUES ('ZHSELFSERVICE_GROUPS_DN','10','SELFSERVICE_GROUPS','ResourceEntity.displayNameMap','');
INSERT INTO LANGUAGE_MAPPING (ID,LANGUAGE_ID,REFERENCE_ID,REFERENCE_TYPE,TEXT_VALUE) VALUES ('ZHSS_ACCESS_REVIEW_DESC','10','SELFSERV_ACCESS_REVIEW','ResourceEntity.displayNameMap','');
INSERT INTO LANGUAGE_MAPPING (ID,LANGUAGE_ID,REFERENCE_ID,REFERENCE_TYPE,TEXT_VALUE) VALUES ('ZHSS_ORG_BACK_SEARCH_DN','10','SS_ORG_BACK_SEARCH','ResourceEntity.displayNameMap','');
INSERT INTO LANGUAGE_MAPPING (ID,LANGUAGE_ID,REFERENCE_ID,REFERENCE_TYPE,TEXT_VALUE) VALUES ('ZHSYNCUSER_MENU_DISPLAY','10','SYNCUSER','ResourceEntity.displayNameMap','');
INSERT INTO LANGUAGE_MAPPING (ID,LANGUAGE_ID,REFERENCE_ID,REFERENCE_TYPE,TEXT_VALUE) VALUES ('ZHUI_THEME_BACK_SRCH_DN','10','UI_THEME_BACK_SRCH','ResourceEntity.displayNameMap','');
INSERT INTO LANGUAGE_MAPPING (ID,LANGUAGE_ID,REFERENCE_ID,REFERENCE_TYPE,TEXT_VALUE) VALUES ('ZHUI_THEME_ROOT_SRCH_DN','10','UI_THEME_ROOT_SRCH','ResourceEntity.displayNameMap','');
INSERT INTO LANGUAGE_MAPPING (ID,LANGUAGE_ID,REFERENCE_ID,REFERENCE_TYPE,TEXT_VALUE) VALUES ('ZHURI_PATTERN_EDIT_DESC','10','URI_PATTERN_EDIT','ResourceEntity.displayNameMap','URI');
INSERT INTO LANGUAGE_MAPPING (ID,LANGUAGE_ID,REFERENCE_ID,REFERENCE_TYPE,TEXT_VALUE) VALUES ('ZHADMIN_BATCH_TASKS_DESC','10','ADMIN_BATCH_TASKS','ResourceEntity.displayNameMap','');
INSERT INTO LANGUAGE_MAPPING (ID,LANGUAGE_ID,REFERENCE_ID,REFERENCE_TYPE,TEXT_VALUE) VALUES ('ZHAUDIT_RPT_MENU_DISPLAY','10','AUDIT_RPT','ResourceEntity.displayNameMap','');
INSERT INTO LANGUAGE_MAPPING (ID,LANGUAGE_ID,REFERENCE_ID,REFERENCE_TYPE,TEXT_VALUE) VALUES ('ZHCHALLENGE_MENU_DISPLAY','10','CHALLENGE','ResourceEntity.displayNameMap','');
INSERT INTO LANGUAGE_MAPPING (ID,LANGUAGE_ID,REFERENCE_ID,REFERENCE_TYPE,TEXT_VALUE) VALUES ('ZHCONTENT_PROV_EDIT_DESC','10','CONTENT_PROV_EDIT','ResourceEntity.displayNameMap','');
INSERT INTO LANGUAGE_MAPPING (ID,LANGUAGE_ID,REFERENCE_ID,REFERENCE_TYPE,TEXT_VALUE) VALUES ('ZHCONTENT_PROV_ROOT_DESC','10','CONTENT_PROV_ROOT','ResourceEntity.displayNameMap','');
INSERT INTO LANGUAGE_MAPPING (ID,LANGUAGE_ID,REFERENCE_ID,REFERENCE_TYPE,TEXT_VALUE) VALUES ('ZHCREATEREQ_MENU_DISPLAY','10','CREATEREQ','ResourceEntity.displayNameMap','');
INSERT INTO LANGUAGE_MAPPING (ID,LANGUAGE_ID,REFERENCE_ID,REFERENCE_TYPE,TEXT_VALUE) VALUES ('ZHCUSTOM_FIELD_EDIT_DESC','10','CUSTOM_FIELD_EDIT','ResourceEntity.displayNameMap','');
INSERT INTO LANGUAGE_MAPPING (ID,LANGUAGE_ID,REFERENCE_ID,REFERENCE_TYPE,TEXT_VALUE) VALUES ('ZHCUSTOM_FIELD_ROOT_DESC','10','CUSTOM_FIELD_ROOT','ResourceEntity.displayNameMap','');
INSERT INTO LANGUAGE_MAPPING (ID,LANGUAGE_ID,REFERENCE_ID,REFERENCE_TYPE,TEXT_VALUE) VALUES ('ZHDIRECTORY_MENU_DISPLAY','10','DIRECTORY','ResourceEntity.displayNameMap','');
INSERT INTO LANGUAGE_MAPPING (ID,LANGUAGE_ID,REFERENCE_ID,REFERENCE_TYPE,TEXT_VALUE) VALUES ('ZHMANAGEREQ_MENU_DISPLAY','10','MANAGEREQ','ResourceEntity.displayNameMap','');
INSERT INTO LANGUAGE_MAPPING (ID,LANGUAGE_ID,REFERENCE_ID,REFERENCE_TYPE,TEXT_VALUE) VALUES ('ZHROLE_ENTITLEMENTS_DESC','10','ROLE_ENTITLEMENTS','ResourceEntity.displayNameMap','');
INSERT INTO LANGUAGE_MAPPING (ID,LANGUAGE_ID,REFERENCE_ID,REFERENCE_TYPE,TEXT_VALUE) VALUES ('ZHSEARCH_BATCH_EDIT_DESC','10','SEARCH_BATCH_EDIT','ResourceEntity.displayNameMap','');
INSERT INTO LANGUAGE_MAPPING (ID,LANGUAGE_ID,REFERENCE_ID,REFERENCE_TYPE,TEXT_VALUE) VALUES ('ZHSELFSERVE_SUP_SUB_DESC','10','SELFSERVE_SUP_SUB','ResourceEntity.displayNameMap','');
INSERT INTO LANGUAGE_MAPPING (ID,LANGUAGE_ID,REFERENCE_ID,REFERENCE_TYPE,TEXT_VALUE) VALUES ('ZHSELF_SUB_ORGS_NEW_DESC','10','SELF_SUB_ORGS_NEW','ResourceEntity.displayNameMap','');
INSERT INTO LANGUAGE_MAPPING (ID,LANGUAGE_ID,REFERENCE_ID,REFERENCE_TYPE,TEXT_VALUE) VALUES ('ZHUSER_BULK_MENU_DISPLAY','10','USER_BULK','ResourceEntity.displayNameMap','');
INSERT INTO LANGUAGE_MAPPING (ID,LANGUAGE_ID,REFERENCE_ID,REFERENCE_TYPE,TEXT_VALUE) VALUES ('ZHUSER_ENTITLEMENTS_DESC','10','USER_ENTITLEMENTS','ResourceEntity.displayNameMap','');
INSERT INTO LANGUAGE_MAPPING (ID,LANGUAGE_ID,REFERENCE_ID,REFERENCE_TYPE,TEXT_VALUE) VALUES ('ZHBATCH_PROC_MENU_DISPLAY','10','BATCH_PROC','ResourceEntity.displayNameMap','');
INSERT INTO LANGUAGE_MAPPING (ID,LANGUAGE_ID,REFERENCE_ID,REFERENCE_TYPE,TEXT_VALUE) VALUES ('ZHGROUP_ENTITLEMENTS_DESC','10','GROUP_ENTITLEMENTS','ResourceEntity.displayNameMap','');
INSERT INTO LANGUAGE_MAPPING (ID,LANGUAGE_ID,REFERENCE_ID,REFERENCE_TYPE,TEXT_VALUE) VALUES ('ZHPAGE_TEMPLATE_EDIT_DESC','10','PAGE_TEMPLATE_EDIT','ResourceEntity.displayNameMap','');
INSERT INTO LANGUAGE_MAPPING (ID,LANGUAGE_ID,REFERENCE_ID,REFERENCE_TYPE,TEXT_VALUE) VALUES ('ZHPAGE_TEMPLATE_ROOT_DESC','10','PAGE_TEMPLATE_ROOT','ResourceEntity.displayNameMap','');
INSERT INTO LANGUAGE_MAPPING (ID,LANGUAGE_ID,REFERENCE_ID,REFERENCE_TYPE,TEXT_VALUE) VALUES ('ZHRESSUMMARY_MENU_DISPLAY','10','RESSUMMARY','ResourceEntity.displayNameMap','');
INSERT INTO LANGUAGE_MAPPING (ID,LANGUAGE_ID,REFERENCE_ID,REFERENCE_TYPE,TEXT_VALUE) VALUES ('ZHSELFCENTER_MENU_DISPLAY','10','SELFCENTER','ResourceEntity.displayNameMap','');
INSERT INTO LANGUAGE_MAPPING (ID,LANGUAGE_ID,REFERENCE_ID,REFERENCE_TYPE,TEXT_VALUE) VALUES ('ZHSELFSERVICE_MYAPPS_DESC','10','SELFSERVICE_MYAPPS','ResourceEntity.displayNameMap','');
INSERT INTO LANGUAGE_MAPPING (ID,LANGUAGE_ID,REFERENCE_ID,REFERENCE_TYPE,TEXT_VALUE) VALUES ('ZHSELFSERVICE_MYINFO_DESC','10','SELFSERVICE_MYINFO','ResourceEntity.displayNameMap','');
INSERT INTO LANGUAGE_MAPPING (ID,LANGUAGE_ID,REFERENCE_ID,REFERENCE_TYPE,TEXT_VALUE) VALUES ('ZHSELFSERVICE_REPORT_DESC','10','SELFSERVICE_REPORT','ResourceEntity.displayNameMap','');
INSERT INTO LANGUAGE_MAPPING (ID,LANGUAGE_ID,REFERENCE_ID,REFERENCE_TYPE,TEXT_VALUE) VALUES ('ZHSELFSERV_USER_EDIT_DESC','10','SELFSERV_USER_EDIT','ResourceEntity.displayNameMap','');
INSERT INTO LANGUAGE_MAPPING (ID,LANGUAGE_ID,REFERENCE_ID,REFERENCE_TYPE,TEXT_VALUE) VALUES ('ZHSELFSER_USER_LOGIN_DESC','10','SELFSER_USER_LOGIN','ResourceEntity.displayNameMap','');
INSERT INTO LANGUAGE_MAPPING (ID,LANGUAGE_ID,REFERENCE_ID,REFERENCE_TYPE,TEXT_VALUE) VALUES ('ZHSELF_REPORT_VIEWER_DESC','10','SELF_REPORT_VIEWER','ResourceEntity.displayNameMap','');
INSERT INTO LANGUAGE_MAPPING (ID,LANGUAGE_ID,REFERENCE_ID,REFERENCE_TYPE,TEXT_VALUE) VALUES ('ZHSELF_SUB_ORGS_EDIT_DESC','10','SELF_SUB_ORGS_EDIT','ResourceEntity.displayNameMap','');
INSERT INTO LANGUAGE_MAPPING (ID,LANGUAGE_ID,REFERENCE_ID,REFERENCE_TYPE,TEXT_VALUE) VALUES ('ZHSELF_SUB_REPORT_NEW_DSC','10','SELF_SUB_REPORT_NEW','ResourceEntity.displayNameMap','');
INSERT INTO LANGUAGE_MAPPING (ID,LANGUAGE_ID,REFERENCE_ID,REFERENCE_TYPE,TEXT_VALUE) VALUES ('ZHSYNCUSER_POLICYMAP_DESC','10','SYNCUSER_POLICYMAP','ResourceEntity.displayNameMap','');
INSERT INTO LANGUAGE_MAPPING (ID,LANGUAGE_ID,REFERENCE_ID,REFERENCE_TYPE,TEXT_VALUE) VALUES ('ZHUI_THEME_EDIT_MODIFY_DN','10','UI_THEME_EDIT_MODIFY','ResourceEntity.displayNameMap','');
INSERT INTO LANGUAGE_MAPPING (ID,LANGUAGE_ID,REFERENCE_ID,REFERENCE_TYPE,TEXT_VALUE) VALUES ('ZHACC_CONTROL_MENU_DISPLAY','10','ACC_CONTROL','ResourceEntity.displayNameMap','');
INSERT INTO LANGUAGE_MAPPING (ID,LANGUAGE_ID,REFERENCE_ID,REFERENCE_TYPE,TEXT_VALUE) VALUES ('ZHAM_PROV_EDIT_SEARCH_DESC','10','AM_PROV_EDIT_SEARCH','ResourceEntity.displayNameMap','');
INSERT INTO LANGUAGE_MAPPING (ID,LANGUAGE_ID,REFERENCE_ID,REFERENCE_TYPE,TEXT_VALUE) VALUES ('ZHAUDITREPORT_MENU_DISPLAY','10','AUDITREPORT','ResourceEntity.displayNameMap','');
INSERT INTO LANGUAGE_MAPPING (ID,LANGUAGE_ID,REFERENCE_ID,REFERENCE_TYPE,TEXT_VALUE) VALUES ('ZHAUTH_LVL_GRP_NEW_ROOT_DN','10','AUTH_LVL_GRP_NEW_ROOT','ResourceEntity.displayNameMap','');
INSERT INTO LANGUAGE_MAPPING (ID,LANGUAGE_ID,REFERENCE_ID,REFERENCE_TYPE,TEXT_VALUE) VALUES ('ZHCONTENT_PROV_SEARCH_DESC','10','CONTENT_PROV_SEARCH','ResourceEntity.displayNameMap','');
INSERT INTO LANGUAGE_MAPPING (ID,LANGUAGE_ID,REFERENCE_ID,REFERENCE_TYPE,TEXT_VALUE) VALUES ('ZHCUSTOM_FIELD_SEARCH_DESC','10','CUSTOM_FIELD_SEARCH','ResourceEntity.displayNameMap','');
INSERT INTO LANGUAGE_MAPPING (ID,LANGUAGE_ID,REFERENCE_ID,REFERENCE_TYPE,TEXT_VALUE) VALUES ('ZHDELG_FILTER_MENU_DISPLAY','10','DELG_FILTER','ResourceEntity.displayNameMap','');
INSERT INTO LANGUAGE_MAPPING (ID,LANGUAGE_ID,REFERENCE_ID,REFERENCE_TYPE,TEXT_VALUE) VALUES ('ZHEDIT_ORG_MEMBERSHIP_DESC','10','EDIT_ORG_MEMBERSHIP','ResourceEntity.displayNameMap','');
INSERT INTO LANGUAGE_MAPPING (ID,LANGUAGE_ID,REFERENCE_ID,REFERENCE_TYPE,TEXT_VALUE) VALUES ('ZHEDIT_ORG_TYPE_IDMAN_DESC','10','EDIT_ORG_TYPE_IDMAN','ResourceEntity.displayNameMap','');
INSERT INTO LANGUAGE_MAPPING (ID,LANGUAGE_ID,REFERENCE_ID,REFERENCE_TYPE,TEXT_VALUE) VALUES ('ZHIMPERSIONATION_MENU_DESC','10','IMPERSIONATION_MENU','ResourceEntity.displayNameMap','');
INSERT INTO LANGUAGE_MAPPING (ID,LANGUAGE_ID,REFERENCE_ID,REFERENCE_TYPE,TEXT_VALUE) VALUES ('ZHNEW_PASSWORD_POLICY_DESC','10','NEW_PASSWORD_POLICY','ResourceEntity.displayNameMap','');
INSERT INTO LANGUAGE_MAPPING (ID,LANGUAGE_ID,REFERENCE_ID,REFERENCE_TYPE,TEXT_VALUE) VALUES ('ZHPROVCONNECT_MENU_DISPLAY','10','PROVCONNECT','ResourceEntity.displayNameMap','');
INSERT INTO LANGUAGE_MAPPING (ID,LANGUAGE_ID,REFERENCE_ID,REFERENCE_TYPE,TEXT_VALUE) VALUES ('ZHSELFSERVICE_MENU_DISPLAY','10','SELFSERVICE','ResourceEntity.displayNameMap','');
INSERT INTO LANGUAGE_MAPPING (ID,LANGUAGE_ID,REFERENCE_ID,REFERENCE_TYPE,TEXT_VALUE) VALUES ('ZHSELFSERVICE_RESOURCES_DN','10','SELFSERVICE_RESOURCES','ResourceEntity.displayNameMap','');
INSERT INTO LANGUAGE_MAPPING (ID,LANGUAGE_ID,REFERENCE_ID,REFERENCE_TYPE,TEXT_VALUE) VALUES ('ZHSELFSERV_USER_MEMSHP_DES','10','SELFSERV_USER_MEMSHP','ResourceEntity.displayNameMap','');
INSERT INTO LANGUAGE_MAPPING (ID,LANGUAGE_ID,REFERENCE_ID,REFERENCE_TYPE,TEXT_VALUE) VALUES ('ZHSELFSRV_RES_BACK_SRCH_DN','10','SELFSRV_RES_BACK_SRCH','ResourceEntity.displayNameMap','');
INSERT INTO LANGUAGE_MAPPING (ID,LANGUAGE_ID,REFERENCE_ID,REFERENCE_TYPE,TEXT_VALUE) VALUES ('ZHSELFSRV_RES_SRCH_ROOT_DN','10','SELFSRV_RES_SRCH_ROOT','ResourceEntity.displayNameMap','');
INSERT INTO LANGUAGE_MAPPING (ID,LANGUAGE_ID,REFERENCE_ID,REFERENCE_TYPE,TEXT_VALUE) VALUES ('ZHSELF_VIEW_REPORT_NEW_DSC','10','SELF_VIEW_REPORT_NEW','ResourceEntity.displayNameMap','');
INSERT INTO LANGUAGE_MAPPING (ID,LANGUAGE_ID,REFERENCE_ID,REFERENCE_TYPE,TEXT_VALUE) VALUES ('ZHUSER_RESET_PASSWORD_DESC','10','USER_RESET_PASSWORD','ResourceEntity.displayNameMap','');
INSERT INTO LANGUAGE_MAPPING (ID,LANGUAGE_ID,REFERENCE_ID,REFERENCE_TYPE,TEXT_VALUE) VALUES ('ZHACCESSCENTER_MENU_DISPLAY','10','ACCESSCENTER','ResourceEntity.displayNameMap','');
INSERT INTO LANGUAGE_MAPPING (ID,LANGUAGE_ID,REFERENCE_ID,REFERENCE_TYPE,TEXT_VALUE) VALUES ('ZHAM_PROV_EDIT_CURRENT_DESC','10','AM_PROV_EDIT_CURRENT','ResourceEntity.displayNameMap','');
INSERT INTO LANGUAGE_MAPPING (ID,LANGUAGE_ID,REFERENCE_ID,REFERENCE_TYPE,TEXT_VALUE) VALUES ('ZHAM_PROV_NEW_EDIT_PUB_DESC','10','AM_PROV_NEW_EDIT','ResourceEntity.displayNameMap','');
INSERT INTO LANGUAGE_MAPPING (ID,LANGUAGE_ID,REFERENCE_ID,REFERENCE_TYPE,TEXT_VALUE) VALUES ('ZHAUTH_LVL_GRP_EDIT_ROOT_DN','10','AUTH_LVL_GRP_EDIT_ROOT','ResourceEntity.displayNameMap','');
INSERT INTO LANGUAGE_MAPPING (ID,LANGUAGE_ID,REFERENCE_ID,REFERENCE_TYPE,TEXT_VALUE) VALUES ('ZHORGANIZATION_EDIT_ID_DESC','10','ORGANIZATION_EDIT_ID','ResourceEntity.displayNameMap','');
INSERT INTO LANGUAGE_MAPPING (ID,LANGUAGE_ID,REFERENCE_ID,REFERENCE_TYPE,TEXT_VALUE) VALUES ('ZHORGANIZATION_ROOT_ID_DESC','10','ORGANIZATION_ROOT_ID','ResourceEntity.displayNameMap','');
INSERT INTO LANGUAGE_MAPPING (ID,LANGUAGE_ID,REFERENCE_ID,REFERENCE_TYPE,TEXT_VALUE) VALUES ('ZHORG_TYPE_EDIT_SEARCH_DESC','10','ORG_TYPE_EDIT_SEARCH','ResourceEntity.displayNameMap','');
INSERT INTO LANGUAGE_MAPPING (ID,LANGUAGE_ID,REFERENCE_ID,REFERENCE_TYPE,TEXT_VALUE) VALUES ('ZHPAGE_TEMPLATE_SEARCH_DESC','10','PAGE_TEMPLATE_SEARCH','ResourceEntity.displayNameMap','');
INSERT INTO LANGUAGE_MAPPING (ID,LANGUAGE_ID,REFERENCE_ID,REFERENCE_TYPE,TEXT_VALUE) VALUES ('ZHPASSWORD_POLICY_EDIT_DESC','10','PASSWORD_POLICY_EDIT','ResourceEntity.displayNameMap','');
INSERT INTO LANGUAGE_MAPPING (ID,LANGUAGE_ID,REFERENCE_ID,REFERENCE_TYPE,TEXT_VALUE) VALUES ('ZHPROVISIONING_MENU_DISPLAY','10','PROVISIONING','ResourceEntity.displayNameMap','');
INSERT INTO LANGUAGE_MAPPING (ID,LANGUAGE_ID,REFERENCE_ID,REFERENCE_TYPE,TEXT_VALUE) VALUES ('ZHRESPOLICYMAP_MENU_DISPLAY','10','RESPOLICYMAP','ResourceEntity.displayNameMap','');
INSERT INTO LANGUAGE_MAPPING (ID,LANGUAGE_ID,REFERENCE_ID,REFERENCE_TYPE,TEXT_VALUE) VALUES ('ZHRESRECONCILE_MENU_DISPLAY','10','RESRECONCILE','ResourceEntity.displayNameMap','');
INSERT INTO LANGUAGE_MAPPING (ID,LANGUAGE_ID,REFERENCE_ID,REFERENCE_TYPE,TEXT_VALUE) VALUES ('ZHSECURITY_RES_MENU_DISPLAY','10','SECURITY_RES','ResourceEntity.displayNameMap','');
INSERT INTO LANGUAGE_MAPPING (ID,LANGUAGE_ID,REFERENCE_ID,REFERENCE_TYPE,TEXT_VALUE) VALUES ('ZHSELFSERV_GRP_BACK_SRCH_DN','10','SELFSERV_GRP_BACK_SRCH','ResourceEntity.displayNameMap','');
INSERT INTO LANGUAGE_MAPPING (ID,LANGUAGE_ID,REFERENCE_ID,REFERENCE_TYPE,TEXT_VALUE) VALUES ('ZHSELFSRV_ROLE_BACK_SRCH_DN','10','SELFSRV_ROLE_BACK_SRCH','ResourceEntity.displayNameMap','');
INSERT INTO LANGUAGE_MAPPING (ID,LANGUAGE_ID,REFERENCE_ID,REFERENCE_TYPE,TEXT_VALUE) VALUES ('ZHSELFSRV_ROLE_SRCH_ROOT_DN','10','SELFSRV_ROLE_SRCH_ROOT','ResourceEntity.displayNameMap','');
INSERT INTO LANGUAGE_MAPPING (ID,LANGUAGE_ID,REFERENCE_ID,REFERENCE_TYPE,TEXT_VALUE) VALUES ('ZHSELF_SUB_ORGS_SEARCH_DESC','10','SELF_SUB_ORGS_SEARCH','ResourceEntity.displayNameMap','');
INSERT INTO LANGUAGE_MAPPING (ID,LANGUAGE_ID,REFERENCE_ID,REFERENCE_TYPE,TEXT_VALUE) VALUES ('ZHSELF_SUB_REPORT_ROOT_DESC','10','SELF_SUB_REPORT_ROOT','ResourceEntity.displayNameMap','');
INSERT INTO LANGUAGE_MAPPING (ID,LANGUAGE_ID,REFERENCE_ID,REFERENCE_TYPE,TEXT_VALUE) VALUES ('ZHAUTH_POLICY_ROOT_MENU_DESC','10','AUTHENTICATION_POLICY_ROOT_MENU','ResourceEntity.displayNameMap','');
INSERT INTO LANGUAGE_MAPPING (ID,LANGUAGE_ID,REFERENCE_ID,REFERENCE_TYPE,TEXT_VALUE) VALUES ('ZHCONTENT_PROV_NEW_EDIT_DESC','10','CONTENT_PROV_NEW_EDIT','ResourceEntity.displayNameMap','');
INSERT INTO LANGUAGE_MAPPING (ID,LANGUAGE_ID,REFERENCE_ID,REFERENCE_TYPE,TEXT_VALUE) VALUES ('ZHCUSTOM_FIELD_EDIT_NEW_DESC','10','CUSTOM_FIELD_EDIT_NEW','ResourceEntity.displayNameMap','');
INSERT INTO LANGUAGE_MAPPING (ID,LANGUAGE_ID,REFERENCE_ID,REFERENCE_TYPE,TEXT_VALUE) VALUES ('ZHMETA_TYPE_EDIT_RETURN_DESC','10','META_TYPE_EDIT_RETURN','ResourceEntity.displayNameMap','');
INSERT INTO LANGUAGE_MAPPING (ID,LANGUAGE_ID,REFERENCE_ID,REFERENCE_TYPE,TEXT_VALUE) VALUES ('ZHORG_TYPE_SUBMENU_EDIT_DESC','10','ORG_TYPE_SUBMENU_EDIT','ResourceEntity.displayNameMap','');
INSERT INTO LANGUAGE_MAPPING (ID,LANGUAGE_ID,REFERENCE_ID,REFERENCE_TYPE,TEXT_VALUE) VALUES ('ZHORG_TYPE_SUBMENU_ROOT_DESC','10','ORG_TYPE_SUBMENU_ROOT','ResourceEntity.displayNameMap','');
INSERT INTO LANGUAGE_MAPPING (ID,LANGUAGE_ID,REFERENCE_ID,REFERENCE_TYPE,TEXT_VALUE) VALUES ('ZHSECURITY_ROLE_MENU_DISPLAY','10','SECURITY_ROLE','ResourceEntity.displayNameMap','');
INSERT INTO LANGUAGE_MAPPING (ID,LANGUAGE_ID,REFERENCE_ID,REFERENCE_TYPE,TEXT_VALUE) VALUES ('ZHSELFSRV_GRP_EDIT_ROOT_DESC','10','SELFSRV_GRP_EDIT_ROOT','ResourceEntity.displayNameMap','');
INSERT INTO LANGUAGE_MAPPING (ID,LANGUAGE_ID,REFERENCE_ID,REFERENCE_TYPE,TEXT_VALUE) VALUES ('ZHSELFSRV_GRP_SRCH_ROOT_DESC','10','SELFSRV_GRP_SRCH_ROOT','ResourceEntity.displayNameMap','');
INSERT INTO LANGUAGE_MAPPING (ID,LANGUAGE_ID,REFERENCE_ID,REFERENCE_TYPE,TEXT_VALUE) VALUES ('ZHSELFSRV_RES_EDIT_ROOT_DESC','10','SELFSRV_RES_EDIT_ROOT','ResourceEntity.displayNameMap','');
INSERT INTO LANGUAGE_MAPPING (ID,LANGUAGE_ID,REFERENCE_ID,REFERENCE_TYPE,TEXT_VALUE) VALUES ('ZHSELF_VIEW_REPORT_ROOT_DESC','10','SELF_VIEW_REPORT_ROOT','ResourceEntity.displayNameMap','');
INSERT INTO LANGUAGE_MAPPING (ID,LANGUAGE_ID,REFERENCE_ID,REFERENCE_TYPE,TEXT_VALUE) VALUES ('ZHTEMPLATE_SEARCH_CHILD_DESC','10','TEMPLATE_SEARCH_CHILD','ResourceEntity.displayNameMap','');
INSERT INTO LANGUAGE_MAPPING (ID,LANGUAGE_ID,REFERENCE_ID,REFERENCE_TYPE,TEXT_VALUE) VALUES ('ZHBACK_TO_AUTH_LVL_GRP_SRH_DN','10','BACK_TO_AUTH_LVL_GRP_SRH','ResourceEntity.displayNameMap','');
INSERT INTO LANGUAGE_MAPPING (ID,LANGUAGE_ID,REFERENCE_ID,REFERENCE_TYPE,TEXT_VALUE) VALUES ('ZHPAGE_TEMPLATE_EDIT_NEW_DESC','10','PAGE_TEMPLATE_EDIT_NEW','ResourceEntity.displayNameMap','');
INSERT INTO LANGUAGE_MAPPING (ID,LANGUAGE_ID,REFERENCE_ID,REFERENCE_TYPE,TEXT_VALUE) VALUES ('ZHPOLICY_ATTR_EDIT_ROOTT_DESC','10','POLICY_ATTR_EDIT_ROOT','ResourceEntity.displayNameMap','');
INSERT INTO LANGUAGE_MAPPING (ID,LANGUAGE_ID,REFERENCE_ID,REFERENCE_TYPE,TEXT_VALUE) VALUES ('ZHRESOURCE_EDIT_PAGE_ROOT_DIS','10','RESOURCE_EDIT_PAGE_ROOT','ResourceEntity.displayNameMap','');
INSERT INTO LANGUAGE_MAPPING (ID,LANGUAGE_ID,REFERENCE_ID,REFERENCE_TYPE,TEXT_VALUE) VALUES ('ZHSECURITY_GROUP_MENU_DISPLAY','10','SECURITY_GROUP','ResourceEntity.displayNameMap','');
INSERT INTO LANGUAGE_MAPPING (ID,LANGUAGE_ID,REFERENCE_ID,REFERENCE_TYPE,TEXT_VALUE) VALUES ('ZHSELFSER_USER_NEW_LOGIN_DESC','10','SELFSER_USER_NEW_LOGIN','ResourceEntity.displayNameMap','');
INSERT INTO LANGUAGE_MAPPING (ID,LANGUAGE_ID,REFERENCE_ID,REFERENCE_TYPE,TEXT_VALUE) VALUES ('ZHSELFSRV_ROLE_EDIT_ROOT_DESC','10','SELFSRV_ROLE_EDIT_ROOT','ResourceEntity.displayNameMap','');
INSERT INTO LANGUAGE_MAPPING (ID,LANGUAGE_ID,REFERENCE_ID,REFERENCE_TYPE,TEXT_VALUE) VALUES ('ZHSELF_QUERYUSER_MENU_DISPLAY','10','SELF_QUERYUSER','ResourceEntity.displayNameMap','');
INSERT INTO LANGUAGE_MAPPING (ID,LANGUAGE_ID,REFERENCE_ID,REFERENCE_TYPE,TEXT_VALUE) VALUES ('ZHUSER_EDIT_CONTACT_INFO_DESC','10','USER_EDIT_CONTACT_INFO','ResourceEntity.displayNameMap','');
INSERT INTO LANGUAGE_MAPPING (ID,LANGUAGE_ID,REFERENCE_ID,REFERENCE_TYPE,TEXT_VALUE) VALUES ('ZHNEWUSER-NOAPPRV_MENU_DISPLAY','10','NEWUSER-NOAPPRV','ResourceEntity.displayNameMap','-');
INSERT INTO LANGUAGE_MAPPING (ID,LANGUAGE_ID,REFERENCE_ID,REFERENCE_TYPE,TEXT_VALUE) VALUES ('ZHSECURITY_POLICY_MENU_DISPLAY','10','SECURITY_POLICY','ResourceEntity.displayNameMap','');
INSERT INTO LANGUAGE_MAPPING (ID,LANGUAGE_ID,REFERENCE_ID,REFERENCE_TYPE,TEXT_VALUE) VALUES ('ZHUPLOAD_CUST_PSWD_POLICY_DESC','10','UPLOAD_CUST_PSWD_POLICY','ResourceEntity.displayNameMap','');
INSERT INTO LANGUAGE_MAPPING (ID,LANGUAGE_ID,REFERENCE_ID,REFERENCE_TYPE,TEXT_VALUE) VALUES ('ZHAM_PROV_SEARCH_CHILD_PUB_DESC','10','AM_PROV_SEARCH_CHILD','ResourceEntity.displayNameMap','');
INSERT INTO LANGUAGE_MAPPING (ID,LANGUAGE_ID,REFERENCE_ID,REFERENCE_TYPE,TEXT_VALUE) VALUES ('ZHCONTENT_PROV_EDIT_SEARCH_DESC','10','CONTENT_PROV_EDIT_SEARCH','ResourceEntity.displayNameMap','');
INSERT INTO LANGUAGE_MAPPING (ID,LANGUAGE_ID,REFERENCE_ID,REFERENCE_TYPE,TEXT_VALUE) VALUES ('ZHCUSTOM_FIELD_EDIT_SEARCH_DESC','10','CUSTOM_FIELD_EDIT_SEARCH','ResourceEntity.displayNameMap','');
INSERT INTO LANGUAGE_MAPPING (ID,LANGUAGE_ID,REFERENCE_ID,REFERENCE_TYPE,TEXT_VALUE) VALUES ('ZHURI_PATTERN_EDIT_PATTERN_DESC','10','URI_PATTERN_EDIT_PATTERN','ResourceEntity.displayNameMap','URI');
INSERT INTO LANGUAGE_MAPPING (ID,LANGUAGE_ID,REFERENCE_ID,REFERENCE_TYPE,TEXT_VALUE) VALUES ('ZHURI_PATTERN_EDNW_PATTERN_DESC','10','URI_PATTERN_EDIT_NEW_PATTERN','ResourceEntity.displayNameMap','URI');
INSERT INTO LANGUAGE_MAPPING (ID,LANGUAGE_ID,REFERENCE_ID,REFERENCE_TYPE,TEXT_VALUE) VALUES ('ZHCHAL_RESP_QUEST_ROOT_DESC','10','CHALLENGE_RESPONSE_QUESTION_ROOT','ResourceEntity.displayNameMap','');
INSERT INTO LANGUAGE_MAPPING (ID,LANGUAGE_ID,REFERENCE_ID,REFERENCE_TYPE,TEXT_VALUE) VALUES ('ZHCP_EDIT_CURRENT_DESC','10','CONTENT_PROV_EDIT_CURRENT','ResourceEntity.displayNameMap','');
INSERT INTO LANGUAGE_MAPPING (ID,LANGUAGE_ID,REFERENCE_ID,REFERENCE_TYPE,TEXT_VALUE) VALUES ('ZHCP_SEARCH_CHILD_DESC','10','CONTENT_PROV_SEARCH_CHILD','ResourceEntity.displayNameMap','');
INSERT INTO LANGUAGE_MAPPING (ID,LANGUAGE_ID,REFERENCE_ID,REFERENCE_TYPE,TEXT_VALUE) VALUES ('ZHCF_SEARCH_CHILD_DESC','10','CUSTOM_FIELD_SEARCH_CHILD','ResourceEntity.displayNameMap','');
INSERT INTO LANGUAGE_MAPPING (ID,LANGUAGE_ID,REFERENCE_ID,REFERENCE_TYPE,TEXT_VALUE) VALUES ('ZHEDT_POL_ATTR_SRCH_BCK_DESC','10','EDIT_POLICY_ATTR_SRCH_BCK','ResourceEntity.displayNameMap','');
INSERT INTO LANGUAGE_MAPPING (ID,LANGUAGE_ID,REFERENCE_ID,REFERENCE_TYPE,TEXT_VALUE) VALUES ('ZHNEW_AUTH_POLICY_DESC','10','NEW_AUTHENTICATION_POLICY','ResourceEntity.displayNameMap','');
INSERT INTO LANGUAGE_MAPPING (ID,LANGUAGE_ID,REFERENCE_ID,REFERENCE_TYPE,TEXT_VALUE) VALUES ('ZHPT_EDIT_SEARCH_DESC','10','PAGE_TEMPLATE_EDIT_SEARCH','ResourceEntity.displayNameMap','');
INSERT INTO LANGUAGE_MAPPING (ID,LANGUAGE_ID,REFERENCE_ID,REFERENCE_TYPE,TEXT_VALUE) VALUES ('ZHAUTH_POLICY_MENU_DESC','10','AUTHENTICATION_POLICY','ResourceEntity.displayNameMap','');
INSERT INTO LANGUAGE_MAPPING (ID,LANGUAGE_ID,REFERENCE_ID,REFERENCE_TYPE,TEXT_VALUE) VALUES ('ZHCHAL_RESP_QUESTION_NEW_DSC','10','CHALLENGE_RESPONSE_QUESTION_NEW','ResourceEntity.displayNameMap','');
INSERT INTO LANGUAGE_MAPPING (ID,LANGUAGE_ID,REFERENCE_ID,REFERENCE_TYPE,TEXT_VALUE) VALUES ('ZHSS_ACCESS_MNGMNT_ORG_DESC','10','SELFSRVS_ACCESS_MNGMNT_ORG','ResourceEntity.displayNameMap','');
INSERT INTO LANGUAGE_MAPPING (ID,LANGUAGE_ID,REFERENCE_ID,REFERENCE_TYPE,TEXT_VALUE) VALUES ('ZHCHAL_RESPONSE_QUESTION_DESC','10','CHALLENGE_RESPONSE_QUESTION','ResourceEntity.displayNameMap','');
INSERT INTO LANGUAGE_MAPPING (ID,LANGUAGE_ID,REFERENCE_ID,REFERENCE_TYPE,TEXT_VALUE) VALUES ('ZHURI_PAT_EDT_PROV_SEARCH_DESC','10','URI_PATTERN_EDT_PROV_SEARCH','ResourceEntity.displayNameMap','');
INSERT INTO LANGUAGE_MAPPING (ID,LANGUAGE_ID,REFERENCE_ID,REFERENCE_TYPE,TEXT_VALUE) VALUES ('ZHREPORT','10','REPORT','ResourceTypeEntity.displayNameMap','');
INSERT INTO LANGUAGE_MAPPING (ID,LANGUAGE_ID,REFERENCE_ID,REFERENCE_TYPE,TEXT_VALUE) VALUES ('ZHAUTH_REPO','10','AUTH_REPO','ResourceTypeEntity.displayNameMap','');
INSERT INTO LANGUAGE_MAPPING (ID,LANGUAGE_ID,REFERENCE_ID,REFERENCE_TYPE,TEXT_VALUE) VALUES ('ZHMENU_ITEM','10','MENU_ITEM','ResourceTypeEntity.displayNameMap','');
INSERT INTO LANGUAGE_MAPPING (ID,LANGUAGE_ID,REFERENCE_ID,REFERENCE_TYPE,TEXT_VALUE) VALUES ('ZHUI_WIDGET','10','UI_WIDGET','ResourceTypeEntity.displayNameMap','');
INSERT INTO LANGUAGE_MAPPING (ID,LANGUAGE_ID,REFERENCE_ID,REFERENCE_TYPE,TEXT_VALUE) VALUES ('ZHSYS_ACTION','10','SYS_ACTION','ResourceTypeEntity.displayNameMap','');
INSERT INTO LANGUAGE_MAPPING (ID,LANGUAGE_ID,REFERENCE_ID,REFERENCE_TYPE,TEXT_VALUE) VALUES ('ZHMANAGED_SYS','10','MANAGED_SYS','ResourceTypeEntity.displayNameMap','');
INSERT INTO LANGUAGE_MAPPING (ID,LANGUAGE_ID,REFERENCE_ID,REFERENCE_TYPE,TEXT_VALUE) VALUES ('ZHUI_TEMPLATE','10','UI_TEMPLATE','ResourceTypeEntity.displayNameMap','');
INSERT INTO LANGUAGE_MAPPING (ID,LANGUAGE_ID,REFERENCE_ID,REFERENCE_TYPE,TEXT_VALUE) VALUES ('ZHURL_PATTERN','10','URL_PATTERN','ResourceTypeEntity.displayNameMap','Url');
INSERT INTO LANGUAGE_MAPPING (ID,LANGUAGE_ID,REFERENCE_ID,REFERENCE_TYPE,TEXT_VALUE) VALUES ('ZHAUTH_PROVIDER','10','AUTH_PROVIDER','ResourceTypeEntity.displayNameMap','');
INSERT INTO LANGUAGE_MAPPING (ID,LANGUAGE_ID,REFERENCE_ID,REFERENCE_TYPE,TEXT_VALUE) VALUES ('ZHADMIN_RESOURCE','10','ADMIN_RESOURCE','ResourceTypeEntity.displayNameMap','');
INSERT INTO LANGUAGE_MAPPING (ID,LANGUAGE_ID,REFERENCE_ID,REFERENCE_TYPE,TEXT_VALUE) VALUES ('ZHCONTENT_PROVIDER','10','CONTENT_PROVIDER','ResourceTypeEntity.displayNameMap','');

INSERT INTO LANGUAGE_MAPPING (ID,LANGUAGE_ID,REFERENCE_ID,REFERENCE_TYPE,TEXT_VALUE) VALUES ('LanguageEntity10','1','10','LanguageEntity.displayNameMap','Chinese');
INSERT INTO LANGUAGE_MAPPING (ID,LANGUAGE_ID,REFERENCE_ID,REFERENCE_TYPE,TEXT_VALUE) VALUES ('DELanguageEntity10','2','10','LanguageEntity.displayNameMap','Chinesisch');
INSERT INTO LANGUAGE_MAPPING (ID,LANGUAGE_ID,REFERENCE_ID,REFERENCE_TYPE,TEXT_VALUE) VALUES ('ESLanguageEntity10','4','10','LanguageEntity.displayNameMap','chino');
INSERT INTO LANGUAGE_MAPPING (ID,LANGUAGE_ID,REFERENCE_ID,REFERENCE_TYPE,TEXT_VALUE) VALUES ('RULanguageEntity10','8','10','LanguageEntity.displayNameMap','');
INSERT INTO LANGUAGE_MAPPING (ID,LANGUAGE_ID,REFERENCE_ID,REFERENCE_TYPE,TEXT_VALUE) VALUES ('JPLanguageEntity10','9','10','LanguageEntity.displayNameMap','');
INSERT INTO LANGUAGE_MAPPING (ID,LANGUAGE_ID,REFERENCE_ID,REFERENCE_TYPE,TEXT_VALUE) VALUES ('ZHLanguageEntity10','10','10','LanguageEntity.displayNameMap','');

delete from LANGUAGE_MAPPING where REFERENCE_ID in ('MULTI_SELECT','SELECT','TEXT');

INSERT INTO LANGUAGE_MAPPING (ID,LANGUAGE_ID,REFERENCE_ID,REFERENCE_TYPE,TEXT_VALUE) VALUES ('MetadataTypeEntityEngl','1','MULTI_SELECT','MetadataTypeEntity.displayNameMap','MultiSelect List');
INSERT INTO LANGUAGE_MAPPING (ID,LANGUAGE_ID,REFERENCE_ID,REFERENCE_TYPE,TEXT_VALUE) VALUES ('DEMetadataTypeEntity48','2','MULTI_SELECT','MetadataTypeEntity.displayNameMap','Mehrfachauswahl Liste');
INSERT INTO LANGUAGE_MAPPING (ID,LANGUAGE_ID,REFERENCE_ID,REFERENCE_TYPE,TEXT_VALUE) VALUES ('ESMetadataTypeEntity48','4','MULTI_SELECT','MetadataTypeEntity.displayNameMap','Lista MultiSeleccin');
Insert into LANGUAGE_MAPPING (ID,LANGUAGE_ID,REFERENCE_ID,REFERENCE_TYPE,TEXT_VALUE) values ('RUMetadataTypeEntity24','8','MULTI_SELECT','MetadataTypeEntity.displayNameMap',' ');
INSERT INTO LANGUAGE_MAPPING (ID,LANGUAGE_ID,REFERENCE_ID,REFERENCE_TYPE,TEXT_VALUE) VALUES ('JPMetadataTypeEntity46','9','MULTI_SELECT','MetadataTypeEntity.displayNameMap','');
INSERT INTO LANGUAGE_MAPPING (ID,LANGUAGE_ID,REFERENCE_ID,REFERENCE_TYPE,TEXT_VALUE) VALUES ('ZHMetadataTypeEntity46','10','MULTI_SELECT','MetadataTypeEntity.displayNameMap','');

INSERT INTO LANGUAGE_MAPPING (ID,LANGUAGE_ID,REFERENCE_ID,REFERENCE_TYPE,TEXT_VALUE) VALUES ('MetadataTypeEntitySelectEngl','1','SELECT','MetadataTypeEntity.displayNameMap','Combo box');
INSERT INTO LANGUAGE_MAPPING (ID,LANGUAGE_ID,REFERENCE_ID,REFERENCE_TYPE,TEXT_VALUE) VALUES ('DEMetadataTypeEntity70','2','SELECT','MetadataTypeEntity.displayNameMap','Combo box');
INSERT INTO LANGUAGE_MAPPING (ID,LANGUAGE_ID,REFERENCE_ID,REFERENCE_TYPE,TEXT_VALUE) VALUES ('ESMetadataTypeEntity70','4','SELECT','MetadataTypeEntity.displayNameMap','Combo box');
Insert into LANGUAGE_MAPPING (ID,LANGUAGE_ID,REFERENCE_ID,REFERENCE_TYPE,TEXT_VALUE) values ('RUMetadataTypeEntity31','8','SELECT','MetadataTypeEntity.displayNameMap','  ');
INSERT INTO LANGUAGE_MAPPING (ID,LANGUAGE_ID,REFERENCE_ID,REFERENCE_TYPE,TEXT_VALUE) VALUES ('JPMetadataTypeEntity66','9','SELECT','MetadataTypeEntity.displayNameMap','');
INSERT INTO LANGUAGE_MAPPING (ID,LANGUAGE_ID,REFERENCE_ID,REFERENCE_TYPE,TEXT_VALUE) VALUES ('ZHMetadataTypeEntity66','10','SELECT','MetadataTypeEntity.displayNameMap','');



INSERT INTO LANGUAGE_MAPPING (ID,LANGUAGE_ID,REFERENCE_ID,REFERENCE_TYPE,TEXT_VALUE) VALUES ('MetadataTypeEntityTextEngl','1','TEXT','MetadataTypeEntity.displayNameMap','Text Field');
INSERT INTO LANGUAGE_MAPPING (ID,LANGUAGE_ID,REFERENCE_ID,REFERENCE_TYPE,TEXT_VALUE) VALUES ('DEMetadataTypeEntity77','2','TEXT','MetadataTypeEntity.displayNameMap','Text Feld');
INSERT INTO LANGUAGE_MAPPING (ID,LANGUAGE_ID,REFERENCE_ID,REFERENCE_TYPE,TEXT_VALUE) VALUES ('ESMetadataTypeEntity77','4','TEXT','MetadataTypeEntity.displayNameMap','Campo Texto');
Insert into LANGUAGE_MAPPING (ID,LANGUAGE_ID,REFERENCE_ID,REFERENCE_TYPE,TEXT_VALUE) values ('RUMetadataTypeEntity35','8','TEXT','MetadataTypeEntity.displayNameMap',' ');
INSERT INTO LANGUAGE_MAPPING (ID,LANGUAGE_ID,REFERENCE_ID,REFERENCE_TYPE,TEXT_VALUE) VALUES ('JPMetadataTypeEntity73','9','TEXT','MetadataTypeEntity.displayNameMap','');
INSERT INTO LANGUAGE_MAPPING (ID,LANGUAGE_ID,REFERENCE_ID,REFERENCE_TYPE,TEXT_VALUE) VALUES ('ZHMetadataTypeEntity73','10','TEXT','MetadataTypeEntity.displayNameMap','');

UPDATE LANGUAGE_MAPPING SET TEXT_VALUE='Single select checkbox' WHERE REFERENCE_ID='CHECKBOX' AND REFERENCE_TYPE='MetadataTypeEntity.displayNameMap' AND LANGUAGE_ID='1';

DELETE FROM RESOURCE_GROUP WHERE RESOURCE_ID = 'ORG_IDENTITY';
DELETE FROM RESOURCE_USER WHERE RESOURCE_ID = 'ORG_IDENTITY';
DELETE FROM RESOURCE_ROLE WHERE RESOURCE_ID = 'ORG_IDENTITY';
DELETE FROM RESOURCE_PROP WHERE RESOURCE_ID = 'ORG_IDENTITY';
DELETE FROM res_to_res_membership WHERE MEMBER_RESOURCE_ID = 'ORG_IDENTITY';
DELETE FROM RES WHERE RESOURCE_ID = 'ORG_IDENTITY';
DELETE FROM LANGUAGE_MAPPING WHERE REFERENCE_ID='ORG_IDENTITY';


INSERT INTO RES (RESOURCE_ID, RESOURCE_TYPE_ID, NAME, DESCRIPTION, URL, DISPLAY_ORDER) VALUES('ORG_IDENTITY', 'MENU_ITEM', 'ORG_IDENTITY', 'Organization Identities','/webconsole/editOrgIdentity.html',10);
INSERT INTO RESOURCE_PROP (RESOURCE_PROP_ID, RESOURCE_ID, NAME, ATTR_VALUE) VALUES ('ORG_IDENTITY_PUB', 'ORG_IDENTITY', 'MENU_IS_PUBLIC', 'true');
INSERT INTO RESOURCE_PROP (RESOURCE_PROP_ID, RESOURCE_ID, NAME, ATTR_VALUE) VALUES ('ORG_IDENTITY_DESC', 'ORG_IDENTITY', 'MENU_DISPLAY_NAME', 'Identities');
INSERT INTO res_to_res_membership (RESOURCE_ID, MEMBER_RESOURCE_ID) VALUES('ORGANIZATION_EDIT_ID', 'ORG_IDENTITY');

INSERT INTO RESOURCE_ROLE (ROLE_ID, RESOURCE_ID) VALUES('9', 'ORG_IDENTITY');
INSERT INTO LANGUAGE_MAPPING(ID, LANGUAGE_ID, REFERENCE_TYPE, REFERENCE_ID, TEXT_VALUE) VALUES
  ('EN_ORG_IDENTITY_DESC', '1', 'ResourceEntity.displayNameMap', 'ORG_IDENTITY', 'Identities'),
  ('DE_ORG_IDENTITY_DESC', '2', 'ResourceEntity.displayNameMap', 'ORG_IDENTITY', 'Identities'),
  ('ES_ORG_IDENTITY_DESC', '4', 'ResourceEntity.displayNameMap', 'ORG_IDENTITY', 'Identities'),
  ('RU_ORG_IDENTITY_DESC', '8', 'ResourceEntity.displayNameMap', 'ORG_IDENTITY', 'Identities'),
  ('JP_ORG_IDENTITY_DESC', '9', 'ResourceEntity.displayNameMap', 'ORG_IDENTITY', 'Identities'),
  ('ZH_ORG_IDENTITY_DESC', '10', 'ResourceEntity.displayNameMap', 'ORG_IDENTITY', 'Identities');

-- UPDATE LANGUAGE_MAPPING SET TEXT_VALUE = 'Identities' WHERE ID = 'EN_ORG_IDENTITY_DESC';
-- UPDATE LANGUAGE_MAPPING SET TEXT_VALUE = 'Identities' WHERE ID = 'DE_ORG_IDENTITY_DESC';
-- UPDATE LANGUAGE_MAPPING SET TEXT_VALUE = 'Identities' WHERE ID = 'ES_ORG_IDENTITY_DESC';
-- UPDATE LANGUAGE_MAPPING SET TEXT_VALUE = 'Identities' WHERE ID = 'RU_ORG_IDENTITY_DESC';
-- UPDATE LANGUAGE_MAPPING SET TEXT_VALUE = 'Identities' WHERE ID = 'JP_ORG_IDENTITY_DESC';
-- UPDATE LANGUAGE_MAPPING SET TEXT_VALUE = 'Identities' WHERE ID = 'ZH_ORG_IDENTITY_DESC';


DECLARE @cnt INT;
SET @cnt = 0;
DECLARE @uifieldid NVARCHAR(32);
DECLARE @xrefid NVARCHAR(32);
DECLARE @name NVARCHAR(100);
DECLARE cur123 CURSOR FOR (SELECT a1.UI_FIELD_ID, a1.XREF_ID, a2.NAME FROM UI_FIELD_TEMPLATE_XREF a1 INNER JOIN UI_TEMPLATE_FIELDS a2 ON a1.UI_FIELD_ID=a2.UI_FIELD_ID);
OPEN cur123;		

FETCH NEXT FROM cur123 INTO @uifieldid, @xrefid, @name;
WHILE @@FETCH_STATUS = 0
BEGIN
	IF (@xrefid IS NOT NULL) 
	BEGIN
		IF NOT EXISTS (SELECT * FROM LANGUAGE_MAPPING WHERE LANGUAGE_ID='1' AND REFERENCE_ID=@xrefid) 
		BEGIN
			SET @cnt = @cnt + 1;
			INSERT INTO LANGUAGE_MAPPING (ID,LANGUAGE_ID,REFERENCE_ID,REFERENCE_TYPE,TEXT_VALUE) VALUES ({fn CONCAT('UI_FIELD_TEMPLATE_EN_',CAST(@cnt AS VARCHAR(10)))},'1',@xrefid,'MetadataFieldTemplateXrefEntity.languageMap', @name);
		END;
	END;
END;
CLOSE cur123;