use openiam;


DELETE FROM res_to_res_membership WHERE MEMBER_RESOURCE_ID IN ('ENT_USR_ROLE_BTN_ROOT', 'ROLES_ADD_BTN', 'ROLES_EDT_BTN', 'ROLES_DEL_BTN', 'ROLES_INFO_BTN', 'ROLES_PROV_BTN', 'ROLES_DEPROV_BTN');
DELETE FROM res_to_res_membership WHERE RESOURCE_ID IN ('ENT_USR_ROLE_BTN_ROOT', 'ROLES_ADD_BTN', 'ROLES_EDT_BTN', 'ROLES_DEL_BTN', 'ROLES_INFO_BTN', 'ROLES_PROV_BTN', 'ROLES_DEPROV_BTN');
DELETE FROM RESOURCE_USER WHERE RESOURCE_ID IN ('ENT_USR_ROLE_BTN_ROOT', 'ROLES_ADD_BTN', 'ROLES_EDT_BTN', 'ROLES_DEL_BTN', 'ROLES_INFO_BTN', 'ROLES_PROV_BTN', 'ROLES_DEPROV_BTN');
DELETE FROM RESOURCE_ROLE WHERE RESOURCE_ID IN ('ENT_USR_ROLE_BTN_ROOT', 'ROLES_ADD_BTN', 'ROLES_EDT_BTN', 'ROLES_DEL_BTN', 'ROLES_INFO_BTN', 'ROLES_PROV_BTN', 'ROLES_DEPROV_BTN');
DELETE FROM RESOURCE_PROP WHERE RESOURCE_ID IN ('ENT_USR_ROLE_BTN_ROOT', 'ROLES_ADD_BTN', 'ROLES_EDT_BTN', 'ROLES_DEL_BTN', 'ROLES_INFO_BTN', 'ROLES_PROV_BTN', 'ROLES_DEPROV_BTN');
DELETE FROM RESOURCE_GROUP WHERE RESOURCE_ID IN ('ENT_USR_ROLE_BTN_ROOT', 'ROLES_ADD_BTN', 'ROLES_EDT_BTN', 'ROLES_DEL_BTN', 'ROLES_INFO_BTN', 'ROLES_PROV_BTN', 'ROLES_DEPROV_BTN');
DELETE FROM LANGUAGE_MAPPING WHERE REFERENCE_TYPE='ResourceEntity.displayNameMap' and REFERENCE_ID IN ('ENT_USR_ROLE_BTN_ROOT', 'ROLES_ADD_BTN', 'ROLES_EDT_BTN', 'ROLES_DEL_BTN', 'ROLES_INFO_BTN', 'ROLES_PROV_BTN', 'ROLES_DEPROV_BTN');
DELETE FROM RES WHERE RESOURCE_ID IN ('ENT_USR_ROLE_BTN_ROOT', 'ROLES_ADD_BTN', 'ROLES_EDT_BTN', 'ROLES_DEL_BTN', 'ROLES_INFO_BTN', 'ROLES_PROV_BTN', 'ROLES_DEPROV_BTN');

INSERT INTO RES (RESOURCE_ID, RESOURCE_TYPE_ID, DESCRIPTION, NAME, COORELATED_NAME, URL, DISPLAY_ORDER, IS_PUBLIC) VALUES ('ENT_USR_ROLE_BTN_ROOT', 'MENU_ITEM', 'Root menu for UserRole Membership', 'ENT_USR_ROLE_BTN_ROOT', 'ENT_USR_ROLE_BTN_ROOT', null, 20, 'N');
INSERT INTO RESOURCE_PROP (RESOURCE_PROP_ID, RESOURCE_ID, NAME, ATTR_VALUE) VALUES ('ENT_USR_ROLE_BTN_ROOT_PUB', 'ENT_USR_ROLE_BTN_ROOT', 'MENU_IS_PUBLIC', 'false');
INSERT INTO RESOURCE_PROP (RESOURCE_PROP_ID, RESOURCE_ID, NAME, ATTR_VALUE) VALUES ('ENT_USR_ROLE_BTN_ROOT_DESC', 'ENT_USR_ROLE_BTN_ROOT', 'MENU_DISPLAY_NAME', 'Root menu for UserRole Membership');

INSERT INTO RES (RESOURCE_ID, RESOURCE_TYPE_ID, DESCRIPTION, NAME, COORELATED_NAME, URL, DISPLAY_ORDER, IS_PUBLIC) VALUES ('ROLES_ADD_BTN', 'MENU_ITEM', 'Add User To Role', 'ROLES_ADD_BTN', 'ROLES_ADD_BTN', '/webconsole/addUserToRole.html', 21, 'N');
INSERT INTO RESOURCE_PROP (RESOURCE_PROP_ID, RESOURCE_ID, NAME, ATTR_VALUE) VALUES ('ROLES_ADD_BTN_PUB', 'ROLES_ADD_BTN', 'MENU_IS_PUBLIC', 'false');
INSERT INTO RESOURCE_PROP (RESOURCE_PROP_ID, RESOURCE_ID, NAME, ATTR_VALUE) VALUES ('ROLES_ADD_BTN_DESC', 'ROLES_ADD_BTN', 'MENU_DISPLAY_NAME', 'Add User To Role');

INSERT INTO RES (RESOURCE_ID, RESOURCE_TYPE_ID, DESCRIPTION, NAME, COORELATED_NAME, URL, DISPLAY_ORDER, IS_PUBLIC) VALUES ('ROLES_EDT_BTN', 'MENU_ITEM', 'Edit Role', 'ROLES_EDT_BTN', 'ROLES_EDT_BTN', null, 22, 'N');
INSERT INTO RESOURCE_PROP (RESOURCE_PROP_ID, RESOURCE_ID, NAME, ATTR_VALUE) VALUES ('ROLES_EDT_BTN_PUB', 'ROLES_EDT_BTN', 'MENU_IS_PUBLIC', 'false');
INSERT INTO RESOURCE_PROP (RESOURCE_PROP_ID, RESOURCE_ID, NAME, ATTR_VALUE) VALUES ('ROLES_EDT_BTN_DESC', 'ROLES_EDT_BTN', 'MENU_DISPLAY_NAME', 'Edit Role');

INSERT INTO RES (RESOURCE_ID, RESOURCE_TYPE_ID, DESCRIPTION, NAME, COORELATED_NAME, URL, DISPLAY_ORDER, IS_PUBLIC) VALUES ('ROLES_DEL_BTN', 'MENU_ITEM', 'Delete User from Role', 'ROLES_DEL_BTN', 'ROLES_DEL_BTN', '/webconsole/removeUserFromRole.html', 23, 'N');
INSERT INTO RESOURCE_PROP (RESOURCE_PROP_ID, RESOURCE_ID, NAME, ATTR_VALUE) VALUES ('ROLES_DEL_BTN_PUB', 'ROLES_DEL_BTN', 'MENU_IS_PUBLIC', 'false');
INSERT INTO RESOURCE_PROP (RESOURCE_PROP_ID, RESOURCE_ID, NAME, ATTR_VALUE) VALUES ('ROLES_DEL_BTN_DESC', 'ROLES_DEL_BTN', 'MENU_DISPLAY_NAME', 'Delete User from Role');

INSERT INTO RES (RESOURCE_ID, RESOURCE_TYPE_ID, DESCRIPTION, NAME, COORELATED_NAME, URL, DISPLAY_ORDER, IS_PUBLIC) VALUES ('ROLES_INFO_BTN', 'MENU_ITEM', 'Role Info', 'ROLES_INFO_BTN', 'ROLES_INFO_BTN', null, 24, 'N');
INSERT INTO RESOURCE_PROP (RESOURCE_PROP_ID, RESOURCE_ID, NAME, ATTR_VALUE) VALUES ('ROLES_INFO_BTN_PUB', 'ROLES_INFO_BTN', 'MENU_IS_PUBLIC', 'false');
INSERT INTO RESOURCE_PROP (RESOURCE_PROP_ID, RESOURCE_ID, NAME, ATTR_VALUE) VALUES ('ROLES_INFO_BTN_DESC', 'ROLES_INFO_BTN', 'MENU_DISPLAY_NAME', 'Role Info');

INSERT INTO RES (RESOURCE_ID, RESOURCE_TYPE_ID, DESCRIPTION, NAME, COORELATED_NAME, URL, DISPLAY_ORDER, IS_PUBLIC) VALUES ('ROLES_PROV_BTN', 'MENU_ITEM', 'Provision User by Role', 'ROLES_PROV_BTN', 'ROLES_PROV_BTN', '/webconsole/provisionUserByRole.html', 25, 'N');
INSERT INTO RESOURCE_PROP (RESOURCE_PROP_ID, RESOURCE_ID, NAME, ATTR_VALUE) VALUES ('ROLES_PROV_BTN_PUB', 'ROLES_PROV_BTN', 'MENU_IS_PUBLIC', 'false');
INSERT INTO RESOURCE_PROP (RESOURCE_PROP_ID, RESOURCE_ID, NAME, ATTR_VALUE) VALUES ('ROLES_PROV_BTN_DESC', 'ROLES_PROV_BTN', 'MENU_DISPLAY_NAME', 'Provision User by Role');

INSERT INTO RES (RESOURCE_ID, RESOURCE_TYPE_ID, DESCRIPTION, NAME, COORELATED_NAME, URL, DISPLAY_ORDER, IS_PUBLIC) VALUES ('ROLES_DEPROV_BTN', 'MENU_ITEM', 'DeProvision User by Role', 'ROLES_DEPROV_BTN', 'ROLES_DEPROV_BTN', '/webconsole/deprovisionUserByRole.html', 26, 'N');
INSERT INTO RESOURCE_PROP (RESOURCE_PROP_ID, RESOURCE_ID, NAME, ATTR_VALUE) VALUES ('ROLES_DEPROV_BTN_PUB', 'ROLES_DEPROV_BTN', 'MENU_IS_PUBLIC', 'false');
INSERT INTO RESOURCE_PROP (RESOURCE_PROP_ID, RESOURCE_ID, NAME, ATTR_VALUE) VALUES ('ROLES_DEPROV_BTN_DESC', 'ROLES_DEPROV_BTN', 'MENU_DISPLAY_NAME', 'DeProvision User by Role');

INSERT INTO res_to_res_membership (RESOURCE_ID, MEMBER_RESOURCE_ID) VALUES('ENT_USR_ROLE_BTN_ROOT', 'ROLES_ADD_BTN');
INSERT INTO res_to_res_membership (RESOURCE_ID, MEMBER_RESOURCE_ID) VALUES('ENT_USR_ROLE_BTN_ROOT', 'ROLES_EDT_BTN');
INSERT INTO res_to_res_membership (RESOURCE_ID, MEMBER_RESOURCE_ID) VALUES('ENT_USR_ROLE_BTN_ROOT', 'ROLES_DEL_BTN');
INSERT INTO res_to_res_membership (RESOURCE_ID, MEMBER_RESOURCE_ID) VALUES('ENT_USR_ROLE_BTN_ROOT', 'ROLES_INFO_BTN');
INSERT INTO res_to_res_membership (RESOURCE_ID, MEMBER_RESOURCE_ID) VALUES('ENT_USR_ROLE_BTN_ROOT', 'ROLES_PROV_BTN');
INSERT INTO res_to_res_membership (RESOURCE_ID, MEMBER_RESOURCE_ID) VALUES('ENT_USR_ROLE_BTN_ROOT', 'ROLES_DEPROV_BTN');

INSERT INTO RESOURCE_ROLE (RESOURCE_ID, ROLE_ID) VALUES ('ENT_USR_ROLE_BTN_ROOT', '9');
INSERT INTO RESOURCE_ROLE (RESOURCE_ID, ROLE_ID) VALUES ('ROLES_ADD_BTN', '9');
INSERT INTO RESOURCE_ROLE (RESOURCE_ID, ROLE_ID) VALUES ('ROLES_EDT_BTN', '9');
INSERT INTO RESOURCE_ROLE (RESOURCE_ID, ROLE_ID) VALUES ('ROLES_DEL_BTN', '9');
INSERT INTO RESOURCE_ROLE (RESOURCE_ID, ROLE_ID) VALUES ('ROLES_INFO_BTN', '9');
INSERT INTO RESOURCE_ROLE (RESOURCE_ID, ROLE_ID) VALUES ('ROLES_PROV_BTN', '9');
INSERT INTO RESOURCE_ROLE (RESOURCE_ID, ROLE_ID) VALUES ('ROLES_DEPROV_BTN', '9');

INSERT INTO LANGUAGE_MAPPING (ID, LANGUAGE_ID, REFERENCE_ID, REFERENCE_TYPE, TEXT_VALUE) VALUES ('EN_ENT_USR_ROLE_BTN_ROOT','1','ENT_USR_ROLE_BTN_ROOT','ResourceEntity.displayNameMap','User Role Membership Buttons');
INSERT INTO LANGUAGE_MAPPING (ID, LANGUAGE_ID, REFERENCE_ID, REFERENCE_TYPE, TEXT_VALUE) VALUES ('DE_ENT_USR_ROLE_BTN_ROOT','2','ENT_USR_ROLE_BTN_ROOT','ResourceEntity.displayNameMap','User Role Membership Buttons');
INSERT INTO LANGUAGE_MAPPING (ID, LANGUAGE_ID, REFERENCE_ID, REFERENCE_TYPE, TEXT_VALUE) VALUES ('ES_ENT_USR_ROLE_BTN_ROOT','4','ENT_USR_ROLE_BTN_ROOT','ResourceEntity.displayNameMap','User Role Membership Buttons');
INSERT INTO LANGUAGE_MAPPING (ID, LANGUAGE_ID, REFERENCE_ID, REFERENCE_TYPE, TEXT_VALUE) VALUES ('RU_ENT_USR_ROLE_BTN_ROOT','8','ENT_USR_ROLE_BTN_ROOT','ResourceEntity.displayNameMap','User Role Membership Buttons');
INSERT INTO LANGUAGE_MAPPING (ID, LANGUAGE_ID, REFERENCE_ID, REFERENCE_TYPE, TEXT_VALUE) VALUES ('JP_ENT_USR_ROLE_BTN_ROOT','9','ENT_USR_ROLE_BTN_ROOT','ResourceEntity.displayNameMap','User Role Membership Buttons');
INSERT INTO LANGUAGE_MAPPING (ID, LANGUAGE_ID, REFERENCE_ID, REFERENCE_TYPE, TEXT_VALUE) VALUES ('ZH_ENT_USR_ROLE_BTN_ROOT','10','ENT_USR_ROLE_BTN_ROOT','ResourceEntity.displayNameMap','User Role Membership Buttons');
INSERT INTO LANGUAGE_MAPPING (ID, LANGUAGE_ID, REFERENCE_ID, REFERENCE_TYPE, TEXT_VALUE) VALUES ('PT_ENT_USR_ROLE_BTN_ROOT','11','ENT_USR_ROLE_BTN_ROOT','ResourceEntity.displayNameMap','User Role Membership Buttons');

INSERT INTO LANGUAGE_MAPPING (ID, LANGUAGE_ID, REFERENCE_ID, REFERENCE_TYPE, TEXT_VALUE) VALUES ('EN_ROLES_ADD_BTN','1','ROLES_ADD_BTN','ResourceEntity.displayNameMap','Add Role to User');
INSERT INTO LANGUAGE_MAPPING (ID, LANGUAGE_ID, REFERENCE_ID, REFERENCE_TYPE, TEXT_VALUE) VALUES ('DE_ROLES_ADD_BTN','2','ROLES_ADD_BTN','ResourceEntity.displayNameMap','Add Role to User');
INSERT INTO LANGUAGE_MAPPING (ID, LANGUAGE_ID, REFERENCE_ID, REFERENCE_TYPE, TEXT_VALUE) VALUES ('ES_ROLES_ADD_BTN','4','ROLES_ADD_BTN','ResourceEntity.displayNameMap','Add Role to User');
INSERT INTO LANGUAGE_MAPPING (ID, LANGUAGE_ID, REFERENCE_ID, REFERENCE_TYPE, TEXT_VALUE) VALUES ('RU_ROLES_ADD_BTN','8','ROLES_ADD_BTN','ResourceEntity.displayNameMap','Add Role to User');
INSERT INTO LANGUAGE_MAPPING (ID, LANGUAGE_ID, REFERENCE_ID, REFERENCE_TYPE, TEXT_VALUE) VALUES ('JP_ROLES_ADD_BTN','9','ROLES_ADD_BTN','ResourceEntity.displayNameMap','Add Role to User');
INSERT INTO LANGUAGE_MAPPING (ID, LANGUAGE_ID, REFERENCE_ID, REFERENCE_TYPE, TEXT_VALUE) VALUES ('ZH_ROLES_ADD_BTN','10','ROLES_ADD_BTN','ResourceEntity.displayNameMap','Add Role to User');
INSERT INTO LANGUAGE_MAPPING (ID, LANGUAGE_ID, REFERENCE_ID, REFERENCE_TYPE, TEXT_VALUE) VALUES ('PT_ROLES_ADD_BTN','11','ROLES_ADD_BTN','ResourceEntity.displayNameMap','Add Role to User');

INSERT INTO LANGUAGE_MAPPING (ID, LANGUAGE_ID, REFERENCE_ID, REFERENCE_TYPE, TEXT_VALUE) VALUES ('EN_ROLES_EDT_BTN','1','ROLES_EDT_BTN','ResourceEntity.displayNameMap','Edit Role');
INSERT INTO LANGUAGE_MAPPING (ID, LANGUAGE_ID, REFERENCE_ID, REFERENCE_TYPE, TEXT_VALUE) VALUES ('DE_ROLES_EDT_BTN','2','ROLES_EDT_BTN','ResourceEntity.displayNameMap','Edit Role');
INSERT INTO LANGUAGE_MAPPING (ID, LANGUAGE_ID, REFERENCE_ID, REFERENCE_TYPE, TEXT_VALUE) VALUES ('ES_ROLES_EDT_BTN','4','ROLES_EDT_BTN','ResourceEntity.displayNameMap','Edit Role');
INSERT INTO LANGUAGE_MAPPING (ID, LANGUAGE_ID, REFERENCE_ID, REFERENCE_TYPE, TEXT_VALUE) VALUES ('RU_ROLES_EDT_BTN','8','ROLES_EDT_BTN','ResourceEntity.displayNameMap','Edit Role');
INSERT INTO LANGUAGE_MAPPING (ID, LANGUAGE_ID, REFERENCE_ID, REFERENCE_TYPE, TEXT_VALUE) VALUES ('JP_ROLES_EDT_BTN','9','ROLES_EDT_BTN','ResourceEntity.displayNameMap','Edit Role');
INSERT INTO LANGUAGE_MAPPING (ID, LANGUAGE_ID, REFERENCE_ID, REFERENCE_TYPE, TEXT_VALUE) VALUES ('ZH_ROLES_EDT_BTN','10','ROLES_EDT_BTN','ResourceEntity.displayNameMap','Edit Role');
INSERT INTO LANGUAGE_MAPPING (ID, LANGUAGE_ID, REFERENCE_ID, REFERENCE_TYPE, TEXT_VALUE) VALUES ('PT_ROLES_EDT_BTN','11','ROLES_EDT_BTN','ResourceEntity.displayNameMap','Edit Role');

INSERT INTO LANGUAGE_MAPPING (ID, LANGUAGE_ID, REFERENCE_ID, REFERENCE_TYPE, TEXT_VALUE) VALUES ('EN_ROLES_DEL_BTN','1','ROLES_DEL_BTN','ResourceEntity.displayNameMap','Remove Role from User');
INSERT INTO LANGUAGE_MAPPING (ID, LANGUAGE_ID, REFERENCE_ID, REFERENCE_TYPE, TEXT_VALUE) VALUES ('DE_ROLES_DEL_BTN','2','ROLES_DEL_BTN','ResourceEntity.displayNameMap','Remove Role from User');
INSERT INTO LANGUAGE_MAPPING (ID, LANGUAGE_ID, REFERENCE_ID, REFERENCE_TYPE, TEXT_VALUE) VALUES ('ES_ROLES_DEL_BTN','4','ROLES_DEL_BTN','ResourceEntity.displayNameMap','Remove Role from User');
INSERT INTO LANGUAGE_MAPPING (ID, LANGUAGE_ID, REFERENCE_ID, REFERENCE_TYPE, TEXT_VALUE) VALUES ('RU_ROLES_DEL_BTN','8','ROLES_DEL_BTN','ResourceEntity.displayNameMap','Remove Role from User');
INSERT INTO LANGUAGE_MAPPING (ID, LANGUAGE_ID, REFERENCE_ID, REFERENCE_TYPE, TEXT_VALUE) VALUES ('JP_ROLES_DEL_BTN','9','ROLES_DEL_BTN','ResourceEntity.displayNameMap','Remove Role from User');
INSERT INTO LANGUAGE_MAPPING (ID, LANGUAGE_ID, REFERENCE_ID, REFERENCE_TYPE, TEXT_VALUE) VALUES ('ZH_ROLES_DEL_BTN','10','ROLES_DEL_BTN','ResourceEntity.displayNameMap','Remove Role from User');
INSERT INTO LANGUAGE_MAPPING (ID, LANGUAGE_ID, REFERENCE_ID, REFERENCE_TYPE, TEXT_VALUE) VALUES ('PT_ROLES_DEL_BTN','11','ROLES_DEL_BTN','ResourceEntity.displayNameMap','Remove Role from User');

INSERT INTO LANGUAGE_MAPPING (ID, LANGUAGE_ID, REFERENCE_ID, REFERENCE_TYPE, TEXT_VALUE) VALUES ('EN_ROLES_INFO_BTN','1','ROLES_INFO_BTN','ResourceEntity.displayNameMap','Role Info');
INSERT INTO LANGUAGE_MAPPING (ID, LANGUAGE_ID, REFERENCE_ID, REFERENCE_TYPE, TEXT_VALUE) VALUES ('DE_ROLES_INFO_BTN','2','ROLES_INFO_BTN','ResourceEntity.displayNameMap','Role Info');
INSERT INTO LANGUAGE_MAPPING (ID, LANGUAGE_ID, REFERENCE_ID, REFERENCE_TYPE, TEXT_VALUE) VALUES ('ES_ROLES_INFO_BTN','4','ROLES_INFO_BTN','ResourceEntity.displayNameMap','Role Info');
INSERT INTO LANGUAGE_MAPPING (ID, LANGUAGE_ID, REFERENCE_ID, REFERENCE_TYPE, TEXT_VALUE) VALUES ('RU_ROLES_INFO_BTN','8','ROLES_INFO_BTN','ResourceEntity.displayNameMap','Role Info');
INSERT INTO LANGUAGE_MAPPING (ID, LANGUAGE_ID, REFERENCE_ID, REFERENCE_TYPE, TEXT_VALUE) VALUES ('JP_ROLES_INFO_BTN','9','ROLES_INFO_BTN','ResourceEntity.displayNameMap','Role Info');
INSERT INTO LANGUAGE_MAPPING (ID, LANGUAGE_ID, REFERENCE_ID, REFERENCE_TYPE, TEXT_VALUE) VALUES ('ZH_ROLES_INFO_BTN','10','ROLES_INFO_BTN','ResourceEntity.displayNameMap','Role Info');
INSERT INTO LANGUAGE_MAPPING (ID, LANGUAGE_ID, REFERENCE_ID, REFERENCE_TYPE, TEXT_VALUE) VALUES ('PT_ROLES_INFO_BTN','11','ROLES_INFO_BTN','ResourceEntity.displayNameMap','Role Info');

INSERT INTO LANGUAGE_MAPPING (ID, LANGUAGE_ID, REFERENCE_ID, REFERENCE_TYPE, TEXT_VALUE) VALUES ('EN_ROLES_PROV_BTN','1','ROLES_PROV_BTN','ResourceEntity.displayNameMap','Provision User By Role');
INSERT INTO LANGUAGE_MAPPING (ID, LANGUAGE_ID, REFERENCE_ID, REFERENCE_TYPE, TEXT_VALUE) VALUES ('DE_ROLES_PROV_BTN','2','ROLES_PROV_BTN','ResourceEntity.displayNameMap','Provision User By Role');
INSERT INTO LANGUAGE_MAPPING (ID, LANGUAGE_ID, REFERENCE_ID, REFERENCE_TYPE, TEXT_VALUE) VALUES ('ES_ROLES_PROV_BTN','4','ROLES_PROV_BTN','ResourceEntity.displayNameMap','Provision User By Role');
INSERT INTO LANGUAGE_MAPPING (ID, LANGUAGE_ID, REFERENCE_ID, REFERENCE_TYPE, TEXT_VALUE) VALUES ('RU_ROLES_PROV_BTN','8','ROLES_PROV_BTN','ResourceEntity.displayNameMap','Provision User By Role');
INSERT INTO LANGUAGE_MAPPING (ID, LANGUAGE_ID, REFERENCE_ID, REFERENCE_TYPE, TEXT_VALUE) VALUES ('JP_ROLES_PROV_BTN','9','ROLES_PROV_BTN','ResourceEntity.displayNameMap','Provision User By Role');
INSERT INTO LANGUAGE_MAPPING (ID, LANGUAGE_ID, REFERENCE_ID, REFERENCE_TYPE, TEXT_VALUE) VALUES ('ZH_ROLES_PROV_BTN','10','ROLES_PROV_BTN','ResourceEntity.displayNameMap','Provision User By Role');
INSERT INTO LANGUAGE_MAPPING (ID, LANGUAGE_ID, REFERENCE_ID, REFERENCE_TYPE, TEXT_VALUE) VALUES ('PT_ROLES_PROV_BTN','11','ROLES_PROV_BTN','ResourceEntity.displayNameMap','Provision User By Role');

INSERT INTO LANGUAGE_MAPPING (ID, LANGUAGE_ID, REFERENCE_ID, REFERENCE_TYPE, TEXT_VALUE) VALUES ('EN_ROLES_DEPROV_BTN','1','ROLES_DEPROV_BTN','ResourceEntity.displayNameMap','DeProvision User By Role');
INSERT INTO LANGUAGE_MAPPING (ID, LANGUAGE_ID, REFERENCE_ID, REFERENCE_TYPE, TEXT_VALUE) VALUES ('DE_ROLES_DEPROV_BTN','2','ROLES_DEPROV_BTN','ResourceEntity.displayNameMap','DeProvision User By Role');
INSERT INTO LANGUAGE_MAPPING (ID, LANGUAGE_ID, REFERENCE_ID, REFERENCE_TYPE, TEXT_VALUE) VALUES ('ES_ROLES_DEPROV_BTN','4','ROLES_DEPROV_BTN','ResourceEntity.displayNameMap','DeProvision User By Role');
INSERT INTO LANGUAGE_MAPPING (ID, LANGUAGE_ID, REFERENCE_ID, REFERENCE_TYPE, TEXT_VALUE) VALUES ('RU_ROLES_DEPROV_BTN','8','ROLES_DEPROV_BTN','ResourceEntity.displayNameMap','DeProvision User By Role');
INSERT INTO LANGUAGE_MAPPING (ID, LANGUAGE_ID, REFERENCE_ID, REFERENCE_TYPE, TEXT_VALUE) VALUES ('JP_ROLES_DEPROV_BTN','9','ROLES_DEPROV_BTN','ResourceEntity.displayNameMap','DeProvision User By Role');
INSERT INTO LANGUAGE_MAPPING (ID, LANGUAGE_ID, REFERENCE_ID, REFERENCE_TYPE, TEXT_VALUE) VALUES ('ZH_ROLES_DEPROV_BTN','10','ROLES_DEPROV_BTN','ResourceEntity.displayNameMap','DeProvision User By Role');
INSERT INTO LANGUAGE_MAPPING (ID, LANGUAGE_ID, REFERENCE_ID, REFERENCE_TYPE, TEXT_VALUE) VALUES ('PT_ROLES_DEPROV_BTN','11','ROLES_DEPROV_BTN','ResourceEntity.displayNameMap','DeProvision User By Role');

DELETE FROM res_to_res_membership WHERE MEMBER_RESOURCE_ID IN ('ENT_USR_GRP_BTN_ROOT', 'GROUPS_ADD_BTN', 'GROUPS_EDT_BTN', 'GROUPS_DEL_BTN', 'GROUPS_INFO_BTN', 'GROUPS_PROV_BTN', 'GROUPS_DEPROV_BTN');
DELETE FROM res_to_res_membership WHERE RESOURCE_ID IN ('ENT_USR_GRP_BTN_ROOT', 'GROUPS_ADD_BTN', 'GROUPS_EDT_BTN', 'GROUPS_DEL_BTN', 'GROUPS_INFO_BTN', 'GROUPS_PROV_BTN', 'GROUPS_DEPROV_BTN');
DELETE FROM RESOURCE_USER WHERE RESOURCE_ID IN ('ENT_USR_GRP_BTN_ROOT', 'GROUPS_ADD_BTN', 'GROUPS_EDT_BTN', 'GROUPS_DEL_BTN', 'GROUPS_INFO_BTN', 'GROUPS_PROV_BTN', 'GROUPS_DEPROV_BTN');
DELETE FROM RESOURCE_ROLE WHERE RESOURCE_ID IN ('ENT_USR_GRP_BTN_ROOT', 'GROUPS_ADD_BTN', 'GROUPS_EDT_BTN', 'GROUPS_DEL_BTN', 'GROUPS_INFO_BTN', 'GROUPS_PROV_BTN', 'GROUPS_DEPROV_BTN');
DELETE FROM RESOURCE_PROP WHERE RESOURCE_ID IN ('ENT_USR_GRP_BTN_ROOT', 'GROUPS_ADD_BTN', 'GROUPS_EDT_BTN', 'GROUPS_DEL_BTN', 'GROUPS_INFO_BTN', 'GROUPS_PROV_BTN', 'GROUPS_DEPROV_BTN');
DELETE FROM RESOURCE_GROUP WHERE RESOURCE_ID IN ('ENT_USR_GRP_BTN_ROOT', 'GROUPS_ADD_BTN', 'GROUPS_EDT_BTN', 'GROUPS_DEL_BTN', 'GROUPS_INFO_BTN', 'GROUPS_PROV_BTN', 'GROUPS_DEPROV_BTN');
DELETE FROM LANGUAGE_MAPPING WHERE REFERENCE_TYPE='ResourceEntity.displayNameMap' and REFERENCE_ID IN ('ENT_USR_GRP_BTN_ROOT', 'GROUPS_ADD_BTN', 'GROUPS_EDT_BTN', 'GROUPS_DEL_BTN', 'GROUPS_INFO_BTN', 'GROUPS_PROV_BTN', 'GROUPS_DEPROV_BTN');
DELETE FROM RES WHERE RESOURCE_ID IN ('ENT_USR_GRP_BTN_ROOT', 'GROUPS_ADD_BTN', 'GROUPS_EDT_BTN', 'GROUPS_DEL_BTN', 'GROUPS_INFO_BTN', 'GROUPS_PROV_BTN', 'GROUPS_DEPROV_BTN');

INSERT INTO RES (RESOURCE_ID, RESOURCE_TYPE_ID, DESCRIPTION, NAME, COORELATED_NAME, URL, DISPLAY_ORDER, IS_PUBLIC) VALUES ('ENT_USR_GRP_BTN_ROOT', 'MENU_ITEM', 'Root menu for UserGroup Membership', 'ENT_USR_GRP_BTN_ROOT', 'ENT_USR_GRP_BTN_ROOT', null, 30, 'N');
INSERT INTO RESOURCE_PROP (RESOURCE_PROP_ID, RESOURCE_ID, NAME, ATTR_VALUE) VALUES ('ENT_USR_GRP_BTN_ROOT_PUB', 'ENT_USR_GRP_BTN_ROOT', 'MENU_IS_PUBLIC', 'false');
INSERT INTO RESOURCE_PROP (RESOURCE_PROP_ID, RESOURCE_ID, NAME, ATTR_VALUE) VALUES ('ENT_USR_GRP_BTN_ROOT_DESC', 'ENT_USR_GRP_BTN_ROOT', 'MENU_DISPLAY_NAME', 'Root menu for UserGroup Membership');

INSERT INTO RES (RESOURCE_ID, RESOURCE_TYPE_ID, DESCRIPTION, NAME, COORELATED_NAME, URL, DISPLAY_ORDER, IS_PUBLIC) VALUES ('GROUPS_ADD_BTN', 'MENU_ITEM', 'Add User To Group', 'GROUPS_ADD_BTN', 'GROUPS_ADD_BTN', '/webconsole/addUserToGroup.html', 31, 'N');
INSERT INTO RESOURCE_PROP (RESOURCE_PROP_ID, RESOURCE_ID, NAME, ATTR_VALUE) VALUES ('GROUPS_ADD_BTN_PUB', 'GROUPS_ADD_BTN', 'MENU_IS_PUBLIC', 'false');
INSERT INTO RESOURCE_PROP (RESOURCE_PROP_ID, RESOURCE_ID, NAME, ATTR_VALUE) VALUES ('GROUPS_ADD_BTN_DESC', 'GROUPS_ADD_BTN', 'MENU_DISPLAY_NAME', 'Add User To Group');

INSERT INTO RES (RESOURCE_ID, RESOURCE_TYPE_ID, DESCRIPTION, NAME, COORELATED_NAME, URL, DISPLAY_ORDER, IS_PUBLIC) VALUES ('GROUPS_EDT_BTN', 'MENU_ITEM', 'Edit Group', 'GROUPS_EDT_BTN', 'GROUPS_EDT_BTN', null, 32, 'N');
INSERT INTO RESOURCE_PROP (RESOURCE_PROP_ID, RESOURCE_ID, NAME, ATTR_VALUE) VALUES ('GROUPS_EDT_BTN_PUB', 'GROUPS_EDT_BTN', 'MENU_IS_PUBLIC', 'false');
INSERT INTO RESOURCE_PROP (RESOURCE_PROP_ID, RESOURCE_ID, NAME, ATTR_VALUE) VALUES ('GROUPS_EDT_BTN_DESC', 'GROUPS_EDT_BTN', 'MENU_DISPLAY_NAME', 'Edit Group');

INSERT INTO RES (RESOURCE_ID, RESOURCE_TYPE_ID, DESCRIPTION, NAME, COORELATED_NAME, URL, DISPLAY_ORDER, IS_PUBLIC) VALUES ('GROUPS_DEL_BTN', 'MENU_ITEM', 'Delete User from Group', 'GROUPS_DEL_BTN', 'GROUPS_DEL_BTN', '/webconsole/removeUserFromGroup.html', 33, 'N');
INSERT INTO RESOURCE_PROP (RESOURCE_PROP_ID, RESOURCE_ID, NAME, ATTR_VALUE) VALUES ('GROUPS_DEL_BTN_PUB', 'GROUPS_DEL_BTN', 'MENU_IS_PUBLIC', 'false');
INSERT INTO RESOURCE_PROP (RESOURCE_PROP_ID, RESOURCE_ID, NAME, ATTR_VALUE) VALUES ('GROUPS_DEL_BTN_DESC', 'GROUPS_DEL_BTN', 'MENU_DISPLAY_NAME', 'Delete User from Group');

INSERT INTO RES (RESOURCE_ID, RESOURCE_TYPE_ID, DESCRIPTION, NAME, COORELATED_NAME, URL, DISPLAY_ORDER, IS_PUBLIC) VALUES ('GROUPS_INFO_BTN', 'MENU_ITEM', 'Group Info', 'GROUPS_INFO_BTN', 'GROUPS_INFO_BTN', null, 34, 'N');
INSERT INTO RESOURCE_PROP (RESOURCE_PROP_ID, RESOURCE_ID, NAME, ATTR_VALUE) VALUES ('GROUPS_INFO_BTN_PUB', 'GROUPS_INFO_BTN', 'MENU_IS_PUBLIC', 'false');
INSERT INTO RESOURCE_PROP (RESOURCE_PROP_ID, RESOURCE_ID, NAME, ATTR_VALUE) VALUES ('GROUPS_INFO_BTN_DESC', 'GROUPS_INFO_BTN', 'MENU_DISPLAY_NAME', 'Group Info');

INSERT INTO RES (RESOURCE_ID, RESOURCE_TYPE_ID, DESCRIPTION, NAME, COORELATED_NAME, URL, DISPLAY_ORDER, IS_PUBLIC) VALUES ('GROUPS_PROV_BTN', 'MENU_ITEM', 'Provision User by Group', 'GROUPS_PROV_BTN', 'GROUPS_PROV_BTN', '/webconsole/provisionUserByGroup.html', 35, 'N');
INSERT INTO RESOURCE_PROP (RESOURCE_PROP_ID, RESOURCE_ID, NAME, ATTR_VALUE) VALUES ('GROUPS_PROV_BTN_PUB', 'GROUPS_PROV_BTN', 'MENU_IS_PUBLIC', 'false');
INSERT INTO RESOURCE_PROP (RESOURCE_PROP_ID, RESOURCE_ID, NAME, ATTR_VALUE) VALUES ('GROUPS_PROV_BTN_DESC', 'GROUPS_PROV_BTN', 'MENU_DISPLAY_NAME', 'Provision User by Group');

INSERT INTO RES (RESOURCE_ID, RESOURCE_TYPE_ID, DESCRIPTION, NAME, COORELATED_NAME, URL, DISPLAY_ORDER, IS_PUBLIC) VALUES ('GROUPS_DEPROV_BTN', 'MENU_ITEM', 'DeProvision User by Group', 'GROUPS_DEPROV_BTN', 'GROUPS_DEPROV_BTN', '/webconsole/deprovisionUserByGroup.html', 36, 'N');
INSERT INTO RESOURCE_PROP (RESOURCE_PROP_ID, RESOURCE_ID, NAME, ATTR_VALUE) VALUES ('GROUPS_DEPROV_BTN_PUB', 'GROUPS_DEPROV_BTN', 'MENU_IS_PUBLIC', 'false');
INSERT INTO RESOURCE_PROP (RESOURCE_PROP_ID, RESOURCE_ID, NAME, ATTR_VALUE) VALUES ('GROUPS_DEPROV_BTN_DESC', 'GROUPS_DEPROV_BTN', 'MENU_DISPLAY_NAME', 'DeProvision User by Group');

INSERT INTO res_to_res_membership (RESOURCE_ID, MEMBER_RESOURCE_ID) VALUES('ENT_USR_GRP_BTN_ROOT', 'GROUPS_ADD_BTN');
INSERT INTO res_to_res_membership (RESOURCE_ID, MEMBER_RESOURCE_ID) VALUES('ENT_USR_GRP_BTN_ROOT', 'GROUPS_EDT_BTN');
INSERT INTO res_to_res_membership (RESOURCE_ID, MEMBER_RESOURCE_ID) VALUES('ENT_USR_GRP_BTN_ROOT', 'GROUPS_DEL_BTN');
INSERT INTO res_to_res_membership (RESOURCE_ID, MEMBER_RESOURCE_ID) VALUES('ENT_USR_GRP_BTN_ROOT', 'GROUPS_INFO_BTN');
INSERT INTO res_to_res_membership (RESOURCE_ID, MEMBER_RESOURCE_ID) VALUES('ENT_USR_GRP_BTN_ROOT', 'GROUPS_PROV_BTN');
INSERT INTO res_to_res_membership (RESOURCE_ID, MEMBER_RESOURCE_ID) VALUES('ENT_USR_GRP_BTN_ROOT', 'GROUPS_DEPROV_BTN');
INSERT INTO RESOURCE_ROLE (RESOURCE_ID, ROLE_ID) VALUES ('ENT_USR_GRP_BTN_ROOT', '9');
INSERT INTO RESOURCE_ROLE (RESOURCE_ID, ROLE_ID) VALUES ('GROUPS_ADD_BTN', '9');
INSERT INTO RESOURCE_ROLE (RESOURCE_ID, ROLE_ID) VALUES ('GROUPS_EDT_BTN', '9');
INSERT INTO RESOURCE_ROLE (RESOURCE_ID, ROLE_ID) VALUES ('GROUPS_DEL_BTN', '9');
INSERT INTO RESOURCE_ROLE (RESOURCE_ID, ROLE_ID) VALUES ('GROUPS_INFO_BTN', '9');
INSERT INTO RESOURCE_ROLE (RESOURCE_ID, ROLE_ID) VALUES ('GROUPS_PROV_BTN', '9');
INSERT INTO RESOURCE_ROLE (RESOURCE_ID, ROLE_ID) VALUES ('GROUPS_DEPROV_BTN', '9');

INSERT INTO LANGUAGE_MAPPING (ID, LANGUAGE_ID, REFERENCE_ID, REFERENCE_TYPE, TEXT_VALUE) VALUES ('EN_ENT_USR_GRP_BTN_ROOT','1','ENT_USR_GRP_BTN_ROOT','ResourceEntity.displayNameMap','User Group Membership Buttons');
INSERT INTO LANGUAGE_MAPPING (ID, LANGUAGE_ID, REFERENCE_ID, REFERENCE_TYPE, TEXT_VALUE) VALUES ('DE_ENT_USR_GRP_BTN_ROOT','2','ENT_USR_GRP_BTN_ROOT','ResourceEntity.displayNameMap','User Group Membership Buttons');
INSERT INTO LANGUAGE_MAPPING (ID, LANGUAGE_ID, REFERENCE_ID, REFERENCE_TYPE, TEXT_VALUE) VALUES ('ES_ENT_USR_GRP_BTN_ROOT','4','ENT_USR_GRP_BTN_ROOT','ResourceEntity.displayNameMap','User Group Membership Buttons');
INSERT INTO LANGUAGE_MAPPING (ID, LANGUAGE_ID, REFERENCE_ID, REFERENCE_TYPE, TEXT_VALUE) VALUES ('RU_ENT_USR_GRP_BTN_ROOT','8','ENT_USR_GRP_BTN_ROOT','ResourceEntity.displayNameMap','User Group Membership Buttons');
INSERT INTO LANGUAGE_MAPPING (ID, LANGUAGE_ID, REFERENCE_ID, REFERENCE_TYPE, TEXT_VALUE) VALUES ('JP_ENT_USR_GRP_BTN_ROOT','9','ENT_USR_GRP_BTN_ROOT','ResourceEntity.displayNameMap','User Group Membership Buttons');
INSERT INTO LANGUAGE_MAPPING (ID, LANGUAGE_ID, REFERENCE_ID, REFERENCE_TYPE, TEXT_VALUE) VALUES ('ZH_ENT_USR_GRP_BTN_ROOT','10','ENT_USR_GRP_BTN_ROOT','ResourceEntity.displayNameMap','User Group Membership Buttons');
INSERT INTO LANGUAGE_MAPPING (ID, LANGUAGE_ID, REFERENCE_ID, REFERENCE_TYPE, TEXT_VALUE) VALUES ('PT_ENT_USR_GRP_BTN_ROOT','11','ENT_USR_GRP_BTN_ROOT','ResourceEntity.displayNameMap','User Group Membership Buttons');

INSERT INTO LANGUAGE_MAPPING (ID, LANGUAGE_ID, REFERENCE_ID, REFERENCE_TYPE, TEXT_VALUE) VALUES ('EN_GROUPS_ADD_BTN','1','GROUPS_ADD_BTN','ResourceEntity.displayNameMap','Add Group to User');
INSERT INTO LANGUAGE_MAPPING (ID, LANGUAGE_ID, REFERENCE_ID, REFERENCE_TYPE, TEXT_VALUE) VALUES ('DE_GROUPS_ADD_BTN','2','GROUPS_ADD_BTN','ResourceEntity.displayNameMap','Add Group to User');
INSERT INTO LANGUAGE_MAPPING (ID, LANGUAGE_ID, REFERENCE_ID, REFERENCE_TYPE, TEXT_VALUE) VALUES ('ES_GROUPS_ADD_BTN','4','GROUPS_ADD_BTN','ResourceEntity.displayNameMap','Add Group to User');
INSERT INTO LANGUAGE_MAPPING (ID, LANGUAGE_ID, REFERENCE_ID, REFERENCE_TYPE, TEXT_VALUE) VALUES ('RU_GROUPS_ADD_BTN','8','GROUPS_ADD_BTN','ResourceEntity.displayNameMap','Add Group to User');
INSERT INTO LANGUAGE_MAPPING (ID, LANGUAGE_ID, REFERENCE_ID, REFERENCE_TYPE, TEXT_VALUE) VALUES ('JP_GROUPS_ADD_BTN','9','GROUPS_ADD_BTN','ResourceEntity.displayNameMap','Add Group to User');
INSERT INTO LANGUAGE_MAPPING (ID, LANGUAGE_ID, REFERENCE_ID, REFERENCE_TYPE, TEXT_VALUE) VALUES ('ZH_GROUPS_ADD_BTN','10','GROUPS_ADD_BTN','ResourceEntity.displayNameMap','Add Group to User');
INSERT INTO LANGUAGE_MAPPING (ID, LANGUAGE_ID, REFERENCE_ID, REFERENCE_TYPE, TEXT_VALUE) VALUES ('PT_GROUPS_ADD_BTN','11','GROUPS_ADD_BTN','ResourceEntity.displayNameMap','Add Group to User');

INSERT INTO LANGUAGE_MAPPING (ID, LANGUAGE_ID, REFERENCE_ID, REFERENCE_TYPE, TEXT_VALUE) VALUES ('EN_GROUPS_EDT_BTN','1','GROUPS_EDT_BTN','ResourceEntity.displayNameMap','Edit Group');
INSERT INTO LANGUAGE_MAPPING (ID, LANGUAGE_ID, REFERENCE_ID, REFERENCE_TYPE, TEXT_VALUE) VALUES ('DE_GROUPS_EDT_BTN','2','GROUPS_EDT_BTN','ResourceEntity.displayNameMap','Edit Group');
INSERT INTO LANGUAGE_MAPPING (ID, LANGUAGE_ID, REFERENCE_ID, REFERENCE_TYPE, TEXT_VALUE) VALUES ('ES_GROUPS_EDT_BTN','4','GROUPS_EDT_BTN','ResourceEntity.displayNameMap','Edit Group');
INSERT INTO LANGUAGE_MAPPING (ID, LANGUAGE_ID, REFERENCE_ID, REFERENCE_TYPE, TEXT_VALUE) VALUES ('RU_GROUPS_EDT_BTN','8','GROUPS_EDT_BTN','ResourceEntity.displayNameMap','Edit Group');
INSERT INTO LANGUAGE_MAPPING (ID, LANGUAGE_ID, REFERENCE_ID, REFERENCE_TYPE, TEXT_VALUE) VALUES ('JP_GROUPS_EDT_BTN','9','GROUPS_EDT_BTN','ResourceEntity.displayNameMap','Edit Group');
INSERT INTO LANGUAGE_MAPPING (ID, LANGUAGE_ID, REFERENCE_ID, REFERENCE_TYPE, TEXT_VALUE) VALUES ('ZH_GROUPS_EDT_BTN','10','GROUPS_EDT_BTN','ResourceEntity.displayNameMap','Edit Group');
INSERT INTO LANGUAGE_MAPPING (ID, LANGUAGE_ID, REFERENCE_ID, REFERENCE_TYPE, TEXT_VALUE) VALUES ('PT_GROUPS_EDT_BTN','11','GROUPS_EDT_BTN','ResourceEntity.displayNameMap','Edit Group');

INSERT INTO LANGUAGE_MAPPING (ID, LANGUAGE_ID, REFERENCE_ID, REFERENCE_TYPE, TEXT_VALUE) VALUES ('EN_GROUPS_DEL_BTN','1','GROUPS_DEL_BTN','ResourceEntity.displayNameMap','Remove Group from User');
INSERT INTO LANGUAGE_MAPPING (ID, LANGUAGE_ID, REFERENCE_ID, REFERENCE_TYPE, TEXT_VALUE) VALUES ('DE_GROUPS_DEL_BTN','2','GROUPS_DEL_BTN','ResourceEntity.displayNameMap','Remove Group from User');
INSERT INTO LANGUAGE_MAPPING (ID, LANGUAGE_ID, REFERENCE_ID, REFERENCE_TYPE, TEXT_VALUE) VALUES ('ES_GROUPS_DEL_BTN','4','GROUPS_DEL_BTN','ResourceEntity.displayNameMap','Remove Group from User');
INSERT INTO LANGUAGE_MAPPING (ID, LANGUAGE_ID, REFERENCE_ID, REFERENCE_TYPE, TEXT_VALUE) VALUES ('RU_GROUPS_DEL_BTN','8','GROUPS_DEL_BTN','ResourceEntity.displayNameMap','Remove Group from User');
INSERT INTO LANGUAGE_MAPPING (ID, LANGUAGE_ID, REFERENCE_ID, REFERENCE_TYPE, TEXT_VALUE) VALUES ('JP_GROUPS_DEL_BTN','9','GROUPS_DEL_BTN','ResourceEntity.displayNameMap','Remove Group from User');
INSERT INTO LANGUAGE_MAPPING (ID, LANGUAGE_ID, REFERENCE_ID, REFERENCE_TYPE, TEXT_VALUE) VALUES ('ZH_GROUPS_DEL_BTN','10','GROUPS_DEL_BTN','ResourceEntity.displayNameMap','Remove Group from User');
INSERT INTO LANGUAGE_MAPPING (ID, LANGUAGE_ID, REFERENCE_ID, REFERENCE_TYPE, TEXT_VALUE) VALUES ('PT_GROUPS_DEL_BTN','11','GROUPS_DEL_BTN','ResourceEntity.displayNameMap','Remove Group from User');

INSERT INTO LANGUAGE_MAPPING (ID, LANGUAGE_ID, REFERENCE_ID, REFERENCE_TYPE, TEXT_VALUE) VALUES ('EN_GROUPS_INFO_BTN','1','GROUPS_INFO_BTN','ResourceEntity.displayNameMap','Group Info');
INSERT INTO LANGUAGE_MAPPING (ID, LANGUAGE_ID, REFERENCE_ID, REFERENCE_TYPE, TEXT_VALUE) VALUES ('DE_GROUPS_INFO_BTN','2','GROUPS_INFO_BTN','ResourceEntity.displayNameMap','Group Info');
INSERT INTO LANGUAGE_MAPPING (ID, LANGUAGE_ID, REFERENCE_ID, REFERENCE_TYPE, TEXT_VALUE) VALUES ('ES_GROUPS_INFO_BTN','4','GROUPS_INFO_BTN','ResourceEntity.displayNameMap','Group Info');
INSERT INTO LANGUAGE_MAPPING (ID, LANGUAGE_ID, REFERENCE_ID, REFERENCE_TYPE, TEXT_VALUE) VALUES ('RU_GROUPS_INFO_BTN','8','GROUPS_INFO_BTN','ResourceEntity.displayNameMap','Group Info');
INSERT INTO LANGUAGE_MAPPING (ID, LANGUAGE_ID, REFERENCE_ID, REFERENCE_TYPE, TEXT_VALUE) VALUES ('JP_GROUPS_INFO_BTN','9','GROUPS_INFO_BTN','ResourceEntity.displayNameMap','Group Info');
INSERT INTO LANGUAGE_MAPPING (ID, LANGUAGE_ID, REFERENCE_ID, REFERENCE_TYPE, TEXT_VALUE) VALUES ('ZH_GROUPS_INFO_BTN','10','GROUPS_INFO_BTN','ResourceEntity.displayNameMap','Group Info');
INSERT INTO LANGUAGE_MAPPING (ID, LANGUAGE_ID, REFERENCE_ID, REFERENCE_TYPE, TEXT_VALUE) VALUES ('PT_GROUPS_INFO_BTN','11','GROUPS_INFO_BTN','ResourceEntity.displayNameMap','Group Info');

INSERT INTO LANGUAGE_MAPPING (ID, LANGUAGE_ID, REFERENCE_ID, REFERENCE_TYPE, TEXT_VALUE) VALUES ('EN_GROUPS_PROV_BTN','1','GROUPS_PROV_BTN','ResourceEntity.displayNameMap','Provision User By Group');
INSERT INTO LANGUAGE_MAPPING (ID, LANGUAGE_ID, REFERENCE_ID, REFERENCE_TYPE, TEXT_VALUE) VALUES ('DE_GROUPS_PROV_BTN','2','GROUPS_PROV_BTN','ResourceEntity.displayNameMap','Provision User By Group');
INSERT INTO LANGUAGE_MAPPING (ID, LANGUAGE_ID, REFERENCE_ID, REFERENCE_TYPE, TEXT_VALUE) VALUES ('ES_GROUPS_PROV_BTN','4','GROUPS_PROV_BTN','ResourceEntity.displayNameMap','Provision User By Group');
INSERT INTO LANGUAGE_MAPPING (ID, LANGUAGE_ID, REFERENCE_ID, REFERENCE_TYPE, TEXT_VALUE) VALUES ('RU_GROUPS_PROV_BTN','8','GROUPS_PROV_BTN','ResourceEntity.displayNameMap','Provision User By Group');
INSERT INTO LANGUAGE_MAPPING (ID, LANGUAGE_ID, REFERENCE_ID, REFERENCE_TYPE, TEXT_VALUE) VALUES ('JP_GROUPS_PROV_BTN','9','GROUPS_PROV_BTN','ResourceEntity.displayNameMap','Provision User By Group');
INSERT INTO LANGUAGE_MAPPING (ID, LANGUAGE_ID, REFERENCE_ID, REFERENCE_TYPE, TEXT_VALUE) VALUES ('ZH_GROUPS_PROV_BTN','10','GROUPS_PROV_BTN','ResourceEntity.displayNameMap','Provision User By Group');
INSERT INTO LANGUAGE_MAPPING (ID, LANGUAGE_ID, REFERENCE_ID, REFERENCE_TYPE, TEXT_VALUE) VALUES ('PT_GROUPS_PROV_BTN','11','GROUPS_PROV_BTN','ResourceEntity.displayNameMap','Provision User By Group');

INSERT INTO LANGUAGE_MAPPING (ID, LANGUAGE_ID, REFERENCE_ID, REFERENCE_TYPE, TEXT_VALUE) VALUES ('EN_GROUPS_DEPROV_BTN','1','GROUPS_DEPROV_BTN','ResourceEntity.displayNameMap','DeProvision User By Group');
INSERT INTO LANGUAGE_MAPPING (ID, LANGUAGE_ID, REFERENCE_ID, REFERENCE_TYPE, TEXT_VALUE) VALUES ('DE_GROUPS_DEPROV_BTN','2','GROUPS_DEPROV_BTN','ResourceEntity.displayNameMap','DeProvision User By Group');
INSERT INTO LANGUAGE_MAPPING (ID, LANGUAGE_ID, REFERENCE_ID, REFERENCE_TYPE, TEXT_VALUE) VALUES ('ES_GROUPS_DEPROV_BTN','4','GROUPS_DEPROV_BTN','ResourceEntity.displayNameMap','DeProvision User By Group');
INSERT INTO LANGUAGE_MAPPING (ID, LANGUAGE_ID, REFERENCE_ID, REFERENCE_TYPE, TEXT_VALUE) VALUES ('RU_GROUPS_DEPROV_BTN','8','GROUPS_DEPROV_BTN','ResourceEntity.displayNameMap','DeProvision User By Group');
INSERT INTO LANGUAGE_MAPPING (ID, LANGUAGE_ID, REFERENCE_ID, REFERENCE_TYPE, TEXT_VALUE) VALUES ('JP_GROUPS_DEPROV_BTN','9','GROUPS_DEPROV_BTN','ResourceEntity.displayNameMap','DeProvision User By Group');
INSERT INTO LANGUAGE_MAPPING (ID, LANGUAGE_ID, REFERENCE_ID, REFERENCE_TYPE, TEXT_VALUE) VALUES ('ZH_GROUPS_DEPROV_BTN','10','GROUPS_DEPROV_BTN','ResourceEntity.displayNameMap','DeProvision User By Group');
INSERT INTO LANGUAGE_MAPPING (ID, LANGUAGE_ID, REFERENCE_ID, REFERENCE_TYPE, TEXT_VALUE) VALUES ('PT_GROUPS_DEPROV_BTN','11','GROUPS_DEPROV_BTN','ResourceEntity.displayNameMap','DeProvision User By Group');


DELETE FROM res_to_res_membership WHERE MEMBER_RESOURCE_ID IN ('ENT_USR_RES_BTN_ROOT', 'RESOURCES_ADD_BTN', 'RESOURCES_EDT_BTN', 'RESOURCES_DEL_BTN', 'RESOURCES_INFO_BTN', 'RESOURCES_PROV_BTN', 'RESOURCES_DEPROV_BTN');
DELETE FROM res_to_res_membership WHERE RESOURCE_ID IN ('ENT_USR_RES_BTN_ROOT', 'RESOURCES_ADD_BTN', 'RESOURCES_EDT_BTN', 'RESOURCES_DEL_BTN', 'RESOURCES_INFO_BTN', 'RESOURCES_PROV_BTN', 'RESOURCES_DEPROV_BTN');
DELETE FROM RESOURCE_USER WHERE RESOURCE_ID IN ('ENT_USR_RES_BTN_ROOT', 'RESOURCES_ADD_BTN', 'RESOURCES_EDT_BTN', 'RESOURCES_DEL_BTN', 'RESOURCES_INFO_BTN', 'RESOURCES_PROV_BTN', 'RESOURCES_DEPROV_BTN');
DELETE FROM RESOURCE_ROLE WHERE RESOURCE_ID IN ('ENT_USR_RES_BTN_ROOT', 'RESOURCES_ADD_BTN', 'RESOURCES_EDT_BTN', 'RESOURCES_DEL_BTN', 'RESOURCES_INFO_BTN', 'RESOURCES_PROV_BTN', 'RESOURCES_DEPROV_BTN');
DELETE FROM RESOURCE_PROP WHERE RESOURCE_ID IN ('ENT_USR_RES_BTN_ROOT', 'RESOURCES_ADD_BTN', 'RESOURCES_EDT_BTN', 'RESOURCES_DEL_BTN', 'RESOURCES_INFO_BTN', 'RESOURCES_PROV_BTN', 'RESOURCES_DEPROV_BTN');
DELETE FROM RESOURCE_GROUP WHERE RESOURCE_ID IN ('ENT_USR_RES_BTN_ROOT', 'RESOURCES_ADD_BTN', 'RESOURCES_EDT_BTN', 'RESOURCES_DEL_BTN', 'RESOURCES_INFO_BTN', 'RESOURCES_PROV_BTN', 'RESOURCES_DEPROV_BTN');
DELETE FROM LANGUAGE_MAPPING WHERE REFERENCE_TYPE='ResourceEntity.displayNameMap' and REFERENCE_ID IN  ('ENT_USR_RES_BTN_ROOT', 'RESOURCES_ADD_BTN', 'RESOURCES_EDT_BTN', 'RESOURCES_DEL_BTN', 'RESOURCES_INFO_BTN', 'RESOURCES_PROV_BTN', 'RESOURCES_DEPROV_BTN');
DELETE FROM RES WHERE RESOURCE_ID IN ('ENT_USR_RES_BTN_ROOT', 'RESOURCES_ADD_BTN', 'RESOURCES_EDT_BTN', 'RESOURCES_DEL_BTN', 'RESOURCES_INFO_BTN', 'RESOURCES_PROV_BTN', 'RESOURCES_DEPROV_BTN');

INSERT INTO RES (RESOURCE_ID, RESOURCE_TYPE_ID, DESCRIPTION, NAME, COORELATED_NAME, URL, DISPLAY_ORDER, IS_PUBLIC) VALUES ('ENT_USR_RES_BTN_ROOT', 'MENU_ITEM', 'Root menu for UserRes Membership', 'ENT_USR_RES_BTN_ROOT', 'ENT_USR_RES_BTN_ROOT', null, 40, 'N');
INSERT INTO RESOURCE_PROP (RESOURCE_PROP_ID, RESOURCE_ID, NAME, ATTR_VALUE) VALUES ('ENT_USR_RES_BTN_ROOT_PUB', 'ENT_USR_RES_BTN_ROOT', 'MENU_IS_PUBLIC', 'false');
INSERT INTO RESOURCE_PROP (RESOURCE_PROP_ID, RESOURCE_ID, NAME, ATTR_VALUE) VALUES ('ENT_USR_RES_BTN_ROOT_DESC', 'ENT_USR_RES_BTN_ROOT', 'MENU_DISPLAY_NAME', 'Root menu for UserRes Membership');

INSERT INTO RES (RESOURCE_ID, RESOURCE_TYPE_ID, DESCRIPTION, NAME, COORELATED_NAME, URL, DISPLAY_ORDER, IS_PUBLIC) VALUES ('RESOURCES_ADD_BTN', 'MENU_ITEM', 'Add User To Resource', 'RESOURCES_ADD_BTN', 'RESOURCES_ADD_BTN', '/webconsole/addUserToResource.html', 41, 'N');
INSERT INTO RESOURCE_PROP (RESOURCE_PROP_ID, RESOURCE_ID, NAME, ATTR_VALUE) VALUES ('RESOURCES_ADD_BTN_PUB', 'RESOURCES_ADD_BTN', 'MENU_IS_PUBLIC', 'false');
INSERT INTO RESOURCE_PROP (RESOURCE_PROP_ID, RESOURCE_ID, NAME, ATTR_VALUE) VALUES ('RESOURCES_ADD_BTN_DESC', 'RESOURCES_ADD_BTN', 'MENU_DISPLAY_NAME', 'Add User To Resource');

INSERT INTO RES (RESOURCE_ID, RESOURCE_TYPE_ID, DESCRIPTION, NAME, COORELATED_NAME, URL, DISPLAY_ORDER, IS_PUBLIC) VALUES ('RESOURCES_EDT_BTN', 'MENU_ITEM', 'Edit Resource', 'RESOURCES_EDT_BTN', 'RESOURCES_EDT_BTN', null, 42, 'N');
INSERT INTO RESOURCE_PROP (RESOURCE_PROP_ID, RESOURCE_ID, NAME, ATTR_VALUE) VALUES ('RESOURCES_EDT_BTN_PUB', 'RESOURCES_EDT_BTN', 'MENU_IS_PUBLIC', 'false');
INSERT INTO RESOURCE_PROP (RESOURCE_PROP_ID, RESOURCE_ID, NAME, ATTR_VALUE) VALUES ('RESOURCES_EDT_BTN_DESC', 'RESOURCES_EDT_BTN', 'MENU_DISPLAY_NAME', 'Edit Resource');

INSERT INTO RES (RESOURCE_ID, RESOURCE_TYPE_ID, DESCRIPTION, NAME, COORELATED_NAME, URL, DISPLAY_ORDER, IS_PUBLIC) VALUES ('RESOURCES_DEL_BTN', 'MENU_ITEM', 'Delete User from Resource', 'RESOURCES_DEL_BTN', 'RESOURCES_DEL_BTN', '/webconsole/removeUserFromResource.html', 43, 'N');
INSERT INTO RESOURCE_PROP (RESOURCE_PROP_ID, RESOURCE_ID, NAME, ATTR_VALUE) VALUES ('RESOURCES_DEL_BTN_PUB', 'RESOURCES_DEL_BTN', 'MENU_IS_PUBLIC', 'false');
INSERT INTO RESOURCE_PROP (RESOURCE_PROP_ID, RESOURCE_ID, NAME, ATTR_VALUE) VALUES ('RESOURCES_DEL_BTN_DESC', 'RESOURCES_DEL_BTN', 'MENU_DISPLAY_NAME', 'Delete User from Resource');

INSERT INTO RES (RESOURCE_ID, RESOURCE_TYPE_ID, DESCRIPTION, NAME, COORELATED_NAME, URL, DISPLAY_ORDER, IS_PUBLIC) VALUES ('RESOURCES_INFO_BTN', 'MENU_ITEM', 'Resource Info', 'RESOURCES_INFO_BTN', 'RESOURCES_INFO_BTN', null, 44, 'N');
INSERT INTO RESOURCE_PROP (RESOURCE_PROP_ID, RESOURCE_ID, NAME, ATTR_VALUE) VALUES ('RESOURCES_INFO_BTN_PUB', 'RESOURCES_INFO_BTN', 'MENU_IS_PUBLIC', 'false');
INSERT INTO RESOURCE_PROP (RESOURCE_PROP_ID, RESOURCE_ID, NAME, ATTR_VALUE) VALUES ('RESOURCES_INFO_BTN_DESC', 'RESOURCES_INFO_BTN', 'MENU_DISPLAY_NAME', 'Resource Info');

INSERT INTO RES (RESOURCE_ID, RESOURCE_TYPE_ID, DESCRIPTION, NAME, COORELATED_NAME, URL, DISPLAY_ORDER, IS_PUBLIC) VALUES ('RESOURCES_PROV_BTN', 'MENU_ITEM', 'Provision User by Resource', 'RESOURCES_PROV_BTN', 'RESOURCES_PROV_BTN', '/webconsole/provisionUserByResource.html', 45, 'N');
INSERT INTO RESOURCE_PROP (RESOURCE_PROP_ID, RESOURCE_ID, NAME, ATTR_VALUE) VALUES ('RESOURCES_PROV_BTN_PUB', 'RESOURCES_PROV_BTN', 'MENU_IS_PUBLIC', 'false');
INSERT INTO RESOURCE_PROP (RESOURCE_PROP_ID, RESOURCE_ID, NAME, ATTR_VALUE) VALUES ('RESOURCES_PROV_BTN_DESC', 'RESOURCES_PROV_BTN', 'MENU_DISPLAY_NAME', 'Provision User by Resource');

INSERT INTO RES (RESOURCE_ID, RESOURCE_TYPE_ID, DESCRIPTION, NAME, COORELATED_NAME, URL, DISPLAY_ORDER, IS_PUBLIC) VALUES ('RESOURCES_DEPROV_BTN', 'MENU_ITEM', 'DeProvision User by Resource', 'RESOURCES_DEPROV_BTN', 'RESOURCES_DEPROV_BTN', '/webconsole/deprovisionUserByResource.html', 46, 'N');
INSERT INTO RESOURCE_PROP (RESOURCE_PROP_ID, RESOURCE_ID, NAME, ATTR_VALUE) VALUES ('RESOURCES_DEPROV_BTN_PUB', 'RESOURCES_DEPROV_BTN', 'MENU_IS_PUBLIC', 'false');
INSERT INTO RESOURCE_PROP (RESOURCE_PROP_ID, RESOURCE_ID, NAME, ATTR_VALUE) VALUES ('RESOURCES_DEPROV_BTN_DESC', 'RESOURCES_DEPROV_BTN', 'MENU_DISPLAY_NAME', 'DeProvision User by Resource');

INSERT INTO res_to_res_membership (RESOURCE_ID, MEMBER_RESOURCE_ID) VALUES('ENT_USR_RES_BTN_ROOT', 'RESOURCES_ADD_BTN');
INSERT INTO res_to_res_membership (RESOURCE_ID, MEMBER_RESOURCE_ID) VALUES('ENT_USR_RES_BTN_ROOT', 'RESOURCES_EDT_BTN');
INSERT INTO res_to_res_membership (RESOURCE_ID, MEMBER_RESOURCE_ID) VALUES('ENT_USR_RES_BTN_ROOT', 'RESOURCES_DEL_BTN');
INSERT INTO res_to_res_membership (RESOURCE_ID, MEMBER_RESOURCE_ID) VALUES('ENT_USR_RES_BTN_ROOT', 'RESOURCES_INFO_BTN');
INSERT INTO res_to_res_membership (RESOURCE_ID, MEMBER_RESOURCE_ID) VALUES('ENT_USR_RES_BTN_ROOT', 'RESOURCES_PROV_BTN');
INSERT INTO res_to_res_membership (RESOURCE_ID, MEMBER_RESOURCE_ID) VALUES('ENT_USR_RES_BTN_ROOT', 'RESOURCES_DEPROV_BTN');
INSERT INTO RESOURCE_ROLE (RESOURCE_ID, ROLE_ID) VALUES ('ENT_USR_RES_BTN_ROOT', '9');
INSERT INTO RESOURCE_ROLE (RESOURCE_ID, ROLE_ID) VALUES ('RESOURCES_ADD_BTN', '9');
INSERT INTO RESOURCE_ROLE (RESOURCE_ID, ROLE_ID) VALUES ('RESOURCES_EDT_BTN', '9');
INSERT INTO RESOURCE_ROLE (RESOURCE_ID, ROLE_ID) VALUES ('RESOURCES_DEL_BTN', '9');
INSERT INTO RESOURCE_ROLE (RESOURCE_ID, ROLE_ID) VALUES ('RESOURCES_INFO_BTN', '9');
INSERT INTO RESOURCE_ROLE (RESOURCE_ID, ROLE_ID) VALUES ('RESOURCES_PROV_BTN', '9');
INSERT INTO RESOURCE_ROLE (RESOURCE_ID, ROLE_ID) VALUES ('RESOURCES_DEPROV_BTN', '9');

INSERT INTO LANGUAGE_MAPPING (ID, LANGUAGE_ID, REFERENCE_ID, REFERENCE_TYPE, TEXT_VALUE) VALUES ('EN_ENT_USR_RES_BTN_ROOT','1','ENT_USR_RES_BTN_ROOT','ResourceEntity.displayNameMap','User Resource Membership Buttons');
INSERT INTO LANGUAGE_MAPPING (ID, LANGUAGE_ID, REFERENCE_ID, REFERENCE_TYPE, TEXT_VALUE) VALUES ('DE_ENT_USR_RES_BTN_ROOT','2','ENT_USR_RES_BTN_ROOT','ResourceEntity.displayNameMap','User Resource Membership Buttons');
INSERT INTO LANGUAGE_MAPPING (ID, LANGUAGE_ID, REFERENCE_ID, REFERENCE_TYPE, TEXT_VALUE) VALUES ('ES_ENT_USR_RES_BTN_ROOT','4','ENT_USR_RES_BTN_ROOT','ResourceEntity.displayNameMap','User Resource Membership Buttons');
INSERT INTO LANGUAGE_MAPPING (ID, LANGUAGE_ID, REFERENCE_ID, REFERENCE_TYPE, TEXT_VALUE) VALUES ('RU_ENT_USR_RES_BTN_ROOT','8','ENT_USR_RES_BTN_ROOT','ResourceEntity.displayNameMap','User Resource Membership Buttons');
INSERT INTO LANGUAGE_MAPPING (ID, LANGUAGE_ID, REFERENCE_ID, REFERENCE_TYPE, TEXT_VALUE) VALUES ('JP_ENT_USR_RES_BTN_ROOT','9','ENT_USR_RES_BTN_ROOT','ResourceEntity.displayNameMap','User Resource Membership Buttons');
INSERT INTO LANGUAGE_MAPPING (ID, LANGUAGE_ID, REFERENCE_ID, REFERENCE_TYPE, TEXT_VALUE) VALUES ('ZH_ENT_USR_RES_BTN_ROOT','10','ENT_USR_RES_BTN_ROOT','ResourceEntity.displayNameMap','User Resource Membership Buttons');
INSERT INTO LANGUAGE_MAPPING (ID, LANGUAGE_ID, REFERENCE_ID, REFERENCE_TYPE, TEXT_VALUE) VALUES ('PT_ENT_USR_RES_BTN_ROOT','11','ENT_USR_RES_BTN_ROOT','ResourceEntity.displayNameMap','User Resource Membership Buttons');

INSERT INTO LANGUAGE_MAPPING (ID, LANGUAGE_ID, REFERENCE_ID, REFERENCE_TYPE, TEXT_VALUE) VALUES ('EN_RESOURCES_ADD_BTN','1','RESOURCES_ADD_BTN','ResourceEntity.displayNameMap','Add Resource to User');
INSERT INTO LANGUAGE_MAPPING (ID, LANGUAGE_ID, REFERENCE_ID, REFERENCE_TYPE, TEXT_VALUE) VALUES ('DE_RESOURCES_ADD_BTN','2','RESOURCES_ADD_BTN','ResourceEntity.displayNameMap','Add Resource to User');
INSERT INTO LANGUAGE_MAPPING (ID, LANGUAGE_ID, REFERENCE_ID, REFERENCE_TYPE, TEXT_VALUE) VALUES ('ES_RESOURCES_ADD_BTN','4','RESOURCES_ADD_BTN','ResourceEntity.displayNameMap','Add Resource to User');
INSERT INTO LANGUAGE_MAPPING (ID, LANGUAGE_ID, REFERENCE_ID, REFERENCE_TYPE, TEXT_VALUE) VALUES ('RU_RESOURCES_ADD_BTN','8','RESOURCES_ADD_BTN','ResourceEntity.displayNameMap','Add Resource to User');
INSERT INTO LANGUAGE_MAPPING (ID, LANGUAGE_ID, REFERENCE_ID, REFERENCE_TYPE, TEXT_VALUE) VALUES ('JP_RESOURCES_ADD_BTN','9','RESOURCES_ADD_BTN','ResourceEntity.displayNameMap','Add Resource to User');
INSERT INTO LANGUAGE_MAPPING (ID, LANGUAGE_ID, REFERENCE_ID, REFERENCE_TYPE, TEXT_VALUE) VALUES ('ZH_RESOURCES_ADD_BTN','10','RESOURCES_ADD_BTN','ResourceEntity.displayNameMap','Add Resource to User');
INSERT INTO LANGUAGE_MAPPING (ID, LANGUAGE_ID, REFERENCE_ID, REFERENCE_TYPE, TEXT_VALUE) VALUES ('PT_RESOURCES_ADD_BTN','11','RESOURCES_ADD_BTN','ResourceEntity.displayNameMap','Add Resource to User');

INSERT INTO LANGUAGE_MAPPING (ID, LANGUAGE_ID, REFERENCE_ID, REFERENCE_TYPE, TEXT_VALUE) VALUES ('EN_RESOURCES_EDT_BTN','1','RESOURCES_EDT_BTN','ResourceEntity.displayNameMap','Edit Resource');
INSERT INTO LANGUAGE_MAPPING (ID, LANGUAGE_ID, REFERENCE_ID, REFERENCE_TYPE, TEXT_VALUE) VALUES ('DE_RESOURCES_EDT_BTN','2','RESOURCES_EDT_BTN','ResourceEntity.displayNameMap','Edit Resource');
INSERT INTO LANGUAGE_MAPPING (ID, LANGUAGE_ID, REFERENCE_ID, REFERENCE_TYPE, TEXT_VALUE) VALUES ('ES_RESOURCES_EDT_BTN','4','RESOURCES_EDT_BTN','ResourceEntity.displayNameMap','Edit Resource');
INSERT INTO LANGUAGE_MAPPING (ID, LANGUAGE_ID, REFERENCE_ID, REFERENCE_TYPE, TEXT_VALUE) VALUES ('RU_RESOURCES_EDT_BTN','8','RESOURCES_EDT_BTN','ResourceEntity.displayNameMap','Edit Resource');
INSERT INTO LANGUAGE_MAPPING (ID, LANGUAGE_ID, REFERENCE_ID, REFERENCE_TYPE, TEXT_VALUE) VALUES ('JP_RESOURCES_EDT_BTN','9','RESOURCES_EDT_BTN','ResourceEntity.displayNameMap','Edit Resource');
INSERT INTO LANGUAGE_MAPPING (ID, LANGUAGE_ID, REFERENCE_ID, REFERENCE_TYPE, TEXT_VALUE) VALUES ('ZH_RESOURCES_EDT_BTN','10','RESOURCES_EDT_BTN','ResourceEntity.displayNameMap','Edit Resource');
INSERT INTO LANGUAGE_MAPPING (ID, LANGUAGE_ID, REFERENCE_ID, REFERENCE_TYPE, TEXT_VALUE) VALUES ('PT_RESOURCES_EDT_BTN','11','RESOURCES_EDT_BTN','ResourceEntity.displayNameMap','Edit Resource');

INSERT INTO LANGUAGE_MAPPING (ID, LANGUAGE_ID, REFERENCE_ID, REFERENCE_TYPE, TEXT_VALUE) VALUES ('EN_RESOURCES_DEL_BTN','1','RESOURCES_DEL_BTN','ResourceEntity.displayNameMap','Remove Resource from User');
INSERT INTO LANGUAGE_MAPPING (ID, LANGUAGE_ID, REFERENCE_ID, REFERENCE_TYPE, TEXT_VALUE) VALUES ('DE_RESOURCES_DEL_BTN','2','RESOURCES_DEL_BTN','ResourceEntity.displayNameMap','Remove Resource from User');
INSERT INTO LANGUAGE_MAPPING (ID, LANGUAGE_ID, REFERENCE_ID, REFERENCE_TYPE, TEXT_VALUE) VALUES ('ES_RESOURCES_DEL_BTN','4','RESOURCES_DEL_BTN','ResourceEntity.displayNameMap','Remove Resource from User');
INSERT INTO LANGUAGE_MAPPING (ID, LANGUAGE_ID, REFERENCE_ID, REFERENCE_TYPE, TEXT_VALUE) VALUES ('RU_RESOURCES_DEL_BTN','8','RESOURCES_DEL_BTN','ResourceEntity.displayNameMap','Remove Resource from User');
INSERT INTO LANGUAGE_MAPPING (ID, LANGUAGE_ID, REFERENCE_ID, REFERENCE_TYPE, TEXT_VALUE) VALUES ('JP_RESOURCES_DEL_BTN','9','RESOURCES_DEL_BTN','ResourceEntity.displayNameMap','Remove Resource from User');
INSERT INTO LANGUAGE_MAPPING (ID, LANGUAGE_ID, REFERENCE_ID, REFERENCE_TYPE, TEXT_VALUE) VALUES ('ZH_RESOURCES_DEL_BTN','10','RESOURCES_DEL_BTN','ResourceEntity.displayNameMap','Remove Resource from User');
INSERT INTO LANGUAGE_MAPPING (ID, LANGUAGE_ID, REFERENCE_ID, REFERENCE_TYPE, TEXT_VALUE) VALUES ('PT_RESOURCES_DEL_BTN','11','RESOURCES_DEL_BTN','ResourceEntity.displayNameMap','Remove Resource from User');

INSERT INTO LANGUAGE_MAPPING (ID, LANGUAGE_ID, REFERENCE_ID, REFERENCE_TYPE, TEXT_VALUE) VALUES ('EN_RESOURCES_INFO_BTN','1','RESOURCES_INFO_BTN','ResourceEntity.displayNameMap','Resource Info');
INSERT INTO LANGUAGE_MAPPING (ID, LANGUAGE_ID, REFERENCE_ID, REFERENCE_TYPE, TEXT_VALUE) VALUES ('DE_RESOURCES_INFO_BTN','2','RESOURCES_INFO_BTN','ResourceEntity.displayNameMap','Resource Info');
INSERT INTO LANGUAGE_MAPPING (ID, LANGUAGE_ID, REFERENCE_ID, REFERENCE_TYPE, TEXT_VALUE) VALUES ('ES_RESOURCES_INFO_BTN','4','RESOURCES_INFO_BTN','ResourceEntity.displayNameMap','Resource Info');
INSERT INTO LANGUAGE_MAPPING (ID, LANGUAGE_ID, REFERENCE_ID, REFERENCE_TYPE, TEXT_VALUE) VALUES ('RU_RESOURCES_INFO_BTN','8','RESOURCES_INFO_BTN','ResourceEntity.displayNameMap','Resource Info');
INSERT INTO LANGUAGE_MAPPING (ID, LANGUAGE_ID, REFERENCE_ID, REFERENCE_TYPE, TEXT_VALUE) VALUES ('JP_RESOURCES_INFO_BTN','9','RESOURCES_INFO_BTN','ResourceEntity.displayNameMap','Resource Info');
INSERT INTO LANGUAGE_MAPPING (ID, LANGUAGE_ID, REFERENCE_ID, REFERENCE_TYPE, TEXT_VALUE) VALUES ('ZH_RESOURCES_INFO_BTN','10','RESOURCES_INFO_BTN','ResourceEntity.displayNameMap','Resource Info');
INSERT INTO LANGUAGE_MAPPING (ID, LANGUAGE_ID, REFERENCE_ID, REFERENCE_TYPE, TEXT_VALUE) VALUES ('PT_RESOURCES_INFO_BTN','11','RESOURCES_INFO_BTN','ResourceEntity.displayNameMap','Resource Info');

INSERT INTO LANGUAGE_MAPPING (ID, LANGUAGE_ID, REFERENCE_ID, REFERENCE_TYPE, TEXT_VALUE) VALUES ('EN_RESOURCES_PROV_BTN','1','RESOURCES_PROV_BTN','ResourceEntity.displayNameMap','Provision User By Resource');
INSERT INTO LANGUAGE_MAPPING (ID, LANGUAGE_ID, REFERENCE_ID, REFERENCE_TYPE, TEXT_VALUE) VALUES ('DE_RESOURCES_PROV_BTN','2','RESOURCES_PROV_BTN','ResourceEntity.displayNameMap','Provision User By Resource');
INSERT INTO LANGUAGE_MAPPING (ID, LANGUAGE_ID, REFERENCE_ID, REFERENCE_TYPE, TEXT_VALUE) VALUES ('ES_RESOURCES_PROV_BTN','4','RESOURCES_PROV_BTN','ResourceEntity.displayNameMap','Provision User By Resource');
INSERT INTO LANGUAGE_MAPPING (ID, LANGUAGE_ID, REFERENCE_ID, REFERENCE_TYPE, TEXT_VALUE) VALUES ('RU_RESOURCES_PROV_BTN','8','RESOURCES_PROV_BTN','ResourceEntity.displayNameMap','Provision User By Resource');
INSERT INTO LANGUAGE_MAPPING (ID, LANGUAGE_ID, REFERENCE_ID, REFERENCE_TYPE, TEXT_VALUE) VALUES ('JP_RESOURCES_PROV_BTN','9','RESOURCES_PROV_BTN','ResourceEntity.displayNameMap','Provision User By Resource');
INSERT INTO LANGUAGE_MAPPING (ID, LANGUAGE_ID, REFERENCE_ID, REFERENCE_TYPE, TEXT_VALUE) VALUES ('ZH_RESOURCES_PROV_BTN','10','RESOURCES_PROV_BTN','ResourceEntity.displayNameMap','Provision User By Resource');
INSERT INTO LANGUAGE_MAPPING (ID, LANGUAGE_ID, REFERENCE_ID, REFERENCE_TYPE, TEXT_VALUE) VALUES ('PT_RESOURCES_PROV_BTN','11','RESOURCES_PROV_BTN','ResourceEntity.displayNameMap','Provision User By Resource');

INSERT INTO LANGUAGE_MAPPING (ID, LANGUAGE_ID, REFERENCE_ID, REFERENCE_TYPE, TEXT_VALUE) VALUES ('EN_RESOURCES_DEPROV_BTN','1','RESOURCES_DEPROV_BTN','ResourceEntity.displayNameMap','DeProvision User By Resource');
INSERT INTO LANGUAGE_MAPPING (ID, LANGUAGE_ID, REFERENCE_ID, REFERENCE_TYPE, TEXT_VALUE) VALUES ('DE_RESOURCES_DEPROV_BTN','2','RESOURCES_DEPROV_BTN','ResourceEntity.displayNameMap','DeProvision User By Resource');
INSERT INTO LANGUAGE_MAPPING (ID, LANGUAGE_ID, REFERENCE_ID, REFERENCE_TYPE, TEXT_VALUE) VALUES ('ES_RESOURCES_DEPROV_BTN','4','RESOURCES_DEPROV_BTN','ResourceEntity.displayNameMap','DeProvision User By Resource');
INSERT INTO LANGUAGE_MAPPING (ID, LANGUAGE_ID, REFERENCE_ID, REFERENCE_TYPE, TEXT_VALUE) VALUES ('RU_RESOURCES_DEPROV_BTN','8','RESOURCES_DEPROV_BTN','ResourceEntity.displayNameMap','DeProvision User By Resource');
INSERT INTO LANGUAGE_MAPPING (ID, LANGUAGE_ID, REFERENCE_ID, REFERENCE_TYPE, TEXT_VALUE) VALUES ('JP_RESOURCES_DEPROV_BTN','9','RESOURCES_DEPROV_BTN','ResourceEntity.displayNameMap','DeProvision User By Resource');
INSERT INTO LANGUAGE_MAPPING (ID, LANGUAGE_ID, REFERENCE_ID, REFERENCE_TYPE, TEXT_VALUE) VALUES ('ZH_RESOURCES_DEPROV_BTN','10','RESOURCES_DEPROV_BTN','ResourceEntity.displayNameMap','DeProvision User By Resource');
INSERT INTO LANGUAGE_MAPPING (ID, LANGUAGE_ID, REFERENCE_ID, REFERENCE_TYPE, TEXT_VALUE) VALUES ('PT_RESOURCES_DEPROV_BTN','11','RESOURCES_DEPROV_BTN','ResourceEntity.displayNameMap','DeProvision User By Resource');


DELETE FROM res_to_res_membership WHERE MEMBER_RESOURCE_ID IN ('ENT_USR_ORG_BTN_ROOT', 'ORGANIZATIONS_ADD_BTN', 'ORGANIZATIONS_EDT_BTN', 'ORGANIZATIONS_DEL_BTN', 'ORGANIZATIONS_INFO_BTN', 'ORGANIZATIONS_PROV_BTN', 'ORGANIZATIONS_DEPROV_BTN');
DELETE FROM res_to_res_membership WHERE RESOURCE_ID IN ('ENT_USR_ORG_BTN_ROOT', 'ORGANIZATIONS_ADD_BTN', 'ORGANIZATIONS_EDT_BTN', 'ORGANIZATIONS_DEL_BTN', 'ORGANIZATIONS_INFO_BTN', 'ORGANIZATIONS_PROV_BTN', 'ORGANIZATIONS_DEPROV_BTN');
DELETE FROM RESOURCE_USER WHERE RESOURCE_ID IN ('ENT_USR_ORG_BTN_ROOT', 'ORGANIZATIONS_ADD_BTN', 'ORGANIZATIONS_EDT_BTN', 'ORGANIZATIONS_DEL_BTN', 'ORGANIZATIONS_INFO_BTN', 'ORGANIZATIONS_PROV_BTN', 'ORGANIZATIONS_DEPROV_BTN');
DELETE FROM RESOURCE_ROLE WHERE RESOURCE_ID IN ('ENT_USR_ORG_BTN_ROOT', 'ORGANIZATIONS_ADD_BTN', 'ORGANIZATIONS_EDT_BTN', 'ORGANIZATIONS_DEL_BTN', 'ORGANIZATIONS_INFO_BTN', 'ORGANIZATIONS_PROV_BTN', 'ORGANIZATIONS_DEPROV_BTN');
DELETE FROM RESOURCE_PROP WHERE RESOURCE_ID IN ('ENT_USR_ORG_BTN_ROOT', 'ORGANIZATIONS_ADD_BTN', 'ORGANIZATIONS_EDT_BTN', 'ORGANIZATIONS_DEL_BTN', 'ORGANIZATIONS_INFO_BTN', 'ORGANIZATIONS_PROV_BTN', 'ORGANIZATIONS_DEPROV_BTN');
DELETE FROM RESOURCE_GROUP WHERE RESOURCE_ID IN ('ENT_USR_ORG_BTN_ROOT', 'ORGANIZATIONS_ADD_BTN', 'ORGANIZATIONS_EDT_BTN', 'ORGANIZATIONS_DEL_BTN', 'ORGANIZATIONS_INFO_BTN', 'ORGANIZATIONS_PROV_BTN', 'ORGANIZATIONS_DEPROV_BTN');
DELETE FROM LANGUAGE_MAPPING WHERE REFERENCE_TYPE='ResourceEntity.displayNameMap' and REFERENCE_ID IN ('ENT_USR_ORG_BTN_ROOT', 'ORGANIZATIONS_ADD_BTN', 'ORGANIZATIONS_EDT_BTN', 'ORGANIZATIONS_DEL_BTN', 'ORGANIZATIONS_INFO_BTN', 'ORGANIZATIONS_PROV_BTN', 'ORGANIZATIONS_DEPROV_BTN');
DELETE FROM RES WHERE RESOURCE_ID IN ('ENT_USR_ORG_BTN_ROOT', 'ORGANIZATIONS_ADD_BTN', 'ORGANIZATIONS_EDT_BTN', 'ORGANIZATIONS_DEL_BTN', 'ORGANIZATIONS_INFO_BTN', 'ORGANIZATIONS_PROV_BTN', 'ORGANIZATIONS_DEPROV_BTN');

INSERT INTO RES (RESOURCE_ID, RESOURCE_TYPE_ID, DESCRIPTION, NAME, COORELATED_NAME, URL, DISPLAY_ORDER, IS_PUBLIC) VALUES ('ENT_USR_ORG_BTN_ROOT', 'MENU_ITEM', 'Root menu for UserOrg Membership', 'ENT_USR_ORG_BTN_ROOT', 'ENT_USR_ORG_BTN_ROOT', null, 50, 'N');
INSERT INTO RESOURCE_PROP (RESOURCE_PROP_ID, RESOURCE_ID, NAME, ATTR_VALUE) VALUES ('ENT_USR_ORG_BTN_ROOT_PUB', 'ENT_USR_ORG_BTN_ROOT', 'MENU_IS_PUBLIC', 'false');
INSERT INTO RESOURCE_PROP (RESOURCE_PROP_ID, RESOURCE_ID, NAME, ATTR_VALUE) VALUES ('ENT_USR_ORG_BTN_ROOT_DESC', 'ENT_USR_ORG_BTN_ROOT', 'MENU_DISPLAY_NAME', 'Root menu for UserOrg Membership');

INSERT INTO RES (RESOURCE_ID, RESOURCE_TYPE_ID, DESCRIPTION, NAME, COORELATED_NAME, URL, DISPLAY_ORDER, IS_PUBLIC) VALUES ('ORGANIZATIONS_ADD_BTN', 'MENU_ITEM', 'Add User To Organization', 'ORGANIZATIONS_ADD_BTN', 'ORGANIZATIONS_ADD_BTN', '/webconsole/addUserToOrganization.html', 51, 'N');
INSERT INTO RESOURCE_PROP (RESOURCE_PROP_ID, RESOURCE_ID, NAME, ATTR_VALUE) VALUES ('ORGANIZATIONS_ADD_BTN_PUB', 'ORGANIZATIONS_ADD_BTN', 'MENU_IS_PUBLIC', 'false');
INSERT INTO RESOURCE_PROP (RESOURCE_PROP_ID, RESOURCE_ID, NAME, ATTR_VALUE) VALUES ('ORGANIZATIONS_ADD_BTN_DESC', 'ORGANIZATIONS_ADD_BTN', 'MENU_DISPLAY_NAME', 'Add User To Organization');

INSERT INTO RES (RESOURCE_ID, RESOURCE_TYPE_ID, DESCRIPTION, NAME, COORELATED_NAME, URL, DISPLAY_ORDER, IS_PUBLIC) VALUES ('ORGANIZATIONS_EDT_BTN', 'MENU_ITEM', 'Edit Organization', 'ORGANIZATIONS_EDT_BTN', 'ORGANIZATIONS_EDT_BTN', null, 52, 'N');
INSERT INTO RESOURCE_PROP (RESOURCE_PROP_ID, RESOURCE_ID, NAME, ATTR_VALUE) VALUES ('ORGANIZATIONS_EDT_BTN_PUB', 'ORGANIZATIONS_EDT_BTN', 'MENU_IS_PUBLIC', 'false');
INSERT INTO RESOURCE_PROP (RESOURCE_PROP_ID, RESOURCE_ID, NAME, ATTR_VALUE) VALUES ('ORGANIZATIONS_EDT_BTN_DESC', 'ORGANIZATIONS_EDT_BTN', 'MENU_DISPLAY_NAME', 'Edit Organization');

INSERT INTO RES (RESOURCE_ID, RESOURCE_TYPE_ID, DESCRIPTION, NAME, COORELATED_NAME, URL, DISPLAY_ORDER, IS_PUBLIC) VALUES ('ORGANIZATIONS_DEL_BTN', 'MENU_ITEM', 'Delete User from Organization', 'ORGANIZATIONS_DEL_BTN', 'ORGANIZATIONS_DEL_BTN', '/webconsole/removeUserFromOrganization.html', 53, 'N');
INSERT INTO RESOURCE_PROP (RESOURCE_PROP_ID, RESOURCE_ID, NAME, ATTR_VALUE) VALUES ('ORGANIZATIONS_DEL_BTN_PUB', 'ORGANIZATIONS_DEL_BTN', 'MENU_IS_PUBLIC', 'false');
INSERT INTO RESOURCE_PROP (RESOURCE_PROP_ID, RESOURCE_ID, NAME, ATTR_VALUE) VALUES ('ORGANIZATIONS_DEL_BTN_DESC', 'ORGANIZATIONS_DEL_BTN', 'MENU_DISPLAY_NAME', 'Delete User from Organization');


INSERT INTO res_to_res_membership (RESOURCE_ID, MEMBER_RESOURCE_ID) VALUES('ENT_USR_ORG_BTN_ROOT', 'ORGANIZATIONS_ADD_BTN');
INSERT INTO res_to_res_membership (RESOURCE_ID, MEMBER_RESOURCE_ID) VALUES('ENT_USR_ORG_BTN_ROOT', 'ORGANIZATIONS_EDT_BTN');
INSERT INTO res_to_res_membership (RESOURCE_ID, MEMBER_RESOURCE_ID) VALUES('ENT_USR_ORG_BTN_ROOT', 'ORGANIZATIONS_DEL_BTN');

INSERT INTO RESOURCE_ROLE (RESOURCE_ID, ROLE_ID) VALUES ('ENT_USR_ORG_BTN_ROOT', '9');
INSERT INTO RESOURCE_ROLE (RESOURCE_ID, ROLE_ID) VALUES ('ORGANIZATIONS_ADD_BTN', '9');
INSERT INTO RESOURCE_ROLE (RESOURCE_ID, ROLE_ID) VALUES ('ORGANIZATIONS_EDT_BTN', '9');
INSERT INTO RESOURCE_ROLE (RESOURCE_ID, ROLE_ID) VALUES ('ORGANIZATIONS_DEL_BTN', '9');


INSERT INTO LANGUAGE_MAPPING (ID, LANGUAGE_ID, REFERENCE_ID, REFERENCE_TYPE, TEXT_VALUE) VALUES ('EN_ENT_USR_ORG_BTN_ROOT','1','ENT_USR_ORG_BTN_ROOT','ResourceEntity.displayNameMap','User Organization Membership Buttons');
INSERT INTO LANGUAGE_MAPPING (ID, LANGUAGE_ID, REFERENCE_ID, REFERENCE_TYPE, TEXT_VALUE) VALUES ('DE_ENT_USR_ORG_BTN_ROOT','2','ENT_USR_ORG_BTN_ROOT','ResourceEntity.displayNameMap','User Organization Membership Buttons');
INSERT INTO LANGUAGE_MAPPING (ID, LANGUAGE_ID, REFERENCE_ID, REFERENCE_TYPE, TEXT_VALUE) VALUES ('ES_ENT_USR_ORG_BTN_ROOT','4','ENT_USR_ORG_BTN_ROOT','ResourceEntity.displayNameMap','User Organization Membership Buttons');
INSERT INTO LANGUAGE_MAPPING (ID, LANGUAGE_ID, REFERENCE_ID, REFERENCE_TYPE, TEXT_VALUE) VALUES ('RU_ENT_USR_ORG_BTN_ROOT','8','ENT_USR_ORG_BTN_ROOT','ResourceEntity.displayNameMap','User Organization Membership Buttons');
INSERT INTO LANGUAGE_MAPPING (ID, LANGUAGE_ID, REFERENCE_ID, REFERENCE_TYPE, TEXT_VALUE) VALUES ('JP_ENT_USR_ORG_BTN_ROOT','9','ENT_USR_ORG_BTN_ROOT','ResourceEntity.displayNameMap','User Organization Membership Buttons');
INSERT INTO LANGUAGE_MAPPING (ID, LANGUAGE_ID, REFERENCE_ID, REFERENCE_TYPE, TEXT_VALUE) VALUES ('ZH_ENT_USR_ORG_BTN_ROOT','10','ENT_USR_ORG_BTN_ROOT','ResourceEntity.displayNameMap','User Organization Membership Buttons');
INSERT INTO LANGUAGE_MAPPING (ID, LANGUAGE_ID, REFERENCE_ID, REFERENCE_TYPE, TEXT_VALUE) VALUES ('PT_ENT_USR_ORG_BTN_ROOT','11','ENT_USR_ORG_BTN_ROOT','ResourceEntity.displayNameMap','User Organization Membership Buttons');

INSERT INTO LANGUAGE_MAPPING (ID, LANGUAGE_ID, REFERENCE_ID, REFERENCE_TYPE, TEXT_VALUE) VALUES ('EN_ORGANIZATIONS_ADD_BTN','1','ORGANIZATIONS_ADD_BTN','ResourceEntity.displayNameMap','Add Organization to User');
INSERT INTO LANGUAGE_MAPPING (ID, LANGUAGE_ID, REFERENCE_ID, REFERENCE_TYPE, TEXT_VALUE) VALUES ('DE_ORGANIZATIONS_ADD_BTN','2','ORGANIZATIONS_ADD_BTN','ResourceEntity.displayNameMap','Add Organization to User');
INSERT INTO LANGUAGE_MAPPING (ID, LANGUAGE_ID, REFERENCE_ID, REFERENCE_TYPE, TEXT_VALUE) VALUES ('ES_ORGANIZATIONS_ADD_BTN','4','ORGANIZATIONS_ADD_BTN','ResourceEntity.displayNameMap','Add Organization to User');
INSERT INTO LANGUAGE_MAPPING (ID, LANGUAGE_ID, REFERENCE_ID, REFERENCE_TYPE, TEXT_VALUE) VALUES ('RU_ORGANIZATIONS_ADD_BTN','8','ORGANIZATIONS_ADD_BTN','ResourceEntity.displayNameMap','Add Organization to User');
INSERT INTO LANGUAGE_MAPPING (ID, LANGUAGE_ID, REFERENCE_ID, REFERENCE_TYPE, TEXT_VALUE) VALUES ('JP_ORGANIZATIONS_ADD_BTN','9','ORGANIZATIONS_ADD_BTN','ResourceEntity.displayNameMap','Add Organization to User');
INSERT INTO LANGUAGE_MAPPING (ID, LANGUAGE_ID, REFERENCE_ID, REFERENCE_TYPE, TEXT_VALUE) VALUES ('ZH_ORGANIZATIONS_ADD_BTN','10','ORGANIZATIONS_ADD_BTN','ResourceEntity.displayNameMap','Add Organization to User');
INSERT INTO LANGUAGE_MAPPING (ID, LANGUAGE_ID, REFERENCE_ID, REFERENCE_TYPE, TEXT_VALUE) VALUES ('PT_ORGANIZATIONS_ADD_BTN','11','ORGANIZATIONS_ADD_BTN','ResourceEntity.displayNameMap','Add Organization to User');

INSERT INTO LANGUAGE_MAPPING (ID, LANGUAGE_ID, REFERENCE_ID, REFERENCE_TYPE, TEXT_VALUE) VALUES ('EN_ORGANIZATIONS_EDT_BTN','1','ORGANIZATIONS_EDT_BTN','ResourceEntity.displayNameMap','Edit Organization');
INSERT INTO LANGUAGE_MAPPING (ID, LANGUAGE_ID, REFERENCE_ID, REFERENCE_TYPE, TEXT_VALUE) VALUES ('DE_ORGANIZATIONS_EDT_BTN','2','ORGANIZATIONS_EDT_BTN','ResourceEntity.displayNameMap','Edit Organization');
INSERT INTO LANGUAGE_MAPPING (ID, LANGUAGE_ID, REFERENCE_ID, REFERENCE_TYPE, TEXT_VALUE) VALUES ('ES_ORGANIZATIONS_EDT_BTN','4','ORGANIZATIONS_EDT_BTN','ResourceEntity.displayNameMap','Edit Organization');
INSERT INTO LANGUAGE_MAPPING (ID, LANGUAGE_ID, REFERENCE_ID, REFERENCE_TYPE, TEXT_VALUE) VALUES ('RU_ORGANIZATIONS_EDT_BTN','8','ORGANIZATIONS_EDT_BTN','ResourceEntity.displayNameMap','Edit Organization');
INSERT INTO LANGUAGE_MAPPING (ID, LANGUAGE_ID, REFERENCE_ID, REFERENCE_TYPE, TEXT_VALUE) VALUES ('JP_ORGANIZATIONS_EDT_BTN','9','ORGANIZATIONS_EDT_BTN','ResourceEntity.displayNameMap','Edit Organization');
INSERT INTO LANGUAGE_MAPPING (ID, LANGUAGE_ID, REFERENCE_ID, REFERENCE_TYPE, TEXT_VALUE) VALUES ('ZH_ORGANIZATIONS_EDT_BTN','10','ORGANIZATIONS_EDT_BTN','ResourceEntity.displayNameMap','Edit Organization');
INSERT INTO LANGUAGE_MAPPING (ID, LANGUAGE_ID, REFERENCE_ID, REFERENCE_TYPE, TEXT_VALUE) VALUES ('PT_ORGANIZATIONS_EDT_BTN','11','ORGANIZATIONS_EDT_BTN','ResourceEntity.displayNameMap','Edit Organization');

INSERT INTO LANGUAGE_MAPPING (ID, LANGUAGE_ID, REFERENCE_ID, REFERENCE_TYPE, TEXT_VALUE) VALUES ('EN_ORGANIZATIONS_DEL_BTN','1','ORGANIZATIONS_DEL_BTN','ResourceEntity.displayNameMap','Remove Organization from User');
INSERT INTO LANGUAGE_MAPPING (ID, LANGUAGE_ID, REFERENCE_ID, REFERENCE_TYPE, TEXT_VALUE) VALUES ('DE_ORGANIZATIONS_DEL_BTN','2','ORGANIZATIONS_DEL_BTN','ResourceEntity.displayNameMap','Remove Organization from User');
INSERT INTO LANGUAGE_MAPPING (ID, LANGUAGE_ID, REFERENCE_ID, REFERENCE_TYPE, TEXT_VALUE) VALUES ('ES_ORGANIZATIONS_DEL_BTN','4','ORGANIZATIONS_DEL_BTN','ResourceEntity.displayNameMap','Remove Organization from User');
INSERT INTO LANGUAGE_MAPPING (ID, LANGUAGE_ID, REFERENCE_ID, REFERENCE_TYPE, TEXT_VALUE) VALUES ('RU_ORGANIZATIONS_DEL_BTN','8','ORGANIZATIONS_DEL_BTN','ResourceEntity.displayNameMap','Remove Organization from User');
INSERT INTO LANGUAGE_MAPPING (ID, LANGUAGE_ID, REFERENCE_ID, REFERENCE_TYPE, TEXT_VALUE) VALUES ('JP_ORGANIZATIONS_DEL_BTN','9','ORGANIZATIONS_DEL_BTN','ResourceEntity.displayNameMap','Remove Organization from User');
INSERT INTO LANGUAGE_MAPPING (ID, LANGUAGE_ID, REFERENCE_ID, REFERENCE_TYPE, TEXT_VALUE) VALUES ('ZH_ORGANIZATIONS_DEL_BTN','10','ORGANIZATIONS_DEL_BTN','ResourceEntity.displayNameMap','Remove Organization from User');
INSERT INTO LANGUAGE_MAPPING (ID, LANGUAGE_ID, REFERENCE_ID, REFERENCE_TYPE, TEXT_VALUE) VALUES ('PT_ORGANIZATIONS_DEL_BTN','11','ORGANIZATIONS_DEL_BTN','ResourceEntity.displayNameMap','Remove Organization from User');
